CUSEC;numero_bienes;superficie_media;antiguedad_media;dispersion_antiguedad;dispersion_superficie;viviendas_pre2000;viviendas_reformadas_2000;pct_reformado_2000;Seccion_id
0500101001;260;232,915;1958;0,020;0,640;225;7;3,110;1
0500201001;2308;148,670;1987;0,010;0,550;1545;9;0,580;2
0500201002;2234;137,800;1985;0,010;0,590;1624;7;0,430;3
0500501001;158;251,241;1974;0,020;0,660;143;17;11,890;4
0500701001;159;191,321;1976;0,020;0,510;136;26;19,120;5
0500801001;152;265,704;1953;0,020;0,630;138;18;13,040;6
0501001001;288;169,167;1973;0,020;0,480;248;25;10,080;7
0501201001;201;160,881;1981;0,020;0,520;175;17;9,710;8
0501301001;1234;167,006;1980;0,010;0,630;968;49;5,060;9
0501401001;1584;131,687;1984;0,010;0,670;1228;28;2,280;3527
0501401002;635;135,698;1975;0,020;0,730;561;19;3,390;3528
0501402001;806;147,330;1974;0,020;0,690;604;21;3,480;10
0501402002;1889;142,255;1988;0,010;0,590;1134;19;1,680;11
0501403001;1788;165,937;1990;0,020;0,750;1150;37;3,220;12
0501501001;156;147,090;1979;0,020;0,620;110;10;9,090;13
0501601001;680;148,944;1974;0,020;0,750;518;115;22,200;14
0501602001;1329;139,600;1985;0,010;0,710;774;43;5,560;15
0501602002;600;110,047;1982;0,010;0,290;558;0;0,000;16
0501602003;885;127,145;1986;0,010;0,430;727;20;2,750;17
0501602004;616;147,167;1991;0,010;0,550;379;1;0,260;18
0501602005;816;187,477;1999;0,010;0,610;265;4;1,510;19
0501701001;115;244,487;1965;0,020;0,660;105;33;31,430;20
0501801001;111;142,333;1979;0,020;0,450;85;39;45,880;21
0501901001;945;131,870;1974;0,020;0,890;827;57;6,890;22
0501901002;991;149,018;1982;0,020;0,650;811;17;2,100;23
0501902001;1169;141,849;1986;0,010;0,670;944;27;2,860;24
0501902002;734;130,308;1973;0,000;0,330;725;1;0,140;25
0501903001;785;169,306;1982;0,010;0,490;732;8;1,090;26
0501903002;735;221,113;1992;0,010;0,390;434;12;2,760;27
0501904001;1027;125,734;1986;0,020;0,610;594;15;2,530;28
0501904002;929;119,102;1982;0,010;0,670;795;17;2,140;29
0501904003;592;106,926;1983;0,000;0,240;592;0;0,000;30
0501904004;650;94,963;1976;0,010;0,230;622;3;0,480;31
0501904005;671;93,060;1977;0,000;0,200;653;0;0,000;32
0501904006;861;103,113;1980;0,010;0,400;828;9;1,090;33
0501904008;1106;143,835;1996;0,010;0,380;528;0;0,000;34
0501904009;692;116,981;1988;0,000;0,190;692;0;0,000;35
0501904010;459;104,331;1992;0,000;0,240;459;0;0,000;36
0501904011;1326;122,825;2002;0,000;0,220;573;0;0,000;37
0501904012;985;147,472;2008;0,000;0,440;2;0;0,000;38
0501904013;445;160,939;2005;0,000;0,510;8;0;0,000;39
0501904014;996;120,308;2005;0,000;0,240;259;0;0,000;40
0501905001;939;103,431;1981;0,010;0,330;872;0;0,000;41
0501905002;1006;119,877;1980;0,010;0,440;884;6;0,680;42
0501905003;764;111,429;1980;0,010;0,490;694;4;0,580;43
0501905004;1282;112,257;1992;0,010;0,310;438;10;2,280;44
0501905005;902;111,939;1988;0,010;0,320;586;3;0,510;45
0501905006;1844;107,305;2006;0,000;0,250;0;0;;46
0501906001;587;126,613;1979;0,010;0,410;548;0;0,000;47
0501906002;1899;100,037;1977;0,010;0,460;1456;14;0,960;48
0501906003;828;198,356;2008;0,000;0,340;3;0;0,000;49
0501906004;616;87,198;1967;0,010;0,310;609;3;0,490;50
0501906005;829;84,762;1970;0,010;0,350;820;3;0,370;51
0501906006;1151;100,500;1966;0,010;0,370;1141;2;0,180;3497
0501906008;618;105,215;1979;0,010;0,360;618;0;0,000;52
0501906009;494;130,294;1974;0,010;0,390;494;0;0,000;53
0501906010;548;125,865;1985;0,000;0,310;548;1;0,180;54
0501906011;755;266,799;1992;0,020;0,540;352;26;7,390;55
0501906012;924;178,894;2003;0,000;0,320;139;0;0,000;56
0501906013;1567;147,830;2003;0,010;0,450;81;6;7,410;57
0501906014;606;186,474;1999;0,000;0,550;247;0;0,000;58
0502101001;1406;155,930;1979;0,020;0,740;1073;64;5,960;59
0502101002;985;126,425;1988;0,010;0,710;673;3;0,450;60
0502201001;908;165,181;1983;0,010;0,590;726;21;2,890;61
0502201002;1405;153,547;1981;0,010;0,640;1147;53;4,620;62
0502301001;136;239,272;1965;0,010;0,700;120;39;32,500;63
0502401001;606;172,597;1974;0,020;0,560;542;68;12,550;64
0502501001;184;164,505;1987;0,020;0,620;164;17;10,370;65
0502601001;143;217,804;1953;0,020;0,670;137;31;22,630;66
0502701001;264;236,284;1973;0,020;0,600;202;72;35,640;67
0502901001;101;270,931;1957;0,020;0,600;98;28;28,570;68
0503001001;85;193,024;1971;0,010;0,650;66;17;25,760;69
0503301001;184;233,136;1970;0,020;0,660;164;46;28,050;70
0503401001;20;186,400;1979;0,020;0,510;16;4;25,000;71
0503501001;244;201,455;1970;0,010;0,600;219;50;22,830;72
0503601001;144;253,951;1962;0,010;0,540;132;9;6,820;73
0503701001;737;160,052;1979;0,010;0,550;597;39;6,530;74
0503801001;347;167,744;1983;0,020;0,600;295;46;15,590;75
0503901001;73;198,260;1984;0,020;0,710;55;13;23,640;76
0504001001;106;212,943;1937;0,020;0,720;94;22;23,400;77
0504101001;1651;153,861;1982;0,010;0,600;1236;55;4,450;78
0504201001;115;241,487;1964;0,010;0,620;102;21;20,590;79
0504301001;97;258,062;1962;0,020;0,640;89;29;32,580;80
0504401001;471;191,616;1966;0,010;0,640;435;61;14,020;81
0504501001;90;241,456;1972;0,020;0,500;66;15;22,730;82
0504601001;30;322,800;1959;0,020;0,490;25;6;24,000;83
0504701001;1141;135,340;1968;0,020;0,630;886;33;3,720;84
0504703001;1639;150,137;1986;0,020;0,770;951;50;5,260;85
0504703002;2272;146,861;1988;0,010;0,710;1455;53;3,640;86
0504703003;608;131,002;1982;0,010;0,730;446;15;3,360;87
0504801001;111;253,748;1962;0,010;0,690;104;22;21,150;88
0504901001;399;232,514;1965;0,020;0,500;313;31;9,900;89
0505101001;305;167,485;1970;0,010;0,580;248;55;22,180;90
0505201001;169;190,538;1974;0,020;0,570;133;36;27,070;91
0505301001;172;117,826;1938;0,030;0,530;132;17;12,880;92
0505401001;2265;145,229;1980;0,010;0,570;1829;84;4,590;93
0505501001;1057;133,833;1969;0,010;0,590;980;36;3,670;94
0505601001;77;247,026;1943;0,010;0,620;74;8;10,810;95
0505701001;553;155,067;1972;0,020;0,600;456;12;2,630;96
0505702001;925;139,703;1959;0,020;0,610;748;45;6,020;97
0505702002;1220;188,786;1985;0,010;0,590;925;7;0,760;98
0505801001;187;152,647;1977;0,020;0,620;169;35;20,710;99
0505901001;132;217,523;1947;0,020;0,570;109;34;31,190;100
0506001001;80;269,888;1968;0,020;0,600;76;19;25,000;101
0506101001;327;183,719;1989;0,020;0,520;182;9;4,950;102
0506201001;165;270,855;1971;0,020;0,570;149;44;29,530;103
0506301001;68;156,044;1970;0,020;0,500;56;14;25,000;104
0506401001;79;273,823;1961;0,020;0,550;76;20;26,320;105
0506501001;384;266,464;1960;0,010;0,670;349;70;20,060;106
0506601001;732;159,747;1983;0,010;0,570;606;41;6,770;107
0506701001;124;175,113;1962;0,020;0,500;101;4;3,960;108
0506901001;50;301,740;1960;0,010;0,510;49;5;10,200;109
0507001001;28;256,750;1928;0,010;0,620;28;10;35,710;110
0507201001;70;276,829;1958;0,020;0,540;57;8;14,040;111
0507301001;314;248,535;1954;0,020;0,710;283;70;24,730;112
0507401001;584;177,080;1974;0,020;0,750;433;97;22,400;113
0507501001;191;156,791;1974;0,020;0,600;138;9;6,520;114
0507601001;427;188,000;1991;0,020;0,590;266;16;6,020;115
0507701001;116;241,362;1962;0,020;0,560;106;33;31,130;116
0507801001;120;298,133;1971;0,020;0,670;109;33;30,280;117
0507901001;209;151,794;1953;0,020;0,480;189;40;21,160;118
0508001001;164;194,037;1955;0,020;0,670;147;18;12,240;119
0508101001;68;161,412;1980;0,020;0,490;62;8;12,900;120
0508201001;845;170,760;1974;0,010;0,630;704;35;4,970;121
0508301001;179;169,726;1976;0,020;0,510;139;6;4,320;122
0508401001;199;150,704;1983;0,020;0,480;176;33;18,750;123
0508501001;93;150,667;1950;0,020;0,580;81;28;34,570;124
0508601001;94;259,617;1987;0,020;0,670;81;29;35,800;125
0508701001;121;274,669;1963;0,010;0,560;104;21;20,190;126
0508801001;56;214,179;1962;0,020;0,600;50;17;34,000;127
0508901001;643;131,079;1973;0,020;0,660;560;46;8,210;128
0509001001;101;276,921;1959;0,020;0,620;85;25;29,410;129
0509201001;153;259,608;1975;0,010;0,520;120;38;31,670;130
0509301001;1481;124,974;1978;0,010;0,500;1195;30;2,510;131
0509401001;170;233,782;1967;0,020;0,630;157;32;20,380;132
0509501001;528;164,850;1986;0,020;0,690;402;52;12,940;133
0509601001;164;120,848;1979;0,020;0,530;150;12;8,000;134
0509701001;721;176,816;1963;0,020;0,560;630;120;19,050;135
0509901001;420;212,479;1972;0,020;0,570;347;51;14,700;136
0510001001;419;150,415;1977;0,020;0,600;341;31;9,090;137
0510101001;515;166,101;1978;0,020;0,530;419;46;10,980;138
0510201001;862;148,419;1982;0,020;0,620;724;39;5,390;139
0510201002;1442;149,180;1977;0,010;0,580;1291;51;3,950;140
0510301001;145;191,462;1970;0,020;0,530;113;7;6,190;141
0510401001;53;145,245;1979;0,020;0,530;36;11;30,560;142
0510501001;434;203,339;1985;0,020;0,570;278;53;19,060;143
0510601001;62;145,274;1988;0,020;0,420;53;5;9,430;144
0510701001;158;155,595;1959;0,020;0,530;144;18;12,500;145
0510801001;171;155,895;1958;0,020;0,530;149;0;0,000;146
0510901001;296;220,054;1979;0,020;0,600;249;28;11,240;147
0511001001;1048;143,411;1981;0,020;0,620;819;44;5,370;148
0511201001;292;155,610;1961;0,020;0,500;225;64;28,440;149
0511301001;238;151,660;1961;0,020;0,520;196;28;14,290;150
0511401001;523;201,811;1963;0,020;0,710;474;46;9,700;151
0511402001;495;176,893;1965;0,020;0,770;451;29;6,430;152
0511501001;2611;134,156;1981;0,010;0,590;1965;84;4,270;153
0511601001;163;186,577;1973;0,020;0,590;134;8;5,970;154
0511701001;170;238,165;1966;0,020;0,720;142;36;25,350;155
0511801001;158;197,196;1967;0,020;0,730;143;38;26,570;156
0511901001;107;158,252;1972;0,020;0,550;102;12;11,760;157
0512001001;59;137,966;1925;0,030;0,480;44;6;13,640;158
0512101001;241;206,697;1968;0,030;0,730;150;13;8,670;159
0512201001;271;144,166;1979;0,020;0,660;227;38;16,740;160
0512301001;142;135,725;1972;0,020;0,550;96;11;11,460;161
0512401001;353;197,544;1974;0,020;0,530;299;13;4,350;162
0512501001;95;161,442;1979;0,020;0,650;82;11;13,410;163
0512601001;158;183,810;1977;0,020;0,520;132;33;25,000;164
0512701001;1131;159,831;1979;0,010;0,630;923;40;4,330;165
0512801001;462;172,708;1972;0,020;0,650;385;26;6,750;166
0512901001;192;190,000;1973;0,020;0,620;169;39;23,080;167
0513001001;168;138,375;1991;0,020;0,550;109;23;21,100;168
0513101001;234;209,162;1958;0,020;0,510;200;40;20,000;169
0513201001;1246;163,095;1979;0,020;0,720;997;108;10,830;170
0513301001;117;205,034;1967;0,010;0,590;100;29;29,000;171
0513401001;73;202,616;1971;0,020;0,560;54;22;40,740;172
0513501001;536;148,187;1981;0,020;0,620;390;42;10,770;173
0513601001;202;198,421;1968;0,020;0,480;173;50;28,900;174
0513801001;309;196,029;1969;0,010;0,550;260;37;14,230;175
0513901001;88;265,398;1956;0,020;0,600;80;6;7,500;176
0514001001;52;291,865;1971;0,020;0,610;46;4;8,700;177
0514101001;92;162,413;1975;0,020;0,640;63;2;3,170;178
0514201001;120;255,075;1969;0,020;0,540;106;15;14,150;179
0514301001;193;132,943;1976;0,020;0,500;173;12;6,940;180
0514401001;217;165,005;1977;0,020;0,680;180;42;23,330;181
0514501001;112;141,268;1928;0,030;0,440;96;23;23,960;182
0514701001;190;216,863;1963;0,020;0,620;167;24;14,370;183
0514801001;169;130,592;1979;0,020;0,520;151;23;15,230;184
0514901001;114;228,544;1968;0,020;0,650;106;13;12,260;185
0515101001;203;173,665;1987;0,020;0,680;162;31;19,140;186
0515201001;495;284,160;1964;0,010;0,560;436;36;8,260;187
0515301001;313;150,569;1982;0,020;0,490;264;51;19,320;188
0515401001;98;207,378;1988;0,020;0,670;83;23;27,710;189
0515501001;134;173,649;1998;0,030;0,560;95;21;22,110;190
0515601001;769;140,347;1982;0,010;0,430;586;20;3,410;191
0515701001;665;150,310;1981;0,010;0,540;577;62;10,750;192
0515801001;816;157,658;1977;0,020;0,590;679;38;5,600;193
0515901001;354;140,576;1985;0,020;0,590;288;76;26,390;194
0516001001;579;157,254;1947;0,040;0,670;488;18;3,690;195
0516101001;1608;136,305;1972;0,010;0,610;1392;12;0,860;196
0516201001;259;141,656;1973;0,020;0,680;212;22;10,380;197
0516301001;1756;143,777;1987;0,010;0,610;1275;104;8,160;198
0516301002;2192;160,551;1989;0,010;0,650;1480;67;4,530;199
0516401001;105;147,029;1988;0,020;0,410;83;11;13,250;200
0516501001;665;189,618;1985;0,020;0,610;416;51;12,260;201
0516601001;454;147,489;1983;0,020;0,570;368;55;14,950;202
0516701001;612;168,613;1985;0,020;0,580;463;18;3,890;203
0516801001;683;137,786;1975;0,020;0,660;514;23;4,470;204
0516801002;817;119,834;1987;0,010;0,730;477;10;2,100;205
0516802001;1509;177,810;1985;0,010;0,650;1058;55;5,200;206
0516802002;1064;166,224;1978;0,010;0,670;832;36;4,330;207
0516901001;493;146,970;1969;0,020;0,570;423;42;9,930;208
0517001001;241;151,266;1988;0,030;0,510;178;58;32,580;209
0517101001;143;154,657;1965;0,010;0,590;123;26;21,140;210
0517201001;184;198,299;1979;0,010;0,580;137;4;2,920;211
0517301001;142;147,204;1983;0,020;0,560;83;14;16,870;212
0517401001;84;333,821;1961;0,010;0,600;77;15;19,480;213
0517501001;160;223,144;1978;0,010;0,510;132;43;32,580;214
0517601001;312;162,099;1978;0,020;0,540;199;32;16,080;215
0517701001;188;223,580;1971;0,010;0,620;169;49;28,990;216
0517801001;314;290,745;1962;0,020;0,650;262;38;14,500;217
0517901001;233;208,738;1979;0,020;0,650;203;31;15,270;218
0518001001;76;244,000;1982;0,020;0,660;69;16;23,190;219
0518101001;185;196,362;1973;0,020;0,500;158;34;21,520;220
0518201001;1477;147,393;1976;0,020;0,600;1336;133;9,960;221
0518301001;160;198,819;1963;0,010;0,610;135;43;31,850;222
0518401001;768;138,562;1979;0,020;0,570;574;25;4,360;223
0518501001;228;191,636;1981;0,020;0,480;152;28;18,420;224
0518601001;2066;149,087;1980;0,020;0,680;1598;159;9,950;225
0518701001;1228;140,923;1982;0,020;0,610;955;22;2,300;226
0518702001;1394;143,776;1979;0,020;0,690;1115;24;2,150;227
0518801001;87;130,069;1971;0,020;0,460;83;11;13,250;228
0518901001;807;160,874;1979;0,020;0,670;638;59;9,250;229
0519001001;74;233,932;1948;0,020;0,570;66;1;1,520;230
0519101001;254;134,539;1983;0,020;0,460;204;26;12,750;231
0519201001;310;140,952;1958;0,020;0,560;262;57;21,760;232
0519301001;285;224,632;1967;0,010;0,760;262;99;37,790;233
0519401001;136;247,235;1971;0,020;0,630;109;5;4,590;234
0519501001;360;132,692;1970;0,020;0,600;291;33;11,340;235
0519601001;68;230,706;1970;0,020;0,990;62;10;16,130;236
0519701001;84;183,774;1955;0,030;0,630;66;6;9,090;237
0519801001;121;219,521;1976;0,020;0,770;118;51;43,220;238
0519901001;151;176,695;1971;0,020;0,490;117;15;12,820;239
0520001001;97;174,186;1950;0,020;0,560;75;18;24,000;240
0520101001;780;150,342;1970;0,020;0,630;662;20;3,020;241
0520401001;676;159,169;1971;0,010;0,730;552;34;6,160;242
0520501001;107;204,421;1943;0,030;0,720;85;2;2,350;243
0520601001;72;139,333;1969;0,020;0,480;59;11;18,640;244
0520701001;966;158,548;1983;0,020;0,630;774;58;7,490;245
0520801001;60;249,717;1962;0,020;0,660;54;8;14,810;246
0520901001;162;200,438;1965;0,010;0,550;145;32;22,070;247
0521001001;116;247,672;1971;0,020;0,680;103;20;19,420;248
0521101001;714;149,817;1972;0,020;0,660;606;87;14,360;249
0521201001;506;148,289;1983;0,020;0,590;414;23;5,560;250
0521301001;205;180,015;1965;0,010;0,590;173;11;6,360;251
0521401001;158;143,190;1973;0,020;0,560;97;27;27,840;252
0521501001;298;168,513;1984;0,020;0,540;221;38;17,190;253
0521601001;332;158,229;1981;0,020;0,600;260;27;10,380;254
0521701001;159;179,541;1987;0,020;0,680;129;15;11,630;255
0521801001;310;207,577;1972;0,020;0,590;267;55;20,600;256
0521901001;62;280,871;1968;0,010;0,600;51;21;41,180;257
0522001001;385;175,374;1979;0,020;0,650;279;31;11,110;258
0522101001;552;153,683;1974;0,010;0,620;497;30;6,040;259
0522201001;474;158,040;1984;0,020;0,630;342;8;2,340;260
0522401001;103;162,223;1948;0,030;0,470;87;3;3,450;261
0522501001;495;191,109;1967;0,020;0,610;421;60;14,250;262
0522601001;214;139,799;1957;0,020;0,540;176;45;25,570;263
0522701001;1277;145,866;1979;0,010;0,560;1124;14;1,250;264
0522801001;240;160,429;1978;0,020;0,550;216;20;9,260;265
0522901001;110;224,464;1962;0,020;0,460;95;20;21,050;266
0523001001;89;272,404;1957;0,010;0,600;77;16;20,780;267
0523101001;146;239,315;1967;0,020;0,580;107;30;28,040;268
0523201001;160;141,450;1986;0,020;0,630;116;14;12,070;269
0523301001;612;145,794;1976;0,010;0,570;514;24;4,670;270
0523401001;40;272,200;1962;0,020;0,570;38;4;10,530;271
0523501001;121;278,959;1946;0,020;0,550;105;34;32,380;272
0523601001;594;138,067;1986;0,020;0,610;488;127;26,020;273
0523701001;247;192,352;1968;0,020;0,480;218;37;16,970;274
0523801001;974;143,864;1976;0,020;0,560;796;80;10,050;275
0523901001;368;159,212;1986;0,020;0,630;285;63;22,110;276
0524001001;2215;152,724;1985;0,010;0,560;1527;57;3,730;277
0524002001;2371;140,468;1984;0,010;0,600;1655;63;3,810;278
0524101001;2486;159,200;1980;0,010;0,600;2123;34;1,600;279
0524101002;2277;139,122;1983;0,010;0,610;1778;39;2,190;280
0524201001;358;226,081;1982;0,010;0,430;255;33;12,940;281
0524301001;211;143,417;1951;0,020;0,590;186;18;9,680;282
0524401001;154;150,305;1977;0,020;0,500;133;30;22,560;283
0524501001;359;164,281;1982;0,020;0,570;233;19;8,150;284
0524601001;178;174,669;1984;0,020;0,550;140;20;14,290;285
0524701001;538;141,035;1976;0,020;0,560;449;41;9,130;286
0524901001;314;139,242;1965;0,020;0,520;234;43;18,380;287
0525101001;299;172,134;1981;0,020;0,550;270;17;6,300;288
0525201001;100;150,100;1981;0,020;0,490;82;1;1,220;289
0525301001;122;205,484;1956;0,020;0,670;110;13;11,820;290
0525401001;220;253,864;1954;0,020;0,610;190;25;13,160;291
0525601001;150;205,587;1973;0,020;0,630;134;25;18,660;292
0525701001;319;169,354;1975;0,020;0,630;251;37;14,740;293
0525801001;181;214,072;1971;0,020;0,580;148;36;24,320;294
0525901001;92;246,902;1956;0,020;0,640;84;43;51,190;295
0526001001;307;194,440;1988;0,020;0,550;242;40;16,530;296
0526101001;110;181,691;1947;0,020;0,450;94;48;51,060;297
0526201001;527;160,461;1986;0,020;0,560;430;26;6,050;298
0526301001;325;161,597;1974;0,020;0,640;285;38;13,330;299
0526401001;62;285,581;1958;0,020;0,660;58;9;15,520;300
0526501001;83;226,072;1971;0,010;0,650;76;13;17,110;301
0526601001;216;154,069;1981;0,020;0,510;172;31;18,020;302
0526701001;258;153,516;1978;0,020;0,600;213;29;13,620;303
0590101001;659;150,534;1986;0,020;0,610;498;26;5,220;304
0590201001;364;200,115;1969;0,020;0,610;311;42;13,500;305
0590301001;407;178,818;1970;0,020;0,540;335;51;15,220;306
0590401001;705;135,774;1974;0,020;0,510;577;105;18,200;307
0590501001;540;162,554;1979;0,010;0,520;409;54;13,200;308
0900101001;80;171,050;1907;0,030;0,410;73;3;4,110;309
0900301001;242;206,946;1972;0,020;0,570;214;20;9,350;310
0900601001;205;175,976;1942;0,020;0,440;187;50;26,740;311
0900701001;75;241,000;1966;0,010;0,540;65;10;15,380;312
0900901001;146;224,952;1985;0,020;0,400;61;9;14,750;313
0901001001;69;226,043;1971;0,020;0,500;66;8;12,120;314
0901101001;380;317,189;1941;0,020;0,540;355;59;16,620;315
0901201001;165;381,145;1933;0,030;0,390;154;55;35,710;316
0901301001;90;227,467;1936;0,020;0,820;86;5;5,810;317
0901401001;404;272,658;1943;0,020;0,560;370;43;11,620;318
0901601001;72;217,833;1958;0,020;0,450;58;23;39,660;319
0901701001;188;181,176;1973;0,020;0,590;164;33;20,120;320
0901801001;427;172,604;2004;0,000;0,170;0;0;;321
0901801002;1396;138,771;1994;0,010;0,380;709;34;4,800;322
0901801003;801;102,031;1973;0,000;0,420;801;55;6,870;323
0901801004;705;99,559;1976;0,000;0,260;705;0;0,000;324
0901801005;1065;133,759;1993;0,010;0,180;684;0;0,000;325
0901801006;704;125,703;1991;0,010;0,480;471;0;0,000;326
0901801007;620;114,171;1989;0,010;0,220;539;15;2,780;327
0901801008;887;126,980;1982;0,010;0,270;675;35;5,190;328
0901801009;793;123,778;1993;0,010;0,300;446;7;1,570;329
0901802001;832;160,476;1989;0,010;0,750;482;23;4,770;330
0901802002;1407;127,378;1985;0,010;0,510;918;62;6,750;331
0901802003;968;136,390;1978;0,010;0,640;747;158;21,150;332
0901802004;958;117,718;1985;0,010;0,510;615;47;7,640;333
0901802005;876;146,992;1985;0,010;0,560;481;65;13,510;334
0901803001;726;97,979;1970;0,000;0,330;707;59;8,350;335
0901803002;740;86,470;1963;0,010;0,530;736;56;7,610;336
0901803003;475;104,869;1975;0,010;0,530;454;29;6,390;337
0901803004;1369;111,924;1988;0,010;0,340;676;44;6,510;338
0901803005;1535;169,967;1994;0,010;0,660;633;55;8,690;339
0901803006;756;110,085;1980;0,000;0,160;677;1;0,150;340
0901803007;393;105,198;1979;0,000;0,120;393;0;0,000;341
0901803008;557;114,950;1985;0,010;0,330;477;7;1,470;342
0901901001;255;174,808;1968;0,020;0,670;224;27;12,050;343
0902001001;483;179,553;1958;0,020;0,450;379;66;17,410;344
0902101001;126;170,540;1973;0,020;0,480;107;23;21,500;345
0902201001;227;162,850;1953;0,020;0,550;218;23;10,550;346
0902301001;939;177,317;1994;0,010;0,460;276;16;5,800;347
0902401001;146;280,514;1968;0,010;0,620;132;11;8,330;348
0902501001;412;179,850;1958;0,020;0,840;306;73;23,860;349
0902601001;551;178,993;1980;0,010;0,570;406;28;6,900;350
0902701001;64;211,391;1974;0,020;0,510;56;14;25,000;351
0902901001;223;178,076;1966;0,020;0,490;188;38;20,210;352
0903001001;253;164,134;1965;0,020;0,730;223;19;8,520;353
0903201001;156;177,987;1955;0,020;0,520;138;23;16,670;354
0903301001;171;206,082;1941;0,030;0,550;137;13;9,490;355
0903401001;310;222,097;1963;0,010;0,580;264;39;14,770;356
0903501001;523;172,530;1951;0,020;0,620;441;81;18,370;357
0903601001;56;204,357;1941;0,010;0,460;53;8;15,090;358
0903701001;229;183,550;1947;0,020;0,440;183;61;33,330;359
0903801001;283;194,576;1973;0,020;0,660;232;38;16,380;360
0903901001;180;188,256;1933;0,020;0,540;161;22;13,660;361
0904101001;35;218,543;1966;0,010;0,580;29;13;44,830;362
0904301001;428;210,703;1943;0,030;0,540;369;32;8,670;363
0904401001;66;199,864;1970;0,020;0,570;56;13;23,210;364
0904501001;444;244,991;1948;0,020;0,540;387;44;11,370;365
0904601001;77;214,584;1960;0,020;0,430;64;35;54,690;366
0904701001;76;223,132;1973;0,010;0,490;63;9;14,290;367
0904801001;1117;145,756;1978;0,010;0,780;1005;37;3,680;368
0904801002;884;176,847;1961;0,020;0,680;757;45;5,940;369
0905001001;126;351,595;1956;0,020;0,640;114;15;13,160;370
0905101001;244;241,459;1961;0,020;0,670;224;27;12,050;371
0905201001;56;257,696;1924;0,020;0,460;53;4;7,550;372
0905401001;147;197,361;1950;0,010;0,660;134;14;10,450;373
0905501001;114;171,702;1952;0,020;0,420;99;12;12,120;374
0905601001;1585;118,023;1988;0,010;0,590;1119;3;0,270;375
0905601002;1069;126,603;1980;0,010;0,710;808;5;0,620;376
0905601003;951;104,245;1979;0,010;0,590;812;8;0,990;377
0905601004;1595;148,705;1992;0,010;0,560;903;9;1,000;378
0905701001;147;183,109;1987;0,010;0,640;58;7;12,070;379
0905801001;330;181,018;1987;0,020;0,580;99;18;18,180;380
0905901001;768;101,384;1965;0,020;0,560;612;270;44,120;381
0905901002;573;104,555;1964;0,010;0,530;533;280;52,530;382
0905902001;703;116,932;1939;0,030;0,550;593;205;34,570;383
0905902002;452;124,409;1945;0,020;0,440;452;58;12,830;384
0905902003;577;107,445;1966;0,000;0,340;577;3;0,520;385
0905902004;683;109,900;1978;0,020;0,580;484;79;16,320;386
0905902005;660;116,561;1979;0,010;0,360;566;0;0,000;387
0905903001;447;117,593;1961;0,020;0,570;369;177;47,970;388
0905903002;592;121,519;1969;0,020;0,590;476;153;32,140;389
0905903003;758;89,987;1980;0,010;0,460;645;4;0,620;390
0905903004;457;80,267;1964;0,010;0,230;446;0;0,000;391
0905903005;1187;175,347;1994;0,010;0,540;348;83;23,850;392
0905903006;1214;106,006;1988;0,010;0,410;666;17;2,550;393
0905903007;759;116,733;1978;0,010;0,390;616;3;0,490;394
0905903008;729;113,199;1992;0,010;0,380;256;4;1,560;395
0905903009;1082;117,909;1996;0,010;0,280;529;0;0,000;396
0905903010;707;148,502;2002;0,000;0,170;0;0;;397
0905903011;1061;127,477;2007;0,000;0,290;2;0;0,000;398
0905904001;721;81,598;1966;0,000;0,260;718;8;1,110;399
0905904002;451;89,146;1959;0,010;0,320;450;10;2,220;400
0905904003;559;73,177;1954;0,010;0,440;523;294;56,210;401
0905904004;579;81,052;1977;0,020;0,480;409;257;62,840;402
0905905001;763;94,396;1966;0,010;0,240;693;0;0,000;403
0905905002;689;91,044;1962;0,010;0,440;630;1;0,160;404
0905905003;480;92,967;1973;0,000;0,270;480;0;0,000;405
0905905004;667;90,754;1963;0,010;0,240;654;2;0,310;406
0905905005;574;84,148;1960;0,010;0,320;552;7;1,270;407
0905905006;420;149,098;1978;0,000;0,420;385;0;0,000;408
0905905007;514;111,533;1982;0,000;0,210;514;10;1,950;409
0905905008;393;97,372;1964;0,010;0,270;393;0;0,000;410
0905905009;750;96,581;1963;0,000;0,230;750;10;1,330;411
0905905010;781;103,213;1980;0,010;0,300;616;7;1,140;412
0905905011;531;129,309;1971;0,010;0,210;531;34;6,400;413
0905905012;433;113,349;1986;0,000;0,480;405;0;0,000;414
0905905013;733;121,986;1996;0,010;0,160;369;369;100,000;415
0905905014;500;76,614;1972;0,000;0,160;500;0;0,000;416
0905905015;830;103,263;1972;0,010;0,320;691;8;1,160;417
0905905016;676;98,254;1973;0,000;0,330;676;0;0,000;418
0905905017;447;128,123;1978;0,010;0,210;404;0;0,000;419
0905905018;417;142,293;1977;0,010;0,370;368;1;0,270;420
0905905019;401;119,805;1985;0,000;0,070;401;1;0,250;421
0905905020;675;82,816;1968;0,010;0,280;491;0;0,000;422
0905905021;521;88,393;1970;0,010;0,250;492;0;0,000;423
0905905022;645;103,665;1987;0,010;0,210;419;0;0,000;424
0905905023;313;101,086;1986;0,010;0,250;234;0;0,000;425
0905905024;688;116,196;1986;0,000;0,190;621;259;41,710;426
0905905025;752;104,858;1974;0,000;0,370;752;2;0,270;427
0905905026;425;160,534;1981;0,000;0,100;425;0;0,000;428
0905905027;537;146,337;1967;0,010;0,360;537;16;2,980;429
0905905028;331;165,665;1980;0,000;0,150;331;2;0,600;430
0905905029;549;119,202;1988;0,010;0,190;398;2;0,500;431
0905905030;360;77,872;1988;0,000;0,120;360;0;0,000;432
0905905031;464;241,976;1972;0,010;0,400;345;61;17,680;433
0905905032;753;124,544;1987;0,010;0,240;571;0;0,000;434
0905905033;588;135,139;1992;0,000;0,120;518;0;0,000;435
0905905034;402;90,097;1971;0,000;0,260;402;0;0,000;436
0905905035;796;187,508;2009;0,000;0,390;0;0;;437
0905905036;272;137,393;1981;0,000;0,200;272;0;0,000;438
0905905037;432;134,477;1973;0,010;0,300;432;0;0,000;439
0905905038;942;171,555;1992;0,010;0,540;738;11;1,490;440
0905905039;343;110,373;1985;0,000;0,120;343;132;38,480;441
0905905040;863;133,194;1997;0,000;0,150;500;0;0,000;442
0905905041;540;207,844;1997;0,000;0,500;308;0;0,000;443
0905905042;707;136,666;2000;0,000;0,250;372;0;0,000;444
0905905043;534;147,985;2001;0,000;0,260;194;0;0,000;445
0905905044;340;133,744;1996;0,000;0,220;340;0;0,000;446
0905905045;681;124,182;1996;0,000;0,200;681;0;0,000;447
0905905046;456;103,342;1983;0,000;0,160;456;0;0,000;448
0905905047;867;132,578;2014;0,000;0,200;0;0;;449
0905905048;459;201,190;1996;0,010;0,490;233;5;2,150;450
0905905049;486;144,603;2001;0,010;0,310;151;0;0,000;451
0905905050;360;136,525;1993;0,000;0,150;360;0;0,000;452
0905905051;862;141,905;2015;0,000;0,240;0;0;;453
0905905052;745;162,658;2011;0,000;0,450;0;0;;454
0905906001;539;108,033;1964;0,010;0,370;500;32;6,400;455
0905906002;450;120,209;1968;0,010;0,360;371;3;0,810;456
0905906003;484;112,990;1973;0,010;0,460;385;10;2,600;457
0905906004;757;106,781;1972;0,010;0,260;737;9;1,220;458
0905906005;769;87,412;1967;0,010;0,250;708;0;0,000;459
0905906006;635;116,535;1976;0,010;0,540;612;16;2,610;460
0905906007;1139;109,378;1987;0,010;0,260;535;0;0,000;461
0905906008;496;126,665;1997;0,010;0,210;266;0;0,000;462
0905906009;402;96,674;1973;0,000;0,220;398;0;0,000;463
0905906010;413;85,264;1972;0,010;0,200;413;1;0,240;464
0905906011;403;112,194;1969;0,010;0,420;385;20;5,190;465
0905906012;597;122,228;1988;0,010;0,450;535;0;0,000;466
0905907001;567;98,570;1970;0,010;0,380;494;5;1,010;467
0905907002;608;97,072;1967;0,010;0,370;582;1;0,170;468
0905907003;717;138,604;1978;0,010;0,710;549;25;4,550;469
0905907004;615;101,042;1970;0,010;0,310;569;29;5,100;470
0905907005;512;88,729;1960;0,010;0,420;459;56;12,200;471
0905907006;627;115,525;1976;0,010;0,590;483;14;2,900;472
0905907007;647;166,311;1987;0,010;0,380;439;51;11,620;473
0905907008;934;104,805;1978;0,010;0,370;626;14;2,240;474
0905907009;526;97,810;1967;0,010;0,270;526;0;0,000;475
0905907010;966;109,305;1980;0,010;0,500;877;7;0,800;476
0905908001;395;80,453;1965;0,010;0,240;385;3;0,780;477
0905908002;850;89,336;1975;0,010;0,440;580;3;0,520;478
0905908003;1274;121,143;1994;0,010;0,420;512;14;2,730;479
0905908004;712;156,038;2002;0,010;0,690;140;1;0,710;480
0905908005;1955;134,405;1999;0,010;0,570;262;25;9,540;481
0905908006;1366;109,325;1995;0,010;0,290;507;0;0,000;482
0905908007;589;82,986;1976;0,010;0,250;468;1;0,210;483
0905908008;609;127,502;1990;0,010;0,400;520;0;0,000;484
0905908009;464;96,502;1981;0,010;0,340;452;1;0,220;485
0905908010;792;118,996;1999;0,010;0,300;64;0;0,000;486
0905908011;898;183,634;1996;0,010;0,610;277;13;4,690;487
0905909001;515;72,318;1965;0,000;0,170;515;0;0,000;488
0905909002;492;72,400;1964;0,000;0,080;492;0;0,000;489
0905909003;681;93,044;1978;0,010;0,450;522;3;0,570;490
0905909004;382;72,610;1962;0,000;0,070;375;14;3,730;491
0905909005;614;68,671;1960;0,000;0,080;614;26;4,230;492
0905909006;513;97,846;1988;0,010;0,310;272;0;0,000;493
0905909007;943;103,029;1987;0,010;0,250;779;0;0,000;494
0905909008;521;81,307;1974;0,000;0,260;521;0;0,000;495
0905909009;440;98,134;1975;0,010;0,240;440;44;10,000;496
0905909010;397;85,272;1971;0,000;0,140;397;0;0,000;497
0905909011;527;86,638;1973;0,000;0,160;527;0;0,000;498
0905909012;841;89,763;1979;0,000;0,180;841;0;0,000;499
0905909013;399;103,777;1986;0,000;0,200;397;0;0,000;500
0905909014;541;80,632;1979;0,010;0,260;391;0;0,000;501
0905909015;487;95,733;1975;0,000;0,270;487;0;0,000;502
0905909016;1180;150,477;1990;0,010;0,620;609;30;4,930;503
0905909017;411;81,477;1974;0,000;0,240;411;0;0,000;504
0905909018;328;78,814;1969;0,000;0,070;328;0;0,000;505
0905909019;444;96,115;1977;0,000;0,180;444;0;0,000;506
0905909020;264;111,860;1978;0,000;0,100;264;0;0,000;507
0905909021;603;96,076;1973;0,000;0,140;603;0;0,000;508
0905909022;689;86,335;1972;0,010;0,220;601;0;0,000;509
0905909023;712;107,277;1988;0,000;0,180;712;0;0,000;510
0905909024;508;105,132;1983;0,000;0,130;508;0;0,000;511
0905909025;518;89,857;1978;0,000;0,180;518;0;0,000;512
0905909026;689;83,965;1970;0,000;0,210;689;0;0,000;513
0905909027;570;95,863;1974;0,000;0,190;570;0;0,000;514
0905909028;453;105,051;1976;0,000;0,210;453;0;0,000;515
0905909029;384;88,065;1972;0,000;0,220;384;0;0,000;516
0905909030;641;82,083;1971;0,000;0,120;641;0;0,000;517
0905909031;393;79,888;1974;0,000;0,330;393;0;0,000;518
0905909032;393;77,975;1971;0,000;0,120;393;0;0,000;519
0905909033;360;86,764;1969;0,000;0,310;360;0;0,000;520
0905909034;441;96,887;1974;0,000;0,250;441;0;0,000;521
0905909035;693;118,652;1990;0,000;0,170;693;0;0,000;522
0905909036;406;90,436;1975;0,000;0,330;406;0;0,000;523
0905909037;424;102,328;1980;0,000;0,180;424;0;0,000;524
0905909038;441;110,540;1987;0,010;0,360;251;0;0,000;525
0905909039;491;89,927;1982;0,010;0,250;432;0;0,000;526
0905909040;557;108,925;1994;0,010;0,230;396;0;0,000;527
0905909041;1140;125,402;2005;0,000;0,240;327;0;0,000;528
0905909042;441;135,540;2004;0,000;0,210;0;0;;529
0905909043;1522;115,698;2010;0,000;0,230;0;0;;530
0905909044;762;107,988;1988;0,010;0,460;437;20;4,580;531
0906001001;245;221,322;1961;0,020;0,610;224;23;10,270;532
0906101001;199;158,915;1951;0,020;0,520;167;22;13,170;533
0906201001;82;185,915;1945;0,030;0,500;74;9;12,160;534
0906301001;191;215,644;1987;0,020;0,570;137;14;10,220;535
0906401001;517;184,234;1966;0,020;0,490;417;143;34,290;536
0906501001;189;205,693;1942;0,030;0,670;146;17;11,640;537
0906601001;121;179,851;1960;0,020;0,350;111;20;18,020;538
0906701001;443;244,266;1966;0,020;0,480;349;48;13,750;539
0906801001;132;172,492;1966;0,020;0,480;121;21;17,360;540
0907001001;108;171,509;1981;0,020;0,440;94;14;14,890;541
0907101001;100;178,490;1951;0,020;0,430;79;5;6,330;542
0907201001;336;203,229;1990;0,020;0,470;124;7;5,650;543
0907301001;884;164,062;1991;0,020;0,550;427;18;4,220;544
0907401001;592;211,476;1991;0,010;0,430;268;16;5,970;545
0907501001;99;206,889;1979;0,020;0,640;69;19;27,540;546
0907601001;36;250,944;1934;0,010;0,340;35;14;40,000;547
0907701001;68;224,971;1970;0,020;0,530;61;13;21,310;548
0907801001;84;158,833;1958;0,020;0,490;68;7;10,290;549
0907901001;33;246,788;1920;0,030;0,410;33;5;15,150;550
0908201001;42;282,000;1952;0,010;0,510;42;9;21,430;551
0908301001;103;242,262;1944;0,020;0,470;93;26;27,960;552
0908401001;330;158,524;1975;0,020;0,410;290;33;11,380;553
0908501001;527;196,328;1958;0,020;0,530;437;57;13,040;554
0908601001;470;255,406;1988;0,010;0,520;318;23;7,230;555
0908801001;84;280,405;1965;0,020;0,560;74;18;24,320;556
0909001001;41;270,122;1952;0,010;0,450;38;9;23,680;557
0909101001;1151;204,593;1958;0,020;0,810;1044;158;15,130;558
0909301001;158;202,994;1990;0,020;0,620;101;6;5,940;559
0909401001;75;170,280;1947;0,020;0,450;59;15;25,420;560
0909501001;118;238,263;1962;0,020;0,570;91;25;27,470;561
0909801001;715;163,483;1967;0,020;0,590;660;56;8,480;562
0910001001;53;254,925;1979;0,020;0,440;47;10;21,280;563
0910101001;105;207,362;1968;0,020;0,620;92;14;15,220;564
0910201001;91;185,429;1975;0,020;0,570;82;14;17,070;565
0910301001;294;162,980;1959;0,020;0,470;243;27;11,110;566
0910401001;100;149,120;1939;0,010;0,440;96;11;11,460;567
0910501001;158;182,589;1935;0,040;0,560;112;28;25,000;568
0910801001;480;162,852;1990;0,020;0,570;174;7;4,020;569
0910901001;2237;228,041;1977;0,020;0,760;1710;186;10,880;570
0911001001;169;163,882;1973;0,020;0,410;143;6;4,200;571
0911201001;174;200,517;1950;0,020;0,500;155;10;6,450;572
0911301001;851;153,591;1958;0,020;0,720;770;55;7,140;573
0911401001;137;165,263;1973;0,020;0,530;111;10;9,010;574
0911501001;178;202,904;1920;0,030;0,520;156;14;8,970;575
0911701001;86;226,616;1969;0,020;0,570;81;12;14,810;576
0911901001;137;159,993;1956;0,020;0,550;120;27;22,500;577
0912001001;32;286,344;1956;0,020;0,510;23;5;21,740;578
0912201001;97;176,351;1977;0,020;0,400;79;18;22,780;579
0912301001;32;233,875;1979;0,020;0,500;21;6;28,570;580
0912401001;1954;157,319;1968;0,010;0,810;1687;112;6,640;581
0912501001;977;191,114;1977;0,020;0,750;862;99;11,480;582
0912701001;107;151,439;1940;0,010;0,460;100;19;19,000;583
0912801001;152;192,395;1968;0,020;0,660;121;17;14,050;584
0912901001;118;240,534;1954;0,020;0,570;106;15;14,150;585
0913001001;79;266,544;1927;0,020;0,540;71;25;35,210;586
0913101001;359;199,916;1992;0,020;0,610;148;26;17,570;587
0913201001;179;225,777;1962;0,020;0,580;163;32;19,630;588
0913301001;66;222,758;1963;0,020;0,410;56;3;5,360;589
0913401001;608;165,178;1955;0,020;0,570;510;121;23,730;590
0913501001;109;222,972;1937;0,020;0,530;101;14;13,860;591
0913601001;381;195,294;1971;0,020;0,600;343;44;12,830;592
0913701001;362;216,729;1950;0,020;0,630;272;42;15,440;593
0913801001;163;212,037;1975;0,020;0,560;133;20;15,040;594
0913901001;137;241,679;1968;0,020;0,570;122;39;31,970;595
0914001001;213;184,901;1934;0,030;0,620;190;21;11,050;596
0914101001;441;212,079;1978;0,020;0,540;282;24;8,510;597
0914301001;57;156,386;1906;0,020;0,470;56;4;7,140;598
0914401001;69;203,594;1977;0,020;0,430;63;14;22,220;599
0914801001;100;261,650;1963;0,020;0,560;89;26;29,210;600
0914901001;79;214,658;1913;0,030;0,500;69;8;11,590;601
0915101001;740;201,818;1967;0,020;0,530;595;33;5,550;602
0915201001;366;216,306;1935;0,030;0,590;309;61;19,740;603
0915401001;256;172,879;1973;0,020;0,570;197;13;6,600;604
0915501001;45;166,356;1970;0,020;0,560;39;7;17,950;605
0915901001;47;232,000;1941;0,030;0,500;34;6;17,650;606
0916001001;179;212,235;1976;0,020;0,580;152;15;9,870;607
0916201001;171;181,930;1978;0,020;0,500;97;28;28,870;608
0916301001;742;204,342;1970;0,020;0,550;646;89;13,780;609
0916401001;270;211,715;1947;0,020;0,570;232;18;7,760;610
0916601001;100;289,270;1974;0,020;0,510;88;9;10,230;611
0916701001;69;268,029;1979;0,020;0,480;59;11;18,640;612
0916801001;316;205,741;1977;0,020;0,490;269;78;29,000;613
0916901001;277;149,552;1980;0,010;0,510;237;10;4,220;614
0917001001;284;205,165;1971;0,020;0,580;261;33;12,640;615
0917201001;163;301,589;1889;0,040;0,550;148;31;20,950;616
0917301001;197;180,208;1957;0,020;0,440;164;24;14,630;617
0917401001;1065;188,586;1970;0,020;0,590;849;160;18,850;618
0917501001;245;268,518;1952;0,010;0,500;223;41;18,390;619
0917601001;70;209,314;1969;0,020;0,650;59;7;11,860;620
0917701001;1252;183,529;1978;0,020;0,500;821;119;14,490;621
0917801001;57;242,526;1954;0,020;0,390;52;18;34,620;622
0917901001;94;201,511;1943;0,020;0,590;80;12;15,000;623
0918001001;166;229,301;1923;0,030;0,510;145;21;14,480;624
0918101001;425;264,774;1964;0,020;0,580;366;48;13,110;625
0918201001;125;216,192;1964;0,020;0,720;107;25;23,360;626
0918301001;102;154,255;1969;0,020;0,460;84;52;61,900;627
0918401001;66;187,758;1966;0,020;0,440;61;12;19,670;628
0918901001;273;365,421;1935;0,020;0,550;241;50;20,750;629
0919001001;129;330,953;1958;0,020;0,670;110;20;18,180;630
0919101001;119;167,790;1980;0,020;0,430;107;18;16,820;631
0919201001;162;246,265;1961;0,020;0,680;130;28;21,540;632
0919401001;1003;155,800;1978;0,020;0,650;747;12;1,610;633
0919401002;1694;126,410;1964;0,020;0,780;1220;29;2,380;634
0919501001;73;212,836;1930;0,030;0,480;63;12;19,050;635
0919601001;287;135,547;1946;0,020;0,620;246;23;9,350;636
0919701001;285;162,365;1963;0,020;0,670;213;29;13,620;637
0919801001;199;215,327;1944;0,020;0,630;170;34;20,000;638
0919901001;157;225,471;1978;0,020;0,610;135;51;37,780;639
0920001001;176;150,767;1978;0,020;0,380;136;42;30,880;640
0920101001;122;140,656;1982;0,020;0,400;96;4;4,170;641
0920201001;32;286,750;1906;0,030;0,540;28;13;46,430;642
0920601001;74;199,743;1912;0,030;0,490;64;19;29,690;643
0920801001;317;184,508;1957;0,020;0,520;291;31;10,650;644
0920901001;1240;137,933;1991;0,010;0,720;696;7;1,010;645
0920901002;892;153,317;1972;0,010;0,810;784;40;5,100;646
0920901003;1452;233,097;1969;0,020;0,630;1145;224;19,560;647
0920901004;3719;119,806;1988;0,010;0,560;2580;15;0,580;648
0920901005;1674;111,176;1984;0,010;0,600;1251;2;0,160;649
0921101001;1274;213,109;1970;0,010;0,730;1164;275;23,630;650
0921301001;703;236,307;1960;0,020;0,580;622;192;30,870;651
0921401001;1272;270,597;1965;0,020;0,650;970;150;15,460;652
0921501001;956;315,048;1950;0,020;0,550;810;231;28,520;653
0921601001;1121;225,955;1964;0,020;0,650;983;149;15,160;654
0921701001;912;230,259;1950;0,020;0,610;789;161;20,410;655
0921801001;526;161,907;1958;0,020;0,680;435;39;8,970;656
0921901001;318;109,814;1944;0,010;0,990;299;12;4,010;657
0921901002;529;118,359;1962;0,010;1,010;476;25;5,250;658
0921902001;575;102,129;1973;0,010;0,650;455;46;10,110;659
0921902002;676;108,617;1971;0,010;0,380;606;27;4,460;660
0921902003;514;88,514;1959;0,010;0,220;483;69;14,290;661
0921902004;463;90,970;1965;0,010;0,280;442;43;9,730;662
0921902005;628;103,936;1972;0,010;0,300;491;67;13,650;663
0921902006;785;114,279;1979;0,010;0,630;524;2;0,380;664
0921902007;847;118,257;1991;0,010;0,250;621;16;2,580;665
0921903001;545;102,894;1973;0,010;0,370;545;12;2,200;666
0921903002;720;111,692;1973;0,010;0,350;698;79;11,320;667
0921903003;465;108,996;1976;0,010;0,530;465;0;0,000;668
0921903004;507;111,933;1981;0,000;0,370;506;95;18,770;669
0921903005;599;107,609;1972;0,010;0,320;569;29;5,100;670
0921903006;643;102,603;1965;0,010;0,250;618;79;12,780;671
0921903007;875;102,282;1982;0,010;0,250;721;16;2,220;672
0921903008;826;103,609;1982;0,010;0,300;668;40;5,990;673
0921903009;773;95,973;1967;0,010;0,490;716;43;6,010;674
0921903010;832;108,659;1984;0,010;0,230;570;16;2,810;675
0921903011;867;102,304;1986;0,010;0,200;580;14;2,410;676
0921903012;838;99,932;1979;0,010;0,270;803;12;1,490;677
0921903013;1110;100,058;1981;0,010;0,270;905;107;11,820;678
0921903014;656;114,364;2003;0,010;0,270;133;0;0,000;679
0921903015;482;107,450;1975;0,010;0,310;455;20;4,400;680
0921903016;971;108,405;1985;0,010;0,300;772;34;4,400;681
0921903017;716;106,487;1981;0,010;0,250;716;0;0,000;682
0921903018;482;108,757;1999;0,000;0,180;257;0;0,000;683
0921904001;358;264,665;1959;0,020;0,640;298;52;17,450;684
0921904002;858;182,852;1971;0,020;0,600;629;99;15,740;685
0921904003;1010;171,855;1994;0,010;0,540;270;53;19,630;686
0922001001;220;220,327;1952;0,020;0,600;194;16;8,250;687
0922101001;421;185,986;1995;0,010;0,500;181;20;11,050;688
0922301001;90;152,167;1914;0,020;0,430;81;16;19,750;689
0922401001;196;214,439;1899;0,020;0,580;185;45;24,320;690
0922501001;120;223,183;1980;0,020;0,440;108;6;5,560;691
0922601001;84;163,452;1939;0,020;0,440;72;11;15,280;692
0922701001;161;241,081;1987;0,020;0,500;111;32;28,830;693
0922801001;187;233,519;1976;0,020;0,550;154;19;12,340;694
0922901001;246;225,126;1971;0,020;0,530;217;29;13,360;695
0923001001;29;319,069;1959;0,010;0,400;28;3;10,710;696
0923101001;109;196,229;1948;0,020;0,490;95;10;10,530;697
0923201001;227;152,599;1983;0,020;0,490;187;36;19,250;698
0923501001;267;183,506;1980;0,020;0,640;232;46;19,830;699
0923601001;43;175,512;1950;0,030;0,750;31;8;25,810;700
0923801001;1409;168,663;1963;0,020;0,670;1213;185;15,250;701
0923901001;67;187,627;1957;0,020;0,530;59;15;25,420;702
0924101001;169;186,698;1992;0,010;0,580;66;22;33,330;703
0924201001;89;290,056;1973;0,010;0,690;70;24;34,290;704
0924301001;94;280,319;1974;0,010;0,540;82;27;32,930;705
0924401001;111;171,009;1948;0,030;0,520;99;15;15,150;706
0924601001;704;226,744;1966;0,020;0,490;590;49;8,310;707
0924701001;38;320,553;1948;0,010;0,450;38;5;13,160;708
0924801001;122;176,713;1961;0,010;0,430;108;12;11,110;709
0924901001;74;253,122;1968;0,010;0,650;66;14;21,210;710
0925001001;346;221,066;1973;0,010;0,630;311;11;3,540;711
0925101001;401;214,766;1967;0,010;0,660;361;69;19,110;712
0925301001;88;221,080;1953;0,030;0,560;62;16;25,810;713
0925501001;144;184,056;1929;0,030;0,530;128;35;27,340;714
0925601001;627;198,587;1973;0,020;0,590;530;110;20,750;715
0925701001;74;292,986;1925;0,030;0,580;58;5;8,620;716
0925801001;237;232,186;1955;0,020;0,710;220;26;11,820;717
0925901001;244;275,459;1980;0,020;0,540;196;13;6,630;718
0926101001;554;193,473;1964;0,020;0,530;454;74;16,300;719
0926201001;174;175,213;1945;0,020;0,580;159;27;16,980;720
0926501001;72;177,042;1962;0,020;0,590;54;14;25,930;721
0926601001;166;183,012;1973;0,020;0,620;134;38;28,360;722
0926701001;180;139,694;1955;0,020;0,610;160;12;7,500;723
0926801001;180;211,033;1946;0,020;0,490;157;30;19,110;724
0926901001;92;172,120;1962;0,020;0,410;78;17;21,790;725
0927001001;165;180,139;1951;0,020;0,520;150;26;17,330;726
0927201001;850;158,448;1924;0,030;0,690;768;183;23,830;727
0927301001;80;254,538;1937;0,020;0,440;74;6;8,110;728
0927401001;1143;163,937;1974;0,020;0,730;1033;52;5,030;729
0927501001;277;209,917;1980;0,020;0,640;206;18;8,740;730
0927601001;480;178,392;1986;0,020;0,760;305;26;8,520;731
0927701001;219;157,598;1962;0,020;0,590;183;20;10,930;732
0927901001;328;215,317;1948;0,020;0,710;291;53;18,210;733
0928001001;84;164,667;1946;0,020;0,610;70;15;21,430;734
0928101001;160;222,988;1958;0,020;0,520;113;29;25,660;735
0928301001;125;231,024;1947;0,020;0,400;109;24;22,020;736
0928701001;207;214,952;1983;0,010;0,410;122;4;3,280;737
0928801001;105;236,590;1962;0,020;0,520;87;12;13,790;738
0928901001;613;170,865;1972;0,020;0,700;508;56;11,020;739
0928901002;847;172,817;1973;0,020;0,620;717;85;11,850;740
0929201001;145;199,924;1968;0,020;0,430;137;17;12,410;741
0929401001;131;177,275;1956;0,020;0,610;114;17;14,910;742
0929501001;88;183,000;1936;0,020;0,490;77;13;16,880;743
0929701001;256;281,352;1986;0,020;0,550;164;14;8,540;744
0929801001;133;230,271;1896;0,020;0,530;130;9;6,920;745
0930101001;549;189,230;1990;0,010;0,540;323;32;9,910;746
0930201001;177;266,056;1972;0,010;0,380;143;15;10,490;747
0930301001;131;123,321;1934;0,020;0,630;126;8;6,350;748
0930401001;146;268,390;1982;0,020;0,490;92;10;10,870;749
0930601001;172;256,116;1948;0,020;0,660;159;46;28,930;750
0930701001;116;244,698;1962;0,020;0,700;96;20;20,830;751
0930801001;114;244,930;1956;0,020;0,490;97;39;40,210;752
0930901001;321;226,997;1962;0,010;0,450;287;47;16,380;753
0931001001;33;242,364;1935;0,020;0,440;28;4;14,290;754
0931101001;108;224,361;1943;0,030;0,580;88;17;19,320;755
0931201001;224;154,594;1963;0,020;0,510;171;15;8,770;756
0931401001;299;155,194;1959;0,020;0,670;272;32;11,760;757
0931501001;476;195,414;1993;0,010;0,560;167;36;21,560;758
0931601001;158;217,627;1963;0,010;0,690;139;20;14,390;759
0931701001;32;284,375;1973;0,020;0,500;26;7;26,920;760
0931801001;131;142,885;1969;0,020;0,400;106;14;13,210;761
0932101001;897;145,613;1984;0,020;0,630;675;53;7,850;762
0932101002;683;165,245;1976;0,020;0,770;561;60;10,700;763
0932301001;112;211,304;1949;0,020;0,490;102;11;10,780;764
0932501001;744;115,833;1943;0,020;0,870;702;15;2,140;765
0932601001;133;200,564;1977;0,010;0,350;83;23;27,710;766
0932701001;98;172,255;1938;0,020;0,450;81;8;9,880;767
0932801001;205;185,434;1946;0,020;0,510;185;53;28,650;768
0932901001;229;183,288;1960;0,020;0,690;197;36;18,270;769
0933001001;1727;141,794;1979;0,010;0,640;1311;93;7,090;770
0933201001;147;204,565;1988;0,010;0,630;76;5;6,580;771
0933401001;75;204,813;1956;0,020;0,630;60;10;16,670;772
0933501001;159;231,987;1979;0,020;0,490;78;16;20,510;773
0933701001;232;200,953;1958;0,020;0,500;196;36;18,370;774
0933801001;236;174,593;1987;0,020;0,660;180;6;3,330;775
0933901001;252;235,333;1967;0,020;0,650;223;53;23,770;776
0934001001;111;161,613;1963;0,020;0,430;91;12;13,190;777
0934301001;118;160,042;1954;0,020;0,540;98;9;9,180;778
0934501001;196;205,719;1957;0,020;0,510;158;33;20,890;779
0934601001;144;197,479;1946;0,020;0,480;128;25;19,530;780
0934701001;195;222,195;1947;0,020;0,560;183;24;13,110;781
0934801001;261;165,153;1992;0,020;0,440;209;29;13,880;782
0935001001;495;240,453;1978;0,020;0,600;403;73;18,110;783
0935101001;109;222,092;1948;0,020;0,500;95;25;26,320;784
0935201001;81;174,938;1953;0,030;0,490;65;14;21,540;785
0935301001;271;183,893;1962;0,010;0,660;251;26;10,360;786
0935401001;66;216,455;1928;0,020;0,520;60;8;13,330;787
0935501001;135;166,904;1957;0,020;0,570;118;24;20,340;788
0935601001;113;142,796;1952;0,020;0,510;95;14;14,740;789
0935801001;516;151,839;1971;0,020;0,590;458;35;7,640;790
0936001001;69;192,362;1956;0,030;0,420;38;3;7,890;791
0936101001;234;227,966;1976;0,020;0,540;210;25;11,900;792
0936201001;147;217,102;1989;0,010;0,460;99;6;6,060;793
0936301001;1036;266,806;1931;0,030;0,580;861;169;19,630;794
0936501001;60;263,150;1975;0,020;0,500;54;13;24,070;795
0936601001;116;226,371;1958;0,020;0,520;101;14;13,860;796
0936801001;25;310,480;1956;0,010;0,610;24;6;25,000;797
0936901001;724;175,417;1947;0,030;0,640;623;46;7,380;798
0937201001;178;208,803;1992;0,010;0,500;82;10;12,200;799
0937301001;533;292,236;1957;0,020;0,580;471;151;32,060;800
0937401001;82;239,829;1987;0,020;0,520;61;14;22,950;801
0937501001;77;216,831;1940;0,030;0,560;58;10;17,240;802
0937701001;424;243,519;1978;0,020;0,550;287;18;6,270;803
0937801001;124;154,548;1972;0,030;0,420;90;30;33,330;804
0938001001;97;179,649;1979;0,020;0,480;83;20;24,100;805
0938101001;87;144,310;1951;0,020;0,400;79;11;13,920;806
0938201001;52;242,192;1943;0,030;0,540;47;9;19,150;807
0938401001;370;165,341;1982;0,020;0,590;298;18;6,040;808
0938601001;147;153,755;1968;0,020;0,550;101;17;16,830;809
0938701001;167;204,323;1962;0,020;0,670;132;25;18,940;810
0938801001;58;172,552;1949;0,020;0,460;53;13;24,530;811
0938901001;152;149,079;1967;0,020;0,590;131;22;16,790;812
0939001001;419;209,274;1967;0,020;0,580;366;59;16,120;813
0939101001;526;179,291;1963;0,020;0,600;448;44;9,820;814
0939201001;83;269,024;1951;0,020;0,470;71;26;36,620;815
0939401001;1423;149,866;1964;0,020;0,680;1241;86;6,930;816
0939501001;368;191,932;1974;0,020;0,520;323;33;10,220;817
0939601001;201;197,338;1956;0,030;0,520;148;39;26,350;818
0939801001;138;203,710;1952;0,020;0,450;120;44;36,670;819
0940001001;343;212,478;1954;0,030;0,520;293;31;10,580;820
0940301001;219;184,968;1963;0,020;0,480;185;32;17,300;821
0940501001;190;201,189;1981;0,020;0,580;160;44;27,500;822
0940601001;294;167,418;1988;0,020;0,400;78;9;11,540;823
0940701001;144;137,333;1939;0,020;0,530;136;14;10,290;824
0940801001;70;231,057;1912;0,030;0,380;66;6;9,090;825
0940901001;412;246,447;1942;0,020;0,530;356;207;58,150;826
0941001001;2204;196,493;1976;0,030;0,730;1324;123;9,290;827
0941002001;928;274,870;1921;0,040;0,600;790;124;15,700;828
0941003001;652;278,041;1947;0,040;0,620;478;71;14,850;829
0941101001;224;204,259;1941;0,020;0,500;204;46;22,550;830
0941201001;1743;201,474;1954;0,030;0,610;1444;370;25,620;831
0941301001;1194;305,213;1942;0,020;0,550;1079;440;40,780;832
0941401001;318;169,346;1954;0,020;0,460;267;58;21,720;833
0941501001;288;287,021;1960;0,020;0,500;246;46;18,700;834
0941601001;172;260,064;1972;0,020;0,500;147;20;13,610;835
0941701001;46;234,065;1949;0,010;0,610;44;8;18,180;836
0941801001;57;259,070;1971;0,010;0,570;46;6;13,040;837
0941901001;206;131,709;1956;0,020;0,770;196;15;7,650;838
0942101001;281;220,751;1956;0,010;0,380;250;60;24,000;839
0942201001;66;167,955;1962;0,020;0,460;59;15;25,420;840
0942301001;56;175,786;1945;0,020;0,440;49;6;12,240;841
0942401001;47;245,043;1957;0,020;0,450;43;13;30,230;842
0942501001;521;216,539;1972;0,010;0,530;478;27;5,650;843
0942701001;703;199,805;1963;0,020;0,770;609;55;9,030;844
0942701002;1018;280,995;1927;0,030;0,550;893;291;32,590;845
0942801001;118;241,271;1965;0,020;0,530;111;35;31,530;846
0942901001;76;236,776;1922;0,020;0,400;71;9;12,680;847
0943001001;128;151,633;1941;0,030;0,450;100;26;26,000;848
0943101001;193;217,249;1959;0,020;0,460;160;58;36,250;849
0943201001;251;202,116;1980;0,020;0,530;231;48;20,780;850
0943301001;106;190,774;1929;0,020;0,470;101;19;18,810;851
0943401001;799;214,342;1995;0,010;0,420;364;11;3,020;852
0943701001;337;201,231;1964;0,020;0,610;282;36;12,770;853
0943801001;352;245,108;1978;0,020;0,530;239;19;7,950;854
0943901001;772;172,302;1997;0,010;0,550;289;3;1,040;855
0944001001;148;147,149;1949;0,030;0,390;118;18;15,250;856
0944101001;60;264,100;1959;0,010;0,560;54;16;29,630;857
0944201001;461;178,440;1984;0,020;0,590;344;43;12,500;858
0944301001;233;190,721;1966;0,020;0,540;188;44;23,400;859
0944401001;93;278,968;1969;0,020;0,660;87;4;4,600;860
0944501001;105;215,048;1953;0,020;0,480;84;25;29,760;861
0944601001;27;276,111;1942;0,010;0,420;27;4;14,810;862
0944701001;59;137,847;1959;0,020;0,380;52;20;38,460;863
0944801001;232;211,892;1974;0,020;0,530;195;34;17,440;864
0944901001;94;264,915;1955;0,030;0,600;77;17;22,080;865
0945001001;34;147,588;1934;0,030;0,400;27;2;7,410;866
0945101001;275;180,320;1968;0,020;0,470;203;16;7,880;867
0945401001;130;197,700;1942;0,010;0,730;122;16;13,110;868
0945501001;50;219,080;1920;0,030;0,540;40;15;37,500;869
0945601001;125;222,128;1968;0,010;0,680;104;12;11,540;870
0945801001;376;189,875;1998;0,010;0,440;114;6;5,260;871
0946001001;221;285,805;1959;0,020;0,530;206;39;18,930;872
0946301001;332;151,566;1963;0,020;0,470;276;71;25,720;873
0946401001;95;185,884;1972;0,020;0,480;82;27;32,930;874
0946601001;171;196,357;1955;0,020;0,600;145;38;26,210;875
0946701001;128;178,852;1975;0,010;0,630;116;16;13,790;876
0947101001;114;226,386;1980;0,020;0,380;63;5;7,940;877
0947201001;65;232,615;1977;0,010;0,550;51;5;9,800;878
0947301001;107;293,009;1935;0,030;0,670;93;15;16,130;879
0947601001;144;154,549;1965;0,030;0,400;108;26;24,070;880
0947801001;63;155,492;1966;0,020;0,460;56;14;25,000;881
0948001001;135;165,874;1960;0,020;0,440;116;20;17,240;882
0948201001;56;296,304;1959;0,020;0,600;51;18;35,290;883
0948301001;292;213,856;1972;0,020;0,520;221;22;9,950;884
0948501001;59;239,678;1946;0,020;0,460;57;2;3,510;885
0990101001;551;177,443;1974;0,020;0,520;468;83;17,740;886
0990201001;652;259,929;1985;0,020;0,490;517;191;36,940;887
0990301001;1573;114,527;1975;0,010;0,700;1248;16;1,280;888
0990301002;2437;110,407;1983;0,010;0,570;1863;18;0,970;889
0990301003;1905;238,473;1971;0,020;0,630;1328;265;19,950;890
0990401001;645;205,198;1975;0,020;0,540;438;40;9,130;891
0990501001;1016;189,476;1953;0,020;0,570;907;155;17,090;892
0990601001;1125;242,252;1954;0,030;0,520;824;59;7,160;893
0990701001;1051;190,529;1998;0,020;0,570;382;21;5,500;894
0990801001;1337;284,528;1971;0,020;0,750;1048;170;16,220;895
2400101001;318;223,239;1955;0,020;0,600;268;40;14,930;896
2400201001;216;281,380;1962;0,020;0,550;199;39;19,600;897
2400301001;727;243,908;1962;0,020;0,580;600;81;13,500;898
2400401001;629;238,558;1956;0,020;0,620;583;120;20,580;899
2400501001;379;237,879;1952;0,020;0,570;355;50;14,080;900
2400601001;614;226,935;1954;0,020;0,570;566;122;21,550;901
2400701001;798;213,434;1958;0,020;0,580;596;185;31,040;902
2400801001;973;151,740;1979;0,020;0,730;822;23;2,800;903
2400801002;793;142,367;1977;0,010;0,670;759;7;0,920;904
2400802001;957;148,931;1989;0,010;0,480;692;2;0,290;905
2400802002;1254;167,827;1980;0,020;0,720;914;130;14,220;906
2400802003;945;154,512;1983;0,010;0,660;744;1;0,130;907
2400803001;1255;151,225;1983;0,010;0,630;875;7;0,800;908
2400803002;988;185,112;1985;0,020;0,620;671;9;1,340;909
2400901001;340;188,776;1935;0,020;0,590;309;19;6,150;910
2401001001;1511;147,516;1987;0,010;0,730;1110;5;0,450;911
2401001002;1059;158,583;1983;0,010;0,750;729;6;0,820;912
2401001003;1484;146,511;1984;0,010;0,720;1142;13;1,140;913
2401001004;1224;150,603;1989;0,010;0,670;650;12;1,850;914
2401001005;675;178,233;1977;0,010;0,630;491;41;8,350;915
2401001006;834;139,723;1975;0,010;0,700;758;8;1,060;916
2401101001;246;264,134;1935;0,020;0,530;239;48;20,080;3521
2401201001;366;197,877;1940;0,020;0,680;329;55;16,720;917
2401401001;597;150,278;1961;0,010;0,680;551;59;10,710;918
2401401002;1099;155,921;1981;0,010;0,640;899;43;4,780;3481
2401401003;1021;149,581;1986;0,010;0,590;755;37;4,900;919
2401401004;568;128,857;1984;0,010;0,470;499;6;1,200;920
2401401005;463;182,581;1969;0,010;0,720;399;40;10,030;3480
2401401006;930;173,018;1960;0,020;0,610;797;121;15,180;3483
2401401007;789;144,924;1990;0,010;0,480;530;28;5,280;921
2401501001;1213;208,103;1979;0,020;0,640;980;187;19,080;922
2401501002;757;348,333;1958;0,020;0,510;686;224;32,650;923
2401601001;564;178,245;1918;0,020;0,570;539;83;15,400;924
2401701001;463;286,911;1974;0,020;0,550;419;66;15,750;925
2401801001;172;241,267;1948;0,020;0,490;147;26;17,690;926
2401901001;452;167,480;1961;0,020;0,770;435;44;10,110;3476
2402001001;764;190,102;1957;0,020;0,540;657;104;15,830;927
2402101001;2191;176,035;1963;0,020;0,750;1940;226;11,650;928
2402201001;339;220,083;1920;0,020;0,530;316;67;21,200;929
2402301001;485;216,633;1931;0,020;0,500;434;82;18,890;930
2402401001;778;274,090;1950;0,020;0,520;674;159;23,590;931
2402501001;473;217,302;1959;0,020;0,580;405;70;17,280;932
2402601001;1002;334,890;1961;0,010;0,520;916;133;14,520;3479
2402701001;795;259,630;1976;0,020;0,530;572;34;5,940;933
2402801001;302;301,457;1966;0,020;0,530;257;50;19,460;934
2402901001;721;284,865;1939;0,020;0,660;673;88;13,080;935
2403001001;1096;205,286;1981;0,010;0,600;800;70;8,750;936
2403001002;1018;221,041;1984;0,010;0,590;703;56;7,970;3486
2403001003;619;242,926;1969;0,020;0,550;532;94;17,670;937
2403001004;501;211,772;1987;0,010;0,640;283;34;12,010;3485
2403101001;263;228,160;1935;0,020;0,560;245;27;11,020;938
2403201001;108;279,944;1951;0,020;0,540;103;29;28,160;939
2403301001;190;284,632;1954;0,010;0,520;173;75;43,350;940
2403401001;1028;204,079;1985;0,010;0,550;678;17;2,510;3495
2403401002;521;243,831;1973;0,020;0,500;404;9;2,230;3487
2403401003;782;186,336;1986;0,020;0,580;354;13;3,670;3494
2403601001;805;154,636;1981;0,020;0,710;735;156;21,220;941
2403701001;523;224,790;1939;0,020;0,600;486;101;20,780;942
2403801001;1245;254,812;1976;0,010;0,540;889;110;12,370;3523
2403801002;1031;232,519;1970;0,020;0,530;795;109;13,710;943
2403901001;959;221,564;1979;0,010;0,740;816;49;6,000;944
2403901002;839;261,567;1973;0,010;0,600;705;129;18,300;945
2404001001;571;191,413;1962;0,020;0,630;487;63;12,940;946
2404101001;561;204,832;1935;0,020;0,550;466;121;25,970;947
2404201001;61;292,197;1943;0,020;0,420;57;17;29,820;948
2404301001;293;134,024;1915;0,020;0,590;276;30;10,870;949
2404401001;295;277,064;1944;0,010;0,550;292;57;19,520;950
2404601001;806;286,615;1960;0,020;0,490;692;77;11,130;951
2404701001;1242;232,446;1956;0,020;0,550;1138;243;21,350;952
2404901001;1379;187,898;1960;0,020;0,550;1142;487;42,640;3484
2405001001;107;270,869;1961;0,020;0,500;100;9;9,000;953
2405101001;513;258,086;1961;0,020;0,550;480;196;40,830;954
2405201001;244;273,725;1949;0,020;0,620;237;12;5,060;955
2405301001;418;274,313;1960;0,020;0,520;396;77;19,440;956
2405401001;324;320,201;1964;0,020;0,540;281;82;29,180;957
2405501001;815;283,733;1967;0,010;0,580;710;27;3,800;958
2405601001;1242;146,871;1968;0,010;0,660;1046;134;12,810;959
2405601002;1274;190,611;1956;0,010;0,760;1171;208;17,760;960
2405701001;1154;207,514;1974;0,020;0,620;899;159;17,690;3498
2405801001;195;270,703;1954;0,020;0,470;182;46;25,270;961
2405901001;842;197,947;1936;0,020;0,590;796;56;7,040;3518
2406001001;759;203,494;1959;0,020;0,590;679;155;22,830;962
2406101001;1414;235,689;1970;0,010;0,560;1039;269;25,890;3488
2406201001;166;212,542;1972;0,020;0,530;152;27;17,760;963
2406301001;450;278,409;1948;0,020;0,600;404;70;17,330;964
2406401001;988;219,170;1981;0,020;0,530;675;54;8,000;965
2406501001;1359;234,592;1981;0,020;0,560;695;201;28,920;966
2406501002;490;274,614;1968;0,020;0,490;403;106;26,300;967
2406601001;732;298,101;1951;0,020;0,610;718;104;14,480;968
2406701001;974;174,798;1931;0,030;0,670;838;54;6,440;969
2406801001;738;236,846;1952;0,010;0,640;692;187;27,020;970
2406901001;43;304,186;1971;0,010;0,640;42;7;16,670;971
2407001001;1286;158,007;1973;0,020;0,770;1149;198;17,230;972
2407001002;607;180,168;1976;0,010;0,640;502;108;21,510;973
2407001003;937;175,450;1968;0,020;0,770;855;160;18,710;974
2407001004;365;152,674;1967;0,010;0,880;346;180;52,020;975
2407101001;1311;180,201;1943;0,020;0,670;1219;206;16,900;976
2407301001;374;304,070;1961;0,010;0,560;332;60;18,070;977
2407401001;113;304,177;1938;0,020;0,490;107;29;27,100;978
2407601001;1270;240,224;1971;0,020;0,570;992;243;24,500;3489
2407701001;273;237,894;1958;0,020;0,490;246;45;18,290;979
2407801001;393;229,639;1961;0,020;0,520;351;34;9,690;980
2407901001;1197;242,120;1937;0,020;0,610;1057;262;24,790;981
2408001001;249;237,438;1943;0,030;0,650;230;80;34,780;982
2408101001;150;303,953;1944;0,020;0,490;141;29;20,570;983
2408201001;765;235,902;1966;0,010;0,640;686;13;1,900;3478
2408301001;2512;111,258;1956;0,020;0,700;2437;403;16,540;984
2408401001;277;294,487;1921;0,020;0,510;269;53;19,700;985
2408601001;306;241,082;1939;0,020;0,520;294;16;5,440;986
2408701001;410;315,149;1975;0,010;0,530;360;50;13,890;987
2408801001;877;255,101;1969;0,020;0,520;786;166;21,120;988
2408901001;953;138,710;1971;0,020;0,670;789;21;2,660;989
2408901002;437;127,224;1969;0,010;0,600;403;9;2,230;990
2408901003;637;129,246;1979;0,010;0,600;425;5;1,180;991
2408901004;429;136,159;1970;0,010;0,320;404;0;0,000;992
2408901005;735;126,181;1970;0,010;0,580;631;3;0,480;993
2408901006;538;130,348;1971;0,010;0,490;458;13;2,840;994
2408902001;849;127,214;1973;0,010;0,510;714;10;1,400;995
2408902002;687;123,132;1977;0,010;0,420;585;17;2,910;996
2408902003;635;118,909;1971;0,010;0,370;584;1;0,170;997
2408902004;664;147,081;1974;0,010;0,430;603;0;0,000;998
2408902005;764;133,094;1983;0,010;0,480;623;6;0,960;999
2408902006;580;127,160;1977;0,010;0,520;436;11;2,520;1000
2408902007;532;132,733;1975;0,010;0,450;471;0;0,000;1001
2408902008;487;135,487;1968;0,010;0,520;443;5;1,130;1002
2408902009;456;153,796;1966;0,010;0,370;376;0;0,000;1003
2408902010;449;130,145;1964;0,010;0,400;433;18;4,160;1004
2408903001;939;126,756;1985;0,010;0,340;700;1;0,140;1005
2408903002;813;98,353;1971;0,010;0,590;751;0;0,000;1006
2408903003;642;111,799;1978;0,010;0,530;523;26;4,970;1007
2408903004;859;107,097;1985;0,010;0,220;604;0;0,000;1008
2408903005;696;102,874;1975;0,010;0,640;622;1;0,160;1009
2408903006;717;102,248;1983;0,010;0,330;592;0;0,000;1010
2408903007;1109;93,301;1976;0,010;0,320;1006;1;0,100;1011
2408903008;852;98,852;1979;0,010;0,520;649;18;2,770;1012
2408903009;722;144,343;1998;0,000;0,120;555;0;0,000;1013
2408903010;387;111,196;1981;0,010;0,400;314;0;0,000;1014
2408903011;742;108,031;1971;0,010;0,640;677;2;0,300;1015
2408903012;479;105,286;1977;0,010;0,750;378;2;0,530;1016
2408903013;407;150,165;1989;0,000;0,150;310;0;0,000;1017
2408903014;577;123,253;1983;0,010;0,410;494;1;0,200;1018
2408903015;1248;217,231;2002;0,000;0,650;545;0;0,000;1019
2408903016;832;145,406;1998;0,000;0,170;737;0;0,000;1020
2408903017;490;125,020;1970;0,010;0,480;484;13;2,690;1021
2408903018;723;115,999;2001;0,000;0,160;290;0;0,000;1022
2408903019;627;139,054;1999;0,000;0,150;389;0;0,000;1023
2408903020;716;113,837;1992;0,010;0,290;551;2;0,360;1024
2408903021;796;142,530;1998;0,000;0,240;705;0;0,000;1025
2408904001;807;108,638;1970;0,020;0,700;656;23;3,510;1026
2408904002;609;138,205;1996;0,000;0,180;604;0;0,000;1027
2408904003;592;115,542;1970;0,010;0,440;583;3;0,510;1028
2408904004;583;100,393;1971;0,010;0,470;548;0;0,000;1029
2408904005;1281;137,818;1996;0,010;0,240;359;2;0,560;1030
2408904006;825;116,149;1984;0,010;0,450;698;11;1,580;1031
2408904007;463;124,067;1973;0,020;0,790;398;11;2,760;1032
2408904008;681;103,702;1973;0,010;0,350;624;11;1,760;1033
2408904009;522;111,328;1978;0,010;0,330;497;0;0,000;1034
2408904010;1037;125,381;1987;0,010;0,370;868;3;0,350;1035
2408904011;255;101,816;1978;0,010;0,190;224;0;0,000;1036
2408904012;929;93,027;1969;0,000;0,360;925;5;0,540;1037
2408904013;728;122,701;1986;0,010;0,330;708;0;0,000;1038
2408904014;568;97,673;1977;0,000;0,200;551;13;2,360;1039
2408904015;1567;139,616;2006;0,010;0,310;140;3;2,140;1040
2408905001;1118;123,736;1980;0,020;0,870;842;40;4,750;1041
2408905002;808;117,625;1993;0,010;0,250;577;0;0,000;1042
2408905003;727;105,204;1980;0,010;0,310;576;23;3,990;1043
2408905004;745;113,615;1976;0,010;0,440;696;3;0,430;1044
2408905005;864;112,486;1977;0,010;0,260;783;4;0,510;1045
2408905006;719;154,423;1988;0,000;0,100;719;0;0,000;1046
2408905007;590;101,632;1969;0,000;0,320;585;3;0,510;1047
2408905008;511;107,679;1974;0,010;0,330;485;0;0,000;1048
2408905009;556;107,421;1979;0,010;0,280;426;0;0,000;1049
2408905010;527;121,818;1979;0,000;0,260;497;0;0,000;1050
2408905011;591;143,875;1989;0,000;0,180;591;0;0,000;1051
2408906001;638;117,622;1974;0,010;0,660;587;14;2,390;1052
2408906002;560;156,352;1997;0,000;0,180;347;0;0,000;1053
2408906003;842;121,144;1982;0,010;0,380;686;22;3,210;3504
2408906004;487;96,657;1974;0,010;0,380;487;0;0,000;3501
2408906005;464;115,817;1983;0,000;0,210;454;1;0,220;3500
2408906006;580;107,448;1974;0,010;0,490;530;1;0,190;3502
2408906007;772;99,641;1977;0,010;0,420;566;0;0,000;3505
2408906008;405;114,936;1980;0,010;0,250;387;0;0,000;1054
2408906009;497;109,455;1982;0,010;0,490;367;2;0,540;3534
2408906010;776;112,830;1988;0,010;0,210;385;0;0,000;3503
2408906011;673;120,100;1972;0,010;0,610;620;0;0,000;3506
2408906012;645;118,571;1974;0,010;0,380;614;4;0,650;1055
2408906013;424;126,814;1979;0,010;0,250;419;0;0,000;1056
2408906014;515;115,445;1986;0,010;0,330;406;0;0,000;1057
2408906015;678;125,600;1984;0,010;0,370;636;4;0,630;1058
2408906016;426;118,070;1974;0,000;0,330;426;0;0,000;1059
2408906017;1883;126,639;2006;0,010;0,290;181;1;0,550;3535
2408907001;792;110,234;1979;0,010;0,570;602;1;0,170;1060
2408907002;644;96,849;1979;0,010;0,320;523;0;0,000;1061
2408907003;1099;125,058;1989;0,010;0,570;669;17;2,540;1062
2408907004;570;116,063;1968;0,010;0,900;559;1;0,180;1063
2408907005;1335;150,897;2006;0,000;0,220;0;0;;1064
2408907006;893;133,585;1985;0,000;0,180;889;0;0,000;1065
2408907007;918;108,917;1981;0,010;0,510;699;17;2,430;1066
2408907008;692;110,665;1978;0,010;0,390;648;12;1,850;1067
2408907009;450;124,078;1990;0,000;0,310;450;0;0,000;3471
2408907010;686;112,286;1968;0,010;0,690;667;19;2,850;1068
2408907011;910;135,890;1991;0,000;0,270;813;0;0,000;1069
2408907012;711;112,342;1980;0,010;0,560;676;1;0,150;1070
2408907013;446;131,034;1974;0,010;0,410;427;34;7,960;1071
2408908001;551;147,437;1980;0,010;0,590;404;41;10,150;1072
2408908002;1107;142,452;1993;0,010;0,460;421;43;10,210;3508
2408909001;1256;145,334;1974;0,010;0,700;999;81;8,110;1073
2408909002;439;169,141;1978;0,010;0,630;344;27;7,850;1074
2408909003;431;115,907;1986;0,010;0,710;418;3;0,720;1075
2408910001;778;121,757;1973;0,010;0,480;751;8;1,070;1076
2408910002;864;93,604;1972;0,000;0,470;864;0;0,000;1077
2408910003;511;103,769;1978;0,010;0,600;435;4;0,920;1078
2408910004;777;107,943;1973;0,000;0,300;777;1;0,130;1079
2408910005;864;118,102;1978;0,010;0,470;715;6;0,840;1080
2408910006;795;116,107;1980;0,010;0,390;703;1;0,140;1081
2408910007;1090;120,363;1991;0,010;0,320;437;5;1,140;1082
2409001001;661;197,776;1917;0,020;0,570;598;168;28,090;1083
2409101001;667;306,280;1921;0,020;0,460;633;158;24,960;1084
2409201001;743;341,532;1959;0,020;0,540;664;175;26,360;1085
2409301001;527;277,852;1948;0,010;0,580;477;140;29,350;1086
2409401001;1319;178,265;1966;0,020;0,760;1200;166;13,830;1087
2409501001;281;284,473;1956;0,020;0,580;236;94;39,830;1088
2409601001;194;211,696;1965;0,010;0,650;174;48;27,590;1089
2409701001;175;358,851;1929;0,010;0,450;168;36;21,430;1090
2409801001;1270;226,644;1943;0,020;0,650;1188;131;11,030;1091
2409901001;295;299,946;1930;0,020;0,520;285;56;19,650;1092
2410001001;737;178,563;1974;0,020;0,670;585;171;29,230;3492
2410101001;780;244,413;1931;0,010;0,580;734;111;15,120;1093
2410201001;1686;129,306;1954;0,020;0,740;1586;289;18,220;1094
2410301001;464;183,933;1924;0,020;0,590;408;124;30,390;1095
2410401001;333;298,240;1960;0,010;0,530;321;98;30,530;1096
2410501001;1076;246,539;1982;0,010;0,550;673;79;11,740;1097
2410601001;369;175,726;1958;0,020;0,620;330;42;12,730;1098
2410701001;315;273,432;1941;0,020;0,550;298;82;27,520;1099
2410801001;371;332,887;1958;0,020;0,560;346;14;4,050;1100
2410901001;1024;212,528;1947;0,020;0,690;959;129;13,450;3490
2411001001;1478;168,581;1959;0,020;0,750;1387;145;10,450;3491
2411201001;624;132,091;1959;0,020;0,680;479;165;34,450;1101
2411301001;281;317,434;1957;0,010;0,450;274;79;28,830;1102
2411401001;1334;174,767;1962;0,010;0,740;1182;406;34,350;1103
2411401002;787;122,307;1955;0,010;0,700;780;166;21,280;1104
2411401003;715;164,738;1952;0,010;0,640;693;173;24,960;1105
2411501001;922;137,958;1985;0,010;0,380;737;1;0,140;1106
2411501002;817;138,984;1979;0,010;0,460;716;1;0,140;1107
2411501003;918;160,304;1985;0,020;0,740;579;34;5,870;1108
2411501004;658;133,590;1992;0,010;0,410;380;3;0,790;1109
2411501005;987;137,722;1987;0,010;0,340;810;0;0,000;1110
2411501006;1154;123,988;1983;0,010;0,430;890;6;0,670;3499
2411501007;1028;129,985;1982;0,010;0,460;851;0;0,000;1111
2411501008;810;113,217;1987;0,010;0,440;551;1;0,180;1112
2411501009;632;131,794;1990;0,010;0,460;446;1;0,220;1113
2411501010;616;126,969;1979;0,010;0,500;533;6;1,130;1114
2411501011;675;131,299;1996;0,020;0,560;209;12;5,740;1115
2411501012;971;138,792;1998;0,000;0,310;512;2;0,390;1116
2411502001;823;132,983;1988;0,010;0,320;709;1;0,140;1117
2411502002;806;134,989;1982;0,010;0,540;578;0;0,000;1118
2411502003;802;145,708;1980;0,010;0,590;709;2;0,280;1119
2411502004;919;139,164;1987;0,010;0,490;522;4;0,770;1120
2411502005;895;126,354;1984;0,010;0,350;708;0;0,000;1121
2411502006;749;131,495;1977;0,010;0,600;626;10;1,600;1122
2411502007;1021;136,461;1983;0,010;0,490;780;7;0,900;1123
2411502008;842;119,482;1984;0,010;0,510;593;0;0,000;1124
2411502009;548;159,748;1984;0,000;0,080;548;0;0,000;1125
2411502010;833;135,492;1982;0,010;0,670;686;15;2,190;1126
2411502011;514;93,370;1980;0,000;0,240;514;3;0,580;1127
2411502012;615;110,802;1974;0,010;0,380;568;0;0,000;1128
2411502013;1062;125,574;1991;0,010;0,330;786;0;0,000;1129
2411502014;533;148,867;1980;0,010;0,410;488;0;0,000;1130
2411502015;612;249,967;2000;0,000;0,560;221;0;0,000;1131
2411502016;1442;154,477;2008;0,000;0,380;0;0;;1132
2411502017;1198;143,905;2008;0,000;0,250;0;0;;1133
2411503001;882;153,417;1990;0,010;0,620;485;1;0,210;1134
2411503002;1195;124,766;1977;0,010;0,480;1094;3;0,270;1135
2411503003;1396;130,504;1987;0,010;0,560;754;8;1,060;1136
2411503004;655;175,072;1985;0,010;0,680;404;23;5,690;1137
2411503005;811;146,274;1982;0,010;0,630;641;13;2,030;1138
2411503006;722;100,115;1969;0,010;0,840;608;2;0,330;1139
2411503007;1136;268,397;1983;0,020;0,500;852;36;4,230;1140
2411504001;1010;250,691;1976;0,020;0,640;764;47;6,150;3493
2411504002;531;204,209;1952;0,030;0,560;467;41;8,780;1141
2411505001;1204;173,738;1987;0,010;0,590;699;13;1,860;1142
2411505002;553;224,251;1981;0,010;0,580;431;29;6,730;1143
2411505003;808;220,088;1980;0,020;0,580;620;25;4,030;1144
2411505004;926;203,543;1981;0,010;0,460;643;16;2,490;1145
2411505005;596;235,473;1976;0,010;0,590;472;14;2,970;1146
2411505006;947;186,228;1986;0,010;0,640;650;19;2,920;1147
2411505007;1064;207,629;1991;0,010;0,600;589;29;4,920;3496
2411506001;1305;181,779;1928;0,020;0,700;1215;185;15,230;1148
2411601001;415;210,716;1965;0,020;0,630;349;100;28,650;1149
2411701001;408;237,061;1962;0,020;0,520;376;81;21,540;1150
2411801001;192;207,859;1947;0,020;0,600;184;22;11,960;1151
2411901001;546;256,342;1931;0,020;0,560;496;96;19,350;1152
2412001001;550;209,618;1967;0,020;0,530;433;58;13,390;1153
2412101001;1651;112,081;1975;0,020;0,830;1010;130;12,870;1154
2412201001;1073;207,897;1947;0,020;0,590;983;97;9,870;1155
2412301001;917;229,630;1961;0,020;0,590;819;106;12,940;1156
2412401001;298;261,238;1958;0,020;0,500;271;11;4,060;1157
2412501001;524;347,620;1948;0,020;0,490;480;83;17,290;1158
2412701001;233;321,670;1965;0,010;0,470;213;51;23,940;1159
2412901001;127;350,984;1952;0,010;0,540;119;19;15,970;1160
2413001001;550;146,118;1990;0,010;0,670;433;21;4,850;1161
2413101001;581;404,745;1956;0,020;0,450;541;159;29,390;1162
2413201001;924;292,977;1953;0,020;0,570;872;257;29,470;1163
2413301001;470;306,106;1956;0,010;0,600;451;86;19,070;1164
2413401001;663;142,857;1975;0,010;0,630;567;23;4,060;1165
2413401002;729;225,036;1960;0,020;0,590;598;164;27,420;1166
2413401003;966;137,289;1977;0,010;0,600;902;41;4,550;1167
2413601001;413;275,697;1966;0,010;0,500;372;63;16,940;1168
2413701001;1202;134,386;1961;0,010;0,740;1182;179;15,140;1169
2413901001;770;197,977;1949;0,020;0,690;678;136;20,060;1170
2413901002;1438;176,202;1976;0,020;0,710;1104;131;11,870;1171
2414101001;185;191,789;1962;0,020;0,460;156;46;29,490;1172
2414201001;1208;151,470;1995;0,010;0,620;497;21;4,230;1173
2414201002;1288;172,360;1991;0,010;0,590;635;46;7,240;1174
2414201003;1257;208,040;1987;0,010;0,520;619;72;11,630;1175
2414202001;1233;131,792;1990;0,010;0,510;807;22;2,730;1176
2414202002;1251;140,272;1994;0,010;0,520;615;39;6,340;1177
2414202003;740;123,784;1994;0,010;0,440;377;1;0,270;1178
2414202004;759;147,441;1991;0,010;0,480;471;9;1,910;1179
2414202005;743;130,919;1985;0,010;0,530;454;26;5,730;1180
2414202006;592;105,329;1978;0,010;0,650;520;8;1,540;1181
2414202007;800;104,812;1991;0,010;0,360;526;0;0,000;1182
2414202008;933;139,275;1993;0,010;0,570;488;15;3,070;1183
2414202009;844;161,872;1988;0,010;0,450;721;1;0,140;1184
2414202010;865;153,610;1996;0,010;0,690;345;7;2,030;1185
2414202011;715;116,190;1988;0,010;0,420;615;2;0,330;1186
2414202012;818;131,643;1996;0,000;0,320;537;1;0,190;1187
2414202013;693;148,446;1998;0,010;0,510;185;1;0,540;1188
2414203001;403;120,950;1972;0,000;0,510;393;8;2,040;1189
2414203002;785;91,797;1969;0,010;0,410;770;6;0,780;1190
2414203003;579;135,154;1986;0,010;0,670;494;2;0,400;1191
2414301001;411;237,730;1952;0,020;0,610;337;37;10,980;1192
2414401001;689;306,678;1954;0,020;0,490;639;49;7,670;1193
2414501001;737;288,030;1940;0,020;0,640;671;118;17,590;1194
2414601001;249;352,241;1954;0,020;0,550;231;37;16,020;1195
2414801001;558;302,296;1973;0,010;0,520;437;72;16,480;1196
2414801002;587;366,716;1966;0,010;0,510;497;127;25,550;1197
2414901001;120;249,442;1972;0,020;0,680;102;10;9,800;1198
2415001001;218;254,537;1953;0,010;0,550;212;25;11,790;1199
2415101001;615;313,472;1937;0,020;0,590;537;122;22,720;1200
2415201001;1233;194,721;1915;0,020;0,790;1163;160;13,760;1201
2415301001;250;328,952;1926;0,020;0,530;232;59;25,430;1202
2415401001;813;252,606;1967;0,020;0,530;711;104;14,630;1203
2415501001;362;404,713;1962;0,010;0,470;339;28;8,260;1204
2415601001;369;315,298;1956;0,020;0,540;343;57;16,620;1205
2415701001;1016;171,548;1981;0,010;0,660;736;97;13,180;1206
2415701002;1032;175,851;1987;0,010;0,690;720;57;7,920;1207
2415801001;495;294,317;1951;0,020;0,620;458;177;38,650;1208
2415901001;1339;313,081;1962;0,010;0,490;1202;303;25,210;1209
2416001001;894;270,782;1959;0,010;0,560;804;240;29,850;1210
2416101001;350;305,477;1959;0,020;0,570;293;99;33,790;1211
2416201001;1196;218,793;1981;0,010;0,570;904;61;6,750;3525
2416301001;735;251,495;1987;0,010;0,470;394;65;16,500;3472
2416301002;503;245,461;1995;0,010;0,340;354;17;4,800;1212
2416301003;786;281,957;1995;0,010;0,440;426;26;6,100;1213
2416301004;527;234,903;1989;0,010;0,510;277;36;13,000;3473
2416401001;427;233,084;1939;0,020;0,620;389;94;24,160;1214
2416501001;424;206,432;1925;0,020;0,640;399;79;19,800;3515
2416601001;1213;298,396;1970;0,020;0,510;1028;181;17,610;1215
2416701001;832;228,370;1947;0,020;0,700;754;81;10,740;1216
2416801001;370;280,362;1975;0,020;0,570;304;42;13,820;1217
2416901001;1082;151,831;1975;0,010;0,750;890;13;1,460;1218
2416901002;1360;161,707;1963;0,020;0,840;1307;44;3,370;1219
2416901003;839;111,393;1970;0,020;0,890;806;24;2,980;3477
2417001001;981;152,345;1954;0,010;0,590;940;84;8,940;1220
2417001002;725;189,106;1968;0,010;0,620;622;39;6,270;3482
2417101001;360;214,064;1912;0,020;0,670;350;28;8,000;3522
2417201001;980;145,782;1925;0,020;0,570;882;139;15,760;1221
2417301001;855;327,098;1964;0,020;0,540;752;104;13,830;1222
2417401001;418;283,124;1966;0,020;0,520;387;42;10,850;1223
2417501001;1675;268,910;1977;0,020;0,600;1176;186;15,820;3509
2417601001;182;371,764;1972;0,010;0,540;159;33;20,750;1224
2417701001;466;213,217;1951;0,020;0,560;408;43;10,540;1225
2417801001;79;231,557;1949;0,020;0,530;76;12;15,790;1226
2417901001;518;196,876;1943;0,020;0,590;477;41;8,600;3474
2418001001;1014;305,736;1952;0,020;0,560;909;288;31,680;1227
2418101001;536;167,496;1960;0,020;0,760;501;23;4,590;1228
2418101002;821;175,062;1979;0,020;0,730;725;7;0,970;1229
2418201001;475;331,642;1951;0,020;0,500;440;23;5,230;1230
2418301001;1293;203,090;1954;0,020;0,590;1177;216;18,350;1231
2418401001;308;181,873;1942;0,020;0,580;291;19;6,530;1232
2418501001;566;261,654;1960;0,020;0,660;519;132;25,430;1233
2418701001;925;235,182;1959;0,020;0,560;802;219;27,310;1234
2418801001;1415;156,107;1982;0,020;0,770;802;80;9,980;1235
2418801002;1289;151,472;1980;0,020;0,660;904;34;3,760;1236
2418801003;1482;149,694;1989;0,010;0,620;898;59;6,570;1237
2418901001;1388;218,327;1986;0,010;0,520;665;115;17,290;1238
2418901002;1057;130,997;1994;0,010;0,540;529;14;2,650;1239
2418901003;848;124,552;1989;0,010;0,630;494;75;15,180;1240
2418901004;342;174,705;1994;0,010;0,680;163;8;4,910;3526
2418901005;575;133,433;1999;0,010;0,520;238;6;2,520;1241
2419001001;155;338,568;1925;0,020;0,500;152;22;14,470;1242
2419101001;157;286,605;1931;0,020;0,530;147;42;28,570;1243
2419301001;587;199,414;1947;0,020;0,670;536;49;9,140;3475
2419401001;338;197,621;1941;0,020;0,620;284;62;21,830;1244
2419601001;1080;179,198;1975;0,010;0,650;978;111;11,350;1245
2419601002;908;196,863;1960;0,020;0,600;785;238;30,320;1246
2419701001;622;229,630;1968;0,020;0,550;474;83;17,510;1247
2419801001;697;220,626;1928;0,020;0,610;644;80;12,420;1248
2419901001;666;228,707;1943;0,020;0,570;578;132;22,840;1249
2420101001;1634;278,647;1965;0,020;0,650;1369;364;26,590;3507
2420201001;465;145,015;1964;0,010;0,670;462;15;3,250;1250
2420201002;667;147,748;1981;0,010;0,610;659;3;0,460;1251
2420201003;303;218,403;1961;0,020;0,640;261;25;9,580;1252
2420201004;517;130,089;1982;0,010;0,540;503;3;0,600;1253
2420201005;418;194,945;1959;0,020;0,700;392;86;21,940;1254
2420201006;776;161,407;1977;0,010;0,750;753;12;1,590;1255
2420202001;319;263,533;1947;0,020;0,550;299;34;11,370;1256
2420202002;703;158,994;1948;0,020;0,810;690;139;20,140;1257
2420203001;929;211,886;1956;0,020;0,670;855;135;15,790;1258
2420203002;372;192,336;1961;0,010;0,770;362;89;24,590;1259
2420301001;128;282,945;1944;0,020;0,620;112;23;20,540;1260
2420501001;844;259,733;1975;0,010;0,620;665;202;30,380;1261
2420601001;1415;207,921;1965;0,020;0,600;1220;150;12,300;3524
2420701001;304;268,095;1956;0,020;0,640;280;34;12,140;1262
2420901001;724;176,084;1966;0,020;0,750;572;51;8,920;3516
2420901002;1813;177,217;1947;0,020;0,720;1569;313;19,950;3517
2421001001;755;182,005;1948;0,010;0,620;708;128;18,080;1263
2421101001;291;281,718;1956;0,020;0,560;276;56;20,290;1264
2421201001;1117;199,268;1969;0,020;0,690;955;190;19,900;1265
2421301001;193;231,249;1938;0,020;0,570;174;18;10,340;1266
2421401001;697;287,271;1958;0,010;0,570;638;62;9,720;1267
2421501001;177;295,740;1950;0,020;0,530;165;34;20,610;1268
2421601001;674;361,251;1955;0,010;0,460;643;84;13,060;1269
2421701001;168;285,476;1936;0,020;0,480;150;21;14,000;1270
2421801001;484;299,054;1961;0,010;0,590;443;55;12,420;1271
2421901001;411;288,122;1945;0,020;0,520;379;103;27,180;1272
2422101001;685;250,820;1971;0,020;0,600;591;96;16,240;1273
2422201001;1256;180,046;1988;0,010;0,670;631;60;9,510;1274
2422201002;1079;139,858;1993;0,010;0,620;538;15;2,790;1275
2422201003;645;146,980;1995;0,000;0,560;451;3;0,670;1276
2422201004;640;107,550;1998;0,010;0,400;244;3;1,230;1277
2422201005;684;145,168;2004;0,000;0,640;88;1;1,140;1278
2422201006;426;162,425;1996;0,010;0,710;208;4;1,920;1279
2422201007;764;193,963;2002;0,000;0,520;100;5;5,000;1280
2422202001;1025;261,854;1992;0,010;0,510;485;48;9,900;1281
2422202002;1262;151,040;2000;0,010;0,600;363;15;4,130;1282
2422202003;1313;115,925;1996;0,010;0,370;651;4;0,610;1283
2422202004;1093;108,212;2003;0,010;0,470;98;2;2,040;1284
2422301001;785;334,149;1957;0,010;0,500;724;147;20,300;1285
2422301002;1557;182,209;1979;0,010;0,700;1169;83;7,100;1286
2422401001;592;327,372;1956;0,020;0,510;540;190;35,190;1287
2422501001;813;291,481;1964;0,010;0,640;691;156;22,580;1288
2422601001;294;256,014;1932;0,020;0,540;257;96;37,350;1289
2422701001;1201;271,211;1970;0,020;0,550;950;219;23,050;1290
2422801001;666;272,315;1961;0,010;0,510;621;89;14,330;1291
2422901001;653;224,132;1919;0,030;0,530;573;95;16,580;1292
2423001001;375;239,635;1962;0,010;0,520;356;16;4,490;1293
2490101001;1098;179,409;1958;0,010;0,700;1024;148;14,450;1294
2490201001;324;276,864;1963;0,020;0,550;310;40;12,900;1295
3400101001;33;405,970;1989;0,020;0,530;30;9;30,000;1296
3400301001;136;271,875;1964;0,010;0,500;128;25;19,530;1297
3400401001;668;114,515;1978;0,010;0,580;629;31;4,930;1298
3400401002;827;126,686;1980;0,020;0,660;722;102;14,130;1299
3400402001;573;99,459;1976;0,010;0,590;539;19;3,530;1300
3400402002;742;134,796;1991;0,010;0,480;435;65;14,940;1301
3400402003;1284;139,129;1989;0,010;0,470;993;51;5,140;1302
3400403001;878;290,071;1978;0,020;0,590;737;348;47,220;1303
3400501001;487;219,934;1970;0,020;0,760;391;124;31,710;1304
3400601001;80;252,562;1934;0,020;0,610;74;10;13,510;1305
3400901001;31;337,484;1963;0,010;0,480;28;5;17,860;1306
3401001001;451;249,572;1946;0,020;0,620;384;51;13,280;1307
3401101001;366;257,770;1910;0,030;0,630;328;46;14,020;1308
3401201001;360;196,453;1945;0,020;0,520;334;31;9,280;1309
3401501001;68;272,132;1952;0,010;0,570;65;20;30,770;1310
3401701001;817;239,040;1925;0,030;0,660;724;107;14,780;1311
3401801001;201;236,886;1984;0,020;0,550;159;15;9,430;1312
3401901001;108;393,972;1986;0,020;0,610;103;8;7,770;1313
3402001001;27;263,704;1986;0,020;0,480;22;10;45,450;1314
3402201001;1235;200,935;1961;0,020;0,670;1070;239;22,340;1315
3402301001;1095;149,337;1974;0,020;0,630;683;28;4,100;1316
3402301002;601;140,353;1983;0,010;0,430;457;13;2,840;1317
3402301003;594;130,997;1964;0,010;0,500;528;31;5,870;1318
3402301005;557;106,801;1973;0,020;0,520;410;20;4,880;1319
3402301006;747;134,473;1980;0,010;0,490;476;26;5,460;1320
3402401001;21;414,762;1935;0,010;0,500;21;4;19,050;1321
3402501001;82;238,951;1970;0,010;0,550;70;20;28,570;1322
3402701001;1815;168,561;1935;0,020;0,680;1728;210;12,150;1323
3402801001;129;292,620;1987;0,020;0,540;100;61;61,000;1324
3402901001;561;289,105;1988;0,020;0,620;460;55;11,960;1325
3403101001;22;388,636;1965;0,020;0,610;21;9;42,860;1326
3403201001;109;299,624;1939;0,010;0,490;103;54;52,430;1327
3403301001;9;494,222;;0,000;0,420;9;5;55,560;1328
3403401001;104;317,673;1959;0,010;0,560;98;23;23,470;1329
3403501001;164;277,421;1979;0,020;0,560;158;17;10,760;1330
3403601001;505;195,760;1952;0,020;0,840;475;170;35,790;1331
3403701001;413;282,061;1991;0,020;0,550;334;48;14,370;1332
3403801001;193;266,560;1919;0,030;0,550;158;80;50,630;1333
3403901001;67;264,254;1894;0,030;0,550;62;27;43,550;1334
3404101001;102;285,353;1993;0,020;0,430;92;42;45,650;1335
3404201001;188;290,000;1917;0,040;0,540;159;32;20,130;1336
3404501001;49;390,082;1988;0,020;0,540;43;4;9,300;1337
3404601001;26;345,269;1936;0,020;0,530;25;16;64,000;1338
3404701001;688;198,453;1988;0,020;0,740;526;65;12,360;1339
3404701002;785;159,889;1983;0,020;0,740;662;45;6,800;1340
3404801001;51;378,373;1968;0,020;0,550;50;26;52,000;1341
3404901001;263;298,038;1953;0,020;0,620;220;82;37,270;1342
3405001001;265;211,325;1946;0,020;0,590;244;35;14,340;1343
3405101001;151;208,490;1934;0,020;0,570;136;17;12,500;1344
3405201001;224;246,830;1975;0,010;0,570;205;52;25,370;1345
3405301001;169;325,615;1978;0,020;0,600;147;40;27,210;1346
3405501001;250;270,744;1964;0,010;0,560;234;68;29,060;1347
3405601001;1018;146,694;1984;0,010;0,710;749;59;7,880;1348
3405601002;656;131,422;1986;0,010;0,760;429;52;12,120;1349
3405601003;992;291,358;1954;0,020;0,600;859;331;38,530;1350
3405701001;379;229,158;1940;0,020;0,620;336;72;21,430;1351
3405801001;264;179,098;1941;0,020;0,640;240;21;8,750;1352
3405901001;344;293,535;1958;0,020;0,580;306;78;25,490;1353
3406001001;202;189,619;1940;0,030;0,500;185;10;5,410;1354
3406101001;89;308,573;1982;0,020;0,510;77;38;49,350;1355
3406201001;224;284,071;1982;0,020;0,550;203;61;30,050;1356
3406301001;103;209,854;1909;0,040;0,590;96;7;7,290;1357
3406601001;117;264,368;1928;0,010;0,630;114;2;1,750;1358
3406701001;139;254,928;1961;0,020;0,630;123;48;39,020;1359
3406801001;40;343,950;1988;0,020;0,550;37;26;70,270;1360
3406901001;653;197,734;1964;0,030;0,640;521;25;4,800;1361
3406901002;920;151,510;1983;0,020;0,700;688;14;2,030;1362
3407001001;273;186,821;1951;0,010;0,530;259;11;4,250;1363
3407101001;184;273,152;1970;0,010;0,510;166;26;15,660;1364
3407201001;168;349,756;1969;0,020;0,590;166;11;6,630;1365
3407301001;161;192,708;1978;0,020;0,530;127;38;29,920;1366
3407401001;532;210,641;1975;0,010;0,770;437;55;12,590;1367
3407601001;431;319,954;1977;0,020;0,580;352;56;15,910;1368
3407701001;334;230,844;1998;0,030;0,570;181;21;11,600;1369
3407901001;2074;188,446;1995;0,010;0,560;813;67;8,240;1370
3408001001;521;126,167;1979;0,010;0,380;465;5;1,080;1371
3408001002;1315;141,591;1971;0,010;0,580;1124;155;13,790;3529
3408002001;817;123,503;1979;0,010;0,580;726;4;0,550;1372
3408002002;723;100,279;1967;0,010;0,570;723;11;1,520;1373
3408002003;885;147,411;1977;0,010;0,670;730;71;9,730;1374
3408101001;76;389,592;1981;0,020;0,500;72;7;9,720;1375
3408201001;140;224,679;1935;0,010;0,550;134;15;11,190;1376
3408301001;825;155,611;1973;0,010;0,730;751;99;13,180;1377
3408301002;885;221,962;1968;0,020;0,680;779;153;19,640;1378
3408401001;120;278,725;1884;0,030;0,600;115;11;9,570;1379
3408601001;93;219,785;1938;0,020;0,670;83;19;22,890;1380
3408701001;106;245,377;1914;0,040;0,580;98;6;6,120;1381
3408801001;359;214,710;1988;0,020;0,710;191;22;11,520;1382
3408901001;145;309,214;1965;0,010;0,530;129;13;10,080;1383
3409101001;115;282,757;1955;0,020;0,530;101;32;31,680;1384
3409201001;340;251,768;1970;0,010;0,590;309;51;16,500;1385
3409301001;64;396,938;1955;0,020;0,520;56;26;46,430;1386
3409401001;71;296,507;1941;0,020;0,530;70;17;24,290;1387
3409601001;46;285,826;1963;0,020;0,550;44;3;6,820;1388
3409801001;685;165,204;1983;0,010;0,610;454;12;2,640;1389
3409901001;47;293,617;1987;0,020;0,550;39;7;17,950;1390
3410001001;116;251,664;1964;0,020;0,490;96;22;22,920;1391
3410101001;71;339,606;1960;0,010;0,490;67;10;14,930;1392
3410201001;123;299,675;1993;0,030;0,620;98;7;7,140;1393
3410301001;82;370,793;1981;0,020;0,500;76;17;22,370;1394
3410401001;203;300,975;1970;0,010;0,650;165;16;9,700;1395
3410601001;126;349,913;1979;0,020;0,590;120;62;51,670;1396
3410701001;74;253,905;1989;0,020;0,630;61;38;62,300;1397
3410801001;452;209,153;1964;0,020;0,750;419;20;4,770;1398
3410901001;50;347,060;1958;0,010;0,570;45;7;15,560;1399
3411001001;106;255,755;1958;0,020;0,760;101;48;47,520;1400
3411201001;58;245,000;1917;0,030;0,600;51;17;33,330;1401
3411301001;33;312,758;1996;0,030;0,470;24;19;79,170;1402
3411401001;190;335,053;1952;0,020;0,580;175;99;56,570;1403
3411601001;76;226,526;1968;0,010;0,520;64;13;20,310;1404
3412001001;1006;137,596;1978;0,010;0,540;884;12;1,360;1405
3412001003;575;124,837;1981;0,010;0,460;516;1;0,190;1406
3412001004;586;122,520;1969;0,010;0,330;580;23;3,970;1407
3412001005;522;117,148;1967;0,010;0,380;513;1;0,190;1408
3412002001;1339;124,881;1979;0,010;0,580;1215;23;1,890;1409
3412002002;696;119,484;1977;0,010;0,480;588;2;0,340;1410
3412002003;695;126,301;1995;0,010;0,710;258;5;1,940;1411
3412003001;462;125,132;1973;0,010;0,350;425;19;4,470;1412
3412003002;583;123,262;1976;0,010;0,630;506;5;0,990;1413
3412003004;650;121,654;1977;0,010;0,390;632;11;1,740;1414
3412003005;843;107,072;1983;0,010;0,610;821;2;0,240;1415
3412004001;645;110,822;1970;0,010;0,450;621;5;0,810;1416
3412004002;532;95,429;1970;0,010;0,310;504;0;0,000;1417
3412004003;451;116,013;1978;0,010;0,480;446;0;0,000;1418
3412004004;748;98,159;1986;0,010;0,340;589;0;0,000;1419
3412004005;1140;122,745;1996;0,010;0,420;313;0;0,000;1420
3412004006;456;90,401;1972;0,010;0,270;426;0;0,000;1421
3412004007;959;114,259;1990;0,010;0,310;510;0;0,000;1422
3412004008;491;95,006;1980;0,010;0,300;438;0;0,000;1423
3412004009;580;114,114;1983;0,010;0,320;533;3;0,560;1424
3412005001;730;150,289;1986;0,010;0,380;549;1;0,180;1425
3412005002;365;127,419;1970;0,010;0,460;358;0;0,000;1426
3412005003;796;116,092;1974;0,010;0,380;796;0;0,000;1427
3412005004;897;114,822;1992;0,010;0,380;388;0;0,000;1428
3412005005;709;115,599;1986;0,000;0,200;709;0;0,000;1429
3412005006;761;126,363;1982;0,010;0,320;669;0;0,000;1430
3412005007;691;81,379;1971;0,010;0,270;689;66;9,580;1431
3412005008;635;80,346;1966;0,010;0,350;635;80;12,600;1432
3412005009;467;105,522;1983;0,000;0,230;467;0;0,000;1433
3412005010;705;112,050;1985;0,010;0,180;618;0;0,000;1434
3412005011;1368;114,342;1997;0,010;0,280;575;0;0,000;1435
3412005012;652;112,817;1988;0,000;0,250;652;0;0,000;1436
3412005013;475;106,181;1980;0,000;0,290;475;0;0,000;1437
3412005014;791;127,957;2004;0,000;0,420;45;0;0,000;1438
3412005015;475;129,840;1989;0,000;0,360;475;1;0,210;1439
3412006001;807;116,632;1986;0,010;0,300;599;5;0,830;1440
3412006002;595;94,429;1962;0,010;0,480;534;10;1,870;1441
3412006003;1064;143,577;1989;0,010;0,470;446;14;3,140;1442
3412006004;1153;119,851;1982;0,010;0,450;682;14;2,050;1443
3412006006;929;117,675;1988;0,010;0,390;459;2;0,440;1444
3412006007;922;105,211;1981;0,010;0,250;820;0;0,000;1445
3412007001;848;151,974;1985;0,010;0,670;539;12;2,230;1446
3412007002;512;71,539;1956;0,000;0,180;512;499;97,460;1447
3412007003;1181;108,638;1981;0,010;0,440;981;17;1,730;1448
3412007004;898;172,451;1996;0,010;0,520;480;2;0,420;1449
3412007005;618;99,625;1973;0,010;0,260;618;0;0,000;1450
3412007006;461;128,915;1972;0,000;0,170;461;0;0,000;1451
3412007007;586;95,113;1974;0,000;0,210;586;0;0,000;1452
3412007008;567;65,190;1965;0,000;0,260;550;0;0,000;1453
3412007009;639;98,559;1979;0,000;0,180;639;0;0,000;1454
3412007010;834;120,504;1992;0,010;0,360;647;0;0,000;1455
3412007011;579;94,337;1971;0,010;0,270;502;1;0,200;1456
3412007012;950;119,649;1987;0,010;0,400;761;1;0,130;1457
3412007013;437;98,419;1972;0,000;0,300;437;0;0,000;1458
3412007014;357;126,485;1972;0,000;0,230;357;0;0,000;1459
3412007015;447;121,951;1976;0,010;0,220;371;0;0,000;1460
3412007016;920;119,722;1991;0,010;0,320;626;2;0,320;1461
3412007017;617;115,817;1980;0,000;0,260;617;0;0,000;1462
3412007018;462;145,558;2000;0,000;0,230;350;0;0,000;1463
3412007019;410;108,327;1996;0,000;0,220;410;0;0,000;1464
3412007020;1108;121,538;2003;0,000;0,210;247;0;0,000;1465
3412101001;229;244,074;1905;0,030;0,630;213;6;2,820;1466
3412201001;76;315,263;1985;0,020;0,480;68;25;36,760;1467
3412301001;624;272,548;1977;0,020;0,620;555;62;11,170;1468
3412301002;558;221,091;1971;0,020;0,780;510;44;8,630;1469
3412401001;52;308,577;1978;0,020;0,550;49;32;65,310;1470
3412501001;87;382,977;1968;0,020;0,530;78;11;14,100;1471
3412601001;220;271,405;1922;0,030;0,580;176;72;40,910;1472
3412701001;99;257,121;1976;0,010;0,600;89;16;17,980;1473
3412901001;121;228,388;1989;0,020;0,520;97;20;20,620;1474
3413001001;185;291,600;1960;0,010;0,580;170;30;17,650;1475
3413101001;45;331,311;1932;0,020;0,570;44;14;31,820;1476
3413201001;138;236,167;1969;0,010;0,630;123;23;18,700;1477
3413301001;83;206,771;1937;0,020;0,620;75;4;5,330;1478
3413401001;64;305,391;1952;0,020;0,550;54;24;44,440;1479
3413501001;515;300,515;1954;0,020;0,590;444;191;43,020;1480
3413601001;79;281,278;1986;0,020;0,510;70;19;27,140;1481
3413701001;39;282,359;1956;0,010;0,490;38;19;50,000;1482
3413901001;160;307,706;1938;0,020;0,610;143;73;51,050;1483
3414001001;69;293,652;1989;0,020;0,610;60;20;33,330;1484
3414101001;157;200,159;1945;0,030;0,590;131;9;6,870;1485
3414301001;189;264,640;1898;0,030;0,560;161;56;34,780;1486
3414601001;52;264,096;1922;0,040;0,530;44;2;4,550;1487
3414701001;186;252,522;1928;0,030;0,630;156;68;43,590;1488
3414901001;40;319,825;1962;0,010;0,560;38;10;26,320;1489
3415101001;186;268,527;1978;0,020;0,480;164;73;44,510;1490
3415201001;185;275,486;1974;0,010;0,600;152;33;21,710;1491
3415401001;59;351,356;1983;0,010;0,450;58;44;75,860;1492
3415501001;104;253,654;1918;0,030;0,590;93;11;11,830;1493
3415601001;40;318,875;1947;0,010;0,620;39;9;23,080;1494
3415701001;816;137,223;1987;0,010;0,650;608;8;1,320;1495
3415701002;989;154,087;1992;0,020;0,740;641;14;2,180;1496
3415701003;632;226,622;1981;0,020;0,650;545;55;10,090;1497
3415801001;280;243,039;1972;0,020;0,680;213;46;21,600;1498
3415901001;263;261,954;1969;0,010;0,610;232;32;13,790;1499
3416001001;172;319,634;1959;0,020;0,580;156;94;60,260;1500
3416101001;41;340,561;1969;0,020;0,480;33;15;45,450;1501
3416301001;87;291,161;1968;0,010;0,620;82;25;30,490;1502
3416501001;67;365,164;1960;0,010;0,510;64;17;26,560;1503
3416701001;65;326,462;1957;0,020;0,440;59;11;18,640;1504
3416801001;50;289,540;1982;0,020;0,470;48;34;70,830;1505
3416901001;219;251,338;1950;0,030;0,520;168;49;29,170;1506
3417001001;20;343,300;1956;0,020;0,480;17;9;52,940;1507
3417101001;1020;237,224;1970;0,020;0,640;929;295;31,750;1508
3417401001;159;300,075;1965;0,020;0,630;141;22;15,600;1509
3417501001;77;253,506;1938;0,030;0,520;60;27;45,000;1510
3417601001;162;281,401;1959;0,020;0,570;141;47;33,330;1511
3417701001;111;228,081;1949;0,030;0,700;94;24;25,530;1512
3417801001;110;252,691;1922;0,030;0,570;103;5;4,850;1513
3417901001;30;205,000;1998;0,030;0,620;21;6;28,570;1514
3418001001;95;347,705;1965;0,020;0,530;83;13;15,660;1515
3418101001;350;161,591;1965;0,020;0,710;296;20;6,760;1516
3418201001;821;179,348;1921;0,030;0,630;741;109;14,710;1517
3418401001;54;349,222;1972;0,020;0,600;50;3;6,000;1518
3418501001;163;242,479;1959;0,020;0,610;129;42;32,560;1519
3418601001;40;251,075;1920;0,040;0,440;36;3;8,330;1520
3418901001;66;259,879;1908;0,040;0,630;59;6;10,170;1521
3419001001;59;284,407;1985;0,020;0,550;45;18;40,000;1522
3419201001;112;293,554;1881;0,030;0,490;99;36;36,360;1523
3419601001;107;203,243;1939;0,020;0,590;94;25;26,600;1524
3419901001;1127;172,922;1965;0,010;0,700;948;149;15,720;3530
3420101001;162;273,846;1935;0,010;0,570;153;84;54,900;1525
3420201001;26;307,923;1929;0,020;0,470;25;9;36,000;1526
3420401001;61;335,197;1892;0,020;0,610;57;24;42,110;1527
3420501001;106;199,415;1936;0,020;0,560;95;18;18,950;1528
3420601001;743;186,374;1941;0,030;0,790;678;62;9,140;1529
3420801001;93;253,527;1982;0,020;0,500;78;28;35,900;1530
3421001001;130;248,077;1899;0,030;0,590;117;7;5,980;1531
3421101001;165;302,230;1956;0,010;0,520;154;49;31,820;1532
3421301001;85;226,824;1919;0,040;0,530;62;7;11,290;1533
3421401001;193;216,668;1986;0,020;0,670;154;27;17,530;1534
3421501001;142;286,746;1972;0,020;0,510;125;62;49,600;1535
3421601001;86;311,593;1960;0,010;0,570;84;32;38,100;1536
3421701001;946;181,950;1998;0,010;0,580;232;26;11,210;1537
3421801001;424;299,042;1981;0,010;0,580;275;65;23,640;1538
3422001001;116;314,181;1985;0,020;0,590;88;18;20,450;1539
3422101001;179;260,503;1946;0,020;0,530;151;21;13,910;1540
3422201001;93;287,903;2000;0,020;0,570;75;49;65,330;1541
3422301001;167;289,683;1920;0,030;0,600;146;57;39,040;1542
3422401001;41;326,220;1954;0,010;0,630;36;24;66,670;1543
3422501001;669;184,901;1977;0,020;0,560;413;25;6,050;1544
3422501002;1047;134,963;1989;0,010;0,590;700;5;0,710;1545
3422501003;822;137,276;1995;0,010;0,410;442;2;0,450;1546
3422501004;589;134,664;1991;0,010;0,500;432;1;0,230;1547
3422701001;35;298,943;1951;0,020;0,470;33;16;48,480;1548
3422801001;120;272,442;1991;0,020;0,620;97;21;21,650;1549
3422901001;55;335,945;1942;0,020;0,560;51;13;25,490;1550
3423001001;22;392,955;1962;0,020;0,530;21;4;19,050;1551
3423101001;258;256,326;1904;0,030;0,510;217;112;51,610;1552
3423201001;642;260,780;1986;0,020;0,660;605;49;8,100;1553
3423301001;182;273,220;1967;0,010;0,480;169;56;33,140;1554
3423401001;100;278,920;1987;0,020;0,510;91;19;20,880;1555
3423601001;190;283,353;1904;0,030;0,570;172;43;25,000;1556
3423701001;367;313,022;1981;0,020;0,560;296;47;15,880;1557
3423801001;311;202,521;1957;0,020;0,650;278;25;8,990;1558
3424001001;52;400,519;1974;0,020;0,510;48;22;45,830;1559
3424101001;25;315,600;1969;0,010;0,640;24;3;12,500;1560
3424201001;58;259,121;1969;0,010;0,660;46;8;17,390;1561
3424301001;311;229,180;1950;0,030;0,660;284;32;11,270;1562
3424501001;217;233,756;1988;0,020;0,580;156;75;48,080;1563
3424601001;83;303,024;1969;0,010;0,550;81;15;18,520;1564
3490101001;987;205,047;1966;0,010;0,750;914;200;21,880;1565
3490201001;170;364,412;1942;0,020;0,550;149;45;30,200;1566
3490301001;269;265,346;1893;0,030;0,540;248;81;32,660;1567
3490401001;433;332,594;1942;0,020;0,540;379;165;43,540;1568
3700101001;225;204,796;1961;0,020;0,480;194;60;30,930;1569
3700201001;217;169,401;1983;0,020;0,480;166;14;8,430;1570
3700301001;185;204,768;1958;0,020;0,540;163;44;26,990;1571
3700401001;20;166,100;1991;0,020;0,830;17;5;29,410;1572
3700501001;190;188,368;1958;0,020;0,630;176;45;25,570;1573
3700601001;135;136,963;1975;0,020;0,680;105;23;21,900;1574
3700701001;507;215,996;1950;0,030;0,580;456;52;11,400;1575
3700801001;1064;161,589;1990;0,020;0,650;647;20;3,090;1576
3700801002;1023;140,019;1983;0,020;0,630;706;28;3,970;1577
3700801003;1140;132,560;1992;0,010;0,570;662;19;2,870;1578
3700901001;187;203,305;1972;0,010;0,510;160;10;6,250;1579
3701001001;977;194,277;1976;0,020;0,650;762;95;12,470;1580
3701101001;215;184,633;1968;0,020;0,520;185;30;16,220;1581
3701201001;78;232,346;1955;0,030;0,760;57;12;21,050;1582
3701301001;120;158,533;1971;0,020;0,480;93;21;22,580;1583
3701401001;1037;190,453;1975;0,020;0,530;886;168;18,960;1584
3701501001;319;229,875;1958;0,020;0,610;297;55;18,520;1585
3701601001;468;167,237;1987;0,010;0,600;295;2;0,680;1586
3701701001;170;203,365;1974;0,020;0,560;123;5;4,070;1587
3701801001;136;174,647;1977;0,010;0,520;113;20;17,700;1588
3701901001;120;260,233;1963;0,020;0,520;106;35;33,020;1589
3702001001;376;224,801;1974;0,020;0,510;275;37;13,450;1590
3702101001;83;234,289;1962;0,020;0,730;76;13;17,110;1591
3702201001;226;190,190;1960;0,020;0,660;193;35;18,130;1592
3702301001;1246;211,712;2003;0,010;0,520;244;12;4,920;1593
3702401001;121;217,165;1965;0,020;0,580;89;12;13,480;1594
3702501001;148;164,378;1956;0,010;0,620;138;53;38,410;1595
3702601001;223;192,901;1963;0,010;0,640;195;53;27,180;1596
3702701001;199;187,533;1977;0,020;0,580;149;19;12,750;1597
3702801001;160;203,156;1971;0,020;0,570;144;32;22,220;1598
3702901001;137;186,759;1952;0,020;0,820;108;39;36,110;1599
3703001001;50;265,440;1962;0,020;0,520;42;20;47,620;1600
3703101001;357;191,826;1959;0,020;0,560;309;24;7,770;1601
3703201001;487;162,150;1992;0,020;0,680;230;17;7,390;1602
3703301001;72;246,472;1960;0,020;0,540;58;15;25,860;1603
3703401001;50;277,020;1972;0,020;0,660;38;13;34,210;1604
3703501001;304;190,924;1957;0,020;0,640;281;58;20,640;1605
3703601001;83;175,964;1970;0,020;0,470;62;26;41,940;1606
3703701001;90;233,300;1972;0,020;0,370;82;12;14,630;1607
3703801001;669;192,114;1981;0,020;0,650;441;84;19,050;1608
3703901001;292;185,041;1969;0,020;0,630;255;53;20,780;1609
3704001001;337;155,822;1958;0,020;0,690;296;64;21,620;1610
3704101001;64;212,859;1959;0,030;0,720;47;17;36,170;1611
3704201001;47;217,255;1968;0,020;0,600;40;4;10,000;1612
3704401001;423;192,234;1966;0,020;0,700;365;20;5,480;1613
3704501001;35;225,000;1969;0,020;0,390;24;9;37,500;1614
3704601001;1220;95,710;1968;0,020;0,720;1055;28;2,650;3531
3704601003;873;94,157;1958;0,020;0,920;761;53;6,960;1615
3704602001;683;108,343;1976;0,010;0,520;640;0;0,000;1616
3704602002;876;113,356;1972;0,020;0,820;748;93;12,430;1617
3704603001;799;110,772;1978;0,020;0,640;592;14;2,360;1618
3704603002;974;89,073;1984;0,020;0,660;787;15;1,910;1619
3704603003;912;110,263;1985;0,010;0,370;688;9;1,310;1620
3704604001;532;73,250;1969;0,010;0,440;496;4;0,810;1621
3704604002;663;91,719;1982;0,010;0,240;484;7;1,450;1622
3704604003;786;194,038;1980;0,020;0,740;592;49;8,280;1623
3704604004;769;94,905;1976;0,010;0,380;748;1;0,130;1624
3704604005;699;86,805;1971;0,010;0,310;591;0;0,000;1625
3704701001;75;165,307;1962;0,020;0,780;63;32;50,790;1626
3704901001;196;194,816;1978;0,020;0,630;155;20;12,900;1627
3705001001;64;192,109;1952;0,020;0,590;56;40;71,430;1628
3705101001;68;209,294;1934;0,030;0,550;62;17;27,420;1629
3705201001;233;171,275;1971;0,020;0,600;190;43;22,630;1630
3705401001;251;199,127;1967;0,020;0,720;210;55;26,190;1631
3705501001;122;205,074;1963;0,020;0,550;99;45;45,450;1632
3705601001;58;207,983;1969;0,020;0,580;45;13;28,890;1633
3705701001;198;191,828;1961;0,020;0,610;166;35;21,080;1634
3705801001;89;181,427;1969;0,020;0,760;78;6;7,690;1635
3705901001;111;193,595;1970;0,020;0,610;80;23;28,750;1636
3706001001;268;225,813;1996;0,020;0,530;81;17;20,990;1637
3706101001;232;190,940;1974;0,020;0,490;195;23;11,790;1638
3706201001;81;217,457;1939;0,030;0,480;68;21;30,880;1639
3706301001;118;190,568;1948;0,020;0,630;100;15;15,000;1640
3706501001;368;178,359;1971;0,020;0,610;320;50;15,620;1641
3706701001;633;232,401;1998;0,010;0,450;247;9;3,640;1642
3706701002;781;208,323;1999;0,010;0,480;293;10;3,410;1643
3706801001;348;216,402;1968;0,020;0,620;294;72;24,490;1644
3706901001;804;185,922;1989;0,010;0,700;477;45;9,430;1645
3707001001;567;184,929;1990;0,010;0,610;339;37;10,910;1646
3707101001;121;164,529;1968;0,020;0,460;98;14;14,290;1647
3707201001;124;143,000;1966;0,020;0,660;118;17;14,410;1648
3707301001;522;201,569;1984;0,010;0,630;324;23;7,100;1649
3707401001;117;171,983;1970;0,020;0,660;96;25;26,040;1650
3707701001;182;215,951;1970;0,010;0,630;158;12;7,590;1651
3707801001;1116;162,309;1959;0,030;0,840;885;42;4,750;1652
3707901001;52;261,058;1952;0,020;0,690;47;16;34,040;1653
3708001001;211;191,332;1972;0,020;0,600;171;8;4,680;1654
3708101001;764;173,618;1966;0,010;0,790;666;64;9,610;1655
3708201001;719;201,495;1975;0,010;0,600;591;83;14,040;1656
3708301001;202;192,960;1981;0,010;0,630;175;12;6,860;1657
3708501001;793;129,378;1998;0,000;0,590;325;2;0,620;1658
3708501002;848;100,459;2001;0,000;0,440;277;2;0,720;1659
3708501003;811;162,814;2007;0,000;0,490;66;0;0,000;1660
3708501004;731;322,410;2004;0,000;0,330;90;0;0,000;1661
3708601001;48;213,000;1972;0,020;0,520;38;17;44,740;1662
3708701001;657;204,959;2001;0,010;0,490;218;5;2,290;1663
3708801001;167;157,611;1954;0,020;0,710;139;52;37,410;1664
3708901001;96;230,000;1964;0,020;0,570;81;24;29,630;1665
3709001001;172;187,424;1970;0,020;0,510;149;49;32,890;1666
3709101001;300;204,280;1974;0,020;0,560;245;33;13,470;1667
3709201001;1622;133,288;2004;0,010;0,630;161;10;6,210;1668
3709601001;125;225,824;1973;0,020;0,560;91;35;38,460;1669
3709701001;35;184,543;1946;0,020;0,730;34;17;50,000;1670
3709801001;348;201,994;1978;0,020;0,520;310;32;10,320;1671
3709901001;88;201,523;1950;0,020;0,460;80;22;27,500;1672
3710001001;132;190,682;1969;0,020;0,680;119;25;21,010;1673
3710101001;220;173,464;1969;0,010;0,540;193;37;19,170;1674
3710201001;477;135,438;1963;0,020;0,490;426;8;1,880;1675
3710301001;594;210,569;1980;0,020;0,600;456;58;12,720;1676
3710401001;27;176,370;1956;0,020;0,540;24;4;16,670;1677
3710601001;338;166,411;1970;0,020;0,660;291;58;19,930;1678
3710701001;597;149,621;1971;0,020;0,760;505;31;6,140;1679
3710701002;428;150,035;1974;0,020;0,780;367;39;10,630;1680
3710702001;910;125,019;1985;0,010;0,670;659;18;2,730;1681
3710702002;828;117,705;1980;0,010;0,470;704;20;2,840;1682
3710702003;888;137,382;1983;0,010;0,650;571;21;3,680;1683
3710702004;1146;134,329;1987;0,010;0,510;805;13;1,610;1684
3710702005;828;126,908;1980;0,010;0,630;696;20;2,870;1685
3710702006;903;144,035;1975;0,010;0,670;784;69;8,800;1686
3710702007;798;167,391;1985;0,010;0,610;641;13;2,030;1687
3710702008;662;133,360;1986;0,010;0,510;606;14;2,310;1688
3710703001;650;147,334;1970;0,010;0,660;623;54;8,670;1689
3710801001;80;258,288;1944;0,020;0,540;77;8;10,390;1690
3710901001;222;165,288;1966;0,020;0,560;195;25;12,820;1691
3711001001;57;245,877;1956;0,030;0,630;44;19;43,180;1692
3711201001;215;190,809;1971;0,020;0,580;189;31;16,400;1693
3711301001;223;185,197;1974;0,020;0,570;147;51;34,690;1694
3711401001;46;170,522;1899;0,030;0,810;44;10;22,730;1695
3711501001;117;235,786;1972;0,020;0,500;82;18;21,950;1696
3711601001;47;218,915;1973;0,020;0,830;31;15;48,390;1697
3711701001;1011;182,865;1995;0,010;0,480;291;18;6,190;1698
3711801001;125;170,464;1959;0,020;0,530;106;42;39,620;1699
3711901001;189;173,725;1972;0,020;0,500;165;13;7,880;1700
3712001001;104;184,298;1984;0,030;0,660;60;26;43,330;1701
3712101001;403;158,149;1990;0,010;0,760;188;31;16,490;1702
3712201001;92;174,424;1971;0,020;0,610;68;14;20,590;1703
3712301001;173;198,382;1970;0,020;0,580;142;8;5,630;1704
3712401001;246;190,459;1967;0,020;0,500;204;61;29,900;1705
3712501001;299;199,365;1974;0,020;0,500;256;12;4,690;1706
3712601001;30;205,400;1968;0,020;0,660;26;9;34,620;1707
3712701001;286;160,664;1963;0,020;0,560;244;26;10,660;1708
3712801001;201;215,199;1953;0,020;0,670;180;29;16,110;1709
3712901001;259;201,934;1984;0,020;0,600;202;10;4,950;1710
3713001001;82;285,488;1969;0,020;0,580;68;20;29,410;1711
3713101001;215;210,614;1965;0,020;0,510;192;16;8,330;1712
3713201001;379;179,831;1963;0,020;0,580;354;61;17,230;1713
3713301001;127;179,031;1976;0,020;0,480;112;6;5,360;1714
3713401001;170;210,324;1967;0,010;0,580;140;35;25,000;1715
3713501001;1099;158,641;1976;0,010;0,730;872;70;8,030;1716
3713601001;745;183,756;1970;0,020;0,680;657;71;10,810;1717
3713701001;62;340,597;1956;0,020;0,510;59;10;16,950;1718
3713801001;221;226,457;1972;0,010;0,510;175;21;12,000;1719
3713901001;321;172,754;1955;0,010;0,700;292;50;17,120;1720
3714001001;555;197,991;1968;0,010;0,760;525;44;8,380;1721
3714101001;184;193,484;1947;0,030;0,640;156;19;12,180;1722
3714201001;800;192,934;1991;0,010;0,600;532;39;7,330;1723
3714301001;432;174,347;1960;0,020;0,700;381;59;15,490;1724
3714401001;261;233,916;1962;0,010;0,570;233;91;39,060;1725
3714501001;306;214,902;1957;0,020;0,650;284;79;27,820;1726
3714601001;175;197,446;1959;0,020;0,550;123;61;49,590;1727
3714701001;212;213,075;1960;0,020;0,440;169;35;20,710;1728
3714801001;185;250,573;1972;0,020;0,700;149;26;17,450;1729
3714901001;28;267,786;1958;0,020;0,720;26;9;34,620;1730
3715001001;16;307,188;1954;0,020;0,530;15;4;26,670;1731
3715101001;123;217,569;1972;0,010;0,690;100;13;13,000;1732
3715201001;173;176,410;1976;0,010;0,730;110;13;11,820;1733
3715401001;126;260,381;1957;0,020;0,630;117;21;17,950;1734
3715501001;75;191,400;1959;0,030;0,490;50;25;50,000;1735
3715601001;1021;150,438;1989;0,010;0,750;649;17;2,620;1736
3715601002;1225;151,274;1979;0,010;0,760;1039;26;2,500;1737
3715601003;869;171,841;1977;0,010;0,800;674;33;4,900;1738
3715701001;124;224,952;1965;0,020;0,440;115;5;4,350;1739
3715801001;275;177,284;1955;0,030;0,550;221;29;13,120;1740
3715901001;125;220,664;1969;0,020;0,500;105;30;28,570;1741
3716001001;616;194,458;1971;0,020;0,560;545;95;17,430;1742
3716101001;234;164,803;1963;0,020;0,580;210;18;8,570;1743
3716201001;312;159,792;1964;0,020;0,680;279;56;20,070;1744
3716301001;81;158,753;1981;0,020;0,670;47;11;23,400;1745
3716401001;233;188,283;1981;0,020;0,630;149;36;24,160;1746
3716501001;49;210,408;1972;0,020;0,700;36;9;25,000;1747
3716601001;178;201,893;1976;0,020;0,540;120;30;25,000;1748
3716701001;108;231,685;1971;0,020;0,680;87;19;21,840;1749
3716801001;675;175,169;1968;0,020;0,620;553;161;29,110;1750
3716901001;142;158,317;1964;0,020;0,580;108;57;52,780;1751
3717001001;1273;158,227;1972;0,020;0,720;1064;321;30,170;1752
3717101001;428;221,353;1965;0,020;0,690;345;46;13,330;1753
3717201001;802;192,954;1979;0,010;0,600;690;85;12,320;1754
3717301001;888;218,839;1972;0,020;0,650;775;68;8,770;1755
3717302001;670;199,696;1975;0,020;0,560;539;43;7,980;1756
3717401001;1063;194,492;1969;0,020;0,610;925;67;7,240;1757
3717501001;279;236,849;1975;0,010;0,590;226;52;23,010;1758
3717601001;137;182,161;1961;0,020;0,520;122;12;9,840;1759
3717701001;393;169,842;1972;0,010;0,530;330;17;5,150;1760
3717801001;88;178,989;1949;0,020;0,630;77;39;50,650;1761
3717901001;237;216,806;1944;0,020;0,700;209;61;29,190;1762
3718001001;91;179,154;1980;0,020;0,610;67;29;43,280;1763
3718101001;271;242,011;1980;0,020;0,470;178;57;32,020;1764
3718201001;102;206,961;1968;0,030;0,710;63;22;34,920;1765
3718301001;272;182,290;1968;0,020;0,740;204;116;56,860;1766
3718401001;427;159,297;1975;0,020;0,530;373;44;11,800;1767
3718501001;535;259,245;1989;0,010;0,560;311;42;13,500;1768
3718601001;77;183,312;1963;0,010;0,690;70;9;12,860;1769
3718701001;179;143,788;1980;0,020;0,730;112;42;37,500;1770
3718801001;160;167,806;1963;0,010;0,650;137;38;27,740;1771
3718901001;96;155,208;1970;0,020;0,580;79;19;24,050;1772
3719001001;295;211,878;1976;0,020;0,440;258;52;20,160;1773
3719101001;131;194,947;1969;0,020;0,450;108;27;25,000;1774
3719201001;296;184,628;1991;0,010;0,660;183;13;7,100;1775
3719301001;549;183,306;1953;0,020;0,600;477;51;10,690;1776
3719401001;366;183,530;1942;0,020;0,660;339;63;18,580;1777
3719501001;80;147,688;1963;0,020;0,540;68;15;22,060;1778
3719601001;115;181,809;1949;0,020;0,560;108;11;10,190;1779
3719701001;115;170,904;1974;0,010;0,580;93;24;25,810;1780
3719801001;226;203,646;1980;0,020;0,600;176;33;18,750;1781
3719901001;152;196,632;1983;0,020;0,490;112;16;14,290;1782
3720001001;110;211,809;1968;0,020;0,460;85;35;41,180;1783
3720101001;336;161,131;1950;0,020;0,620;307;38;12,380;1784
3720201001;546;197,183;1999;0,010;0,340;241;6;2,490;1785
3720301001;125;182,232;1971;0,020;0,760;91;23;25,270;1786
3720401001;311;223,743;1968;0,020;0,530;290;39;13,450;1787
3720501001;240;164,246;1962;0,020;0,710;182;46;25,270;1788
3720601001;79;234,823;1959;0,030;0,740;59;20;33,900;1789
3720701001;333;157,357;2005;0,020;0,670;71;24;33,800;1790
3720801001;91;218,956;1964;0,020;0,590;78;4;5,130;1791
3720901001;404;185,228;1983;0,020;0,700;298;32;10,740;1792
3721101001;146;211,952;1966;0,020;0,710;122;51;41,800;1793
3721201001;200;152,365;1969;0,030;0,670;131;5;3,820;1794
3721301001;158;186,728;1949;0,010;0,490;143;39;27,270;1795
3721401001;176;182,773;1970;0,010;0,540;157;21;13,380;1796
3721501001;166;179,542;1956;0,020;0,650;147;23;15,650;1797
3721601001;228;176,728;1970;0,020;0,600;175;37;21,140;1798
3721701001;84;170,786;1946;0,030;0,670;62;18;29,030;1799
3721801001;201;201,682;1978;0,010;0,530;172;12;6,980;1800
3721901001;183;173,978;1976;0,020;0,490;125;43;34,400;1801
3722101001;580;194,766;1968;0,020;0,510;552;52;9,420;1802
3722201001;81;260,247;1951;0,020;0,540;72;17;23,610;1803
3722301001;94;186,117;1965;0,020;0,550;78;28;35,900;1804
3722401001;157;258,803;1964;0,010;0,610;138;20;14,490;1805
3722501001;88;248,307;1966;0,020;0,500;70;6;8,570;1806
3722601001;105;260,600;1968;0,020;0,530;86;44;51,160;1807
3722801001;263;223,688;1962;0,010;0,700;249;33;13,250;1808
3722901001;111;288,685;1956;0,020;0,540;89;29;32,580;1809
3723001001;166;177,187;1981;0,020;0,580;121;10;8,260;1810
3723101001;301;164,748;1948;0,020;0,590;253;19;7,510;1811
3723201001;343;211,367;1966;0,020;0,630;282;25;8,870;1812
3723301001;69;228,319;1966;0,020;0,580;55;12;21,820;1813
3723401001;477;243,243;1972;0,020;0,480;414;99;23,910;1814
3723501001;199;200,151;1965;0,020;0,660;172;39;22,670;1815
3723601001;71;221,620;1949;0,020;0,600;60;16;26,670;1816
3723701001;328;208,302;1967;0,010;0,540;301;39;12,960;1817
3723801001;79;253,468;1963;0,030;0,550;57;13;22,810;1818
3723901001;222;192,464;1949;0,030;0,520;188;47;25,000;1819
3724001001;829;229,782;1994;0,010;0,660;479;34;7,100;1820
3724101001;130;165,646;1973;0,020;0,550;110;24;21,820;1821
3724201001;80;220,188;1966;0,020;0,560;67;19;28,360;1822
3724301001;88;209,295;1969;0,020;0,560;79;20;25,320;1823
3724401001;186;178,027;1970;0,020;0,550;110;53;48,180;1824
3724501001;447;216,541;1969;0,010;0,490;409;59;14,430;1825
3724601001;1059;120,279;1984;0,010;0,670;685;24;3,500;1826
3724601002;1156;132,981;1991;0,010;0,660;688;45;6,540;1827
3724602001;1045;119,374;1979;0,010;0,520;822;26;3,160;1828
3724602002;752;132,351;1981;0,020;0,610;537;51;9,500;1829
3724701001;142;211,993;1967;0,020;0,600;126;25;19,840;1830
3724801001;181;188,320;1978;0,020;0,690;139;25;17,990;1831
3724901001;55;162,927;1972;0,020;0,540;47;14;29,790;1832
3725001001;481;149,557;1973;0,020;0,590;408;102;25,000;1833
3725101001;166;189,096;1973;0,020;0,520;144;11;7,640;1834
3725201001;135;157,830;1961;0,020;0,620;122;8;6,560;1835
3725301001;83;226,398;1973;0,020;0,760;65;16;24,620;1836
3725401001;164;195,006;1967;0,020;0,500;133;34;25,560;1837
3725501001;35;193,886;1944;0,020;0,530;32;16;50,000;1838
3725601001;123;208,341;1949;0,020;0,630;103;33;32,040;1839
3725701001;26;234,423;1955;0,020;0,800;22;16;72,730;1840
3725801001;225;194,653;1978;0,020;0,580;182;45;24,730;1841
3725901001;32;192,188;1934;0,030;0,560;27;11;40,740;1842
3726001001;183;178,421;1974;0,020;0,560;160;23;14,370;1843
3726101001;500;203,724;1969;0,020;0,570;432;87;20,140;1844
3726201001;22;258,864;1962;0,020;0,540;19;13;68,420;1845
3726301001;503;155,433;1957;0,020;0,670;447;57;12,750;1846
3726401001;146;196,144;1964;0,020;0,530;129;30;23,260;1847
3726501001;186;243,720;1958;0,020;0,700;169;57;33,730;1848
3726601001;72;265,708;1956;0,020;0,450;63;39;61,900;1849
3726701001;192;170,135;1977;0,020;0,530;150;38;25,330;1850
3726801001;92;186,652;1958;0,030;0,530;77;12;15,580;1851
3726901001;472;259,464;1973;0,020;0,510;382;49;12,830;1852
3727001001;156;161,506;1963;0,020;0,710;131;25;19,080;1853
3727101001;206;164,146;1974;0,020;0,670;161;42;26,090;1854
3727201001;157;208,605;1957;0,020;0,650;136;47;34,560;1855
3727301001;88;274,420;1952;0,010;0,440;82;46;56,100;1856
3727401001;888;126,654;1966;0,020;0,600;773;39;5,050;1857
3727401002;838;131,228;1969;0,010;0,450;830;41;4,940;1858
3727401003;574;128,848;1972;0,000;0,340;571;7;1,230;1859
3727401004;653;130,548;1977;0,010;0,350;592;5;0,840;1860
3727401005;873;117,404;1975;0,000;0,330;865;6;0,690;1861
3727401006;1277;100,910;1990;0,010;0,690;835;18;2,160;1862
3727401007;1040;100,429;1983;0,010;0,590;832;28;3,370;1863
3727401008;489;117,939;1976;0,000;0,330;482;1;0,210;1864
3727401009;853;109,106;1981;0,010;0,470;759;3;0,400;1865
3727401010;741;132,711;1975;0,010;0,460;684;36;5,260;1866
3727401011;687;124,613;1974;0,010;0,380;667;5;0,750;1867
3727401012;407;122,373;1972;0,000;0,190;407;0;0,000;1868
3727402001;990;127,102;1977;0,010;0,410;878;13;1,480;1869
3727402002;1109;112,730;1977;0,010;0,270;1106;8;0,720;1870
3727402003;874;111,771;1977;0,010;0,310;852;4;0,470;1871
3727402004;869;107,362;1979;0,010;0,310;834;4;0,480;1872
3727402005;888;95,427;1987;0,010;0,220;806;0;0,000;1873
3727402006;668;102,623;1996;0,000;0,270;472;0;0,000;1874
3727402007;761;87,788;1972;0,000;0,180;761;7;0,920;1875
3727402008;747;89,138;1972;0,010;0,260;747;4;0,540;1876
3727402009;549;97,987;1978;0,010;0,170;545;8;1,470;1877
3727402010;915;104,372;1976;0,010;0,270;858;0;0,000;1878
3727402011;489;89,374;1974;0,000;0,200;489;3;0,610;1879
3727402012;693;113,076;1984;0,000;0,220;654;0;0,000;1880
3727402013;542;101,655;1975;0,000;0,210;542;1;0,180;1881
3727402014;574;115,084;1976;0,010;0,370;564;0;0,000;1882
3727402015;526;94,403;1978;0,010;0,240;526;1;0,190;1883
3727402016;404;110,455;1986;0,000;0,470;403;5;1,240;1884
3727402017;375;109,349;1983;0,000;0,230;360;0;0,000;1885
3727402018;933;97,626;1994;0,000;0,220;860;0;0,000;1886
3727402019;423;104,262;1982;0,010;0,620;385;1;0,260;1887
3727402020;683;92,321;1997;0,000;0,150;610;1;0,160;1888
3727403001;475;95,299;1974;0,010;0,320;474;2;0,420;1889
3727403002;1617;98,792;1987;0,010;0,620;1219;6;0,490;1890
3727403003;467;86,171;1979;0,000;0,110;467;0;0,000;1891
3727403004;907;97,657;1972;0,010;0,250;762;3;0,390;1892
3727403005;600;97,763;1968;0,000;0,180;600;0;0,000;1893
3727403006;376;97,971;1955;0,010;0,340;366;59;16,120;1894
3727403007;630;104,551;1997;0,000;0,330;612;0;0,000;1895
3727403008;467;85,323;1973;0,000;0,230;466;0;0,000;1896
3727403009;1143;109,843;1996;0,010;0,530;542;14;2,580;1897
3727403010;737;100,749;1996;0,000;0,370;586;0;0,000;1898
3727403011;568;128,345;1989;0,010;0,720;377;11;2,920;1899
3727403012;355;85,211;1980;0,000;0,190;354;2;0,560;1900
3727403013;785;94,065;1985;0,010;0,640;740;12;1,620;1901
3727403014;861;96,390;1983;0,010;0,410;611;36;5,890;1902
3727403015;504;97,849;1990;0,000;0,190;484;0;0,000;1903
3727403016;383;114,157;1998;0,000;0,320;383;0;0,000;1904
3727403017;1015;139,424;2003;0,000;0,420;111;0;0,000;1905
3727403018;1281;100,947;2001;0,010;0,380;131;11;8,400;1906
3727403019;622;113,635;1996;0,010;0,500;210;6;2,860;1907
3727403020;780;110,779;2008;0,000;0,320;4;0;0,000;1908
3727404001;661;97,026;1977;0,010;0,490;649;25;3,850;1909
3727404002;848;99,745;1975;0,000;0,260;820;1;0,120;1910
3727404003;721;94,963;1977;0,000;0,220;707;0;0,000;1911
3727404004;1053;93,653;1978;0,010;0,270;943;2;0,210;1912
3727404005;1132;78,928;1972;0,010;0,280;1051;5;0,480;1913
3727404006;937;78,835;1963;0,000;0,220;937;7;0,750;1914
3727404008;746;74,252;1966;0,000;0,280;746;0;0,000;1915
3727404009;868;95,888;1994;0,010;0,350;288;12;4,170;1916
3727404010;1212;87,421;1988;0,010;0,340;877;5;0,570;1917
3727404011;679;93,001;1987;0,010;0,250;545;3;0,550;1918
3727404012;1029;94,001;1998;0,000;0,200;677;0;0,000;1919
3727404013;766;86,471;1991;0,010;0,250;564;2;0,350;1920
3727404014;651;79,863;1967;0,010;0,350;647;11;1,700;1921
3727404016;944;106,922;1976;0,010;0,260;881;13;1,480;1922
3727404017;781;97,182;1989;0,010;0,450;404;2;0,500;1923
3727404018;613;97,956;1974;0,000;0,220;613;2;0,330;1924
3727404019;1242;85,853;1990;0,010;0,250;872;10;1,150;1925
3727404020;596;115,069;1977;0,010;0,340;550;1;0,180;1926
3727404021;705;92,336;1987;0,010;0,200;612;0;0,000;1927
3727404022;1009;95,186;1995;0,010;0,470;444;14;3,150;1928
3727404023;640;94,072;1997;0,000;0,390;619;1;0,160;1929
3727404024;1716;107,879;2006;0,000;0,390;2;0;0,000;1930
3727404025;1141;93,634;2006;0,000;0,180;0;0;;1931
3727405001;925;125,724;1973;0,010;0,350;905;17;1,880;1932
3727405002;686;114,399;1977;0,000;0,280;656;4;0,610;1933
3727405003;569;108,023;1977;0,000;0,270;565;3;0,530;1934
3727405004;679;90,616;1972;0,010;0,280;614;0;0,000;1935
3727405005;1145;91,500;1966;0,010;0,250;1103;1;0,090;3532
3727405006;949;92,020;1969;0,010;0,220;932;2;0,210;1936
3727405007;719;83,533;1968;0,000;0,260;719;0;0,000;1937
3727405008;747;112,467;1994;0,010;0,610;335;8;2,390;1938
3727405009;904;88,232;1986;0,010;0,220;904;0;0,000;1939
3727405010;611;95,900;1967;0,000;0,270;611;1;0,160;1940
3727405011;662;98,340;1976;0,000;0,180;662;5;0,760;1941
3727405012;931;91,579;1974;0,010;0,250;827;0;0,000;1942
3727405013;671;80,289;1968;0,000;0,130;671;1;0,150;1943
3727405014;337;96,145;1973;0,000;0,110;337;0;0,000;1944
3727405015;581;82,420;1967;0,000;0,170;581;0;0,000;1945
3727405016;329;91,383;1977;0,000;0,120;329;1;0,300;1946
3727405017;810;92,242;1973;0,010;0,240;797;2;0,250;1947
3727405018;507;79,515;1966;0,000;0,180;507;0;0,000;1948
3727405019;620;109,198;1981;0,000;0,280;597;4;0,670;1949
3727405020;783;113,441;1982;0,010;0,410;620;0;0,000;1950
3727405022;476;74,645;1972;0,000;0,020;476;0;0,000;1951
3727405025;694;91,755;1995;0,000;0,330;674;2;0,300;1952
3727405026;576;88,698;1976;0,010;0,310;456;0;0,000;1953
3727406001;915;98,485;1972;0,010;0,220;885;1;0,110;1954
3727406002;817;100,375;1969;0,010;0,240;811;9;1,110;1955
3727406003;919;114,367;1973;0,010;0,270;890;8;0,900;1956
3727406004;479;125,021;1970;0,000;0,250;479;0;0,000;1957
3727406005;709;100,472;1976;0,010;0,240;682;1;0,150;1958
3727406006;770;99,455;1975;0,010;0,260;713;3;0,420;1959
3727406007;666;102,245;1973;0,000;0,180;666;0;0,000;1960
3727406008;702;76,188;1968;0,010;0,280;680;0;0,000;1961
3727406009;602;102,025;1980;0,010;0,200;530;1;0,190;1962
3727406010;933;89,248;1976;0,010;0,280;835;0;0,000;1963
3727406011;1224;91,556;1990;0,010;0,300;769;0;0,000;1964
3727406012;792;105,715;1975;0,000;0,250;784;0;0,000;1965
3727406013;955;107,057;1975;0,010;0,240;942;3;0,320;1966
3727406014;826;97,660;1976;0,010;0,190;796;0;0,000;1967
3727406015;557;92,797;1977;0,010;0,350;557;1;0,180;1968
3727406016;665;130,594;1978;0,010;0,360;592;8;1,350;1969
3727406017;1000;103,089;1983;0,010;0,200;838;4;0,480;1970
3727406019;684;108,256;1983;0,010;0,410;654;0;0,000;1971
3727406020;1006;113,438;1999;0,010;0,540;246;4;1,630;1972
3727406021;906;92,102;1997;0,000;0,200;349;2;0,570;1973
3727406022;421;99,995;1979;0,010;0,180;399;0;0,000;1974
3727406023;791;92,534;1993;0,000;0,370;646;0;0,000;1975
3727501001;127;198,496;1972;0,010;0,850;112;21;18,750;1976
3727601001;301;238,638;1962;0,020;0,690;279;68;24,370;1977
3727701001;39;323,513;1965;0,020;0,620;33;21;63,640;1978
3727801001;730;164,152;1999;0,010;0,710;207;12;5,800;1979
3727901001;691;184,480;1971;0,010;0,660;592;151;25,510;1980
3728001001;70;168,271;1973;0,020;0,790;58;28;48,280;1981
3728101001;41;153,073;1960;0,020;0,730;35;20;57,140;1982
3728201001;301;162,844;1973;0,020;0,520;251;41;16,330;1983
3728301001;91;223,879;1957;0,020;0,560;79;39;49,370;1984
3728401001;380;213,784;1966;0,020;0,530;332;42;12,650;1985
3728501001;464;227,282;1953;0,020;0,540;423;30;7,090;1986
3728601001;362;183,818;1950;0,020;0,630;304;51;16,780;1987
3728701001;317;213,555;1978;0,010;0,550;243;23;9,470;1988
3728801001;214;189,463;1985;0,020;0,450;111;5;4,500;1989
3728901001;137;185,234;1963;0,020;0,540;116;46;39,660;1990
3729001001;104;184,029;1977;0,020;0,680;76;18;23,680;1991
3729101001;173;189,936;1977;0,020;0,820;117;36;30,770;1992
3729201001;51;238,686;1976;0,020;0,630;38;11;28,950;1993
3729301001;118;181,593;1954;0,020;0,660;109;60;55,050;1994
3729401001;807;99,611;1986;0,010;0,360;736;2;0,270;1995
3729401002;681;101,401;1986;0,000;0,210;665;0;0,000;1996
3729401003;944;91,157;1995;0,000;0,320;695;0;0,000;1997
3729401004;647;133,172;1994;0,000;0,750;341;1;0,290;1998
3729401005;526;120,810;1994;0,010;0,570;336;0;0,000;1999
3729401006;967;123,706;1995;0,010;0,680;475;0;0,000;2000
3729401007;547;309,218;1989;0,000;0,330;497;1;0,200;2001
3729401008;712;196,660;2004;0,000;0,350;128;0;0,000;2002
3729401009;453;305,163;1999;0,000;0,320;242;0;0,000;2003
3729401010;641;110,621;2000;0,000;0,300;281;0;0,000;3533
3729601001;414;215,879;1957;0,020;0,680;385;92;23,900;2004
3729701001;333;213,706;1969;0,020;0,610;252;47;18,650;2005
3729801001;210;157,033;1956;0,020;0,660;184;21;11,410;2006
3729901001;141;250,411;1971;0,020;0,470;103;50;48,540;2007
3730001001;686;162,914;1968;0,020;0,480;550;58;10,550;2008
3730101001;83;188,108;1984;0,020;0,820;60;9;15,000;2009
3730201001;310;176,971;1968;0,020;0,540;275;50;18,180;2010
3730301001;191;254,131;1979;0,020;0,470;155;35;22,580;2011
3730401001;211;195,630;1963;0,020;0,600;183;23;12,570;2012
3730501001;376;196,665;1976;0,020;0,630;323;12;3,720;2013
3730601001;414;205,983;1965;0,020;0,550;347;37;10,660;2014
3730701001;119;194,261;1970;0,020;0,580;102;19;18,630;2015
3730901001;42;179,976;1967;0,020;0,480;36;8;22,220;2016
3731001001;70;195,971;1964;0,020;0,710;60;17;28,330;2017
3731101001;402;164,184;1968;0,020;0,510;359;44;12,260;2018
3731201001;272;204,408;1963;0,020;0,550;223;20;8,970;2019
3731301001;407;201,966;1965;0,020;0,550;360;16;4,440;2020
3731401001;33;287,697;1958;0,020;0,760;24;13;54,170;2021
3731501001;121;223,231;1944;0,020;0,480;105;39;37,140;2022
3731601001;713;162,105;1974;0,010;0,690;559;39;6,980;2023
3731701001;206;222,752;1971;0,010;0,560;187;71;37,970;2024
3731801001;77;269,104;1971;0,020;0,460;50;16;32,000;2025
3731901001;222;171,230;1957;0,020;0,620;188;20;10,640;2026
3732001001;70;201,057;1973;0,020;0,650;55;25;45,450;2027
3732101001;104;246,221;1970;0,020;0,540;86;18;20,930;2028
3732201001;581;187,427;1984;0,010;0,450;447;11;2,460;2029
3732201002;1394;88,346;1990;0,000;0,200;1189;0;0,000;2030
3732301001;373;206,761;1977;0,010;0,580;281;100;35,590;2031
3732401001;270;277,256;1955;0,020;0,570;251;8;3,190;2032
3732501001;109;136,404;1960;0,020;0,550;95;16;16,840;2033
3732701001;144;243,222;1971;0,020;0,590;112;37;33,040;2034
3732801001;179;163,402;1983;0,020;0,760;142;10;7,040;2035
3732901001;20;253,500;1950;0,020;0,470;19;10;52,630;2036
3733001001;297;193,912;1967;0,020;0,620;233;33;14,160;2037
3733101001;210;202,652;1953;0,020;0,580;188;13;6,910;2038
3733201001;66;139,091;1969;0,020;0,580;51;7;13,730;2039
3733301001;114;189,781;1975;0,020;0,650;83;27;32,530;2040
3733401001;54;145,796;1953;0,030;0,650;40;1;2,500;2041
3733501001;254;187,118;1961;0,020;0,530;200;70;35,000;2042
3733601001;48;195,333;1942;0,030;0,510;35;22;62,860;2043
3733701001;73;233,438;1983;0,020;0,550;53;9;16,980;2044
3733801001;76;252,118;1965;0,010;0,670;64;25;39,060;2045
3733901001;226;211,004;1963;0,020;0,520;195;36;18,460;2046
3734001001;113;194,726;1982;0,020;0,650;72;28;38,890;2047
3734101001;98;139,684;1966;0,020;0,540;83;18;21,690;2048
3734201001;168;217,244;1982;0,020;0,750;108;26;24,070;2049
3734301001;87;197,115;1943;0,030;0,640;59;12;20,340;2050
3734401001;119;188,630;1965;0,020;0,860;90;43;47,780;2051
3734501001;126;186,548;1972;0,020;0,670;104;22;21,150;2052
3734601001;218;159,229;1959;0,020;0,620;187;74;39,570;2053
3734701001;386;230,855;1966;0,020;0,560;249;33;13,250;2054
3734801001;122;203,869;1962;0,020;0,660;109;37;33,940;2055
3734901001;111;187,333;1972;0,020;0,770;102;16;15,690;2056
3735001001;431;255,545;1971;0,020;0,540;397;77;19,400;2057
3735101001;249;214,112;1969;0,020;0,630;211;51;24,170;2058
3735201001;170;195,918;1982;0,020;0,600;119;28;23,530;2059
3735301001;90;176,544;1965;0,010;0,700;83;16;19,280;2060
3735401001;701;158,208;1996;0,010;0,520;259;19;7,340;2061
3735401002;1458;241,967;2002;0,010;0,470;333;32;9,610;2062
3735401003;1019;129,909;1998;0,010;0,590;467;17;3,640;2063
3735401004;549;185,273;1995;0,000;0,580;447;2;0,450;2064
3735501001;294;212,252;1963;0,030;0,480;244;58;23,770;2065
3735601001;72;245,014;1961;0,020;0,630;63;16;25,400;2066
3735701001;293;213,652;1974;0,020;0,620;241;65;26,970;2067
3735801001;144;252,465;1970;0,010;0,710;121;19;15,700;2068
3735901001;287;241,063;1967;0,020;0,670;254;75;29,530;2069
3736001001;226;174,385;1966;0,020;0,620;210;74;35,240;2070
3736101001;69;138,942;1974;0,020;0,560;62;13;20,970;2071
3736201001;640;154,730;1998;0,010;0,670;250;8;3,200;2072
3736201002;823;170,741;2000;0,010;0,740;349;7;2,010;2073
3736201003;617;152,395;2000;0,010;0,570;264;7;2,650;2074
3736201004;774;103,783;2003;0,000;0,340;66;7;10,610;2075
3736301001;97;192,577;1956;0,020;0,680;93;44;47,310;2076
3736401001;1203;132,151;1971;0,020;0,600;1085;222;20,460;2077
3736501001;128;243,383;1971;0,020;0,740;115;20;17,390;2078
3736601001;49;188,857;1973;0,020;0,650;41;1;2,440;2079
3736701001;223;181,758;1974;0,020;0,780;184;21;11,410;2080
3736801001;13;267,154;1954;0,020;0,410;12;5;41,670;2081
3736901001;161;177,832;1973;0,020;0,570;135;48;35,560;2082
3737001001;191;205,618;1968;0,020;0,610;170;22;12,940;2083
3737101001;253;236,518;1979;0,010;0,490;222;18;8,110;2084
3737201001;84;329,250;1925;0,030;0,530;70;16;22,860;2085
3737301001;843;168,791;1964;0,010;0,720;769;223;29,000;2086
3737401001;771;202,074;1981;0,010;0,580;564;38;6,740;2087
3737501001;396;249,412;1974;0,010;0,510;337;59;17,510;2088
3737601001;880;146,150;1979;0,010;0,620;714;51;7,140;2089
3737601002;872;151,267;1979;0,010;0,640;683;59;8,640;2090
3737701001;247;251,814;1965;0,020;0,550;209;26;12,440;2091
3737801001;110;204,018;1968;0,020;0,500;99;15;15,150;2092
3737901001;97;236,247;1975;0,020;0,600;71;17;23,940;2093
3738001001;63;150,127;1975;0,020;0,640;45;11;24,440;2094
3738101001;177;171,650;1973;0,020;0,630;156;26;16,670;2095
3738201001;171;229,357;1947;0,020;0,640;163;51;31,290;2096
4000101001;532;241,940;1988;0,020;0,590;367;58;15,800;2097
4000201001;92;181,478;1968;0,020;0,500;70;19;27,140;2098
4000301001;250;225,844;1970;0,020;0,500;207;57;27,540;2099
4000401001;651;196,853;1977;0,020;0,590;555;88;15,860;2100
4000501001;94;216,340;1978;0,020;0,430;72;21;29,170;2101
4000601001;76;284,908;1961;0,020;0,430;67;51;76,120;2102
4000701001;195;210,749;1976;0,020;0,480;151;31;20,530;2103
4000801001;101;261,465;1973;0,020;0,460;81;16;19,750;2104
4000901001;167;165,695;1977;0,020;0,550;126;35;27,780;2105
4001001001;148;258,142;1951;0,020;0,470;134;50;37,310;2106
4001201001;308;234,659;1960;0,020;0,530;255;26;10,200;2107
4001301001;119;241,748;1964;0,020;0,600;99;16;16,160;2108
4001401001;138;160,942;1983;0,020;0,640;116;25;21,550;2109
4001501001;124;201,097;1970;0,020;0,580;101;35;34,650;2110
4001601001;66;255,894;1966;0,020;0,530;58;16;27,590;2111
4001701001;101;218,772;1976;0,020;0,530;65;12;18,460;2112
4001801001;109;208,321;1963;0,020;0,590;96;26;27,080;2113
4001901001;87;231,724;1972;0,020;0,500;65;12;18,460;2114
4002001001;485;204,371;1981;0,020;0,580;369;57;15,450;2115
4002101001;48;243,979;1982;0,020;0,540;29;6;20,690;2116
4002201001;348;237,876;1968;0,020;0,540;302;59;19,540;2117
4002401001;1508;178,245;1973;0,020;0,600;1174;147;12,520;2118
4002501001;176;250,858;1968;0,020;0,540;159;12;7,550;2119
4002601001;185;161,314;1982;0,020;0,530;122;23;18,850;2120
4002801001;137;221,664;1973;0,020;0,540;111;38;34,230;2121
4002901001;100;238,540;1965;0,020;0,510;77;7;9,090;2122
4003001001;498;289,400;1982;0,020;0,590;411;41;9,980;2123
4003101001;813;145,753;2000;0,010;0,570;182;14;7,690;2124
4003201001;531;166,938;1983;0,010;0,610;411;23;5,600;2125
4003301001;134;210,425;1985;0,020;0,510;79;12;15,190;2126
4003401001;153;198,458;1959;0,020;0,510;128;32;25,000;2127
4003501001;198;188,707;1995;0,020;0,570;108;11;10,190;2128
4003601001;559;252,852;1970;0,020;0,520;449;83;18,490;2129
4003701001;81;294,630;1959;0,010;0,520;78;14;17,950;2130
4003901001;352;209,179;1976;0,020;0,580;280;77;27,500;2131
4004001001;784;200,483;1971;0,020;0,680;602;97;16,110;2132
4004001002;1085;187,764;1986;0,010;0,630;740;41;5,540;2133
4004002001;855;235,389;1973;0,020;0,600;618;80;12,940;2134
4004101001;901;192,525;1987;0,010;0,640;520;45;8,650;2135
4004301001;834;240,731;1985;0,010;0,560;585;52;8,890;2136
4004301002;543;236,004;1980;0,020;0,540;427;49;11,480;2137
4004401001;238;211,887;1973;0,010;0,590;194;16;8,250;2138
4004501001;326;199,626;1977;0,020;0,590;255;35;13,730;2139
4004601001;285;187,046;1991;0,010;0,630;163;16;9,820;2140
4004701001;138;185,203;1967;0,020;0,710;124;27;21,770;2141
4004801001;119;173,739;1985;0,020;0,550;92;15;16,300;2142
4004901001;105;233,210;1968;0,020;0,480;76;22;28,950;2143
4005101001;92;203,587;1973;0,020;0,350;74;28;37,840;2144
4005201001;172;242,640;1983;0,020;0,490;127;35;27,560;2145
4005301001;227;206,877;1991;0,020;0,530;171;23;13,450;2146
4005401001;743;86,467;1974;0,010;1,030;699;8;1,140;2147
4005501001;62;272,645;1985;0,020;0,650;38;6;15,790;2148
4005601001;94;213,457;1961;0,010;0,430;88;23;26,140;2149
4005701001;565;209,798;1971;0,020;0,640;506;37;7,310;2150
4005701002;672;179,433;1983;0,010;0,520;518;40;7,720;2151
4005801001;332;271,063;1961;0,030;0,600;281;33;11,740;2152
4005901001;175;177,697;1980;0,020;0,560;129;20;15,500;2153
4006001001;157;282,280;1967;0,020;0,510;142;13;9,150;2154
4006101001;119;240,395;1982;0,020;0,530;84;20;23,810;2155
4006201001;78;217,833;1995;0,030;0,520;52;9;17,310;2156
4006301001;617;167,543;1970;0,020;0,660;535;38;7,100;2157
4006301002;764;176,453;1989;0,010;0,610;429;27;6,290;2158
4006301003;761;199,143;1969;0,020;0,620;591;63;10,660;2159
4006302001;1073;175,236;1978;0,010;0,690;880;29;3,300;2160
4006302002;943;155,748;1987;0,010;0,620;588;16;2,720;2161
4006302003;542;258,382;1972;0,020;0,550;454;69;15,200;2162
4006302004;1079;124,561;1989;0,010;0,540;725;2;0,280;2163
4006501001;414;228,674;1975;0,010;0,520;349;55;15,760;2164
4006801001;60;299,883;1944;0,030;0,440;48;8;16,670;2165
4006901001;67;276,045;1964;0,020;0,600;57;2;3,510;2166
4007001001;601;178,123;1996;0,010;0,490;245;15;6,120;2167
4007101001;57;258,456;1963;0,020;0,390;49;10;20,410;2168
4007201001;219;191,233;1996;0,020;0,370;61;21;34,430;2169
4007301001;376;264,412;1974;0,020;0,540;315;32;10,160;2170
4007401001;229;237,616;1975;0,020;0,510;188;25;13,300;2171
4007501001;221;254,023;1971;0,020;0,560;174;9;5,170;2172
4007601001;1114;119,924;1985;0,010;0,570;753;12;1,590;2173
4007601002;798;160,570;1988;0,010;0,600;480;5;1,040;2174
4007601003;1142;130,708;1985;0,010;0,700;721;13;1,800;2175
4007601004;879;160,279;1987;0,010;0,620;580;10;1,720;2176
4007602001;1025;128,748;1984;0,010;0,550;747;9;1,200;2177
4007602002;1015;183,775;1980;0,010;0,720;805;19;2,360;2178
4007602003;472;152,432;1975;0,010;0,800;415;12;2,890;2179
4007603001;825;176,356;1990;0,010;0,510;528;10;1,890;2180
4007604001;2080;162,702;1994;0,010;0,450;1030;5;0,490;2181
4007701001;1012;141,296;2001;0,010;0,650;126;11;8,730;2182
4007801001;120;267,150;1970;0,020;0,500;100;18;18,000;2183
4007901001;871;201,772;1995;0,010;0,570;462;57;12,340;2184
4008001001;137;183,401;1984;0,010;0,580;105;16;15,240;2185
4008101001;243;222,177;1969;0,020;0,480;194;24;12,370;2186
4008201001;122;316,672;1966;0,020;0,560;114;20;17,540;2187
4008301001;202;223,168;1969;0,020;0,490;160;55;34,380;2188
4008401001;84;210,024;1967;0,020;0,570;78;32;41,030;2189
4008601001;610;229,575;1979;0,020;0,560;497;26;5,230;2190
4008701001;106;264,132;1968;0,010;0,650;89;18;20,220;2191
4008801001;491;222,866;1967;0,020;0,460;394;72;18,270;2192
4008901001;251;256,633;1973;0,010;0,580;214;41;19,160;2193
4009101001;169;217,479;1964;0,020;0,570;155;36;23,230;2194
4009201001;219;195,662;1976;0,020;0,570;184;25;13,590;2195
4009301001;217;171,493;1977;0,020;0,570;160;26;16,250;2196
4009401001;363;215,479;1991;0,020;0,560;188;14;7,450;2197
4009501001;336;329,652;1974;0,020;0,450;295;44;14,920;2198
4009701001;320;192,634;2005;0,010;0,530;40;7;17,500;2199
4009901001;104;186,788;1957;0,020;0,570;89;15;16,850;2200
4010001001;399;217,213;1976;0,010;0,550;347;47;13,540;2201
4010101001;790;155,818;2002;0,010;0,470;108;12;11,110;2202
4010301001;154;172,825;1981;0,020;0,580;98;20;20,410;2203
4010401001;1018;118,605;2000;0,010;0,680;333;11;3,300;2204
4010501001;95;211,284;1977;0,020;0,630;71;10;14,080;2205
4010601001;320;233,081;1972;0,020;0,560;276;69;25,000;2206
4010701001;167;211,353;1981;0,020;0,550;119;24;20,170;2207
4010801001;218;197,142;1968;0,020;0,560;187;28;14,970;2208
4010901001;155;253,645;1976;0,020;0,490;124;27;21,770;2209
4011001001;540;184,361;1961;0,020;0,510;449;49;10,910;2210
4011101001;72;245,403;1978;0,020;0,510;62;1;1,610;2211
4011201001;1096;171,703;2001;0,010;0,680;427;6;1,410;2212
4011201002;927;237,621;2004;0,010;0,540;407;2;0,490;2213
4011301001;388;208,335;1987;0,010;0,570;248;14;5,650;2214
4011501001;190;222,737;1983;0,020;0,460;152;33;21,710;2215
4011801001;91;267,736;1968;0,020;0,510;73;21;28,770;2216
4011901001;216;231,444;1988;0,020;0,550;137;17;12,410;2217
4012001001;201;245,542;1996;0,020;0,490;97;17;17,530;2218
4012101001;448;214,283;1966;0,020;0,620;398;85;21,360;2219
4012201001;1525;162,560;1996;0,010;0,510;922;23;2,490;2220
4012301001;381;199,165;1976;0,020;0,530;277;45;16,250;2221
4012401001;181;239,497;1979;0,020;0,580;148;14;9,460;2222
4012501001;122;247,746;1975;0,020;0,490;94;18;19,150;2223
4012601001;140;212,843;1975;0,020;0,610;129;25;19,380;2224
4012701001;81;217,827;1962;0,010;0,610;68;18;26,470;2225
4012801001;178;280,961;1976;0,020;0,620;150;34;22,670;2226
4012901001;161;264,031;1984;0,020;0,630;129;8;6,200;2227
4013001001;176;177,977;1972;0,020;0,460;137;14;10,220;2228
4013101001;128;174,352;1974;0,020;0,570;104;19;18,270;2229
4013201001;158;192,456;1975;0,020;0,460;114;29;25,440;2230
4013401001;745;193,871;1969;0,020;0,580;626;55;8,790;2231
4013501001;296;232,983;1975;0,020;0,610;241;47;19,500;2232
4013601001;193;268,922;1977;0,020;0,540;142;26;18,310;2233
4013801001;758;170,992;1977;0,010;0,560;641;7;1,090;2234
4013801002;1089;193,320;1983;0,010;0,640;728;31;4,260;2235
4013901001;454;187,996;1980;0,010;0,610;348;27;7,760;2236
4014001001;211;210,033;1970;0,010;0,510;166;10;6,020;2237
4014101001;698;233,560;1981;0,020;0,520;521;54;10,360;2238
4014201001;145;194,103;1965;0,020;0,460;110;33;30,000;2239
4014301001;217;176,963;1980;0,020;0,450;165;32;19,390;2240
4014401001;104;171,173;1974;0,020;0,450;84;25;29,760;2241
4014501001;993;192,516;1974;0,020;0,580;822;54;6,570;2242
4014601001;499;148,739;1985;0,020;0,570;276;23;8,330;2243
4014801001;256;222,938;1983;0,020;0,560;215;40;18,600;2244
4014901001;608;245,304;1964;0,020;0,480;521;143;27,450;2245
4015001001;208;214,125;1971;0,020;0,540;158;34;21,520;2246
4015101001;55;289,709;1971;0,020;0,710;48;7;14,580;2247
4015201001;832;181,762;1989;0,020;0,590;529;53;10,020;2248
4015401001;34;247,853;1959;0,010;0,560;31;11;35,480;2249
4015501001;1285;168,613;1999;0,010;0,530;428;17;3,970;2250
4015501002;1609;180,782;2004;0,010;0,530;329;12;3,650;2251
4015601001;428;212,687;1979;0,020;0,700;284;29;10,210;2252
4015701001;103;197,680;1984;0,020;0,590;65;4;6,150;2253
4015801001;46;199,304;1969;0,020;0,560;38;14;36,840;2254
4015901001;152;228,947;1975;0,020;0,460;133;16;12,030;2255
4016001001;147;248,912;1964;0,020;0,520;138;30;21,740;2256
4016101001;128;180,820;1985;0,020;0,590;99;12;12,120;2257
4016201001;701;207,959;1982;0,020;0,540;520;122;23,460;2258
4016301001;92;279,043;1965;0,020;0,560;84;12;14,290;2259
4016401001;174;278,592;1979;0,020;0,580;140;51;36,430;2260
4016501001;145;197,807;1968;0,020;0,540;120;25;20,830;2261
4016601001;188;261,207;1979;0,010;0,570;137;18;13,140;2262
4016801001;90;221,500;1965;0,020;0,490;66;18;27,270;2263
4017001001;3208;150,199;1989;0,020;0,630;1770;121;6,840;2264
4017101001;115;182,035;1965;0,020;0,520;96;17;17,710;2265
4017201001;129;156,837;1982;0,010;0,490;93;27;29,030;2266
4017301001;144;209,882;1998;0,020;0,530;47;8;17,020;2267
4017401001;433;204,732;1975;0,010;0,630;371;68;18,330;2268
4017601001;416;215,250;1968;0,020;0,540;350;50;14,290;2269
4017701001;148;229,284;1953;0,020;0,570;138;10;7,250;2270
4017801001;137;263,839;1963;0,020;0,650;120;27;22,500;2271
4017901001;616;236,226;1981;0,010;0,490;428;54;12,620;2272
4018001001;336;281,967;1959;0,020;0,570;297;33;11,110;2273
4018101001;1389;112,056;1983;0,010;0,670;1059;22;2,080;2274
4018101002;1211;151,865;1988;0,020;0,870;905;46;5,080;2275
4018101003;942;117,878;1992;0,010;0,540;506;6;1,190;2276
4018102001;513;166,534;1984;0,010;0,620;411;33;8,030;2277
4018201001;250;233,588;1967;0,020;0,520;205;30;14,630;2278
4018301001;159;242,522;1973;0,010;0,470;121;29;23,970;2279
4018401001;409;259,839;1977;0,010;0,500;312;19;6,090;2280
4018501001;1198;251,284;1968;0,020;0,580;995;225;22,610;2281
4018601001;81;245,457;1975;0,020;0,600;59;20;33,900;2282
4018801001;170;218,606;1967;0,020;0,540;124;39;31,450;2283
4018901001;461;273,161;1975;0,020;0,570;406;32;7,880;2284
4019001001;82;227,963;1972;0,020;0,510;53;5;9,430;2285
4019101001;644;184,144;1980;0,020;0,540;498;115;23,090;2286
4019201001;208;218,812;1954;0,020;0,590;186;45;24,190;2287
4019301001;245;229,200;1981;0,010;0,450;166;8;4,820;2288
4019401001;530;157,713;1971;0,020;0,980;460;7;1,520;2289
4019401002;481;141,370;1975;0,010;0,860;433;9;2,080;2290
4019401003;386;143,427;1967;0,020;0,840;308;21;6,820;2291
4019401004;357;137,375;1972;0,010;0,910;295;1;0,340;2292
4019401005;504;141,036;1953;0,030;0,810;445;21;4,720;2293
4019402001;890;113,357;1970;0,010;0,690;845;20;2,370;2294
4019402002;412;98,765;1975;0,010;0,660;363;13;3,580;2295
4019403001;453;115,773;1984;0,010;0,450;388;16;4,120;2296
4019403002;557;121,084;1972;0,010;0,680;504;18;3,570;2297
4019403003;720;104,664;1975;0,010;0,500;559;2;0,360;2298
4019403004;447;134,691;1969;0,010;0,760;419;22;5,250;2299
4019403005;631;120,074;1975;0,010;0,440;604;34;5,630;2300
4019403006;601;105,110;1977;0,010;0,440;579;9;1,550;2301
4019403007;546;127,938;1979;0,010;0,420;532;0;0,000;2302
4019403008;584;105,315;1973;0,010;0,680;513;4;0,780;2303
4019403009;518;121,564;1979;0,000;0,290;518;4;0,770;2304
4019404001;799;110,831;1980;0,010;0,450;754;11;1,460;2305
4019404002;823;115,053;1978;0,010;0,480;782;20;2,560;2306
4019404003;569;96,833;1975;0,010;0,400;535;4;0,750;2307
4019404004;563;98,059;1975;0,010;0,320;542;0;0,000;2308
4019404005;407;93,415;1955;0,000;0,220;407;0;0,000;2309
4019404006;901;110,633;1984;0,010;0,300;681;0;0,000;2310
4019404007;609;104,829;1976;0,010;0,560;521;4;0,770;2311
4019404008;642;115,751;1983;0,010;0,300;482;0;0,000;2312
4019404009;732;109,907;1991;0,010;0,540;485;1;0,210;2313
4019404010;1365;194,429;1992;0,020;0,630;822;44;5,350;2314
4019405001;535;95,516;1981;0,010;0,390;396;0;0,000;2315
4019405002;876;104,107;1980;0,010;0,420;497;1;0,200;2316
4019405003;839;109,031;1992;0,010;0,430;435;0;0,000;2317
4019405004;684;63,101;1959;0,000;0,170;684;0;0,000;2318
4019405005;467;104,670;1986;0,000;0,290;440;0;0,000;2319
4019405006;546;152,396;1995;0,000;0,260;283;0;0,000;2320
4019405007;751;154,682;1998;0,000;0,250;516;0;0,000;2321
4019405008;637;202,586;1995;0,000;0,540;403;0;0,000;2322
4019406001;972;117,735;1983;0,010;0,560;815;7;0,860;2323
4019406002;497;98,412;1979;0,010;0,170;435;0;0,000;2324
4019406003;493;95,170;1976;0,000;0,200;493;0;0,000;2325
4019406004;566;90,643;1975;0,000;0,130;566;0;0,000;2326
4019406005;701;143,823;1976;0,010;0,580;630;16;2,540;2327
4019407001;559;136,973;1980;0,010;0,610;481;12;2,490;2328
4019407002;937;118,526;1984;0,010;0,490;890;4;0,450;2329
4019407003;921;104,100;1983;0,010;0,450;736;1;0,140;2330
4019407004;800;177,282;1983;0,020;0,740;528;21;3,980;2331
4019501001;1498;181,852;1980;0,020;0,650;1249;109;8,730;2332
4019601001;76;238,724;1966;0,020;0,410;68;15;22,060;2333
4019801001;50;258,220;1995;0,020;0,480;23;6;26,090;2334
4019901001;182;236,473;1994;0,020;0,530;107;21;19,630;2335
4020001001;82;248,988;1979;0,020;0,580;67;7;10,450;2336
4020101001;41;301,073;1966;0,020;0,530;38;12;31,580;2337
4020201001;195;203,205;1964;0,020;0,500;162;32;19,750;2338
4020301001;912;176,452;1999;0,010;0,640;323;16;4,950;2339
4020401001;346;196,272;1963;0,020;0,530;303;45;14,850;2340
4020501001;406;223,559;1978;0,020;0,480;324;29;8,950;2341
4020601001;330;220,958;1967;0,020;0,500;253;21;8,300;2342
4020701001;559;249,889;2002;0,020;0,460;196;29;14,800;2343
4020801001;997;217,632;1986;0,020;0,600;737;72;9,770;2344
4021001001;217;222,046;1980;0,020;0,440;170;45;26,470;2345
4021101001;74;190,730;1979;0,020;0,620;47;10;21,280;2346
4021201001;77;168,714;1971;0,020;0,420;69;1;1,450;2347
4021301001;128;274,883;1975;0,020;0,560;106;21;19,810;2348
4021401001;199;220,161;1977;0,020;0,540;154;16;10,390;2349
4021501001;254;199,500;1971;0,010;0,610;227;39;17,180;2350
4021601001;697;173,690;1998;0,020;0,600;272;12;4,410;2351
4021801001;175;193,417;1971;0,020;0,440;137;27;19,710;2352
4021901001;431;300,566;1976;0,010;0,550;371;18;4,850;2353
4022001001;106;184,783;1985;0,020;0,460;72;11;15,280;2354
4022101001;127;220,764;1967;0,020;0,520;98;35;35,710;2355
4022201001;270;235,856;1960;0,010;0,530;230;33;14,350;2356
4022301001;777;128,004;1988;0,010;0,670;417;25;6,000;2357
4022401001;94;186,096;1987;0,020;0,660;59;6;10,170;2358
4022501001;1017;209,613;1981;0,010;0,630;773;30;3,880;2359
4022801001;350;229,297;1979;0,010;0,440;286;58;20,280;2360
4022901001;113;185,221;1984;0,020;0,390;81;7;8,640;2361
4023001001;101;218,832;1974;0,020;0,650;72;2;2,780;2362
4023101001;224;241,076;1957;0,020;0,580;184;44;23,910;2363
4023301001;615;177,855;1993;0,020;0,560;277;23;8,300;2364
4023401001;407;187,953;1971;0,020;0,480;343;38;11,080;2365
4090101001;438;229,007;1992;0,010;0,520;235;4;1,700;2366
4090201001;185;262,173;1979;0,010;0,480;144;27;18,750;2367
4090301001;154;201,506;1976;0,020;0,520;126;10;7,940;2368
4090401001;387;238,884;1981;0,020;0,550;280;35;12,500;2369
4090501001;189;194,878;1976;0,020;0,530;152;45;29,610;2370
4090601001;716;171,553;1997;0,010;0,510;388;9;2,320;2371
4090601002;678;161,319;1996;0,000;0,690;531;0;0,000;2372
4200101001;324;222,633;1973;0,020;0,600;250;30;12,000;2373
4200301001;44;327,432;1961;0,020;0,570;33;14;42,420;2374
4200401001;1448;188,620;1979;0,010;0,710;1133;168;14,830;2375
4200401002;715;192,983;1972;0,010;0,630;554;183;33,030;2376
4200601001;155;220,723;1985;0,010;0,520;90;10;11,110;2377
4200701001;274;210,785;1954;0,020;0,500;233;57;24,460;2378
4200801001;391;145,220;1949;0,010;0,710;354;70;19,770;2379
4200901001;141;217,546;1940;0,010;0,770;135;11;8,150;2380
4201001001;23;288,130;1942;0,020;0,570;19;16;84,210;2381
4201101001;36;276,667;1970;0,020;0,560;32;13;40,620;2382
4201201001;65;217,446;1974;0,020;0,410;45;19;42,220;2383
4201301001;65;170,908;1944;0,020;0,730;58;6;10,340;2384
4201401001;84;192,298;1954;0,020;0,660;70;40;57,140;2385
4201501001;19;289,947;1948;0,010;0,440;19;10;52,630;2386
4201601001;20;359,950;1958;0,020;0,520;13;4;30,770;2387
4201701001;166;263,205;1962;0,020;0,620;119;40;33,610;2388
4201801001;172;252,267;1946;0,020;0,440;156;27;17,310;2389
4201901001;731;246,456;1970;0,020;0,550;574;165;28,750;2390
4202001001;1354;166,787;1971;0,010;0,620;1006;166;16,500;2391
4202001002;1305;125,417;1989;0,010;0,370;898;28;3,120;2392
4202001003;1271;133,905;1976;0,010;0,670;1131;100;8,840;2393
4202101001;58;246,379;1956;0,020;0,590;47;14;29,790;2394
4202201001;368;276,217;1946;0,020;0,600;326;36;11,040;2395
4202301001;55;203,527;1954;0,020;0,410;40;24;60,000;2396
4202401001;50;293,240;1939;0,020;0,580;40;19;47,500;2397
4202501001;1158;155,513;1959;0,010;0,670;1059;89;8,400;3512
4202501002;1398;188,095;1959;0,020;0,580;1149;110;9,570;3513
4202601001;67;199,343;1952;0,020;0,570;56;13;23,210;2398
4202701001;148;271,385;1958;0,020;0,530;120;43;35,830;2399
4202801001;76;222,303;1978;0,030;0,670;50;29;58,000;2400
4202901001;230;194,126;1954;0,020;0,530;180;31;17,220;2401
4203001001;198;195,369;1951;0,010;0,640;179;20;11,170;2402
4203101001;93;203,677;1957;0,020;0,540;73;24;32,880;2403
4203201001;234;191,393;1956;0,020;0,500;205;68;33,170;2404
4203301001;58;174,052;1956;0,020;0,540;49;35;71,430;2405
4203401001;99;223,465;1980;0,020;0,610;86;22;25,580;2406
4203501001;846;216,473;1962;0,020;0,610;681;127;18,650;2407
4203601001;104;151,413;1970;0,020;0,610;95;9;9,470;2408
4203701001;25;256,720;1948;0,020;0,440;23;5;21,740;2409
4203801001;29;244,586;1930;0,010;0,430;28;7;25,000;2410
4203901001;286;217,280;1986;0,020;0,600;261;43;16,480;2411
4204101001;14;325,000;1941;0,020;0,490;12;10;83,330;2412
4204201001;25;300,000;1975;0,020;0,620;15;5;33,330;2413
4204301001;1582;149,126;1987;0,010;0,660;976;92;9,430;2414
4204301002;1131;162,577;1982;0,010;0,670;863;82;9,500;2415
4204301003;1660;179,251;1967;0,020;0,570;1286;299;23,250;2416
4204401001;31;378,935;1932;0,010;0,450;30;12;40,000;2417
4204501001;388;200,258;1972;0,010;0,460;308;59;19,160;2418
4204601001;132;197,856;1992;0,020;0,590;109;23;21,100;2419
4204801001;94;187,585;1945;0,020;0,500;82;19;23,170;2420
4204901001;103;274,301;1948;0,020;0,540;88;52;59,090;2421
4205001001;137;161,277;1956;0,020;0,670;123;15;12,200;2422
4205101001;45;213,733;1931;0,020;0,670;41;27;65,850;2423
4205201001;41;195,707;1931;0,020;0,350;36;3;8,330;2424
4205301001;72;204,278;1935;0,010;0,390;67;8;11,940;2425
4205401001;50;276,180;1935;0,020;0,570;47;2;4,260;2426
4205501001;223;179,991;1958;0,020;0,550;195;35;17,950;2427
4205601001;50;367,140;1964;0,020;0,590;39;21;53,850;2428
4205701001;224;316,772;1974;0,020;0,530;209;21;10,050;2429
4205801001;335;235,379;1948;0,020;0,490;298;64;21,480;2430
4205901001;67;163,478;1965;0,020;0,690;65;6;9,230;2431
4206001001;39;198,872;1943;0,020;0,340;35;4;11,430;2432
4206101001;534;235,176;1975;0,020;0,540;411;104;25,300;2433
4206201001;101;207,604;1972;0,020;0,440;90;24;26,670;2434
4206301001;116;229,543;1942;0,010;0,580;113;3;2,650;2435
4206401001;170;148,365;1938;0,010;0,860;162;33;20,370;2436
4206501001;32;328,969;1943;0,010;0,390;30;15;50,000;2437
4206801001;44;325,318;1938;0,020;0,510;39;11;28,210;2438
4206901001;1116;165,612;1970;0,010;0,570;982;119;12,120;2439
4207001001;24;173,417;1974;0,020;0,340;15;4;26,670;2440
4207101001;217;206,364;1962;0,010;0,540;181;51;28,180;2441
4207301001;173;171,156;1979;0,020;0,650;155;18;11,610;2442
4207501001;128;239,281;1962;0,020;0,530;123;33;26,830;2443
4207601001;505;204,190;1951;0,020;0,550;482;73;15,150;2444
4207801001;674;189,150;1976;0,010;0,530;563;55;9,770;2445
4207901001;20;267,550;1945;0,020;0,430;18;8;44,440;2446
4208001001;429;197,834;1964;0,020;0,520;353;39;11,050;2447
4208101001;211;168,100;1959;0,020;0,480;182;66;36,260;2448
4208201001;18;265,278;1941;0,020;0,450;14;8;57,140;2449
4208301001;12;272,500;1946;0,020;0,610;10;3;30,000;2450
4208401001;89;224,528;1947;0,020;0,390;77;7;9,090;2451
4208501001;790;147,371;1953;0,010;0,590;739;85;11,500;2452
4208601001;69;201,188;1940;0,010;0,390;67;5;7,460;2453
4208701001;62;265,500;1959;0,020;0,590;50;5;10,000;2454
4208801001;72;211,389;1944;0,010;0,460;69;7;10,140;2455
4208901001;71;203,408;1972;0,020;0,660;51;8;15,690;2456
4209001001;81;220,481;1963;0,020;0,600;67;26;38,810;2457
4209201001;103;235,670;1939;0,010;0,520;93;56;60,220;2458
4209301001;71;269,352;1982;0,010;0,520;70;25;35,710;2459
4209401001;570;216,321;1989;0,010;0,550;295;53;17,970;2460
4209501001;1614;189,985;1999;0,020;0,560;552;57;10,330;2461
4209601001;392;220,168;1949;0,010;0,770;380;72;18,950;2462
4209701001;43;169,698;1968;0,020;0,510;28;12;42,860;2463
4209801001;27;142,741;1959;0,020;0,380;24;8;33,330;2464
4210001001;55;272,836;1965;0,020;0,580;52;16;30,770;2465
4210301001;974;208,897;1964;0,020;0,600;830;310;37,350;2466
4210501001;93;175,581;1966;0,020;0,450;74;28;37,840;2467
4210601001;21;212,714;1944;0,020;0,600;17;1;5,880;2468
4210701001;128;198,734;1953;0,020;0,560;92;37;40,220;2469
4210801001;33;230,727;1940;0,010;0,510;29;11;37,930;2470
4211001001;131;292,580;1967;0,020;0,560;121;13;10,740;2471
4211101001;423;162,922;1960;0,020;0,640;395;31;7,850;2472
4211301001;580;207,052;1972;0,020;0,630;406;109;26,850;2473
4211501001;287;158,899;1949;0,020;0,750;260;72;27,690;2474
4211601001;113;206,593;1949;0,020;0,410;100;47;47,000;2475
4211701001;243;197,848;1979;0,010;0,700;178;20;11,240;2476
4211801001;25;266,680;1935;0,010;0,460;25;2;8,000;2477
4211901001;327;219,012;1948;0,010;0,590;308;119;38,640;2478
4212001001;457;165,101;1961;0,020;0,510;343;92;26,820;2479
4212101001;62;263,435;1943;0,010;0,480;57;5;8,770;2480
4212301001;135;214,148;1959;0,020;0,540;122;52;42,620;2481
4212401001;80;224,938;1972;0,010;0,540;69;27;39,130;2482
4212501001;52;203,846;1960;0,020;0,450;43;23;53,490;2483
4212701001;100;179,560;1959;0,020;0,550;70;28;40,000;2484
4212801001;61;290,738;1964;0,020;0,590;49;9;18,370;2485
4212901001;861;150,050;1976;0,010;0,700;690;84;12,170;2486
4213001001;30;326,933;1948;0,010;0,420;28;21;75,000;2487
4213101001;22;272,455;1945;0,020;0,440;17;11;64,710;2488
4213201001;123;281,488;1951;0,010;0,530;111;7;6,310;2489
4213401001;998;185,700;1987;0,020;0,640;689;98;14,220;2490
4213401002;1137;157,302;1983;0,010;0,700;860;139;16,160;2491
4213501001;163;223,276;1949;0,020;0,580;137;52;37,960;2492
4213901001;25;281,400;1976;0,020;0,440;24;2;8,330;2493
4214001001;6;234,667;1934;0,020;0,270;6;3;50,000;2494
4214101001;187;213,225;1952;0,020;0,520;169;6;3,550;2495
4214201001;96;319,031;1995;0,020;0,510;85;12;14,120;2496
4214401001;532;188,870;1967;0,010;0,580;433;91;21,020;2497
4214501001;158;175,551;1968;0,020;0,640;133;30;22,560;2498
4214801001;23;241,087;1953;0,020;0,460;21;8;38,100;2499
4214901001;392;215,607;1977;0,020;0,540;263;97;36,880;2500
4215101001;34;247,235;1992;0,020;0,470;22;1;4,550;2501
4215201001;72;216,000;1958;0,020;0,630;51;24;47,060;2502
4215301001;34;171,353;1972;0,020;0,490;24;2;8,330;2503
4215401001;123;233,333;1968;0,020;0,530;91;30;32,970;2504
4215501001;383;203,334;1957;0,020;0,470;282;132;46,810;2505
4215601001;27;196,741;1926;0,010;0,530;26;9;34,620;2506
4215701001;40;186,050;1947;0,020;0,410;33;3;9,090;2507
4215801001;209;202,244;1988;0,020;0,620;171;16;9,360;2508
4215901001;68;246,676;1955;0,020;0,650;54;10;18,520;2509
4216001001;541;225,616;1957;0,020;0,600;419;66;15,750;2510
4216101001;159;251,151;1967;0,010;0,540;130;64;49,230;2511
4216201001;1716;151,849;1982;0,010;0,610;1157;135;11,670;2512
4216201002;787;185,975;1957;0,020;0,520;686;210;30,610;2513
4216201003;576;177,734;1965;0,020;0,560;517;113;21,860;2514
4216301001;145;190,366;1985;0,020;0,460;130;12;9,230;2515
4216401001;1615;143,611;1980;0,010;0,640;1149;78;6,790;2516
4216501001;807;181,771;1955;0,020;0,720;679;155;22,830;2517
4216601001;81;220,951;1956;0,020;0,540;73;5;6,850;2518
4216701001;368;167,462;1950;0,010;0,650;349;34;9,740;2519
4216801001;220;187,082;1965;0,020;0,570;182;54;29,670;2520
4217101001;300;205,680;1951;0,020;0,700;288;37;12,850;2521
4217201001;15;371,067;1953;0,020;0,390;12;6;50,000;2522
4217301001;1178;111,061;1984;0,010;0,440;902;70;7,760;2523
4217301002;1067;110,552;1987;0,010;0,420;842;2;0,240;2524
4217301003;839;112,819;1977;0,010;0,540;734;19;2,590;2525
4217301004;957;113,097;1979;0,010;0,320;900;14;1,560;2526
4217301005;1001;111,902;1980;0,010;0,340;988;0;0,000;2527
4217301006;972;113,763;1990;0,000;0,240;972;0;0,000;2528
4217301007;1045;116,856;1982;0,010;0,470;994;2;0,200;2529
4217301008;565;122,935;2002;0,000;0,210;260;0;0,000;2530
4217302001;875;115,631;1979;0,020;0,560;753;69;9,160;2531
4217302002;900;129,258;1976;0,010;0,360;851;20;2,350;2532
4217302003;1034;125,279;1975;0,010;0,380;1023;2;0,200;2533
4217302004;1224;142,818;1991;0,010;0,520;885;4;0,450;2534
4217302005;999;128,493;1992;0,010;0,260;455;0;0,000;2535
4217302006;1268;122,618;1988;0,010;0,360;898;0;0,000;2536
4217302007;1787;132,985;1995;0,010;0,590;791;24;3,030;2537
4217302008;587;114,198;1973;0,010;0,310;572;1;0,170;2538
4217302009;966;109,508;1982;0,010;0,300;766;2;0,260;2539
4217302010;1109;105,583;1986;0,000;0,260;1091;0;0,000;2540
4217302011;1091;104,027;1987;0,010;0,380;611;4;0,650;2541
4217302012;728;178,521;1965;0,020;0,560;527;134;25,430;2542
4217302013;779;137,160;1995;0,010;0,620;324;0;0,000;2543
4217302014;1383;152,430;2011;0,000;0,350;95;0;0,000;2544
4217303001;857;108,071;1979;0,010;0,450;675;36;5,330;2545
4217303002;906;113,273;1979;0,010;0,690;766;12;1,570;2546
4217303003;1377;144,957;1999;0,010;0,570;501;3;0,600;2547
4217401001;285;272,151;1957;0,020;0,670;222;28;12,610;2548
4217501001;66;222,864;1954;0,020;0,560;54;13;24,070;2549
4217601001;32;273,125;1987;0,020;0,390;26;7;26,920;2550
4217701001;76;170,000;1967;0,020;0,370;65;1;1,540;2551
4217801001;140;181,550;1961;0,020;0,470;129;25;19,380;2552
4218101001;393;153,830;1963;0,010;0,530;362;21;5,800;2553
4218201001;64;251,922;1957;0,010;0,410;55;29;52,730;2554
4218301001;87;318,379;1936;0,010;0,460;80;43;53,750;2555
4218401001;78;271,026;1935;0,010;0,380;75;14;18,670;2556
4218501001;46;233,913;1989;0,030;0,440;34;12;35,290;2557
4218701001;34;255,706;1932;0,010;0,400;34;1;2,940;2558
4218801001;79;259,114;1996;0,030;0,610;60;9;15,000;2559
4218901001;108;202,370;1973;0,020;0,440;84;7;8,330;2560
4219001001;68;192,603;1966;0,020;0,400;49;9;18,370;2561
4219101001;280;247,550;1967;0,010;0,590;222;61;27,480;2562
4219201001;44;282,023;1970;0,020;0,440;42;9;21,430;2563
4219301001;50;240,740;1989;0,020;0,500;43;7;16,280;2564
4219401001;357;199,571;1958;0,020;0,480;281;55;19,570;2565
4219501001;178;186,787;1967;0,020;0,450;152;59;38,820;2566
4219601001;31;145,516;1946;0,020;0,500;21;6;28,570;2567
4219701001;79;207,620;1975;0,020;0,510;64;29;45,310;2568
4219801001;42;216,476;1938;0,020;0,460;38;1;2,630;2569
4220001001;215;199,837;1956;0,020;0,660;198;42;21,210;2570
4220101001;50;236,920;1971;0,010;0,620;38;4;10,530;2571
4220201001;43;200,791;1941;0,010;0,520;39;11;28,210;2572
4220401001;53;252,906;1950;0,020;0,470;42;29;69,050;2573
4220501001;79;218,772;1962;0,020;0,420;60;6;10,000;2574
4220601001;59;205,390;1946;0,020;0,380;51;5;9,800;2575
4220701001;91;266,538;1950;0,020;0,620;69;5;7,250;2576
4220801001;47;246,894;1965;0,020;0,630;44;3;6,820;2577
4220901001;356;182,865;1961;0,020;0,690;303;88;29,040;2578
4221101001;89;234,461;1974;0,020;0,640;62;10;16,130;2579
4221201001;165;193,394;1943;0,010;0,620;162;20;12,350;2580
4221301001;31;294,581;1939;0,010;0,620;28;10;35,710;2581
4221501001;892;201,160;1984;0,020;0,690;669;66;9,870;2582
4221601001;57;213,035;1962;0,020;0,530;43;26;60,470;2583
4221701001;151;160,589;1981;0,020;0,600;127;43;33,860;2584
4221801001;171;229,737;1962;0,020;0,670;148;27;18,240;2585
4221901001;155;199,916;1943;0,020;0,670;139;9;6,470;2586
4700101001;35;300,000;1937;0,020;0,730;31;6;19,350;2587
4700201001;16;299,688;1939;0,030;0,680;13;2;15,380;2588
4700301001;196;298,276;1970;0,020;0,620;177;13;7,340;2589
4700401001;564;198,954;1958;0,030;0,760;476;61;12,820;2590
4700401002;530;184,155;1946;0,030;0,670;472;58;12,290;2591
4700501001;474;211,287;1972;0,020;0,600;395;66;16,710;2592
4700601001;154;254,558;1954;0,030;0,610;111;10;9,010;2593
4700701001;837;208,348;1993;0,020;0,530;609;53;8,700;2594
4700701002;594;200,965;2005;0,000;0,470;2;0;0,000;2595
4700701003;846;166,715;2009;0,000;0,310;13;1;7,690;2596
4700701004;759;174,387;2009;0,000;0,370;0;0;;2597
4700801001;28;286,214;1934;0,020;0,540;27;8;29,630;2598
4700901001;103;230,932;1901;0,020;0,420;98;30;30,610;2599
4701001001;865;135,236;2005;0,010;0,440;53;3;5,660;2600
4701001002;919;134,966;1994;0,010;0,500;555;27;4,860;2601
4701001003;1080;143,319;2005;0,000;0,270;173;0;0,000;2602
4701001004;767;167,812;2000;0,000;0,500;302;11;3,640;2603
4701001005;870;227,814;2003;0,000;0,420;304;2;0,660;2604
4701001006;1095;160,973;2006;0,000;0,380;3;0;0,000;2605
4701001007;711;252,336;2006;0,000;0,230;0;0;;2606
4701001008;1427;131,334;2009;0,000;0,200;0;0;;2607
4701001009;462;209,835;2001;0,000;0,390;188;0;0,000;2608
4701001010;1388;118,259;2012;0,000;0,250;0;0;;2609
4701001011;438;129,050;2008;0,000;0,220;0;0;;2610
4701101001;423;227,910;1944;0,030;0,550;348;71;20,400;2611
4701201001;136;253,787;1954;0,020;0,570;128;47;36,720;2612
4701301001;107;302,131;1904;0,030;0,560;101;31;30,690;2613
4701401001;36;249,611;1955;0,020;0,660;36;5;13,890;2614
4701501001;235;276,566;1911;0,030;0,550;218;36;16,510;2615
4701601001;83;264,373;1920;0,020;0,590;78;25;32,050;2616
4701701001;158;302,633;1916;0,020;0,600;153;2;1,310;2617
4701801001;29;282,483;1987;0,020;0,800;28;2;7,140;2618
4701901001;95;269,179;1891;0,030;0,610;88;10;11,360;2619
4702001001;197;200,315;1943;0,030;0,700;178;28;15,730;2620
4702101001;76;236,079;1981;0,020;0,720;60;28;46,670;2621
4702201001;67;239,507;1967;0,020;0,480;64;12;18,750;2622
4702301001;656;193,998;1992;0,010;0,540;368;33;8,970;2623
4702301002;668;268,509;1996;0,010;0,520;314;8;2,550;2624
4702301003;698;181,880;2004;0,000;0,340;43;1;2,330;2625
4702401001;195;264,862;1938;0,030;0,520;175;35;20,000;2626
4702501001;94;214,947;1954;0,020;0,630;83;30;36,140;2627
4702601001;33;352,667;1913;0,020;0,600;33;6;18,180;2628
4702701001;1203;172,638;2001;0,020;0,490;296;31;10,470;2629
4702701002;697;149,088;1986;0,010;0,530;415;127;30,600;2630
4702801001;18;452,000;1895;0,030;0,390;17;3;17,650;2631
4702901001;62;329,806;1871;0,030;0,550;59;11;18,640;2632
4703001001;783;212,636;1969;0,010;0,500;671;127;18,930;2633
4703101001;215;229,912;1960;0,030;0,590;188;41;21,810;2634
4703201001;152;244,250;1950;0,020;0,560;136;13;9,560;2635
4703301001;238;231,176;1951;0,030;0,550;202;41;20,300;2636
4703401001;103;223,252;1929;0,020;0,540;98;23;23,470;2637
4703501001;639;186,950;1955;0,030;0,570;505;21;4,160;2638
4703601001;272;239,952;1943;0,020;0,780;258;52;20,160;2639
4703701001;183;208,525;1927;0,030;0,650;164;40;24,390;2640
4703801001;162;216,617;1956;0,020;0,640;148;41;27,700;2641
4703901001;137;230,526;1934;0,020;0,590;136;32;23,530;2642
4704001001;96;266,406;1905;0,030;0,480;93;16;17,200;2643
4704101001;166;244,361;1922;0,030;0,520;150;48;32,000;2644
4704201001;45;331,311;1885;0,030;0,510;43;9;20,930;2645
4704301001;266;209,049;1918;0,030;0,640;249;37;14,860;2646
4704401001;291;244,165;1980;0,020;0,570;211;27;12,800;2647
4704501001;707;208,024;1973;0,020;0,570;626;88;14,060;2648
4704601001;118;252,822;1930;0,030;0,490;109;67;61,470;2649
4704701001;162;245,074;1947;0,020;0,610;145;39;26,900;2650
4704801001;165;304,964;1944;0,020;0,640;147;24;16,330;2651
4704901001;83;235,880;1928;0,030;0,590;75;21;28,000;2652
4705001001;878;146,919;1997;0,010;0,580;487;11;2,260;2653
4705001002;895;168,599;1993;0,020;0,580;396;81;20,450;2654
4705001003;876;148,484;1993;0,020;0,700;520;68;13,080;2655
4705101001;216;261,375;1963;0,030;0,580;146;26;17,810;2656
4705201001;820;131,168;2002;0,010;0,590;108;12;11,110;2657
4705201002;623;173,051;2001;0,010;0,280;274;0;0,000;2658
4705201003;832;148,233;1999;0,010;0,430;545;2;0,370;2659
4705201004;960;136,428;1994;0,010;0,410;440;29;6,590;2660
4705201005;445;156,013;1997;0,010;0,530;184;2;1,090;2661
4705201006;586;136,737;2007;0,010;0,410;120;1;0,830;2662
4705301001;144;222,632;1954;0,030;0,580;118;18;15,250;2663
4705401001;513;257,216;1944;0,030;0,560;471;86;18,260;2664
4705501001;125;275,064;1928;0,030;0,580;104;27;25,960;2665
4705601001;88;205,136;1939;0,020;0,480;88;7;7,950;2666
4705701001;129;241,465;1949;0,030;0,600;105;22;20,950;2667
4705801001;177;342,384;1980;0,020;0,540;168;23;13,690;2668
4705901001;126;214,341;1980;0,030;0,560;99;17;17,170;2669
4706001001;252;243,361;1959;0,020;0,610;235;44;18,720;2670
4706101001;254;221,012;1953;0,020;0,620;235;31;13,190;2671
4706201001;170;235,659;1915;0,030;0,600;161;24;14,910;2672
4706301001;89;209,202;1961;0,030;0,560;78;10;12,820;2673
4706401001;46;309,348;1886;0,030;0,580;41;14;34,150;2674
4706501001;599;196,706;1960;0,020;0,670;526;99;18,820;2675
4706601001;1103;180,913;2001;0,020;0,570;472;47;9,960;2676
4706701001;107;246,187;1942;0,020;0,620;103;16;15,530;2677
4706801001;52;309,481;1936;0,020;0,530;42;26;61,900;2678
4706901001;87;201,701;1976;0,020;0,670;79;4;5,060;2679
4707001001;75;300,667;1903;0,020;0,460;72;40;55,560;2680
4707101001;219;250,553;1963;0,030;0,540;168;15;8,930;2681
4707301001;137;334,781;1924;0,030;0,470;123;50;40,650;2682
4707401001;228;188,737;1965;0,020;0,520;172;26;15,120;2683
4707501001;595;166,652;1982;0,010;0,710;492;17;3,460;2684
4707501002;900;211,082;1984;0,010;0,560;653;21;3,220;2685
4707502001;728;164,955;1978;0,010;0,630;619;13;2,100;2686
4707502002;972;186,475;1991;0,010;0,550;596;20;3,360;2687
4707601001;827;123,963;1993;0,010;0,650;420;4;0,950;2688
4707601002;819;128,719;1988;0,010;0,570;667;9;1,350;2689
4707601003;982;132,679;1998;0,010;0,460;572;9;1,570;2690
4707601004;480;102,150;1980;0,000;0,070;480;0;0,000;2691
4707601005;673;103,793;1981;0,000;0,070;673;0;0,000;2692
4707601006;721;192,341;1993;0,010;0,330;510;4;0,780;2693
4707601007;517;177,420;1994;0,000;0,360;509;0;0,000;2694
4707601008;426;159,819;1999;0,000;0,180;401;0;0,000;2695
4707601009;473;200,805;1993;0,010;0,460;250;14;5,600;2696
4707601010;496;230,375;1988;0,010;0,440;298;21;7,050;2697
4707601011;336;103,179;1983;0,000;0,040;336;0;0,000;2698
4707601012;343;146,163;1998;0,000;0,130;343;0;0,000;2699
4707601013;363;159,066;1999;0,000;0,250;239;0;0,000;2700
4707601014;530;116,911;2002;0,000;0,230;80;0;0,000;2701
4707601015;450;131,936;1988;0,010;0,490;275;9;3,270;2702
4707601016;359;292,975;2009;0,000;0,370;18;0;0,000;2703
4707601017;708;167,452;2000;0,010;0,380;220;34;15,450;2704
4707601018;452;147,611;2000;0,000;0,090;180;0;0,000;2705
4707701001;207;259,251;1941;0,020;0,540;201;41;20,400;2706
4707801001;121;261,050;1920;0,030;0,610;107;26;24,300;2707
4707901001;47;288,043;1914;0,020;0,600;44;26;59,090;2708
4708001001;49;208,939;1948;0,020;0,420;45;14;31,110;2709
4708101001;38;281,053;1953;0,030;0,630;30;2;6,670;2710
4708201001;674;211,932;1970;0,030;0,630;539;58;10,760;2711
4708301001;57;325,456;1951;0,020;0,480;52;5;9,620;2712
4708401001;944;206,365;1956;0,030;0,660;819;86;10,500;2713
4708501001;446;143,038;1973;0,010;0,750;411;11;2,680;2714
4708501002;1079;125,005;1991;0,010;0,460;732;26;3,550;2715
4708501003;1124;146,317;1985;0,010;0,480;693;53;7,650;2716
4708501004;850;124,652;1976;0,010;0,630;800;7;0,880;2717
4708501005;815;137,169;1991;0,010;0,590;408;25;6,130;2718
4708501006;633;179,929;1988;0,010;0,500;457;20;4,380;2719
4708502001;670;131,839;1981;0,010;0,540;531;22;4,140;2720
4708502002;844;126,861;1978;0,010;0,750;691;21;3,040;2721
4708502003;567;129,351;1984;0,010;0,590;435;10;2,300;2722
4708502004;617;125,562;1989;0,010;0,440;376;28;7,450;2723
4708503001;751;122,956;1966;0,010;0,730;691;66;9,550;2724
4708503002;459;94,575;1973;0,010;0,650;459;1;0,220;2725
4708503003;981;111,492;1988;0,010;0,520;561;31;5,530;2726
4708503004;842;131,165;1984;0,010;0,650;538;40;7,430;2727
4708601001;457;156,442;1966;0,020;0,930;417;29;6,950;2728
4708601002;693;150,450;1983;0,020;0,730;471;19;4,030;2729
4708602001;538;166,743;1971;0,030;0,770;330;28;8,480;2730
4708602002;931;155,585;1981;0,020;0,580;729;32;4,390;2731
4708701001;298;230,698;1961;0,020;0,530;252;16;6,350;2732
4708801001;193;242,565;1917;0,040;0,610;168;41;24,400;2733
4708901001;208;254,433;1897;0,030;0,600;190;45;23,680;2734
4709001001;949;182,437;1993;0,020;0,640;603;32;5,310;2735
4709001002;924;197,974;1992;0,020;0,530;601;53;8,820;2736
4709101001;91;236,802;1917;0,030;0,660;82;15;18,290;2737
4709201001;113;300,018;1956;0,020;0,610;105;28;26,670;2738
4709301001;750;184,732;1960;0,030;0,600;615;88;14,310;2739
4709401001;116;320,267;1922;0,020;0,530;114;21;18,420;2740
4709501001;38;208,579;1981;0,020;0,710;12;2;16,670;2741
4709601001;130;268,369;1904;0,040;0,590;115;14;12,170;2742
4709701001;282;268,348;1929;0,020;0,680;247;20;8,100;2743
4709801001;439;220,428;1975;0,020;0,600;286;34;11,890;2744
4709901001;110;253,127;1935;0,030;0,640;94;7;7,450;2745
4710001001;150;235,107;1933;0,030;0,730;143;25;17,480;2746
4710101001;611;189,714;1949;0,020;0,690;503;70;13,920;2747
4710101002;836;203,642;1950;0,020;0,650;705;117;16,600;2748
4710201001;215;214,772;1956;0,030;0,630;190;19;10,000;2749
4710301001;238;204,252;1967;0,030;0,540;189;47;24,870;2750
4710401001;393;179,972;1975;0,020;0,700;322;66;20,500;2751
4710401002;734;160,153;1985;0,020;0,630;444;57;12,840;2752
4710402001;590;151,593;1983;0,010;0,730;396;69;17,420;2753
4710402002;448;174,670;1982;0,020;0,650;295;56;18,980;2754
4710501001;141;223,433;1964;0,030;0,660;115;21;18,260;2755
4710601001;69;224,884;1932;0,020;0,450;60;15;25,000;2756
4710901001;175;279,240;1913;0,030;0,610;166;35;21,080;2757
4711001001;336;228,738;1962;0,020;0,590;304;69;22,700;2758
4711101001;601;259,181;1985;0,020;0,510;460;106;23,040;2759
4711201001;963;190,975;1978;0,020;0,560;750;93;12,400;2760
4711201002;776;196,865;1985;0,010;0,520;574;83;14,460;2761
4711301001;131;293,275;1938;0,020;0,690;124;5;4,030;2762
4711401001;1134;153,735;1986;0,010;0,570;803;75;9,340;2763
4711401002;857;166,623;1979;0,020;0,720;607;80;13,180;2764
4711402001;902;184,462;1971;0,020;0,660;675;161;23,850;2765
4711402002;418;184,761;1980;0,020;0,570;342;32;9,360;2766
4711501001;233;249,708;1926;0,030;0,620;206;79;38,350;2767
4711601001;359;207,217;1978;0,020;0,570;297;107;36,030;2768
4711701001;217;227,276;1937;0,030;0,590;183;47;25,680;2769
4711801001;144;207,514;1967;0,020;0,500;128;39;30,470;2770
4711901001;140;213,200;1936;0,020;0,550;135;37;27,410;2771
4712101001;456;232,768;1956;0,020;0,590;410;59;14,390;2772
4712201001;506;215,907;1969;0,020;0,590;419;29;6,920;2773
4712202001;992;210,042;1976;0,020;0,660;703;53;7,540;2774
4712301001;299;223,920;1966;0,030;0,540;211;51;24,170;2775
4712401001;371;231,235;1949;0,030;0,710;294;61;20,750;2776
4712501001;62;299,468;1901;0,030;0,630;57;11;19,300;2777
4712601001;29;361,862;1926;0,020;0,570;27;13;48,150;2778
4712701001;205;201,029;1919;0,020;0,580;190;39;20,530;2779
4712801001;39;330,667;1880;0,030;0,560;38;6;15,790;2780
4712901001;669;180,040;1979;0,020;0,580;553;116;20,980;2781
4713001001;87;229,092;1906;0,020;0,520;82;4;4,880;2782
4713101001;253;193,561;1964;0,030;0,590;208;52;25,000;2783
4713201001;32;247,781;1924;0,030;0,580;25;5;20,000;2784
4713301001;837;183,393;1991;0,020;0,540;367;42;11,440;2785
4713301002;821;206,076;2005;0,000;0,270;95;0;0,000;2786
4713401001;183;292,508;1929;0,030;0,560;171;21;12,280;2787
4713501001;39;272,308;1962;0,020;0,730;37;10;27,030;2788
4713701001;38;174,474;1975;0,020;0,460;34;9;26,470;2789
4713801001;160;232,588;1920;0,030;0,630;140;28;20,000;2790
4713901001;787;230,825;1953;0,030;0,600;688;128;18,600;2791
4714001001;117;271,291;1921;0,030;0,540;108;36;33,330;2792
4714101001;100;268,640;1937;0,030;0,610;92;32;34,780;2793
4714201001;146;244,829;1892;0,030;0,730;136;17;12,500;2794
4714301001;121;210,017;1919;0,020;0,560;114;31;27,190;2795
4714401001;67;279,791;1914;0,030;0,550;61;9;14,750;2796
4714501001;617;224,297;1960;0,020;0,530;505;137;27,130;2797
4714601001;218;172,862;1986;0,020;0,610;105;35;33,330;2798
4714701001;79;245,152;1953;0,020;0,530;77;18;23,380;2799
4714801001;397;216,111;1985;0,020;0,600;348;40;11,490;2800
4714901001;26;258,000;1903;0,020;0,720;24;0;0,000;2801
4715001001;360;218,244;1959;0,020;0,630;349;36;10,320;2802
4715101001;25;345,720;1920;0,020;0,740;24;1;4,170;2803
4715201001;100;247,580;1966;0,020;0,690;96;12;12,500;2804
4715301001;172;277,023;1892;0,030;0,570;161;28;17,390;2805
4715401001;173;214,520;1967;0,030;0,540;145;38;26,210;2806
4715501001;1176;147,401;1999;0,010;0,570;495;32;6,460;2807
4715501002;1001;149,304;1999;0,010;0,530;400;52;13,000;2808
4715601001;110;244,064;1935;0,030;0,670;99;17;17,170;2809
4715701001;536;153,343;1978;0,020;0,530;442;38;8,600;2810
4715801001;686;205,155;1967;0,030;0,640;539;146;27,090;2811
4715901001;561;215,529;1984;0,020;0,600;405;63;15,560;2812
4716001001;404;221,708;1976;0,020;0,590;374;43;11,500;2813
4716101001;937;186,284;1987;0,020;0,620;668;46;6,890;2814
4716101002;777;294,120;1995;0,010;0,460;438;49;11,190;2815
4716101003;865;226,126;1999;0,000;0,430;515;2;0,390;2816
4716201001;66;312,894;1880;0,030;0,680;61;1;1,640;2817
4716301001;369;267,114;1895;0,030;0,550;338;78;23,080;2818
4716401001;313;303,553;1983;0,020;0,590;290;47;16,210;2819
4716501001;947;171,457;1984;0,020;0,790;662;47;7,100;2820
4716501002;394;155,137;1972;0,020;0,720;340;21;6,180;2821
4716501003;587;156,847;1983;0,010;0,520;378;38;10,050;2822
4716502001;1147;144,189;1990;0,010;0,580;683;25;3,660;2823
4716502002;1305;216,597;1982;0,020;0,630;917;54;5,890;2824
4716502003;736;173,531;1991;0,010;0,510;437;27;6,180;2825
4716601001;199;239,342;1944;0,020;0,600;175;39;22,290;2826
4716701001;319;214,147;1920;0,030;0,790;284;56;19,720;2827
4716801001;17;279,176;1902;0,020;0,710;16;2;12,500;2828
4716901001;63;222,143;1936;0,020;0,530;58;12;20,690;2829
4717001001;85;174,094;1941;0,020;0,570;78;14;17,950;2830
4717101001;335;229,642;1963;0,020;0,660;306;34;11,110;2831
4717201001;141;247,213;1944;0,020;0,530;124;35;28,230;2832
4717301001;885;203,845;1985;0,010;0,550;537;149;27,750;2833
4717401001;311;257,958;1957;0,030;0,630;232;44;18,970;2834
4717501001;490;152,408;1986;0,020;0,710;240;10;4,170;2835
4717501002;364;149,374;1986;0,010;0,620;309;17;5,500;2836
4717501003;1474;201,210;1992;0,010;0,550;868;43;4,950;2837
4717502001;708;138,257;1976;0,020;0,700;512;15;2,930;2838
4717502002;1152;158,748;1988;0,010;0,650;756;105;13,890;2839
4717502003;994;146,765;1990;0,010;0,590;799;15;1,880;2840
4717601001;201;343,179;1947;0,020;0,560;188;26;13,830;2841
4717701001;79;368,937;1890;0,030;0,500;73;15;20,550;2842
4717801001;152;261,993;1960;0,020;0,620;128;48;37,500;2843
4717901001;313;225,780;1942;0,020;0,520;267;116;43,450;2844
4718001001;91;209,791;1929;0,020;0,570;88;21;23,860;2845
4718101001;125;216,432;1913;0,030;0,680;121;17;14,050;2846
4718201001;908;186,445;1983;0,020;0,560;651;63;9,680;2847
4718301001;187;281,556;1962;0,020;0,560;172;32;18,600;2848
4718401001;499;205,357;1963;0,030;0,710;375;65;17,330;2849
4718501001;70;258,386;1977;0,030;0,580;58;7;12,070;2850
4718601001;1041;140,068;1975;0,020;0,560;850;27;3,180;2851
4718601003;868;145,922;1972;0,020;0,580;787;46;5,840;2852
4718601006;547;143,399;1973;0,000;0,400;547;6;1,100;2853
4718601007;331;188,039;1970;0,010;0,370;331;1;0,300;2854
4718602001;458;141,762;1970;0,020;0,580;396;2;0,510;2855
4718602002;615;160,320;1966;0,020;0,520;564;4;0,710;2856
4718602004;559;123,877;1962;0,010;0,330;555;0;0,000;2857
4718602005;797;111,529;1978;0,000;0,410;797;0;0,000;2858
4718602006;534;124,816;1964;0,010;0,320;492;0;0,000;2859
4718602007;492;123,819;1967;0,010;0,270;462;3;0,650;2860
4718602008;394;139,718;1966;0,000;0,540;383;3;0,780;2861
4718602009;354;118,816;1967;0,000;0,320;354;0;0,000;2862
4718602010;670;130,557;1970;0,000;0,310;670;28;4,180;2863
4718602012;477;121,140;1967;0,010;0,430;477;0;0,000;2864
4718602013;496;133,992;1968;0,010;0,320;486;2;0,410;2865
4718602014;619;121,507;1964;0,000;0,390;619;19;3,070;2866
4718602015;737;113,119;1952;0,010;0,210;722;0;0,000;2867
4718602017;490;96,127;1966;0,000;0,270;479;0;0,000;2868
4718602019;617;100,532;1969;0,010;0,540;617;0;0,000;2869
4718603001;423;121,574;1973;0,010;0,750;368;6;1,630;2870
4718603002;403;149,903;1960;0,010;0,380;396;16;4,040;2871
4718603003;571;108,788;1974;0,010;0,280;500;0;0,000;2872
4718603004;554;100,733;1969;0,010;0,590;519;3;0,580;2873
4718603005;839;96,298;1968;0,010;0,290;796;2;0,250;2874
4718603007;406;116,217;1972;0,010;0,690;345;0;0,000;2875
4718603008;769;150,609;1978;0,020;0,410;519;3;0,580;2876
4718603009;402;150,736;1965;0,010;0,360;402;4;1,000;2877
4718604001;703;106,366;1976;0,010;0,260;667;1;0,150;2878
4718604002;357;114,342;1981;0,010;0,530;243;0;0,000;2879
4718604003;808;101,609;1978;0,010;0,240;762;0;0,000;2880
4718604004;754;98,009;1977;0,010;0,260;661;0;0,000;2881
4718604005;506;107,741;1966;0,010;0,320;460;2;0,430;2882
4718604006;652;116,413;1979;0,000;0,260;619;0;0,000;2883
4718604007;962;89,308;1971;0,010;0,310;942;0;0,000;2884
4718604008;348;108,641;1975;0,000;0,230;348;0;0,000;2885
4718604009;490;73,202;1969;0,000;0,190;490;0;0,000;2886
4718604010;415;89,183;1974;0,000;0,280;380;0;0,000;2887
4718604011;456;51,417;1963;0,000;0,050;456;0;0,000;2888
4718604012;497;99,976;1975;0,010;0,350;449;2;0,450;2889
4718604013;458;98,548;1980;0,010;0,320;360;0;0,000;2890
4718604014;412;94,148;1972;0,010;0,260;368;0;0,000;2891
4718604015;516;96,781;1972;0,000;0,240;507;1;0,200;2892
4718604016;697;93,277;1973;0,010;0,260;668;0;0,000;2893
4718604017;660;92,550;1972;0,010;0,580;606;0;0,000;2894
4718604018;666;99,432;1982;0,010;0,290;548;0;0,000;2895
4718604020;391;66,801;1963;0,000;0,110;391;0;0,000;2896
4718604021;830;66,671;1965;0,000;0,120;830;0;0,000;2897
4718604023;426;66,049;1966;0,000;0,100;426;0;0,000;2898
4718604024;435;98,579;1973;0,000;0,210;435;1;0,230;2899
4718604025;396;78,098;1967;0,000;0,100;396;0;0,000;2900
4718604026;633;108,833;1979;0,000;0,160;625;0;0,000;2901
4718604027;553;85,089;1972;0,010;0,200;490;0;0,000;2902
4718604028;655;71,220;1969;0,000;0,370;655;0;0,000;2903
4718604029;489;89,417;1974;0,000;0,110;489;0;0,000;2904
4718604030;550;102,876;1979;0,010;0,520;490;4;0,820;2905
4718604032;393;112,165;1991;0,010;0,150;169;0;0,000;2906
4718604033;374;81,799;1974;0,010;0,200;361;0;0,000;2907
4718604034;546;96,504;1979;0,010;0,350;483;3;0,620;2908
4718604036;335;89,519;1975;0,000;0,170;335;1;0,300;2909
4718604037;704;132,457;1989;0,010;0,200;630;0;0,000;2910
4718604038;842;114,057;2003;0,000;0,210;54;1;1,850;2911
4718604039;622;119,198;1990;0,010;0,250;394;2;0,510;2912
4718604040;616;126,657;2003;0,000;0,670;53;2;3,770;2913
4718604041;1377;128,540;2008;0,000;0,270;0;0;;2914
4718605001;850;122,124;1973;0,020;0,690;678;66;9,730;2915
4718605002;883;129,384;1964;0,020;0,580;802;29;3,620;2916
4718605004;422;141,950;1970;0,020;0,500;365;2;0,550;2917
4718605006;612;122,673;1973;0,010;0,510;586;30;5,120;2918
4718605007;434;114,800;1978;0,010;0,390;386;22;5,700;2919
4718606001;499;127,954;1977;0,000;0,180;499;0;0,000;2920
4718606002;556;93,576;1966;0,010;0,300;540;0;0,000;2921
4718606003;809;101,595;1969;0,020;0,700;714;13;1,820;2922
4718606005;491;118,709;1982;0,000;0,160;491;0;0,000;2923
4718606006;682;110,859;1970;0,010;0,310;679;5;0,740;2924
4718606007;961;99,386;1973;0,010;0,460;875;3;0,340;2925
4718606009;785;95,639;1978;0,010;0,300;650;1;0,150;2926
4718606010;662;93,295;1970;0,010;0,230;652;1;0,150;2927
4718606012;510;102,580;1974;0,000;0,060;510;0;0,000;2928
4718606013;537;68,765;1968;0,000;0,160;537;0;0,000;2929
4718606014;402;102,975;1979;0,000;0,190;402;1;0,250;2930
4718606015;469;92,861;1971;0,000;0,420;460;1;0,220;2931
4718606016;443;71,865;1965;0,000;0,250;443;1;0,230;2932
4718606017;556;89,246;1969;0,000;0,170;554;0;0,000;2933
4718606018;402;119,428;1983;0,010;0,260;317;0;0,000;2934
4718606019;588;69,643;1965;0,000;0,230;588;0;0,000;2935
4718606020;568;119,504;1973;0,010;0,450;477;22;4,610;2936
4718606021;434;119,329;1976;0,010;0,360;414;0;0,000;2937
4718606022;559;115,605;1987;0,010;0,370;261;12;4,600;2938
4718606023;484;68,114;1966;0,000;0,220;484;0;0,000;2939
4718606024;616;79,972;1970;0,000;0,240;616;0;0,000;2940
4718606025;547;79,572;1970;0,000;0,150;547;0;0,000;2941
4718606026;358;57,885;1964;0,000;0,180;358;0;0,000;2942
4718606027;740;87,977;1971;0,000;0,160;740;0;0,000;2943
4718606028;414;79,766;1968;0,000;0,080;414;1;0,240;2944
4718606029;402;99,955;1975;0,000;0,170;402;1;0,250;2945
4718606030;489;83,200;1972;0,000;0,210;489;3;0,610;2946
4718606031;565;160,628;1996;0,010;0,530;110;3;2,730;2947
4718606032;508;110,671;1980;0,010;0,250;453;4;0,880;2948
4718606034;619;104,129;1976;0,000;0,370;581;0;0,000;2949
4718606036;970;161,933;1995;0,010;0,530;493;22;4,460;2950
4718606037;363;104,207;1981;0,000;0,220;341;0;0,000;2951
4718606038;704;108,143;1989;0,010;0,370;508;1;0,200;2952
4718606039;583;137,611;2005;0,000;0,110;0;0;;2953
4718607001;682;107,795;1975;0,010;0,470;666;2;0,300;2954
4718607003;457;108,499;1973;0,010;0,560;449;3;0,670;2955
4718607004;815;97,669;1972;0,010;0,340;782;0;0,000;2956
4718607005;915;101,873;1972;0,000;0,200;899;0;0,000;2957
4718607006;512;91,941;1969;0,010;0,310;498;1;0,200;2958
4718607007;527;94,205;1970;0,010;0,360;526;2;0,380;2959
4718607008;814;79,985;1966;0,000;0,230;814;1;0,120;2960
4718607010;349;99,693;1977;0,000;0,150;349;0;0,000;2961
4718607011;807;126,701;1985;0,030;0,420;234;6;2,560;2962
4718607013;582;98,009;1978;0,010;0,250;582;0;0,000;2963
4718607014;833;133,587;1989;0,010;0,400;477;32;6,710;2964
4718607015;434;109,892;1973;0,000;0,280;434;0;0,000;2965
4718607016;341;97,282;1976;0,000;0,040;341;1;0,290;2966
4718607018;565;120,083;1980;0,010;0,320;527;0;0,000;2967
4718607019;437;104,931;1974;0,000;0,310;437;1;0,230;2968
4718607020;479;104,641;1978;0,000;0,200;465;0;0,000;2969
4718607021;523;87,046;1970;0,010;0,360;472;2;0,420;2970
4718607022;1237;148,966;2008;0,010;0,420;89;3;3,370;3510
4718608001;566;98,781;1973;0,010;0,240;540;0;0,000;2971
4718608002;749;81,338;1965;0,010;0,410;733;3;0,410;2972
4718608004;994;81,555;1965;0,000;0,240;994;0;0,000;2973
4718608005;601;100,777;1977;0,010;0,280;566;1;0,180;2974
4718608006;804;70,005;1961;0,000;0,340;804;0;0,000;2975
4718608009;1016;75,333;1964;0,000;0,140;1016;0;0,000;2976
4718608012;614;102,163;1976;0,010;0,230;597;0;0,000;2977
4718608013;664;95,123;1971;0,010;0,340;652;0;0,000;2978
4718608014;615;88,182;1970;0,000;0,170;595;0;0,000;2979
4718608015;447;83,087;1969;0,000;0,060;447;0;0,000;2980
4718608016;388;81,348;1969;0,000;0,200;388;0;0,000;2981
4718608017;590;88,047;1971;0,000;0,180;590;0;0,000;2982
4718608018;631;69,412;1967;0,000;0,110;631;0;0,000;2983
4718608020;393;69,204;1965;0,000;0,300;393;0;0,000;2984
4718608021;656;71,724;1964;0,000;0,150;656;0;0,000;2985
4718608023;527;75,935;1969;0,000;0,070;527;0;0,000;2986
4718608024;564;108,300;1976;0,000;0,220;564;0;0,000;2987
4718608025;476;106,040;1978;0,000;0,230;452;0;0,000;2988
4718608026;602;77,678;1969;0,000;0,100;602;0;0,000;2989
4718608027;507;79,846;1970;0,000;0,100;507;0;0,000;2990
4718608028;1021;88,130;1974;0,000;0,200;1021;99;9,700;2991
4718608030;370;84,257;1971;0,000;0,150;370;0;0,000;2992
4718608031;804;108,602;1985;0,010;0,350;795;1;0,130;2993
4718608032;488;102,740;1962;0,010;0,500;468;18;3,850;2994
4718608033;415;113,810;1961;0,020;0,670;294;42;14,290;2995
4718608034;370;94,286;1973;0,010;0,570;313;4;1,280;2996
4718608035;973;134,374;1996;0,010;0,250;371;103;27,760;2997
4718608036;613;129,649;1982;0,010;0,610;502;33;6,570;3511
4718608037;770;103,321;1975;0,000;0,170;762;2;0,260;2998
4718608038;501;101,607;1973;0,010;0,280;482;0;0,000;2999
4718608039;347;84,375;1971;0,000;0,060;347;0;0,000;3000
4718609001;444;132,932;1965;0,020;0,430;426;5;1,170;3001
4718609002;751;125,815;1976;0,010;0,450;734;8;1,090;3002
4718609003;439;138,144;1978;0,010;0,340;415;2;0,480;3003
4718609004;800;122,465;1971;0,010;0,400;778;1;0,130;3004
4718609006;576;99,736;1970;0,000;0,280;576;1;0,170;3005
4718609007;976;120,870;1976;0,010;0,390;943;2;0,210;3006
4718609009;693;133,968;1979;0,000;0,420;670;1;0,150;3007
4718609010;511;102,147;1976;0,010;0,430;489;1;0,200;3008
4718609011;1044;93,444;1973;0,010;0,250;969;0;0,000;3009
4718610001;879;139,882;1989;0,010;0,570;498;1;0,200;3514
4718610002;479;105,846;1975;0,000;0,350;461;0;0,000;3010
4718610003;535;95,639;1975;0,010;0,230;489;0;0,000;3011
4718610004;431;104,879;1974;0,000;0,150;431;0;0,000;3012
4718610005;793;111,120;1977;0,010;0,420;766;0;0,000;3013
4718610006;703;150,634;1977;0,020;0,740;462;28;6,060;3520
4718610007;851;125,043;1982;0,010;0,210;805;134;16,650;3014
4718610008;762;145,785;1978;0,010;0,470;457;172;37,640;3015
4718610009;517;116,449;1984;0,000;0,240;507;1;0,200;3016
4718610010;606;146,686;1982;0,010;0,190;606;0;0,000;3017
4718610011;456;187,726;1974;0,000;0,290;456;0;0,000;3018
4718610013;536;128,909;1973;0,000;0,290;536;0;0,000;3019
4718610014;706;109,506;1983;0,010;0,220;654;0;0,000;3020
4718610015;512;85,000;1970;0,000;0,180;512;0;0,000;3021
4718610016;389;117,671;1979;0,010;0,370;334;2;0,600;3022
4718610017;404;100,740;1977;0,000;0,100;404;0;0,000;3023
4718610018;641;154,668;1986;0,000;0,170;501;1;0,200;3024
4718610019;572;83,753;1978;0,000;0,150;572;0;0,000;3025
4718610020;484;166,403;1974;0,000;0,200;484;0;0,000;3026
4718610021;548;164,312;1980;0,000;0,190;548;0;0,000;3027
4718610022;512;92,062;1978;0,000;0,060;512;0;0,000;3028
4718610024;623;145,193;1986;0,000;0,060;553;0;0,000;3029
4718610025;425;101,115;1974;0,000;0,170;425;0;0,000;3030
4718610026;516;100,527;1976;0,010;0,280;486;0;0,000;3031
4718610027;482;143,440;1985;0,000;0,060;482;2;0,410;3032
4718610028;348;146,293;1984;0,000;0,020;348;0;0,000;3033
4718610029;807;156,887;1991;0,000;0,360;807;0;0,000;3034
4718610030;943;188,823;2005;0,000;0,390;16;0;0,000;3035
4718610031;288;109,549;1981;0,000;0,070;288;0;0,000;3036
4718610032;529;136,784;1998;0,010;0,180;313;0;0,000;3037
4718610033;576;125,884;1990;0,000;0,130;547;0;0,000;3038
4718610034;516;161,391;1984;0,000;0,120;470;1;0,210;3039
4718610035;649;152,809;1988;0,000;0,060;649;0;0,000;3040
4718610036;377;120,660;1987;0,000;0,160;288;0;0,000;3041
4718610037;911;132,362;1988;0,000;0,180;911;0;0,000;3042
4718610038;576;145,948;1989;0,000;0,040;576;0;0,000;3043
4718610039;571;146,897;1989;0,000;0,130;571;1;0,180;3044
4718610040;504;170,044;1991;0,000;0,110;504;0;0,000;3045
4718610041;413;186,867;1994;0,010;0,380;314;0;0,000;3046
4718610042;813;143,154;1993;0,000;0,290;797;0;0,000;3047
4718610043;890;137,372;1996;0,000;0,210;570;0;0,000;3048
4718610044;724;127,747;1997;0,000;0,230;485;0;0,000;3049
4718610045;666;145,725;1997;0,000;0,190;526;0;0,000;3050
4718610046;703;144,569;2000;0,000;0,130;290;1;0,340;3051
4718610047;716;142,285;1998;0,000;0,120;539;0;0,000;3052
4718610048;307;304,596;1996;0,000;0,340;223;0;0,000;3053
4718610049;669;166,722;1992;0,000;0,320;512;0;0,000;3054
4718610050;751;128,490;2002;0,000;0,230;172;0;0,000;3055
4718610051;712;132,107;2001;0,000;0,200;164;0;0,000;3056
4718610052;1080;139,947;2009;0,000;0,130;0;0;;3057
4718610053;731;137,702;2010;0,000;0,370;0;0;;3058
4718610054;569;124,016;2005;0,000;0,190;0;0;;3059
4718610055;780;133,362;2008;0,000;0,280;0;0;;3060
4718610056;1252;140,053;2008;0,000;0,350;0;0;;3061
4718611001;723;101,177;1972;0,000;0,310;723;0;0,000;3062
4718611002;464;104,927;1973;0,010;0,470;444;0;0,000;3063
4718611003;833;118,993;1978;0,010;0,430;705;0;0,000;3064
4718611004;523;111,841;1984;0,010;0,240;362;0;0,000;3065
4718611005;850;85,812;1966;0,000;0,400;850;1;0,120;3066
4718611006;442;106,421;1967;0,010;0,260;442;0;0,000;3067
4718611007;767;103,580;1969;0,000;0,280;767;2;0,260;3068
4718611008;619;85,231;1964;0,000;0,350;619;1;0,160;3069
4718611009;416;104,834;1960;0,000;0,160;416;0;0,000;3070
4718611010;747;100,174;1960;0,000;0,140;747;1;0,130;3071
4718611012;430;101,428;1960;0,000;0,160;430;0;0,000;3072
4718611013;340;96,088;1960;0,000;0,120;340;0;0,000;3073
4718611014;555;106,793;1968;0,010;0,280;527;0;0,000;3074
4718611015;799;133,489;1980;0,010;0,260;765;2;0,260;3075
4718611016;595;127,185;1978;0,010;0,250;478;0;0,000;3076
4718611017;656;130,352;1987;0,010;0,550;311;12;3,860;3077
4718611018;587;115,111;1984;0,010;0,240;461;5;1,080;3078
4718611019;477;102,472;1974;0,000;0,160;477;0;0,000;3079
4718611020;702;94,818;1975;0,000;0,220;702;4;0,570;3080
4718611021;667;174,306;1998;0,010;0,540;174;3;1,720;3081
4718611022;430;79,558;1972;0,000;0,080;430;0;0,000;3082
4718611025;776;141,548;1978;0,000;0,080;776;0;0,000;3083
4718611026;901;117,991;1990;0,010;0,380;440;2;0,450;3084
4718611027;347;110,908;1979;0,000;0,170;347;0;0,000;3085
4718611028;721;111,535;1991;0,010;0,290;411;0;0,000;3086
4718611029;398;107,003;1977;0,010;0,290;343;0;0,000;3087
4718611031;1003;182,129;2001;0,000;0,410;483;0;0,000;3088
4718611032;917;195,577;1994;0,000;0,440;777;0;0,000;3089
4718611033;706;162,873;1998;0,000;0,270;612;0;0,000;3090
4718611034;671;149,624;1997;0,000;0,200;454;1;0,220;3091
4718611035;709;156,482;2000;0,000;0,310;533;0;0,000;3092
4718611036;1314;162,253;1998;0,010;0,440;601;14;2,330;3093
4718611037;710;176,096;1995;0,000;0,410;615;0;0,000;3094
4718611038;888;159,592;2002;0,000;0,400;103;0;0,000;3095
4718611039;492;233,750;2000;0,000;0,200;177;0;0,000;3096
4718611040;410;122,717;1992;0,000;0,100;410;0;0,000;3097
4718611041;904;179,499;2011;0,010;0,410;29;0;0,000;3098
4718611042;1617;137,931;2007;0,010;0,390;138;8;5,800;3099
4718611043;641;179,069;2004;0,000;0,420;16;1;6,250;3100
4718612001;593;170,040;1989;0,010;0,670;385;6;1,560;3519
4718612002;466;259,324;1978;0,020;0,520;311;30;9,650;3101
4718612003;721;209,143;1986;0,010;0,580;514;21;4,090;3102
4718612004;714;299,772;2004;0,000;0,330;149;0;0,000;3103
4718701001;126;249,325;1902;0,030;0,590;120;32;26,670;3104
4718801001;88;260,000;1935;0,020;0,700;84;12;14,290;3105
4718901001;74;208,486;1943;0,030;0,550;64;13;20,310;3106
4719001001;73;348,808;1928;0,030;0,600;59;5;8,470;3107
4719101001;136;272,140;1926;0,030;0,620;117;31;26,500;3108
4719201001;78;275,795;1932;0,030;0,720;72;15;20,830;3109
4719301001;1435;185,830;1982;0,010;0,550;1116;43;3,850;3110
4719401001;258;258,221;1961;0,020;0,510;218;39;17,890;3111
4719501001;492;243,217;1975;0,020;0,550;377;34;9,020;3112
4719601001;43;317,674;1892;0,030;0,520;38;5;13,160;3113
4719701001;599;223,482;1944;0,020;0,680;524;164;31,300;3114
4719801001;84;324,869;1883;0,030;0,540;79;3;3,800;3115
4719901001;111;229,757;1894;0,020;0,580;107;17;15,890;3116
4720001001;70;252,814;1912;0,020;0,600;68;4;5,880;3117
4720301001;115;290,426;1912;0,020;0,440;106;29;27,360;3118
4720401001;252;205,325;1968;0,020;0,590;235;20;8,510;3119
4720501001;318;260,255;1985;0,020;0,590;268;55;20,520;3120
4720601001;112;217,812;1943;0,020;0,590;104;5;4,810;3121
4720701001;178;302,382;1960;0,020;0,630;172;42;24,420;3122
4720801001;74;261,176;1902;0,020;0,530;72;15;20,830;3123
4720901001;40;276,500;1911;0,020;0,550;38;1;2,630;3124
4721001001;210;244,686;1969;0,020;0,710;198;14;7,070;3125
4721101001;54;297,278;1902;0,030;0,490;49;17;34,690;3126
4721201001;279;218,935;1962;0,020;0,630;245;52;21,220;3127
4721301001;90;296,100;1937;0,030;0,750;81;27;33,330;3128
4721401001;1046;219,424;1966;0,020;0,740;965;21;2,180;3129
4721501001;76;283,934;1941;0,020;0,760;72;5;6,940;3130
4721601001;78;285,474;1955;0,020;0,540;72;15;20,830;3131
4721701001;759;181,723;1993;0,020;0,790;325;38;11,690;3132
4721701002;687;172,518;2004;0,000;0,440;68;0;0,000;3133
4721801001;914;207,837;1987;0,020;0,550;637;115;18,050;3134
4721901001;30;322,300;1905;0,030;0,550;28;10;35,710;3135
4722001001;166;248,735;1957;0,020;0,600;151;31;20,530;3136
4722101001;85;213,412;1958;0,030;0,580;74;17;22,970;3137
4722201001;44;294,114;1917;0,030;0,630;38;1;2,630;3138
4722301001;149;200,168;1930;0,030;0,640;138;3;2,170;3139
4722401001;103;180,320;1955;0,030;0,870;58;14;24,140;3140
4722501001;57;301,421;1954;0,020;0,660;52;3;5,770;3141
4722601001;167;190,743;1955;0,020;0,660;143;37;25,870;3142
4722701001;67;256,328;1877;0,020;0,660;65;18;27,690;3143
4722801001;303;237,139;1976;0,030;0,640;194;29;14,950;3144
4722901001;216;302,606;1894;0,030;0,600;205;86;41,950;3145
4723001001;195;207,523;1969;0,030;0,700;160;20;12,500;3146
4723101001;942;163,680;2001;0,020;0,650;217;28;12,900;3147
4723101002;669;148,868;2004;0,010;0,350;51;7;13,730;3148
4723101003;759;131,250;2000;0,020;0,550;122;12;9,840;3149
4723101004;494;184,856;1998;0,010;0,440;164;37;22,560;3150
4723201001;94;232,617;1927;0,020;0,550;90;16;17,780;3151
4900201001;68;357,015;1938;0,010;0,490;66;19;28,790;3152
4900301001;836;198,262;1980;0,020;0,610;673;102;15,160;3153
4900401001;211;350,488;1956;0,020;0,600;204;1;0,490;3154
4900501001;156;264,032;1975;0,020;0,560;133;34;25,560;3155
4900601001;152;235,184;1959;0,020;0,620;134;21;15,670;3156
4900701001;326;199,172;1991;0,020;0,470;241;27;11,200;3157
4900801001;431;283,056;1984;0,020;0,560;395;92;23,290;3158
4900901001;314;285,328;1983;0,020;0,600;235;22;9,360;3159
4901001001;310;227,161;1998;0,020;0,680;156;29;18,590;3160
4901101001;224;218,540;1964;0,020;0,780;194;8;4,120;3161
4901201001;107;296,654;1941;0,020;0,480;105;3;2,860;3162
4901301001;203;274,300;1967;0,020;0,540;186;29;15,590;3163
4901401001;125;274,840;1959;0,020;0,630;103;30;29,130;3164
4901501001;371;264,903;1968;0,020;0,630;327;45;13,760;3165
4901601001;247;241,818;1950;0,020;0,690;223;40;17,940;3166
4901701001;487;195,281;1956;0,020;0,580;420;73;17,380;3167
4901801001;417;272,137;1963;0,020;0,510;368;88;23,910;3168
4901901001;227;281,159;1962;0,020;0,730;199;62;31,160;3169
4902001001;341;275,085;1958;0,020;0,610;307;35;11,400;3170
4902101001;476;156,179;1979;0,010;0,790;428;23;5,370;3171
4902101002;766;130,886;1983;0,010;0,610;655;18;2,750;3172
4902101003;539;101,729;1971;0,010;0,530;496;48;9,680;3173
4902101004;970;144,126;1987;0,010;0,590;647;36;5,560;3174
4902101005;843;123,820;1990;0,010;0,540;518;4;0,770;3175
4902101006;874;119,888;1993;0,010;0,370;630;7;1,110;3176
4902101007;475;147,282;1973;0,010;0,620;434;37;8,530;3177
4902102001;649;135,806;1984;0,010;0,660;506;29;5,730;3178
4902102002;1153;107,266;1988;0,010;0,530;904;5;0,550;3179
4902102003;1154;124,806;1990;0,010;0,660;777;7;0,900;3180
4902102004;353;110,878;1981;0,010;0,560;348;2;0,570;3181
4902102005;860;188,793;2001;0,000;0,560;271;6;2,210;3182
4902102006;1030;114,727;1999;0,010;0,580;343;6;1,750;3183
4902103001;735;133,144;1986;0,010;0,540;580;22;3,790;3184
4902103002;716;139,476;1980;0,020;0,630;628;38;6,050;3185
4902201001;174;289,224;1973;0,020;0,640;149;23;15,440;3186
4902301001;1005;277,026;1968;0,020;0,570;809;141;17,430;3187
4902401001;667;233,304;1968;0,020;0,540;591;110;18,610;3188
4902501001;212;237,995;1971;0,020;0,660;196;71;36,220;3189
4902601001;229;235,301;1966;0,020;0,490;209;13;6,220;3190
4902701001;207;267,498;1969;0,020;0,550;195;42;21,540;3191
4902801001;98;299,480;1984;0,020;0,600;85;29;34,120;3192
4902901001;430;295,305;1972;0,020;0,500;349;35;10,030;3193
4903001001;141;351,830;1968;0,020;0,500;132;28;21,210;3194
4903101001;153;226,261;1954;0,020;0,710;139;35;25,180;3195
4903201001;316;291,174;1961;0,020;0,430;275;20;7,270;3196
4903301001;707;235,481;1966;0,020;0,540;609;46;7,550;3197
4903401001;446;207,520;1983;0,020;0,600;371;63;16,980;3198
4903501001;201;275,040;1951;0,020;0,610;188;34;18,090;3199
4903601001;513;218,975;1973;0,020;0,600;445;21;4,720;3200
4903701001;174;283,000;1982;0,020;0,550;137;37;27,010;3201
4903801001;232;173,302;1979;0,020;0,780;207;32;15,460;3202
4903901001;269;250,784;1999;0,030;0,570;206;50;24,270;3203
4904001001;136;218,199;1963;0,020;0,630;114;39;34,210;3204
4904101001;290;274,962;1968;0,020;0,600;252;36;14,290;3205
4904201001;218;291,784;1945;0,020;0,590;204;26;12,750;3206
4904301001;462;221,461;1975;0,020;0,760;438;58;13,240;3207
4904401001;59;307,797;1979;0,020;0,650;51;9;17,650;3208
4904601001;248;286,536;1965;0,020;0,520;233;51;21,890;3209
4904701001;97;276,062;1946;0,020;0,560;85;18;21,180;3210
4904801001;186;212,457;1955;0,020;0,460;152;46;30,260;3211
4905001001;1275;171,837;1950;0,020;0,550;1117;204;18,260;3212
4905201001;337;244,570;1980;0,020;0,720;306;46;15,030;3213
4905301001;716;218,499;1986;0,020;0,630;561;79;14,080;3214
4905401001;838;258,177;1958;0,020;0,660;675;162;24,000;3215
4905501001;199;186,804;1969;0,020;0,840;192;19;9,900;3216
4905601001;212;289,967;1971;0,020;0,580;189;36;19,050;3217
4905701001;182;264,648;1984;0,020;0,430;156;3;1,920;3218
4905801001;453;172,137;1987;0,020;0,740;391;50;12,790;3219
4905901001;65;213,354;1969;0,020;0,500;58;5;8,620;3220
4906101001;162;200,056;1985;0,020;0,550;115;17;14,780;3221
4906201001;269;191,015;1944;0,030;0,550;230;51;22,170;3222
4906301001;326;243,445;1962;0,020;0,480;291;34;11,680;3223
4906401001;612;274,974;1964;0,020;0,470;529;62;11,720;3224
4906501001;2408;126,850;1970;0,020;0,800;2226;109;4,900;3225
4906601001;569;277,329;1970;0,020;0,440;472;47;9,960;3226
4906701001;336;256,423;1956;0,020;0,450;267;21;7,870;3227
4906801001;497;248,938;1972;0,020;0,470;416;110;26,440;3228
4906901001;650;201,074;1973;0,020;0,550;542;74;13,650;3229
4907101001;897;211,309;1971;0,020;0,530;752;72;9,570;3230
4907501001;179;308,134;1973;0,020;0,710;159;20;12,580;3231
4907601001;217;247,733;1984;0,020;0,590;178;5;2,810;3232
4907701001;211;285,654;1968;0,020;0,470;192;28;14,580;3233
4907801001;202;238,129;1971;0,020;0,680;192;10;5,210;3234
4907901001;103;299,903;1977;0,020;0,460;95;28;29,470;3235
4908001001;707;210,956;1982;0,020;0,670;558;149;26,700;3236
4908101001;667;200,216;1985;0,020;0,600;503;42;8,350;3237
4908102001;586;199,683;1985;0,020;0,620;481;41;8,520;3238
4908201001;496;239,677;1969;0,020;0,690;464;87;18,750;3239
4908301001;58;355,552;1949;0,010;0,540;57;11;19,300;3240
4908401001;210;256,852;1986;0,020;0,490;173;40;23,120;3241
4908501001;1893;146,188;1964;0,020;0,660;1557;202;12,970;3242
4908601001;103;247,757;1983;0,020;0,560;84;21;25,000;3243
4908701001;591;229,472;1977;0,020;0,500;495;41;8,280;3244
4908801001;109;283,229;1971;0,020;0,500;96;10;10,420;3245
4909001001;270;232,481;1980;0,020;0,700;244;25;10,250;3246
4909101001;232;229,901;1948;0,020;0,570;192;50;26,040;3247
4909201001;160;329,050;1962;0,020;0,510;138;14;10,140;3248
4909301001;239;222,033;1967;0,010;0,520;222;39;17,570;3249
4909401001;817;133,038;1937;0,020;0,710;754;111;14,720;3250
4909501001;225;282,262;1976;0,020;0,530;167;26;15,570;3251
4909601001;175;252,114;1971;0,020;0,640;162;29;17,900;3252
4909701001;221;185,652;1949;0,020;0,430;194;53;27,320;3253
4909801001;248;243,565;1967;0,020;0,470;221;52;23,530;3254
4909901001;141;272,248;1975;0,020;0,410;123;31;25,200;3255
4910001001;917;130,309;1936;0,010;0,680;849;177;20,850;3256
4910101001;175;312,383;1958;0,020;0,410;157;27;17,200;3257
4910201001;248;160,085;1973;0,020;0,590;195;54;27,690;3258
4910301001;432;225,745;1982;0,020;0,780;368;98;26,630;3259
4910401001;549;225,403;1979;0,020;0,500;449;36;8,020;3260
4910501001;204;272,275;1974;0,020;0,570;185;28;15,140;3261
4910701001;171;300,854;1957;0,020;0,590;165;58;35,150;3262
4910801001;895;204,485;1944;0,020;0,730;826;152;18,400;3263
4910901001;455;298,165;1982;0,020;0,550;357;61;17,090;3264
4911001001;673;186,461;1957;0,020;0,520;532;144;27,070;3265
4911101001;183;243,787;1986;0,020;0,480;172;26;15,120;3266
4911201001;298;230,990;1947;0,030;0,520;238;75;31,510;3267
4911301001;140;313,107;1970;0,020;0,540;118;28;23,730;3268
4911401001;46;223,957;1997;0,020;0,670;40;1;2,500;3269
4911501001;253;166,387;1973;0,020;0,560;194;8;4,120;3270
4911601001;425;281,687;1957;0,020;0,590;396;60;15,150;3271
4911701001;433;272,402;1976;0,020;0,520;387;106;27,390;3272
4911801001;156;290,417;1956;0,020;0,560;134;11;8,210;3273
4911901001;161;268,193;1969;0,020;0,650;131;17;12,980;3274
4912001001;337;143,136;1979;0,020;0,690;292;37;12,670;3275
4912101001;410;217,854;1964;0,020;0,640;358;87;24,300;3276
4912201001;541;215,739;1999;0,020;0,540;236;35;14,830;3277
4912301001;448;271,373;1963;0,020;0,520;376;89;23,670;3278
4912401001;236;272,449;1975;0,020;0,480;214;18;8,410;3279
4912501001;1096;211,530;1997;0,020;0,680;651;21;3,230;3280
4912601001;208;200,803;1996;0,020;0,580;167;51;30,540;3281
4912701001;785;204,535;1974;0,020;0,700;497;53;10,660;3282
4912701002;1034;226,211;1999;0,010;0,570;458;2;0,440;3283
4912801001;494;290,727;1973;0,020;0,620;448;17;3,790;3284
4912901001;952;206,452;1964;0,020;0,680;838;98;11,690;3285
4913001001;191;292,791;1960;0,020;0,550;161;31;19,250;3286
4913101001;191;318,241;1965;0,020;0,460;174;21;12,070;3287
4913201001;228;319,662;1972;0,020;0,590;209;42;20,100;3288
4913301001;357;234,978;1963;0,020;0,570;308;22;7,140;3289
4913401001;315;212,038;1929;0,030;0,620;291;73;25,090;3290
4913501001;699;227,381;1967;0,020;0,590;564;29;5,140;3291
4913601001;313;271,930;1965;0,020;0,470;276;79;28,620;3292
4913701001;120;319,925;1968;0,020;0,520;104;4;3,850;3293
4913801001;275;326,047;1982;0,020;0,410;258;27;10,470;3294
4913901001;274;205,584;1967;0,020;0,590;254;51;20,080;3295
4914101001;331;273,157;1959;0,020;0,550;285;48;16,840;3296
4914201001;223;229,031;1967;0,020;0,620;192;9;4,690;3297
4914301001;403;192,809;1958;0,020;0,540;345;66;19,130;3298
4914501001;486;157,955;1986;0,020;0,510;395;56;14,180;3299
4914601001;265;252,883;1958;0,020;0,510;239;58;24,270;3300
4914701001;266;232,301;1956;0,020;0,630;252;42;16,670;3301
4914801001;131;256,542;1985;0,020;0,620;94;29;30,850;3302
4914901001;406;245,552;1985;0,020;0,560;314;62;19,750;3303
4915001001;211;232,867;1967;0,020;0,400;180;68;37,780;3304
4915101001;824;233,051;1984;0,020;0,730;724;136;18,780;3305
4915201001;585;241,576;1990;0,020;0,640;473;80;16,910;3306
4915301001;230;274,552;1972;0,020;0,460;201;10;4,980;3307
4915401001;487;124,548;1935;0,010;0,770;458;91;19,870;3308
4915501001;102;275,157;1951;0,020;0,630;90;45;50,000;3309
4915601001;244;306,369;1979;0,010;0,570;237;36;15,190;3310
4915701001;190;210,832;1979;0,020;0,490;138;26;18,840;3311
4915801001;278;207,353;1982;0,020;0,740;257;58;22,570;3312
4915901001;297;255,380;1982;0,020;0,550;234;50;21,370;3313
4916001001;49;250,898;1964;0,020;0,460;43;13;30,230;3314
4916201001;632;120,862;1943;0,020;0,640;550;120;21,820;3315
4916301001;218;338,826;1973;0,020;0,570;204;46;22,550;3316
4916401001;166;247,024;1961;0,020;0,530;148;19;12,840;3317
4916501001;79;286,430;1959;0,020;0,660;78;16;20,510;3318
4916601001;1311;169,458;1969;0,020;0,660;1016;129;12,700;3319
4916701001;229;266,424;1971;0,020;0,450;191;22;11,520;3320
4916801001;137;239,241;1964;0,020;0,630;132;42;31,820;3321
4916901001;76;231,776;1948;0,020;0,760;72;3;4,170;3322
4917001001;98;298,541;1969;0,020;0,530;79;14;17,720;3323
4917101001;562;265,826;1974;0,020;0,570;493;105;21,300;3324
4917201001;466;256,015;1965;0,020;0,490;401;29;7,230;3325
4917301001;425;192,529;1983;0,020;0,530;345;49;14,200;3326
4917401001;236;169,500;1969;0,020;0,580;227;41;18,060;3327
4917501001;251;252,773;1953;0,020;0,740;227;29;12,780;3328
4917601001;713;249,191;1972;0,010;0,580;613;49;7,990;3329
4917701001;483;185,799;1967;0,020;0,590;417;46;11,030;3330
4917801001;520;216,527;1995;0,010;0,580;190;25;13,160;3331
4917901001;1194;141,460;1946;0,020;0,680;1081;83;7,680;3332
4918001001;216;245,843;1974;0,020;0,630;203;51;25,120;3333
4918101001;738;166,676;1955;0,020;0,540;620;141;22,740;3334
4918301001;142;178,352;1974;0,020;0,680;129;30;23,260;3335
4918401001;204;273,525;1984;0,020;0,490;151;33;21,850;3336
4918501001;107;284,430;1971;0,010;0,550;92;9;9,780;3337
4918601001;305;261,977;1949;0,020;0,590;275;73;26,550;3338
4918701001;859;320,609;1976;0,020;0,540;701;42;5,990;3339
4918801001;172;250,901;1926;0,020;0,730;164;46;28,050;3340
4918901001;1429;108,749;1935;0,020;0,750;1307;48;3,670;3341
4919001001;75;307,893;1968;0,020;0,710;72;6;8,330;3342
4919101001;231;259,394;1961;0,020;0,520;206;50;24,270;3343
4919201001;222;310,887;1964;0,020;0,500;210;34;16,190;3344
4919301001;533;241,246;1974;0,020;0,450;455;29;6,370;3345
4919401001;322;246,665;1981;0,020;0,500;279;5;1,790;3346
4919701001;164;236,671;1985;0,020;0,620;146;32;21,920;3347
4919901001;183;274,055;1959;0,030;0,550;165;18;10,910;3348
4920001001;698;225,466;1976;0,020;0,700;555;63;11,350;3349
4920101001;307;247,961;1971;0,020;0,590;279;31;11,110;3350
4920201001;197;295,787;1945;0,020;0,490;190;37;19,470;3351
4920301001;230;367,730;1972;0,020;0,570;208;20;9,620;3352
4920401001;90;243,344;1964;0,020;0,480;75;13;17,330;3353
4920501001;403;281,385;1969;0,020;0,480;368;53;14,400;3354
4920601001;980;266,476;1972;0,020;0,520;882;83;9,410;3355
4920701001;528;201,178;1951;0,020;0,710;495;39;7,880;3356
4920801001;455;248,259;1979;0,020;0,480;378;98;25,930;3357
4920901001;499;234,587;1976;0,020;0,490;408;55;13,480;3358
4921001001;528;189,496;1988;0,020;0,710;460;96;20,870;3359
4921401001;736;228,474;1973;0,020;0,590;603;53;8,790;3360
4921601001;145;278,166;1930;0,020;0,760;140;10;7,140;3361
4921901001;970;169,690;1981;0,020;0,720;807;143;17,720;3362
4921901002;529;155,529;1984;0,020;0,740;401;37;9,230;3363
4921901003;629;150,110;1990;0,020;0,660;402;41;10,200;3364
4921902001;658;141,375;1982;0,020;0,660;540;68;12,590;3365
4921902002;695;123,915;1979;0,010;0,690;581;33;5,680;3366
4921902003;691;171,065;1994;0,020;0,600;337;76;22,550;3367
4921902004;901;137,456;1988;0,010;0,560;677;55;8,120;3368
4921903001;681;205,928;1978;0,010;0,700;521;40;7,680;3369
4922001001;213;261,080;1969;0,020;0,640;189;37;19,580;3370
4922101001;235;275,277;1969;0,020;0,440;200;37;18,500;3371
4922201001;258;285,473;1970;0,020;0,630;193;52;26,940;3372
4922301001;719;203,505;1983;0,020;0,570;560;82;14,640;3373
4922401001;456;148,338;1945;0,020;0,580;364;121;33,240;3374
4922501001;312;219,388;1947;0,020;0,570;274;15;5,470;3375
4922601001;258;220,174;1972;0,020;0,700;226;46;20,350;3376
4922701001;235;245,166;1996;0,020;0,590;141;18;12,770;3377
4922801001;170;171,465;1990;0,020;0,900;156;34;21,790;3378
4922901001;228;221,197;1967;0,020;0,650;187;56;29,950;3379
4923001001;225;174,058;1969;0,020;0,770;198;30;15,150;3380
4923101001;427;259,119;1974;0,020;0,550;386;23;5,960;3381
4923201001;95;287,811;1974;0,020;0,550;83;35;42,170;3382
4923301001;92;246,478;1983;0,020;0,510;73;22;30,140;3383
4923401001;605;196,131;1987;0,020;0,690;519;95;18,300;3384
4923501001;480;234,073;1961;0,020;0,560;408;122;29,900;3385
4923601001;128;211,672;1926;0,020;0,780;127;19;14,960;3386
4923701001;200;206,540;1956;0,020;0,530;185;55;29,730;3387
4923801001;361;247,662;1972;0,020;0,650;331;42;12,690;3388
4923901001;531;239,913;1975;0,020;0,530;463;49;10,580;3389
4924001001;193;264,244;1973;0,020;0,470;159;17;10,690;3390
4924101001;284;252,303;1977;0,020;0,550;215;59;27,440;3391
4924201001;412;270,255;1965;0,020;0,670;355;15;4,230;3392
4924301001;119;297,563;1965;0,020;0,590;111;8;7,210;3393
4924401001;91;156,253;1969;0,010;0,790;90;5;5,560;3394
4924501001;227;250,846;1963;0,020;0,610;197;52;26,400;3395
4924601001;186;284,199;1953;0,020;0,640;165;16;9,700;3396
4924701001;439;209,435;1977;0,020;0,560;381;32;8,400;3397
4924801001;189;315,116;1983;0,020;0,580;175;23;13,140;3398
4924901001;105;317,324;1940;0,010;0,610;104;21;20,190;3399
4925001001;1109;181,542;1973;0,020;0,710;933;77;8,250;3400
4925101001;171;256,170;1945;0,020;0,520;158;43;27,220;3401
4925201001;402;251,637;1972;0,020;0,700;349;67;19,200;3402
4925501001;396;242,879;1979;0,020;0,600;341;22;6,450;3403
4925601001;193;277,917;1977;0,020;0,510;156;58;37,180;3404
4925701001;182;264,731;1981;0,020;0,600;118;21;17,800;3405
4925801001;152;225,855;1972;0,020;0,600;132;21;15,910;3406
4925901001;194;208,820;1955;0,020;0,540;165;36;21,820;3407
4926001001;624;290,705;1980;0,020;0,560;563;112;19,890;3408
4926101001;1227;209,325;1992;0,020;0,670;831;85;10,230;3409
4926201001;465;278,852;1989;0,030;0,560;336;91;27,080;3410
4926301001;96;244,240;1950;0,020;0,790;94;16;17,020;3411
4926401001;569;263,174;1972;0,020;0,550;502;106;21,120;3412
4926501001;181;262,403;1967;0,020;0,450;137;47;34,310;3413
4926601001;73;277,315;1959;0,020;0,650;70;15;21,430;3414
4926701001;158;180,627;1986;0,010;0,650;152;21;13,820;3415
4926801001;474;236,342;1979;0,020;0,580;430;90;20,930;3416
4926901001;248;241,750;1980;0,020;0,620;204;46;22,550;3417
4927001001;279;190,570;1973;0,010;0,840;272;22;8,090;3418
4927101001;230;235,887;1957;0,020;0,700;219;12;5,480;3419
4927201001;104;230,173;1965;0,020;0,610;98;13;13,270;3420
4927301001;216;217,194;1983;0,020;0,530;189;30;15,870;3421
4927501001;703;133,321;1974;0,020;0,650;580;44;7,590;3422
4927501002;1031;116,654;1984;0,010;0,570;787;14;1,780;3423
4927501003;1076;133,230;1978;0,010;0,560;985;31;3,150;3424
4927501004;813;114,203;1976;0,010;0,370;739;4;0,540;3425
4927501005;702;147,493;1979;0,010;0,430;582;3;0,520;3426
4927501006;1553;136,730;1995;0,010;0,290;545;11;2,020;3427
4927501007;883;130,586;1984;0,010;0,340;745;3;0,400;3428
4927501008;698;127,712;1975;0,010;0,420;627;0;0,000;3429
4927501009;1108;114,845;1983;0,010;0,330;965;13;1,350;3430
4927501010;648;106,881;1975;0,010;0,210;648;0;0,000;3431
4927501011;619;133,210;1975;0,010;0,450;607;15;2,470;3432
4927501012;509;114,053;1981;0,010;0,440;398;0;0,000;3433
4927501013;564;118,092;1976;0,000;0,310;564;0;0,000;3434
4927501014;629;93,892;1979;0,010;0,270;590;2;0,340;3435
4927501015;883;128,051;1996;0,000;0,260;719;0;0,000;3436
4927502001;982;133,686;1979;0,010;0,540;863;18;2,090;3437
4927502002;962;120,968;1984;0,020;0,580;714;65;9,100;3438
4927502003;1212;103,824;1991;0,010;0,310;688;0;0,000;3439
4927502004;961;135,499;1984;0,010;0,420;745;3;0,400;3440
4927502005;477;142,660;1976;0,010;0,380;469;0;0,000;3441
4927502006;631;105,664;1977;0,010;0,440;537;3;0,560;3442
4927502007;573;78,271;1957;0,000;0,520;572;0;0,000;3443
4927502008;807;70,559;1967;0,010;0,400;806;6;0,740;3444
4927502009;688;126,294;1982;0,010;0,500;489;25;5,110;3445
4927502010;522;97,538;1977;0,010;0,510;487;2;0,410;3446
4927502011;899;111,888;1982;0,010;0,230;806;0;0,000;3447
4927502012;904;124,101;1985;0,010;0,310;668;7;1,050;3448
4927502013;569;114,178;1983;0,010;0,480;460;5;1,090;3449
4927502014;489;118,826;1977;0,010;0,460;439;6;1,370;3450
4927502015;554;118,177;1985;0,010;0,280;394;0;0,000;3451
4927502016;509;116,167;1984;0,010;0,250;425;4;0,940;3452
4927502017;479;126,994;1982;0,010;0,630;397;15;3,780;3453
4927503001;755;124,299;1989;0,020;0,580;399;57;14,290;3454
4927503002;884;134,347;1987;0,020;0,600;417;65;15,590;3455
4927503003;765;171,016;1997;0,020;0,600;366;47;12,840;3456
4927503004;774;134,010;1994;0,010;0,490;304;22;7,240;3457
4927504001;446;152,751;1975;0,020;0,810;397;38;9,570;3458
4927504002;911;136,563;1996;0,010;0,540;375;7;1,870;3459
4927504003;685;144,851;1984;0,020;0,870;584;38;6,510;3460
4927504004;764;173,421;1987;0,020;0,600;531;66;12,430;3461
4927504005;1055;119,143;1993;0,010;0,320;566;1;0,180;3462
4927505001;781;137,986;1983;0,020;0,630;629;83;13,200;3463
4927505003;685;130,540;1984;0,020;0,590;489;34;6,950;3464
4927505004;1218;124,459;1989;0,010;0,450;779;18;2,310;3465
4927505005;1178;103,208;1982;0,010;0,420;909;0;0,000;3466
4927505006;584;158,726;1984;0,010;0,480;289;59;20,420;3467
4927505007;414;83,565;1966;0,010;0,310;403;40;9,930;3468
4927505008;862;112,349;1992;0,000;0,250;750;2;0,270;3469
4927505009;1259;119,460;1992;0,010;0,250;756;15;1,980;3470
