Provincia;CMuni;CUSEC;Periodo;Hombres_Educación_primaria_e_inferior;Hombres_Educación_superior;Hombres_Primera_etapa_de_Educación_Secundaria_y_similar;Hombres_Segunda_etapa_de_Educación_Secundaria_y_Educación_Postsecundaria_no_Superior;Mujeres_Educación_primaria_e_inferior;Mujeres_Educación_superior;Mujeres_Primera_etapa_de_Educación_Secundaria_y_similar;Mujeres_Segunda_etapa_de_Educación_Secundaria_y_Educación_Postsecundaria_no_Superior;Total_Educación_primaria_e_inferior;Total_Educación_superior;Total_Primera_etapa_de_Educación_Secundaria_y_similar;Total_Segunda_etapa_de_Educación_Secundaria_y_Educación_Postsecundaria_no_Superior
Avila;05001;0500101001;2021;21;22;37;23;23;19;34;11;44;41;71;34
Avila;05001;0500101001;2022;25;25;42;24;25;21;31;17;50;46;73;41
Avila;05001;0500101001;2023;21;26;42;25;21;18;28;17;42;44;70;42
Avila;05002;0500201001;2021;61;143;280;157;106;164;189;138;167;307;469;295
Avila;05002;0500201001;2022;59;151;275;157;94;168;184;141;153;319;459;298
Avila;05002;0500201001;2023;62;153;285;152;92;167;188;139;154;320;473;291
Avila;05002;0500201002;2021;78;117;216;152;93;159;175;132;171;276;391;284
Avila;05002;0500201002;2022;73;124;221;154;85;163;182;136;158;287;403;290
Avila;05002;0500201002;2023;66;122;219;151;81;157;183;145;147;279;402;296
Avila;05005;0500501001;2021;12;15;46;12;23;14;27;13;35;29;73;25
Avila;05005;0500501001;2022;12;15;46;13;22;15;29;12;34;30;75;25
Avila;05005;0500501001;2023;11;15;47;15;21;18;28;11;32;33;75;26
Avila;05007;0500701001;2021;20;4;25;11;24;10;11;4;44;14;36;15
Avila;05007;0500701001;2022;18;6;22;9;23;10;12;2;41;16;34;11
Avila;05007;0500701001;2023;18;4;21;11;23;9;11;2;41;13;32;13
Avila;05008;0500801001;2021;20;15;52;12;26;19;39;15;46;34;91;27
Avila;05008;0500801001;2022;17;16;53;12;25;21;35;17;42;37;88;29
Avila;05008;0500801001;2023;14;15;55;12;22;19;36;17;36;34;91;29
Avila;05010;0501001001;2021;18;9;32;14;25;17;18;11;43;26;50;25
Avila;05010;0501001001;2022;18;9;32;14;23;17;18;11;41;26;50;25
Avila;05010;0501001001;2023;18;9;32;14;21;17;18;13;39;26;50;27
Avila;05012;0501201001;2021;21;11;27;7;12;13;20;7;33;24;47;14
Avila;05012;0501201001;2022;20;12;31;7;12;13;21;8;32;25;52;15
Avila;05012;0501201001;2023;15;14;29;8;11;14;23;11;26;28;52;19
Avila;05013;0501301001;2021;130;78;144;89;172;83;89;85;302;161;233;174
Avila;05013;0501301001;2022;120;88;145;86;171;89;92;89;291;177;237;175
Avila;05013;0501301001;2023;112;94;142;92;170;105;99;92;282;199;241;184
Avila;05014;0501401001;2021;169;164;279;191;217;187;273;170;386;351;552;361
Avila;05014;0501401001;2022;154;166;289;189;194;203;271;159;348;369;560;348
Avila;05014;0501401001;2023;153;178;288;185;197;219;272;158;350;397;560;343
Avila;05014;0501401002;2021;65;31;108;51;92;47;96;41;157;78;204;92
Avila;05014;0501401002;2022;63;41;110;50;94;53;98;47;157;94;208;97
Avila;05014;0501401002;2023;58;45;112;49;87;57;92;47;145;102;204;96
Avila;05014;0501402001;2021;61;45;110;54;76;55;77;58;137;100;187;112
Avila;05014;0501402001;2022;60;53;110;57;68;60;76;62;128;113;186;119
Avila;05014;0501402001;2023;54;55;107;63;66;70;75;63;120;125;182;126
Avila;05014;0501402002;2021;153;181;355;205;220;291;315;192;373;472;670;397
Avila;05014;0501402002;2022;139;190;356;208;200;300;302;194;339;490;658;402
Avila;05014;0501402002;2023;128;194;351;214;187;303;296;196;315;497;647;410
Avila;05014;0501403001;2021;112;131;179;115;137;165;141;103;249;296;320;218
Avila;05014;0501403001;2022;108;138;191;117;148;179;156;103;256;317;347;220
Avila;05014;0501403001;2023;108;134;193;122;147;182;152;109;255;316;345;231
Avila;05015;0501501001;2021;11;4;15;2;15;5;11;1;26;9;26;3
Avila;05015;0501501001;2022;10;5;16;3;14;5;12;1;24;10;28;4
Avila;05015;0501501001;2023;7;4;15;3;13;5;10;1;20;9;25;4
Avila;05016;0501601001;2021;68;69;212;79;93;82;142;83;161;151;354;162
Avila;05016;0501601001;2022;73;73;207;76;94;87;141;81;167;160;348;157
Avila;05016;0501601001;2023;68;76;219;77;90;90;144;76;158;166;363;153
Avila;05016;0501602001;2021;112;155;275;177;169;230;221;144;281;385;496;321
Avila;05016;0501602001;2022;103;157;268;179;157;240;219;140;260;397;487;319
Avila;05016;0501602001;2023;94;157;262;177;148;236;217;146;242;393;479;323
Avila;05016;0501602002;2021;59;102;199;106;78;143;184;105;137;245;383;211
Avila;05016;0501602002;2022;56;99;197;106;79;146;181;111;135;245;378;217
Avila;05016;0501602002;2023;57;98;195;108;74;139;180;110;131;237;375;218
Avila;05016;0501602003;2021;83;133;260;160;108;198;242;162;191;331;502;322
Avila;05016;0501602003;2022;78;140;255;169;109;206;234;166;187;346;489;335
Avila;05016;0501602003;2023;71;136;251;162;105;211;228;168;176;347;479;330
Avila;05016;0501602004;2021;43;156;167;114;78;176;125;127;121;332;292;241
Avila;05016;0501602004;2022;46;155;163;115;74;186;119;117;120;341;282;232
Avila;05016;0501602004;2023;41;156;165;105;62;192;124;109;103;348;289;214
Avila;05016;0501602005;2021;68;142;217;153;63;239;188;157;131;381;405;310
Avila;05016;0501602005;2022;65;156;227;145;65;250;192;151;130;406;419;296
Avila;05016;0501602005;2023;56;156;225;138;59;247;182;159;115;403;407;297
Avila;05017;0501701001;2021;8;10;17;14;10;11;9;3;18;21;26;17
Avila;05017;0501701001;2022;6;10;17;13;10;11;9;3;16;21;26;16
Avila;05017;0501701001;2023;5;10;17;12;8;10;9;3;13;20;26;15
Avila;05019;0501901001;2021;73;183;134;119;143;193;132;137;216;376;266;256
Avila;05019;0501901001;2022;70;195;132;111;122;197;133;149;192;392;265;260
Avila;05019;0501901001;2023;69;195;141;107;122;207;132;132;191;402;273;239
Avila;05019;0501901002;2021;82;209;170;129;133;234;149;128;215;443;319;257
Avila;05019;0501901002;2022;78;202;166;126;116;244;151;129;194;446;317;255
Avila;05019;0501901002;2023;77;207;170;134;114;238;151;138;191;445;321;272
Avila;05019;0501902001;2021;67;293;89;144;128;390;122;167;195;683;211;311
Avila;05019;0501902001;2022;63;296;90;151;110;402;121;165;173;698;211;316
Avila;05019;0501902001;2023;62;318;103;146;111;415;127;166;173;733;230;312
Avila;05019;0501902002;2021;61;218;87;80;116;264;103;119;177;482;190;199
Avila;05019;0501902002;2022;53;216;88;87;101;266;106;127;154;482;194;214
Avila;05019;0501902002;2023;46;211;87;99;97;266;107;126;143;477;194;225
Avila;05019;0501903001;2021;63;291;165;173;95;296;151;155;158;587;316;328
Avila;05019;0501903001;2022;60;294;155;173;85;302;152;152;145;596;307;325
Avila;05019;0501903001;2023;59;290;141;173;86;296;145;143;145;586;286;316
Avila;05019;0501903002;2021;58;342;161;185;77;408;142;172;135;750;303;357
Avila;05019;0501903002;2022;52;345;160;183;68;416;152;174;120;761;312;357
Avila;05019;0501903002;2023;50;348;160;186;67;425;145;181;117;773;305;367
Avila;05019;0501904001;2021;142;152;224;140;205;239;212;148;347;391;436;288
Avila;05019;0501904001;2022;132;159;223;141;196;247;213;156;328;406;436;297
Avila;05019;0501904001;2023;134;160;232;141;197;246;213;155;331;406;445;296
Avila;05019;0501904002;2021;104;163;208;161;153;211;185;144;257;374;393;305
Avila;05019;0501904002;2022;91;164;205;167;142;211;178;149;233;375;383;316
Avila;05019;0501904002;2023;88;165;209;164;138;220;187;154;226;385;396;318
Avila;05019;0501904003;2021;89;115;184;120;136;147;167;107;225;262;351;227
Avila;05019;0501904003;2022;93;107;182;117;132;148;170;110;225;255;352;227
Avila;05019;0501904003;2023;84;109;174;127;120;141;168;115;204;250;342;242
Avila;05019;0501904004;2021;113;74;187;75;156;84;161;94;269;158;348;169
Avila;05019;0501904004;2022;98;77;191;79;158;87;163;89;256;164;354;168
Avila;05019;0501904004;2023;99;79;185;73;160;100;165;95;259;179;350;168
Avila;05019;0501904005;2021;127;74;212;84;206;90;199;113;333;164;411;197
Avila;05019;0501904005;2022;131;76;215;89;192;96;189;127;323;172;404;216
Avila;05019;0501904005;2023;129;70;225;86;183;102;202;121;312;172;427;207
Avila;05019;0501904006;2021;167;140;208;129;233;140;209;147;400;280;417;276
Avila;05019;0501904006;2022;148;150;200;130;211;145;211;152;359;295;411;282
Avila;05019;0501904006;2023;147;144;210;118;205;154;213;133;352;298;423;251
Avila;05019;0501904008;2021;101;295;289;235;125;382;253;202;226;677;542;437
Avila;05019;0501904008;2022;89;314;280;239;118;407;255;196;207;721;535;435
Avila;05019;0501904008;2023;86;325;276;237;121;425;251;187;207;750;527;424
Avila;05019;0501904009;2021;98;171;212;182;112;220;230;179;210;391;442;361
Avila;05019;0501904009;2022;98;180;214;179;106;217;223;179;204;397;437;358
Avila;05019;0501904009;2023;88;180;208;173;109;202;216;186;197;382;424;359
Avila;05019;0501904010;2021;50;125;140;119;62;163;131;118;112;288;271;237
Avila;05019;0501904010;2022;50;133;133;120;62;166;124;107;112;299;257;227
Avila;05019;0501904010;2023;45;135;128;111;63;168;122;102;108;303;250;213
Avila;05019;0501904011;2021;108;226;375;265;138;345;357;241;246;571;732;506
Avila;05019;0501904011;2022;105;241;373;262;143;358;342;235;248;599;715;497
Avila;05019;0501904011;2023;109;251;352;265;130;354;343;249;239;605;695;514
Avila;05019;0501904012;2021;43;201;173;163;51;305;139;155;94;506;312;318
Avila;05019;0501904012;2022;43;211;186;159;54;324;154;163;97;535;340;322
Avila;05019;0501904012;2023;49;233;183;162;54;320;163;173;103;553;346;335
Avila;05019;0501904013;2021;34;120;113;88;38;179;96;106;72;299;209;194
Avila;05019;0501904013;2022;32;120;114;92;32;187;91;107;64;307;205;199
Avila;05019;0501904013;2023;27;122;108;84;35;186;89;102;62;308;197;186
Avila;05019;0501904014;2021;63;188;215;160;83;247;188;178;146;435;403;338
Avila;05019;0501904014;2022;60;197;212;161;80;262;180;188;140;459;392;349
Avila;05019;0501904014;2023;52;199;218;157;76;265;174;204;128;464;392;361
Avila;05019;0501905001;2021;109;160;193;145;164;209;182;157;273;369;375;302
Avila;05019;0501905001;2022;103;161;195;141;153;207;192;149;256;368;387;290
Avila;05019;0501905001;2023;101;166;190;143;157;209;193;156;258;375;383;299
Avila;05019;0501905002;2021;76;276;172;163;137;333;173;147;213;609;345;310
Avila;05019;0501905002;2022;65;278;179;162;119;335;175;142;184;613;354;304
Avila;05019;0501905002;2023;73;290;178;163;121;338;186;145;194;628;364;308
Avila;05019;0501905003;2021;58;176;118;80;135;227;115;119;193;403;233;199
Avila;05019;0501905003;2022;56;173;120;81;113;228;119;123;169;401;239;204
Avila;05019;0501905003;2023;54;178;126;83;118;234;117;127;172;412;243;210
Avila;05019;0501905004;2021;96;270;270;204;129;338;271;206;225;608;541;410
Avila;05019;0501905004;2022;87;275;278;229;115;352;283;212;202;627;561;441
Avila;05019;0501905004;2023;91;270;300;235;125;355;282;227;216;625;582;462
Avila;05019;0501905005;2021;62;179;233;201;112;199;255;174;174;378;488;375
Avila;05019;0501905005;2022;50;188;231;187;104;210;249;165;154;398;480;352
Avila;05019;0501905005;2023;52;178;219;193;99;215;254;168;151;393;473;361
Avila;05019;0501905006;2021;56;357;294;286;95;516;227;273;151;873;521;559
Avila;05019;0501905006;2022;56;354;311;301;94;515;238;275;150;869;549;576
Avila;05019;0501905006;2023;56;379;310;324;89;534;250;289;145;913;560;613
Avila;05019;0501906001;2021;35;171;56;85;70;206;76;90;105;377;132;175
Avila;05019;0501906001;2022;31;171;57;87;76;210;85;92;107;381;142;179
Avila;05019;0501906001;2023;34;167;60;88;73;209;86;92;107;376;146;180
Avila;05019;0501906002;2021;169;303;313;226;321;396;281;247;490;699;594;473
Avila;05019;0501906002;2022;155;311;327;223;306;405;301;248;461;716;628;471
Avila;05019;0501906002;2023;152;327;326;231;290;430;300;266;442;757;626;497
Avila;05019;0501906003;2021;27;292;127;171;35;388;142;122;62;680;269;293
Avila;05019;0501906003;2022;27;315;138;177;30;417;147;143;57;732;285;320
Avila;05019;0501906003;2023;23;312;134;177;32;414;146;150;55;726;280;327
Avila;05019;0501906004;2021;92;68;126;57;145;81;102;68;237;149;228;125
Avila;05019;0501906004;2022;82;69;134;68;131;90;112;83;213;159;246;151
Avila;05019;0501906004;2023;82;71;131;76;131;96;109;97;213;167;240;173
Avila;05019;0501906005;2021;148;84;177;135;214;123;190;121;362;207;367;256
Avila;05019;0501906005;2022;136;90;189;130;203;130;189;127;339;220;378;257
Avila;05019;0501906005;2023;129;89;192;132;193;125;188;147;322;214;380;279
Avila;05019;0501906006;2021;64;61;89;60;114;72;79;70;178;133;168;130
Avila;05019;0501906006;2022;147;142;272;183;235;188;273;162;382;330;545;345
Avila;05019;0501906006;2023;141;161;278;178;231;194;282;170;372;355;560;348
Avila;05019;0501906007;2021;91;92;174;116;130;113;196;100;221;205;370;216
Avila;05019;0501906008;2021;103;149;139;133;180;123;144;114;283;272;283;247
Avila;05019;0501906008;2022;98;155;140;123;170;128;143;109;268;283;283;232
Avila;05019;0501906008;2023;82;159;154;121;166;124;154;112;248;283;308;233
Avila;05019;0501906009;2021;22;140;46;74;46;201;60;79;68;341;106;153
Avila;05019;0501906009;2022;21;134;48;76;39;199;65;75;60;333;113;151
Avila;05019;0501906009;2023;23;137;50;80;46;202;64;75;69;339;114;155
Avila;05019;0501906010;2021;55;147;79;102;92;154;93;106;147;301;172;208
Avila;05019;0501906010;2022;55;154;79;101;90;160;95;104;145;314;174;205
Avila;05019;0501906010;2023;61;157;75;96;86;162;92;103;147;319;167;199
Avila;05019;0501906011;2021;21;267;73;103;32;289;65;97;53;556;138;200
Avila;05019;0501906011;2022;19;288;82;102;30;303;71;102;49;591;153;204
Avila;05019;0501906011;2023;18;293;81;105;31;314;78;103;49;607;159;208
Avila;05019;0501906012;2021;57;343;177;208;56;415;166;208;113;758;343;416
Avila;05019;0501906012;2022;49;336;186;218;49;423;193;209;98;759;379;427
Avila;05019;0501906012;2023;48;331;185;226;48;414;190;208;96;745;375;434
Avila;05019;0501906013;2021;53;370;180;227;54;439;165;193;107;809;345;420
Avila;05019;0501906013;2022;49;386;189;228;51;458;173;199;100;844;362;427
Avila;05019;0501906013;2023;50;410;185;251;55;486;183;206;105;896;368;457
Avila;05019;0501906014;2021;25;269;114;135;38;281;93;121;63;550;207;256
Avila;05019;0501906014;2022;22;274;119;134;40;278;98;124;62;552;217;258
Avila;05019;0501906014;2023;21;271;107;144;36;283;92;119;57;554;199;263
Avila;05021;0502101001;2021;71;130;167;115;110;172;159;105;181;302;326;220
Avila;05021;0502101001;2022;65;130;163;121;102;168;165;104;167;298;328;225
Avila;05021;0502101001;2023;58;141;169;121;99;187;156;103;157;328;325;224
Avila;05021;0502101002;2021;81;101;189;118;117;154;166;83;198;255;355;201
Avila;05021;0502101002;2022;79;95;183;115;116;154;157;85;195;249;340;200
Avila;05021;0502101002;2023;80;102;174;114;113;159;154;85;193;261;328;199
Avila;05022;0502201001;2021;85;72;158;62;102;89;118;71;187;161;276;133
Avila;05022;0502201001;2022;85;73;169;62;98;93;113;76;183;166;282;138
Avila;05022;0502201001;2023;85;75;164;72;96;92;116;87;181;167;280;159
Avila;05022;0502201002;2021;129;95;205;88;155;125;131;79;284;220;336;167
Avila;05022;0502201002;2022;124;97;204;89;139;129;128;80;263;226;332;169
Avila;05022;0502201002;2023;117;95;202;96;141;136;133;92;258;231;335;188
Avila;05023;0502301001;2021;20;17;41;17;15;24;27;15;35;41;68;32
Avila;05023;0502301001;2022;19;17;41;17;11;22;27;16;30;39;68;33
Avila;05023;0502301001;2023;18;16;41;18;11;24;28;15;29;40;69;33
Avila;05024;0502401001;2021;23;12;41;15;35;18;26;8;58;30;67;23
Avila;05024;0502401001;2022;21;14;43;13;31;15;22;9;52;29;65;22
Avila;05024;0502401001;2023;18;12;43;12;30;13;22;9;48;25;65;21
Avila;05025;0502501001;2021;7;6;22;4;7;9;14;6;14;15;36;10
Avila;05025;0502501001;2022;7;6;22;4;7;9;15;5;14;15;37;9
Avila;05025;0502501001;2023;5;4;23;4;5;7;15;5;10;11;38;9
Avila;05026;0502601001;2021;13;16;62;7;29;16;34;10;42;32;96;17
Avila;05026;0502601001;2022;15;16;59;8;25;19;34;10;40;35;93;18
Avila;05026;0502601001;2023;12;15;56;8;19;21;35;7;31;36;91;15
Avila;05027;0502701001;2021;37;41;56;31;37;39;39;23;74;80;95;54
Avila;05027;0502701001;2022;32;44;60;29;37;41;39;26;69;85;99;55
Avila;05027;0502701001;2023;28;46;56;32;30;45;39;22;58;91;95;54
Avila;05029;0502901001;2021;12;3;25;10;16;11;5;5;28;14;30;15
Avila;05029;0502901001;2022;12;3;25;10;14;11;6;7;26;14;31;17
Avila;05029;0502901001;2023;9;3;26;10;13;10;6;8;22;13;32;18
Avila;05033;0503301001;2021;9;10;52;16;14;22;35;14;23;32;87;30
Avila;05033;0503301001;2022;10;11;50;14;14;21;32;15;24;32;82;29
Avila;05033;0503301001;2023;11;9;49;15;13;21;32;13;24;30;81;28
Avila;05035;0503501001;2021;8;8;26;7;16;8;14;7;24;16;40;14
Avila;05035;0503501001;2022;7;9;25;8;14;10;15;6;21;19;40;14
Avila;05035;0503501001;2023;7;8;27;9;14;11;19;3;21;19;46;12
Avila;05036;0503601001;2021;4;13;39;5;1;12;30;11;5;25;69;16
Avila;05036;0503601001;2022;4;14;35;5;1;11;29;10;5;25;64;15
Avila;05036;0503601001;2023;3;12;33;6;1;13;28;9;4;25;61;15
Avila;05037;0503701001;2021;52;13;43;16;51;12;22;10;103;25;65;26
Avila;05037;0503701001;2022;52;14;43;15;48;13;20;11;100;27;63;26
Avila;05037;0503701001;2023;50;15;43;14;43;11;18;10;93;26;61;24
Avila;05038;0503801001;2021;16;11;38;10;16;7;21;4;32;18;59;14
Avila;05038;0503801001;2022;15;12;37;10;13;6;22;3;28;18;59;13
Avila;05038;0503801001;2023;22;19;47;19;14;17;27;8;36;36;74;27
Avila;05040;0504001001;2021;5;10;17;10;13;1;5;2;18;11;22;12
Avila;05040;0504001001;2022;5;9;15;10;11;1;6;2;16;10;21;12
Avila;05040;0504001001;2023;4;9;14;10;11;1;5;3;15;10;19;13
Avila;05041;0504101001;2021;175;93;222;102;170;90;156;82;345;183;378;184
Avila;05041;0504101001;2022;159;100;222;101;169;95;155;77;328;195;377;178
Avila;05041;0504101001;2023;161;111;222;107;168;93;170;86;329;204;392;193
Avila;05042;0504201001;2021;17;16;28;12;26;9;29;15;43;25;57;27
Avila;05042;0504201001;2022;14;17;29;10;25;9;30;16;39;26;59;26
Avila;05042;0504201001;2023;12;17;31;10;27;9;30;15;39;26;61;25
Avila;05043;0504301001;2021;3;7;21;5;14;4;10;3;17;11;31;8
Avila;05043;0504301001;2022;4;9;21;5;14;6;12;5;18;15;33;10
Avila;05043;0504301001;2023;4;10;21;7;15;10;12;7;19;20;33;14
Avila;05044;0504401001;2021;31;16;84;14;31;18;51;8;62;34;135;22
Avila;05044;0504401001;2022;26;17;80;16;30;18;50;7;56;35;130;23
Avila;05044;0504401001;2023;24;19;77;15;25;16;51;10;49;35;128;25
Avila;05045;0504501001;2021;5;7;17;11;13;10;11;4;18;17;28;15
Avila;05045;0504501001;2022;5;7;17;10;13;11;12;5;18;18;29;15
Avila;05045;0504501001;2023;5;7;18;12;13;11;13;6;18;18;31;18
Avila;05047;0504701001;2021;106;65;241;93;103;88;175;88;209;153;416;181
Avila;05047;0504701001;2022;101;65;232;99;109;90;170;81;210;155;402;180
Avila;05047;0504701001;2023;99;65;229;95;112;95;172;85;211;160;401;180
Avila;05047;0504703001;2021;108;120;271;108;119;143;250;107;227;263;521;215
Avila;05047;0504703001;2022;108;131;270;110;106;156;247;109;214;287;517;219
Avila;05047;0504703001;2023;116;122;265;110;108;162;250;108;224;284;515;218
Avila;05047;0504703002;2021;166;134;387;156;199;191;290;156;365;325;677;312
Avila;05047;0504703002;2022;157;140;392;162;189;200;301;164;346;340;693;326
Avila;05047;0504703002;2023;155;145;392;165;179;202;296;169;334;347;688;334
Avila;05047;0504703003;2021;65;51;133;41;85;61;98;51;150;112;231;92
Avila;05047;0504703003;2022;55;58;135;43;76;61;100;48;131;119;235;91
Avila;05047;0504703003;2023;53;52;132;38;74;55;107;44;127;107;239;82
Avila;05048;0504801001;2021;9;9;32;9;13;7;12;8;22;16;44;17
Avila;05048;0504801001;2022;8;9;31;9;13;7;12;7;21;16;43;16
Avila;05048;0504801001;2023;6;13;30;8;10;11;13;6;16;24;43;14
Avila;05049;0504901001;2021;21;47;95;56;27;56;65;41;48;103;160;97
Avila;05049;0504901001;2022;19;53;92;56;26;58;65;39;45;111;157;95
Avila;05049;0504901001;2023;18;59;86;56;26;65;61;33;44;124;147;89
Avila;05051;0505101001;2021;12;18;40;18;4;13;35;16;16;31;75;34
Avila;05051;0505101001;2022;10;17;38;17;3;11;35;16;13;28;73;33
Avila;05051;0505101001;2023;10;20;36;19;3;14;32;18;13;34;68;37
Avila;05052;0505201001;2021;13;6;18;9;12;7;12;6;25;13;30;15
Avila;05052;0505201001;2022;11;6;18;10;11;7;12;5;22;13;30;15
Avila;05052;0505201001;2023;10;7;18;10;11;8;15;5;21;15;33;15
Avila;05053;0505301001;2021;19;3;16;2;18;3;5;2;37;6;21;4
Avila;05053;0505301001;2022;16;4;16;2;18;4;5;2;34;8;21;4
Avila;05053;0505301001;2023;15;4;18;2;17;4;5;2;32;8;23;4
Avila;05054;0505401001;2021;98;93;324;136;107;117;282;115;205;210;606;251
Avila;05054;0505401001;2022;90;106;327;147;102;125;285;119;192;231;612;266
Avila;05054;0505401001;2023;80;108;322;142;95;130;275;116;175;238;597;258
Avila;05055;0505501001;2021;68;37;149;56;96;46;88;41;164;83;237;97
Avila;05055;0505501001;2022;66;49;150;52;96;50;86;43;162;99;236;95
Avila;05055;0505501001;2023;66;52;159;57;89;53;85;46;155;105;244;103
Avila;05056;0505601001;2021;14;12;20;6;12;9;10;7;26;21;30;13
Avila;05056;0505601001;2022;12;12;19;6;12;9;10;7;24;21;29;13
Avila;05056;0505601001;2023;15;21;23;13;12;21;16;11;27;42;39;24
Avila;05057;0505701001;2021;42;47;147;62;80;60;113;59;122;107;260;121
Avila;05057;0505701001;2022;36;50;147;67;74;64;112;60;110;114;259;127
Avila;05057;0505701001;2023;33;47;149;61;71;61;109;58;104;108;258;119
Avila;05057;0505702001;2021;119;69;202;70;153;66;120;76;272;135;322;146
Avila;05057;0505702001;2022;113;68;198;73;148;67;121;75;261;135;319;148
Avila;05057;0505702001;2023;110;74;201;78;142;73;126;78;252;147;327;156
Avila;05057;0505702002;2021;104;140;298;165;141;156;214;127;245;296;512;292
Avila;05057;0505702002;2022;102;155;295;167;135;162;214;131;237;317;509;298
Avila;05057;0505702002;2023;108;164;313;162;148;159;209;144;256;323;522;306
Avila;05058;0505801001;2021;4;9;21;4;9;4;13;5;13;13;34;9
Avila;05058;0505801001;2022;3;11;21;4;9;6;14;5;12;17;35;9
Avila;05058;0505801001;2023;4;12;20;3;6;5;13;5;10;17;33;8
Avila;05059;0505901001;2021;14;14;15;7;16;6;6;4;30;20;21;11
Avila;05059;0505901001;2022;9;14;15;7;13;6;6;4;22;20;21;11
Avila;05059;0505901001;2023;7;14;15;5;13;6;6;4;20;20;21;9
Avila;05060;0506001001;2021;11;9;26;9;11;16;17;4;22;25;43;13
Avila;05060;0506001001;2022;9;9;25;10;10;16;17;4;19;25;42;14
Avila;05060;0506001001;2023;9;10;23;10;9;15;17;4;18;25;40;14
Avila;05061;0506101001;2021;17;41;52;38;22;48;51;24;39;89;103;62
Avila;05061;0506101001;2022;15;45;51;45;19;47;51;30;34;92;102;75
Avila;05061;0506101001;2023;14;48;44;50;19;52;49;30;33;100;93;80
Avila;05062;0506201001;2021;12;17;42;11;17;13;37;9;29;30;79;20
Avila;05062;0506201001;2022;10;16;41;11;15;14;36;6;25;30;77;17
Avila;05062;0506201001;2023;8;15;40;11;14;14;35;7;22;29;75;18
Avila;05064;0506401001;2021;20;10;23;7;14;11;11;7;34;21;34;14
Avila;05064;0506401001;2022;19;11;21;7;12;11;12;6;31;22;33;13
Avila;05064;0506401001;2023;19;11;20;7;12;9;12;6;31;20;32;13
Avila;05065;0506501001;2021;42;47;109;42;52;53;74;36;94;100;183;78
Avila;05065;0506501001;2022;41;46;108;40;49;55;70;40;90;101;178;80
Avila;05065;0506501001;2023;42;49;108;38;48;52;68;37;90;101;176;75
Avila;05066;0506601001;2021;44;58;97;60;43;51;74;43;87;109;171;103
Avila;05066;0506601001;2022;42;63;92;63;39;57;75;48;81;120;167;111
Avila;05066;0506601001;2023;34;70;95;65;39;57;72;47;73;127;167;112
Avila;05067;0506701001;2021;5;6;24;5;8;5;9;5;13;11;33;10
Avila;05067;0506701001;2022;4;6;21;5;8;5;9;5;12;11;30;10
Avila;05067;0506701001;2023;4;6;21;5;7;6;9;6;11;12;30;11
Avila;05069;0506901001;2021;5;11;18;6;3;14;14;2;8;25;32;8
Avila;05069;0506901001;2022;4;12;18;5;3;12;15;1;7;24;33;6
Avila;05069;0506901001;2023;5;12;19;5;5;9;16;3;10;21;35;8
Avila;05072;0507201001;2021;5;11;24;9;11;13;11;11;16;24;35;20
Avila;05072;0507201001;2022;5;9;23;9;9;12;10;13;14;21;33;22
Avila;05072;0507201001;2023;4;8;23;11;7;12;11;13;11;20;34;24
Avila;05073;0507301001;2021;30;30;65;25;23;27;48;26;53;57;113;51
Avila;05073;0507301001;2022;28;30;70;21;21;30;48;26;49;60;118;47
Avila;05073;0507301001;2023;27;27;67;22;21;30;47;24;48;57;114;46
Avila;05074;0507401001;2021;46;75;173;66;70;85;104;62;116;160;277;128
Avila;05074;0507401001;2022;44;72;170;61;69;86;102;61;113;158;272;122
Avila;05074;0507401001;2023;42;72;170;64;66;88;101;63;108;160;271;127
Avila;05075;0507501001;2021;21;10;16;7;21;9;12;7;42;19;28;14
Avila;05075;0507501001;2022;19;9;17;5;22;7;12;8;41;16;29;13
Avila;05075;0507501001;2023;18;8;19;4;22;8;14;9;40;16;33;13
Avila;05076;0507601001;2021;36;54;118;61;42;78;80;39;78;132;198;100
Avila;05076;0507601001;2022;32;53;117;63;41;82;83;49;73;135;200;112
Avila;05076;0507601001;2023;30;51;112;71;41;85;87;48;71;136;199;119
Avila;05077;0507701001;2021;16;13;48;9;23;12;20;11;39;25;68;20
Avila;05077;0507701001;2022;16;11;48;7;22;11;23;12;38;22;71;19
Avila;05077;0507701001;2023;13;11;48;8;20;11;23;12;33;22;71;20
Avila;05078;0507801001;2021;3;11;33;8;9;10;17;4;12;21;50;12
Avila;05078;0507801001;2022;2;12;32;7;7;10;17;4;9;22;49;11
Avila;05078;0507801001;2023;2;10;31;9;6;10;17;3;8;20;48;12
Avila;05079;0507901001;2021;7;11;15;4;10;4;9;2;17;15;24;6
Avila;05079;0507901001;2022;6;10;16;3;8;3;9;1;14;13;25;4
Avila;05079;0507901001;2023;6;10;14;4;9;2;10;1;15;12;24;5
Avila;05082;0508201001;2021;76;43;111;50;88;46;77;37;164;89;188;87
Avila;05082;0508201001;2022;77;51;117;49;81;45;76;34;158;96;193;83
Avila;05082;0508201001;2023;69;48;113;50;73;42;79;35;142;90;192;85
Avila;05083;0508301001;2021;18;9;37;6;18;13;31;5;36;22;68;11
Avila;05083;0508301001;2022;16;10;38;8;21;17;30;5;37;27;68;13
Avila;05083;0508301001;2023;15;10;36;9;17;18;29;7;32;28;65;16
Avila;05084;0508401001;2021;17;3;7;8;17;3;3;1;34;6;10;9
Avila;05084;0508401001;2022;16;4;8;7;15;3;3;1;31;7;11;8
Avila;05084;0508401001;2023;14;5;7;7;12;2;2;1;26;7;9;8
Avila;05086;0508601001;2021;1;12;26;7;1;10;15;2;2;22;41;9
Avila;05086;0508601001;2022;1;11;27;9;1;12;13;4;2;23;40;13
Avila;05086;0508601001;2023;0;11;25;9;1;12;13;3;1;23;38;12
Avila;05087;0508701001;2021;12;14;16;11;65;11;19;8;77;25;35;19
Avila;05087;0508701001;2022;12;15;17;12;65;11;19;11;77;26;36;23
Avila;05087;0508701001;2023;10;15;16;12;62;10;21;11;72;25;37;23
Avila;05089;0508901001;2021;54;59;95;48;76;59;56;47;130;118;151;95
Avila;05089;0508901001;2022;52;63;89;47;72;60;52;46;124;123;141;93
Avila;05089;0508901001;2023;48;62;87;45;62;65;55;45;110;127;142;90
Avila;05090;0509001001;2021;7;7;15;5;9;13;10;1;16;20;25;6
Avila;05090;0509001001;2022;6;7;15;4;6;13;10;0;12;20;25;4
Avila;05090;0509001001;2023;6;6;14;5;6;12;12;0;12;18;26;5
Avila;05092;0509201001;2021;24;17;32;10;20;16;21;7;44;33;53;17
Avila;05092;0509201001;2022;21;18;30;10;18;18;23;6;39;36;53;16
Avila;05092;0509201001;2023;21;16;29;10;17;18;22;6;38;34;51;16
Avila;05093;0509301001;2021;50;45;95;43;61;34;56;28;111;79;151;71
Avila;05093;0509301001;2022;50;54;107;49;58;36;64;37;108;90;171;86
Avila;05093;0509301001;2023;47;53;110;52;57;34;61;43;104;87;171;95
Avila;05094;0509401001;2021;13;11;30;17;15;9;26;4;28;20;56;21
Avila;05094;0509401001;2022;15;14;29;16;14;11;26;7;29;25;55;23
Avila;05094;0509401001;2023;15;17;28;16;14;12;26;8;29;29;54;24
Avila;05095;0509501001;2021;43;29;43;24;36;20;29;21;79;49;72;45
Avila;05095;0509501001;2022;42;29;42;27;36;24;28;21;78;53;70;48
Avila;05095;0509501001;2023;41;29;45;25;37;22;31;21;78;51;76;46
Avila;05096;0509601001;2021;7;8;23;6;9;6;9;3;16;14;32;9
Avila;05096;0509601001;2022;8;9;27;6;11;7;11;4;19;16;38;10
Avila;05096;0509601001;2023;6;7;27;6;10;5;11;3;16;12;38;9
Avila;05097;0509701001;2021;73;26;109;31;79;45;65;33;152;71;174;64
Avila;05097;0509701001;2022;66;28;102;34;75;44;65;34;141;72;167;68
Avila;05097;0509701001;2023;62;28;100;31;71;48;68;30;133;76;168;61
Avila;05099;0509901001;2021;45;30;140;42;62;43;81;17;107;73;221;59
Avila;05099;0509901001;2022;40;29;138;41;58;40;80;18;98;69;218;59
Avila;05099;0509901001;2023;32;29;130;45;58;34;78;21;90;63;208;66
Avila;05100;0510001001;2021;12;32;66;32;29;23;53;24;41;55;119;56
Avila;05100;0510001001;2022;14;34;63;31;26;20;49;25;40;54;112;56
Avila;05100;0510001001;2023;13;34;61;34;21;21;51;24;34;55;112;58
Avila;05101;0510101001;2021;31;37;61;27;36;18;29;26;67;55;90;53
Avila;05101;0510101001;2022;31;40;57;30;33;20;28;26;64;60;85;56
Avila;05101;0510101001;2023;32;48;63;42;33;29;33;42;65;77;96;84
Avila;05102;0510201001;2021;89;64;252;60;122;79;155;66;211;143;407;126
Avila;05102;0510201001;2022;87;66;255;60;125;83;153;63;212;149;408;123
Avila;05102;0510201001;2023;82;67;260;66;115;88;155;68;197;155;415;134
Avila;05102;0510201002;2021;88;73;246;77;153;104;141;86;241;177;387;163
Avila;05102;0510201002;2022;85;78;255;80;146;101;143;90;231;179;398;170
Avila;05102;0510201002;2023;80;84;255;75;139;101;145;88;219;185;400;163
Avila;05103;0510301001;2021;9;2;13;7;9;7;9;5;18;9;22;12
Avila;05103;0510301001;2022;8;2;14;7;6;7;9;5;14;9;23;12
Avila;05103;0510301001;2023;8;2;14;8;6;8;10;5;14;10;24;13
Avila;05105;0510501001;2021;25;49;76;37;33;51;50;26;58;100;126;63
Avila;05105;0510501001;2022;26;50;75;37;33;52;48;30;59;102;123;67
Avila;05105;0510501001;2023;24;48;75;37;30;49;47;31;54;97;122;68
Avila;05109;0510901001;2021;44;36;110;42;39;51;77;37;83;87;187;79
Avila;05109;0510901001;2022;39;36;108;42;39;55;78;31;78;91;186;73
Avila;05109;0510901001;2023;33;37;102;44;35;54;80;28;68;91;182;72
Avila;05110;0511001001;2021;102;55;175;80;96;74;128;66;198;129;303;146
Avila;05110;0511001001;2022;99;56;182;81;88;75;130;71;187;131;312;152
Avila;05110;0511001001;2023;89;59;168;85;82;80;127;71;171;139;295;156
Avila;05112;0511201001;2021;12;17;15;9;12;21;5;6;24;38;20;15
Avila;05112;0511201001;2022;9;17;14;11;10;21;5;4;19;38;19;15
Avila;05112;0511201001;2023;9;16;16;14;10;20;5;8;19;36;21;22
Avila;05113;0511301001;2021;7;4;15;3;5;4;14;3;12;8;29;6
Avila;05113;0511301001;2022;7;5;16;3;5;5;15;3;12;10;31;6
Avila;05113;0511301001;2023;6;4;16;3;7;7;14;3;13;11;30;6
Avila;05114;0511401001;2021;81;63;165;50;100;56;128;61;181;119;293;111
Avila;05114;0511401001;2022;72;65;165;50;97;56;125;65;169;121;290;115
Avila;05114;0511401001;2023;72;67;162;53;91;51;126;63;163;118;288;116
Avila;05114;0511402001;2021;50;46;148;48;70;59;124;36;120;105;272;84
Avila;05114;0511402001;2022;47;48;146;46;68;61;119;37;115;109;265;83
Avila;05114;0511402001;2023;48;53;148;46;65;60;118;38;113;113;266;84
Avila;05115;0511501001;2021;54;70;115;84;82;59;75;63;136;129;190;147
Avila;05115;0511501001;2022;52;81;122;89;73;71;85;62;125;152;207;151
Avila;05115;0511501001;2023;55;92;130;91;71;75;82;63;126;167;212;154
Avila;05116;0511601001;2021;16;9;13;5;24;9;10;2;40;18;23;7
Avila;05116;0511601001;2022;16;11;14;6;24;9;11;5;40;20;25;11
Avila;05116;0511601001;2023;15;12;13;7;21;11;11;5;36;23;24;12
Avila;05117;0511701001;2021;25;17;53;14;16;20;36;11;41;37;89;25
Avila;05117;0511701001;2022;25;15;55;14;15;19;35;11;40;34;90;25
Avila;05117;0511701001;2023;23;14;56;14;14;19;34;12;37;33;90;26
Avila;05118;0511801001;2021;5;5;18;8;2;8;15;4;7;13;33;12
Avila;05118;0511801001;2022;4;5;16;9;2;8;15;5;6;13;31;14
Avila;05118;0511801001;2023;5;5;16;8;2;9;15;5;7;14;31;13
Avila;05121;0512101001;2021;31;40;49;35;30;48;39;28;61;88;88;63
Avila;05121;0512101001;2022;29;43;51;36;30;52;38;26;59;95;89;62
Avila;05121;0512101001;2023;29;45;57;35;27;51;43;29;56;96;100;64
Avila;05122;0512201001;2021;22;7;22;7;25;9;16;3;47;16;38;10
Avila;05122;0512201001;2022;22;7;24;8;26;8;16;4;48;15;40;12
Avila;05122;0512201001;2023;22;6;23;8;25;9;16;3;47;15;39;11
Avila;05123;0512301001;2021;5;18;23;9;6;17;21;12;11;35;44;21
Avila;05123;0512301001;2022;6;18;25;9;7;15;17;13;13;33;42;22
Avila;05123;0512301001;2023;6;20;26;8;7;15;17;14;13;35;43;22
Avila;05124;0512401001;2021;9;10;19;4;24;5;14;6;33;15;33;10
Avila;05124;0512401001;2022;8;9;21;4;20;4;12;7;28;13;33;11
Avila;05124;0512401001;2023;7;9;18;4;13;5;11;7;20;14;29;11
Avila;05125;0512501001;2021;7;3;10;5;9;6;6;5;16;9;16;10
Avila;05125;0512501001;2022;7;3;11;6;10;6;6;5;17;9;17;11
Avila;05125;0512501001;2023;6;3;11;6;8;5;6;5;14;8;17;11
Avila;05126;0512601001;2021;1;3;27;4;5;4;12;1;6;7;39;5
Avila;05126;0512601001;2022;1;3;27;4;4;4;12;1;5;7;39;5
Avila;05126;0512601001;2023;1;8;27;4;4;11;13;7;5;19;40;11
Avila;05127;0512701001;2021;102;57;139;65;105;65;90;45;207;122;229;110
Avila;05127;0512701001;2022;95;55;141;67;100;63;96;40;195;118;237;107
Avila;05127;0512701001;2023;102;61;140;67;100;65;90;40;202;126;230;107
Avila;05128;0512801001;2021;27;42;87;30;41;39;54;30;68;81;141;60
Avila;05128;0512801001;2022;23;47;82;30;38;42;52;36;61;89;134;66
Avila;05128;0512801001;2023;22;52;80;29;35;43;49;34;57;95;129;63
Avila;05129;0512901001;2021;22;16;23;7;20;5;12;6;42;21;35;13
Avila;05129;0512901001;2022;20;15;23;8;19;4;12;6;39;19;35;14
Avila;05129;0512901001;2023;20;15;20;8;16;2;12;5;36;17;32;13
Avila;05130;0513001001;2021;7;14;18;14;13;14;12;7;20;28;30;21
Avila;05130;0513001001;2022;7;15;21;13;14;17;12;6;21;32;33;19
Avila;05130;0513001001;2023;7;14;20;16;12;16;13;7;19;30;33;23
Avila;05131;0513101001;2021;17;10;14;8;15;3;14;3;32;13;28;11
Avila;05131;0513101001;2022;18;9;15;8;14;7;14;3;32;16;29;11
Avila;05131;0513101001;2023;17;9;15;8;13;9;14;3;30;18;29;11
Avila;05132;0513201001;2021;107;57;155;117;136;72;127;84;243;129;282;201
Avila;05132;0513201001;2022;97;65;155;121;128;76;130;82;225;141;285;203
Avila;05132;0513201001;2023;97;62;158;119;112;79;128;81;209;141;286;200
Avila;05133;0513301001;2021;7;8;10;6;5;6;9;6;12;14;19;12
Avila;05133;0513301001;2022;7;8;9;6;5;6;10;6;12;14;19;12
Avila;05133;0513301001;2023;6;10;9;6;4;6;8;6;10;16;17;12
Avila;05134;0513401001;2021;4;1;19;2;2;4;12;6;6;5;31;8
Avila;05134;0513401001;2022;4;1;20;2;3;5;11;6;7;6;31;8
Avila;05134;0513401001;2023;5;1;18;3;4;3;11;5;9;4;29;8
Avila;05135;0513501001;2021;50;36;80;42;49;37;62;30;99;73;142;72
Avila;05135;0513501001;2022;53;41;89;44;48;49;67;32;101;90;156;76
Avila;05135;0513501001;2023;58;44;87;44;51;51;68;39;109;95;155;83
Avila;05136;0513601001;2021;12;11;17;2;10;5;14;2;22;16;31;4
Avila;05136;0513601001;2022;8;12;18;2;10;5;14;3;18;17;32;5
Avila;05136;0513601001;2023;8;13;18;2;8;5;14;3;16;18;32;5
Avila;05138;0513801001;2021;12;32;81;26;22;37;62;28;34;69;143;54
Avila;05138;0513801001;2022;9;31;77;26;14;42;62;25;23;73;139;51
Avila;05138;0513801001;2023;7;31;75;28;13;42;59;26;20;73;134;54
Avila;05139;0513901001;2021;9;8;14;9;10;11;10;4;19;19;24;13
Avila;05139;0513901001;2022;9;8;14;9;10;12;11;3;19;20;25;12
Avila;05139;0513901001;2023;8;8;14;8;10;12;11;3;18;20;25;11
Avila;05140;0514001001;2021;14;6;27;5;14;12;19;2;28;18;46;7
Avila;05140;0514001001;2022;16;4;26;5;14;13;21;2;30;17;47;7
Avila;05140;0514001001;2023;17;4;28;6;15;12;24;3;32;16;52;9
Avila;05141;0514101001;2021;9;20;19;6;19;10;6;7;28;30;25;13
Avila;05141;0514101001;2022;8;20;20;6;17;11;7;5;25;31;27;11
Avila;05141;0514101001;2023;8;20;18;4;16;14;7;7;24;34;25;11
Avila;05142;0514201001;2021;4;10;24;8;8;12;18;6;12;22;42;14
Avila;05142;0514201001;2022;4;10;25;8;8;12;17;5;12;22;42;13
Avila;05142;0514201001;2023;5;10;26;7;7;11;17;5;12;21;43;12
Avila;05143;0514301001;2021;8;2;14;4;7;6;14;5;15;8;28;9
Avila;05143;0514301001;2022;7;2;14;4;6;7;12;1;13;9;26;5
Avila;05143;0514301001;2023;6;2;14;5;3;7;12;1;9;9;26;6
Avila;05144;0514401001;2021;9;8;15;3;13;8;6;4;22;16;21;7
Avila;05144;0514401001;2022;5;8;16;3;11;5;6;4;16;13;22;7
Avila;05144;0514401001;2023;4;9;14;3;10;6;6;4;14;15;20;7
Avila;05147;0514701001;2021;21;14;37;16;15;16;22;14;36;30;59;30
Avila;05147;0514701001;2022;17;15;38;13;15;16;22;13;32;31;60;26
Avila;05147;0514701001;2023;17;12;39;11;15;17;17;16;32;29;56;27
Avila;05149;0514901001;2021;17;8;21;12;14;13;10;7;31;21;31;19
Avila;05149;0514901001;2022;16;9;22;10;13;13;12;9;29;22;34;19
Avila;05149;0514901001;2023;16;11;20;11;14;15;10;12;30;26;30;23
Avila;05151;0515101001;2021;9;8;20;10;11;10;14;4;20;18;34;14
Avila;05151;0515101001;2022;9;7;18;13;11;10;14;4;20;17;32;17
Avila;05151;0515101001;2023;7;10;18;14;11;10;15;4;18;20;33;18
Avila;05152;0515201001;2021;65;48;185;53;85;62;134;39;150;110;319;92
Avila;05152;0515201001;2022;62;50;179;50;80;60;132;40;142;110;311;90
Avila;05152;0515201001;2023;54;51;176;46;76;59;130;43;130;110;306;89
Avila;05153;0515301001;2021;14;10;9;8;15;5;12;2;29;15;21;10
Avila;05153;0515301001;2022;12;14;9;8;17;7;12;3;29;21;21;11
Avila;05153;0515301001;2023;12;15;9;8;15;7;11;3;27;22;20;11
Avila;05156;0515601001;2021;22;52;74;43;33;32;34;35;55;84;108;78
Avila;05156;0515601001;2022;25;54;71;46;31;36;36;34;56;90;107;80
Avila;05156;0515601001;2023;25;56;67;47;28;36;34;37;53;92;101;84
Avila;05157;0515701001;2021;23;18;46;31;32;21;30;15;55;39;76;46
Avila;05157;0515701001;2022;23;16;47;36;28;22;28;13;51;38;75;49
Avila;05157;0515701001;2023;22;17;45;42;24;26;27;16;46;43;72;58
Avila;05158;0515801001;2021;43;58;49;21;39;57;32;24;82;115;81;45
Avila;05158;0515801001;2022;44;58;51;21;41;58;34;25;85;116;85;46
Avila;05158;0515801001;2023;43;50;63;25;42;56;35;26;85;106;98;51
Avila;05159;0515901001;2021;16;8;74;8;30;16;51;2;46;24;125;10
Avila;05159;0515901001;2022;15;11;73;5;29;17;49;1;44;28;122;6
Avila;05159;0515901001;2023;13;11;68;5;26;14;49;1;39;25;117;6
Avila;05160;0516001001;2021;30;34;46;65;25;28;26;55;55;62;72;120
Avila;05160;0516001001;2022;28;37;47;64;22;27;29;52;50;64;76;116
Avila;05160;0516001001;2023;26;38;51;64;21;26;31;53;47;64;82;117
Avila;05161;0516101001;2021;85;57;150;59;112;53;96;53;197;110;246;112
Avila;05161;0516101001;2022;84;55;150;59;107;60;99;55;191;115;249;114
Avila;05161;0516101001;2023;90;59;146;64;108;61;97;59;198;120;243;123
Avila;05162;0516201001;2021;7;16;8;14;10;9;14;3;17;25;22;17
Avila;05162;0516201001;2022;4;15;7;15;8;9;14;3;12;24;21;18
Avila;05162;0516201001;2023;4;16;9;15;8;8;12;5;12;24;21;20
Avila;05163;0516301001;2021;67;64;141;56;102;78;116;65;169;142;257;121
Avila;05163;0516301001;2022;65;70;146;61;94;86;120;63;159;156;266;124
Avila;05163;0516301001;2023;59;81;146;59;90;93;124;64;149;174;270;123
Avila;05163;0516301002;2021;131;124;236;121;170;129;178;111;301;253;414;232
Avila;05163;0516301002;2022;127;129;238;122;162;135;186;120;289;264;424;242
Avila;05163;0516301002;2023;125;131;249;123;176;136;174;119;301;267;423;242
Avila;05165;0516501001;2021;19;42;91;48;31;64;68;25;50;106;159;73
Avila;05165;0516501001;2022;19;53;91;49;32;72;68;29;51;125;159;78
Avila;05165;0516501001;2023;16;52;87;57;29;73;69;25;45;125;156;82
Avila;05166;0516601001;2021;13;13;38;18;32;10;27;10;45;23;65;28
Avila;05166;0516601001;2022;9;12;37;16;26;6;25;11;35;18;62;27
Avila;05166;0516601001;2023;12;17;43;21;22;10;23;16;34;27;66;37
Avila;05167;0516701001;2021;31;45;46;25;31;27;31;23;62;72;77;48
Avila;05167;0516701001;2022;30;53;50;28;28;27;32;25;58;80;82;53
Avila;05167;0516701001;2023;29;53;54;30;31;33;30;25;60;86;84;55
Avila;05168;0516801001;2021;119;46;173;45;131;61;122;55;250;107;295;100
Avila;05168;0516801001;2022;114;52;162;49;114;65;122;61;228;117;284;110
Avila;05168;0516801001;2023;117;54;167;55;131;70;135;61;248;124;302;116
Avila;05168;0516801002;2021;129;66;215;102;178;100;135;72;307;166;350;174
Avila;05168;0516801002;2022;131;65;216;106;155;102;140;80;286;167;356;186
Avila;05168;0516801002;2023;132;65;219;101;155;100;137;89;287;165;356;190
Avila;05168;0516802001;2021;142;149;377;175;175;219;260;151;317;368;637;326
Avila;05168;0516802001;2022;132;162;390;173;164;231;276;157;296;393;666;330
Avila;05168;0516802001;2023;127;175;399;175;166;234;283;164;293;409;682;339
Avila;05168;0516802002;2021;100;77;202;80;113;107;163;73;213;184;365;153
Avila;05168;0516802002;2022;98;84;212;88;109;106;160;78;207;190;372;166
Avila;05168;0516802002;2023;95;81;211;85;115;101;165;78;210;182;376;163
Avila;05169;0516901001;2021;37;25;45;23;37;20;34;12;74;45;79;35
Avila;05169;0516901001;2022;34;23;45;23;35;19;35;12;69;42;80;35
Avila;05169;0516901001;2023;33;27;47;21;33;20;34;11;66;47;81;32
Avila;05170;0517001001;2021;4;5;9;5;4;6;13;5;8;11;22;10
Avila;05170;0517001001;2022;4;8;8;4;4;8;12;6;8;16;20;10
Avila;05170;0517001001;2023;4;7;9;4;4;9;10;6;8;16;19;10
Avila;05171;0517101001;2021;12;5;16;0;15;5;9;1;27;10;25;1
Avila;05171;0517101001;2022;11;5;17;1;13;5;9;1;24;10;26;2
Avila;05171;0517101001;2023;9;6;17;1;11;6;9;1;20;12;26;2
Avila;05172;0517201001;2021;35;17;33;21;26;13;20;9;61;30;53;30
Avila;05172;0517201001;2022;30;16;34;18;23;12;19;9;53;28;53;27
Avila;05172;0517201001;2023;32;16;39;15;24;14;21;9;56;30;60;24
Avila;05173;0517301001;2021;5;18;19;3;5;10;11;8;10;28;30;11
Avila;05173;0517301001;2022;5;17;20;4;6;9;11;10;11;26;31;14
Avila;05173;0517301001;2023;6;19;20;7;6;11;13;13;12;30;33;20
Avila;05174;0517401001;2021;8;8;10;12;8;9;7;6;16;17;17;18
Avila;05174;0517401001;2022;10;9;11;13;12;10;7;5;22;19;18;18
Avila;05174;0517401001;2023;6;9;11;11;10;10;6;6;16;19;17;17
Avila;05175;0517501001;2021;19;13;27;22;21;9;16;13;40;22;43;35
Avila;05175;0517501001;2022;14;15;26;23;19;9;16;12;33;24;42;35
Avila;05175;0517501001;2023;14;12;25;24;17;10;16;9;31;22;41;33
Avila;05176;0517601001;2021;20;35;44;34;19;31;32;25;39;66;76;59
Avila;05176;0517601001;2022;18;38;50;36;19;32;33;26;37;70;83;62
Avila;05176;0517601001;2023;15;38;49;37;16;31;31;24;31;69;80;61
Avila;05177;0517701001;2021;15;20;24;19;21;9;25;6;36;29;49;25
Avila;05177;0517701001;2022;12;18;26;21;19;9;25;7;31;27;51;28
Avila;05177;0517701001;2023;10;18;25;22;18;10;26;8;28;28;51;30
Avila;05178;0517801001;2021;43;28;83;38;42;34;74;18;85;62;157;56
Avila;05178;0517801001;2022;38;28;84;37;40;38;69;21;78;66;153;58
Avila;05178;0517801001;2023;39;32;91;40;37;40;69;28;76;72;160;68
Avila;05179;0517901001;2021;24;21;44;14;29;23;40;12;53;44;84;26
Avila;05179;0517901001;2022;21;25;45;14;27;26;41;13;48;51;86;27
Avila;05179;0517901001;2023;20;26;42;14;25;24;38;14;45;50;80;28
Avila;05180;0518001001;2021;7;3;24;8;8;2;14;3;15;5;38;11
Avila;05180;0518001001;2022;7;3;23;8;7;2;14;2;14;5;37;10
Avila;05180;0518001001;2023;6;3;23;8;6;2;14;2;12;5;37;10
Avila;05182;0518201001;2021;118;43;181;59;170;53;76;52;288;96;257;111
Avila;05182;0518201001;2022;111;53;182;54;162;57;82;48;273;110;264;102
Avila;05182;0518201001;2023;102;54;174;59;158;63;79;49;260;117;253;108
Avila;05183;0518301001;2021;18;13;25;10;21;13;25;7;39;26;50;17
Avila;05183;0518301001;2022;19;11;28;13;18;13;26;6;37;24;54;19
Avila;05183;0518301001;2023;17;13;28;10;24;11;22;6;41;24;50;16
Avila;05184;0518401001;2021;17;43;55;35;18;26;47;19;35;69;102;54
Avila;05184;0518401001;2022;20;43;55;35;16;31;45;21;36;74;100;56
Avila;05184;0518401001;2023;25;45;55;37;19;32;48;21;44;77;103;58
Avila;05185;0518501001;2021;6;6;34;13;5;9;25;10;11;15;59;23
Avila;05185;0518501001;2022;4;7;31;14;4;10;24;8;8;17;55;22
Avila;05185;0518501001;2023;4;5;29;15;4;8;22;10;8;13;51;25
Avila;05186;0518601001;2021;147;178;282;165;167;276;245;156;314;454;527;321
Avila;05186;0518601001;2022;138;185;275;168;153;273;243;160;291;458;518;328
Avila;05186;0518601001;2023;122;183;261;166;142;262;237;170;264;445;498;336
Avila;05187;0518701001;2021;64;93;276;100;91;123;200;94;155;216;476;194
Avila;05187;0518701001;2022;51;92;270;98;80;137;203;97;131;229;473;195
Avila;05187;0518701001;2023;49;96;275;102;78;135;200;96;127;231;475;198
Avila;05187;0518702001;2021;44;89;179;121;80;108;144;98;124;197;323;219
Avila;05187;0518702001;2022;42;92;192;124;78;105;144;102;120;197;336;226
Avila;05187;0518702001;2023;45;94;184;123;81;111;145;102;126;205;329;225
Avila;05189;0518901001;2021;49;36;89;48;50;33;80;27;99;69;169;75
Avila;05189;0518901001;2022;49;45;97;54;50;39;84;30;99;84;181;84
Avila;05189;0518901001;2023;46;46;103;61;49;40;81;41;95;86;184;102
Avila;05191;0519101001;2021;19;10;28;11;19;16;13;6;38;26;41;17
Avila;05191;0519101001;2022;17;11;33;10;19;15;13;7;36;26;46;17
Avila;05191;0519101001;2023;16;10;29;12;17;16;11;5;33;26;40;17
Avila;05192;0519201001;2021;8;16;24;13;4;9;16;11;12;25;40;24
Avila;05192;0519201001;2022;8;16;23;14;1;10;17;10;9;26;40;24
Avila;05192;0519201001;2023;9;13;22;12;1;10;16;10;10;23;38;22
Avila;05193;0519301001;2021;29;13;44;8;29;9;29;4;58;22;73;12
Avila;05193;0519301001;2022;26;14;43;7;28;9;26;6;54;23;69;13
Avila;05193;0519301001;2023;24;15;40;11;25;10;27;5;49;25;67;16
Avila;05194;0519401001;2021;14;20;27;16;15;15;18;4;29;35;45;20
Avila;05194;0519401001;2022;13;20;30;16;15;16;17;4;28;36;47;20
Avila;05194;0519401001;2023;13;21;31;15;13;15;17;4;26;36;48;19
Avila;05195;0519501001;2021;39;7;48;24;35;6;23;10;74;13;71;34
Avila;05195;0519501001;2022;37;10;52;23;31;5;23;11;68;15;75;34
Avila;05195;0519501001;2023;35;10;52;24;29;7;24;12;64;17;76;36
Avila;05196;0519601001;2021;5;6;12;4;4;11;11;7;9;17;23;11
Avila;05196;0519601001;2022;3;6;12;4;2;12;9;7;5;18;21;11
Avila;05196;0519601001;2023;3;5;14;6;1;11;10;8;4;16;24;14
Avila;05197;0519701001;2021;7;14;23;15;8;16;19;5;15;30;42;20
Avila;05197;0519701001;2022;7;14;22;16;7;16;19;5;14;30;41;21
Avila;05197;0519701001;2023;4;14;23;16;7;15;19;8;11;29;42;24
Avila;05198;0519801001;2021;9;4;16;3;15;14;3;1;24;18;19;4
Avila;05198;0519801001;2022;10;4;16;8;16;15;3;3;26;19;19;11
Avila;05198;0519801001;2023;10;4;17;7;14;17;3;2;24;21;20;9
Avila;05201;0520101001;2021;42;36;160;37;53;48;94;31;95;84;254;68
Avila;05201;0520101001;2022;38;40;160;37;46;49;94;29;84;89;254;66
Avila;05201;0520101001;2023;32;38;162;38;43;51;92;30;75;89;254;68
Avila;05204;0520401001;2021;76;51;142;67;109;61;100;58;185;112;242;125
Avila;05204;0520401001;2022;68;54;142;68;110;62;93;58;178;116;235;126
Avila;05204;0520401001;2023;67;55;142;71;101;61;99;56;168;116;241;127
Avila;05205;0520501001;2021;10;9;13;8;12;11;8;11;22;20;21;19
Avila;05205;0520501001;2022;10;9;13;8;12;13;9;9;22;22;22;17
Avila;05205;0520501001;2023;12;9;13;9;13;11;8;8;25;20;21;17
Avila;05207;0520701001;2021;95;61;134;63;110;62;95;59;205;123;229;122
Avila;05207;0520701001;2022;94;66;140;63;108;75;97;61;202;141;237;124
Avila;05207;0520701001;2023;86;62;139;62;103;73;97;62;189;135;236;124
Avila;05209;0520901001;2021;13;3;22;7;13;1;9;2;26;4;31;9
Avila;05209;0520901001;2022;13;3;21;7;11;0;8;2;24;3;29;9
Avila;05209;0520901001;2023;11;3;23;7;10;2;9;2;21;5;32;9
Avila;05210;0521001001;2021;6;3;18;10;16;6;12;3;22;9;30;13
Avila;05210;0521001001;2022;5;5;17;10;15;6;11;2;20;11;28;12
Avila;05210;0521001001;2023;3;5;17;8;13;7;11;2;16;12;28;10
Avila;05211;0521101001;2021;51;27;136;25;60;42;72;27;111;69;208;52
Avila;05211;0521101001;2022;46;25;132;20;51;43;71;32;97;68;203;52
Avila;05211;0521101001;2023;45;25;134;20;46;41;73;28;91;66;207;48
Avila;05212;0521201001;2021;39;15;43;18;39;11;28;9;78;26;71;27
Avila;05212;0521201001;2022;38;15;43;16;35;11;27;10;73;26;70;26
Avila;05212;0521201001;2023;40;16;47;21;38;16;33;17;78;32;80;38
Avila;05213;0521301001;2021;16;9;26;6;13;5;8;2;29;14;34;8
Avila;05213;0521301001;2022;14;9;26;7;12;6;9;4;26;15;35;11
Avila;05213;0521301001;2023;11;8;28;7;10;5;9;4;21;13;37;11
Avila;05215;0521501001;2021;20;15;43;12;20;17;23;6;40;32;66;18
Avila;05215;0521501001;2022;18;17;45;12;17;19;23;4;35;36;68;16
Avila;05215;0521501001;2023;18;16;49;12;18;17;23;4;36;33;72;16
Avila;05216;0521601001;2021;19;15;58;17;20;10;33;10;39;25;91;27
Avila;05216;0521601001;2022;20;16;60;20;18;14;34;12;38;30;94;32
Avila;05216;0521601001;2023;21;18;59;20;19;17;39;14;40;35;98;34
Avila;05217;0521701001;2021;9;6;11;4;5;7;10;1;14;13;21;5
Avila;05217;0521701001;2022;9;6;13;3;5;7;10;2;14;13;23;5
Avila;05217;0521701001;2023;8;7;15;7;3;13;11;5;11;20;26;12
Avila;05218;0521801001;2021;17;6;26;6;19;6;17;6;36;12;43;12
Avila;05218;0521801001;2022;18;6;26;7;15;6;19;7;33;12;45;14
Avila;05218;0521801001;2023;16;7;26;8;15;8;17;5;31;15;43;13
Avila;05220;0522001001;2021;32;33;104;31;40;36;71;25;72;69;175;56
Avila;05220;0522001001;2022;32;36;104;41;35;43;73;34;67;79;177;75
Avila;05220;0522001001;2023;34;44;109;53;37;47;77;43;71;91;186;96
Avila;05221;0522101001;2021;41;23;72;27;56;21;49;26;97;44;121;53
Avila;05221;0522101001;2022;38;27;73;26;51;20;52;29;89;47;125;55
Avila;05221;0522101001;2023;34;27;71;28;47;18;51;29;81;45;122;57
Avila;05222;0522201001;2021;28;7;33;10;25;10;18;7;53;17;51;17
Avila;05222;0522201001;2022;30;9;38;14;25;14;17;6;55;23;55;20
Avila;05222;0522201001;2023;30;12;42;16;27;15;19;7;57;27;61;23
Avila;05224;0522401001;2021;8;9;31;6;14;10;19;5;22;19;50;11
Avila;05224;0522401001;2022;8;11;32;6;15;10;20;5;23;21;52;11
Avila;05224;0522401001;2023;5;11;32;6;12;9;19;5;17;20;51;11
Avila;05225;0522501001;2021;37;37;78;36;42;41;59;26;79;78;137;62
Avila;05225;0522501001;2022;34;40;75;37;43;43;57;26;77;83;132;63
Avila;05225;0522501001;2023;30;39;74;36;44;45;58;23;74;84;132;59
Avila;05226;0522601001;2021;12;7;14;8;11;3;8;3;23;10;22;11
Avila;05226;0522601001;2022;8;7;15;8;8;3;8;3;16;10;23;11
Avila;05226;0522601001;2023;7;7;18;8;9;4;8;3;16;11;26;11
Avila;05227;0522701001;2021;34;37;88;63;39;42;62;52;73;79;150;115
Avila;05227;0522701001;2022;33;48;83;67;40;49;65;58;73;97;148;125
Avila;05227;0522701001;2023;36;53;91;64;32;59;73;59;68;112;164;123
Avila;05228;0522801001;2021;32;17;53;9;22;10;21;9;54;27;74;18
Avila;05228;0522801001;2022;28;17;53;9;20;12;21;10;48;29;74;19
Avila;05228;0522801001;2023;27;20;50;9;19;13;19;12;46;33;69;21
Avila;05229;0522901001;2021;6;9;18;7;13;6;10;4;19;15;28;11
Avila;05229;0522901001;2022;5;9;18;8;12;6;12;4;17;15;30;12
Avila;05229;0522901001;2023;5;10;15;7;11;8;9;5;16;18;24;12
Avila;05230;0523001001;2021;9;10;15;8;10;10;8;4;19;20;23;12
Avila;05230;0523001001;2022;9;11;18;8;9;10;7;6;18;21;25;14
Avila;05230;0523001001;2023;10;10;17;8;8;9;8;6;18;19;25;14
Avila;05231;0523101001;2021;14;13;43;17;22;15;31;7;36;28;74;24
Avila;05231;0523101001;2022;14;13;44;18;21;14;29;9;35;27;73;27
Avila;05231;0523101001;2023;15;11;42;21;19;15;27;8;34;26;69;29
Avila;05232;0523201001;2021;8;21;25;8;15;14;17;10;23;35;42;18
Avila;05232;0523201001;2022;7;24;22;8;13;14;17;10;20;38;39;18
Avila;05232;0523201001;2023;9;23;24;9;14;16;19;12;23;39;43;21
Avila;05233;0523301001;2021;46;12;53;11;40;25;25;18;86;37;78;29
Avila;05233;0523301001;2022;45;12;48;17;38;29;25;19;83;41;73;36
Avila;05233;0523301001;2023;49;16;57;23;39;32;30;22;88;48;87;45
Avila;05235;0523501001;2021;9;15;27;17;31;8;15;15;40;23;42;32
Avila;05235;0523501001;2022;6;15;28;19;33;8;18;16;39;23;46;35
Avila;05235;0523501001;2023;7;15;24;17;31;7;14;18;38;22;38;35
Avila;05236;0523601001;2021;6;16;26;10;7;14;19;5;13;30;45;15
Avila;05236;0523601001;2022;7;19;25;9;6;11;20;4;13;30;45;13
Avila;05236;0523601001;2023;6;17;25;9;7;9;18;6;13;26;43;15
Avila;05237;0523701001;2021;24;20;34;9;18;18;13;6;42;38;47;15
Avila;05237;0523701001;2022;22;20;35;9;17;21;17;6;39;41;52;15
Avila;05237;0523701001;2023;17;22;35;8;15;22;17;6;32;44;52;14
Avila;05238;0523801001;2021;81;71;187;69;89;85;116;63;170;156;303;132
Avila;05238;0523801001;2022;74;65;189;71;86;82;118;59;160;147;307;130
Avila;05238;0523801001;2023;71;66;189;72;82;78;117;60;153;144;306;132
Avila;05239;0523901001;2021;18;33;62;22;26;22;26;17;44;55;88;39
Avila;05239;0523901001;2022;17;32;63;25;23;22;31;19;40;54;94;44
Avila;05239;0523901001;2023;20;35;63;22;23;22;32;22;43;57;95;44
Avila;05240;0524001001;2021;175;135;415;200;270;185;352;191;445;320;767;391
Avila;05240;0524001001;2022;170;154;445;216;251;209;354;196;421;363;799;412
Avila;05240;0524001001;2023;190;156;446;224;253;203;362;205;443;359;808;429
Avila;05240;0524002001;2021;189;137;482;216;212;219;404;207;401;356;886;423
Avila;05240;0524002001;2022;164;147;490;218;213;228;406;212;377;375;896;430
Avila;05240;0524002001;2023;158;158;497;234;217;241;402;230;375;399;899;464
Avila;05241;0524101001;2021;117;177;350;150;196;153;224;177;313;330;574;327
Avila;05241;0524101001;2022;114;171;348;173;190;156;230;175;304;327;578;348
Avila;05241;0524101001;2023;112;174;357;166;183;162;230;180;295;336;587;346
Avila;05241;0524101002;2021;187;173;556;227;284;194;389;239;471;367;945;466
Avila;05241;0524101002;2022;172;178;558;215;267;198;392;243;439;376;950;458
Avila;05241;0524101002;2023;184;180;556;226;274;210;392;255;458;390;948;481
Avila;05242;0524201001;2021;60;43;211;52;48;68;160;56;108;111;371;108
Avila;05242;0524201001;2022;56;41;207;51;39;69;163;57;95;110;370;108
Avila;05242;0524201001;2023;51;42;207;51;40;70;165;60;91;112;372;111
Avila;05243;0524301001;2021;6;12;18;9;16;8;6;4;22;20;24;13
Avila;05243;0524301001;2022;4;13;18;9;13;10;6;6;17;23;24;15
Avila;05243;0524301001;2023;4;13;17;10;13;12;6;5;17;25;23;15
Avila;05245;0524501001;2021;32;50;62;50;36;69;50;39;68;119;112;89
Avila;05245;0524501001;2022;29;55;66;49;38;77;48;41;67;132;114;90
Avila;05245;0524501001;2023;28;54;63;53;36;77;55;41;64;131;118;94
Avila;05247;0524701001;2021;35;23;38;16;40;15;34;8;75;38;72;24
Avila;05247;0524701001;2022;36;26;40;17;38;14;40;12;74;40;80;29
Avila;05247;0524701001;2023;32;27;42;17;32;14;40;11;64;41;82;28
Avila;05249;0524901001;2021;0;19;17;16;8;12;14;13;8;31;31;29
Avila;05249;0524901001;2022;0;18;17;15;7;13;12;14;7;31;29;29
Avila;05249;0524901001;2023;0;17;17;16;7;16;13;13;7;33;30;29
Avila;05251;0525101001;2021;17;0;14;7;6;3;9;3;23;3;23;10
Avila;05251;0525101001;2022;17;1;14;7;6;3;10;4;23;4;24;11
Avila;05251;0525101001;2023;16;0;13;7;6;3;9;5;22;3;22;12
Avila;05252;0525201001;2021;8;1;20;3;7;3;11;2;15;4;31;5
Avila;05252;0525201001;2022;8;1;21;3;6;3;12;2;14;4;33;5
Avila;05252;0525201001;2023;9;1;20;5;5;4;10;2;14;5;30;7
Avila;05253;0525301001;2021;8;8;14;7;7;6;11;5;15;14;25;12
Avila;05253;0525301001;2022;8;9;13;7;7;5;11;10;15;14;24;17
Avila;05253;0525301001;2023;6;10;13;6;6;7;13;9;12;17;26;15
Avila;05254;0525401001;2021;19;12;45;21;18;24;38;14;37;36;83;35
Avila;05254;0525401001;2022;18;12;47;21;18;26;40;13;36;38;87;34
Avila;05254;0525401001;2023;17;13;47;19;17;28;38;15;34;41;85;34
Avila;05256;0525601001;2021;12;15;20;8;12;20;12;3;24;35;32;11
Avila;05256;0525601001;2022;10;15;21;9;11;20;13;3;21;35;34;12
Avila;05256;0525601001;2023;8;17;22;7;11;20;14;3;19;37;36;10
Avila;05257;0525701001;2021;9;22;25;17;9;24;19;15;18;46;44;32
Avila;05257;0525701001;2022;9;24;26;19;9;24;15;15;18;48;41;34
Avila;05257;0525701001;2023;10;20;27;17;9;22;15;13;19;42;42;30
Avila;05258;0525801001;2021;5;13;27;17;10;8;24;5;15;21;51;22
Avila;05258;0525801001;2022;5;13;26;17;11;9;23;5;16;22;49;22
Avila;05258;0525801001;2023;5;13;25;17;12;9;20;6;17;22;45;23
Avila;05259;0525901001;2021;11;10;17;8;15;11;16;8;26;21;33;16
Avila;05259;0525901001;2022;11;12;21;8;15;9;17;8;26;21;38;16
Avila;05259;0525901001;2023;11;11;16;6;16;10;15;8;27;21;31;14
Avila;05260;0526001001;2021;18;11;22;6;14;12;11;11;32;23;33;17
Avila;05260;0526001001;2022;17;11;24;6;14;11;12;11;31;22;36;17
Avila;05260;0526001001;2023;15;11;23;5;14;12;10;10;29;23;33;15
Avila;05262;0526201001;2021;23;26;72;47;39;36;57;17;62;62;129;64
Avila;05262;0526201001;2022;22;30;71;48;33;36;57;18;55;66;128;66
Avila;05262;0526201001;2023;20;33;69;46;31;39;58;19;51;72;127;65
Avila;05263;0526301001;2021;24;15;33;20;17;16;21;11;41;31;54;31
Avila;05263;0526301001;2022;19;16;34;18;13;17;19;13;32;33;53;31
Avila;05263;0526301001;2023;16;16;33;18;17;17;19;13;33;33;52;31
Avila;05264;0526401001;2021;6;4;10;7;3;2;8;8;9;6;18;15
Avila;05264;0526401001;2022;6;4;8;6;3;2;8;8;9;6;16;14
Avila;05264;0526401001;2023;5;5;8;6;3;2;9;9;8;7;17;15
Avila;05265;0526501001;2021;6;8;24;4;4;5;18;4;10;13;42;8
Avila;05265;0526501001;2022;6;9;25;4;5;6;18;3;11;15;43;7
Avila;05265;0526501001;2023;5;9;24;4;6;5;17;3;11;14;41;7
Avila;05266;0526601001;2021;21;5;16;5;14;7;13;5;35;12;29;10
Avila;05266;0526601001;2022;20;4;18;5;14;7;14;6;34;11;32;11
Avila;05266;0526601001;2023;20;4;15;5;12;6;14;6;32;10;29;11
Avila;05267;0526701001;2021;6;10;21;16;13;11;8;12;19;21;29;28
Avila;05267;0526701001;2022;4;11;19;14;10;12;8;12;14;23;27;26
Avila;05267;0526701001;2023;3;10;17;13;9;13;8;10;12;23;25;23
Avila;05901;0590101001;2021;27;38;59;23;33;25;37;9;60;63;96;32
Avila;05901;0590101001;2022;26;37;60;22;30;26;37;10;56;63;97;32
Avila;05901;0590101001;2023;20;41;57;18;27;31;39;9;47;72;96;27
Avila;05902;0590201001;2021;28;25;96;23;13;22;72;22;41;47;168;45
Avila;05902;0590201001;2022;26;27;96;22;16;20;70;22;42;47;166;44
Avila;05902;0590201001;2023;22;30;94;23;15;22;69;27;37;52;163;50
Avila;05903;0590301001;2021;24;11;22;10;23;7;16;3;47;18;38;13
Avila;05903;0590301001;2022;24;10;23;11;23;6;15;3;47;16;38;14
Avila;05903;0590301001;2023;23;11;24;10;17;6;14;2;40;17;38;12
Avila;05904;0590401001;2021;9;16;28;10;10;8;11;13;19;24;39;23
Avila;05904;0590401001;2022;9;16;27;10;11;8;13;13;20;24;40;23
Avila;05904;0590401001;2023;8;14;29;8;10;10;13;12;18;24;42;20
Avila;05905;0590501001;2021;29;18;38;26;49;12;29;16;78;30;67;42
Avila;05905;0590501001;2022;28;23;48;32;49;19;34;20;77;42;82;52
Avila;05905;0590501001;2023;24;20;47;31;45;17;28;15;69;37;75;46
Burgos;09003;0900301001;2021;22;15;34;20;32;29;17;15;54;44;51;35
Burgos;09003;0900301001;2022;19;14;34;23;28;29;19;19;47;43;53;42
Burgos;09003;0900301001;2023;20;16;31;23;26;30;18;21;46;46;49;44
Burgos;09006;0900601001;2021;6;4;13;9;7;3;9;1;13;7;22;10
Burgos;09006;0900601001;2022;9;5;14;10;6;3;9;2;15;8;23;12
Burgos;09006;0900601001;2023;7;6;15;10;5;3;9;1;12;9;24;11
Burgos;09007;0900701001;2021;10;9;8;6;4;7;4;3;14;16;12;9
Burgos;09007;0900701001;2022;8;9;9;6;6;8;3;2;14;17;12;8
Burgos;09007;0900701001;2023;8;9;10;6;5;9;2;4;13;18;12;10
Burgos;09009;0900901001;2021;8;35;33;29;5;38;16;20;13;73;49;49
Burgos;09009;0900901001;2022;8;35;30;31;6;39;16;21;14;74;46;52
Burgos;09009;0900901001;2023;7;38;33;30;5;39;15;19;12;77;48;49
Burgos;09011;0901101001;2021;7;16;18;4;4;6;13;7;11;22;31;11
Burgos;09011;0901101001;2022;6;18;19;5;4;7;12;5;10;25;31;10
Burgos;09011;0901101001;2023;6;18;17;6;1;9;10;4;7;27;27;10
Burgos;09012;0901201001;2021;5;12;24;15;5;13;21;4;10;25;45;19
Burgos;09012;0901201001;2022;4;13;24;12;6;11;20;7;10;24;44;19
Burgos;09012;0901201001;2023;4;13;20;12;6;11;19;8;10;24;39;20
Burgos;09014;0901401001;2021;10;38;30;34;11;23;29;14;21;61;59;48
Burgos;09014;0901401001;2022;10;40;29;30;8;21;30;11;18;61;59;41
Burgos;09014;0901401001;2023;12;49;29;34;8;21;32;14;20;70;61;48
Burgos;09016;0901601001;2021;5;18;17;11;13;15;12;6;18;33;29;17
Burgos;09016;0901601001;2022;5;21;17;9;13;16;12;8;18;37;29;17
Burgos;09016;0901601001;2023;5;20;17;7;11;14;12;10;16;34;29;17
Burgos;09017;0901701001;2021;28;11;28;9;19;12;16;4;47;23;44;13
Burgos;09017;0901701001;2022;36;13;30;15;18;11;16;4;54;24;46;19
Burgos;09017;0901701001;2023;38;12;31;14;20;11;16;4;58;23;47;18
Burgos;09018;0901801001;2021;27;165;104;82;36;199;70;80;63;364;174;162
Burgos;09018;0901801001;2022;29;169;108;79;33;201;79;72;62;370;187;151
Burgos;09018;0901801001;2023;26;165;111;79;33;198;76;77;59;363;187;156
Burgos;09018;0901801002;2021;129;284;211;178;200;328;196;163;329;612;407;341
Burgos;09018;0901801002;2022;137;297;206;176;202;356;194;168;339;653;400;344
Burgos;09018;0901801002;2023;140;352;213;187;203;412;213;185;343;764;426;372
Burgos;09018;0901801003;2021;135;159;237;152;218;147;189;127;353;306;426;279
Burgos;09018;0901801003;2022;131;162;225;152;211;151;196;125;342;313;421;277
Burgos;09018;0901801003;2023;125;161;230;155;202;153;197;114;327;314;427;269
Burgos;09018;0901801004;2021;104;147;236;115;197;150;176;113;301;297;412;228
Burgos;09018;0901801004;2022;86;139;226;124;185;148;177;107;271;287;403;231
Burgos;09018;0901801004;2023;83;130;213;120;179;153;174;116;262;283;387;236
Burgos;09018;0901801005;2021;178;268;281;203;211;321;246;184;389;589;527;387
Burgos;09018;0901801005;2022;167;274;275;193;189;326;245;163;356;600;520;356
Burgos;09018;0901801005;2023;162;273;284;196;193;325;244;158;355;598;528;354
Burgos;09018;0901801006;2021;140;119;245;126;183;145;218;109;323;264;463;235
Burgos;09018;0901801006;2022;152;123;252;123;183;147;229;112;335;270;481;235
Burgos;09018;0901801006;2023;149;116;259;123;189;144;234;111;338;260;493;234
Burgos;09018;0901801007;2021;58;168;127;119;93;196;120;120;151;364;247;239
Burgos;09018;0901801007;2022;57;177;131;110;89;204;122;113;146;381;253;223
Burgos;09018;0901801007;2023;56;176;132;111;88;204;124;112;144;380;256;223
Burgos;09018;0901801008;2021;105;207;196;151;163;271;180;148;268;478;376;299
Burgos;09018;0901801008;2022;109;217;184;151;163;288;180;138;272;505;364;289
Burgos;09018;0901801008;2023;108;216;191;149;158;284;171;138;266;500;362;287
Burgos;09018;0901801009;2021;76;193;184;163;95;245;169;135;171;438;353;298
Burgos;09018;0901801009;2022;79;201;183;155;99;257;163;134;178;458;346;289
Burgos;09018;0901801009;2023;66;207;179;156;93;275;166;130;159;482;345;286
Burgos;09018;0901802001;2021;87;209;127;118;121;233;116;122;208;442;243;240
Burgos;09018;0901802001;2022;89;215;138;109;105;239;117;115;194;454;255;224
Burgos;09018;0901802001;2023;90;210;149;114;110;252;115;118;200;462;264;232
Burgos;09018;0901802002;2021;188;256;273;211;248;341;247;173;436;597;520;384
Burgos;09018;0901802002;2022;186;259;275;208;255;351;238;175;441;610;513;383
Burgos;09018;0901802002;2023;190;266;286;211;239;356;229;185;429;622;515;396
Burgos;09018;0901802003;2021;81;207;119;142;141;227;129;133;222;434;248;275
Burgos;09018;0901802003;2022;79;215;130;133;137;242;120;135;216;457;250;268
Burgos;09018;0901802003;2023;80;222;133;129;142;247;130;133;222;469;263;262
Burgos;09018;0901802004;2021;106;154;196;116;144;171;190;121;250;325;386;237
Burgos;09018;0901802004;2022;107;156;206;115;144;185;189;122;251;341;395;237
Burgos;09018;0901802004;2023;111;164;199;123;149;185;197;127;260;349;396;250
Burgos;09018;0901802005;2021;127;133;170;106;153;231;129;163;280;364;299;269
Burgos;09018;0901802005;2022;128;146;168;111;156;237;123;157;284;383;291;268
Burgos;09018;0901802005;2023;111;161;173;122;157;255;129;162;268;416;302;284
Burgos;09018;0901803001;2021;139;92;251;107;147;107;236;125;286;199;487;232
Burgos;09018;0901803001;2022;136;96;259;104;153;109;237;111;289;205;496;215
Burgos;09018;0901803001;2023;134;101;258;104;153;107;244;119;287;208;502;223
Burgos;09018;0901803002;2021;153;80;200;77;200;89;156;83;353;169;356;160
Burgos;09018;0901803002;2022;156;77;199;76;182;89;163;76;338;166;362;152
Burgos;09018;0901803002;2023;153;76;192;87;186;94;167;77;339;170;359;164
Burgos;09018;0901803003;2021;109;54;142;72;145;64;124;59;254;118;266;131
Burgos;09018;0901803003;2022;102;53;141;72;134;58;123;62;236;111;264;134
Burgos;09018;0901803003;2023;114;68;145;82;135;74;131;63;249;142;276;145
Burgos;09018;0901803004;2021;122;227;302;173;151;301;279;171;273;528;581;344
Burgos;09018;0901803004;2022;117;238;307;182;141;310;278;170;258;548;585;352
Burgos;09018;0901803004;2023;133;233;294;200;137;325;276;177;270;558;570;377
Burgos;09018;0901803005;2021;118;330;338;260;180;383;319;188;298;713;657;448
Burgos;09018;0901803005;2022;116;347;340;268;171;408;324;194;287;755;664;462
Burgos;09018;0901803005;2023;114;356;340;271;153;412;322;207;267;768;662;478
Burgos;09018;0901803006;2021;148;99;253;130;191;136;233;114;339;235;486;244
Burgos;09018;0901803006;2022;146;98;261;133;189;132;235;116;335;230;496;249
Burgos;09018;0901803006;2023;138;98;270;130;191;131;243;119;329;229;513;249
Burgos;09018;0901803007;2021;85;62;148;78;118;82;119;54;203;144;267;132
Burgos;09018;0901803007;2022;77;59;147;74;110;78;123;55;187;137;270;129
Burgos;09018;0901803007;2023;78;61;144;81;107;78;117;60;185;139;261;141
Burgos;09018;0901803008;2021;84;102;154;74;116;137;151;84;200;239;305;158
Burgos;09018;0901803008;2022;89;105;152;78;111;137;155;85;200;242;307;163
Burgos;09018;0901803008;2023;87;99;139;85;108;134;150;85;195;233;289;170
Burgos;09019;0901901001;2021;23;16;36;20;11;8;22;10;34;24;58;30
Burgos;09019;0901901001;2022;23;14;36;20;12;10;22;9;35;24;58;29
Burgos;09019;0901901001;2023;20;16;37;23;10;10;22;8;30;26;59;31
Burgos;09020;0902001001;2021;38;24;53;35;29;36;34;16;67;60;87;51
Burgos;09020;0902001001;2022;36;25;57;31;28;37;31;17;64;62;88;48
Burgos;09020;0902001001;2023;34;23;53;31;26;39;34;16;60;62;87;47
Burgos;09022;0902201001;2021;13;8;11;9;6;7;10;1;19;15;21;10
Burgos;09022;0902201001;2022;13;7;11;12;6;6;10;1;19;13;21;13
Burgos;09022;0902201001;2023;11;7;10;11;5;5;10;2;16;12;20;13
Burgos;09023;0902301001;2021;33;255;179;224;44;328;115;137;77;583;294;361
Burgos;09023;0902301001;2022;39;263;191;219;42;331;122;141;81;594;313;360
Burgos;09023;0902301001;2023;36;266;197;218;38;339;133;141;74;605;330;359
Burgos;09024;0902401001;2021;11;22;40;14;13;15;29;5;24;37;69;19
Burgos;09024;0902401001;2022;12;23;43;16;13;16;28;5;25;39;71;21
Burgos;09024;0902401001;2023;11;23;42;16;14;15;26;6;25;38;68;22
Burgos;09025;0902501001;2021;1;15;30;13;11;14;17;8;12;29;47;21
Burgos;09025;0902501001;2022;2;12;29;11;10;13;17;9;12;25;46;20
Burgos;09025;0902501001;2023;2;12;29;10;10;15;15;9;12;27;44;19
Burgos;09026;0902601001;2021;31;72;81;51;31;51;52;27;62;123;133;78
Burgos;09026;0902601001;2022;37;74;80;45;28;49;55;23;65;123;135;68
Burgos;09026;0902601001;2023;38;80;78;49;25;56;56;24;63;136;134;73
Burgos;09029;0902901001;2021;14;31;31;23;11;28;18;18;25;59;49;41
Burgos;09029;0902901001;2022;14;32;30;23;12;29;18;17;26;61;48;40
Burgos;09029;0902901001;2023;12;36;32;20;10;28;19;17;22;64;51;37
Burgos;09030;0903001001;2021;10;21;33;11;5;12;22;8;15;33;55;19
Burgos;09030;0903001001;2022;11;21;35;13;5;13;22;10;16;34;57;23
Burgos;09030;0903001001;2023;15;25;37;15;4;22;23;11;19;47;60;26
Burgos;09032;0903201001;2021;14;10;14;16;12;18;9;7;26;28;23;23
Burgos;09032;0903201001;2022;12;10;15;16;9;17;13;7;21;27;28;23
Burgos;09032;0903201001;2023;12;10;14;18;8;16;15;7;20;26;29;25
Burgos;09033;0903301001;2021;15;9;10;11;10;10;5;9;25;19;15;20
Burgos;09033;0903301001;2022;13;9;10;12;9;12;5;10;22;21;15;22
Burgos;09033;0903301001;2023;12;10;10;10;7;13;5;10;19;23;15;20
Burgos;09034;0903401001;2021;50;41;47;28;54;27;36;24;104;68;83;52
Burgos;09034;0903401001;2022;50;42;46;28;53;27;34;23;103;69;80;51
Burgos;09034;0903401001;2023;46;41;42;30;48;28;30;24;94;69;72;54
Burgos;09035;0903501001;2021;38;26;74;36;38;34;32;13;76;60;106;49
Burgos;09035;0903501001;2022;40;29;72;36;47;32;33;15;87;61;105;51
Burgos;09035;0903501001;2023;34;25;74;38;41;31;33;15;75;56;107;53
Burgos;09037;0903701001;2021;8;23;21;19;13;8;15;5;21;31;36;24
Burgos;09037;0903701001;2022;8;22;21;17;12;11;15;5;20;33;36;22
Burgos;09037;0903701001;2023;7;21;20;17;10;11;15;5;17;32;35;22
Burgos;09038;0903801001;2021;19;11;25;19;26;17;7;11;45;28;32;30
Burgos;09038;0903801001;2022;18;11;26;19;25;17;11;9;43;28;37;28
Burgos;09038;0903801001;2023;18;10;25;21;23;17;14;10;41;27;39;31
Burgos;09039;0903901001;2021;10;9;7;10;8;4;9;3;18;13;16;13
Burgos;09039;0903901001;2022;10;9;8;11;9;5;10;4;19;14;18;15
Burgos;09039;0903901001;2023;8;10;7;13;6;7;11;5;14;17;18;18
Burgos;09043;0904301001;2021;22;32;26;24;24;20;21;9;46;52;47;33
Burgos;09043;0904301001;2022;14;33;27;25;21;23;21;10;35;56;48;35
Burgos;09043;0904301001;2023;13;34;26;26;20;27;24;13;33;61;50;39
Burgos;09044;0904401001;2021;1;8;13;6;4;5;10;4;5;13;23;10
Burgos;09044;0904401001;2022;1;8;14;6;4;5;10;7;5;13;24;13
Burgos;09044;0904401001;2023;1;9;15;6;5;4;9;7;6;13;24;13
Burgos;09045;0904501001;2021;29;44;63;27;33;37;36;15;62;81;99;42
Burgos;09045;0904501001;2022;28;47;63;29;31;37;34;16;59;84;97;45
Burgos;09045;0904501001;2023;28;52;60;30;30;37;36;16;58;89;96;46
Burgos;09047;0904701001;2021;8;10;7;5;4;7;7;6;12;17;14;11
Burgos;09047;0904701001;2022;8;10;6;6;4;6;6;7;12;16;12;13
Burgos;09047;0904701001;2023;8;9;6;5;4;6;8;7;12;15;14;12
Burgos;09048;0904801001;2021;72;98;203;144;118;140;180;109;190;238;383;253
Burgos;09048;0904801001;2022;64;101;207;157;116;147;179;112;180;248;386;269
Burgos;09048;0904801001;2023;73;100;203;161;118;146;181;113;191;246;384;274
Burgos;09048;0904801002;2021;65;48;102;67;68;64;56;42;133;112;158;109
Burgos;09048;0904801002;2022;67;53;99;70;67;68;51;51;134;121;150;121
Burgos;09048;0904801002;2023;60;52;98;68;64;71;56;48;124;123;154;116
Burgos;09050;0905001001;2021;7;6;7;11;7;5;2;7;14;11;9;18
Burgos;09050;0905001001;2022;5;6;6;12;7;5;2;8;12;11;8;20
Burgos;09050;0905001001;2023;4;6;6;11;6;6;1;8;10;12;7;19
Burgos;09051;0905101001;2021;5;27;41;21;3;25;41;8;8;52;82;29
Burgos;09051;0905101001;2022;7;28;41;18;2;28;38;7;9;56;79;25
Burgos;09051;0905101001;2023;5;30;48;17;2;28;37;6;7;58;85;23
Burgos;09054;0905401001;2021;13;12;16;16;15;6;9;6;28;18;25;22
Burgos;09054;0905401001;2022;13;11;16;16;15;6;10;6;28;17;26;22
Burgos;09054;0905401001;2023;13;11;16;17;15;7;10;6;28;18;26;23
Burgos;09055;0905501001;2021;5;6;12;3;7;3;7;1;12;9;19;4
Burgos;09055;0905501001;2022;5;7;12;4;5;3;6;0;10;10;18;4
Burgos;09055;0905501001;2023;5;6;13;4;4;3;6;0;9;9;19;4
Burgos;09056;0905601001;2021;168;170;330;240;206;218;245;187;374;388;575;427
Burgos;09056;0905601001;2022;148;175;312;235;194;228;252;195;342;403;564;430
Burgos;09056;0905601001;2023;150;182;320;235;188;232;262;197;338;414;582;432
Burgos;09056;0905601002;2021;106;116;204;111;157;170;150;127;263;286;354;238
Burgos;09056;0905601002;2022;97;116;205;122;149;168;154;120;246;284;359;242
Burgos;09056;0905601002;2023;92;116;199;129;134;175;154;123;226;291;353;252
Burgos;09056;0905601003;2021;109;77;187;123;136;96;139;101;245;173;326;224
Burgos;09056;0905601003;2022;106;79;190;124;137;98;134;104;243;177;324;228
Burgos;09056;0905601003;2023;143;140;251;166;166;161;205;164;309;301;456;330
Burgos;09056;0905601004;2021;145;211;282;224;168;289;257;221;313;500;539;445
Burgos;09056;0905601004;2022;129;219;288;232;157;288;254;214;286;507;542;446
Burgos;09056;0905601004;2023;103;166;236;192;115;227;196;160;218;393;432;352
Burgos;09057;0905701001;2021;5;47;20;35;12;22;7;21;17;69;27;56
Burgos;09057;0905701001;2022;5;46;23;34;11;22;9;21;16;68;32;55
Burgos;09057;0905701001;2023;5;47;22;36;10;26;7;20;15;73;29;56
Burgos;09058;0905801001;2021;24;103;71;62;18;92;51;50;42;195;122;112
Burgos;09058;0905801001;2022;25;101;76;65;20;90;48;52;45;191;124;117
Burgos;09058;0905801001;2023;24;113;82;66;22;98;51;51;46;211;133;117
Burgos;09059;0905901001;2021;39;140;42;82;47;170;63;78;86;310;105;160
Burgos;09059;0905901001;2022;38;150;44;78;50;178;64;72;88;328;108;150
Burgos;09059;0905901001;2023;38;142;46;80;47;188;64;66;85;330;110;146
Burgos;09059;0905901002;2021;44;151;68;75;63;159;61;71;107;310;129;146
Burgos;09059;0905901002;2022;40;152;68;69;58;159;67;69;98;311;135;138
Burgos;09059;0905901002;2023;43;149;66;65;50;157;66;73;93;306;132;138
Burgos;09059;0905902001;2021;23;164;46;66;57;188;64;83;80;352;110;149
Burgos;09059;0905902001;2022;26;166;41;70;51;187;59;84;77;353;100;154
Burgos;09059;0905902001;2023;27;174;42;73;59;201;52;87;86;375;94;160
Burgos;09059;0905902002;2021;17;161;36;52;38;178;42;52;55;339;78;104
Burgos;09059;0905902002;2022;14;161;36;55;35;185;48;54;49;346;84;109
Burgos;09059;0905902002;2023;13;167;35;63;36;187;46;56;49;354;81;119
Burgos;09059;0905902003;2021;37;173;59;65;97;218;82;88;134;391;141;153
Burgos;09059;0905902003;2022;33;176;59;67;87;222;82;79;120;398;141;146
Burgos;09059;0905902003;2023;40;184;60;72;88;231;83;88;128;415;143;160
Burgos;09059;0905902004;2021;29;169;54;73;48;206;46;71;77;375;100;144
Burgos;09059;0905902004;2022;27;165;56;70;45;204;44;61;72;369;100;131
Burgos;09059;0905902004;2023;24;173;57;76;40;215;46;67;64;388;103;143
Burgos;09059;0905902005;2021;69;256;83;117;94;317;91;99;163;573;174;216
Burgos;09059;0905902005;2022;58;257;89;107;83;321;99;99;141;578;188;206
Burgos;09059;0905902005;2023;59;262;92;104;84;329;95;114;143;591;187;218
Burgos;09059;0905903001;2021;42;169;39;57;38;181;34;55;80;350;73;112
Burgos;09059;0905903001;2022;39;178;54;55;34;180;38;44;73;358;92;99
Burgos;09059;0905903001;2023;33;170;49;57;33;181;37;50;66;351;86;107
Burgos;09059;0905903002;2021;41;244;71;74;77;228;68;82;118;472;139;156
Burgos;09059;0905903002;2022;36;254;70;72;72;236;70;86;108;490;140;158
Burgos;09059;0905903002;2023;34;260;77;74;70;238;69;86;104;498;146;160
Burgos;09059;0905903003;2021;106;170;156;111;112;234;153;111;218;404;309;222
Burgos;09059;0905903003;2022;99;168;165;115;111;230;160;109;210;398;325;224
Burgos;09059;0905903003;2023;101;173;157;120;111;223;163;118;212;396;320;238
Burgos;09059;0905903004;2021;76;67;115;59;105;95;79;56;181;162;194;115
Burgos;09059;0905903004;2022;67;69;110;61;99;101;80;56;166;170;190;117
Burgos;09059;0905903004;2023;66;71;109;66;94;105;89;58;160;176;198;124
Burgos;09059;0905903005;2021;144;326;276;209;148;416;204;140;292;742;480;349
Burgos;09059;0905903005;2022;141;332;285;215;138;450;217;139;279;782;502;354
Burgos;09059;0905903005;2023;137;358;295;230;135;470;213;162;272;828;508;392
Burgos;09059;0905903006;2021;131;323;211;180;168;424;187;157;299;747;398;337
Burgos;09059;0905903006;2022;121;334;214;184;152;434;177;160;273;768;391;344
Burgos;09059;0905903006;2023;109;338;216;181;149;432;173;173;258;770;389;354
Burgos;09059;0905903007;2021;56;246;103;96;113;267;112;98;169;513;215;194
Burgos;09059;0905903007;2022;46;250;106;85;110;264;109;94;156;514;215;179
Burgos;09059;0905903007;2023;48;253;99;88;103;282;103;102;151;535;202;190
Burgos;09059;0905903008;2021;60;190;146;97;95;245;126;86;155;435;272;183
Burgos;09059;0905903008;2022;62;188;136;104;92;246;135;86;154;434;271;190
Burgos;09059;0905903008;2023;64;189;140;108;95;246;127;90;159;435;267;198
Burgos;09059;0905903009;2021;74;351;224;197;98;433;184;169;172;784;408;366
Burgos;09059;0905903009;2022;77;376;228;202;86;434;201;167;163;810;429;369
Burgos;09059;0905903009;2023;72;382;240;196;93;441;210;179;165;823;450;375
Burgos;09059;0905903010;2021;54;212;188;153;56;296;177;133;110;508;365;286
Burgos;09059;0905903010;2022;52;216;187;151;56;297;184;137;108;513;371;288
Burgos;09059;0905903010;2023;51;207;193;163;52;298;194;141;103;505;387;304
Burgos;09059;0905903011;2021;48;368;152;215;46;455;100;146;94;823;252;361
Burgos;09059;0905903011;2022;49;370;162;216;43;451;104;153;92;821;266;369
Burgos;09059;0905903011;2023;49;371;166;214;42;454;115;142;91;825;281;356
Burgos;09059;0905904001;2021;103;140;140;109;158;186;144;95;261;326;284;204
Burgos;09059;0905904001;2022;97;152;124;107;145;183;155;97;242;335;279;204
Burgos;09059;0905904001;2023;95;153;126;116;137;188;154;104;232;341;280;220
Burgos;09059;0905904002;2021;55;89;63;63;99;106;87;50;154;195;150;113
Burgos;09059;0905904002;2022;59;90;65;66;93;104;85;49;152;194;150;115
Burgos;09059;0905904002;2023;50;93;67;67;86;102;81;57;136;195;148;124
Burgos;09059;0905904003;2021;76;92;86;66;66;127;74;71;142;219;160;137
Burgos;09059;0905904003;2022;68;92;87;76;65;127;79;68;133;219;166;144
Burgos;09059;0905904003;2023;68;90;93;75;69;127;77;78;137;217;170;153
Burgos;09059;0905904004;2021;40;115;73;71;66;175;71;50;106;290;144;121
Burgos;09059;0905904004;2022;38;118;77;77;65;174;77;47;103;292;154;124
Burgos;09059;0905904004;2023;35;109;70;78;69;178;78;45;104;287;148;123
Burgos;09059;0905905001;2021;91;202;123;107;143;233;127;96;234;435;250;203
Burgos;09059;0905905001;2022;82;203;121;99;135;225;130;94;217;428;251;193
Burgos;09059;0905905001;2023;84;202;120;103;132;239;125;92;216;441;245;195
Burgos;09059;0905905002;2021;55;178;80;87;102;201;132;111;157;379;212;198
Burgos;09059;0905905002;2022;58;180;89;83;93;207;130;118;151;387;219;201
Burgos;09059;0905905002;2023;53;184;90;95;92;213;122;118;145;397;212;213
Burgos;09059;0905905003;2021;67;135;98;84;90;149;97;85;157;284;195;169
Burgos;09059;0905905003;2022;61;132;89;86;88;151;96;84;149;283;185;170
Burgos;09059;0905905003;2023;69;134;89;86;86;150;104;81;155;284;193;167
Burgos;09059;0905905004;2021;77;157;106;106;123;205;96;82;200;362;202;188
Burgos;09059;0905905004;2022;78;162;98;104;118;204;105;77;196;366;203;181
Burgos;09059;0905905004;2023;82;165;97;106;112;215;104;89;194;380;201;195
Burgos;09059;0905905005;2021;65;138;71;84;129;174;64;74;194;312;135;158
Burgos;09059;0905905005;2022;61;143;65;78;113;177;64;69;174;320;129;147
Burgos;09059;0905905005;2023;63;148;69;85;112;190;65;73;175;338;134;158
Burgos;09059;0905905006;2021;16;195;32;47;36;189;52;55;52;384;84;102
Burgos;09059;0905905006;2022;13;203;31;45;36;192;49;58;49;395;80;103
Burgos;09059;0905905006;2023;13;201;30;48;37;200;53;55;50;401;83;103
Burgos;09059;0905905007;2021;38;202;32;64;87;246;68;55;125;448;100;119
Burgos;09059;0905905007;2022;40;200;36;61;83;241;64;53;123;441;100;114
Burgos;09059;0905905007;2023;55;329;49;94;104;391;112;102;159;720;161;196
Burgos;09059;0905905008;2021;25;104;42;82;59;126;80;53;84;230;122;135
Burgos;09059;0905905008;2022;26;112;44;81;57;138;76;63;83;250;120;144
Burgos;09059;0905905008;2023;28;122;46;76;53;141;75;66;81;263;121;142
Burgos;09059;0905905009;2021;63;241;88;96;110;266;149;110;173;507;237;206
Burgos;09059;0905905009;2022;58;238;84;98;99;263;157;115;157;501;241;213
Burgos;09059;0905905009;2023;90;338;141;157;168;408;223;181;258;746;364;338
Burgos;09059;0905905010;2021;73;232;118;111;103;256;130;129;176;488;248;240
Burgos;09059;0905905010;2022;68;225;102;118;91;263;125;125;159;488;227;243
Burgos;09059;0905905010;2023;60;222;107;110;91;261;135;117;151;483;242;227
Burgos;09059;0905905011;2021;30;247;76;130;66;249;111;98;96;496;187;228
Burgos;09059;0905905011;2022;30;249;76;128;66;254;111;91;96;503;187;219
Burgos;09059;0905905011;2023;27;252;79;114;63;254;102;94;90;506;181;208
Burgos;09059;0905905012;2021;49;129;116;65;80;142;121;62;129;271;237;127
Burgos;09059;0905905012;2022;44;125;109;63;72;146;117;61;116;271;226;124
Burgos;09059;0905905012;2023;37;118;119;67;71;147;119;64;108;265;238;131
Burgos;09059;0905905013;2021;57;183;142;92;117;226;161;86;174;409;303;178
Burgos;09059;0905905013;2022;55;182;141;92;108;230;161;82;163;412;302;174
Burgos;09059;0905905013;2023;59;183;137;87;110;235;158;88;169;418;295;175
Burgos;09059;0905905014;2021;69;60;163;88;87;91;148;82;156;151;311;170
Burgos;09059;0905905014;2022;72;58;161;83;72;92;154;81;144;150;315;164
Burgos;09059;0905905014;2023;78;56;173;85;71;87;157;82;149;143;330;167
Burgos;09059;0905905015;2021;56;269;93;138;146;297;120;121;202;566;213;259
Burgos;09059;0905905015;2022;64;273;98;127;142;301;134;119;206;574;232;246
Burgos;09059;0905905015;2023;50;280;103;125;129;299;136;126;179;579;239;251
Burgos;09059;0905905016;2021;64;201;115;118;159;229;121;89;223;430;236;207
Burgos;09059;0905905016;2022;63;204;113;112;156;225;121;93;219;429;234;205
Burgos;09059;0905905016;2023;55;209;105;117;152;229;120;93;207;438;225;210
Burgos;09059;0905905017;2021;38;160;59;81;62;181;69;70;100;341;128;151
Burgos;09059;0905905017;2022;41;165;56;76;60;187;66;72;101;352;122;148
Burgos;09059;0905905017;2023;41;156;51;78;53;190;67;72;94;346;118;150
Burgos;09059;0905905018;2021;17;203;32;49;55;220;51;44;72;423;83;93
Burgos;09059;0905905018;2022;12;198;33;42;50;222;53;41;62;420;86;83
Burgos;09059;0905905018;2023;13;196;35;45;53;221;55;40;66;417;90;85
Burgos;09059;0905905019;2021;28;192;51;72;71;193;58;67;99;385;109;139
Burgos;09059;0905905019;2022;30;186;50;70;66;194;62;57;96;380;112;127
Burgos;09059;0905905019;2023;32;189;49;72;62;191;65;55;94;380;114;127
Burgos;09059;0905905020;2021;88;129;90;93;114;161;96;98;202;290;186;191
Burgos;09059;0905905020;2022;81;137;92;85;118;175;103;94;199;312;195;179
Burgos;09059;0905905020;2023;73;145;96;79;121;183;93;98;194;328;189;177
Burgos;09059;0905905021;2021;61;145;75;99;79;159;100;77;140;304;175;176
Burgos;09059;0905905021;2022;57;143;71;90;83;159;102;78;140;302;173;168
Burgos;09059;0905905021;2023;55;156;65;99;83;163;102;79;138;319;167;178
Burgos;09059;0905905022;2021;82;202;125;125;144;259;139;116;226;461;264;241
Burgos;09059;0905905022;2022;77;208;127;122;134;261;138;116;211;469;265;238
Burgos;09059;0905905022;2023;73;205;129;117;125;263;130;117;198;468;259;234
Burgos;09059;0905905023;2021;35;113;72;62;94;164;69;44;129;277;141;106
Burgos;09059;0905905023;2022;36;119;72;66;92;168;70;52;128;287;142;118
Burgos;09059;0905905023;2023;35;123;71;67;85;172;72;55;120;295;143;122
Burgos;09059;0905905024;2021;80;223;143;126;118;269;156;113;198;492;299;239
Burgos;09059;0905905024;2022;72;214;143;118;110;264;157;107;182;478;300;225
Burgos;09059;0905905024;2023;77;217;138;121;109;265;157;105;186;482;295;226
Burgos;09059;0905905025;2021;61;239;91;97;142;266;110;131;203;505;201;228
Burgos;09059;0905905025;2022;61;238;91;99;134;283;107;130;195;521;198;229
Burgos;09059;0905905025;2023;58;232;94;93;125;286;115;129;183;518;209;222
Burgos;09059;0905905026;2021;14;261;35;60;40;253;68;70;54;514;103;130
Burgos;09059;0905905026;2022;12;261;37;61;36;253;65;65;48;514;102;126
Burgos;09059;0905905026;2023;11;253;42;63;37;249;65;66;48;502;107;129
Burgos;09059;0905905027;2021;15;213;34;53;43;261;51;86;58;474;85;139
Burgos;09059;0905905027;2022;17;209;42;53;39;257;55;83;56;466;97;136
Burgos;09059;0905905027;2023;14;205;37;53;33;253;52;83;47;458;89;136
Burgos;09059;0905905028;2021;10;214;17;47;29;195;69;61;39;409;86;108
Burgos;09059;0905905028;2022;10;207;19;47;27;196;71;63;37;403;90;110
Burgos;09059;0905905028;2023;10;197;19;48;26;196;69;63;36;393;88;111
Burgos;09059;0905905029;2021;36;169;40;72;98;168;85;67;134;337;125;139
Burgos;09059;0905905029;2022;37;177;48;74;91;182;83;67;128;359;131;141
Burgos;09059;0905905029;2023;33;180;43;76;85;190;75;66;118;370;118;142
Burgos;09059;0905905030;2021;84;61;135;40;79;85;140;81;163;146;275;121
Burgos;09059;0905905030;2022;82;55;129;42;75;80;143;78;157;135;272;120
Burgos;09059;0905905030;2023;77;55;131;43;76;75;131;80;153;130;262;123
Burgos;09059;0905905031;2021;40;166;86;69;92;179;72;67;132;345;158;136
Burgos;09059;0905905031;2022;40;172;83;74;80;181;67;66;120;353;150;140
Burgos;09059;0905905031;2023;38;174;86;77;76;189;64;68;114;363;150;145
Burgos;09059;0905905032;2021;49;285;83;113;101;338;105;116;150;623;188;229
Burgos;09059;0905905032;2022;43;281;85;106;100;330;105;116;143;611;190;222
Burgos;09059;0905905032;2023;46;280;90;107;94;341;98;119;140;621;188;226
Burgos;09059;0905905033;2021;58;304;149;167;85;425;136;148;143;729;285;315
Burgos;09059;0905905033;2022;60;316;142;166;83;425;141;144;143;741;283;310
Burgos;09059;0905905033;2023;59;327;151;174;89;438;141;133;148;765;292;307
Burgos;09059;0905905034;2021;42;105;62;55;75;120;73;68;117;225;135;123
Burgos;09059;0905905034;2022;31;106;56;51;66;127;74;63;97;233;130;114
Burgos;09059;0905905035;2021;42;320;158;186;31;445;115;147;73;765;273;333
Burgos;09059;0905905035;2022;38;329;167;199;27;453;126;151;65;782;293;350
Burgos;09059;0905905035;2023;36;332;170;188;25;453;119;153;61;785;289;341
Burgos;09059;0905905036;2021;11;140;16;37;27;154;50;50;38;294;66;87
Burgos;09059;0905905036;2022;15;140;14;33;26;157;47;51;41;297;61;84
Burgos;09059;0905905037;2021;17;247;40;63;38;227;62;58;55;474;102;121
Burgos;09059;0905905037;2022;16;251;37;60;35;228;63;65;51;479;100;125
Burgos;09059;0905905037;2023;13;248;38;61;35;235;64;54;48;483;102;115
Burgos;09059;0905905038;2021;76;403;185;220;111;410;143;209;187;813;328;429
Burgos;09059;0905905038;2022;80;383;186;209;98;413;140;198;178;796;326;407
Burgos;09059;0905905038;2023;77;385;186;207;87;422;134;195;164;807;320;402
Burgos;09059;0905905039;2021;46;66;132;57;81;100;135;52;127;166;267;109
Burgos;09059;0905905039;2022;46;71;127;56;77;101;135;53;123;172;262;109
Burgos;09059;0905905039;2023;47;68;119;54;76;104;142;50;123;172;261;104
Burgos;09059;0905905040;2021;62;321;149;160;122;431;154;156;184;752;303;316
Burgos;09059;0905905040;2022;57;323;150;154;118;425;156;148;175;748;306;302
Burgos;09059;0905905040;2023;56;315;146;142;113;439;152;143;169;754;298;285
Burgos;09059;0905905041;2021;66;319;141;147;78;376;133;129;144;695;274;276
Burgos;09059;0905905041;2022;68;325;139;146;74;390;137;129;142;715;276;275
Burgos;09059;0905905041;2023;61;328;144;143;71;393;137;126;132;721;281;269
Burgos;09059;0905905042;2021;75;416;223;199;84;498;172;210;159;914;395;409
Burgos;09059;0905905042;2022;70;410;224;209;79;509;175;209;149;919;399;418
Burgos;09059;0905905042;2023;73;419;207;212;71;508;162;214;144;927;369;426
Burgos;09059;0905905043;2021;30;270;103;147;27;382;99;125;57;652;202;272
Burgos;09059;0905905043;2022;30;275;97;156;27;392;96;126;57;667;193;282
Burgos;09059;0905905043;2023;34;285;103;152;26;400;88;127;60;685;191;279
Burgos;09059;0905905044;2021;72;141;135;77;81;168;162;79;153;309;297;156
Burgos;09059;0905905044;2022;80;140;129;71;72;164;169;76;152;304;298;147
Burgos;09059;0905905044;2023;90;145;142;77;77;161;167;75;167;306;309;152
Burgos;09059;0905905045;2021;63;266;112;123;74;317;138;115;137;583;250;238
Burgos;09059;0905905045;2022;60;268;107;113;72;323;118;116;132;591;225;229
Burgos;09059;0905905045;2023;64;279;109;117;77;328;116;112;141;607;225;229
Burgos;09059;0905905046;2021;83;117;160;104;82;143;140;104;165;260;300;208
Burgos;09059;0905905046;2022;70;118;162;102;80;148;143;98;150;266;305;200
Burgos;09059;0905905046;2023;69;114;166;101;81;143;145;99;150;257;311;200
Burgos;09059;0905905047;2021;13;227;80;108;25;277;47;80;38;504;127;188
Burgos;09059;0905905047;2022;9;242;81;111;23;301;47;79;32;543;128;190
Burgos;09059;0905905047;2023;8;260;88;122;23;334;53;84;31;594;141;206
Burgos;09059;0905905048;2021;46;138;107;73;61;169;81;77;107;307;188;150
Burgos;09059;0905905048;2022;43;135;110;85;61;171;82;74;104;306;192;159
Burgos;09059;0905905048;2023;45;149;107;89;61;182;84;82;106;331;191;171
Burgos;09059;0905905049;2021;48;228;62;104;41;229;80;72;89;457;142;176
Burgos;09059;0905905049;2022;43;237;61;97;39;233;82;72;82;470;143;169
Burgos;09059;0905905049;2023;41;242;66;87;43;233;83;76;84;475;149;163
Burgos;09059;0905905050;2021;31;195;81;107;25;269;82;83;56;464;163;190
Burgos;09059;0905905050;2022;31;202;84;105;23;269;84;86;54;471;168;191
Burgos;09059;0905905050;2023;30;206;81;94;21;258;81;87;51;464;162;181
Burgos;09059;0905905051;2021;7;220;78;101;6;283;39;67;13;503;117;168
Burgos;09059;0905905051;2022;12;256;76;117;9;337;47;75;21;593;123;192
Burgos;09059;0905905051;2023;15;283;75;122;8;372;58;79;23;655;133;201
Burgos;09059;0905905052;2021;26;257;104;135;18;352;70;97;44;609;174;232
Burgos;09059;0905905052;2022;23;267;106;138;16;354;70;96;39;621;176;234
Burgos;09059;0905905052;2023;23;282;107;145;14;357;70;104;37;639;177;249
Burgos;09059;0905906001;2021;35;128;56;73;52;164;69;61;87;292;125;134
Burgos;09059;0905906001;2022;35;127;51;67;46;168;68;63;81;295;119;130
Burgos;09059;0905906001;2023;51;135;59;69;63;180;64;62;114;315;123;131
Burgos;09059;0905906002;2021;31;143;33;52;65;175;52;66;96;318;85;118
Burgos;09059;0905906002;2022;24;148;36;54;61;201;54;71;85;349;90;125
Burgos;09059;0905906002;2023;26;155;36;59;62;217;54;69;88;372;90;128
Burgos;09059;0905906003;2021;53;140;58;83;72;150;60;74;125;290;118;157
Burgos;09059;0905906003;2022;52;149;69;72;60;160;63;78;112;309;132;150
Burgos;09059;0905906003;2023;62;168;72;90;70;182;69;100;132;350;141;190
Burgos;09059;0905906004;2021;76;221;66;106;109;285;110;97;185;506;176;203
Burgos;09059;0905906004;2022;77;224;70;103;96;290;112;100;173;514;182;203
Burgos;09059;0905906004;2023;74;227;73;105;102;302;107;100;176;529;180;205
Burgos;09059;0905906005;2021;111;160;123;107;183;234;129;106;294;394;252;213
Burgos;09059;0905906005;2022;95;166;130;106;173;239;127;98;268;405;257;204
Burgos;09059;0905906005;2023;90;169;129;102;165;240;138;109;255;409;267;211
Burgos;09059;0905906006;2021;83;184;132;135;127;240;134;98;210;424;266;233
Burgos;09059;0905906006;2022;83;175;136;132;120;233;135;110;203;408;271;242
Burgos;09059;0905906006;2023;80;187;132;131;118;239;130;109;198;426;262;240
Burgos;09059;0905906007;2021;112;305;166;121;172;375;187;152;284;680;353;273
Burgos;09059;0905906007;2022;113;311;172;120;162;379;190;158;275;690;362;278
Burgos;09059;0905906007;2023;109;339;173;123;155;410;195;171;264;749;368;294
Burgos;09059;0905906008;2021;23;176;90;95;47;226;113;74;70;402;203;169
Burgos;09059;0905906008;2022;22;184;90;95;44;234;116;75;66;418;206;170
Burgos;09059;0905906008;2023;25;185;84;89;41;226;113;83;66;411;197;172
Burgos;09059;0905906009;2021;44;99;77;69;96;128;73;56;140;227;150;125
Burgos;09059;0905906009;2022;44;102;71;67;93;120;74;50;137;222;145;117
Burgos;09059;0905906009;2023;91;194;145;113;177;238;149;98;268;432;294;211
Burgos;09059;0905906010;2021;48;91;67;62;85;106;78;54;133;197;145;116
Burgos;09059;0905906010;2022;48;89;75;56;82;108;74;52;130;197;149;108
Burgos;09059;0905906011;2021;50;109;74;54;78;114;80;61;128;223;154;115
Burgos;09059;0905906011;2022;46;103;71;59;69;123;74;64;115;226;145;123
Burgos;09059;0905906011;2023;47;100;71;60;66;125;73;63;113;225;144;123
Burgos;09059;0905906012;2021;65;193;116;112;96;268;123;129;161;461;239;241
Burgos;09059;0905906012;2022;59;199;107;116;91;265;121;124;150;464;228;240
Burgos;09059;0905906012;2023;55;190;114;121;83;268;115;127;138;458;229;248
Burgos;09059;0905907001;2021;54;143;87;64;67;205;77;85;121;348;164;149
Burgos;09059;0905907001;2022;54;143;86;66;70;203;77;82;124;346;163;148
Burgos;09059;0905907001;2023;57;146;80;63;68;197;75;83;125;343;155;146
Burgos;09059;0905907002;2021;44;183;90;80;91;221;106;84;135;404;196;164
Burgos;09059;0905907002;2022;53;185;85;77;68;219;111;81;121;404;196;158
Burgos;09059;0905907002;2023;53;193;93;73;71;210;105;88;124;403;198;161
Burgos;09059;0905907003;2021;63;277;113;136;98;326;121;124;161;603;234;260
Burgos;09059;0905907003;2022;50;279;107;128;83;320;120;117;133;599;227;245
Burgos;09059;0905907003;2023;39;281;104;119;68;321;114;112;107;602;218;231
Burgos;09059;0905907004;2021;60;158;92;65;139;193;98;89;199;351;190;154
Burgos;09059;0905907004;2022;59;157;84;68;134;196;94;86;193;353;178;154
Burgos;09059;0905907004;2023;53;153;88;70;122;200;93;86;175;353;181;156
Burgos;09059;0905907005;2021;49;90;102;67;64;147;110;55;113;237;212;122
Burgos;09059;0905907005;2022;50;86;106;70;55;141;111;55;105;227;217;125
Burgos;09059;0905907005;2023;57;82;98;76;65;145;105;56;122;227;203;132
Burgos;09059;0905907006;2021;74;186;122;100;106;236;146;102;180;422;268;202
Burgos;09059;0905907006;2022;72;190;118;101;100;239;147;104;172;429;265;205
Burgos;09059;0905907006;2023;65;186;115;90;90;236;138;107;155;422;253;197
Burgos;09059;0905907007;2021;142;198;151;158;141;236;110;129;283;434;261;287
Burgos;09059;0905907007;2022;132;212;161;162;137;253;115;125;269;465;276;287
Burgos;09059;0905907007;2023;123;222;165;163;144;264;110;135;267;486;275;298
Burgos;09059;0905907008;2021;96;215;158;154;126;301;162;125;222;516;320;279
Burgos;09059;0905907008;2022;87;241;166;160;118;317;163;131;205;558;329;291
Burgos;09059;0905907008;2023;77;244;167;159;109;322;157;131;186;566;324;290
Burgos;09059;0905907009;2021;59;129;84;74;115;185;91;76;174;314;175;150
Burgos;09059;0905907009;2022;57;125;82;63;113;182;93;74;170;307;175;137
Burgos;09059;0905907009;2023;64;130;88;69;113;187;94;82;177;317;182;151
Burgos;09059;0905907010;2021;141;267;184;166;173;290;168;143;314;557;352;309
Burgos;09059;0905907010;2022;135;270;186;161;163;301;171;144;298;571;357;305
Burgos;09059;0905907010;2023;129;266;178;164;165;312;159;142;294;578;337;306
Burgos;09059;0905908001;2021;63;72;98;60;94;76;81;56;157;148;179;116
Burgos;09059;0905908001;2022;64;73;92;59;86;81;87;54;150;154;179;113
Burgos;09059;0905908001;2023;64;70;95;68;92;81;88;61;156;151;183;129
Burgos;09059;0905908002;2021;110;147;169;113;160;193;126;114;270;340;295;227
Burgos;09059;0905908002;2022;108;150;168;121;147;208;133;115;255;358;301;236
Burgos;09059;0905908002;2023;99;157;159;114;144;216;141;112;243;373;300;226
Burgos;09059;0905908003;2021;112;391;204;225;149;529;177;172;261;920;381;397
Burgos;09059;0905908003;2022;104;392;204;230;143;542;177;164;247;934;381;394
Burgos;09059;0905908003;2023;112;394;200;233;156;539;189;173;268;933;389;406
Burgos;09059;0905908004;2021;16;338;76;97;34;407;68;94;50;745;144;191
Burgos;09059;0905908004;2022;16;328;83;100;31;402;66;93;47;730;149;193
Burgos;09059;0905908004;2023;18;335;83;106;28;405;69;93;46;740;152;199
Burgos;09059;0905908005;2021;86;598;252;287;84;729;213;233;170;1327;465;520
Burgos;09059;0905908005;2022;86;592;265;291;83;736;212;217;169;1328;477;508
Burgos;09059;0905908005;2023;68;343;158;183;48;424;115;122;116;767;273;305
Burgos;09059;0905908006;2021;67;440;93;177;117;497;126;135;184;937;219;312
Burgos;09059;0905908006;2022;67;466;95;198;109;522;125;146;176;988;220;344
Burgos;09059;0905908006;2023;79;487;100;209;105;564;125;153;184;1051;225;362
Burgos;09059;0905908007;2021;102;102;107;85;125;130;90;84;227;232;197;169
Burgos;09059;0905908007;2022;105;108;113;84;126;132;92;81;231;240;205;165
Burgos;09059;0905908007;2023;112;109;109;93;121;134;98;86;233;243;207;179
Burgos;09059;0905908008;2021;92;336;172;217;140;416;132;155;232;752;304;372
Burgos;09059;0905908008;2022;80;344;162;214;129;410;132;150;209;754;294;364
Burgos;09059;0905908008;2023;73;338;156;207;118;415;131;147;191;753;287;354
Burgos;09059;0905908009;2021;55;102;100;79;80;134;88;76;135;236;188;155
Burgos;09059;0905908009;2022;49;101;103;74;74;137;91;76;123;238;194;150
Burgos;09059;0905908009;2023;42;110;102;72;68;138;86;70;110;248;188;142
Burgos;09059;0905908010;2021;54;285;159;121;60;308;145;110;114;593;304;231
Burgos;09059;0905908010;2022;43;280;159;121;54;307;153;114;97;587;312;235
Burgos;09059;0905908010;2023;43;282;160;131;57;307;153;116;100;589;313;247
Burgos;09059;0905908011;2021;32;446;97;134;70;498;85;129;102;944;182;263
Burgos;09059;0905908011;2022;32;463;95;138;59;513;85;133;91;976;180;271
Burgos;09059;0905908011;2023;34;466;93;143;54;525;90;129;88;991;183;272
Burgos;09059;0905908012;2023;47;266;139;140;32;339;110;122;79;605;249;262
Burgos;09059;0905909001;2021;125;92;119;76;180;119;111;61;305;211;230;137
Burgos;09059;0905909001;2022;113;93;127;67;172;116;113;65;285;209;240;132
Burgos;09059;0905909001;2023;107;94;123;72;171;118;116;74;278;212;239;146
Burgos;09059;0905909002;2021;100;67;129;65;187;75;97;62;287;142;226;127
Burgos;09059;0905909002;2022;95;64;124;66;192;74;92;64;287;138;216;130
Burgos;09059;0905909002;2023;87;66;121;70;179;79;88;71;266;145;209;141
Burgos;09059;0905909003;2021;102;128;160;109;122;166;157;79;224;294;317;188
Burgos;09059;0905909003;2022;92;131;162;102;115;165;158;83;207;296;320;185
Burgos;09059;0905909003;2023;95;131;157;102;118;165;150;94;213;296;307;196
Burgos;09059;0905909004;2021;74;38;114;53;115;68;94;44;189;106;208;97
Burgos;09059;0905909004;2022;76;40;118;59;113;66;94;45;189;106;212;104
Burgos;09059;0905909004;2023;74;41;116;65;108;62;91;50;182;103;207;115
Burgos;09059;0905909005;2021;134;59;207;102;199;93;124;83;333;152;331;185
Burgos;09059;0905909005;2022;126;60;217;104;181;93;128;91;307;153;345;195
Burgos;09059;0905909005;2023;119;66;197;104;178;92;127;91;297;158;324;195
Burgos;09059;0905909006;2021;69;111;105;79;85;131;85;58;154;242;190;137
Burgos;09059;0905909006;2022;58;108;106;80;84;135;87;64;142;243;193;144
Burgos;09059;0905909006;2023;58;111;113;79;81;144;89;71;139;255;202;150
Burgos;09059;0905909007;2021;151;255;241;155;160;322;244;145;311;577;485;300
Burgos;09059;0905909007;2022;134;260;239;149;152;327;242;129;286;587;481;278
Burgos;09059;0905909007;2023;128;269;238;159;151;336;242;133;279;605;480;292
Burgos;09059;0905909008;2021;95;92;117;79;145;125;117;73;240;217;234;152
Burgos;09059;0905909008;2022;90;93;109;82;133;121;116;69;223;214;225;151
Burgos;09059;0905909008;2023;148;134;185;165;213;201;208;110;361;335;393;275
Burgos;09059;0905909009;2021;63;86;135;90;92;132;124;79;155;218;259;169
Burgos;09059;0905909009;2022;56;90;134;89;84;132;120;79;140;222;254;168
Burgos;09059;0905909009;2023;59;100;135;85;88;137;120;76;147;237;255;161
Burgos;09059;0905909010;2021;72;58;93;75;130;74;79;73;202;132;172;148
Burgos;09059;0905909010;2022;67;60;97;68;130;78;84;72;197;138;181;140
Burgos;09059;0905909010;2023;64;63;100;72;135;80;89;71;199;143;189;143
Burgos;09059;0905909011;2021;94;84;135;83;167;109;105;86;261;193;240;169
Burgos;09059;0905909011;2022;83;86;134;86;157;111;102;79;240;197;236;165
Burgos;09059;0905909011;2023;90;88;140;88;153;112;109;85;243;200;249;173
Burgos;09059;0905909012;2021;127;189;256;164;153;216;263;131;280;405;519;295
Burgos;09059;0905909012;2022;126;188;261;165;156;215;254;126;282;403;515;291
Burgos;09059;0905909012;2023;115;198;252;171;147;222;253;144;262;420;505;315
Burgos;09059;0905909013;2021;74;115;118;77;76;149;109;79;150;264;227;156
Burgos;09059;0905909013;2022;69;118;115;78;73;149;108;74;142;267;223;152
Burgos;09059;0905909013;2023;72;116;117;76;66;148;112;70;138;264;229;146
Burgos;09059;0905909014;2021;94;88;138;82;119;115;138;82;213;203;276;164
Burgos;09059;0905909014;2022;81;89;148;82;114;117;138;82;195;206;286;164
Burgos;09059;0905909014;2023;73;96;144;84;120;124;135;84;193;220;279;168
Burgos;09059;0905909015;2021;77;100;136;100;114;132;130;69;191;232;266;169
Burgos;09059;0905909015;2022;73;106;133;94;101;130;120;64;174;236;253;158
Burgos;09059;0905909015;2023;77;101;133;94;98;126;118;70;175;227;251;164
Burgos;09059;0905909016;2021;122;264;281;200;140;324;203;166;262;588;484;366
Burgos;09059;0905909016;2022;144;272;292;204;150;326;208;177;294;598;500;381
Burgos;09059;0905909016;2023;145;275;312;206;140;315;222;189;285;590;534;395
Burgos;09059;0905909017;2021;73;70;92;68;112;88;109;56;185;158;201;124
Burgos;09059;0905909017;2022;72;69;94;69;110;91;104;55;182;160;198;124
Burgos;09059;0905909017;2023;66;73;93;66;98;97;100;62;164;170;193;128
Burgos;09059;0905909018;2021;67;43;78;70;94;73;90;36;161;116;168;106
Burgos;09059;0905909018;2022;68;42;77;73;86;73;85;40;154;115;162;113
Burgos;09059;0905909019;2021;76;106;131;66;111;135;123;59;187;241;254;125
Burgos;09059;0905909019;2022;69;104;126;74;103;133;126;58;172;237;252;132
Burgos;09059;0905909019;2023;66;99;119;74;95;137;126;59;161;236;245;133
Burgos;09059;0905909020;2021;36;98;45;51;71;83;54;43;107;181;99;94
Burgos;09059;0905909020;2022;38;99;44;48;73;82;52;40;111;181;96;88
Burgos;09059;0905909020;2023;139;179;180;129;189;199;207;121;328;378;387;250
Burgos;09059;0905909021;2021;133;95;136;83;209;120;142;66;342;215;278;149
Burgos;09059;0905909021;2022;121;93;133;86;210;129;138;69;331;222;271;155
Burgos;09059;0905909021;2023;120;93;130;90;203;127;139;71;323;220;269;161
Burgos;09059;0905909022;2021;124;115;180;110;170;149;148;104;294;264;328;214
Burgos;09059;0905909022;2022;117;118;182;108;166;155;148;105;283;273;330;213
Burgos;09059;0905909022;2023;120;118;175;105;166;154;150;104;286;272;325;209
Burgos;09059;0905909023;2021;127;197;198;166;144;264;164;141;271;461;362;307
Burgos;09059;0905909023;2022;92;196;181;162;122;260;153;143;214;456;334;305
Burgos;09059;0905909023;2023;98;196;190;149;129;258;156;136;227;454;346;285
Burgos;09059;0905909024;2021;62;143;158;127;84;163;154;118;146;306;312;245
Burgos;09059;0905909024;2022;58;146;157;122;80;164;157;114;138;310;314;236
Burgos;09059;0905909024;2023;56;144;151;127;77;170;161;111;133;314;312;238
Burgos;09059;0905909025;2021;84;79;106;58;96;113;103;57;180;192;209;115
Burgos;09059;0905909025;2022;80;83;103;57;95;120;101;59;175;203;204;116
Burgos;09059;0905909025;2023;81;75;105;55;98;117;100;63;179;192;205;118
Burgos;09059;0905909026;2021;129;118;186;107;188;154;159;98;317;272;345;205
Burgos;09059;0905909026;2022;125;112;187;102;181;156;149;99;306;268;336;201
Burgos;09059;0905909026;2023;119;121;183;105;174;165;155;103;293;286;338;208
Burgos;09059;0905909027;2021;87;118;153;96;118;153;185;84;205;271;338;180
Burgos;09059;0905909027;2022;82;120;153;96;110;155;187;88;192;275;340;184
Burgos;09059;0905909027;2023;78;116;150;97;112;145;182;87;190;261;332;184
Burgos;09059;0905909028;2021;69;109;139;85;94;119;141;82;163;228;280;167
Burgos;09059;0905909028;2022;60;106;135;82;84;122;142;78;144;228;277;160
Burgos;09059;0905909028;2023;57;107;144;74;80;118;135;75;137;225;279;149
Burgos;09059;0905909029;2021;105;93;144;95;155;115;139;70;260;208;283;165
Burgos;09059;0905909029;2022;99;85;142;94;147;110;135;76;246;195;277;170
Burgos;09059;0905909029;2023;91;85;144;94;151;113;134;88;242;198;278;182
Burgos;09059;0905909030;2021;95;82;126;68;135;105;140;77;230;187;266;145
Burgos;09059;0905909030;2022;95;81;127;74;131;112;141;70;226;193;268;144
Burgos;09059;0905909031;2021;77;116;150;96;100;111;159;82;177;227;309;178
Burgos;09059;0905909031;2022;72;119;145;97;94;111;156;83;166;230;301;180
Burgos;09059;0905909031;2023;72;108;143;104;97;106;157;85;169;214;300;189
Burgos;09059;0905909032;2021;62;68;100;49;104;81;92;49;166;149;192;98
Burgos;09059;0905909032;2022;61;66;98;46;98;84;97;42;159;150;195;88
Burgos;09059;0905909032;2023;64;63;89;49;99;87;93;47;163;150;182;96
Burgos;09059;0905909033;2021;70;62;116;71;97;72;99;56;167;134;215;127
Burgos;09059;0905909033;2022;62;60;116;69;94;72;100;51;156;132;216;120
Burgos;09059;0905909033;2023;59;64;114;69;98;75;101;56;157;139;215;125
Burgos;09059;0905909034;2021;82;113;84;64;107;133;88;73;189;246;172;137
Burgos;09059;0905909034;2022;75;115;93;67;104;133;89;72;179;248;182;139
Burgos;09059;0905909034;2023;69;117;94;65;98;142;86;82;167;259;180;147
Burgos;09059;0905909035;2021;65;255;218;152;89;316;208;155;154;571;426;307
Burgos;09059;0905909035;2022;60;253;207;152;85;309;200;158;145;562;407;310
Burgos;09059;0905909035;2023;59;244;201;148;85;298;185;170;144;542;386;318
Burgos;09059;0905909036;2021;60;87;111;59;86;109;114;69;146;196;225;128
Burgos;09059;0905909036;2022;58;87;111;58;82;114;118;66;140;201;229;124
Burgos;09059;0905909036;2023;59;86;117;58;83;116;113;69;142;202;230;127
Burgos;09059;0905909037;2021;66;114;111;99;87;134;126;77;153;248;237;176
Burgos;09059;0905909037;2022;60;110;104;97;82;128;120;78;142;238;224;175
Burgos;09059;0905909037;2023;60;112;107;97;83;121;123;81;143;233;230;178
Burgos;09059;0905909038;2021;45;154;122;96;95;167;93;89;140;321;215;185
Burgos;09059;0905909038;2022;38;167;105;95;80;183;99;79;118;350;204;174
Burgos;09059;0905909038;2023;35;167;99;99;78;177;94;86;113;344;193;185
Burgos;09059;0905909039;2021;66;127;178;100;67;185;157;73;133;312;335;173
Burgos;09059;0905909039;2022;58;128;182;100;71;188;157;78;129;316;339;178
Burgos;09059;0905909039;2023;50;122;183;100;70;182;157;83;120;304;340;183
Burgos;09059;0905909040;2021;63;189;161;131;81;240;137;120;144;429;298;251
Burgos;09059;0905909040;2022;66;193;157;135;77;240;131;120;143;433;288;255
Burgos;09059;0905909040;2023;58;194;159;130;80;244;132;114;138;438;291;244
Burgos;09059;0905909041;2021;91;303;259;230;119;425;215;204;210;728;474;434
Burgos;09059;0905909041;2022;88;338;262;246;112;471;222;221;200;809;484;467
Burgos;09059;0905909041;2023;80;352;264;247;113;496;211;242;193;848;475;489
Burgos;09059;0905909042;2021;45;194;128;121;55;259;111;129;100;453;239;250
Burgos;09059;0905909042;2022;35;203;132;124;49;261;123;126;84;464;255;250
Burgos;09059;0905909042;2023;38;208;132;124;48;278;124;115;86;486;256;239
Burgos;09059;0905909043;2021;45;439;202;186;59;553;174;151;104;992;376;337
Burgos;09059;0905909043;2022;40;434;205;188;49;560;185;161;89;994;390;349
Burgos;09059;0905909043;2023;38;488;209;219;52;622;194;178;90;1110;403;397
Burgos;09059;0905909044;2021;97;188;149;138;125;246;144;114;222;434;293;252
Burgos;09059;0905909044;2022;98;193;155;131;114;250;138;122;212;443;293;253
Burgos;09059;0905909044;2023;94;201;160;135;119;255;142;130;213;456;302;265
Burgos;09060;0906001001;2021;18;13;20;23;28;15;7;8;46;28;27;31
Burgos;09060;0906001001;2022;16;19;19;22;24;14;6;10;40;33;25;32
Burgos;09060;0906001001;2023;15;22;18;23;23;18;6;9;38;40;24;32
Burgos;09061;0906101001;2021;20;19;33;19;24;17;23;5;44;36;56;24
Burgos;09061;0906101001;2022;16;18;34;20;23;19;23;6;39;37;57;26
Burgos;09061;0906101001;2023;14;18;33;20;21;19;23;6;35;37;56;26
Burgos;09063;0906301001;2021;24;36;55;32;17;29;22;22;41;65;77;54
Burgos;09063;0906301001;2022;22;36;52;34;17;28;21;22;39;64;73;56
Burgos;09063;0906301001;2023;18;37;51;36;15;34;22;21;33;71;73;57
Burgos;09064;0906401001;2021;46;59;39;48;57;51;42;40;103;110;81;88
Burgos;09064;0906401001;2022;47;57;38;52;55;44;42;42;102;101;80;94
Burgos;09064;0906401001;2023;42;59;41;48;53;43;41;40;95;102;82;88
Burgos;09065;0906501001;2021;23;34;11;19;17;18;14;12;40;52;25;31
Burgos;09065;0906501001;2022;19;34;13;22;18;19;12;16;37;53;25;38
Burgos;09065;0906501001;2023;17;30;15;25;20;19;13;15;37;49;28;40
Burgos;09066;0906601001;2021;11;9;9;10;4;3;8;1;15;12;17;11
Burgos;09066;0906601001;2022;10;10;8;8;4;3;9;1;14;13;17;9
Burgos;09066;0906601001;2023;9;10;8;8;3;3;8;1;12;13;16;9
Burgos;09067;0906701001;2021;56;35;79;48;60;40;52;39;116;75;131;87
Burgos;09067;0906701001;2022;53;34;78;50;53;42;51;39;106;76;129;89
Burgos;09067;0906701001;2023;50;38;80;46;46;46;51;38;96;84;131;84
Burgos;09072;0907201001;2021;14;98;52;41;14;88;32;49;28;186;84;90
Burgos;09072;0907201001;2022;15;97;57;46;18;94;37;46;33;191;94;92
Burgos;09072;0907201001;2023;16;101;57;53;18;98;33;51;34;199;90;104
Burgos;09073;0907301001;2021;39;235;171;169;38;255;96;115;77;490;267;284
Burgos;09073;0907301001;2022;41;249;165;164;41;262;97;122;82;511;262;286
Burgos;09073;0907301001;2023;41;262;170;171;40;275;100;121;81;537;270;292
Burgos;09074;0907401001;2021;52;230;125;120;38;224;90;90;90;454;215;210
Burgos;09074;0907401001;2022;53;235;129;130;38;235;94;103;91;470;223;233
Burgos;09074;0907401001;2023;54;243;118;139;36;236;90;103;90;479;208;242
Burgos;09075;0907501001;2021;8;13;18;17;7;14;12;9;15;27;30;26
Burgos;09075;0907501001;2022;5;16;18;14;7;14;11;9;12;30;29;23
Burgos;09075;0907501001;2023;5;17;19;15;6;16;10;10;11;33;29;25
Burgos;09084;0908401001;2021;35;16;46;15;19;9;17;7;54;25;63;22
Burgos;09084;0908401001;2022;34;17;43;15;19;9;14;10;53;26;57;25
Burgos;09084;0908401001;2023;30;16;44;14;18;8;16;9;48;24;60;23
Burgos;09085;0908501001;2021;78;56;95;63;76;73;55;54;154;129;150;117
Burgos;09085;0908501001;2022;76;58;95;65;70;73;50;55;146;131;145;120
Burgos;09085;0908501001;2023;69;63;92;67;65;73;52;54;134;136;144;121
Burgos;09086;0908601001;2021;37;164;81;116;35;145;57;71;72;309;138;187
Burgos;09086;0908601001;2022;39;165;94;123;34;152;57;68;73;317;151;191
Burgos;09086;0908601001;2023;35;173;91;113;34;157;60;75;69;330;151;188
Burgos;09088;0908801001;2021;7;9;11;7;7;5;6;4;14;14;17;11
Burgos;09088;0908801001;2022;7;9;11;7;7;4;6;5;14;13;17;12
Burgos;09088;0908801001;2023;6;10;13;7;7;3;6;5;13;13;19;12
Burgos;09091;0909101001;2021;84;105;133;62;107;84;77;66;191;189;210;128
Burgos;09091;0909101001;2022;81;107;132;68;107;88;74;64;188;195;206;132
Burgos;09091;0909101001;2023;77;107;130;65;103;93;80;67;180;200;210;132
Burgos;09093;0909301001;2021;11;25;34;20;11;21;18;21;22;46;52;41
Burgos;09093;0909301001;2022;10;28;32;20;11;24;17;18;21;52;49;38
Burgos;09093;0909301001;2023;10;28;34;18;9;23;17;17;19;51;51;35
Burgos;09094;0909401001;2021;6;8;8;9;4;11;3;2;10;19;11;11
Burgos;09094;0909401001;2022;6;8;7;9;4;12;2;1;10;20;9;10
Burgos;09094;0909401001;2023;7;9;7;8;5;13;2;2;12;22;9;10
Burgos;09095;0909501001;2021;12;13;8;12;26;10;9;3;38;23;17;15
Burgos;09095;0909501001;2022;12;13;6;11;27;8;9;4;39;21;15;15
Burgos;09095;0909501001;2023;11;12;6;13;20;8;12;2;31;20;18;15
Burgos;09098;0909801001;2021;62;48;112;54;90;44;63;31;152;92;175;85
Burgos;09098;0909801001;2022;60;50;107;50;86;44;62;30;146;94;169;80
Burgos;09098;0909801001;2023;56;50;107;49;74;42;60;29;130;92;167;78
Burgos;09100;0910001001;2021;11;11;7;5;7;4;4;1;18;15;11;6
Burgos;09100;0910001001;2022;10;12;7;5;9;5;4;1;19;17;11;6
Burgos;09100;0910001001;2023;11;12;6;5;7;6;3;0;18;18;9;5
Burgos;09101;0910101001;2021;11;16;8;11;15;4;4;4;26;20;12;15
Burgos;09101;0910101001;2022;12;16;8;10;15;4;5;4;27;20;13;14
Burgos;09101;0910101001;2023;11;17;7;11;14;3;5;5;25;20;12;16
Burgos;09103;0910301001;2021;31;22;31;33;28;22;23;13;59;44;54;46
Burgos;09103;0910301001;2022;30;23;31;34;23;21;22;11;53;44;53;45
Burgos;09103;0910301001;2023;27;23;31;34;21;24;22;8;48;47;53;42
Burgos;09105;0910501001;2021;5;26;17;10;7;16;15;4;12;42;32;14
Burgos;09105;0910501001;2022;4;26;16;10;6;17;13;4;10;43;29;14
Burgos;09105;0910501001;2023;3;26;16;13;8;18;13;5;11;44;29;18
Burgos;09108;0910801001;2021;45;86;76;75;38;80;49;49;83;166;125;124
Burgos;09108;0910801001;2022;44;87;82;75;35;87;54;53;79;174;136;128
Burgos;09108;0910801001;2023;42;92;85;72;36;92;56;54;78;184;141;126
Burgos;09109;0910901001;2021;83;199;218;173;74;203;123;126;157;402;341;299
Burgos;09109;0910901001;2022;81;200;221;182;72;211;126;130;153;411;347;312
Burgos;09109;0910901001;2023;81;200;222;194;69;210;137;147;150;410;359;341
Burgos;09110;0911001001;2021;18;8;15;9;17;2;7;3;35;10;22;12
Burgos;09110;0911001001;2022;19;9;14;9;17;2;7;3;36;11;21;12
Burgos;09110;0911001001;2023;19;10;14;9;15;5;10;6;34;15;24;15
Burgos;09112;0911201001;2021;8;12;32;12;7;9;19;3;15;21;51;15
Burgos;09112;0911201001;2022;8;11;32;12;7;10;17;4;15;21;49;16
Burgos;09112;0911201001;2023;7;12;30;10;7;9;16;5;14;21;46;15
Burgos;09113;0911301001;2021;30;79;98;54;47;69;60;51;77;148;158;105
Burgos;09113;0911301001;2022;29;85;96;54;43;72;59;51;72;157;155;105
Burgos;09113;0911301001;2023;30;86;100;51;41;71;56;53;71;157;156;104
Burgos;09114;0911401001;2021;10;17;14;14;11;14;9;5;21;31;23;19
Burgos;09114;0911401001;2022;11;16;13;13;11;13;8;6;22;29;21;19
Burgos;09114;0911401001;2023;7;17;14;14;10;16;9;6;17;33;23;20
Burgos;09115;0911501001;2021;8;14;14;18;9;15;7;13;17;29;21;31
Burgos;09115;0911501001;2022;7;13;15;21;9;15;8;12;16;28;23;33
Burgos;09115;0911501001;2023;7;13;12;20;7;14;7;12;14;27;19;32
Burgos;09117;0911701001;2021;18;5;20;6;17;6;17;11;35;11;37;17
Burgos;09117;0911701001;2022;14;5;24;9;13;6;17;10;27;11;41;19
Burgos;09117;0911701001;2023;12;5;22;8;12;6;16;10;24;11;38;18
Burgos;09122;0912201001;2021;14;8;19;14;16;6;7;2;30;14;26;16
Burgos;09122;0912201001;2022;10;9;19;14;15;5;6;2;25;14;25;16
Burgos;09122;0912201001;2023;9;10;19;12;12;5;9;3;21;15;28;15
Burgos;09124;0912401001;2021;217;156;249;141;204;201;203;116;421;357;452;257
Burgos;09124;0912401001;2022;211;154;242;148;198;195;192;120;409;349;434;268
Burgos;09124;0912401001;2023;211;158;240;145;194;201;190;120;405;359;430;265
Burgos;09125;0912501001;2021;53;110;103;76;76;71;48;36;129;181;151;112
Burgos;09125;0912501001;2022;53;115;110;75;75;76;51;42;128;191;161;117
Burgos;09125;0912501001;2023;53;121;105;77;75;86;54;40;128;207;159;117
Burgos;09127;0912701001;2021;6;13;6;6;4;6;5;2;10;19;11;8
Burgos;09127;0912701001;2022;5;12;5;6;3;5;6;2;8;17;11;8
Burgos;09127;0912701001;2023;4;13;5;9;4;6;7;4;8;19;12;13
Burgos;09128;0912801001;2021;9;13;15;14;10;8;8;7;19;21;23;21
Burgos;09128;0912801001;2022;7;14;16;14;9;8;8;8;16;22;24;22
Burgos;09128;0912801001;2023;6;14;17;13;8;10;7;9;14;24;24;22
Burgos;09129;0912901001;2021;11;7;24;13;10;8;11;5;21;15;35;18
Burgos;09129;0912901001;2022;11;10;24;13;8;10;11;3;19;20;35;16
Burgos;09129;0912901001;2023;12;12;25;14;8;9;13;4;20;21;38;18
Burgos;09130;0913001001;2021;8;7;20;9;4;4;16;1;12;11;36;10
Burgos;09130;0913001001;2022;8;7;19;10;5;3;14;1;13;10;33;11
Burgos;09130;0913001001;2023;7;7;18;12;5;3;13;3;12;10;31;15
Burgos;09131;0913101001;2021;33;94;83;72;27;127;67;56;60;221;150;128
Burgos;09131;0913101001;2022;31;95;81;71;29;127;66;53;60;222;147;124
Burgos;09131;0913101001;2023;30;100;83;72;23;127;67;53;53;227;150;125
Burgos;09132;0913201001;2021;16;22;40;21;20;12;23;15;36;34;63;36
Burgos;09132;0913201001;2022;15;21;38;23;19;14;22;14;34;35;60;37
Burgos;09132;0913201001;2023;14;22;37;22;17;12;21;14;31;34;58;36
Burgos;09134;0913401001;2021;35;29;36;32;38;29;28;20;73;58;64;52
Burgos;09134;0913401001;2022;33;30;34;33;38;28;27;22;71;58;61;55
Burgos;09134;0913401001;2023;30;32;34;32;37;31;28;19;67;63;62;51
Burgos;09136;0913601001;2021;22;29;35;29;28;21;24;22;50;50;59;51
Burgos;09136;0913601001;2022;23;27;34;30;26;23;21;22;49;50;55;52
Burgos;09136;0913601001;2023;20;31;39;31;25;22;19;25;45;53;58;56
Burgos;09137;0913701001;2021;18;32;40;21;22;40;23;23;40;72;63;44
Burgos;09137;0913701001;2022;17;32;38;23;21;40;22;23;38;72;60;46
Burgos;09137;0913701001;2023;16;37;38;26;21;39;22;25;37;76;60;51
Burgos;09138;0913801001;2021;13;14;11;14;13;13;13;6;26;27;24;20
Burgos;09138;0913801001;2022;12;18;11;17;13;16;12;7;25;34;23;24
Burgos;09138;0913801001;2023;10;17;13;12;10;18;12;5;20;35;25;17
Burgos;09139;0913901001;2021;11;16;22;18;10;8;8;4;21;24;30;22
Burgos;09139;0913901001;2022;8;16;22;17;9;8;8;4;17;24;30;21
Burgos;09139;0913901001;2023;7;18;21;17;9;9;9;4;16;27;30;21
Burgos;09140;0914001001;2021;37;12;25;14;19;11;13;6;56;23;38;20
Burgos;09140;0914001001;2022;32;13;23;13;19;11;15;8;51;24;38;21
Burgos;09140;0914001001;2023;29;13;21;13;14;12;16;8;43;25;37;21
Burgos;09141;0914101001;2021;37;109;133;73;37;108;102;60;74;217;235;133
Burgos;09141;0914101001;2022;33;119;135;80;35;120;98;66;68;239;233;146
Burgos;09141;0914101001;2023;30;117;144;75;32;127;99;66;62;244;243;141
Burgos;09148;0914801001;2021;7;18;14;12;11;19;10;6;18;37;24;18
Burgos;09148;0914801001;2022;7;19;14;11;10;19;9;7;17;38;23;18
Burgos;09148;0914801001;2023;7;20;13;12;10;19;12;7;17;39;25;19
Burgos;09149;0914901001;2021;12;10;9;6;7;7;4;1;19;17;13;7
Burgos;09149;0914901001;2022;12;10;8;5;7;6;6;1;19;16;14;6
Burgos;09149;0914901001;2023;14;10;9;6;5;5;4;2;19;15;13;8
Burgos;09151;0915101001;2021;83;62;80;55;46;71;65;36;129;133;145;91
Burgos;09151;0915101001;2022;82;65;82;58;48;70;66;46;130;135;148;104
Burgos;09151;0915101001;2023;81;73;88;58;48;76;64;54;129;149;152;112
Burgos;09152;0915201001;2021;60;35;62;25;48;29;42;27;108;64;104;52
Burgos;09152;0915201001;2022;59;35;57;28;49;30;41;31;108;65;98;59
Burgos;09152;0915201001;2023;60;39;56;29;44;35;40;30;104;74;96;59
Burgos;09154;0915401001;2021;18;34;17;14;18;15;15;9;36;49;32;23
Burgos;09154;0915401001;2022;16;36;18;15;17;16;16;9;33;52;34;24
Burgos;09154;0915401001;2023;15;36;18;16;15;16;17;10;30;52;35;26
Burgos;09159;0915901001;2021;9;4;16;11;8;12;4;3;17;16;20;14
Burgos;09159;0915901001;2022;8;4;15;12;8;12;4;4;16;16;19;16
Burgos;09159;0915901001;2023;9;4;16;11;7;13;3;4;16;17;19;15
Burgos;09160;0916001001;2021;4;9;25;11;3;9;16;7;7;18;41;18
Burgos;09160;0916001001;2022;6;13;25;10;5;8;15;6;11;21;40;16
Burgos;09160;0916001001;2023;8;15;21;10;3;8;15;6;11;23;36;16
Burgos;09162;0916201001;2021;8;22;21;19;5;29;12;13;13;51;33;32
Burgos;09162;0916201001;2022;9;27;19;21;6;28;14;14;15;55;33;35
Burgos;09162;0916201001;2023;8;27;22;26;6;27;16;16;14;54;38;42
Burgos;09163;0916301001;2021;104;77;84;64;108;65;66;38;212;142;150;102
Burgos;09163;0916301001;2022;94;75;87;65;103;69;66;33;197;144;153;98
Burgos;09163;0916301001;2023;88;76;87;64;101;69;66;37;189;145;153;101
Burgos;09164;0916401001;2021;26;17;36;24;16;14;18;13;42;31;54;37
Burgos;09164;0916401001;2022;25;19;36;22;14;13;22;10;39;32;58;32
Burgos;09164;0916401001;2023;25;22;37;19;17;13;23;10;42;35;60;29
Burgos;09166;0916601001;2021;12;13;14;13;12;14;11;6;24;27;25;19
Burgos;09166;0916601001;2022;10;12;15;14;12;16;10;7;22;28;25;21
Burgos;09166;0916601001;2023;11;11;15;14;12;16;10;7;23;27;25;21
Burgos;09167;0916701001;2021;3;10;9;8;4;11;8;2;7;21;17;10
Burgos;09167;0916701001;2022;2;9;9;8;4;12;7;3;6;21;16;11
Burgos;09167;0916701001;2023;1;11;9;7;4;11;6;3;5;22;15;10
Burgos;09168;0916801001;2021;25;31;73;28;28;27;47;17;53;58;120;45
Burgos;09168;0916801001;2022;22;34;70;30;25;31;50;17;47;65;120;47
Burgos;09168;0916801001;2023;21;32;69;29;25;30;47;18;46;62;116;47
Burgos;09169;0916901001;2021;8;20;26;9;11;3;8;10;19;23;34;19
Burgos;09169;0916901001;2022;7;22;27;12;12;5;8;10;19;27;35;22
Burgos;09169;0916901001;2023;8;22;27;12;11;5;8;11;19;27;35;23
Burgos;09170;0917001001;2021;14;27;47;23;28;26;27;17;42;53;74;40
Burgos;09170;0917001001;2022;13;26;47;22;23;26;28;17;36;52;75;39
Burgos;09170;0917001001;2023;12;26;45;22;19;26;26;20;31;52;71;42
Burgos;09172;0917201001;2021;15;34;15;21;18;23;18;8;33;57;33;29
Burgos;09172;0917201001;2022;17;34;15;23;18;23;19;9;35;57;34;32
Burgos;09172;0917201001;2023;14;28;16;18;18;23;19;9;32;51;35;27
Burgos;09173;0917301001;2021;5;15;38;13;15;13;22;7;20;28;60;20
Burgos;09173;0917301001;2022;6;15;35;15;14;14;21;7;20;29;56;22
Burgos;09173;0917301001;2023;5;13;35;15;14;14;22;6;19;27;57;21
Burgos;09174;0917401001;2021;93;74;191;86;110;109;116;48;203;183;307;134
Burgos;09174;0917401001;2022;88;73;187;95;102;108;113;50;190;181;300;145
Burgos;09174;0917401001;2023;86;78;186;92;96;106;112;48;182;184;298;140
Burgos;09175;0917501001;2021;17;8;44;12;9;7;19;5;26;15;63;17
Burgos;09175;0917501001;2022;15;9;44;12;8;7;18;5;23;16;62;17
Burgos;09175;0917501001;2023;14;11;43;11;9;5;17;5;23;16;60;16
Burgos;09176;0917601001;2021;3;7;16;10;3;4;4;5;6;11;20;15
Burgos;09176;0917601001;2022;5;6;15;10;2;4;4;5;7;10;19;15
Burgos;09176;0917601001;2023;3;6;16;9;3;5;4;5;6;11;20;14
Burgos;09177;0917701001;2021;102;211;165;196;90;226;124;118;192;437;289;314
Burgos;09177;0917701001;2022;90;211;173;191;90;228;119;121;180;439;292;312
Burgos;09177;0917701001;2023;87;213;175;192;89;232;117;131;176;445;292;323
Burgos;09180;0918001001;2021;17;20;16;21;26;22;4;7;43;42;20;28
Burgos;09180;0918001001;2022;17;21;16;21;24;24;4;6;41;45;20;27
Burgos;09180;0918001001;2023;13;23;17;20;22;25;5;7;35;48;22;27
Burgos;09181;0918101001;2021;24;29;59;31;31;35;46;25;55;64;105;56
Burgos;09181;0918101001;2022;23;30;56;32;29;35;43;25;52;65;99;57
Burgos;09181;0918101001;2023;23;31;54;36;25;37;42;26;48;68;96;62
Burgos;09182;0918201001;2021;12;12;15;6;9;9;12;3;21;21;27;9
Burgos;09182;0918201001;2022;11;13;18;6;9;8;14;4;20;21;32;10
Burgos;09182;0918201001;2023;8;14;18;5;8;8;12;3;16;22;30;8
Burgos;09189;0918901001;2021;12;22;18;11;19;16;13;6;31;38;31;17
Burgos;09189;0918901001;2022;10;24;17;10;18;14;13;6;28;38;30;16
Burgos;09189;0918901001;2023;11;24;18;15;16;15;12;8;27;39;30;23
Burgos;09190;0919001001;2021;6;12;17;10;8;12;16;4;14;24;33;14
Burgos;09190;0919001001;2022;4;11;17;12;8;11;15;4;12;22;32;16
Burgos;09190;0919001001;2023;4;12;17;9;8;11;13;4;12;23;30;13
Burgos;09192;0919201001;2021;6;14;10;7;9;7;5;4;15;21;15;11
Burgos;09192;0919201001;2022;6;15;10;9;9;7;2;7;15;22;12;16
Burgos;09192;0919201001;2023;6;14;10;9;9;8;3;8;15;22;13;17
Burgos;09194;0919401001;2021;82;146;190;160;144;166;155;124;226;312;345;284
Burgos;09194;0919401001;2022;80;153;194;159;140;174;157;123;220;327;351;282
Burgos;09194;0919401001;2023;79;161;192;153;129;177;156;130;208;338;348;283
Burgos;09194;0919401002;2021;88;132;225;129;112;131;184;122;200;263;409;251
Burgos;09194;0919401002;2022;75;130;219;133;104;139;172;123;179;269;391;256
Burgos;09194;0919401002;2023;73;133;229;137;104;149;175;129;177;282;404;266
Burgos;09195;0919501001;2021;8;11;6;10;5;6;1;4;13;17;7;14
Burgos;09195;0919501001;2022;8;11;5;10;5;6;1;3;13;17;6;13
Burgos;09195;0919501001;2023;7;11;5;10;5;4;1;3;12;15;6;13
Burgos;09196;0919601001;2021;21;32;21;16;24;14;11;8;45;46;32;24
Burgos;09196;0919601001;2022;18;30;20;15;23;16;11;7;41;46;31;22
Burgos;09196;0919601001;2023;19;33;21;15;24;16;11;8;43;49;32;23
Burgos;09197;0919701001;2021;16;32;30;27;22;16;12;10;38;48;42;37
Burgos;09197;0919701001;2022;13;33;26;31;19;19;12;14;32;52;38;45
Burgos;09197;0919701001;2023;15;29;25;33;20;19;11;16;35;48;36;49
Burgos;09198;0919801001;2021;15;21;9;16;14;15;8;12;29;36;17;28
Burgos;09198;0919801001;2022;13;21;9;15;13;15;8;13;26;36;17;28
Burgos;09198;0919801001;2023;13;21;9;15;12;14;8;9;25;35;17;24
Burgos;09199;0919901001;2021;7;17;26;11;5;12;13;6;12;29;39;17
Burgos;09199;0919901001;2022;9;18;23;14;4;13;13;11;13;31;36;25
Burgos;09199;0919901001;2023;10;20;24;14;3;14;12;12;13;34;36;26
Burgos;09206;0920601001;2021;6;11;13;5;6;4;9;3;12;15;22;8
Burgos;09206;0920601001;2022;6;11;13;4;5;4;9;4;11;15;22;8
Burgos;09206;0920601001;2023;5;10;13;4;5;4;8;4;10;14;21;8
Burgos;09208;0920801001;2021;12;38;32;22;21;25;29;8;33;63;61;30
Burgos;09208;0920801001;2022;11;38;33;25;18;27;30;8;29;65;63;33
Burgos;09208;0920801001;2023;11;40;29;24;16;28;30;10;27;68;59;34
Burgos;09209;0920901001;2021;68;150;99;119;114;167;91;108;182;317;190;227
Burgos;09209;0920901001;2022;62;150;95;111;113;168;89;108;175;318;184;219
Burgos;09209;0920901001;2023;63;150;98;121;119;174;92;112;182;324;190;233
Burgos;09209;0920901002;2021;78;93;91;85;93;113;83;59;171;206;174;144
Burgos;09209;0920901002;2022;73;92;92;83;99;114;89;60;172;206;181;143
Burgos;09209;0920901002;2023;64;95;82;90;84;120;78;63;148;215;160;153
Burgos;09209;0920901003;2021;100;133;81;106;99;137;61;70;199;270;142;176
Burgos;09209;0920901003;2022;88;134;87;103;95;131;60;75;183;265;147;178
Burgos;09209;0920901003;2023;87;141;93;101;89;135;64;75;176;276;157;176
Burgos;09209;0920901004;2021;151;224;237;232;171;276;181;171;322;500;418;403
Burgos;09209;0920901004;2022;135;246;238;235;155;285;191;183;290;531;429;418
Burgos;09209;0920901004;2023;132;268;243;229;149;290;191;182;281;558;434;411
Burgos;09209;0920901005;2021;104;134;165;144;134;160;121;119;238;294;286;263
Burgos;09209;0920901005;2022;105;140;170;143;136;165;124;118;241;305;294;261
Burgos;09209;0920901005;2023;99;154;169;153;120;166;123;129;219;320;292;282
Burgos;09211;0921101001;2021;218;151;280;147;224;143;198;86;442;294;478;233
Burgos;09211;0921101001;2022;217;154;275;152;208;144;197;88;425;298;472;240
Burgos;09211;0921101001;2023;214;155;269;153;190;137;200;89;404;292;469;242
Burgos;09213;0921301001;2021;26;48;55;30;42;41;26;9;68;89;81;39
Burgos;09213;0921301001;2022;23;40;56;30;38;36;26;7;61;76;82;37
Burgos;09213;0921301001;2023;22;47;55;33;34;40;25;7;56;87;80;40
Burgos;09214;0921401001;2021;31;97;201;71;21;84;128;47;52;181;329;118
Burgos;09214;0921401001;2022;26;101;200;80;24;83;129;50;50;184;329;130
Burgos;09214;0921401001;2023;34;98;196;87;21;86;123;54;55;184;319;141
Burgos;09215;0921501001;2021;45;60;70;40;53;48;34;28;98;108;104;68
Burgos;09215;0921501001;2022;44;57;68;42;47;50;39;27;91;107;107;69
Burgos;09215;0921501001;2023;45;60;77;45;48;53;43;26;93;113;120;71
Burgos;09216;0921601001;2021;27;50;94;42;35;56;62;36;62;106;156;78
Burgos;09216;0921601001;2022;24;53;84;43;30;57;58;38;54;110;142;81
Burgos;09216;0921601001;2023;23;53;80;43;30;60;60;42;53;113;140;85
Burgos;09217;0921701001;2021;34;74;58;46;29;44;51;27;63;118;109;73
Burgos;09217;0921701001;2022;30;81;55;44;26;57;52;24;56;138;107;68
Burgos;09217;0921701001;2023;29;85;54;49;26;61;55;26;55;146;109;75
Burgos;09218;0921801001;2021;27;61;79;52;33;47;59;34;60;108;138;86
Burgos;09218;0921801001;2022;28;54;76;50;35;50;59;31;63;104;135;81
Burgos;09218;0921801001;2023;24;54;74;44;36;55;56;29;60;109;130;73
Burgos;09219;0921901001;2021;54;45;95;48;102;26;85;36;156;71;180;84
Burgos;09219;0921901001;2022;49;43;97;50;114;34;88;34;163;77;185;84
Burgos;09219;0921901001;2023;98;97;263;129;194;70;226;105;292;167;489;234
Burgos;09219;0921901002;2021;57;44;165;59;75;35;129;66;132;79;294;125
Burgos;09219;0921901002;2022;52;45;163;63;81;35;129;64;133;80;292;127
Burgos;09219;0921902001;2021;75;77;117;85;106;84;106;84;181;161;223;169
Burgos;09219;0921902001;2022;68;76;119;87;99;81;106;82;167;157;225;169
Burgos;09219;0921902001;2023;73;79;125;81;87;73;113;88;160;152;238;169
Burgos;09219;0921902002;2021;68;125;151;148;106;132;155;108;174;257;306;256
Burgos;09219;0921902002;2022;64;122;155;149;92;136;152;103;156;258;307;252
Burgos;09219;0921902002;2023;55;128;155;158;97;134;149;108;152;262;304;266
Burgos;09219;0921902003;2021;100;58;138;86;106;72;122;76;206;130;260;162
Burgos;09219;0921902003;2022;86;61;133;88;106;68;122;85;192;129;255;173
Burgos;09219;0921902003;2023;96;60;145;88;104;76;125;83;200;136;270;171
Burgos;09219;0921902004;2021;67;58;115;68;124;47;99;66;191;105;214;134
Burgos;09219;0921902004;2022;68;55;116;73;130;51;100;63;198;106;216;136
Burgos;09219;0921902004;2023;60;59;114;79;116;47;105;63;176;106;219;142
Burgos;09219;0921902005;2021;53;104;149;121;98;130;140;101;151;234;289;222
Burgos;09219;0921902005;2022;54;109;154;118;93;137;142;103;147;246;296;221
Burgos;09219;0921902005;2023;60;110;154;124;86;152;145;94;146;262;299;218
Burgos;09219;0921902006;2021;72;166;237;163;118;131;168;136;190;297;405;299
Burgos;09219;0921902006;2022;68;171;238;161;110;136;170;138;178;307;408;299
Burgos;09219;0921902006;2023;81;179;241;167;116;149;181;131;197;328;422;298
Burgos;09219;0921902007;2021;78;205;169;214;117;244;155;165;195;449;324;379
Burgos;09219;0921902007;2022;75;202;174;208;111;255;161;161;186;457;335;369
Burgos;09219;0921902007;2023;78;216;175;209;112;256;161;158;190;472;336;367
Burgos;09219;0921903001;2021;79;118;106;97;150;106;127;87;229;224;233;184
Burgos;09219;0921903001;2022;82;119;108;94;142;112;128;84;224;231;236;178
Burgos;09219;0921903001;2023;65;112;114;98;136;111;131;85;201;223;245;183
Burgos;09219;0921903002;2021;77;175;125;122;120;170;115;139;197;345;240;261
Burgos;09219;0921903002;2022;76;173;113;121;112;177;116;140;188;350;229;261
Burgos;09219;0921903002;2023;74;179;118;122;111;174;114;141;185;353;232;263
Burgos;09219;0921903003;2021;47;112;99;104;85;112;92;89;132;224;191;193
Burgos;09219;0921903003;2022;45;110;97;102;82;117;96;91;127;227;193;193
Burgos;09219;0921903003;2023;47;110;103;102;85;118;91;92;132;228;194;194
Burgos;09219;0921903004;2021;74;86;198;86;158;74;184;67;232;160;382;153
Burgos;09219;0921903004;2022;69;84;195;84;145;78;177;74;214;162;372;158
Burgos;09219;0921903004;2023;66;87;190;87;138;85;177;70;204;172;367;157
Burgos;09219;0921903005;2021;33;141;83;122;89;137;114;88;122;278;197;210
Burgos;09219;0921903005;2022;31;140;87;115;84;140;110;97;115;280;197;212
Burgos;09219;0921903005;2023;29;147;87;108;78;141;109;102;107;288;196;210
Burgos;09219;0921903006;2021;83;133;98;116;122;136;116;100;205;269;214;216
Burgos;09219;0921903006;2022;76;135;95;116;115;138;112;97;191;273;207;213
Burgos;09219;0921903006;2023;68;147;90;121;113;144;111;100;181;291;201;221
Burgos;09219;0921903007;2021;83;207;136;166;170;201;143;162;253;408;279;328
Burgos;09219;0921903007;2022;78;219;146;156;156;211;136;160;234;430;282;316
Burgos;09219;0921903007;2023;79;213;152;171;145;224;149;151;224;437;301;322
Burgos;09219;0921903008;2021;84;192;159;168;134;206;174;131;218;398;333;299
Burgos;09219;0921903008;2022;71;199;161;164;127;217;179;129;198;416;340;293
Burgos;09219;0921903008;2023;70;201;166;164;126;232;182;125;196;433;348;289
Burgos;09219;0921903009;2021;86;118;148;126;157;129;157;127;243;247;305;253
Burgos;09219;0921903009;2022;83;119;164;131;152;121;165;131;235;240;329;262
Burgos;09219;0921903009;2023;84;128;157;145;143;129;160;132;227;257;317;277
Burgos;09219;0921903010;2021;67;239;170;176;96;231;195;159;163;470;365;335
Burgos;09219;0921903010;2022;68;239;164;169;96;235;197;152;164;474;361;321
Burgos;09219;0921903010;2023;59;242;172;169;96;245;189;160;155;487;361;329
Burgos;09219;0921903011;2021;82;222;181;178;132;238;209;149;214;460;390;327
Burgos;09219;0921903011;2022;75;224;172;179;129;235;207;144;204;459;379;323
Burgos;09219;0921903011;2023;78;235;177;175;129;242;212;153;207;477;389;328
Burgos;09219;0921903012;2021;94;215;202;191;152;201;192;169;246;416;394;360
Burgos;09219;0921903012;2022;91;215;206;186;142;203;190;167;233;418;396;353
Burgos;09219;0921903012;2023;92;213;214;185;138;209;192;169;230;422;406;354
Burgos;09219;0921903013;2021;134;228;264;276;168;213;238;220;302;441;502;496
Burgos;09219;0921903013;2022;125;229;259;276;156;219;238;223;281;448;497;499
Burgos;09219;0921903013;2023;117;239;259;281;156;214;246;225;273;453;505;506
Burgos;09219;0921903014;2021;43;189;120;145;46;210;100;90;89;399;220;235
Burgos;09219;0921903014;2022;42;195;119;146;47;212;97;95;89;407;216;241
Burgos;09219;0921903014;2023;40;207;125;147;51;216;102;97;91;423;227;244
Burgos;09219;0921903015;2021;57;102;82;94;77;117;86;78;134;219;168;172
Burgos;09219;0921903015;2022;52;104;77;84;80;114;88;77;132;218;165;161
Burgos;09219;0921903015;2023;44;109;80;82;78;115;84;83;122;224;164;165
Burgos;09219;0921903016;2021;83;200;133;211;145;255;151;174;228;455;284;385
Burgos;09219;0921903016;2022;69;200;135;206;133;258;151;166;202;458;286;372
Burgos;09219;0921903016;2023;69;207;142;202;132;265;149;176;201;472;291;378
Burgos;09219;0921903017;2021;58;187;142;170;132;192;170;167;190;379;312;337
Burgos;09219;0921903017;2022;52;180;145;167;119;195;171;166;171;375;316;333
Burgos;09219;0921903017;2023;49;182;147;173;111;194;166;167;160;376;313;340
Burgos;09219;0921903018;2021;33;152;94;115;38;163;103;109;71;315;197;224
Burgos;09219;0921903018;2022;35;148;95;114;36;163;104;102;71;311;199;216
Burgos;09219;0921903018;2023;36;157;96;115;37;167;100;104;73;324;196;219
Burgos;09219;0921904001;2021;51;67;58;54;56;49;36;38;107;116;94;92
Burgos;09219;0921904001;2022;47;66;53;58;54;51;40;37;101;117;93;95
Burgos;09219;0921904001;2023;43;62;48;59;57;54;36;39;100;116;84;98
Burgos;09219;0921904002;2021;105;198;196;185;151;180;147;133;256;378;343;318
Burgos;09219;0921904002;2022;99;200;185;184;141;190;147;128;240;390;332;312
Burgos;09219;0921904002;2023;98;212;187;184;132;202;144;137;230;414;331;321
Burgos;09219;0921904003;2021;64;314;190;246;107;368;171;197;171;682;361;443
Burgos;09219;0921904003;2022;57;318;197;243;83;372;185;197;140;690;382;440
Burgos;09219;0921904003;2023;59;327;205;242;79;390;182;204;138;717;387;446
Burgos;09220;0922001001;2021;6;11;18;9;8;13;12;4;14;24;30;13
Burgos;09220;0922001001;2022;6;17;18;13;8;9;15;4;14;26;33;17
Burgos;09220;0922001001;2023;7;16;17;14;8;8;16;4;15;24;33;18
Burgos;09221;0922101001;2021;30;121;77;113;23;116;64;70;53;237;141;183
Burgos;09221;0922101001;2022;32;129;76;118;24;116;70;75;56;245;146;193
Burgos;09221;0922101001;2023;27;129;79;125;22;115;69;76;49;244;148;201
Burgos;09224;0922401001;2021;10;9;43;27;13;22;21;13;23;31;64;40
Burgos;09224;0922401001;2022;9;9;42;29;13;22;22;12;22;31;64;41
Burgos;09224;0922401001;2023;7;10;40;30;13;21;19;12;20;31;59;42
Burgos;09225;0922501001;2021;15;5;24;2;20;4;9;2;35;9;33;4
Burgos;09225;0922501001;2022;15;5;22;2;19;4;10;3;34;9;32;5
Burgos;09225;0922501001;2023;13;8;23;3;17;8;10;2;30;16;33;5
Burgos;09226;0922601001;2021;10;12;6;7;11;7;2;3;21;19;8;10
Burgos;09226;0922601001;2022;9;12;6;7;10;7;2;3;19;19;8;10
Burgos;09226;0922601001;2023;8;13;6;7;9;7;3;5;17;20;9;12
Burgos;09227;0922701001;2021;12;23;23;20;13;16;17;13;25;39;40;33
Burgos;09227;0922701001;2022;13;24;24;20;14;18;17;14;27;42;41;34
Burgos;09227;0922701001;2023;12;25;21;21;14;15;15;15;26;40;36;36
Burgos;09228;0922801001;2021;14;29;25;17;20;22;21;6;34;51;46;23
Burgos;09228;0922801001;2022;13;30;24;16;19;22;22;4;32;52;46;20
Burgos;09228;0922801001;2023;13;30;25;16;21;24;22;5;34;54;47;21
Burgos;09229;0922901001;2021;24;9;45;17;30;25;22;11;54;34;67;28
Burgos;09229;0922901001;2022;22;10;45;18;30;24;20;14;52;34;65;32
Burgos;09229;0922901001;2023;21;12;45;19;27;24;20;16;48;36;65;35
Burgos;09231;0923101001;2021;10;7;14;6;8;2;3;1;18;9;17;7
Burgos;09231;0923101001;2022;10;6;13;6;10;2;4;2;20;8;17;8
Burgos;09231;0923101001;2023;9;7;12;8;9;4;4;2;18;11;16;10
Burgos;09232;0923201001;2021;17;21;22;19;24;9;15;12;41;30;37;31
Burgos;09232;0923201001;2022;18;20;22;19;21;10;14;13;39;30;36;32
Burgos;09232;0923201001;2023;14;16;18;21;19;9;14;12;33;25;32;33
Burgos;09235;0923501001;2021;32;19;37;10;29;13;18;12;61;32;55;22
Burgos;09235;0923501001;2022;39;19;35;11;26;12;17;16;65;31;52;27
Burgos;09235;0923501001;2023;38;18;32;10;22;12;18;13;60;30;50;23
Burgos;09238;0923801001;2021;129;94;183;91;177;81;136;67;306;175;319;158
Burgos;09238;0923801001;2022;121;102;174;92;161;81;129;69;282;183;303;161
Burgos;09238;0923801001;2023;112;105;172;88;166;78;128;76;278;183;300;164
Burgos;09241;0924101001;2021;20;43;64;37;15;44;31;38;35;87;95;75
Burgos;09241;0924101001;2022;21;43;62;39;15;43;30;37;36;86;92;76
Burgos;09241;0924101001;2023;17;47;63;41;18;46;28;40;35;93;91;81
Burgos;09242;0924201001;2021;15;7;13;12;9;7;8;4;24;14;21;16
Burgos;09242;0924201001;2022;13;7;13;11;7;7;8;5;20;14;21;16
Burgos;09242;0924201001;2023;11;6;15;10;6;7;8;4;17;13;23;14
Burgos;09243;0924301001;2021;3;16;13;17;7;14;5;6;10;30;18;23
Burgos;09243;0924301001;2022;4;16;12;17;6;14;5;4;10;30;17;21
Burgos;09243;0924301001;2023;5;16;12;19;5;14;5;7;10;30;17;26
Burgos;09246;0924601001;2021;76;69;113;63;106;97;62;54;182;166;175;117
Burgos;09246;0924601001;2022;71;84;109;67;100;99;61;55;171;183;170;122
Burgos;09246;0924601001;2023;62;87;111;62;92;103;61;55;154;190;172;117
Burgos;09248;0924801001;2021;10;10;16;17;5;12;12;3;15;22;28;20
Burgos;09248;0924801001;2022;11;10;15;19;5;14;12;4;16;24;27;23
Burgos;09248;0924801001;2023;9;11;15;19;3;15;13;5;12;26;28;24
Burgos;09249;0924901001;2021;5;10;8;4;6;10;5;3;11;20;13;7
Burgos;09249;0924901001;2022;5;13;7;4;6;10;5;3;11;23;12;7
Burgos;09249;0924901001;2023;6;12;7;5;5;10;5;4;11;22;12;9
Burgos;09250;0925001001;2021;39;38;34;41;42;22;26;31;81;60;60;72
Burgos;09250;0925001001;2022;36;40;34;40;38;25;25;32;74;65;59;72
Burgos;09250;0925001001;2023;36;41;33;42;39;28;23;33;75;69;56;75
Burgos;09251;0925101001;2021;36;43;73;48;41;42;56;36;77;85;129;84
Burgos;09251;0925101001;2022;33;43;74;52;42;43;53;36;75;86;127;88
Burgos;09251;0925101001;2023;30;44;82;55;44;41;56;36;74;85;138;91
Burgos;09253;0925301001;2021;7;21;21;16;2;17;20;2;9;38;41;18
Burgos;09253;0925301001;2022;8;24;23;15;2;19;19;1;10;43;42;16
Burgos;09253;0925301001;2023;5;23;20;15;1;17;19;0;6;40;39;15
Burgos;09255;0925501001;2021;12;9;21;10;7;4;16;5;19;13;37;15
Burgos;09255;0925501001;2022;11;9;20;10;7;4;15;5;18;13;35;15
Burgos;09255;0925501001;2023;10;11;21;13;7;7;14;5;17;18;35;18
Burgos;09256;0925601001;2021;65;45;64;88;52;38;37;42;117;83;101;130
Burgos;09256;0925601001;2022;61;45;81;88;49;43;32;37;110;88;113;125
Burgos;09256;0925601001;2023;65;46;84;70;46;44;34;35;111;90;118;105
Burgos;09257;0925701001;2021;11;11;14;14;8;15;6;4;19;26;20;18
Burgos;09257;0925701001;2022;11;13;14;16;8;16;7;4;19;29;21;20
Burgos;09257;0925701001;2023;10;14;12;16;8;17;7;4;18;31;19;20
Burgos;09258;0925801001;2021;13;15;39;18;18;18;29;7;31;33;68;25
Burgos;09258;0925801001;2022;13;15;40;20;16;17;29;7;29;32;69;27
Burgos;09258;0925801001;2023;14;16;38;20;17;16;31;7;31;32;69;27
Burgos;09259;0925901001;2021;17;41;47;39;18;31;27;20;35;72;74;59
Burgos;09259;0925901001;2022;16;44;47;37;16;39;25;19;32;83;72;56
Burgos;09259;0925901001;2023;14;44;48;39;16;38;26;17;30;82;74;56
Burgos;09261;0926101001;2021;63;37;99;31;67;56;71;29;130;93;170;60
Burgos;09261;0926101001;2022;60;38;98;36;68;57;67;35;128;95;165;71
Burgos;09261;0926101001;2023;51;37;97;34;57;53;65;30;108;90;162;64
Burgos;09262;0926201001;2021;17;31;33;11;23;17;22;10;40;48;55;21
Burgos;09262;0926201001;2022;17;31;33;11;22;18;22;9;39;49;55;20
Burgos;09262;0926201001;2023;17;30;32;11;21;18;21;10;38;48;53;21
Burgos;09266;0926601001;2021;13;11;20;20;6;9;9;12;19;20;29;32
Burgos;09266;0926601001;2022;14;12;20;20;5;9;8;13;19;21;28;33
Burgos;09266;0926601001;2023;10;15;19;19;4;11;8;10;14;26;27;29
Burgos;09267;0926701001;2021;15;23;18;10;24;14;5;5;39;37;23;15
Burgos;09267;0926701001;2022;14;22;18;10;21;15;5;3;35;37;23;13
Burgos;09267;0926701001;2023;15;22;19;9;18;14;5;2;33;36;24;11
Burgos;09268;0926801001;2021;11;16;20;13;12;13;9;5;23;29;29;18
Burgos;09268;0926801001;2022;11;15;19;14;11;13;9;5;22;28;28;19
Burgos;09268;0926801001;2023;10;16;21;13;10;16;9;4;20;32;30;17
Burgos;09270;0927001001;2021;18;31;21;21;21;26;14;9;39;57;35;30
Burgos;09270;0927001001;2022;18;34;20;22;21;31;12;7;39;65;32;29
Burgos;09270;0927001001;2023;16;34;20;20;19;31;10;10;35;65;30;30
Burgos;09272;0927201001;2021;28;44;48;31;38;39;25;23;66;83;73;54
Burgos;09272;0927201001;2022;27;44;44;32;36;40;25;21;63;84;69;53
Burgos;09272;0927201001;2023;25;43;47;33;35;42;23;25;60;85;70;58
Burgos;09273;0927301001;2021;0;8;20;6;1;2;13;4;1;10;33;10
Burgos;09273;0927301001;2022;0;8;17;7;1;1;13;6;1;9;30;13
Burgos;09273;0927301001;2023;0;8;18;10;3;2;12;4;3;10;30;14
Burgos;09274;0927401001;2021;96;124;188;110;128;135;170;83;224;259;358;193
Burgos;09274;0927401001;2022;93;129;183;106;122;139;175;74;215;268;358;180
Burgos;09274;0927401001;2023;87;131;183;107;117;137;171;70;204;268;354;177
Burgos;09275;0927501001;2021;24;33;28;21;29;18;11;12;53;51;39;33
Burgos;09275;0927501001;2022;25;39;32;19;31;23;13;13;56;62;45;32
Burgos;09275;0927501001;2023;25;36;31;17;30;23;14;14;55;59;45;31
Burgos;09276;0927601001;2021;19;87;60;70;12;91;40;51;31;178;100;121
Burgos;09276;0927601001;2022;17;85;58;80;14;95;40;53;31;180;98;133
Burgos;09276;0927601001;2023;14;88;57;88;15;98;40;57;29;186;97;145
Burgos;09277;0927701001;2021;13;28;21;15;13;10;10;9;26;38;31;24
Burgos;09277;0927701001;2022;12;28;22;14;13;10;9;11;25;38;31;25
Burgos;09277;0927701001;2023;11;28;22;13;11;9;10;10;22;37;32;23
Burgos;09279;0927901001;2021;37;26;55;21;33;17;24;14;70;43;79;35
Burgos;09279;0927901001;2022;39;26;60;25;32;17;25;15;71;43;85;40
Burgos;09279;0927901001;2023;32;25;56;23;33;18;27;14;65;43;83;37
Burgos;09281;0928101001;2021;13;23;26;17;13;17;13;20;26;40;39;37
Burgos;09281;0928101001;2022;10;21;24;18;13;19;11;19;23;40;35;37
Burgos;09281;0928101001;2023;11;19;24;19;12;17;14;20;23;36;38;39
Burgos;09287;0928701001;2021;8;57;29;28;10;43;18;22;18;100;47;50
Burgos;09287;0928701001;2022;9;60;26;33;10;51;19;23;19;111;45;56
Burgos;09287;0928701001;2023;9;57;29;39;8;55;18;25;17;112;47;64
Burgos;09288;0928801001;2021;13;14;13;16;13;14;12;9;26;28;25;25
Burgos;09288;0928801001;2022;10;13;13;18;12;14;11;10;22;27;24;28
Burgos;09288;0928801001;2023;9;11;14;17;13;14;11;9;22;25;25;26
Burgos;09289;0928901001;2021;69;58;116;73;90;72;72;39;159;130;188;112
Burgos;09289;0928901001;2022;62;60;110;74;86;75;71;39;148;135;181;113
Burgos;09289;0928901001;2023;62;60;111;68;81;79;71;41;143;139;182;109
Burgos;09289;0928901002;2021;109;75;188;82;146;95;119;52;255;170;307;134
Burgos;09289;0928901002;2022;104;84;183;80;135;101;114;54;239;185;297;134
Burgos;09289;0928901002;2023;97;81;176;84;128;95;115;55;225;176;291;139
Burgos;09292;0929201001;2021;6;15;11;11;9;7;9;6;15;22;20;17
Burgos;09292;0929201001;2022;6;13;11;10;8;7;8;7;14;20;19;17
Burgos;09292;0929201001;2023;6;12;11;9;7;8;9;6;13;20;20;15
Burgos;09294;0929401001;2021;6;16;30;15;15;12;11;5;21;28;41;20
Burgos;09294;0929401001;2022;6;18;31;12;15;13;11;6;21;31;42;18
Burgos;09294;0929401001;2023;6;18;30;12;10;13;13;5;16;31;43;17
Burgos;09295;0929501001;2021;6;5;10;3;6;8;6;4;12;13;16;7
Burgos;09295;0929501001;2022;6;5;11;3;6;11;5;3;12;16;16;6
Burgos;09295;0929501001;2023;5;5;10;5;6;10;5;3;11;15;15;8
Burgos;09297;0929701001;2021;28;52;79;43;27;46;36;31;55;98;115;74
Burgos;09297;0929701001;2022;30;55;78;44;22;47;39;30;52;102;117;74
Burgos;09297;0929701001;2023;27;60;80;44;22;52;38;30;49;112;118;74
Burgos;09298;0929801001;2021;12;16;7;11;9;8;6;9;21;24;13;20
Burgos;09298;0929801001;2022;11;15;6;11;7;8;6;8;18;23;12;19
Burgos;09298;0929801001;2023;8;14;8;10;7;8;7;7;15;22;15;17
Burgos;09301;0930101001;2021;29;185;90;105;34;156;65;71;63;341;155;176
Burgos;09301;0930101001;2022;31;184;86;108;33;165;66;71;64;349;152;179
Burgos;09301;0930101001;2023;30;186;84;112;37;177;64;71;67;363;148;183
Burgos;09302;0930201001;2021;7;20;21;11;11;8;14;4;18;28;35;15
Burgos;09302;0930201001;2022;7;21;18;11;11;8;14;4;18;29;32;15
Burgos;09302;0930201001;2023;6;26;15;15;10;7;14;6;16;33;29;21
Burgos;09303;0930301001;2021;8;10;14;13;10;1;11;9;18;11;25;22
Burgos;09303;0930301001;2022;8;11;15;11;10;1;12;9;18;12;27;20
Burgos;09303;0930301001;2023;8;14;14;13;8;1;12;9;16;15;26;22
Burgos;09304;0930401001;2021;12;42;30;23;16;46;25;16;28;88;55;39
Burgos;09304;0930401001;2022;10;46;30;23;16;45;24;16;26;91;54;39
Burgos;09304;0930401001;2023;14;48;30;27;20;46;31;21;34;94;61;48
Burgos;09306;0930601001;2021;4;11;34;5;5;13;17;5;9;24;51;10
Burgos;09306;0930601001;2022;3;11;31;6;3;14;17;5;6;25;48;11
Burgos;09306;0930601001;2023;2;12;31;8;5;15;15;4;7;27;46;12
Burgos;09307;0930701001;2021;21;8;21;17;7;6;13;9;28;14;34;26
Burgos;09307;0930701001;2022;19;11;20;13;8;5;15;13;27;16;35;26
Burgos;09307;0930701001;2023;19;9;22;12;8;6;15;11;27;15;37;23
Burgos;09308;0930801001;2021;14;7;10;3;10;4;6;4;24;11;16;7
Burgos;09308;0930801001;2022;12;7;12;3;10;5;6;2;22;12;18;5
Burgos;09308;0930801001;2023;13;9;15;3;8;5;7;2;21;14;22;5
Burgos;09309;0930901001;2021;45;24;64;31;34;44;41;24;79;68;105;55
Burgos;09309;0930901001;2022;44;24;66;31;28;41;41;24;72;65;107;55
Burgos;09309;0930901001;2023;45;25;66;33;22;39;39;24;67;64;105;57
Burgos;09311;0931101001;2021;6;10;18;5;5;3;9;7;11;13;27;12
Burgos;09311;0931101001;2022;7;10;17;6;4;3;8;7;11;13;25;13
Burgos;09311;0931101001;2023;6;9;16;6;4;3;8;7;10;12;24;13
Burgos;09312;0931201001;2021;5;9;25;13;12;9;10;9;17;18;35;22
Burgos;09312;0931201001;2022;5;8;25;12;12;7;9;8;17;15;34;20
Burgos;09312;0931201001;2023;5;8;27;13;12;6;9;8;17;14;36;21
Burgos;09314;0931401001;2021;10;16;21;14;10;10;12;7;20;26;33;21
Burgos;09314;0931401001;2022;8;17;21;13;8;10;12;6;16;27;33;19
Burgos;09314;0931401001;2023;8;18;21;14;8;12;10;6;16;30;31;20
Burgos;09315;0931501001;2021;23;69;66;79;24;89;34;63;47;158;100;142
Burgos;09315;0931501001;2022;29;84;72;85;24;95;45;66;53;179;117;151
Burgos;09315;0931501001;2023;27;85;75;90;23;96;48;67;50;181;123;157
Burgos;09316;0931601001;2021;15;17;13;14;11;8;12;7;26;25;25;21
Burgos;09316;0931601001;2022;18;18;14;16;12;10;12;7;30;28;26;23
Burgos;09316;0931601001;2023;19;19;14;16;13;12;14;5;32;31;28;21
Burgos;09318;0931801001;2021;13;5;12;6;8;4;4;3;21;9;16;9
Burgos;09318;0931801001;2022;12;5;12;7;8;4;3;3;20;9;15;10
Burgos;09318;0931801001;2023;11;5;12;6;8;4;3;3;19;9;15;9
Burgos;09321;0932101001;2021;160;102;228;108;197;118;178;77;357;220;406;185
Burgos;09321;0932101001;2022;163;104;228;103;187;120;183;74;350;224;411;177
Burgos;09321;0932101001;2023;160;105;225;96;190;118;178;74;350;223;403;170
Burgos;09321;0932101002;2021;130;69;125;72;153;82;115;48;283;151;240;120
Burgos;09321;0932101002;2022;138;69;124;71;158;86;112;44;296;155;236;115
Burgos;09321;0932101002;2023;156;76;122;79;154;83;105;58;310;159;227;137
Burgos;09323;0932301001;2021;8;10;11;11;6;4;7;2;14;14;18;13
Burgos;09323;0932301001;2022;10;9;11;11;7;4;6;3;17;13;17;14
Burgos;09323;0932301001;2023;7;7;11;11;7;5;6;3;14;12;17;14
Burgos;09325;0932501001;2021;38;17;38;12;33;16;13;7;71;33;51;19
Burgos;09325;0932501001;2022;38;17;38;12;33;17;12;8;71;34;50;20
Burgos;09325;0932501001;2023;35;17;40;12;32;17;12;7;67;34;52;19
Burgos;09326;0932601001;2021;7;38;27;31;12;27;11;18;19;65;38;49
Burgos;09326;0932601001;2022;7;37;30;27;11;28;13;20;18;65;43;47
Burgos;09326;0932601001;2023;5;40;28;28;11;31;14;19;16;71;42;47
Burgos;09328;0932801001;2021;9;10;7;5;9;8;9;7;18;18;16;12
Burgos;09328;0932801001;2022;8;10;9;5;8;10;9;8;16;20;18;13
Burgos;09328;0932801001;2023;7;10;9;7;8;11;8;9;15;21;17;16
Burgos;09329;0932901001;2021;11;21;17;21;9;13;12;15;20;34;29;36
Burgos;09329;0932901001;2022;10;20;21;20;10;15;12;14;20;35;33;34
Burgos;09329;0932901001;2023;12;20;21;20;12;16;12;13;24;36;33;33
Burgos;09330;0933001001;2021;189;224;306;182;182;247;278;141;371;471;584;323
Burgos;09330;0933001001;2022;188;231;313;178;174;242;267;156;362;473;580;334
Burgos;09330;0933001001;2023;180;233;311;188;175;250;279;149;355;483;590;337
Burgos;09332;0933201001;2021;10;26;24;30;8;27;12;16;18;53;36;46
Burgos;09332;0933201001;2022;11;29;24;36;6;31;13;15;17;60;37;51
Burgos;09332;0933201001;2023;12;28;28;38;9;33;13;19;21;61;41;57
Burgos;09334;0933401001;2021;9;5;13;10;4;3;4;2;13;8;17;12
Burgos;09334;0933401001;2022;9;5;12;10;4;2;4;3;13;7;16;13
Burgos;09334;0933401001;2023;7;6;12;9;4;2;4;4;11;8;16;13
Burgos;09335;0933501001;2021;4;23;14;19;9;13;8;3;13;36;22;22
Burgos;09335;0933501001;2022;5;24;13;18;9;14;8;3;14;38;21;21
Burgos;09335;0933501001;2023;4;23;13;18;8;14;7;3;12;37;20;21
Burgos;09337;0933701001;2021;10;15;35;17;15;13;20;13;25;28;55;30
Burgos;09337;0933701001;2022;11;16;33;15;14;13;20;10;25;29;53;25
Burgos;09337;0933701001;2023;9;16;31;14;14;14;20;8;23;30;51;22
Burgos;09338;0933801001;2021;20;62;43;27;22;46;29;26;42;108;72;53
Burgos;09338;0933801001;2022;18;61;45;32;21;44;30;27;39;105;75;59
Burgos;09338;0933801001;2023;25;66;47;30;23;44;32;25;48;110;79;55
Burgos;09339;0933901001;2021;11;17;41;15;19;8;24;4;30;25;65;19
Burgos;09339;0933901001;2022;10;17;43;14;17;8;22;4;27;25;65;18
Burgos;09339;0933901001;2023;11;16;46;13;18;9;22;5;29;25;68;18
Burgos;09340;0934001001;2021;13;8;20;8;11;3;3;3;24;11;23;11
Burgos;09340;0934001001;2022;12;7;20;9;7;3;3;3;19;10;23;12
Burgos;09340;0934001001;2023;11;7;20;8;8;3;3;4;19;10;23;12
Burgos;09343;0934301001;2021;17;8;20;15;13;8;10;6;30;16;30;21
Burgos;09343;0934301001;2022;18;9;20;16;13;8;9;6;31;17;29;22
Burgos;09343;0934301001;2023;20;7;19;16;12;8;10;5;32;15;29;21
Burgos;09345;0934501001;2021;22;12;22;19;16;15;9;9;38;27;31;28
Burgos;09345;0934501001;2022;20;12;22;20;20;15;9;13;40;27;31;33
Burgos;09345;0934501001;2023;18;13;19;21;20;14;10;13;38;27;29;34
Burgos;09346;0934601001;2021;11;12;27;12;6;10;13;3;17;22;40;15
Burgos;09346;0934601001;2022;11;12;26;13;6;12;12;3;17;24;38;16
Burgos;09346;0934601001;2023;10;13;25;13;6;12;11;4;16;25;36;17
Burgos;09347;0934701001;2021;10;30;24;12;16;19;16;13;26;49;40;25
Burgos;09347;0934701001;2022;10;31;25;13;14;23;17;12;24;54;42;25
Burgos;09347;0934701001;2023;11;35;23;14;16;25;17;13;27;60;40;27
Burgos;09348;0934801001;2021;19;17;38;12;19;11;24;7;38;28;62;19
Burgos;09348;0934801001;2022;19;16;37;11;19;11;26;7;38;27;63;18
Burgos;09348;0934801001;2023;15;18;37;10;19;12;25;9;34;30;62;19
Burgos;09350;0935001001;2021;58;57;81;63;70;74;49;25;128;131;130;88
Burgos;09350;0935001001;2022;58;56;82;64;69;67;49;30;127;123;131;94
Burgos;09350;0935001001;2023;55;58;77;65;66;65;50;33;121;123;127;98
Burgos;09351;0935101001;2021;6;10;18;13;3;4;8;3;9;14;26;16
Burgos;09351;0935101001;2022;7;7;18;12;3;3;8;3;10;10;26;15
Burgos;09351;0935101001;2023;8;8;18;12;3;5;7;2;11;13;25;14
Burgos;09352;0935201001;2021;18;19;14;15;14;6;7;11;32;25;21;26
Burgos;09352;0935201001;2022;19;19;13;15;11;6;7;7;30;25;20;22
Burgos;09352;0935201001;2023;18;24;14;13;12;6;7;7;30;30;21;20
Burgos;09353;0935301001;2021;9;17;22;10;5;6;16;9;14;23;38;19
Burgos;09353;0935301001;2022;10;15;21;11;4;5;16;10;14;20;37;21
Burgos;09353;0935301001;2023;7;16;16;13;4;8;15;10;11;24;31;23
Burgos;09355;0935501001;2021;13;9;18;6;15;10;8;5;28;19;26;11
Burgos;09355;0935501001;2022;12;9;18;6;15;11;9;5;27;20;27;11
Burgos;09355;0935501001;2023;11;9;17;6;14;8;9;5;25;17;26;11
Burgos;09356;0935601001;2021;6;8;11;8;6;8;4;1;12;16;15;9
Burgos;09356;0935601001;2022;5;10;12;7;7;9;4;1;12;19;16;8
Burgos;09356;0935601001;2023;4;14;15;8;9;13;4;4;13;27;19;12
Burgos;09358;0935801001;2021;45;41;50;29;29;23;23;14;74;64;73;43
Burgos;09358;0935801001;2022;45;41;52;30;28;24;22;17;73;65;74;47
Burgos;09358;0935801001;2023;42;44;52;29;25;26;21;16;67;70;73;45
Burgos;09361;0936101001;2021;6;17;19;22;10;13;19;5;16;30;38;27
Burgos;09361;0936101001;2022;5;21;20;21;12;17;17;5;17;38;37;26
Burgos;09361;0936101001;2023;5;20;23;22;12;19;16;7;17;39;39;29
Burgos;09362;0936201001;2021;20;43;36;26;11;33;32;20;31;76;68;46
Burgos;09362;0936201001;2022;18;45;38;29;12;35;31;23;30;80;69;52
Burgos;09362;0936201001;2023;18;46;32;30;12;36;30;25;30;82;62;55
Burgos;09363;0936301001;2021;97;138;197;106;107;109;116;55;204;247;313;161
Burgos;09363;0936301001;2022;88;134;197;109;97;115;122;54;185;249;319;163
Burgos;09363;0936301001;2023;73;138;193;105;94;117;117;55;167;255;310;160
Burgos;09366;0936601001;2021;9;13;14;7;9;10;9;2;18;23;23;9
Burgos;09366;0936601001;2022;9;13;14;12;9;11;9;3;18;24;23;15
Burgos;09366;0936601001;2023;7;13;14;11;8;10;8;3;15;23;22;14
Burgos;09369;0936901001;2021;59;50;77;41;64;58;45;34;123;108;122;75
Burgos;09369;0936901001;2022;56;52;78;43;66;62;46;37;122;114;124;80
Burgos;09369;0936901001;2023;55;51;79;41;63;67;45;34;118;118;124;75
Burgos;09372;0937201001;2021;11;42;44;30;14;55;18;21;25;97;62;51
Burgos;09372;0937201001;2022;11;47;46;32;13;60;18;25;24;107;64;57
Burgos;09372;0937201001;2023;12;46;43;38;12;60;20;26;24;106;63;64
Burgos;09373;0937301001;2021;64;40;101;43;57;43;51;24;121;83;152;67
Burgos;09373;0937301001;2022;62;40;102;46;54;42;48;22;116;82;150;68
Burgos;09373;0937301001;2023;55;43;102;47;52;40;49;25;107;83;151;72
Burgos;09374;0937401001;2021;8;31;7;18;7;22;5;5;15;53;12;23
Burgos;09374;0937401001;2022;9;33;8;17;6;22;5;7;15;55;13;24
Burgos;09374;0937401001;2023;9;36;11;13;6;21;4;9;15;57;15;22
Burgos;09377;0937701001;2021;33;112;116;101;41;126;99;61;74;238;215;162
Burgos;09377;0937701001;2022;35;121;123;101;37;131;97;60;72;252;220;161
Burgos;09377;0937701001;2023;33;127;121;92;37;134;101;58;70;261;222;150
Burgos;09380;0938001001;2021;12;9;10;4;7;10;17;3;19;19;27;7
Burgos;09380;0938001001;2022;9;10;10;4;5;11;15;4;14;21;25;8
Burgos;09380;0938001001;2023;9;10;10;4;5;11;15;3;14;21;25;7
Burgos;09384;0938401001;2021;52;40;48;31;48;44;28;15;100;84;76;46
Burgos;09384;0938401001;2022;50;41;46;30;44;43;29;15;94;84;75;45
Burgos;09384;0938401001;2023;45;41;42;32;41;40;31;15;86;81;73;47
Burgos;09386;0938601001;2021;9;8;11;8;7;8;5;5;16;16;16;13
Burgos;09386;0938601001;2022;9;8;13;8;7;10;6;4;16;18;19;12
Burgos;09386;0938601001;2023;8;8;13;11;7;11;6;5;15;19;19;16
Burgos;09387;0938701001;2021;16;22;22;8;15;12;8;5;31;34;30;13
Burgos;09387;0938701001;2022;15;23;22;8;13;13;8;5;28;36;30;13
Burgos;09387;0938701001;2023;14;23;18;9;14;12;8;7;28;35;26;16
Burgos;09389;0938901001;2021;9;13;11;10;15;5;8;4;24;18;19;14
Burgos;09389;0938901001;2022;9;14;9;9;16;5;7;4;25;19;16;13
Burgos;09389;0938901001;2023;7;13;10;9;14;4;7;4;21;17;17;13
Burgos;09390;0939001001;2021;41;100;109;58;56;76;90;41;97;176;199;99
Burgos;09390;0939001001;2022;32;96;110;60;50;74;88;49;82;170;198;109
Burgos;09390;0939001001;2023;30;93;113;56;46;74;88;51;76;167;201;107
Burgos;09391;0939101001;2021;55;38;75;37;62;43;45;18;117;81;120;55
Burgos;09391;0939101001;2022;58;42;78;40;60;48;43;15;118;90;121;55
Burgos;09391;0939101001;2023;54;40;75;40;57;52;42;16;111;92;117;56
Burgos;09392;0939201001;2021;7;7;12;5;8;6;5;3;15;13;17;8
Burgos;09392;0939201001;2022;6;6;10;5;8;6;5;2;14;12;15;7
Burgos;09392;0939201001;2023;6;7;10;5;8;6;7;2;14;13;17;7
Burgos;09394;0939401001;2021;76;95;111;67;129;82;73;69;205;177;184;136
Burgos;09394;0939401001;2022;70;94;115;68;113;81;70;69;183;175;185;137
Burgos;09394;0939401001;2023;62;95;121;63;109;85;75;71;171;180;196;134
Burgos;09395;0939501001;2021;12;36;21;15;15;16;11;9;27;52;32;24
Burgos;09395;0939501001;2022;11;40;18;16;14;14;11;8;25;54;29;24
Burgos;09395;0939501001;2023;8;39;20;18;14;18;11;9;22;57;31;27
Burgos;09396;0939601001;2021;13;20;20;32;27;18;17;12;40;38;37;44
Burgos;09396;0939601001;2022;13;19;18;32;26;18;18;12;39;37;36;44
Burgos;09396;0939601001;2023;14;20;20;30;24;18;19;12;38;38;39;42
Burgos;09398;0939801001;2021;3;13;19;9;6;4;8;3;9;17;27;12
Burgos;09398;0939801001;2022;2;13;18;10;6;4;9;3;8;17;27;13
Burgos;09398;0939801001;2023;2;14;18;10;5;3;7;3;7;17;25;13
Burgos;09400;0940001001;2021;20;40;73;39;31;48;46;20;51;88;119;59
Burgos;09400;0940001001;2022;21;46;72;39;33;50;44;21;54;96;116;60
Burgos;09400;0940001001;2023;19;46;76;37;30;51;44;25;49;97;120;62
Burgos;09403;0940301001;2021;8;19;12;19;16;18;3;2;24;37;15;21
Burgos;09403;0940301001;2022;8;20;11;20;16;17;3;2;24;37;14;22
Burgos;09403;0940301001;2023;8;19;12;20;17;16;3;2;25;35;15;22
Burgos;09405;0940501001;2021;19;17;17;16;17;13;15;5;36;30;32;21
Burgos;09405;0940501001;2022;18;18;17;13;17;14;15;6;35;32;32;19
Burgos;09405;0940501001;2023;15;19;18;13;14;15;15;6;29;34;33;19
Burgos;09406;0940601001;2021;12;55;51;50;14;50;21;34;26;105;72;84
Burgos;09406;0940601001;2022;10;54;56;44;15;44;19;38;25;98;75;82
Burgos;09406;0940601001;2023;12;59;58;45;15;45;22;38;27;104;80;83
Burgos;09409;0940901001;2021;10;17;23;15;17;15;12;15;27;32;35;30
Burgos;09409;0940901001;2022;7;19;26;15;16;14;14;15;23;33;40;30
Burgos;09409;0940901001;2023;6;19;22;16;17;17;10;14;23;36;32;30
Burgos;09410;0941001001;2021;149;355;319;290;224;412;259;246;373;767;578;536
Burgos;09410;0941001001;2022;140;367;327;307;230;426;267;250;370;793;594;557
Burgos;09410;0941001001;2023;139;373;339;309;218;440;276;256;357;813;615;565
Burgos;09410;0941002001;2021;67;102;78;73;90;91;61;66;157;193;139;139
Burgos;09410;0941002001;2022;63;111;80;73;82;98;67;67;145;209;147;140
Burgos;09410;0941002001;2023;59;111;87;84;82;96;69;73;141;207;156;157
Burgos;09410;0941003001;2021;53;114;100;67;66;73;61;65;119;187;161;132
Burgos;09410;0941003001;2022;49;103;99;63;63;78;61;65;112;181;160;128
Burgos;09410;0941003001;2023;45;102;102;65;58;78;61;68;103;180;163;133
Burgos;09411;0941101001;2021;10;24;29;31;9;14;21;18;19;38;50;49
Burgos;09411;0941101001;2022;9;23;31;30;10;15;22;19;19;38;53;49
Burgos;09411;0941101001;2023;10;19;31;30;9;18;21;18;19;37;52;48
Burgos;09412;0941201001;2021;90;126;148;92;111;89;109;61;201;215;257;153
Burgos;09412;0941201001;2022;77;128;145;104;97;91;114;63;174;219;259;167
Burgos;09412;0941201001;2023;72;132;141;102;89;95;121;61;161;227;262;163
Burgos;09413;0941301001;2021;36;61;86;47;50;45;55;41;86;106;141;88
Burgos;09413;0941301001;2022;34;65;88;49;46;42;53;46;80;107;141;95
Burgos;09413;0941301001;2023;33;73;81;51;47;47;57;45;80;120;138;96
Burgos;09414;0941401001;2021;16;37;38;21;23;29;12;10;39;66;50;31
Burgos;09414;0941401001;2022;16;37;36;24;21;28;15;9;37;65;51;33
Burgos;09414;0941401001;2023;14;38;39;23;19;29;15;8;33;67;54;31
Burgos;09415;0941501001;2021;36;54;60;27;47;34;34;26;83;88;94;53
Burgos;09415;0941501001;2022;29;53;58;29;44;30;39;23;73;83;97;52
Burgos;09415;0941501001;2023;29;55;58;29;40;32;37;26;69;87;95;55
Burgos;09418;0941801001;2021;16;3;15;4;11;12;12;4;27;15;27;8
Burgos;09418;0941801001;2022;16;4;15;4;11;12;10;6;27;16;25;10
Burgos;09418;0941801001;2023;17;4;16;5;13;10;8;6;30;14;24;11
Burgos;09419;0941901001;2021;15;8;16;6;9;5;8;0;24;13;24;6
Burgos;09419;0941901001;2022;15;8;15;7;9;5;8;0;24;13;23;7
Burgos;09419;0941901001;2023;14;8;15;8;9;5;7;0;23;13;22;8
Burgos;09421;0942101001;2021;13;29;77;29;15;28;51;11;28;57;128;40
Burgos;09421;0942101001;2022;8;27;79;28;11;27;49;11;19;54;128;39
Burgos;09421;0942101001;2023;9;29;74;30;12;31;46;13;21;60;120;43
Burgos;09425;0942501001;2021;65;62;113;45;65;52;64;42;130;114;177;87
Burgos;09425;0942501001;2022;65;60;114;48;58;57;60;46;123;117;174;94
Burgos;09425;0942501001;2023;58;60;115;45;57;56;59;43;115;116;174;88
Burgos;09427;0942701001;2021;69;112;130;99;97;138;88;77;166;250;218;176
Burgos;09427;0942701001;2022;67;120;140;106;94;139;91;73;161;259;231;179
Burgos;09427;0942701001;2023;62;123;138;102;91;140;91;76;153;263;229;178
Burgos;09427;0942701002;2021;56;75;168;71;57;52;73;32;113;127;241;103
Burgos;09427;0942701002;2022;49;66;162;67;52;55;73;34;101;121;235;101
Burgos;09427;0942701002;2023;38;73;162;70;47;55;75;36;85;128;237;106
Burgos;09428;0942801001;2021;4;13;27;9;5;9;23;3;9;22;50;12
Burgos;09428;0942801001;2022;4;14;25;9;4;11;22;5;8;25;47;14
Burgos;09428;0942801001;2023;3;15;23;9;4;15;22;3;7;30;45;12
Burgos;09429;0942901001;2021;10;10;14;9;2;4;7;1;12;14;21;10
Burgos;09429;0942901001;2022;9;10;12;9;2;4;8;2;11;14;20;11
Burgos;09429;0942901001;2023;7;9;11;10;1;4;9;2;8;13;20;12
Burgos;09431;0943101001;2021;17;16;23;9;15;14;10;5;32;30;33;14
Burgos;09431;0943101001;2022;18;18;22;9;14;14;10;7;32;32;32;16
Burgos;09431;0943101001;2023;17;20;23;9;15;15;8;7;32;35;31;16
Burgos;09432;0943201001;2021;18;14;46;21;22;13;27;1;40;27;73;22
Burgos;09432;0943201001;2022;14;14;44;21;19;10;26;2;33;24;70;23
Burgos;09432;0943201001;2023;13;12;41;22;18;8;26;2;31;20;67;24
Burgos;09433;0943301001;2021;9;6;9;9;5;6;7;5;14;12;16;14
Burgos;09433;0943301001;2022;6;6;9;9;4;6;7;4;10;12;16;13
Burgos;09433;0943301001;2023;6;8;9;10;3;6;7;5;9;14;16;15
Burgos;09434;0943401001;2021;85;288;195;200;69;354;142;132;154;642;337;332
Burgos;09434;0943401001;2022;76;288;200;211;66;355;147;140;142;643;347;351
Burgos;09434;0943401001;2023;73;297;198;213;69;365;141;143;142;662;339;356
Burgos;09437;0943701001;2021;38;42;33;32;36;52;31;13;74;94;64;45
Burgos;09437;0943701001;2022;41;44;43;33;38;51;28;15;79;95;71;48
Burgos;09437;0943701001;2023;41;43;39;36;39;50;28;17;80;93;67;53
Burgos;09438;0943801001;2021;45;87;101;92;63;119;61;54;108;206;162;146
Burgos;09438;0943801001;2022;45;94;104;91;60;117;64;55;105;211;168;146
Burgos;09438;0943801001;2023;42;100;101;82;58;124;60;52;100;224;161;134
Burgos;09439;0943901001;2021;56;234;178;181;58;253;103;110;114;487;281;291
Burgos;09439;0943901001;2022;55;237;183;170;56;256;107;108;111;493;290;278
Burgos;09439;0943901001;2023;55;242;181;183;57;268;111;106;112;510;292;289
Burgos;09440;0944001001;2021;17;10;12;12;15;6;5;4;32;16;17;16
Burgos;09440;0944001001;2022;17;10;11;12;16;6;5;3;33;16;16;15
Burgos;09440;0944001001;2023;17;13;11;11;14;7;5;3;31;20;16;14
Burgos;09441;0944101001;2021;16;18;8;12;7;11;6;15;23;29;14;27
Burgos;09441;0944101001;2022;16;18;6;12;6;14;6;10;22;32;12;22
Burgos;09441;0944101001;2023;15;19;5;12;6;12;6;10;21;31;11;22
Burgos;09442;0944201001;2021;43;43;89;36;54;46;52;27;97;89;141;63
Burgos;09442;0944201001;2022;40;51;88;34;54;51;52;28;94;102;140;62
Burgos;09442;0944201001;2023;41;47;91;34;48;54;54;32;89;101;145;66
Burgos;09443;0944301001;2021;15;19;24;16;26;26;9;18;41;45;33;34
Burgos;09443;0944301001;2022;16;23;22;18;22;28;12;17;38;51;34;35
Burgos;09443;0944301001;2023;16;22;23;19;21;27;14;17;37;49;37;36
Burgos;09444;0944401001;2021;8;6;12;7;9;7;10;3;17;13;22;10
Burgos;09444;0944401001;2022;8;6;12;7;9;7;9;2;17;13;21;9
Burgos;09444;0944401001;2023;7;6;12;7;8;7;9;2;15;13;21;9
Burgos;09448;0944801001;2021;30;35;37;32;33;19;25;8;63;54;62;40
Burgos;09448;0944801001;2022;28;39;36;32;31;18;25;11;59;57;61;43
Burgos;09448;0944801001;2023;24;41;36;35;30;20;25;10;54;61;61;45
Burgos;09449;0944901001;2021;16;16;17;13;7;9;17;8;23;25;34;21
Burgos;09449;0944901001;2022;16;17;18;13;7;9;16;9;23;26;34;22
Burgos;09449;0944901001;2023;15;16;20;15;6;11;16;10;21;27;36;25
Burgos;09451;0945101001;2021;21;26;56;31;29;30;36;28;50;56;92;59
Burgos;09451;0945101001;2022;21;29;61;31;29;31;39;26;50;60;100;57
Burgos;09451;0945101001;2023;18;26;59;33;28;33;40;28;46;59;99;61
Burgos;09456;0945601001;2021;23;20;24;8;16;19;17;14;39;39;41;22
Burgos;09456;0945601001;2022;23;20;26;8;15;18;17;14;38;38;43;22
Burgos;09456;0945601001;2023;20;21;28;8;14;18;16;15;34;39;44;23
Burgos;09458;0945801001;2021;29;116;74;82;25;132;37;54;54;248;111;136
Burgos;09458;0945801001;2022;25;120;83;85;24;138;37;58;49;258;120;143
Burgos;09458;0945801001;2023;23;127;89;83;21;145;34;57;44;272;123;140
Burgos;09460;0946001001;2021;18;19;38;23;17;21;23;11;35;40;61;34
Burgos;09460;0946001001;2022;16;19;36;22;16;21;23;14;32;40;59;36
Burgos;09460;0946001001;2023;17;21;35;24;17;22;23;13;34;43;58;37
Burgos;09463;0946301001;2021;12;47;61;37;19;30;32;13;31;77;93;50
Burgos;09463;0946301001;2022;12;50;62;38;19;33;34;16;31;83;96;54
Burgos;09463;0946301001;2023;12;47;57;40;18;37;37;15;30;84;94;55
Burgos;09466;0946601001;2021;22;17;9;23;25;8;7;6;47;25;16;29
Burgos;09466;0946601001;2022;20;17;8;23;23;9;7;6;43;26;15;29
Burgos;09466;0946601001;2023;18;17;8;22;24;11;5;6;42;28;13;28
Burgos;09467;0946701001;2021;14;9;17;9;9;3;8;1;23;12;25;10
Burgos;09467;0946701001;2022;15;9;17;9;9;3;7;1;24;12;24;10
Burgos;09467;0946701001;2023;14;10;15;11;8;3;8;2;22;13;23;13
Burgos;09471;0947101001;2021;10;29;27;27;16;31;22;14;26;60;49;41
Burgos;09471;0947101001;2022;11;29;30;25;14;35;23;16;25;64;53;41
Burgos;09471;0947101001;2023;11;31;33;22;15;37;18;20;26;68;51;42
Burgos;09472;0947201001;2021;10;5;11;5;10;4;4;3;20;9;15;8
Burgos;09472;0947201001;2022;10;5;10;5;10;4;5;4;20;9;15;9
Burgos;09472;0947201001;2023;10;5;11;4;10;4;3;4;20;9;14;8
Burgos;09473;0947301001;2021;8;14;20;9;10;14;12;3;18;28;32;12
Burgos;09473;0947301001;2022;7;15;20;9;11;15;12;5;18;30;32;14
Burgos;09473;0947301001;2023;5;12;18;9;10;14;11;5;15;26;29;14
Burgos;09476;0947601001;2021;6;13;18;9;4;5;8;5;10;18;26;14
Burgos;09476;0947601001;2022;6;14;17;8;4;6;7;5;10;20;24;13
Burgos;09476;0947601001;2023;6;14;17;8;4;6;6;5;10;20;23;13
Burgos;09480;0948001001;2021;10;17;16;15;20;26;9;2;30;43;25;17
Burgos;09480;0948001001;2022;10;19;17;15;19;29;9;2;29;48;26;17
Burgos;09480;0948001001;2023;8;20;18;12;16;29;8;4;24;49;26;16
Burgos;09483;0948301001;2021;17;22;38;22;24;24;24;19;41;46;62;41
Burgos;09483;0948301001;2022;15;23;38;23;22;24;22;20;37;47;60;43
Burgos;09483;0948301001;2023;15;20;37;27;20;25;25;22;35;45;62;49
Burgos;09485;0948501001;2021;9;14;5;2;9;7;6;4;18;21;11;6
Burgos;09485;0948501001;2022;9;13;6;2;8;8;5;5;17;21;11;7
Burgos;09485;0948501001;2023;8;14;6;2;10;8;5;4;18;22;11;6
Burgos;09901;0990101001;2021;50;39;66;32;52;36;50;24;102;75;116;56
Burgos;09901;0990101001;2022;48;35;66;33;45;36;48;23;93;71;114;56
Burgos;09901;0990101001;2023;49;39;61;33;41;38;49;23;90;77;110;56
Burgos;09902;0990201001;2021;57;68;79;59;39;61;47;41;96;129;126;100
Burgos;09902;0990201001;2022;50;74;78;59;35;63;48;40;85;137;126;99
Burgos;09902;0990201001;2023;49;80;76;62;33;67;47;44;82;147;123;106
Burgos;09903;0990301001;2021;93;119;172;113;134;146;124;94;227;265;296;207
Burgos;09903;0990301001;2022;89;118;166;111;126;150;120;91;215;268;286;202
Burgos;09903;0990301001;2023;87;126;176;112;125;157;126;94;212;283;302;206
Burgos;09903;0990301002;2021;171;204;290;157;228;242;197;125;399;446;487;282
Burgos;09903;0990301002;2022;159;201;283;159;203;256;193;126;362;457;476;285
Burgos;09903;0990301002;2023;153;196;292;171;210;260;206;141;363;456;498;312
Burgos;09903;0990301003;2021;133;129;146;116;120;141;101;75;253;270;247;191
Burgos;09903;0990301003;2022;122;128;147;118;112;137;100;81;234;265;247;199
Burgos;09903;0990301003;2023;111;133;151;117;109;142;102;81;220;275;253;198
Burgos;09904;0990401001;2021;49;96;74;75;52;72;37;38;101;168;111;113
Burgos;09904;0990401001;2022;49;102;76;76;49;74;32;43;98;176;108;119
Burgos;09904;0990401001;2023;47;104;72;79;50;76;35;44;97;180;107;123
Burgos;09905;0990501001;2021;26;83;73;50;31;56;34;35;57;139;107;85
Burgos;09905;0990501001;2022;25;85;69;57;29;60;38;36;54;145;107;93
Burgos;09905;0990501001;2023;20;84;66;61;29;67;36;38;49;151;102;99
Burgos;09906;0990601001;2021;105;256;179;188;105;212;130;105;210;468;309;293
Burgos;09906;0990601001;2022;99;262;178;182;99;217;121;106;198;479;299;288
Burgos;09906;0990601001;2023;100;262;182;190;93;231;125;109;193;493;307;299
Burgos;09907;0990701001;2021;82;299;281;247;70;385;193;177;152;684;474;424
Burgos;09907;0990701001;2022;84;299;288;260;63;393;205;185;147;692;493;445
Burgos;09907;0990701001;2023;78;298;291;255;56;387;200;195;134;685;491;450
Burgos;09908;0990801001;2021;56;61;87;62;62;48;46;32;118;109;133;94
Burgos;09908;0990801001;2022;52;64;87;68;59;50;48;36;111;114;135;104
Burgos;09908;0990801001;2023;49;67;87;68;58;55;50;39;107;122;137;107
Leon;24001;2400101001;2021;22;26;36;16;24;20;15;17;46;46;51;33
Leon;24001;2400101001;2022;20;25;34;18;24;24;14;18;44;49;48;36
Leon;24001;2400101001;2023;19;26;33;19;25;24;13;20;44;50;46;39
Leon;24002;2400201001;2021;30;18;56;37;37;26;36;19;67;44;92;56
Leon;24002;2400201001;2022;27;21;55;37;33;25;40;19;60;46;95;56
Leon;24002;2400201001;2023;28;22;54;38;34;22;40;22;62;44;94;60
Leon;24003;2400301001;2021;99;52;114;39;107;37;87;38;206;89;201;77
Leon;24003;2400301001;2022;90;52;115;37;102;36;83;40;192;88;198;77
Leon;24003;2400301001;2023;83;51;114;37;102;44;85;48;185;95;199;85
Leon;24004;2400401001;2021;86;45;99;82;77;56;61;37;163;101;160;119
Leon;24004;2400401001;2022;83;48;106;81;70;63;67;40;153;111;173;121
Leon;24004;2400401001;2023;80;48;110;81;65;72;69;43;145;120;179;124
Leon;24005;2400501001;2021;51;27;84;28;71;23;45;12;122;50;129;40
Leon;24005;2400501001;2022;46;28;84;25;64;23;43;11;110;51;127;36
Leon;24005;2400501001;2023;45;29;84;24;60;26;40;10;105;55;124;34
Leon;24006;2400601001;2021;49;67;112;50;74;43;91;42;123;110;203;92
Leon;24006;2400601001;2022;45;74;108;55;65;43;90;45;110;117;198;100
Leon;24006;2400601001;2023;43;75;109;55;62;45;87;42;105;120;196;97
Leon;24007;2400701001;2021;98;73;136;61;124;65;81;74;222;138;217;135
Leon;24007;2400701001;2022;87;85;138;58;120;82;84;74;207;167;222;132
Leon;24007;2400701001;2023;82;86;147;66;111;89;86;76;193;175;233;142
Leon;24008;2400801001;2021;64;171;128;128;109;208;132;122;173;379;260;250
Leon;24008;2400801001;2022;58;172;125;129;99;210;131;129;157;382;256;258
Leon;24008;2400801001;2023;51;178;126;129;96;218;131;135;147;396;257;264
Leon;24008;2400801002;2021;66;159;113;126;138;186;129;137;204;345;242;263
Leon;24008;2400801002;2022;65;157;111;118;122;176;126;136;187;333;237;254
Leon;24008;2400801002;2023;60;161;111;106;112;183;124;137;172;344;235;243
Leon;24008;2400802001;2021;101;155;269;139;161;238;230;145;262;393;499;284
Leon;24008;2400802001;2022;93;158;267;127;159;236;228;143;252;394;495;270
Leon;24008;2400802001;2023;84;147;261;134;149;237;229;140;233;384;490;274
Leon;24008;2400802002;2021;65;127;316;132;82;182;332;131;147;309;648;263
Leon;24008;2400802002;2022;63;131;324;143;71;190;318;134;134;321;642;277
Leon;24008;2400802002;2023;61;150;320;147;72;190;316;137;133;340;636;284
Leon;24008;2400802003;2021;140;102;198;137;211;157;184;132;351;259;382;269
Leon;24008;2400802003;2022;135;101;192;127;193;161;172;136;328;262;364;263
Leon;24008;2400802003;2023;121;104;187;133;178;168;172;133;299;272;359;266
Leon;24008;2400803001;2021;136;168;290;185;220;231;278;189;356;399;568;374
Leon;24008;2400803001;2022;123;172;287;189;212;233;278;173;335;405;565;362
Leon;24008;2400803001;2023;114;176;287;196;198;233;269;179;312;409;556;375
Leon;24008;2400803002;2021;114;167;289;153;182;207;237;151;296;374;526;304
Leon;24008;2400803002;2022;108;177;292;150;176;215;242;154;284;392;534;304
Leon;24008;2400803002;2023;107;177;297;147;163;221;257;154;270;398;554;301
Leon;24009;2400901001;2021;57;10;57;25;61;21;22;17;118;31;79;42
Leon;24009;2400901001;2022;51;9;54;26;55;21;24;15;106;30;78;41
Leon;24009;2400901001;2023;49;9;53;29;49;19;23;16;98;28;76;45
Leon;24010;2401001001;2021;142;220;347;211;194;259;324;218;336;479;671;429
Leon;24010;2401001001;2022;136;223;350;212;192;261;330;229;328;484;680;441
Leon;24010;2401001001;2023;152;221;359;215;191;265;329;228;343;486;688;443
Leon;24010;2401001002;2021;59;131;208;158;112;194;179;165;171;325;387;323
Leon;24010;2401001002;2022;60;126;205;155;97;193;181;160;157;319;386;315
Leon;24010;2401001002;2023;66;115;207;163;104;188;186;165;170;303;393;328
Leon;24010;2401001003;2021;94;224;389;240;130;252;375;222;224;476;764;462
Leon;24010;2401001003;2022;90;224;390;224;128;249;364;223;218;473;754;447
Leon;24010;2401001003;2023;88;220;390;226;134;247;365;220;222;467;755;446
Leon;24010;2401001004;2021;105;135;310;175;177;207;254;158;282;342;564;333
Leon;24010;2401001004;2022;98;142;310;182;180;214;252;172;278;356;562;354
Leon;24010;2401001004;2023;96;148;312;176;178;220;258;182;274;368;570;358
Leon;24010;2401001005;2021;113;72;242;112;148;107;208;111;261;179;450;223
Leon;24010;2401001005;2022;104;77;245;108;147;108;216;110;251;185;461;218
Leon;24010;2401001005;2023;109;75;247;104;145;106;215;106;254;181;462;210
Leon;24010;2401001006;2021;98;79;249;126;180;103;203;123;278;182;452;249
Leon;24010;2401001006;2022;88;82;247;127;159;99;204;122;247;181;451;249
Leon;24010;2401001006;2023;88;79;240;129;163;100;197;130;251;179;437;259
Leon;24011;2401101001;2021;28;10;39;14;40;7;19;8;68;17;58;22
Leon;24011;2401101001;2022;25;10;38;14;38;5;18;9;63;15;56;23
Leon;24011;2401101001;2023;25;10;41;15;33;6;19;11;58;16;60;26
Leon;24012;2401201001;2021;15;47;56;48;26;44;24;28;41;91;80;76
Leon;24012;2401201001;2022;13;46;58;47;26;47;24;25;39;93;82;72
Leon;24012;2401201001;2023;12;48;58;48;25;47;25;23;37;95;83;71
Leon;24014;2401401001;2021;109;49;160;67;130;55;167;64;239;104;327;131
Leon;24014;2401401001;2022;85;47;156;67;86;58;150;66;171;105;306;133
Leon;24014;2401401001;2023;81;52;154;60;75;60;149;67;156;112;303;127
Leon;24014;2401401002;2021;120;152;339;186;190;194;312;161;310;346;651;347
Leon;24014;2401401002;2022;129;160;345;180;218;199;316;158;347;359;661;338
Leon;24014;2401401002;2023;122;161;338;176;212;203;327;153;334;364;665;329
Leon;24014;2401401003;2021;156;126;323;180;238;158;277;153;394;284;600;333
Leon;24014;2401401003;2022;141;131;308;176;226;161;264;153;367;292;572;329
Leon;24014;2401401003;2023;132;130;309;170;216;166;270;151;348;296;579;321
Leon;24014;2401401004;2021;61;71;135;78;93;113;143;102;154;184;278;180
Leon;24014;2401401004;2022;69;72;140;81;97;115;144;105;166;187;284;186
Leon;24014;2401401004;2023;63;70;138;84;86;110;144;101;149;180;282;185
Leon;24014;2401401005;2021;82;36;134;52;123;57;107;45;205;93;241;97
Leon;24014;2401401005;2022;70;37;146;48;117;61;105;41;187;98;251;89
Leon;24014;2401401005;2023;69;37;132;46;112;57;104;41;181;94;236;87
Leon;24014;2401401006;2021;75;73;206;80;146;90;107;77;221;163;313;157
Leon;24014;2401401006;2022;68;71;216;80;143;91;97;79;211;162;313;159
Leon;24014;2401401006;2023;63;80;216;82;147;95;102;81;210;175;318;163
Leon;24014;2401401007;2021;145;105;283;116;199;152;216;130;344;257;499;246
Leon;24014;2401401007;2022;124;106;275;119;184;157;220;127;308;263;495;246
Leon;24014;2401401007;2023;121;111;273;122;185;160;232;119;306;271;505;241
Leon;24015;2401501001;2021;121;153;300;185;205;221;241;158;326;374;541;343
Leon;24015;2401501001;2022;110;158;289;187;195;226;243;150;305;384;532;337
Leon;24015;2401501001;2023;103;157;291;182;186;228;235;152;289;385;526;334
Leon;24015;2401501002;2021;92;37;172;50;133;42;110;35;225;79;282;85
Leon;24015;2401501002;2022;89;44;173;47;127;42;112;37;216;86;285;84
Leon;24015;2401501002;2023;83;48;166;53;117;41;113;40;200;89;279;93
Leon;24016;2401601001;2021;87;26;113;46;81;22;61;16;168;48;174;62
Leon;24016;2401601001;2022;81;25;114;49;74;23;56;19;155;48;170;68
Leon;24016;2401601001;2023;77;28;115;48;71;24;53;19;148;52;168;67
Leon;24017;2401701001;2021;85;32;103;48;116;37;67;40;201;69;170;88
Leon;24017;2401701001;2022;81;31;105;49;108;36;64;40;189;67;169;89
Leon;24017;2401701001;2023;76;33;107;46;107;37;62;42;183;70;169;88
Leon;24018;2401801001;2021;28;8;42;11;22;17;34;9;50;25;76;20
Leon;24018;2401801001;2022;29;9;42;13;20;18;33;11;49;27;75;24
Leon;24018;2401801001;2023;29;10;42;12;20;19;32;10;49;29;74;22
Leon;24019;2401901001;2021;26;36;56;36;66;37;50;28;92;73;106;64
Leon;24019;2401901001;2022;24;34;61;36;66;40;52;26;90;74;113;62
Leon;24019;2401901001;2023;21;36;53;36;57;35;51;25;78;71;104;61
Leon;24020;2402001001;2021;30;72;106;54;35;50;45;39;65;122;151;93
Leon;24020;2402001001;2022;27;69;103;52;34;54;47;38;61;123;150;90
Leon;24020;2402001001;2023;25;69;104;55;30;56;47;39;55;125;151;94
Leon;24021;2402101001;2021;145;153;364;192;221;169;276;155;366;322;640;347
Leon;24021;2402101001;2022;134;165;359;197;214;181;276;157;348;346;635;354
Leon;24021;2402101001;2023;127;162;365;199;196;182;278;166;323;344;643;365
Leon;24022;2402201001;2021;45;23;66;30;58;26;36;18;103;49;102;48
Leon;24022;2402201001;2022;44;25;61;34;56;26;38;16;100;51;99;50
Leon;24022;2402201001;2023;43;28;63;32;52;28;37;17;95;56;100;49
Leon;24023;2402301001;2021;37;20;68;34;39;32;39;20;76;52;107;54
Leon;24023;2402301001;2022;37;20;76;31;30;32;44;23;67;52;120;54
Leon;24023;2402301001;2023;39;22;68;29;36;33;46;25;75;55;114;54
Leon;24024;2402401001;2021;79;66;149;63;107;57;103;49;186;123;252;112
Leon;24024;2402401001;2022;73;63;144;64;100;60;100;42;173;123;244;106
Leon;24024;2402401001;2023;67;63;143;64;97;62;103;41;164;125;246;105
Leon;24025;2402501001;2021;23;38;56;46;23;31;37;27;46;69;93;73
Leon;24025;2402501001;2022;23;38;55;46;20;30;35;30;43;68;90;76
Leon;24025;2402501001;2023;23;38;56;48;18;32;34;30;41;70;90;78
Leon;24026;2402601001;2021;161;77;214;104;216;100;141;59;377;177;355;163
Leon;24026;2402601001;2022;147;80;213;105;202;106;137;61;349;186;350;166
Leon;24026;2402601001;2023;137;82;214;102;192;101;140;60;329;183;354;162
Leon;24027;2402701001;2021;127;104;257;140;161;148;160;121;288;252;417;261
Leon;24027;2402701001;2022;123;106;264;141;148;154;165;124;271;260;429;265
Leon;24027;2402701001;2023;115;109;257;142;142;152;165;119;257;261;422;261
Leon;24028;2402801001;2021;53;38;70;44;65;41;44;16;118;79;114;60
Leon;24028;2402801001;2022;48;36;71;42;65;42;45;19;113;78;116;61
Leon;24028;2402801001;2023;48;38;73;41;63;40;44;23;111;78;117;64
Leon;24029;2402901001;2021;107;55;129;74;114;71;86;57;221;126;215;131
Leon;24029;2402901001;2022;102;58;126;75;107;70;82;62;209;128;208;137
Leon;24029;2402901001;2023;98;56;134;77;96;74;86;63;194;130;220;140
Leon;24030;2403001001;2021;154;140;249;159;219;204;195;147;373;344;444;306
Leon;24030;2403001001;2022;149;141;252;170;218;203;204;156;367;344;456;326
Leon;24030;2403001001;2023;141;139;244;173;209;204;206;153;350;343;450;326
Leon;24030;2403001002;2021;133;162;237;189;206;200;204;159;339;362;441;348
Leon;24030;2403001002;2022;135;161;234;190;197;205;183;172;332;366;417;362
Leon;24030;2403001002;2023;127;164;229;192;180;201;172;176;307;365;401;368
Leon;24030;2403001003;2021;98;48;156;67;126;56;93;56;224;104;249;123
Leon;24030;2403001003;2022;89;53;152;67;123;60;101;59;212;113;253;126
Leon;24030;2403001003;2023;82;62;145;65;114;58;98;59;196;120;243;124
Leon;24030;2403001004;2021;66;56;123;80;98;65;107;78;164;121;230;158
Leon;24030;2403001004;2022;63;60;127;73;94;65;109;77;157;125;236;150
Leon;24030;2403001004;2023;58;64;129;75;94;68;109;84;152;132;238;159
Leon;24031;2403101001;2021;32;25;43;27;27;19;19;16;59;44;62;43
Leon;24031;2403101001;2022;31;27;45;28;28;21;19;16;59;48;64;44
Leon;24031;2403101001;2023;28;26;44;31;27;23;18;15;55;49;62;46
Leon;24032;2403201001;2021;7;7;27;9;12;11;21;10;19;18;48;19
Leon;24032;2403201001;2022;7;7;27;7;11;10;19;11;18;17;46;18
Leon;24032;2403201001;2023;5;8;27;12;9;9;21;12;14;17;48;24
Leon;24033;2403301001;2021;36;18;39;23;39;20;19;12;75;38;58;35
Leon;24033;2403301001;2022;31;19;36;20;36;20;22;10;67;39;58;30
Leon;24033;2403301001;2023;28;20;38;22;32;21;22;11;60;41;60;33
Leon;24034;2403401001;2021;128;201;315;131;184;243;254;126;312;444;569;257
Leon;24034;2403401001;2022;120;213;325;131;171;255;266;125;291;468;591;256
Leon;24034;2403401001;2023;127;219;321;135;170;246;258;131;297;465;579;266
Leon;24034;2403401002;2021;96;86;154;74;138;109;106;61;234;195;260;135
Leon;24034;2403401002;2022;88;85;153;78;134;113;107;61;222;198;260;139
Leon;24034;2403401002;2023;84;85;162;72;120;114;113;64;204;199;275;136
Leon;24034;2403401003;2021;93;164;253;123;110;211;181;127;203;375;434;250
Leon;24034;2403401003;2022;88;167;250;123;98;217;180;125;186;384;430;248
Leon;24034;2403401003;2023;86;168;251;128;98;222;178;132;184;390;429;260
Leon;24036;2403601001;2021;45;16;51;26;47;25;23;19;92;41;74;45
Leon;24036;2403601001;2022;38;22;55;26;41;29;19;20;79;51;74;46
Leon;24036;2403601001;2023;35;28;60;29;43;37;23;21;78;65;83;50
Leon;24037;2403701001;2021;40;48;63;35;43;35;29;32;83;83;92;67
Leon;24037;2403701001;2022;39;52;60;36;38;37;27;30;77;89;87;66
Leon;24037;2403701001;2023;32;57;60;39;36;46;28;28;68;103;88;67
Leon;24038;2403801001;2021;210;219;325;139;269;243;240;108;479;462;565;247
Leon;24038;2403801001;2022;193;228;330;141;260;252;242;109;453;480;572;250
Leon;24038;2403801001;2023;177;228;325;148;248;262;240;112;425;490;565;260
Leon;24038;2403801002;2021;165;155;252;93;236;186;208;82;401;341;460;175
Leon;24038;2403801002;2022;164;160;247;94;224;196;199;84;388;356;446;178
Leon;24038;2403801002;2023;157;163;248;99;218;203;204;86;375;366;452;185
Leon;24039;2403901001;2021;81;116;214;169;147;150;166;141;228;266;380;310
Leon;24039;2403901001;2022;72;116;214;169;131;151;164;131;203;267;378;300
Leon;24039;2403901001;2023;69;113;210;170;118;150;170;128;187;263;380;298
Leon;24039;2403901002;2021;103;84;166;106;136;82;127;85;239;166;293;191
Leon;24039;2403901002;2022;96;86;168;109;125;82;129;94;221;168;297;203
Leon;24039;2403901002;2023;90;86;173;104;121;79;135;86;211;165;308;190
Leon;24040;2404001001;2021;28;65;68;70;44;49;60;51;72;114;128;121
Leon;24040;2404001001;2022;29;63;67;70;42;57;53;52;71;120;120;122
Leon;24040;2404001001;2023;25;56;68;74;43;53;56;52;68;109;124;126
Leon;24041;2404101001;2021;45;32;113;53;97;41;71;38;142;73;184;91
Leon;24041;2404101001;2022;41;36;117;51;93;37;69;43;134;73;186;94
Leon;24041;2404101001;2023;38;35;118;50;85;43;71;41;123;78;189;91
Leon;24042;2404201001;2021;4;10;10;13;9;8;8;1;13;18;18;14
Leon;24042;2404201001;2022;3;10;11;13;7;6;10;3;10;16;21;16
Leon;24042;2404201001;2023;3;10;12;14;6;5;11;4;9;15;23;18
Leon;24043;2404301001;2021;11;9;37;8;17;5;17;4;28;14;54;12
Leon;24043;2404301001;2022;12;8;37;7;16;6;16;4;28;14;53;11
Leon;24043;2404301001;2023;11;7;38;9;15;7;16;4;26;14;54;13
Leon;24044;2404401001;2021;17;16;30;5;32;13;23;10;49;29;53;15
Leon;24044;2404401001;2022;15;17;31;5;31;12;21;9;46;29;52;14
Leon;24044;2404401001;2023;14;16;30;6;29;12;21;9;43;28;51;15
Leon;24046;2404601001;2021;101;65;220;75;162;63;144;63;263;128;364;138
Leon;24046;2404601001;2022;93;68;211;79;155;65;152;64;248;133;363;143
Leon;24046;2404601001;2023;92;72;212;78;144;66;154;65;236;138;366;143
Leon;24047;2404701001;2021;84;60;174;65;137;42;94;42;221;102;268;107
Leon;24047;2404701001;2022;76;61;169;67;128;46;96;39;204;107;265;106
Leon;24047;2404701001;2023;68;63;173;62;116;45;94;40;184;108;267;102
Leon;24049;2404901001;2021;156;123;338;151;200;126;261;126;356;249;599;277
Leon;24049;2404901001;2022;146;123;341;148;190;127;255;132;336;250;596;280
Leon;24049;2404901001;2023;137;123;347;154;183;137;252;143;320;260;599;297
Leon;24050;2405001001;2021;16;6;24;10;19;6;10;11;35;12;34;21
Leon;24050;2405001001;2022;15;4;25;9;21;5;10;11;36;9;35;20
Leon;24050;2405001001;2023;14;5;26;9;17;7;11;10;31;12;37;19
Leon;24051;2405101001;2021;71;38;58;44;73;38;44;21;144;76;102;65
Leon;24051;2405101001;2022;62;40;56;43;68;40;44;19;130;80;100;62
Leon;24051;2405101001;2023;57;39;57;39;64;37;44;20;121;76;101;59
Leon;24052;2405201001;2021;23;13;27;20;13;16;22;5;36;29;49;25
Leon;24052;2405201001;2022;22;15;26;19;11;18;23;5;33;33;49;24
Leon;24052;2405201001;2023;22;16;26;18;11;20;22;5;33;36;48;23
Leon;24053;2405301001;2021;83;21;83;37;89;31;39;20;172;52;122;57
Leon;24053;2405301001;2022;83;26;82;40;87;32;43;22;170;58;125;62
Leon;24053;2405301001;2023;75;25;88;38;81;35;42;28;156;60;130;66
Leon;24054;2405401001;2021;60;30;88;36;65;31;68;34;125;61;156;70
Leon;24054;2405401001;2022;62;33;94;35;64;33;70;36;126;66;164;71
Leon;24054;2405401001;2023;52;33;98;32;63;35;67;37;115;68;165;69
Leon;24055;2405501001;2021;72;85;139;88;109;61;92;53;181;146;231;141
Leon;24055;2405501001;2022;66;87;135;97;103;62;96;57;169;149;231;154
Leon;24055;2405501001;2023;61;81;133;104;98;60;93;61;159;141;226;165
Leon;24056;2405601001;2021;183;124;260;157;242;180;203;150;425;304;463;307
Leon;24056;2405601001;2022;167;124;255;152;233;191;207;147;400;315;462;299
Leon;24056;2405601001;2023;162;126;263;156;217;187;207;147;379;313;470;303
Leon;24056;2405601002;2021;154;110;227;159;193;164;177;120;347;274;404;279
Leon;24056;2405601002;2022;140;114;220;160;180;163;172;121;320;277;392;281
Leon;24056;2405601002;2023;133;118;214;155;170;164;169;125;303;282;383;280
Leon;24057;2405701001;2021;133;158;249;128;212;177;194;86;345;335;443;214
Leon;24057;2405701001;2022;126;162;258;123;198;187;201;90;324;349;459;213
Leon;24057;2405701001;2023;115;164;252;126;179;186;202;95;294;350;454;221
Leon;24058;2405801001;2021;35;15;39;15;37;16;15;9;72;31;54;24
Leon;24058;2405801001;2022;31;14;41;15;36;16;15;11;67;30;56;26
Leon;24058;2405801001;2023;30;14;41;16;29;16;17;11;59;30;58;27
Leon;24059;2405901001;2021;152;45;164;59;218;42;105;47;370;87;269;106
Leon;24059;2405901001;2022;141;49;170;63;211;44;110;48;352;93;280;111
Leon;24059;2405901001;2023;142;53;167;60;199;48;111;46;341;101;278;106
Leon;24060;2406001001;2021;68;55;77;79;76;54;45;58;144;109;122;137
Leon;24060;2406001001;2022;64;55;79;81;76;59;46;55;140;114;125;136
Leon;24060;2406001001;2023;56;58;83;83;70;64;47;61;126;122;130;144
Leon;24061;2406101001;2021;144;291;299;211;203;284;236;182;347;575;535;393
Leon;24061;2406101001;2022;133;294;298;214;186;290;249;180;319;584;547;394
Leon;24061;2406101001;2023;134;296;301;215;184;306;249;184;318;602;550;399
Leon;24062;2406201001;2021;14;14;31;14;19;11;20;7;33;25;51;21
Leon;24062;2406201001;2022;15;15;29;15;18;14;20;8;33;29;49;23
Leon;24062;2406201001;2023;16;15;27;17;19;14;19;9;35;29;46;26
Leon;24063;2406301001;2021;43;44;70;44;63;38;49;23;106;82;119;67
Leon;24063;2406301001;2022;44;49;70;43;60;39;49;22;104;88;119;65
Leon;24063;2406301001;2023;42;54;71;42;57;46;48;22;99;100;119;64
Leon;24064;2406401001;2021;146;194;326;162;212;205;192;151;358;399;518;313
Leon;24064;2406401001;2022;139;200;326;165;208;217;184;148;347;417;510;313
Leon;24064;2406401001;2023;137;201;312;167;185;219;192;137;322;420;504;304
Leon;24065;2406501001;2021;158;188;331;221;189;211;240;173;347;399;571;394
Leon;24065;2406501001;2022;145;198;338;237;183;228;235;185;328;426;573;422
Leon;24065;2406501001;2023;136;209;330;245;175;243;241;196;311;452;571;441
Leon;24065;2406501002;2021;74;42;121;49;92;54;88;44;166;96;209;93
Leon;24065;2406501002;2022;65;42;122;50;89;53;93;46;154;95;215;96
Leon;24065;2406501002;2023;64;47;118;52;90;52;93;45;154;99;211;97
Leon;24066;2406601001;2021;64;31;82;29;112;34;55;25;176;65;137;54
Leon;24066;2406601001;2022;63;33;83;30;108;36;50;28;171;69;133;58
Leon;24066;2406601001;2023;54;36;84;32;103;37;54;26;157;73;138;58
Leon;24067;2406701001;2021;100;29;156;35;122;29;89;40;222;58;245;75
Leon;24067;2406701001;2022;89;30;154;46;105;30;90;44;194;60;244;90
Leon;24067;2406701001;2023;88;34;157;50;102;28;94;49;190;62;251;99
Leon;24068;2406801001;2021;66;44;77;58;66;39;48;45;132;83;125;103
Leon;24068;2406801001;2022;60;44;80;56;63;39;50;42;123;83;130;98
Leon;24068;2406801001;2023;54;42;84;52;64;40;56;44;118;82;140;96
Leon;24070;2407001001;2021;123;147;300;186;232;173;252;167;355;320;552;353
Leon;24070;2407001001;2022;119;147;312;175;222;172;258;172;341;319;570;347
Leon;24070;2407001001;2023;114;144;309;171;209;173;252;172;323;317;561;343
Leon;24070;2407001002;2021;94;86;168;113;124;124;152;97;218;210;320;210
Leon;24070;2407001002;2022;89;83;164;116;116;118;146;95;205;201;310;211
Leon;24070;2407001002;2023;86;85;159;114;110;116;141;96;196;201;300;210
Leon;24070;2407001003;2021;121;65;160;100;162;84;112;67;283;149;272;167
Leon;24070;2407001003;2022;108;63;160;100;150;77;103;68;258;140;263;168
Leon;24070;2407001003;2023;105;58;158;97;145;77;105;65;250;135;263;162
Leon;24070;2407001004;2021;63;46;119;58;88;59;96;70;151;105;215;128
Leon;24070;2407001004;2022;58;47;116;61;84;64;89;67;142;111;205;128
Leon;24070;2407001004;2023;52;47;115;55;74;59;86;73;126;106;201;128
Leon;24071;2407101001;2021;89;68;212;91;174;86;159;81;263;154;371;172
Leon;24071;2407101001;2022;84;72;213;86;160;87;160;82;244;159;373;168
Leon;24071;2407101001;2023;83;75;202;87;149;93;157;81;232;168;359;168
Leon;24073;2407301001;2021;74;43;84;33;76;47;69;35;150;90;153;68
Leon;24073;2407301001;2022;67;44;83;36;74;48;66;37;141;92;149;73
Leon;24073;2407301001;2023;62;44;84;37;67;50;71;33;129;94;155;70
Leon;24074;2407401001;2021;10;7;18;13;8;6;15;1;18;13;33;14
Leon;24074;2407401001;2022;10;9;18;13;6;5;16;1;16;14;34;14
Leon;24074;2407401001;2023;8;10;19;13;5;6;16;0;13;16;35;13
Leon;24076;2407601001;2021;95;241;274;166;114;248;155;134;209;489;429;300
Leon;24076;2407601001;2022;90;252;264;164;97;265;150;135;187;517;414;299
Leon;24076;2407601001;2023;82;262;272;179;92;280;161;146;174;542;433;325
Leon;24077;2407701001;2021;31;12;51;19;44;22;27;22;75;34;78;41
Leon;24077;2407701001;2022;24;15;49;18;40;23;28;23;64;38;77;41
Leon;24077;2407701001;2023;23;19;50;18;38;24;27;23;61;43;77;41
Leon;24078;2407801001;2021;45;27;68;18;60;36;48;24;105;63;116;42
Leon;24078;2407801001;2022;40;27;67;18;50;36;50;26;90;63;117;44
Leon;24078;2407801001;2023;37;26;68;18;45;33;50;25;82;59;118;43
Leon;24079;2407901001;2021;109;90;147;134;138;89;89;76;247;179;236;210
Leon;24079;2407901001;2022;106;93;150;138;132;94;90;82;238;187;240;220
Leon;24079;2407901001;2023;100;96;153;140;122;100;94;83;222;196;247;223
Leon;24080;2408001001;2021;25;33;22;18;35;29;23;15;60;62;45;33
Leon;24080;2408001001;2022;24;34;24;23;32;31;21;18;56;65;45;41
Leon;24080;2408001001;2023;22;37;27;25;32;36;19;17;54;73;46;42
Leon;24081;2408101001;2021;21;15;16;13;24;13;14;7;45;28;30;20
Leon;24081;2408101001;2022;17;16;18;12;23;13;14;8;40;29;32;20
Leon;24081;2408101001;2023;16;16;18;12;20;16;14;10;36;32;32;22
Leon;24082;2408201001;2021;65;104;174;109;108;112;124;92;173;216;298;201
Leon;24082;2408201001;2022;59;110;177;110;98;123;123;95;157;233;300;205
Leon;24082;2408201001;2023;54;107;179;109;97;124;121;92;151;231;300;201
Leon;24083;2408301001;2021;110;91;234;114;184;78;159;82;294;169;393;196
Leon;24083;2408301001;2022;107;94;236;113;178;79;160;86;285;173;396;199
Leon;24083;2408301001;2023;97;93;230;111;167;82;152;86;264;175;382;197
Leon;24084;2408401001;2021;22;18;25;14;28;19;22;5;50;37;47;19
Leon;24084;2408401001;2022;19;17;23;14;28;19;21;6;47;36;44;20
Leon;24084;2408401001;2023;18;19;23;13;25;18;21;8;43;37;44;21
Leon;24086;2408601001;2021;46;22;45;28;55;21;32;9;101;43;77;37
Leon;24086;2408601001;2022;41;22;45;27;51;22;30;9;92;44;75;36
Leon;24086;2408601001;2023;38;21;44;26;44;18;31;9;82;39;75;35
Leon;24087;2408701001;2021;71;52;131;62;107;55;78;32;178;107;209;94
Leon;24087;2408701001;2022;70;54;129;64;100;51;87;32;170;105;216;96
Leon;24087;2408701001;2023;69;51;121;67;95;51;91;27;164;102;212;94
Leon;24088;2408801001;2021;132;73;228;82;205;89;124;68;337;162;352;150
Leon;24088;2408801001;2022;124;75;222;84;195;102;121;64;319;177;343;148
Leon;24088;2408801001;2023;121;75;228;86;182;104;126;66;303;179;354;152
Leon;24089;2408901001;2021;27;288;81;132;70;335;83;148;97;623;164;280
Leon;24089;2408901001;2022;28;294;88;128;64;348;86;150;92;642;174;278
Leon;24089;2408901001;2023;33;296;90;134;61;356;91;152;94;652;181;286
Leon;24089;2408901002;2021;13;122;26;59;33;172;62;69;46;294;88;128
Leon;24089;2408901002;2022;15;134;30;49;27;169;55;65;42;303;85;114
Leon;24089;2408901002;2023;19;135;29;57;27;174;54;62;46;309;83;119
Leon;24089;2408901003;2021;17;214;57;110;34;274;92;110;51;488;149;220
Leon;24089;2408901003;2022;16;208;51;110;32;284;91;109;48;492;142;219
Leon;24089;2408901003;2023;18;212;57;107;34;284;85;113;52;496;142;220
Leon;24089;2408901004;2021;21;152;56;60;26;187;69;98;47;339;125;158
Leon;24089;2408901004;2022;20;153;50;65;25;194;66;97;45;347;116;162
Leon;24089;2408901004;2023;24;156;51;65;22;195;65;93;46;351;116;158
Leon;24089;2408901005;2021;30;232;85;128;55;334;125;154;85;566;210;282
Leon;24089;2408901005;2022;33;240;79;126;54;332;116;151;87;572;195;277
Leon;24089;2408901005;2023;33;245;67;124;56;336;108;143;89;581;175;267
Leon;24089;2408901006;2021;23;150;54;88;36;185;82;117;59;335;136;205
Leon;24089;2408901006;2022;23;154;55;88;30;201;92;102;53;355;147;190
Leon;24089;2408901006;2023;29;163;51;86;35;216;91;99;64;379;142;185
Leon;24089;2408902001;2021;17;261;78;115;39;316;85;141;56;577;163;256
Leon;24089;2408902001;2022;24;271;81;111;40;316;78;139;64;587;159;250
Leon;24089;2408902001;2023;19;268;87;103;40;338;74;143;59;606;161;246
Leon;24089;2408902002;2021;19;212;70;111;42;282;78;149;61;494;148;260
Leon;24089;2408902002;2022;17;220;65;100;45;290;85;146;62;510;150;246
Leon;24089;2408902002;2023;17;225;56;102;43;298;85;139;60;523;141;241
Leon;24089;2408902003;2021;16;230;51;104;56;259;76;109;72;489;127;213
Leon;24089;2408902003;2022;12;228;54;106;56;278;70;111;68;506;124;217
Leon;24089;2408902003;2023;15;223;47;107;54;282;77;113;69;505;124;220
Leon;24089;2408902004;2021;16;241;46;81;33;305;63;128;49;546;109;209
Leon;24089;2408902004;2022;18;246;50;79;35;312;64;138;53;558;114;217
Leon;24089;2408902004;2023;12;245;53;77;38;323;65;134;50;568;118;211
Leon;24089;2408902005;2021;29;268;60;81;45;312;67;135;74;580;127;216
Leon;24089;2408902005;2022;23;258;58;77;43;303;61;134;66;561;119;211
Leon;24089;2408902005;2023;21;258;53;85;41;313;63;120;62;571;116;205
Leon;24089;2408902006;2021;24;182;61;81;66;265;84;97;90;447;145;178
Leon;24089;2408902006;2022;25;190;68;76;58;265;89;99;83;455;157;175
Leon;24089;2408902006;2023;23;192;66;88;57;267;77;100;80;459;143;188
Leon;24089;2408902007;2021;13;198;41;69;41;242;74;99;54;440;115;168
Leon;24089;2408902007;2022;15;193;39;69;42;254;67;95;57;447;106;164
Leon;24089;2408902007;2023;15;192;37;69;42;245;65;100;57;437;102;169
Leon;24089;2408902008;2021;38;163;42;69;54;206;68;73;92;369;110;142
Leon;24089;2408902008;2022;30;165;47;66;49;205;70;72;79;370;117;138
Leon;24089;2408902008;2023;37;162;46;65;48;211;68;69;85;373;114;134
Leon;24089;2408902009;2021;21;151;46;76;37;197;52;85;58;348;98;161
Leon;24089;2408902009;2022;13;152;43;83;30;207;48;83;43;359;91;166
Leon;24089;2408902009;2023;15;153;38;76;30;214;48;74;45;367;86;150
Leon;24089;2408902010;2021;17;153;52;63;40;218;61;94;57;371;113;157
Leon;24089;2408902010;2022;16;152;49;71;36;215;59;96;52;367;108;167
Leon;24089;2408902010;2023;14;158;47;72;34;217;61;96;48;375;108;168
Leon;24089;2408903001;2021;43;335;83;145;51;415;115;149;94;750;198;294
Leon;24089;2408903001;2022;36;343;71;146;52;423;110;149;88;766;181;295
Leon;24089;2408903001;2023;28;344;85;144;50;433;109;148;78;777;194;292
Leon;24089;2408903002;2021;55;139;150;108;111;208;184;128;166;347;334;236
Leon;24089;2408903002;2022;48;143;158;103;98;205;186;128;146;348;344;231
Leon;24089;2408903002;2023;47;136;151;112;95;205;180;132;142;341;331;244
Leon;24089;2408903003;2021;76;96;169;99;121;139;140;87;197;235;309;186
Leon;24089;2408903003;2022;74;95;169;107;115;143;143;96;189;238;312;203
Leon;24089;2408903003;2023;72;90;169;104;113;135;144;102;185;225;313;206
Leon;24089;2408903004;2021;29;207;135;122;62;296;185;153;91;503;320;275
Leon;24089;2408903004;2022;24;210;133;114;65;290;184;159;89;500;317;273
Leon;24089;2408903004;2023;22;212;133;112;62;304;183;155;84;516;316;267
Leon;24089;2408903005;2021;91;92;116;89;138;157;115;119;229;249;231;208
Leon;24089;2408903005;2022;80;89;119;87;122;146;116;114;202;235;235;201
Leon;24089;2408903005;2023;78;100;122;93;119;165;120;121;197;265;242;214
Leon;24089;2408903006;2021;94;74;121;93;184;122;135;84;278;196;256;177
Leon;24089;2408903006;2022;92;76;127;92;174;115;130;80;266;191;257;172
Leon;24089;2408903006;2023;90;86;126;90;163;128;124;85;253;214;250;175
Leon;24089;2408903007;2021;128;141;286;140;197;174;314;146;325;315;600;286
Leon;24089;2408903007;2022;121;145;288;137;177;180;306;151;298;325;594;288
Leon;24089;2408903007;2023;122;160;297;139;182;179;296;157;304;339;593;296
Leon;24089;2408903008;2021;145;99;256;130;230;120;234;140;375;219;490;270
Leon;24089;2408903008;2022;138;85;274;119;219;117;250;131;357;202;524;250
Leon;24089;2408903008;2023;139;99;267;123;227;121;254;138;366;220;521;261
Leon;24089;2408903009;2021;37;244;123;174;64;316;126;171;101;560;249;345
Leon;24089;2408903009;2022;34;246;118;172;62;315;118;180;96;561;236;352
Leon;24089;2408903009;2023;32;241;111;178;62;325;114;175;94;566;225;353
Leon;24089;2408903010;2021;17;94;51;66;32;149;61;65;49;243;112;131
Leon;24089;2408903010;2022;20;92;51;64;30;149;58;68;50;241;109;132
Leon;24089;2408903010;2023;54;221;120;139;101;310;139;154;155;531;259;293
Leon;24089;2408903011;2021;50;142;127;119;80;181;173;136;130;323;300;255
Leon;24089;2408903011;2022;54;137;134;119;73;182;177;141;127;319;311;260
Leon;24089;2408903011;2023;52;146;135;120;76;204;169;129;128;350;304;249
Leon;24089;2408903012;2021;68;45;105;58;113;68;98;88;181;113;203;146
Leon;24089;2408903012;2022;64;48;108;56;109;69;104;87;173;117;212;143
Leon;24089;2408903012;2023;61;56;112;60;105;76;106;83;166;132;218;143
Leon;24089;2408903013;2021;29;107;47;66;62;163;57;76;91;270;104;142
Leon;24089;2408903013;2022;30;105;52;66;65;159;54;72;95;264;106;138
Leon;24089;2408903013;2023;25;105;56;68;65;162;51;73;90;267;107;141
Leon;24089;2408903014;2021;36;161;109;97;76;199;128;93;112;360;237;190
Leon;24089;2408903014;2022;31;164;102;97;69;194;123;102;100;358;225;199
Leon;24089;2408903014;2023;30;167;98;95;67;194;120;103;97;361;218;198
Leon;24089;2408903015;2021;52;371;211;247;90;467;215;243;142;838;426;490
Leon;24089;2408903015;2022;48;376;212;239;77;473;220;229;125;849;432;468
Leon;24089;2408903015;2023;52;384;217;243;81;477;227;244;133;861;444;487
Leon;24089;2408903016;2021;31;310;106;159;71;392;120;170;102;702;226;329
Leon;24089;2408903016;2022;33;316;104;155;73;401;117;169;106;717;221;324
Leon;24089;2408903016;2023;29;313;97;152;71;401;112;161;100;714;209;313
Leon;24089;2408903017;2021;36;134;57;82;63;169;76;79;99;303;133;161
Leon;24089;2408903017;2022;35;133;56;74;57;166;83;79;92;299;139;153
Leon;24089;2408903017;2023;34;223;151;199;47;335;171;213;81;558;322;412
Leon;24089;2408903018;2021;30;183;107;142;64;267;121;145;94;450;228;287
Leon;24089;2408903018;2022;25;182;113;152;58;264;132;144;83;446;245;296
Leon;24089;2408903018;2023;24;178;113;159;49;278;134;139;73;456;247;298
Leon;24089;2408903019;2021;41;198;122;125;54;262;98;153;95;460;220;278
Leon;24089;2408903019;2022;39;198;124;119;46;271;100;154;85;469;224;273
Leon;24089;2408903019;2023;37;195;117;125;44;276;103;144;81;471;220;269
Leon;24089;2408903020;2021;88;124;174;137;112;180;165;140;200;304;339;277
Leon;24089;2408903020;2022;73;131;173;130;109;183;166;149;182;314;339;279
Leon;24089;2408903020;2023;75;130;167;133;108;189;163;145;183;319;330;278
Leon;24089;2408903021;2021;35;218;166;208;48;321;186;199;83;539;352;407
Leon;24089;2408903021;2022;32;223;161;202;43;329;186;207;75;552;347;409
Leon;24089;2408904001;2021;39;200;114;123;85;271;116;136;124;471;230;259
Leon;24089;2408904001;2022;39;195;112;122;84;269;117;136;123;464;229;258
Leon;24089;2408904001;2023;33;203;112;126;82;275;124;145;115;478;236;271
Leon;24089;2408904002;2021;33;210;68;129;67;277;86;109;100;487;154;238
Leon;24089;2408904002;2022;31;219;71;125;59;280;85;108;90;499;156;233
Leon;24089;2408904002;2023;28;223;63;130;55;281;84;110;83;504;147;240
Leon;24089;2408904003;2021;36;143;122;106;81;153;170;111;117;296;292;217
Leon;24089;2408904003;2022;39;145;119;101;73;156;167;108;112;301;286;209
Leon;24089;2408904003;2023;33;153;113;95;82;157;162;109;115;310;275;204
Leon;24089;2408904004;2021;53;73;88;91;90;114;134;94;143;187;222;185
Leon;24089;2408904004;2022;44;81;91;88;74;115;132;98;118;196;223;186
Leon;24089;2408904004;2023;42;85;102;88;68;119;127;100;110;204;229;188
Leon;24089;2408904005;2021;56;357;234;204;84;487;236;215;140;844;470;419
Leon;24089;2408904005;2022;49;358;223;213;84;495;234;218;133;853;457;431
Leon;24089;2408904005;2023;56;366;222;221;80;506;230;224;136;872;452;445
Leon;24089;2408904006;2021;78;206;189;144;107;252;167;137;185;458;356;281
Leon;24089;2408904006;2022;68;204;182;135;103;255;178;135;171;459;360;270
Leon;24089;2408904006;2023;67;211;192;138;94;263;183;137;161;474;375;275
Leon;24089;2408904007;2021;21;157;61;87;37;178;69;89;58;335;130;176
Leon;24089;2408904007;2022;19;168;59;86;40;180;71;92;59;348;130;178
Leon;24089;2408904007;2023;21;160;62;86;40;176;65;89;61;336;127;175
Leon;24089;2408904008;2021;50;136;103;97;108;178;120;100;158;314;223;197
Leon;24089;2408904008;2022;45;129;106;94;102;181;125;99;147;310;231;193
Leon;24089;2408904008;2023;43;145;109;96;106;198;122;100;149;343;231;196
Leon;24089;2408904009;2021;26;105;77;91;77;136;112;94;103;241;189;185
Leon;24089;2408904009;2022;29;100;75;91;69;129;114;87;98;229;189;178
Leon;24089;2408904009;2023;28;104;73;99;62;131;109;91;90;235;182;190
Leon;24089;2408904010;2021;45;231;187;155;93;334;231;151;138;565;418;306
Leon;24089;2408904010;2022;47;233;191;154;90;342;232;147;137;575;423;301
Leon;24089;2408904010;2023;52;241;184;152;87;354;226;149;139;595;410;301
Leon;24089;2408904011;2021;16;40;77;49;31;57;73;41;47;97;150;90
Leon;24089;2408904011;2022;14;42;77;47;27;59;71;40;41;101;148;87
Leon;24089;2408904011;2023;13;36;75;53;29;61;71;36;42;97;146;89
Leon;24089;2408904012;2021;67;126;153;135;187;177;164;149;254;303;317;284
Leon;24089;2408904012;2022;66;124;157;128;170;175;175;145;236;299;332;273
Leon;24089;2408904012;2023;66;129;161;129;160;190;187;161;226;319;348;290
Leon;24089;2408904013;2021;45;181;124;126;75;250;136;121;120;431;260;247
Leon;24089;2408904013;2022;41;187;114;122;76;246;127;128;117;433;241;250
Leon;24089;2408904013;2023;38;188;110;125;67;259;127;128;105;447;237;253
Leon;24089;2408904014;2021;24;87;111;77;59;91;147;93;83;178;258;170
Leon;24089;2408904014;2022;29;87;109;71;50;93;142;83;79;180;251;154
Leon;24089;2408904014;2023;33;91;106;75;51;97;142;86;84;188;248;161
Leon;24089;2408904015;2021;37;468;140;210;49;625;142;186;86;1093;282;396
Leon;24089;2408904015;2022;33;492;145;201;41;654;148;191;74;1146;293;392
Leon;24089;2408904015;2023;33;535;138;202;46;707;146;202;79;1242;284;404
Leon;24089;2408905001;2021;62;293;159;199;114;355;161;167;176;648;320;366
Leon;24089;2408905001;2022;59;303;165;192;113;366;160;175;172;669;325;367
Leon;24089;2408905001;2023;57;316;158;194;105;376;164;166;162;692;322;360
Leon;24089;2408905002;2021;38;194;105;135;76;266;152;148;114;460;257;283
Leon;24089;2408905002;2022;34;201;102;135;70;277;153;139;104;478;255;274
Leon;24089;2408905002;2023;34;202;103;131;65;266;152;135;99;468;255;266
Leon;24089;2408905003;2021;51;159;100;81;80;206;144;102;131;365;244;183
Leon;24089;2408905003;2022;32;156;105;81;68;206;151;100;100;362;256;181
Leon;24089;2408905003;2023;33;155;109;85;69;208;144;114;102;363;253;199
Leon;24089;2408905004;2021;72;159;137;106;105;174;146;120;177;333;283;226
Leon;24089;2408905004;2022;69;160;133;111;98;185;152;112;167;345;285;223
Leon;24089;2408905004;2023;68;160;125;111;96;182;148;115;164;342;273;226
Leon;24089;2408905005;2021;91;182;129;136;157;261;141;138;248;443;270;274
Leon;24089;2408905005;2022;86;184;141;138;143;274;151;132;229;458;292;270
Leon;24089;2408905005;2023;78;195;141;144;148;292;160;134;226;487;301;278
Leon;24089;2408905006;2021;38;209;188;147;67;256;215;150;105;465;403;297
Leon;24089;2408905006;2022;37;219;188;142;66;260;214;147;103;479;402;289
Leon;24089;2408905006;2023;37;217;179;140;62;261;205;143;99;478;384;283
Leon;24089;2408905007;2021;38;91;102;108;62;126;143;99;100;217;245;207
Leon;24089;2408905007;2022;37;87;105;108;56;131;140;103;93;218;245;211
Leon;24089;2408905007;2023;37;91;102;101;55;132;133;102;92;223;235;203
Leon;24089;2408905008;2021;65;88;73;87;83;147;96;102;148;235;169;189
Leon;24089;2408905008;2022;54;97;71;87;72;153;90;104;126;250;161;191
Leon;24089;2408905008;2023;57;107;77;88;74;159;85;108;131;266;162;196
Leon;24089;2408905009;2021;60;80;120;69;95;110;98;80;155;190;218;149
Leon;24089;2408905009;2022;57;79;115;74;91;106;98;89;148;185;213;163
Leon;24089;2408905009;2023;52;89;103;73;86;108;93;90;138;197;196;163
Leon;24089;2408905010;2021;26;114;124;93;50;167;160;99;76;281;284;192
Leon;24089;2408905010;2022;25;113;116;88;45;172;156;99;70;285;272;187
Leon;24089;2408905010;2023;24;113;108;87;46;170;151;91;70;283;259;178
Leon;24089;2408905011;2021;38;212;113;126;72;272;122;144;110;484;235;270
Leon;24089;2408905011;2022;35;208;112;121;67;267;115;136;102;475;227;257
Leon;24089;2408905011;2023;36;206;103;115;61;269;111;136;97;475;214;251
Leon;24089;2408906001;2021;42;178;88;90;53;259;149;102;95;437;237;192
Leon;24089;2408906001;2022;37;179;79;93;52;259;145;106;89;438;224;199
Leon;24089;2408906001;2023;33;176;85;88;52;263;139;111;85;439;224;199
Leon;24089;2408906002;2021;14;314;50;118;32;377;69;112;46;691;119;230
Leon;24089;2408906002;2022;17;315;49;110;33;375;64;109;50;690;113;219
Leon;24089;2408906002;2023;16;319;48;105;36;383;64;98;52;702;112;203
Leon;24089;2408906003;2021;31;167;92;105;50;210;120;120;81;377;212;225
Leon;24089;2408906003;2022;46;241;135;169;80;301;164;176;126;542;299;345
Leon;24089;2408906003;2023;42;250;129;160;78;304;158;182;120;554;287;342
Leon;24089;2408906004;2021;31;86;83;64;67;94;125;66;98;180;208;130
Leon;24089;2408906004;2022;34;118;91;66;71;126;127;72;105;244;218;138
Leon;24089;2408906004;2023;39;113;99;71;69;134;127;79;108;247;226;150
Leon;24089;2408906005;2021;40;141;84;94;64;212;102;98;104;353;186;192
Leon;24089;2408906005;2022;34;121;74;83;54;187;94;87;88;308;168;170
Leon;24089;2408906005;2023;34;125;67;85;50;180;91;83;84;305;158;168
Leon;24089;2408906006;2021;53;119;102;79;97;167;134;106;150;286;236;185
Leon;24089;2408906006;2022;49;124;106;84;86;172;135;106;135;296;241;190
Leon;24089;2408906006;2023;47;129;94;91;82;174;130;105;129;303;224;196
Leon;24089;2408906007;2021;84;78;162;89;121;97;184;88;205;175;346;177
Leon;24089;2408906007;2022;96;117;202;127;138;145;193;110;234;262;395;237
Leon;24089;2408906007;2023;143;196;241;174;197;213;284;192;340;409;525;366
Leon;24089;2408906008;2021;21;113;56;94;40;136;87;88;61;249;143;182
Leon;24089;2408906008;2022;21;113;64;97;36;139;83;84;57;252;147;181
Leon;24089;2408906008;2023;22;111;58;105;37;134;79;88;59;245;137;193
Leon;24089;2408906009;2021;60;102;80;82;83;101;117;99;143;203;197;181
Leon;24089;2408906009;2022;55;108;75;77;73;108;126;98;128;216;201;175
Leon;24089;2408906009;2023;56;497;205;252;84;651;225;244;140;1148;430;496
Leon;24089;2408906010;2021;43;189;142;125;72;246;193;143;115;435;335;268
Leon;24089;2408906010;2022;43;195;150;119;78;247;188;147;121;442;338;266
Leon;24089;2408906010;2023;40;208;145;118;73;252;184;153;113;460;329;271
Leon;24089;2408906011;2021;43;114;95;101;64;142;82;78;107;256;177;179
Leon;24089;2408906011;2022;49;185;120;121;81;214;152;127;130;399;272;248
Leon;24089;2408906011;2023;42;198;110;128;79;220;152;126;121;418;262;254
Leon;24089;2408906012;2021;13;170;73;86;26;222;121;100;39;392;194;186
Leon;24089;2408906012;2022;12;176;68;90;26;224;117;104;38;400;185;194
Leon;24089;2408906012;2023;13;176;66;88;26;227;105;102;39;403;171;190
Leon;24089;2408906013;2021;28;155;51;60;62;196;73;99;90;351;124;159
Leon;24089;2408906013;2022;24;154;49;64;59;197;73;96;83;351;122;160
Leon;24089;2408906013;2023;21;150;44;70;50;191;73;91;71;341;117;161
Leon;24089;2408906014;2021;28;127;82;92;72;179;97;97;100;306;179;189
Leon;24089;2408906014;2022;23;126;80;85;62;174;97;88;85;300;177;173
Leon;24089;2408906014;2023;25;137;85;83;60;183;93;93;85;320;178;176
Leon;24089;2408906015;2021;39;209;82;130;62;281;122;133;101;490;204;263
Leon;24089;2408906015;2022;32;214;78;129;63;288;117;132;95;502;195;261
Leon;24089;2408906015;2023;28;223;73;117;53;294;110;126;81;517;183;243
Leon;24089;2408906016;2021;48;85;113;63;89;125;123;77;137;210;236;140
Leon;24089;2408906016;2022;40;84;114;70;87;125;129;76;127;209;243;146
Leon;24089;2408906016;2023;36;90;104;72;88;126;128;78;124;216;232;150
Leon;24089;2408906017;2021;58;422;169;219;67;555;206;201;125;977;375;420
Leon;24089;2408906017;2022;51;434;183;223;71;578;204;203;122;1012;387;426
Leon;24089;2408907001;2021;78;150;128;96;125;197;153;119;203;347;281;215
Leon;24089;2408907001;2022;76;148;136;103;106;197;147;122;182;345;283;225
Leon;24089;2408907001;2023;75;149;130;100;100;209;153;119;175;358;283;219
Leon;24089;2408907002;2021;53;84;143;80;120;121;157;81;173;205;300;161
Leon;24089;2408907002;2022;47;89;137;81;116;118;155;86;163;207;292;167
Leon;24089;2408907002;2023;50;94;145;83;107;121;159;88;157;215;304;171
Leon;24089;2408907003;2021;112;175;329;158;184;207;274;169;296;382;603;327
Leon;24089;2408907003;2022;104;176;334;162;178;202;268;168;282;378;602;330
Leon;24089;2408907003;2023;104;184;335;171;164;213;274;178;268;397;609;349
Leon;24089;2408907004;2021;81;78;176;84;133;100;175;125;214;178;351;209
Leon;24089;2408907004;2022;81;81;175;91;119;105;167;122;200;186;342;213
Leon;24089;2408907004;2023;85;84;173;87;122;98;157;125;207;182;330;212
Leon;24089;2408907005;2021;55;335;173;227;67;470;160;204;122;805;333;431
Leon;24089;2408907005;2022;48;331;192;225;65;479;165;202;113;810;357;427
Leon;24089;2408907005;2023;42;330;187;215;61;482;164;213;103;812;351;428
Leon;24089;2408907006;2021;45;237;189;164;79;291;229;201;124;528;418;365
Leon;24089;2408907006;2022;45;240;190;160;77;288;229;195;122;528;419;355
Leon;24089;2408907006;2023;45;240;184;166;73;283;222;190;118;523;406;356
Leon;24089;2408907007;2021;114;114;309;125;155;135;320;132;269;249;629;257
Leon;24089;2408907007;2022;117;109;305;130;151;125;319;142;268;234;624;272
Leon;24089;2408907007;2023;115;111;313;127;162;121;307;144;277;232;620;271
Leon;24089;2408907008;2021;57;100;188;113;107;141;210;110;164;241;398;223
Leon;24089;2408907008;2022;46;94;188;103;102;147;208;110;148;241;396;213
Leon;24089;2408907008;2023;46;92;186;107;102;143;207;118;148;235;393;225
Leon;24089;2408907009;2021;52;178;123;120;89;213;151;133;141;391;274;253
Leon;24089;2408907009;2022;10;150;38;64;26;187;64;68;36;337;102;132
Leon;24089;2408907009;2023;11;152;40;63;29;189;57;65;40;341;97;128
Leon;24089;2408907010;2021;115;81;190;84;180;94;213;96;295;175;403;180
Leon;24089;2408907010;2022;113;83;186;75;153;95;208;102;266;178;394;177
Leon;24089;2408907010;2023;111;89;190;78;156;100;217;107;267;189;407;185
Leon;24089;2408907011;2021;41;265;188;212;62;379;221;197;103;644;409;409
Leon;24089;2408907011;2022;34;273;191;208;51;382;210;201;85;655;401;409
Leon;24089;2408907011;2023;35;274;180;201;47;380;207;195;82;654;387;396
Leon;24089;2408907012;2021;56;104;210;120;101;130;227;100;157;234;437;220
Leon;24089;2408907012;2022;57;107;201;119;92;132;229;100;149;239;430;219
Leon;24089;2408907012;2023;55;104;201;119;96;130;235;104;151;234;436;223
Leon;24089;2408907013;2021;31;100;99;79;59;119;131;77;90;219;230;156
Leon;24089;2408907013;2022;30;95;98;76;48;121;128;75;78;216;226;151
Leon;24089;2408907013;2023;26;94;90;82;43;119;134;79;69;213;224;161
Leon;24089;2408907014;2021;12;156;39;66;25;191;63;69;37;347;102;135
Leon;24089;2408908001;2021;60;78;182;106;95;102;154;95;155;180;336;201
Leon;24089;2408908001;2022;55;76;184;105;91;114;156;96;146;190;340;201
Leon;24089;2408908001;2023;47;78;178;107;84;111;151;96;131;189;329;203
Leon;24089;2408908002;2021;89;167;289;193;140;228;273;185;229;395;562;378
Leon;24089;2408908002;2022;87;163;289;192;137;226;259;180;224;389;548;372
Leon;24089;2408908002;2023;81;168;292;208;127;242;268;194;208;410;560;402
Leon;24089;2408909001;2021;139;147;390;173;229;173;332;166;368;320;722;339
Leon;24089;2408909001;2022;129;153;374;174;218;176;333;169;347;329;707;343
Leon;24089;2408909001;2023;152;146;375;172;219;172;320;171;371;318;695;343
Leon;24089;2408909002;2021;41;51;126;70;67;63;107;63;108;114;233;133
Leon;24089;2408909002;2022;43;55;108;72;61;64;106;65;104;119;214;137
Leon;24089;2408909002;2023;42;62;107;67;60;62;109;61;102;124;216;128
Leon;24089;2408909003;2021;89;62;195;77;104;54;200;76;193;116;395;153
Leon;24089;2408909003;2022;85;61;202;81;103;56;199;79;188;117;401;160
Leon;24089;2408909003;2023;91;60;206;82;105;54;198;82;196;114;404;164
Leon;24089;2408910001;2021;40;162;138;104;65;256;158;130;105;418;296;234
Leon;24089;2408910001;2022;37;159;135;98;64;253;157;129;101;412;292;227
Leon;24089;2408910001;2023;34;164;130;105;61;261;155;133;95;425;285;238
Leon;24089;2408910002;2021;45;107;192;96;88;166;255;119;133;273;447;215
Leon;24089;2408910002;2022;42;107;195;97;77;167;255;118;119;274;450;215
Leon;24089;2408910002;2023;46;122;193;102;70;182;260;126;116;304;453;228
Leon;24089;2408910003;2021;67;81;84;65;131;118;90;84;198;199;174;149
Leon;24089;2408910003;2022;63;84;82;65;122;120;103;81;185;204;185;146
Leon;24089;2408910003;2023;62;88;95;64;109;131;100;95;171;219;195;159
Leon;24089;2408910004;2021;77;123;148;127;151;178;176;132;228;301;324;259
Leon;24089;2408910004;2022;67;127;135;126;133;180;174;125;200;307;309;251
Leon;24089;2408910004;2023;79;139;135;124;128;184;177;124;207;323;312;248
Leon;24089;2408910005;2021;59;135;171;135;95;209;199;150;154;344;370;285
Leon;24089;2408910005;2022;59;148;172;135;94;220;186;155;153;368;358;290
Leon;24089;2408910005;2023;55;165;166;129;89;232;179;158;144;397;345;287
Leon;24089;2408910006;2021;48;142;160;176;94;253;193;146;142;395;353;322
Leon;24089;2408910006;2022;44;146;164;166;94;249;192;144;138;395;356;310
Leon;24089;2408910006;2023;48;165;157;158;94;252;186;143;142;417;343;301
Leon;24089;2408910007;2021;57;269;191;187;99;368;213;195;156;637;404;382
Leon;24089;2408910007;2022;54;283;198;173;84;370;209;188;138;653;407;361
Leon;24089;2408910007;2023;45;294;198;174;83;378;200;193;128;672;398;367
Leon;24090;2409001001;2021;63;24;70;28;70;26;41;28;133;50;111;56
Leon;24090;2409001001;2022;63;26;68;29;67;30;38;29;130;56;106;58
Leon;24090;2409001001;2023;52;25;70;31;63;29;39;30;115;54;109;61
Leon;24091;2409101001;2021;96;55;95;49;114;32;74;34;210;87;169;83
Leon;24091;2409101001;2022;90;56;98;54;106;35;66;38;196;91;164;92
Leon;24091;2409101001;2023;85;60;102;56;104;37;69;36;189;97;171;92
Leon;24092;2409201001;2021;105;57;164;72;126;66;109;57;231;123;273;129
Leon;24092;2409201001;2022;100;65;163;73;119;65;108;62;219;130;271;135
Leon;24092;2409201001;2023;90;64;167;73;113;67;108;63;203;131;275;136
Leon;24093;2409301001;2021;48;33;61;40;77;31;24;30;125;64;85;70
Leon;24093;2409301001;2022;44;36;62;41;74;35;24;28;118;71;86;69
Leon;24093;2409301001;2023;43;36;57;43;68;36;26;29;111;72;83;72
Leon;24094;2409401001;2021;142;145;299;158;205;149;233;156;347;294;532;314
Leon;24094;2409401001;2022;129;148;304;156;199;152;233;155;328;300;537;311
Leon;24094;2409401001;2023;127;151;303;152;187;157;226;150;314;308;529;302
Leon;24095;2409501001;2021;30;38;57;43;31;54;33;30;61;92;90;73
Leon;24095;2409501001;2022;27;41;56;45;28;58;36;26;55;99;92;71
Leon;24095;2409501001;2023;25;44;57;40;26;58;37;25;51;102;94;65
Leon;24096;2409601001;2021;7;15;24;17;14;14;7;10;21;29;31;27
Leon;24096;2409601001;2022;5;17;24;18;12;14;8;9;17;31;32;27
Leon;24096;2409601001;2023;5;16;25;24;12;12;9;11;17;28;34;35
Leon;24097;2409701001;2021;8;23;52;29;15;24;42;22;23;47;94;51
Leon;24097;2409701001;2022;9;23;50;32;11;25;39;24;20;48;89;56
Leon;24097;2409701001;2023;6;24;45;30;11;25;37;24;17;49;82;54
Leon;24098;2409801001;2021;81;135;242;161;136;138;184;113;217;273;426;274
Leon;24098;2409801001;2022;73;139;239;159;130;149;177;109;203;288;416;268
Leon;24098;2409801001;2023;69;144;238;157;129;145;173;115;198;289;411;272
Leon;24099;2409901001;2021;24;9;35;21;22;13;25;15;46;22;60;36
Leon;24099;2409901001;2022;26;10;36;22;23;14;23;16;49;24;59;38
Leon;24099;2409901001;2023;22;12;37;24;20;16;23;15;42;28;60;39
Leon;24100;2410001001;2021;62;131;124;114;97;119;87;65;159;250;211;179
Leon;24100;2410001001;2022;47;129;124;105;80;125;85;65;127;254;209;170
Leon;24100;2410001001;2023;40;132;131;112;76;130;87;71;116;262;218;183
Leon;24101;2410101001;2021;56;38;45;50;73;29;36;29;129;67;81;79
Leon;24101;2410101001;2022;51;38;47;52;68;29;36;32;119;67;83;84
Leon;24101;2410101001;2023;52;39;46;54;62;30;33;31;114;69;79;85
Leon;24102;2410201001;2021;66;45;116;74;104;36;92;57;170;81;208;131
Leon;24102;2410201001;2022;63;47;116;70;99;39;93;56;162;86;209;126
Leon;24102;2410201001;2023;56;48;117;73;98;41;95;55;154;89;212;128
Leon;24103;2410301001;2021;48;15;69;19;54;13;30;15;102;28;99;34
Leon;24103;2410301001;2022;46;14;70;26;53;14;36;15;99;28;106;41
Leon;24103;2410301001;2023;42;17;76;31;48;13;37;17;90;30;113;48
Leon;24104;2410401001;2021;46;23;41;26;55;15;21;23;101;38;62;49
Leon;24104;2410401001;2022;41;22;38;28;53;14;20;24;94;36;58;52
Leon;24104;2410401001;2023;36;24;42;32;49;16;21;27;85;40;63;59
Leon;24105;2410501001;2021;111;204;276;237;150;218;218;202;261;422;494;439
Leon;24105;2410501001;2022;98;222;274;234;138;236;207;201;236;458;481;435
Leon;24105;2410501001;2023;88;231;277;245;131;250;211;207;219;481;488;452
Leon;24106;2410601001;2021;27;32;32;37;37;24;15;10;64;56;47;47
Leon;24106;2410601001;2022;24;39;36;36;35;26;16;9;59;65;52;45
Leon;24106;2410601001;2023;22;39;34;38;31;26;16;11;53;65;50;49
Leon;24107;2410701001;2021;42;28;46;22;35;14;28;9;77;42;74;31
Leon;24107;2410701001;2022;43;29;46;21;33;16;30;7;76;45;76;28
Leon;24107;2410701001;2023;40;30;48;23;31;17;34;8;71;47;82;31
Leon;24108;2410801001;2021;36;29;89;18;55;35;55;30;91;64;144;48
Leon;24108;2410801001;2022;33;32;87;25;53;38;52;29;86;70;139;54
Leon;24108;2410801001;2023;33;30;84;24;49;39;50;29;82;69;134;53
Leon;24109;2410901001;2021;60;75;243;95;119;75;131;66;179;150;374;161
Leon;24109;2410901001;2022;56;71;246;90;109;77;128;64;165;148;374;154
Leon;24109;2410901001;2023;57;74;239;92;101;79;120;63;158;153;359;155
Leon;24110;2411001001;2021;155;87;254;106;216;89;155;101;371;176;409;207
Leon;24110;2411001001;2022;148;91;250;109;201;90;152;101;349;181;402;210
Leon;24110;2411001001;2023;138;95;242;107;192;95;158;106;330;190;400;213
Leon;24112;2411201001;2021;41;28;61;27;49;15;25;18;90;43;86;45
Leon;24112;2411201001;2022;41;32;59;27;46;16;27;22;87;48;86;49
Leon;24112;2411201001;2023;38;34;61;29;42;16;26;19;80;50;87;48
Leon;24113;2411301001;2021;72;26;61;22;92;20;45;12;164;46;106;34
Leon;24113;2411301001;2022;67;27;61;26;90;23;47;12;157;50;108;38
Leon;24113;2411301001;2023;63;26;59;27;88;22;44;13;151;48;103;40
Leon;24114;2411401001;2021;175;134;257;155;242;128;175;149;417;262;432;304
Leon;24114;2411401001;2022;163;134;240;148;217;130;176;141;380;264;416;289
Leon;24114;2411401001;2023;146;138;228;144;208;130;171;134;354;268;399;278
Leon;24114;2411401002;2021;81;60;189;91;141;74;149;78;222;134;338;169
Leon;24114;2411401002;2022;70;69;180;90;129;75;145;78;199;144;325;168
Leon;24114;2411401002;2023;64;73;181;85;126;74;136;81;190;147;317;166
Leon;24114;2411401003;2021;58;72;106;78;102;51;80;59;160;123;186;137
Leon;24114;2411401003;2022;55;76;101;78;93;56;79;54;148;132;180;132
Leon;24114;2411401003;2023;53;81;94;85;87;60;81;55;140;141;175;140
Leon;24115;2411501001;2021;113;186;234;148;168;253;223;161;281;439;457;309
Leon;24115;2411501001;2022;104;188;233;151;164;259;225;151;268;447;458;302
Leon;24115;2411501001;2023;105;193;217;153;167;268;216;154;272;461;433;307
Leon;24115;2411501002;2021;84;182;143;102;160;236;125;113;244;418;268;215
Leon;24115;2411501002;2022;85;184;152;101;151;247;121;114;236;431;273;215
Leon;24115;2411501002;2023;84;179;150;96;149;240;129;111;233;419;279;207
Leon;24115;2411501003;2021;94;173;192;149;187;197;151;124;281;370;343;273
Leon;24115;2411501003;2022;93;170;193;148;178;208;146;121;271;378;339;269
Leon;24115;2411501003;2023;81;172;189;167;167;212;148;123;248;384;337;290
Leon;24115;2411501004;2021;63;136;181;136;78;164;188;116;141;300;369;252
Leon;24115;2411501004;2022;62;136;178;142;74;165;184;120;136;301;362;262
Leon;24115;2411501004;2023;65;137;174;138;80;171;172;131;145;308;346;269
Leon;24115;2411501005;2021;103;233;192;168;186;309;187;166;289;542;379;334
Leon;24115;2411501005;2022;92;233;191;152;174;312;187;172;266;545;378;324
Leon;24115;2411501005;2023;92;235;187;160;163;308;178;175;255;543;365;335
Leon;24115;2411501006;2021;121;187;248;158;169;273;216;158;290;460;464;316
Leon;24115;2411501006;2022;116;189;228;167;164;269;216;156;280;458;444;323
Leon;24115;2411501006;2023;107;193;228;162;155;277;214;164;262;470;442;326
Leon;24115;2411501007;2021;102;263;163;153;188;278;157;166;290;541;320;319
Leon;24115;2411501007;2022;100;260;164;147;176;278;157;167;276;538;321;314
Leon;24115;2411501007;2023;96;257;160;154;166;279;153;168;262;536;313;322
Leon;24115;2411501008;2021;121;147;177;117;166;194;164;128;287;341;341;245
Leon;24115;2411501008;2022;109;145;178;120;161;199;164;127;270;344;342;247
Leon;24115;2411501008;2023;99;137;165;116;155;200;152;135;254;337;317;251
Leon;24115;2411501009;2021;55;115;174;107;111;168;153;133;166;283;327;240
Leon;24115;2411501009;2022;56;113;175;106;105;172;152;135;161;285;327;241
Leon;24115;2411501009;2023;54;114;175;121;100;169;148;139;154;283;323;260
Leon;24115;2411501010;2021;74;90;132;86;119;126;120;79;193;216;252;165
Leon;24115;2411501010;2022;70;94;130;85;107;123;117;80;177;217;247;165
Leon;24115;2411501010;2023;70;92;131;81;102;126;110;85;172;218;241;166
Leon;24115;2411501011;2021;45;118;122;83;80;191;83;66;125;309;205;149
Leon;24115;2411501011;2022;44;115;122;85;80;191;79;69;124;306;201;154
Leon;24115;2411501011;2023;39;123;116;82;78;192;80;64;117;315;196;146
Leon;24115;2411501012;2021;84;256;223;177;144;345;182;182;228;601;405;359
Leon;24115;2411501012;2022;82;260;217;175;139;348;182;188;221;608;399;363
Leon;24115;2411501012;2023;75;263;216;179;129;363;178;189;204;626;394;368
Leon;24115;2411502001;2021;140;136;250;120;215;192;220;128;355;328;470;248
Leon;24115;2411502001;2022;133;135;257;127;216;183;222;142;349;318;479;269
Leon;24115;2411502001;2023;126;139;258;125;197;185;217;135;323;324;475;260
Leon;24115;2411502002;2021;89;170;174;116;158;226;133;119;247;396;307;235
Leon;24115;2411502002;2022;83;176;177;122;148;220;135;129;231;396;312;251
Leon;24115;2411502002;2023;79;179;185;125;141;221;133;130;220;400;318;255
Leon;24115;2411502003;2021;89;171;137;106;156;207;149;107;245;378;286;213
Leon;24115;2411502003;2022;86;174;140;102;152;224;147;113;238;398;287;215
Leon;24115;2411502003;2023;84;169;137;101;140;230;143;118;224;399;280;219
Leon;24115;2411502004;2021;49;230;105;136;79;287;144;107;128;517;249;243
Leon;24115;2411502004;2022;43;231;116;129;72;294;136;112;115;525;252;241
Leon;24115;2411502004;2023;43;237;117;132;73;307;127;115;116;544;244;247
Leon;24115;2411502005;2021;125;166;195;132;216;230;167;154;341;396;362;286
Leon;24115;2411502005;2022;114;168;191;133;205;230;159;157;319;398;350;290
Leon;24115;2411502005;2023;107;165;195;136;194;229;163;150;301;394;358;286
Leon;24115;2411502006;2021;74;119;127;97;132;174;115;82;206;293;242;179
Leon;24115;2411502006;2022;64;126;121;101;118;177;114;75;182;303;235;176
Leon;24115;2411502006;2023;70;124;113;102;112;180;114;86;182;304;227;188
Leon;24115;2411502007;2021;86;215;144;149;168;268;145;155;254;483;289;304
Leon;24115;2411502007;2022;80;225;142;147;154;287;140;146;234;512;282;293
Leon;24115;2411502007;2023;85;218;135;147;157;285;126;150;242;503;261;297
Leon;24115;2411502008;2021;110;88;207;110;165;169;208;116;275;257;415;226
Leon;24115;2411502008;2022;94;89;217;112;159;170;194;119;253;259;411;231
Leon;24115;2411502008;2023;90;90;206;108;148;176;191;127;238;266;397;235
Leon;24115;2411502009;2021;93;99;148;82;156;130;145;85;249;229;293;167
Leon;24115;2411502009;2022;94;102;135;79;150;133;142;84;244;235;277;163
Leon;24115;2411502009;2023;92;99;135;82;148;136;142;87;240;235;277;169
Leon;24115;2411502010;2021;75;188;122;110;130;224;139;108;205;412;261;218
Leon;24115;2411502010;2022;71;177;112;110;126;218;142;103;197;395;254;213
Leon;24115;2411502010;2023;70;187;117;112;127;222;132;106;197;409;249;218
Leon;24115;2411502011;2021;81;52;159;68;179;72;133;54;260;124;292;122
Leon;24115;2411502011;2022;77;55;153;69;170;79;131;50;247;134;284;119
Leon;24115;2411502011;2023;72;56;164;69;170;76;136;56;242;132;300;125
Leon;24115;2411502012;2021;95;56;163;93;137;94;141;80;232;150;304;173
Leon;24115;2411502012;2022;88;57;174;88;121;94;143;75;209;151;317;163
Leon;24115;2411502012;2023;99;55;169;88;125;88;142;79;224;143;311;167
Leon;24115;2411502013;2021;116;250;231;176;184;339;239;188;300;589;470;364
Leon;24115;2411502013;2022;108;258;229;172;173;335;229;187;281;593;458;359
Leon;24115;2411502013;2023;100;258;230;165;156;339;218;183;256;597;448;348
Leon;24115;2411502014;2021;34;126;50;65;66;152;61;82;100;278;111;147
Leon;24115;2411502014;2022;30;124;49;69;63;155;57;84;93;279;106;153
Leon;24115;2411502014;2023;29;119;48;71;67;153;59;84;96;272;107;155
Leon;24115;2411502015;2021;48;247;178;152;78;291;155;133;126;538;333;285
Leon;24115;2411502015;2022;45;249;167;150;72;295;154;135;117;544;321;285
Leon;24115;2411502015;2023;48;246;168;144;69;300;148;124;117;546;316;268
Leon;24115;2411502016;2021;45;365;167;187;76;466;142;167;121;831;309;354
Leon;24115;2411502016;2022;46;378;174;184;75;483;149;179;121;861;323;363
Leon;24115;2411502016;2023;53;408;186;188;75;514;154;199;128;922;340;387
Leon;24115;2411502017;2021;62;277;145;128;61;343;120;119;123;620;265;247
Leon;24115;2411502017;2022;55;285;152;127;63;349;122;123;118;634;274;250
Leon;24115;2411502017;2023;56;309;149;138;60;375;119;130;116;684;268;268
Leon;24115;2411503001;2021;107;181;258;156;134;264;216;155;241;445;474;311
Leon;24115;2411503001;2022;108;178;260;166;124;272;230;152;232;450;490;318
Leon;24115;2411503001;2023;99;185;268;163;135;281;226;159;234;466;494;322
Leon;24115;2411503002;2021;148;184;365;182;288;221;343;199;436;405;708;381
Leon;24115;2411503002;2022;133;197;338;176;257;221;337;198;390;418;675;374
Leon;24115;2411503002;2023;129;196;329;183;261;220;330;200;390;416;659;383
Leon;24115;2411503003;2021;177;161;411;195;267;223;324;225;444;384;735;420
Leon;24115;2411503003;2022;164;169;420;206;246;236;338;218;410;405;758;424
Leon;24115;2411503003;2023;161;170;421;207;231;238;345;220;392;408;766;427
Leon;24115;2411503004;2021;96;64;232;88;125;95;167;103;221;159;399;191
Leon;24115;2411503004;2022;102;68;232;89;123;99;180;101;225;167;412;190
Leon;24115;2411503004;2023;92;74;236;89;109;100;185;112;201;174;421;201
Leon;24115;2411503005;2021;123;88;254;102;186;138;184;127;309;226;438;229
Leon;24115;2411503005;2022;115;91;253;102;169;138;192;126;284;229;445;228
Leon;24115;2411503005;2023;107;95;246;107;165;133;190;123;272;228;436;230
Leon;24115;2411503006;2021;92;58;185;82;161;79;165;95;253;137;350;177
Leon;24115;2411503006;2022;87;60;177;83;151;83;169;97;238;143;346;180
Leon;24115;2411503006;2023;80;66;181;84;143;92;176;93;223;158;357;177
Leon;24115;2411503007;2021;152;92;290;118;206;130;249;127;358;222;539;245
Leon;24115;2411503007;2022;139;97;281;115;188;140;247;114;327;237;528;229
Leon;24115;2411503007;2023;137;110;278;120;179;149;248;121;316;259;526;241
Leon;24115;2411504001;2021;122;200;192;140;217;212;162;138;339;412;354;278
Leon;24115;2411504001;2022;108;201;189;122;204;213;153;133;312;414;342;255
Leon;24115;2411504001;2023;108;201;180;123;196;213;157;133;304;414;337;256
Leon;24115;2411504002;2021;74;46;139;54;108;65;73;36;182;111;212;90
Leon;24115;2411504002;2022;73;49;140;53;108;66;83;36;181;115;223;89
Leon;24115;2411504002;2023;65;47;138;54;100;68;84;33;165;115;222;87
Leon;24115;2411505001;2021;160;171;325;164;262;231;267;162;422;402;592;326
Leon;24115;2411505001;2022;150;180;326;169;238;233;272;160;388;413;598;329
Leon;24115;2411505001;2023;147;184;316;176;238;244;275;171;385;428;591;347
Leon;24115;2411505002;2021;92;99;116;91;138;117;100;81;230;216;216;172
Leon;24115;2411505002;2022;96;106;126;94;136;125;109;79;232;231;235;173
Leon;24115;2411505002;2023;90;108;127;95;137;126;117;85;227;234;244;180
Leon;24115;2411505003;2021;155;80;242;86;234;126;165;88;389;206;407;174
Leon;24115;2411505003;2022;136;89;250;89;230;125;163;94;366;214;413;183
Leon;24115;2411505003;2023;134;94;247;82;227;136;163;93;361;230;410;175
Leon;24115;2411505004;2021;110;274;243;222;197;291;208;195;307;565;451;417
Leon;24115;2411505004;2022;100;276;247;220;184;302;210;191;284;578;457;411
Leon;24115;2411505004;2023;93;282;256;212;177;304;204;191;270;586;460;403
Leon;24115;2411505005;2021;104;52;119;53;121;58;88;56;225;110;207;109
Leon;24115;2411505005;2022;93;51;123;49;112;58;87;54;205;109;210;103
Leon;24115;2411505005;2023;87;57;127;48;111;60;80;56;198;117;207;104
Leon;24115;2411505006;2021;137;157;275;147;227;201;222;163;364;358;497;310
Leon;24115;2411505006;2022;127;160;257;151;221;202;213;161;348;362;470;312
Leon;24115;2411505006;2023;112;163;254;155;219;207;218;163;331;370;472;318
Leon;24115;2411505007;2021;178;176;246;162;231;203;199;139;409;379;445;301
Leon;24115;2411505007;2022;171;174;255;154;217;205;198;139;388;379;453;293
Leon;24115;2411505007;2023;159;184;246;160;206;223;200;142;365;407;446;302
Leon;24115;2411506001;2021;78;46;114;58;118;49;65;47;196;95;179;105
Leon;24115;2411506001;2022;69;48;117;49;112;51;68;43;181;99;185;92
Leon;24115;2411506001;2023;71;50;119;51;112;49;69;47;183;99;188;98
Leon;24116;2411601001;2021;37;56;90;53;42;40;58;26;79;96;148;79
Leon;24116;2411601001;2022;36;58;88;52;37;44;58;26;73;102;146;78
Leon;24116;2411601001;2023;35;59;86;54;36;46;57;25;71;105;143;79
Leon;24117;2411701001;2021;59;35;81;20;87;27;63;17;146;62;144;37
Leon;24117;2411701001;2022;57;36;84;20;84;31;64;19;141;67;148;39
Leon;24117;2411701001;2023;51;33;83;21;86;29;65;20;137;62;148;41
Leon;24118;2411801001;2021;5;15;25;9;12;12;14;4;17;27;39;13
Leon;24118;2411801001;2022;5;15;27;11;11;12;13;5;16;27;40;16
Leon;24118;2411801001;2023;5;15;28;12;10;14;15;5;15;29;43;17
Leon;24119;2411901001;2021;77;57;146;72;132;71;92;60;209;128;238;132
Leon;24119;2411901001;2022;73;61;138;71;124;79;91;61;197;140;229;132
Leon;24119;2411901001;2023;66;63;137;68;119;78;90;65;185;141;227;133
Leon;24120;2412001001;2021;23;50;73;37;27;36;43;18;50;86;116;55
Leon;24120;2412001001;2022;21;50;72;35;22;40;41;21;43;90;113;56
Leon;24120;2412001001;2023;19;54;72;35;20;44;39;25;39;98;111;60
Leon;24121;2412101001;2021;62;82;125;83;61;74;81;42;123;156;206;125
Leon;24121;2412101001;2022;60;78;124;83;61;75;81;44;121;153;205;127
Leon;24121;2412101001;2023;56;86;127;81;60;77;84;48;116;163;211;129
Leon;24122;2412201001;2021;200;86;297;106;199;104;233;109;399;190;530;215
Leon;24122;2412201001;2022;187;92;303;106;193;109;232;112;380;201;535;218
Leon;24122;2412201001;2023;170;95;304;107;184;112;225;113;354;207;529;220
Leon;24123;2412301001;2021;111;84;135;59;129;59;76;44;240;143;211;103
Leon;24123;2412301001;2022;98;87;135;64;122;62;78;43;220;149;213;107
Leon;24123;2412301001;2023;86;95;140;69;117;71;83;46;203;166;223;115
Leon;24124;2412401001;2021;39;23;85;39;69;24;45;12;108;47;130;51
Leon;24124;2412401001;2022;40;26;84;39;68;22;45;13;108;48;129;52
Leon;24124;2412401001;2023;34;26;82;39;60;19;45;12;94;45;127;51
Leon;24125;2412501001;2021;63;36;87;28;87;16;62;23;150;52;149;51
Leon;24125;2412501001;2022;52;37;90;28;79;16;64;23;131;53;154;51
Leon;24125;2412501001;2023;51;41;95;34;79;18;66;23;130;59;161;57
Leon;24127;2412701001;2021;45;18;49;20;57;19;27;21;102;37;76;41
Leon;24127;2412701001;2022;40;19;50;22;52;19;29;19;92;38;79;41
Leon;24127;2412701001;2023;35;22;52;23;51;19;29;18;86;41;81;41
Leon;24129;2412901001;2021;10;20;20;17;15;19;12;16;25;39;32;33
Leon;24129;2412901001;2022;10;18;21;16;14;20;12;14;24;38;33;30
Leon;24129;2412901001;2023;10;20;22;18;11;19;14;13;21;39;36;31
Leon;24130;2413001001;2021;16;65;87;69;18;66;61;47;34;131;148;116
Leon;24130;2413001001;2022;15;73;82;66;18;70;61;49;33;143;143;115
Leon;24130;2413001001;2023;15;72;80;68;18;72;62;46;33;144;142;114
Leon;24131;2413101001;2021;107;57;144;53;130;56;81;40;237;113;225;93
Leon;24131;2413101001;2022;104;63;145;56;124;66;90;41;228;129;235;97
Leon;24131;2413101001;2023;98;62;151;51;117;67;88;38;215;129;239;89
Leon;24132;2413201001;2021;93;83;103;57;89;69;51;50;182;152;154;107
Leon;24132;2413201001;2022;91;90;100;59;88;68;51;48;179;158;151;107
Leon;24132;2413201001;2023;82;93;98;58;81;73;52;50;163;166;150;108
Leon;24133;2413301001;2021;55;44;62;52;58;40;44;18;113;84;106;70
Leon;24133;2413301001;2022;49;47;61;52;58;42;45;17;107;89;106;69
Leon;24133;2413301001;2023;42;48;58;57;52;43;46;21;94;91;104;78
Leon;24134;2413401001;2021;82;125;181;148;130;120;195;109;212;245;376;257
Leon;24134;2413401001;2022;79;130;185;145;131;120;193;117;210;250;378;262
Leon;24134;2413401001;2023;75;137;185;138;134;122;189;115;209;259;374;253
Leon;24134;2413401002;2021;84;91;141;76;130;93;106;69;214;184;247;145
Leon;24134;2413401002;2022;74;89;138;78;118;95;105;70;192;184;243;148
Leon;24134;2413401002;2023;70;90;139;80;103;98;103;68;173;188;242;148
Leon;24134;2413401003;2021;103;181;269;198;141;186;264;180;244;367;533;378
Leon;24134;2413401003;2022;105;185;262;200;132;185;265;177;237;370;527;377
Leon;24134;2413401003;2023;101;186;258;191;128;196;256;180;229;382;514;371
Leon;24136;2413601001;2021;94;43;74;40;120;48;47;20;214;91;121;60
Leon;24136;2413601001;2022;91;44;72;42;117;51;50;20;208;95;122;62
Leon;24136;2413601001;2023;85;45;74;41;114;51;48;25;199;96;122;66
Leon;24137;2413701001;2021;99;75;233;141;130;88;184;116;229;163;417;257
Leon;24137;2413701001;2022;90;81;224;144;121;89;182;116;211;170;406;260
Leon;24137;2413701001;2023;83;80;211;142;111;87;175;117;194;167;386;259
Leon;24139;2413901001;2021;107;81;127;78;116;78;78;58;223;159;205;136
Leon;24139;2413901001;2022;78;87;124;74;99;89;78;64;177;176;202;138
Leon;24139;2413901001;2023;80;85;124;77;95;97;85;65;175;182;209;142
Leon;24139;2413901002;2021;167;138;234;150;251;194;204;132;418;332;438;282
Leon;24139;2413901002;2022;169;144;239;143;263;199;208;129;432;343;447;272
Leon;24139;2413901002;2023;169;155;235;144;255;199;217;134;424;354;452;278
Leon;24141;2414101001;2021;8;8;21;20;18;8;10;6;26;16;31;26
Leon;24141;2414101001;2022;7;9;21;19;15;7;13;7;22;16;34;26
Leon;24141;2414101001;2023;6;10;22;17;14;4;11;6;20;14;33;23
Leon;24142;2414201001;2021;74;239;316;258;105;338;279;230;179;577;595;488
Leon;24142;2414201001;2022;69;250;311;261;97;353;267;216;166;603;578;477
Leon;24142;2414201001;2023;61;279;307;261;89;361;281;222;150;640;588;483
Leon;24142;2414201002;2021;88;317;319;243;128;385;284;254;216;702;603;497
Leon;24142;2414201002;2022;83;304;325;255;118;397;299;253;201;701;624;508
Leon;24142;2414201002;2023;86;317;317;243;113;392;292;265;199;709;609;508
Leon;24142;2414201003;2021;55;280;392;301;64;383;361;231;119;663;753;532
Leon;24142;2414201003;2022;56;293;370;302;60;392;357;233;116;685;727;535
Leon;24142;2414201003;2023;52;298;372;304;62;398;353;234;114;696;725;538
Leon;24142;2414202001;2021;126;231;382;271;213;316;341;266;339;547;723;537
Leon;24142;2414202001;2022;120;233;379;265;191;326;344;264;311;559;723;529
Leon;24142;2414202001;2023;122;243;385;270;184;344;329;272;306;587;714;542
Leon;24142;2414202002;2021;121;225;376;232;167;300;306;237;288;525;682;469
Leon;24142;2414202002;2022;111;226;387;236;166;321;295;245;277;547;682;481
Leon;24142;2414202002;2023;111;227;390;241;161;333;306;249;272;560;696;490
Leon;24142;2414202003;2021;44;185;131;132;90;221;155;133;134;406;286;265
Leon;24142;2414202003;2022;39;175;130;121;78;214;157;134;117;389;287;255
Leon;24142;2414202003;2023;35;177;126;122;73;218;152;135;108;395;278;257
Leon;24142;2414202004;2021;83;182;190;148;135;213;164;153;218;395;354;301
Leon;24142;2414202004;2022;89;181;189;152;132;222;164;145;221;403;353;297
Leon;24142;2414202004;2023;87;189;187;146;126;223;167;147;213;412;354;293
Leon;24142;2414202005;2021;90;107;213;130;125;132;214;116;215;239;427;246
Leon;24142;2414202005;2022;85;99;220;136;121;133;207;121;206;232;427;257
Leon;24142;2414202005;2023;85;103;214;135;114;137;212;127;199;240;426;262
Leon;24142;2414202006;2021;69;87;147;110;116;126;148;128;185;213;295;238
Leon;24142;2414202006;2022;62;91;152;114;114;135;140;127;176;226;292;241
Leon;24142;2414202006;2023;60;91;157;123;108;135;154;124;168;226;311;247
Leon;24142;2414202007;2021;76;173;186;158;115;210;211;160;191;383;397;318
Leon;24142;2414202007;2022;71;168;182;165;109;208;208;167;180;376;390;332
Leon;24142;2414202007;2023;68;177;183;157;107;223;205;183;175;400;388;340
Leon;24142;2414202008;2021;95;182;239;208;126;259;221;183;221;441;460;391
Leon;24142;2414202008;2022;91;181;242;209;121;259;226;183;212;440;468;392
Leon;24142;2414202008;2023;90;180;239;217;119;262;242;182;209;442;481;399
Leon;24142;2414202009;2021;76;232;190;202;115;239;195;178;191;471;385;380
Leon;24142;2414202009;2022;78;232;188;205;103;239;196;179;181;471;384;384
Leon;24142;2414202009;2023;81;230;184;203;104;240;187;181;185;470;371;384
Leon;24142;2414202010;2021;60;199;235;146;91;238;182;142;151;437;417;288
Leon;24142;2414202010;2022;61;193;228;150;87;246;189;135;148;439;417;285
Leon;24142;2414202010;2023;62;196;223;155;86;240;190;136;148;436;413;291
Leon;24142;2414202011;2021;59;146;155;133;102;199;176;132;161;345;331;265
Leon;24142;2414202011;2022;59;145;152;143;96;209;180;131;155;354;332;274
Leon;24142;2414202011;2023;59;147;152;145;100;201;177;133;159;348;329;278
Leon;24142;2414202012;2021;42;203;208;188;73;305;227;209;115;508;435;397
Leon;24142;2414202012;2022;40;206;208;189;75;292;219;222;115;498;427;411
Leon;24142;2414202012;2023;42;202;203;185;78;294;218;231;120;496;421;416
Leon;24142;2414202013;2021;42;152;186;166;72;200;164;158;114;352;350;324
Leon;24142;2414202013;2022;40;156;192;168;67;207;155;164;107;363;347;332
Leon;24142;2414202013;2023;40;158;194;164;65;202;156;164;105;360;350;328
Leon;24142;2414203001;2021;54;73;71;71;113;98;82;63;167;171;153;134
Leon;24142;2414203001;2022;48;73;68;71;108;96;79;62;156;169;147;133
Leon;24142;2414203001;2023;45;71;73;70;104;96;78;72;149;167;151;142
Leon;24142;2414203002;2021;98;94;180;124;208;121;161;120;306;215;341;244
Leon;24142;2414203002;2022;84;100;181;115;197;121;161;120;281;221;342;235
Leon;24142;2414203002;2023;87;108;178;109;191;128;157;132;278;236;335;241
Leon;24142;2414203003;2021;55;119;134;104;111;166;122;95;166;285;256;199
Leon;24142;2414203003;2022;57;111;137;100;109;167;121;97;166;278;258;197
Leon;24142;2414203003;2023;59;118;135;112;103;176;126;106;162;294;261;218
Leon;24143;2414301001;2021;61;45;101;40;80;53;72;43;141;98;173;83
Leon;24143;2414301001;2022;58;51;101;38;80;53;73;41;138;104;174;79
Leon;24143;2414301001;2023;60;51;101;40;75;56;73;39;135;107;174;79
Leon;24144;2414401001;2021;76;47;123;75;118;54;76;44;194;101;199;119
Leon;24144;2414401001;2022;71;51;119;74;114;55;78;49;185;106;197;123
Leon;24144;2414401001;2023;62;52;117;74;107;62;72;52;169;114;189;126
Leon;24145;2414501001;2021;65;72;133;64;90;61;70;42;155;133;203;106
Leon;24145;2414501001;2022;60;78;131;70;84;68;72;44;144;146;203;114
Leon;24145;2414501001;2023;55;77;124;73;78;67;70;40;133;144;194;113
Leon;24146;2414601001;2021;38;23;49;19;55;20;29;15;93;43;78;34
Leon;24146;2414601001;2022;34;26;50;19;49;22;29;18;83;48;79;37
Leon;24146;2414601001;2023;31;23;54;20;46;23;32;19;77;46;86;39
Leon;24148;2414801001;2021;64;93;199;94;103;106;141;79;167;199;340;173
Leon;24148;2414801001;2022;60;97;202;95;95;108;143;79;155;205;345;174
Leon;24148;2414801001;2023;54;96;196;95;90;113;143;81;144;209;339;176
Leon;24148;2414801002;2021;91;74;174;54;133;74;78;73;224;148;252;127
Leon;24148;2414801002;2022;87;77;177;53;124;80;76;73;211;157;253;126
Leon;24148;2414801002;2023;81;78;176;57;116;89;81;76;197;167;257;133
Leon;24149;2414901001;2021;23;12;27;22;20;24;22;10;43;36;49;32
Leon;24149;2414901001;2022;23;11;30;22;17;27;21;9;40;38;51;31
Leon;24149;2414901001;2023;24;11;30;22;17;27;20;12;41;38;50;34
Leon;24150;2415001001;2021;22;22;54;13;29;14;47;12;51;36;101;25
Leon;24150;2415001001;2022;22;26;56;14;29;16;47;11;51;42;103;25
Leon;24150;2415001001;2023;20;26;56;14;28;17;44;13;48;43;100;27
Leon;24151;2415101001;2021;56;56;77;52;75;61;45;35;131;117;122;87
Leon;24151;2415101001;2022;52;59;78;53;69;70;49;38;121;129;127;91
Leon;24151;2415101001;2023;53;61;80;57;67;73;53;37;120;134;133;94
Leon;24152;2415201001;2021;79;49;81;60;80;42;54;35;159;91;135;95
Leon;24152;2415201001;2022;73;49;86;64;76;55;49;37;149;104;135;101
Leon;24152;2415201001;2023;65;47;86;60;70;51;49;37;135;98;135;97
Leon;24153;2415301001;2021;25;21;52;33;39;26;34;22;64;47;86;55
Leon;24153;2415301001;2022;23;20;58;36;35;31;35;20;58;51;93;56
Leon;24153;2415301001;2023;22;21;58;36;38;31;37;20;60;52;95;56
Leon;24154;2415401001;2021;130;58;246;65;160;85;137;75;290;143;383;140
Leon;24154;2415401001;2022;122;65;250;68;154;97;137;78;276;162;387;146
Leon;24154;2415401001;2023;120;65;249;72;143;96;134;80;263;161;383;152
Leon;24155;2415501001;2021;61;39;102;31;75;51;67;26;136;90;169;57
Leon;24155;2415501001;2022;60;41;99;30;68;53;66;26;128;94;165;56
Leon;24155;2415501001;2023;56;42;99;30;67;48;67;27;123;90;166;57
Leon;24156;2415601001;2021;27;16;45;26;45;13;29;10;72;29;74;36
Leon;24156;2415601001;2022;24;17;47;27;39;15;30;9;63;32;77;36
Leon;24156;2415601001;2023;24;17;46;27;35;15;30;12;59;32;76;39
Leon;24157;2415701001;2021;105;114;229;164;153;148;218;134;258;262;447;298
Leon;24157;2415701001;2022;102;119;225;164;145;147;203;128;247;266;428;292
Leon;24157;2415701001;2023;99;118;234;160;140;151;208;124;239;269;442;284
Leon;24157;2415701002;2021;132;134;281;172;175;192;247;166;307;326;528;338
Leon;24157;2415701002;2022;130;136;274;170;167;195;249;161;297;331;523;331
Leon;24157;2415701002;2023;125;139;272;170;164;205;248;152;289;344;520;322
Leon;24158;2415801001;2021;25;43;66;38;40;33;42;29;65;76;108;67
Leon;24158;2415801001;2022;22;50;70;38;38;30;44;30;60;80;114;68
Leon;24158;2415801001;2023;22;50;73;38;36;31;40;32;58;81;113;70
Leon;24159;2415901001;2021;211;124;349;195;329;165;225;125;540;289;574;320
Leon;24159;2415901001;2022;194;127;345;183;314;168;223;126;508;295;568;309
Leon;24159;2415901001;2023;175;129;341;184;297;168;222;135;472;297;563;319
Leon;24160;2416001001;2021;79;65;129;90;102;66;103;53;181;131;232;143
Leon;24160;2416001001;2022;72;69;130;105;90;70;112;60;162;139;242;165
Leon;24160;2416001001;2023;66;74;126;106;87;68;104;60;153;142;230;166
Leon;24161;2416101001;2021;25;40;69;46;35;45;39;22;60;85;108;68
Leon;24161;2416101001;2022;22;50;72;42;34;53;38;27;56;103;110;69
Leon;24161;2416101001;2023;22;55;71;45;35;47;36;33;57;102;107;78
Leon;24162;2416201001;2021;109;212;355;264;132;275;293;186;241;487;648;450
Leon;24162;2416201001;2022;102;235;337;268;124;286;285;195;226;521;622;463
Leon;24162;2416201001;2023;104;237;331;264;119;299;291;189;223;536;622;453
Leon;24163;2416301001;2021;135;353;294;286;169;429;229;244;304;782;523;530
Leon;24163;2416301001;2022;76;218;164;167;120;249;145;138;196;467;309;305
Leon;24163;2416301001;2023;81;227;162;169;129;268;143;134;210;495;305;303
Leon;24163;2416301002;2021;23;228;75;111;35;252;65;101;58;480;140;212
Leon;24163;2416301002;2022;22;238;74;111;32;264;56;103;54;502;130;214
Leon;24163;2416301002;2023;20;255;81;103;30;273;60;105;50;528;141;208
Leon;24163;2416301003;2021;45;315;138;193;75;363;102;142;120;678;240;335
Leon;24163;2416301003;2022;38;320;144;200;73;372;109;146;111;692;253;346
Leon;24163;2416301003;2023;37;326;139;193;71;382;111;144;108;708;250;337
Leon;24163;2416301004;2022;54;155;133;120;61;197;96;117;115;352;229;237
Leon;24163;2416301004;2023;45;159;130;121;59;197;97;118;104;356;227;239
Leon;24164;2416401001;2021;26;37;81;33;47;35;59;31;73;72;140;64
Leon;24164;2416401001;2022;24;40;76;35;45;43;59;38;69;83;135;73
Leon;24164;2416401001;2023;24;44;80;40;37;49;63;42;61;93;143;82
Leon;24165;2416501001;2021;40;20;57;23;61;17;43;12;101;37;100;35
Leon;24165;2416501001;2022;39;24;60;25;57;20;48;15;96;44;108;40
Leon;24165;2416501001;2023;40;26;57;26;56;25;48;18;96;51;105;44
Leon;24166;2416601001;2021;160;124;301;141;200;152;210;111;360;276;511;252
Leon;24166;2416601001;2022;149;120;298;147;187;152;211;116;336;272;509;263
Leon;24166;2416601001;2023;140;126;298;153;175;157;209;117;315;283;507;270
Leon;24167;2416701001;2021;89;70;138;63;105;75;112;61;194;145;250;124
Leon;24167;2416701001;2022;81;70;134;64;101;77;110;62;182;147;244;126
Leon;24167;2416701001;2023;74;69;133;65;99;76;105;60;173;145;238;125
Leon;24168;2416801001;2021;88;46;83;37;76;49;60;33;164;95;143;70
Leon;24168;2416801001;2022;87;50;82;41;72;49;62;33;159;99;144;74
Leon;24168;2416801001;2023;76;51;80;44;66;52;59;35;142;103;139;79
Leon;24169;2416901001;2021;142;117;316;144;225;143;229;156;367;260;545;300
Leon;24169;2416901001;2022;135;115;314;141;210;142;223;163;345;257;537;304
Leon;24169;2416901001;2023;133;115;303;148;198;134;209;169;331;249;512;317
Leon;24169;2416901002;2021;99;51;131;54;132;57;72;57;231;108;203;111
Leon;24169;2416901002;2022;98;52;129;55;128;60;73;55;226;112;202;110
Leon;24169;2416901002;2023;93;56;137;52;120;61;74;54;213;117;211;106
Leon;24169;2416901003;2021;113;44;155;48;154;49;106;41;267;93;261;89
Leon;24169;2416901003;2022;109;42;153;47;145;53;108;37;254;95;261;84
Leon;24169;2416901003;2023;99;39;147;45;138;53;105;35;237;92;252;80
Leon;24170;2417001001;2021;132;76;224;85;196;71;157;64;328;147;381;149
Leon;24170;2417001001;2022;121;73;228;80;186;76;156;64;307;149;384;144
Leon;24170;2417001001;2023;115;77;221;83;179;82;150;62;294;159;371;145
Leon;24170;2417001002;2021;129;77;174;94;182;78;137;64;311;155;311;158
Leon;24170;2417001002;2022;124;90;177;86;171;84;139;68;295;174;316;154
Leon;24170;2417001002;2023;119;92;175;89;166;77;140;71;285;169;315;160
Leon;24171;2417101001;2021;48;22;78;37;70;20;36;21;118;42;114;58
Leon;24171;2417101001;2022;43;28;78;42;66;20;35;22;109;48;113;64
Leon;24171;2417101001;2023;36;31;79;46;59;25;37;20;95;56;116;66
Leon;24172;2417201001;2021;48;29;103;27;62;32;66;23;110;61;169;50
Leon;24172;2417201001;2022;48;36;103;30;59;36;66;25;107;72;169;55
Leon;24172;2417201001;2023;44;49;98;23;53;33;67;26;97;82;165;49
Leon;24173;2417301001;2021;134;75;187;79;185;67;145;55;319;142;332;134
Leon;24173;2417301001;2022;125;79;183;83;181;70;146;56;306;149;329;139
Leon;24173;2417301001;2023;111;77;184;85;165;72;148;62;276;149;332;147
Leon;24174;2417401001;2021;65;31;87;52;80;28;58;41;145;59;145;93
Leon;24174;2417401001;2022;60;34;87;57;77;29;65;40;137;63;152;97
Leon;24174;2417401001;2023;51;32;91;58;74;29;67;41;125;61;158;99
Leon;24175;2417501001;2021;136;310;303;279;226;306;209;196;362;616;512;475
Leon;24175;2417501001;2022;138;323;308;285;214;327;205;207;352;650;513;492
Leon;24175;2417501001;2023;137;332;297;286;211;332;213;213;348;664;510;499
Leon;24176;2417601001;2021;35;34;74;18;42;32;46;14;77;66;120;32
Leon;24176;2417601001;2022;34;34;74;20;42;34;48;13;76;68;122;33
Leon;24176;2417601001;2023;33;36;72;19;39;32;49;14;72;68;121;33
Leon;24177;2417701001;2021;38;83;97;59;37;67;51;47;75;150;148;106
Leon;24177;2417701001;2022;36;82;89;60;35;69;50;48;71;151;139;108
Leon;24177;2417701001;2023;33;81;88;64;34;75;50;49;67;156;138;113
Leon;24178;2417801001;2021;7;3;18;3;11;11;12;4;18;14;30;7
Leon;24178;2417801001;2022;6;3;16;4;9;10;12;4;15;13;28;8
Leon;24178;2417801001;2023;4;3;16;5;9;9;12;5;13;12;28;10
Leon;24179;2417901001;2021;31;39;48;44;35;32;23;29;66;71;71;73
Leon;24179;2417901001;2022;30;43;52;42;28;38;21;28;58;81;73;70
Leon;24179;2417901001;2023;26;41;51;46;26;44;22;28;52;85;73;74
Leon;24180;2418001001;2021;170;104;245;98;179;112;138;86;349;216;383;184
Leon;24180;2418001001;2022;159;104;249;96;172;113;143;86;331;217;392;182
Leon;24180;2418001001;2023;152;110;245;99;163;121;150;88;315;231;395;187
Leon;24181;2418101001;2021;85;15;96;34;99;35;61;29;184;50;157;63
Leon;24181;2418101001;2022;76;17;106;35;89;35;73;28;165;52;179;63
Leon;24181;2418101001;2023;73;16;109;36;83;36;71;26;156;52;180;62
Leon;24181;2418101002;2021;107;51;254;87;132;90;191;82;239;141;445;169
Leon;24181;2418101002;2022;106;56;256;93;122;89;192;82;228;145;448;175
Leon;24181;2418101002;2023;104;58;241;96;114;82;181;90;218;140;422;186
Leon;24182;2418201001;2021;47;39;68;56;73;42;53;34;120;81;121;90
Leon;24182;2418201001;2022;42;41;69;55;67;45;54;33;109;86;123;88
Leon;24182;2418201001;2023;38;44;69;59;60;49;54;35;98;93;123;94
Leon;24183;2418301001;2021;84;73;154;109;101;104;93;67;185;177;247;176
Leon;24183;2418301001;2022;81;77;148;114;92;110;90;62;173;187;238;176
Leon;24183;2418301001;2023;80;83;149;120;86;110;93;61;166;193;242;181
Leon;24184;2418401001;2021;26;18;42;25;34;13;22;10;60;31;64;35
Leon;24184;2418401001;2022;24;15;44;25;29;15;20;12;53;30;64;37
Leon;24184;2418401001;2023;19;17;41;24;26;16;20;13;45;33;61;37
Leon;24185;2418501001;2021;40;56;93;43;62;51;79;35;102;107;172;78
Leon;24185;2418501001;2022;36;57;88;37;58;56;83;34;94;113;171;71
Leon;24185;2418501001;2023;31;59;94;39;53;60;87;36;84;119;181;75
Leon;24187;2418701001;2021;131;67;171;102;142;80;144;67;273;147;315;169
Leon;24187;2418701001;2022;122;66;169;98;137;84;150;67;259;150;319;165
Leon;24187;2418701001;2023;114;68;171;99;130;85;146;67;244;153;317;166
Leon;24188;2418801001;2021;121;153;229;171;162;222;199;154;283;375;428;325
Leon;24188;2418801001;2022;126;153;233;169;158;233;202;146;284;386;435;315
Leon;24188;2418801001;2023;124;154;234;179;164;239;199;153;288;393;433;332
Leon;24188;2418801002;2021;152;152;222;135;202;179;192;120;354;331;414;255
Leon;24188;2418801002;2022;148;151;225;141;188;190;196;120;336;341;421;261
Leon;24188;2418801002;2023;135;150;219;137;185;202;198;132;320;352;417;269
Leon;24188;2418801003;2021;138;162;326;198;160;222;306;174;298;384;632;372
Leon;24188;2418801003;2022;144;174;334;195;147;234;301;180;291;408;635;375
Leon;24188;2418801003;2023;127;176;329;195;137;243;294;174;264;419;623;369
Leon;24189;2418901001;2021;99;226;341;260;157;290;259;229;256;516;600;489
Leon;24189;2418901001;2022;91;247;357;258;142;306;267;225;233;553;624;483
Leon;24189;2418901001;2023;91;266;357;263;143;328;270;228;234;594;627;491
Leon;24189;2418901002;2021;95;310;268;296;102;278;229;189;197;588;497;485
Leon;24189;2418901002;2022;87;343;269;314;91;289;247;190;178;632;516;504
Leon;24189;2418901002;2023;71;341;265;319;89;300;245;217;160;641;510;536
Leon;24189;2418901003;2021;90;159;213;184;130;177;175;164;220;336;388;348
Leon;24189;2418901003;2022;93;157;219;186;122;183;172;162;215;340;391;348
Leon;24189;2418901003;2023;91;172;216;197;116;186;174;169;207;358;390;366
Leon;24189;2418901004;2021;31;61;88;73;33;75;68;64;64;136;156;137
Leon;24189;2418901004;2022;28;70;100;77;33;86;70;76;61;156;170;153
Leon;24189;2418901004;2023;29;81;98;77;31;94;72;72;60;175;170;149
Leon;24189;2418901005;2021;34;110;154;146;47;137;127;136;81;247;281;282
Leon;24189;2418901005;2022;35;109;152;139;43;139;123;129;78;248;275;268
Leon;24189;2418901005;2023;29;128;144;150;46;143;124;126;75;271;268;276
Leon;24190;2419001001;2021;10;16;37;12;17;15;31;7;27;31;68;19
Leon;24190;2419001001;2022;10;15;36;13;16;16;30;8;26;31;66;21
Leon;24190;2419001001;2023;9;19;37;11;14;18;32;8;23;37;69;19
Leon;24191;2419101001;2021;22;9;22;12;11;10;15;10;33;19;37;22
Leon;24191;2419101001;2022;20;9;21;11;7;10;15;9;27;19;36;20
Leon;24191;2419101001;2023;18;9;21;9;5;12;16;8;23;21;37;17
Leon;24193;2419301001;2021;23;62;61;64;36;52;54;39;59;114;115;103
Leon;24193;2419301001;2022;22;66;60;68;35;55;52;37;57;121;112;105
Leon;24193;2419301001;2023;19;67;57;66;31;53;50;32;50;120;107;98
Leon;24194;2419401001;2021;19;43;40;31;28;35;32;26;47;78;72;57
Leon;24194;2419401001;2022;18;41;41;33;26;37;35;26;44;78;76;59
Leon;24194;2419401001;2023;16;42;42;33;24;41;34;20;40;83;76;53
Leon;24196;2419601001;2021;154;109;246;127;195;165;157;129;349;274;403;256
Leon;24196;2419601001;2022;152;112;247;134;187;172;162;126;339;284;409;260
Leon;24196;2419601001;2023;149;114;243;139;185;177;161;126;334;291;404;265
Leon;24196;2419601002;2021;95;57;97;75;141;56;50;40;236;113;147;115
Leon;24196;2419601002;2022;83;60;97;81;135;61;48;42;218;121;145;123
Leon;24196;2419601002;2023;79;64;99;82;117;65;53;44;196;129;152;126
Leon;24197;2419701001;2021;83;62;148;88;112;78;118;68;195;140;266;156
Leon;24197;2419701001;2022;79;65;152;92;106;81;119;76;185;146;271;168
Leon;24197;2419701001;2023;80;67;162;95;100;85;123;72;180;152;285;167
Leon;24198;2419801001;2021;82;60;101;45;111;52;68;32;193;112;169;77
Leon;24198;2419801001;2022;80;64;95;42;108;56;70;37;188;120;165;79
Leon;24198;2419801001;2023;75;64;96;42;97;62;69;35;172;126;165;77
Leon;24199;2419901001;2021;43;56;76;55;55;37;47;34;98;93;123;89
Leon;24199;2419901001;2022;43;56;75;58;55;42;44;33;98;98;119;91
Leon;24199;2419901001;2023;40;56;85;59;54;41;45;37;94;97;130;96
Leon;24201;2420101001;2021;132;151;197;145;165;131;100;63;297;282;297;208
Leon;24201;2420101001;2022;123;157;201;144;154;134;111;65;277;291;312;209
Leon;24201;2420101001;2023;111;157;207;148;145;141;109;65;256;298;316;213
Leon;24202;2420201001;2021;87;43;159;52;96;72;111;56;183;115;270;108
Leon;24202;2420201001;2022;84;48;157;50;95;73;109;57;179;121;266;107
Leon;24202;2420201001;2023;99;58;168;64;98;90;138;68;197;148;306;132
Leon;24202;2420201002;2021;114;93;227;100;117;129;172;126;231;222;399;226
Leon;24202;2420201002;2022;111;91;230;109;116;138;166;127;227;229;396;236
Leon;24202;2420201002;2023;99;86;217;111;109;138;155;121;208;224;372;232
Leon;24202;2420201003;2021;46;40;81;59;62;55;62;56;108;95;143;115
Leon;24202;2420201003;2022;43;41;86;58;60;53;69;60;103;94;155;118
Leon;24202;2420201003;2023;51;52;129;69;71;77;90;83;122;129;219;152
Leon;24202;2420201004;2021;106;72;164;94;148;99;138;86;254;171;302;180
Leon;24202;2420201004;2022;97;69;159;94;142;97;145;86;239;166;304;180
Leon;24202;2420201004;2023;107;76;172;96;157;106;153;91;264;182;325;187
Leon;24202;2420201005;2021;68;32;141;56;103;63;70;74;171;95;211;130
Leon;24202;2420201005;2022;66;33;140;52;103;59;70;72;169;92;210;124
Leon;24202;2420201005;2023;57;28;120;46;89;51;58;59;146;79;178;105
Leon;24202;2420201006;2021;94;94;213;141;152;163;173;127;246;257;386;268
Leon;24202;2420201006;2022;91;87;216;131;137;164;175;132;228;251;391;263
Leon;24202;2420201006;2023;89;87;209;130;128;158;177;130;217;245;386;260
Leon;24202;2420202001;2021;50;21;53;16;61;26;43;27;111;47;96;43
Leon;24202;2420202001;2022;45;21;53;13;59;26;45;27;104;47;98;40
Leon;24202;2420202001;2023;67;33;105;48;81;30;96;36;148;63;201;84
Leon;24202;2420202002;2021;95;43;203;77;149;62;163;79;244;105;366;156
Leon;24202;2420202002;2022;85;43;195;77;134;62;153;74;219;105;348;151
Leon;24202;2420202002;2023;84;45;191;81;125;66;153;71;209;111;344;152
Leon;24202;2420203001;2021;157;66;221;101;176;82;182;96;333;148;403;197
Leon;24202;2420203001;2022;142;71;223;104;167;86;187;100;309;157;410;204
Leon;24202;2420203001;2023;122;57;226;89;174;82;204;86;296;139;430;175
Leon;24202;2420203002;2021;53;18;137;49;78;45;124;41;131;63;261;90
Leon;24202;2420203002;2022;54;20;130;47;73;43;117;39;127;63;247;86
Leon;24203;2420301001;2021;18;3;21;7;18;6;8;7;36;9;29;14
Leon;24203;2420301001;2022;18;5;22;7;17;9;9;6;35;14;31;13
Leon;24203;2420301001;2023;20;7;27;7;17;12;11;6;37;19;38;13
Leon;24205;2420501001;2021;103;110;227;148;104;138;155;104;207;248;382;252
Leon;24205;2420501001;2022;95;117;227;148;93;146;156;115;188;263;383;263
Leon;24205;2420501001;2023;90;116;196;157;93;156;157;122;183;272;353;279
Leon;24206;2420601001;2021;174;180;325;133;268;196;243;140;442;376;568;273
Leon;24206;2420601001;2022;165;181;321;133;253;200;248;143;418;381;569;276
Leon;24206;2420601001;2023;154;185;329;140;242;205;244;144;396;390;573;284
Leon;24207;2420701001;2021;41;25;62;28;53;23;41;18;94;48;103;46
Leon;24207;2420701001;2022;35;28;58;25;49;23;41;19;84;51;99;44
Leon;24207;2420701001;2023;38;27;61;24;46;23;40;20;84;50;101;44
Leon;24209;2420901001;2021;103;83;160;98;152;106;159;93;255;189;319;191
Leon;24209;2420901001;2022;102;89;149;97;143;108;158;93;245;197;307;190
Leon;24209;2420901001;2023;89;91;144;96;134;110;164;84;223;201;308;180
Leon;24209;2420901002;2021;221;160;291;157;291;196;249;128;512;356;540;285
Leon;24209;2420901002;2022;201;164;293;157;271;192;244;134;472;356;537;291
Leon;24209;2420901002;2023;181;165;293;161;259;196;240;141;440;361;533;302
Leon;24210;2421001001;2021;87;60;126;60;114;58;57;44;201;118;183;104
Leon;24210;2421001001;2022;87;61;137;63;101;59;61;44;188;120;198;107
Leon;24210;2421001001;2023;86;73;137;66;91;63;61;50;177;136;198;116
Leon;24211;2421101001;2021;28;14;83;23;35;19;48;18;63;33;131;41
Leon;24211;2421101001;2022;27;15;83;23;34;18;49;18;61;33;132;41
Leon;24211;2421101001;2023;24;14;79;22;33;20;50;19;57;34;129;41
Leon;24212;2421201001;2021;76;91;244;110;85;124;214;68;161;215;458;178
Leon;24212;2421201001;2022;68;89;243;109;83;126;211;69;151;215;454;178
Leon;24212;2421201001;2023;63;99;237;108;76;132;206;67;139;231;443;175
Leon;24213;2421301001;2021;22;20;25;16;24;20;15;9;46;40;40;25
Leon;24213;2421301001;2022;22;19;26;15;23;20;14;8;45;39;40;23
Leon;24213;2421301001;2023;23;22;22;19;22;25;16;8;45;47;38;27
Leon;24214;2421401001;2021;81;55;145;65;110;58;79;53;191;113;224;118
Leon;24214;2421401001;2022;77;58;142;66;106;59;82;50;183;117;224;116
Leon;24214;2421401001;2023;72;58;136;68;96;59;78;47;168;117;214;115
Leon;24215;2421501001;2021;21;16;27;10;24;20;14;12;45;36;41;22
Leon;24215;2421501001;2022;18;16;25;11;21;21;17;11;39;37;42;22
Leon;24215;2421501001;2023;16;14;24;11;17;21;16;11;33;35;40;22
Leon;24216;2421601001;2021;82;51;147;73;141;40;87;49;223;91;234;122
Leon;24216;2421601001;2022;75;49;145;71;136;46;92;48;211;95;237;119
Leon;24216;2421601001;2023;68;57;139;71;130;51;88;51;198;108;227;122
Leon;24217;2421701001;2021;13;20;20;15;15;12;17;10;28;32;37;25
Leon;24217;2421701001;2022;12;20;21;15;16;15;17;8;28;35;38;23
Leon;24217;2421701001;2023;10;21;19;16;14;18;15;7;24;39;34;23
Leon;24218;2421801001;2021;25;55;79;71;44;56;77;52;69;111;156;123
Leon;24218;2421801001;2022;24;57;80;73;41;60;79;55;65;117;159;128
Leon;24218;2421801001;2023;22;57;76;77;37;58;75;63;59;115;151;140
Leon;24219;2421901001;2021;53;51;114;44;73;40;74;28;126;91;188;72
Leon;24219;2421901001;2022;53;52;112;50;71;44;77;30;124;96;189;80
Leon;24219;2421901001;2023;49;57;112;45;65;49;79;31;114;106;191;76
Leon;24221;2422101001;2021;88;57;184;62;122;86;109;52;210;143;293;114
Leon;24221;2422101001;2022;75;60;184;60;117;89;106;49;192;149;290;109
Leon;24221;2422101001;2023;79;58;184;61;109;98;109;53;188;156;293;114
Leon;24222;2422201001;2021;97;257;392;265;100;324;330;244;197;581;722;509
Leon;24222;2422201001;2022;92;274;399;271;98;339;324;255;190;613;723;526
Leon;24222;2422201001;2023;78;282;402;274;92;351;324;252;170;633;726;526
Leon;24222;2422201002;2021;83;193;364;218;99;264;316;199;182;457;680;417
Leon;24222;2422201002;2022;69;193;359;227;88;255;312;205;157;448;671;432
Leon;24222;2422201002;2023;73;201;349;231;78;265;316;209;151;466;665;440
Leon;24222;2422201003;2021;33;170;193;162;57;191;171;153;90;361;364;315
Leon;24222;2422201003;2022;34;167;198;155;54;196;174;140;88;363;372;295
Leon;24222;2422201003;2023;35;170;210;147;53;194;175;141;88;364;385;288
Leon;24222;2422201004;2021;41;112;194;139;65;181;138;139;106;293;332;278
Leon;24222;2422201004;2022;38;112;194;137;60;171;143;140;98;283;337;277
Leon;24222;2422201004;2023;41;124;192;143;55;179;142;129;96;303;334;272
Leon;24222;2422201005;2021;19;214;120;137;25;278;94;122;44;492;214;259
Leon;24222;2422201005;2022;17;221;125;131;22;275;90;126;39;496;215;257
Leon;24222;2422201005;2023;17;218;138;140;21;279;106;125;38;497;244;265
Leon;24222;2422201006;2021;17;94;124;81;31;112;116;90;48;206;240;171
Leon;24222;2422201006;2022;20;101;122;80;29;122;110;87;49;223;232;167
Leon;24222;2422201006;2023;20;104;126;80;28;119;113;90;48;223;239;170
Leon;24222;2422201007;2021;36;207;193;157;47;278;159;146;83;485;352;303
Leon;24222;2422201007;2022;35;204;195;162;43;285;163;142;78;489;358;304
Leon;24222;2422201007;2023;35;222;205;166;53;298;174;161;88;520;379;327
Leon;24222;2422202001;2021;51;327;241;247;61;416;197;162;112;743;438;409
Leon;24222;2422202001;2022;45;332;246;258;56;430;196;174;101;762;442;432
Leon;24222;2422202001;2023;48;347;249;254;53;443;195;172;101;790;444;426
Leon;24222;2422202002;2021;46;371;242;248;89;516;201;211;135;887;443;459
Leon;24222;2422202002;2022;41;380;242;240;81;539;204;209;122;919;446;449
Leon;24222;2422202002;2023;48;388;234;231;78;549;195;212;126;937;429;443
Leon;24222;2422202003;2021;58;293;311;232;96;356;260;223;154;649;571;455
Leon;24222;2422202003;2022;61;293;302;246;92;353;269;216;153;646;571;462
Leon;24222;2422202003;2023;64;303;304;256;83;378;266;240;147;681;570;496
Leon;24222;2422202004;2021;44;225;211;179;46;302;157;158;90;527;368;337
Leon;24222;2422202004;2022;41;234;208;177;48;311;164;162;89;545;372;339
Leon;24222;2422202004;2023;40;246;205;187;51;332;166;164;91;578;371;351
Leon;24223;2422301001;2021;127;78;151;78;178;73;105;71;305;151;256;149
Leon;24223;2422301001;2022;118;81;152;77;170;84;105;66;288;165;257;143
Leon;24223;2422301001;2023;109;81;149;82;155;88;107;67;264;169;256;149
Leon;24223;2422301002;2021;142;208;304;211;196;272;253;193;338;480;557;404
Leon;24223;2422301002;2022;129;212;309;208;205;274;250;196;334;486;559;404
Leon;24223;2422301002;2023;135;218;311;201;203;268;259;182;338;486;570;383
Leon;24224;2422401001;2021;67;58;122;61;99;50;81;38;166;108;203;99
Leon;24224;2422401001;2022;59;54;125;65;90;49;81;42;149;103;206;107
Leon;24224;2422401001;2023;54;59;124;59;87;53;82;37;141;112;206;96
Leon;24225;2422501001;2021;98;156;144;132;147;150;99;96;245;306;243;228
Leon;24225;2422501001;2022;89;158;143;139;140;155;95;100;229;313;238;239
Leon;24225;2422501001;2023;78;160;151;141;128;159;99;95;206;319;250;236
Leon;24226;2422601001;2021;29;22;36;16;33;12;21;10;62;34;57;26
Leon;24226;2422601001;2022;27;24;37;16;30;14;22;11;57;38;59;27
Leon;24226;2422601001;2023;24;24;35;17;29;14;24;10;53;38;59;27
Leon;24227;2422701001;2021;180;192;302;205;208;196;233;145;388;388;535;350
Leon;24227;2422701001;2022;167;198;311;207;198;204;232;148;365;402;543;355
Leon;24227;2422701001;2023;164;202;304;206;195;215;229;163;359;417;533;369
Leon;24228;2422801001;2021;86;46;144;57;116;36;98;34;202;82;242;91
Leon;24228;2422801001;2022;79;43;141;58;110;37;97;35;189;80;238;93
Leon;24228;2422801001;2023;71;47;144;61;100;37;95;32;171;84;239;93
Leon;24229;2422901001;2021;70;25;95;31;59;32;36;24;129;57;131;55
Leon;24229;2422901001;2022;67;27;94;30;56;35;36;21;123;62;130;51
Leon;24229;2422901001;2023;62;30;92;32;52;36;34;24;114;66;126;56
Leon;24230;2423001001;2021;79;27;72;48;91;34;30;19;170;61;102;67
Leon;24230;2423001001;2022;75;28;70;49;88;34;29;20;163;62;99;69
Leon;24230;2423001001;2023;71;28;69;47;85;40;28;18;156;68;97;65
Leon;24901;2490101001;2021;89;92;149;101;123;108;124;73;212;200;273;174
Leon;24901;2490101001;2022;87;101;148;98;115;108;120;73;202;209;268;171
Leon;24901;2490101001;2023;81;104;149;102;108;106;122;72;189;210;271;174
Leon;24902;2490201001;2021;33;22;72;32;43;30;62;15;76;52;134;47
Leon;24902;2490201001;2022;29;25;74;35;44;33;69;15;73;58;143;50
Leon;24902;2490201001;2023;29;28;75;38;42;36;69;20;71;64;144;58
Palencia;34003;3400301001;2021;9;25;28;24;17;26;18;10;26;51;46;34
Palencia;34003;3400301001;2022;10;25;28;27;17;28;15;11;27;53;43;38
Palencia;34003;3400301001;2023;7;27;27;25;17;25;11;14;24;52;38;39
Palencia;34004;3400401001;2021;65;112;123;74;100;133;141;67;165;245;264;141
Palencia;34004;3400401001;2022;63;109;124;78;86;130;141;66;149;239;265;144
Palencia;34004;3400401001;2023;66;104;137;76;90;131;138;69;156;235;275;145
Palencia;34004;3400401002;2021;61;119;155;99;94;161;177;84;155;280;332;183
Palencia;34004;3400401002;2022;62;118;161;104;88;151;170;84;150;269;331;188
Palencia;34004;3400401002;2023;59;128;153;97;87;154;179;98;146;282;332;195
Palencia;34004;3400402001;2021;60;73;176;79;120;96;164;66;180;169;340;145
Palencia;34004;3400402001;2022;50;79;170;77;111;97;162;60;161;176;332;137
Palencia;34004;3400402001;2023;56;79;172;72;107;102;167;52;163;181;339;124
Palencia;34004;3400402002;2021;61;118;137;100;82;161;139;74;143;279;276;174
Palencia;34004;3400402002;2022;58;124;134;100;78;168;141;78;136;292;275;178
Palencia;34004;3400402002;2023;52;128;141;96;75;167;145;80;127;295;286;176
Palencia;34004;3400402003;2021;104;272;316;217;183;320;299;173;287;592;615;390
Palencia;34004;3400402003;2022;101;290;317;216;177;338;299;172;278;628;616;388
Palencia;34004;3400402003;2023;101;292;313;213;192;343;303;178;293;635;616;391
Palencia;34004;3400403001;2021;76;83;96;75;91;83;57;40;167;166;153;115
Palencia;34004;3400403001;2022;67;86;93;71;87;85;55;40;154;171;148;111
Palencia;34004;3400403001;2023;65;90;95;76;85;89;57;46;150;179;152;122
Palencia;34005;3400501001;2021;65;89;156;97;108;99;146;71;173;188;302;168
Palencia;34005;3400501001;2022;59;93;163;90;104;95;150;73;163;188;313;163
Palencia;34005;3400501001;2023;61;96;170;96;97;97;147;78;158;193;317;174
Palencia;34006;3400601001;2021;5;5;22;8;4;16;8;7;9;21;30;15
Palencia;34006;3400601001;2022;5;4;22;8;4;15;7;7;9;19;29;15
Palencia;34006;3400601001;2023;6;5;23;8;4;14;8;7;10;19;31;15
Palencia;34010;3401001001;2021;52;68;125;46;82;73;73;50;134;141;198;96
Palencia;34010;3401001001;2022;47;70;124;45;83;78;76;45;130;148;200;90
Palencia;34010;3401001001;2023;45;70;118;46;77;80;73;48;122;150;191;94
Palencia;34011;3401101001;2021;42;51;92;37;54;44;48;21;96;95;140;58
Palencia;34011;3401101001;2022;39;51;91;41;52;48;51;16;91;99;142;57
Palencia;34011;3401101001;2023;36;58;90;44;48;48;50;18;84;106;140;62
Palencia;34012;3401201001;2021;19;53;78;38;36;39;49;30;55;92;127;68
Palencia;34012;3401201001;2022;17;54;75;42;28;42;49;31;45;96;124;73
Palencia;34012;3401201001;2023;16;60;77;38;27;43;47;31;43;103;124;69
Palencia;34017;3401701001;2021;88;125;164;107;139;139;114;74;227;264;278;181
Palencia;34017;3401701001;2022;80;128;169;111;133;143;117;83;213;271;286;194
Palencia;34017;3401701001;2023;73;138;167;107;134;137;117;89;207;275;284;196
Palencia;34018;3401801001;2021;15;34;42;23;25;30;24;15;40;64;66;38
Palencia;34018;3401801001;2022;14;38;40;23;24;29;23;17;38;67;63;40
Palencia;34018;3401801001;2023;10;39;40;22;23;30;21;17;33;69;61;39
Palencia;34019;3401901001;2021;13;12;24;17;12;17;19;10;25;29;43;27
Palencia;34019;3401901001;2022;12;12;24;19;10;16;21;10;22;28;45;29
Palencia;34019;3401901001;2023;13;13;21;16;9;16;20;9;22;29;41;25
Palencia;34020;3402001001;2021;8;8;14;3;7;2;8;2;15;10;22;5
Palencia;34020;3402001001;2022;8;8;15;3;6;4;7;3;14;12;22;6
Palencia;34020;3402001001;2023;8;9;15;3;4;5;7;2;12;14;22;5
Palencia;34022;3402201001;2021;134;105;209;120;159;144;145;90;293;249;354;210
Palencia;34022;3402201001;2022;122;107;204;119;154;146;147;91;276;253;351;210
Palencia;34022;3402201001;2023;117;113;209;123;144;150;142;104;261;263;351;227
Palencia;34023;3402301001;2021;149;203;299;200;153;249;239;145;302;452;538;345
Palencia;34023;3402301001;2022;122;206;295;192;141;248;238;147;263;454;533;339
Palencia;34023;3402301001;2023;118;201;289;192;137;254;223;153;255;455;512;345
Palencia;34023;3402301002;2021;68;159;160;128;116;142;159;84;184;301;319;212
Palencia;34023;3402301002;2022;63;155;162;133;114;141;163;85;177;296;325;218
Palencia;34023;3402301002;2023;63;157;164;128;107;136;164;84;170;293;328;212
Palencia;34023;3402301003;2021;69;108;156;87;108;110;151;89;177;218;307;176
Palencia;34023;3402301003;2022;72;111;158;86;106;113;144;90;178;224;302;176
Palencia;34023;3402301003;2023;73;117;173;89;105;110;143;97;178;227;316;186
Palencia;34023;3402301005;2021;50;91;174;96;80;87;138;73;130;178;312;169
Palencia;34023;3402301005;2022;56;94;170;99;70;84;138;72;126;178;308;171
Palencia;34023;3402301005;2023;48;99;162;99;66;85;143;70;114;184;305;169
Palencia;34023;3402301006;2021;76;167;210;134;105;172;193;112;181;339;403;246
Palencia;34023;3402301006;2022;65;171;213;136;100;173;200;108;165;344;413;244
Palencia;34023;3402301006;2023;63;169;205;142;93;177;200;115;156;346;405;257
Palencia;34025;3402501001;2021;6;7;7;3;8;9;9;3;14;16;16;6
Palencia;34025;3402501001;2022;6;7;7;5;5;9;8;3;11;16;15;8
Palencia;34025;3402501001;2023;6;7;7;5;6;14;6;4;12;21;13;9
Palencia;34027;3402701001;2021;84;134;170;149;168;105;188;90;252;239;358;239
Palencia;34027;3402701001;2022;74;144;171;155;150;122;192;89;224;266;363;244
Palencia;34027;3402701001;2023;63;149;170;158;140;127;193;84;203;276;363;242
Palencia;34028;3402801001;2021;13;11;32;13;16;22;21;4;29;33;53;17
Palencia;34028;3402801001;2022;12;11;32;13;16;21;22;4;28;32;54;17
Palencia;34028;3402801001;2023;12;10;32;15;14;19;21;6;26;29;53;21
Palencia;34029;3402901001;2021;117;56;126;63;103;87;95;56;220;143;221;119
Palencia;34029;3402901001;2022;106;62;125;62;101;93;87;60;207;155;212;122
Palencia;34029;3402901001;2023;101;62;125;64;96;95;95;62;197;157;220;126
Palencia;34034;3403401001;2021;9;20;25;13;10;16;18;6;19;36;43;19
Palencia;34034;3403401001;2022;10;19;24;14;9;16;19;6;19;35;43;20
Palencia;34034;3403401001;2023;9;21;23;13;8;15;18;6;17;36;41;19
Palencia;34035;3403501001;2021;11;14;21;12;17;7;17;6;28;21;38;18
Palencia;34035;3403501001;2022;9;14;20;14;16;6;17;8;25;20;37;22
Palencia;34035;3403501001;2023;8;13;20;14;8;6;17;7;16;19;37;21
Palencia;34036;3403601001;2021;21;36;50;26;19;23;39;17;40;59;89;43
Palencia;34036;3403601001;2022;22;36;51;27;20;24;36;17;42;60;87;44
Palencia;34036;3403601001;2023;19;36;52;30;18;27;33;20;37;63;85;50
Palencia;34037;3403701001;2021;40;30;61;29;45;29;32;20;85;59;93;49
Palencia;34037;3403701001;2022;40;34;63;32;43;27;33;22;83;61;96;54
Palencia;34037;3403701001;2023;36;32;64;31;44;28;31;20;80;60;95;51
Palencia;34038;3403801001;2021;45;17;64;26;41;28;39;12;86;45;103;38
Palencia;34038;3403801001;2022;41;16;66;26;38;29;38;13;79;45;104;39
Palencia;34038;3403801001;2023;40;19;65;25;37;27;38;14;77;46;103;39
Palencia;34039;3403901001;2021;10;3;18;2;12;3;9;2;22;6;27;4
Palencia;34039;3403901001;2022;9;2;19;2;9;4;9;1;18;6;28;3
Palencia;34039;3403901001;2023;9;2;19;2;8;3;9;1;17;5;28;3
Palencia;34041;3404101001;2021;3;6;22;7;7;7;21;5;10;13;43;12
Palencia;34041;3404101001;2022;2;7;22;7;7;8;21;6;9;15;43;13
Palencia;34041;3404101001;2023;2;7;22;7;6;8;19;7;8;15;41;14
Palencia;34042;3404201001;2021;44;28;73;25;34;30;45;21;78;58;118;46
Palencia;34042;3404201001;2022;43;26;69;27;30;34;47;18;73;60;116;45
Palencia;34042;3404201001;2023;40;27;69;25;27;34;48;19;67;61;117;44
Palencia;34045;3404501001;2021;5;10;17;5;1;13;13;5;6;23;30;10
Palencia;34045;3404501001;2022;4;10;17;5;1;11;13;5;5;21;30;10
Palencia;34045;3404501001;2023;4;12;17;5;1;10;14;5;5;22;31;10
Palencia;34046;3404601001;2021;4;10;8;5;3;13;7;3;7;23;15;8
Palencia;34046;3404601001;2022;4;13;9;3;2;13;5;4;6;26;14;7
Palencia;34046;3404601001;2023;4;16;7;6;2;12;6;4;6;28;13;10
Palencia;34047;3404701001;2021;67;70;116;81;81;105;116;74;148;175;232;155
Palencia;34047;3404701001;2022;63;75;118;83;77;113;115;82;140;188;233;165
Palencia;34047;3404701001;2023;67;76;125;89;71;111;122;78;138;187;247;167
Palencia;34047;3404701002;2021;81;98;211;120;133;149;156;120;214;247;367;240
Palencia;34047;3404701002;2022;78;99;206;130;120;155;161;121;198;254;367;251
Palencia;34047;3404701002;2023;64;104;216;122;106;144;175;120;170;248;391;242
Palencia;34048;3404801001;2021;7;5;6;10;5;12;7;6;12;17;13;16
Palencia;34048;3404801001;2022;7;6;6;10;5;13;7;6;12;19;13;16
Palencia;34048;3404801001;2023;7;6;6;10;4;12;5;6;11;18;11;16
Palencia;34049;3404901001;2021;36;42;61;43;42;32;53;21;78;74;114;64
Palencia;34049;3404901001;2022;31;40;59;42;39;31;51;21;70;71;110;63
Palencia;34049;3404901001;2023;29;43;63;38;37;32;52;21;66;75;115;59
Palencia;34050;3405001001;2021;23;22;40;26;25;12;30;13;48;34;70;39
Palencia;34050;3405001001;2022;18;21;39;26;25;14;30;12;43;35;69;38
Palencia;34050;3405001001;2023;18;19;39;25;23;17;29;10;41;36;68;35
Palencia;34051;3405101001;2021;7;11;20;8;16;16;12;3;23;27;32;11
Palencia;34051;3405101001;2022;5;15;22;8;17;16;11;3;22;31;33;11
Palencia;34051;3405101001;2023;5;15;23;6;10;16;11;3;15;31;34;9
Palencia;34052;3405201001;2021;6;30;40;19;5;19;40;12;11;49;80;31
Palencia;34052;3405201001;2022;6;27;42;18;5;22;40;11;11;49;82;29
Palencia;34052;3405201001;2023;6;26;44;19;6;20;41;11;12;46;85;30
Palencia;34053;3405301001;2021;19;25;37;21;21;25;33;12;40;50;70;33
Palencia;34053;3405301001;2022;19;24;38;21;21;26;30;14;40;50;68;35
Palencia;34053;3405301001;2023;20;24;38;19;21;24;32;13;41;48;70;32
Palencia;34055;3405501001;2021;36;31;49;25;38;33;33;15;74;64;82;40
Palencia;34055;3405501001;2022;34;31;49;25;37;34;31;13;71;65;80;38
Palencia;34055;3405501001;2023;31;31;49;25;33;35;31;13;64;66;80;38
Palencia;34056;3405601001;2021;54;119;151;108;99;157;130;94;153;276;281;202
Palencia;34056;3405601001;2022;44;127;148;112;95;162;137;91;139;289;285;203
Palencia;34056;3405601001;2023;45;128;152;108;95;160;131;98;140;288;283;206
Palencia;34056;3405601002;2021;44;75;104;47;78;73;84;70;122;148;188;117
Palencia;34056;3405601002;2022;42;78;100;43;74;73;81;76;116;151;181;119
Palencia;34056;3405601002;2023;41;85;98;44;65;87;80;71;106;172;178;115
Palencia;34056;3405601003;2021;80;66;104;66;63;66;67;48;143;132;171;114
Palencia;34056;3405601003;2022;71;64;106;68;57;68;66;48;128;132;172;116
Palencia;34056;3405601003;2023;64;66;103;64;54;72;69;48;118;138;172;112
Palencia;34057;3405701001;2021;49;40;94;42;83;56;69;21;132;96;163;63
Palencia;34057;3405701001;2022;46;42;99;43;75;60;75;22;121;102;174;65
Palencia;34057;3405701001;2023;51;39;89;44;75;52;74;20;126;91;163;64
Palencia;34058;3405801001;2021;22;24;41;21;24;21;19;7;46;45;60;28
Palencia;34058;3405801001;2022;21;22;43;21;24;23;19;7;45;45;62;28
Palencia;34058;3405801001;2023;18;25;38;20;20;24;19;6;38;49;57;26
Palencia;34059;3405901001;2021;57;30;83;34;64;40;64;33;121;70;147;67
Palencia;34059;3405901001;2022;54;33;79;36;56;39;61;37;110;72;140;73
Palencia;34059;3405901001;2023;51;34;77;32;49;43;59;40;100;77;136;72
Palencia;34060;3406001001;2021;13;14;33;12;12;11;25;7;25;25;58;19
Palencia;34060;3406001001;2022;13;15;33;12;13;11;25;7;26;26;58;19
Palencia;34060;3406001001;2023;12;18;32;10;13;12;24;7;25;30;56;17
Palencia;34061;3406101001;2021;19;7;22;11;14;15;11;2;33;22;33;13
Palencia;34061;3406101001;2022;14;9;22;11;11;14;11;2;25;23;33;13
Palencia;34061;3406101001;2023;15;10;22;13;12;16;13;3;27;26;35;16
Palencia;34062;3406201001;2021;11;15;45;17;7;16;24;12;18;31;69;29
Palencia;34062;3406201001;2022;10;18;44;16;5;15;25;12;15;33;69;28
Palencia;34062;3406201001;2023;9;18;45;15;5;14;24;10;14;32;69;25
Palencia;34063;3406301001;2021;13;9;19;13;13;6;10;8;26;15;29;21
Palencia;34063;3406301001;2022;18;10;23;14;15;8;14;10;33;18;37;24
Palencia;34063;3406301001;2023;19;11;22;15;14;8;17;11;33;19;39;26
Palencia;34066;3406601001;2021;5;9;9;14;5;4;8;6;10;13;17;20
Palencia;34066;3406601001;2022;4;9;10;13;4;6;8;6;8;15;18;19
Palencia;34066;3406601001;2023;2;10;10;13;2;6;8;6;4;16;18;19
Palencia;34067;3406701001;2021;11;19;21;22;17;13;18;4;28;32;39;26
Palencia;34067;3406701001;2022;11;21;23;19;16;15;20;4;27;36;43;23
Palencia;34067;3406701001;2023;11;21;23;20;14;14;17;5;25;35;40;25
Palencia;34068;3406801001;2021;11;4;5;5;6;7;4;3;17;11;9;8
Palencia;34068;3406801001;2022;11;3;6;8;5;7;5;2;16;10;11;10
Palencia;34068;3406801001;2023;11;4;8;11;1;8;5;3;12;12;13;14
Palencia;34069;3406901001;2021;100;92;205;92;149;104;136;80;249;196;341;172
Palencia;34069;3406901001;2022;91;93;212;93;136;114;140;87;227;207;352;180
Palencia;34069;3406901001;2023;84;91;202;99;138;117;138;86;222;208;340;185
Palencia;34069;3406901002;2021;104;144;293;144;127;161;243;125;231;305;536;269
Palencia;34069;3406901002;2022;101;145;285;147;121;162;239;127;222;307;524;274
Palencia;34069;3406901002;2023;91;154;290;153;115;177;235;124;206;331;525;277
Palencia;34070;3407001001;2021;18;18;25;11;23;9;17;6;41;27;42;17
Palencia;34070;3407001001;2022;15;18;24;12;21;8;16;7;36;26;40;19
Palencia;34070;3407001001;2023;15;19;24;13;19;8;17;6;34;27;41;19
Palencia;34071;3407101001;2021;18;19;27;24;27;20;17;11;45;39;44;35
Palencia;34071;3407101001;2022;18;20;27;22;23;21;16;12;41;41;43;34
Palencia;34071;3407101001;2023;16;24;27;23;21;21;16;16;37;45;43;39
Palencia;34072;3407201001;2021;10;19;25;18;19;16;26;11;29;35;51;29
Palencia;34072;3407201001;2022;10;17;23;18;15;15;25;11;25;32;48;29
Palencia;34072;3407201001;2023;11;15;25;17;15;14;24;12;26;29;49;29
Palencia;34073;3407301001;2021;10;25;38;14;16;26;35;16;26;51;73;30
Palencia;34073;3407301001;2022;10;23;37;15;17;26;34;17;27;49;71;32
Palencia;34073;3407301001;2023;10;22;35;17;16;26;32;16;26;48;67;33
Palencia;34074;3407401001;2021;73;77;146;71;87;91;100;67;160;168;246;138
Palencia;34074;3407401001;2022;68;80;147;67;85;96;103;61;153;176;250;128
Palencia;34074;3407401001;2023;63;76;145;70;75;98;105;63;138;174;250;133
Palencia;34076;3407601001;2021;71;66;103;60;68;90;87;40;139;156;190;100
Palencia;34076;3407601001;2022;66;69;102;61;61;90;85;38;127;159;187;99
Palencia;34076;3407601001;2023;58;69;102;59;56;89;80;42;114;158;182;101
Palencia;34077;3407701001;2021;27;66;78;53;36;78;38;46;63;144;116;99
Palencia;34077;3407701001;2022;27;65;76;52;34;85;40;40;61;150;116;92
Palencia;34077;3407701001;2023;26;63;74;49;29;82;40;43;55;145;114;92
Palencia;34079;3407901001;2021;92;386;298;252;89;433;234;206;181;819;532;458
Palencia;34079;3407901001;2022;92;405;321;257;93;464;246;214;185;869;567;471
Palencia;34079;3407901001;2023;87;432;328;268;93;485;240;225;180;917;568;493
Palencia;34080;3408001001;2021;58;100;96;95;85;127;99;67;143;227;195;162
Palencia;34080;3408001001;2022;48;89;91;86;75;121;89;65;123;210;180;151
Palencia;34080;3408001001;2023;49;97;89;76;72;122;93;64;121;219;182;140
Palencia;34080;3408001002;2021;41;39;98;63;58;64;90;61;99;103;188;124
Palencia;34080;3408001002;2022;110;124;303;154;166;187;238;134;276;311;541;288
Palencia;34080;3408001002;2023;104;130;301;157;148;181;234;131;252;311;535;288
Palencia;34080;3408001003;2021;72;80;218;92;120;124;150;76;192;204;368;168
Palencia;34080;3408002001;2021;59;126;213;145;76;148;189;130;135;274;402;275
Palencia;34080;3408002001;2022;56;129;200;146;71;145;188;125;127;274;388;271
Palencia;34080;3408002001;2023;51;128;202;145;70;152;194;123;121;280;396;268
Palencia;34080;3408002002;2021;64;92;163;84;118;124;137;74;182;216;300;158
Palencia;34080;3408002002;2022;62;94;172;96;113;135;149;73;175;229;321;169
Palencia;34080;3408002002;2023;59;102;168;93;111;139;153;73;170;241;321;166
Palencia;34080;3408002003;2021;79;109;294;125;120;133;233;100;199;242;527;225
Palencia;34080;3408002003;2022;73;110;290;120;109;143;238;100;182;253;528;220
Palencia;34080;3408002003;2023;69;108;286;124;101;142;238;98;170;250;524;222
Palencia;34081;3408101001;2021;3;7;19;6;5;2;8;7;8;9;27;13
Palencia;34081;3408101001;2022;3;7;18;6;3;2;8;7;6;9;26;13
Palencia;34081;3408101001;2023;2;6;18;6;3;4;8;7;5;10;26;13
Palencia;34082;3408201001;2021;5;10;18;6;7;9;18;5;12;19;36;11
Palencia;34082;3408201001;2022;5;11;17;7;8;9;16;5;13;20;33;12
Palencia;34082;3408201001;2023;6;9;16;7;8;9;14;5;14;18;30;12
Palencia;34083;3408301001;2021;96;80;195;79;132;121;174;73;228;201;369;152
Palencia;34083;3408301001;2022;96;81;200;77;129;121;170;77;225;202;370;154
Palencia;34083;3408301001;2023;100;90;194;78;122;123;169;78;222;213;363;156
Palencia;34083;3408301002;2021;78;70;160;68;112;94;108;67;190;164;268;135
Palencia;34083;3408301002;2022;72;75;155;65;110;102;109;63;182;177;264;128
Palencia;34083;3408301002;2023;66;82;151;71;103;101;108;64;169;183;259;135
Palencia;34084;3408401001;2021;9;17;38;20;13;16;25;8;22;33;63;28
Palencia;34084;3408401001;2022;7;17;35;20;11;15;26;9;18;32;61;29
Palencia;34084;3408401001;2023;5;18;37;20;9;17;27;9;14;35;64;29
Palencia;34086;3408601001;2021;5;20;15;9;10;23;9;7;15;43;24;16
Palencia;34086;3408601001;2022;5;24;15;9;10;22;9;6;15;46;24;15
Palencia;34086;3408601001;2023;5;23;16;9;11;23;10;8;16;46;26;17
Palencia;34087;3408701001;2021;12;24;26;12;18;14;18;4;30;38;44;16
Palencia;34087;3408701001;2022;10;26;29;16;16;17;23;6;26;43;52;22
Palencia;34087;3408701001;2023;10;28;30;14;16;21;25;8;26;49;55;22
Palencia;34088;3408801001;2021;24;59;54;38;33;49;27;31;57;108;81;69
Palencia;34088;3408801001;2022;24;58;57;36;30;54;31;30;54;112;88;66
Palencia;34088;3408801001;2023;23;65;60;40;25;62;30;27;48;127;90;67
Palencia;34089;3408901001;2021;16;19;37;15;15;19;20;4;31;38;57;19
Palencia;34089;3408901001;2022;15;18;34;15;14;19;19;7;29;37;53;22
Palencia;34089;3408901001;2023;15;18;34;15;13;19;18;6;28;37;52;21
Palencia;34091;3409101001;2021;15;13;32;11;10;12;23;4;25;25;55;15
Palencia;34091;3409101001;2022;13;15;32;10;11;12;25;4;24;27;57;14
Palencia;34091;3409101001;2023;12;14;27;11;10;12;22;6;22;26;49;17
Palencia;34092;3409201001;2021;41;26;54;27;32;25;49;18;73;51;103;45
Palencia;34092;3409201001;2022;38;27;55;28;35;27;46;20;73;54;101;48
Palencia;34092;3409201001;2023;35;28;54;28;35;25;48;18;70;53;102;46
Palencia;34093;3409301001;2021;13;13;16;8;17;7;7;4;30;20;23;12
Palencia;34093;3409301001;2022;12;13;16;9;15;6;5;6;27;19;21;15
Palencia;34093;3409301001;2023;13;13;17;10;14;8;5;7;27;21;22;17
Palencia;34094;3409401001;2021;3;11;13;4;8;10;12;3;11;21;25;7
Palencia;34094;3409401001;2022;3;11;11;4;8;10;12;3;11;21;23;7
Palencia;34094;3409401001;2023;3;13;11;4;7;10;11;3;10;23;22;7
Palencia;34098;3409801001;2021;35;132;190;108;67;143;122;93;102;275;312;201
Palencia;34098;3409801001;2022;32;133;193;106;61;153;116;92;93;286;309;198
Palencia;34098;3409801001;2023;33;135;188;106;58;156;117;90;91;291;305;196
Palencia;34099;3409901001;2021;10;6;15;6;7;5;7;2;17;11;22;8
Palencia;34099;3409901001;2022;9;6;15;4;4;5;7;1;13;11;22;5
Palencia;34099;3409901001;2023;9;5;15;4;4;5;8;1;13;10;23;5
Palencia;34100;3410001001;2021;13;11;37;14;10;9;27;10;23;20;64;24
Palencia;34100;3410001001;2022;13;14;36;15;10;7;26;10;23;21;62;25
Palencia;34100;3410001001;2023;12;15;35;16;8;9;27;11;20;24;62;27
Palencia;34102;3410201001;2021;18;31;49;20;19;23;26;15;37;54;75;35
Palencia;34102;3410201001;2022;18;31;51;18;16;24;24;15;34;55;75;33
Palencia;34102;3410201001;2023;16;31;49;18;15;24;25;15;31;55;74;33
Palencia;34103;3410301001;2021;14;17;19;8;12;11;7;4;26;28;26;12
Palencia;34103;3410301001;2022;13;17;19;8;12;9;7;4;25;26;26;12
Palencia;34103;3410301001;2023;12;16;19;8;11;8;7;4;23;24;26;12
Palencia;34104;3410401001;2021;37;21;66;19;35;21;39;6;72;42;105;25
Palencia;34104;3410401001;2022;35;23;65;18;36;23;39;7;71;46;104;25
Palencia;34104;3410401001;2023;34;24;67;21;38;19;37;10;72;43;104;31
Palencia;34106;3410601001;2021;8;20;25;14;9;18;15;7;17;38;40;21
Palencia;34106;3410601001;2022;5;16;25;11;7;20;14;6;12;36;39;17
Palencia;34106;3410601001;2023;5;17;22;10;6;18;13;5;11;35;35;15
Palencia;34107;3410701001;2021;10;6;14;12;9;11;4;5;19;17;18;17
Palencia;34107;3410701001;2022;9;7;15;12;9;11;4;5;18;18;19;17
Palencia;34107;3410701001;2023;9;7;15;11;8;11;5;5;17;18;20;16
Palencia;34108;3410801001;2021;46;45;131;53;63;59;86;39;109;104;217;92
Palencia;34108;3410801001;2022;38;46;138;54;64;59;90;36;102;105;228;90
Palencia;34108;3410801001;2023;38;47;135;57;57;57;90;35;95;104;225;92
Palencia;34109;3410901001;2021;11;5;10;7;11;6;9;4;22;11;19;11
Palencia;34109;3410901001;2022;12;5;11;10;12;6;8;2;24;11;19;12
Palencia;34109;3410901001;2023;10;6;9;10;10;7;9;3;20;13;18;13
Palencia;34110;3411001001;2021;6;16;12;7;7;13;11;4;13;29;23;11
Palencia;34110;3411001001;2022;6;16;12;8;7;13;10;3;13;29;22;11
Palencia;34110;3411001001;2023;5;15;12;8;5;12;10;3;10;27;22;11
Palencia;34114;3411401001;2021;36;15;45;16;29;13;17;10;65;28;62;26
Palencia;34114;3411401001;2022;33;15;49;20;28;17;19;10;61;32;68;30
Palencia;34114;3411401001;2023;32;15;46;19;25;14;17;9;57;29;63;28
Palencia;34116;3411601001;2021;8;10;5;6;8;10;3;5;16;20;8;11
Palencia;34116;3411601001;2022;7;10;6;6;7;10;3;6;14;20;9;12
Palencia;34116;3411601001;2023;6;11;7;7;7;12;3;4;13;23;10;11
Palencia;34120;3412001001;2021;47;311;99;118;123;394;116;139;170;705;215;257
Palencia;34120;3412001001;2022;47;301;95;124;116;383;106;146;163;684;201;270
Palencia;34120;3412001001;2023;52;297;105;124;105;380;119;143;157;677;224;267
Palencia;34120;3412001003;2021;39;153;84;83;77;229;92;84;116;382;176;167
Palencia;34120;3412001003;2022;39;158;85;77;76;234;84;86;115;392;169;163
Palencia;34120;3412001003;2023;39;161;83;83;74;232;80;88;113;393;163;171
Palencia;34120;3412001004;2021;54;139;94;86;78;193;108;89;132;332;202;175
Palencia;34120;3412001004;2022;49;136;100;84;79;190;105;89;128;326;205;173
Palencia;34120;3412001004;2023;45;141;97;86;77;192;111;79;122;333;208;165
Palencia;34120;3412001005;2021;52;141;89;74;83;166;81;91;135;307;170;165
Palencia;34120;3412001005;2022;43;132;85;72;70;167;78;93;113;299;163;165
Palencia;34120;3412001005;2023;45;124;88;69;75;166;82;88;120;290;170;157
Palencia;34120;3412002001;2021;78;374;167;173;137;443;181;173;215;817;348;346
Palencia;34120;3412002001;2022;70;385;155;177;128;448;180;170;198;833;335;347
Palencia;34120;3412002001;2023;61;396;157;168;120;480;177;171;181;876;334;339
Palencia;34120;3412002002;2021;37;176;102;99;95;216;129;96;132;392;231;195
Palencia;34120;3412002002;2022;36;182;98;95;85;226;127;88;121;408;225;183
Palencia;34120;3412002002;2023;29;179;103;92;81;224;123;98;110;403;226;190
Palencia;34120;3412002003;2021;218;250;186;141;155;263;128;135;373;513;314;276
Palencia;34120;3412002003;2022;211;246;196;149;145;278;143;137;356;524;339;286
Palencia;34120;3412002003;2023;206;249;191;147;150;271;141;146;356;520;332;293
Palencia;34120;3412003001;2021;25;130;44;60;52;160;65;52;77;290;109;112
Palencia;34120;3412003001;2022;25;131;45;62;55;160;63;57;80;291;108;119
Palencia;34120;3412003001;2023;20;134;40;62;55;165;60;55;75;299;100;117
Palencia;34120;3412003002;2021;45;128;58;98;85;170;81;77;130;298;139;175
Palencia;34120;3412003002;2022;41;131;51;96;76;178;79;79;117;309;130;175
Palencia;34120;3412003002;2023;39;134;55;97;71;189;80;83;110;323;135;180
Palencia;34120;3412003004;2021;37;199;106;101;89;272;84;107;126;471;190;208
Palencia;34120;3412003004;2022;29;199;105;108;78;260;86;104;107;459;191;212
Palencia;34120;3412003004;2023;29;196;103;109;72;248;90;104;101;444;193;213
Palencia;34120;3412003005;2021;58;211;115;125;115;317;98;119;173;528;213;244
Palencia;34120;3412003005;2022;56;201;120;120;112;323;102;137;168;524;222;257
Palencia;34120;3412003005;2023;57;211;111;126;108;329;103;134;165;540;214;260
Palencia;34120;3412004001;2021;73;155;100;101;108;205;128;102;181;360;228;203
Palencia;34120;3412004001;2022;71;152;103;94;105;209;121;100;176;361;224;194
Palencia;34120;3412004001;2023;63;149;111;87;100;212;123;101;163;361;234;188
Palencia;34120;3412004002;2021;61;112;109;71;142;112;120;65;203;224;229;136
Palencia;34120;3412004002;2022;63;109;111;75;134;116;121;73;197;225;232;148
Palencia;34120;3412004002;2023;67;112;111;77;121;128;118;76;188;240;229;153
Palencia;34120;3412004003;2021;30;132;77;79;70;153;96;85;100;285;173;164
Palencia;34120;3412004003;2022;36;133;78;77;64;162;92;88;100;295;170;165
Palencia;34120;3412004003;2023;39;131;83;78;60;163;95;89;99;294;178;167
Palencia;34120;3412004004;2021;56;151;156;130;106;200;161;107;162;351;317;237
Palencia;34120;3412004004;2022;53;152;154;124;100;189;161;109;153;341;315;233
Palencia;34120;3412004004;2023;55;152;143;126;96;192;153;116;151;344;296;242
Palencia;34120;3412004005;2021;85;294;245;151;113;350;193;155;198;644;438;306
Palencia;34120;3412004005;2022;83;291;245;156;113;365;185;150;196;656;430;306
Palencia;34120;3412004005;2023;76;314;235;156;110;388;189;162;186;702;424;318
Palencia;34120;3412004006;2021;53;64;87;67;103;97;85;76;156;161;172;143
Palencia;34120;3412004006;2022;41;70;90;65;86;101;82;65;127;171;172;130
Palencia;34120;3412004006;2023;39;68;82;68;82;100;81;67;121;168;163;135
Palencia;34120;3412004007;2021;72;232;226;145;134;300;168;136;206;532;394;281
Palencia;34120;3412004007;2022;67;243;217;141;134;304;166;135;201;547;383;276
Palencia;34120;3412004007;2023;70;237;210;135;134;303;177;140;204;540;387;275
Palencia;34120;3412004008;2021;60;67;134;72;116;85;124;83;176;152;258;155
Palencia;34120;3412004008;2022;51;73;133;72;112;96;122;79;163;169;255;151
Palencia;34120;3412004008;2023;50;77;137;65;114;97;115;72;164;174;252;137
Palencia;34120;3412004009;2021;64;175;116;119;111;203;117;91;175;378;233;210
Palencia;34120;3412004009;2022;58;169;115;96;110;200;113;89;168;369;228;185
Palencia;34120;3412004009;2023;53;163;122;101;112;201;114;96;165;364;236;197
Palencia;34120;3412005001;2021;33;338;87;118;68;345;91;106;101;683;178;224
Palencia;34120;3412005001;2022;34;338;93;117;65;359;86;110;99;697;179;227
Palencia;34120;3412005001;2023;35;328;84;119;69;358;85;113;104;686;169;232
Palencia;34120;3412005002;2021;22;111;64;53;52;140;71;58;74;251;135;111
Palencia;34120;3412005002;2022;24;108;62;49;54;150;65;67;78;258;127;116
Palencia;34120;3412005002;2023;18;102;60;45;54;156;60;60;72;258;120;105
Palencia;34120;3412005003;2021;69;246;116;104;125;305;148;136;194;551;264;240
Palencia;34120;3412005003;2022;63;253;115;100;120;291;142;138;183;544;257;238
Palencia;34120;3412005003;2023;66;251;121;103;112;290;144;140;178;541;265;243
Palencia;34120;3412005004;2021;88;219;241;142;128;243;214;139;216;462;455;281
Palencia;34120;3412005004;2022;82;223;229;153;120;245;228;140;202;468;457;293
Palencia;34120;3412005004;2023;81;220;228;159;116;253;220;140;197;473;448;299
Palencia;34120;3412005005;2021;79;177;222;128;131;211;206;121;210;388;428;249
Palencia;34120;3412005005;2022;80;179;214;122;125;204;205;122;205;383;419;244
Palencia;34120;3412005005;2023;79;177;208;115;120;201;201;115;199;378;409;230
Palencia;34120;3412005006;2021;32;251;92;135;89;289;118;108;121;540;210;243
Palencia;34120;3412005006;2022;29;247;94;126;74;293;111;102;103;540;205;228
Palencia;34120;3412005006;2023;26;244;93;123;72;292;107;110;98;536;200;233
Palencia;34120;3412005007;2021;86;92;196;90;161;118;162;119;247;210;358;209
Palencia;34120;3412005007;2022;81;100;194;95;151;125;161;122;232;225;355;217
Palencia;34120;3412005007;2023;80;99;197;96;141;129;170;131;221;228;367;227
Palencia;34120;3412005008;2021;78;75;199;83;139;87;177;79;217;162;376;162
Palencia;34120;3412005008;2022;74;74;205;83;138;87;176;70;212;161;381;153
Palencia;34120;3412005008;2023;80;78;213;82;134;92;175;76;214;170;388;158
Palencia;34120;3412005009;2021;48;87;131;65;95;106;127;57;143;193;258;122
Palencia;34120;3412005009;2022;46;87;128;60;89;107;128;54;135;194;256;114
Palencia;34120;3412005009;2023;44;89;122;60;88;103;125;59;132;192;247;119
Palencia;34120;3412005010;2021;91;148;206;110;167;145;207;123;258;293;413;233
Palencia;34120;3412005010;2022;86;141;201;110;158;140;204;128;244;281;405;238
Palencia;34120;3412005010;2023;77;140;197;112;144;129;203;128;221;269;400;240
Palencia;34120;3412005011;2021;79;314;357;212;139;364;319;232;218;678;676;444
Palencia;34120;3412005011;2022;79;329;367;215;136;372;326;240;215;701;693;455
Palencia;34120;3412005011;2023;76;333;372;221;144;379;324;251;220;712;696;472
Palencia;34120;3412005012;2021;77;162;144;123;116;196;164;118;193;358;308;241
Palencia;34120;3412005012;2022;71;159;144;115;112;202;152;117;183;361;296;232
Palencia;34120;3412005012;2023;66;156;137;114;107;195;151;113;173;351;288;227
Palencia;34120;3412005013;2021;142;96;160;77;292;110;143;82;434;206;303;159
Palencia;34120;3412005013;2022;128;97;165;74;271;110;147;83;399;207;312;157
Palencia;34120;3412005013;2023;126;94;175;69;246;106;147;87;372;200;322;156
Palencia;34120;3412005014;2021;57;233;158;156;64;318;160;141;121;551;318;297
Palencia;34120;3412005014;2022;56;238;161;153;64;315;165;146;120;553;326;299
Palencia;34120;3412005014;2023;53;238;169;144;65;318;163;141;118;556;332;285
Palencia;34120;3412005015;2021;33;168;105;106;51;218;114;98;84;386;219;204
Palencia;34120;3412005015;2022;33;177;101;93;42;218;113;91;75;395;214;184
Palencia;34120;3412005015;2023;31;174;96;92;41;214;110;88;72;388;206;180
Palencia;34120;3412006001;2021;54;170;223;138;110;202;228;124;164;372;451;262
Palencia;34120;3412006001;2022;61;168;218;139;101;200;227;129;162;368;445;268
Palencia;34120;3412006001;2023;71;214;280;169;110;251;268;176;181;465;548;345
Palencia;34120;3412006002;2021;80;65;190;91;120;92;171;73;200;157;361;164
Palencia;34120;3412006002;2022;83;68;190;95;111;92;168;71;194;160;358;166
Palencia;34120;3412006002;2023;105;120;264;142;141;184;209;124;246;304;473;266
Palencia;34120;3412006003;2021;116;186;440;189;164;275;313;226;280;461;753;415
Palencia;34120;3412006003;2022;121;194;451;191;154;294;318;226;275;488;769;417
Palencia;34120;3412006003;2023;93;141;406;167;114;222;276;197;207;363;682;364
Palencia;34120;3412006004;2021;145;171;433;182;184;211;346;195;329;382;779;377
Palencia;34120;3412006004;2022;130;175;432;186;174;214;364;195;304;389;796;381
Palencia;34120;3412006004;2023;130;174;448;185;170;222;363;201;300;396;811;386
Palencia;34120;3412006006;2021;91;213;332;138;140;264;249;152;231;477;581;290
Palencia;34120;3412006006;2022;87;214;328;142;140;257;246;156;227;471;574;298
Palencia;34120;3412006006;2023;71;183;271;117;121;218;212;124;192;401;483;241
Palencia;34120;3412006007;2021;126;175;252;136;214;179;247;145;340;354;499;281
Palencia;34120;3412006007;2022;127;176;249;133;210;184;252;143;337;360;501;276
Palencia;34120;3412006007;2023;126;177;248;131;205;194;253;150;331;371;501;281
Palencia;34120;3412007001;2021;66;235;138;122;126;281;124;96;192;516;262;218
Palencia;34120;3412007001;2022;67;250;138;132;113;300;124;102;180;550;262;234
Palencia;34120;3412007001;2023;64;262;140;137;107;326;128;106;171;588;268;243
Palencia;34120;3412007002;2021;72;62;144;66;107;81;127;62;179;143;271;128
Palencia;34120;3412007002;2022;67;64;148;63;103;70;135;57;170;134;283;120
Palencia;34120;3412007002;2023;75;72;147;60;95;77;132;63;170;149;279;123
Palencia;34120;3412007003;2021;121;309;295;215;201;354;291;207;322;663;586;422
Palencia;34120;3412007003;2022;118;307;291;211;192;360;286;206;310;667;577;417
Palencia;34120;3412007003;2023;116;302;296;219;193;366;283;216;309;668;579;435
Palencia;34120;3412007004;2021;86;227;188;162;122;286;153;144;208;513;341;306
Palencia;34120;3412007004;2022;76;242;195;165;110;305;159;147;186;547;354;312
Palencia;34120;3412007004;2023;74;264;194;169;99;327;157;163;173;591;351;332
Palencia;34120;3412007005;2021;72;154;105;99;105;168;132;106;177;322;237;205
Palencia;34120;3412007005;2022;63;153;100;97;100;168;128;106;163;321;228;203
Palencia;34120;3412007005;2023;57;158;108;103;99;165;126;108;156;323;234;211
Palencia;34120;3412007006;2021;43;123;67;88;99;156;86;92;142;279;153;180
Palencia;34120;3412007006;2022;32;129;74;84;89;163;89;95;121;292;163;179
Palencia;34120;3412007006;2023;35;132;78;80;87;168;86;96;122;300;164;176
Palencia;34120;3412007007;2021;68;118;136;70;141;121;123;80;209;239;259;150
Palencia;34120;3412007007;2022;62;110;123;68;122;116;122;81;184;226;245;149
Palencia;34120;3412007007;2023;60;105;120;71;120;120;128;78;180;225;248;149
Palencia;34120;3412007008;2021;97;44;147;53;130;73;125;78;227;117;272;131
Palencia;34120;3412007008;2022;92;42;146;60;130;70;126;74;222;112;272;134
Palencia;34120;3412007008;2023;95;40;153;66;127;76;137;71;222;116;290;137
Palencia;34120;3412007009;2021;110;114;186;105;137;138;206;83;247;252;392;188
Palencia;34120;3412007009;2022;94;112;181;108;121;139;198;74;215;251;379;182
Palencia;34120;3412007009;2023;102;111;166;115;123;132;188;78;225;243;354;193
Palencia;34120;3412007010;2021;67;250;178;150;103;325;149;176;170;575;327;326
Palencia;34120;3412007010;2022;64;259;164;145;102;318;151;170;166;577;315;315
Palencia;34120;3412007010;2023;61;262;166;136;100;314;157;174;161;576;323;310
Palencia;34120;3412007011;2021;55;126;119;73;100;148;106;84;155;274;225;157
Palencia;34120;3412007011;2022;56;128;125;72;92;149;114;86;148;277;239;158
Palencia;34120;3412007011;2023;55;126;123;69;91;146;113;89;146;272;236;158
Palencia;34120;3412007012;2021;86;225;240;149;153;266;216;152;239;491;456;301
Palencia;34120;3412007012;2022;83;232;229;141;138;270;219;154;221;502;448;295
Palencia;34120;3412007012;2023;72;230;231;143;136;262;212;166;208;492;443;309
Palencia;34120;3412007013;2021;56;96;76;66;83;111;103;58;139;207;179;124
Palencia;34120;3412007013;2022;48;94;78;60;76;105;104;61;124;199;182;121
Palencia;34120;3412007013;2023;46;94;72;63;69;107;110;62;115;201;182;125
Palencia;34120;3412007014;2021;35;109;42;52;55;134;61;51;90;243;103;103
Palencia;34120;3412007014;2022;33;113;43;48;53;128;58;54;86;241;101;102
Palencia;34120;3412007014;2023;29;114;42;46;52;133;61;55;81;247;103;101
Palencia;34120;3412007015;2021;39;116;79;72;73;146;88;57;112;262;167;129
Palencia;34120;3412007015;2022;39;118;81;72;78;148;84;62;117;266;165;134
Palencia;34120;3412007015;2023;39;118;84;75;72;151;82;59;111;269;166;134
Palencia;34120;3412007016;2021;97;233;184;159;170;298;162;137;267;531;346;296
Palencia;34120;3412007016;2022;90;232;173;152;154;297;169;140;244;529;342;292
Palencia;34120;3412007016;2023;83;238;167;150;147;311;163;143;230;549;330;293
Palencia;34120;3412007017;2021;67;135;189;109;125;124;181;102;192;259;370;211
Palencia;34120;3412007017;2022;62;135;180;107;120;134;183;97;182;269;363;204
Palencia;34120;3412007017;2023;57;134;178;109;117;138;172;95;174;272;350;204
Palencia;34120;3412007018;2021;34;155;120;114;55;178;115;98;89;333;235;212
Palencia;34120;3412007018;2022;26;161;111;111;41;184;115;94;67;345;226;205
Palencia;34120;3412007018;2023;19;155;111;113;39;179;113;94;58;334;224;207
Palencia;34120;3412007019;2021;90;56;220;71;97;99;218;106;187;155;438;177
Palencia;34120;3412007019;2022;69;60;213;72;82;97;202;111;151;157;415;183
Palencia;34120;3412007019;2023;70;64;211;68;76;93;205;102;146;157;416;170
Palencia;34120;3412007020;2021;54;316;240;218;100;436;194;211;154;752;434;429
Palencia;34120;3412007020;2022;52;331;250;218;105;439;199;208;157;770;449;426
Palencia;34120;3412007020;2023;50;341;245;223;97;452;216;211;147;793;461;434
Palencia;34121;3412101001;2021;40;16;43;21;30;18;28;11;70;34;71;32
Palencia;34121;3412101001;2022;38;13;44;19;29;21;27;10;67;34;71;29
Palencia;34121;3412101001;2023;38;12;44;19;28;19;26;12;66;31;70;31
Palencia;34122;3412201001;2021;10;13;17;17;3;11;21;3;13;24;38;20
Palencia;34122;3412201001;2022;9;13;15;22;4;13;18;3;13;26;33;25
Palencia;34122;3412201001;2023;9;16;16;20;4;13;18;3;13;29;34;23
Palencia;34123;3412301001;2021;127;88;157;76;165;99;124;57;292;187;281;133
Palencia;34123;3412301001;2022;126;94;157;78;161;104;126;61;287;198;283;139
Palencia;34123;3412301001;2023;115;94;155;72;153;120;123;56;268;214;278;128
Palencia;34123;3412301002;2021;83;77;193;77;82;86;153;63;165;163;346;140
Palencia;34123;3412301002;2022;78;84;187;78;76;96;158;59;154;180;345;137
Palencia;34123;3412301002;2023;72;90;189;77;68;108;154;60;140;198;343;137
Palencia;34124;3412401001;2021;9;12;10;6;7;6;6;2;16;18;16;8
Palencia;34124;3412401001;2022;8;12;10;7;7;7;6;1;15;19;16;8
Palencia;34124;3412401001;2023;7;11;10;7;7;6;6;1;14;17;16;8
Palencia;34125;3412501001;2021;9;7;14;8;9;11;11;5;18;18;25;13
Palencia;34125;3412501001;2022;10;10;14;8;8;11;10;5;18;21;24;13
Palencia;34125;3412501001;2023;7;11;15;8;6;13;10;4;13;24;25;12
Palencia;34126;3412601001;2021;37;26;64;20;32;24;39;26;69;50;103;46
Palencia;34126;3412601001;2022;36;27;65;20;29;27;36;28;65;54;101;48
Palencia;34126;3412601001;2023;32;30;64;19;28;29;37;24;60;59;101;43
Palencia;34127;3412701001;2021;10;9;20;6;18;15;10;3;28;24;30;9
Palencia;34127;3412701001;2022;11;11;20;7;19;16;15;4;30;27;35;11
Palencia;34127;3412701001;2023;9;12;24;9;19;18;18;5;28;30;42;14
Palencia;34129;3412901001;2021;24;19;41;17;27;10;20;13;51;29;61;30
Palencia;34129;3412901001;2022;25;20;40;16;25;9;20;12;50;29;60;28
Palencia;34129;3412901001;2023;22;21;39;15;24;10;20;10;46;31;59;25
Palencia;34130;3413001001;2021;11;24;46;17;20;27;36;13;31;51;82;30
Palencia;34130;3413001001;2022;11;26;47;18;18;25;33;13;29;51;80;31
Palencia;34130;3413001001;2023;10;26;46;19;19;24;31;13;29;50;77;32
Palencia;34131;3413101001;2021;3;7;17;4;3;5;13;4;6;12;30;8
Palencia;34131;3413101001;2022;3;6;17;2;3;5;13;3;6;11;30;5
Palencia;34131;3413101001;2023;2;4;17;2;3;5;10;2;5;9;27;4
Palencia;34132;3413201001;2021;8;20;25;16;17;16;12;11;25;36;37;27
Palencia;34132;3413201001;2022;8;21;25;16;15;16;12;10;23;37;37;26
Palencia;34132;3413201001;2023;8;20;23;15;12;17;10;12;20;37;33;27
Palencia;34133;3413301001;2021;13;9;28;8;10;12;14;9;23;21;42;17
Palencia;34133;3413301001;2022;13;9;26;9;10;12;14;7;23;21;40;16
Palencia;34133;3413301001;2023;11;9;27;10;9;12;13;7;20;21;40;17
Palencia;34135;3413501001;2021;44;55;85;52;50;47;62;26;94;102;147;78
Palencia;34135;3413501001;2022;43;56;83;51;50;47;63;27;93;103;146;78
Palencia;34135;3413501001;2023;42;56;87;55;47;53;55;33;89;109;142;88
Palencia;34136;3413601001;2021;24;7;51;13;19;13;26;7;43;20;77;20
Palencia;34136;3413601001;2022;22;6;49;11;18;13;27;7;40;19;76;18
Palencia;34136;3413601001;2023;21;6;48;12;19;14;27;8;40;20;75;20
Palencia;34139;3413901001;2021;21;17;33;19;25;16;27;10;46;33;60;29
Palencia;34139;3413901001;2022;14;19;35;18;23;14;27;10;37;33;62;28
Palencia;34139;3413901001;2023;16;22;33;17;19;14;26;14;35;36;59;31
Palencia;34140;3414001001;2021;11;9;21;6;16;11;12;5;27;20;33;11
Palencia;34140;3414001001;2022;10;9;21;6;14;11;9;5;24;20;30;11
Palencia;34140;3414001001;2023;10;8;21;6;12;12;10;4;22;20;31;10
Palencia;34141;3414101001;2021;42;34;33;24;30;31;30;15;72;65;63;39
Palencia;34141;3414101001;2022;34;35;35;20;30;31;32;15;64;66;67;35
Palencia;34141;3414101001;2023;31;29;35;16;25;29;31;14;56;58;66;30
Palencia;34143;3414301001;2021;27;15;30;20;30;12;21;10;57;27;51;30
Palencia;34143;3414301001;2022;29;14;29;20;28;12;21;10;57;26;50;30
Palencia;34143;3414301001;2023;26;16;32;20;27;14;22;11;53;30;54;31
Palencia;34146;3414601001;2021;3;9;14;9;4;4;11;2;7;13;25;11
Palencia;34146;3414601001;2022;2;10;14;8;4;4;10;2;6;14;24;10
Palencia;34146;3414601001;2023;2;10;13;8;4;4;10;2;6;14;23;10
Palencia;34147;3414701001;2021;26;13;29;23;31;15;25;13;57;28;54;36
Palencia;34147;3414701001;2022;26;16;28;24;32;16;25;15;58;32;53;39
Palencia;34147;3414701001;2023;26;16;27;28;26;17;25;16;52;33;52;44
Palencia;34151;3415101001;2021;19;14;39;14;18;7;24;9;37;21;63;23
Palencia;34151;3415101001;2022;20;14;40;14;17;6;24;9;37;20;64;23
Palencia;34151;3415101001;2023;19;14;41;15;16;7;25;9;35;21;66;24
Palencia;34152;3415201001;2021;12;11;27;23;20;12;24;7;32;23;51;30
Palencia;34152;3415201001;2022;11;11;26;22;19;12;22;9;30;23;48;31
Palencia;34152;3415201001;2023;9;12;27;17;18;13;23;9;27;25;50;26
Palencia;34154;3415401001;2021;11;10;18;5;3;8;17;4;14;18;35;9
Palencia;34154;3415401001;2022;11;10;19;5;3;9;18;4;14;19;37;9
Palencia;34154;3415401001;2023;10;10;17;5;3;9;18;4;13;19;35;9
Palencia;34155;3415501001;2021;19;13;21;11;20;16;22;11;39;29;43;22
Palencia;34155;3415501001;2022;22;15;21;14;20;17;22;12;42;32;43;26
Palencia;34155;3415501001;2023;23;15;23;16;19;18;22;10;42;33;45;26
Palencia;34156;3415601001;2021;4;13;10;4;6;9;2;4;10;22;12;8
Palencia;34156;3415601001;2022;5;14;10;5;6;9;2;5;11;23;12;10
Palencia;34156;3415601001;2023;3;14;9;6;6;9;2;5;9;23;11;11
Palencia;34157;3415701001;2021;105;90;210;100;117;140;137;93;222;230;347;193
Palencia;34157;3415701001;2022;103;91;203;93;110;139;129;93;213;230;332;186
Palencia;34157;3415701001;2023;95;100;203;102;103;145;135;98;198;245;338;200
Palencia;34157;3415701002;2021;88;121;204;118;110;187;150;107;198;308;354;225
Palencia;34157;3415701002;2022;85;119;212;121;109;191;146;106;194;310;358;227
Palencia;34157;3415701002;2023;81;115;220;114;108;187;144;110;189;302;364;224
Palencia;34157;3415701003;2021;77;52;111;38;75;70;61;37;152;122;172;75
Palencia;34157;3415701003;2022;72;50;110;41;69;69;62;42;141;119;172;83
Palencia;34157;3415701003;2023;75;53;101;43;65;69;61;47;140;122;162;90
Palencia;34158;3415801001;2021;29;40;49;34;51;25;43;22;80;65;92;56
Palencia;34158;3415801001;2022;28;45;48;33;47;30;42;20;75;75;90;53
Palencia;34158;3415801001;2023;26;45;48;37;39;36;41;25;65;81;89;62
Palencia;34159;3415901001;2021;84;31;60;39;49;59;39;27;133;90;99;66
Palencia;34159;3415901001;2022;95;32;62;41;46;59;40;28;141;91;102;69
Palencia;34159;3415901001;2023;88;35;61;42;43;61;35;30;131;96;96;72
Palencia;34160;3416001001;2021;12;21;29;16;17;19;16;11;29;40;45;27
Palencia;34160;3416001001;2022;13;21;27;15;16;18;15;11;29;39;42;26
Palencia;34160;3416001001;2023;11;22;25;15;15;17;16;11;26;39;41;26
Palencia;34165;3416501001;2021;5;11;13;9;4;8;8;5;9;19;21;14
Palencia;34165;3416501001;2022;5;10;12;9;3;9;8;4;8;19;20;13
Palencia;34165;3416501001;2023;5;9;11;8;2;7;8;4;7;16;19;12
Palencia;34167;3416701001;2021;18;7;28;6;17;9;12;7;35;16;40;13
Palencia;34167;3416701001;2022;18;7;29;6;16;8;12;7;34;15;41;13
Palencia;34167;3416701001;2023;15;7;25;5;14;9;12;6;29;16;37;11
Palencia;34169;3416901001;2021;44;43;86;44;53;36;53;24;97;79;139;68
Palencia;34169;3416901001;2022;45;44;88;44;51;38;53;28;96;82;141;72
Palencia;34169;3416901001;2023;38;44;87;43;45;36;51;30;83;80;138;73
Palencia;34171;3417101001;2021;101;86;164;109;152;120;136;74;253;206;300;183
Palencia;34171;3417101001;2022;90;93;159;105;139;117;144;74;229;210;303;179
Palencia;34171;3417101001;2023;85;89;151;108;133;123;146;75;218;212;297;183
Palencia;34174;3417401001;2021;20;29;35;19;18;19;28;14;38;48;63;33
Palencia;34174;3417401001;2022;19;30;35;17;17;21;27;14;36;51;62;31
Palencia;34174;3417401001;2023;18;29;36;18;16;20;29;15;34;49;65;33
Palencia;34175;3417501001;2021;21;10;18;11;8;9;7;8;29;19;25;19
Palencia;34175;3417501001;2022;16;10;17;11;8;9;8;7;24;19;25;18
Palencia;34175;3417501001;2023;16;10;18;8;9;12;8;6;25;22;26;14
Palencia;34176;3417601001;2021;3;20;33;15;6;13;24;13;9;33;57;28
Palencia;34176;3417601001;2022;3;24;33;15;5;16;24;13;8;40;57;28
Palencia;34176;3417601001;2023;3;24;35;16;5;17;24;14;8;41;59;30
Palencia;34177;3417701001;2021;19;21;40;26;17;23;22;15;36;44;62;41
Palencia;34177;3417701001;2022;18;23;36;24;16;24;22;14;34;47;58;38
Palencia;34177;3417701001;2023;18;24;35;23;14;25;20;11;32;49;55;34
Palencia;34178;3417801001;2021;10;20;23;12;14;23;18;8;24;43;41;20
Palencia;34178;3417801001;2022;8;21;23;13;13;24;17;8;21;45;40;21
Palencia;34178;3417801001;2023;7;25;21;12;11;25;16;9;18;50;37;21
Palencia;34180;3418001001;2021;8;15;8;6;9;11;8;5;17;26;16;11
Palencia;34180;3418001001;2022;8;16;8;5;7;12;7;6;15;28;15;11
Palencia;34180;3418001001;2023;7;16;9;5;6;15;8;4;13;31;17;9
Palencia;34181;3418101001;2021;27;45;114;46;38;46;86;34;65;91;200;80
Palencia;34181;3418101001;2022;27;45;116;45;34;47;88;29;61;92;204;74
Palencia;34181;3418101001;2023;25;45;113;47;32;51;88;31;57;96;201;78
Palencia;34182;3418201001;2021;94;64;206;89;72;94;161;64;166;158;367;153
Palencia;34182;3418201001;2022;86;68;204;85;66;101;159;63;152;169;363;148
Palencia;34182;3418201001;2023;83;72;200;83;71;102;153;57;154;174;353;140
Palencia;34185;3418501001;2021;7;13;10;9;11;6;8;4;18;19;18;13
Palencia;34185;3418501001;2022;9;15;11;7;12;6;8;4;21;21;19;11
Palencia;34185;3418501001;2023;7;15;12;7;12;6;8;3;19;21;20;10
Palencia;34189;3418901001;2021;2;13;9;7;4;8;8;3;6;21;17;10
Palencia;34189;3418901001;2022;1;14;8;7;4;8;8;2;5;22;16;9
Palencia;34189;3418901001;2023;1;13;9;9;3;7;9;2;4;20;18;11
Palencia;34192;3419201001;2021;12;14;13;9;11;7;5;6;23;21;18;15
Palencia;34192;3419201001;2022;11;17;14;8;11;7;5;7;22;24;19;15
Palencia;34192;3419201001;2023;10;17;12;9;9;8;6;7;19;25;18;16
Palencia;34196;3419601001;2021;9;16;18;8;3;12;16;5;12;28;34;13
Palencia;34196;3419601001;2022;9;18;18;7;3;13;15;4;12;31;33;11
Palencia;34196;3419601001;2023;6;16;17;6;3;13;15;4;9;29;32;10
Palencia;34199;3419901001;2021;52;59;82;52;66;63;81;42;118;122;163;94
Palencia;34199;3419901001;2022;83;141;214;130;130;145;179;83;213;286;393;213
Palencia;34199;3419901001;2023;76;131;210;131;130;145;178;78;206;276;388;209
Palencia;34199;3419901002;2021;43;77;127;76;71;77;98;49;114;154;225;125
Palencia;34201;3420101001;2021;21;18;32;19;11;29;22;16;32;47;54;35
Palencia;34201;3420101001;2022;18;21;31;17;10;31;22;16;28;52;53;33
Palencia;34201;3420101001;2023;17;20;33;14;8;32;22;15;25;52;55;29
Palencia;34205;3420501001;2021;7;8;12;9;1;7;8;4;8;15;20;13
Palencia;34205;3420501001;2022;5;8;12;9;1;7;8;4;6;15;20;13
Palencia;34205;3420501001;2023;4;7;12;8;1;7;9;5;5;14;21;13
Palencia;34206;3420601001;2021;90;70;169;81;110;79;138;79;200;149;307;160
Palencia;34206;3420601001;2022;84;70;163;82;101;78;137;77;185;148;300;159
Palencia;34206;3420601001;2023;78;71;161;79;101;71;136;76;179;142;297;155
Palencia;34208;3420801001;2021;2;9;14;7;5;5;8;1;7;14;22;8
Palencia;34208;3420801001;2022;2;8;14;8;5;5;7;1;7;13;21;9
Palencia;34208;3420801001;2023;2;8;13;8;4;4;8;1;6;12;21;9
Palencia;34210;3421001001;2021;6;19;17;10;8;16;10;9;14;35;27;19
Palencia;34210;3421001001;2022;5;20;17;13;8;15;9;9;13;35;26;22
Palencia;34210;3421001001;2023;5;19;15;18;6;13;11;8;11;32;26;26
Palencia;34211;3421101001;2021;34;15;31;20;30;28;19;10;64;43;50;30
Palencia;34211;3421101001;2022;33;18;35;24;31;29;20;13;64;47;55;37
Palencia;34211;3421101001;2023;33;16;34;24;33;27;21;11;66;43;55;35
Palencia;34213;3421301001;2021;6;7;10;5;3;10;5;2;9;17;15;7
Palencia;34213;3421301001;2022;6;9;10;6;5;12;5;2;11;21;15;8
Palencia;34213;3421301001;2023;6;9;10;6;6;9;5;2;12;18;15;8
Palencia;34214;3421401001;2021;16;22;46;19;16;15;38;17;32;37;84;36
Palencia;34214;3421401001;2022;16;25;45;20;14;18;40;18;30;43;85;38
Palencia;34214;3421401001;2023;14;28;46;22;13;20;38;16;27;48;84;38
Palencia;34215;3421501001;2021;13;22;33;17;22;28;17;10;35;50;50;27
Palencia;34215;3421501001;2022;15;24;33;16;23;27;17;11;38;51;50;27
Palencia;34215;3421501001;2023;12;25;33;16;22;28;17;10;34;53;50;26
Palencia;34216;3421601001;2021;8;9;12;6;8;8;6;3;16;17;18;9
Palencia;34216;3421601001;2022;7;9;10;6;8;8;6;3;15;17;16;9
Palencia;34216;3421601001;2023;5;9;9;5;8;7;6;3;13;16;15;8
Palencia;34217;3421701001;2021;37;302;192;168;54;354;131;158;91;656;323;326
Palencia;34217;3421701001;2022;38;310;196;175;54;384;135;157;92;694;331;332
Palencia;34217;3421701001;2023;39;319;203;176;50;397;131;166;89;716;334;342
Palencia;34218;3421801001;2021;89;32;111;62;67;52;55;37;156;84;166;99
Palencia;34218;3421801001;2022;82;33;106;66;59;55;54;37;141;88;160;103
Palencia;34218;3421801001;2023;71;33;101;63;53;57;49;38;124;90;150;101
Palencia;34220;3422001001;2021;10;35;31;14;10;23;23;21;20;58;54;35
Palencia;34220;3422001001;2022;9;34;29;14;9;22;24;21;18;56;53;35
Palencia;34220;3422001001;2023;8;32;29;15;8;26;24;17;16;58;53;32
Palencia;34221;3422101001;2021;14;29;33;24;16;20;25;9;30;49;58;33
Palencia;34221;3422101001;2022;14;29;33;24;14;21;23;9;28;50;56;33
Palencia;34221;3422101001;2023;13;30;33;24;13;21;21;8;26;51;54;32
Palencia;34222;3422201001;2021;12;13;22;13;13;5;14;11;25;18;36;24
Palencia;34222;3422201001;2022;10;14;22;12;11;6;15;11;21;20;37;23
Palencia;34222;3422201001;2023;10;15;22;13;11;7;14;11;21;22;36;24
Palencia;34223;3422301001;2021;35;18;54;29;32;25;26;6;67;43;80;35
Palencia;34223;3422301001;2022;31;20;55;31;30;25;28;7;61;45;83;38
Palencia;34223;3422301001;2023;33;20;57;35;28;24;33;6;61;44;90;41
Palencia;34225;3422501001;2021;68;185;185;127;93;196;144;115;161;381;329;242
Palencia;34225;3422501001;2022;61;189;181;127;87;204;146;119;148;393;327;246
Palencia;34225;3422501001;2023;54;190;184;123;77;197;149;110;131;387;333;233
Palencia;34225;3422501002;2021;135;255;324;224;186;255;282;179;321;510;606;403
Palencia;34225;3422501002;2022;123;264;331;215;176;265;292;172;299;529;623;387
Palencia;34225;3422501002;2023;115;266;331;212;167;278;300;180;282;544;631;392
Palencia;34225;3422501003;2021;67;191;315;183;91;217;237;165;158;408;552;348
Palencia;34225;3422501003;2022;67;199;313;176;83;227;245;171;150;426;558;347
Palencia;34225;3422501003;2023;64;203;306;180;74;228;243;175;138;431;549;355
Palencia;34225;3422501004;2021;46;141;195;142;42;144;176;132;88;285;371;274
Palencia;34225;3422501004;2022;47;151;188;140;41;150;168;127;88;301;356;267
Palencia;34225;3422501004;2023;44;148;194;147;38;152;168;133;82;300;362;280
Palencia;34227;3422701001;2021;3;14;10;7;7;13;9;4;10;27;19;11
Palencia;34227;3422701001;2022;3;14;10;7;6;12;9;4;9;26;19;11
Palencia;34227;3422701001;2023;2;15;11;9;6;13;9;4;8;28;20;13
Palencia;34228;3422801001;2021;9;11;21;6;10;7;12;7;19;18;33;13
Palencia;34228;3422801001;2022;7;13;19;7;11;8;12;9;18;21;31;16
Palencia;34228;3422801001;2023;7;13;18;7;11;7;13;8;18;20;31;15
Palencia;34229;3422901001;2021;4;7;16;6;4;2;11;1;8;9;27;7
Palencia;34229;3422901001;2022;4;7;16;6;3;2;10;1;7;9;26;7
Palencia;34229;3422901001;2023;4;8;17;6;3;2;10;1;7;10;27;7
Palencia;34231;3423101001;2021;22;16;41;20;28;24;25;14;50;40;66;34
Palencia;34231;3423101001;2022;21;18;42;20;26;23;24;13;47;41;66;33
Palencia;34231;3423101001;2023;19;17;40;19;26;23;25;14;45;40;65;33
Palencia;34232;3423201001;2021;86;51;204;73;93;70;144;63;179;121;348;136
Palencia;34232;3423201001;2022;75;48;198;82;78;76;143;63;153;124;341;145
Palencia;34232;3423201001;2023;68;56;199;86;81;78;148;63;149;134;347;149
Palencia;34233;3423301001;2021;22;21;26;12;16;16;13;9;38;37;39;21
Palencia;34233;3423301001;2022;17;23;24;11;14;15;12;8;31;38;36;19
Palencia;34233;3423301001;2023;17;27;25;11;14;16;12;9;31;43;37;20
Palencia;34234;3423401001;2021;17;6;13;7;5;3;8;3;22;9;21;10
Palencia;34234;3423401001;2022;16;6;11;9;5;3;8;3;21;9;19;12
Palencia;34234;3423401001;2023;16;6;12;8;5;2;8;3;21;8;20;11
Palencia;34236;3423601001;2021;25;15;28;12;28;19;16;7;53;34;44;19
Palencia;34236;3423601001;2022;24;15;28;13;27;19;15;9;51;34;43;22
Palencia;34236;3423601001;2023;21;13;25;12;24;19;14;9;45;32;39;21
Palencia;34237;3423701001;2021;50;49;133;66;76;75;100;48;126;124;233;114
Palencia;34237;3423701001;2022;47;50;133;67;70;80;99;44;117;130;232;111
Palencia;34237;3423701001;2023;44;55;140;62;66;80;98;46;110;135;238;108
Palencia;34238;3423801001;2021;37;33;55;27;49;39;47;39;86;72;102;66
Palencia;34238;3423801001;2022;35;33;52;32;51;42;46;41;86;75;98;73
Palencia;34238;3423801001;2023;33;36;52;32;45;43;41;44;78;79;93;76
Palencia;34240;3424001001;2021;5;9;18;11;10;18;6;6;15;27;24;17
Palencia;34240;3424001001;2022;4;9;17;11;10;17;5;6;14;26;22;17
Palencia;34240;3424001001;2023;3;9;14;13;7;16;5;6;10;25;19;19
Palencia;34242;3424201001;2021;14;13;16;15;13;16;14;6;27;29;30;21
Palencia;34242;3424201001;2022;14;11;15;16;12;17;13;6;26;28;28;22
Palencia;34242;3424201001;2023;15;12;14;15;12;18;13;6;27;30;27;21
Palencia;34243;3424301001;2021;32;36;58;38;35;43;41;26;67;79;99;64
Palencia;34243;3424301001;2022;31;37;62;37;33;46;41;30;64;83;103;67
Palencia;34243;3424301001;2023;31;41;59;38;35;48;36;28;66;89;95;66
Palencia;34245;3424501001;2021;46;28;81;24;44;30;37;14;90;58;118;38
Palencia;34245;3424501001;2022;44;28;80;24;42;29;37;15;86;57;117;39
Palencia;34245;3424501001;2023;41;32;79;23;41;31;35;16;82;63;114;39
Palencia;34246;3424601001;2021;7;10;10;8;11;10;8;2;18;20;18;10
Palencia;34246;3424601001;2022;6;11;10;6;11;11;8;2;17;22;18;8
Palencia;34246;3424601001;2023;6;11;10;6;10;12;6;2;16;23;16;8
Palencia;34901;3490101001;2021;102;121;245;94;121;137;168;92;223;258;413;186
Palencia;34901;3490101001;2022;94;126;248;97;119;142;164;89;213;268;412;186
Palencia;34901;3490101001;2023;92;125;251;98;130;138;162;89;222;263;413;187
Palencia;34902;3490201001;2021;21;22;20;22;17;25;17;6;38;47;37;28
Palencia;34902;3490201001;2022;20;22;23;21;19;29;16;6;39;51;39;27
Palencia;34902;3490201001;2023;19;18;23;21;18;23;16;9;37;41;39;30
Palencia;34903;3490301001;2021;31;19;39;27;23;17;28;8;54;36;67;35
Palencia;34903;3490301001;2022;31;19;35;29;19;17;28;8;50;36;63;37
Palencia;34903;3490301001;2023;29;19;35;30;16;16;27;9;45;35;62;39
Palencia;34904;3490401001;2021;17;43;82;34;15;33;54;23;32;76;136;57
Palencia;34904;3490401001;2022;16;48;80;33;12;35;55;23;28;83;135;56
Palencia;34904;3490401001;2023;15;48;81;34;13;37;53;25;28;85;134;59
Salamanca;37001;3700101001;2021;23;18;30;13;35;14;20;8;58;32;50;21
Salamanca;37001;3700101001;2022;22;20;28;12;33;15;20;7;55;35;48;19
Salamanca;37001;3700101001;2023;20;17;28;12;28;13;20;8;48;30;48;20
Salamanca;37002;3700201001;2021;14;3;35;12;25;9;21;5;39;12;56;17
Salamanca;37002;3700201001;2022;18;3;35;12;25;10;20;3;43;13;55;15
Salamanca;37002;3700201001;2023;18;3;36;14;24;9;17;4;42;12;53;18
Salamanca;37003;3700301001;2021;14;13;22;10;14;12;19;5;28;25;41;15
Salamanca;37003;3700301001;2022;10;14;21;10;11;9;18;5;21;23;39;15
Salamanca;37003;3700301001;2023;9;13;20;9;9;8;17;6;18;21;37;15
Salamanca;37005;3700501001;2021;11;6;8;11;14;5;8;3;25;11;16;14
Salamanca;37005;3700501001;2022;10;6;7;11;15;6;7;5;25;12;14;16
Salamanca;37005;3700501001;2023;11;8;7;11;13;8;11;7;24;16;18;18
Salamanca;37006;3700601001;2021;16;15;21;8;28;9;13;7;44;24;34;15
Salamanca;37006;3700601001;2022;16;16;21;6;25;9;12;8;41;25;33;14
Salamanca;37006;3700601001;2023;15;15;18;6;24;10;11;7;39;25;29;13
Salamanca;37007;3700701001;2021;61;33;76;40;78;51;42;20;139;84;118;60
Salamanca;37007;3700701001;2022;64;32;79;46;81;54;42;24;145;86;121;70
Salamanca;37007;3700701001;2023;59;36;76;46;76;54;43;23;135;90;119;69
Salamanca;37008;3700801001;2021;74;171;244;147;82;245;187;117;156;416;431;264
Salamanca;37008;3700801001;2022;70;173;242;154;78;247;185;111;148;420;427;265
Salamanca;37008;3700801001;2023;77;176;245;158;74;249;195;109;151;425;440;267
Salamanca;37008;3700801002;2021;127;119;327;145;156;168;232;147;283;287;559;292
Salamanca;37008;3700801002;2022;120;128;326;140;151;180;225;141;271;308;551;281
Salamanca;37008;3700801002;2023;112;127;324;136;143;186;215;143;255;313;539;279
Salamanca;37008;3700801003;2021;119;147;404;183;152;313;282;171;271;460;686;354
Salamanca;37008;3700801003;2022;104;148;408;192;148;318;281;171;252;466;689;363
Salamanca;37008;3700801003;2023;95;146;401;202;145;321;285;170;240;467;686;372
Salamanca;37009;3700901001;2021;41;15;37;22;32;11;37;13;73;26;74;35
Salamanca;37009;3700901001;2022;39;15;38;22;32;10;37;13;71;25;75;35
Salamanca;37009;3700901001;2023;32;16;37;22;29;11;37;14;61;27;74;36
Salamanca;37010;3701001001;2021;85;118;182;91;108;144;154;77;193;262;336;168
Salamanca;37010;3701001001;2022;81;131;182;87;99;150;155;79;180;281;337;166
Salamanca;37010;3701001001;2023;76;128;177;94;99;155;146;82;175;283;323;176
Salamanca;37011;3701101001;2021;14;4;22;13;13;10;19;6;27;14;41;19
Salamanca;37011;3701101001;2022;16;4;22;12;14;8;18;6;30;12;40;18
Salamanca;37011;3701101001;2023;15;4;23;13;14;6;18;5;29;10;41;18
Salamanca;37012;3701201001;2021;17;14;28;14;20;22;16;7;37;36;44;21
Salamanca;37012;3701201001;2022;17;15;27;13;19;22;15;7;36;37;42;20
Salamanca;37012;3701201001;2023;18;16;27;13;17;20;16;7;35;36;43;20
Salamanca;37013;3701301001;2021;14;8;24;5;24;4;16;2;38;12;40;7
Salamanca;37013;3701301001;2022;14;8;25;5;23;5;16;1;37;13;41;6
Salamanca;37013;3701301001;2023;13;7;24;6;21;5;14;1;34;12;38;7
Salamanca;37014;3701401001;2021;127;110;229;94;168;119;189;94;295;229;418;188
Salamanca;37014;3701401001;2022;124;113;224;88;162;117;186;95;286;230;410;183
Salamanca;37014;3701401001;2023;114;117;225;93;152;113;180;94;266;230;405;187
Salamanca;37015;3701501001;2021;44;16;53;25;45;20;36;12;89;36;89;37
Salamanca;37015;3701501001;2022;43;20;57;30;43;20;36;15;86;40;93;45
Salamanca;37015;3701501001;2023;44;22;51;31;44;21;42;15;88;43;93;46
Salamanca;37016;3701601001;2021;30;89;113;71;41;116;78;61;71;205;191;132
Salamanca;37016;3701601001;2022;26;92;113;74;37;120;78;64;63;212;191;138
Salamanca;37016;3701601001;2023;28;95;110;71;33;123;73;65;61;218;183;136
Salamanca;37017;3701701001;2021;37;28;39;27;36;23;31;18;73;51;70;45
Salamanca;37017;3701701001;2022;37;27;40;24;36;27;25;14;73;54;65;38
Salamanca;37017;3701701001;2023;35;30;43;25;39;29;28;17;74;59;71;42
Salamanca;37018;3701801001;2021;16;16;29;7;13;5;12;10;29;21;41;17
Salamanca;37018;3701801001;2022;16;15;28;6;12;5;12;10;28;20;40;16
Salamanca;37018;3701801001;2023;16;15;30;6;12;5;12;8;28;20;42;14
Salamanca;37019;3701901001;2021;11;15;36;15;21;15;15;16;32;30;51;31
Salamanca;37019;3701901001;2022;11;15;38;15;19;16;15;15;30;31;53;30
Salamanca;37019;3701901001;2023;11;17;37;16;19;16;14;15;30;33;51;31
Salamanca;37020;3702001001;2021;42;66;100;54;43;67;61;36;85;133;161;90
Salamanca;37020;3702001001;2022;40;67;99;52;39;73;63;35;79;140;162;87
Salamanca;37020;3702001001;2023;35;65;96;50;34;72;64;38;69;137;160;88
Salamanca;37021;3702101001;2021;8;4;19;4;13;4;7;7;21;8;26;11
Salamanca;37021;3702101001;2022;7;5;19;2;12;5;7;7;19;10;26;9
Salamanca;37021;3702101001;2023;6;6;22;2;7;6;6;6;13;12;28;8
Salamanca;37022;3702201001;2021;30;22;48;27;32;24;40;21;62;46;88;48
Salamanca;37022;3702201001;2022;29;24;47;23;31;26;39;22;60;50;86;45
Salamanca;37022;3702201001;2023;28;23;50;22;32;26;40;21;60;49;90;43
Salamanca;37023;3702301001;2021;64;429;209;210;77;503;184;163;141;932;393;373
Salamanca;37023;3702301001;2022;58;459;214;215;71;537;192;163;129;996;406;378
Salamanca;37023;3702301001;2023;62;481;227;228;69;567;204;176;131;1048;431;404
Salamanca;37024;3702401001;2021;14;3;27;7;13;7;17;3;27;10;44;10
Salamanca;37024;3702401001;2022;13;4;28;7;12;8;19;4;25;12;47;11
Salamanca;37024;3702401001;2023;11;3;29;8;10;10;17;5;21;13;46;13
Salamanca;37025;3702501001;2021;22;39;51;29;22;37;45;16;44;76;96;45
Salamanca;37025;3702501001;2022;21;39;53;31;20;39;44;19;41;78;97;50
Salamanca;37025;3702501001;2023;18;41;49;29;18;36;37;24;36;77;86;53
Salamanca;37026;3702601001;2021;12;17;49;19;27;17;28;15;39;34;77;34
Salamanca;37026;3702601001;2022;13;16;47;18;26;16;29;15;39;32;76;33
Salamanca;37026;3702601001;2023;11;17;50;17;24;16;27;16;35;33;77;33
Salamanca;37027;3702701001;2021;20;47;50;29;14;43;36;19;34;90;86;48
Salamanca;37027;3702701001;2022;21;52;50;30;12;43;39;22;33;95;89;52
Salamanca;37027;3702701001;2023;20;53;51;24;9;47;41;23;29;100;92;47
Salamanca;37028;3702801001;2021;30;9;29;8;20;12;14;12;50;21;43;20
Salamanca;37028;3702801001;2022;28;8;29;7;18;13;14;11;46;21;43;18
Salamanca;37028;3702801001;2023;22;8;26;7;17;12;14;12;39;20;40;19
Salamanca;37029;3702901001;2021;30;16;48;17;27;16;21;7;57;32;69;24
Salamanca;37029;3702901001;2022;25;17;45;16;28;17;20;9;53;34;65;25
Salamanca;37029;3702901001;2023;26;19;46;15;28;17;21;8;54;36;67;23
Salamanca;37030;3703001001;2021;13;9;15;8;15;11;7;7;28;20;22;15
Salamanca;37030;3703001001;2022;12;9;17;7;14;11;6;7;26;20;23;14
Salamanca;37030;3703001001;2023;12;10;16;9;14;12;6;6;26;22;22;15
Salamanca;37031;3703101001;2021;12;27;117;30;14;32;84;9;26;59;201;39
Salamanca;37031;3703101001;2022;12;28;114;31;15;31;81;9;27;59;195;40
Salamanca;37031;3703101001;2023;14;29;111;30;14;31;74;13;28;60;185;43
Salamanca;37032;3703201001;2021;40;76;128;66;44;80;91;50;84;156;219;116
Salamanca;37032;3703201001;2022;41;81;127;65;41;86;94;54;82;167;221;119
Salamanca;37032;3703201001;2023;45;84;136;66;43;93;90;55;88;177;226;121
Salamanca;37033;3703301001;2021;7;17;12;10;9;17;9;10;16;34;21;20
Salamanca;37033;3703301001;2022;7;19;12;10;7;18;9;11;14;37;21;21
Salamanca;37033;3703301001;2023;7;21;12;12;6;19;9;11;13;40;21;23
Salamanca;37034;3703401001;2021;4;7;23;11;10;11;14;7;14;18;37;18
Salamanca;37034;3703401001;2022;3;7;23;10;9;11;13;9;12;18;36;19
Salamanca;37034;3703401001;2023;1;10;21;11;7;14;13;9;8;24;34;20
Salamanca;37035;3703501001;2021;18;30;36;22;22;19;29;10;40;49;65;32
Salamanca;37035;3703501001;2022;16;31;38;21;19;20;24;10;35;51;62;31
Salamanca;37035;3703501001;2023;38;27;42;22;27;18;32;8;65;45;74;30
Salamanca;37036;3703601001;2021;7;5;15;4;10;6;6;1;17;11;21;5
Salamanca;37036;3703601001;2022;7;5;13;4;9;7;6;1;16;12;19;5
Salamanca;37036;3703601001;2023;5;5;11;5;8;6;7;1;13;11;18;6
Salamanca;37037;3703701001;2021;20;6;26;6;20;6;13;5;40;12;39;11
Salamanca;37037;3703701001;2022;18;7;27;5;19;7;12;3;37;14;39;8
Salamanca;37037;3703701001;2023;14;6;26;5;19;8;12;3;33;14;38;8
Salamanca;37038;3703801001;2021;80;74;187;83;85;109;125;61;165;183;312;144
Salamanca;37038;3703801001;2022;74;78;185;83;80;118;131;60;154;196;316;143
Salamanca;37038;3703801001;2023;70;77;190;79;77;117;138;58;147;194;328;137
Salamanca;37039;3703901001;2021;41;26;44;21;48;29;42;12;89;55;86;33
Salamanca;37039;3703901001;2022;41;28;48;23;44;28;43;16;85;56;91;39
Salamanca;37039;3703901001;2023;33;30;52;20;45;27;40;17;78;57;92;37
Salamanca;37040;3704001001;2021;41;32;89;43;44;26;73;32;85;58;162;75
Salamanca;37040;3704001001;2022;39;36;93;44;42;28;78;30;81;64;171;74
Salamanca;37040;3704001001;2023;41;33;94;43;41;26;76;28;82;59;170;71
Salamanca;37041;3704101001;2021;10;14;9;9;13;8;9;2;23;22;18;11
Salamanca;37041;3704101001;2022;10;15;10;7;13;8;9;2;23;23;19;9
Salamanca;37041;3704101001;2023;10;15;10;7;11;7;9;2;21;22;19;9
Salamanca;37044;3704401001;2021;54;47;90;46;62;49;49;26;116;96;139;72
Salamanca;37044;3704401001;2022;47;49;87;42;66;48;46;24;113;97;133;66
Salamanca;37044;3704401001;2023;44;54;90;41;63;47;46;24;107;101;136;65
Salamanca;37046;3704601001;2021;38;46;115;52;65;65;100;36;103;111;215;88
Salamanca;37046;3704601001;2022;102;141;302;135;162;173;271;122;264;314;573;257
Salamanca;37046;3704601001;2023;103;129;298;132;143;164;271;126;246;293;569;258
Salamanca;37046;3704601002;2021;69;90;173;90;107;107;171;78;176;197;344;168
Salamanca;37046;3704601003;2021;61;65;120;59;101;74;104;51;162;139;224;110
Salamanca;37046;3704601003;2022;51;63;120;63;95;69;96;48;146;132;216;111
Salamanca;37046;3704601003;2023;48;64;119;65;88;70;99;57;136;134;218;122
Salamanca;37046;3704602001;2021;45;116;127;97;90;186;135;95;135;302;262;192
Salamanca;37046;3704602001;2022;41;119;124;87;77;187;129;91;118;306;253;178
Salamanca;37046;3704602001;2023;37;121;124;87;71;189;127;85;108;310;251;172
Salamanca;37046;3704602002;2021;69;117;163;77;127;133;143;85;196;250;306;162
Salamanca;37046;3704602002;2022;66;116;158;78;116;139;143;78;182;255;301;156
Salamanca;37046;3704602002;2023;63;115;157;86;111;145;141;80;174;260;298;166
Salamanca;37046;3704603001;2021;66;127;108;85;107;173;137;86;173;300;245;171
Salamanca;37046;3704603001;2022;65;128;105;84;95;181;135;87;160;309;240;171
Salamanca;37046;3704603001;2023;58;132;111;84;92;179;135;86;150;311;246;170
Salamanca;37046;3704603002;2021;94;125;200;87;161;134;174;82;255;259;374;169
Salamanca;37046;3704603002;2022;88;119;199;88;154;138;186;78;242;257;385;166
Salamanca;37046;3704603002;2023;81;125;203;104;156;143;185;82;237;268;388;186
Salamanca;37046;3704603003;2021;70;183;161;104;138;228;167;121;208;411;328;225
Salamanca;37046;3704603003;2022;66;183;160;99;133;229;156;120;199;412;316;219
Salamanca;37046;3704603003;2023;57;183;154;101;130;227;157;122;187;410;311;223
Salamanca;37046;3704604001;2021;48;50;143;54;84;66;143;50;132;116;286;104
Salamanca;37046;3704604001;2022;46;50;139;56;83;65;152;50;129;115;291;106
Salamanca;37046;3704604001;2023;46;51;146;55;87;67;147;49;133;118;293;104
Salamanca;37046;3704604002;2021;67;97;165;86;110;122;146;70;177;219;311;156
Salamanca;37046;3704604002;2022;56;100;171;82;106;126;151;64;162;226;322;146
Salamanca;37046;3704604002;2023;56;96;176;82;107;128;151;72;163;224;327;154
Salamanca;37046;3704604003;2021;47;116;112;43;78;98;85;34;125;214;197;77
Salamanca;37046;3704604003;2022;44;118;114;41;73;101;85;32;117;219;199;73
Salamanca;37046;3704604003;2023;49;106;114;46;66;102;87;34;115;208;201;80
Salamanca;37046;3704604004;2021;111;109;198;97;177;109;192;74;288;218;390;171
Salamanca;37046;3704604004;2022;106;120;197;103;170;112;193;79;276;232;390;182
Salamanca;37046;3704604004;2023;92;122;196;99;153;115;192;82;245;237;388;181
Salamanca;37046;3704604005;2021;74;73;184;82;94;105;170;61;168;178;354;143
Salamanca;37046;3704604005;2022;66;73;182;83;91;98;174;65;157;171;356;148
Salamanca;37046;3704604005;2023;60;74;183;86;82;102;174;72;142;176;357;158
Salamanca;37047;3704701001;2021;45;15;28;17;54;16;19;11;99;31;47;28
Salamanca;37047;3704701001;2022;40;13;30;14;48;16;18;12;88;29;48;26
Salamanca;37047;3704701001;2023;55;15;34;18;75;21;21;14;130;36;55;32
Salamanca;37049;3704901001;2021;22;18;16;10;30;9;12;9;52;27;28;19
Salamanca;37049;3704901001;2022;18;17;16;11;27;10;12;8;45;27;28;19
Salamanca;37049;3704901001;2023;16;19;17;10;25;14;12;11;41;33;29;21
Salamanca;37050;3705001001;2021;6;17;12;8;7;11;11;4;13;28;23;12
Salamanca;37050;3705001001;2022;5;15;12;8;7;11;10;4;12;26;22;12
Salamanca;37050;3705001001;2023;4;15;10;9;7;11;9;6;11;26;19;15
Salamanca;37051;3705101001;2021;3;7;24;7;3;9;19;5;6;16;43;12
Salamanca;37051;3705101001;2022;3;7;25;7;3;8;18;5;6;15;43;12
Salamanca;37051;3705101001;2023;1;7;24;7;3;8;14;5;4;15;38;12
Salamanca;37052;3705201001;2021;28;24;70;21;38;26;47;21;66;50;117;42
Salamanca;37052;3705201001;2022;27;22;67;23;33;23;47;20;60;45;114;43
Salamanca;37052;3705201001;2023;23;21;66;25;29;24;47;18;52;45;113;43
Salamanca;37054;3705401001;2021;38;22;53;15;36;27;31;18;74;49;84;33
Salamanca;37054;3705401001;2022;38;21;52;15;32;26;34;19;70;47;86;34
Salamanca;37054;3705401001;2023;37;19;53;15;32;25;34;17;69;44;87;32
Salamanca;37055;3705501001;2021;19;12;23;17;12;12;24;9;31;24;47;26
Salamanca;37055;3705501001;2022;20;13;22;19;13;14;22;8;33;27;44;27
Salamanca;37055;3705501001;2023;18;14;21;18;8;14;23;8;26;28;44;26
Salamanca;37056;3705601001;2021;10;2;8;2;10;5;5;4;20;7;13;6
Salamanca;37056;3705601001;2022;9;3;7;3;9;7;5;4;18;10;12;7
Salamanca;37056;3705601001;2023;8;3;5;1;8;5;3;4;16;8;8;5
Salamanca;37057;3705701001;2021;34;14;48;22;38;20;20;12;72;34;68;34
Salamanca;37057;3705701001;2022;32;12;47;23;37;20;18;14;69;32;65;37
Salamanca;37057;3705701001;2023;23;12;46;21;34;21;15;15;57;33;61;36
Salamanca;37058;3705801001;2021;8;5;13;2;6;3;13;3;14;8;26;5
Salamanca;37058;3705801001;2022;7;5;13;2;6;3;13;2;13;8;26;4
Salamanca;37058;3705801001;2023;8;5;15;2;7;4;15;2;15;9;30;4
Salamanca;37059;3705901001;2021;9;11;26;12;13;16;14;12;22;27;40;24
Salamanca;37059;3705901001;2022;9;11;27;12;13;16;15;12;22;27;42;24
Salamanca;37059;3705901001;2023;9;11;23;12;13;17;14;11;22;28;37;23
Salamanca;37060;3706001001;2021;18;74;50;36;17;64;35;29;35;138;85;65
Salamanca;37060;3706001001;2022;14;73;51;34;15;61;37;31;29;134;88;65
Salamanca;37060;3706001001;2023;13;72;54;36;17;65;38;36;30;137;92;72
Salamanca;37061;3706101001;2021;9;30;44;31;33;21;30;15;42;51;74;46
Salamanca;37061;3706101001;2022;11;32;43;32;32;24;26;19;43;56;69;51
Salamanca;37061;3706101001;2023;11;31;42;33;32;25;30;19;43;56;72;52
Salamanca;37062;3706201001;2021;10;9;17;7;12;1;9;9;22;10;26;16
Salamanca;37062;3706201001;2022;9;10;16;6;11;1;9;9;20;11;25;15
Salamanca;37062;3706201001;2023;8;14;17;7;11;2;8;7;19;16;25;14
Salamanca;37063;3706301001;2021;9;14;11;4;9;6;5;0;18;20;16;4
Salamanca;37063;3706301001;2022;8;13;11;4;9;6;5;0;17;19;16;4
Salamanca;37063;3706301001;2023;8;14;12;5;6;6;5;1;14;20;17;6
Salamanca;37065;3706501001;2021;56;13;59;15;50;10;48;10;106;23;107;25
Salamanca;37065;3706501001;2022;51;14;59;13;41;12;47;10;92;26;106;23
Salamanca;37065;3706501001;2023;45;12;57;14;40;14;45;13;85;26;102;27
Salamanca;37067;3706701001;2021;64;385;231;243;87;441;194;210;151;826;425;453
Salamanca;37067;3706701001;2022;62;396;218;240;83;444;188;206;145;840;406;446
Salamanca;37067;3706701001;2023;59;404;211;242;78;450;175;216;137;854;386;458
Salamanca;37067;3706701002;2021;59;384;221;195;87;471;169;170;146;855;390;365
Salamanca;37067;3706701002;2022;55;399;225;214;82;487;163;180;137;886;388;394
Salamanca;37067;3706701002;2023;54;402;224;208;80;482;156;176;134;884;380;384
Salamanca;37068;3706801001;2021;42;22;78;26;58;33;56;16;100;55;134;42
Salamanca;37068;3706801001;2022;37;23;75;25;53;32;53;17;90;55;128;42
Salamanca;37068;3706801001;2023;35;25;75;24;50;31;53;17;85;56;128;41
Salamanca;37069;3706901001;2021;82;112;235;114;106;131;182;68;188;243;417;182
Salamanca;37069;3706901001;2022;80;109;228;117;103;138;185;77;183;247;413;194
Salamanca;37069;3706901001;2023;81;116;228;125;92;144;189;82;173;260;417;207
Salamanca;37070;3707001001;2021;51;55;136;55;71;53;88;45;122;108;224;100
Salamanca;37070;3707001001;2022;49;55;138;54;67;56;82;45;116;111;220;99
Salamanca;37070;3707001001;2023;50;57;137;56;68;60;83;44;118;117;220;100
Salamanca;37071;3707101001;2021;14;8;15;10;11;5;12;5;25;13;27;15
Salamanca;37071;3707101001;2022;13;8;17;10;9;6;11;5;22;14;28;15
Salamanca;37071;3707101001;2023;13;8;19;9;9;6;11;5;22;14;30;14
Salamanca;37072;3707201001;2021;14;16;35;11;24;5;29;7;38;21;64;18
Salamanca;37072;3707201001;2022;15;16;35;9;22;6;27;10;37;22;62;19
Salamanca;37072;3707201001;2023;13;15;33;8;21;6;28;10;34;21;61;18
Salamanca;37073;3707301001;2021;49;88;112;73;76;107;84;49;125;195;196;122
Salamanca;37073;3707301001;2022;47;87;117;77;74;106;82;51;121;193;199;128
Salamanca;37073;3707301001;2023;41;93;114;74;74;106;82;49;115;199;196;123
Salamanca;37074;3707401001;2021;17;5;56;8;25;7;25;6;42;12;81;14
Salamanca;37074;3707401001;2022;15;5;54;8;23;7;24;5;38;12;78;13
Salamanca;37074;3707401001;2023;16;4;54;9;21;7;22;4;37;11;76;13
Salamanca;37077;3707701001;2021;54;24;36;29;34;20;33;9;88;44;69;38
Salamanca;37077;3707701001;2022;54;27;38;30;33;26;35;9;87;53;73;39
Salamanca;37077;3707701001;2023;50;27;38;30;33;27;33;10;83;54;71;40
Salamanca;37078;3707801001;2021;84;98;151;82;111;112;124;52;195;210;275;134
Salamanca;37078;3707801001;2022;75;104;154;79;102;116;126;53;177;220;280;132
Salamanca;37078;3707801001;2023;65;106;155;77;94;120;117;52;159;226;272;129
Salamanca;37079;3707901001;2021;9;11;13;19;6;6;7;4;15;17;20;23
Salamanca;37079;3707901001;2022;8;11;12;18;8;4;7;5;16;15;19;23
Salamanca;37079;3707901001;2023;9;10;12;18;7;5;6;5;16;15;18;23
Salamanca;37080;3708001001;2021;18;25;60;20;18;33;44;18;36;58;104;38
Salamanca;37080;3708001001;2022;16;27;63;19;15;35;47;20;31;62;110;39
Salamanca;37080;3708001001;2023;14;26;66;19;14;37;49;21;28;63;115;40
Salamanca;37081;3708101001;2021;147;63;155;68;172;85;111;56;319;148;266;124
Salamanca;37081;3708101001;2022;144;61;154;62;171;86;109;54;315;147;263;116
Salamanca;37081;3708101001;2023;143;58;153;62;164;95;108;54;307;153;261;116
Salamanca;37082;3708201001;2021;118;48;178;64;120;59;106;54;238;107;284;118
Salamanca;37082;3708201001;2022;114;45;174;64;111;58;108;57;225;103;282;121
Salamanca;37082;3708201001;2023;109;49;179;64;115;59;104;60;224;108;283;124
Salamanca;37083;3708301001;2021;13;25;43;20;17;22;35;10;30;47;78;30
Salamanca;37083;3708301001;2022;14;25;43;19;17;21;30;13;31;46;73;32
Salamanca;37083;3708301001;2023;14;21;40;19;16;21;31;15;30;42;71;34
Salamanca;37085;3708501001;2021;82;224;278;200;73;296;258;164;155;520;536;364
Salamanca;37085;3708501001;2022;82;230;291;198;69;302;264;172;151;532;555;370
Salamanca;37085;3708501001;2023;81;243;293;198;65;314;264;187;146;557;557;385
Salamanca;37085;3708501002;2021;58;200;284;178;75;304;247;174;133;504;531;352
Salamanca;37085;3708501002;2022;56;210;292;176;72;315;257;168;128;525;549;344
Salamanca;37085;3708501002;2023;64;219;297;192;71;331;256;178;135;550;553;370
Salamanca;37085;3708501003;2021;27;296;158;164;28;378;105;134;55;674;263;298
Salamanca;37085;3708501003;2022;26;306;169;170;29;384;115;141;55;690;284;311
Salamanca;37085;3708501003;2023;26;315;164;184;29;400;122;146;55;715;286;330
Salamanca;37085;3708501004;2021;24;402;110;165;24;443;87;115;48;845;197;280
Salamanca;37085;3708501004;2022;23;408;113;178;21;458;100;129;44;866;213;307
Salamanca;37085;3708501004;2023;22;424;121;181;23;477;97;133;45;901;218;314
Salamanca;37086;3708601001;2021;14;9;28;11;10;14;15;9;24;23;43;20
Salamanca;37086;3708601001;2022;11;10;28;9;10;15;14;9;21;25;42;18
Salamanca;37086;3708601001;2023;11;9;28;8;10;14;15;9;21;23;43;17
Salamanca;37087;3708701001;2021;28;227;130;150;30;282;92;107;58;509;222;257
Salamanca;37087;3708701001;2022;33;243;126;152;30;291;91;115;63;534;217;267
Salamanca;37087;3708701001;2023;28;259;138;158;28;312;91;124;56;571;229;282
Salamanca;37088;3708801001;2021;17;22;51;13;19;19;38;9;36;41;89;22
Salamanca;37088;3708801001;2022;16;23;50;14;18;18;37;11;34;41;87;25
Salamanca;37088;3708801001;2023;15;22;52;17;18;21;37;7;33;43;89;24
Salamanca;37089;3708901001;2021;4;10;10;6;11;11;7;1;15;21;17;7
Salamanca;37089;3708901001;2022;4;10;9;6;10;11;7;1;14;21;16;7
Salamanca;37089;3708901001;2023;6;12;10;6;11;14;8;3;17;26;18;9
Salamanca;37090;3709001001;2021;7;8;9;3;15;7;4;4;22;15;13;7
Salamanca;37090;3709001001;2022;6;9;8;3;15;6;4;5;21;15;12;8
Salamanca;37090;3709001001;2023;6;10;8;4;13;7;5;5;19;17;13;9
Salamanca;37091;3709101001;2021;29;14;30;17;38;15;29;10;67;29;59;27
Salamanca;37091;3709101001;2022;23;14;30;16;39;14;30;10;62;28;60;26
Salamanca;37091;3709101001;2023;24;14;30;15;35;17;27;9;59;31;57;24
Salamanca;37092;3709201001;2021;67;387;311;310;73;523;234;228;140;910;545;538
Salamanca;37092;3709201001;2022;64;413;323;318;68;537;252;234;132;950;575;552
Salamanca;37092;3709201001;2023;25;77;87;86;27;121;69;64;52;198;156;150
Salamanca;37092;3709201002;2023;45;337;246;257;50;431;187;180;95;768;433;437
Salamanca;37096;3709601001;2021;33;21;47;18;28;15;25;11;61;36;72;29
Salamanca;37096;3709601001;2022;29;24;47;20;27;16;26;12;56;40;73;32
Salamanca;37096;3709601001;2023;27;26;50;18;24;16;27;13;51;42;77;31
Salamanca;37098;3709801001;2021;34;14;77;20;47;19;47;26;81;33;124;46
Salamanca;37098;3709801001;2022;29;15;82;21;44;21;45;25;73;36;127;46
Salamanca;37098;3709801001;2023;28;16;79;21;41;25;45;27;69;41;124;48
Salamanca;37099;3709901001;2021;13;3;10;7;14;5;9;4;27;8;19;11
Salamanca;37099;3709901001;2022;12;3;10;8;13;5;8;4;25;8;18;12
Salamanca;37099;3709901001;2023;11;4;11;8;13;5;6;6;24;9;17;14
Salamanca;37100;3710001001;2021;7;9;10;5;13;4;12;4;20;13;22;9
Salamanca;37100;3710001001;2022;7;11;11;6;11;8;12;4;18;19;23;10
Salamanca;37100;3710001001;2023;7;12;11;6;11;8;13;4;18;20;24;10
Salamanca;37101;3710101001;2021;23;8;33;8;30;6;15;5;53;14;48;13
Salamanca;37101;3710101001;2022;22;8;32;8;28;6;15;5;50;14;47;13
Salamanca;37101;3710101001;2023;18;8;31;7;27;6;16;4;45;14;47;11
Salamanca;37102;3710201001;2021;56;28;89;26;73;24;65;18;129;52;154;44
Salamanca;37102;3710201001;2022;47;27;86;27;69;26;63;15;116;53;149;42
Salamanca;37102;3710201001;2023;46;25;79;30;66;25;65;15;112;50;144;45
Salamanca;37103;3710301001;2021;63;43;88;46;59;50;68;33;122;93;156;79
Salamanca;37103;3710301001;2022;59;42;92;47;56;49;66;37;115;91;158;84
Salamanca;37103;3710301001;2023;55;43;91;49;47;54;65;40;102;97;156;89
Salamanca;37106;3710601001;2021;20;17;66;25;37;16;51;12;57;33;117;37
Salamanca;37106;3710601001;2022;20;17;64;25;34;15;50;13;54;32;114;38
Salamanca;37106;3710601001;2023;18;15;65;24;31;15;51;14;49;30;116;38
Salamanca;37107;3710701001;2021;42;86;54;62;79;109;53;56;121;195;107;118
Salamanca;37107;3710701001;2022;39;87;56;62;75;111;60;55;114;198;116;117
Salamanca;37107;3710701001;2023;38;96;59;59;70;114;60;53;108;210;119;112
Salamanca;37107;3710701002;2021;65;81;61;47;121;106;62;52;186;187;123;99
Salamanca;37107;3710701002;2022;57;81;56;43;101;106;59;48;158;187;115;91
Salamanca;37107;3710701002;2023;52;79;54;41;100;105;58;43;152;184;112;84
Salamanca;37107;3710702001;2021;103;116;198;119;144;179;160;109;247;295;358;228
Salamanca;37107;3710702001;2022;89;115;198;115;132;185;169;107;221;300;367;222
Salamanca;37107;3710702001;2023;86;119;196;115;127;185;168;115;213;304;364;230
Salamanca;37107;3710702002;2021;60;78;178;89;80;127;169;83;140;205;347;172
Salamanca;37107;3710702002;2022;52;78;175;96;75;134;169;86;127;212;344;182
Salamanca;37107;3710702002;2023;48;80;175;93;75;137;167;82;123;217;342;175
Salamanca;37107;3710702003;2021;77;126;219;107;120;185;180;109;197;311;399;216
Salamanca;37107;3710702003;2022;77;132;209;114;117;184;179;114;194;316;388;228
Salamanca;37107;3710702003;2023;77;128;207;118;112;179;169;118;189;307;376;236
Salamanca;37107;3710702004;2021;131;108;244;160;164;188;212;122;295;296;456;282
Salamanca;37107;3710702004;2022;132;112;240;160;158;194;219;119;290;306;459;279
Salamanca;37107;3710702004;2023;114;115;242;160;148;198;222;123;262;313;464;283
Salamanca;37107;3710702005;2021;113;96;221;110;172;148;150;95;285;244;371;205
Salamanca;37107;3710702005;2022;113;99;216;113;163;143;148;97;276;242;364;210
Salamanca;37107;3710702005;2023;102;100;211;109;161;148;144;93;263;248;355;202
Salamanca;37107;3710702006;2021;120;75;196;96;174;136;139;101;294;211;335;197
Salamanca;37107;3710702006;2022;113;83;192;93;173;139;142;97;286;222;334;190
Salamanca;37107;3710702006;2023;111;83;197;87;160;134;142;99;271;217;339;186
Salamanca;37107;3710702007;2021;76;169;178;143;108;218;172;114;184;387;350;257
Salamanca;37107;3710702007;2022;68;163;181;135;101;222;174;113;169;385;355;248
Salamanca;37107;3710702007;2023;69;165;173;134;99;229;172;110;168;394;345;244
Salamanca;37107;3710702008;2021;65;105;171;96;100;136;138;86;165;241;309;182
Salamanca;37107;3710702008;2022;59;101;169;107;97;136;139;86;156;237;308;193
Salamanca;37107;3710702008;2023;55;102;158;103;91;132;143;88;146;234;301;191
Salamanca;37107;3710703001;2021;119;57;259;76;146;73;190;60;265;130;449;136
Salamanca;37107;3710703001;2022;112;66;258;75;130;77;199;57;242;143;457;132
Salamanca;37107;3710703001;2023;114;65;255;77;128;76;198;57;242;141;453;134
Salamanca;37108;3710801001;2021;10;11;19;9;13;12;19;6;23;23;38;15
Salamanca;37108;3710801001;2022;12;11;20;9;12;14;17;5;24;25;37;14
Salamanca;37108;3710801001;2023;10;11;20;7;10;13;18;5;20;24;38;12
Salamanca;37109;3710901001;2021;34;13;41;10;25;11;28;12;59;24;69;22
Salamanca;37109;3710901001;2022;32;13;43;9;24;10;28;11;56;23;71;20
Salamanca;37109;3710901001;2023;30;13;48;10;23;10;27;12;53;23;75;22
Salamanca;37110;3711001001;2021;6;13;29;7;13;16;11;9;19;29;40;16
Salamanca;37110;3711001001;2022;6;13;29;7;11;16;11;7;17;29;40;14
Salamanca;37110;3711001001;2023;6;15;28;8;11;16;10;7;17;31;38;15
Salamanca;37112;3711201001;2021;22;10;43;15;24;9;28;8;46;19;71;23
Salamanca;37112;3711201001;2022;21;15;49;13;28;6;30;7;49;21;79;20
Salamanca;37112;3711201001;2023;20;14;48;15;23;6;29;8;43;20;77;23
Salamanca;37113;3711301001;2021;43;31;84;51;63;44;61;26;106;75;145;77
Salamanca;37113;3711301001;2022;39;31;79;51;57;42;60;27;96;73;139;78
Salamanca;37113;3711301001;2023;39;32;76;51;51;43;60;25;90;75;136;76
Salamanca;37114;3711401001;2021;9;7;15;4;10;5;13;2;19;12;28;6
Salamanca;37114;3711401001;2022;9;9;14;3;8;6;14;0;17;15;28;3
Salamanca;37114;3711401001;2023;11;9;21;4;11;10;13;4;22;19;34;8
Salamanca;37115;3711501001;2021;20;7;29;5;16;7;17;12;36;14;46;17
Salamanca;37115;3711501001;2022;17;9;31;3;16;6;18;13;33;15;49;16
Salamanca;37115;3711501001;2023;18;8;33;5;17;10;17;11;35;18;50;16
Salamanca;37116;3711601001;2021;5;10;11;5;5;10;11;4;10;20;22;9
Salamanca;37116;3711601001;2022;4;11;12;5;4;13;12;3;8;24;24;8
Salamanca;37116;3711601001;2023;4;12;14;5;4;13;12;3;8;25;26;8
Salamanca;37117;3711701001;2021;71;304;302;223;75;361;234;176;146;665;536;399
Salamanca;37117;3711701001;2022;67;310;304;235;70;377;233;171;137;687;537;406
Salamanca;37117;3711701001;2023;69;333;309;241;65;385;239;174;134;718;548;415
Salamanca;37118;3711801001;2021;20;8;34;7;19;10;15;7;39;18;49;14
Salamanca;37118;3711801001;2022;18;8;36;7;19;8;15;10;37;16;51;17
Salamanca;37118;3711801001;2023;20;10;38;8;18;13;16;13;38;23;54;21
Salamanca;37119;3711901001;2021;14;5;31;10;13;8;11;6;27;13;42;16
Salamanca;37119;3711901001;2022;12;5;30;11;13;10;12;6;25;15;42;17
Salamanca;37119;3711901001;2023;13;7;29;10;12;9;11;7;25;16;40;17
Salamanca;37120;3712001001;2021;5;11;31;6;6;18;20;8;11;29;51;14
Salamanca;37120;3712001001;2022;4;8;34;6;5;20;22;8;9;28;56;14
Salamanca;37120;3712001001;2023;4;8;32;6;4;22;20;7;8;30;52;13
Salamanca;37121;3712101001;2021;54;51;140;42;57;64;87;47;111;115;227;89
Salamanca;37121;3712101001;2022;51;51;138;47;53;66;80;51;104;117;218;98
Salamanca;37121;3712101001;2023;49;53;139;46;49;71;81;52;98;124;220;98
Salamanca;37122;3712201001;2021;15;15;53;27;20;31;40;16;35;46;93;43
Salamanca;37122;3712201001;2022;15;18;51;22;19;33;40;16;34;51;91;38
Salamanca;37122;3712201001;2023;14;18;51;24;18;36;38;16;32;54;89;40
Salamanca;37123;3712301001;2021;33;14;29;11;28;9;23;9;61;23;52;20
Salamanca;37123;3712301001;2022;32;13;30;12;27;9;23;9;59;22;53;21
Salamanca;37123;3712301001;2023;28;14;29;13;26;11;22;9;54;25;51;22
Salamanca;37124;3712401001;2021;27;26;46;16;24;20;36;10;51;46;82;26
Salamanca;37124;3712401001;2022;24;25;45;17;23;22;35;9;47;47;80;26
Salamanca;37124;3712401001;2023;25;25;45;17;20;22;34;9;45;47;79;26
Salamanca;37125;3712501001;2021;39;32;40;20;25;28;32;15;64;60;72;35
Salamanca;37125;3712501001;2022;31;34;40;20;25;29;31;15;56;63;71;35
Salamanca;37125;3712501001;2023;28;38;40;20;23;32;32;14;51;70;72;34
Salamanca;37127;3712701001;2021;26;21;49;16;28;18;37;14;54;39;86;30
Salamanca;37127;3712701001;2022;26;22;49;17;27;16;38;14;53;38;87;31
Salamanca;37127;3712701001;2023;24;19;46;18;24;18;39;11;48;37;85;29
Salamanca;37128;3712801001;2021;29;24;66;15;36;24;32;9;65;48;98;24
Salamanca;37128;3712801001;2022;29;24;63;17;34;27;31;12;63;51;94;29
Salamanca;37128;3712801001;2023;28;22;56;17;33;25;33;10;61;47;89;27
Salamanca;37129;3712901001;2021;17;45;36;35;18;48;28;16;35;93;64;51
Salamanca;37129;3712901001;2022;17;46;38;35;18;42;28;16;35;88;66;51
Salamanca;37129;3712901001;2023;17;52;36;30;18;39;29;18;35;91;65;48
Salamanca;37130;3713001001;2021;25;38;15;28;21;28;18;14;46;66;33;42
Salamanca;37130;3713001001;2022;23;39;15;29;22;29;18;14;45;68;33;43
Salamanca;37130;3713001001;2023;23;41;15;28;21;32;19;16;44;73;34;44
Salamanca;37131;3713101001;2021;24;19;34;24;28;21;23;5;52;40;57;29
Salamanca;37131;3713101001;2022;20;20;35;22;28;22;24;5;48;42;59;27
Salamanca;37131;3713101001;2023;19;20;36;24;28;22;22;5;47;42;58;29
Salamanca;37132;3713201001;2021;44;22;66;12;71;22;42;20;115;44;108;32
Salamanca;37132;3713201001;2022;43;23;67;12;66;23;42;19;109;46;109;31
Salamanca;37132;3713201001;2023;41;25;69;12;60;26;44;19;101;51;113;31
Salamanca;37133;3713301001;2021;19;12;24;4;12;12;13;4;31;24;37;8
Salamanca;37133;3713301001;2022;15;12;25;4;13;11;14;5;28;23;39;9
Salamanca;37133;3713301001;2023;16;12;26;4;11;12;14;5;27;24;40;9
Salamanca;37134;3713401001;2021;30;9;37;27;24;22;26;16;54;31;63;43
Salamanca;37134;3713401001;2022;26;9;37;30;23;24;25;16;49;33;62;46
Salamanca;37134;3713401001;2023;19;8;39;30;21;24;26;17;40;32;65;47
Salamanca;37135;3713501001;2021;108;129;220;125;147;152;171;103;255;281;391;228
Salamanca;37135;3713501001;2022;100;134;232;123;146;154;175;108;246;288;407;231
Salamanca;37135;3713501001;2023;94;133;242;124;144;158;170;107;238;291;412;231
Salamanca;37136;3713601001;2021;75;61;132;49;98;73;107;37;173;134;239;86
Salamanca;37136;3713601001;2022;72;62;130;51;87;80;103;39;159;142;233;90
Salamanca;37136;3713601001;2023;64;57;126;49;90;76;102;40;154;133;228;89
Salamanca;37137;3713701001;2021;14;14;13;7;21;9;11;8;35;23;24;15
Salamanca;37137;3713701001;2022;10;14;13;7;18;10;10;9;28;24;23;16
Salamanca;37137;3713701001;2023;9;13;12;7;19;9;11;9;28;22;23;16
Salamanca;37138;3713801001;2021;11;16;74;18;11;20;62;19;22;36;136;37
Salamanca;37138;3713801001;2022;11;16;70;20;9;21;62;18;20;37;132;38
Salamanca;37138;3713801001;2023;10;18;69;20;8;22;52;22;18;40;121;42
Salamanca;37139;3713901001;2021;13;28;35;18;20;38;23;20;33;66;58;38
Salamanca;37139;3713901001;2022;13;33;35;20;18;39;23;18;31;72;58;38
Salamanca;37139;3713901001;2023;13;33;40;21;16;38;23;22;29;71;63;43
Salamanca;37140;3714001001;2021;140;69;228;123;145;93;152;75;285;162;380;198
Salamanca;37140;3714001001;2022;140;69;224;128;141;92;149;78;281;161;373;206
Salamanca;37140;3714001001;2023;129;70;216;124;136;91;148;75;265;161;364;199
Salamanca;37141;3714101001;2021;17;15;28;6;21;31;21;5;38;46;49;11
Salamanca;37141;3714101001;2022;17;17;29;5;16;28;21;5;33;45;50;10
Salamanca;37141;3714101001;2023;19;18;28;5;15;29;21;7;34;47;49;12
Salamanca;37142;3714201001;2021;25;120;109;77;19;108;60;49;44;228;169;126
Salamanca;37142;3714201001;2022;22;122;109;73;17;117;70;47;39;239;179;120
Salamanca;37142;3714201001;2023;22;130;105;81;16;119;72;50;38;249;177;131
Salamanca;37143;3714301001;2021;49;22;89;29;54;39;66;33;103;61;155;62
Salamanca;37143;3714301001;2022;44;22;92;26;51;37;67;34;95;59;159;60
Salamanca;37143;3714301001;2023;38;26;93;22;49;37;70;32;87;63;163;54
Salamanca;37144;3714401001;2021;40;21;102;20;47;22;58;17;87;43;160;37
Salamanca;37144;3714401001;2022;36;21;101;20;43;23;60;18;79;44;161;38
Salamanca;37144;3714401001;2023;33;18;97;22;38;22;60;17;71;40;157;39
Salamanca;37145;3714501001;2021;26;17;58;23;45;17;50;10;71;34;108;33
Salamanca;37145;3714501001;2022;20;15;57;25;43;17;47;11;63;32;104;36
Salamanca;37145;3714501001;2023;25;18;56;27;42;18;51;10;67;36;107;37
Salamanca;37146;3714601001;2021;18;18;23;4;14;12;13;7;32;30;36;11
Salamanca;37146;3714601001;2022;16;19;23;4;12;13;13;7;28;32;36;11
Salamanca;37146;3714601001;2023;14;19;23;3;10;13;14;8;24;32;37;11
Salamanca;37147;3714701001;2021;31;12;50;12;31;16;21;7;62;28;71;19
Salamanca;37147;3714701001;2022;30;11;52;13;31;17;22;9;61;28;74;22
Salamanca;37147;3714701001;2023;28;12;54;15;29;17;25;9;57;29;79;24
Salamanca;37148;3714801001;2021;40;32;108;32;49;38;78;34;89;70;186;66
Salamanca;37148;3714801001;2022;37;36;108;29;48;41;77;33;85;77;185;62
Salamanca;37148;3714801001;2023;31;36;108;30;42;49;75;32;73;85;183;62
Salamanca;37149;3714901001;2021;5;17;6;6;4;12;6;2;9;29;12;8
Salamanca;37149;3714901001;2022;5;17;6;4;4;11;6;2;9;28;12;6
Salamanca;37149;3714901001;2023;6;17;6;4;3;11;7;2;9;28;13;6
Salamanca;37151;3715101001;2021;11;13;38;11;19;13;26;10;30;26;64;21
Salamanca;37151;3715101001;2022;13;13;36;13;19;12;23;13;32;25;59;26
Salamanca;37151;3715101001;2023;12;14;39;11;17;15;22;12;29;29;61;23
Salamanca;37152;3715201001;2021;37;52;82;40;56;42;63;27;93;94;145;67
Salamanca;37152;3715201001;2022;35;50;80;38;49;45;56;28;84;95;136;66
Salamanca;37152;3715201001;2023;34;51;81;38;42;46;59;29;76;97;140;67
Salamanca;37154;3715401001;2021;22;9;33;11;13;8;22;3;35;17;55;14
Salamanca;37154;3715401001;2022;20;11;33;13;15;9;21;3;35;20;54;16
Salamanca;37154;3715401001;2023;19;11;32;13;13;8;21;3;32;19;53;16
Salamanca;37155;3715501001;2021;2;10;18;7;3;7;12;5;5;17;30;12
Salamanca;37155;3715501001;2022;1;10;19;8;2;9;11;6;3;19;30;14
Salamanca;37155;3715501001;2023;3;9;19;10;4;10;10;6;7;19;29;16
Salamanca;37156;3715601001;2021;149;163;335;178;159;245;250;172;308;408;585;350
Salamanca;37156;3715601001;2022;152;165;346;179;148;246;242;172;300;411;588;351
Salamanca;37156;3715601001;2023;150;168;358;185;151;256;234;169;301;424;592;354
Salamanca;37156;3715601002;2021;182;164;374;187;210;273;258;166;392;437;632;353
Salamanca;37156;3715601002;2022;173;171;369;185;190;273;264;171;363;444;633;356
Salamanca;37156;3715601002;2023;165;178;373;191;176;276;260;169;341;454;633;360
Salamanca;37156;3715601003;2021;146;100;309;110;153;135;261;128;299;235;570;238
Salamanca;37156;3715601003;2022;138;101;305;110;149;142;252;122;287;243;557;232
Salamanca;37156;3715601003;2023;133;104;300;108;142;147;247;127;275;251;547;235
Salamanca;37157;3715701001;2021;9;9;16;7;13;3;10;1;22;12;26;8
Salamanca;37157;3715701001;2022;9;9;16;7;12;5;10;1;21;14;26;8
Salamanca;37157;3715701001;2023;9;10;16;7;10;5;12;1;19;15;28;8
Salamanca;37158;3715801001;2021;21;33;50;27;27;27;38;9;48;60;88;36
Salamanca;37158;3715801001;2022;21;33;48;25;25;28;36;9;46;61;84;34
Salamanca;37158;3715801001;2023;18;36;47;22;23;30;36;10;41;66;83;32
Salamanca;37159;3715901001;2021;3;8;12;14;8;10;13;1;11;18;25;15
Salamanca;37159;3715901001;2022;2;8;12;14;6;10;13;1;8;18;25;15
Salamanca;37159;3715901001;2023;2;7;12;12;7;9;13;2;9;16;25;14
Salamanca;37160;3716001001;2021;92;71;90;44;95;64;89;44;187;135;179;88
Salamanca;37160;3716001001;2022;88;76;91;46;87;62;87;43;175;138;178;89
Salamanca;37160;3716001001;2023;77;70;89;52;84;64;87;47;161;134;176;99
Salamanca;37161;3716101001;2021;18;10;32;6;20;8;22;7;38;18;54;13
Salamanca;37161;3716101001;2022;14;11;31;7;15;5;24;6;29;16;55;13
Salamanca;37161;3716101001;2023;10;7;29;8;13;5;23;7;23;12;52;15
Salamanca;37162;3716201001;2021;15;19;64;14;31;22;37;10;46;41;101;24
Salamanca;37162;3716201001;2022;14;19;64;14;31;25;39;8;45;44;103;22
Salamanca;37162;3716201001;2023;14;20;62;14;29;22;38;8;43;42;100;22
Salamanca;37164;3716401001;2021;13;32;53;34;17;42;26;20;30;74;79;54
Salamanca;37164;3716401001;2022;10;33;55;31;16;41;27;21;26;74;82;52
Salamanca;37164;3716401001;2023;10;34;54;34;13;43;29;22;23;77;83;56
Salamanca;37166;3716601001;2021;35;8;50;12;55;9;25;7;90;17;75;19
Salamanca;37166;3716601001;2022;34;11;51;13;56;9;24;8;90;20;75;21
Salamanca;37166;3716601001;2023;32;10;49;15;55;9;24;7;87;19;73;22
Salamanca;37167;3716701001;2021;12;31;38;13;17;32;28;9;29;63;66;22
Salamanca;37167;3716701001;2022;12;32;37;13;16;34;26;7;28;66;63;20
Salamanca;37167;3716701001;2023;10;33;35;10;12;35;24;9;22;68;59;19
Salamanca;37168;3716801001;2021;60;26;113;32;59;31;84;20;119;57;197;52
Salamanca;37168;3716801001;2022;55;26;114;34;51;30;83;18;106;56;197;52
Salamanca;37168;3716801001;2023;51;25;118;35;52;31;82;20;103;56;200;55
Salamanca;37169;3716901001;2021;21;11;50;23;13;10;40;14;34;21;90;37
Salamanca;37169;3716901001;2022;17;12;49;27;14;12;39;12;31;24;88;39
Salamanca;37169;3716901001;2023;17;9;47;27;15;12;39;13;32;21;86;40
Salamanca;37170;3717001001;2021;107;119;342;133;149;158;287;118;256;277;629;251
Salamanca;37170;3717001001;2022;98;117;337;133;142;160;289;113;240;277;626;246
Salamanca;37170;3717001001;2023;98;122;334;134;131;163;291;117;229;285;625;251
Salamanca;37171;3717101001;2021;50;36;83;49;61;51;59;32;111;87;142;81
Salamanca;37171;3717101001;2022;44;37;78;45;59;56;56;32;103;93;134;77
Salamanca;37171;3717101001;2023;46;39;82;44;52;58;54;34;98;97;136;78
Salamanca;37172;3717201001;2021;133;97;187;70;132;87;102;69;265;184;289;139
Salamanca;37172;3717201001;2022;129;101;187;70;125;91;104;67;254;192;291;137
Salamanca;37172;3717201001;2023;122;106;182;69;115;95;105;70;237;201;287;139
Salamanca;37173;3717301001;2021;98;73;182;59;116;94;139;64;214;167;321;123
Salamanca;37173;3717301001;2022;98;78;183;59;110;94;137;67;208;172;320;126
Salamanca;37173;3717301001;2023;93;81;176;60;102;98;133;68;195;179;309;128
Salamanca;37173;3717302001;2021;83;52;112;54;99;87;71;47;182;139;183;101
Salamanca;37173;3717302001;2022;77;52;112;53;92;88;70;49;169;140;182;102
Salamanca;37173;3717302001;2023;80;58;108;60;86;85;70;48;166;143;178;108
Salamanca;37174;3717401001;2021;143;93;171;84;180;119;120;56;323;212;291;140
Salamanca;37174;3717401001;2022;138;96;176;86;174;122;120;58;312;218;296;144
Salamanca;37174;3717401001;2023;132;105;180;83;163;125;125;54;295;230;305;137
Salamanca;37175;3717501001;2021;48;39;85;41;57;51;61;32;105;90;146;73
Salamanca;37175;3717501001;2022;44;41;88;45;57;52;61;32;101;93;149;77
Salamanca;37175;3717501001;2023;37;41;89;47;53;57;64;29;90;98;153;76
Salamanca;37176;3717601001;2021;17;12;23;18;24;8;19;8;41;20;42;26
Salamanca;37176;3717601001;2022;15;14;25;18;23;10;21;7;38;24;46;25
Salamanca;37176;3717601001;2023;16;14;25;19;23;11;18;9;39;25;43;28
Salamanca;37177;3717701001;2021;35;24;57;28;39;19;35;15;74;43;92;43
Salamanca;37177;3717701001;2022;36;27;60;27;38;20;39;16;74;47;99;43
Salamanca;37177;3717701001;2023;38;29;64;27;38;21;42;16;76;50;106;43
Salamanca;37178;3717801001;2021;24;5;17;6;23;6;10;5;47;11;27;11
Salamanca;37178;3717801001;2022;22;4;14;7;22;6;10;5;44;10;24;12
Salamanca;37178;3717801001;2023;21;4;14;8;21;7;9;6;42;11;23;14
Salamanca;37179;3717901001;2021;22;18;42;26;30;28;25;16;52;46;67;42
Salamanca;37179;3717901001;2022;20;23;40;24;29;27;24;16;49;50;64;40
Salamanca;37179;3717901001;2023;19;22;38;22;28;26;26;15;47;48;64;37
Salamanca;37180;3718001001;2021;13;6;10;5;9;5;11;5;22;11;21;10
Salamanca;37180;3718001001;2022;10;7;10;6;9;6;9;5;19;13;19;11
Salamanca;37180;3718001001;2023;10;6;10;6;10;5;9;4;20;11;19;10
Salamanca;37181;3718101001;2021;44;22;43;29;47;23;26;15;91;45;69;44
Salamanca;37181;3718101001;2022;41;23;46;28;45;24;28;14;86;47;74;42
Salamanca;37181;3718101001;2023;35;27;48;28;44;25;30;14;79;52;78;42
Salamanca;37182;3718201001;2021;5;12;24;12;6;12;5;4;11;24;29;16
Salamanca;37182;3718201001;2022;5;9;23;11;4;12;7;4;9;21;30;15
Salamanca;37182;3718201001;2023;4;10;24;11;4;12;7;4;8;22;31;15
Salamanca;37183;3718301001;2021;50;33;83;33;63;33;67;23;113;66;150;56
Salamanca;37183;3718301001;2022;39;33;84;34;59;35;67;25;98;68;151;59
Salamanca;37183;3718301001;2023;35;34;85;34;56;39;67;26;91;73;152;60
Salamanca;37184;3718401001;2021;43;25;62;10;48;26;47;7;91;51;109;17
Salamanca;37184;3718401001;2022;41;23;61;10;41;26;49;8;82;49;110;18
Salamanca;37184;3718401001;2023;35;22;61;15;42;25;46;9;77;47;107;24
Salamanca;37185;3718501001;2021;40;97;103;79;33;99;74;53;73;196;177;132
Salamanca;37185;3718501001;2022;37;103;96;84;34;103;77;59;71;206;173;143
Salamanca;37185;3718501001;2023;31;106;102;81;46;103;74;60;77;209;176;141
Salamanca;37186;3718601001;2021;6;19;15;8;6;15;10;5;12;34;25;13
Salamanca;37186;3718601001;2022;6;27;18;8;6;21;11;6;12;48;29;14
Salamanca;37186;3718601001;2023;6;25;18;8;6;22;10;6;12;47;28;14
Salamanca;37187;3718701001;2021;54;33;153;42;60;51;128;42;114;84;281;84
Salamanca;37187;3718701001;2022;52;37;151;41;60;56;126;41;112;93;277;82
Salamanca;37187;3718701001;2023;44;37;150;40;56;57;123;43;100;94;273;83
Salamanca;37188;3718801001;2021;23;20;29;23;24;20;14;9;47;40;43;32
Salamanca;37188;3718801001;2022;21;22;28;23;23;20;15;7;44;42;43;30
Salamanca;37188;3718801001;2023;19;22;25;23;23;18;16;8;42;40;41;31
Salamanca;37189;3718901001;2021;10;8;26;20;7;10;18;8;17;18;44;28
Salamanca;37189;3718901001;2022;8;8;24;20;7;10;16;8;15;18;40;28
Salamanca;37189;3718901001;2023;9;8;26;18;7;11;16;7;16;19;42;25
Salamanca;37190;3719001001;2021;40;14;30;13;48;11;23;8;88;25;53;21
Salamanca;37190;3719001001;2022;35;14;28;14;44;12;22;9;79;26;50;23
Salamanca;37190;3719001001;2023;32;15;27;15;41;14;23;10;73;29;50;25
Salamanca;37191;3719101001;2021;19;5;29;6;20;7;6;3;39;12;35;9
Salamanca;37191;3719101001;2022;20;6;28;5;16;7;6;3;36;13;34;8
Salamanca;37191;3719101001;2023;19;6;29;5;14;8;6;2;33;14;35;7
Salamanca;37192;3719201001;2021;24;62;83;38;29;46;63;35;53;108;146;73
Salamanca;37192;3719201001;2022;21;66;89;38;30;45;60;37;51;111;149;75
Salamanca;37192;3719201001;2023;21;61;96;40;29;45;61;35;50;106;157;75
Salamanca;37193;3719301001;2021;44;20;90;42;51;34;57;25;95;54;147;67
Salamanca;37193;3719301001;2022;45;24;94;43;51;35;57;27;96;59;151;70
Salamanca;37193;3719301001;2023;42;26;98;40;48;34;53;33;90;60;151;73
Salamanca;37194;3719401001;2021;45;20;33;30;38;32;36;11;83;52;69;41
Salamanca;37194;3719401001;2022;38;22;32;28;31;31;34;11;69;53;66;39
Salamanca;37194;3719401001;2023;41;19;33;30;31;33;35;11;72;52;68;41
Salamanca;37196;3719601001;2021;10;10;8;3;15;3;8;4;25;13;16;7
Salamanca;37196;3719601001;2022;8;9;8;4;15;3;8;4;23;12;16;8
Salamanca;37196;3719601001;2023;8;9;7;6;15;1;8;6;23;10;15;12
Salamanca;37197;3719701001;2021;10;11;20;12;13;11;10;6;23;22;30;18
Salamanca;37197;3719701001;2022;8;12;20;12;12;11;7;7;20;23;27;19
Salamanca;37197;3719701001;2023;7;12;20;11;10;10;7;7;17;22;27;18
Salamanca;37198;3719801001;2021;18;29;33;20;16;40;31;20;34;69;64;40
Salamanca;37198;3719801001;2022;17;28;35;21;15;41;32;21;32;69;67;42
Salamanca;37198;3719801001;2023;17;34;39;20;16;43;33;20;33;77;72;40
Salamanca;37199;3719901001;2021;8;18;32;16;13;14;18;12;21;32;50;28
Salamanca;37199;3719901001;2022;8;19;31;17;12;15;17;11;20;34;48;28
Salamanca;37199;3719901001;2023;8;19;33;17;9;19;15;8;17;38;48;25
Salamanca;37200;3720001001;2021;17;13;42;36;10;26;21;29;27;39;63;65
Salamanca;37200;3720001001;2022;18;14;42;35;14;27;21;30;32;41;63;65
Salamanca;37200;3720001001;2023;19;15;42;34;14;27;19;32;33;42;61;66
Salamanca;37201;3720101001;2021;36;20;63;15;35;26;38;14;71;46;101;29
Salamanca;37201;3720101001;2022;34;20;64;19;35;25;37;13;69;45;101;32
Salamanca;37201;3720101001;2023;31;19;62;24;34;24;39;13;65;43;101;37
Salamanca;37202;3720201001;2021;24;245;144;162;26;282;86;120;50;527;230;282
Salamanca;37202;3720201001;2022;21;246;142;167;25;294;93;119;46;540;235;286
Salamanca;37202;3720201001;2023;23;243;140;164;24;293;96;117;47;536;236;281
Salamanca;37203;3720301001;2021;17;23;30;17;20;16;24;7;37;39;54;24
Salamanca;37203;3720301001;2022;17;20;28;15;18;12;24;7;35;32;52;22
Salamanca;37203;3720301001;2023;19;25;30;13;19;13;22;8;38;38;52;21
Salamanca;37204;3720401001;2021;29;14;63;16;44;22;32;19;73;36;95;35
Salamanca;37204;3720401001;2022;24;14;63;17;40;20;31;19;64;34;94;36
Salamanca;37204;3720401001;2023;24;16;63;22;39;22;34;20;63;38;97;42
Salamanca;37205;3720501001;2021;16;52;26;27;18;37;25;17;34;89;51;44
Salamanca;37205;3720501001;2022;16;51;24;26;18;38;25;18;34;89;49;44
Salamanca;37205;3720501001;2023;15;49;23;29;19;39;26;18;34;88;49;47
Salamanca;37206;3720601001;2021;13;4;23;11;11;13;13;6;24;17;36;17
Salamanca;37206;3720601001;2022;11;4;21;10;10;13;12;6;21;17;33;16
Salamanca;37206;3720601001;2023;9;4;21;11;7;13;12;6;16;17;33;17
Salamanca;37207;3720701001;2021;15;62;53;79;8;79;42;48;23;141;95;127
Salamanca;37207;3720701001;2022;14;67;54;88;7;87;46;51;21;154;100;139
Salamanca;37207;3720701001;2023;15;72;61;92;6;94;44;55;21;166;105;147
Salamanca;37208;3720801001;2021;12;7;15;14;9;5;8;5;21;12;23;19
Salamanca;37208;3720801001;2022;12;6;16;14;10;5;7;6;22;11;23;20
Salamanca;37208;3720801001;2023;10;7;15;13;10;6;6;7;20;13;21;20
Salamanca;37209;3720901001;2021;31;51;108;52;37;51;92;32;68;102;200;84
Salamanca;37209;3720901001;2022;36;55;106;49;34;53;92;36;70;108;198;85
Salamanca;37209;3720901001;2023;37;52;104;55;33;52;94;37;70;104;198;92
Salamanca;37211;3721101001;2021;19;31;45;18;23;29;28;12;42;60;73;30
Salamanca;37211;3721101001;2022;20;31;47;17;23;30;27;13;43;61;74;30
Salamanca;37211;3721101001;2023;18;30;45;18;20;32;26;12;38;62;71;30
Salamanca;37212;3721201001;2021;8;20;24;9;8;20;12;11;16;40;36;20
Salamanca;37212;3721201001;2022;8;21;26;11;6;22;12;12;14;43;38;23
Salamanca;37212;3721201001;2023;7;21;27;13;7;22;12;11;14;43;39;24
Salamanca;37213;3721301001;2021;15;9;18;7;10;7;11;6;25;16;29;13
Salamanca;37213;3721301001;2022;14;8;18;7;9;7;11;6;23;15;29;13
Salamanca;37213;3721301001;2023;11;8;17;7;7;7;11;7;18;15;28;14
Salamanca;37214;3721401001;2021;11;16;17;15;16;7;22;8;27;23;39;23
Salamanca;37214;3721401001;2022;12;19;19;15;14;8;25;7;26;27;44;22
Salamanca;37214;3721401001;2023;8;19;19;14;13;10;25;8;21;29;44;22
Salamanca;37215;3721501001;2021;21;12;31;26;23;9;20;7;44;21;51;33
Salamanca;37215;3721501001;2022;18;15;33;23;22;9;20;7;40;24;53;30
Salamanca;37215;3721501001;2023;18;16;32;25;24;10;18;8;42;26;50;33
Salamanca;37216;3721601001;2021;31;30;80;13;37;37;58;7;68;67;138;20
Salamanca;37216;3721601001;2022;30;30;83;14;35;37;56;10;65;67;139;24
Salamanca;37216;3721601001;2023;26;29;84;15;30;37;55;9;56;66;139;24
Salamanca;37217;3721701001;2021;5;6;8;7;15;5;9;2;20;11;17;9
Salamanca;37217;3721701001;2022;5;6;8;8;15;4;8;2;20;10;16;10
Salamanca;37217;3721701001;2023;3;7;9;8;14;5;8;3;17;12;17;11
Salamanca;37219;3721901001;2021;15;12;43;10;25;13;36;5;40;25;79;15
Salamanca;37219;3721901001;2022;17;12;42;13;21;13;37;5;38;25;79;18
Salamanca;37219;3721901001;2023;16;12;39;12;19;12;37;6;35;24;76;18
Salamanca;37221;3722101001;2021;66;29;80;32;66;23;69;19;132;52;149;51
Salamanca;37221;3722101001;2022;65;28;79;30;61;22;71;17;126;50;150;47
Salamanca;37221;3722101001;2023;58;25;76;29;54;23;66;17;112;48;142;46
Salamanca;37222;3722201001;2021;4;21;10;10;5;13;12;3;9;34;22;13
Salamanca;37222;3722201001;2022;4;18;10;11;5;14;10;5;9;32;20;16
Salamanca;37222;3722201001;2023;5;18;10;12;4;11;10;6;9;29;20;18
Salamanca;37223;3722301001;2021;16;10;16;9;20;9;14;5;36;19;30;14
Salamanca;37223;3722301001;2022;16;10;16;10;18;9;13;5;34;19;29;15
Salamanca;37223;3722301001;2023;15;11;17;11;18;11;12;3;33;22;29;14
Salamanca;37224;3722401001;2021;16;27;40;19;14;25;33;12;30;52;73;31
Salamanca;37224;3722401001;2022;13;26;37;19;14;25;32;12;27;51;69;31
Salamanca;37224;3722401001;2023;13;27;36;18;14;25;31;12;27;52;67;30
Salamanca;37225;3722501001;2021;8;17;17;11;9;10;13;11;17;27;30;22
Salamanca;37225;3722501001;2022;8;16;19;10;9;10;14;11;17;26;33;21
Salamanca;37225;3722501001;2023;8;16;18;11;9;12;15;12;17;28;33;23
Salamanca;37226;3722601001;2021;17;21;32;12;31;21;24;11;48;42;56;23
Salamanca;37226;3722601001;2022;16;19;32;12;26;19;21;11;42;38;53;23
Salamanca;37226;3722601001;2023;16;21;32;11;23;16;19;10;39;37;51;21
Salamanca;37228;3722801001;2021;36;21;90;24;52;23;60;17;88;44;150;41
Salamanca;37228;3722801001;2022;32;17;89;24;51;23;59;18;83;40;148;42
Salamanca;37228;3722801001;2023;32;17;85;24;46;22;54;18;78;39;139;42
Salamanca;37229;3722901001;2021;19;25;29;13;17;8;20;11;36;33;49;24
Salamanca;37229;3722901001;2022;16;23;31;12;15;9;20;10;31;32;51;22
Salamanca;37229;3722901001;2023;17;23;30;14;13;8;20;10;30;31;50;24
Salamanca;37230;3723001001;2021;16;29;42;26;24;36;28;23;40;65;70;49
Salamanca;37230;3723001001;2022;15;32;42;29;24;37;32;21;39;69;74;50
Salamanca;37230;3723001001;2023;14;31;47;26;25;34;32;20;39;65;79;46
Salamanca;37231;3723101001;2021;27;31;46;24;41;30;28;14;68;61;74;38
Salamanca;37231;3723101001;2022;26;33;49;23;39;35;26;15;65;68;75;38
Salamanca;37231;3723101001;2023;26;34;47;22;34;30;27;18;60;64;74;40
Salamanca;37232;3723201001;2021;60;39;76;47;47;31;51;28;107;70;127;75
Salamanca;37232;3723201001;2022;60;41;77;50;43;33;53;27;103;74;130;77
Salamanca;37232;3723201001;2023;57;45;79;46;43;35;53;25;100;80;132;71
Salamanca;37234;3723401001;2021;48;17;68;15;67;21;52;10;115;38;120;25
Salamanca;37234;3723401001;2022;44;17;72;14;64;22;51;7;108;39;123;21
Salamanca;37234;3723401001;2023;47;19;74;17;62;30;53;9;109;49;127;26
Salamanca;37235;3723501001;2021;30;11;57;15;31;11;43;11;61;22;100;26
Salamanca;37235;3723501001;2022;28;11;54;17;30;11;43;11;58;22;97;28
Salamanca;37235;3723501001;2023;26;14;53;17;28;13;42;14;54;27;95;31
Salamanca;37236;3723601001;2021;13;12;40;6;14;7;25;3;27;19;65;9
Salamanca;37236;3723601001;2022;10;11;40;7;13;6;27;4;23;17;67;11
Salamanca;37236;3723601001;2023;10;10;39;10;12;6;28;4;22;16;67;14
Salamanca;37237;3723701001;2021;43;19;83;30;45;11;55;14;88;30;138;44
Salamanca;37237;3723701001;2022;44;22;87;29;43;16;54;10;87;38;141;39
Salamanca;37237;3723701001;2023;42;23;85;28;41;13;53;11;83;36;138;39
Salamanca;37238;3723801001;2021;5;17;15;21;6;21;13;11;11;38;28;32
Salamanca;37238;3723801001;2022;3;15;17;21;6;23;14;12;9;38;31;33
Salamanca;37238;3723801001;2023;5;19;18;20;4;22;14;13;9;41;32;33
Salamanca;37239;3723901001;2021;22;26;43;21;21;32;33;16;43;58;76;37
Salamanca;37239;3723901001;2022;20;28;43;18;19;34;32;15;39;62;75;33
Salamanca;37239;3723901001;2023;19;27;42;22;17;32;32;15;36;59;74;37
Salamanca;37240;3724001001;2021;81;178;172;136;65;173;141;99;146;351;313;235
Salamanca;37240;3724001001;2022;81;190;180;140;66;194;137;110;147;384;317;250
Salamanca;37240;3724001001;2023;73;210;186;145;64;197;136;111;137;407;322;256
Salamanca;37241;3724101001;2021;20;14;58;8;22;7;31;9;42;21;89;17
Salamanca;37241;3724101001;2022;18;12;56;9;18;8;31;9;36;20;87;18
Salamanca;37241;3724101001;2023;17;9;55;12;18;5;31;9;35;14;86;21
Salamanca;37242;3724201001;2021;7;12;17;10;9;8;9;6;16;20;26;16
Salamanca;37242;3724201001;2022;7;12;17;9;8;8;8;6;15;20;25;15
Salamanca;37242;3724201001;2023;7;10;17;9;8;8;8;6;15;18;25;15
Salamanca;37243;3724301001;2021;9;11;19;7;17;7;13;3;26;18;32;10
Salamanca;37243;3724301001;2022;6;10;18;8;15;7;13;3;21;17;31;11
Salamanca;37243;3724301001;2023;6;10;18;6;13;6;13;0;19;16;31;6
Salamanca;37244;3724401001;2021;8;14;26;14;18;19;21;7;26;33;47;21
Salamanca;37244;3724401001;2022;8;13;27;15;17;19;20;10;25;32;47;25
Salamanca;37244;3724401001;2023;7;16;27;16;16;26;23;11;23;42;50;27
Salamanca;37245;3724501001;2021;57;18;76;12;86;16;49;13;143;34;125;25
Salamanca;37245;3724501001;2022;53;19;73;14;78;12;48;15;131;31;121;29
Salamanca;37245;3724501001;2023;51;20;72;11;76;12;44;17;127;32;116;28
Salamanca;37246;3724601001;2021;151;130;285;132;204;204;217;95;355;334;502;227
Salamanca;37246;3724601001;2022;156;131;282;127;192;211;219;93;348;342;501;220
Salamanca;37246;3724601001;2023;157;128;286;131;190;213;232;100;347;341;518;231
Salamanca;37246;3724601002;2021;155;153;320;154;166;220;260;149;321;373;580;303
Salamanca;37246;3724601002;2022;150;164;316;153;157;223;258;156;307;387;574;309
Salamanca;37246;3724601002;2023;132;167;299;156;149;221;253;156;281;388;552;312
Salamanca;37246;3724602001;2021;138;132;300;135;190;198;265;126;328;330;565;261
Salamanca;37246;3724602001;2022;132;139;294;138;185;205;265;129;317;344;559;267
Salamanca;37246;3724602001;2023;128;144;297;143;171;204;268;133;299;348;565;276
Salamanca;37246;3724602002;2021;107;74;199;83;124;117;138;93;231;191;337;176
Salamanca;37246;3724602002;2022;100;83;192;85;116;127;143;89;216;210;335;174
Salamanca;37246;3724602002;2023;92;92;196;85;114;129;151;82;206;221;347;167
Salamanca;37247;3724701001;2021;22;11;45;15;18;22;28;7;40;33;73;22
Salamanca;37247;3724701001;2022;22;15;45;15;19;22;26;9;41;37;71;24
Salamanca;37247;3724701001;2023;22;16;46;17;18;23;27;9;40;39;73;26
Salamanca;37248;3724801001;2021;13;18;37;13;12;20;34;9;25;38;71;22
Salamanca;37248;3724801001;2022;13;19;34;18;14;21;34;10;27;40;68;28
Salamanca;37248;3724801001;2023;14;18;35;20;10;18;35;10;24;36;70;30
Salamanca;37250;3725001001;2021;52;24;70;26;61;20;53;11;113;44;123;37
Salamanca;37250;3725001001;2022;48;31;69;25;55;19;50;12;103;50;119;37
Salamanca;37250;3725001001;2023;41;31;69;25;53;20;51;14;94;51;120;39
Salamanca;37251;3725101001;2021;12;7;26;10;10;19;23;8;22;26;49;18
Salamanca;37251;3725101001;2022;9;8;27;9;8;18;23;7;17;26;50;16
Salamanca;37251;3725101001;2023;8;10;27;9;6;17;22;7;14;27;49;16
Salamanca;37252;3725201001;2021;30;1;20;6;24;3;14;2;54;4;34;8
Salamanca;37252;3725201001;2022;30;2;22;6;23;3;14;2;53;5;36;8
Salamanca;37252;3725201001;2023;30;2;23;7;21;3;15;4;51;5;38;11
Salamanca;37253;3725301001;2021;11;22;33;15;13;21;21;9;24;43;54;24
Salamanca;37253;3725301001;2022;10;22;35;15;12;18;22;11;22;40;57;26
Salamanca;37253;3725301001;2023;10;20;35;19;10;20;22;9;20;40;57;28
Salamanca;37254;3725401001;2021;13;22;55;9;17;12;36;11;30;34;91;20
Salamanca;37254;3725401001;2022;12;22;58;9;20;11;35;9;32;33;93;18
Salamanca;37254;3725401001;2023;13;22;55;10;19;10;35;10;32;32;90;20
Salamanca;37255;3725501001;2021;3;11;13;7;0;4;10;3;3;15;23;10
Salamanca;37255;3725501001;2022;3;10;10;7;1;3;9;2;4;13;19;9
Salamanca;37255;3725501001;2023;3;10;12;10;1;5;11;4;4;15;23;14
Salamanca;37256;3725601001;2021;45;8;43;18;28;17;29;9;73;25;72;27
Salamanca;37256;3725601001;2022;47;9;43;20;28;17;29;9;75;26;72;29
Salamanca;37256;3725601001;2023;42;7;44;22;28;15;27;10;70;22;71;32
Salamanca;37257;3725701001;2021;7;11;6;4;6;7;7;4;13;18;13;8
Salamanca;37257;3725701001;2022;6;13;7;4;6;9;6;3;12;22;13;7
Salamanca;37257;3725701001;2023;5;12;4;8;6;8;6;3;11;20;10;11
Salamanca;37258;3725801001;2021;35;6;25;12;21;7;20;9;56;13;45;21
Salamanca;37258;3725801001;2022;33;8;26;14;22;9;20;13;55;17;46;27
Salamanca;37258;3725801001;2023;33;6;26;15;21;8;19;11;54;14;45;26
Salamanca;37260;3726001001;2021;15;11;34;12;14;12;28;7;29;23;62;19
Salamanca;37260;3726001001;2022;15;12;32;15;13;12;28;8;28;24;60;23
Salamanca;37260;3726001001;2023;10;12;33;16;12;13;27;8;22;25;60;24
Salamanca;37261;3726101001;2021;30;32;37;21;37;18;19;13;67;50;56;34
Salamanca;37261;3726101001;2022;29;32;35;22;34;20;20;11;63;52;55;33
Salamanca;37261;3726101001;2023;32;38;34;21;34;21;21;13;66;59;55;34
Salamanca;37262;3726201001;2021;3;5;21;8;2;9;15;3;5;14;36;11
Salamanca;37262;3726201001;2022;3;5;20;8;1;9;15;2;4;14;35;10
Salamanca;37262;3726201001;2023;2;6;21;7;1;8;15;2;3;14;36;9
Salamanca;37263;3726301001;2021;35;26;80;28;64;38;58;19;99;64;138;47
Salamanca;37263;3726301001;2022;32;26;79;26;62;37;55;19;94;63;134;45
Salamanca;37263;3726301001;2023;30;30;79;26;57;40;55;20;87;70;134;46
Salamanca;37264;3726401001;2021;6;3;11;7;13;1;12;3;19;4;23;10
Salamanca;37264;3726401001;2022;5;4;11;7;13;1;13;4;18;5;24;11
Salamanca;37264;3726401001;2023;6;4;12;7;12;4;13;4;18;8;25;11
Salamanca;37265;3726501001;2021;17;23;40;24;27;30;33;12;44;53;73;36
Salamanca;37265;3726501001;2022;14;26;39;21;28;30;35;11;42;56;74;32
Salamanca;37265;3726501001;2023;14;26;39;18;28;30;30;11;42;56;69;29
Salamanca;37266;3726601001;2021;6;10;15;7;4;6;13;2;10;16;28;9
Salamanca;37266;3726601001;2022;7;10;13;7;3;6;14;3;10;16;27;10
Salamanca;37266;3726601001;2023;7;9;12;8;3;7;12;4;10;16;24;12
Salamanca;37267;3726701001;2021;13;15;52;16;20;14;34;9;33;29;86;25
Salamanca;37267;3726701001;2022;12;17;45;17;20;14;37;10;32;31;82;27
Salamanca;37267;3726701001;2023;11;16;45;16;17;14;36;9;28;30;81;25
Salamanca;37268;3726801001;2021;12;10;33;6;13;7;18;3;25;17;51;9
Salamanca;37268;3726801001;2022;13;11;32;6;10;8;19;3;23;19;51;9
Salamanca;37268;3726801001;2023;13;11;32;8;10;7;24;2;23;18;56;10
Salamanca;37269;3726901001;2021;54;44;105;33;67;45;59;27;121;89;164;60
Salamanca;37269;3726901001;2022;51;46;101;33;62;44;59;27;113;90;160;60
Salamanca;37269;3726901001;2023;52;47;102;30;62;46;57;32;114;93;159;62
Salamanca;37270;3727001001;2021;6;26;35;28;13;35;26;17;19;61;61;45
Salamanca;37270;3727001001;2022;7;26;36;31;11;36;24;15;18;62;60;46
Salamanca;37270;3727001001;2023;5;25;33;34;11;34;23;15;16;59;56;49
Salamanca;37271;3727101001;2021;43;21;96;25;60;31;53;11;103;52;149;36
Salamanca;37271;3727101001;2022;40;21;93;25;60;30;51;11;100;51;144;36
Salamanca;37271;3727101001;2023;40;23;94;27;55;27;48;12;95;50;142;39
Salamanca;37272;3727201001;2021;15;15;36;14;12;14;22;10;27;29;58;24
Salamanca;37272;3727201001;2022;14;17;37;14;13;13;24;11;27;30;61;25
Salamanca;37272;3727201001;2023;12;17;37;15;11;14;26;12;23;31;63;27
Salamanca;37273;3727301001;2021;10;8;18;13;11;8;13;7;21;16;31;20
Salamanca;37273;3727301001;2022;9;8;19;12;11;8;13;7;20;16;32;19
Salamanca;37273;3727301001;2023;8;7;17;13;11;7;13;7;19;14;30;20
Salamanca;37274;3727401001;2021;15;213;40;70;45;282;52;77;60;495;92;147
Salamanca;37274;3727401001;2022;12;204;42;67;42;304;52;70;54;508;94;137
Salamanca;37274;3727401001;2023;11;212;40;59;33;304;46;70;44;516;86;129
Salamanca;37274;3727401002;2021;25;253;35;85;62;325;82;120;87;578;117;205
Salamanca;37274;3727401002;2022;18;255;36;79;56;333;75;114;74;588;111;193
Salamanca;37274;3727401002;2023;15;254;37;78;49;334;75;113;64;588;112;191
Salamanca;37274;3727401003;2021;13;179;33;55;39;257;50;69;52;436;83;124
Salamanca;37274;3727401003;2022;10;177;33;60;38;260;46;79;48;437;79;139
Salamanca;37274;3727401003;2023;12;181;38;61;35;260;40;87;47;441;78;148
Salamanca;37274;3727401004;2021;22;185;39;54;81;249;38;82;103;434;77;136
Salamanca;37274;3727401004;2022;23;193;35;56;82;252;37;75;105;445;72;131
Salamanca;37274;3727401004;2023;22;191;29;60;76;259;34;73;98;450;63;133
Salamanca;37274;3727401005;2021;35;283;49;83;75;336;77;97;110;619;126;180
Salamanca;37274;3727401005;2022;34;292;48;84;63;341;74;91;97;633;122;175
Salamanca;37274;3727401005;2023;28;284;51;79;55;337;69;95;83;621;120;174
Salamanca;37274;3727401006;2021;43;341;87;106;94;404;110;103;137;745;197;209
Salamanca;37274;3727401006;2022;38;332;88;108;86;395;118;100;124;727;206;208
Salamanca;37274;3727401006;2023;38;382;82;114;77;419;120;110;115;801;202;224
Salamanca;37274;3727401007;2021;17;219;48;73;65;285;59;81;82;504;107;154
Salamanca;37274;3727401007;2022;20;223;44;72;61;295;56;82;81;518;100;154
Salamanca;37274;3727401007;2023;19;237;45;73;56;304;50;94;75;541;95;167
Salamanca;37274;3727401008;2021;27;147;55;47;71;182;65;53;98;329;120;100
Salamanca;37274;3727401008;2022;28;146;53;47;68;185;60;49;96;331;113;96
Salamanca;37274;3727401008;2023;21;152;51;51;66;190;61;48;87;342;112;99
Salamanca;37274;3727401009;2021;24;216;44;76;39;310;68;83;63;526;112;159
Salamanca;37274;3727401009;2022;24;223;41;80;35;304;62;84;59;527;103;164
Salamanca;37274;3727401009;2023;19;222;41;76;29;302;63;80;48;524;104;156
Salamanca;37274;3727401010;2021;29;238;41;60;45;277;67;85;74;515;108;145
Salamanca;37274;3727401010;2022;26;237;42;62;33;284;59;84;59;521;101;146
Salamanca;37274;3727401010;2023;30;231;35;68;34;294;61;85;64;525;96;153
Salamanca;37274;3727401011;2021;17;214;49;76;51;263;58;108;68;477;107;184
Salamanca;37274;3727401011;2022;19;216;47;78;48;276;54;101;67;492;101;179
Salamanca;37274;3727401011;2023;18;223;45;85;45;302;51;96;63;525;96;181
Salamanca;37274;3727401012;2021;15;151;25;50;43;185;27;59;58;336;52;109
Salamanca;37274;3727401012;2022;13;152;26;49;43;184;29;54;56;336;55;103
Salamanca;37274;3727401012;2023;13;160;25;48;39;183;24;51;52;343;49;99
Salamanca;37274;3727402001;2021;25;300;67;101;64;408;105;135;89;708;172;236
Salamanca;37274;3727402001;2022;27;301;61;100;60;410;103;134;87;711;164;234
Salamanca;37274;3727402001;2023;28;307;59;95;56;412;100;136;84;719;159;231
Salamanca;37274;3727402002;2021;54;302;76;109;116;431;114;110;170;733;190;219
Salamanca;37274;3727402002;2022;49;305;72;111;112;429;118;116;161;734;190;227
Salamanca;37274;3727402002;2023;46;311;77;113;99;438;118;113;145;749;195;226
Salamanca;37274;3727402003;2021;45;246;82;98;98;338;99;120;143;584;181;218
Salamanca;37274;3727402003;2022;44;259;78;99;94;337;102;120;138;596;180;219
Salamanca;37274;3727402003;2023;44;270;81;104;91;362;97;126;135;632;178;230
Salamanca;37274;3727402004;2021;65;277;105;121;138;300;135;117;203;577;240;238
Salamanca;37274;3727402004;2022;63;278;101;116;126;304;148;107;189;582;249;223
Salamanca;37274;3727402004;2023;65;289;98;113;123;316;133;106;188;605;231;219
Salamanca;37274;3727402005;2021;71;211;170;116;122;331;171;132;193;542;341;248
Salamanca;37274;3727402005;2022;74;215;167;111;122;347;178;124;196;562;345;235
Salamanca;37274;3727402005;2023;75;213;161;111;120;352;169;130;195;565;330;241
Salamanca;37274;3727402006;2021;53;201;135;108;76;273;120;102;129;474;255;210
Salamanca;37274;3727402006;2022;48;209;141;97;73;269;125;100;121;478;266;197
Salamanca;37274;3727402006;2023;45;208;130;117;73;279;123;97;118;487;253;214
Salamanca;37274;3727402007;2021;98;112;160;104;204;169;183;112;302;281;343;216
Salamanca;37274;3727402007;2022;83;119;151;98;193;178;180;104;276;297;331;202
Salamanca;37274;3727402007;2023;79;130;137;101;178;188;172;115;257;318;309;216
Salamanca;37274;3727402008;2021;63;152;151;83;143;197;139;85;206;349;290;168
Salamanca;37274;3727402008;2022;61;147;153;87;142;193;145;80;203;340;298;167
Salamanca;37274;3727402008;2023;57;167;141;96;135;208;152;80;192;375;293;176
Salamanca;37274;3727402009;2021;61;99;112;83;127;146;122;69;188;245;234;152
Salamanca;37274;3727402009;2022;58;102;106;84;124;145;122;76;182;247;228;160
Salamanca;37274;3727402009;2023;53;102;101;81;114;148;114;84;167;250;215;165
Salamanca;37274;3727402010;2021;92;229;119;109;159;264;157;114;251;493;276;223
Salamanca;37274;3727402010;2022;79;216;117;104;149;273;160;109;228;489;277;213
Salamanca;37274;3727402010;2023;73;227;116;104;145;283;155;109;218;510;271;213
Salamanca;37274;3727402011;2021;48;81;82;88;112;130;117;65;160;211;199;153
Salamanca;37274;3727402011;2022;42;86;81;88;106;130;114;65;148;216;195;153
Salamanca;37274;3727402011;2023;40;91;79;79;102;147;109;63;142;238;188;142
Salamanca;37274;3727402012;2021;56;226;111;121;116;271;147;114;172;497;258;235
Salamanca;37274;3727402012;2022;51;231;105;117;109;277;136;112;160;508;241;229
Salamanca;37274;3727402012;2023;43;228;94;125;96;276;134;113;139;504;228;238
Salamanca;37274;3727402013;2021;68;128;94;63;117;125;113;66;185;253;207;129
Salamanca;37274;3727402013;2022;60;133;99;66;118;137;108;75;178;270;207;141
Salamanca;37274;3727402013;2023;53;130;89;72;106;155;111;88;159;285;200;160
Salamanca;37274;3727402014;2021;28;170;46;75;77;219;106;73;105;389;152;148
Salamanca;37274;3727402014;2022;24;177;46;71;69;223;101;76;93;400;147;147
Salamanca;37274;3727402014;2023;22;174;47;71;63;232;97;72;85;406;144;143
Salamanca;37274;3727402015;2021;57;119;128;68;105;164;125;72;162;283;253;140
Salamanca;37274;3727402015;2022;53;126;118;63;100;159;120;72;153;285;238;135
Salamanca;37274;3727402015;2023;50;130;116;67;93;152;122;77;143;282;238;144
Salamanca;37274;3727402016;2021;40;153;76;63;73;182;97;64;113;335;173;127
Salamanca;37274;3727402016;2022;36;144;78;68;72;192;102;58;108;336;180;126
Salamanca;37274;3727402016;2023;35;146;79;61;66;185;102;63;101;331;181;124
Salamanca;37274;3727402017;2021;35;94;67;60;79;165;84;54;114;259;151;114
Salamanca;37274;3727402017;2022;35;94;58;58;70;167;85;56;105;261;143;114
Salamanca;37274;3727402017;2023;35;95;61;59;66;175;83;56;101;270;144;115
Salamanca;37274;3727402018;2021;82;265;245;187;119;354;256;185;201;619;501;372
Salamanca;37274;3727402018;2022;87;280;244;171;119;363;259;180;206;643;503;351
Salamanca;37274;3727402018;2023;83;294;240;171;115;372;246;176;198;666;486;347
Salamanca;37274;3727402019;2021;52;61;145;71;101;114;138;72;153;175;283;143
Salamanca;37274;3727402019;2022;50;69;143;66;95;108;133;75;145;177;276;141
Salamanca;37274;3727402019;2023;48;65;140;77;89;116;130;74;137;181;270;151
Salamanca;37274;3727402020;2021;39;213;173;165;53;297;186;149;92;510;359;314
Salamanca;37274;3727402020;2022;37;228;169;169;53;308;161;156;90;536;330;325
Salamanca;37274;3727402020;2023;35;229;155;177;50;318;159;154;85;547;314;331
Salamanca;37274;3727403001;2021;26;133;59;52;61;154;81;57;87;287;140;109
Salamanca;37274;3727403001;2022;21;132;61;55;57;146;76;58;78;278;137;113
Salamanca;37274;3727403001;2023;17;140;53;60;57;152;74;63;74;292;127;123
Salamanca;37274;3727403002;2021;74;450;118;161;129;512;142;158;203;962;260;319
Salamanca;37274;3727403002;2022;68;447;125;165;126;506;147;163;194;953;272;328
Salamanca;37274;3727403002;2023;62;478;123;163;125;547;152;166;187;1025;275;329
Salamanca;37274;3727403003;2021;67;57;144;66;118;81;188;59;185;138;332;125
Salamanca;37274;3727403003;2022;65;54;136;67;117;73;189;62;182;127;325;129
Salamanca;37274;3727403003;2023;65;63;133;66;113;76;185;69;178;139;318;135
Salamanca;37274;3727403004;2021;38;201;64;82;93;252;111;100;131;453;175;182
Salamanca;37274;3727403004;2022;33;204;67;87;94;262;106;102;127;466;173;189
Salamanca;37274;3727403004;2023;34;210;68;80;87;280;97;96;121;490;165;176
Salamanca;37274;3727403005;2021;170;34;214;65;274;50;203;74;444;84;417;139
Salamanca;37274;3727403005;2022;173;37;234;77;266;53;212;76;439;90;446;153
Salamanca;37274;3727403005;2023;168;37;237;87;259;54;223;79;427;91;460;166
Salamanca;37274;3727403006;2021;64;49;114;50;96;59;85;39;160;108;199;89
Salamanca;37274;3727403006;2022;57;56;113;48;98;63;84;44;155;119;197;92
Salamanca;37274;3727403006;2023;55;58;111;53;92;58;89;51;147;116;200;104
Salamanca;37274;3727403007;2021;57;141;248;150;76;202;222;148;133;343;470;298
Salamanca;37274;3727403007;2022;53;144;244;152;78;214;222;146;131;358;466;298
Salamanca;37274;3727403007;2023;56;157;233;150;78;220;222;144;134;377;455;294
Salamanca;37274;3727403008;2021;92;45;164;65;148;51;165;45;240;96;329;110
Salamanca;37274;3727403008;2022;95;42;160;71;146;52;167;46;241;94;327;117
Salamanca;37274;3727403008;2023;86;45;161;77;143;54;169;44;229;99;330;121
Salamanca;37274;3727403009;2021;128;275;188;163;148;326;211;166;276;601;399;329
Salamanca;37274;3727403009;2022;124;284;197;159;138;347;209;154;262;631;406;313
Salamanca;37274;3727403009;2023;113;305;202;152;131;361;207;158;244;666;409;310
Salamanca;37274;3727403010;2021;71;177;185;137;100;208;169;125;171;385;354;262
Salamanca;37274;3727403010;2022;68;184;184;130;91;217;169;126;159;401;353;256
Salamanca;37274;3727403010;2023;66;183;178;127;93;238;174;134;159;421;352;261
Salamanca;37274;3727403011;2021;90;118;199;115;137;152;162;88;227;270;361;203
Salamanca;37274;3727403011;2022;77;111;206;110;133;152;166;87;210;263;372;197
Salamanca;37274;3727403011;2023;70;115;196;108;131;153;169;80;201;268;365;188
Salamanca;37274;3727403012;2021;66;79;143;70;115;92;133;59;181;171;276;129
Salamanca;37274;3727403012;2022;101;80;153;79;110;92;131;58;211;172;284;137
Salamanca;37274;3727403012;2023;69;83;145;72;110;87;136;63;179;170;281;135
Salamanca;37274;3727403013;2021;172;74;281;91;201;101;254;83;373;175;535;174
Salamanca;37274;3727403013;2022;181;74;269;88;181;106;261;87;362;180;530;175
Salamanca;37274;3727403013;2023;170;79;265;86;181;106;257;87;351;185;522;173
Salamanca;37274;3727403014;2021;82;169;181;115;127;195;183;92;209;364;364;207
Salamanca;37274;3727403014;2022;79;178;185;121;122;215;189;85;201;393;374;206
Salamanca;37274;3727403014;2023;73;180;183;127;114;221;186;88;187;401;369;215
Salamanca;37274;3727403015;2021;76;71;187;87;105;115;195;80;181;186;382;167
Salamanca;37274;3727403015;2022;69;71;189;80;100;113;194;81;169;184;383;161
Salamanca;37274;3727403015;2023;61;70;187;80;92;115;192;81;153;185;379;161
Salamanca;37274;3727403016;2021;41;97;142;99;54;138;165;81;95;235;307;180
Salamanca;37274;3727403016;2022;39;95;136;100;50;145;153;82;89;240;289;182
Salamanca;37274;3727403016;2023;41;98;143;102;48;147;144;92;89;245;287;194
Salamanca;37274;3727403017;2021;50;348;244;200;72;460;224;184;122;808;468;384
Salamanca;37274;3727403017;2022;47;349;250;193;64;480;218;186;111;829;468;379
Salamanca;37274;3727403017;2023;45;340;259;206;59;486;219;200;104;826;478;406
Salamanca;37274;3727403018;2021;89;233;275;180;98;337;240;178;187;570;515;358
Salamanca;37274;3727403018;2022;80;245;265;191;98;351;253;178;178;596;518;369
Salamanca;37274;3727403018;2023;86;247;277;191;90;374;270;191;176;621;547;382
Salamanca;37274;3727403019;2021;46;187;112;104;78;241;104;68;124;428;216;172
Salamanca;37274;3727403019;2022;41;187;115;102;78;245;98;68;119;432;213;170
Salamanca;37274;3727403019;2023;44;192;112;100;72;248;101;68;116;440;213;168
Salamanca;37274;3727403020;2021;35;164;222;141;52;261;165;136;87;425;387;277
Salamanca;37274;3727403020;2022;33;163;220;137;47;270;158;134;80;433;378;271
Salamanca;37274;3727403020;2023;38;159;215;139;45;271;157;139;83;430;372;278
Salamanca;37274;3727404001;2021;22;179;54;78;69;217;49;72;91;396;103;150
Salamanca;37274;3727404001;2022;18;173;51;76;62;226;44;70;80;399;95;146
Salamanca;37274;3727404001;2023;21;189;48;83;60;247;46;78;81;436;94;161
Salamanca;37274;3727404002;2021;62;162;127;80;138;211;128;105;200;373;255;185
Salamanca;37274;3727404002;2022;58;176;124;79;137;205;122;104;195;381;246;183
Salamanca;37274;3727404002;2023;58;182;119;81;129;219;116;99;187;401;235;180
Salamanca;37274;3727404003;2021;57;150;54;62;109;179;71;69;166;329;125;131
Salamanca;37274;3727404003;2022;49;155;53;65;102;178;71;72;151;333;124;137
Salamanca;37274;3727404003;2023;46;148;50;61;97;183;65;70;143;331;115;131
Salamanca;37274;3727404004;2021;65;186;137;98;150;271;145;96;215;457;282;194
Salamanca;37274;3727404004;2022;61;193;136;98;136;269;143;105;197;462;279;203
Salamanca;37274;3727404004;2023;55;206;126;108;129;307;144;98;184;513;270;206
Salamanca;37274;3727404005;2021;94;161;155;108;170;216;148;93;264;377;303;201
Salamanca;37274;3727404005;2022;85;166;153;105;161;219;152;92;246;385;305;197
Salamanca;37274;3727404005;2023;83;190;149;116;160;250;139;107;243;440;288;223
Salamanca;37274;3727404006;2021;49;131;137;92;146;163;125;85;195;294;262;177
Salamanca;37274;3727404006;2022;39;131;140;92;131;148;125;89;170;279;265;181
Salamanca;37274;3727404006;2023;41;137;125;92;120;173;119;102;161;310;244;194
Salamanca;37274;3727404008;2021;107;79;154;63;197;102;138;67;304;181;292;130
Salamanca;37274;3727404008;2022;110;78;156;66;182;109;141;72;292;187;297;138
Salamanca;37274;3727404008;2023;103;95;158;66;171;120;136;75;274;215;294;141
Salamanca;37274;3727404009;2021;88;136;224;81;105;205;197;104;193;341;421;185
Salamanca;37274;3727404009;2022;77;138;229;79;98;215;191;111;175;353;420;190
Salamanca;37274;3727404009;2023;75;159;224;79;101;222;186;110;176;381;410;189
Salamanca;37274;3727404010;2021;168;152;347;164;241;236;306;186;409;388;653;350
Salamanca;37274;3727404010;2022;157;160;343;161;229;235;304;181;386;395;647;342
Salamanca;37274;3727404010;2023;142;173;346;159;215;248;317;188;357;421;663;347
Salamanca;37274;3727404011;2021;80;111;186;106;126;167;158;105;206;278;344;211
Salamanca;37274;3727404011;2022;76;121;194;111;119;176;170;105;195;297;364;216
Salamanca;37274;3727404011;2023;67;120;197;109;115;179;164;117;182;299;361;226
Salamanca;37274;3727404012;2021;75;297;197;179;87;409;183;165;162;706;380;344
Salamanca;37274;3727404012;2022;68;290;200;188;81;414;184;157;149;704;384;345
Salamanca;37274;3727404012;2023;63;301;194;185;81;415;193;161;144;716;387;346
Salamanca;37274;3727404013;2021;89;111;239;114;138;172;224;128;227;283;463;242
Salamanca;37274;3727404013;2022;75;111;238;115;129;173;225;125;204;284;463;240
Salamanca;37274;3727404013;2023;72;115;241;121;133;189;224;131;205;304;465;252
Salamanca;37274;3727404014;2021;78;58;181;54;163;75;175;74;241;133;356;128
Salamanca;37274;3727404014;2022;78;55;183;54;145;80;178;79;223;135;361;133
Salamanca;37274;3727404014;2023;71;65;174;69;141;90;176;77;212;155;350;146
Salamanca;37274;3727404016;2021;79;217;93;114;162;297;119;97;241;514;212;211
Salamanca;37274;3727404016;2022;66;221;101;105;155;284;122;107;221;505;223;212
Salamanca;37274;3727404016;2023;69;238;101;112;145;296;131;104;214;534;232;216
Salamanca;37274;3727404017;2021;32;193;96;87;61;246;109;75;93;439;205;162
Salamanca;37274;3727404017;2022;34;188;91;93;58;259;107;80;92;447;198;173
Salamanca;37274;3727404017;2023;31;218;93;88;55;278;106;79;86;496;199;167
Salamanca;37274;3727404018;2021;36;106;82;76;96;146;99;67;132;252;181;143
Salamanca;37274;3727404018;2022;32;114;79;79;94;146;91;60;126;260;170;139
Salamanca;37274;3727404018;2023;24;116;78;69;86;161;90;59;110;277;168;128
Salamanca;37274;3727404019;2021;129;192;325;194;234;282;299;197;363;474;624;391
Salamanca;37274;3727404019;2022;128;210;332;202;217;294;306;211;345;504;638;413
Salamanca;37274;3727404019;2023;117;211;335;215;210;321;299;214;327;532;634;429
Salamanca;37274;3727404020;2021;26;182;30;54;58;235;49;63;84;417;79;117
Salamanca;37274;3727404020;2022;22;192;32;55;55;246;50;61;77;438;82;116
Salamanca;37274;3727404020;2023;20;185;30;55;52;245;50;59;72;430;80;114
Salamanca;37274;3727404021;2021;81;96;287;116;164;159;246;124;245;255;533;240
Salamanca;37274;3727404021;2022;83;95;281;116;152;160;246;124;235;255;527;240
Salamanca;37274;3727404021;2023;79;97;291;112;143;162;239;130;222;259;530;242
Salamanca;37274;3727404022;2021;101;160;209;125;148;225;195;134;249;385;404;259
Salamanca;37274;3727404022;2022;98;163;197;121;141;232;200;131;239;395;397;252
Salamanca;37274;3727404022;2023;91;170;198;134;140;239;207;144;231;409;405;278
Salamanca;37274;3727404023;2021;38;147;113;103;67;220;93;106;105;367;206;209
Salamanca;37274;3727404023;2022;34;143;113;101;66;222;91;104;100;365;204;205
Salamanca;37274;3727404023;2023;38;147;104;103;70;224;87;105;108;371;191;208
Salamanca;37274;3727404024;2021;30;412;189;187;38;610;150;155;68;1022;339;342
Salamanca;37274;3727404024;2022;31;436;194;196;35;622;148;170;66;1058;342;366
Salamanca;37274;3727404024;2023;33;463;198;215;42;673;149;195;75;1136;347;410
Salamanca;37274;3727404025;2021;32;269;138;126;48;393;107;112;80;662;245;238
Salamanca;37274;3727404025;2022;30;276;141;128;48;396;117;110;78;672;258;238
Salamanca;37274;3727404025;2023;39;297;151;141;37;418;116;122;76;715;267;263
Salamanca;37274;3727405001;2021;42;309;70;94;79;412;101;117;121;721;171;211
Salamanca;37274;3727405001;2022;41;302;68;96;76;411;95;122;117;713;163;218
Salamanca;37274;3727405001;2023;41;312;58;95;73;418;89;117;114;730;147;212
Salamanca;37274;3727405002;2021;28;201;69;90;71;249;95;84;99;450;164;174
Salamanca;37274;3727405002;2022;29;195;56;94;74;264;91;90;103;459;147;184
Salamanca;37274;3727405002;2023;28;206;49;90;68;274;95;95;96;480;144;185
Salamanca;37274;3727405003;2021;42;134;57;64;79;187;75;73;121;321;132;137
Salamanca;37274;3727405003;2022;30;133;54;60;74;191;73;68;104;324;127;128
Salamanca;37274;3727405003;2023;30;139;62;56;65;198;75;71;95;337;137;127
Salamanca;37274;3727405004;2021;67;119;89;87;100;182;127;74;167;301;216;161
Salamanca;37274;3727405004;2022;50;121;87;86;92;187;126;78;142;308;213;164
Salamanca;37274;3727405004;2023;47;136;81;87;78;197;117;87;125;333;198;174
Salamanca;37274;3727405005;2021;68;90;123;74;119;151;115;69;187;241;238;143
Salamanca;37274;3727405005;2022;106;195;182;126;190;271;196;126;296;466;378;252
Salamanca;37274;3727405005;2023;94;208;189;137;167;289;184;138;261;497;373;275
Salamanca;37274;3727405006;2021;96;126;135;111;178;170;151;103;274;296;286;214
Salamanca;37274;3727405006;2022;92;118;138;113;169;185;145;105;261;303;283;218
Salamanca;37274;3727405006;2023;83;129;130;111;159;195;144;92;242;324;274;203
Salamanca;37274;3727405007;2021;94;87;130;83;185;124;142;82;279;211;272;165
Salamanca;37274;3727405007;2022;76;91;133;77;167;129;148;77;243;220;281;154
Salamanca;37274;3727405007;2023;66;104;139;79;164;149;143;85;230;253;282;164
Salamanca;37274;3727405008;2021;60;180;115;110;125;265;115;120;185;445;230;230
Salamanca;37274;3727405008;2022;60;190;115;99;118;263;120;126;178;453;235;225
Salamanca;37274;3727405008;2023;67;221;129;117;116;300;110;138;183;521;239;255
Salamanca;37274;3727405009;2021;99;209;170;143;159;294;173;146;258;503;343;289
Salamanca;37274;3727405009;2022;90;213;178;140;151;299;170;140;241;512;348;280
Salamanca;37274;3727405009;2023;83;223;168;134;145;299;176;138;228;522;344;272
Salamanca;37274;3727405010;2021;76;102;126;102;154;150;159;92;230;252;285;194
Salamanca;37274;3727405010;2022;70;104;123;103;137;149;152;99;207;253;275;202
Salamanca;37274;3727405010;2023;67;124;119;108;129;167;153;104;196;291;272;212
Salamanca;37274;3727405011;2021;100;112;158;104;147;150;191;95;247;262;349;199
Salamanca;37274;3727405011;2022;94;121;162;105;140;177;190;101;234;298;352;206
Salamanca;37274;3727405011;2023;91;116;158;107;127;165;194;99;218;281;352;206
Salamanca;37274;3727405012;2021;99;206;148;131;198;238;180;128;297;444;328;259
Salamanca;37274;3727405012;2022;94;210;144;136;185;243;176;133;279;453;320;269
Salamanca;37274;3727405012;2023;90;219;142;140;180;261;171;130;270;480;313;270
Salamanca;37274;3727405013;2021;71;88;189;100;157;136;193;78;228;224;382;178
Salamanca;37274;3727405013;2022;67;91;182;96;147;142;180;90;214;233;362;186
Salamanca;37274;3727405013;2023;62;108;175;106;138;161;169;104;200;269;344;210
Salamanca;37274;3727405014;2021;45;59;87;57;88;97;79;58;133;156;166;115
Salamanca;37274;3727405014;2022;38;58;83;60;82;101;77;54;120;159;160;114
Salamanca;37274;3727405014;2023;33;57;88;56;80;109;77;51;113;166;165;107
Salamanca;37274;3727405015;2021;73;91;119;77;158;122;121;68;231;213;240;145
Salamanca;37274;3727405015;2022;75;92;118;78;131;127;112;73;206;219;230;151
Salamanca;37274;3727405015;2023;68;106;108;89;129;131;119;78;197;237;227;167
Salamanca;37274;3727405016;2021;48;58;94;60;86;65;101;49;134;123;195;109
Salamanca;37274;3727405016;2022;46;58;79;65;83;67;98;48;129;125;177;113
Salamanca;37274;3727405016;2023;40;57;75;62;83;65;98;50;123;122;173;112
Salamanca;37274;3727405017;2021;76;163;115;125;147;229;148;99;223;392;263;224
Salamanca;37274;3727405017;2022;69;167;119;129;145;214;138;104;214;381;257;233
Salamanca;37274;3727405017;2023;66;158;120;129;130;213;137;111;196;371;257;240
Salamanca;37274;3727405018;2021;54;85;122;72;123;83;131;71;177;168;253;143
Salamanca;37274;3727405018;2022;53;89;125;77;115;90;145;70;168;179;270;147
Salamanca;37274;3727405018;2023;57;89;122;72;111;101;143;72;168;190;265;144
Salamanca;37274;3727405019;2021;48;186;80;98;123;249;88;96;171;435;168;194
Salamanca;37274;3727405019;2022;43;187;73;103;113;249;89;93;156;436;162;196
Salamanca;37274;3727405019;2023;40;197;74;95;108;256;89;94;148;453;163;189
Salamanca;37274;3727405020;2021;88;178;230;162;171;248;234;140;259;426;464;302
Salamanca;37274;3727405020;2022;82;190;223;154;162;250;238;135;244;440;461;289
Salamanca;37274;3727405020;2023;77;180;213;161;159;249;243;142;236;429;456;303
Salamanca;37274;3727405021;2021;38;86;68;44;78;102;72;53;116;188;140;97
Salamanca;37274;3727405022;2021;78;53;137;56;156;90;122;56;234;143;259;112
Salamanca;37274;3727405022;2022;70;45;131;63;141;99;122;54;211;144;253;117
Salamanca;37274;3727405022;2023;77;50;133;62;135;95;122;54;212;145;255;116
Salamanca;37274;3727405025;2021;40;218;126;120;63;297;139;113;103;515;265;233
Salamanca;37274;3727405025;2022;36;227;127;115;58;305;134;113;94;532;261;228
Salamanca;37274;3727405025;2023;31;228;126;112;53;304;124;115;84;532;250;227
Salamanca;37274;3727405026;2021;70;135;123;78;117;168;117;99;187;303;240;177
Salamanca;37274;3727405026;2022;70;127;112;79;114;171;114;88;184;298;226;167
Salamanca;37274;3727405026;2023;67;137;105;80;112;176;114;94;179;313;219;174
Salamanca;37274;3727406001;2021;61;187;144;109;147;278;164;116;208;465;308;225
Salamanca;37274;3727406001;2022;61;193;140;110;140;277;156;118;201;470;296;228
Salamanca;37274;3727406001;2023;56;195;135;111;137;295;152;125;193;490;287;236
Salamanca;37274;3727406002;2021;60;186;105;118;134;282;123;103;194;468;228;221
Salamanca;37274;3727406002;2022;56;191;108;112;136;286;122;106;192;477;230;218
Salamanca;37274;3727406002;2023;49;201;105;123;129;300;114;113;178;501;219;236
Salamanca;37274;3727406003;2021;32;320;61;112;109;416;111;113;141;736;172;225
Salamanca;37274;3727406003;2022;27;309;59;111;97;414;122;116;124;723;181;227
Salamanca;37274;3727406003;2023;25;309;62;101;88;402;106;121;113;711;168;222
Salamanca;37274;3727406004;2021;13;159;33;65;37;223;50;60;50;382;83;125
Salamanca;37274;3727406004;2022;13;162;32;58;40;221;50;59;53;383;82;117
Salamanca;37274;3727406004;2023;13;157;34;56;35;225;47;62;48;382;81;118
Salamanca;37274;3727406005;2021;85;125;129;99;147;180;133;96;232;305;262;195
Salamanca;37274;3727406005;2022;83;124;129;94;133;188;136;106;216;312;265;200
Salamanca;37274;3727406005;2023;78;135;122;93;130;201;135;105;208;336;257;198
Salamanca;37274;3727406006;2021;55;146;114;94;103;216;144;94;158;362;258;188
Salamanca;37274;3727406006;2022;49;150;104;103;96;227;147;94;145;377;251;197
Salamanca;37274;3727406006;2023;45;156;99;101;87;246;140;102;132;402;239;203
Salamanca;37274;3727406007;2021;75;116;109;98;141;166;122;77;216;282;231;175
Salamanca;37274;3727406007;2022;69;119;107;91;128;171;122;76;197;290;229;167
Salamanca;37274;3727406007;2023;66;124;100;90;121;179;123;87;187;303;223;177
Salamanca;37274;3727406008;2021;82;109;154;100;149;139;164;95;231;248;318;195
Salamanca;37274;3727406008;2022;81;109;151;102;148;133;165;96;229;242;316;198
Salamanca;37274;3727406008;2023;79;130;147;104;136;151;168;117;215;281;315;221
Salamanca;37274;3727406009;2021;71;156;98;117;119;194;129;97;190;350;227;214
Salamanca;37274;3727406009;2022;67;157;102;118;114;191;135;97;181;348;237;215
Salamanca;37274;3727406009;2023;60;153;98;124;109;203;137;92;169;356;235;216
Salamanca;37274;3727406010;2021;81;170;171;132;148;259;163;132;229;429;334;264
Salamanca;37274;3727406010;2022;80;167;165;131;139;265;167;136;219;432;332;267
Salamanca;37274;3727406010;2023;76;183;159;123;129;285;172;140;205;468;331;263
Salamanca;37274;3727406011;2021;80;258;223;180;143;386;249;168;223;644;472;348
Salamanca;37274;3727406011;2022;79;264;229;190;140;388;264;182;219;652;493;372
Salamanca;37274;3727406011;2023;73;277;232;181;130;394;268;179;203;671;500;360
Salamanca;37274;3727406012;2021;54;196;76;107;126;277;130;100;180;473;206;207
Salamanca;37274;3727406012;2022;45;202;71;105;115;270;127;98;160;472;198;203
Salamanca;37274;3727406012;2023;39;213;67;104;109;287;126;96;148;500;193;200
Salamanca;37274;3727406013;2021;67;236;151;142;167;293;183;142;234;529;334;284
Salamanca;37274;3727406013;2022;67;233;150;145;156;306;180;144;223;539;330;289
Salamanca;37274;3727406013;2023;65;253;133;164;158;329;174;141;223;582;307;305
Salamanca;37274;3727406014;2021;104;147;172;122;175;202;193;119;279;349;365;241
Salamanca;37274;3727406014;2022;99;158;172;122;164;213;189;122;263;371;361;244
Salamanca;37274;3727406014;2023;93;172;171;129;162;222;184;128;255;394;355;257
Salamanca;37274;3727406015;2021;56;118;114;72;116;144;116;71;172;262;230;143
Salamanca;37274;3727406015;2022;48;118;118;72;107;150;123;73;155;268;241;145
Salamanca;37274;3727406015;2023;46;125;110;77;96;158;125;73;142;283;235;150
Salamanca;37274;3727406016;2021;24;218;46;87;55;279;88;88;79;497;134;175
Salamanca;37274;3727406016;2022;20;219;42;82;47;285;85;88;67;504;127;170
Salamanca;37274;3727406016;2023;22;236;43;86;41;302;84;83;63;538;127;169
Salamanca;37274;3727406017;2021;59;287;157;157;118;381;217;145;177;668;374;302
Salamanca;37274;3727406017;2022;54;299;153;154;115;385;218;138;169;684;371;292
Salamanca;37274;3727406017;2023;53;306;151;167;107;416;214;138;160;722;365;305
Salamanca;37274;3727406019;2021;83;181;188;127;159;226;189;125;242;407;377;252
Salamanca;37274;3727406019;2022;80;175;182;122;148;231;183;127;228;406;365;249
Salamanca;37274;3727406019;2023;73;189;171;120;136;229;183;131;209;418;354;251
Salamanca;37274;3727406020;2021;79;226;308;156;114;282;261;147;193;508;569;303
Salamanca;37274;3727406020;2022;73;234;315;159;107;290;257;150;180;524;572;309
Salamanca;37274;3727406020;2023;76;238;310;166;105;295;262;159;181;533;572;325
Salamanca;37274;3727406021;2021;63;205;291;171;76;339;264;170;139;544;555;341
Salamanca;37274;3727406021;2022;63;215;289;167;77;336;276;167;140;551;565;334
Salamanca;37274;3727406021;2023;63;223;294;167;71;339;272;180;134;562;566;347
Salamanca;37274;3727406022;2021;57;89;85;64;118;95;87;52;175;184;172;116
Salamanca;37274;3727406022;2022;53;96;82;68;109;98;86;54;162;194;168;122
Salamanca;37274;3727406022;2023;45;92;94;70;105;114;88;58;150;206;182;128
Salamanca;37274;3727406023;2021;57;184;200;151;91;242;160;138;148;426;360;289
Salamanca;37274;3727406023;2022;51;197;196;155;83;264;164;132;134;461;360;287
Salamanca;37274;3727406023;2023;51;209;188;151;91;271;163;127;142;480;351;278
Salamanca;37275;3727501001;2021;17;10;19;8;17;8;14;2;34;18;33;10
Salamanca;37275;3727501001;2022;18;11;21;7;18;9;14;1;36;20;35;8
Salamanca;37275;3727501001;2023;18;12;22;8;17;9;14;2;35;21;36;10
Salamanca;37276;3727601001;2021;31;9;18;10;24;12;9;5;55;21;27;15
Salamanca;37276;3727601001;2022;30;9;18;9;22;11;8;6;52;20;26;15
Salamanca;37276;3727601001;2023;29;9;18;10;20;11;7;7;49;20;25;17
Salamanca;37277;3727701001;2021;2;15;13;9;7;12;11;6;9;27;24;15
Salamanca;37277;3727701001;2022;2;14;12;9;7;14;11;5;9;28;23;14
Salamanca;37277;3727701001;2023;2;14;12;9;8;14;11;5;10;28;23;14
Salamanca;37278;3727801001;2021;36;162;153;119;41;169;120;86;77;331;273;205
Salamanca;37278;3727801001;2022;35;175;151;125;39;177;128;89;74;352;279;214
Salamanca;37278;3727801001;2023;32;182;154;133;40;185;141;93;72;367;295;226
Salamanca;37279;3727901001;2021;105;52;168;62;110;72;95;55;215;124;263;117
Salamanca;37279;3727901001;2022;98;52;165;60;107;68;92;51;205;120;257;111
Salamanca;37279;3727901001;2023;92;51;169;62;101;73;93;50;193;124;262;112
Salamanca;37280;3728001001;2021;13;0;20;6;8;7;15;3;21;7;35;9
Salamanca;37280;3728001001;2022;12;0;21;5;8;8;17;3;20;8;38;8
Salamanca;37280;3728001001;2023;10;0;19;5;6;8;15;4;16;8;34;9
Salamanca;37282;3728201001;2021;29;11;43;22;39;15;27;26;68;26;70;48
Salamanca;37282;3728201001;2022;28;11;42;23;37;12;30;28;65;23;72;51
Salamanca;37282;3728201001;2023;24;13;45;22;32;15;30;23;56;28;75;45
Salamanca;37283;3728301001;2021;16;11;28;10;18;9;17;4;34;20;45;14
Salamanca;37283;3728301001;2022;17;12;29;10;19;10;17;4;36;22;46;14
Salamanca;37283;3728301001;2023;17;12;28;11;18;10;16;4;35;22;44;15
Salamanca;37284;3728401001;2021;39;39;74;39;46;35;41;23;85;74;115;62
Salamanca;37284;3728401001;2022;36;43;72;43;46;40;42;22;82;83;114;65
Salamanca;37284;3728401001;2023;36;46;73;42;46;42;36;26;82;88;109;68
Salamanca;37285;3728501001;2021;58;25;75;33;69;29;48;15;127;54;123;48
Salamanca;37285;3728501001;2022;55;27;73;30;66;29;46;15;121;56;119;45
Salamanca;37285;3728501001;2023;51;30;72;29;60;29;50;16;111;59;122;45
Salamanca;37286;3728601001;2021;22;23;46;29;29;24;28;17;51;47;74;46
Salamanca;37286;3728601001;2022;20;31;51;32;30;28;28;22;50;59;79;54
Salamanca;37286;3728601001;2023;16;32;52;30;27;28;27;22;43;60;79;52
Salamanca;37287;3728701001;2021;48;24;50;31;41;39;42;26;89;63;92;57
Salamanca;37287;3728701001;2022;52;25;51;29;40;38;44;24;92;63;95;53
Salamanca;37287;3728701001;2023;52;25;49;29;35;35;43;24;87;60;92;53
Salamanca;37288;3728801001;2021;15;45;53;44;24;43;42;20;39;88;95;64
Salamanca;37288;3728801001;2022;17;48;55;47;20;51;41;21;37;99;96;68
Salamanca;37288;3728801001;2023;15;50;55;46;20;60;38;23;35;110;93;69
Salamanca;37289;3728901001;2021;25;32;34;13;33;26;26;13;58;58;60;26
Salamanca;37289;3728901001;2022;23;34;32;14;32;27;27;12;55;61;59;26
Salamanca;37289;3728901001;2023;19;31;33;17;33;31;25;14;52;62;58;31
Salamanca;37290;3729001001;2021;9;18;27;16;3;17;30;6;12;35;57;22
Salamanca;37290;3729001001;2022;8;21;27;18;5;18;28;7;13;39;55;25
Salamanca;37290;3729001001;2023;9;26;26;18;7;21;25;9;16;47;51;27
Salamanca;37291;3729101001;2021;25;30;63;35;33;20;42;21;58;50;105;56
Salamanca;37291;3729101001;2022;23;32;61;35;30;19;44;23;53;51;105;58
Salamanca;37291;3729101001;2023;22;35;62;32;24;24;44;23;46;59;106;55
Salamanca;37292;3729201001;2021;7;11;19;15;5;8;13;14;12;19;32;29
Salamanca;37292;3729201001;2022;8;10;19;17;6;7;13;14;14;17;32;31
Salamanca;37292;3729201001;2023;6;11;17;16;5;12;11;10;11;23;28;26
Salamanca;37293;3729301001;2021;16;6;22;6;18;5;18;6;34;11;40;12
Salamanca;37293;3729301001;2022;16;4;23;7;17;5;19;6;33;9;42;13
Salamanca;37293;3729301001;2023;15;4;23;7;15;6;19;7;30;10;42;14
Salamanca;37294;3729401001;2021;91;160;311;136;124;169;250;173;215;329;561;309
Salamanca;37294;3729401001;2022;90;162;306;127;122;163;250;175;212;325;556;302
Salamanca;37294;3729401001;2023;88;165;311;133;114;167;241;178;202;332;552;311
Salamanca;37294;3729401002;2021;74;154;277;125;111;177;220;152;185;331;497;277
Salamanca;37294;3729401002;2022;75;152;272;126;108;181;223;146;183;333;495;272
Salamanca;37294;3729401002;2023;65;167;254;125;100;180;219;144;165;347;473;269
Salamanca;37294;3729401003;2021;79;190;322;211;122;236;314;195;201;426;636;406
Salamanca;37294;3729401003;2022;77;200;325;216;123;243;317;201;200;443;642;417
Salamanca;37294;3729401003;2023;79;211;310;212;122;245;314;203;201;456;624;415
Salamanca;37294;3729401004;2021;57;177;177;130;63;238;164;133;120;415;341;263
Salamanca;37294;3729401004;2022;54;186;182;142;61;253;164;129;115;439;346;271
Salamanca;37294;3729401004;2023;54;187;182;146;61;256;157;135;115;443;339;281
Salamanca;37294;3729401005;2021;82;388;308;257;135;455;265;243;217;843;573;500
Salamanca;37294;3729401005;2022;40;152;181;104;67;190;139;113;107;342;320;217
Salamanca;37294;3729401005;2023;39;153;174;101;67;196;135;111;106;349;309;212
Salamanca;37294;3729401006;2021;80;227;335;217;149;340;294;198;229;567;629;415
Salamanca;37294;3729401006;2022;78;239;328;215;145;348;295;192;223;587;623;407
Salamanca;37294;3729401006;2023;74;231;326;221;147;358;282;199;221;589;608;420
Salamanca;37294;3729401007;2021;7;317;39;92;20;327;64;80;27;644;103;172
Salamanca;37294;3729401007;2022;12;316;40;94;17;329;64;83;29;645;104;177
Salamanca;37294;3729401007;2023;9;319;42;96;16;345;68;78;25;664;110;174
Salamanca;37294;3729401008;2021;20;339;110;155;29;408;106;130;49;747;216;285
Salamanca;37294;3729401008;2022;19;358;110;150;24;421;112;132;43;779;222;282
Salamanca;37294;3729401008;2023;19;361;118;157;26;433;117;141;45;794;235;298
Salamanca;37294;3729401009;2021;15;301;62;100;16;320;51;87;31;621;113;187
Salamanca;37294;3729401009;2022;14;295;58;102;14;321;45;83;28;616;103;185
Salamanca;37294;3729401009;2023;12;291;54;105;9;327;43;84;21;618;97;189
Salamanca;37294;3729401010;2022;35;229;127;150;58;278;135;120;93;507;262;270
Salamanca;37294;3729401010;2023;38;242;128;164;67;282;138;132;105;524;266;296
Salamanca;37296;3729601001;2021;53;12;53;32;57;14;45;27;110;26;98;59
Salamanca;37296;3729601001;2022;52;14;53;33;55;16;43;26;107;30;96;59
Salamanca;37296;3729601001;2023;52;12;50;34;51;19;42;26;103;31;92;60
Salamanca;37297;3729701001;2021;64;31;80;37;61;51;75;30;125;82;155;67
Salamanca;37297;3729701001;2022;62;30;85;36;58;53;73;35;120;83;158;71
Salamanca;37297;3729701001;2023;60;32;84;39;54;52;69;34;114;84;153;73
Salamanca;37298;3729801001;2021;29;8;48;12;28;18;22;6;57;26;70;18
Salamanca;37298;3729801001;2022;27;8;47;11;25;17;19;4;52;25;66;15
Salamanca;37298;3729801001;2023;22;8;45;10;23;15;19;4;45;23;64;14
Salamanca;37299;3729901001;2021;32;18;57;27;34;14;37;20;66;32;94;47
Salamanca;37299;3729901001;2022;30;20;54;28;33;18;41;17;63;38;95;45
Salamanca;37299;3729901001;2023;28;22;54;26;33;20;39;12;61;42;93;38
Salamanca;37300;3730001001;2021;73;45;116;42;81;61;99;35;154;106;215;77
Salamanca;37300;3730001001;2022;71;49;116;43;78;64;98;38;149;113;214;81
Salamanca;37300;3730001001;2023;61;52;111;48;77;68;97;33;138;120;208;81
Salamanca;37301;3730101001;2021;7;13;16;16;8;13;12;7;15;26;28;23
Salamanca;37301;3730101001;2022;8;16;15;14;8;15;13;7;16;31;28;21
Salamanca;37301;3730101001;2023;6;16;14;15;7;15;12;8;13;31;26;23
Salamanca;37302;3730201001;2021;22;22;62;24;46;24;41;19;68;46;103;43
Salamanca;37302;3730201001;2022;20;24;61;25;40;24;42;20;60;48;103;45
Salamanca;37302;3730201001;2023;19;21;60;24;37;22;42;18;56;43;102;42
Salamanca;37303;3730301001;2021;25;16;41;15;28;24;26;5;53;40;67;20
Salamanca;37303;3730301001;2022;22;16;39;16;27;23;21;7;49;39;60;23
Salamanca;37303;3730301001;2023;21;23;40;12;27;23;22;6;48;46;62;18
Salamanca;37304;3730401001;2021;32;10;26;15;33;11;17;2;65;21;43;17
Salamanca;37304;3730401001;2022;28;11;27;18;33;13;17;4;61;24;44;22
Salamanca;37304;3730401001;2023;26;13;29;17;30;15;17;4;56;28;46;21
Salamanca;37305;3730501001;2021;15;31;46;17;27;38;33;18;42;69;79;35
Salamanca;37305;3730501001;2022;15;27;44;20;26;36;34;19;41;63;78;39
Salamanca;37305;3730501001;2023;14;25;41;15;24;33;34;19;38;58;75;34
Salamanca;37306;3730601001;2021;29;18;59;24;43;22;28;10;72;40;87;34
Salamanca;37306;3730601001;2022;24;21;58;26;40;23;30;12;64;44;88;38
Salamanca;37306;3730601001;2023;23;21;57;25;41;25;29;12;64;46;86;37
Salamanca;37307;3730701001;2021;15;7;43;9;24;16;21;7;39;23;64;16
Salamanca;37307;3730701001;2022;14;8;44;9;23;13;21;7;37;21;65;16
Salamanca;37307;3730701001;2023;15;10;44;9;21;13;21;7;36;23;65;16
Salamanca;37310;3731001001;2021;24;8;37;9;44;15;31;6;68;23;68;15
Salamanca;37310;3731001001;2022;23;9;38;11;39;14;35;7;62;23;73;18
Salamanca;37310;3731001001;2023;24;8;35;10;39;14;29;7;63;22;64;17
Salamanca;37311;3731101001;2021;18;10;36;28;26;23;35;10;44;33;71;38
Salamanca;37311;3731101001;2022;19;11;37;28;23;23;35;9;42;34;72;37
Salamanca;37311;3731101001;2023;20;10;33;26;20;22;34;10;40;32;67;36
Salamanca;37312;3731201001;2021;33;21;50;24;46;27;24;17;79;48;74;41
Salamanca;37312;3731201001;2022;33;23;47;27;44;27;25;19;77;50;72;46
Salamanca;37312;3731201001;2023;30;25;50;25;39;28;26;17;69;53;76;42
Salamanca;37313;3731301001;2021;71;34;144;38;79;53;78;31;150;87;222;69
Salamanca;37313;3731301001;2022;66;36;140;40;73;56;76;33;139;92;216;73
Salamanca;37313;3731301001;2023;61;33;136;41;72;59;74;33;133;92;210;74
Salamanca;37314;3731401001;2021;7;22;12;11;10;13;13;5;17;35;25;16
Salamanca;37314;3731401001;2022;6;22;12;12;8;15;13;3;14;37;25;15
Salamanca;37314;3731401001;2023;5;24;11;11;7;16;14;4;12;40;25;15
Salamanca;37315;3731501001;2021;10;4;19;10;13;7;9;5;23;11;28;15
Salamanca;37315;3731501001;2022;10;3;19;11;12;7;9;5;22;10;28;16
Salamanca;37315;3731501001;2023;9;3;19;10;11;7;10;5;20;10;29;15
Salamanca;37316;3731601001;2021;72;85;152;62;106;91;115;47;178;176;267;109
Salamanca;37316;3731601001;2022;73;86;154;69;110;96;111;52;183;182;265;121
Salamanca;37316;3731601001;2023;66;84;154;69;98;100;110;56;164;184;264;125
Salamanca;37317;3731701001;2021;41;14;82;17;37;22;61;8;78;36;143;25
Salamanca;37317;3731701001;2022;37;15;80;16;32;20;60;9;69;35;140;25
Salamanca;37317;3731701001;2023;35;14;81;18;30;22;59;8;65;36;140;26
Salamanca;37318;3731801001;2021;15;31;47;20;19;20;25;13;34;51;72;33
Salamanca;37318;3731801001;2022;14;31;49;21;15;21;28;10;29;52;77;31
Salamanca;37318;3731801001;2023;14;34;48;20;14;21;26;11;28;55;74;31
Salamanca;37319;3731901001;2021;12;15;3;13;13;13;6;4;25;28;9;17
Salamanca;37319;3731901001;2022;11;15;4;15;13;13;6;4;24;28;10;19
Salamanca;37319;3731901001;2023;11;21;4;14;12;13;8;4;23;34;12;18
Salamanca;37320;3732001001;2021;10;9;17;11;14;11;10;4;24;20;27;15
Salamanca;37320;3732001001;2022;11;10;18;11;13;10;10;3;24;20;28;14
Salamanca;37320;3732001001;2023;12;10;15;12;13;10;10;4;25;20;25;16
Salamanca;37321;3732101001;2021;18;10;35;11;22;10;22;9;40;20;57;20
Salamanca;37321;3732101001;2022;20;10;33;12;21;11;20;9;41;21;53;21
Salamanca;37321;3732101001;2023;20;9;33;11;22;11;19;6;42;20;52;17
Salamanca;37322;3732201001;2021;21;108;97;44;18;116;69;65;39;224;166;109
Salamanca;37322;3732201001;2022;21;118;94;49;19;122;70;68;40;240;164;117
Salamanca;37322;3732201001;2023;22;118;93;50;17;131;76;65;39;249;169;115
Salamanca;37322;3732201002;2021;147;177;523;244;179;220;432;248;326;397;955;492
Salamanca;37322;3732201002;2022;142;179;528;236;168;235;417;240;310;414;945;476
Salamanca;37322;3732201002;2023;131;185;518;239;158;228;418;246;289;413;936;485
Salamanca;37323;3732301001;2021;57;35;131;43;68;49;71;41;125;84;202;84
Salamanca;37323;3732301001;2022;51;35;130;40;60;48;71;43;111;83;201;83
Salamanca;37323;3732301001;2023;48;35;123;44;56;54;68;46;104;89;191;90
Salamanca;37324;3732401001;2021;47;31;64;34;54;36;41;13;101;67;105;47
Salamanca;37324;3732401001;2022;47;34;63;32;53;40;42;13;100;74;105;45
Salamanca;37324;3732401001;2023;43;37;60;29;51;41;40;14;94;78;100;43
Salamanca;37325;3732501001;2021;12;2;26;12;17;2;13;8;29;4;39;20
Salamanca;37325;3732501001;2022;12;1;26;13;15;2;14;8;27;3;40;21
Salamanca;37325;3732501001;2023;10;1;26;14;14;2;12;8;24;3;38;22
Salamanca;37327;3732701001;2021;15;29;38;18;17;28;30;15;32;57;68;33
Salamanca;37327;3732701001;2022;15;29;39;19;16;26;30;12;31;55;69;31
Salamanca;37327;3732701001;2023;14;28;39;19;15;24;30;11;29;52;69;30
Salamanca;37328;3732801001;2021;15;12;37;12;31;20;26;6;46;32;63;18
Salamanca;37328;3732801001;2022;13;12;39;14;30;20;25;6;43;32;64;20
Salamanca;37328;3732801001;2023;12;15;37;15;30;21;22;9;42;36;59;24
Salamanca;37330;3733001001;2021;20;24;86;30;36;38;57;20;56;62;143;50
Salamanca;37330;3733001001;2022;19;23;91;30;33;40;56;21;52;63;147;51
Salamanca;37330;3733001001;2023;16;21;85;31;29;41;57;18;45;62;142;49
Salamanca;37331;3733101001;2021;30;10;54;12;35;12;23;8;65;22;77;20
Salamanca;37331;3733101001;2022;28;13;54;10;35;13;23;8;63;26;77;18
Salamanca;37331;3733101001;2023;25;12;54;10;35;12;22;8;60;24;76;18
Salamanca;37332;3733201001;2021;6;7;22;4;10;2;17;0;16;9;39;4
Salamanca;37332;3733201001;2022;6;6;23;5;8;3;20;0;14;9;43;5
Salamanca;37332;3733201001;2023;7;5;21;6;8;3;22;2;15;8;43;8
Salamanca;37333;3733301001;2021;14;18;65;17;10;15;50;6;24;33;115;23
Salamanca;37333;3733301001;2022;13;16;64;17;11;15;50;6;24;31;114;23
Salamanca;37333;3733301001;2023;14;16;62;16;9;14;49;5;23;30;111;21
Salamanca;37334;3733401001;2021;6;8;20;1;13;3;11;1;19;11;31;2
Salamanca;37334;3733401001;2022;4;7;22;1;13;3;11;1;17;10;33;2
Salamanca;37334;3733401001;2023;5;7;23;2;11;4;12;1;16;11;35;3
Salamanca;37335;3733501001;2021;41;24;92;35;54;50;63;19;95;74;155;54
Salamanca;37335;3733501001;2022;39;22;88;37;52;48;66;20;91;70;154;57
Salamanca;37335;3733501001;2023;35;26;96;42;47;51;66;25;82;77;162;67
Salamanca;37336;3733601001;2021;7;8;13;9;2;7;6;5;9;15;19;14
Salamanca;37336;3733601001;2022;7;8;11;8;2;8;5;5;9;16;16;13
Salamanca;37336;3733601001;2023;6;10;11;6;2;8;5;4;8;18;16;10
Salamanca;37337;3733701001;2021;13;11;31;14;16;14;21;12;29;25;52;26
Salamanca;37337;3733701001;2022;11;11;30;16;16;15;19;12;27;26;49;28
Salamanca;37337;3733701001;2023;11;10;30;16;15;17;19;11;26;27;49;27
Salamanca;37338;3733801001;2021;2;20;14;13;5;18;10;8;7;38;24;21
Salamanca;37338;3733801001;2022;3;20;15;16;5;19;12;8;8;39;27;24
Salamanca;37338;3733801001;2023;2;18;14;17;3;19;10;9;5;37;24;26
Salamanca;37339;3733901001;2021;54;20;62;27;54;27;29;15;108;47;91;42
Salamanca;37339;3733901001;2022;51;22;58;28;52;30;28;15;103;52;86;43
Salamanca;37339;3733901001;2023;49;23;59;29;49;32;28;16;98;55;87;45
Salamanca;37340;3734001001;2021;18;15;32;10;19;11;23;3;37;26;55;13
Salamanca;37340;3734001001;2022;16;14;30;9;18;11;22;2;34;25;52;11
Salamanca;37340;3734001001;2023;16;13;28;8;16;12;22;2;32;25;50;10
Salamanca;37341;3734101001;2021;8;2;18;6;9;3;12;4;17;5;30;10
Salamanca;37341;3734101001;2022;8;2;17;4;9;4;13;2;17;6;30;6
Salamanca;37341;3734101001;2023;4;1;19;3;6;4;11;3;10;5;30;6
Salamanca;37342;3734201001;2021;18;25;57;29;20;45;40;18;38;70;97;47
Salamanca;37342;3734201001;2022;17;26;57;29;21;45;39;19;38;71;96;48
Salamanca;37342;3734201001;2023;16;23;55;29;20;45;37;17;36;68;92;46
Salamanca;37343;3734301001;2021;3;13;8;9;4;12;7;6;7;25;15;15
Salamanca;37343;3734301001;2022;2;14;9;9;4;13;7;6;6;27;16;15
Salamanca;37343;3734301001;2023;3;14;9;10;3;13;6;6;6;27;15;16
Salamanca;37344;3734401001;2021;20;13;55;21;27;18;44;20;47;31;99;41
Salamanca;37344;3734401001;2022;20;12;50;25;22;21;47;20;42;33;97;45
Salamanca;37344;3734401001;2023;19;14;47;24;19;22;46;18;38;36;93;42
Salamanca;37345;3734501001;2021;14;22;24;23;15;23;25;4;29;45;49;27
Salamanca;37345;3734501001;2022;10;20;24;24;15;23;28;8;25;43;52;32
Salamanca;37345;3734501001;2023;10;21;22;23;15;23;28;7;25;44;50;30
Salamanca;37346;3734601001;2021;20;24;58;22;33;26;55;15;53;50;113;37
Salamanca;37346;3734601001;2022;19;24;60;21;31;28;53;18;50;52;113;39
Salamanca;37346;3734601001;2023;18;24;60;21;29;29;54;15;47;53;114;36
Salamanca;37347;3734701001;2021;34;77;75;70;39;88;41;38;73;165;116;108
Salamanca;37347;3734701001;2022;32;77;74;67;36;89;39;38;68;166;113;105
Salamanca;37347;3734701001;2023;33;84;69;70;39;91;39;37;72;175;108;107
Salamanca;37348;3734801001;2021;13;10;19;14;11;14;13;3;24;24;32;17
Salamanca;37348;3734801001;2022;13;11;19;13;10;14;14;3;23;25;33;16
Salamanca;37348;3734801001;2023;13;11;19;13;10;18;14;4;23;29;33;17
Salamanca;37349;3734901001;2021;15;7;21;7;16;17;18;4;31;24;39;11
Salamanca;37349;3734901001;2022;15;7;21;7;13;15;18;4;28;22;39;11
Salamanca;37349;3734901001;2023;16;7;24;7;14;16;18;4;30;23;42;11
Salamanca;37350;3735001001;2021;67;32;68;28;83;43;51;21;150;75;119;49
Salamanca;37350;3735001001;2022;62;36;68;27;74;43;53;24;136;79;121;51
Salamanca;37350;3735001001;2023;56;36;68;28;73;38;52;22;129;74;120;50
Salamanca;37351;3735101001;2021;41;18;54;14;56;19;43;9;97;37;97;23
Salamanca;37351;3735101001;2022;38;20;55;16;53;20;41;9;91;40;96;25
Salamanca;37351;3735101001;2023;38;20;55;15;52;22;41;9;90;42;96;24
Salamanca;37352;3735201001;2021;16;49;37;34;18;30;24;16;34;79;61;50
Salamanca;37352;3735201001;2022;12;47;37;34;18;24;26;14;30;71;63;48
Salamanca;37352;3735201001;2023;9;55;37;33;19;25;23;11;28;80;60;44
Salamanca;37353;3735301001;2021;14;13;24;17;12;15;18;3;26;28;42;20
Salamanca;37353;3735301001;2022;14;16;24;17;10;15;18;4;24;31;42;21
Salamanca;37353;3735301001;2023;12;16;23;14;10;14;19;4;22;30;42;18
Salamanca;37354;3735401001;2021;62;249;247;144;77;293;173;126;139;542;420;270
Salamanca;37354;3735401001;2022;56;246;244;148;75;301;178;128;131;547;422;276
Salamanca;37354;3735401001;2023;58;259;255;151;76;313;180;135;134;572;435;286
Salamanca;37354;3735401002;2021;52;498;220;224;62;570;188;187;114;1068;408;411
Salamanca;37354;3735401002;2022;52;517;230;233;55;605;194;188;107;1122;424;421
Salamanca;37354;3735401002;2023;49;544;245;234;49;634;206;205;98;1178;451;439
Salamanca;37354;3735401003;2021;78;304;278;186;91;385;255;168;169;689;533;354
Salamanca;37354;3735401003;2022;67;298;293;184;85;388;258;168;152;686;551;352
Salamanca;37354;3735401003;2023;68;313;284;185;83;405;248;163;151;718;532;348
Salamanca;37354;3735401004;2021;28;229;120;130;32;268;99;103;60;497;219;233
Salamanca;37354;3735401004;2022;27;230;110;127;31;268;105;101;58;498;215;228
Salamanca;37354;3735401004;2023;23;245;108;115;30;272;92;96;53;517;200;211
Salamanca;37355;3735501001;2021;25;21;28;11;30;13;25;8;55;34;53;19
Salamanca;37355;3735501001;2022;21;24;28;15;30;16;26;10;51;40;54;25
Salamanca;37355;3735501001;2023;21;26;29;14;28;17;25;10;49;43;54;24
Salamanca;37356;3735601001;2021;12;6;20;10;10;10;13;7;22;16;33;17
Salamanca;37356;3735601001;2022;12;7;21;14;9;13;15;6;21;20;36;20
Salamanca;37356;3735601001;2023;13;6;21;13;8;13;15;5;21;19;36;18
Salamanca;37357;3735701001;2021;33;23;50;26;32;26;43;14;65;49;93;40
Salamanca;37357;3735701001;2022;33;23;52;28;31;26;44;15;64;49;96;43
Salamanca;37357;3735701001;2023;34;25;52;28;29;26;44;15;63;51;96;43
Salamanca;37358;3735801001;2021;47;27;35;28;27;14;16;10;74;41;51;38
Salamanca;37358;3735801001;2022;43;27;39;27;24;15;15;9;67;42;54;36
Salamanca;37358;3735801001;2023;41;27;33;24;24;16;15;12;65;43;48;36
Salamanca;37359;3735901001;2021;23;12;46;8;31;10;29;5;54;22;75;13
Salamanca;37359;3735901001;2022;21;13;44;8;30;10;28;6;51;23;72;14
Salamanca;37359;3735901001;2023;21;15;44;8;25;11;28;6;46;26;72;14
Salamanca;37360;3736001001;2021;21;21;50;17;25;17;39;13;46;38;89;30
Salamanca;37360;3736001001;2022;20;19;51;17;23;16;37;14;43;35;88;31
Salamanca;37360;3736001001;2023;20;16;49;19;24;18;36;14;44;34;85;33
Salamanca;37361;3736101001;2021;12;6;20;8;12;6;12;7;24;12;32;15
Salamanca;37361;3736101001;2022;9;5;18;9;11;7;12;6;20;12;30;15
Salamanca;37361;3736101001;2023;9;5;21;8;9;5;13;7;18;10;34;15
Salamanca;37362;3736201001;2021;30;156;172;149;50;221;164;128;80;377;336;277
Salamanca;37362;3736201001;2022;27;156;176;148;46;227;163;131;73;383;339;279
Salamanca;37362;3736201001;2023;33;172;168;141;45;231;162;137;78;403;330;278
Salamanca;37362;3736201002;2021;62;356;210;223;57;424;156;207;119;780;366;430
Salamanca;37362;3736201002;2022;65;351;213;214;54;411;169;201;119;762;382;415
Salamanca;37362;3736201002;2023;66;347;222;219;56;428;174;210;122;775;396;429
Salamanca;37362;3736201003;2021;39;250;169;183;57;298;139;149;96;548;308;332
Salamanca;37362;3736201003;2022;40;254;181;185;55;306;139;150;95;560;320;335
Salamanca;37362;3736201003;2023;39;253;180;182;48;316;148;146;87;569;328;328
Salamanca;37362;3736201004;2021;38;183;213;159;38;256;169;145;76;439;382;304
Salamanca;37362;3736201004;2022;30;188;222;157;39;271;180;149;69;459;402;306
Salamanca;37362;3736201004;2023;34;186;230;153;41;277;190;154;75;463;420;307
Salamanca;37363;3736301001;2021;7;14;23;6;19;22;14;1;26;36;37;7
Salamanca;37363;3736301001;2022;6;14;21;6;19;19;13;2;25;33;34;8
Salamanca;37363;3736301001;2023;6;14;21;6;17;18;13;2;23;32;34;8
Salamanca;37364;3736401001;2021;84;102;144;70;121;79;110;50;205;181;254;120
Salamanca;37364;3736401001;2022;76;106;145;65;109;75;110;53;185;181;255;118
Salamanca;37364;3736401001;2023;69;113;151;65;107;80;111;53;176;193;262;118
Salamanca;37365;3736501001;2021;16;24;41;12;16;19;28;8;32;43;69;20
Salamanca;37365;3736501001;2022;14;23;42;12;16;20;28;7;30;43;70;19
Salamanca;37365;3736501001;2023;12;25;40;12;15;21;27;7;27;46;67;19
Salamanca;37367;3736701001;2021;35;16;36;11;26;17;31;5;61;33;67;16
Salamanca;37367;3736701001;2022;35;19;35;8;26;16;31;4;61;35;66;12
Salamanca;37367;3736701001;2023;31;18;33;9;22;16;30;5;53;34;63;14
Salamanca;37369;3736901001;2021;14;10;42;10;11;10;17;13;25;20;59;23
Salamanca;37369;3736901001;2022;13;9;41;10;10;10;18;13;23;19;59;23
Salamanca;37369;3736901001;2023;12;9;39;12;11;10;18;13;23;19;57;25
Salamanca;37370;3737001001;2021;29;42;83;27;14;40;58;16;43;82;141;43
Salamanca;37370;3737001001;2022;28;41;85;28;15;39;57;15;43;80;142;43
Salamanca;37370;3737001001;2023;24;42;80;27;14;37;53;15;38;79;133;42
Salamanca;37371;3737101001;2021;35;14;61;21;43;16;42;14;78;30;103;35
Salamanca;37371;3737101001;2022;34;15;62;19;42;16;42;15;76;31;104;34
Salamanca;37371;3737101001;2023;32;15;62;17;39;16;39;16;71;31;101;33
Salamanca;37372;3737201001;2021;10;24;26;15;16;19;17;8;26;43;43;23
Salamanca;37372;3737201001;2022;8;24;25;15;16;19;15;8;24;43;40;23
Salamanca;37372;3737201001;2023;7;25;24;15;18;20;16;8;25;45;40;23
Salamanca;37373;3737301001;2021;74;73;137;78;122;72;84;63;196;145;221;141
Salamanca;37373;3737301001;2022;73;69;136;79;114;73;84;57;187;142;220;136
Salamanca;37373;3737301001;2023;70;71;137;71;104;73;82;57;174;144;219;128
Salamanca;37374;3737401001;2021;123;75;292;134;133;139;227;84;256;214;519;218
Salamanca;37374;3737401001;2022;116;85;286;127;130;142;224;88;246;227;510;215
Salamanca;37374;3737401001;2023;106;83;280;122;119;132;217;93;225;215;497;215
Salamanca;37375;3737501001;2021;78;57;172;44;91;75;138;42;169;132;310;86
Salamanca;37375;3737501001;2022;74;56;174;45;87;75;137;46;161;131;311;91
Salamanca;37375;3737501001;2023;69;57;172;44;85;77;132;42;154;134;304;86
Salamanca;37376;3737601001;2021;104;104;225;122;151;167;183;94;255;271;408;216
Salamanca;37376;3737601001;2022;99;105;218;115;143;161;179;100;242;266;397;215
Salamanca;37376;3737601001;2023;94;110;213;113;140;158;187;100;234;268;400;213
Salamanca;37376;3737601002;2021;88;87;184;118;120;171;136;108;208;258;320;226
Salamanca;37376;3737601002;2022;85;88;183;115;113;171;141;105;198;259;324;220
Salamanca;37376;3737601002;2023;86;89;182;112;113;163;142;101;199;252;324;213
Salamanca;37377;3737701001;2021;20;17;56;20;32;21;42;8;52;38;98;28
Salamanca;37377;3737701001;2022;18;16;56;19;32;24;41;8;50;40;97;27
Salamanca;37377;3737701001;2023;20;15;54;21;31;24;38;7;51;39;92;28
Salamanca;37378;3737801001;2021;16;6;18;8;18;2;13;1;34;8;31;9
Salamanca;37378;3737801001;2022;14;6;17;8;17;2;14;1;31;8;31;9
Salamanca;37378;3737801001;2023;12;5;18;8;16;1;14;1;28;6;32;9
Salamanca;37379;3737901001;2021;26;13;46;18;13;16;32;10;39;29;78;28
Salamanca;37379;3737901001;2022;26;14;48;18;12;17;30;8;38;31;78;26
Salamanca;37379;3737901001;2023;20;14;50;19;9;18;28;9;29;32;78;28
Salamanca;37380;3738001001;2021;4;11;14;4;6;8;7;1;10;19;21;5
Salamanca;37380;3738001001;2022;3;12;14;5;6;9;8;1;9;21;22;6
Salamanca;37380;3738001001;2023;3;13;15;5;5;8;7;1;8;21;22;6
Salamanca;37381;3738101001;2021;18;24;32;10;16;14;19;5;34;38;51;15
Salamanca;37381;3738101001;2022;16;24;31;13;15;15;18;5;31;39;49;18
Salamanca;37381;3738101001;2023;15;24;30;13;13;16;19;6;28;40;49;19
Salamanca;37382;3738201001;2021;26;3;38;16;20;18;36;12;46;21;74;28
Salamanca;37382;3738201001;2022;22;3;37;18;15;19;34;10;37;22;71;28
Salamanca;37382;3738201001;2023;15;3;38;18;14;18;35;9;29;21;73;27
Segovia;40001;4000101001;2021;61;87;125;79;95;124;87;59;156;211;212;138
Segovia;40001;4000101001;2022;58;88;128;75;93;131;90;64;151;219;218;139
Segovia;40001;4000101001;2023;60;87;133;80;93;134;84;70;153;221;217;150
Segovia;40003;4000301001;2021;14;14;37;9;21;9;15;4;35;23;52;13
Segovia;40003;4000301001;2022;10;12;37;8;19;12;17;3;29;24;54;11
Segovia;40003;4000301001;2023;10;13;39;8;17;13;17;2;27;26;56;10
Segovia;40004;4000401001;2021;45;51;95;68;58;67;82;44;103;118;177;112
Segovia;40004;4000401001;2022;47;50;93;71;57;69;87;40;104;119;180;111
Segovia;40004;4000401001;2023;51;51;91;69;51;69;82;41;102;120;173;110
Segovia;40007;4000701001;2021;7;10;14;15;7;8;12;4;14;18;26;19
Segovia;40007;4000701001;2022;6;12;13;17;7;9;11;4;13;21;24;21
Segovia;40007;4000701001;2023;7;13;14;16;8;11;10;3;15;24;24;19
Segovia;40008;4000801001;2021;4;6;13;4;4;9;7;1;8;15;20;5
Segovia;40008;4000801001;2022;4;5;15;6;5;9;9;1;9;14;24;7
Segovia;40008;4000801001;2023;5;6;15;5;8;11;11;1;13;17;26;6
Segovia;40010;4001001001;2021;10;14;29;8;21;5;20;5;31;19;49;13
Segovia;40010;4001001001;2022;10;15;29;7;19;7;19;6;29;22;48;13
Segovia;40010;4001001001;2023;7;15;28;8;18;7;19;7;25;22;47;15
Segovia;40012;4001201001;2021;18;28;75;19;26;26;47;19;44;54;122;38
Segovia;40012;4001201001;2022;17;26;74;21;23;29;47;20;40;55;121;41
Segovia;40012;4001201001;2023;18;27;69;22;20;33;46;18;38;60;115;40
Segovia;40013;4001301001;2021;17;8;10;3;12;4;7;1;29;12;17;4
Segovia;40013;4001301001;2022;16;8;9;3;12;10;7;1;28;18;16;4
Segovia;40013;4001301001;2023;15;8;10;3;12;7;8;1;27;15;18;4
Segovia;40014;4001401001;2021;11;8;5;8;8;5;2;3;19;13;7;11
Segovia;40014;4001401001;2022;10;8;5;7;8;6;3;3;18;14;8;10
Segovia;40014;4001401001;2023;10;10;5;6;8;9;3;2;18;19;8;8
Segovia;40016;4001601001;2021;4;5;15;7;8;8;5;2;12;13;20;9
Segovia;40016;4001601001;2022;4;5;15;7;7;7;5;3;11;12;20;10
Segovia;40016;4001601001;2023;4;6;13;8;6;7;6;3;10;13;19;11
Segovia;40017;4001701001;2021;10;16;17;12;12;21;9;13;22;37;26;25
Segovia;40017;4001701001;2022;8;17;15;14;11;23;9;14;19;40;24;28
Segovia;40017;4001701001;2023;7;16;16;15;10;23;10;11;17;39;26;26
Segovia;40018;4001801001;2021;7;17;7;8;11;6;7;2;18;23;14;10
Segovia;40018;4001801001;2022;6;19;7;8;10;7;6;4;16;26;13;12
Segovia;40018;4001801001;2023;5;19;8;9;9;8;5;4;14;27;13;13
Segovia;40020;4002001001;2021;16;20;28;19;26;21;25;15;42;41;53;34
Segovia;40020;4002001001;2022;15;24;28;16;25;24;26;12;40;48;54;28
Segovia;40020;4002001001;2023;16;31;33;14;28;27;27;8;44;58;60;22
Segovia;40022;4002201001;2021;22;45;35;34;26;38;19;10;48;83;54;44
Segovia;40022;4002201001;2022;20;43;34;34;25;43;20;10;45;86;54;44
Segovia;40022;4002201001;2023;20;43;32;35;23;42;22;8;43;85;54;43
Segovia;40024;4002401001;2021;114;136;158;100;104;195;105;78;218;331;263;178
Segovia;40024;4002401001;2022;107;143;163;105;99;200;106;76;206;343;269;181
Segovia;40024;4002401001;2023;92;145;163;101;90;196;108;78;182;341;271;179
Segovia;40025;4002501001;2021;13;17;35;13;13;12;21;11;26;29;56;24
Segovia;40025;4002501001;2022;11;19;37;13;12;13;19;10;23;32;56;23
Segovia;40025;4002501001;2023;12;19;37;14;12;13;19;11;24;32;56;25
Segovia;40026;4002601001;2021;3;28;15;17;5;40;16;17;8;68;31;34
Segovia;40026;4002601001;2022;4;32;17;16;4;39;13;18;8;71;30;34
Segovia;40026;4002601001;2023;2;30;17;17;4;32;13;16;6;62;30;33
Segovia;40028;4002801001;2021;8;15;23;8;10;10;20;5;18;25;43;13
Segovia;40028;4002801001;2022;8;13;21;9;8;11;20;5;16;24;41;14
Segovia;40028;4002801001;2023;9;14;23;8;8;11;21;7;17;25;44;15
Segovia;40030;4003001001;2021;68;54;88;40;56;52;58;31;124;106;146;71
Segovia;40030;4003001001;2022;67;56;88;39;56;58;63;26;123;114;151;65
Segovia;40030;4003001001;2023;55;57;86;43;51;56;62;28;106;113;148;71
Segovia;40031;4003101001;2021;34;104;116;101;34;134;71;73;68;238;187;174
Segovia;40031;4003101001;2022;35;122;124;124;38;150;74;96;73;272;198;220
Segovia;40031;4003101001;2023;40;142;145;153;47;182;91;101;87;324;236;254
Segovia;40032;4003201001;2021;90;55;111;46;73;67;95;52;163;122;206;98
Segovia;40032;4003201001;2022;73;54;106;48;75;65;90;54;148;119;196;102
Segovia;40032;4003201001;2023;75;57;112;48;76;60;94;58;151;117;206;106
Segovia;40033;4003301001;2021;6;18;11;7;5;13;6;11;11;31;17;18
Segovia;40033;4003301001;2022;6;20;13;7;3;13;7;12;9;33;20;19
Segovia;40033;4003301001;2023;4;22;13;7;2;12;8;10;6;34;21;17
Segovia;40034;4003401001;2021;6;12;15;10;9;9;7;6;15;21;22;16
Segovia;40034;4003401001;2022;5;12;16;10;6;10;6;7;11;22;22;17
Segovia;40034;4003401001;2023;6;12;16;10;6;10;6;7;12;22;22;17
Segovia;40035;4003501001;2021;11;27;23;17;8;28;12;22;19;55;35;39
Segovia;40035;4003501001;2022;11;31;21;20;10;30;13;24;21;61;34;44
Segovia;40035;4003501001;2023;11;33;22;21;11;31;15;23;22;64;37;44
Segovia;40036;4003601001;2021;76;36;136;49;74;72;88;33;150;108;224;82
Segovia;40036;4003601001;2022;68;38;139;47;73;75;83;37;141;113;222;84
Segovia;40036;4003601001;2023;62;40;139;46;66;73;84;38;128;113;223;84
Segovia;40039;4003901001;2021;21;34;32;29;23;34;25;19;44;68;57;48
Segovia;40039;4003901001;2022;21;38;36;30;19;37;26;17;40;75;62;47
Segovia;40039;4003901001;2023;14;41;42;30;19;37;25;17;33;78;67;47
Segovia;40040;4004001001;2021;88;58;129;53;106;68;92;58;194;126;221;111
Segovia;40040;4004001001;2022;81;62;123;56;99;66;91;60;180;128;214;116
Segovia;40040;4004001001;2023;71;68;122;64;99;74;77;67;170;142;199;131
Segovia;40040;4004001002;2021;169;148;268;133;220;163;200;145;389;311;468;278
Segovia;40040;4004001002;2022;171;146;265;144;211;165;204;146;382;311;469;290
Segovia;40040;4004001002;2023;171;160;265;150;204;173;210;158;375;333;475;308
Segovia;40040;4004002001;2021;128;60;159;80;153;102;124;73;281;162;283;153
Segovia;40040;4004002001;2022;123;61;155;85;153;115;124;69;276;176;279;154
Segovia;40040;4004002001;2023;121;64;169;92;157;115;127;80;278;179;296;172
Segovia;40041;4004101001;2021;91;139;285;110;99;151;197;95;190;290;482;205
Segovia;40041;4004101001;2022;85;142;285;105;94;158;196;93;179;300;481;198
Segovia;40041;4004101001;2023;92;142;286;120;97;160;200;100;189;302;486;220
Segovia;40043;4004301001;2021;172;111;283;156;177;205;162;123;349;316;445;279
Segovia;40043;4004301001;2022;165;113;275;156;170;207;155;128;335;320;430;284
Segovia;40043;4004301001;2023;162;117;272;150;182;203;154;129;344;320;426;279
Segovia;40043;4004301002;2021;121;40;182;73;107;104;104;59;228;144;286;132
Segovia;40043;4004301002;2022;117;44;187;74;104;111;104;54;221;155;291;128
Segovia;40043;4004301002;2023;115;45;187;77;103;105;100;57;218;150;287;134
Segovia;40044;4004401001;2021;29;13;23;13;29;12;9;11;58;25;32;24
Segovia;40044;4004401001;2022;24;14;20;16;29;15;8;12;53;29;28;28
Segovia;40044;4004401001;2023;22;13;20;16;25;15;9;12;47;28;29;28
Segovia;40045;4004501001;2021;14;19;33;10;20;15;19;15;34;34;52;25
Segovia;40045;4004501001;2022;13;19;39;10;17;19;16;16;30;38;55;26
Segovia;40045;4004501001;2023;11;20;37;13;17;20;14;16;28;40;51;29
Segovia;40046;4004601001;2021;10;15;20;17;11;10;13;16;21;25;33;33
Segovia;40046;4004601001;2022;12;13;19;18;11;12;11;16;23;25;30;34
Segovia;40046;4004601001;2023;11;15;18;19;9;14;8;16;20;29;26;35
Segovia;40052;4005201001;2021;4;13;14;11;7;8;19;7;11;21;33;18
Segovia;40052;4005201001;2022;5;12;15;11;6;10;20;6;11;22;35;17
Segovia;40052;4005201001;2023;4;13;15;11;5;9;18;6;9;22;33;17
Segovia;40053;4005301001;2021;10;15;20;6;14;14;12;4;24;29;32;10
Segovia;40053;4005301001;2022;13;16;21;8;14;16;14;3;27;32;35;11
Segovia;40053;4005301001;2023;15;15;21;8;14;17;17;3;29;32;38;11
Segovia;40054;4005401001;2021;7;18;29;15;8;17;17;14;15;35;46;29
Segovia;40054;4005401001;2022;9;21;28;13;9;15;17;15;18;36;45;28
Segovia;40054;4005401001;2023;7;21;26;15;6;16;18;14;13;37;44;29
Segovia;40057;4005701001;2021;82;55;108;54;98;59;75;48;180;114;183;102
Segovia;40057;4005701001;2022;83;50;102;56;91;54;81;49;174;104;183;105
Segovia;40057;4005701001;2023;80;49;101;53;93;58;81;48;173;107;182;101
Segovia;40057;4005701002;2021;69;72;222;110;96;116;181;92;165;188;403;202
Segovia;40057;4005701002;2022;68;79;231;107;87;119;182;91;155;198;413;198
Segovia;40057;4005701002;2023;72;83;233;112;90;122;188;102;162;205;421;214
Segovia;40058;4005801001;2021;32;19;79;26;34;41;57;18;66;60;136;44
Segovia;40058;4005801001;2022;29;20;80;27;33;41;58;20;62;61;138;47
Segovia;40058;4005801001;2023;29;20;78;29;30;41;56;20;59;61;134;49
Segovia;40059;4005901001;2021;5;27;15;18;8;19;16;17;13;46;31;35
Segovia;40059;4005901001;2022;5;29;15;19;5;20;17;15;10;49;32;34
Segovia;40059;4005901001;2023;6;28;15;19;5;22;13;15;11;50;28;34
Segovia;40060;4006001001;2021;19;7;8;5;16;5;9;6;35;12;17;11
Segovia;40060;4006001001;2022;18;10;8;5;17;8;10;5;35;18;18;10
Segovia;40060;4006001001;2023;17;10;10;5;16;6;8;6;33;16;18;11
Segovia;40061;4006101001;2021;12;6;13;8;11;8;6;4;23;14;19;12
Segovia;40061;4006101001;2022;12;6;13;10;12;8;6;7;24;14;19;17
Segovia;40061;4006101001;2023;12;6;11;10;12;8;4;7;24;14;15;17
Segovia;40062;4006201001;2021;5;16;14;11;8;12;4;3;13;28;18;14
Segovia;40062;4006201001;2022;4;18;12;12;9;13;3;5;13;31;15;17
Segovia;40062;4006201001;2023;4;19;11;11;6;13;4;4;10;32;15;15
Segovia;40063;4006301001;2021;79;71;183;87;83;86;141;61;162;157;324;148
Segovia;40063;4006301001;2022;81;74;171;82;80;86;132;56;161;160;303;138
Segovia;40063;4006301001;2023;77;68;164;82;79;91;130;62;156;159;294;144
Segovia;40063;4006301002;2021;146;123;281;150;159;191;208;120;305;314;489;270
Segovia;40063;4006301002;2022;139;130;287;148;152;190;217;128;291;320;504;276
Segovia;40063;4006301002;2023;124;134;287;146;154;198;223;124;278;332;510;270
Segovia;40063;4006301003;2021;112;52;143;49;114;77;73;49;226;129;216;98
Segovia;40063;4006301003;2022;104;53;142;53;103;77;70;52;207;130;212;105
Segovia;40063;4006301003;2023;99;55;134;63;98;84;76;50;197;139;210;113
Segovia;40063;4006302001;2021;171;195;352;180;220;225;250;160;391;420;602;340
Segovia;40063;4006302001;2022;166;201;339;187;198;255;250;152;364;456;589;339
Segovia;40063;4006302001;2023;159;208;327;190;185;261;250;157;344;469;577;347
Segovia;40063;4006302002;2021;93;144;273;149;109;212;254;129;202;356;527;278
Segovia;40063;4006302002;2022;84;145;259;166;101;213;235;152;185;358;494;318
Segovia;40063;4006302002;2023;77;150;273;176;98;221;238;158;175;371;511;334
Segovia;40063;4006302003;2021;134;34;151;73;124;74;110;46;258;108;261;119
Segovia;40063;4006302003;2022;120;34;149;69;118;72;101;49;238;106;250;118
Segovia;40063;4006302003;2023;119;36;150;74;109;75;105;52;228;111;255;126
Segovia;40063;4006302004;2021;176;176;312;142;234;248;247;165;410;424;559;307
Segovia;40063;4006302004;2022;168;179;301;151;237;255;239;172;405;434;540;323
Segovia;40063;4006302004;2023;163;188;293;159;228;249;233;174;391;437;526;333
Segovia;40065;4006501001;2021;99;57;147;37;128;62;93;41;227;119;240;78
Segovia;40065;4006501001;2022;95;57;150;34;120;62;95;38;215;119;245;72
Segovia;40065;4006501001;2023;103;56;144;34;126;68;100;35;229;124;244;69
Segovia;40069;4006901001;2021;5;8;17;15;11;8;11;4;16;16;28;19
Segovia;40069;4006901001;2022;4;7;17;16;9;8;12;3;13;15;29;19
Segovia;40069;4006901001;2023;4;8;17;16;10;7;13;5;14;15;30;21
Segovia;40070;4007001001;2021;12;33;29;29;13;22;20;17;25;55;49;46
Segovia;40070;4007001001;2022;14;35;28;22;13;21;19;14;27;56;47;36
Segovia;40070;4007001001;2023;9;32;29;18;9;18;16;14;18;50;45;32
Segovia;40072;4007201001;2021;6;59;48;24;1;66;21;15;7;125;69;39
Segovia;40072;4007201001;2022;5;64;46;25;4;65;23;20;9;129;69;45
Segovia;40072;4007201001;2023;2;66;47;25;1;68;27;21;3;134;74;46
Segovia;40073;4007301001;2021;43;41;111;42;42;47;91;31;85;88;202;73
Segovia;40073;4007301001;2022;42;44;107;40;37;54;91;23;79;98;198;63
Segovia;40073;4007301001;2023;38;44;103;41;34;57;86;21;72;101;189;62
Segovia;40074;4007401001;2021;20;25;74;29;24;27;53;18;44;52;127;47
Segovia;40074;4007401001;2022;16;28;72;28;23;28;51;19;39;56;123;47
Segovia;40074;4007401001;2023;16;29;69;28;21;29;48;18;37;58;117;46
Segovia;40075;4007501001;2021;10;35;17;23;8;22;24;11;18;57;41;34
Segovia;40075;4007501001;2022;13;35;20;24;10;23;25;10;23;58;45;34
Segovia;40075;4007501001;2023;11;38;22;22;9;25;25;11;20;63;47;33
Segovia;40076;4007601001;2021;135;144;272;158;136;184;195;167;271;328;467;325
Segovia;40076;4007601001;2022;118;146;281;162;128;194;206;166;246;340;487;328
Segovia;40076;4007601001;2023;118;150;280;162;127;200;207;179;245;350;487;341
Segovia;40076;4007601002;2021;45;112;118;96;53;126;87;91;98;238;205;187
Segovia;40076;4007601002;2022;45;122;129;104;49;140;89;95;94;262;218;199
Segovia;40076;4007601002;2023;54;126;132;114;53;153;89;100;107;279;221;214
Segovia;40076;4007601003;2021;85;137;235;135;112;183;213;148;197;320;448;283
Segovia;40076;4007601003;2022;85;148;242;141;112;180;217;159;197;328;459;300
Segovia;40076;4007601003;2023;82;152;239;137;110;173;217;159;192;325;456;296
Segovia;40076;4007601004;2021;38;122;125;80;61;141;99;90;99;263;224;170
Segovia;40076;4007601004;2022;35;123;128;85;59;143;91;92;94;266;219;177
Segovia;40076;4007601004;2023;38;132;133;83;55;153;91;100;93;285;224;183
Segovia;40076;4007602001;2021;53;124;117;101;55;151;78;107;108;275;195;208
Segovia;40076;4007602001;2022;53;132;117;104;53;150;79;110;106;282;196;214
Segovia;40076;4007602001;2023;51;138;118;106;52;153;84;105;103;291;202;211
Segovia;40076;4007602002;2021;69;138;85;95;98;141;92;60;167;279;177;155
Segovia;40076;4007602002;2022;63;135;87;99;98;150;84;71;161;285;171;170
Segovia;40076;4007602002;2023;61;145;100;97;100;159;86;80;161;304;186;177
Segovia;40076;4007602003;2021;47;71;100;63;73;69;71;56;120;140;171;119
Segovia;40076;4007602003;2022;40;63;103;64;67;76;72;56;107;139;175;120
Segovia;40076;4007602003;2023;37;59;101;66;60;76;75;61;97;135;176;127
Segovia;40076;4007603001;2021;29;102;75;76;40;101;48;66;69;203;123;142
Segovia;40076;4007603001;2022;21;109;76;82;36;101;50;69;57;210;126;151
Segovia;40076;4007603001;2023;24;105;80;82;41;108;52;70;65;213;132;152
Segovia;40076;4007604001;2021;54;255;135;190;46;246;99;171;100;501;234;361
Segovia;40076;4007604001;2022;44;258;142;190;47;264;100;168;91;522;242;358
Segovia;40076;4007604001;2023;48;269;151;202;51;282;102;183;99;551;253;385
Segovia;40077;4007701001;2021;48;212;179;170;44;248;109;150;92;460;288;320
Segovia;40077;4007701001;2022;42;205;187;171;36;259;112;152;78;464;299;323
Segovia;40077;4007701001;2023;46;216;198;177;44;271;115;169;90;487;313;346
Segovia;40078;4007801001;2021;18;11;46;15;21;12;26;6;39;23;72;21
Segovia;40078;4007801001;2022;20;11;50;16;23;13;27;7;43;24;77;23
Segovia;40078;4007801001;2023;22;10;50;16;23;12;27;6;45;22;77;22
Segovia;40079;4007901001;2021;32;52;45;36;21;37;34;28;53;89;79;64
Segovia;40079;4007901001;2022;32;53;48;34;23;40;36;29;55;93;84;63
Segovia;40079;4007901001;2023;25;51;44;31;22;41;37;28;47;92;81;59
Segovia;40080;4008001001;2021;4;6;16;8;8;9;14;5;12;15;30;13
Segovia;40080;4008001001;2022;5;7;14;9;8;7;12;5;13;14;26;14
Segovia;40080;4008001001;2023;5;7;16;12;6;7;12;7;11;14;28;19
Segovia;40081;4008101001;2021;12;15;29;6;15;12;20;3;27;27;49;9
Segovia;40081;4008101001;2022;12;15;29;8;11;14;19;7;23;29;48;15
Segovia;40081;4008101001;2023;11;17;30;10;11;17;19;8;22;34;49;18
Segovia;40082;4008201001;2021;11;10;23;11;19;10;17;4;30;20;40;15
Segovia;40082;4008201001;2022;9;10;22;11;18;10;15;4;27;20;37;15
Segovia;40082;4008201001;2023;10;11;22;11;17;10;15;4;27;21;37;15
Segovia;40083;4008301001;2021;22;11;17;16;31;4;25;17;53;15;42;33
Segovia;40083;4008301001;2022;22;11;22;15;34;8;22;22;56;19;44;37
Segovia;40083;4008301001;2023;25;11;24;22;98;11;37;31;123;22;61;53
Segovia;40086;4008601001;2021;49;85;158;88;66;107;112;61;115;192;270;149
Segovia;40086;4008601001;2022;43;86;156;90;62;112;108;57;105;198;264;147
Segovia;40086;4008601001;2023;39;85;155;85;59;114;103;63;98;199;258;148
Segovia;40087;4008701001;2021;14;14;8;10;13;10;8;1;27;24;16;11
Segovia;40087;4008701001;2022;13;16;7;8;12;10;7;2;25;26;14;10
Segovia;40087;4008701001;2023;12;15;7;8;12;8;7;2;24;23;14;10
Segovia;40088;4008801001;2021;21;37;72;29;22;29;67;20;43;66;139;49
Segovia;40088;4008801001;2022;17;35;76;28;22;26;72;23;39;61;148;51
Segovia;40088;4008801001;2023;12;35;75;27;18;30;65;22;30;65;140;49
Segovia;40089;4008901001;2021;28;30;34;22;39;26;30;6;67;56;64;28
Segovia;40089;4008901001;2022;30;31;32;24;36;27;31;8;66;58;63;32
Segovia;40089;4008901001;2023;30;31;35;24;35;26;32;8;65;57;67;32
Segovia;40091;4009101001;2021;19;17;10;14;17;8;6;11;36;25;16;25
Segovia;40091;4009101001;2022;20;14;10;13;18;6;6;9;38;20;16;22
Segovia;40091;4009101001;2023;19;14;8;14;14;6;7;9;33;20;15;23
Segovia;40092;4009201001;2021;16;18;31;10;25;10;9;7;41;28;40;17
Segovia;40092;4009201001;2022;11;20;29;12;22;10;13;8;33;30;42;20
Segovia;40092;4009201001;2023;14;18;29;15;24;9;13;11;38;27;42;26
Segovia;40093;4009301001;2021;6;14;20;8;9;5;14;9;15;19;34;17
Segovia;40093;4009301001;2022;7;13;20;7;9;8;13;10;16;21;33;17
Segovia;40093;4009301001;2023;5;14;23;6;9;8;12;12;14;22;35;18
Segovia;40094;4009401001;2021;23;76;60;63;32;82;46;39;55;158;106;102
Segovia;40094;4009401001;2022;22;86;68;60;32;82;45;43;54;168;113;103
Segovia;40094;4009401001;2023;22;85;67;63;23;82;45;48;45;167;112;111
Segovia;40095;4009501001;2021;73;32;163;44;76;45;119;28;149;77;282;72
Segovia;40095;4009501001;2022;68;36;154;45;77;50;121;27;145;86;275;72
Segovia;40095;4009501001;2023;66;33;149;44;79;47;118;25;145;80;267;69
Segovia;40097;4009701001;2021;19;34;51;20;9;22;28;24;28;56;79;44
Segovia;40097;4009701001;2022;17;36;46;27;10;26;25;25;27;62;71;52
Segovia;40097;4009701001;2023;18;36;40;26;10;29;28;23;28;65;68;49
Segovia;40099;4009901001;2021;4;6;14;8;4;4;10;3;8;10;24;11
Segovia;40099;4009901001;2022;4;7;15;8;6;4;10;3;10;11;25;11
Segovia;40099;4009901001;2023;2;7;12;9;3;4;10;3;5;11;22;12
Segovia;40100;4010001001;2021;25;32;62;26;31;29;37;17;56;61;99;43
Segovia;40100;4010001001;2022;24;36;66;25;32;29;38;21;56;65;104;46
Segovia;40100;4010001001;2023;23;37;66;23;33;31;38;21;56;68;104;44
Segovia;40101;4010101001;2021;42;184;180;180;38;237;129;127;80;421;309;307
Segovia;40101;4010101001;2022;43;187;183;188;40;244;138;132;83;431;321;320
Segovia;40101;4010101001;2023;35;186;192;194;42;260;146;132;77;446;338;326
Segovia;40103;4010301001;2021;10;21;27;21;13;22;14;18;23;43;41;39
Segovia;40103;4010301001;2022;6;24;27;23;14;24;15;20;20;48;42;43
Segovia;40103;4010301001;2023;6;23;27;20;13;21;14;20;19;44;41;40
Segovia;40104;4010401001;2021;15;58;56;51;10;59;43;54;25;117;99;105
Segovia;40104;4010401001;2022;16;64;57;61;11;68;46;50;27;132;103;111
Segovia;40104;4010401001;2023;13;73;55;65;12;78;46;49;25;151;101;114
Segovia;40106;4010601001;2021;20;13;40;19;24;15;33;14;44;28;73;33
Segovia;40106;4010601001;2022;20;13;42;21;24;15;36;17;44;28;78;38
Segovia;40106;4010601001;2023;19;14;39;21;23;15;33;16;42;29;72;37
Segovia;40107;4010701001;2021;14;9;19;13;9;10;15;6;23;19;34;19
Segovia;40107;4010701001;2022;11;10;20;12;11;10;14;6;22;20;34;18
Segovia;40107;4010701001;2023;12;14;18;12;15;11;16;5;27;25;34;17
Segovia;40108;4010801001;2021;13;11;33;6;16;8;12;5;29;19;45;11
Segovia;40108;4010801001;2022;13;11;34;6;14;8;13;5;27;19;47;11
Segovia;40108;4010801001;2023;12;12;36;6;14;9;14;5;26;21;50;11
Segovia;40109;4010901001;2021;15;10;12;3;7;10;6;2;22;20;18;5
Segovia;40109;4010901001;2022;13;11;12;6;7;10;7;3;20;21;19;9
Segovia;40109;4010901001;2023;13;13;12;8;7;11;7;4;20;24;19;12
Segovia;40110;4011001001;2021;47;27;81;18;55;27;43;17;102;54;124;35
Segovia;40110;4011001001;2022;44;25;80;19;55;27;40;20;99;52;120;39
Segovia;40110;4011001001;2023;41;29;78;17;51;30;37;22;92;59;115;39
Segovia;40111;4011101001;2021;5;7;11;3;9;5;9;3;14;12;20;6
Segovia;40111;4011101001;2022;4;9;8;4;8;6;9;5;12;15;17;9
Segovia;40111;4011101001;2023;5;10;9;5;10;7;8;4;15;17;17;9
Segovia;40112;4011201001;2021;101;301;259;213;90;396;196;192;191;697;455;405
Segovia;40112;4011201001;2022;103;319;271;201;92;413;188;200;195;732;459;401
Segovia;40112;4011201001;2023;114;325;280;206;101;413;202;210;215;738;482;416
Segovia;40112;4011201002;2021;96;352;198;175;87;435;135;149;183;787;333;324
Segovia;40112;4011201002;2022;94;384;200;188;91;471;144;158;185;855;344;346
Segovia;40112;4011201002;2023;103;408;214;192;103;495;171;172;206;903;385;364
Segovia;40113;4011301001;2021;24;97;66;59;23;91;38;43;47;188;104;102
Segovia;40113;4011301001;2022;21;95;68;64;23;95;42;42;44;190;110;106
Segovia;40113;4011301001;2023;18;93;66;67;21;100;43;44;39;193;109;111
Segovia;40115;4011501001;2021;20;26;11;9;12;16;11;6;32;42;22;15
Segovia;40115;4011501001;2022;18;27;10;9;10;18;6;6;28;45;16;15
Segovia;40115;4011501001;2023;14;29;9;8;11;16;5;7;25;45;14;15
Segovia;40118;4011801001;2021;4;14;3;6;9;4;2;3;13;18;5;9
Segovia;40118;4011801001;2022;3;14;4;6;9;4;2;3;12;18;6;9
Segovia;40118;4011801001;2023;2;13;2;6;8;4;2;3;10;17;4;9
Segovia;40119;4011901001;2021;15;38;37;31;16;32;15;18;31;70;52;49
Segovia;40119;4011901001;2022;16;41;38;30;15;28;17;21;31;69;55;51
Segovia;40119;4011901001;2023;18;42;41;29;14;33;21;21;32;75;62;50
Segovia;40120;4012001001;2021;14;23;40;29;13;30;25;28;27;53;65;57
Segovia;40120;4012001001;2022;14;24;37;34;14;30;30;27;28;54;67;61
Segovia;40120;4012001001;2023;12;39;46;42;14;51;36;32;26;90;82;74
Segovia;40121;4012101001;2021;39;19;63;22;45;10;43;17;84;29;106;39
Segovia;40121;4012101001;2022;40;18;61;23;43;11;37;17;83;29;98;40
Segovia;40121;4012101001;2023;39;21;65;22;39;11;38;23;78;32;103;45
Segovia;40122;4012201001;2021;44;145;105;74;65;94;65;62;109;239;170;136
Segovia;40122;4012201001;2022;42;151;108;78;65;98;67;59;107;249;175;137
Segovia;40122;4012201001;2023;40;155;102;88;62;110;72;60;102;265;174;148
Segovia;40123;4012301001;2021;21;16;40;22;18;23;20;17;39;39;60;39
Segovia;40123;4012301001;2022;17;15;37;26;17;24;20;18;34;39;57;44
Segovia;40123;4012301001;2023;22;19;42;27;21;24;22;17;43;43;64;44
Segovia;40124;4012401001;2021;29;21;57;20;25;24;39;16;54;45;96;36
Segovia;40124;4012401001;2022;24;21;58;21;23;28;42;16;47;49;100;37
Segovia;40124;4012401001;2023;25;24;57;21;22;28;45;17;47;52;102;38
Segovia;40125;4012501001;2021;7;16;18;6;10;11;6;6;17;27;24;12
Segovia;40125;4012501001;2022;7;17;15;6;9;13;6;3;16;30;21;9
Segovia;40125;4012501001;2023;6;17;15;5;8;13;5;3;14;30;20;8
Segovia;40126;4012601001;2021;4;6;12;10;3;6;13;3;7;12;25;13
Segovia;40126;4012601001;2022;4;6;14;11;3;5;13;4;7;11;27;15
Segovia;40126;4012601001;2023;3;11;15;11;3;6;12;4;6;17;27;15
Segovia;40128;4012801001;2021;12;19;22;11;13;22;14;10;25;41;36;21
Segovia;40128;4012801001;2022;11;18;25;13;12;23;13;10;23;41;38;23
Segovia;40128;4012801001;2023;11;20;25;14;10;24;13;10;21;44;38;24
Segovia;40129;4012901001;2021;21;18;32;17;22;17;18;18;43;35;50;35
Segovia;40129;4012901001;2022;21;19;34;18;21;16;19;14;42;35;53;32
Segovia;40129;4012901001;2023;20;18;34;15;19;15;19;12;39;33;53;27
Segovia;40130;4013001001;2021;15;14;35;11;8;18;21;5;23;32;56;16
Segovia;40130;4013001001;2022;14;16;33;12;7;18;20;5;21;34;53;17
Segovia;40130;4013001001;2023;14;16;32;12;6;12;19;5;20;28;51;17
Segovia;40131;4013101001;2021;3;8;13;5;1;8;13;4;4;16;26;9
Segovia;40131;4013101001;2022;3;9;12;5;1;8;13;3;4;17;25;8
Segovia;40131;4013101001;2023;3;8;13;5;2;8;12;4;5;16;25;9
Segovia;40134;4013401001;2021;126;89;149;70;90;90;122;64;216;179;271;134
Segovia;40134;4013401001;2022;120;91;158;73;88;92;121;67;208;183;279;140
Segovia;40134;4013401001;2023;134;87;160;74;91;92;123;63;225;179;283;137
Segovia;40135;4013501001;2021;38;13;65;38;60;21;39;21;98;34;104;59
Segovia;40135;4013501001;2022;37;14;65;38;59;23;40;18;96;37;105;56
Segovia;40135;4013501001;2023;32;17;65;32;55;23;40;17;87;40;105;49
Segovia;40136;4013601001;2021;12;16;22;13;23;16;17;8;35;32;39;21
Segovia;40136;4013601001;2022;11;15;17;14;19;18;17;7;30;33;34;21
Segovia;40136;4013601001;2023;10;19;19;14;16;23;16;7;26;42;35;21
Segovia;40138;4013801001;2021;148;68;187;94;163;108;137;84;311;176;324;178
Segovia;40138;4013801001;2022;141;72;183;97;160;116;136;83;301;188;319;180
Segovia;40138;4013801001;2023;131;71;182;98;152;114;141;82;283;185;323;180
Segovia;40138;4013801002;2021;177;135;289;145;205;196;195;131;382;331;484;276
Segovia;40138;4013801002;2022;183;138;295;156;189;207;198;118;372;345;493;274
Segovia;40138;4013801002;2023;174;149;305;154;181;220;207;120;355;369;512;274
Segovia;40139;4013901001;2021;31;35;51;37;39;32;37;20;70;67;88;57
Segovia;40139;4013901001;2022;25;37;53;34;36;34;35;20;61;71;88;54
Segovia;40139;4013901001;2023;23;39;52;34;39;29;35;22;62;68;87;56
Segovia;40140;4014001001;2021;8;4;21;14;15;10;9;7;23;14;30;21
Segovia;40140;4014001001;2022;8;6;20;13;15;9;11;8;23;15;31;21
Segovia;40140;4014001001;2023;9;5;21;14;14;10;10;8;23;15;31;22
Segovia;40141;4014101001;2021;115;62;226;77;87;117;175;74;202;179;401;151
Segovia;40141;4014101001;2022;114;62;229;78;85;119;170;70;199;181;399;148
Segovia;40141;4014101001;2023;112;60;231;85;80;120;171;73;192;180;402;158
Segovia;40142;4014201001;2021;5;4;8;9;6;6;9;4;11;10;17;13
Segovia;40142;4014201001;2022;5;4;8;8;6;7;9;3;11;11;17;11
Segovia;40142;4014201001;2023;3;4;9;8;4;7;8;4;7;11;17;12
Segovia;40143;4014301001;2021;15;12;18;8;12;7;8;5;27;19;26;13
Segovia;40143;4014301001;2022;11;12;20;8;11;7;9;7;22;19;29;15
Segovia;40143;4014301001;2023;10;10;18;9;12;8;10;7;22;18;28;16
Segovia;40145;4014501001;2021;129;97;247;116;162;150;177;83;291;247;424;199
Segovia;40145;4014501001;2022;123;96;243;115;149;157;177;79;272;253;420;194
Segovia;40145;4014501001;2023;117;94;248;122;137;159;179;84;254;253;427;206
Segovia;40146;4014601001;2021;31;44;58;34;32;33;43;38;63;77;101;72
Segovia;40146;4014601001;2022;30;43;58;34;31;34;41;34;61;77;99;68
Segovia;40146;4014601001;2023;30;48;62;37;29;37;38;37;59;85;100;74
Segovia;40148;4014801001;2021;12;37;53;22;17;31;58;20;29;68;111;42
Segovia;40148;4014801001;2022;13;36;48;23;14;32;59;21;27;68;107;44
Segovia;40148;4014801001;2023;12;41;47;23;18;30;53;22;30;71;100;45
Segovia;40149;4014901001;2021;78;63;90;44;81;45;61;37;159;108;151;81
Segovia;40149;4014901001;2022;71;68;93;41;76;50;62;37;147;118;155;78
Segovia;40149;4014901001;2023;66;64;93;40;69;42;62;38;135;106;155;78
Segovia;40150;4015001001;2021;12;5;16;7;5;5;7;8;17;10;23;15
Segovia;40150;4015001001;2022;11;3;17;7;6;5;9;8;17;8;26;15
Segovia;40150;4015001001;2023;9;4;16;7;5;6;8;7;14;10;24;14
Segovia;40152;4015201001;2021;43;112;162;94;53;146;139;71;96;258;301;165
Segovia;40152;4015201001;2022;49;113;156;96;51;153;130;72;100;266;286;168
Segovia;40152;4015201001;2023;45;120;157;104;46;150;128;78;91;270;285;182
Segovia;40155;4015501001;2021;92;438;335;323;76;501;257;243;168;939;592;566
Segovia;40155;4015501001;2022;97;460;342;313;75;515;275;244;172;975;617;557
Segovia;40155;4015501001;2023;94;462;342;316;73;523;273;260;167;985;615;576
Segovia;40155;4015501002;2021;106;505;258;309;104;541;170;216;210;1046;428;525
Segovia;40155;4015501002;2022;113;525;268;303;99;576;186;231;212;1101;454;534
Segovia;40155;4015501002;2023;110;532;290;318;102;603;184;234;212;1135;474;552
Segovia;40156;4015601001;2021;32;49;58;42;28;37;41;25;60;86;99;67
Segovia;40156;4015601001;2022;29;51;58;41;28;41;40;26;57;92;98;67
Segovia;40156;4015601001;2023;30;58;62;37;28;45;39;25;58;103;101;62
Segovia;40157;4015701001;2021;6;12;9;4;2;10;8;1;8;22;17;5
Segovia;40157;4015701001;2022;4;9;9;4;2;10;6;2;6;19;15;6
Segovia;40157;4015701001;2023;4;8;9;5;2;9;6;2;6;17;15;7
Segovia;40159;4015901001;2021;17;13;46;19;18;14;22;13;35;27;68;32
Segovia;40159;4015901001;2022;17;14;47;18;17;11;22;14;34;25;69;32
Segovia;40159;4015901001;2023;18;14;47;18;19;12;19;16;37;26;66;34
Segovia;40160;4016001001;2021;10;3;27;13;8;6;19;3;18;9;46;16
Segovia;40160;4016001001;2022;11;5;29;14;9;6;21;7;20;11;50;21
Segovia;40160;4016001001;2023;10;5;28;14;7;6;22;6;17;11;50;20
Segovia;40161;4016101001;2021;7;7;12;8;2;2;2;5;9;9;14;13
Segovia;40161;4016101001;2022;4;9;12;7;2;1;2;6;6;10;14;13
Segovia;40161;4016101001;2023;7;8;14;11;3;3;3;6;10;11;17;17
Segovia;40162;4016201001;2021;43;66;80;43;53;57;68;38;96;123;148;81
Segovia;40162;4016201001;2022;37;67;80;43;50;61;59;43;87;128;139;86
Segovia;40162;4016201001;2023;32;69;80;42;49;63;61;39;81;132;141;81
Segovia;40164;4016401001;2021;20;20;36;20;34;19;25;20;54;39;61;40
Segovia;40164;4016401001;2022;18;24;36;20;32;18;22;20;50;42;58;40
Segovia;40164;4016401001;2023;19;27;36;21;31;15;21;20;50;42;57;41
Segovia;40165;4016501001;2021;7;8;15;5;11;15;9;0;18;23;24;5
Segovia;40165;4016501001;2022;5;11;16;6;11;16;8;1;16;27;24;7
Segovia;40165;4016501001;2023;4;11;16;6;12;16;8;1;16;27;24;7
Segovia;40166;4016601001;2021;30;24;62;23;38;40;48;10;68;64;110;33
Segovia;40166;4016601001;2022;27;25;61;22;34;43;48;10;61;68;109;32
Segovia;40166;4016601001;2023;27;25;61;24;34;43;53;10;61;68;114;34
Segovia;40170;4017001001;2021;195;250;318;219;218;214;239;176;413;464;557;395
Segovia;40170;4017001001;2022;171;270;310;222;200;229;238;187;371;499;548;409
Segovia;40170;4017001001;2023;171;271;313;230;186;240;242;191;357;511;555;421
Segovia;40173;4017301001;2021;6;30;29;28;5;35;19;17;11;65;48;45
Segovia;40173;4017301001;2022;10;37;34;32;8;41;23;19;18;78;57;51
Segovia;40173;4017301001;2023;9;38;36;33;10;47;23;19;19;85;59;52
Segovia;40174;4017401001;2021;56;28;62;28;78;30;48;28;134;58;110;56
Segovia;40174;4017401001;2022;50;30;61;24;70;31;50;26;120;61;111;50
Segovia;40174;4017401001;2023;53;29;63;23;67;33;44;25;120;62;107;48
Segovia;40176;4017601001;2021;36;38;108;33;47;46;81;20;83;84;189;53
Segovia;40176;4017601001;2022;36;38;117;34;45;46;84;22;81;84;201;56
Segovia;40176;4017601001;2023;33;40;115;36;45;47;84;24;78;87;199;60
Segovia;40177;4017701001;2021;22;13;30;8;22;10;23;4;44;23;53;12
Segovia;40177;4017701001;2022;21;21;34;9;20;10;27;6;41;31;61;15
Segovia;40177;4017701001;2023;18;22;34;10;17;12;26;8;35;34;60;18
Segovia;40178;4017801001;2021;15;5;18;7;14;7;9;6;29;12;27;13
Segovia;40178;4017801001;2022;14;6;18;6;14;7;10;7;28;13;28;13
Segovia;40178;4017801001;2023;13;4;20;6;13;7;7;8;26;11;27;14
Segovia;40179;4017901001;2021;86;62;191;84;102;103;144;74;188;165;335;158
Segovia;40179;4017901001;2022;88;70;189;85;95;112;152;82;183;182;341;167
Segovia;40179;4017901001;2023;91;72;188;85;98;117;154;80;189;189;342;165
Segovia;40180;4018001001;2021;36;44;51;31;38;37;39;10;74;81;90;41
Segovia;40180;4018001001;2022;33;45;52;32;37;40;39;11;70;85;91;43
Segovia;40180;4018001001;2023;28;41;49;32;33;40;37;15;61;81;86;47
Segovia;40181;4018101001;2021;77;203;203;160;134;229;191;151;211;432;394;311
Segovia;40181;4018101001;2022;77;196;197;156;127;235;177;151;204;431;374;307
Segovia;40181;4018101001;2023;73;203;193;157;118;242;176;161;191;445;369;318
Segovia;40181;4018101002;2021;53;209;135;126;94;206;111;151;147;415;246;277
Segovia;40181;4018101002;2022;47;208;151;123;96;210;108;150;143;418;259;273
Segovia;40181;4018101002;2023;47;209;142;122;92;219;105;149;139;428;247;271
Segovia;40181;4018101003;2021;57;234;200;167;107;255;199;149;164;489;399;316
Segovia;40181;4018101003;2022;52;235;199;168;104;256;198;150;156;491;397;318
Segovia;40181;4018101003;2023;50;241;206;169;109;266;196;155;159;507;402;324
Segovia;40181;4018102001;2021;44;95;124;100;67;117;90;90;111;212;214;190
Segovia;40181;4018102001;2022;45;98;124;100;65;119;89;91;110;217;213;191
Segovia;40181;4018102001;2023;43;101;127;96;63;115;89;87;106;216;216;183
Segovia;40182;4018201001;2021;23;23;41;19;37;20;35;15;60;43;76;34
Segovia;40182;4018201001;2022;23;23;40;18;35;22;33;12;58;45;73;30
Segovia;40182;4018201001;2023;23;26;41;13;32;22;36;13;55;48;77;26
Segovia;40183;4018301001;2021;18;7;22;19;20;15;21;5;38;22;43;24
Segovia;40183;4018301001;2022;18;8;18;19;20;16;20;3;38;24;38;22
Segovia;40183;4018301001;2023;17;8;20;20;20;14;23;6;37;22;43;26
Segovia;40184;4018401001;2021;35;34;48;23;39;29;25;32;74;63;73;55
Segovia;40184;4018401001;2022;32;38;52;23;41;29;25;34;73;67;77;57
Segovia;40184;4018401001;2023;32;42;48;26;47;32;25;36;79;74;73;62
Segovia;40185;4018501001;2021;97;132;135;99;112;102;113;61;209;234;248;160
Segovia;40185;4018501001;2022;91;131;142;100;105;100;106;62;196;231;248;162
Segovia;40185;4018501001;2023;86;134;141;103;93;112;107;63;179;246;248;166
Segovia;40188;4018801001;2021;12;15;24;3;10;8;9;3;22;23;33;6
Segovia;40188;4018801001;2022;11;14;24;4;9;7;8;2;20;21;32;6
Segovia;40188;4018801001;2023;8;18;22;4;9;10;8;3;17;28;30;7
Segovia;40189;4018901001;2021;75;47;105;34;72;47;70;32;147;94;175;66
Segovia;40189;4018901001;2022;72;49;106;38;71;49;74;29;143;98;180;67
Segovia;40189;4018901001;2023;69;48;109;38;71;47;73;31;140;95;182;69
Segovia;40190;4019001001;2021;6;12;4;7;0;10;6;5;6;22;10;12
Segovia;40190;4019001001;2022;6;10;3;5;0;9;5;5;6;19;8;10
Segovia;40190;4019001001;2023;5;10;2;6;0;10;5;5;5;20;7;11
Segovia;40191;4019101001;2021;36;26;39;30;35;24;22;24;71;50;61;54
Segovia;40191;4019101001;2022;34;27;37;34;32;25;21;27;66;52;58;61
Segovia;40191;4019101001;2023;37;34;34;34;30;23;21;26;67;57;55;60
Segovia;40192;4019201001;2021;11;12;31;20;11;14;28;7;22;26;59;27
Segovia;40192;4019201001;2022;9;13;31;19;10;15;26;7;19;28;57;26
Segovia;40192;4019201001;2023;8;14;33;21;9;16;26;7;17;30;59;28
Segovia;40193;4019301001;2021;10;27;49;47;11;44;35;19;21;71;84;66
Segovia;40193;4019301001;2022;6;27;48;50;11;47;34;21;17;74;82;71
Segovia;40193;4019301001;2023;5;29;40;49;9;45;33;21;14;74;73;70
Segovia;40194;4019401001;2021;31;191;49;72;51;212;41;78;82;403;90;150
Segovia;40194;4019401001;2022;28;184;51;70;45;204;45;61;73;388;96;131
Segovia;40194;4019401001;2023;27;183;57;65;42;205;43;59;69;388;100;124
Segovia;40194;4019401002;2021;34;161;64;77;32;178;70;73;66;339;134;150
Segovia;40194;4019401002;2022;32;157;57;85;31;181;71;78;63;338;128;163
Segovia;40194;4019401002;2023;32;148;53;83;29;186;64;79;61;334;117;162
Segovia;40194;4019401003;2021;26;102;42;78;35;137;26;78;61;239;68;156
Segovia;40194;4019401003;2022;29;103;45;73;27;139;26;71;56;242;71;144
Segovia;40194;4019401003;2023;24;107;49;76;31;145;24;72;55;252;73;148
Segovia;40194;4019401004;2021;20;118;33;75;50;140;35;70;70;258;68;145
Segovia;40194;4019401004;2022;22;122;35;67;53;142;32;72;75;264;67;139
Segovia;40194;4019401004;2023;21;122;39;71;51;142;40;70;72;264;79;141
Segovia;40194;4019401005;2021;14;160;46;50;42;187;63;76;56;347;109;126
Segovia;40194;4019401005;2022;10;157;41;54;41;189;61;70;51;346;102;124
Segovia;40194;4019401005;2023;11;154;41;58;37;188;58;80;48;342;99;138
Segovia;40194;4019402001;2021;41;293;115;100;97;344;125;148;138;637;240;248
Segovia;40194;4019402001;2022;33;306;113;111;91;356;127;146;124;662;240;257
Segovia;40194;4019402001;2023;35;296;107;105;84;348;122;156;119;644;229;261
Segovia;40194;4019402002;2021;35;98;122;70;58;127;118;77;93;225;240;147
Segovia;40194;4019402002;2022;31;102;119;72;59;132;115;73;90;234;234;145
Segovia;40194;4019402002;2023;32;98;124;72;64;140;118;75;96;238;242;147
Segovia;40194;4019403001;2021;56;142;88;82;87;177;97;83;143;319;185;165
Segovia;40194;4019403001;2022;51;143;101;80;83;178;98;86;134;321;199;166
Segovia;40194;4019403001;2023;49;149;86;78;78;177;98;84;127;326;184;162
Segovia;40194;4019403002;2021;51;157;84;92;89;187;99;93;140;344;183;185
Segovia;40194;4019403002;2022;46;158;75;96;78;191;100;86;124;349;175;182
Segovia;40194;4019403002;2023;40;161;74;97;83;198;103;95;123;359;177;192
Segovia;40194;4019403003;2021;62;177;118;126;122;228;130;127;184;405;248;253
Segovia;40194;4019403003;2022;61;180;113;118;108;239;121;134;169;419;234;252
Segovia;40194;4019403003;2023;63;173;113;130;107;249;122;142;170;422;235;272
Segovia;40194;4019403004;2021;30;116;41;73;47;147;52;75;77;263;93;148
Segovia;40194;4019403004;2022;26;114;43;75;36;154;48;77;62;268;91;152
Segovia;40194;4019403004;2023;23;130;44;77;36;155;51;76;59;285;95;153
Segovia;40194;4019403005;2021;29;206;52;72;74;277;92;81;103;483;144;153
Segovia;40194;4019403005;2022;29;199;49;75;75;264;84;76;104;463;133;151
Segovia;40194;4019403005;2023;28;197;54;73;76;260;77;78;104;457;131;151
Segovia;40194;4019403006;2021;61;168;75;81;88;203;99;106;149;371;174;187
Segovia;40194;4019403006;2022;53;166;82;84;85;204;94;104;138;370;176;188
Segovia;40194;4019403006;2023;55;165;70;82;81;202;93;109;136;367;163;191
Segovia;40194;4019403007;2021;29;232;54;85;51;264;55;105;80;496;109;190
Segovia;40194;4019403007;2022;31;225;51;90;50;258;57;106;81;483;108;196
Segovia;40194;4019403007;2023;28;227;51;89;41;266;56;108;69;493;107;197
Segovia;40194;4019403008;2021;52;122;97;82;89;157;104;103;141;279;201;185
Segovia;40194;4019403008;2022;50;125;95;89;81;166;99;103;131;291;194;192
Segovia;40194;4019403008;2023;52;126;80;95;76;171;92;101;128;297;172;196
Segovia;40194;4019403009;2021;38;228;48;79;61;236;73;113;99;464;121;192
Segovia;40194;4019403009;2022;32;235;50;87;62;243;63;106;94;478;113;193
Segovia;40194;4019403009;2023;30;228;49;96;61;240;58;107;91;468;107;203
Segovia;40194;4019404001;2021;106;243;133;155;164;302;145;181;270;545;278;336
Segovia;40194;4019404001;2022;109;238;120;153;161;298;132;175;270;536;252;328
Segovia;40194;4019404001;2023;95;239;134;167;149;310;136;182;244;549;270;349
Segovia;40194;4019404002;2021;81;245;121;121;129;305;165;148;210;550;286;269
Segovia;40194;4019404002;2022;71;245;117;121;131;308;152;154;202;553;269;275
Segovia;40194;4019404002;2023;77;241;111;124;130;321;144;164;207;562;255;288
Segovia;40194;4019404003;2021;72;116;86;88;108;150;103;100;180;266;189;188
Segovia;40194;4019404003;2022;69;115;87;83;98;150;97;104;167;265;184;187
Segovia;40194;4019404003;2023;68;118;92;88;90;151;94;115;158;269;186;203
Segovia;40194;4019404004;2021;65;124;103;96;119;141;127;115;184;265;230;211
Segovia;40194;4019404004;2022;58;131;95;89;99;150;124;110;157;281;219;199
Segovia;40194;4019404004;2023;49;135;88;96;96;152;124;102;145;287;212;198
Segovia;40194;4019404005;2021;68;79;71;76;143;76;76;71;211;155;147;147
Segovia;40194;4019404005;2022;57;83;73;74;138;81;79;77;195;164;152;151
Segovia;40194;4019404005;2023;59;92;62;77;126;87;79;80;185;179;141;157
Segovia;40194;4019404006;2021;103;239;125;158;162;314;135;156;265;553;260;314
Segovia;40194;4019404006;2022;103;247;133;153;154;319;131;156;257;566;264;309
Segovia;40194;4019404006;2023;92;251;123;157;143;334;131;163;235;585;254;320
Segovia;40194;4019404007;2021;127;146;114;99;176;160;122;120;303;306;236;219
Segovia;40194;4019404007;2022;110;146;112;102;162;166;127;117;272;312;239;219
Segovia;40194;4019404007;2023;110;151;120;116;160;178;134;142;270;329;254;258
Segovia;40194;4019404008;2021;85;145;131;117;120;193;118;112;205;338;249;229
Segovia;40194;4019404008;2022;81;133;128;123;112;198;116;117;193;331;244;240
Segovia;40194;4019404008;2023;89;143;137;125;112;194;114;126;201;337;251;251
Segovia;40194;4019404009;2021;118;158;258;203;146;251;200;190;264;409;458;393
Segovia;40194;4019404009;2022;100;166;248;206;130;258;210;188;230;424;458;394
Segovia;40194;4019404009;2023;107;167;252;234;136;266;213;191;243;433;465;425
Segovia;40194;4019404010;2021;147;223;243;234;152;278;157;175;299;501;400;409
Segovia;40194;4019404010;2022;136;220;245;240;142;281;162;171;278;501;407;411
Segovia;40194;4019404010;2023;136;232;249;243;129;292;169;174;265;524;418;417
Segovia;40194;4019405001;2021;67;137;87;94;105;176;73;80;172;313;160;174
Segovia;40194;4019405001;2022;59;136;95;104;101;177;74;81;160;313;169;185
Segovia;40194;4019405001;2023;61;143;91;112;94;180;84;75;155;323;175;187
Segovia;40194;4019405002;2021;90;140;146;102;124;193;155;109;214;333;301;211
Segovia;40194;4019405002;2022;84;146;150;103;116;218;158;107;200;364;308;210
Segovia;40194;4019405002;2023;85;152;149;114;105;231;156;117;190;383;305;231
Segovia;40194;4019405003;2021;93;143;165;103;162;178;162;100;255;321;327;203
Segovia;40194;4019405003;2022;93;146;171;105;153;190;163;99;246;336;334;204
Segovia;40194;4019405003;2023;91;172;170;117;149;227;156;123;240;399;326;240
Segovia;40194;4019405004;2021;128;55;181;97;192;67;138;107;320;122;319;204
Segovia;40194;4019405004;2022;133;69;193;88;181;66;145;104;314;135;338;192
Segovia;40194;4019405004;2023;119;78;196;115;180;78;153;117;299;156;349;232
Segovia;40194;4019405005;2021;80;77;198;75;129;76;213;99;209;153;411;174
Segovia;40194;4019405005;2022;79;80;190;77;118;74;221;94;197;154;411;171
Segovia;40194;4019405005;2023;73;77;191;80;122;72;217;92;195;149;408;172
Segovia;40194;4019405006;2021;61;210;160;169;56;213;147;121;117;423;307;290
Segovia;40194;4019405006;2022;58;185;155;177;61;208;144;128;119;393;299;305
Segovia;40194;4019405006;2023;57;196;150;161;53;207;135;132;110;403;285;293
Segovia;40194;4019405007;2021;86;251;273;200;104;300;195;220;190;551;468;420
Segovia;40194;4019405007;2022;86;264;275;196;97;315;195;211;183;579;470;407
Segovia;40194;4019405007;2023;86;261;257;198;91;316;195;215;177;577;452;413
Segovia;40194;4019405008;2021;77;277;233;191;84;321;217;179;161;598;450;370
Segovia;40194;4019405008;2022;75;281;234;182;77;331;218;172;152;612;452;354
Segovia;40194;4019405008;2023;71;273;233;178;78;319;210;165;149;592;443;343
Segovia;40194;4019406001;2021;110;260;245;190;182;334;246;185;292;594;491;375
Segovia;40194;4019406001;2022;105;262;234;187;179;343;246;178;284;605;480;365
Segovia;40194;4019406001;2023;94;259;223;189;172;343;235;184;266;602;458;373
Segovia;40194;4019406002;2021;64;105;132;77;117;113;136;91;181;218;268;168
Segovia;40194;4019406002;2022;60;106;130;78;111;118;127;99;171;224;257;177
Segovia;40194;4019406002;2023;60;106;128;87;110;122;123;97;170;228;251;184
Segovia;40194;4019406003;2021;80;103;146;93;109;145;137;116;189;248;283;209
Segovia;40194;4019406003;2022;72;101;139;97;101;153;135;115;173;254;274;212
Segovia;40194;4019406003;2023;72;93;138;95;101;147;129;115;173;240;267;210
Segovia;40194;4019406004;2021;83;119;143;111;114;162;174;105;197;281;317;216
Segovia;40194;4019406004;2022;77;125;146;110;107;165;171;112;184;290;317;222
Segovia;40194;4019406004;2023;74;117;148;116;95;165;180;118;169;282;328;234
Segovia;40194;4019406005;2021;87;194;110;100;135;212;124;114;222;406;234;214
Segovia;40194;4019406005;2022;81;203;109;101;124;227;129;110;205;430;238;211
Segovia;40194;4019406005;2023;68;199;108;110;121;236;132;115;189;435;240;225
Segovia;40194;4019407001;2021;53;184;132;120;81;240;114;139;134;424;246;259
Segovia;40194;4019407001;2022;42;186;122;114;78;239;105;126;120;425;227;240
Segovia;40194;4019407001;2023;44;191;137;116;78;242;103;143;122;433;240;259
Segovia;40194;4019407002;2021;115;273;238;213;158;357;251;224;273;630;489;437
Segovia;40194;4019407002;2022;97;270;231;189;141;362;235;208;238;632;466;397
Segovia;40194;4019407002;2023;88;275;232;179;141;360;242;202;229;635;474;381
Segovia;40194;4019407003;2021;135;158;249;159;202;230;207;158;337;388;456;317
Segovia;40194;4019407003;2022;151;170;267;167;205;242;218;164;356;412;485;331
Segovia;40194;4019407003;2023;139;167;275;178;204;247;233;164;343;414;508;342
Segovia;40194;4019407004;2021;85;164;145;133;113;224;140;119;198;388;285;252
Segovia;40194;4019407004;2022;83;177;155;134;107;231;141;121;190;408;296;255
Segovia;40194;4019407004;2023;78;191;159;133;103;248;132;122;181;439;291;255
Segovia;40195;4019501001;2021;102;132;147;88;102;139;116;86;204;271;263;174
Segovia;40195;4019501001;2022;98;131;141;89;99;148;115;92;197;279;256;181
Segovia;40195;4019501001;2023;95;131;135;91;97;145;118;94;192;276;253;185
Segovia;40199;4019901001;2021;7;31;17;9;6;25;15;7;13;56;32;16
Segovia;40199;4019901001;2022;7;32;14;11;7;27;15;6;14;59;29;17
Segovia;40199;4019901001;2023;7;35;15;9;6;29;14;6;13;64;29;15
Segovia;40200;4020001001;2021;7;2;10;3;7;0;12;3;14;2;22;6
Segovia;40200;4020001001;2022;6;4;10;2;8;0;12;5;14;4;22;7
Segovia;40200;4020001001;2023;7;4;12;1;9;1;12;5;16;5;24;6
Segovia;40202;4020201001;2021;6;3;14;2;9;2;9;4;15;5;23;6
Segovia;40202;4020201001;2022;6;2;13;4;9;3;9;3;15;5;22;7
Segovia;40202;4020201001;2023;7;1;14;4;9;3;9;3;16;4;23;7
Segovia;40203;4020301001;2021;68;238;182;121;60;274;118;102;128;512;300;223
Segovia;40203;4020301001;2022;61;248;188;131;51;275;125;111;112;523;313;242
Segovia;40203;4020301001;2023;66;257;185;142;56;290;122;122;122;547;307;264
Segovia;40204;4020401001;2021;17;22;28;16;21;12;21;14;38;34;49;30
Segovia;40204;4020401001;2022;18;23;27;19;21;13;23;17;39;36;50;36
Segovia;40204;4020401001;2023;18;24;27;20;20;16;26;19;38;40;53;39
Segovia;40205;4020501001;2021;33;34;37;23;37;40;22;20;70;74;59;43
Segovia;40205;4020501001;2022;30;36;37;27;37;40;19;21;67;76;56;48
Segovia;40205;4020501001;2023;27;38;38;23;37;40;19;19;64;78;57;42
Segovia;40206;4020601001;2021;11;37;25;21;15;34;22;16;26;71;47;37
Segovia;40206;4020601001;2022;8;37;27;20;11;36;22;14;19;73;49;34
Segovia;40206;4020601001;2023;7;37;26;20;9;35;24;14;16;72;50;34
Segovia;40207;4020701001;2021;25;189;114;122;29;220;69;94;54;409;183;216
Segovia;40207;4020701001;2022;26;204;115;122;29;230;66;99;55;434;181;221
Segovia;40207;4020701001;2023;21;212;118;122;20;243;76;90;41;455;194;212
Segovia;40208;4020801001;2021;119;100;161;86;135;112;119;77;254;212;280;163
Segovia;40208;4020801001;2022;116;97;165;83;121;114;115;80;237;211;280;163
Segovia;40208;4020801001;2023;118;110;164;78;129;116;112;77;247;226;276;155
Segovia;40210;4021001001;2021;17;15;21;10;16;6;9;4;33;21;30;14
Segovia;40210;4021001001;2022;17;17;20;12;14;6;7;5;31;23;27;17
Segovia;40210;4021001001;2023;18;16;19;13;12;7;6;4;30;23;25;17
Segovia;40211;4021101001;2021;6;17;5;10;4;12;7;8;10;29;12;18
Segovia;40211;4021101001;2022;6;16;5;9;4;12;5;7;10;28;10;16
Segovia;40211;4021101001;2023;4;18;4;8;4;12;2;8;8;30;6;16
Segovia;40213;4021301001;2021;11;16;14;8;13;15;8;6;24;31;22;14
Segovia;40213;4021301001;2022;10;18;14;9;11;15;8;5;21;33;22;14
Segovia;40213;4021301001;2023;9;18;13;8;11;14;7;3;20;32;20;11
Segovia;40214;4021401001;2021;10;27;61;22;10;23;47;17;20;50;108;39
Segovia;40214;4021401001;2022;11;27;57;22;9;20;48;18;20;47;105;40
Segovia;40214;4021401001;2023;10;31;55;22;9;24;45;18;19;55;100;40
Segovia;40215;4021501001;2021;11;16;13;7;12;7;9;3;23;23;22;10
Segovia;40215;4021501001;2022;13;14;12;10;12;6;8;3;25;20;20;13
Segovia;40215;4021501001;2023;12;14;12;10;11;8;7;3;23;22;19;13
Segovia;40216;4021601001;2021;42;148;164;104;51;191;118;97;93;339;282;201
Segovia;40216;4021601001;2022;43;145;166;101;54;198;116;100;97;343;282;201
Segovia;40216;4021601001;2023;46;153;170;107;54;210;123;106;100;363;293;213
Segovia;40218;4021801001;2021;17;8;19;5;12;7;9;1;29;15;28;6
Segovia;40218;4021801001;2022;13;7;19;6;12;6;9;2;25;13;28;8
Segovia;40218;4021801001;2023;13;7;17;7;11;7;9;2;24;14;26;9
Segovia;40219;4021901001;2021;51;47;182;55;62;84;132;41;113;131;314;96
Segovia;40219;4021901001;2022;52;55;180;58;53;87;126;45;105;142;306;103
Segovia;40219;4021901001;2023;48;54;178;60;49;85;129;47;97;139;307;107
Segovia;40220;4022001001;2021;7;8;8;8;9;11;11;7;16;19;19;15
Segovia;40220;4022001001;2022;9;10;6;8;9;11;13;8;18;21;19;16
Segovia;40220;4022001001;2023;8;9;8;8;7;12;13;8;15;21;21;16
Segovia;40221;4022101001;2021;11;4;5;5;9;4;3;10;20;8;8;15
Segovia;40221;4022101001;2022;9;6;5;4;9;5;3;10;18;11;8;14
Segovia;40221;4022101001;2023;9;6;5;4;9;8;3;8;18;14;8;12
Segovia;40222;4022201001;2021;28;15;47;19;30;21;31;12;58;36;78;31
Segovia;40222;4022201001;2022;25;12;49;19;29;22;36;11;54;34;85;30
Segovia;40222;4022201001;2023;25;14;48;21;28;21;33;13;53;35;81;34
Segovia;40223;4022301001;2021;13;52;49;55;22;51;22;25;35;103;71;80
Segovia;40223;4022301001;2022;15;63;46;49;22;59;22;27;37;122;68;76
Segovia;40223;4022301001;2023;13;69;43;51;21;58;21;28;34;127;64;79
Segovia;40225;4022501001;2021;136;86;316;129;170;122;212;120;306;208;528;249
Segovia;40225;4022501001;2022;128;101;317;130;174;136;208;124;302;237;525;254
Segovia;40225;4022501001;2023;129;99;315;130;164;148;219;122;293;247;534;252
Segovia;40228;4022801001;2021;66;29;150;32;83;40;87;31;149;69;237;63
Segovia;40228;4022801001;2022;65;26;152;36;79;46;93;32;144;72;245;68
Segovia;40228;4022801001;2023;67;26;147;36;81;44;92;34;148;70;239;70
Segovia;40230;4023001001;2021;9;7;25;10;12;4;17;6;21;11;42;16
Segovia;40230;4023001001;2022;10;7;26;13;12;4;19;6;22;11;45;19
Segovia;40230;4023001001;2023;10;8;28;15;14;4;21;9;24;12;49;24
Segovia;40231;4023101001;2021;8;18;26;13;11;18;15;6;19;36;41;19
Segovia;40231;4023101001;2022;10;17;25;13;11;20;14;8;21;37;39;21
Segovia;40231;4023101001;2023;10;16;24;13;10;20;15;6;20;36;39;19
Segovia;40233;4023301001;2021;45;50;84;62;68;41;64;41;113;91;148;103
Segovia;40233;4023301001;2022;40;55;84;55;65;40;67;41;105;95;151;96
Segovia;40233;4023301001;2023;43;57;79;52;61;44;69;44;104;101;148;96
Segovia;40234;4023401001;2021;33;44;97;29;41;45;75;18;74;89;172;47
Segovia;40234;4023401001;2022;34;44;96;28;37;46;72;18;71;90;168;46
Segovia;40234;4023401001;2023;34;45;95;29;37;44;70;19;71;89;165;48
Segovia;40901;4090101001;2021;25;102;68;54;34;116;53;37;59;218;121;91
Segovia;40901;4090101001;2022;24;100;66;58;34;114;55;39;58;214;121;97
Segovia;40901;4090101001;2023;25;109;64;55;30;114;56;47;55;223;120;102
Segovia;40902;4090201001;2021;17;8;20;14;25;11;13;7;42;19;33;21
Segovia;40902;4090201001;2022;17;6;21;15;23;9;13;6;40;15;34;21
Segovia;40902;4090201001;2023;16;6;21;16;22;9;11;8;38;15;32;24
Segovia;40903;4090301001;2021;10;26;14;13;16;1;11;3;26;27;25;16
Segovia;40903;4090301001;2022;9;28;14;12;13;3;13;3;22;31;27;15
Segovia;40903;4090301001;2023;7;27;13;13;12;3;11;3;19;30;24;16
Segovia;40904;4090401001;2021;3;92;22;47;25;90;17;44;28;182;39;91
Segovia;40904;4090401001;2022;2;107;22;43;22;116;18;45;24;223;40;88
Segovia;40904;4090401001;2023;3;113;17;43;23;114;15;45;26;227;32;88
Segovia;40905;4090501001;2021;24;8;25;12;18;9;20;6;42;17;45;18
Segovia;40905;4090501001;2022;26;8;25;13;19;8;20;6;45;16;45;19
Segovia;40905;4090501001;2023;22;9;24;14;19;8;20;6;41;17;44;20
Segovia;40906;4090601001;2021;76;255;167;194;88;275;142;181;164;530;309;375
Segovia;40906;4090601001;2022;79;265;168;198;85;291;141;174;164;556;309;372
Segovia;40906;4090601001;2023;74;279;176;198;80;304;137;176;154;583;313;374
Segovia;40906;4090601002;2021;67;217;167;157;64;269;148;157;131;486;315;314
Segovia;40906;4090601002;2022;70;224;172;164;65;270;146;157;135;494;318;321
Segovia;40906;4090601002;2023;69;232;174;172;55;282;132;175;124;514;306;347
Soria;42001;4200101001;2021;38;16;46;34;37;25;41;17;75;41;87;51
Soria;42001;4200101001;2022;38;17;47;30;34;25;40;19;72;42;87;49
Soria;42001;4200101001;2023;42;25;57;36;39;30;60;35;81;55;117;71
Soria;42003;4200301001;2021;1;11;12;10;6;12;6;4;7;23;18;14
Soria;42003;4200301001;2022;1;15;11;11;5;11;7;3;6;26;18;14
Soria;42003;4200301001;2023;2;16;12;10;5;11;8;3;7;27;20;13
Soria;42004;4200401001;2021;226;194;385;188;228;268;285;156;454;462;670;344
Soria;42004;4200401001;2022;219;194;377;194;209;274;284;147;428;468;661;341
Soria;42004;4200401001;2023;209;206;384;198;201;278;287;155;410;484;671;353
Soria;42004;4200401002;2021;80;67;134;58;101;98;92;55;181;165;226;113
Soria;42004;4200401002;2022;74;70;139;62;107;102;100;54;181;172;239;116
Soria;42004;4200401002;2023;73;72;140;69;106;111;98;63;179;183;238;132
Soria;42006;4200601001;2021;15;33;30;29;12;22;17;9;27;55;47;38
Soria;42006;4200601001;2022;15;38;32;29;12;20;19;12;27;58;51;41
Soria;42006;4200601001;2023;14;40;34;29;13;21;19;10;27;61;53;39
Soria;42007;4200701001;2021;15;12;21;11;20;4;15;10;35;16;36;21
Soria;42007;4200701001;2022;16;12;21;11;18;6;15;11;34;18;36;22
Soria;42007;4200701001;2023;16;11;23;13;13;4;15;13;29;15;38;26
Soria;42008;4200801001;2021;8;3;10;7;4;3;8;6;12;6;18;13
Soria;42008;4200801001;2022;6;4;10;9;3;4;8;5;9;8;18;14
Soria;42008;4200801001;2023;5;6;11;10;3;5;7;6;8;11;18;16
Soria;42009;4200901001;2021;3;17;18;11;4;11;13;4;7;28;31;15
Soria;42009;4200901001;2022;1;17;18;10;3;11;12;4;4;28;30;14
Soria;42009;4200901001;2023;0;18;15;11;2;14;12;4;2;32;27;15
Soria;42014;4201401001;2021;0;3;8;21;3;6;3;10;3;9;11;31
Soria;42014;4201401001;2022;0;5;9;21;4;6;3;10;4;11;12;31
Soria;42014;4201401001;2023;0;6;9;20;4;7;5;10;4;13;14;30
Soria;42017;4201701001;2021;7;24;31;26;12;25;24;15;19;49;55;41
Soria;42017;4201701001;2022;3;25;30;22;10;25;21;16;13;50;51;38
Soria;42017;4201701001;2023;7;24;30;24;10;26;21;16;17;50;51;40
Soria;42018;4201801001;2021;17;21;23;13;20;10;17;4;37;31;40;17
Soria;42018;4201801001;2022;16;25;23;12;22;12;16;3;38;37;39;15
Soria;42018;4201801001;2023;16;24;24;11;18;11;16;4;34;35;40;15
Soria;42019;4201901001;2021;43;101;106;92;52;98;56;38;95;199;162;130
Soria;42019;4201901001;2022;39;102;98;90;49;89;51;45;88;191;149;135
Soria;42019;4201901001;2023;42;102;94;89;49;95;53;47;91;197;147;136
Soria;42020;4202001001;2021;125;169;211;178;159;227;146;149;284;396;357;327
Soria;42020;4202001001;2022;119;173;216;176;149;239;150;148;268;412;366;324
Soria;42020;4202001001;2023;114;178;205;185;139;238;156;146;253;416;361;331
Soria;42020;4202001002;2021;137;220;249;247;136;265;213;227;273;485;462;474
Soria;42020;4202001002;2022;124;225;251;247;124;269;207;232;248;494;458;479
Soria;42020;4202001002;2023;117;227;259;242;119;270;206;229;236;497;465;471
Soria;42020;4202001003;2021;223;129;269;226;221;161;218;192;444;290;487;418
Soria;42020;4202001003;2022;209;139;278;234;209;174;225;200;418;313;503;434
Soria;42020;4202001003;2023;203;140;286;242;208;171;232;200;411;311;518;442
Soria;42021;4202101001;2021;13;15;10;5;14;5;2;1;27;20;12;6
Soria;42021;4202101001;2022;10;15;10;6;12;5;2;0;22;20;12;6
Soria;42021;4202101001;2023;10;14;10;7;12;4;2;1;22;18;12;8
Soria;42022;4202201001;2021;21;31;52;27;19;30;25;13;40;61;77;40
Soria;42022;4202201001;2022;19;35;49;32;15;30;23;14;34;65;72;46
Soria;42022;4202201001;2023;16;37;46;32;15;29;23;13;31;66;69;45
Soria;42023;4202301001;2021;1;4;26;4;8;2;7;2;9;6;33;6
Soria;42023;4202301001;2022;1;4;24;4;8;3;7;2;9;7;31;6
Soria;42023;4202301001;2023;1;4;24;5;7;3;8;1;8;7;32;6
Soria;42024;4202401001;2021;9;16;19;11;8;7;8;5;17;23;27;16
Soria;42024;4202401001;2022;7;16;19;11;6;8;8;6;13;24;27;17
Soria;42024;4202401001;2023;7;15;19;12;6;9;8;5;13;24;27;17
Soria;42025;4202501001;2021;120;129;165;119;158;116;137;86;278;245;302;205
Soria;42025;4202501001;2022;85;100;99;80;118;85;90;60;203;185;189;140
Soria;42025;4202501001;2023;79;99;112;82;112;86;91;64;191;185;203;146
Soria;42025;4202501002;2021;65;35;37;19;52;34;26;14;117;69;63;33
Soria;42025;4202501002;2022;85;75;108;59;97;79;69;39;182;154;177;98
Soria;42025;4202501002;2023;84;73;102;62;95;84;66;47;179;157;168;109
Soria;42027;4202701001;2021;5;12;24;6;3;11;10;2;8;23;34;8
Soria;42027;4202701001;2022;3;13;24;7;3;11;9;3;6;24;33;10
Soria;42027;4202701001;2023;3;12;26;7;3;11;7;4;6;23;33;11
Soria;42028;4202801001;2021;8;20;14;6;4;18;10;4;12;38;24;10
Soria;42028;4202801001;2022;7;21;17;4;4;19;9;3;11;40;26;7
Soria;42028;4202801001;2023;7;24;15;4;4;23;10;2;11;47;25;6
Soria;42029;4202901001;2021;14;9;30;18;17;12;17;6;31;21;47;24
Soria;42029;4202901001;2022;14;11;29;18;16;15;15;6;30;26;44;24
Soria;42029;4202901001;2023;13;13;28;20;15;15;14;8;28;28;42;28
Soria;42030;4203001001;2021;11;14;28;12;12;13;10;2;23;27;38;14
Soria;42030;4203001001;2022;11;13;29;13;12;13;11;3;23;26;40;16
Soria;42030;4203001001;2023;10;11;27;13;11;12;12;3;21;23;39;16
Soria;42032;4203201001;2021;11;15;37;9;13;18;26;6;24;33;63;15
Soria;42032;4203201001;2022;10;17;43;9;14;18;24;6;24;35;67;15
Soria;42032;4203201001;2023;9;18;44;9;14;20;28;5;23;38;72;14
Soria;42033;4203301001;2021;12;7;11;4;7;3;10;2;19;10;21;6
Soria;42033;4203301001;2022;11;8;10;5;6;4;10;2;17;12;20;7
Soria;42033;4203301001;2023;9;9;11;5;5;5;10;3;14;14;21;8
Soria;42035;4203501001;2021;110;82;137;88;124;89;111;63;234;171;248;151
Soria;42035;4203501001;2022;100;84;143;83;114;97;121;59;214;181;264;142
Soria;42035;4203501001;2023;102;86;133;90;110;100;115;58;212;186;248;148
Soria;42039;4203901001;2021;21;23;61;21;34;29;35;7;55;52;96;28
Soria;42039;4203901001;2022;18;23;59;21;33;29;35;4;51;52;94;25
Soria;42039;4203901001;2023;17;23;55;25;28;27;34;6;45;50;89;31
Soria;42042;4204201001;2021;2;10;13;10;4;7;6;8;6;17;19;18
Soria;42042;4204201001;2022;2;12;12;7;3;12;6;5;5;24;18;12
Soria;42042;4204201001;2023;2;13;13;8;3;13;6;5;5;26;19;13
Soria;42043;4204301001;2021;194;219;298;221;260;304;246;198;454;523;544;419
Soria;42043;4204301001;2022;193;218;282;239;246;312;241;195;439;530;523;434
Soria;42043;4204301001;2023;193;227;285;239;244;327;252;204;437;554;537;443
Soria;42043;4204301002;2021;111;162;180;114;133;171;164;97;244;333;344;211
Soria;42043;4204301002;2022;107;164;183;110;130;183;160;109;237;347;343;219
Soria;42043;4204301002;2023;111;165;177;125;126;191;155;110;237;356;332;235
Soria;42043;4204301003;2021;222;133;245;109;209;137;159;125;431;270;404;234
Soria;42043;4204301003;2022;214;141;250;117;194;141;170;123;408;282;420;240
Soria;42043;4204301003;2023;210;145;261;119;211;148;177;140;421;293;438;259
Soria;42045;4204501001;2021;25;19;81;41;22;29;77;12;47;48;158;53
Soria;42045;4204501001;2022;22;23;81;38;20;29;73;11;42;52;154;49
Soria;42045;4204501001;2023;17;22;76;37;18;26;68;12;35;48;144;49
Soria;42048;4204801001;2021;5;8;20;6;3;5;10;2;8;13;30;8
Soria;42048;4204801001;2022;5;8;19;5;3;4;10;1;8;12;29;6
Soria;42048;4204801001;2023;5;8;17;6;2;5;10;2;7;13;27;8
Soria;42049;4204901001;2021;19;14;18;11;17;10;8;2;36;24;26;13
Soria;42049;4204901001;2022;19;13;18;11;16;10;7;2;35;23;25;13
Soria;42049;4204901001;2023;20;13;20;12;15;12;9;4;35;25;29;16
Soria;42055;4205501001;2021;9;10;40;19;16;10;26;19;25;20;66;38
Soria;42055;4205501001;2022;9;9;41;18;16;12;25;17;25;21;66;35
Soria;42055;4205501001;2023;9;9;40;17;14;11;25;16;23;20;65;33
Soria;42057;4205701001;2021;24;21;22;18;26;13;22;4;50;34;44;22
Soria;42057;4205701001;2022;21;22;21;18;25;12;21;7;46;34;42;25
Soria;42057;4205701001;2023;24;20;22;18;24;11;22;7;48;31;44;25
Soria;42058;4205801001;2021;5;8;43;5;3;9;20;8;8;17;63;13
Soria;42058;4205801001;2022;5;9;44;4;2;11;19;8;7;20;63;12
Soria;42058;4205801001;2023;5;10;39;3;2;12;17;8;7;22;56;11
Soria;42061;4206101001;2021;30;57;39;44;21;43;25;21;51;100;64;65
Soria;42061;4206101001;2022;28;58;42;43;19;43;24;23;47;101;66;66
Soria;42061;4206101001;2023;26;63;43;41;19;46;22;26;45;109;65;67
Soria;42064;4206401001;2021;4;5;18;14;7;11;8;10;11;16;26;24
Soria;42064;4206401001;2022;5;6;16;13;5;11;8;10;10;17;24;23
Soria;42064;4206401001;2023;4;7;16;10;4;11;8;10;8;18;24;20
Soria;42068;4206801001;2021;9;14;10;13;6;10;6;4;15;24;16;17
Soria;42068;4206801001;2022;8;14;10;13;5;8;7;3;13;22;17;16
Soria;42068;4206801001;2023;7;13;10;12;5;9;7;3;12;22;17;15
Soria;42069;4206901001;2021;160;133;344;146;222;187;185;131;382;320;529;277
Soria;42069;4206901001;2022;156;140;332;147;212;197;185;128;368;337;517;275
Soria;42069;4206901001;2023;137;150;326;153;195;199;183;132;332;349;509;285
Soria;42071;4207101001;2021;24;32;20;19;28;17;15;12;52;49;35;31
Soria;42071;4207101001;2022;23;31;21;19;23;18;13;13;46;49;34;32
Soria;42071;4207101001;2023;24;31;22;22;20;16;13;15;44;47;35;37
Soria;42073;4207301001;2021;3;6;24;9;3;5;12;5;6;11;36;14
Soria;42073;4207301001;2022;3;7;25;10;2;5;12;6;5;12;37;16
Soria;42073;4207301001;2023;3;7;24;10;2;6;12;5;5;13;36;15
Soria;42075;4207501001;2021;10;12;16;6;11;9;9;5;21;21;25;11
Soria;42075;4207501001;2022;10;11;16;5;9;9;10;5;19;20;26;10
Soria;42075;4207501001;2023;10;11;16;5;9;9;10;5;19;20;26;10
Soria;42076;4207601001;2021;31;21;37;21;37;20;36;3;68;41;73;24
Soria;42076;4207601001;2022;26;24;35;18;32;20;32;4;58;44;67;22
Soria;42076;4207601001;2023;22;23;36;19;28;18;28;6;50;41;64;25
Soria;42078;4207801001;2021;122;120;174;119;140;167;89;85;262;287;263;204
Soria;42078;4207801001;2022;120;123;171;117;137;170;91;89;257;293;262;206
Soria;42078;4207801001;2023;117;125;166;116;130;167;94;87;247;292;260;203
Soria;42080;4208001001;2021;34;16;34;10;20;15;7;18;54;31;41;28
Soria;42080;4208001001;2022;30;17;30;11;21;15;8;16;51;32;38;27
Soria;42080;4208001001;2023;29;18;32;11;17;15;8;16;46;33;40;27
Soria;42081;4208101001;2021;14;7;43;5;17;8;27;9;31;15;70;14
Soria;42081;4208101001;2022;11;7;39;7;15;8;27;10;26;15;66;17
Soria;42081;4208101001;2023;12;8;38;8;13;9;28;9;25;17;66;17
Soria;42085;4208501001;2021;9;14;53;20;13;8;36;7;22;22;89;27
Soria;42085;4208501001;2022;7;14;48;22;12;7;36;7;19;21;84;29
Soria;42085;4208501001;2023;7;15;44;23;13;8;36;6;20;23;80;29
Soria;42087;4208701001;2021;2;10;9;8;0;13;11;6;2;23;20;14
Soria;42087;4208701001;2022;2;11;9;8;0;13;11;7;2;24;20;15
Soria;42087;4208701001;2023;2;11;11;8;0;15;10;7;2;26;21;15
Soria;42088;4208801001;2021;7;7;16;7;5;8;11;2;12;15;27;9
Soria;42088;4208801001;2022;6;7;15;8;3;8;12;2;9;15;27;10
Soria;42088;4208801001;2023;6;7;15;8;3;9;12;3;9;16;27;11
Soria;42089;4208901001;2021;2;11;12;3;5;10;10;6;7;21;22;9
Soria;42089;4208901001;2022;2;11;12;4;4;11;11;5;6;22;23;9
Soria;42089;4208901001;2023;2;11;11;5;4;11;10;7;6;22;21;12
Soria;42090;4209001001;2021;9;12;23;6;15;3;10;4;24;15;33;10
Soria;42090;4209001001;2022;10;11;23;7;14;2;10;4;24;13;33;11
Soria;42090;4209001001;2023;8;11;22;6;14;3;10;5;22;14;32;11
Soria;42092;4209201001;2021;7;6;15;4;4;6;7;4;11;12;22;8
Soria;42092;4209201001;2022;7;7;14;4;4;5;7;4;11;12;21;8
Soria;42092;4209201001;2023;7;6;14;3;4;5;7;5;11;11;21;8
Soria;42094;4209401001;2021;27;139;90;96;25;143;60;62;52;282;150;158
Soria;42094;4209401001;2022;28;141;87;99;22;149;60;57;50;290;147;156
Soria;42094;4209401001;2023;26;135;91;95;19;156;61;56;45;291;152;151
Soria;42095;4209501001;2021;101;405;332;322;91;501;212;264;192;906;544;586
Soria;42095;4209501001;2022;99;433;341;324;92;529;219;267;191;962;560;591
Soria;42095;4209501001;2023;104;460;337;356;90;569;229;272;194;1029;566;628
Soria;42096;4209601001;2021;13;34;71;29;22;22;59;21;35;56;130;50
Soria;42096;4209601001;2022;9;36;72;30;20;24;57;24;29;60;129;54
Soria;42096;4209601001;2023;11;44;69;31;17;27;49;26;28;71;118;57
Soria;42103;4210301001;2021;111;45;126;61;115;54;73;36;226;99;199;97
Soria;42103;4210301001;2022;107;51;133;59;110;58;85;38;217;109;218;97
Soria;42103;4210301001;2023;100;57;131;64;107;53;84;39;207;110;215;103
Soria;42107;4210701001;2021;6;11;14;5;6;11;5;6;12;22;19;11
Soria;42107;4210701001;2022;5;11;15;5;5;10;4;6;10;21;19;11
Soria;42107;4210701001;2023;5;14;14;7;3;10;5;5;8;24;19;12
Soria;42110;4211001001;2021;6;15;13;8;5;4;8;5;11;19;21;13
Soria;42110;4211001001;2022;3;19;15;8;2;4;8;8;5;23;23;16
Soria;42110;4211001001;2023;2;21;17;8;1;6;10;7;3;27;27;15
Soria;42111;4211101001;2021;26;17;67;28;30;30;40;12;56;47;107;40
Soria;42111;4211101001;2022;26;19;67;28;28;32;41;13;54;51;108;41
Soria;42111;4211101001;2023;28;17;62;30;30;30;40;13;58;47;102;43
Soria;42113;4211301001;2021;79;71;79;68;85;71;73;57;164;142;152;125
Soria;42113;4211301001;2022;74;75;81;68;86;75;68;58;160;150;149;126
Soria;42113;4211301001;2023;70;80;83;73;87;77;69;58;157;157;152;131
Soria;42115;4211501001;2021;11;15;10;13;4;12;7;9;15;27;17;22
Soria;42115;4211501001;2022;10;14;9;14;7;11;8;8;17;25;17;22
Soria;42115;4211501001;2023;8;14;11;17;6;13;8;7;14;27;19;24
Soria;42117;4211701001;2021;3;21;37;17;9;14;22;18;12;35;59;35
Soria;42117;4211701001;2022;5;24;37;22;7;18;22;15;12;42;59;37
Soria;42117;4211701001;2023;6;19;36;22;6;16;23;15;12;35;59;37
Soria;42119;4211901001;2021;25;9;34;14;29;10;24;11;54;19;58;25
Soria;42119;4211901001;2022;22;8;35;14;28;10;28;14;50;18;63;28
Soria;42119;4211901001;2023;20;10;36;12;24;11;28;13;44;21;64;25
Soria;42120;4212001001;2021;23;17;30;19;20;9;16;8;43;26;46;27
Soria;42120;4212001001;2022;22;16;29;19;16;9;16;7;38;25;45;26
Soria;42120;4212001001;2023;21;19;28;20;14;12;17;7;35;31;45;27
Soria;42121;4212101001;2021;8;8;17;1;6;1;8;1;14;9;25;2
Soria;42121;4212101001;2022;7;8;15;1;4;1;9;1;11;9;24;2
Soria;42121;4212101001;2023;7;11;16;2;3;2;9;1;10;13;25;3
Soria;42123;4212301001;2021;14;33;31;16;24;22;27;13;38;55;58;29
Soria;42123;4212301001;2022;16;36;34;16;23;26;24;12;39;62;58;28
Soria;42123;4212301001;2023;18;37;29;19;22;27;26;11;40;64;55;30
Soria;42124;4212401001;2021;7;6;14;7;5;4;8;2;12;10;22;9
Soria;42124;4212401001;2022;7;6;17;7;4;4;9;2;11;10;26;9
Soria;42124;4212401001;2023;7;6;16;7;4;4;8;2;11;10;24;9
Soria;42125;4212501001;2021;7;14;19;10;4;7;14;2;11;21;33;12
Soria;42125;4212501001;2022;5;14;20;10;3;7;12;3;8;21;32;13
Soria;42125;4212501001;2023;3;13;21;7;3;8;11;5;6;21;32;12
Soria;42129;4212901001;2021;50;92;145;81;49;108;121;49;99;200;266;130
Soria;42129;4212901001;2022;43;92;144;89;45;113;121;48;88;205;265;137
Soria;42129;4212901001;2023;50;98;139;85;46;112;118;49;96;210;257;134
Soria;42130;4213001001;2021;10;13;7;6;4;2;5;3;14;15;12;9
Soria;42130;4213001001;2022;10;13;7;5;4;3;5;3;14;16;12;8
Soria;42130;4213001001;2023;10;13;7;5;5;3;5;3;15;16;12;8
Soria;42131;4213101001;2021;7;5;12;8;6;9;6;1;13;14;18;9
Soria;42131;4213101001;2022;7;4;12;7;6;9;5;2;13;13;17;9
Soria;42131;4213101001;2023;6;4;11;8;6;6;7;2;12;10;18;10
Soria;42132;4213201001;2021;17;15;35;17;20;22;15;8;37;37;50;25
Soria;42132;4213201001;2022;17;17;33;17;16;23;18;9;33;40;51;26
Soria;42132;4213201001;2023;17;18;31;19;15;25;16;13;32;43;47;32
Soria;42134;4213401001;2021;110;163;304;156;123;193;216;142;233;356;520;298
Soria;42134;4213401001;2022;110;169;308;162;125;207;218;148;235;376;526;310
Soria;42134;4213401001;2023;105;176;308;165;126;210;228;155;231;386;536;320
Soria;42134;4213401002;2021;237;125;398;156;239;165;298;159;476;290;696;315
Soria;42134;4213401002;2022;227;130;415;151;212;177;298;155;439;307;713;306
Soria;42134;4213401002;2023;269;150;432;167;199;179;291;157;468;329;723;324
Soria;42135;4213501001;2021;7;14;16;6;6;7;9;1;13;21;25;7
Soria;42135;4213501001;2022;7;15;16;7;4;6;7;1;11;21;23;8
Soria;42135;4213501001;2023;6;15;16;5;4;8;7;1;10;23;23;6
Soria;42141;4214101001;2021;6;17;28;16;9;12;12;6;15;29;40;22
Soria;42141;4214101001;2022;6;16;28;13;9;13;12;7;15;29;40;20
Soria;42141;4214101001;2023;6;16;29;10;7;12;13;7;13;28;42;17
Soria;42142;4214201001;2021;7;9;5;5;5;8;6;4;12;17;11;9
Soria;42142;4214201001;2022;7;10;5;4;5;8;4;5;12;18;9;9
Soria;42142;4214201001;2023;7;9;4;4;6;7;4;6;13;16;8;10
Soria;42144;4214401001;2021;54;65;78;58;45;72;48;31;99;137;126;89
Soria;42144;4214401001;2022;52;67;79;60;42;69;54;33;94;136;133;93
Soria;42144;4214401001;2023;48;62;80;65;40;68;50;35;88;130;130;100
Soria;42145;4214501001;2021;17;9;44;14;17;6;25;3;34;15;69;17
Soria;42145;4214501001;2022;13;8;43;15;15;6;27;4;28;14;70;19
Soria;42145;4214501001;2023;12;8;39;15;14;5;27;4;26;13;66;19
Soria;42149;4214901001;2021;30;45;106;57;42;68;55;25;72;113;161;82
Soria;42149;4214901001;2022;28;48;104;57;39;66;54;27;67;114;158;84
Soria;42149;4214901001;2023;30;48;100;62;34;66;57;34;64;114;157;96
Soria;42152;4215201001;2021;12;4;21;6;9;8;6;4;21;12;27;10
Soria;42152;4215201001;2022;10;4;23;6;6;8;6;5;16;12;29;11
Soria;42152;4215201001;2023;8;3;22;7;5;7;6;6;13;10;28;13
Soria;42154;4215401001;2021;11;19;23;18;6;11;8;11;17;30;31;29
Soria;42154;4215401001;2022;11;20;25;16;5;11;8;11;16;31;33;27
Soria;42154;4215401001;2023;14;21;26;16;5;11;8;11;19;32;34;27
Soria;42155;4215501001;2021;17;10;48;16;36;13;14;3;53;23;62;19
Soria;42155;4215501001;2022;16;10;43;17;34;14;13;3;50;24;56;20
Soria;42155;4215501001;2023;14;9;39;18;26;14;15;3;40;23;54;21
Soria;42158;4215801001;2021;12;21;13;18;15;12;9;9;27;33;22;27
Soria;42158;4215801001;2022;12;23;13;19;13;14;10;9;25;37;23;28
Soria;42158;4215801001;2023;10;22;12;20;14;19;9;6;24;41;21;26
Soria;42160;4216001001;2021;12;49;41;35;17;42;25;27;29;91;66;62
Soria;42160;4216001001;2022;10;51;41;35;15;41;25;25;25;92;66;60
Soria;42160;4216001001;2023;10;57;38;34;13;50;24;24;23;107;62;58
Soria;42161;4216101001;2021;8;10;44;14;12;20;23;10;20;30;67;24
Soria;42161;4216101001;2022;8;10;44;15;11;21;22;11;19;31;66;26
Soria;42161;4216101001;2023;8;13;41;14;11;19;22;10;19;32;63;24
Soria;42162;4216201001;2021;212;208;523;186;219;265;347;200;431;473;870;386
Soria;42162;4216201001;2022;213;218;515;188;235;281;360;201;448;499;875;389
Soria;42162;4216201001;2023;209;222;521;193;220;297;355;194;429;519;876;387
Soria;42162;4216201002;2021;26;21;39;13;26;15;14;7;52;36;53;20
Soria;42162;4216201002;2022;24;22;38;14;23;16;15;7;47;38;53;21
Soria;42162;4216201002;2023;20;25;40;14;24;20;16;9;44;45;56;23
Soria;42162;4216201003;2021;61;22;83;16;89;26;55;11;150;48;138;27
Soria;42162;4216201003;2022;40;26;79;15;54;27;42;10;94;53;121;25
Soria;42162;4216201003;2023;39;28;77;16;53;26;40;11;92;54;117;27
Soria;42163;4216301001;2021;2;11;10;9;4;7;5;5;6;18;15;14
Soria;42163;4216301001;2022;1;13;11;10;4;5;7;5;5;18;18;15
Soria;42163;4216301001;2023;1;13;10;10;4;5;7;5;5;18;17;15
Soria;42164;4216401001;2021;165;177;387;218;213;235;263;182;378;412;650;400
Soria;42164;4216401001;2022;152;177;389;219;195;239;261;177;347;416;650;396
Soria;42164;4216401001;2023;150;168;379;211;187;239;255;180;337;407;634;391
Soria;42165;4216501001;2021;96;45;111;55;84;38;86;36;180;83;197;91
Soria;42165;4216501001;2022;90;50;112;57;76;37;87;37;166;87;199;94
Soria;42165;4216501001;2023;91;50;111;57;72;41;86;36;163;91;197;93
Soria;42166;4216601001;2021;4;10;16;5;4;7;9;4;8;17;25;9
Soria;42166;4216601001;2022;2;10;16;5;3;6;9;4;5;16;25;9
Soria;42166;4216601001;2023;2;12;15;4;4;6;8;5;6;18;23;9
Soria;42167;4216701001;2021;31;23;49;33;34;25;36;17;65;48;85;50
Soria;42167;4216701001;2022;32;22;45;31;32;27;34;14;64;49;79;45
Soria;42167;4216701001;2023;30;21;46;30;29;25;35;16;59;46;81;46
Soria;42168;4216801001;2021;10;5;29;8;7;4;20;5;17;9;49;13
Soria;42168;4216801001;2022;11;6;30;7;8;6;21;5;19;12;51;12
Soria;42168;4216801001;2023;11;8;30;7;9;9;22;5;20;17;52;12
Soria;42171;4217101001;2021;21;8;22;19;18;7;23;7;39;15;45;26
Soria;42171;4217101001;2022;16;8;21;17;15;7;21;8;31;15;42;25
Soria;42171;4217101001;2023;13;11;19;19;15;8;21;7;28;19;40;26
Soria;42173;4217301001;2021;114;253;201;158;157;320;194;158;271;573;395;316
Soria;42173;4217301001;2022;104;263;211;150;146;309;195;172;250;572;406;322
Soria;42173;4217301001;2023;104;265;207;152;141;303;202;180;245;568;409;332
Soria;42173;4217301002;2021;102;191;228;162;151;292;176;155;253;483;404;317
Soria;42173;4217301002;2022;89;188;212;157;143;283;181;169;232;471;393;326
Soria;42173;4217301002;2023;103;192;208;152;139;300;182;177;242;492;390;329
Soria;42173;4217301003;2021;65;145;119;98;105;208;121;112;170;353;240;210
Soria;42173;4217301003;2022;63;145;118;97;97;208;107;107;160;353;225;204
Soria;42173;4217301003;2023;69;153;121;109;93;211;100;119;162;364;221;228
Soria;42173;4217301004;2021;103;153;216;125;164;248;165;151;267;401;381;276
Soria;42173;4217301004;2022;110;150;211;140;145;251;166;167;255;401;377;307
Soria;42173;4217301004;2023;116;155;210;144;144;249;163;166;260;404;373;310
Soria;42173;4217301005;2021;147;169;221;151;176;237;199;130;323;406;420;281
Soria;42173;4217301005;2022;129;170;222;146;173;239;186;131;302;409;408;277
Soria;42173;4217301005;2023;131;174;224;155;161;245;196;144;292;419;420;299
Soria;42173;4217301006;2021;117;248;248;198;132;354;213;186;249;602;461;384
Soria;42173;4217301006;2022;112;251;247;193;126;341;218;182;238;592;465;375
Soria;42173;4217301006;2023;113;249;255;178;132;335;221;175;245;584;476;353
Soria;42173;4217301007;2021;113;187;220;173;166;300;199;159;279;487;419;332
Soria;42173;4217301007;2022;102;203;221;174;155;307;207;158;257;510;428;332
Soria;42173;4217301007;2023;120;197;225;175;157;309;209;168;277;506;434;343
Soria;42173;4217301008;2021;32;118;88;76;37;196;88;87;69;314;176;163
Soria;42173;4217301008;2022;35;124;91;80;38;206;84;89;73;330;175;169
Soria;42173;4217301008;2023;34;128;94;81;39;222;91;91;73;350;185;172
Soria;42173;4217302001;2021;81;112;102;92;104;185;96;96;185;297;198;188
Soria;42173;4217302001;2022;78;118;106;99;104;195;104;91;182;313;210;190
Soria;42173;4217302001;2023;76;132;115;100;103;207;109;110;179;339;224;210
Soria;42173;4217302002;2021;57;214;85;89;103;316;81;92;160;530;166;181
Soria;42173;4217302002;2022;49;211;75;89;83;309;89;84;132;520;164;173
Soria;42173;4217302002;2023;45;217;81;87;86;298;87;94;131;515;168;181
Soria;42173;4217302003;2021;139;216;156;137;191;306;159;132;330;522;315;269
Soria;42173;4217302003;2022;128;198;155;137;170;312;155;117;298;510;310;254
Soria;42173;4217302003;2023;126;192;168;143;182;311;158;125;308;503;326;268
Soria;42173;4217302004;2021;90;341;276;168;147;439;218;175;237;780;494;343
Soria;42173;4217302004;2022;84;324;248;165;135;433;211;161;219;757;459;326
Soria;42173;4217302004;2023;73;328;238;168;129;429;211;154;202;757;449;322
Soria;42173;4217302005;2021;85;283;150;124;137;381;139;134;222;664;289;258
Soria;42173;4217302005;2022;92;283;152;118;129;389;140;143;221;672;292;261
Soria;42173;4217302005;2023;86;288;157;122;118;404;138;146;204;692;295;268
Soria;42173;4217302006;2021;88;253;229;171;149;371;176;170;237;624;405;341
Soria;42173;4217302006;2022;79;268;226;170;140;394;175;176;219;662;401;346
Soria;42173;4217302006;2023;76;275;227;165;136;399;171;187;212;674;398;352
Soria;42173;4217302007;2021;110;369;213;237;176;517;234;220;286;886;447;457
Soria;42173;4217302007;2022;106;392;223;231;183;550;228;236;289;942;451;467
Soria;42173;4217302007;2023;105;423;237;229;182;596;223;244;287;1019;460;473
Soria;42173;4217302008;2021;94;105;142;67;109;142;138;85;203;247;280;152
Soria;42173;4217302008;2022;92;112;146;68;104;149;132;83;196;261;278;151
Soria;42173;4217302008;2023;98;116;143;77;98;151;135;95;196;267;278;172
Soria;42173;4217302009;2021;112;163;200;118;139;255;167;150;251;418;367;268
Soria;42173;4217302009;2022;105;163;192;114;144;246;163;144;249;409;355;258
Soria;42173;4217302009;2023;103;166;194;114;121;259;172;156;224;425;366;270
Soria;42173;4217302010;2021;134;191;259;188;186;268;241;176;320;459;500;364
Soria;42173;4217302010;2022;128;181;247;180;174;256;233;171;302;437;480;351
Soria;42173;4217302010;2023;119;197;238;184;169;273;238;183;288;470;476;367
Soria;42173;4217302011;2021;126;157;237;155;135;221;194;138;261;378;431;293
Soria;42173;4217302011;2022;133;152;237;150;127;215;197;130;260;367;434;280
Soria;42173;4217302011;2023;143;167;247;157;125;215;204;129;268;382;451;286
Soria;42173;4217302012;2021;38;121;95;70;58;158;71;68;96;279;166;138
Soria;42173;4217302012;2022;35;126;98;76;58;161;72;73;93;287;170;149
Soria;42173;4217302012;2023;33;132;107;73;48;162;78;71;81;294;185;144
Soria;42173;4217302013;2021;69;195;142;147;76;257;131;137;145;452;273;284
Soria;42173;4217302013;2022;66;189;134;144;71;250;130;134;137;439;264;278
Soria;42173;4217302013;2023;67;189;140;141;64;257;132;130;131;446;272;271
Soria;42173;4217302014;2021;49;373;215;186;42;542;152;168;91;915;367;354
Soria;42173;4217302014;2022;39;378;225;192;36;559;152;173;75;937;377;365
Soria;42173;4217302014;2023;39;404;235;213;31;603;156;189;70;1007;391;402
Soria;42173;4217303001;2021;72;160;173;138;127;245;145;106;199;405;318;244
Soria;42173;4217303001;2022;73;169;167;134;116;248;143;117;189;417;310;251
Soria;42173;4217303001;2023;72;177;158;137;112;248;145;112;184;425;303;249
Soria;42173;4217303002;2021;100;125;197;143;164;213;148;115;264;338;345;258
Soria;42173;4217303002;2022;97;132;191;141;153;223;143;120;250;355;334;261
Soria;42173;4217303002;2023;103;132;203;137;148;232;142;122;251;364;345;259
Soria;42173;4217303003;2021;59;458;192;204;82;583;159;145;141;1041;351;349
Soria;42173;4217303003;2022;66;443;200;211;75;590;164;142;141;1033;364;353
Soria;42173;4217303003;2023;52;445;220;213;72;604;178;157;124;1049;398;370
Soria;42174;4217401001;2021;4;36;16;35;8;35;27;10;12;71;43;45
Soria;42174;4217401001;2022;4;40;21;38;7;36;25;12;11;76;46;50
Soria;42174;4217401001;2023;4;44;20;34;7;33;22;16;11;77;42;50
Soria;42177;4217701001;2021;8;3;18;7;5;5;12;2;13;8;30;9
Soria;42177;4217701001;2022;7;3;18;7;4;6;12;1;11;9;30;8
Soria;42177;4217701001;2023;6;3;18;7;4;5;12;1;10;8;30;8
Soria;42178;4217801001;2021;13;17;21;13;19;5;11;8;32;22;32;21
Soria;42178;4217801001;2022;11;20;20;16;17;10;10;6;28;30;30;22
Soria;42178;4217801001;2023;10;22;19;16;15;8;8;5;25;30;27;21
Soria;42181;4218101001;2021;26;43;104;31;52;37;69;23;78;80;173;54
Soria;42181;4218101001;2022;27;43;101;35;54;34;68;24;81;77;169;59
Soria;42181;4218101001;2023;27;43;102;35;54;32;68;24;81;75;170;59
Soria;42183;4218301001;2021;11;12;20;11;17;8;8;5;28;20;28;16
Soria;42183;4218301001;2022;10;14;19;11;15;8;8;5;25;22;27;16
Soria;42183;4218301001;2023;9;16;22;12;14;8;8;7;23;24;30;19
Soria;42184;4218401001;2021;7;6;14;4;9;4;3;4;16;10;17;8
Soria;42184;4218401001;2022;7;5;14;4;7;4;3;5;14;9;17;9
Soria;42184;4218401001;2023;7;5;16;4;5;4;3;5;12;9;19;9
Soria;42187;4218701001;2021;12;1;17;12;2;4;8;5;14;5;25;17
Soria;42187;4218701001;2022;12;1;15;13;2;5;6;5;14;6;21;18
Soria;42187;4218701001;2023;10;1;16;12;1;5;6;5;11;6;22;17
Soria;42189;4218901001;2021;5;4;13;10;4;6;7;6;9;10;20;16
Soria;42189;4218901001;2022;6;7;13;12;4;9;9;11;10;16;22;23
Soria;42189;4218901001;2023;7;7;13;14;5;7;9;12;12;14;22;26
Soria;42190;4219001001;2021;4;9;22;11;13;6;17;5;17;15;39;16
Soria;42190;4219001001;2022;3;9;21;11;11;6;15;6;14;15;36;17
Soria;42190;4219001001;2023;3;9;22;11;9;9;14;6;12;18;36;17
Soria;42191;4219101001;2021;7;35;39;21;7;31;36;12;14;66;75;33
Soria;42191;4219101001;2022;6;39;37;21;7;33;37;12;13;72;74;33
Soria;42191;4219101001;2023;7;41;40;20;11;28;35;12;18;69;75;32
Soria;42194;4219401001;2021;8;13;22;24;29;11;24;14;37;24;46;38
Soria;42194;4219401001;2022;6;16;22;25;27;11;23;14;33;27;45;39
Soria;42194;4219401001;2023;6;14;21;28;24;10;22;13;30;24;43;41
Soria;42195;4219501001;2021;15;10;18;11;12;10;10;7;27;20;28;18
Soria;42195;4219501001;2022;16;11;16;9;10;11;10;5;26;22;26;14
Soria;42195;4219501001;2023;13;12;14;10;11;11;10;7;24;23;24;17
Soria;42197;4219701001;2021;11;4;14;8;9;5;10;6;20;9;24;14
Soria;42197;4219701001;2022;8;4;15;8;9;5;10;6;17;9;25;14
Soria;42197;4219701001;2023;7;5;15;8;8;5;9;6;15;10;24;14
Soria;42200;4220001001;2021;15;8;10;15;15;2;2;4;30;10;12;19
Soria;42200;4220001001;2022;11;8;10;15;12;2;3;4;23;10;13;19
Soria;42200;4220001001;2023;11;10;10;15;12;2;2;4;23;12;12;19
Soria;42204;4220401001;2021;8;16;6;7;7;6;1;3;15;22;7;10
Soria;42204;4220401001;2022;7;16;7;7;6;6;1;3;13;22;8;10
Soria;42204;4220401001;2023;7;16;7;6;5;5;1;3;12;21;8;9
Soria;42205;4220501001;2021;6;11;21;6;7;7;12;2;13;18;33;8
Soria;42205;4220501001;2022;6;13;21;7;7;9;13;2;13;22;34;9
Soria;42205;4220501001;2023;5;14;20;8;7;8;13;2;12;22;33;10
Soria;42209;4220901001;2021;14;20;35;19;15;21;13;10;29;41;48;29
Soria;42209;4220901001;2022;15;21;37;20;16;21;12;10;31;42;49;30
Soria;42209;4220901001;2023;15;21;37;20;16;21;11;10;31;42;48;30
Soria;42211;4221101001;2021;6;20;13;5;6;11;12;6;12;31;25;11
Soria;42211;4221101001;2022;6;20;13;5;6;10;11;6;12;30;24;11
Soria;42211;4221101001;2023;6;21;13;6;7;13;11;4;13;34;24;10
Soria;42212;4221201001;2021;7;12;16;5;5;6;7;2;12;18;23;7
Soria;42212;4221201001;2022;7;14;14;7;4;5;7;2;11;19;21;9
Soria;42212;4221201001;2023;7;16;14;5;4;5;6;2;11;21;20;7
Soria;42215;4221501001;2021;67;76;195;70;86;95;100;67;153;171;295;137
Soria;42215;4221501001;2022;61;79;192;74;83;101;100;69;144;180;292;143
Soria;42215;4221501001;2023;56;87;192;70;78;113;99;70;134;200;291;140
Soria;42218;4221801001;2021;12;19;24;10;6;17;9;4;18;36;33;14
Soria;42218;4221801001;2022;12;18;19;13;7;13;10;4;19;31;29;17
Soria;42218;4221801001;2023;12;15;22;12;7;11;12;5;19;26;34;17
Valladolid;47001;4700101001;2021;1;18;7;4;4;6;5;7;5;24;12;11
Valladolid;47001;4700101001;2022;1;18;8;5;3;7;6;6;4;25;14;11
Valladolid;47001;4700101001;2023;1;18;7;4;3;9;6;3;4;27;13;7
Valladolid;47003;4700301001;2021;29;30;55;25;30;27;31;13;59;57;86;38
Valladolid;47003;4700301001;2022;33;36;54;30;30;27;28;15;63;63;82;45
Valladolid;47003;4700301001;2023;33;37;52;29;28;29;28;17;61;66;80;46
Valladolid;47004;4700401001;2021;79;69;170;63;81;80;107;39;160;149;277;102
Valladolid;47004;4700401001;2022;75;71;166;66;82;84;106;38;157;155;272;104
Valladolid;47004;4700401001;2023;75;72;163;67;83;86;104;42;158;158;267;109
Valladolid;47004;4700401002;2021;74;49;147;35;89;63;94;32;163;112;241;67
Valladolid;47004;4700401002;2022;67;53;148;39;87;66;89;36;154;119;237;75
Valladolid;47004;4700401002;2023;60;52;144;40;88;65;91;33;148;117;235;73
Valladolid;47005;4700501001;2021;54;56;160;39;62;51;115;40;116;107;275;79
Valladolid;47005;4700501001;2022;53;58;158;42;66;53;114;43;119;111;272;85
Valladolid;47005;4700501001;2023;56;55;156;47;62;52;114;45;118;107;270;92
Valladolid;47006;4700601001;2021;14;28;39;26;21;27;23;15;35;55;62;41
Valladolid;47006;4700601001;2022;13;29;39;24;22;27;22;16;35;56;61;40
Valladolid;47006;4700601001;2023;14;28;38;27;19;28;22;18;33;56;60;45
Valladolid;47007;4700701001;2021;84;172;289;168;109;181;257;168;193;353;546;336
Valladolid;47007;4700701001;2022;69;176;302;162;106;193;251;168;175;369;553;330
Valladolid;47007;4700701001;2023;64;179;297;167;103;205;250;161;167;384;547;328
Valladolid;47007;4700701002;2021;16;197;83;142;16;192;70;119;32;389;153;261
Valladolid;47007;4700701002;2022;17;204;86;141;15;199;76;111;32;403;162;252
Valladolid;47007;4700701002;2023;15;212;85;148;17;205;72;123;32;417;157;271
Valladolid;47007;4700701003;2021;17;253;183;190;26;277;124;144;43;530;307;334
Valladolid;47007;4700701003;2022;24;261;176;201;20;297;129;147;44;558;305;348
Valladolid;47007;4700701003;2023;30;273;179;207;26;308;132;151;56;581;311;358
Valladolid;47007;4700701004;2021;17;223;137;193;17;257;81;127;34;480;218;320
Valladolid;47007;4700701004;2022;17;235;142;204;15;282;84;138;32;517;226;342
Valladolid;47007;4700701004;2023;19;250;137;201;17;293;91;149;36;543;228;350
Valladolid;47009;4700901001;2021;11;14;20;12;8;8;17;4;19;22;37;16
Valladolid;47009;4700901001;2022;10;14;22;12;8;9;15;4;18;23;37;16
Valladolid;47009;4700901001;2023;10;14;23;13;8;10;15;4;18;24;38;17
Valladolid;47010;4701001001;2021;35;321;153;191;39;396;116;137;74;717;269;328
Valladolid;47010;4701001001;2022;30;324;151;196;37;405;111;143;67;729;262;339
Valladolid;47010;4701001001;2023;32;338;152;196;35;412;111;150;67;750;263;346
Valladolid;47010;4701001002;2021;105;237;290;193;133;250;226;191;238;487;516;384
Valladolid;47010;4701001002;2022;102;247;287;201;132;261;233;186;234;508;520;387
Valladolid;47010;4701001002;2023;93;260;276;209;126;280;231;198;219;540;507;407
Valladolid;47010;4701001003;2021;49;400;176;210;50;480;135;175;99;880;311;385
Valladolid;47010;4701001003;2022;42;417;173;223;58;479;144;177;100;896;317;400
Valladolid;47010;4701001003;2023;44;425;173;227;58;485;150;178;102;910;323;405
Valladolid;47010;4701001004;2021;76;297;175;162;85;318;166;138;161;615;341;300
Valladolid;47010;4701001004;2022;72;301;181;168;76;324;167;138;148;625;348;306
Valladolid;47010;4701001004;2023;68;313;175;171;77;336;161;149;145;649;336;320
Valladolid;47010;4701001005;2021;39;523;146;179;42;505;148;180;81;1028;294;359
Valladolid;47010;4701001005;2022;35;526;153;180;45;525;147;190;80;1051;300;370
Valladolid;47010;4701001005;2023;34;519;152;188;46;529;141;188;80;1048;293;376
Valladolid;47010;4701001006;2021;43;525;173;199;35;583;142;183;78;1108;315;382
Valladolid;47010;4701001006;2022;36;524;190;210;33;584;150;195;69;1108;340;405
Valladolid;47010;4701001006;2023;40;528;200;218;35;593;159;194;75;1121;359;412
Valladolid;47010;4701001007;2021;21;420;110;151;29;445;95;146;50;865;205;297
Valladolid;47010;4701001007;2022;21;445;116;160;30;462;99;148;51;907;215;308
Valladolid;47010;4701001007;2023;23;462;122;181;34;479;100;151;57;941;222;332
Valladolid;47010;4701001008;2021;29;453;172;250;32;545;128;193;61;998;300;443
Valladolid;47010;4701001008;2022;29;488;175;255;28;576;133;206;57;1064;308;461
Valladolid;47010;4701001008;2023;32;524;176;263;29;627;136;223;61;1151;312;486
Valladolid;47010;4701001009;2021;23;261;97;124;24;300;76;116;47;561;173;240
Valladolid;47010;4701001009;2022;23;269;98;125;21;304;76;121;44;573;174;246
Valladolid;47010;4701001009;2023;23;269;98;139;24;299;81;124;47;568;179;263
Valladolid;47010;4701001010;2021;29;372;155;213;43;397;106;189;72;769;261;402
Valladolid;47010;4701001010;2022;36;428;169;236;39;463;126;212;75;891;295;448
Valladolid;47010;4701001010;2023;36;479;185;252;47;532;137;228;83;1011;322;480
Valladolid;47010;4701001011;2021;12;202;48;83;12;221;56;57;24;423;104;140
Valladolid;47010;4701001011;2022;10;197;52;79;8;229;53;63;18;426;105;142
Valladolid;47010;4701001011;2023;10;203;55;80;9;241;55;69;19;444;110;149
Valladolid;47011;4701101001;2021;65;39;148;51;58;58;94;34;123;97;242;85
Valladolid;47011;4701101001;2022;63;38;147;50;53;55;94;35;116;93;241;85
Valladolid;47011;4701101001;2023;64;44;147;47;51;57;96;38;115;101;243;85
Valladolid;47012;4701201001;2021;8;14;21;5;14;20;12;2;22;34;33;7
Valladolid;47012;4701201001;2022;7;14;19;7;13;21;10;2;20;35;29;9
Valladolid;47012;4701201001;2023;5;11;17;6;10;19;12;2;15;30;29;8
Valladolid;47013;4701301001;2021;3;14;20;10;2;14;19;3;5;28;39;13
Valladolid;47013;4701301001;2022;4;15;25;12;2;14;20;3;6;29;45;15
Valladolid;47013;4701301001;2023;2;15;23;12;4;15;22;4;6;30;45;16
Valladolid;47015;4701501001;2021;31;23;37;29;42;19;19;12;73;42;56;41
Valladolid;47015;4701501001;2022;27;24;35;29;38;20;18;12;65;44;53;41
Valladolid;47015;4701501001;2023;27;22;36;30;34;20;18;12;61;42;54;42
Valladolid;47016;4701601001;2021;7;6;17;4;7;10;9;5;14;16;26;9
Valladolid;47016;4701601001;2022;6;7;18;5;9;9;11;3;15;16;29;8
Valladolid;47016;4701601001;2023;7;7;17;5;8;10;10;4;15;17;27;9
Valladolid;47017;4701701001;2021;24;23;33;27;20;21;28;14;44;44;61;41
Valladolid;47017;4701701001;2022;19;21;31;27;15;22;27;13;34;43;58;40
Valladolid;47017;4701701001;2023;19;21;32;26;15;23;26;11;34;44;58;37
Valladolid;47019;4701901001;2021;7;18;13;14;14;17;10;5;21;35;23;19
Valladolid;47019;4701901001;2022;5;19;13;13;12;19;8;4;17;38;21;17
Valladolid;47019;4701901001;2023;7;19;14;12;12;19;9;3;19;38;23;15
Valladolid;47020;4702001001;2021;24;25;80;28;35;14;52;18;59;39;132;46
Valladolid;47020;4702001001;2022;20;26;83;27;29;16;52;15;49;42;135;42
Valladolid;47020;4702001001;2023;19;26;82;28;28;17;52;18;47;43;134;46
Valladolid;47021;4702101001;2021;5;12;16;7;4;12;11;7;9;24;27;14
Valladolid;47021;4702101001;2022;3;11;16;5;4;12;12;8;7;23;28;13
Valladolid;47021;4702101001;2023;3;14;13;5;2;14;12;9;5;28;25;14
Valladolid;47022;4702201001;2021;8;8;10;5;8;15;10;4;16;23;20;9
Valladolid;47022;4702201001;2022;17;7;12;6;11;15;10;4;28;22;22;10
Valladolid;47022;4702201001;2023;15;8;12;8;8;15;9;4;23;23;21;12
Valladolid;47023;4702301001;2021;53;211;154;131;75;228;123;124;128;439;277;255
Valladolid;47023;4702301001;2022;55;217;145;134;69;244;130;129;124;461;275;263
Valladolid;47023;4702301001;2023;58;227;145;133;70;240;135;129;128;467;280;262
Valladolid;47023;4702301002;2021;38;345;88;123;46;323;67;95;84;668;155;218
Valladolid;47023;4702301002;2022;32;350;90;131;43;335;78;103;75;685;168;234
Valladolid;47023;4702301002;2023;30;358;87;139;41;345;75;116;71;703;162;255
Valladolid;47023;4702301003;2021;25;285;124;144;28;311;82;114;53;596;206;258
Valladolid;47023;4702301003;2022;22;290;128;159;27;317;94;127;49;607;222;286
Valladolid;47023;4702301003;2023;21;284;129;170;27;322;98;130;48;606;227;300
Valladolid;47024;4702401001;2021;35;32;56;30;35;23;29;18;70;55;85;48
Valladolid;47024;4702401001;2022;22;30;54;31;28;23;31;16;50;53;85;47
Valladolid;47024;4702401001;2023;20;30;51;32;27;23;30;19;47;53;81;51
Valladolid;47025;4702501001;2021;15;15;20;6;20;8;18;6;35;23;38;12
Valladolid;47025;4702501001;2022;13;15;21;6;17;7;17;7;30;22;38;13
Valladolid;47025;4702501001;2023;13;16;20;6;17;6;16;7;30;22;36;13
Valladolid;47026;4702601001;2021;11;7;15;4;11;5;4;2;22;12;19;6
Valladolid;47026;4702601001;2022;10;6;17;6;12;5;6;2;22;11;23;8
Valladolid;47026;4702601001;2023;7;8;16;6;10;6;5;2;17;14;21;8
Valladolid;47027;4702701001;2021;79;277;397;238;122;359;258;215;201;636;655;453
Valladolid;47027;4702701001;2022;76;282;396;249;113;373;267;223;189;655;663;472
Valladolid;47027;4702701001;2023;78;289;412;253;119;399;274;223;197;688;686;476
Valladolid;47027;4702701002;2021;79;136;253;111;119;143;184;109;198;279;437;220
Valladolid;47027;4702701002;2022;75;141;251;113;118;160;176;118;193;301;427;231
Valladolid;47027;4702701002;2023;69;150;257;115;114;157;176;122;183;307;433;237
Valladolid;47029;4702901001;2021;14;4;10;6;15;3;10;2;29;7;20;8
Valladolid;47029;4702901001;2022;10;4;10;7;11;2;10;2;21;6;20;9
Valladolid;47029;4702901001;2023;9;4;12;5;10;3;9;2;19;7;21;7
Valladolid;47030;4703001001;2021;154;115;217;81;138;104;147;48;292;219;364;129
Valladolid;47030;4703001001;2022;142;115;222;79;137;105;150;46;279;220;372;125
Valladolid;47030;4703001001;2023;139;112;211;78;121;104;155;46;260;216;366;124
Valladolid;47031;4703101001;2021;17;19;56;30;25;13;28;16;42;32;84;46
Valladolid;47031;4703101001;2022;14;18;53;28;23;10;29;16;37;28;82;44
Valladolid;47031;4703101001;2023;14;18;55;24;21;12;29;15;35;30;84;39
Valladolid;47032;4703201001;2021;18;18;32;17;19;15;16;13;37;33;48;30
Valladolid;47032;4703201001;2022;14;19;38;17;17;17;19;11;31;36;57;28
Valladolid;47032;4703201001;2023;14;18;37;18;18;16;18;10;32;34;55;28
Valladolid;47033;4703301001;2021;32;41;33;17;34;32;26;7;66;73;59;24
Valladolid;47033;4703301001;2022;26;42;35;18;32;34;24;9;58;76;59;27
Valladolid;47033;4703301001;2023;21;39;37;19;31;37;25;13;52;76;62;32
Valladolid;47034;4703401001;2021;8;9;19;6;12;7;12;3;20;16;31;9
Valladolid;47034;4703401001;2022;7;10;18;5;11;6;12;0;18;16;30;5
Valladolid;47034;4703401001;2023;7;10;18;6;12;6;11;0;19;16;29;6
Valladolid;47035;4703501001;2021;96;59;259;59;110;80;170;51;206;139;429;110
Valladolid;47035;4703501001;2022;92;57;264;62;107;84;170;53;199;141;434;115
Valladolid;47035;4703501001;2023;85;60;260;63;100;81;167;53;185;141;427;116
Valladolid;47036;4703601001;2021;33;30;50;16;34;21;29;10;67;51;79;26
Valladolid;47036;4703601001;2022;29;31;47;16;30;22;28;8;59;53;75;24
Valladolid;47036;4703601001;2023;28;35;46;17;29;22;29;10;57;57;75;27
Valladolid;47037;4703701001;2021;15;10;47;11;27;13;32;10;42;23;79;21
Valladolid;47037;4703701001;2022;16;11;48;13;26;13;34;10;42;24;82;23
Valladolid;47037;4703701001;2023;16;13;47;12;24;14;34;10;40;27;81;22
Valladolid;47038;4703801001;2021;10;10;28;10;13;8;14;5;23;18;42;15
Valladolid;47038;4703801001;2022;12;11;34;10;13;10;15;7;25;21;49;17
Valladolid;47038;4703801001;2023;14;9;37;10;18;12;17;7;32;21;54;17
Valladolid;47039;4703901001;2021;22;14;37;14;22;11;31;8;44;25;68;22
Valladolid;47039;4703901001;2022;20;16;37;14;20;12;29;8;40;28;66;22
Valladolid;47039;4703901001;2023;19;15;37;15;21;13;27;6;40;28;64;21
Valladolid;47040;4704001001;2021;5;8;13;3;11;1;12;1;16;9;25;4
Valladolid;47040;4704001001;2022;6;8;12;4;11;2;12;1;17;10;24;5
Valladolid;47040;4704001001;2023;4;6;11;4;11;2;13;1;15;8;24;5
Valladolid;47041;4704101001;2021;16;23;28;20;23;17;9;10;39;40;37;30
Valladolid;47041;4704101001;2022;16;23;29;22;21;15;9;10;37;38;38;32
Valladolid;47041;4704101001;2023;15;23;29;22;19;16;9;8;34;39;38;30
Valladolid;47042;4704201001;2021;9;7;10;9;6;2;5;2;15;9;15;11
Valladolid;47042;4704201001;2022;8;7;9;9;5;2;4;4;13;9;13;13
Valladolid;47042;4704201001;2023;8;7;8;9;5;3;4;4;13;10;12;13
Valladolid;47043;4704301001;2021;40;37;51;37;61;29;36;18;101;66;87;55
Valladolid;47043;4704301001;2022;37;40;50;38;59;31;34;18;96;71;84;56
Valladolid;47043;4704301001;2023;38;42;50;39;60;33;36;20;98;75;86;59
Valladolid;47044;4704401001;2021;25;58;59;47;27;68;40;25;52;126;99;72
Valladolid;47044;4704401001;2022;22;64;62;47;28;67;43;26;50;131;105;73
Valladolid;47044;4704401001;2023;20;71;59;45;27;65;43;26;47;136;102;71
Valladolid;47045;4704501001;2021;100;60;160;69;118;83;120;57;218;143;280;126
Valladolid;47045;4704501001;2022;96;65;160;67;115;85;112;51;211;150;272;118
Valladolid;47045;4704501001;2023;81;74;157;57;112;92;115;47;193;166;272;104
Valladolid;47046;4704601001;2021;12;11;36;13;13;14;25;13;25;25;61;26
Valladolid;47046;4704601001;2022;14;12;35;13;12;10;24;12;26;22;59;25
Valladolid;47046;4704601001;2023;11;13;32;13;12;11;25;12;23;24;57;25
Valladolid;47047;4704701001;2021;25;29;51;18;26;10;26;7;51;39;77;25
Valladolid;47047;4704701001;2022;22;34;55;19;27;11;25;7;49;45;80;26
Valladolid;47047;4704701001;2023;21;31;49;20;24;13;24;9;45;44;73;29
Valladolid;47048;4704801001;2021;28;20;34;28;24;22;22;16;52;42;56;44
Valladolid;47048;4704801001;2022;27;22;34;24;20;21;22;17;47;43;56;41
Valladolid;47048;4704801001;2023;25;22;35;24;18;14;21;15;43;36;56;39
Valladolid;47049;4704901001;2021;15;9;17;10;15;2;13;3;30;11;30;13
Valladolid;47049;4704901001;2022;15;11;17;10;16;4;15;2;31;15;32;12
Valladolid;47049;4704901001;2023;15;10;17;12;16;6;16;2;31;16;33;14
Valladolid;47050;4705001001;2021;93;212;265;183;135;259;199;175;228;471;464;358
Valladolid;47050;4705001001;2022;93;212;266;180;123;259;195;165;216;471;461;345
Valladolid;47050;4705001001;2023;96;216;271;193;123;277;195;164;219;493;466;357
Valladolid;47050;4705001002;2021;97;224;250;189;118;288;198;137;215;512;448;326
Valladolid;47050;4705001002;2022;93;229;275;182;103;286;208;142;196;515;483;324
Valladolid;47050;4705001002;2023;91;238;272;190;102;291;206;150;193;529;478;340
Valladolid;47050;4705001003;2021;89;169;245;158;117;193;198;127;206;362;443;285
Valladolid;47050;4705001003;2022;86;173;250;161;116;198;200;134;202;371;450;295
Valladolid;47050;4705001003;2023;82;173;255;173;114;204;216;139;196;377;471;312
Valladolid;47051;4705101001;2021;19;51;62;47;15;56;54;33;34;107;116;80
Valladolid;47051;4705101001;2022;16;52;63;44;12;54;48;34;28;106;111;78
Valladolid;47051;4705101001;2023;16;50;66;42;13;53;46;35;29;103;112;77
Valladolid;47052;4705201001;2021;29;222;186;180;39;288;147;123;68;510;333;303
Valladolid;47052;4705201001;2022;27;225;205;187;38;283;164;130;65;508;369;317
Valladolid;47052;4705201001;2023;32;230;206;196;36;287;166;136;68;517;372;332
Valladolid;47052;4705201002;2021;40;236;116;152;47;251;123;117;87;487;239;269
Valladolid;47052;4705201002;2022;39;235;107;157;50;253;128;114;89;488;235;271
Valladolid;47052;4705201002;2023;37;257;121;155;48;271;121;118;85;528;242;273
Valladolid;47052;4705201003;2021;72;282;230;194;84;317;214;151;156;599;444;345
Valladolid;47052;4705201003;2022;73;298;235;190;86;335;216;155;159;633;451;345
Valladolid;47052;4705201003;2023;68;301;240;197;82;335;226;166;150;636;466;363
Valladolid;47052;4705201004;2021;114;301;261;183;122;313;255;179;236;614;516;362
Valladolid;47052;4705201004;2022;98;306;259;175;118;315;250;174;216;621;509;349
Valladolid;47052;4705201004;2023;96;303;261;166;122;326;241;177;218;629;502;343
Valladolid;47052;4705201005;2021;32;148;138;97;42;177;119;73;74;325;257;170
Valladolid;47052;4705201005;2022;31;147;136;108;35;187;126;72;66;334;262;180
Valladolid;47052;4705201005;2023;29;140;133;115;39;187;129;74;68;327;262;189
Valladolid;47052;4705201006;2021;28;177;144;132;29;250;93;100;57;427;237;232
Valladolid;47052;4705201006;2022;24;182;147;142;30;254;96;93;54;436;243;235
Valladolid;47052;4705201006;2023;24;185;156;140;29;260;99;97;53;445;255;237
Valladolid;47053;4705301001;2021;9;10;36;10;19;15;19;11;28;25;55;21
Valladolid;47053;4705301001;2022;8;13;36;11;18;15;18;11;26;28;54;22
Valladolid;47053;4705301001;2023;9;11;36;13;17;16;18;11;26;27;54;24
Valladolid;47054;4705401001;2021;78;64;126;52;84;71;86;38;162;135;212;90
Valladolid;47054;4705401001;2022;75;66;125;51;78;71;81;42;153;137;206;93
Valladolid;47054;4705401001;2023;76;74;125;53;70;73;82;44;146;147;207;97
Valladolid;47055;4705501001;2021;11;34;47;19;18;26;27;17;29;60;74;36
Valladolid;47055;4705501001;2022;11;32;43;23;16;24;27;19;27;56;70;42
Valladolid;47055;4705501001;2023;12;37;47;23;17;31;28;17;29;68;75;40
Valladolid;47056;4705601001;2021;21;17;22;4;26;5;10;1;47;22;32;5
Valladolid;47056;4705601001;2022;22;17;18;4;23;5;9;1;45;22;27;5
Valladolid;47056;4705601001;2023;17;17;22;5;22;8;9;3;39;25;31;8
Valladolid;47057;4705701001;2021;29;39;81;41;27;43;43;21;56;82;124;62
Valladolid;47057;4705701001;2022;29;43;81;49;27;44;43;24;56;87;124;73
Valladolid;47057;4705701001;2023;28;42;84;56;27;50;44;25;55;92;128;81
Valladolid;47058;4705801001;2021;22;26;39;16;30;27;28;9;52;53;67;25
Valladolid;47058;4705801001;2022;23;25;39;17;27;31;29;8;50;56;68;25
Valladolid;47058;4705801001;2023;18;27;36;18;22;31;27;8;40;58;63;26
Valladolid;47059;4705901001;2021;11;18;33;12;6;11;13;10;17;29;46;22
Valladolid;47059;4705901001;2022;12;17;31;12;5;11;13;10;17;28;44;22
Valladolid;47059;4705901001;2023;14;18;29;13;6;12;13;11;20;30;42;24
Valladolid;47060;4706001001;2021;23;27;53;21;26;22;35;11;49;49;88;32
Valladolid;47060;4706001001;2022;20;26;52;21;25;21;33;12;45;47;85;33
Valladolid;47060;4706001001;2023;17;28;52;20;25;19;34;16;42;47;86;36
Valladolid;47061;4706101001;2021;32;29;54;17;33;23;43;13;65;52;97;30
Valladolid;47061;4706101001;2022;31;29;55;17;30;26;47;12;61;55;102;29
Valladolid;47061;4706101001;2023;30;30;53;19;26;25;48;12;56;55;101;31
Valladolid;47062;4706201001;2021;29;19;30;14;26;23;20;3;55;42;50;17
Valladolid;47062;4706201001;2022;27;24;30;15;24;27;19;5;51;51;49;20
Valladolid;47062;4706201001;2023;24;25;30;17;23;26;17;7;47;51;47;24
Valladolid;47063;4706301001;2021;10;16;20;5;14;11;10;6;24;27;30;11
Valladolid;47063;4706301001;2022;10;16;20;5;15;12;11;6;25;28;31;11
Valladolid;47063;4706301001;2023;8;17;21;5;14;10;13;5;22;27;34;10
Valladolid;47065;4706501001;2021;89;54;240;58;115;53;159;46;204;107;399;104
Valladolid;47065;4706501001;2022;83;59;234;57;114;59;160;46;197;118;394;103
Valladolid;47065;4706501001;2023;79;61;238;61;105;63;159;41;184;124;397;102
Valladolid;47066;4706601001;2021;51;354;254;199;71;377;204;170;122;731;458;369
Valladolid;47066;4706601001;2022;51;372;254;208;71;383;203;176;122;755;457;384
Valladolid;47066;4706601001;2023;55;383;253;212;67;406;203;174;122;789;456;386
Valladolid;47067;4706701001;2021;13;13;38;13;26;12;22;12;39;25;60;25
Valladolid;47067;4706701001;2022;14;13;39;13;23;18;24;11;37;31;63;24
Valladolid;47067;4706701001;2023;13;12;41;12;19;18;24;11;32;30;65;23
Valladolid;47069;4706901001;2021;8;14;25;8;12;15;22;4;20;29;47;12
Valladolid;47069;4706901001;2022;7;15;23;8;12;20;19;4;19;35;42;12
Valladolid;47069;4706901001;2023;7;15;23;8;11;19;19;4;18;34;42;12
Valladolid;47071;4707101001;2021;34;64;75;49;76;76;67;29;110;140;142;78
Valladolid;47071;4707101001;2022;30;66;76;47;68;80;63;31;98;146;139;78
Valladolid;47071;4707101001;2023;28;66;74;44;66;76;62;35;94;142;136;79
Valladolid;47073;4707301001;2021;22;10;20;10;23;10;15;6;45;20;35;16
Valladolid;47073;4707301001;2022;21;9;20;11;22;11;15;7;43;20;35;18
Valladolid;47073;4707301001;2023;21;7;20;11;19;10;15;6;40;17;35;17
Valladolid;47074;4707401001;2021;12;29;22;22;14;24;24;12;26;53;46;34
Valladolid;47074;4707401001;2022;13;33;20;21;12;24;22;14;25;57;42;35
Valladolid;47074;4707401001;2023;11;34;23;27;10;24;25;15;21;58;48;42
Valladolid;47075;4707501001;2021;104;73;206;73;135;95;180;61;239;168;386;134
Valladolid;47075;4707501001;2022;108;75;202;76;132;100;180;67;240;175;382;143
Valladolid;47075;4707501001;2023;116;76;208;72;125;105;179;73;241;181;387;145
Valladolid;47075;4707501002;2021;153;148;365;138;173;189;313;115;326;337;678;253
Valladolid;47075;4707501002;2022;140;157;363;134;167;193;314;106;307;350;677;240
Valladolid;47075;4707501002;2023;142;153;365;134;161;192;318;110;303;345;683;244
Valladolid;47075;4707502001;2021;139;102;276;87;169;125;230;80;308;227;506;167
Valladolid;47075;4707502001;2022;143;102;275;95;176;126;227;78;319;228;502;173
Valladolid;47075;4707502001;2023;155;95;281;100;184;122;224;93;339;217;505;193
Valladolid;47075;4707502002;2021;154;169;420;160;190;219;332;110;344;388;752;270
Valladolid;47075;4707502002;2022;174;180;425;150;189;225;339;106;363;405;764;256
Valladolid;47075;4707502002;2023;165;186;415;145;182;231;330;104;347;417;745;249
Valladolid;47076;4707601001;2021;79;220;183;138;121;236;175;141;200;456;358;279
Valladolid;47076;4707601001;2022;77;222;181;144;107;241;183;151;184;463;364;295
Valladolid;47076;4707601001;2023;79;213;172;158;109;242;181;154;188;455;353;312
Valladolid;47076;4707601002;2021;102;184;269;164;118;217;224;186;220;401;493;350
Valladolid;47076;4707601002;2022;97;182;270;167;114;217;232;174;211;399;502;341
Valladolid;47076;4707601002;2023;97;183;267;165;110;234;228;179;207;417;495;344
Valladolid;47076;4707601003;2021;87;224;227;190;119;291;192;189;206;515;419;379
Valladolid;47076;4707601003;2022;83;235;235;203;121;307;194;177;204;542;429;380
Valladolid;47076;4707601003;2023;86;269;238;214;132;352;204;179;218;621;442;393
Valladolid;47076;4707601004;2021;69;112;140;149;85;140;171;116;154;252;311;265
Valladolid;47076;4707601004;2022;64;116;145;142;85;140;168;117;149;256;313;259
Valladolid;47076;4707601004;2023;65;111;143;138;78;143;166;118;143;254;309;256
Valladolid;47076;4707601005;2021;117;175;243;172;126;200;254;184;243;375;497;356
Valladolid;47076;4707601005;2022;118;176;236;174;125;203;262;175;243;379;498;349
Valladolid;47076;4707601005;2023;113;179;230;168;119;197;257;176;232;376;487;344
Valladolid;47076;4707601006;2021;69;286;212;204;101;301;234;153;170;587;446;357
Valladolid;47076;4707601006;2022;65;290;220;190;98;293;234;155;163;583;454;345
Valladolid;47076;4707601006;2023;64;274;210;196;89;290;218;157;153;564;428;353
Valladolid;47076;4707601007;2021;58;259;159;162;73;209;178;151;131;468;337;313
Valladolid;47076;4707601007;2022;56;255;150;160;76;201;169;140;132;456;319;300
Valladolid;47076;4707601007;2023;56;257;145;164;74;211;163;140;130;468;308;304
Valladolid;47076;4707601008;2021;32;148;165;147;38;200;151;132;70;348;316;279
Valladolid;47076;4707601008;2022;29;158;161;144;38;210;141;136;67;368;302;280
Valladolid;47076;4707601008;2023;32;162;155;147;39;218;131;142;71;380;286;289
Valladolid;47076;4707601009;2021;35;205;94;132;57;213;107;90;92;418;201;222
Valladolid;47076;4707601009;2022;33;216;102;123;58;216;110;95;91;432;212;218
Valladolid;47076;4707601009;2023;32;224;97;121;55;218;100;103;87;442;197;224
Valladolid;47076;4707601010;2021;71;166;118;124;65;158;99;103;136;324;217;227
Valladolid;47076;4707601010;2022;67;177;117;121;66;161;101;104;133;338;218;225
Valladolid;47076;4707601010;2023;63;179;120;122;61;166;98;100;124;345;218;222
Valladolid;47076;4707601011;2021;35;93;133;110;39;109;113;111;74;202;246;221
Valladolid;47076;4707601011;2022;31;100;133;110;36;110;112;108;67;210;245;218
Valladolid;47076;4707601011;2023;31;93;131;100;34;107;109;100;65;200;240;200
Valladolid;47076;4707601012;2021;24;132;114;99;46;146;115;92;70;278;229;191
Valladolid;47076;4707601012;2022;23;140;113;101;45;153;107;96;68;293;220;197
Valladolid;47076;4707601012;2023;20;139;112;100;42;152;97;98;62;291;209;198
Valladolid;47076;4707601013;2021;22;142;115;117;44;158;117;114;66;300;232;231
Valladolid;47076;4707601013;2022;21;150;110;113;40;170;116;105;61;320;226;218
Valladolid;47076;4707601013;2023;22;157;105;111;38;178;114;103;60;335;219;214
Valladolid;47076;4707601014;2021;37;127;134;126;41;169;106;100;78;296;240;226
Valladolid;47076;4707601014;2022;35;126;137;132;40;175;116;104;75;301;253;236
Valladolid;47076;4707601014;2023;31;131;144;139;47;180;113;120;78;311;257;259
Valladolid;47076;4707601015;2021;64;96;133;96;67;121;98;96;131;217;231;192
Valladolid;47076;4707601015;2022;61;95;131;92;66;124;96;95;127;219;227;187
Valladolid;47076;4707601015;2023;60;91;134;96;65;131;96;96;125;222;230;192
Valladolid;47076;4707601016;2021;15;177;83;82;18;202;57;63;33;379;140;145
Valladolid;47076;4707601016;2022;16;180;89;87;17;208;66;61;33;388;155;148
Valladolid;47076;4707601016;2023;16;190;91;92;16;214;64;71;32;404;155;163
Valladolid;47076;4707601017;2021;47;227;131;135;71;278;127;97;118;505;258;232
Valladolid;47076;4707601017;2022;54;246;147;141;63;304;139;107;117;550;286;248
Valladolid;47076;4707601017;2023;46;268;153;148;64;330;138;117;110;598;291;265
Valladolid;47076;4707601018;2021;41;168;186;185;41;214;179;152;82;382;365;337
Valladolid;47076;4707601018;2022;35;167;187;188;39;217;183;150;74;384;370;338
Valladolid;47076;4707601018;2023;33;172;182;190;41;216;179;155;74;388;361;345
Valladolid;47077;4707701001;2021;40;24;61;21;38;18;26;6;78;42;87;27
Valladolid;47077;4707701001;2022;38;29;62;23;37;20;28;7;75;49;90;30
Valladolid;47077;4707701001;2023;35;29;63;25;36;19;28;7;71;48;91;32
Valladolid;47078;4707801001;2021;22;11;46;14;18;13;33;10;40;24;79;24
Valladolid;47078;4707801001;2022;18;10;46;16;18;10;35;10;36;20;81;26
Valladolid;47078;4707801001;2023;19;9;43;15;18;11;34;11;37;20;77;26
Valladolid;47079;4707901001;2021;3;9;9;7;7;8;5;8;10;17;14;15
Valladolid;47079;4707901001;2022;2;7;9;7;5;9;4;8;7;16;13;15
Valladolid;47079;4707901001;2023;1;7;9;4;5;9;3;7;6;16;12;11
Valladolid;47082;4708201001;2021;86;94;197;80;120;121;129;87;206;215;326;167
Valladolid;47082;4708201001;2022;80;93;196;80;109;125;126;83;189;218;322;163
Valladolid;47082;4708201001;2023;82;98;187;89;103;126;121;86;185;224;308;175
Valladolid;47083;4708301001;2021;9;7;16;15;9;12;13;9;18;19;29;24
Valladolid;47083;4708301001;2022;10;7;17;15;10;14;13;10;20;21;30;25
Valladolid;47083;4708301001;2023;10;8;17;19;4;14;13;12;14;22;30;31
Valladolid;47084;4708401001;2021;208;119;245;101;251;146;187;94;459;265;432;195
Valladolid;47084;4708401001;2022;206;119;240;104;248;152;191;89;454;271;431;193
Valladolid;47084;4708401001;2023;188;122;232;99;225;158;186;89;413;280;418;188
Valladolid;47085;4708501001;2021;64;64;104;69;92;89;92;44;156;153;196;113
Valladolid;47085;4708501001;2022;62;64;100;72;87;91;95;50;149;155;195;122
Valladolid;47085;4708501001;2023;79;67;107;70;91;86;99;48;170;153;206;118
Valladolid;47085;4708501002;2021;122;180;454;187;171;301;336;199;293;481;790;386
Valladolid;47085;4708501002;2022;118;186;437;190;162;305;340;190;280;491;777;380
Valladolid;47085;4708501002;2023;123;186;429;197;168;315;336;197;291;501;765;394
Valladolid;47085;4708501003;2021;132;215;354;193;171;299;313;186;303;514;667;379
Valladolid;47085;4708501003;2022;137;212;354;199;171;307;311;183;308;519;665;382
Valladolid;47085;4708501003;2023;118;210;370;201;161;308;307;172;279;518;677;373
Valladolid;47085;4708501004;2021;106;141;225;135;167;182;223;115;273;323;448;250
Valladolid;47085;4708501004;2022;93;139;215;137;155;182;228;108;248;321;443;245
Valladolid;47085;4708501004;2023;104;129;224;139;145;178;222;117;249;307;446;256
Valladolid;47085;4708501005;2021;96;153;275;137;132;221;213;141;228;374;488;278
Valladolid;47085;4708501005;2022;92;152;269;138;131;222;212;138;223;374;481;276
Valladolid;47085;4708501005;2023;98;161;273;140;135;237;215;128;233;398;488;268
Valladolid;47085;4708501006;2021;76;104;200;107;105;150;148;84;181;254;348;191
Valladolid;47085;4708501006;2022;73;102;205;110;104;152;145;88;177;254;350;198
Valladolid;47085;4708501006;2023;72;105;200;104;104;151;135;99;176;256;335;203
Valladolid;47085;4708502001;2021;120;125;172;83;203;183;164;98;323;308;336;181
Valladolid;47085;4708502001;2022;115;130;172;94;185;185;167;98;300;315;339;192
Valladolid;47085;4708502001;2023;111;131;164;97;161;189;170;94;272;320;334;191
Valladolid;47085;4708502002;2021;116;130;248;146;170;204;211;139;286;334;459;285
Valladolid;47085;4708502002;2022;108;136;252;152;161;209;211;144;269;345;463;296
Valladolid;47085;4708502002;2023;106;136;241;153;155;214;211;144;261;350;452;297
Valladolid;47085;4708502003;2021;103;81;228;89;146;115;177;83;249;196;405;172
Valladolid;47085;4708502003;2022;100;81;234;77;139;115;177;78;239;196;411;155
Valladolid;47085;4708502003;2023;99;84;234;66;142;116;160;88;241;200;394;154
Valladolid;47085;4708502004;2021;101;53;324;79;132;92;254;94;233;145;578;173
Valladolid;47085;4708502004;2022;108;55;318;80;127;93;259;98;235;148;577;178
Valladolid;47085;4708502004;2023;100;56;318;75;117;92;258;104;217;148;576;179
Valladolid;47085;4708503001;2021;119;64;270;123;173;87;233;89;292;151;503;212
Valladolid;47085;4708503001;2022;115;68;271;118;169;92;230;96;284;160;501;214
Valladolid;47085;4708503001;2023;125;65;254;119;162;97;232;93;287;162;486;212
Valladolid;47085;4708503002;2021;83;38;223;60;116;61;152;74;199;99;375;134
Valladolid;47085;4708503002;2022;91;42;220;53;122;63;145;73;213;105;365;126
Valladolid;47085;4708503002;2023;92;41;219;55;124;65;135;71;216;106;354;126
Valladolid;47085;4708503003;2021;136;130;385;146;180;231;271;127;316;361;656;273
Valladolid;47085;4708503003;2022;140;135;375;152;173;230;275;127;313;365;650;279
Valladolid;47085;4708503003;2023;157;143;378;161;169;226;275;142;326;369;653;303
Valladolid;47085;4708503004;2021;107;100;340;135;155;166;271;127;262;266;611;262
Valladolid;47085;4708503004;2022;103;102;340;125;140;167;275;126;243;269;615;251
Valladolid;47085;4708503004;2023;102;101;343;123;145;165;267;133;247;266;610;256
Valladolid;47086;4708601001;2021;134;43;164;61;161;52;132;44;295;95;296;105
Valladolid;47086;4708601001;2022;134;41;170;58;151;51;128;49;285;92;298;107
Valladolid;47086;4708601001;2023;128;39;169;58;143;60;135;48;271;99;304;106
Valladolid;47086;4708601002;2021;95;116;161;110;111;191;134;101;206;307;295;211
Valladolid;47086;4708601002;2022;87;117;165;113;109;196;131;101;196;313;296;214
Valladolid;47086;4708601002;2023;80;114;160;116;111;190;127;98;191;304;287;214
Valladolid;47086;4708602001;2021;61;90;142;73;98;105;101;59;159;195;243;132
Valladolid;47086;4708602001;2022;58;98;141;73;94;112;104;54;152;210;245;127
Valladolid;47086;4708602001;2023;58;107;136;72;91;121;101;60;149;228;237;132
Valladolid;47086;4708602002;2021;150;161;255;166;170;237;222;132;320;398;477;298
Valladolid;47086;4708602002;2022;144;159;259;161;160;233;212;128;304;392;471;289
Valladolid;47086;4708602002;2023;144;156;256;164;159;234;213;127;303;390;469;291
Valladolid;47087;4708701001;2021;46;47;91;36;47;48;62;30;93;95;153;66
Valladolid;47087;4708701001;2022;44;48;91;35;47;48;62;30;91;96;153;65
Valladolid;47087;4708701001;2023;41;44;88;37;43;48;65;32;84;92;153;69
Valladolid;47088;4708801001;2021;11;16;20;12;21;16;10;6;32;32;30;18
Valladolid;47088;4708801001;2022;9;14;22;12;19;15;11;5;28;29;33;17
Valladolid;47088;4708801001;2023;9;14;23;10;21;16;10;6;30;30;33;16
Valladolid;47089;4708901001;2021;14;17;36;16;18;16;22;8;32;33;58;24
Valladolid;47089;4708901001;2022;15;19;38;17;19;18;22;12;34;37;60;29
Valladolid;47089;4708901001;2023;14;21;41;17;20;17;22;10;34;38;63;27
Valladolid;47090;4709001001;2021;120;144;255;114;135;161;194;96;255;305;449;210
Valladolid;47090;4709001001;2022;106;147;247;112;128;159;194;97;234;306;441;209
Valladolid;47090;4709001001;2023;103;154;249;105;130;163;194;96;233;317;443;201
Valladolid;47090;4709001002;2021;143;161;384;175;146;206;273;163;289;367;657;338
Valladolid;47090;4709001002;2022;136;170;388;174;131;221;285;161;267;391;673;335
Valladolid;47090;4709001002;2023;136;176;388;177;130;228;285;168;266;404;673;345
Valladolid;47091;4709101001;2021;7;10;12;13;9;8;15;3;16;18;27;16
Valladolid;47091;4709101001;2022;6;11;11;13;9;9;14;4;15;20;25;17
Valladolid;47091;4709101001;2023;6;10;12;13;8;7;13;5;14;17;25;18
Valladolid;47092;4709201001;2021;11;19;18;11;7;13;11;8;18;32;29;19
Valladolid;47092;4709201001;2022;11;22;17;10;7;16;11;7;18;38;28;17
Valladolid;47092;4709201001;2023;10;22;17;10;5;15;12;5;15;37;29;15
Valladolid;47093;4709301001;2021;84;98;172;88;88;111;111;57;172;209;283;145
Valladolid;47093;4709301001;2022;77;101;178;87;80;116;116;59;157;217;294;146
Valladolid;47093;4709301001;2023;68;97;181;88;78;119;114;58;146;216;295;146
Valladolid;47094;4709401001;2021;21;24;26;9;20;11;19;11;41;35;45;20
Valladolid;47094;4709401001;2022;19;23;27;8;18;12;19;12;37;35;46;20
Valladolid;47094;4709401001;2023;18;22;28;8;20;11;18;12;38;33;46;20
Valladolid;47096;4709601001;2021;13;20;25;15;18;20;19;8;31;40;44;23
Valladolid;47096;4709601001;2022;12;21;24;14;16;20;18;6;28;41;42;20
Valladolid;47096;4709601001;2023;14;23;24;13;12;19;17;7;26;42;41;20
Valladolid;47097;4709701001;2021;41;39;69;26;46;36;52;15;87;75;121;41
Valladolid;47097;4709701001;2022;39;38;65;30;43;34;51;15;82;72;116;45
Valladolid;47097;4709701001;2023;38;38;66;30;39;39;48;17;77;77;114;47
Valladolid;47098;4709801001;2021;45;82;92;78;63;94;89;44;108;176;181;122
Valladolid;47098;4709801001;2022;42;87;94;80;63;95;92;44;105;182;186;124
Valladolid;47098;4709801001;2023;40;94;97;78;61;100;93;44;101;194;190;122
Valladolid;47099;4709901001;2021;15;18;26;19;19;25;15;15;34;43;41;34
Valladolid;47099;4709901001;2022;16;18;29;23;19;28;16;16;35;46;45;39
Valladolid;47099;4709901001;2023;13;20;28;22;17;29;15;14;30;49;43;36
Valladolid;47100;4710001001;2021;8;8;37;6;16;10;27;3;24;18;64;9
Valladolid;47100;4710001001;2022;7;8;36;8;16;11;26;4;23;19;62;12
Valladolid;47100;4710001001;2023;8;9;34;8;15;11;26;4;23;20;60;12
Valladolid;47101;4710101001;2021;107;47;192;51;130;58;110;43;237;105;302;94
Valladolid;47101;4710101001;2022;103;45;183;57;120;57;112;41;223;102;295;98
Valladolid;47101;4710101001;2023;94;48;176;53;116;58;111;42;210;106;287;95
Valladolid;47101;4710101002;2021;120;64;260;72;162;107;169;62;282;171;429;134
Valladolid;47101;4710101002;2022;114;62;262;75;153;115;166;68;267;177;428;143
Valladolid;47101;4710101002;2023;108;60;260;73;156;111;168;66;264;171;428;139
Valladolid;47102;4710201001;2021;42;21;69;23;35;13;51;9;77;34;120;32
Valladolid;47102;4710201001;2022;40;22;66;26;33;17;51;11;73;39;117;37
Valladolid;47102;4710201001;2023;37;22;71;26;33;19;49;13;70;41;120;39
Valladolid;47103;4710301001;2021;39;21;78;27;42;21;44;19;81;42;122;46
Valladolid;47103;4710301001;2022;35;21;78;27;40;25;44;17;75;46;122;44
Valladolid;47103;4710301001;2023;35;25;76;29;39;27;45;16;74;52;121;45
Valladolid;47104;4710401001;2021;61;59;126;61;89;79;101;54;150;138;227;115
Valladolid;47104;4710401001;2022;57;60;125;54;82;83;99;53;139;143;224;107
Valladolid;47104;4710401001;2023;60;60;122;54;83;83;105;57;143;143;227;111
Valladolid;47104;4710401002;2021;63;112;207;97;83;147;171;93;146;259;378;190
Valladolid;47104;4710401002;2022;63;113;206;100;78;155;163;91;141;268;369;191
Valladolid;47104;4710401002;2023;58;116;209;102;72;160;167;93;130;276;376;195
Valladolid;47104;4710402001;2021;77;102;170;72;93;119;137;80;170;221;307;152
Valladolid;47104;4710402001;2022;65;98;173;78;96;124;143;89;161;222;316;167
Valladolid;47104;4710402001;2023;65;99;178;83;93;124;141;83;158;223;319;166
Valladolid;47104;4710402002;2021;59;52;164;69;59;80;150;63;118;132;314;132
Valladolid;47104;4710402002;2022;57;56;166;67;52;75;149;62;109;131;315;129
Valladolid;47104;4710402002;2023;53;58;163;62;50;73;141;63;103;131;304;125
Valladolid;47105;4710501001;2021;15;26;40;14;18;23;28;10;33;49;68;24
Valladolid;47105;4710501001;2022;14;26;40;13;19;23;30;11;33;49;70;24
Valladolid;47105;4710501001;2023;17;27;40;17;21;24;28;11;38;51;68;28
Valladolid;47106;4710601001;2021;8;4;14;4;3;7;7;2;11;11;21;6
Valladolid;47106;4710601001;2022;7;4;9;4;2;7;6;2;9;11;15;6
Valladolid;47106;4710601001;2023;6;5;8;5;1;7;7;1;7;12;15;6
Valladolid;47109;4710901001;2021;11;19;39;16;15;24;29;12;26;43;68;28
Valladolid;47109;4710901001;2022;10;16;40;15;15;26;31;9;25;42;71;24
Valladolid;47109;4710901001;2023;11;20;40;13;11;23;29;9;22;43;69;22
Valladolid;47110;4711001001;2021;38;53;94;42;71;52;67;38;109;105;161;80
Valladolid;47110;4711001001;2022;38;59;93;41;68;54;68;36;106;113;161;77
Valladolid;47110;4711001001;2023;36;58;93;42;68;57;69;37;104;115;162;79
Valladolid;47111;4711101001;2021;100;117;212;96;118;120;174;81;218;237;386;177
Valladolid;47111;4711101001;2022;99;124;214;99;114;126;173;86;213;250;387;185
Valladolid;47111;4711101001;2023;104;128;219;106;114;130;174;96;218;258;393;202
Valladolid;47112;4711201001;2021;141;118;436;129;184;138;354;99;325;256;790;228
Valladolid;47112;4711201001;2022;141;115;436;130;175;141;359;107;316;256;795;237
Valladolid;47112;4711201001;2023;140;124;444;126;175;148;357;116;315;272;801;242
Valladolid;47112;4711201002;2021;115;115;336;104;138;143;279;99;253;258;615;203
Valladolid;47112;4711201002;2022;108;120;334;115;135;152;282;105;243;272;616;220
Valladolid;47112;4711201002;2023;96;121;343;120;133;155;282;100;229;276;625;220
Valladolid;47113;4711301001;2021;20;14;39;12;19;14;25;10;39;28;64;22
Valladolid;47113;4711301001;2022;17;14;38;13;17;14;23;10;34;28;61;23
Valladolid;47113;4711301001;2023;14;16;36;16;16;15;21;9;30;31;57;25
Valladolid;47114;4711401001;2021;159;168;364;141;173;243;265;118;332;411;629;259
Valladolid;47114;4711401001;2022;148;175;365;150;168;247;271;123;316;422;636;273
Valladolid;47114;4711401001;2023;197;173;369;151;179;256;278;119;376;429;647;270
Valladolid;47114;4711401002;2021;124;108;284;83;169;138;230;82;293;246;514;165
Valladolid;47114;4711401002;2022;121;110;297;87;166;144;236;91;287;254;533;178
Valladolid;47114;4711401002;2023;130;108;289;85;164;148;234;89;294;256;523;174
Valladolid;47114;4711402001;2021;89;141;179;81;125;157;122;63;214;298;301;144
Valladolid;47114;4711402001;2022;90;150;181;80;118;167;121;60;208;317;302;140
Valladolid;47114;4711402001;2023;89;159;187;79;116;165;118;60;205;324;305;139
Valladolid;47114;4711402002;2021;64;58;110;65;78;82;74;75;142;140;184;140
Valladolid;47114;4711402002;2022;72;59;116;61;74;93;74;63;146;152;190;124
Valladolid;47114;4711402002;2023;44;58;108;66;68;89;65;70;112;147;173;136
Valladolid;47115;4711501001;2021;35;50;64;22;40;34;40;25;75;84;104;47
Valladolid;47115;4711501001;2022;31;51;65;26;38;38;41;26;69;89;106;52
Valladolid;47115;4711501001;2023;32;51;64;27;38;41;40;24;70;92;104;51
Valladolid;47116;4711601001;2021;39;62;84;35;47;69;46;24;86;131;130;59
Valladolid;47116;4711601001;2022;38;60;78;35;49;67;46;24;87;127;124;59
Valladolid;47116;4711601001;2023;33;60;80;36;46;68;46;27;79;128;126;63
Valladolid;47117;4711701001;2021;24;45;58;28;27;43;41;30;51;88;99;58
Valladolid;47117;4711701001;2022;23;44;57;30;27;45;41;31;50;89;98;61
Valladolid;47117;4711701001;2023;23;45;59;27;27;46;40;26;50;91;99;53
Valladolid;47118;4711801001;2021;27;33;22;7;24;22;16;7;51;55;38;14
Valladolid;47118;4711801001;2022;24;31;20;8;16;23;15;7;40;54;35;15
Valladolid;47118;4711801001;2023;21;36;20;10;15;25;13;9;36;61;33;19
Valladolid;47119;4711901001;2021;12;13;18;4;16;7;16;4;28;20;34;8
Valladolid;47119;4711901001;2022;11;14;16;5;14;7;16;4;25;21;32;9
Valladolid;47119;4711901001;2023;11;11;17;5;14;5;16;4;25;16;33;9
Valladolid;47121;4712101001;2021;129;41;115;37;108;40;74;34;237;81;189;71
Valladolid;47121;4712101001;2022;135;43;117;38;107;45;68;32;242;88;185;70
Valladolid;47121;4712101001;2023;119;43;118;37;97;47;71;31;216;90;189;68
Valladolid;47122;4712201001;2021;48;80;170;68;67;79;140;32;115;159;310;100
Valladolid;47122;4712201001;2022;44;87;170;62;66;77;139;35;110;164;309;97
Valladolid;47122;4712201001;2023;37;86;161;62;59;75;138;32;96;161;299;94
Valladolid;47122;4712202001;2021;128;183;276;139;168;222;225;98;296;405;501;237
Valladolid;47122;4712202001;2022;115;190;282;138;158;243;227;100;273;433;509;238
Valladolid;47122;4712202001;2023;110;198;283;135;155;242;228;103;265;440;511;238
Valladolid;47123;4712301001;2021;44;54;108;60;50;57;75;34;94;111;183;94
Valladolid;47123;4712301001;2022;39;55;104;60;49;58;74;38;88;113;178;98
Valladolid;47123;4712301001;2023;38;55;105;56;47;60;72;40;85;115;177;96
Valladolid;47124;4712401001;2021;47;43;103;39;58;44;79;27;105;87;182;66
Valladolid;47124;4712401001;2022;60;48;106;36;61;43;77;33;121;91;183;69
Valladolid;47124;4712401001;2023;58;51;100;40;57;44;77;32;115;95;177;72
Valladolid;47127;4712701001;2021;21;19;32;9;18;19;17;10;39;38;49;19
Valladolid;47127;4712701001;2022;22;19;30;9;17;19;15;10;39;38;45;19
Valladolid;47127;4712701001;2023;20;20;30;10;15;21;16;10;35;41;46;20
Valladolid;47128;4712801001;2021;6;8;9;4;6;7;11;3;12;15;20;7
Valladolid;47128;4712801001;2022;6;8;8;4;6;5;10;4;12;13;18;8
Valladolid;47128;4712801001;2023;6;7;7;4;5;4;10;4;11;11;17;8
Valladolid;47129;4712901001;2021;119;99;195;77;109;105;142;63;228;204;337;140
Valladolid;47129;4712901001;2022;114;105;196;74;105;104;138;65;219;209;334;139
Valladolid;47129;4712901001;2023;102;101;205;76;100;112;142;63;202;213;347;139
Valladolid;47130;4713001001;2021;13;8;21;5;15;12;15;10;28;20;36;15
Valladolid;47130;4713001001;2022;13;9;20;6;15;12;13;11;28;21;33;17
Valladolid;47130;4713001001;2023;12;10;20;6;13;11;13;10;25;21;33;16
Valladolid;47131;4713101001;2021;24;16;36;10;30;14;21;11;54;30;57;21
Valladolid;47131;4713101001;2022;23;15;37;12;30;16;21;10;53;31;58;22
Valladolid;47131;4713101001;2023;23;15;36;12;28;17;24;10;51;32;60;22
Valladolid;47133;4713301001;2021;67;244;267;187;98;265;197;171;165;509;464;358
Valladolid;47133;4713301001;2022;61;252;261;181;96;281;199;170;157;533;460;351
Valladolid;47133;4713301001;2023;53;255;258;186;92;294;200;174;145;549;458;360
Valladolid;47133;4713301002;2021;28;331;203;227;28;384;149;186;56;715;352;413
Valladolid;47133;4713301002;2022;24;341;207;231;30;395;164;182;54;736;371;413
Valladolid;47133;4713301002;2023;28;360;213;228;25;403;160;197;53;763;373;425
Valladolid;47134;4713401001;2021;18;21;37;9;30;14;22;5;48;35;59;14
Valladolid;47134;4713401001;2022;19;23;38;12;32;15;22;6;51;38;60;18
Valladolid;47134;4713401001;2023;16;22;38;12;30;15;21;5;46;37;59;17
Valladolid;47135;4713501001;2021;12;18;10;7;12;15;6;2;24;33;16;9
Valladolid;47135;4713501001;2022;10;19;11;7;12;16;6;2;22;35;17;9
Valladolid;47135;4713501001;2023;11;19;11;10;9;17;7;5;20;36;18;15
Valladolid;47138;4713801001;2021;17;21;66;17;22;12;46;11;39;33;112;28
Valladolid;47138;4713801001;2022;17;22;66;18;20;11;45;10;37;33;111;28
Valladolid;47138;4713801001;2023;17;22;66;18;23;13;47;11;40;35;113;29
Valladolid;47139;4713901001;2021;132;92;264;91;158;115;194;64;290;207;458;155
Valladolid;47139;4713901001;2022;112;93;260;89;138;118;189;63;250;211;449;152
Valladolid;47139;4713901001;2023;112;91;256;91;135;120;189;66;247;211;445;157
Valladolid;47140;4714001001;2021;16;14;29;8;16;12;12;2;32;26;41;10
Valladolid;47140;4714001001;2022;16;14;29;8;14;11;11;3;30;25;40;11
Valladolid;47140;4714001001;2023;17;14;28;9;15;10;11;3;32;24;39;12
Valladolid;47141;4714101001;2021;17;13;27;6;16;12;15;3;33;25;42;9
Valladolid;47141;4714101001;2022;13;13;27;5;12;15;16;3;25;28;43;8
Valladolid;47141;4714101001;2023;14;13;27;6;13;15;15;3;27;28;42;9
Valladolid;47142;4714201001;2021;15;17;28;11;10;12;20;7;25;29;48;18
Valladolid;47142;4714201001;2022;13;18;28;9;9;13;20;4;22;31;48;13
Valladolid;47142;4714201001;2023;10;17;29;10;10;12;18;7;20;29;47;17
Valladolid;47143;4714301001;2021;17;19;20;6;17;9;11;8;34;28;31;14
Valladolid;47143;4714301001;2022;15;18;20;6;16;10;11;8;31;28;31;14
Valladolid;47143;4714301001;2023;14;18;19;7;16;9;11;5;30;27;30;12
Valladolid;47144;4714401001;2021;10;5;19;9;6;8;12;10;16;13;31;19
Valladolid;47144;4714401001;2022;10;5;19;9;5;9;12;9;15;14;31;18
Valladolid;47144;4714401001;2023;10;7;18;10;4;14;11;10;14;21;29;20
Valladolid;47145;4714501001;2021;60;67;150;42;77;64;89;48;137;131;239;90
Valladolid;47145;4714501001;2022;54;67;154;39;70;70;87;48;124;137;241;87
Valladolid;47145;4714501001;2023;52;70;155;40;67;72;88;49;119;142;243;89
Valladolid;47146;4714601001;2021;19;32;64;34;31;32;53;33;50;64;117;67
Valladolid;47146;4714601001;2022;15;33;67;39;27;36;58;34;42;69;125;73
Valladolid;47146;4714601001;2023;14;29;67;40;25;39;57;33;39;68;124;73
Valladolid;47147;4714701001;2021;6;11;29;10;11;9;19;10;17;20;48;20
Valladolid;47147;4714701001;2022;7;10;31;10;11;11;19;9;18;21;50;19
Valladolid;47147;4714701001;2023;7;10;34;9;9;10;16;9;16;20;50;18
Valladolid;47148;4714801001;2021;61;31;99;37;61;44;79;21;122;75;178;58
Valladolid;47148;4714801001;2022;55;31;103;36;55;44;78;23;110;75;181;59
Valladolid;47148;4714801001;2023;52;30;102;36;54;41;73;22;106;71;175;58
Valladolid;47150;4715001001;2021;46;16;58;13;63;27;45;17;109;43;103;30
Valladolid;47150;4715001001;2022;42;18;58;15;58;28;45;20;100;46;103;35
Valladolid;47150;4715001001;2023;42;21;55;17;48;34;42;22;90;55;97;39
Valladolid;47152;4715201001;2021;5;10;13;9;4;14;13;3;9;24;26;12
Valladolid;47152;4715201001;2022;7;11;9;9;4;14;11;3;11;25;20;12
Valladolid;47152;4715201001;2023;6;12;12;8;3;14;11;4;9;26;23;12
Valladolid;47153;4715301001;2021;13;18;20;10;14;12;16;4;27;30;36;14
Valladolid;47153;4715301001;2022;11;17;19;9;14;12;16;4;25;29;35;13
Valladolid;47153;4715301001;2023;12;17;19;11;15;13;16;6;27;30;35;17
Valladolid;47154;4715401001;2021;11;27;42;20;22;23;18;7;33;50;60;27
Valladolid;47154;4715401001;2022;9;30;43;21;23;22;18;9;32;52;61;30
Valladolid;47154;4715401001;2023;11;31;44;19;20;24;17;9;31;55;61;28
Valladolid;47155;4715501001;2021;102;298;381;262;127;342;338;210;229;640;719;472
Valladolid;47155;4715501001;2022;102;306;384;282;116;354;362;223;218;660;746;505
Valladolid;47155;4715501001;2023;56;173;193;138;38;174;180;116;94;347;373;254
Valladolid;47155;4715501002;2021;91;233;322;239;120;281;246;177;211;514;568;416
Valladolid;47155;4715501002;2022;89;236;312;238;106;285;242;173;195;521;554;411
Valladolid;47155;4715501002;2023;81;237;310;234;109;298;241;187;190;535;551;421
Valladolid;47155;4715501003;2023;55;142;201;146;75;192;185;107;130;334;386;253
Valladolid;47156;4715601001;2021;14;8;45;11;18;10;33;6;32;18;78;17
Valladolid;47156;4715601001;2022;16;8;47;13;19;10;34;7;35;18;81;20
Valladolid;47156;4715601001;2023;12;8;47;13;18;11;34;7;30;19;81;20
Valladolid;47157;4715701001;2021;47;73;101;62;53;66;92;49;100;139;193;111
Valladolid;47157;4715701001;2022;45;75;103;60;47;66;87;54;92;141;190;114
Valladolid;47157;4715701001;2023;45;75;104;66;49;68;86;55;94;143;190;121
Valladolid;47158;4715801001;2021;110;82;220;74;137;110;145;65;247;192;365;139
Valladolid;47158;4715801001;2022;99;85;227;80;133;109;145;68;232;194;372;148
Valladolid;47158;4715801001;2023;96;85;222;73;126;111;141;63;222;196;363;136
Valladolid;47159;4715901001;2021;97;95;223;105;105;118;160;78;202;213;383;183
Valladolid;47159;4715901001;2022;96;94;221;110;101;117;159;88;197;211;380;198
Valladolid;47159;4715901001;2023;101;99;224;111;104;121;160;85;205;220;384;196
Valladolid;47160;4716001001;2021;54;42;86;31;74;42;49;19;128;84;135;50
Valladolid;47160;4716001001;2022;49;40;85;36;74;47;51;19;123;87;136;55
Valladolid;47160;4716001001;2023;47;38;87;37;73;46;53;22;120;84;140;59
Valladolid;47161;4716101001;2021;130;240;283;146;111;287;222;110;241;527;505;256
Valladolid;47161;4716101001;2022;122;243;282;144;106;291;226;110;228;534;508;254
Valladolid;47161;4716101001;2023;119;250;284;147;102;303;230;119;221;553;514;266
Valladolid;47161;4716101002;2021;30;535;87;131;40;505;99;127;70;1040;186;258
Valladolid;47161;4716101002;2022;31;543;88;138;38;514;101;133;69;1057;189;271
Valladolid;47161;4716101002;2023;30;539;96;148;38;525;106;129;68;1064;202;277
Valladolid;47161;4716101003;2021;19;430;89;135;20;447;90;113;39;877;179;248
Valladolid;47161;4716101003;2022;21;444;99;137;21;477;94;125;42;921;193;262
Valladolid;47161;4716101003;2023;25;458;100;144;28;479;93;133;53;937;193;277
Valladolid;47162;4716201001;2021;4;13;9;11;1;12;9;5;5;25;18;16
Valladolid;47162;4716201001;2022;7;14;10;13;2;18;10;7;9;32;20;20
Valladolid;47162;4716201001;2023;6;15;11;13;2;18;9;6;8;33;20;19
Valladolid;47163;4716301001;2021;23;32;50;33;35;43;42;17;58;75;92;50
Valladolid;47163;4716301001;2022;21;39;48;35;33;43;43;16;54;82;91;51
Valladolid;47163;4716301001;2023;22;37;48;35;31;36;46;16;53;73;94;51
Valladolid;47164;4716401001;2021;50;39;89;29;47;41;55;33;97;80;144;62
Valladolid;47164;4716401001;2022;44;38;86;29;47;41;54;29;91;79;140;58
Valladolid;47164;4716401001;2023;42;37;83;30;50;37;51;29;92;74;134;59
Valladolid;47165;4716501001;2021;123;133;251;132;142;154;193;113;265;287;444;245
Valladolid;47165;4716501001;2022;121;137;242;136;140;158;181;121;261;295;423;257
Valladolid;47165;4716501001;2023;109;132;236;146;139;169;183;125;248;301;419;271
Valladolid;47165;4716501002;2021;75;27;161;54;105;44;118;41;180;71;279;95
Valladolid;47165;4716501002;2022;71;32;160;51;105;48;112;43;176;80;272;94
Valladolid;47165;4716501002;2023;70;33;166;54;101;49;118;45;171;82;284;99
Valladolid;47165;4716501003;2021;115;71;257;100;127;116;217;83;242;187;474;183
Valladolid;47165;4716501003;2022;110;76;263;102;121;124;220;76;231;200;483;178
Valladolid;47165;4716501003;2023;105;81;263;102;119;129;212;77;224;210;475;179
Valladolid;47165;4716502001;2021;150;207;384;205;181;266;326;183;331;473;710;388
Valladolid;47165;4716502001;2022;130;207;373;207;169;271;319;189;299;478;692;396
Valladolid;47165;4716502001;2023;128;215;377;212;162;267;325;194;290;482;702;406
Valladolid;47165;4716502002;2021;117;215;192;141;170;218;160;96;287;433;352;237
Valladolid;47165;4716502002;2022;124;225;196;139;168;227;158;96;292;452;354;235
Valladolid;47165;4716502002;2023;120;235;190;136;160;231;152;99;280;466;342;235
Valladolid;47165;4716502003;2021;120;149;319;154;143;217;240;134;263;366;559;288
Valladolid;47165;4716502003;2022;114;153;312;159;131;225;240;141;245;378;552;300
Valladolid;47165;4716502003;2023;108;159;317;157;130;231;242;143;238;390;559;300
Valladolid;47166;4716601001;2021;21;32;49;19;31;38;40;21;52;70;89;40
Valladolid;47166;4716601001;2022;19;33;52;17;29;40;43;18;48;73;95;35
Valladolid;47166;4716601001;2023;18;30;52;16;31;36;40;16;49;66;92;32
Valladolid;47167;4716701001;2021;24;28;45;22;38;31;34;15;62;59;79;37
Valladolid;47167;4716701001;2022;21;26;45;23;36;33;33;12;57;59;78;35
Valladolid;47167;4716701001;2023;19;28;44;23;37;34;30;12;56;62;74;35
Valladolid;47169;4716901001;2021;10;5;15;5;13;7;6;4;23;12;21;9
Valladolid;47169;4716901001;2022;7;5;16;5;10;7;6;4;17;12;22;9
Valladolid;47169;4716901001;2023;5;5;17;6;10;7;6;5;15;12;23;11
Valladolid;47171;4717101001;2021;41;40;82;29;58;45;59;21;99;85;141;50
Valladolid;47171;4717101001;2022;41;46;83;27;55;46;60;20;96;92;143;47
Valladolid;47171;4717101001;2023;35;46;82;29;52;49;61;18;87;95;143;47
Valladolid;47172;4717201001;2021;10;17;42;8;14;25;22;11;24;42;64;19
Valladolid;47172;4717201001;2022;10;18;41;8;12;25;23;8;22;43;64;16
Valladolid;47172;4717201001;2023;10;18;42;9;13;25;20;10;23;43;62;19
Valladolid;47173;4717301001;2021;60;131;257;103;77;130;187;78;137;261;444;181
Valladolid;47173;4717301001;2022;60;144;261;112;76;143;187;84;136;287;448;196
Valladolid;47173;4717301001;2023;61;145;273;114;82;146;182;101;143;291;455;215
Valladolid;47174;4717401001;2021;21;44;50;37;24;47;31;25;45;91;81;62
Valladolid;47174;4717401001;2022;18;47;52;36;22;47;32;26;40;94;84;62
Valladolid;47174;4717401001;2023;18;47;55;37;21;51;35;29;39;98;90;66
Valladolid;47175;4717501001;2021;38;93;141;77;53;110;107;69;91;203;248;146
Valladolid;47175;4717501001;2022;35;94;162;74;53;114;109;69;88;208;271;143
Valladolid;47175;4717501001;2023;43;94;163;79;52;115;114;76;95;209;277;155
Valladolid;47175;4717501002;2021;41;60;131;45;56;51;107;47;97;111;238;92
Valladolid;47175;4717501002;2022;40;57;123;42;55;56;110;44;95;113;233;86
Valladolid;47175;4717501002;2023;41;64;124;45;57;69;112;40;98;133;236;85
Valladolid;47175;4717501003;2021;103;373;295;243;98;424;210;199;201;797;505;442
Valladolid;47175;4717501003;2022;98;377;311;244;101;432;215;213;199;809;526;457
Valladolid;47175;4717501003;2023;92;405;309;253;101;447;228;231;193;852;537;484
Valladolid;47175;4717502001;2021;80;118;187;103;99;136;145;104;179;254;332;207
Valladolid;47175;4717502001;2022;76;119;181;108;96;141;150;113;172;260;331;221
Valladolid;47175;4717502001;2023;80;123;185;107;88;145;153;114;168;268;338;221
Valladolid;47175;4717502002;2021;130;199;314;170;155;228;233;155;285;427;547;325
Valladolid;47175;4717502002;2022;118;202;311;174;146;246;231;154;264;448;542;328
Valladolid;47175;4717502002;2023;116;209;313;182;148;254;236;155;264;463;549;337
Valladolid;47175;4717502003;2021;108;221;346;167;134;277;260;167;242;498;606;334
Valladolid;47175;4717502003;2022;108;230;343;161;129;284;258;167;237;514;601;328
Valladolid;47175;4717502003;2023;101;241;335;169;122;281;260;176;223;522;595;345
Valladolid;47176;4717601001;2021;39;16;37;12;63;5;30;12;102;21;67;24
Valladolid;47176;4717601001;2022;34;16;33;13;58;8;30;12;92;24;63;25
Valladolid;47176;4717601001;2023;34;18;32;13;54;10;33;11;88;28;65;24
Valladolid;47177;4717701001;2021;16;21;17;12;15;8;11;4;31;29;28;16
Valladolid;47177;4717701001;2022;13;18;17;12;13;7;12;4;26;25;29;16
Valladolid;47177;4717701001;2023;13;15;18;13;13;5;12;2;26;20;30;15
Valladolid;47178;4717801001;2021;25;35;24;15;23;26;23;8;48;61;47;23
Valladolid;47178;4717801001;2022;22;37;27;18;21;30;24;10;43;67;51;28
Valladolid;47178;4717801001;2023;21;41;27;14;23;32;22;8;44;73;49;22
Valladolid;47179;4717901001;2021;51;58;87;31;44;47;59;25;95;105;146;56
Valladolid;47179;4717901001;2022;46;58;85;28;40;44;57;23;86;102;142;51
Valladolid;47179;4717901001;2023;45;61;85;29;40;48;51;20;85;109;136;49
Valladolid;47180;4718001001;2021;7;9;9;6;10;7;7;1;17;16;16;7
Valladolid;47180;4718001001;2022;7;9;11;6;9;6;10;1;16;15;21;7
Valladolid;47180;4718001001;2023;7;10;13;10;12;7;10;1;19;17;23;11
Valladolid;47181;4718101001;2021;28;24;29;15;24;32;14;16;52;56;43;31
Valladolid;47181;4718101001;2022;28;27;29;14;19;33;15;12;47;60;44;26
Valladolid;47181;4718101001;2023;26;26;31;14;16;33;15;11;42;59;46;25
Valladolid;47182;4718201001;2021;174;93;343;122;180;127;252;137;354;220;595;259
Valladolid;47182;4718201001;2022;166;91;349;127;174;131;251;142;340;222;600;269
Valladolid;47182;4718201001;2023;159;101;345;134;165;135;250;145;324;236;595;279
Valladolid;47183;4718301001;2021;16;14;26;12;19;10;27;14;35;24;53;26
Valladolid;47183;4718301001;2022;14;14;26;11;17;10;24;13;31;24;50;24
Valladolid;47183;4718301001;2023;15;13;21;14;16;11;24;12;31;24;45;26
Valladolid;47184;4718401001;2021;62;103;109;57;69;83;75;46;131;186;184;103
Valladolid;47184;4718401001;2022;61;113;107;52;70;90;75;45;131;203;182;97
Valladolid;47184;4718401001;2023;63;108;113;56;71;94;79;44;134;202;192;100
Valladolid;47185;4718501001;2021;13;12;16;12;10;16;7;2;23;28;23;14
Valladolid;47185;4718501001;2022;11;13;14;12;10;16;8;4;21;29;22;16
Valladolid;47185;4718501001;2023;12;14;17;13;8;18;9;5;20;32;26;18
Valladolid;47186;4718601001;2021;37;311;51;113;59;371;84;144;96;682;135;257
Valladolid;47186;4718601001;2022;34;316;52;108;49;370;75;139;83;686;127;247
Valladolid;47186;4718601001;2023;36;321;53;121;47;391;69;139;83;712;122;260
Valladolid;47186;4718601003;2021;15;238;30;85;41;292;64;116;56;530;94;201
Valladolid;47186;4718601003;2022;16;233;31;78;46;284;64;122;62;517;95;200
Valladolid;47186;4718601003;2023;16;249;36;80;36;294;61;108;52;543;97;188
Valladolid;47186;4718601006;2021;10;231;34;72;52;259;51;114;62;490;85;186
Valladolid;47186;4718601006;2022;9;231;36;73;45;262;47;105;54;493;83;178
Valladolid;47186;4718601006;2023;15;416;59;129;66;451;83;175;81;867;142;304
Valladolid;47186;4718601007;2021;7;164;18;61;29;166;36;67;36;330;54;128
Valladolid;47186;4718601007;2022;6;173;17;57;26;167;38;64;32;340;55;121
Valladolid;47186;4718602001;2021;21;166;42;72;40;219;44;89;61;385;86;161
Valladolid;47186;4718602001;2022;26;179;36;74;35;223;46;97;61;402;82;171
Valladolid;47186;4718602001;2023;21;176;31;79;36;221;38;103;57;397;69;182
Valladolid;47186;4718602002;2021;15;227;52;95;40;280;66;108;55;507;118;203
Valladolid;47186;4718602002;2022;16;233;50;90;41;282;62;111;57;515;112;201
Valladolid;47186;4718602002;2023;12;255;49;88;38;293;60;117;50;548;109;205
Valladolid;47186;4718602004;2021;25;226;49;105;64;283;74;89;89;509;123;194
Valladolid;47186;4718602004;2022;23;232;45;106;59;278;69;90;82;510;114;196
Valladolid;47186;4718602004;2023;21;244;47;100;61;285;60;101;82;529;107;201
Valladolid;47186;4718602005;2021;33;294;67;96;97;321;102;137;130;615;169;233
Valladolid;47186;4718602005;2022;26;291;61;96;92;329;99;139;118;620;160;235
Valladolid;47186;4718602005;2023;26;296;62;97;91;339;100;142;117;635;162;239
Valladolid;47186;4718602006;2021;41;180;56;79;77;242;67;89;118;422;123;168
Valladolid;47186;4718602006;2022;42;179;51;76;71;229;67;88;113;408;118;164
Valladolid;47186;4718602006;2023;41;181;57;73;73;233;70;92;114;414;127;165
Valladolid;47186;4718602007;2021;22;184;67;95;57;209;103;107;79;393;170;202
Valladolid;47186;4718602007;2022;20;184;66;87;58;214;109;102;78;398;175;189
Valladolid;47186;4718602007;2023;20;180;69;86;55;214;102;106;75;394;171;192
Valladolid;47186;4718602008;2021;23;151;31;71;40;183;50;83;63;334;81;154
Valladolid;47186;4718602008;2022;17;153;31;72;35;180;50;86;52;333;81;158
Valladolid;47186;4718602008;2023;30;298;66;139;72;362;81;155;102;660;147;294
Valladolid;47186;4718602009;2021;19;139;26;70;44;170;39;61;63;309;65;131
Valladolid;47186;4718602009;2022;13;141;28;66;37;173;38;59;50;314;66;125
Valladolid;47186;4718602010;2021;27;271;45;110;77;301;56;138;104;572;101;248
Valladolid;47186;4718602010;2022;27;279;47;110;75;300;47;135;102;579;94;245
Valladolid;47186;4718602010;2023;21;279;47;101;74;314;48;127;95;593;95;228
Valladolid;47186;4718602012;2021;32;185;50;76;59;221;73;89;91;406;123;165
Valladolid;47186;4718602012;2022;24;191;52;76;50;215;74;92;74;406;126;168
Valladolid;47186;4718602012;2023;25;195;47;79;48;224;69;93;73;419;116;172
Valladolid;47186;4718602013;2021;18;226;50;86;66;229;59;88;84;455;109;174
Valladolid;47186;4718602013;2022;17;232;50;83;63;245;62;78;80;477;112;161
Valladolid;47186;4718602013;2023;15;237;52;82;59;247;57;81;74;484;109;163
Valladolid;47186;4718602014;2021;30;287;72;102;85;269;116;125;115;556;188;227
Valladolid;47186;4718602014;2022;24;291;68;106;75;268;109;128;99;559;177;234
Valladolid;47186;4718602014;2023;23;288;78;107;75;274;107;121;98;562;185;228
Valladolid;47186;4718602015;2021;42;171;120;152;136;202;146;147;178;373;266;299
Valladolid;47186;4718602015;2022;43;169;120;150;136;201;142;152;179;370;262;302
Valladolid;47186;4718602015;2023;39;168;123;149;127;210;141;149;166;378;264;298
Valladolid;47186;4718602017;2021;35;124;48;82;76;166;66;96;111;290;114;178
Valladolid;47186;4718602017;2022;31;126;50;76;73;167;63;87;104;293;113;163
Valladolid;47186;4718602017;2023;30;137;51;76;66;170;59;90;96;307;110;166
Valladolid;47186;4718602019;2021;45;173;81;90;67;231;93;116;112;404;174;206
Valladolid;47186;4718602019;2022;40;162;79;97;62;234;88;119;102;396;167;216
Valladolid;47186;4718602019;2023;38;171;80;101;60;246;85;118;98;417;165;219
Valladolid;47186;4718603001;2021;21;141;36;67;43;197;64;61;64;338;100;128
Valladolid;47186;4718603001;2022;20;131;38;72;44;194;64;62;64;325;102;134
Valladolid;47186;4718603001;2023;17;143;35;65;41;205;62;61;58;348;97;126
Valladolid;47186;4718603002;2021;6;197;25;73;42;241;54;90;48;438;79;163
Valladolid;47186;4718603002;2022;5;213;25;73;37;247;45;97;42;460;70;170
Valladolid;47186;4718603002;2023;7;209;23;71;33;248;47;109;40;457;70;180
Valladolid;47186;4718603003;2021;27;174;66;88;69;236;97;105;96;410;163;193
Valladolid;47186;4718603003;2022;24;174;66;84;69;236;95;105;93;410;161;189
Valladolid;47186;4718603003;2023;25;175;70;87;65;243;90;105;90;418;160;192
Valladolid;47186;4718603004;2021;32;150;91;77;64;200;101;92;96;350;192;169
Valladolid;47186;4718603004;2022;28;147;92;80;57;199;99;95;85;346;191;175
Valladolid;47186;4718603004;2023;28;163;87;79;56;202;101;100;84;365;188;179
Valladolid;47186;4718603005;2021;65;186;120;134;138;257;131;123;203;443;251;257
Valladolid;47186;4718603005;2022;53;190;109;142;133;260;125;122;186;450;234;264
Valladolid;47186;4718603005;2023;55;198;114;137;129;276;124;130;184;474;238;267
Valladolid;47186;4718603007;2021;34;131;61;60;50;149;61;67;84;280;122;127
Valladolid;47186;4718603007;2022;29;136;62;63;42;147;61;66;71;283;123;129
Valladolid;47186;4718603007;2023;29;141;61;61;46;161;59;69;75;302;120;130
Valladolid;47186;4718603008;2021;20;338;60;97;61;389;88;124;81;727;148;221
Valladolid;47186;4718603008;2022;19;348;63;95;58;395;91;132;77;743;154;227
Valladolid;47186;4718603008;2023;18;356;64;100;54;412;85;130;72;768;149;230
Valladolid;47186;4718603009;2021;11;188;40;58;34;189;39;63;45;377;79;121
Valladolid;47186;4718603009;2022;14;193;36;56;32;190;45;61;46;383;81;117
Valladolid;47186;4718603009;2023;11;187;46;54;29;200;47;51;40;387;93;105
Valladolid;47186;4718604001;2021;88;158;175;129;166;166;212;99;254;324;387;228
Valladolid;47186;4718604001;2022;86;157;172;127;157;164;214;104;243;321;386;231
Valladolid;47186;4718604001;2023;81;161;168;125;150;167;194;110;231;328;362;235
Valladolid;47186;4718604002;2021;37;77;77;47;68;87;86;53;105;164;163;100
Valladolid;47186;4718604002;2022;38;74;79;50;59;93;84;56;97;167;163;106
Valladolid;47186;4718604002;2023;31;76;75;54;55;102;77;63;86;178;152;117
Valladolid;47186;4718604003;2021;100;142;211;134;209;173;214;150;309;315;425;284
Valladolid;47186;4718604003;2022;106;139;210;133;205;191;210;160;311;330;420;293
Valladolid;47186;4718604003;2023;109;148;200;141;191;199;204;160;300;347;404;301
Valladolid;47186;4718604004;2021;86;139;206;161;169;154;237;138;255;293;443;299
Valladolid;47186;4718604004;2022;81;140;192;165;157;156;235;135;238;296;427;300
Valladolid;47186;4718604004;2023;78;145;185;165;152;158;236;136;230;303;421;301
Valladolid;47186;4718604005;2021;62;118;151;103;111;112;156;80;173;230;307;183
Valladolid;47186;4718604005;2022;58;118;154;100;110;111;162;81;168;229;316;181
Valladolid;47186;4718604005;2023;50;126;154;96;103;116;156;79;153;242;310;175
Valladolid;47186;4718604006;2021;96;129;178;152;154;141;214;112;250;270;392;264
Valladolid;47186;4718604006;2022;91;129;178;146;148;144;208;106;239;273;386;252
Valladolid;47186;4718604006;2023;89;127;176;141;143;141;204;105;232;268;380;246
Valladolid;47186;4718604007;2021;114;175;320;176;226;182;293;163;340;357;613;339
Valladolid;47186;4718604007;2022;110;174;313;166;217;187;294;164;327;361;607;330
Valladolid;47186;4718604007;2023;110;174;333;171;212;198;296;172;322;372;629;343
Valladolid;47186;4718604008;2021;52;56;116;70;83;79;121;52;135;135;237;122
Valladolid;47186;4718604008;2022;49;56;110;73;90;76;119;63;139;132;229;136
Valladolid;47186;4718604008;2023;50;60;105;76;89;84;120;60;139;144;225;136
Valladolid;47186;4718604009;2021;73;52;187;92;117;71;167;89;190;123;354;181
Valladolid;47186;4718604009;2022;68;65;182;94;110;78;169;95;178;143;351;189
Valladolid;47186;4718604009;2023;68;74;189;93;109;86;166;105;177;160;355;198
Valladolid;47186;4718604010;2021;70;60;142;80;109;72;148;62;179;132;290;142
Valladolid;47186;4718604010;2022;75;62;140;81;104;70;153;65;179;132;293;146
Valladolid;47186;4718604010;2023;66;71;137;81;99;63;147;71;165;134;284;152
Valladolid;47186;4718604011;2021;125;14;265;48;179;6;215;31;304;20;480;79
Valladolid;47186;4718604011;2022;113;11;270;45;173;5;232;25;286;16;502;70
Valladolid;47186;4718604011;2023;121;13;280;44;168;8;226;32;289;21;506;76
Valladolid;47186;4718604012;2021;79;96;134;86;125;104;131;76;204;200;265;162
Valladolid;47186;4718604012;2022;70;98;133;81;121;107;131;75;191;205;264;156
Valladolid;47186;4718604012;2023;71;98;143;81;115;114;132;77;186;212;275;158
Valladolid;47186;4718604013;2021;56;91;141;84;88;106;110;82;144;197;251;166
Valladolid;47186;4718604013;2022;50;93;136;90;80;98;117;87;130;191;253;177
Valladolid;47186;4718604013;2023;49;94;141;86;75;103;123;91;124;197;264;177
Valladolid;47186;4718604014;2021;66;58;101;86;118;91;109;45;184;149;210;131
Valladolid;47186;4718604014;2022;63;60;95;80;116;93;110;51;179;153;205;131
Valladolid;47186;4718604014;2023;65;65;86;79;114;93;112;51;179;158;198;130
Valladolid;47186;4718604015;2021;98;80;141;108;158;80;168;94;256;160;309;202
Valladolid;47186;4718604015;2022;86;85;140;110;153;85;167;95;239;170;307;205
Valladolid;47186;4718604015;2023;81;86;141;116;148;95;162;93;229;181;303;209
Valladolid;47186;4718604016;2021;97;86;278;132;138;124;259;99;235;210;537;231
Valladolid;47186;4718604016;2022;97;92;263;125;125;118;251;104;222;210;514;229
Valladolid;47186;4718604016;2023;102;97;255;129;131;123;248;105;233;220;503;234
Valladolid;47186;4718604017;2021;83;110;210;119;129;145;185;110;212;255;395;229
Valladolid;47186;4718604017;2022;71;116;210;120;127;134;186;108;198;250;396;228
Valladolid;47186;4718604017;2023;71;121;197;128;118;148;174;111;189;269;371;239
Valladolid;47186;4718604018;2021;80;119;184;105;127;136;177;97;207;255;361;202
Valladolid;47186;4718604018;2022;67;130;184;113;116;141;169;100;183;271;353;213
Valladolid;47186;4718604018;2023;56;129;189;119;112;139;166;100;168;268;355;219
Valladolid;47186;4718604020;2021;75;44;135;60;116;48;121;52;191;92;256;112
Valladolid;47186;4718604020;2022;76;50;140;57;108;51;119;51;184;101;259;108
Valladolid;47186;4718604020;2023;138;90;313;134;217;116;248;132;355;206;561;266
Valladolid;47186;4718604021;2021;180;47;278;138;252;87;261;124;432;134;539;262
Valladolid;47186;4718604021;2022;171;51;283;139;243;85;259;126;414;136;542;265
Valladolid;47186;4718604021;2023;185;61;290;137;244;88;257;143;429;149;547;280
Valladolid;47186;4718604023;2021;73;26;170;63;106;45;127;72;179;71;297;135
Valladolid;47186;4718604023;2022;72;24;163;60;96;51;128;72;168;75;291;132
Valladolid;47186;4718604024;2021;72;82;142;70;117;75;148;74;189;157;290;144
Valladolid;47186;4718604024;2022;69;81;143;70;107;74;151;73;176;155;294;143
Valladolid;47186;4718604024;2023;66;93;135;89;104;74;154;75;170;167;289;164
Valladolid;47186;4718604025;2021;96;54;148;58;128;57;146;50;224;111;294;108
Valladolid;47186;4718604025;2022;95;58;149;60;130;53;142;58;225;111;291;118
Valladolid;47186;4718604025;2023;88;56;143;63;132;51;140;60;220;107;283;123
Valladolid;47186;4718604026;2021;112;106;204;121;172;122;224;109;284;228;428;230
Valladolid;47186;4718604026;2022;110;112;194;121;166;114;219;116;276;226;413;237
Valladolid;47186;4718604026;2023;106;116;199;115;162;122;220;116;268;238;419;231
Valladolid;47186;4718604027;2021;66;84;164;124;103;97;206;100;169;181;370;224
Valladolid;47186;4718604027;2022;65;90;154;119;97;98;209;85;162;188;363;204
Valladolid;47186;4718604027;2023;60;98;155;128;99;112;195;89;159;210;350;217
Valladolid;47186;4718604028;2021;121;51;298;62;210;58;268;70;331;109;566;132
Valladolid;47186;4718604028;2022;120;51;298;61;187;54;276;75;307;105;574;136
Valladolid;47186;4718604028;2023;123;52;305;70;197;55;275;72;320;107;580;142
Valladolid;47186;4718604029;2021;45;48;101;67;74;55;99;61;119;103;200;128
Valladolid;47186;4718604029;2022;43;47;105;67;73;53;101;71;116;100;206;138
Valladolid;47186;4718604029;2023;44;48;105;65;72;50;102;73;116;98;207;138
Valladolid;47186;4718604030;2021;82;91;189;106;146;110;169;99;228;201;358;205
Valladolid;47186;4718604030;2022;67;88;196;114;127;119;168;99;194;207;364;213
Valladolid;47186;4718604030;2023;59;96;193;119;125;134;165;102;184;230;358;221
Valladolid;47186;4718604032;2021;57;152;132;99;98;139;146;101;155;291;278;200
Valladolid;47186;4718604032;2022;48;148;131;96;92;142;147;92;140;290;278;188
Valladolid;47186;4718604032;2023;48;143;131;101;99;137;148;95;147;280;279;196
Valladolid;47186;4718604033;2021;80;51;127;76;99;61;120;67;179;112;247;143
Valladolid;47186;4718604033;2022;68;48;132;76;100;60;128;60;168;108;260;136
Valladolid;47186;4718604033;2023;69;51;143;89;101;67;129;65;170;118;272;154
Valladolid;47186;4718604034;2021;77;77;158;94;123;96;147;99;200;173;305;193
Valladolid;47186;4718604034;2022;73;97;161;108;127;117;155;103;200;214;316;211
Valladolid;47186;4718604034;2023;69;106;160;102;113;120;151;98;182;226;311;200
Valladolid;47186;4718604036;2021;78;74;202;114;127;103;220;90;205;177;422;204
Valladolid;47186;4718604036;2022;79;79;193;116;117;105;223;87;196;184;416;203
Valladolid;47186;4718604036;2023;79;75;193;113;120;105;221;85;199;180;414;198
Valladolid;47186;4718604037;2021;58;261;143;166;100;244;191;121;158;505;334;287
Valladolid;47186;4718604037;2022;59;261;137;158;102;250;186;119;161;511;323;277
Valladolid;47186;4718604037;2023;53;257;131;165;100;246;181;120;153;503;312;285
Valladolid;47186;4718604038;2021;59;228;245;174;70;286;190;181;129;514;435;355
Valladolid;47186;4718604038;2022;56;231;242;176;66;294;212;170;122;525;454;346
Valladolid;47186;4718604038;2023;57;253;261;174;59;301;224;172;116;554;485;346
Valladolid;47186;4718604039;2021;78;155;161;117;114;189;165;105;192;344;326;222
Valladolid;47186;4718604039;2022;74;159;161;120;113;195;165;103;187;354;326;223
Valladolid;47186;4718604039;2023;67;161;162;112;105;208;158;101;172;369;320;213
Valladolid;47186;4718604040;2021;49;173;128;133;91;255;93;145;140;428;221;278
Valladolid;47186;4718604040;2022;76;191;148;142;85;264;94;160;161;455;242;302
Valladolid;47186;4718604040;2023;72;196;142;144;89;295;114;173;161;491;256;317
Valladolid;47186;4718604041;2021;30;504;193;223;19;576;144;196;49;1080;337;419
Valladolid;47186;4718604041;2022;28;507;192;239;22;588;156;204;50;1095;348;443
Valladolid;47186;4718604041;2023;24;527;194;251;22;615;162;212;46;1142;356;463
Valladolid;47186;4718605001;2021;29;253;54;99;46;283;73;96;75;536;127;195
Valladolid;47186;4718605001;2022;26;257;66;92;41;289;67;111;67;546;133;203
Valladolid;47186;4718605001;2023;23;269;66;102;44;306;71;114;67;575;137;216
Valladolid;47186;4718605002;2021;19;312;78;94;48;397;77;141;67;709;155;235
Valladolid;47186;4718605002;2022;20;312;80;104;44;395;82;140;64;707;162;244
Valladolid;47186;4718605002;2023;18;310;78;107;46;383;85;145;64;693;163;252
Valladolid;47186;4718605004;2021;9;171;25;78;41;211;53;111;50;382;78;189
Valladolid;47186;4718605004;2022;11;177;24;71;38;220;52;111;49;397;76;182
Valladolid;47186;4718605004;2023;10;175;25;70;40;217;49;109;50;392;74;179
Valladolid;47186;4718605006;2021;18;239;46;80;39;304;53;87;57;543;99;167
Valladolid;47186;4718605006;2022;16;239;39;73;38;300;53;78;54;539;92;151
Valladolid;47186;4718605006;2023;36;396;68;131;55;492;81;151;91;888;149;282
Valladolid;47186;4718605007;2021;23;161;25;50;25;184;45;62;48;345;70;112
Valladolid;47186;4718605007;2022;20;164;26;47;24;194;35;66;44;358;61;113
Valladolid;47186;4718606001;2021;40;169;68;83;78;231;91;85;118;400;159;168
Valladolid;47186;4718606001;2022;34;161;64;82;75;230;87;83;109;391;151;165
Valladolid;47186;4718606001;2023;36;162;61;87;74;233;82;85;110;395;143;172
Valladolid;47186;4718606002;2021;32;111;67;97;103;169;93;100;135;280;160;197
Valladolid;47186;4718606002;2022;32;107;68;90;94;166;92;101;126;273;160;191
Valladolid;47186;4718606002;2023;29;114;72;87;97;175;93;103;126;289;165;190
Valladolid;47186;4718606003;2021;79;233;105;127;129;253;132;118;208;486;237;245
Valladolid;47186;4718606003;2022;70;222;99;125;118;251;130;115;188;473;229;240
Valladolid;47186;4718606003;2023;68;230;107;116;109;255;126;118;177;485;233;234
Valladolid;47186;4718606005;2021;91;130;133;110;116;129;169;94;207;259;302;204
Valladolid;47186;4718606005;2022;84;122;133;112;110;120;168;90;194;242;301;202
Valladolid;47186;4718606005;2023;81;116;137;116;109;123;160;90;190;239;297;206
Valladolid;47186;4718606006;2021;56;200;76;109;117;259;124;104;173;459;200;213
Valladolid;47186;4718606006;2022;51;199;82;106;106;250;129;113;157;449;211;219
Valladolid;47186;4718606006;2023;48;201;85;114;106;260;119;118;154;461;204;232
Valladolid;47186;4718606007;2021;107;215;176;161;195;274;193;157;302;489;369;318
Valladolid;47186;4718606007;2022;100;229;169;151;184;276;188;162;284;505;357;313
Valladolid;47186;4718606007;2023;88;234;169;150;170;288;194;171;258;522;363;321
Valladolid;47186;4718606009;2021;74;168;180;115;126;214;173;107;200;382;353;222
Valladolid;47186;4718606009;2022;67;166;180;113;118;213;173;111;185;379;353;224
Valladolid;47186;4718606009;2023;64;167;171;113;118;222;163;124;182;389;334;237
Valladolid;47186;4718606010;2021;69;112;121;96;118;159;157;106;187;271;278;202
Valladolid;47186;4718606010;2022;70;114;120;100;113;164;148;111;183;278;268;211
Valladolid;47186;4718606010;2023;71;120;116;104;109;171;150;121;180;291;266;225
Valladolid;47186;4718606012;2021;95;71;126;95;162;76;156;79;257;147;282;174
Valladolid;47186;4718606012;2022;93;74;116;94;154;77;155;83;247;151;271;177
Valladolid;47186;4718606012;2023;94;75;120;93;147;83;160;87;241;158;280;180
Valladolid;47186;4718606013;2021;94;52;202;81;171;65;176;100;265;117;378;181
Valladolid;47186;4718606013;2022;92;50;197;80;153;64;180;105;245;114;377;185
Valladolid;47186;4718606013;2023;69;56;195;95;153;61;179;110;222;117;374;205
Valladolid;47186;4718606014;2021;75;95;144;82;116;63;149;72;191;158;293;154
Valladolid;47186;4718606014;2022;71;87;140;78;109;60;147;68;180;147;287;146
Valladolid;47186;4718606014;2023;67;93;140;72;110;63;140;72;177;156;280;144
Valladolid;47186;4718606015;2021;69;83;138;89;112;108;119;71;181;191;257;160
Valladolid;47186;4718606015;2022;68;82;142;89;106;108;132;74;174;190;274;163
Valladolid;47186;4718606015;2023;70;92;144;88;104;117;129;77;174;209;273;165
Valladolid;47186;4718606016;2021;59;40;109;66;113;68;106;74;172;108;215;140
Valladolid;47186;4718606016;2022;53;43;107;71;113;69;104;75;166;112;211;146
Valladolid;47186;4718606016;2023;54;49;104;77;104;69;97;84;158;118;201;161
Valladolid;47186;4718606017;2021;53;109;126;86;104;147;124;104;157;256;250;190
Valladolid;47186;4718606017;2022;55;107;117;83;92;154;122;101;147;261;239;184
Valladolid;47186;4718606017;2023;62;116;117;85;93;161;126;107;155;277;243;192
Valladolid;47186;4718606018;2021;27;120;65;69;62;145;76;56;89;265;141;125
Valladolid;47186;4718606018;2022;25;122;69;65;55;149;78;58;80;271;147;123
Valladolid;47186;4718606018;2023;29;115;67;65;52;149;83;67;81;264;150;132
Valladolid;47186;4718606019;2021;86;70;130;96;157;75;130;88;243;145;260;184
Valladolid;47186;4718606019;2022;73;74;137;90;145;77;130;94;218;151;267;184
Valladolid;47186;4718606019;2023;75;87;143;95;134;86;134;93;209;173;277;188
Valladolid;47186;4718606020;2021;94;81;244;96;132;89;209;90;226;170;453;186
Valladolid;47186;4718606020;2022;90;78;230;99;119;92;209;92;209;170;439;191
Valladolid;47186;4718606020;2023;87;82;237;98;123;97;202;89;210;179;439;187
Valladolid;47186;4718606021;2021;43;141;45;70;80;174;67;81;123;315;112;151
Valladolid;47186;4718606021;2022;40;145;51;61;76;172;65;79;116;317;116;140
Valladolid;47186;4718606021;2023;35;141;52;63;73;176;66;77;108;317;118;140
Valladolid;47186;4718606022;2021;70;112;212;93;102;113;177;81;172;225;389;174
Valladolid;47186;4718606022;2022;64;108;208;97;97;114;189;80;161;222;397;177
Valladolid;47186;4718606022;2023;61;111;210;103;103;118;189;85;164;229;399;188
Valladolid;47186;4718606023;2021;103;36;222;64;154;45;194;50;257;81;416;114
Valladolid;47186;4718606023;2022;90;33;233;60;135;43;195;52;225;76;428;112
Valladolid;47186;4718606023;2023;95;42;227;66;146;50;190;55;241;92;417;121
Valladolid;47186;4718606024;2021;115;72;231;82;201;75;216;93;316;147;447;175
Valladolid;47186;4718606024;2022;106;76;226;85;184;79;221;103;290;155;447;188
Valladolid;47186;4718606024;2023;105;75;230;98;184;80;227;97;289;155;457;195
Valladolid;47186;4718606025;2021;98;75;228;105;164;79;191;84;262;154;419;189
Valladolid;47186;4718606025;2022;97;75;235;99;165;78;191;90;262;153;426;189
Valladolid;47186;4718606025;2023;97;73;236;103;152;78;195;90;249;151;431;193
Valladolid;47186;4718606026;2021;105;15;177;30;122;22;179;28;227;37;356;58
Valladolid;47186;4718606026;2022;101;18;187;30;109;26;182;26;210;44;369;56
Valladolid;47186;4718606026;2023;98;15;184;29;107;25;193;30;205;40;377;59
Valladolid;47186;4718606027;2021;131;81;297;106;231;83;262;111;362;164;559;217
Valladolid;47186;4718606027;2022;121;77;283;99;223;87;259;107;344;164;542;206
Valladolid;47186;4718606027;2023;118;86;284;106;226;95;259;113;344;181;543;219
Valladolid;47186;4718606028;2021;84;41;151;77;131;44;137;56;215;85;288;133
Valladolid;47186;4718606028;2022;76;37;147;74;124;46;137;53;200;83;284;127
Valladolid;47186;4718606028;2023;75;44;142;70;126;55;142;52;201;99;284;122
Valladolid;47186;4718606029;2021;70;54;146;78;121;52;166;66;191;106;312;144
Valladolid;47186;4718606029;2022;61;52;148;85;113;59;164;60;174;111;312;145
Valladolid;47186;4718606029;2023;59;57;144;76;113;60;154;62;172;117;298;138
Valladolid;47186;4718606030;2021;85;76;175;91;154;71;177;81;239;147;352;172
Valladolid;47186;4718606030;2022;78;71;171;96;153;65;173;74;231;136;344;170
Valladolid;47186;4718606030;2023;84;81;166;93;148;55;179;89;232;136;345;182
Valladolid;47186;4718606031;2021;73;152;231;131;84;167;197;121;157;319;428;252
Valladolid;47186;4718606031;2022;65;151;248;136;76;168;202;125;141;319;450;261
Valladolid;47186;4718606031;2023;61;152;247;142;78;162;203;127;139;314;450;269
Valladolid;47186;4718606032;2021;77;129;135;79;100;145;116;89;177;274;251;168
Valladolid;47186;4718606032;2022;66;133;126;86;93;149;124;85;159;282;250;171
Valladolid;47186;4718606032;2023;62;129;122;93;93;148;114;87;155;277;236;180
Valladolid;47186;4718606034;2021;85;130;192;117;174;131;172;96;259;261;364;213
Valladolid;47186;4718606034;2022;86;128;199;113;167;134;174;101;253;262;373;214
Valladolid;47186;4718606034;2023;88;127;194;113;168;136;178;100;256;263;372;213
Valladolid;47186;4718606036;2021;125;146;407;178;158;169;380;169;283;315;787;347
Valladolid;47186;4718606036;2022;113;147;406;175;152;168;368;188;265;315;774;363
Valladolid;47186;4718606036;2023;110;153;409;169;154;164;377;198;264;317;786;367
Valladolid;47186;4718606037;2021;48;76;134;55;86;84;116;63;134;160;250;118
Valladolid;47186;4718606037;2022;43;77;133;54;81;86;114;58;124;163;247;112
Valladolid;47186;4718606037;2023;37;77;132;54;79;77;111;60;116;154;243;114
Valladolid;47186;4718606038;2021;84;142;249;158;121;188;226;147;205;330;475;305
Valladolid;47186;4718606038;2022;82;144;252;157;117;190;225;144;199;334;477;301
Valladolid;47186;4718606038;2023;78;148;257;160;111;190;226;146;189;338;483;306
Valladolid;47186;4718606039;2021;78;155;194;110;65;188;148;102;143;343;342;212
Valladolid;47186;4718606039;2022;72;155;198;113;62;190;152;100;134;345;350;213
Valladolid;47186;4718606039;2023;78;154;195;118;66;200;162;108;144;354;357;226
Valladolid;47186;4718607001;2021;29;252;61;93;91;311;87;135;120;563;148;228
Valladolid;47186;4718607001;2022;25;239;57;98;88;314;83;126;113;553;140;224
Valladolid;47186;4718607001;2023;21;239;62;91;88;316;81;126;109;555;143;217
Valladolid;47186;4718607003;2021;25;176;40;63;53;221;48;71;78;397;88;134
Valladolid;47186;4718607003;2022;21;174;37;65;46;224;50;75;67;398;87;140
Valladolid;47186;4718607003;2023;18;181;29;71;42;233;49;74;60;414;78;145
Valladolid;47186;4718607004;2021;49;251;99;121;119;321;106;127;168;572;205;248
Valladolid;47186;4718607004;2022;51;251;94;109;108;319;109;116;159;570;203;225
Valladolid;47186;4718607004;2023;53;266;89;108;102;330;108;117;155;596;197;225
Valladolid;47186;4718607005;2021;112;225;163;151;204;304;179;197;316;529;342;348
Valladolid;47186;4718607005;2022;113;220;173;160;205;302;180;192;318;522;353;352
Valladolid;47186;4718607005;2023;126;244;179;167;196;321;186;187;322;565;365;354
Valladolid;47186;4718607006;2021;51;103;78;77;81;149;92;69;132;252;170;146
Valladolid;47186;4718607006;2022;43;101;73;77;75;151;88;66;118;252;161;143
Valladolid;47186;4718607006;2023;34;103;63;81;74;149;79;73;108;252;142;154
Valladolid;47186;4718607007;2021;55;128;102;106;75;175;107;86;130;303;209;192
Valladolid;47186;4718607007;2022;52;131;104;94;74;165;110;78;126;296;214;172
Valladolid;47186;4718607007;2023;43;140;101;88;72;178;115;83;115;318;216;171
Valladolid;47186;4718607008;2021;69;141;168;121;146;183;163;130;215;324;331;251
Valladolid;47186;4718607008;2022;69;144;164;117;133;199;155;134;202;343;319;251
Valladolid;47186;4718607008;2023;64;141;155;124;121;215;167;130;185;356;322;254
Valladolid;47186;4718607010;2021;66;86;104;73;93;82;110;60;159;168;214;133
Valladolid;47186;4718607010;2022;65;84;102;73;89;78;110;60;154;162;212;133
Valladolid;47186;4718607010;2023;63;79;105;76;84;85;108;63;147;164;213;139
Valladolid;47186;4718607011;2021;62;192;172;131;106;226;157;119;168;418;329;250
Valladolid;47186;4718607011;2022;53;176;167;133;100;223;156;119;153;399;323;252
Valladolid;47186;4718607011;2023;52;184;160;136;99;231;160;116;151;415;320;252
Valladolid;47186;4718607013;2021;116;93;229;107;158;99;228;108;274;192;457;215
Valladolid;47186;4718607013;2022;112;88;232;107;146;101;228;110;258;189;460;217
Valladolid;47186;4718607013;2023;110;101;225;104;138;117;223;114;248;218;448;218
Valladolid;47186;4718607014;2021;118;241;236;143;178;260;217;143;296;501;453;286
Valladolid;47186;4718607014;2022;112;242;227;146;169;270;220;151;281;512;447;297
Valladolid;47186;4718607014;2023;104;255;211;161;160;285;213;160;264;540;424;321
Valladolid;47186;4718607015;2021;45;87;87;69;98;96;98;68;143;183;185;137
Valladolid;47186;4718607015;2022;41;87;89;59;91;97;97;65;132;184;186;124
Valladolid;47186;4718607015;2023;46;92;84;62;93;93;93;59;139;185;177;121
Valladolid;47186;4718607016;2021;56;75;94;58;103;68;94;33;159;143;188;91
Valladolid;47186;4718607016;2022;54;75;93;58;103;67;91;39;157;142;184;97
Valladolid;47186;4718607016;2023;51;75;96;61;102;63;90;37;153;138;186;98
Valladolid;47186;4718607018;2021;38;230;56;94;62;273;73;118;100;503;129;212
Valladolid;47186;4718607018;2022;34;225;58;96;61;270;75;120;95;495;133;216
Valladolid;47186;4718607018;2023;32;218;64;99;54;285;75;112;86;503;139;211
Valladolid;47186;4718607019;2021;69;97;98;69;115;105;116;69;184;202;214;138
Valladolid;47186;4718607019;2022;61;96;98;71;105;103;109;75;166;199;207;146
Valladolid;47186;4718607019;2023;58;99;95;68;99;106;110;73;157;205;205;141
Valladolid;47186;4718607020;2021;81;81;136;96;119;87;141;84;200;168;277;180
Valladolid;47186;4718607020;2022;69;81;133;93;116;88;135;81;185;169;268;174
Valladolid;47186;4718607020;2023;67;87;127;90;114;96;137;81;181;183;264;171
Valladolid;47186;4718607021;2021;83;72;189;91;148;86;191;74;231;158;380;165
Valladolid;47186;4718607021;2022;82;73;201;88;145;84;195;79;227;157;396;167
Valladolid;47186;4718607021;2023;84;76;198;96;144;82;194;93;228;158;392;189
Valladolid;47186;4718607022;2021;26;390;143;166;23;452;108;137;49;842;251;303
Valladolid;47186;4718607022;2022;31;412;155;180;31;484;123;143;62;896;278;323
Valladolid;47186;4718607022;2023;30;417;165;179;34;494;124;146;64;911;289;325
Valladolid;47186;4718608001;2021;54;144;70;92;99;199;102;93;153;343;172;185
Valladolid;47186;4718608001;2022;51;145;68;83;97;200;96;91;148;345;164;174
Valladolid;47186;4718608001;2023;50;153;72;84;92;202;97;96;142;355;169;180
Valladolid;47186;4718608002;2021;57;139;108;121;99;182;153;146;156;321;261;267
Valladolid;47186;4718608002;2022;56;138;106;119;88;193;146;141;144;331;252;260
Valladolid;47186;4718608002;2023;49;140;109;116;86;197;140;136;135;337;249;252
Valladolid;47186;4718608004;2021;111;175;190;164;222;198;203;116;333;373;393;280
Valladolid;47186;4718608004;2022;101;173;189;165;215;209;191;114;316;382;380;279
Valladolid;47186;4718608004;2023;92;192;175;167;208;222;188;116;300;414;363;283
Valladolid;47186;4718608005;2021;66;121;112;96;121;143;128;97;187;264;240;193
Valladolid;47186;4718608005;2022;64;121;113;93;116;143;126;98;180;264;239;191
Valladolid;47186;4718608005;2023;61;128;109;92;112;157;122;97;173;285;231;189
Valladolid;47186;4718608006;2021;88;108;161;127;165;125;173;117;253;233;334;244
Valladolid;47186;4718608006;2022;83;121;167;105;149;131;170;118;232;252;337;223
Valladolid;47186;4718608006;2023;81;123;157;103;137;145;164;122;218;268;321;225
Valladolid;47186;4718608009;2021;112;137;212;149;229;203;207;160;341;340;419;309
Valladolid;47186;4718608009;2022;102;135;206;142;208;206;201;160;310;341;407;302
Valladolid;47186;4718608009;2023;85;155;205;155;201;227;209;166;286;382;414;321
Valladolid;47186;4718608012;2021;57;158;90;103;172;194;120;118;229;352;210;221
Valladolid;47186;4718608012;2022;55;144;94;102;175;185;119;114;230;329;213;216
Valladolid;47186;4718608012;2023;52;153;88;97;162;194;122;120;214;347;210;217
Valladolid;47186;4718608013;2021;80;135;139;108;150;147;134;108;230;282;273;216
Valladolid;47186;4718608013;2022;77;133;141;102;142;152;133;114;219;285;274;216
Valladolid;47186;4718608013;2023;70;138;135;108;133;163;132;114;203;301;267;222
Valladolid;47186;4718608014;2021;85;87;140;104;154;119;144;93;239;206;284;197
Valladolid;47186;4718608014;2022;76;85;133;104;147;117;148;88;223;202;281;192
Valladolid;47186;4718608014;2023;70;93;129;105;137;120;143;92;207;213;272;197
Valladolid;47186;4718608015;2021;79;55;114;72;137;72;112;70;216;127;226;142
Valladolid;47186;4718608015;2022;76;58;117;72;130;76;109;66;206;134;226;138
Valladolid;47186;4718608015;2023;106;106;210;144;211;161;210;136;317;267;420;280
Valladolid;47186;4718608016;2021;46;44;93;70;97;87;104;66;143;131;197;136
Valladolid;47186;4718608016;2022;40;45;89;68;93;83;104;59;133;128;193;127
Valladolid;47186;4718608017;2021;94;76;172;90;164;121;139;104;258;197;311;194
Valladolid;47186;4718608017;2022;94;76;167;94;159;134;137;103;253;210;304;197
Valladolid;47186;4718608017;2023;91;80;171;93;158;134;128;103;249;214;299;196
Valladolid;47186;4718608018;2021;92;82;124;83;158;133;149;93;250;215;273;176
Valladolid;47186;4718608018;2022;88;79;130;86;155;129;145;96;243;208;275;182
Valladolid;47186;4718608018;2023;93;95;136;89;151;134;149;95;244;229;285;184
Valladolid;47186;4718608020;2021;40;52;84;61;109;75;96;67;149;127;180;128
Valladolid;47186;4718608020;2022;37;55;79;62;97;80;90;68;134;135;169;130
Valladolid;47186;4718608020;2023;32;61;72;68;96;90;93;66;128;151;165;134
Valladolid;47186;4718608021;2021;100;100;177;106;169;113;176;99;269;213;353;205
Valladolid;47186;4718608021;2022;81;94;175;106;164;115;166;108;245;209;341;214
Valladolid;47186;4718608021;2023;78;98;168;114;153;115;170;114;231;213;338;228
Valladolid;47186;4718608023;2021;97;63;150;82;162;75;150;78;259;138;300;160
Valladolid;47186;4718608023;2022;93;67;153;85;148;85;144;84;241;152;297;169
Valladolid;47186;4718608023;2023;89;68;161;89;150;93;146;84;239;161;307;173
Valladolid;47186;4718608024;2021;61;133;144;112;114;162;174;84;175;295;318;196
Valladolid;47186;4718608024;2022;61;132;142;110;111;162;177;88;172;294;319;198
Valladolid;47186;4718608024;2023;58;135;139;111;108;165;172;87;166;300;311;198
Valladolid;47186;4718608025;2021;55;121;129;61;106;125;133;65;161;246;262;126
Valladolid;47186;4718608025;2022;52;117;132;59;98;126;127;66;150;243;259;125
Valladolid;47186;4718608025;2023;49;112;130;61;96;123;127;72;145;235;257;133
Valladolid;47186;4718608026;2021;101;83;185;109;174;79;178;104;275;162;363;213
Valladolid;47186;4718608026;2022;83;90;173;113;165;85;182;99;248;175;355;212
Valladolid;47186;4718608026;2023;84;94;175;112;155;98;179;108;239;192;354;220
Valladolid;47186;4718608027;2021;109;67;183;84;168;77;134;92;277;144;317;176
Valladolid;47186;4718608027;2022;102;74;172;85;164;83;143;105;266;157;315;190
Valladolid;47186;4718608027;2023;98;76;173;97;156;93;142;111;254;169;315;208
Valladolid;47186;4718608028;2021;152;182;248;184;288;221;257;147;440;403;505;331
Valladolid;47186;4718608028;2022;141;188;255;174;267;227;256;142;408;415;511;316
Valladolid;47186;4718608028;2023;135;202;254;168;259;237;261;137;394;439;515;305
Valladolid;47186;4718608030;2021;75;53;102;57;112;60;88;65;187;113;190;122
Valladolid;47186;4718608030;2022;75;53;104;59;109;66;89;61;184;119;193;120
Valladolid;47186;4718608030;2023;71;52;100;62;105;68;86;63;176;120;186;125
Valladolid;47186;4718608031;2021;99;165;287;165;152;207;290;155;251;372;577;320
Valladolid;47186;4718608031;2022;103;171;282;170;136;214;291;155;239;385;573;325
Valladolid;47186;4718608031;2023;99;178;276;169;132;210;290;159;231;388;566;328
Valladolid;47186;4718608032;2021;80;78;187;77;120;70;166;71;200;148;353;148
Valladolid;47186;4718608032;2022;89;77;186;72;114;67;170;70;203;144;356;142
Valladolid;47186;4718608032;2023;83;81;187;75;112;72;174;79;195;153;361;154
Valladolid;47186;4718608033;2021;60;47;158;62;87;41;128;50;147;88;286;112
Valladolid;47186;4718608033;2022;58;53;156;69;82;42;134;54;140;95;290;123
Valladolid;47186;4718608033;2023;59;56;160;66;72;45;133;60;131;101;293;126
Valladolid;47186;4718608034;2021;60;30;177;36;112;37;158;32;172;67;335;68
Valladolid;47186;4718608034;2022;54;33;181;34;95;37;157;35;149;70;338;69
Valladolid;47186;4718608034;2023;51;35;183;38;96;39;154;27;147;74;337;65
Valladolid;47186;4718608035;2021;43;251;185;120;79;308;163;119;122;559;348;239
Valladolid;47186;4718608035;2022;42;265;177;130;77;316;167;126;119;581;344;256
Valladolid;47186;4718608035;2023;40;286;175;149;70;355;178;133;110;641;353;282
Valladolid;47186;4718608036;2021;74;136;270;136;121;163;221;129;195;299;491;265
Valladolid;47186;4718608036;2022;65;132;247;133;94;150;220;119;159;282;467;252
Valladolid;47186;4718608036;2023;58;137;252;122;88;146;218;127;146;283;470;249
Valladolid;47186;4718608037;2021;116;151;130;119;249;186;148;101;365;337;278;220
Valladolid;47186;4718608037;2022;115;156;130;122;234;183;147;101;349;339;277;223
Valladolid;47186;4718608037;2023;107;156;129;118;231;185;154;105;338;341;283;223
Valladolid;47186;4718608038;2021;74;104;118;91;120;111;125;86;194;215;243;177
Valladolid;47186;4718608038;2022;75;100;117;88;113;116;135;84;188;216;252;172
Valladolid;47186;4718608038;2023;73;103;114;87;109;113;133;89;182;216;247;176
Valladolid;47186;4718608039;2021;66;40;108;46;124;54;114;54;190;94;222;100
Valladolid;47186;4718608039;2022;64;36;103;49;117;54;111;53;181;90;214;102
Valladolid;47186;4718608039;2023;62;39;106;49;117;58;110;54;179;97;216;103
Valladolid;47186;4718609001;2021;9;165;34;74;28;222;56;71;37;387;90;145
Valladolid;47186;4718609001;2022;8;162;32;76;25;223;54;73;33;385;86;149
Valladolid;47186;4718609001;2023;14;165;33;71;26;222;50;73;40;387;83;144
Valladolid;47186;4718609002;2021;27;298;57;103;85;340;68;130;112;638;125;233
Valladolid;47186;4718609002;2022;28;288;57;110;79;341;68;128;107;629;125;238
Valladolid;47186;4718609002;2023;25;277;53;116;76;341;65;128;101;618;118;244
Valladolid;47186;4718609003;2021;25;175;47;82;68;208;70;86;93;383;117;168
Valladolid;47186;4718609003;2022;23;175;46;81;66;204;72;92;89;379;118;173
Valladolid;47186;4718609003;2023;22;172;41;74;64;197;71;97;86;369;112;171
Valladolid;47186;4718609004;2021;27;319;53;129;71;387;120;142;98;706;173;271
Valladolid;47186;4718609004;2022;22;329;49;134;64;392;117;143;86;721;166;277
Valladolid;47186;4718609004;2023;21;323;53;129;56;394;105;142;77;717;158;271
Valladolid;47186;4718609006;2021;35;164;59;66;97;196;75;81;132;360;134;147
Valladolid;47186;4718609006;2022;36;161;61;64;89;197;72;80;125;358;133;144
Valladolid;47186;4718609006;2023;31;177;61;65;86;203;68;81;117;380;129;146
Valladolid;47186;4718609007;2021;65;425;108;156;170;464;135;156;235;889;243;312
Valladolid;47186;4718609007;2022;65;422;99;155;163;459;123;155;228;881;222;310
Valladolid;47186;4718609007;2023;58;421;98;160;157;477;127;156;215;898;225;316
Valladolid;47186;4718609009;2021;58;274;83;96;103;282;106;119;161;556;189;215
Valladolid;47186;4718609009;2022;52;275;79;91;103;290;100;110;155;565;179;201
Valladolid;47186;4718609009;2023;44;271;75;102;92;293;98;109;136;564;173;211
Valladolid;47186;4718609010;2021;70;149;68;90;106;171;94;78;176;320;162;168
Valladolid;47186;4718609010;2022;64;147;75;80;94;173;94;80;158;320;169;160
Valladolid;47186;4718609010;2023;58;150;80;81;86;180;94;86;144;330;174;167
Valladolid;47186;4718609011;2021;67;270;130;156;179;310;172;163;246;580;302;319
Valladolid;47186;4718609011;2022;66;264;119;150;158;301;170;164;224;565;289;314
Valladolid;47186;4718609011;2023;64;268;118;150;151;323;168;177;215;591;286;327
Valladolid;47186;4718610001;2021;53;232;160;130;108;254;142;110;161;486;302;240
Valladolid;47186;4718610001;2022;50;251;164;137;106;271;143;113;156;522;307;250
Valladolid;47186;4718610001;2023;66;321;180;154;114;345;148;152;180;666;328;306
Valladolid;47186;4718610002;2021;61;86;137;85;88;113;120;73;149;199;257;158
Valladolid;47186;4718610002;2022;57;97;136;79;88;114;118;76;145;211;254;155
Valladolid;47186;4718610002;2023;54;84;140;80;82;107;115;81;136;191;255;161
Valladolid;47186;4718610003;2021;58;99;150;90;117;93;139;79;175;192;289;169
Valladolid;47186;4718610003;2022;55;102;146;85;113;98;140;76;168;200;286;161
Valladolid;47186;4718610003;2023;51;102;143;79;108;103;136;79;159;205;279;158
Valladolid;47186;4718610004;2021;63;97;124;72;99;99;115;78;162;196;239;150
Valladolid;47186;4718610004;2022;65;94;123;70;99;92;113;79;164;186;236;149
Valladolid;47186;4718610004;2023;61;94;120;73;99;96;111;80;160;190;231;153
Valladolid;47186;4718610005;2021;96;188;224;145;162;186;241;123;258;374;465;268
Valladolid;47186;4718610005;2022;90;190;218;142;161;191;239;128;251;381;457;270
Valladolid;47186;4718610005;2023;84;196;220;136;155;195;248;120;239;391;468;256
Valladolid;47186;4718610006;2021;73;119;156;107;124;154;146;127;197;273;302;234
Valladolid;47186;4718610006;2022;78;136;160;128;125;168;162;133;203;304;322;261
Valladolid;47186;4718610006;2023;71;145;152;125;115;180;163;129;186;325;315;254
Valladolid;47186;4718610007;2021;69;347;186;161;114;371;174;145;183;718;360;306
Valladolid;47186;4718610007;2022;67;351;171;163;113;378;170;140;180;729;341;303
Valladolid;47186;4718610007;2023;56;353;169;155;95;388;172;139;151;741;341;294
Valladolid;47186;4718610008;2021;116;257;168;134;188;262;181;150;304;519;349;284
Valladolid;47186;4718610008;2022;105;261;172;129;175;274;185;152;280;535;357;281
Valladolid;47186;4718610008;2023;99;266;170;134;161;284;182;155;260;550;352;289
Valladolid;47186;4718610009;2021;51;121;165;77;108;127;173;91;159;248;338;168
Valladolid;47186;4718610009;2022;46;120;169;80;103;127;176;90;149;247;345;170
Valladolid;47186;4718610009;2023;44;117;163;83;105;122;174;86;149;239;337;169
Valladolid;47186;4718610010;2021;23;262;49;92;70;263;87;86;93;525;136;178
Valladolid;47186;4718610010;2022;17;259;56;87;68;271;84;83;85;530;140;170
Valladolid;47186;4718610010;2023;17;259;57;87;65;269;78;83;82;528;135;170
Valladolid;47186;4718610011;2021;35;238;75;93;57;258;49;98;92;496;124;191
Valladolid;47186;4718610011;2022;33;242;65;85;53;269;51;98;86;511;116;183
Valladolid;47186;4718610011;2023;26;254;50;83;47;290;50;108;73;544;100;191
Valladolid;47186;4718610013;2021;33;191;85;86;96;202;107;81;129;393;192;167
Valladolid;47186;4718610013;2022;32;201;82;86;92;205;108;75;124;406;190;161
Valladolid;47186;4718610013;2023;26;208;77;90;83;214;108;69;109;422;185;159
Valladolid;47186;4718610014;2021;80;191;192;171;110;224;202;145;190;415;394;316
Valladolid;47186;4718610014;2022;73;206;193;161;110;227;202;149;183;433;395;310
Valladolid;47186;4718610014;2023;73;206;181;156;106;222;196;146;179;428;377;302
Valladolid;47186;4718610015;2021;75;73;146;95;127;98;157;77;202;171;303;172
Valladolid;47186;4718610015;2022;61;70;151;87;121;99;148;74;182;169;299;161
Valladolid;47186;4718610015;2023;57;67;146;96;118;100;152;70;175;167;298;166
Valladolid;47186;4718610016;2021;62;91;107;74;75;92;145;55;137;183;252;129
Valladolid;47186;4718610016;2022;61;94;111;76;77;95;147;51;138;189;258;127
Valladolid;47186;4718610016;2023;58;92;111;82;70;95;146;54;128;187;257;136
Valladolid;47186;4718610017;2021;93;32;212;55;194;46;184;51;287;78;396;106
Valladolid;47186;4718610017;2022;83;32;223;55;184;45;187;58;267;77;410;113
Valladolid;47186;4718610017;2023;78;38;214;52;182;47;184;62;260;85;398;114
Valladolid;47186;4718610018;2021;57;246;98;110;106;269;128;97;163;515;226;207
Valladolid;47186;4718610018;2022;54;241;98;108;101;269;126;99;155;510;224;207
Valladolid;47186;4718610018;2023;52;238;89;117;98;269;125;95;150;507;214;212
Valladolid;47186;4718610019;2021;89;51;236;71;175;62;226;90;264;113;462;161
Valladolid;47186;4718610019;2022;82;50;234;79;171;64;212;92;253;114;446;171
Valladolid;47186;4718610019;2023;85;57;231;78;166;72;213;93;251;129;444;171
Valladolid;47186;4718610020;2021;15;248;47;77;41;248;66;87;56;496;113;164
Valladolid;47186;4718610020;2022;13;247;46;72;38;258;67;84;51;505;113;156
Valladolid;47186;4718610020;2023;9;250;40;70;38;266;66;78;47;516;106;148
Valladolid;47186;4718610021;2021;22;251;82;126;55;270;104;123;77;521;186;249
Valladolid;47186;4718610021;2022;26;250;74;131;54;265;105;109;80;515;179;240
Valladolid;47186;4718610021;2023;26;249;77;135;54;278;112;113;80;527;189;248
Valladolid;47186;4718610022;2021;116;30;265;66;183;53;260;60;299;83;525;126
Valladolid;47186;4718610022;2022;112;29;264;70;182;48;264;58;294;77;528;128
Valladolid;47186;4718610022;2023;115;34;261;59;184;49;271;61;299;83;532;120
Valladolid;47186;4718610024;2021;68;233;185;138;112;194;216;141;180;427;401;279
Valladolid;47186;4718610024;2022;62;232;181;135;109;211;217;133;171;443;398;268
Valladolid;47186;4718610024;2023;61;229;188;132;114;225;215;128;175;454;403;260
Valladolid;47186;4718610025;2021;30;93;113;67;73;107;125;70;103;200;238;137
Valladolid;47186;4718610025;2022;27;91;113;63;69;108;126;75;96;199;239;138
Valladolid;47186;4718610025;2023;24;102;115;56;65;118;122;71;89;220;237;127
Valladolid;47186;4718610026;2021;60;111;151;101;95;114;167;88;155;225;318;189
Valladolid;47186;4718610026;2022;59;109;150;99;90;120;163;92;149;229;313;191
Valladolid;47186;4718610026;2023;56;117;145;94;87;121;153;100;143;238;298;194
Valladolid;47186;4718610027;2021;36;161;105;119;80;170;136;99;116;331;241;218
Valladolid;47186;4718610027;2022;34;166;97;114;74;168;128;96;108;334;225;210
Valladolid;47186;4718610027;2023;35;157;96;113;73;170;129;102;108;327;225;215
Valladolid;47186;4718610028;2021;41;138;74;99;72;107;107;85;113;245;181;184
Valladolid;47186;4718610028;2022;36;132;71;98;71;106;104;82;107;238;175;180
Valladolid;47186;4718610028;2023;36;129;72;90;72;111;105;80;108;240;177;170
Valladolid;47186;4718610029;2021;31;415;107;184;66;432;133;196;97;847;240;380
Valladolid;47186;4718610029;2022;32;418;103;171;60;441;129;189;92;859;232;360
Valladolid;47186;4718610029;2023;31;423;102;167;60;449;127;193;91;872;229;360
Valladolid;47186;4718610030;2021;27;471;125;223;40;552;115;193;67;1023;240;416
Valladolid;47186;4718610030;2022;24;475;136;231;39;571;115;189;63;1046;251;420
Valladolid;47186;4718610030;2023;21;490;132;241;40;581;108;201;61;1071;240;442
Valladolid;47186;4718610031;2021;56;25;179;34;96;24;156;49;152;49;335;83
Valladolid;47186;4718610031;2022;54;26;177;33;94;25;149;49;148;51;326;82
Valladolid;47186;4718610031;2023;54;24;173;33;94;26;150;49;148;50;323;82
Valladolid;47186;4718610032;2021;34;129;81;73;38;162;107;76;72;291;188;149
Valladolid;47186;4718610032;2022;30;130;83;74;41;164;104;70;71;294;187;144
Valladolid;47186;4718610032;2023;27;125;83;70;35;156;101;68;62;281;184;138
Valladolid;47186;4718610033;2021;53;220;153;126;102;208;163;121;155;428;316;247
Valladolid;47186;4718610033;2022;44;218;159;125;93;211;166;130;137;429;325;255
Valladolid;47186;4718610033;2023;43;210;163;129;91;218;165;126;134;428;328;255
Valladolid;47186;4718610034;2021;26;249;44;95;43;240;102;96;69;489;146;191
Valladolid;47186;4718610034;2022;23;242;41;96;42;247;103;98;65;489;144;194
Valladolid;47186;4718610034;2023;21;236;41;90;38;250;102;99;59;486;143;189
Valladolid;47186;4718610035;2021;41;297;122;150;103;291;140;120;144;588;262;270
Valladolid;47186;4718610035;2022;42;291;122;146;100;273;137;115;142;564;259;261
Valladolid;47186;4718610035;2023;44;287;113;141;95;265;135;112;139;552;248;253
Valladolid;47186;4718610036;2021;68;74;187;57;100;72;215;67;168;146;402;124
Valladolid;47186;4718610036;2022;58;79;181;52;92;74;204;68;150;153;385;120
Valladolid;47186;4718610036;2023;59;79;177;56;86;78;202;70;145;157;379;126
Valladolid;47186;4718610037;2021;51;333;170;239;96;382;212;189;147;715;382;428
Valladolid;47186;4718610037;2022;46;327;159;236;89;384;209;180;135;711;368;416
Valladolid;47186;4718610037;2023;48;332;152;218;83;369;213;172;131;701;365;390
Valladolid;47186;4718610038;2021;30;250;102;184;49;293;134;170;79;543;236;354
Valladolid;47186;4718610038;2022;32;252;103;162;47;301;128;151;79;553;231;313
Valladolid;47186;4718610038;2023;31;252;108;154;46;298;119;159;77;550;227;313
Valladolid;47186;4718610039;2021;40;219;128;151;68;253;141;135;108;472;269;286
Valladolid;47186;4718610039;2022;42;221;123;146;66;262;135;139;108;483;258;285
Valladolid;47186;4718610039;2023;42;228;122;146;65;263;137;140;107;491;259;286
Valladolid;47186;4718610040;2021;29;321;111;171;61;377;128;160;90;698;239;331
Valladolid;47186;4718610040;2022;23;326;113;162;52;382;126;154;75;708;239;316
Valladolid;47186;4718610040;2023;22;318;104;151;54;360;119;158;76;678;223;309
Valladolid;47186;4718610041;2021;23;218;47;84;27;245;51;60;50;463;98;144
Valladolid;47186;4718610041;2022;18;222;49;82;27;240;55;66;45;462;104;148
Valladolid;47186;4718610041;2023;21;224;48;80;27;239;57;69;48;463;105;149
Valladolid;47186;4718610042;2021;43;423;132;234;67;459;160;217;110;882;292;451
Valladolid;47186;4718610042;2022;39;421;130;228;62;452;161;205;101;873;291;433
Valladolid;47186;4718610042;2023;36;432;120;216;59;465;162;198;95;897;282;414
Valladolid;47186;4718610043;2021;31;374;158;201;66;437;153;186;97;811;311;387
Valladolid;47186;4718610043;2022;33;379;155;199;72;464;146;182;105;843;301;381
Valladolid;47186;4718610043;2023;36;370;149;207;69;475;145;182;105;845;294;389
Valladolid;47186;4718610044;2021;34;289;123;162;42;325;137;146;76;614;260;308
Valladolid;47186;4718610044;2022;29;289;127;153;41;329;130;144;70;618;257;297
Valladolid;47186;4718610044;2023;33;286;123;165;40;324;133;153;73;610;256;318
Valladolid;47186;4718610045;2021;39;266;130;171;56;323;124;195;95;589;254;366
Valladolid;47186;4718610045;2022;31;263;135;170;56;323;132;195;87;586;267;365
Valladolid;47186;4718610045;2023;38;270;135;173;55;335;138;188;93;605;273;361
Valladolid;47186;4718610046;2021;54;273;181;149;54;312;155;187;108;585;336;336
Valladolid;47186;4718610046;2022;53;272;177;150;54;323;163;182;107;595;340;332
Valladolid;47186;4718610046;2023;52;278;179;148;55;337;169;171;107;615;348;319
Valladolid;47186;4718610047;2021;52;235;196;210;65;300;192;184;117;535;388;394
Valladolid;47186;4718610047;2022;53;237;204;219;63;302;178;194;116;539;382;413
Valladolid;47186;4718610047;2023;50;244;203;212;64;304;172;198;114;548;375;410
Valladolid;47186;4718610048;2021;10;227;47;89;18;245;51;86;28;472;98;175
Valladolid;47186;4718610048;2022;9;227;47;83;17;250;46;79;26;477;93;162
Valladolid;47186;4718610048;2023;17;227;43;78;18;255;49;73;35;482;92;151
Valladolid;47186;4718610049;2021;27;352;59;149;49;328;74;148;76;680;133;297
Valladolid;47186;4718610049;2022;26;350;61;147;49;342;78;143;75;692;139;290
Valladolid;47186;4718610049;2023;26;347;64;148;42;338;82;140;68;685;146;288
Valladolid;47186;4718610050;2021;30;291;95;145;40;349;99;121;70;640;194;266
Valladolid;47186;4718610050;2022;25;298;102;147;39;344;107;124;64;642;209;271
Valladolid;47186;4718610050;2023;29;312;95;158;36;354;116;127;65;666;211;285
Valladolid;47186;4718610051;2021;25;351;117;156;34;381;117;167;59;732;234;323
Valladolid;47186;4718610051;2022;22;353;117;159;36;398;130;155;58;751;247;314
Valladolid;47186;4718610051;2023;23;356;118;168;36;396;135;156;59;752;253;324
Valladolid;47186;4718610052;2021;13;392;96;123;23;477;77;135;36;869;173;258
Valladolid;47186;4718610052;2022;15;433;104;130;23;521;93;129;38;954;197;259
Valladolid;47186;4718610052;2023;14;488;122;135;24;576;91;143;38;1064;213;278
Valladolid;47186;4718610053;2021;23;249;48;87;21;259;51;62;44;508;99;149
Valladolid;47186;4718610053;2022;20;257;44;83;20;267;54;64;40;524;98;147
Valladolid;47186;4718610053;2023;24;253;46;86;20;267;53;63;44;520;99;149
Valladolid;47186;4718610054;2021;9;240;80;91;23;238;80;91;32;478;160;182
Valladolid;47186;4718610054;2022;8;250;84;102;23;246;78;99;31;496;162;201
Valladolid;47186;4718610054;2023;18;287;94;106;23;302;80;111;41;589;174;217
Valladolid;47186;4718610055;2021;13;333;68;96;25;396;50;75;38;729;118;171
Valladolid;47186;4718610055;2022;12;346;75;102;26;415;57;77;38;761;132;179
Valladolid;47186;4718610055;2023;11;347;73;107;25;408;57;81;36;755;130;188
Valladolid;47186;4718610056;2021;24;462;112;136;31;536;88;107;55;998;200;243
Valladolid;47186;4718610056;2022;19;470;117;137;31;546;91;110;50;1016;208;247
Valladolid;47186;4718610056;2023;21;499;112;145;30;582;99;109;51;1081;211;254
Valladolid;47186;4718611001;2021;54;192;95;145;133;238;149;128;187;430;244;273
Valladolid;47186;4718611001;2022;49;193;99;140;120;247;139;130;169;440;238;270
Valladolid;47186;4718611001;2023;44;204;92;139;118;257;139;128;162;461;231;267
Valladolid;47186;4718611002;2021;45;129;67;69;78;151;88;85;123;280;155;154
Valladolid;47186;4718611002;2022;41;131;68;70;69;160;84;78;110;291;152;148
Valladolid;47186;4718611002;2023;36;131;71;72;71;164;83;80;107;295;154;152
Valladolid;47186;4718611003;2021;49;273;102;143;113;304;128;158;162;577;230;301
Valladolid;47186;4718611003;2022;48;284;106;144;113;304;133;152;161;588;239;296
Valladolid;47186;4718611003;2023;41;291;106;142;111;314;137;156;152;605;243;298
Valladolid;47186;4718611004;2021;32;132;57;69;67;164;97;77;99;296;154;146
Valladolid;47186;4718611004;2022;29;140;59;65;61;172;103;81;90;312;162;146
Valladolid;47186;4718611004;2023;28;142;60;59;63;173;97;81;91;315;157;140
Valladolid;47186;4718611005;2021;97;139;167;142;168;190;180;155;265;329;347;297
Valladolid;47186;4718611005;2022;84;140;169;140;166;194;180;151;250;334;349;291
Valladolid;47186;4718611005;2023;79;147;161;139;148;204;168;159;227;351;329;298
Valladolid;47186;4718611006;2021;35;169;66;103;85;160;103;105;120;329;169;208
Valladolid;47186;4718611006;2022;33;174;57;97;70;162;106;108;103;336;163;205
Valladolid;47186;4718611006;2023;32;169;66;96;69;168;102;115;101;337;168;211
Valladolid;47186;4718611007;2021;63;191;136;145;129;232;182;189;192;423;318;334
Valladolid;47186;4718611007;2022;61;199;132;136;123;234;187;184;184;433;319;320
Valladolid;47186;4718611007;2023;61;200;128;145;113;249;185;183;174;449;313;328
Valladolid;47186;4718611008;2021;76;112;141;105;142;130;146;113;218;242;287;218
Valladolid;47186;4718611008;2022;72;111;140;110;127;134;143;121;199;245;283;231
Valladolid;47186;4718611008;2023;76;119;141;112;119;134;146;130;195;253;287;242
Valladolid;47186;4718611009;2021;36;107;63;84;94;152;71;102;130;259;134;186
Valladolid;47186;4718611009;2022;32;106;59;85;85;149;77;97;117;255;136;182
Valladolid;47186;4718611009;2023;27;109;59;85;72;153;70;100;99;262;129;185
Valladolid;47186;4718611010;2021;73;163;143;156;181;222;166;149;254;385;309;305
Valladolid;47186;4718611010;2022;63;163;144;160;162;234;168;150;225;397;312;310
Valladolid;47186;4718611010;2023;60;179;140;162;148;251;164;155;208;430;304;317
Valladolid;47186;4718611012;2021;50;77;89;91;96;115;95;92;146;192;184;183
Valladolid;47186;4718611012;2022;44;82;91;90;82;123;100;81;126;205;191;171
Valladolid;47186;4718611012;2023;77;150;173;171;153;219;193;178;230;369;366;349
Valladolid;47186;4718611013;2021;37;60;71;88;86;87;92;87;123;147;163;175
Valladolid;47186;4718611013;2022;36;66;68;79;77;87;95;90;113;153;163;169
Valladolid;47186;4718611014;2021;31;161;56;97;82;181;97;102;113;342;153;199
Valladolid;47186;4718611014;2022;30;161;57;97;78;196;95;109;108;357;152;206
Valladolid;47186;4718611014;2023;28;174;54;110;74;199;91;108;102;373;145;218
Valladolid;47186;4718611015;2021;44;329;85;127;124;379;114;172;168;708;199;299
Valladolid;47186;4718611015;2022;38;323;89;121;118;374;115;178;156;697;204;299
Valladolid;47186;4718611015;2023;34;320;83;124;106;367;118;176;140;687;201;300
Valladolid;47186;4718611016;2021;35;191;87;116;91;221;131;102;126;412;218;218
Valladolid;47186;4718611016;2022;32;190;85;119;91;227;133;107;123;417;218;226
Valladolid;47186;4718611016;2023;32;195;87;123;86;227;131;113;118;422;218;236
Valladolid;47186;4718611017;2021;57;191;126;110;104;237;108;124;161;428;234;234
Valladolid;47186;4718611017;2022;52;190;120;121;104;236;111;124;156;426;231;245
Valladolid;47186;4718611017;2023;49;204;116;123;100;237;116;130;149;441;232;253
Valladolid;47186;4718611018;2021;70;138;131;123;98;169;139;127;168;307;270;250
Valladolid;47186;4718611018;2022;66;146;130;116;94;172;136;133;160;318;266;249
Valladolid;47186;4718611018;2023;66;148;132;123;93;182;135;121;159;330;267;244
Valladolid;47186;4718611019;2021;88;75;115;89;156;70;155;80;244;145;270;169
Valladolid;47186;4718611019;2022;82;78;120;95;146;69;154;84;228;147;274;179
Valladolid;47186;4718611019;2023;80;77;125;97;140;77;152;84;220;154;277;181
Valladolid;47186;4718611020;2021;89;123;208;155;131;160;230;131;220;283;438;286
Valladolid;47186;4718611020;2022;76;127;199;153;131;163;233;131;207;290;432;284
Valladolid;47186;4718611020;2023;79;131;200;144;127;173;234;132;206;304;434;276
Valladolid;47186;4718611021;2021;36;224;90;135;60;247;94;124;96;471;184;259
Valladolid;47186;4718611021;2022;33;244;105;150;67;271;103;121;100;515;208;271
Valladolid;47186;4718611021;2023;29;264;111;155;63;285;110;125;92;549;221;280
Valladolid;47186;4718611022;2021;72;37;144;102;126;85;140;90;198;122;284;192
Valladolid;47186;4718611022;2022;66;44;140;104;114;92;138;84;180;136;278;188
Valladolid;47186;4718611022;2023;61;49;154;100;108;103;135;81;169;152;289;181
Valladolid;47186;4718611025;2021;91;209;206;188;175;213;260;180;266;422;466;368
Valladolid;47186;4718611025;2022;90;201;192;188;165;218;250;182;255;419;442;370
Valladolid;47186;4718611025;2023;75;209;186;187;154;226;245;176;229;435;431;363
Valladolid;47186;4718611026;2021;91;262;114;174;132;347;143;172;223;609;257;346
Valladolid;47186;4718611026;2022;86;278;115;165;122;361;147;174;208;639;262;339
Valladolid;47186;4718611026;2023;80;282;130;165;124;354;159;180;204;636;289;345
Valladolid;47186;4718611027;2021;48;84;76;92;69;88;95;83;117;172;171;175
Valladolid;47186;4718611027;2022;45;86;75;86;64;98;96;86;109;184;171;172
Valladolid;47186;4718611027;2023;44;88;74;80;63;92;97;86;107;180;171;166
Valladolid;47186;4718611028;2021;48;188;99;91;73;191;105;109;121;379;204;200
Valladolid;47186;4718611028;2022;43;195;101;94;70;194;100;103;113;389;201;197
Valladolid;47186;4718611028;2023;45;203;101;101;63;202;96;101;108;405;197;202
Valladolid;47186;4718611029;2021;32;110;68;74;70;130;93;70;102;240;161;144
Valladolid;47186;4718611029;2022;30;108;66;70;67;130;90;70;97;238;156;140
Valladolid;47186;4718611029;2023;31;107;67;70;64;138;89;70;95;245;156;140
Valladolid;47186;4718611031;2021;45;506;146;232;52;576;172;217;97;1082;318;449
Valladolid;47186;4718611031;2022;41;518;144;231;48;580;171;227;89;1098;315;458
Valladolid;47186;4718611031;2023;40;516;141;237;53;579;158;236;93;1095;299;473
Valladolid;47186;4718611032;2021;27;533;126;191;39;579;147;209;66;1112;273;400
Valladolid;47186;4718611032;2022;25;541;117;185;35;576;145;206;60;1117;262;391
Valladolid;47186;4718611032;2023;25;537;120;190;36;577;147;209;61;1114;267;399
Valladolid;47186;4718611033;2021;78;223;206;188;99;254;216;174;177;477;422;362
Valladolid;47186;4718611033;2022;72;225;210;188;95;269;209;174;167;494;419;362
Valladolid;47186;4718611033;2023;67;230;212;189;96;266;201;176;163;496;413;365
Valladolid;47186;4718611034;2021;67;192;243;171;85;232;239;147;152;424;482;318
Valladolid;47186;4718611034;2022;66;204;244;171;90;238;230;164;156;442;474;335
Valladolid;47186;4718611034;2023;60;216;238;173;94;239;217;164;154;455;455;337
Valladolid;47186;4718611035;2021;42;247;132;174;65;287;144;168;107;534;276;342
Valladolid;47186;4718611035;2022;44;250;131;180;65;295;133;174;109;545;264;354
Valladolid;47186;4718611035;2023;38;255;121;171;63;303;131;175;101;558;252;346
Valladolid;47186;4718611036;2021;52;407;131;196;99;471;165;185;151;878;296;381
Valladolid;47186;4718611036;2022;53;435;136;196;92;499;159;182;145;934;295;378
Valladolid;47186;4718611036;2023;54;463;141;208;84;536;169;188;138;999;310;396
Valladolid;47186;4718611037;2021;32;384;105;169;50;431;111;167;82;815;216;336
Valladolid;47186;4718611037;2022;26;389;98;165;46;436;107;162;72;825;205;327
Valladolid;47186;4718611037;2023;29;385;86;165;50;434;97;162;79;819;183;327
Valladolid;47186;4718611038;2021;52;469;155;198;68;494;193;159;120;963;348;357
Valladolid;47186;4718611038;2022;52;480;160;185;62;504;200;181;114;984;360;366
Valladolid;47186;4718611038;2023;53;481;157;191;61;516;186;177;114;997;343;368
Valladolid;47186;4718611039;2021;38;346;85;173;56;358;123;135;94;704;208;308
Valladolid;47186;4718611039;2022;37;360;83;159;48;354;130;130;85;714;213;289
Valladolid;47186;4718611039;2023;40;381;69;148;48;360;122;141;88;741;191;289
Valladolid;47186;4718611040;2021;40;168;93;113;75;167;111;100;115;335;204;213
Valladolid;47186;4718611040;2022;40;173;94;104;74;172;108;94;114;345;202;198
Valladolid;47186;4718611040;2023;37;166;87;101;71;170;100;99;108;336;187;200
Valladolid;47186;4718611041;2021;26;370;105;126;25;422;88;113;51;792;193;239
Valladolid;47186;4718611041;2022;24;402;114;147;24;460;93;123;48;862;207;270
Valladolid;47186;4718611041;2023;25;417;115;155;23;482;97;135;48;899;212;290
Valladolid;47186;4718611042;2021;52;372;139;188;72;404;123;148;124;776;262;336
Valladolid;47186;4718611042;2022;51;409;146;203;70;459;126;161;121;868;272;364
Valladolid;47186;4718611042;2023;52;429;152;212;68;469;124;167;120;898;276;379
Valladolid;47186;4718611043;2021;28;328;106;148;40;354;109;132;68;682;215;280
Valladolid;47186;4718611043;2022;20;331;124;150;40;362;105;135;60;693;229;285
Valladolid;47186;4718611043;2023;21;348;122;156;40;369;117;140;61;717;239;296
Valladolid;47186;4718612001;2021;60;116;175;123;68;143;161;106;128;259;336;229
Valladolid;47186;4718612001;2022;47;112;167;113;51;134;149;98;98;246;316;211
Valladolid;47186;4718612001;2023;41;117;170;119;49;144;148;95;90;261;318;214
Valladolid;47186;4718612002;2021;48;203;71;123;76;186;74;100;124;389;145;223
Valladolid;47186;4718612002;2022;46;206;66;116;75;195;78;100;121;401;144;216
Valladolid;47186;4718612002;2023;58;216;61;119;88;201;79;104;146;417;140;223
Valladolid;47186;4718612003;2021;118;87;214;108;138;97;182;124;256;184;396;232
Valladolid;47186;4718612003;2022;115;92;208;124;139;117;177;120;254;209;385;244
Valladolid;47186;4718612003;2023;107;99;208;123;130;129;183;120;237;228;391;243
Valladolid;47186;4718612004;2021;29;416;86;148;34;411;75;156;63;827;161;304
Valladolid;47186;4718612004;2022;27;429;88;149;36;419;89;153;63;848;177;302
Valladolid;47186;4718612004;2023;26;435;89;151;28;424;90;161;54;859;179;312
Valladolid;47187;4718701001;2021;23;6;12;7;20;3;7;1;43;9;19;8
Valladolid;47187;4718701001;2022;21;8;12;7;19;6;7;2;40;14;19;9
Valladolid;47187;4718701001;2023;18;8;13;6;17;6;7;2;35;14;20;8
Valladolid;47188;4718801001;2021;13;13;16;10;12;7;18;4;25;20;34;14
Valladolid;47188;4718801001;2022;12;13;14;10;11;8;16;4;23;21;30;14
Valladolid;47188;4718801001;2023;10;15;14;10;10;9;15;4;20;24;29;14
Valladolid;47189;4718901001;2021;16;13;40;18;15;14;32;12;31;27;72;30
Valladolid;47189;4718901001;2022;16;14;38;15;14;16;33;11;30;30;71;26
Valladolid;47189;4718901001;2023;15;14;39;14;14;16;35;10;29;30;74;24
Valladolid;47190;4719001001;2021;7;9;22;10;13;20;10;8;20;29;32;18
Valladolid;47190;4719001001;2022;6;9;22;12;13;20;10;7;19;29;32;19
Valladolid;47190;4719001001;2023;6;10;21;11;13;20;8;9;19;30;29;20
Valladolid;47191;4719101001;2021;18;19;23;15;6;14;11;10;24;33;34;25
Valladolid;47191;4719101001;2022;18;19;23;15;6;13;12;9;24;32;35;24
Valladolid;47191;4719101001;2023;19;22;24;15;8;12;12;11;27;34;36;26
Valladolid;47192;4719201001;2021;6;14;23;14;6;9;17;8;12;23;40;22
Valladolid;47192;4719201001;2022;6;15;22;14;6;8;17;10;12;23;39;24
Valladolid;47192;4719201001;2023;5;16;22;15;8;12;19;9;13;28;41;24
Valladolid;47193;4719301001;2021;96;398;266;196;108;393;213;180;204;791;479;376
Valladolid;47193;4719301001;2022;87;404;275;213;106;400;220;192;193;804;495;405
Valladolid;47193;4719301001;2023;88;419;277;220;111;429;219;199;199;848;496;419
Valladolid;47194;4719401001;2021;27;43;69;35;37;37;52;24;64;80;121;59
Valladolid;47194;4719401001;2022;23;43;64;41;35;40;55;23;58;83;119;64
Valladolid;47194;4719401001;2023;21;46;67;40;31;45;54;26;52;91;121;66
Valladolid;47195;4719501001;2021;38;69;87;52;46;66;62;34;84;135;149;86
Valladolid;47195;4719501001;2022;36;74;91;53;44;69;62;34;80;143;153;87
Valladolid;47195;4719501001;2023;34;83;92;47;40;78;64;34;74;161;156;81
Valladolid;47197;4719701001;2021;141;76;187;91;130;111;137;59;271;187;324;150
Valladolid;47197;4719701001;2022;142;85;184;93;125;116;139;58;267;201;323;151
Valladolid;47197;4719701001;2023;131;89;186;89;117;117;141;62;248;206;327;151
Valladolid;47198;4719801001;2021;10;10;15;6;13;6;6;3;23;16;21;9
Valladolid;47198;4719801001;2022;8;11;14;7;9;4;6;4;17;15;20;11
Valladolid;47198;4719801001;2023;8;10;14;7;8;5;7;3;16;15;21;10
Valladolid;47199;4719901001;2021;9;16;12;11;6;11;9;5;15;27;21;16
Valladolid;47199;4719901001;2022;10;17;12;10;7;10;10;6;17;27;22;16
Valladolid;47199;4719901001;2023;7;16;12;10;4;10;10;7;11;26;22;17
Valladolid;47200;4720001001;2021;7;16;15;9;5;6;9;7;12;22;24;16
Valladolid;47200;4720001001;2022;7;16;15;10;5;6;9;6;12;22;24;16
Valladolid;47200;4720001001;2023;8;16;15;10;4;5;9;5;12;21;24;15
Valladolid;47203;4720301001;2021;3;5;15;9;10;8;7;5;13;13;22;14
Valladolid;47203;4720301001;2022;3;5;14;9;7;10;8;6;10;15;22;15
Valladolid;47203;4720301001;2023;2;6;14;7;7;11;7;8;9;17;21;15
Valladolid;47204;4720401001;2021;49;10;51;21;55;16;41;15;104;26;92;36
Valladolid;47204;4720401001;2022;47;10;48;20;51;15;39;17;98;25;87;37
Valladolid;47204;4720401001;2023;45;12;46;21;39;12;34;16;84;24;80;37
Valladolid;47205;4720501001;2021;67;22;106;29;58;35;61;28;125;57;167;57
Valladolid;47205;4720501001;2022;65;21;109;36;53;37;58;36;118;58;167;72
Valladolid;47205;4720501001;2023;63;19;108;34;52;41;60;32;115;60;168;66
Valladolid;47206;4720601001;2021;11;17;18;3;12;11;9;1;23;28;27;4
Valladolid;47206;4720601001;2022;9;17;18;4;12;12;9;1;21;29;27;5
Valladolid;47206;4720601001;2023;8;17;20;4;11;12;10;1;19;29;30;5
Valladolid;47207;4720701001;2021;45;46;52;23;31;26;33;14;76;72;85;37
Valladolid;47207;4720701001;2022;43;44;53;25;32;27;34;15;75;71;87;40
Valladolid;47207;4720701001;2023;42;41;53;26;27;33;35;16;69;74;88;42
Valladolid;47208;4720801001;2021;9;5;8;8;5;8;7;8;14;13;15;16
Valladolid;47208;4720801001;2022;9;5;8;9;5;6;6;8;14;11;14;17
Valladolid;47208;4720801001;2023;8;4;10;7;5;7;6;6;13;11;16;13
Valladolid;47210;4721001001;2021;59;42;86;29;92;57;50;21;151;99;136;50
Valladolid;47210;4721001001;2022;64;44;88;28;92;60;54;22;156;104;142;50
Valladolid;47210;4721001001;2023;57;47;83;28;90;61;51;23;147;108;134;51
Valladolid;47212;4721201001;2021;41;69;56;37;46;44;38;30;87;113;94;67
Valladolid;47212;4721201001;2022;36;76;56;42;42;44;38;36;78;120;94;78
Valladolid;47212;4721201001;2023;36;80;59;36;40;53;40;30;76;133;99;66
Valladolid;47213;4721301001;2021;11;10;21;11;12;20;14;6;23;30;35;17
Valladolid;47213;4721301001;2022;11;11;21;10;12;17;13;9;23;28;34;19
Valladolid;47213;4721301001;2023;11;11;21;9;12;20;13;9;23;31;34;18
Valladolid;47214;4721401001;2021;149;134;290;137;186;207;222;102;335;341;512;239
Valladolid;47214;4721401001;2022;133;143;291;142;175;213;227;94;308;356;518;236
Valladolid;47214;4721401001;2023;135;138;288;146;172;213;225;97;307;351;513;243
Valladolid;47216;4721601001;2021;11;15;24;12;14;19;10;10;25;34;34;22
Valladolid;47216;4721601001;2022;11;16;24;13;12;23;10;8;23;39;34;21
Valladolid;47216;4721601001;2023;11;16;23;14;11;23;10;8;22;39;33;22
Valladolid;47217;4721701001;2021;77;157;219;120;88;168;183;113;165;325;402;233
Valladolid;47217;4721701001;2022;70;168;214;127;85;174;175;121;155;342;389;248
Valladolid;47217;4721701001;2023;67;173;219;137;71;175;176;123;138;348;395;260
Valladolid;47217;4721701002;2021;47;228;156;147;26;254;142;118;73;482;298;265
Valladolid;47217;4721701002;2022;43;243;167;155;29;267;133;129;72;510;300;284
Valladolid;47217;4721701002;2023;45;248;166;163;26;280;135;129;71;528;301;292
Valladolid;47218;4721801001;2021;107;139;202;113;116;130;173;101;223;269;375;214
Valladolid;47218;4721801001;2022;105;146;212;118;103;130;172;114;208;276;384;232
Valladolid;47218;4721801001;2023;104;140;209;123;100;139;166;109;204;279;375;232
Valladolid;47219;4721901001;2021;7;1;12;4;7;6;7;4;14;7;19;8
Valladolid;47219;4721901001;2022;6;1;14;4;5;6;9;6;11;7;23;10
Valladolid;47219;4721901001;2023;6;3;12;4;5;8;10;5;11;11;22;9
Valladolid;47220;4722001001;2021;18;21;29;17;26;21;24;8;44;42;53;25
Valladolid;47220;4722001001;2022;17;18;28;17;22;21;24;7;39;39;52;24
Valladolid;47220;4722001001;2023;16;19;27;20;19;20;22;6;35;39;49;26
Valladolid;47221;4722101001;2021;7;25;20;9;9;21;5;7;16;46;25;16
Valladolid;47221;4722101001;2022;7;24;20;9;9;19;5;6;16;43;25;15
Valladolid;47221;4722101001;2023;7;25;20;9;9;18;5;6;16;43;25;15
Valladolid;47222;4722201001;2021;10;18;16;7;9;11;9;6;19;29;25;13
Valladolid;47222;4722201001;2022;10;18;17;7;10;13;9;5;20;31;26;12
Valladolid;47222;4722201001;2023;9;22;16;8;10;18;9;5;19;40;25;13
Valladolid;47223;4722301001;2021;15;17;35;17;17;18;18;10;32;35;53;27
Valladolid;47223;4722301001;2022;11;18;36;16;16;19;16;10;27;37;52;26
Valladolid;47223;4722301001;2023;10;18;36;16;13;19;14;11;23;37;50;27
Valladolid;47224;4722401001;2021;6;16;19;11;7;15;13;8;13;31;32;19
Valladolid;47224;4722401001;2022;4;16;16;12;7;14;12;8;11;30;28;20
Valladolid;47224;4722401001;2023;3;16;18;12;7;14;12;10;10;30;30;22
Valladolid;47225;4722501001;2021;4;10;21;6;4;6;15;5;8;16;36;11
Valladolid;47225;4722501001;2022;4;12;21;6;3;8;13;5;7;20;34;11
Valladolid;47225;4722501001;2023;3;12;21;6;3;8;12;5;6;20;33;11
Valladolid;47226;4722601001;2021;11;21;38;16;11;18;23;10;22;39;61;26
Valladolid;47226;4722601001;2022;10;21;38;19;10;18;23;10;20;39;61;29
Valladolid;47226;4722601001;2023;10;20;32;18;9;19;21;10;19;39;53;28
Valladolid;47227;4722701001;2021;4;12;10;3;7;6;7;0;11;18;17;3
Valladolid;47227;4722701001;2022;4;11;10;3;6;6;8;0;10;17;18;3
Valladolid;47227;4722701001;2023;3;11;10;4;7;6;9;1;10;17;19;5
Valladolid;47228;4722801001;2021;42;38;136;29;60;36;83;28;102;74;219;57
Valladolid;47228;4722801001;2022;43;39;139;29;56;38;83;29;99;77;222;58
Valladolid;47228;4722801001;2023;44;39;143;32;56;41;89;34;100;80;232;66
Valladolid;47229;4722901001;2021;31;23;47;18;49;18;36;8;80;41;83;26
Valladolid;47229;4722901001;2022;33;22;46;18;49;20;33;9;82;42;79;27
Valladolid;47229;4722901001;2023;31;26;44;17;49;23;31;9;80;49;75;26
Valladolid;47230;4723001001;2021;28;48;45;31;33;45;36;17;61;93;81;48
Valladolid;47230;4723001001;2022;27;48;44;35;30;48;36;17;57;96;80;52
Valladolid;47230;4723001001;2023;25;48;43;35;29;47;35;19;54;95;78;54
Valladolid;47231;4723101001;2021;70;292;205;203;73;312;200;160;143;604;405;363
Valladolid;47231;4723101001;2022;67;302;208;204;74;313;215;153;141;615;423;357
Valladolid;47231;4723101001;2023;69;313;222;207;80;322;219;168;149;635;441;375
Valladolid;47231;4723101002;2021;33;266;144;133;45;289;105;142;78;555;249;275
Valladolid;47231;4723101002;2022;31;261;145;141;48;288;116;144;79;549;261;285
Valladolid;47231;4723101002;2023;28;267;150;149;46;299;122;151;74;566;272;300
Valladolid;47231;4723101003;2021;46;217;186;141;55;249;127;142;101;466;313;283
Valladolid;47231;4723101003;2022;50;221;195;148;52;256;142;148;102;477;337;296
Valladolid;47231;4723101003;2023;41;219;211;151;56;268;146;141;97;487;357;292
Valladolid;47231;4723101004;2021;39;251;140;114;38;282;104;96;77;533;244;210
Valladolid;47231;4723101004;2022;37;242;149;116;31;290;105;101;68;532;254;217
Valladolid;47231;4723101004;2023;30;247;142;118;34;287;110;111;64;534;252;229
Valladolid;47232;4723201001;2021;13;10;30;8;13;14;18;7;26;24;48;15
Valladolid;47232;4723201001;2022;12;12;32;8;12;13;16;7;24;25;48;15
Valladolid;47232;4723201001;2023;12;11;36;7;10;13;16;9;22;24;52;16
Zamora;49002;4900201001;2021;6;5;12;5;10;13;1;4;16;18;13;9
Zamora;49002;4900201001;2022;7;5;13;7;8;14;1;5;15;19;14;12
Zamora;49002;4900201001;2023;6;7;12;9;7;13;1;5;13;20;13;14
Zamora;49003;4900301001;2021;125;75;219;104;138;104;158;64;263;179;377;168
Zamora;49003;4900301001;2022;117;75;221;109;132;111;152;70;249;186;373;179
Zamora;49003;4900301001;2023;113;83;222;115;129;117;155;67;242;200;377;182
Zamora;49004;4900401001;2021;15;9;26;9;20;7;18;6;35;16;44;15
Zamora;49004;4900401001;2022;12;10;24;11;19;8;17;7;31;18;41;18
Zamora;49004;4900401001;2023;10;9;26;12;18;6;16;6;28;15;42;18
Zamora;49005;4900501001;2021;11;17;36;10;18;14;10;10;29;31;46;20
Zamora;49005;4900501001;2022;12;17;33;10;17;11;11;8;29;28;44;18
Zamora;49005;4900501001;2023;12;16;32;8;15;12;11;8;27;28;43;16
Zamora;49006;4900601001;2021;3;13;45;12;3;14;38;5;6;27;83;17
Zamora;49006;4900601001;2022;3;13;45;12;3;16;39;4;6;29;84;16
Zamora;49006;4900601001;2023;3;18;42;12;3;18;38;5;6;36;80;17
Zamora;49007;4900701001;2021;50;43;74;24;75;29;56;25;125;72;130;49
Zamora;49007;4900701001;2022;49;43;76;24;70;30;56;23;119;73;132;47
Zamora;49007;4900701001;2023;43;43;77;25;67;33;51;24;110;76;128;49
Zamora;49008;4900801001;2021;59;34;99;29;72;29;56;31;131;63;155;60
Zamora;49008;4900801001;2022;52;36;100;26;62;32;58;32;114;68;158;58
Zamora;49008;4900801001;2023;53;41;97;26;64;30;55;32;117;71;152;58
Zamora;49009;4900901001;2021;66;23;82;40;90;30;62;20;156;53;144;60
Zamora;49009;4900901001;2022;64;25;82;40;81;32;63;22;145;57;145;62
Zamora;49009;4900901001;2023;55;28;82;38;70;33;69;21;125;61;151;59
Zamora;49010;4901001001;2021;25;58;68;34;21;77;50;30;46;135;118;64
Zamora;49010;4901001001;2022;23;54;74;35;21;81;55;34;44;135;129;69
Zamora;49010;4901001001;2023;23;57;73;37;15;83;48;37;38;140;121;74
Zamora;49011;4901101001;2021;26;14;49;26;26;25;31;14;52;39;80;40
Zamora;49011;4901101001;2022;22;15;52;26;24;24;32;16;46;39;84;42
Zamora;49011;4901101001;2023;21;12;54;27;22;23;30;16;43;35;84;43
Zamora;49012;4901201001;2021;5;3;14;11;12;6;12;4;17;9;26;15
Zamora;49012;4901201001;2022;5;3;15;10;9;7;13;6;14;10;28;16
Zamora;49012;4901201001;2023;5;3;16;10;10;7;13;5;15;10;29;15
Zamora;49013;4901301001;2021;35;12;43;21;39;17;36;13;74;29;79;34
Zamora;49013;4901301001;2022;32;12;42;23;35;17;37;14;67;29;79;37
Zamora;49013;4901301001;2023;30;13;41;21;30;19;36;14;60;32;77;35
Zamora;49014;4901401001;2021;14;14;21;11;15;13;17;11;29;27;38;22
Zamora;49014;4901401001;2022;14;14;21;10;14;14;17;9;28;28;38;19
Zamora;49014;4901401001;2023;13;16;21;9;12;14;16;9;25;30;37;18
Zamora;49015;4901501001;2021;24;16;51;19;44;15;33;10;68;31;84;29
Zamora;49015;4901501001;2022;22;17;53;19;42;16;31;11;64;33;84;30
Zamora;49015;4901501001;2023;17;17;54;20;41;14;33;11;58;31;87;31
Zamora;49016;4901601001;2021;18;11;59;13;33;25;49;16;51;36;108;29
Zamora;49016;4901601001;2022;15;11;58;13;35;28;49;14;50;39;107;27
Zamora;49016;4901601001;2023;15;10;59;13;32;28;51;14;47;38;110;27
Zamora;49017;4901701001;2021;39;27;45;20;45;19;41;15;84;46;86;35
Zamora;49017;4901701001;2022;36;29;48;18;44;21;46;16;80;50;94;34
Zamora;49017;4901701001;2023;35;33;45;18;47;21;41;18;82;54;86;36
Zamora;49018;4901801001;2021;43;22;52;19;70;16;40;12;113;38;92;31
Zamora;49018;4901801001;2022;37;23;51;20;63;16;40;12;100;39;91;32
Zamora;49018;4901801001;2023;37;26;52;21;58;16;43;11;95;42;95;32
Zamora;49019;4901901001;2021;24;21;56;25;29;17;42;17;53;38;98;42
Zamora;49019;4901901001;2022;22;20;56;23;28;18;42;18;50;38;98;41
Zamora;49019;4901901001;2023;24;20;53;26;29;23;40;17;53;43;93;43
Zamora;49020;4902001001;2021;31;35;65;11;36;24;44;9;67;59;109;20
Zamora;49020;4902001001;2022;30;36;63;8;31;24;44;10;61;60;107;18
Zamora;49020;4902001001;2023;26;37;64;11;28;23;46;11;54;60;110;22
Zamora;49021;4902101001;2021;84;45;208;66;133;68;158;66;217;113;366;132
Zamora;49021;4902101001;2022;82;50;215;71;131;69;159;69;213;119;374;140
Zamora;49021;4902101001;2023;80;49;208;71;126;67;163;67;206;116;371;138
Zamora;49021;4902101002;2021;52;90;156;77;85;136;135;90;137;226;291;167
Zamora;49021;4902101002;2022;43;87;158;82;78;138;132;84;121;225;290;166
Zamora;49021;4902101002;2023;43;83;152;91;77;140;134;87;120;223;286;178
Zamora;49021;4902101003;2021;58;40;179;53;89;41;169;50;147;81;348;103
Zamora;49021;4902101003;2022;59;39;178;53;90;44;159;55;149;83;337;108
Zamora;49021;4902101003;2023;52;41;171;52;84;48;157;58;136;89;328;110
Zamora;49021;4902101004;2021;71;143;313;137;95;208;251;151;166;351;564;288
Zamora;49021;4902101004;2022;68;142;310;142;89;210;244;161;157;352;554;303
Zamora;49021;4902101004;2023;65;140;304;143;85;216;249;164;150;356;553;307
Zamora;49021;4902101005;2021;65;90;325;126;85;148;311;134;150;238;636;260
Zamora;49021;4902101005;2022;57;96;319;120;82;149;313;127;139;245;632;247
Zamora;49021;4902101005;2023;61;92;307;119;80;143;306;127;141;235;613;246
Zamora;49021;4902101006;2021;59;109;284;133;90;156;248;161;149;265;532;294
Zamora;49021;4902101006;2022;55;115;280;129;83;165;243;162;138;280;523;291
Zamora;49021;4902101006;2023;57;109;277;136;83;166;242;161;140;275;519;297
Zamora;49021;4902101007;2021;39;56;97;48;69;54;108;52;108;110;205;100
Zamora;49021;4902101007;2022;35;55;100;46;68;55;100;60;103;110;200;106
Zamora;49021;4902101007;2023;39;55;96;50;63;57;99;60;102;112;195;110
Zamora;49021;4902102001;2021;32;90;113;75;57;137;101;75;89;227;214;150
Zamora;49021;4902102001;2022;28;91;108;79;52;137;97;75;80;228;205;154
Zamora;49021;4902102001;2023;30;95;105;71;52;139;94;71;82;234;199;142
Zamora;49021;4902102002;2021;82;127;394;145;145;170;357;171;227;297;751;316
Zamora;49021;4902102002;2022;82;126;393;148;139;187;354;172;221;313;747;320
Zamora;49021;4902102002;2023;91;122;393;152;138;182;356;179;229;304;749;331
Zamora;49021;4902102003;2021;90;154;246;170;115;230;234;165;205;384;480;335
Zamora;49021;4902102003;2022;88;164;244;175;105;227;230;171;193;391;474;346
Zamora;49021;4902102003;2023;84;161;232;195;106;227;217;179;190;388;449;374
Zamora;49021;4902102004;2021;86;36;139;47;84;54;113;50;170;90;252;97
Zamora;49021;4902102004;2022;80;37;133;43;84;55;109;49;164;92;242;92
Zamora;49021;4902102004;2023;78;40;137;45;80;58;109;44;158;98;246;89
Zamora;49021;4902102005;2021;41;186;308;196;48;248;267;186;89;434;575;382
Zamora;49021;4902102005;2022;41;195;299;192;48;248;254;186;89;443;553;378
Zamora;49021;4902102005;2023;43;200;287;184;44;253;255;180;87;453;542;364
Zamora;49021;4902102006;2021;64;83;248;137;79;148;215;136;143;231;463;273
Zamora;49021;4902102006;2022;66;88;246;132;66;148;203;160;132;236;449;292
Zamora;49021;4902102006;2023;69;93;243;136;69;157;202;157;138;250;445;293
Zamora;49021;4902103001;2021;36;102;163;108;69;158;156;107;105;260;319;215
Zamora;49021;4902103001;2022;34;106;162;110;59;162;148;104;93;268;310;214
Zamora;49021;4902103001;2023;37;107;166;114;58;160;148;109;95;267;314;223
Zamora;49021;4902103002;2021;54;80;131;97;100;113;109;78;154;193;240;175
Zamora;49021;4902103002;2022;45;83;134;99;91;110;113;76;136;193;247;175
Zamora;49021;4902103002;2023;40;82;141;94;87;107;114;78;127;189;255;172
Zamora;49022;4902201001;2021;48;22;54;36;38;27;41;21;86;49;95;57
Zamora;49022;4902201001;2022;47;24;56;33;35;22;41;23;82;46;97;56
Zamora;49022;4902201001;2023;42;22;54;32;33;21;39;24;75;43;93;56
Zamora;49023;4902301001;2021;120;82;201;93;139;115;122;70;259;197;323;163
Zamora;49023;4902301001;2022;107;81;201;103;129;118;119;70;236;199;320;173
Zamora;49023;4902301001;2023;98;88;201;107;121;125;115;73;219;213;316;180
Zamora;49024;4902401001;2021;99;43;137;52;123;59;96;44;222;102;233;96
Zamora;49024;4902401001;2022;96;47;138;53;113;65;97;36;209;112;235;89
Zamora;49024;4902401001;2023;87;46;138;55;109;62;101;32;196;108;239;87
Zamora;49025;4902501001;2021;24;26;29;11;19;18;24;7;43;44;53;18
Zamora;49025;4902501001;2022;24;26;28;12;18;17;23;7;42;43;51;19
Zamora;49025;4902501001;2023;26;28;36;15;17;18;25;11;43;46;61;26
Zamora;49026;4902601001;2021;36;11;50;12;47;12;25;10;83;23;75;22
Zamora;49026;4902601001;2022;33;12;48;12;43;14;25;8;76;26;73;20
Zamora;49026;4902601001;2023;34;12;49;13;42;17;26;11;76;29;75;24
Zamora;49027;4902701001;2021;12;11;26;10;27;12;22;5;39;23;48;15
Zamora;49027;4902701001;2022;11;11;23;12;26;11;22;6;37;22;45;18
Zamora;49027;4902701001;2023;11;10;24;11;24;12;22;5;35;22;46;16
Zamora;49028;4902801001;2021;13;14;28;6;12;5;18;2;25;19;46;8
Zamora;49028;4902801001;2022;12;14;30;7;11;6;20;4;23;20;50;11
Zamora;49028;4902801001;2023;11;13;29;8;12;6;19;3;23;19;48;11
Zamora;49029;4902901001;2021;73;31;167;45;108;32;112;37;181;63;279;82
Zamora;49029;4902901001;2022;71;32;161;44;102;35;115;32;173;67;276;76
Zamora;49029;4902901001;2023;67;35;158;42;94;36;113;35;161;71;271;77
Zamora;49030;4903001001;2021;10;8;15;8;11;10;11;2;21;18;26;10
Zamora;49030;4903001001;2022;10;12;16;9;10;11;11;4;20;23;27;13
Zamora;49030;4903001001;2023;10;12;15;9;10;10;12;4;20;22;27;13
Zamora;49031;4903101001;2021;15;11;37;16;28;10;27;6;43;21;64;22
Zamora;49031;4903101001;2022;13;13;36;15;25;11;25;6;38;24;61;21
Zamora;49031;4903101001;2023;12;13;35;15;20;11;27;6;32;24;62;21
Zamora;49032;4903201001;2021;45;19;67;13;72;14;43;11;117;33;110;24
Zamora;49032;4903201001;2022;41;21;74;14;68;14;47;13;109;35;121;27
Zamora;49032;4903201001;2023;37;22;68;15;58;16;47;18;95;38;115;33
Zamora;49033;4903301001;2021;95;55;150;60;123;77;119;41;218;132;269;101
Zamora;49033;4903301001;2022;89;54;143;59;113;79;118;38;202;133;261;97
Zamora;49033;4903301001;2023;89;57;142;63;119;75;118;39;208;132;260;102
Zamora;49034;4903401001;2021;40;20;115;41;56;30;80;29;96;50;195;70
Zamora;49034;4903401001;2022;36;22;114;39;52;31;78;27;88;53;192;66
Zamora;49034;4903401001;2023;37;21;113;40;48;30;79;29;85;51;192;69
Zamora;49035;4903501001;2021;19;24;39;34;18;27;32;16;37;51;71;50
Zamora;49035;4903501001;2022;18;27;38;34;18;29;31;14;36;56;69;48
Zamora;49035;4903501001;2023;20;25;35;34;15;28;32;11;35;53;67;45
Zamora;49036;4903601001;2021;91;42;76;40;114;34;64;25;205;76;140;65
Zamora;49036;4903601001;2022;84;44;76;44;108;35;62;25;192;79;138;69
Zamora;49036;4903601001;2023;82;49;74;41;107;36;60;24;189;85;134;65
Zamora;49037;4903701001;2021;19;15;50;10;19;15;34;11;38;30;84;21
Zamora;49037;4903701001;2022;17;14;48;14;19;15;32;12;36;29;80;26
Zamora;49037;4903701001;2023;20;14;52;13;18;15;31;14;38;29;83;27
Zamora;49038;4903801001;2021;17;14;12;13;13;11;11;6;30;25;23;19
Zamora;49038;4903801001;2022;17;12;13;14;12;11;12;3;29;23;25;17
Zamora;49038;4903801001;2023;14;12;16;12;11;10;13;5;25;22;29;17
Zamora;49039;4903901001;2021;23;34;89;29;28;50;54;27;51;84;143;56
Zamora;49039;4903901001;2022;25;37;92;29;26;50;52;27;51;87;144;56
Zamora;49039;4903901001;2023;21;40;98;31;24;50;48;30;45;90;146;61
Zamora;49040;4904001001;2021;11;12;23;14;10;13;16;11;21;25;39;25
Zamora;49040;4904001001;2022;10;12;23;19;9;12;17;12;19;24;40;31
Zamora;49040;4904001001;2023;9;14;24;17;9;16;19;10;18;30;43;27
Zamora;49041;4904101001;2021;58;31;115;34;59;28;76;30;117;59;191;64
Zamora;49041;4904101001;2022;55;30;111;35;54;30;72;32;109;60;183;67
Zamora;49041;4904101001;2023;52;37;108;38;45;33;77;34;97;70;185;72
Zamora;49042;4904201001;2021;28;22;36;18;37;27;31;15;65;49;67;33
Zamora;49042;4904201001;2022;26;25;37;15;33;27;31;14;59;52;68;29
Zamora;49042;4904201001;2023;25;23;35;19;28;26;29;15;53;49;64;34
Zamora;49043;4904301001;2021;39;17;49;34;37;20;50;16;76;37;99;50
Zamora;49043;4904301001;2022;33;22;52;35;33;25;52;16;66;47;104;51
Zamora;49043;4904301001;2023;32;22;49;34;26;23;51;16;58;45;100;50
Zamora;49044;4904401001;2021;6;12;17;3;10;11;12;3;16;23;29;6
Zamora;49044;4904401001;2022;5;12;16;4;8;10;11;4;13;22;27;8
Zamora;49044;4904401001;2023;5;12;17;5;8;12;10;4;13;24;27;9
Zamora;49046;4904601001;2021;30;24;53;28;33;25;29;22;63;49;82;50
Zamora;49046;4904601001;2022;28;23;52;29;29;25;27;23;57;48;79;52
Zamora;49046;4904601001;2023;26;22;55;30;31;33;28;17;57;55;83;47
Zamora;49047;4904701001;2021;16;8;26;13;14;9;18;5;30;17;44;18
Zamora;49047;4904701001;2022;14;8;27;13;12;8;18;6;26;16;45;19
Zamora;49047;4904701001;2023;11;9;26;15;12;9;18;4;23;18;44;19
Zamora;49048;4904801001;2021;15;16;15;9;23;11;14;8;38;27;29;17
Zamora;49048;4904801001;2022;13;17;16;7;22;12;14;7;35;29;30;14
Zamora;49048;4904801001;2023;13;18;16;8;20;14;15;6;33;32;31;14
Zamora;49050;4905001001;2021;71;43;129;43;77;46;66;40;148;89;195;83
Zamora;49050;4905001001;2022;57;46;124;51;69;46;71;41;126;92;195;92
Zamora;49050;4905001001;2023;53;51;123;47;61;48;68;41;114;99;191;88
Zamora;49052;4905201001;2021;18;13;47;25;22;11;34;15;40;24;81;40
Zamora;49052;4905201001;2022;14;14;44;25;21;12;35;14;35;26;79;39
Zamora;49052;4905201001;2023;10;15;39;25;18;12;33;12;28;27;72;37
Zamora;49053;4905301001;2021;111;73;223;88;143;108;148;73;254;181;371;161
Zamora;49053;4905301001;2022;101;73;229;95;140;113;139;68;241;186;368;163
Zamora;49053;4905301001;2023;95;75;222;94;133;115;143;66;228;190;365;160
Zamora;49054;4905401001;2021;109;69;181;69;134;95;126;67;243;164;307;136
Zamora;49054;4905401001;2022;105;70;186;74;130;102;132;74;235;172;318;148
Zamora;49054;4905401001;2023;94;74;184;71;121;100;133;71;215;174;317;142
Zamora;49055;4905501001;2021;11;10;23;9;16;7;11;7;27;17;34;16
Zamora;49055;4905501001;2022;11;10;22;9;15;8;8;10;26;18;30;19
Zamora;49055;4905501001;2023;9;10;20;7;13;8;7;9;22;18;27;16
Zamora;49056;4905601001;2021;27;16;74;19;44;36;49;21;71;52;123;40
Zamora;49056;4905601001;2022;27;14;73;16;40;36;48;22;67;50;121;38
Zamora;49056;4905601001;2023;27;17;78;16;38;37;46;21;65;54;124;37
Zamora;49057;4905701001;2021;17;7;27;10;24;13;12;6;41;20;39;16
Zamora;49057;4905701001;2022;17;9;27;11;24;14;14;6;41;23;41;17
Zamora;49057;4905701001;2023;17;8;27;11;21;14;12;6;38;22;39;17
Zamora;49058;4905801001;2021;24;17;97;20;25;23;75;17;49;40;172;37
Zamora;49058;4905801001;2022;23;20;98;20;19;27;77;14;42;47;175;34
Zamora;49058;4905801001;2023;24;19;94;21;19;27;74;12;43;46;168;33
Zamora;49059;4905901001;2021;9;3;29;10;6;2;18;5;15;5;47;15
Zamora;49059;4905901001;2022;9;3;28;10;6;2;17;5;15;5;45;15
Zamora;49059;4905901001;2023;8;3;27;10;7;2;17;6;15;5;44;16
Zamora;49061;4906101001;2021;13;10;36;18;15;13;26;11;28;23;62;29
Zamora;49061;4906101001;2022;11;10;35;18;14;13;24;8;25;23;59;26
Zamora;49061;4906101001;2023;10;10;35;17;12;13;26;9;22;23;61;26
Zamora;49062;4906201001;2021;11;2;33;8;18;7;18;9;29;9;51;17
Zamora;49062;4906201001;2022;9;2;34;13;17;8;19;8;26;10;53;21
Zamora;49062;4906201001;2023;9;4;37;11;13;7;20;7;22;11;57;18
Zamora;49063;4906301001;2021;43;26;75;18;71;17;40;21;114;43;115;39
Zamora;49063;4906301001;2022;40;30;79;16;65;19;43;20;105;49;122;36
Zamora;49063;4906301001;2023;34;33;84;18;61;18;46;23;95;51;130;41
Zamora;49064;4906401001;2021;71;41;88;41;102;42;55;30;173;83;143;71
Zamora;49064;4906401001;2022;63;46;88;40;97;47;60;26;160;93;148;66
Zamora;49064;4906401001;2023;62;52;94;39;92;44;65;26;154;96;159;65
Zamora;49065;4906501001;2021;182;65;225;73;223;76;173;50;405;141;398;123
Zamora;49065;4906501001;2022;161;72;234;81;214;78;181;52;375;150;415;133
Zamora;49065;4906501001;2023;151;80;241;79;202;86;179;59;353;166;420;138
Zamora;49066;4906601001;2021;61;35;101;34;92;38;76;27;153;73;177;61
Zamora;49066;4906601001;2022;53;33;102;32;91;37;77;28;144;70;179;60
Zamora;49066;4906601001;2023;49;32;99;33;87;37;75;30;136;69;174;63
Zamora;49067;4906701001;2021;46;28;88;23;57;21;56;16;103;49;144;39
Zamora;49067;4906701001;2022;46;33;86;26;53;25;57;15;99;58;143;41
Zamora;49067;4906701001;2023;39;34;88;27;50;24;56;19;89;58;144;46
Zamora;49068;4906801001;2021;91;20;96;30;91;23;45;22;182;43;141;52
Zamora;49068;4906801001;2022;87;22;94;32;90;21;47;19;177;43;141;51
Zamora;49068;4906801001;2023;84;25;95;32;87;23;50;19;171;48;145;51
Zamora;49069;4906901001;2021;51;19;64;13;107;14;31;10;158;33;95;23
Zamora;49069;4906901001;2022;51;24;70;21;104;17;39;10;155;41;109;31
Zamora;49069;4906901001;2023;49;20;70;22;94;14;40;13;143;34;110;35
Zamora;49071;4907101001;2021;116;67;154;47;163;65;90;35;279;132;244;82
Zamora;49071;4907101001;2022;111;78;157;52;155;69;94;36;266;147;251;88
Zamora;49071;4907101001;2023;105;87;155;53;150;85;92;38;255;172;247;91
Zamora;49075;4907501001;2021;19;7;26;15;30;6;15;5;49;13;41;20
Zamora;49075;4907501001;2022;14;6;25;14;28;6;15;7;42;12;40;21
Zamora;49075;4907501001;2023;11;9;26;13;26;6;16;7;37;15;42;20
Zamora;49076;4907601001;2021;38;29;70;44;42;34;52;28;80;63;122;72
Zamora;49076;4907601001;2022;36;28;68;45;40;37;52;26;76;65;120;71
Zamora;49076;4907601001;2023;34;28;65;42;40;36;50;26;74;64;115;68
Zamora;49077;4907701001;2021;14;13;30;20;25;12;33;6;39;25;63;26
Zamora;49077;4907701001;2022;13;14;29;18;24;13;32;7;37;27;61;25
Zamora;49077;4907701001;2023;12;15;29;16;25;13;29;8;37;28;58;24
Zamora;49078;4907801001;2021;19;6;29;17;34;6;11;12;53;12;40;29
Zamora;49078;4907801001;2022;18;6;30;16;32;5;11;11;50;11;41;27
Zamora;49078;4907801001;2023;16;6;31;16;31;5;12;11;47;11;43;27
Zamora;49079;4907901001;2021;15;12;24;5;19;9;12;3;34;21;36;8
Zamora;49079;4907901001;2022;13;12;27;4;18;9;13;4;31;21;40;8
Zamora;49079;4907901001;2023;12;10;25;5;15;6;15;4;27;16;40;9
Zamora;49080;4908001001;2021;79;40;165;53;105;44;106;41;184;84;271;94
Zamora;49080;4908001001;2022;70;40;164;53;100;45;105;42;170;85;269;95
Zamora;49080;4908001001;2023;68;42;156;53;92;43;108;42;160;85;264;95
Zamora;49081;4908101001;2021;95;56;171;77;83;92;131;51;178;148;302;128
Zamora;49081;4908101001;2022;89;57;181;79;82;95;137;49;171;152;318;128
Zamora;49081;4908101001;2023;90;59;176;77;89;96;142;47;179;155;318;124
Zamora;49081;4908102001;2021;78;48;168;42;111;78;116;40;189;126;284;82
Zamora;49081;4908102001;2022;78;52;162;42;102;79;114;48;180;131;276;90
Zamora;49081;4908102001;2023;75;47;162;50;92;80;114;44;167;127;276;94
Zamora;49082;4908201001;2021;33;40;75;40;54;32;47;32;87;72;122;72
Zamora;49082;4908201001;2022;31;43;71;41;50;36;45;32;81;79;116;73
Zamora;49082;4908201001;2023;32;48;71;42;51;33;48;34;83;81;119;76
Zamora;49084;4908401001;2021;39;21;64;14;36;28;45;13;75;49;109;27
Zamora;49084;4908401001;2022;39;23;64;17;35;28;44;15;74;51;108;32
Zamora;49084;4908401001;2023;38;24;68;15;40;30;42;16;78;54;110;31
Zamora;49085;4908501001;2021;81;77;190;114;137;96;152;70;218;173;342;184
Zamora;49085;4908501001;2022;79;87;197;112;132;104;149;74;211;191;346;186
Zamora;49085;4908501001;2023;74;96;202;110;124;109;159;73;198;205;361;183
Zamora;49086;4908601001;2021;11;10;32;10;16;9;16;5;27;19;48;15
Zamora;49086;4908601001;2022;11;11;31;11;16;10;15;6;27;21;46;17
Zamora;49086;4908601001;2023;10;10;30;12;15;13;15;4;25;23;45;16
Zamora;49087;4908701001;2021;101;16;116;26;118;16;55;15;219;32;171;41
Zamora;49087;4908701001;2022;98;22;119;26;117;18;56;16;215;40;175;42
Zamora;49087;4908701001;2023;97;23;118;27;111;19;55;14;208;42;173;41
Zamora;49088;4908801001;2021;18;11;17;5;22;7;5;0;40;18;22;5
Zamora;49088;4908801001;2022;19;11;16;5;22;8;6;0;41;19;22;5
Zamora;49088;4908801001;2023;15;10;19;7;24;8;6;0;39;18;25;7
Zamora;49090;4909001001;2021;13;15;51;18;24;10;42;21;37;25;93;39
Zamora;49090;4909001001;2022;13;15;51;16;24;12;37;24;37;27;88;40
Zamora;49090;4909001001;2023;12;17;52;14;20;13;35;24;32;30;87;38
Zamora;49091;4909101001;2021;34;19;56;26;49;18;41;17;83;37;97;43
Zamora;49091;4909101001;2022;30;19;57;25;44;18;41;20;74;37;98;45
Zamora;49091;4909101001;2023;28;19;56;22;39;15;41;18;67;34;97;40
Zamora;49092;4909201001;2021;12;9;22;13;24;8;20;2;36;17;42;15
Zamora;49092;4909201001;2022;12;13;21;12;23;5;20;3;35;18;41;15
Zamora;49092;4909201001;2023;12;15;21;13;21;6;18;3;33;21;39;16
Zamora;49093;4909301001;2021;31;33;55;35;37;46;35;23;68;79;90;58
Zamora;49093;4909301001;2022;31;32;56;36;38;46;38;20;69;78;94;56
Zamora;49093;4909301001;2023;30;34;51;36;39;49;36;19;69;83;87;55
Zamora;49094;4909401001;2021;30;15;47;16;49;14;29;9;79;29;76;25
Zamora;49094;4909401001;2022;33;22;58;17;46;17;37;14;79;39;95;31
Zamora;49094;4909401001;2023;29;18;55;18;45;15;36;11;74;33;91;29
Zamora;49095;4909501001;2021;25;24;76;24;38;29;51;19;63;53;127;43
Zamora;49095;4909501001;2022;23;26;80;24;37;28;52;18;60;54;132;42
Zamora;49095;4909501001;2023;23;26;79;22;32;30;53;18;55;56;132;40
Zamora;49096;4909601001;2021;16;10;44;9;17;17;19;12;33;27;63;21
Zamora;49096;4909601001;2022;14;12;40;10;15;18;21;12;29;30;61;22
Zamora;49096;4909601001;2023;13;13;40;11;17;17;16;13;30;30;56;24
Zamora;49097;4909701001;2021;14;9;22;1;12;2;8;1;26;11;30;2
Zamora;49097;4909701001;2022;11;9;24;1;11;2;10;0;22;11;34;1
Zamora;49097;4909701001;2023;11;11;28;4;13;3;9;1;24;14;37;5
Zamora;49098;4909801001;2021;44;18;44;6;45;12;23;10;89;30;67;16
Zamora;49098;4909801001;2022;39;18;44;7;41;13;24;10;80;31;68;17
Zamora;49098;4909801001;2023;37;18;43;7;38;15;23;9;75;33;66;16
Zamora;49099;4909901001;2021;13;8;24;7;14;9;8;3;27;17;32;10
Zamora;49099;4909901001;2022;11;9;23;7;12;9;9;2;23;18;32;9
Zamora;49099;4909901001;2023;10;9;23;7;12;11;8;4;22;20;31;11
Zamora;49100;4910001001;2021;30;22;60;34;56;17;46;22;86;39;106;56
Zamora;49100;4910001001;2022;30;23;62;33;56;15;46;23;86;38;108;56
Zamora;49100;4910001001;2023;28;22;61;34;52;16;48;22;80;38;109;56
Zamora;49101;4910101001;2021;23;10;29;14;24;12;19;8;47;22;48;22
Zamora;49101;4910101001;2022;23;12;30;13;24;13;19;10;47;25;49;23
Zamora;49101;4910101001;2023;22;9;30;14;22;13;19;9;44;22;49;23
Zamora;49102;4910201001;2021;24;22;34;15;29;16;28;8;53;38;62;23
Zamora;49102;4910201001;2022;24;22;34;17;25;17;29;9;49;39;63;26
Zamora;49102;4910201001;2023;21;22;36;18;25;19;27;9;46;41;63;27
Zamora;49103;4910301001;2021;36;35;102;45;60;39;73;25;96;74;175;70
Zamora;49103;4910301001;2022;36;37;104;47;58;42;77;28;94;79;181;75
Zamora;49103;4910301001;2023;38;39;104;44;53;41;80;26;91;80;184;70
Zamora;49104;4910401001;2021;64;24;62;16;72;12;33;11;136;36;95;27
Zamora;49104;4910401001;2022;60;27;65;17;70;16;37;16;130;43;102;33
Zamora;49104;4910401001;2023;59;26;68;24;69;16;37;16;128;42;105;40
Zamora;49105;4910501001;2021;16;14;19;18;25;12;22;4;41;26;41;22
Zamora;49105;4910501001;2022;13;14;22;18;24;12;22;4;37;26;44;22
Zamora;49105;4910501001;2023;13;14;22;19;24;14;22;3;37;28;44;22
Zamora;49107;4910701001;2021;13;9;22;7;19;9;25;9;32;18;47;16
Zamora;49107;4910701001;2022;13;9;22;6;19;9;21;10;32;18;43;16
Zamora;49107;4910701001;2023;12;8;23;6;17;8;20;11;29;16;43;17
Zamora;49108;4910801001;2021;30;37;106;52;34;43;98;35;64;80;204;87
Zamora;49108;4910801001;2022;29;47;103;51;34;45;97;35;63;92;200;86
Zamora;49108;4910801001;2023;28;47;101;49;31;47;92;36;59;94;193;85
Zamora;49109;4910901001;2021;58;42;136;40;91;63;97;42;149;105;233;82
Zamora;49109;4910901001;2022;56;46;132;39;86;67;100;39;142;113;232;78
Zamora;49109;4910901001;2023;55;43;133;39;85;68;102;36;140;111;235;75
Zamora;49110;4911001001;2021;51;25;67;36;66;26;48;15;117;51;115;51
Zamora;49110;4911001001;2022;45;30;68;35;65;26;50;16;110;56;118;51
Zamora;49110;4911001001;2023;43;33;70;36;63;30;51;17;106;63;121;53
Zamora;49111;4911101001;2021;8;8;35;12;16;10;29;6;24;18;64;18
Zamora;49111;4911101001;2022;8;9;35;14;16;11;28;7;24;20;63;21
Zamora;49111;4911101001;2023;7;9;32;16;15;11;26;8;22;20;58;24
Zamora;49112;4911201001;2021;16;10;37;7;27;7;16;2;43;17;53;9
Zamora;49112;4911201001;2022;17;11;37;6;24;8;20;2;41;19;57;8
Zamora;49112;4911201001;2023;15;11;38;6;24;13;19;3;39;24;57;9
Zamora;49113;4911301001;2021;16;15;44;22;20;13;27;6;36;28;71;28
Zamora;49113;4911301001;2022;15;15;43;22;20;13;27;7;35;28;70;29
Zamora;49113;4911301001;2023;13;16;40;22;19;13;27;7;32;29;67;29
Zamora;49115;4911501001;2021;25;10;42;20;23;15;32;2;48;25;74;22
Zamora;49115;4911501001;2022;23;11;40;19;23;14;31;1;46;25;71;20
Zamora;49115;4911501001;2023;21;9;39;20;22;15;30;1;43;24;69;21
Zamora;49116;4911601001;2021;51;31;77;27;68;36;42;22;119;67;119;49
Zamora;49116;4911601001;2022;50;29;72;27;59;37;42;22;109;66;114;49
Zamora;49116;4911601001;2023;46;34;72;25;58;38;44;20;104;72;116;45
Zamora;49117;4911701001;2021;51;26;106;32;84;35;63;26;135;61;169;58
Zamora;49117;4911701001;2022;48;28;107;31;77;36;68;26;125;64;175;57
Zamora;49117;4911701001;2023;46;31;106;27;76;31;69;27;122;62;175;54
Zamora;49118;4911801001;2021;19;16;52;24;28;19;36;7;47;35;88;31
Zamora;49118;4911801001;2022;18;17;52;23;25;21;34;9;43;38;86;32
Zamora;49118;4911801001;2023;16;16;51;24;23;20;33;10;39;36;84;34
Zamora;49119;4911901001;2021;6;11;83;20;7;22;60;13;13;33;143;33
Zamora;49119;4911901001;2022;5;13;79;25;5;23;59;14;10;36;138;39
Zamora;49119;4911901001;2023;5;13;77;24;6;21;60;15;11;34;137;39
Zamora;49121;4912101001;2021;38;35;97;37;59;37;62;26;97;72;159;63
Zamora;49121;4912101001;2022;30;39;96;42;58;38;58;23;88;77;154;65
Zamora;49121;4912101001;2023;26;42;93;38;52;39;59;27;78;81;152;65
Zamora;49122;4912201001;2021;61;89;179;96;64;120;114;76;125;209;293;172
Zamora;49122;4912201001;2022;54;96;177;100;65;124;116;78;119;220;293;178
Zamora;49122;4912201001;2023;50;98;177;99;63;125;118;79;113;223;295;178
Zamora;49123;4912301001;2021;84;53;97;43;91;53;67;34;175;106;164;77
Zamora;49123;4912301001;2022;81;56;97;43;83;52;65;36;164;108;162;79
Zamora;49123;4912301001;2023;76;59;102;41;80;50;59;40;156;109;161;81
Zamora;49124;4912401001;2021;40;18;73;15;31;12;38;15;71;30;111;30
Zamora;49124;4912401001;2022;39;20;70;18;30;12;38;15;69;32;108;33
Zamora;49124;4912401001;2023;40;22;68;20;28;13;37;17;68;35;105;37
Zamora;49125;4912501001;2021;128;174;280;174;169;219;199;140;297;393;479;314
Zamora;49125;4912501001;2022;122;177;298;178;165;232;208;138;287;409;506;316
Zamora;49125;4912501001;2023;116;180;301;181;150;248;209;141;266;428;510;322
Zamora;49126;4912601001;2021;34;15;69;19;50;26;33;17;84;41;102;36
Zamora;49126;4912601001;2022;33;16;69;20;51;28;39;15;84;44;108;35
Zamora;49126;4912601001;2023;38;15;73;22;47;31;40;13;85;46;113;35
Zamora;49127;4912701001;2021;136;128;217;122;130;178;163;77;266;306;380;199
Zamora;49127;4912701001;2022;133;138;216;112;123;173;158;81;256;311;374;193
Zamora;49127;4912701001;2023;130;141;215;113;119;184;157;82;249;325;372;195
Zamora;49127;4912701002;2021;36;309;225;155;51;351;160;131;87;660;385;286
Zamora;49127;4912701002;2022;38;321;235;164;50;370;170;134;88;691;405;298
Zamora;49127;4912701002;2023;39;329;238;154;50;385;177;126;89;714;415;280
Zamora;49128;4912801001;2021;70;44;110;39;93;44;97;36;163;88;207;75
Zamora;49128;4912801001;2022;63;45;106;38;90;45;98;34;153;90;204;72
Zamora;49128;4912801001;2023;58;45;104;33;84;43;93;33;142;88;197;66
Zamora;49129;4912901001;2021;109;53;230;65;110;85;178;52;219;138;408;117
Zamora;49129;4912901001;2022;98;57;225;69;104;89;180;55;202;146;405;124
Zamora;49129;4912901001;2023;89;57;216;67;100;87;179;53;189;144;395;120
Zamora;49130;4913001001;2021;26;16;23;13;39;8;22;6;65;24;45;19
Zamora;49130;4913001001;2022;26;16;25;14;39;9;24;7;65;25;49;21
Zamora;49130;4913001001;2023;25;15;24;15;34;8;25;7;59;23;49;22
Zamora;49131;4913101001;2021;26;20;50;18;34;36;37;5;60;56;87;23
Zamora;49131;4913101001;2022;23;22;51;18;32;35;36;5;55;57;87;23
Zamora;49131;4913101001;2023;22;22;51;17;29;34;36;5;51;56;87;22
Zamora;49132;4913201001;2021;36;11;95;22;52;17;48;28;88;28;143;50
Zamora;49132;4913201001;2022;31;16;86;25;51;21;53;27;82;37;139;52
Zamora;49132;4913201001;2023;28;15;79;29;53;22;53;27;81;37;132;56
Zamora;49133;4913301001;2021;44;17;73;21;59;23;43;13;103;40;116;34
Zamora;49133;4913301001;2022;41;19;72;20;53;23;43;15;94;42;115;35
Zamora;49133;4913301001;2023;36;19;73;21;49;24;42;10;85;43;115;31
Zamora;49134;4913401001;2021;22;20;35;18;29;7;24;10;51;27;59;28
Zamora;49134;4913401001;2022;22;23;38;19;29;11;22;13;51;34;60;32
Zamora;49134;4913401001;2023;23;26;41;21;28;10;26;16;51;36;67;37
Zamora;49135;4913501001;2021;52;89;121;44;65;56;104;44;117;145;225;88
Zamora;49135;4913501001;2022;48;89;115;47;60;53;101;43;108;142;216;90
Zamora;49135;4913501001;2023;45;95;118;48;56;57;97;47;101;152;215;95
Zamora;49136;4913601001;2021;40;33;51;37;47;56;41;25;87;89;92;62
Zamora;49136;4913601001;2022;40;37;52;34;41;57;39;25;81;94;91;59
Zamora;49136;4913601001;2023;34;38;54;31;37;56;34;31;71;94;88;62
Zamora;49137;4913701001;2021;21;8;54;14;25;6;32;10;46;14;86;24
Zamora;49137;4913701001;2022;18;7;54;14;21;8;30;13;39;15;84;27
Zamora;49137;4913701001;2023;15;9;53;13;21;8;27;13;36;17;80;26
Zamora;49138;4913801001;2021;46;15;37;12;55;8;24;6;101;23;61;18
Zamora;49138;4913801001;2022;42;17;36;12;56;9;21;8;98;26;57;20
Zamora;49138;4913801001;2023;39;19;35;14;54;9;18;6;93;28;53;20
Zamora;49139;4913901001;2021;29;20;21;10;29;11;26;5;58;31;47;15
Zamora;49139;4913901001;2022;27;19;20;12;28;11;26;6;55;30;46;18
Zamora;49139;4913901001;2023;28;22;21;15;26;16;27;7;54;38;48;22
Zamora;49141;4914101001;2021;45;19;61;24;53;34;35;16;98;53;96;40
Zamora;49141;4914101001;2022;44;18;61;22;47;35;33;17;91;53;94;39
Zamora;49141;4914101001;2023;43;19;61;25;44;42;33;17;87;61;94;42
Zamora;49142;4914201001;2021;29;28;52;15;37;17;34;21;66;45;86;36
Zamora;49142;4914201001;2022;26;29;53;19;36;21;33;19;62;50;86;38
Zamora;49142;4914201001;2023;18;28;51;18;33;19;37;19;51;47;88;37
Zamora;49143;4914301001;2021;27;11;46;23;30;22;36;14;57;33;82;37
Zamora;49143;4914301001;2022;27;12;52;23;30;25;38;18;57;37;90;41
Zamora;49143;4914301001;2023;26;13;50;24;27;24;38;22;53;37;88;46
Zamora;49145;4914501001;2021;33;14;42;19;52;5;23;7;85;19;65;26
Zamora;49145;4914501001;2022;32;14;43;26;49;5;23;8;81;19;66;34
Zamora;49145;4914501001;2023;28;18;42;21;44;5;25;9;72;23;67;30
Zamora;49146;4914601001;2021;32;24;56;26;54;18;37;18;86;42;93;44
Zamora;49146;4914601001;2022;30;31;55;28;52;23;38;23;82;54;93;51
Zamora;49146;4914601001;2023;29;35;52;28;46;22;36;24;75;57;88;52
Zamora;49147;4914701001;2021;26;15;61;22;41;25;53;14;67;40;114;36
Zamora;49147;4914701001;2022;20;19;62;21;37;27;53;12;57;46;115;33
Zamora;49147;4914701001;2023;25;19;65;22;40;29;57;13;65;48;122;35
Zamora;49148;4914801001;2021;35;13;48;23;49;21;43;20;84;34;91;43
Zamora;49148;4914801001;2022;30;16;46;21;45;20;37;21;75;36;83;42
Zamora;49148;4914801001;2023;31;16;52;23;47;21;42;22;78;37;94;45
Zamora;49149;4914901001;2021;53;30;78;30;70;37;50;20;123;67;128;50
Zamora;49149;4914901001;2022;47;33;73;32;65;38;52;20;112;71;125;52
Zamora;49149;4914901001;2023;47;35;75;35;60;40;53;23;107;75;128;58
Zamora;49150;4915001001;2021;20;5;20;7;32;11;21;6;52;16;41;13
Zamora;49150;4915001001;2022;20;7;19;8;32;12;22;7;52;19;41;15
Zamora;49150;4915001001;2023;22;8;20;8;29;12;21;6;51;20;41;14
Zamora;49151;4915101001;2021;65;54;135;58;81;71;84;45;146;125;219;103
Zamora;49151;4915101001;2022;58;56;133;63;77;73;86;44;135;129;219;107
Zamora;49151;4915101001;2023;54;66;138;66;71;81;89;48;125;147;227;114
Zamora;49152;4915201001;2021;62;42;96;62;72;42;77;31;134;84;173;93
Zamora;49152;4915201001;2022;62;49;94;63;66;51;82;30;128;100;176;93
Zamora;49152;4915201001;2023;63;51;96;58;59;46;77;33;122;97;173;91
Zamora;49153;4915301001;2021;27;16;31;12;24;11;27;8;51;27;58;20
Zamora;49153;4915301001;2022;25;18;30;12;22;13;26;8;47;31;56;20
Zamora;49153;4915301001;2023;22;21;29;13;18;12;26;9;40;33;55;22
Zamora;49154;4915401001;2021;22;1;29;8;25;2;13;7;47;3;42;15
Zamora;49154;4915401001;2022;22;3;28;8;24;2;12;8;46;5;40;16
Zamora;49154;4915401001;2023;19;3;27;6;23;2;11;7;42;5;38;13
Zamora;49155;4915501001;2021;11;11;18;13;12;10;13;6;23;21;31;19
Zamora;49155;4915501001;2022;11;14;20;12;12;13;16;5;23;27;36;17
Zamora;49155;4915501001;2023;11;15;21;11;12;15;15;5;23;30;36;16
Zamora;49156;4915601001;2021;24;23;39;21;34;23;30;13;58;46;69;34
Zamora;49156;4915601001;2022;23;23;37;21;33;23;30;13;56;46;67;34
Zamora;49156;4915601001;2023;20;25;37;19;30;23;30;12;50;48;67;31
Zamora;49157;4915701001;2021;16;18;47;15;33;14;27;11;49;32;74;26
Zamora;49157;4915701001;2022;14;18;44;17;33;17;26;8;47;35;70;25
Zamora;49157;4915701001;2023;12;18;42;15;31;19;26;10;43;37;68;25
Zamora;49158;4915801001;2021;17;21;53;18;20;19;45;17;37;40;98;35
Zamora;49158;4915801001;2022;16;20;53;19;18;22;43;17;34;42;96;36
Zamora;49158;4915801001;2023;14;23;51;19;18;23;42;17;32;46;93;36
Zamora;49159;4915901001;2021;32;23;61;32;31;30;54;22;63;53;115;54
Zamora;49159;4915901001;2022;30;21;59;33;27;28;54;21;57;49;113;54
Zamora;49159;4915901001;2023;28;18;54;34;24;32;54;19;52;50;108;53
Zamora;49162;4916201001;2021;17;13;38;18;32;17;15;5;49;30;53;23
Zamora;49162;4916201001;2022;15;13;39;21;32;17;15;6;47;30;54;27
Zamora;49162;4916201001;2023;17;18;40;20;33;20;15;7;50;38;55;27
Zamora;49163;4916301001;2021;23;14;40;13;38;16;25;11;61;30;65;24
Zamora;49163;4916301001;2022;23;16;41;15;33;19;26;11;56;35;67;26
Zamora;49163;4916301001;2023;26;17;40;15;35;20;27;13;61;37;67;28
Zamora;49164;4916401001;2021;31;8;27;13;26;9;21;11;57;17;48;24
Zamora;49164;4916401001;2022;31;8;27;14;26;11;21;10;57;19;48;24
Zamora;49164;4916401001;2023;29;8;31;13;18;14;23;11;47;22;54;24
Zamora;49166;4916601001;2021;95;146;218;146;127;191;193;136;222;337;411;282
Zamora;49166;4916601001;2022;91;153;213;152;122;190;190;143;213;343;403;295
Zamora;49166;4916601001;2023;91;157;205;151;114;202;185;149;205;359;390;300
Zamora;49167;4916701001;2021;33;7;40;15;37;12;28;7;70;19;68;22
Zamora;49167;4916701001;2022;32;6;40;16;36;15;28;5;68;21;68;21
Zamora;49167;4916701001;2023;31;9;39;18;33;14;27;7;64;23;66;25
Zamora;49168;4916801001;2021;21;13;22;5;12;10;16;4;33;23;38;9
Zamora;49168;4916801001;2022;21;13;22;5;11;11;15;6;32;24;37;11
Zamora;49168;4916801001;2023;16;12;21;4;11;11;16;6;27;23;37;10
Zamora;49170;4917001001;2021;2;7;29;8;17;10;17;6;19;17;46;14
Zamora;49170;4917001001;2022;2;11;30;11;16;10;18;8;18;21;48;19
Zamora;49170;4917001001;2023;2;9;27;10;15;10;16;8;17;19;43;18
Zamora;49171;4917101001;2021;81;56;135;48;102;60;95;27;183;116;230;75
Zamora;49171;4917101001;2022;79;60;135;49;100;63;96;29;179;123;231;78
Zamora;49171;4917101001;2023;71;59;136;44;92;62;94;34;163;121;230;78
Zamora;49172;4917201001;2021;79;36;102;35;100;37;66;26;179;73;168;61
Zamora;49172;4917201001;2022;78;41;104;35;94;44;66;26;172;85;170;61
Zamora;49172;4917201001;2023;73;43;106;34;88;43;64;26;161;86;170;60
Zamora;49173;4917301001;2021;64;17;68;10;85;21;41;17;149;38;109;27
Zamora;49173;4917301001;2022;59;18;65;11;78;19;42;16;137;37;107;27
Zamora;49173;4917301001;2023;58;19;66;10;72;18;43;17;130;37;109;27
Zamora;49174;4917401001;2021;13;9;33;15;15;14;27;7;28;23;60;22
Zamora;49174;4917401001;2022;11;11;35;13;13;13;24;6;24;24;59;19
Zamora;49174;4917401001;2023;10;9;33;13;10;11;22;6;20;20;55;19
Zamora;49175;4917501001;2021;38;10;66;9;49;14;34;10;87;24;100;19
Zamora;49175;4917501001;2022;29;11;68;9;46;15;37;11;75;26;105;20
Zamora;49175;4917501001;2023;30;11;71;10;41;14;36;11;71;25;107;21
Zamora;49176;4917601001;2021;40;49;179;70;52;34;135;46;92;83;314;116
Zamora;49176;4917601001;2022;39;48;179;72;55;33;133;46;94;81;312;118
Zamora;49176;4917601001;2023;37;51;169;73;54;36;129;43;91;87;298;116
Zamora;49177;4917701001;2021;38;19;51;18;39;23;43;14;77;42;94;32
Zamora;49177;4917701001;2022;36;23;48;19;36;22;41;13;72;45;89;32
Zamora;49177;4917701001;2023;33;25;47;18;34;26;35;13;67;51;82;31
Zamora;49178;4917801001;2021;46;119;164;103;76;133;97;86;122;252;261;189
Zamora;49178;4917801001;2022;40;117;170;103;69;142;99;85;109;259;269;188
Zamora;49178;4917801001;2023;41;124;162;113;65;145;98;88;106;269;260;201
Zamora;49179;4917901001;2021;45;50;66;36;54;45;48;26;99;95;114;62
Zamora;49179;4917901001;2022;43;46;70;35;56;41;52;26;99;87;122;61
Zamora;49179;4917901001;2023;43;52;66;37;54;39;56;28;97;91;122;65
Zamora;49180;4918001001;2021;17;21;18;14;20;22;17;12;37;43;35;26
Zamora;49180;4918001001;2022;18;19;18;12;19;21;17;12;37;40;35;24
Zamora;49180;4918001001;2023;20;20;20;13;19;24;18;14;39;44;38;27
Zamora;49181;4918101001;2021;62;22;70;20;78;25;36;13;140;47;106;33
Zamora;49181;4918101001;2022;56;20;70;19;70;21;39;14;126;41;109;33
Zamora;49181;4918101001;2023;54;21;70;20;66;26;36;12;120;47;106;32
Zamora;49183;4918301001;2021;5;7;18;7;16;9;21;3;21;16;39;10
Zamora;49183;4918301001;2022;5;7;17;6;16;9;20;3;21;16;37;9
Zamora;49183;4918301001;2023;4;7;19;6;14;8;20;4;18;15;39;10
Zamora;49184;4918401001;2021;24;13;45;11;26;15;21;10;50;28;66;21
Zamora;49184;4918401001;2022;21;15;44;12;25;14;21;9;46;29;65;21
Zamora;49184;4918401001;2023;19;16;42;15;22;14;22;12;41;30;64;27
Zamora;49185;4918501001;2021;19;12;46;14;25;18;28;12;44;30;74;26
Zamora;49185;4918501001;2022;14;11;43;17;24;17;26;14;38;28;69;31
Zamora;49185;4918501001;2023;16;12;41;17;23;15;26;12;39;27;67;29
Zamora;49186;4918601001;2021;25;21;41;25;35;32;34;20;60;53;75;45
Zamora;49186;4918601001;2022;23;27;43;29;33;35;35;24;56;62;78;53
Zamora;49186;4918601001;2023;24;28;41;28;29;33;32;21;53;61;73;49
Zamora;49187;4918701001;2021;162;90;279;116;180;118;174;110;342;208;453;226
Zamora;49187;4918701001;2022;155;91;285;119;178;131;172;109;333;222;457;228
Zamora;49187;4918701001;2023;139;94;283;124;170;129;170;111;309;223;453;235
Zamora;49188;4918801001;2021;12;11;29;15;15;7;15;7;27;18;44;22
Zamora;49188;4918801001;2022;10;11;29;14;16;7;15;6;26;18;44;20
Zamora;49188;4918801001;2023;5;9;29;14;13;6;17;7;18;15;46;21
Zamora;49189;4918901001;2021;31;11;48;12;40;12;24;11;71;23;72;23
Zamora;49189;4918901001;2022;33;11;51;11;37;17;27;12;70;28;78;23
Zamora;49189;4918901001;2023;31;12;52;10;35;17;27;13;66;29;79;23
Zamora;49190;4919001001;2021;7;5;12;3;9;7;5;2;16;12;17;5
Zamora;49190;4919001001;2022;8;5;13;3;11;6;5;3;19;11;18;6
Zamora;49190;4919001001;2023;5;5;13;1;9;6;5;4;14;11;18;5
Zamora;49191;4919101001;2021;32;26;66;18;45;27;49;11;77;53;115;29
Zamora;49191;4919101001;2022;29;29;64;17;43;25;48;11;72;54;112;28
Zamora;49191;4919101001;2023;25;26;65;16;38;24;46;10;63;50;111;26
Zamora;49192;4919201001;2021;11;9;37;9;22;7;21;7;33;16;58;16
Zamora;49192;4919201001;2022;10;8;35;9;17;6;22;8;27;14;57;17
Zamora;49192;4919201001;2023;9;6;34;9;16;6;24;8;25;12;58;17
Zamora;49193;4919301001;2021;56;30;105;32;85;35;57;28;141;65;162;60
Zamora;49193;4919301001;2022;54;32;105;34;83;34;60;28;137;66;165;62
Zamora;49193;4919301001;2023;50;32;107;36;76;34;59;28;126;66;166;64
Zamora;49194;4919401001;2021;47;19;70;35;63;37;50;15;110;56;120;50
Zamora;49194;4919401001;2022;47;19;72;34;58;36;49;15;105;55;121;49
Zamora;49194;4919401001;2023;42;16;72;34;52;35;49;17;94;51;121;51
Zamora;49197;4919701001;2021;9;13;34;15;15;18;34;11;24;31;68;26
Zamora;49197;4919701001;2022;9;15;34;16;16;20;35;11;25;35;69;27
Zamora;49197;4919701001;2023;9;16;32;14;16;21;34;13;25;37;66;27
Zamora;49199;4919901001;2021;19;18;56;23;39;28;31;17;58;46;87;40
Zamora;49199;4919901001;2022;20;18;58;23;38;28;30;16;58;46;88;39
Zamora;49199;4919901001;2023;16;19;58;21;37;27;29;16;53;46;87;37
Zamora;49200;4920001001;2021;123;61;238;67;154;84;164;75;277;145;402;142
Zamora;49200;4920001001;2022;125;62;242;67;152;81;171;73;277;143;413;140
Zamora;49200;4920001001;2023;116;61;239;66;144;78;168;71;260;139;407;137
Zamora;49201;4920101001;2021;28;26;58;29;52;25;43;14;80;51;101;43
Zamora;49201;4920101001;2022;26;29;57;28;52;26;43;14;78;55;100;42
Zamora;49201;4920101001;2023;25;26;53;25;48;24;39;15;73;50;92;40
Zamora;49202;4920201001;2021;25;10;48;16;35;10;20;8;60;20;68;24
Zamora;49202;4920201001;2022;25;9;50;16;32;11;20;6;57;20;70;22
Zamora;49202;4920201001;2023;24;12;48;17;33;12;21;7;57;24;69;24
Zamora;49203;4920301001;2021;44;18;64;16;59;26;39;10;103;44;103;26
Zamora;49203;4920301001;2022;40;19;64;17;56;27;39;11;96;46;103;28
Zamora;49203;4920301001;2023;42;19;63;20;54;29;41;11;96;48;104;31
Zamora;49204;4920401001;2021;5;7;13;1;15;6;6;1;20;13;19;2
Zamora;49204;4920401001;2022;4;7;14;2;17;6;7;1;21;13;21;3
Zamora;49204;4920401001;2023;2;7;13;2;16;6;6;0;18;13;19;2
Zamora;49205;4920501001;2021;51;32;60;35;79;28;46;23;130;60;106;58
Zamora;49205;4920501001;2022;41;34;57;40;71;30;45;26;112;64;102;66
Zamora;49205;4920501001;2023;40;33;59;39;61;30;43;27;101;63;102;66
Zamora;49206;4920601001;2021;113;72;177;65;171;88;111;52;284;160;288;117
Zamora;49206;4920601001;2022;103;67;179;70;163;88;106;54;266;155;285;124
Zamora;49206;4920601001;2023;97;69;167;70;153;84;103;56;250;153;270;126
Zamora;49207;4920701001;2021;23;18;61;16;27;21;52;8;50;39;113;24
Zamora;49207;4920701001;2022;21;18;60;18;25;22;48;9;46;40;108;27
Zamora;49207;4920701001;2023;20;21;64;20;23;26;49;9;43;47;113;29
Zamora;49208;4920801001;2021;61;11;93;16;77;25;51;8;138;36;144;24
Zamora;49208;4920801001;2022;57;11;90;15;71;24;50;9;128;35;140;24
Zamora;49208;4920801001;2023;53;13;85;15;64;25;50;10;117;38;135;25
Zamora;49209;4920901001;2021;43;38;137;36;67;33;83;15;110;71;220;51
Zamora;49209;4920901001;2022;39;37;134;36;62;35;84;16;101;72;218;52
Zamora;49209;4920901001;2023;36;36;128;34;60;35;82;15;96;71;210;49
Zamora;49210;4921001001;2021;45;31;132;19;71;40;83;27;116;71;215;46
Zamora;49210;4921001001;2022;42;32;128;23;65;42;83;29;107;74;211;52
Zamora;49210;4921001001;2023;45;34;126;24;61;42;83;30;106;76;209;54
Zamora;49214;4921401001;2021;99;53;145;59;109;79;102;54;208;132;247;113
Zamora;49214;4921401001;2022;90;60;137;61;100;84;103;52;190;144;240;113
Zamora;49214;4921401001;2023;83;66;137;63;94;94;115;56;177;160;252;119
Zamora;49216;4921601001;2021;21;6;37;15;24;9;19;4;45;15;56;19
Zamora;49216;4921601001;2022;21;5;37;15;24;8;19;4;45;13;56;19
Zamora;49216;4921601001;2023;21;5;37;15;20;8;20;4;41;13;57;19
Zamora;49219;4921901001;2021;84;135;179;105;150;162;152;100;234;297;331;205
Zamora;49219;4921901001;2022;79;142;165;105;139;162;150;107;218;304;315;212
Zamora;49219;4921901001;2023;70;140;168;112;131;162;148;105;201;302;316;217
Zamora;49219;4921901002;2021;55;63;95;61;86;99;91;56;141;162;186;117
Zamora;49219;4921901002;2022;55;63;89;61;84;99;86;53;139;162;175;114
Zamora;49219;4921901002;2023;54;66;93;61;78;100;82;55;132;166;175;116
Zamora;49219;4921901003;2021;69;86;152;87;106;113;103;72;175;199;255;159
Zamora;49219;4921901003;2022;72;86;148;87;114;120;106;76;186;206;254;163
Zamora;49219;4921901003;2023;65;91;147;81;111;122;111;68;176;213;258;149
Zamora;49219;4921902001;2021;95;65;172;71;118;100;141;82;213;165;313;153
Zamora;49219;4921902001;2022;93;67;170;71;110;97;144;77;203;164;314;148
Zamora;49219;4921902001;2023;88;68;171;73;111;100;143;72;199;168;314;145
Zamora;49219;4921902002;2021;112;73;225;76;166;93;170;70;278;166;395;146
Zamora;49219;4921902002;2022;103;71;232;75;154;96;175;75;257;167;407;150
Zamora;49219;4921902002;2023;99;68;225;80;154;99;173;77;253;167;398;157
Zamora;49219;4921902003;2021;72;115;203;95;107;143;134;88;179;258;337;183
Zamora;49219;4921902003;2022;68;120;204;93;94;150;141;87;162;270;345;180
Zamora;49219;4921902003;2023;65;117;202;92;93;150;141;87;158;267;343;179
Zamora;49219;4921902004;2021;121;123;321;118;157;175;260;142;278;298;581;260
Zamora;49219;4921902004;2022;114;131;323;120;153;189;260;132;267;320;583;252
Zamora;49219;4921902004;2023;113;124;320;118;155;187;255;131;268;311;575;249
Zamora;49219;4921903001;2021;101;101;183;87;117;128;138;73;218;229;321;160
Zamora;49219;4921903001;2022;90;103;179;91;108;134;146;73;198;237;325;164
Zamora;49219;4921903001;2023;91;103;172;88;102;132;148;69;193;235;320;157
Zamora;49220;4922001001;2021;8;12;44;11;18;12;20;10;26;24;64;21
Zamora;49220;4922001001;2022;9;12;43;12;17;12;20;9;26;24;63;21
Zamora;49220;4922001001;2023;8;13;41;10;14;11;22;11;22;24;63;21
Zamora;49221;4922101001;2021;41;10;49;20;46;14;28;15;87;24;77;35
Zamora;49221;4922101001;2022;39;11;51;20;46;15;29;15;85;26;80;35
Zamora;49221;4922101001;2023;39;10;49;19;46;17;30;14;85;27;79;33
Zamora;49222;4922201001;2021;51;21;92;25;44;43;69;24;95;64;161;49
Zamora;49222;4922201001;2022;47;23;96;25;45;46;67;27;92;69;163;52
Zamora;49222;4922201001;2023;44;27;96;26;42;46;67;27;86;73;163;53
Zamora;49223;4922301001;2021;121;65;189;54;165;65;107;39;286;130;296;93
Zamora;49223;4922301001;2022;122;66;188;58;166;67;110;40;288;133;298;98
Zamora;49223;4922301001;2023;118;65;187;64;154;75;112;42;272;140;299;106
Zamora;49224;4922401001;2021;12;24;38;21;18;19;24;22;30;43;62;43
Zamora;49224;4922401001;2022;11;25;39;21;15;19;25;21;26;44;64;42
Zamora;49224;4922401001;2023;11;22;42;17;14;15;25;20;25;37;67;37
Zamora;49225;4922501001;2021;17;13;24;8;28;10;19;5;45;23;43;13
Zamora;49225;4922501001;2022;14;13;26;9;24;11;19;5;38;24;45;14
Zamora;49225;4922501001;2023;13;13;26;10;20;8;21;6;33;21;47;16
Zamora;49226;4922601001;2021;29;18;56;24;26;18;42;24;55;36;98;48
Zamora;49226;4922601001;2022;29;24;59;23;23;22;39;22;52;46;98;45
Zamora;49226;4922601001;2023;29;27;60;19;22;23;42;22;51;50;102;41
Zamora;49227;4922701001;2021;17;42;76;33;19;46;69;33;36;88;145;66
Zamora;49227;4922701001;2022;17;41;80;32;17;44;67;33;34;85;147;65
Zamora;49227;4922701001;2023;16;43;81;34;19;49;65;39;35;92;146;73
Zamora;49228;4922801001;2021;9;5;14;5;10;4;7;2;19;9;21;7
Zamora;49228;4922801001;2022;9;7;15;5;9;4;9;2;18;11;24;7
Zamora;49228;4922801001;2023;7;7;15;7;9;3;7;2;16;10;22;9
Zamora;49229;4922901001;2021;12;10;26;10;11;14;21;11;23;24;47;21
Zamora;49229;4922901001;2022;12;12;27;13;11;14;20;11;23;26;47;24
Zamora;49229;4922901001;2023;11;11;26;15;10;13;21;12;21;24;47;27
Zamora;49230;4923001001;2021;11;5;22;3;14;8;8;6;25;13;30;9
Zamora;49230;4923001001;2022;8;4;22;3;11;7;7;7;19;11;29;10
Zamora;49230;4923001001;2023;8;5;22;4;11;6;8;7;19;11;30;11
Zamora;49231;4923101001;2021;37;24;57;24;54;23;52;16;91;47;109;40
Zamora;49231;4923101001;2022;36;26;60;25;47;27;54;16;83;53;114;41
Zamora;49231;4923101001;2023;32;28;61;26;47;25;53;15;79;53;114;41
Zamora;49232;4923201001;2021;9;9;17;3;9;9;26;7;18;18;43;10
Zamora;49232;4923201001;2022;8;8;15;3;8;9;24;8;16;17;39;11
Zamora;49232;4923201001;2023;7;9;19;5;8;8;26;7;15;17;45;12
Zamora;49233;4923301001;2021;11;2;21;6;18;5;11;3;29;7;32;9
Zamora;49233;4923301001;2022;11;3;20;5;17;4;11;4;28;7;31;9
Zamora;49233;4923301001;2023;9;3;22;5;15;3;11;4;24;6;33;9
Zamora;49234;4923401001;2021;53;34;92;29;55;41;63;22;108;75;155;51
Zamora;49234;4923401001;2022;47;35;97;28;56;43;63;26;103;78;160;54
Zamora;49234;4923401001;2023;47;36;98;29;57;43;62;28;104;79;160;57
Zamora;49235;4923501001;2021;37;40;105;35;55;44;81;23;92;84;186;58
Zamora;49235;4923501001;2022;35;39;104;37;47;44;82;24;82;83;186;61
Zamora;49235;4923501001;2023;34;38;102;35;44;39;81;25;78;77;183;60
Zamora;49236;4923601001;2021;2;7;25;5;10;7;12;8;12;14;37;13
Zamora;49236;4923601001;2022;2;7;24;5;9;7;11;9;11;14;35;14
Zamora;49236;4923601001;2023;2;7;22;7;9;8;11;9;11;15;33;16
Zamora;49237;4923701001;2021;19;10;26;14;30;8;22;7;49;18;48;21
Zamora;49237;4923701001;2022;17;11;27;14;27;12;25;7;44;23;52;21
Zamora;49237;4923701001;2023;17;12;28;16;27;12;25;6;44;24;53;22
Zamora;49238;4923801001;2021;30;26;46;24;34;22;34;17;64;48;80;41
Zamora;49238;4923801001;2022;27;30;48;25;33;29;32;23;60;59;80;48
Zamora;49238;4923801001;2023;28;33;51;29;33;32;32;23;61;65;83;52
Zamora;49239;4923901001;2021;95;23;159;36;115;35;102;31;210;58;261;67
Zamora;49239;4923901001;2022;86;21;160;35;112;38;104;31;198;59;264;66
Zamora;49239;4923901001;2023;84;26;157;34;105;36;108;31;189;62;265;65
Zamora;49240;4924001001;2021;24;16;42;16;22;18;28;16;46;34;70;32
Zamora;49240;4924001001;2022;21;15;42;17;23;17;26;17;44;32;68;34
Zamora;49240;4924001001;2023;18;16;44;18;19;18;25;16;37;34;69;34
Zamora;49241;4924101001;2021;38;18;56;17;46;23;28;11;84;41;84;28
Zamora;49241;4924101001;2022;34;18;55;16;44;23;28;11;78;41;83;27
Zamora;49241;4924101001;2023;34;16;54;19;42;25;28;11;76;41;82;30
Zamora;49242;4924201001;2021;41;31;122;43;47;43;88;39;88;74;210;82
Zamora;49242;4924201001;2022;33;33;119;40;42;45;87;36;75;78;206;76
Zamora;49242;4924201001;2023;32;31;116;43;38;46;86;37;70;77;202;80
Zamora;49243;4924301001;2021;20;14;16;4;29;7;11;5;49;21;27;9
Zamora;49243;4924301001;2022;18;16;17;5;27;8;11;4;45;24;28;9
Zamora;49243;4924301001;2023;18;15;18;3;26;10;13;4;44;25;31;7
Zamora;49245;4924501001;2021;25;15;62;21;34;27;43;19;59;42;105;40
Zamora;49245;4924501001;2022;24;15;60;23;32;32;45;17;56;47;105;40
Zamora;49245;4924501001;2023;23;17;60;22;30;34;44;18;53;51;104;40
Zamora;49246;4924601001;2021;23;26;52;20;29;17;34;13;52;43;86;33
Zamora;49246;4924601001;2022;23;26;54;21;29;18;32;14;52;44;86;35
Zamora;49246;4924601001;2023;18;28;53;19;27;16;33;13;45;44;86;32
Zamora;49247;4924701001;2021;61;31;84;25;104;18;58;11;165;49;142;36
Zamora;49247;4924701001;2022;57;32;83;25;104;18;60;10;161;50;143;35
Zamora;49247;4924701001;2023;55;31;85;23;99;18;58;14;154;49;143;37
Zamora;49248;4924801001;2021;30;14;41;22;35;16;35;13;65;30;76;35
Zamora;49248;4924801001;2022;30;14;40;23;35;15;34;14;65;29;74;37
Zamora;49248;4924801001;2023;26;11;37;21;31;14;33;17;57;25;70;38
Zamora;49249;4924901001;2021;13;7;12;2;13;7;9;2;26;14;21;4
Zamora;49249;4924901001;2022;11;7;13;2;12;7;9;5;23;14;22;7
Zamora;49249;4924901001;2023;10;7;15;2;10;7;8;5;20;14;23;7
Zamora;49250;4925001001;2021;178;117;230;111;220;164;171;105;398;281;401;216
Zamora;49250;4925001001;2022;171;118;232;105;214;162;172;112;385;280;404;217
Zamora;49250;4925001001;2023;166;119;231;95;208;168;171;112;374;287;402;207
Zamora;49251;4925101001;2021;15;16;43;11;25;15;26;7;40;31;69;18
Zamora;49251;4925101001;2022;13;16;43;11;24;17;25;6;37;33;68;17
Zamora;49251;4925101001;2023;14;16;40;11;21;19;24;5;35;35;64;16
Zamora;49252;4925201001;2021;50;32;51;27;49;44;41;25;99;76;92;52
Zamora;49252;4925201001;2022;46;37;56;27;46;41;41;25;92;78;97;52
Zamora;49252;4925201001;2023;44;38;57;31;44;45;40;27;88;83;97;58
Zamora;49255;4925501001;2021;69;26;65;33;60;33;54;24;129;59;119;57
Zamora;49255;4925501001;2022;72;32;67;30;59;37;51;25;131;69;118;55
Zamora;49255;4925501001;2023;72;30;63;31;58;36;50;23;130;66;113;54
Zamora;49256;4925601001;2021;26;18;57;31;42;22;46;14;68;40;103;45
Zamora;49256;4925601001;2022;24;23;60;31;34;22;47;17;58;45;107;48
Zamora;49256;4925601001;2023;25;25;57;29;29;23;47;17;54;48;104;46
Zamora;49257;4925701001;2021;24;22;82;30;34;37;59;27;58;59;141;57
Zamora;49257;4925701001;2022;25;24;82;31;31;38;58;25;56;62;140;56
Zamora;49257;4925701001;2023;25;27;85;33;30;42;63;23;55;69;148;56
Zamora;49258;4925801001;2021;6;12;25;16;10;21;15;8;16;33;40;24
Zamora;49258;4925801001;2022;6;16;26;15;9;22;19;6;15;38;45;21
Zamora;49258;4925801001;2023;8;14;28;17;10;23;19;6;18;37;47;23
Zamora;49259;4925901001;2021;16;2;15;4;22;6;9;1;38;8;24;5
Zamora;49259;4925901001;2022;20;3;15;4;22;6;10;2;42;9;25;6
Zamora;49259;4925901001;2023;17;3;15;7;23;6;10;2;40;9;25;9
Zamora;49260;4926001001;2021;125;45;141;46;156;57;118;47;281;102;259;93
Zamora;49260;4926001001;2022;123;44;143;44;152;56;110;53;275;100;253;97
Zamora;49260;4926001001;2023;111;43;138;50;145;59;108;54;256;102;246;104
Zamora;49261;4926101001;2021;129;142;364;146;165;229;261;141;294;371;625;287
Zamora;49261;4926101001;2022;117;151;359;155;155;231;252;146;272;382;611;301
Zamora;49261;4926101001;2023;115;152;357;155;145;243;250;160;260;395;607;315
Zamora;49262;4926201001;2021;34;35;74;47;56;55;58;29;90;90;132;76
Zamora;49262;4926201001;2022;35;39;76;48;55;52;57;30;90;91;133;78
Zamora;49262;4926201001;2023;31;41;74;46;53;56;56;31;84;97;130;77
Zamora;49264;4926401001;2021;93;48;88;43;91;55;63;33;184;103;151;76
Zamora;49264;4926401001;2022;92;51;87;42;87;57;60;35;179;108;147;77
Zamora;49264;4926401001;2023;85;54;85;41;81;59;62;31;166;113;147;72
Zamora;49265;4926501001;2021;11;12;35;5;16;7;19;5;27;19;54;10
Zamora;49265;4926501001;2022;11;12;32;6;16;7;19;7;27;19;51;13
Zamora;49265;4926501001;2023;11;12;29;5;17;8;20;6;28;20;49;11
Zamora;49266;4926601001;2021;11;13;11;8;11;6;9;4;22;19;20;12
Zamora;49266;4926601001;2022;12;10;12;8;9;6;9;6;21;16;21;14
Zamora;49266;4926601001;2023;10;10;11;9;8;5;8;7;18;15;19;16
Zamora;49267;4926701001;2021;9;12;26;8;19;4;12;4;28;16;38;12
Zamora;49267;4926701001;2022;10;15;35;10;20;6;14;5;30;21;49;15
Zamora;49267;4926701001;2023;11;17;37;13;20;5;13;6;31;22;50;19
Zamora;49268;4926801001;2021;61;37;67;36;80;30;45;21;141;67;112;57
Zamora;49268;4926801001;2022;60;40;66;38;82;30;44;22;142;70;110;60
Zamora;49268;4926801001;2023;56;41;70;38;84;31;43;22;140;72;113;60
Zamora;49269;4926901001;2021;47;7;28;16;63;23;16;8;110;30;44;24
Zamora;49269;4926901001;2022;47;8;29;18;62;25;16;8;109;33;45;26
Zamora;49269;4926901001;2023;43;10;29;18;56;30;16;7;99;40;45;25
Zamora;49270;4927001001;2021;12;11;48;19;11;10;28;9;23;21;76;28
Zamora;49270;4927001001;2022;12;11;46;21;12;10;25;8;24;21;71;29
Zamora;49270;4927001001;2023;12;12;45;21;11;10;25;9;23;22;70;30
Zamora;49271;4927101001;2021;23;17;42;13;36;10;23;12;59;27;65;25
Zamora;49271;4927101001;2022;19;16;43;13;34;13;22;11;53;29;65;24
Zamora;49271;4927101001;2023;19;16;45;11;34;12;22;11;53;28;67;22
Zamora;49272;4927201001;2021;14;1;15;7;16;5;12;0;30;6;27;7
Zamora;49272;4927201001;2022;13;1;15;7;16;5;13;0;29;6;28;7
Zamora;49272;4927201001;2023;12;1;15;7;16;5;12;0;28;6;27;7
Zamora;49273;4927301001;2021;27;11;39;8;38;8;12;14;65;19;51;22
Zamora;49273;4927301001;2022;24;11;40;11;35;11;11;15;59;22;51;26
Zamora;49273;4927301001;2023;20;13;41;10;33;13;11;14;53;26;52;24
Zamora;49275;4927501001;2021;61;152;94;93;101;193;104;79;162;345;198;172
Zamora;49275;4927501001;2022;47;150;85;83;79;186;99;79;126;336;184;162
Zamora;49275;4927501001;2023;49;160;89;78;76;186;96;84;125;346;185;162
Zamora;49275;4927501002;2021;114;192;217;144;158;242;211;139;272;434;428;283
Zamora;49275;4927501002;2022;110;194;212;144;152;256;200;150;262;450;412;294
Zamora;49275;4927501002;2023;113;202;212;138;150;266;188;163;263;468;400;301
Zamora;49275;4927501003;2021;67;299;139;163;121;382;167;173;188;681;306;336
Zamora;49275;4927501003;2022;60;295;147;158;112;381;158;178;172;676;305;336
Zamora;49275;4927501003;2023;58;278;145;157;100;375;154;175;158;653;299;332
Zamora;49275;4927501004;2021;49;196;98;98;93;262;115;106;142;458;213;204
Zamora;49275;4927501004;2022;44;191;97;104;90;268;109;100;134;459;206;204
Zamora;49275;4927501004;2023;39;188;95;99;85;275;108;98;124;463;203;197
Zamora;49275;4927501005;2021;44;223;62;85;67;246;81;98;111;469;143;183
Zamora;49275;4927501005;2022;42;223;59;81;64;252;82;99;106;475;141;180
Zamora;49275;4927501005;2023;43;223;60;89;66;259;80;98;109;482;140;187
Zamora;49275;4927501006;2021;77;311;203;158;120;469;170;186;197;780;373;344
Zamora;49275;4927501006;2022;74;328;203;167;110;477;174;185;184;805;377;352
Zamora;49275;4927501006;2023;71;336;217;160;116;488;173;195;187;824;390;355
Zamora;49275;4927501007;2021;52;259;107;127;130;349;122;131;182;608;229;258
Zamora;49275;4927501007;2022;50;255;102;129;123;356;121;128;173;611;223;257
Zamora;49275;4927501007;2023;50;272;97;123;118;367;123;127;168;639;220;250
Zamora;49275;4927501008;2021;38;177;86;93;81;252;110;112;119;429;196;205
Zamora;49275;4927501008;2022;35;181;76;87;72;242;105;115;107;423;181;202
Zamora;49275;4927501008;2023;31;176;78;88;69;239;99;118;100;415;177;206
Zamora;49275;4927501009;2021;118;196;190;128;163;262;196;146;281;458;386;274
Zamora;49275;4927501009;2022;116;190;188;128;164;268;187;148;280;458;375;276
Zamora;49275;4927501009;2023;106;192;189;128;158;268;184;151;264;460;373;279
Zamora;49275;4927501010;2021;64;103;166;96;116;160;177;106;180;263;343;202
Zamora;49275;4927501010;2022;62;100;157;107;113;159;170;109;175;259;327;216
Zamora;49275;4927501010;2023;59;97;155;105;105;160;166;104;164;257;321;209
Zamora;49275;4927501011;2021;45;184;77;91;94;235;96;107;139;419;173;198
Zamora;49275;4927501011;2022;43;176;75;89;87;232;95;110;130;408;170;199
Zamora;49275;4927501011;2023;41;168;83;96;90;232;96;111;131;400;179;207
Zamora;49275;4927501012;2021;34;145;65;59;54;152;77;92;88;297;142;151
Zamora;49275;4927501012;2022;32;140;60;61;50;159;76;97;82;299;136;158
Zamora;49275;4927501012;2023;31;136;64;64;53;154;72;97;84;290;136;161
Zamora;49275;4927501013;2021;51;114;69;93;101;142;99;100;152;256;168;193
Zamora;49275;4927501013;2022;50;116;67;86;90;146;99;94;140;262;166;180
Zamora;49275;4927501013;2023;52;117;69;84;89;153;106;88;141;270;175;172
Zamora;49275;4927501014;2021;51;98;127;72;86;134;117;91;137;232;244;163
Zamora;49275;4927501014;2022;51;94;131;65;81;142;122;91;132;236;253;156
Zamora;49275;4927501014;2023;49;93;122;73;82;139;126;97;131;232;248;170
Zamora;49275;4927501015;2021;86;259;130;134;123;300;144;141;209;559;274;275
Zamora;49275;4927501015;2022;77;263;128;124;117;307;143;139;194;570;271;263
Zamora;49275;4927501015;2023;80;251;123;119;119;308;139;144;199;559;262;263
Zamora;49275;4927502001;2021;56;260;100;134;103;311;116;154;159;571;216;288
Zamora;49275;4927502001;2022;53;249;89;138;94;308;112;147;147;557;201;285
Zamora;49275;4927502001;2023;49;255;94;137;94;320;116;145;143;575;210;282
Zamora;49275;4927502002;2021;54;227;185;117;81;254;192;135;135;481;377;252
Zamora;49275;4927502002;2022;47;228;183;120;73;254;188;138;120;482;371;258
Zamora;49275;4927502002;2023;44;232;178;118;70;261;186;131;114;493;364;249
Zamora;49275;4927502003;2021;67;275;249;182;125;404;249;167;192;679;498;349
Zamora;49275;4927502003;2022;60;275;239;188;113;404;255;172;173;679;494;360
Zamora;49275;4927502003;2023;54;269;237;189;103;423;248;170;157;692;485;359
Zamora;49275;4927502004;2021;45;271;100;102;81;315;118;143;126;586;218;245
Zamora;49275;4927502004;2022;43;259;108;106;74;322;112;141;117;581;220;247
Zamora;49275;4927502004;2023;36;262;102;109;74;315;110;145;110;577;212;254
Zamora;49275;4927502005;2021;43;123;68;72;63;160;103;78;106;283;171;150
Zamora;49275;4927502005;2022;34;123;66;70;65;162;103;75;99;285;169;145
Zamora;49275;4927502005;2023;30;128;68;68;60;164;105;68;90;292;173;136
Zamora;49275;4927502006;2021;50;101;132;81;101;150;135;96;151;251;267;177
Zamora;49275;4927502006;2022;44;102;133;84;100;154;134;91;144;256;267;175
Zamora;49275;4927502006;2023;41;103;134;77;96;146;135;91;137;249;269;168
Zamora;49275;4927502007;2021;42;65;134;55;105;66;113;67;147;131;247;122
Zamora;49275;4927502007;2022;35;64;132;55;98;69;112;69;133;133;244;124
Zamora;49275;4927502007;2023;35;66;119;68;94;73;109;75;129;139;228;143
Zamora;49275;4927502008;2021;98;86;251;75;156;112;255;89;254;198;506;164
Zamora;49275;4927502008;2022;95;92;245;72;149;115;249;91;244;207;494;163
Zamora;49275;4927502008;2023;89;94;238;74;151;119;242;93;240;213;480;167
Zamora;49275;4927502009;2021;36;151;93;118;70;236;102;91;106;387;195;209
Zamora;49275;4927502009;2022;36;151;91;116;68;226;102;87;104;377;193;203
Zamora;49275;4927502009;2023;42;156;91;108;60;230;97;87;102;386;188;195
Zamora;49275;4927502010;2021;72;61;155;57;125;89;150;45;197;150;305;102
Zamora;49275;4927502010;2022;69;63;146;54;119;95;142;50;188;158;288;104
Zamora;49275;4927502010;2023;59;69;139;53;112;95;140;55;171;164;279;108
Zamora;49275;4927502011;2021;81;228;183;165;118;248;184;171;199;476;367;336
Zamora;49275;4927502011;2022;71;238;173;168;116;248;181;172;187;486;354;340
Zamora;49275;4927502011;2023;66;238;159;169;110;256;183;169;176;494;342;338
Zamora;49275;4927502012;2021;60;226;111;111;123;301;141;123;183;527;252;234
Zamora;49275;4927502012;2022;56;228;112;105;121;308;137;116;177;536;249;221
Zamora;49275;4927502012;2023;58;221;117;113;121;300;138;116;179;521;255;229
Zamora;49275;4927502013;2021;90;113;121;80;120;135;99;85;210;248;220;165
Zamora;49275;4927502013;2022;87;121;118;80;117;129;101;91;204;250;219;171
Zamora;49275;4927502013;2023;85;116;113;84;111;123;102;101;196;239;215;185
Zamora;49275;4927502014;2021;39;94;104;62;75;131;90;69;114;225;194;131
Zamora;49275;4927502014;2022;36;90;105;61;72;131;92;68;108;221;197;129
Zamora;49275;4927502014;2023;31;88;97;62;71;131;88;73;102;219;185;135
Zamora;49275;4927502015;2021;58;102;127;86;105;124;121;63;163;226;248;149
Zamora;49275;4927502015;2022;60;100;126;81;97;128;116;63;157;228;242;144
Zamora;49275;4927502015;2023;50;104;114;85;92;127;115;69;142;231;229;154
Zamora;49275;4927502016;2021;69;133;93;88;104;130;113;73;173;263;206;161
Zamora;49275;4927502016;2022;57;127;88;84;98;135;107;72;155;262;195;156
Zamora;49275;4927502016;2023;59;130;88;91;96;140;102;81;155;270;190;172
Zamora;49275;4927502017;2021;68;88;118;73;100;108;87;64;168;196;205;137
Zamora;49275;4927502017;2022;61;84;118;63;97;106;84;66;158;190;202;129
Zamora;49275;4927502017;2023;61;88;121;69;99;108;89;69;160;196;210;138
Zamora;49275;4927503001;2021;52;153;211;111;53;177;202;110;105;330;413;221
Zamora;49275;4927503001;2022;45;154;206;109;51;183;202;114;96;337;408;223
Zamora;49275;4927503001;2023;46;162;211;106;48;191;202;117;94;353;413;223
Zamora;49275;4927503002;2021;79;135;274;126;121;225;191;136;200;360;465;262
Zamora;49275;4927503002;2022;73;130;284;120;113;220;189;146;186;350;473;266
Zamora;49275;4927503002;2023;64;130;278;122;106;215;191;146;170;345;469;268
Zamora;49275;4927503003;2021;93;120;220;93;120;161;128;104;213;281;348;197
Zamora;49275;4927503003;2022;86;124;220;98;110;169;133;104;196;293;353;202
Zamora;49275;4927503003;2023;89;128;224;92;111;166;134;107;200;294;358;199
Zamora;49275;4927503004;2021;80;122;297;124;127;188;248;132;207;310;545;256
Zamora;49275;4927503004;2022;79;128;301;118;118;186;242;143;197;314;543;261
Zamora;49275;4927503004;2023;71;137;305;115;117;191;227;140;188;328;532;255
Zamora;49275;4927504001;2021;42;102;61;43;59;122;76;48;101;224;137;91
Zamora;49275;4927504001;2022;39;104;63;42;58;118;78;48;97;222;141;90
Zamora;49275;4927504001;2023;36;100;53;44;57;120;79;46;93;220;132;90
Zamora;49275;4927504002;2021;79;235;208;166;101;360;187;153;180;595;395;319
Zamora;49275;4927504002;2022;81;235;211;164;95;366;189;160;176;601;400;324
Zamora;49275;4927504002;2023;75;223;206;168;88;377;191;153;163;600;397;321
Zamora;49275;4927504003;2021;47;160;125;109;98;199;103;95;145;359;228;204
Zamora;49275;4927504003;2022;47;158;125;104;97;197;104;93;144;355;229;197
Zamora;49275;4927504003;2023;52;159;125;101;94;201;99;91;146;360;224;192
Zamora;49275;4927504004;2021;107;188;162;117;133;223;136;108;240;411;298;225
Zamora;49275;4927504004;2022;99;195;162;119;123;223;135;117;222;418;297;236
Zamora;49275;4927504004;2023;93;196;166;115;123;238;137;118;216;434;303;233
Zamora;49275;4927504005;2021;107;199;207;129;137;265;200;132;244;464;407;261
Zamora;49275;4927504005;2022;96;191;204;127;130;255;194;133;226;446;398;260
Zamora;49275;4927504005;2023;99;195;207;131;129;265;205;136;228;460;412;267
Zamora;49275;4927505001;2021;93;107;243;89;125;162;201;109;218;269;444;198
Zamora;49275;4927505001;2022;84;109;230;94;118;168;203;101;202;277;433;195
Zamora;49275;4927505001;2023;91;112;226;99;104;180;210;104;195;292;436;203
Zamora;49275;4927505003;2021;53;79;161;87;95;122;174;80;148;201;335;167
Zamora;49275;4927505003;2022;46;87;159;89;89;131;172;78;135;218;331;167
Zamora;49275;4927505003;2023;43;88;163;87;87;131;176;76;130;219;339;163
Zamora;49275;4927505004;2021;102;210;380;191;146;291;304;230;248;501;684;421
Zamora;49275;4927505004;2022;99;207;390;186;143;300;300;221;242;507;690;407
Zamora;49275;4927505004;2023;98;204;385;200;139;299;300;221;237;503;685;421
Zamora;49275;4927505005;2021;107;170;337;119;199;243;315;143;306;413;652;262
Zamora;49275;4927505005;2022;109;163;336;119;199;247;316;143;308;410;652;262
Zamora;49275;4927505005;2023;101;171;342;125;188;242;315;143;289;413;657;268
Zamora;49275;4927505006;2021;64;76;180;86;97;92;140;73;161;168;320;159
Zamora;49275;4927505006;2022;71;76;179;96;89;98;143;78;160;174;322;174
Zamora;49275;4927505006;2023;69;84;178;95;82;101;155;71;151;185;333;166
Zamora;49275;4927505007;2021;53;36;128;34;108;37;90;43;161;73;218;77
Zamora;49275;4927505007;2022;47;38;119;35;101;40;96;45;148;78;215;80
Zamora;49275;4927505007;2023;43;39;115;36;95;34;92;52;138;73;207;88
Zamora;49275;4927505008;2021;84;127;279;148;133;223;284;134;217;350;563;282
Zamora;49275;4927505008;2022;79;122;281;149;123;222;273;140;202;344;554;289
Zamora;49275;4927505008;2023;77;127;274;151;122;203;285;147;199;330;559;298
Zamora;49275;4927505009;2021;103;190;358;216;163;281;364;194;266;471;722;410
Zamora;49275;4927505009;2022;104;197;346;219;168;287;356;193;272;484;702;412
Zamora;49275;4927505009;2023;97;194;345;226;160;278;348;207;257;472;693;433
