CUSEC;Periodo;DA;DH;DS;DD;IVST_pond;IVST_pond_grado;Seccion_id;cluster_k2
0500101001;2021;57,668;30,889;42,084;46,116;45,511;Medio-alto;1;1
0500101001;2022;57,656;31,200;38,800;42,812;43,578;Medio-bajo;1;1
0500101001;2023;57,659;31,200;35,693;41,369;42,213;Medio-bajo;1;0
0500201001;2021;56,865;65,463;48,357;40,954;50,829;Alto;2;1
0500201001;2022;56,866;65,463;46,757;40,975;50,356;Alto;2;1
0500201001;2023;56,866;65,463;45,528;40,791;49,932;Alto;2;1
0500201002;2021;52,292;65,457;48,637;40,627;49,671;Alto;3;1
0500201002;2022;52,291;65,457;45,373;39,745;48,427;Alto;3;1
0500201002;2023;52,292;65,457;42,727;39,536;47,571;Medio-alto;3;1
0500501001;2021;51,718;27,595;44,222;50,788;45,572;Medio-alto;4;1
0500501001;2022;51,716;27,595;39,973;50,764;44,289;Medio-alto;4;1
0500501001;2023;51,710;27,307;33,772;51,927;42,733;Medio-bajo;4;1
0500701001;2021;60,038;35,394;50,802;52,584;51,334;Alto;5;1
0500701001;2022;60,058;35,015;46,261;53,676;50,248;Alto;5;1
0500701001;2023;60,066;35,015;52,832;54,795;52,557;Alto;5;1
0500801001;2021;58,520;25,461;47,689;43,729;45,875;Medio-alto;6;1
0500801001;2022;58,520;25,461;43,975;43,829;44,790;Medio-alto;6;1
0500801001;2023;58,525;25,461;41,171;44,371;44,113;Medio-alto;6;1
0501001001;2021;61,176;40,166;48,837;52,600;51,750;Alto;7;1
0501001001;2022;61,174;40,166;48,733;52,038;51,550;Alto;7;1
0501001001;2023;61,176;40,166;47,628;52,218;51,273;Alto;7;1
0501201001;2021;54,273;41,955;48,490;51,204;49,770;Alto;8;1
0501201001;2022;54,259;42,405;47,110;48,618;48,644;Alto;8;1
0501201001;2023;54,254;42,405;47,405;47,764;48,475;Alto;8;1
0501301001;2021;50,242;51,745;50,049;48,478;49,880;Alto;9;1
0501301001;2022;50,242;51,312;46,591;48,833;48,885;Alto;9;1
0501301001;2023;50,241;51,745;44,256;46,411;47,522;Medio-alto;9;1
0501401001;2021;43,450;59,804;48,473;41,278;46,758;Medio-alto;3527;1
0501401001;2022;43,451;59,804;44,787;41,607;45,752;Medio-alto;3527;1
0501401001;2023;43,450;59,804;43,186;42,278;45,472;Medio-alto;3527;1
0501401002;2021;46,170;44,694;56,663;46,293;49,133;Alto;3528;1
0501401002;2022;46,165;44,160;52,290;47,525;48,110;Alto;3528;1
0501401002;2023;46,173;45,147;38,337;45,476;43,459;Medio-bajo;3528;1
0501402001;2021;44,989;44,367;51,118;47,540;47,499;Medio-alto;10;1
0501402001;2022;44,987;44,367;47,066;47,633;46,312;Medio-alto;10;1
0501402001;2023;44,985;44,367;46,295;47,526;46,047;Medio-alto;10;1
0501402002;2021;43,647;63,082;44,911;40,448;45,982;Medio-alto;11;1
0501402002;2022;43,648;63,082;41,670;40,514;45,029;Medio-alto;11;1
0501402002;2023;43,648;63,082;40,495;40,444;44,656;Medio-alto;11;1
0501403001;2021;50,444;51,677;46,074;41,129;46,524;Medio-alto;12;1
0501403001;2022;50,443;51,677;42,433;41,519;45,548;Medio-alto;12;1
0501403001;2023;50,443;51,677;40,254;41,263;44,817;Medio-alto;12;1
0501501001;2021;67,238;38,994;38,337;59,366;51,970;Alto;13;1
0501501001;2022;67,228;38,502;38,337;59,392;51,901;Alto;13;1
0501501001;2023;67,273;38,994;38,337;57,042;51,281;Alto;13;1
0501601001;2021;52,425;39,485;49,614;39,927;45,891;Medio-alto;14;1
0501601001;2022;52,425;39,485;46,034;40,279;44,923;Medio-alto;14;1
0501601001;2023;52,425;39,485;45,324;40,711;44,839;Medio-alto;14;1
0501602001;2021;53,865;56,540;44,362;37,955;46,642;Medio-alto;15;1
0501602001;2022;53,865;56,021;40,913;38,627;45,731;Medio-alto;15;1
0501602001;2023;53,865;56,540;39,538;37,135;44,949;Medio-alto;15;1
0501602002;2021;52,016;64,966;39,155;37,447;45,730;Medio-alto;16;1
0501602002;2022;52,017;64,966;36,436;38,412;45,204;Medio-alto;16;1
0501602002;2023;52,017;64,966;36,109;38,230;45,051;Medio-alto;16;1
0501602003;2021;53,260;61,807;42,084;35,216;45,776;Medio-alto;17;1
0501602003;2022;53,260;61,807;38,777;35,526;44,877;Medio-alto;17;1
0501602003;2023;53,260;61,807;37,834;36,051;44,752;Medio-alto;17;1
0501602004;2021;53,454;56,557;36,155;33,940;42,875;Medio-bajo;18;1
0501602004;2022;53,454;56,557;35,502;33,909;42,670;Medio-bajo;18;1
0501602004;2023;53,455;56,065;33,452;35,168;42,359;Medio-bajo;18;1
0501602005;2021;52,196;52,651;36,859;32,860;41,862;Medio-bajo;19;0
0501602005;2022;52,196;52,651;34,427;33,521;41,331;Medio-bajo;19;0
0501602005;2023;52,197;52,265;31,065;34,693;40,616;Medio-bajo;19;0
0501701001;2021;50,538;21,905;38,337;56,496;44,371;Medio-alto;20;1
0501701001;2022;50,553;22,201;38,337;57,674;44,772;Medio-alto;20;1
0501701001;2023;50,592;21,905;38,337;59,491;45,282;Medio-alto;20;1
0501801001;2021;64,357;32,043;38,337;59,193;50,155;Alto;21;1
0501801001;2022;64,357;31,535;38,337;59,827;50,269;Alto;21;1
0501801001;2023;64,466;31,535;38,337;57,364;49,557;Alto;21;1
0501901001;2021;28,465;43,523;36,530;43,002;37,504;Bajo;22;0
0501901001;2022;28,465;43,523;33,013;42,677;36,352;Bajo;22;0
0501901001;2023;28,465;43,523;31,801;42,242;35,858;Bajo;22;0
0501901002;2021;38,711;48,172;35,499;43,851;40,709;Medio-bajo;23;0
0501901002;2022;38,712;48,172;33,755;43,040;39,942;Medio-bajo;23;0
0501901002;2023;38,711;48,172;33,554;42,687;39,776;Medio-bajo;23;0
0501902001;2021;26,919;54,596;25,154;46,632;36,455;Bajo;24;0
0501902001;2022;26,919;54,596;23,466;46,054;35,775;Bajo;24;0
0501902001;2023;26,916;54,596;21,325;46,234;35,186;Bajo;24;0
0501902002;2021;25,925;62,670;28,953;47,076;38,690;Medio-bajo;25;0
0501902002;2022;25,926;63,226;26,870;45,485;37,672;Bajo;25;0
0501902002;2023;25,927;62,670;24,335;46,199;37,043;Bajo;25;0
0501903001;2021;28,615;53,435;28,040;39,088;35,307;Bajo;26;0
0501903001;2022;28,615;53,435;25,355;38,852;34,431;Bajo;26;0
0501903001;2023;28,617;53,435;24,123;39,185;34,162;Bajo;26;0
0501903002;2021;33,977;51,161;22,229;34,136;33,078;Bajo;27;0
0501903002;2022;33,978;51,161;20,405;34,186;32,546;Bajo;27;0
0501903002;2023;33,978;51,161;18,463;34,761;32,136;Bajo;27;0
0501904001;2021;39,442;53,443;39,817;42,055;42,439;Medio-bajo;28;1
0501904001;2022;39,442;53,443;37,389;41,430;41,523;Medio-bajo;28;0
0501904001;2023;39,442;53,443;36,135;41,279;41,101;Medio-bajo;28;0
0501904002;2021;27,000;57,616;39,773;39,647;39,218;Medio-bajo;29;0
0501904002;2022;27,001;57,616;36,860;39,248;38,225;Bajo;29;0
0501904002;2023;27,000;57,008;34,997;40,819;38,046;Bajo;29;0
0501904003;2021;28,049;70,631;43,211;37,496;41,819;Medio-bajo;30;0
0501904003;2022;28,049;70,631;40,244;37,777;41,013;Medio-bajo;30;0
0501904003;2023;28,051;70,631;39,869;38,590;41,145;Medio-bajo;30;0
0501904004;2021;27,580;67,233;51,288;39,905;44,338;Medio-alto;31;1
0501904004;2022;27,578;67,995;47,935;38,339;42,976;Medio-bajo;31;1
0501904004;2023;27,576;67,233;46,179;39,219;42,599;Medio-bajo;31;1
0501904005;2021;26,689;74,907;58,281;37,889;46,759;Medio-alto;32;1
0501904005;2022;26,690;75,685;55,386;35,790;45,378;Medio-alto;32;1
0501904005;2023;26,689;76,463;55,365;34,089;44,978;Medio-alto;32;1
0501904006;2021;26,816;63,611;47,442;40,480;42,622;Medio-bajo;33;1
0501904006;2022;26,818;64,313;44,379;38,830;41,314;Medio-bajo;33;0
0501904006;2023;26,819;64,313;44,700;39,241;41,534;Medio-bajo;33;0
0501904008;2021;27,054;63,778;34,055;33,862;36,705;Bajo;34;0
0501904008;2022;27,053;63,778;31,366;34,144;35,983;Bajo;34;0
0501904008;2023;27,053;63,275;30,107;35,767;36,017;Bajo;34;0
0501904009;2021;27,895;71,651;37,931;34,251;39,376;Medio-bajo;35;0
0501904009;2022;27,895;71,651;34,925;35,031;38,708;Medio-bajo;35;0
0501904009;2023;27,897;71,651;33,745;35,602;38,526;Medio-bajo;35;0
0501904010;2021;26,573;72,277;34,803;35,967;38,716;Medio-bajo;36;0
0501904010;2022;26,575;72,277;31,549;36,382;37,865;Bajo;36;0
0501904010;2023;26,577;71,583;29,419;38,195;37,666;Bajo;36;0
0501904011;2021;27,040;76,549;42,347;34,170;41,197;Medio-bajo;37;0
0501904011;2022;27,040;76,549;38,559;34,138;40,051;Medio-bajo;37;0
0501904011;2023;27,040;76,549;37,933;34,890;40,089;Medio-bajo;37;0
0501904012;2021;32,191;67,847;33,046;32,651;37,934;Bajo;38;0
0501904012;2022;32,189;67,847;30,902;32,476;37,237;Bajo;38;0
0501904012;2023;32,188;67,847;29,812;32,820;37,013;Bajo;38;0
0501904013;2021;38,535;60,145;30,502;35,177;38,359;Bajo;39;0
0501904013;2022;38,535;61,044;28,251;32,791;37,103;Bajo;39;0
0501904013;2023;38,536;60,595;26,719;34,522;37,095;Bajo;39;0
0501904014;2021;35,964;74,189;36,709;35,680;41,836;Medio-bajo;40;0
0501904014;2022;35,965;74,189;34,820;34,741;40,988;Medio-bajo;40;0
0501904014;2023;35,964;74,189;33,413;34,930;40,622;Medio-bajo;40;0
0501905001;2021;26,528;65,755;40,168;41,775;41,078;Medio-bajo;41;0
0501905001;2022;26,529;65,755;38,509;41,404;40,470;Medio-bajo;41;0
0501905001;2023;26,528;65,755;38,050;41,100;40,240;Medio-bajo;41;0
0501905002;2021;26,972;61,572;33,617;40,820;38,310;Bajo;42;0
0501905002;2022;26,973;61,572;30,897;40,373;37,360;Bajo;42;0
0501905002;2023;26,972;61,572;29,535;40,447;36,974;Bajo;42;0
0501905003;2021;25,844;60,527;34,099;40,962;38,058;Bajo;43;0
0501905003;2022;25,846;60,527;32,318;40,346;37,340;Bajo;43;0
0501905003;2023;25,843;59,878;30,958;41,939;37,311;Bajo;43;0
0501905004;2021;27,190;69,174;38,664;36,755;39,799;Medio-bajo;44;0
0501905004;2022;27,189;69,174;36,833;35,866;38,983;Medio-bajo;44;0
0501905004;2023;27,188;69,174;36,635;36,184;39,019;Medio-bajo;44;0
0501905005;2021;26,094;65,621;41,365;39,537;40,637;Medio-bajo;45;0
0501905005;2022;26,095;66,268;38,407;38,652;39,582;Medio-bajo;45;0
0501905005;2023;26,095;65,621;36,726;39,525;39,242;Medio-bajo;45;0
0501905006;2021;30,580;81,556;32,715;36,717;40,708;Medio-bajo;46;0
0501905006;2022;30,580;82,231;30,122;35,361;39,625;Medio-bajo;46;0
0501905006;2023;30,579;81,556;29,585;36,632;39,743;Medio-bajo;46;0
0501906001;2021;26,745;57,548;25,828;44,976;36,559;Bajo;47;0
0501906001;2022;26,742;57,548;25,545;44,516;36,336;Bajo;47;0
0501906001;2023;26,742;57,548;23,422;45,266;35,924;Bajo;47;0
0501906002;2021;27,004;69,244;40,564;43,078;42,230;Medio-bajo;48;0
0501906002;2022;27,003;69,244;38,663;42,227;41,405;Medio-bajo;48;0
0501906002;2023;27,002;69,244;37,423;41,612;40,848;Medio-bajo;48;0
0501906003;2021;33,107;63,149;23,604;29,386;33,646;Bajo;49;0
0501906003;2022;33,105;63,514;21,167;27,972;32,545;Bajo;49;0
0501906003;2023;33,105;63,149;19,275;29,470;32,372;Bajo;49;0
0501906004;2021;27,759;65,351;52,788;38,690;44,186;Medio-alto;50;1
0501906004;2022;27,752;65,351;48,408;36,775;42,296;Medio-bajo;50;1
0501906004;2023;27,748;66,181;47,122;34,480;41,345;Medio-bajo;50;0
0501906005;2021;28,076;67,236;49,812;41,558;44,516;Medio-alto;51;1
0501906005;2022;28,076;67,236;48,209;41,415;43,991;Medio-alto;51;1
0501906005;2023;28,077;67,236;47,407;40,397;43,446;Medio-bajo;51;1
0501906006;2021;28,264;64,842;48,838;41,267;43,824;Medio-alto;3497;1
0501906006;2022;28,157;64,842;45,187;41,011;42,625;Medio-bajo;3497;1
0501906006;2023;28,156;64,842;43,881;40,142;41,972;Medio-bajo;3497;0
0501906008;2021;29,054;63,031;40,739;42,893;41,807;Medio-bajo;52;0
0501906008;2022;29,054;63,031;39,584;42,458;41,331;Medio-bajo;52;0
0501906008;2023;29,054;63,031;38,336;41,601;40,699;Medio-bajo;52;0
0501906009;2021;26,939;55,406;25,128;47,990;36,981;Bajo;53;0
0501906009;2022;26,941;55,961;22,149;46,687;35,780;Bajo;53;0
0501906009;2023;26,937;55,961;21,297;46,771;35,549;Bajo;53;0
0501906010;2021;28,186;65,309;33,241;42,948;39,699;Medio-bajo;54;0
0501906010;2022;28,184;64,734;30,778;44,717;39,405;Medio-bajo;54;0
0501906010;2023;28,186;64,734;29,658;45,076;39,177;Medio-bajo;54;0
0501906011;2021;48,324;39,175;16,494;31,738;32,427;Bajo;55;0
0501906011;2022;48,322;39,446;12,128;31,095;30,964;Bajo;55;0
0501906011;2023;48,321;39,446;10,741;31,161;30,568;Bajo;55;0
0501906012;2021;30,002;65,232;27,964;31,902;35,245;Bajo;56;0
0501906012;2022;30,002;65,636;25,303;30,716;34,152;Bajo;56;0
0501906012;2023;30,003;65,232;24,365;32,049;34,210;Bajo;56;0
0501906013;2021;36,914;63,855;27,940;35,114;37,723;Bajo;57;0
0501906013;2022;36,913;63,855;25,159;34,900;36,824;Bajo;57;0
0501906013;2023;36,912;63,366;23,184;35,861;36,446;Bajo;57;0
0501906014;2021;29,868;57,080;21,978;35,847;33,376;Bajo;58;0
0501906014;2022;29,868;57,080;19,463;36,384;32,783;Bajo;58;0
0501906014;2023;29,870;56,691;18,342;37,846;32,828;Bajo;58;0
0502101001;2021;50,962;47,648;41,213;42,917;45,127;Medio-alto;59;1
0502101001;2022;50,963;47,648;37,914;42,201;43,922;Medio-alto;59;1
0502101001;2023;50,962;47,184;36,050;43,373;43,645;Medio-bajo;59;1
0502101002;2021;50,340;56,224;41,890;43,371;46,597;Medio-alto;60;1
0502101002;2022;50,341;56,224;40,099;44,061;46,267;Medio-alto;60;1
0502101002;2023;50,341;56,224;40,455;43,579;46,229;Medio-alto;60;1
0502201001;2021;51,179;52,704;43,734;39,641;45,713;Medio-alto;61;1
0502201001;2022;51,179;52,704;40,656;39,162;44,646;Medio-alto;61;1
0502201001;2023;51,178;52,704;39,386;39,205;44,278;Medio-alto;61;1
0502201002;2021;49,270;55,067;47,671;44,071;48,100;Alto;62;1
0502201002;2022;49,271;55,067;46,282;42,975;47,355;Medio-alto;62;1
0502201002;2023;49,269;55,067;45,563;43,236;47,217;Medio-alto;62;1
0502301001;2021;59,320;27,727;40,293;45,765;44,806;Medio-alto;63;1
0502301001;2022;59,328;27,727;40,278;46,006;44,876;Medio-alto;63;1
0502301001;2023;59,327;27,727;35,764;45,950;43,505;Medio-bajo;63;1
0502401001;2021;55,614;38,852;48,385;65,347;53,851;Alto;64;1
0502401001;2022;55,621;38,852;47,441;63,421;52,992;Alto;64;1
0502401001;2023;55,631;38,433;46,670;67,094;53,802;Alto;64;1
0502501001;2021;64,979;40,354;38,337;53,207;49,761;Alto;65;1
0502501001;2022;64,975;39,914;38,337;56,268;50,612;Alto;65;1
0502501001;2023;65,009;40,354;38,337;56,321;50,703;Alto;65;1
0502601001;2021;58,689;25,252;44,536;53,640;47,913;Alto;66;1
0502601001;2022;58,691;24,920;41,844;54,019;47,169;Medio-alto;66;1
0502601001;2023;58,706;24,588;37,713;55,958;46,466;Medio-alto;66;1
0502701001;2021;51,515;26,347;38,180;40,447;40,419;Medio-bajo;67;0
0502701001;2022;51,514;26,041;35,502;42,668;40,236;Medio-bajo;67;0
0502701001;2023;51,518;25,735;32,943;43,905;39,794;Medio-bajo;67;0
0502901001;2021;60,795;20,044;38,337;60,563;47,876;Alto;68;1
0502901001;2022;60,792;20,044;38,337;59,972;47,697;Medio-alto;68;1
0502901001;2023;60,806;20,044;38,337;61,231;48,079;Alto;68;1
0503001001;2021;43,961;34,154;38,337;47,832;41,964;Medio-bajo;69;0
0503001001;2022;43,875;33,029;38,337;52,911;43,298;Medio-bajo;69;1
0503001001;2023;43,938;33,404;38,337;51,765;43,026;Medio-bajo;69;1
0503301001;2021;64,678;25,529;45,584;51,328;49,072;Alto;70;1
0503301001;2022;64,685;25,529;43,733;51,638;48,612;Alto;70;1
0503301001;2023;64,691;25,219;41,746;54,579;48,853;Alto;70;1
0503401001;2021;57,097;31,580;38,337;69,167;51,263;Alto;71;1
0503401001;2022;57,308;31,969;38,337;71,407;52,046;Alto;71;1
0503401001;2023;57,097;32,357;38,337;69,168;51,379;Alto;71;1
0503501001;2021;56,347;35,192;38,337;48,586;45,443;Medio-alto;72;1
0503501001;2022;56,353;35,910;36,222;44,330;43,640;Medio-bajo;72;1
0503501001;2023;56,333;35,192;38,337;48,495;45,412;Medio-alto;72;1
0503601001;2021;59,319;34,477;44,030;55,163;49,759;Alto;73;1
0503601001;2022;59,332;34,192;41,945;56,128;49,384;Alto;73;1
0503601001;2023;59,343;34,192;38,552;56,023;48,337;Alto;73;1
0503701001;2021;64,640;49,100;60,377;57,193;58,796;Alto;74;1
0503701001;2022;64,641;49,100;57,131;57,839;58,016;Alto;74;1
0503701001;2023;64,648;49,100;58,440;56,930;58,138;Alto;74;1
0503801001;2021;66,054;38,271;47,213;55,832;53,167;Alto;75;1
0503801001;2022;66,063;39,134;45,318;51,408;51,404;Alto;75;1
0503801001;2023;66,012;39,134;44,730;50,210;50,855;Alto;75;1
0503901001;2021;53,705;30,964;38,337;51,716;45,087;Medio-alto;76;1
0503901001;2022;53,726;30,599;38,337;53,767;45,653;Medio-alto;76;1
0503901001;2023;53,773;30,599;38,337;52,455;45,271;Medio-alto;76;1
0504001001;2021;49,726;20,621;38,337;66,755;47,052;Medio-alto;77;1
0504001001;2022;49,765;20,621;38,337;65,393;46,654;Medio-alto;77;1
0504001001;2023;49,787;20,960;38,337;65,208;46,655;Medio-alto;77;1
0504101001;2021;48,341;56,697;51,585;47,375;50,278;Alto;78;1
0504101001;2022;48,342;57,168;46,544;45,661;48,322;Alto;78;1
0504101001;2023;48,340;57,168;45,918;44,734;47,856;Medio-alto;78;1
0504201001;2021;61,568;30,441;41,337;48,959;47,047;Medio-alto;79;1
0504201001;2022;61,571;30,441;37,413;48,575;45,755;Medio-alto;79;1
0504201001;2023;61,570;30,441;34,770;49,028;45,098;Medio-alto;79;1
0504301001;2021;60,953;20,315;38,337;65,253;49,363;Alto;80;1
0504301001;2022;60,881;20,595;38,337;59,053;47,526;Medio-alto;80;1
0504301001;2023;60,830;20,315;38,337;60,047;47,770;Medio-alto;80;1
0504401001;2021;70,104;38,968;48,011;54,795;54,213;Alto;81;1
0504401001;2022;70,108;38,590;50,016;56,246;55,194;Alto;81;1
0504401001;2023;70,112;38,590;45,261;57,131;54,034;Alto;81;1
0504501001;2021;60,378;28,642;38,337;51,595;46,371;Medio-alto;82;1
0504501001;2022;60,355;28,941;38,337;49,922;45,908;Medio-alto;82;1
0504501001;2023;60,330;28,941;38,337;49,416;45,750;Medio-alto;82;1
0504601001;2021;62,724;20,942;38,337;37,231;41,493;Medio-bajo;83;0
0504601001;2022;62,764;21,839;38,337;31,511;39,921;Medio-bajo;83;0
0504601001;2023;62,785;20,718;38,337;38,651;41,901;Medio-bajo;83;0
0504701001;2021;54,636;49,984;52,608;42,357;49,646;Alto;84;1
0504701001;2022;54,637;49,449;48,308;43,560;48,637;Alto;84;1
0504701001;2023;54,637;49,449;44,966;43,880;47,730;Medio-alto;84;1
0504703001;2021;52,611;51,161;49,233;39,781;47,531;Medio-alto;85;1
0504703001;2022;52,611;51,161;44,912;39,993;46,298;Medio-alto;85;1
0504703001;2023;52,611;50,679;44,563;41,643;46,616;Medio-alto;85;1
0504703002;2021;58,563;62,479;49,316;41,202;51,168;Alto;86;1
0504703002;2022;58,563;61,986;45,547;41,977;50,196;Alto;86;1
0504703002;2023;58,563;61,986;43,635;42,193;49,687;Alto;86;1
0504703003;2021;56,210;51,498;50,522;44,277;50,217;Alto;87;1
0504703003;2022;56,211;50,945;45,098;46,179;49,078;Alto;87;1
0504703003;2023;56,229;52,133;38,337;45,476;47,021;Medio-alto;87;1
0504801001;2021;59,389;27,155;38,337;59,926;48,399;Alto;88;1
0504801001;2022;59,401;27,155;38,337;63,324;49,422;Alto;88;1
0504801001;2023;59,405;27,155;38,337;58,800;48,066;Alto;88;1
0504901001;2021;42,627;33,721;39,178;47,634;41,758;Medio-bajo;89;0
0504901001;2022;42,627;33,721;36,193;47,798;40,912;Medio-bajo;89;0
0504901001;2023;42,628;33,721;33,295;47,237;39,875;Medio-bajo;89;0
0505101001;2021;52,953;39,501;41,018;55,112;48,002;Alto;90;1
0505101001;2022;52,960;39,501;41,860;53,749;47,848;Medio-alto;90;1
0505101001;2023;52,954;39,501;38,369;53,585;46,750;Medio-alto;90;1
0505201001;2021;66,995;29,910;38,337;65,746;52,460;Alto;91;1
0505201001;2022;67,004;29,910;38,337;65,744;52,462;Alto;91;1
0505201001;2023;66,989;29,910;38,337;70,610;53,918;Alto;91;1
0505301001;2021;46,342;32,125;38,337;75,416;50,531;Alto;92;1
0505301001;2022;46,354;32,125;38,337;73,314;49,903;Alto;92;1
0505301001;2023;46,354;31,511;38,337;71,636;49,307;Alto;92;1
0505401001;2021;53,719;62,722;52,667;45,047;52,152;Alto;93;1
0505401001;2022;53,719;62,224;48,301;45,598;50,933;Alto;93;1
0505401001;2023;53,719;62,224;46,717;45,992;50,576;Alto;93;1
0505501001;2021;54,698;53,053;55,052;49,513;53,002;Alto;94;1
0505501001;2022;54,698;53,053;51,117;49,125;51,705;Alto;94;1
0505501001;2023;54,696;53,053;49,766;48,516;51,117;Alto;94;1
0505601001;2021;59,894;30,220;38,337;45,966;44,798;Medio-alto;95;1
0505601001;2022;59,908;31,392;30,136;41,017;41,032;Medio-bajo;95;0
0505601001;2023;59,789;31,099;25,267;40,613;39,376;Medio-bajo;95;0
0505701001;2021;47,899;44,120;52,444;42,286;47,012;Medio-alto;96;1
0505701001;2022;47,900;44,120;50,108;42,443;46,358;Medio-alto;96;1
0505701001;2023;47,902;43,653;48,945;44,257;46,484;Medio-alto;96;1
0505702001;2021;47,951;44,735;55,806;45,707;49,152;Alto;97;1
0505702001;2022;47,953;44,735;52,255;45,083;47,900;Alto;97;1
0505702001;2023;47,966;45,657;38,337;45,476;43,984;Medio-alto;97;1
0505702002;2021;49,112;53,007;45,542;36,865;44,951;Medio-alto;98;1
0505702002;2022;49,112;53,007;45,205;35,869;44,551;Medio-alto;98;1
0505702002;2023;49,111;53,007;45,050;35,575;44,416;Medio-alto;98;1
0505801001;2021;61,756;36,325;38,337;54,311;48,682;Alto;99;1
0505801001;2022;61,732;36,325;38,337;53,367;48,393;Alto;99;1
0505801001;2023;61,775;35,850;38,337;57,128;49,461;Alto;99;1
0505901001;2021;53,265;22,950;38,337;61,086;46,586;Medio-alto;100;1
0505901001;2022;53,345;22,950;38,337;60,740;46,502;Medio-alto;100;1
0505901001;2023;53,391;22,950;38,337;56,013;45,096;Medio-alto;100;1
0506001001;2021;61,979;24,381;39,064;55,242;47,444;Medio-alto;101;1
0506001001;2022;61,982;24,113;36,402;49,170;44,784;Medio-alto;101;1
0506001001;2023;61,989;24,381;34,478;48,016;43,902;Medio-alto;101;1
0506101001;2021;38,269;43,827;38,351;35,093;38,175;Bajo;102;0
0506101001;2022;38,263;43,433;36,404;36,428;37,930;Bajo;102;0
0506101001;2023;38,259;43,433;32,708;36,496;36,841;Bajo;102;0
0506201001;2021;54,832;23,401;37,266;56,360;45,306;Medio-alto;103;1
0506201001;2022;54,846;23,668;33,587;56,904;44,409;Medio-alto;103;1
0506201001;2023;54,854;23,668;29,326;55,646;42,755;Medio-bajo;103;1
0506301001;2021;64,263;34,199;38,337;71,385;54,112;Alto;104;1
0506301001;2022;64,308;33,735;38,337;71,932;54,218;Alto;104;1
0506301001;2023;64,388;33,272;38,337;76,782;55,624;Alto;104;1
0506401001;2021;58,607;21,982;42,624;55,920;47,512;Medio-alto;105;1
0506401001;2022;58,625;21,982;38,337;58,772;47,087;Medio-alto;105;1
0506401001;2023;58,636;21,982;38,337;58,351;46,963;Medio-alto;105;1
0506501001;2021;54,104;29,753;37,733;44,177;42,562;Medio-bajo;106;1
0506501001;2022;54,106;29,481;34,254;45,519;41,881;Medio-bajo;106;0
0506501001;2023;54,108;29,481;32,250;45,464;41,263;Medio-bajo;106;0
0506601001;2021;53,276;50,183;46,485;47,270;48,973;Alto;107;1
0506601001;2022;53,274;49,730;43,088;48,102;48,135;Alto;107;1
0506601001;2023;53,275;49,730;39,975;48,139;47,213;Medio-alto;107;1
0506701001;2021;55,069;38,345;38,337;52,816;46,865;Medio-alto;108;1
0506701001;2022;55,109;38,759;38,337;50,605;46,274;Medio-alto;108;1
0506701001;2023;55,099;38,759;38,337;49,328;45,888;Medio-alto;108;1
0506901001;2021;63,586;29,239;38,337;51,466;47,223;Medio-alto;109;1
0506901001;2022;63,603;29,719;38,337;46,626;45,848;Medio-alto;109;1
0506901001;2023;63,571;29,000;38,337;51,916;47,319;Medio-alto;109;1
0507001001;2021;58,668;18,617;38,337;59,460;46,799;Medio-alto;110;1
0507001001;2022;58,668;18,335;38,337;55,358;45,526;Medio-alto;110;1
0507001001;2023;58,631;19,180;38,337;48,248;43,511;Medio-bajo;110;1
0507201001;2021;55,627;26,063;38,337;38,821;40,964;Medio-bajo;111;0
0507201001;2022;55,639;25,540;38,337;41,271;41,623;Medio-bajo;111;0
0507201001;2023;55,649;25,540;38,337;40,582;41,419;Medio-bajo;111;0
0507301001;2021;65,072;22,694;42,183;49,498;47,176;Medio-alto;112;1
0507301001;2022;65,074;22,403;40,623;52,032;47,425;Medio-alto;112;1
0507301001;2023;65,078;22,403;33,856;52,947;45,671;Medio-alto;112;1
0507401001;2021;55,096;34,864;38,982;45,502;44,349;Medio-alto;113;1
0507401001;2022;55,097;34,456;38,589;47,161;44,668;Medio-alto;113;1
0507401001;2023;55,098;34,456;36,261;46,281;43,706;Medio-bajo;113;1
0507501001;2021;60,689;39,333;38,337;57,549;49,838;Alto;114;1
0507501001;2022;60,699;39,333;38,337;58,267;50,056;Alto;114;1
0507501001;2023;60,695;39,333;38,337;56,934;49,655;Alto;114;1
0507601001;2021;38,956;42,831;38,382;37,439;38,910;Medio-bajo;115;0
0507601001;2022;38,955;42,831;35,785;37,511;38,152;Bajo;115;0
0507601001;2023;38,955;42,831;35,160;37,092;37,839;Bajo;115;0
0507701001;2021;61,945;25,076;48,208;48,397;48,229;Alto;116;1
0507701001;2022;61,943;24,776;47,348;48,589;47,983;Alto;116;1
0507701001;2023;61,945;24,476;44,648;50,229;47,621;Medio-alto;116;1
0507801001;2021;61,958;19,040;38,337;64,894;49,315;Alto;117;1
0507801001;2022;61,967;19,040;38,337;56,437;46,780;Medio-alto;117;1
0507801001;2023;61,991;19,040;38,337;66,240;49,727;Alto;117;1
0507901001;2021;54,607;33,962;38,337;59,926;48,225;Alto;118;1
0507901001;2022;54,669;33,962;38,337;59,123;48,000;Alto;118;1
0507901001;2023;54,682;33,962;38,337;60,505;48,418;Alto;118;1
0508001001;2021;64,887;28,671;38,337;65,703;51,734;Alto;119;1
0508001001;2022;64,733;28,671;38,337;60,638;50,177;Alto;119;1
0508001001;2023;64,756;28,671;38,337;61,814;50,535;Alto;119;1
0508101001;2021;61,463;39,659;38,337;53,913;48,990;Alto;120;1
0508101001;2022;61,481;39,659;38,337;52,219;48,486;Alto;120;1
0508101001;2023;61,481;39,210;38,337;55,509;49,406;Alto;120;1
0508201001;2021;56,016;47,757;53,098;47,829;51,446;Alto;121;1
0508201001;2022;56,016;47,334;50,018;49,654;51,006;Alto;121;1
0508201001;2023;56,019;47,334;49,443;50,359;51,046;Alto;121;1
0508301001;2021;44,588;40,701;42,293;51,944;45,523;Medio-alto;122;1
0508301001;2022;44,564;40,701;38,534;50,839;44,058;Medio-alto;122;1
0508301001;2023;44,571;41,128;33,125;50,121;42,286;Medio-bajo;122;0
0508401001;2021;56,377;40,030;38,337;66,789;51,637;Alto;123;1
0508401001;2022;56,390;39,069;38,337;70,124;52,496;Alto;123;1
0508401001;2023;56,470;38,109;38,337;74,334;53,635;Alto;123;1
0508501001;2021;61,227;30,102;38,337;54,077;47,546;Medio-alto;124;1
0508501001;2022;61,212;30,102;38,337;53,547;47,384;Medio-alto;124;1
0508501001;2023;61,212;30,102;38,337;54,284;47,605;Medio-alto;124;1
0508601001;2021;62,939;22,544;38,337;57,064;47,737;Medio-alto;125;1
0508601001;2022;62,918;22,265;38,337;59,307;48,363;Alto;125;1
0508601001;2023;62,939;22,544;38,337;56,588;47,594;Medio-alto;125;1
0508701001;2021;54,497;29,369;43,802;44,549;44,535;Medio-alto;126;1
0508701001;2022;54,490;29,369;40,053;43,835;43,194;Medio-bajo;126;1
0508701001;2023;54,500;29,369;43,595;44,204;44,370;Medio-alto;126;1
0508801001;2021;56,358;24,040;38,337;46,864;43,256;Medio-bajo;127;1
0508801001;2022;56,004;24,040;38,337;46,013;42,912;Medio-bajo;127;1
0508801001;2023;55,894;24,040;38,337;44,069;42,301;Medio-bajo;127;1
0508901001;2021;49,691;44,052;47,354;52,851;49,092;Alto;128;1
0508901001;2022;49,695;44,052;43,032;53,594;48,019;Alto;128;1
0508901001;2023;49,697;44,052;40,455;53,394;47,187;Medio-alto;128;1
0509001001;2021;57,646;20,628;38,337;49,826;43,955;Medio-alto;129;1
0509001001;2022;57,693;20,105;38,337;51,617;44,425;Medio-alto;129;1
0509001001;2023;57,722;19,844;38,337;59,396;46,727;Medio-alto;129;1
0509201001;2021;56,354;30,707;41,527;45,021;44,659;Medio-alto;130;1
0509201001;2022;56,355;30,428;41,291;47,552;45,306;Medio-alto;130;1
0509201001;2023;56,366;30,149;41,549;49,169;45,829;Medio-alto;130;1
0509301001;2021;50,828;60,470;49,647;45,236;50,242;Alto;131;1
0509301001;2022;50,813;60,470;47,770;44,541;49,467;Alto;131;1
0509301001;2023;50,815;60,470;45,413;44,768;48,829;Alto;131;1
0509401001;2021;60,240;26,764;46,659;52,155;48,719;Alto;132;1
0509401001;2022;60,223;26,764;40,453;50,949;46,491;Medio-alto;132;1
0509401001;2023;60,209;26,764;38,151;50,399;45,632;Medio-alto;132;1
0509501001;2021;61,655;39,786;51,924;47,465;51,198;Alto;133;1
0509501001;2022;61,654;39,786;49,982;46,474;50,318;Alto;133;1
0509501001;2023;61,652;39,347;49,784;46,813;50,294;Alto;133;1
0509601001;2021;55,938;44,272;38,337;55,717;48,841;Alto;134;1
0509601001;2022;55,881;44,272;38,337;56,823;49,159;Alto;134;1
0509601001;2023;55,922;43,673;38,337;58,769;49,663;Alto;134;1
0509701001;2021;59,102;37,612;55,749;50,296;52,231;Alto;135;1
0509701001;2022;59,104;37,203;53,881;52,171;52,172;Alto;135;1
0509701001;2023;59,106;37,203;49,769;52,750;51,113;Alto;135;1
0509901001;2021;58,212;34,245;45,764;48,042;47,832;Medio-alto;136;1
0509901001;2022;58,215;34,245;42,886;48,370;47,067;Medio-alto;136;1
0509901001;2023;58,217;34,245;42,453;49,460;47,265;Medio-alto;136;1
0510001001;2021;50,513;41,462;46,536;53,180;48,763;Alto;137;1
0510001001;2022;50,519;41,462;43,310;54,031;48,052;Alto;137;1
0510001001;2023;50,522;41,462;41,711;54,511;47,716;Medio-alto;137;1
0510101001;2021;59,278;41,270;41,626;55,576;50,171;Alto;138;1
0510101001;2022;59,279;40,835;37,336;56,495;49,094;Alto;138;1
0510101001;2023;59,261;40,835;34,556;56,840;48,359;Alto;138;1
0510201001;2021;56,166;48,039;55,016;39,956;49,739;Alto;139;1
0510201001;2022;56,166;48,039;53,871;40,261;49,487;Alto;139;1
0510201001;2023;56,166;48,039;51,097;39,887;48,542;Alto;139;1
0510201002;2021;51,412;57,009;54,692;39,948;49,796;Alto;140;1
0510201002;2022;51,412;57,009;53,996;39,917;49,578;Alto;140;1
0510201002;2023;51,412;56,524;50,161;41,133;48,720;Alto;140;1
0510301001;2021;59,527;35,380;38,337;63,201;50,651;Alto;141;1
0510301001;2022;59,550;35,380;38,337;61,473;50,138;Alto;141;1
0510301001;2023;59,527;35,380;38,337;63,361;50,698;Alto;141;1
0510401001;2021;57,118;37,713;38,337;51,217;46,803;Medio-alto;142;1
0510401001;2022;57,189;37,215;38,337;53,535;47,441;Medio-alto;142;1
0510401001;2023;57,229;38,212;38,337;47,383;45,755;Medio-alto;142;1
0510501001;2021;52,622;36,393;39,624;45,331;44,101;Medio-alto;143;1
0510501001;2022;52,623;36,037;36,127;46,985;43,495;Medio-bajo;143;1
0510501001;2023;52,627;36,393;33,428;46,639;42,636;Medio-bajo;143;1
0510601001;2021;54,566;43,860;38,337;62,962;50,610;Alto;144;1
0510601001;2022;54,665;42,366;38,337;67,230;51,691;Alto;144;1
0510601001;2023;54,566;42,864;38,337;65,286;51,158;Alto;144;1
0510701001;2021;60,347;37,228;38,337;59,904;50,144;Alto;145;1
0510701001;2022;60,347;37,228;38,337;57,994;49,571;Alto;145;1
0510701001;2023;60,375;37,228;38,337;61,190;50,536;Alto;145;1
0510801001;2021;55,940;38,869;38,337;60,503;49,467;Alto;146;1
0510801001;2022;55,967;39,797;38,337;57,491;48,710;Alto;146;1
0510801001;2023;55,904;39,797;38,337;54,280;47,731;Medio-alto;146;1
0510901001;2021;63,037;35,383;45,101;39,029;46,306;Medio-alto;147;1
0510901001;2022;63,039;35,383;42,239;39,625;45,626;Medio-alto;147;1
0510901001;2023;63,041;35,383;39,543;39,978;44,924;Medio-alto;147;1
0511001001;2021;49,134;48,861;53,166;45,136;49,103;Alto;148;1
0511001001;2022;49,133;48,861;50,411;44,965;48,225;Alto;148;1
0511001001;2023;49,135;48,861;49,860;45,250;48,146;Alto;148;1
0511201001;2021;53,882;33,139;39,910;55,166;46,964;Medio-alto;149;1
0511201001;2022;53,897;34,070;36,873;49,409;44,470;Medio-alto;149;1
0511201001;2023;53,869;33,139;32,947;54,980;44,816;Medio-alto;149;1
0511301001;2021;56,502;36,850;38,337;66,022;50,961;Alto;150;1
0511301001;2022;56,468;36,850;38,337;66,127;50,984;Alto;150;1
0511301001;2023;56,445;36,373;38,337;66,769;51,099;Alto;150;1
0511401001;2021;51,112;34,460;50,165;41,947;45,581;Medio-alto;151;1
0511401001;2022;51,113;34,101;47,523;43,484;45,196;Medio-alto;151;1
0511401001;2023;51,116;33,743;45,326;45,390;45,055;Medio-alto;151;1
0511402001;2021;52,562;36,161;48,458;43,720;46,218;Medio-alto;152;1
0511402001;2022;52,565;36,570;46,165;43,019;45,382;Medio-alto;152;1
0511402001;2023;52,564;36,161;44,683;43,804;45,111;Medio-alto;152;1
0511501001;2021;53,038;65,428;42,728;48,884;50,557;Alto;153;1
0511501001;2022;53,034;65,967;41,349;47,075;49,681;Alto;153;1
0511501001;2023;53,031;65,428;40,119;48,015;49,512;Alto;153;1
0511601001;2021;60,674;36,167;38,337;67,180;52,249;Alto;154;1
0511601001;2022;60,657;36,167;38,337;65,430;51,720;Alto;154;1
0511601001;2023;60,661;36,555;38,337;63,819;51,295;Alto;154;1
0511701001;2021;60,909;24,623;42,200;45,724;45,298;Medio-alto;155;1
0511701001;2022;60,913;24,623;40,485;45,310;44,660;Medio-alto;155;1
0511701001;2023;60,914;24,623;40,561;45,509;44,743;Medio-alto;155;1
0511801001;2021;66,120;26,213;38,337;55,859;48,721;Alto;156;1
0511801001;2022;66,134;26,213;38,337;55,033;48,477;Alto;156;1
0511801001;2023;66,127;26,213;38,337;54,733;48,385;Alto;156;1
0511901001;2021;57,917;35,578;38,337;84,528;56,676;Alto;157;1
0511901001;2022;57,982;38,323;38,337;67,298;51,935;Alto;157;1
0511901001;2023;57,316;36,036;38,337;62,327;49,934;Alto;157;1
0512001001;2021;48,694;29,074;38,337;60,074;46,058;Medio-alto;158;1
0512001001;2022;48,874;28,549;38,337;59,252;45,778;Medio-alto;158;1
0512001001;2023;48,591;28,024;38,337;60,879;46,117;Medio-alto;158;1
0512101001;2021;41,735;28,292;38,578;37,281;37,435;Bajo;159;0
0512101001;2022;41,734;27,942;33,540;37,266;35,867;Bajo;159;0
0512101001;2023;41,727;27,942;33,797;38,034;36,172;Bajo;159;0
0512201001;2021;72,183;38,009;51,833;65,587;58,973;Alto;160;1
0512201001;2022;72,174;38,009;54,260;63,320;59,019;Alto;160;1
0512201001;2023;72,178;38,009;51,685;64,806;58,693;Alto;160;1
0512301001;2021;47,962;42,540;22,188;43,655;38,124;Bajo;161;0
0512301001;2022;47,980;42,540;28,643;44,961;40,457;Medio-bajo;161;0
0512301001;2023;47,966;42,540;24,963;45,204;39,423;Medio-bajo;161;0
0512401001;2021;58,712;36,958;38,337;64,216;50,988;Alto;162;1
0512401001;2022;58,737;36,592;38,337;67,267;51,854;Alto;162;1
0512401001;2023;58,775;36,226;38,337;67,436;51,860;Alto;162;1
0512501001;2021;60,000;38,961;38,337;42,618;45,131;Medio-alto;163;1
0512501001;2022;59,987;38,513;38,337;44,492;45,623;Medio-alto;163;1
0512501001;2023;60,022;38,961;38,337;45,004;45,852;Medio-alto;163;1
0512601001;2021;61,325;33,090;38,337;62,822;50,643;Alto;164;1
0512601001;2022;61,331;33,877;38,337;61,223;50,282;Alto;164;1
0512601001;2023;61,248;33,877;38,337;58,137;49,336;Alto;164;1
0512701001;2021;55,942;51,892;49,454;47,684;50,911;Alto;165;1
0512701001;2022;55,943;51,439;46,929;48,817;50,425;Alto;165;1
0512701001;2023;55,943;51,439;45,607;49,106;50,115;Alto;165;1
0512801001;2021;45,877;39,908;39,994;42,326;42,152;Medio-bajo;166;0
0512801001;2022;45,875;39,908;38,588;41,833;41,581;Medio-bajo;166;0
0512801001;2023;45,873;39,908;35,999;41,686;40,760;Medio-bajo;166;0
0512901001;2021;64,005;30,840;41,091;65,625;52,642;Alto;167;1
0512901001;2022;64,013;30,459;38,337;71,577;53,546;Alto;167;1
0512901001;2023;64,034;30,078;38,337;76,190;54,878;Alto;167;1
0513001001;2021;53,732;41,705;41,690;50,695;47,404;Medio-alto;168;1
0513001001;2022;53,716;41,182;42,352;52,851;48,167;Alto;168;1
0513001001;2023;53,723;41,182;40,077;53,352;47,637;Medio-alto;168;1
0513101001;2021;60,823;30,578;38,337;59,375;49,106;Alto;169;1
0513101001;2022;60,810;30,578;38,337;59,800;49,230;Alto;169;1
0513101001;2023;60,807;30,578;38,337;63,239;50,262;Alto;169;1
0513201001;2021;45,038;44,365;49,803;47,806;47,197;Medio-alto;170;1
0513201001;2022;45,038;44,365;45,010;48,032;45,827;Medio-alto;170;1
0513201001;2023;45,039;43,921;44,631;48,634;45,828;Medio-alto;170;1
0513301001;2021;49,255;31,465;38,337;60,045;46,548;Medio-alto;171;1
0513301001;2022;49,255;31,112;38,337;60,279;46,565;Medio-alto;171;1
0513301001;2023;49,290;31,112;38,337;60,867;46,751;Medio-alto;171;1
0513401001;2021;56,718;26,633;38,337;46,546;43,640;Medio-bajo;172;1
0513401001;2022;56,685;26,990;38,337;47,073;43,843;Medio-alto;172;1
0513401001;2023;56,718;26,990;38,337;47,999;44,129;Medio-alto;172;1
0513501001;2021;47,500;42,847;41,085;45,670;44,329;Medio-alto;173;1
0513501001;2022;47,481;42,847;39,047;43,687;43,118;Medio-bajo;173;1
0513501001;2023;47,474;44,313;37,194;39,654;41,570;Medio-bajo;173;0
0513601001;2021;54,116;30,420;38,337;54,894;46,061;Medio-alto;174;1
0513601001;2022;54,125;30,420;38,337;54,704;46,007;Medio-alto;174;1
0513601001;2023;54,134;30,420;38,337;54,267;45,878;Medio-alto;174;1
0513801001;2021;51,337;40,518;37,843;43,488;43,311;Medio-bajo;175;1
0513801001;2022;51,342;40,149;35,370;44,189;42,725;Medio-bajo;175;1
0513801001;2023;51,346;40,149;35,650;43,897;42,723;Medio-bajo;175;1
0513901001;2021;53,111;26,863;38,337;49,556;43,675;Medio-bajo;176;1
0513901001;2022;53,103;26,590;38,337;51,253;44,141;Medio-alto;176;1
0513901001;2023;53,120;26,863;38,337;53,004;44,712;Medio-alto;176;1
0514001001;2021;55,081;25,753;44,631;46,054;44,839;Medio-alto;177;1
0514001001;2022;55,078;25,753;40,662;45,127;43,369;Medio-bajo;177;1
0514001001;2023;55,067;26,001;37,500;43,001;41,817;Medio-bajo;177;0
0514101001;2021;45,534;40,071;38,337;48,693;43,503;Medio-bajo;178;1
0514101001;2022;45,544;40,071;44,252;46,583;44,647;Medio-alto;178;1
0514101001;2023;45,524;40,071;37,381;46,216;42,471;Medio-bajo;178;1
0514201001;2021;61,494;28,141;38,337;65,165;50,645;Alto;179;1
0514201001;2022;61,501;27,857;38,337;58,795;48,694;Alto;179;1
0514201001;2023;61,505;28,141;38,337;58,233;48,569;Alto;179;1
0514301001;2021;55,765;43,194;38,337;58,310;49,415;Alto;180;1
0514301001;2022;55,839;43,194;38,337;63,307;50,932;Alto;180;1
0514301001;2023;55,865;43,194;38,337;63,282;50,931;Alto;180;1
0514401001;2021;66,742;32,536;38,337;57,739;50,389;Alto;181;1
0514401001;2022;66,773;32,536;38,337;57,825;50,422;Alto;181;1
0514401001;2023;66,777;31,659;38,337;59,130;50,683;Alto;181;1
0514501001;2021;53,373;26,054;38,337;64,927;48,231;Alto;182;1
0514501001;2022;53,320;25,542;38,337;68,666;49,262;Alto;182;1
0514501001;2023;53,401;26,054;38,337;69,051;49,475;Alto;182;1
0514701001;2021;62,113;30,772;40,401;46,115;46,099;Medio-alto;183;1
0514701001;2022;62,122;30,105;38,097;50,259;46,553;Medio-alto;183;1
0514701001;2023;62,130;30,438;35,789;46,996;44,934;Medio-alto;183;1
0514801001;2021;55,064;41,901;38,337;55,765;48,282;Alto;184;1
0514801001;2022;54,796;41,347;38,337;58,831;49,052;Alto;184;1
0514801001;2023;54,895;40,239;38,337;60,058;49,278;Alto;184;1
0514901001;2021;56,222;27,690;40,308;61,361;48,710;Alto;185;1
0514901001;2022;56,219;28,007;43,812;58,624;48,986;Alto;185;1
0514901001;2023;56,198;28,007;38,795;59,000;47,589;Medio-alto;185;1
0515101001;2021;65,802;35,762;38,337;52,079;48,940;Alto;186;1
0515101001;2022;65,802;35,762;38,337;51,451;48,751;Alto;186;1
0515101001;2023;65,796;35,762;38,337;49,569;48,185;Alto;186;1
0515201001;2021;58,356;34,859;39,397;42,730;44,456;Medio-alto;187;1
0515201001;2022;58,357;34,859;36,358;42,358;43,433;Medio-bajo;187;1
0515201001;2023;58,358;34,605;32,298;44,017;42,675;Medio-bajo;187;1
0515301001;2021;61,994;39,887;38,337;63,668;52,083;Alto;188;1
0515301001;2022;61,970;39,887;38,337;63,465;52,016;Alto;188;1
0515301001;2023;61,976;38,925;38,337;66,877;52,897;Alto;188;1
0515401001;2021;57,183;30,174;38,337;44,931;43,803;Medio-alto;189;1
0515401001;2022;57,110;30,174;38,337;43,344;43,308;Medio-bajo;189;1
0515401001;2023;57,067;28,080;38,337;54,683;46,385;Medio-alto;189;1
0515501001;2021;59,575;33,177;38,337;50,084;46,397;Medio-alto;190;1
0515501001;2022;59,584;33,177;38,337;47,018;45,479;Medio-alto;190;1
0515501001;2023;59,521;32,760;38,337;47,386;45,511;Medio-alto;190;1
0515601001;2021;60,554;56,071;42,662;42,191;49,005;Alto;191;1
0515601001;2022;60,552;55,555;39,960;44,150;48,704;Alto;191;1
0515601001;2023;60,554;55,555;38,755;44,663;48,497;Alto;191;1
0515701001;2021;63,149;49,145;35,941;57,464;51,180;Alto;192;1
0515701001;2022;63,152;49,145;33,993;57,994;50,756;Alto;192;1
0515701001;2023;63,151;49,145;31,841;61,468;51,152;Alto;192;1
0515801001;2021;50,842;43,966;46,067;56,595;50,104;Alto;193;1
0515801001;2022;50,840;43,966;44,121;55,659;49,239;Alto;193;1
0515801001;2023;50,838;44,426;42,114;54,907;48,480;Alto;193;1
0515901001;2021;65,897;38,748;53,443;68,896;58,988;Alto;194;1
0515901001;2022;65,899;38,748;52,513;67,452;58,276;Alto;194;1
0515901001;2023;65,905;38,748;50,352;66,315;57,289;Alto;194;1
0516001001;2021;58,651;27,993;42,371;56,123;48,410;Alto;195;1
0516001001;2022;58,653;27,993;40,519;55,606;47,700;Medio-alto;195;1
0516001001;2023;58,651;27,993;37,595;54,557;46,507;Medio-alto;195;1
0516101001;2021;52,595;58,402;51,254;41,460;49,723;Alto;196;1
0516101001;2022;52,595;58,933;49,627;39,461;48,715;Alto;196;1
0516101001;2023;52,594;58,933;48,734;39,306;48,400;Alto;196;1
0516201001;2021;63,126;37,044;38,337;58,523;50,396;Alto;197;1
0516201001;2022;63,149;37,044;38,337;58,028;50,253;Alto;197;1
0516201001;2023;63,141;37,044;38,337;58,777;50,476;Alto;197;1
0516301001;2021;51,414;57,807;49,096;50,357;51,360;Alto;198;1
0516301001;2022;51,414;57,807;46,068;50,495;50,493;Alto;198;1
0516301001;2023;51,413;57,807;45,267;50,209;50,167;Alto;198;1
0516301002;2021;51,543;60,250;49,406;44,715;50,160;Alto;199;1
0516301002;2022;51,543;60,250;47,824;44,179;49,524;Alto;199;1
0516301002;2023;51,542;60,250;45,100;44,526;48,811;Alto;199;1
0516401001;2021;61,033;44,156;38,337;49,393;48,201;Alto;200;1
0516401001;2022;60,910;43,664;38,337;55,072;49,800;Alto;200;1
0516401001;2023;60,390;44,156;38,337;59,179;50,976;Alto;200;1
0516501001;2021;47,375;39,208;39,448;47,081;43,684;Medio-bajo;201;1
0516501001;2022;47,368;39,208;34,534;46,030;41,892;Medio-bajo;201;0
0516501001;2023;47,367;39,208;33,051;46,380;41,552;Medio-bajo;201;0
0516601001;2021;52,522;41,525;52,243;56,137;51,873;Alto;202;1
0516601001;2022;52,558;42,016;45,438;51,962;48,662;Alto;202;1
0516601001;2023;52,517;42,016;36,527;52,908;46,262;Medio-alto;202;1
0516701001;2021;55,688;42,739;40,963;51,764;48,151;Alto;203;1
0516701001;2022;55,681;43,168;38,412;49,277;46,702;Medio-alto;203;1
0516701001;2023;55,675;43,168;35,091;50,445;46,055;Medio-alto;203;1
0516801001;2021;50,562;46,761;52,615;39,241;47,212;Medio-alto;204;1
0516801001;2022;50,564;46,761;48,101;37,734;45,406;Medio-alto;204;1
0516801001;2023;50,561;47,287;49,427;36,178;45,415;Medio-alto;204;1
0516801002;2021;48,672;56,395;51,794;35,840;46,917;Medio-alto;205;1
0516801002;2022;48,672;56,999;48,130;34,122;45,394;Medio-alto;205;1
0516801002;2023;48,672;56,999;49,614;33,991;45,799;Medio-alto;205;1
0516802001;2021;49,336;54,450;45,101;33,730;44,151;Medio-alto;206;1
0516802001;2022;49,335;54,857;42,016;32,548;42,932;Medio-bajo;206;1
0516802001;2023;49,335;54,857;40,577;32,146;42,379;Medio-bajo;206;1
0516802002;2021;52,380;51,569;49,942;35,795;46,551;Medio-alto;207;1
0516802002;2022;52,379;51,569;46,584;35,882;45,570;Medio-alto;207;1
0516802002;2023;52,379;51,134;45,627;36,650;45,448;Medio-alto;207;1
0516901001;2021;54,386;41,526;47,234;56,813;51,040;Alto;208;1
0516901001;2022;54,389;41,526;44,430;56,872;50,217;Alto;208;1
0516901001;2023;54,390;41,526;46,969;57,609;51,200;Alto;208;1
0517001001;2021;54,957;31,332;38,337;61,050;48,255;Alto;209;1
0517001001;2022;54,924;30,375;38,337;66,100;49,618;Alto;209;1
0517001001;2023;54,957;30,375;38,337;69,380;50,611;Alto;209;1
0517101001;2021;54,599;38,678;38,337;71,595;52,431;Alto;210;1
0517101001;2022;54,599;39,146;38,337;64,526;50,381;Alto;210;1
0517101001;2023;54,617;39,146;38,337;62,138;49,669;Alto;210;1
0517201001;2021;51,293;43,201;46,324;35,772;43,933;Medio-alto;211;1
0517201001;2022;51,309;43,201;42,697;34,952;42,602;Medio-bajo;211;1
0517201001;2023;51,296;42,836;39,073;36,682;41,976;Medio-bajo;211;0
0517301001;2021;51,924;38,599;38,337;54,744;46,695;Medio-alto;212;1
0517301001;2022;51,915;39,582;38,337;51,437;45,848;Medio-alto;212;1
0517301001;2023;51,869;39,582;38,337;49,966;45,396;Medio-alto;212;1
0517401001;2021;57,610;24,235;38,337;44,057;42,756;Medio-bajo;213;1
0517401001;2022;57,561;23,801;38,337;46,562;43,430;Medio-bajo;213;1
0517401001;2023;57,610;24,235;38,337;45,004;43,040;Medio-bajo;213;1
0517501001;2021;56,507;33,354;45,192;49,555;47,554;Medio-alto;214;1
0517501001;2022;56,517;33,029;36,338;53,022;45,891;Medio-alto;214;1
0517501001;2023;56,537;32,705;33,186;55,600;45,676;Medio-alto;214;1
0517601001;2021;51,584;39,292;38,028;48,242;44,671;Medio-alto;215;1
0517601001;2022;51,576;39,739;35,902;47,241;43,797;Medio-alto;215;1
0517601001;2023;51,582;39,739;35,149;46,598;43,380;Medio-bajo;215;1
0517701001;2021;56,522;31,735;38,356;49,381;45,212;Medio-alto;216;1
0517701001;2022;56,526;31,735;35,554;45,581;43,232;Medio-bajo;216;1
0517701001;2023;56,526;31,735;31,599;47,010;42,475;Medio-bajo;216;1
0517801001;2021;55,141;24,655;38,961;43,407;42,194;Medio-bajo;217;0
0517801001;2022;55,141;24,655;37,764;43,628;41,901;Medio-bajo;217;0
0517801001;2023;55,135;24,406;36,559;44,373;41,724;Medio-bajo;217;0
0517901001;2021;56,112;32,420;42,250;49,865;46,525;Medio-alto;218;1
0517901001;2022;56,107;32,420;38,287;49,599;45,256;Medio-alto;218;1
0517901001;2023;56,114;32,073;36,718;51,996;45,453;Medio-alto;218;1
0518001001;2021;56,666;26,556;38,337;61,366;48,061;Alto;219;1
0518001001;2022;56,691;25,963;38,337;64,435;48,899;Alto;219;1
0518001001;2023;56,719;25,963;38,337;59,242;47,348;Medio-alto;219;1
0518101001;2021;76,016;31,249;38,337;66,854;55,249;Alto;220;1
0518101001;2022;75,986;31,618;38,337;65,435;54,871;Alto;220;1
0518101001;2023;76,028;31,249;38,337;66,833;55,245;Alto;220;1
0518201001;2021;53,444;48,312;53,281;54,014;52,796;Alto;221;1
0518201001;2022;53,445;48,312;50,238;54,012;51,883;Alto;221;1
0518201001;2023;53,445;48,312;48,263;53,654;51,183;Alto;221;1
0518301001;2021;62,756;31,743;43,446;51,902;49,055;Alto;222;1
0518301001;2022;62,753;31,743;43,592;50,783;48,763;Alto;222;1
0518301001;2023;62,760;31,379;41,471;54,566;49,208;Alto;222;1
0518401001;2021;57,786;46,327;41,799;53,352;49,941;Alto;223;1
0518401001;2022;57,783;46,850;36,499;50,403;47,544;Medio-alto;223;1
0518401001;2023;57,777;46,327;37,338;50,278;47,678;Medio-alto;223;1
0518501001;2021;51,534;36,914;45,165;49,071;46,692;Medio-alto;224;1
0518501001;2022;51,553;36,536;45,742;49,899;47,061;Medio-alto;224;1
0518501001;2023;51,566;36,159;44,683;51,430;47,149;Medio-alto;224;1
0518601001;2021;54,847;53,801;41,577;44,851;47,710;Medio-alto;225;1
0518601001;2022;54,848;53,801;38,473;44,211;46,587;Medio-alto;225;1
0518601001;2023;54,848;53,316;35,447;44,979;45,837;Medio-alto;225;1
0518701001;2021;55,852;52,051;50,114;42,271;49,486;Alto;226;1
0518701001;2022;55,852;52,051;48,007;42,261;48,851;Alto;226;1
0518701001;2023;55,852;51,537;44,817;43,495;48,187;Alto;226;1
0518702001;2021;56,257;49,974;50,659;45,471;50,399;Alto;227;1
0518702001;2022;56,257;49,974;48,153;45,534;49,667;Alto;227;1
0518702001;2023;56,257;49,974;46,002;45,318;48,956;Alto;227;1
0518801001;2021;57,792;44,560;38,337;58,116;50,068;Alto;228;1
0518801001;2022;57,730;43,447;38,337;57,443;49,684;Alto;228;1
0518801001;2023;57,855;44,004;38,337;56,493;49,514;Alto;228;1
0518901001;2021;54,119;41,511;58,228;52,734;53,045;Alto;229;1
0518901001;2022;54,111;41,511;54,441;50,428;51,215;Alto;229;1
0518901001;2023;54,107;41,511;50,274;50,273;49,917;Alto;229;1
0519001001;2021;53,905;29,359;38,337;55,622;46,068;Medio-alto;230;1
0519001001;2022;53,893;30,288;38,337;50,989;44,814;Medio-alto;230;1
0519001001;2023;53,792;30,288;38,337;48,655;44,089;Medio-alto;230;1
0519101001;2021;58,706;45,326;46,108;52,397;51,027;Alto;231;1
0519101001;2022;58,701;44,788;44,358;53,756;50,828;Alto;231;1
0519101001;2023;58,713;44,788;38,941;54,622;49,466;Alto;231;1
0519201001;2021;63,216;36,079;40,903;53,780;49,621;Alto;232;1
0519201001;2022;63,218;35,565;42,222;55,896;50,575;Alto;232;1
0519201001;2023;63,232;35,565;38,337;57,045;49,757;Alto;232;1
0519301001;2021;60,894;26,062;47,746;63,447;52,491;Alto;233;1
0519301001;2022;60,902;26,062;47,244;63,088;52,234;Alto;233;1
0519301001;2023;60,904;26,062;47,294;61,945;51,907;Alto;233;1
0519401001;2021;54,225;30,260;41,640;51,180;45,941;Medio-alto;234;1
0519401001;2022;54,219;29,967;38,789;51,751;45,212;Medio-alto;234;1
0519401001;2023;54,225;29,674;33,946;54,366;44,501;Medio-alto;234;1
0519501001;2021;49,240;41,160;44,056;66,515;51,655;Alto;235;1
0519501001;2022;49,236;41,705;42,706;59,948;49,361;Alto;235;1
0519501001;2023;49,234;41,705;39,120;60,647;48,494;Alto;235;1
0519601001;2021;58,031;22,044;38,337;44,390;42,633;Medio-bajo;236;1
0519601001;2022;58,101;22,672;38,337;44,144;42,670;Medio-bajo;236;1
0519601001;2023;58,060;21,731;38,337;47,035;43,386;Medio-bajo;236;1
0519701001;2021;45,293;28,588;38,499;44,102;40,392;Medio-bajo;237;0
0519701001;2022;45,313;28,588;34,613;43,724;39,118;Medio-bajo;237;0
0519701001;2023;45,309;27,407;34,902;47,649;40,203;Medio-bajo;237;0
0519801001;2021;64,315;21,100;38,337;54,591;47,122;Medio-alto;238;1
0519801001;2022;64,239;20,770;38,337;55,451;47,312;Medio-alto;238;1
0519801001;2023;64,251;20,440;38,337;57,709;47,943;Alto;238;1
0519901001;2021;52,236;36,841;38,337;53,153;46,032;Medio-alto;239;1
0519901001;2022;52,167;37,661;38,337;45,275;43,775;Medio-alto;239;1
0519901001;2023;52,070;38,070;38,337;43,086;43,155;Medio-bajo;239;1
0520001001;2021;58,737;29,980;38,337;58,815;48,327;Alto;240;1
0520001001;2022;58,756;29,564;38,337;61,010;48,928;Alto;240;1
0520001001;2023;58,798;30,395;38,337;60,765;48,990;Alto;240;1
0520101001;2021;51,790;43,440;46,945;52,092;49,174;Alto;241;1
0520101001;2022;51,791;43,440;44,966;52,904;48,825;Alto;241;1
0520101001;2023;51,793;43,440;43,285;53,293;48,437;Alto;241;1
0520401001;2021;52,932;46,296;44,467;40,382;45,632;Medio-alto;242;1
0520401001;2022;52,933;46,296;42,889;40,379;45,158;Medio-alto;242;1
0520401001;2023;52,933;45,841;41,193;41,848;45,022;Medio-alto;242;1
0520501001;2021;53,867;23,514;38,337;52,767;44,325;Medio-alto;243;1
0520501001;2022;53,867;23,514;38,337;53,528;44,554;Medio-alto;243;1
0520501001;2023;53,874;23,514;38,337;57,984;45,892;Medio-alto;243;1
0520601001;2021;46,255;35,869;38,337;59,570;46,316;Medio-alto;244;1
0520601001;2022;46,485;35,869;38,337;61,265;46,882;Medio-alto;244;1
0520601001;2023;46,617;35,869;38,337;62,071;47,157;Medio-alto;244;1
0520701001;2021;53,219;45,529;52,919;49,576;50,883;Alto;245;1
0520701001;2022;53,217;45,529;49,063;49,733;49,773;Alto;245;1
0520701001;2023;53,218;45,529;47,355;49,974;49,333;Alto;245;1
0520801001;2021;60,356;25,392;38,337;53,859;46,557;Medio-alto;246;1
0520801001;2022;60,451;25,102;38,337;57,744;47,702;Medio-alto;246;1
0520801001;2023;60,472;25,102;38,337;60,683;48,590;Alto;246;1
0520901001;2021;64,196;35,054;38,337;65,877;52,571;Alto;247;1
0520901001;2022;64,221;35,054;38,337;64,935;52,295;Alto;247;1
0520901001;2023;64,205;34,693;38,337;60,868;51,017;Alto;247;1
0521001001;2021;52,151;24,609;38,337;67,024;48,338;Alto;248;1
0521001001;2022;52,177;24,609;38,337;65,978;48,030;Alto;248;1
0521001001;2023;52,225;24,609;38,337;65,192;47,806;Medio-alto;248;1
0521101001;2021;52,785;41,418;54,009;47,687;49,918;Alto;249;1
0521101001;2022;52,789;41,418;49,092;47,215;48,302;Alto;249;1
0521101001;2023;52,791;41,418;46,197;47,621;47,556;Medio-alto;249;1
0521201001;2021;54,323;43,296;52,091;59,302;53,493;Alto;250;1
0521201001;2022;54,328;43,296;48,672;58,968;52,369;Alto;250;1
0521201001;2023;54,300;43,296;47,884;58,605;52,016;Alto;250;1
0521301001;2021;55,431;39,737;38,337;59,505;49,171;Alto;251;1
0521301001;2022;55,420;39,335;38,337;64,060;50,475;Alto;251;1
0521301001;2023;55,443;39,737;38,337;55,527;47,980;Alto;251;1
0521401001;2021;53,805;32,927;38,337;63,730;49,011;Alto;252;1
0521401001;2022;53,834;32,927;38,337;63,000;48,799;Alto;252;1
0521401001;2023;53,834;32,422;38,337;66,159;49,671;Alto;252;1
0521501001;2021;59,345;38,664;40,687;52,859;48,700;Alto;253;1
0521501001;2022;59,346;38,664;37,513;52,332;47,589;Medio-alto;253;1
0521501001;2023;59,345;38,235;37,566;54,500;48,191;Alto;253;1
0521601001;2021;52,500;41,594;44,841;47,343;47,019;Medio-alto;254;1
0521601001;2022;52,485;42,051;41,633;45,399;45,538;Medio-alto;254;1
0521601001;2023;52,477;41,594;38,823;46,444;44,938;Medio-alto;254;1
0521701001;2021;59,921;35,497;38,337;57,122;48,943;Alto;255;1
0521701001;2022;59,908;36,706;38,337;52,187;47,640;Medio-alto;255;1
0521701001;2023;59,828;35,900;38,337;48,905;46,515;Medio-alto;255;1
0521801001;2021;75,904;31,407;57,672;56,017;57,794;Alto;256;1
0521801001;2022;75,908;31,059;55,448;56,569;57,241;Alto;256;1
0521801001;2023;75,913;31,059;50,175;57,234;55,860;Alto;256;1
0521901001;2021;59,914;23,764;38,337;39,526;41,902;Medio-bajo;257;0
0521901001;2022;59,914;23,249;38,337;40,774;42,199;Medio-bajo;257;0
0521901001;2023;59,901;22,733;38,337;42,579;42,660;Medio-bajo;257;1
0522001001;2021;48,503;39,021;41,492;41,892;42,994;Medio-bajo;258;1
0522001001;2022;48,494;39,021;42,530;40,751;42,961;Medio-bajo;258;1
0522001001;2023;48,481;39,021;39,064;40,331;41,792;Medio-bajo;258;0
0522101001;2021;45,997;46,678;57,610;52,541;51,546;Alto;259;1
0522101001;2022;45,993;47,149;54,760;50,681;50,203;Alto;259;1
0522101001;2023;45,998;46,678;52,045;52,823;49,962;Alto;259;1
0522201001;2021;52,351;42,235;45,938;53,937;49,386;Alto;260;1
0522201001;2022;52,318;43,151;47,037;50,424;48,790;Alto;260;1
0522201001;2023;52,287;42,693;45,957;50,540;48,425;Alto;260;1
0522401001;2021;50,669;33,954;34,908;51,718;43,748;Medio-alto;261;1
0522401001;2022;50,652;33,508;35,436;53,439;44,352;Medio-alto;261;1
0522401001;2023;50,685;33,508;30,237;56,344;43,671;Medio-bajo;261;1
0522501001;2021;60,216;35,850;43,198;48,455;47,927;Alto;262;1
0522501001;2022;60,215;35,471;40,376;49,156;47,234;Medio-alto;262;1
0522501001;2023;60,216;35,471;37,126;49,223;46,279;Medio-alto;262;1
0522601001;2021;57,838;35,328;38,337;59,728;49,178;Alto;263;1
0522601001;2022;57,872;36,881;38,337;51,926;47,079;Medio-alto;263;1
0522601001;2023;57,832;36,363;38,337;49,294;46,202;Medio-alto;263;1
0522701001;2021;56,729;56,150;50,842;43,369;50,868;Alto;264;1
0522701001;2022;56,727;56,150;47,227;42,758;49,599;Alto;264;1
0522701001;2023;56,723;56,647;47,566;40,312;49,041;Alto;264;1
0522801001;2021;58,586;40,511;50,387;63,054;54,755;Alto;265;1
0522801001;2022;58,587;40,511;47,015;60,571;52,999;Alto;265;1
0522801001;2023;58,588;40,060;46,359;61,040;52,876;Alto;265;1
0522901001;2021;53,414;28,606;38,337;55,355;45,752;Medio-alto;266;1
0522901001;2022;53,409;28,606;38,337;57,755;46,471;Medio-alto;266;1
0522901001;2023;53,423;28,606;38,337;57,540;46,410;Medio-alto;266;1
0523001001;2021;51,194;27,577;38,337;53,328;44,434;Medio-alto;267;1
0523001001;2022;51,157;27,311;38,337;53,896;44,556;Medio-alto;267;1
0523001001;2023;51,175;27,045;38,337;53,613;44,436;Medio-alto;267;1
0523101001;2021;62,802;25,717;39,673;45,844;45,213;Medio-alto;268;1
0523101001;2022;62,805;25,717;39,019;46,560;45,232;Medio-alto;268;1
0523101001;2023;62,808;25,415;37,815;48,555;45,425;Medio-alto;268;1
0523201001;2021;42,097;40,824;40,834;51,884;44,463;Medio-alto;269;1
0523201001;2022;42,116;40,824;39,909;49,921;43,602;Medio-bajo;269;1
0523201001;2023;42,080;40,824;40,134;48,554;43,250;Medio-bajo;269;1
0523301001;2021;58,171;50,561;42,909;48,937;49,681;Alto;270;1
0523301001;2022;58,170;50,561;44,939;46,319;49,504;Alto;270;1
0523301001;2023;58,155;50,065;45,013;47,697;49,861;Alto;270;1
0523401001;2021;53,208;25,579;38,337;56,742;45,663;Medio-alto;271;1
0523401001;2022;53,208;25,845;38,337;56,932;45,759;Medio-alto;271;1
0523401001;2023;53,208;25,579;38,337;61,255;47,017;Medio-alto;271;1
0523501001;2021;60,127;18,917;38,686;52,186;45,131;Medio-alto;272;1
0523501001;2022;60,115;18,657;38,219;52,799;45,133;Medio-alto;272;1
0523501001;2023;60,137;18,657;37,260;53,681;45,115;Medio-alto;272;1
0523601001;2021;57,648;40,089;51,137;54,487;52,113;Alto;273;1
0523601001;2022;57,654;39,565;45,935;57,381;51,343;Alto;273;1
0523601001;2023;57,670;39,041;45,046;59,697;51,696;Alto;273;1
0523701001;2021;55,288;35,031;39,827;54,070;47,246;Medio-alto;274;1
0523701001;2022;55,281;35,407;41,030;52,413;47,164;Medio-alto;274;1
0523701001;2023;55,290;35,031;38,045;53,143;46,434;Medio-alto;274;1
0523801001;2021;53,899;47,442;44,763;47,257;48,197;Alto;275;1
0523801001;2022;53,900;47,442;43,489;47,570;47,909;Alto;275;1
0523801001;2023;53,901;46,939;40,532;48,737;47,297;Medio-alto;275;1
0523901001;2021;57,561;38,544;39,199;46,986;46,027;Medio-alto;276;1
0523901001;2022;57,558;38,544;36,593;46,370;45,060;Medio-alto;276;1
0523901001;2023;57,554;38,544;34,751;44,915;44,070;Medio-alto;276;1
0524001001;2021;52,671;63,508;52,723;38,643;50,104;Alto;277;1
0524001001;2022;52,671;63,508;49,208;38,367;48,966;Alto;277;1
0524001001;2023;52,670;63,508;48,552;37,692;48,567;Alto;277;1
0524002001;2021;56,407;65,892;52,694;36,142;50,636;Alto;278;1
0524002001;2022;56,407;65,892;49,517;36,320;49,736;Alto;278;1
0524002001;2023;56,406;65,892;47,389;35,555;48,869;Alto;278;1
0524101001;2021;54,448;62,737;49,981;41,326;50,414;Alto;279;1
0524101001;2022;54,448;62,737;48,051;41,389;49,854;Alto;279;1
0524101001;2023;54,448;62,737;47,675;41,224;49,692;Alto;279;1
0524101002;2021;51,405;66,037;53,037;35,496;49,317;Alto;280;1
0524101002;2022;51,405;65,516;50,220;36,311;48,638;Alto;280;1
0524101002;2023;51,404;65,516;48,986;36,381;48,289;Alto;280;1
0524201001;2021;58,651;43,644;43,734;34,857;44,787;Medio-alto;281;1
0524201001;2022;58,651;43,324;40,660;36,120;44,195;Medio-alto;281;1
0524201001;2023;58,651;43,324;37,926;36,431;43,469;Medio-bajo;281;1
0524301001;2021;49,901;36,033;38,337;51,572;44,853;Medio-alto;282;1
0524301001;2022;49,856;36,033;38,337;52,004;44,971;Medio-alto;282;1
0524301001;2023;49,863;35,528;38,337;53,220;45,262;Medio-alto;282;1
0524401001;2021;57,986;36,600;38,337;73,206;53,450;Alto;283;1
0524401001;2022;57,986;36,600;38,337;72,528;53,246;Alto;283;1
0524401001;2023;58,002;36,600;38,337;78,550;55,057;Alto;283;1
0524501001;2021;42,288;43,179;38,346;38,654;40,149;Medio-bajo;284;0
0524501001;2022;42,283;43,179;35,118;38,394;39,101;Medio-bajo;284;0
0524501001;2023;42,282;43,619;32,406;36,599;37,815;Bajo;284;0
0524601001;2021;68,536;36,489;38,337;76,694;57,117;Alto;285;1
0524601001;2022;68,576;36,903;38,337;70,480;55,325;Alto;285;1
0524601001;2023;68,653;37,318;38,337;64,234;53,532;Alto;285;1
0524701001;2021;49,577;43,996;48,840;58,146;51,089;Alto;286;1
0524701001;2022;49,558;43,996;48,496;57,660;50,836;Alto;286;1
0524701001;2023;49,570;43,996;48,202;57,449;50,687;Alto;286;1
0524901001;2021;56,849;38,397;38,337;51,109;46,806;Medio-alto;287;1
0524901001;2022;56,854;38,397;40,282;51,279;47,441;Medio-alto;287;1
0524901001;2023;56,849;38,397;41,678;52,362;48,184;Alto;287;1
0525101001;2021;61,808;39,548;38,337;62,209;51,548;Alto;288;1
0525101001;2022;61,783;39,128;38,337;66,670;52,817;Alto;288;1
0525101001;2023;61,816;39,128;38,337;66,435;52,755;Alto;288;1
0525201001;2021;53,182;45,252;38,337;48,910;46,258;Medio-alto;289;1
0525201001;2022;53,167;44,770;38,337;51,290;46,896;Medio-alto;289;1
0525201001;2023;53,167;44,287;38,337;53,147;47,380;Medio-alto;289;1
0525301001;2021;56,087;29,394;38,337;45,438;43,564;Medio-bajo;290;1
0525301001;2022;56,076;29,746;38,337;43,629;43,071;Medio-bajo;290;1
0525301001;2023;56,070;30,098;38,337;41,036;42,344;Medio-bajo;290;1
0525401001;2021;53,975;27,131;48,816;43,525;45,266;Medio-alto;291;1
0525401001;2022;53,972;27,131;46,227;43,683;44,536;Medio-alto;291;1
0525401001;2023;53,976;27,131;43,497;42,981;43,507;Medio-bajo;291;1
0525601001;2021;51,495;30,751;37,731;61,754;47,332;Medio-alto;292;1
0525601001;2022;51,495;30,399;33,793;63,423;46,598;Medio-alto;292;1
0525601001;2023;51,495;30,399;38,337;64,482;48,280;Alto;292;1
0525701001;2021;65,294;36,823;39,236;52,238;49,289;Alto;293;1
0525701001;2022;65,293;36,823;35,020;53,677;48,456;Alto;293;1
0525701001;2023;65,303;36,395;34,868;55,168;48,795;Alto;293;1
0525801001;2021;57,642;28,016;46,186;59,106;50,201;Alto;294;1
0525801001;2022;57,642;28,693;41,101;54,296;47,334;Medio-alto;294;1
0525801001;2023;57,644;28,354;39,474;55,546;47,170;Medio-alto;294;1
0525901001;2021;62,537;17,091;42,692;43,052;43,921;Medio-alto;295;1
0525901001;2022;62,537;16,798;38,337;44,785;43,091;Medio-bajo;295;1
0525901001;2023;62,563;16,505;38,337;48,556;44,184;Medio-alto;295;1
0526001001;2021;68,216;37,451;38,251;52,729;49,966;Alto;296;1
0526001001;2022;68,216;37,079;34,496;54,931;49,444;Alto;296;1
0526001001;2023;68,226;36,707;31,999;56,911;49,236;Alto;296;1
0526101001;2021;60,695;23,633;38,337;61,230;48,589;Alto;297;1
0526101001;2022;60,636;23,633;38,337;58,657;47,802;Medio-alto;297;1
0526101001;2023;60,674;23,633;38,337;58,488;47,761;Medio-alto;297;1
0526201001;2021;56,034;44,312;44,801;50,259;49,173;Alto;298;1
0526201001;2022;56,037;44,312;44,711;50,701;49,280;Alto;298;1
0526201001;2023;56,035;43,861;41,823;52,154;48,781;Alto;298;1
0526301001;2021;61,096;37,306;43,102;55,944;50,584;Alto;299;1
0526301001;2022;61,103;37,754;37,894;54,301;48,597;Alto;299;1
0526301001;2023;61,104;37,306;38,613;55,955;49,242;Alto;299;1
0526401001;2021;54,338;21,270;38,337;52,395;43,995;Medio-alto;300;1
0526401001;2022;54,388;21,270;38,337;52,296;43,977;Medio-alto;300;1
0526401001;2023;54,371;21,017;38,337;55,298;44,836;Medio-alto;300;1
0526501001;2021;58,322;34,505;38,337;40,309;43,350;Medio-bajo;301;1
0526501001;2022;58,306;34,505;38,337;40,774;43,486;Medio-bajo;301;1
0526501001;2023;58,328;34,184;38,337;41,309;43,604;Medio-bajo;301;1
0526601001;2021;71,043;39,584;38,337;67,879;55,563;Alto;302;1
0526601001;2022;71,038;39,114;38,337;65,553;54,794;Alto;302;1
0526601001;2023;71,051;39,584;38,337;68,878;55,865;Alto;302;1
0526701001;2021;67,174;38,522;38,337;53,121;50,009;Alto;303;1
0526701001;2022;67,192;38,994;38,337;51,282;49,533;Alto;303;1
0526701001;2023;67,210;38,994;38,337;52,613;49,937;Alto;303;1
0590101001;2021;59,528;44,278;41,065;60,007;51,845;Alto;304;1
0590101001;2022;59,528;44,278;38,566;58,396;50,613;Alto;304;1
0590101001;2023;59,533;43,797;35,312;60,111;50,080;Alto;304;1
0590201001;2021;52,303;34,886;41,192;45,095;44,195;Medio-alto;305;1
0590201001;2022;52,305;35,248;34,632;44,681;42,157;Medio-bajo;305;0
0590201001;2023;52,302;34,886;30,958;44,604;40,977;Medio-bajo;305;0
0590301001;2021;75,100;35,549;53,940;66,706;60,301;Alto;306;1
0590301001;2022;75,101;35,954;53,195;65,342;59,729;Alto;306;1
0590301001;2023;75,113;35,954;51,366;64,924;59,058;Alto;306;1
0590401001;2021;64,012;43,098;45,190;56,155;52,871;Alto;307;1
0590401001;2022;64,007;43,098;45,310;56,859;53,117;Alto;307;1
0590401001;2023;64,014;43,098;42,671;56,473;52,212;Alto;307;1
0590501001;2021;52,399;45,429;40,205;68,209;52,438;Alto;308;1
0590501001;2022;52,374;44,983;38,242;69,905;52,285;Alto;308;1
0590501001;2023;52,391;44,983;38,277;65,642;51,021;Alto;308;1
0900101001;2021;62,735;25,471;38,337;56,547;47,970;Alto;309;1
0900101001;2022;62,735;25,048;38,337;57,709;48,255;Alto;309;1
0900101001;2023;62,751;26,318;38,337;52,045;46,750;Medio-alto;309;1
0900301001;2021;49,965;35,212;44,918;43,648;44,343;Medio-alto;310;1
0900301001;2022;49,963;34,862;42,035;44,692;43,738;Medio-alto;310;1
0900301001;2023;49,960;35,212;39,562;43,671;42,742;Medio-bajo;310;1
0900601001;2021;61,733;29,980;38,337;58,072;48,853;Alto;311;1
0900601001;2022;61,686;29,569;38,337;59,646;49,252;Alto;311;1
0900601001;2023;61,700;29,157;38,337;62,277;49,983;Alto;311;1
0900701001;2021;56,500;33,228;38,337;51,840;46,163;Medio-alto;312;1
0900701001;2022;56,513;33,529;38,337;47,469;44,899;Medio-alto;312;1
0900701001;2023;56,476;33,228;38,337;49,522;45,461;Medio-alto;312;1
0900901001;2021;39,094;37,770;29,068;35,337;34,760;Bajo;313;0
0900901001;2022;39,098;37,770;26,880;36,083;34,329;Bajo;313;0
0900901001;2023;39,094;37,449;22,479;38,082;33,559;Bajo;313;0
0901001001;2021;58,362;31,690;38,337;58,070;48,266;Alto;314;1
0901001001;2022;58,161;31,690;38,337;57,009;47,898;Alto;314;1
0901001001;2023;58,137;31,690;38,337;52,898;46,659;Medio-alto;314;1
0901101001;2021;66,908;20,032;38,337;56,179;48,087;Alto;315;1
0901101001;2022;66,898;19,804;38,337;62,426;49,924;Alto;315;1
0901101001;2023;66,930;19,804;38,337;58,424;48,732;Alto;315;1
0901201001;2021;77,589;6,905;39,865;48,780;47,026;Medio-alto;316;1
0901201001;2022;77,590;6,715;38,337;49,238;46,677;Medio-alto;316;1
0901201001;2023;77,597;6,715;38,600;49,334;46,787;Medio-alto;316;1
0901301001;2021;56,288;23,356;38,337;44,675;42,479;Medio-bajo;317;1
0901301001;2022;56,288;23,675;38,337;45,328;42,723;Medio-bajo;317;1
0901301001;2023;56,300;23,993;38,337;46,052;42,991;Medio-bajo;317;1
0901401001;2021;62,064;25,154;35,476;54,792;46,369;Medio-alto;318;1
0901401001;2022;62,071;25,154;34,282;56,134;46,416;Medio-alto;318;1
0901401001;2023;62,058;24,889;33,527;59,106;47,038;Medio-alto;318;1
0901601001;2021;52,163;25,818;36,993;40,684;40,217;Medio-bajo;319;0
0901601001;2022;52,153;25,486;36,366;41,853;40,327;Medio-bajo;319;0
0901601001;2023;52,161;25,486;31,956;42,314;39,144;Medio-bajo;319;0
0901701001;2021;51,123;35,732;40,081;33,565;40,235;Medio-bajo;320;0
0901701001;2022;51,111;35,333;40,952;33,832;40,513;Medio-bajo;320;0
0901701001;2023;51,110;34,134;39,307;39,165;41,439;Medio-bajo;320;0
0901801001;2021;32,612;65,062;25,800;32,763;35,481;Bajo;321;0
0901801001;2022;32,613;65,062;23,202;32,540;34,635;Bajo;321;0
0901801001;2023;32,614;64,643;21,988;33,818;34,592;Bajo;321;0
0901801002;2021;33,171;64,005;33,982;37,442;39,321;Medio-bajo;322;0
0901801002;2022;33,170;64,005;31,339;37,579;38,569;Medio-bajo;322;0
0901801002;2023;33,167;64,005;28,809;37,584;37,810;Bajo;322;0
0901801003;2021;33,652;67,417;40,851;37,477;42,024;Medio-bajo;323;0
0901801003;2022;33,653;67,417;36,824;37,802;40,914;Medio-bajo;323;0
0901801003;2023;33,653;67,417;36,621;37,300;40,702;Medio-bajo;323;0
0901801004;2021;33,989;72,329;40,097;34,990;41,873;Medio-bajo;324;0
0901801004;2022;33,991;72,329;36,413;35,502;40,921;Medio-bajo;324;0
0901801004;2023;33,991;71,602;35,596;36,572;40,889;Medio-bajo;324;0
0901801005;2021;33,094;68,143;39,272;33,848;40,431;Medio-bajo;325;0
0901801005;2022;33,095;68,143;36,725;33,511;39,566;Medio-bajo;325;0
0901801005;2023;33,095;68,143;35,861;34,178;39,507;Medio-bajo;325;0
0901801006;2021;34,353;61,339;45,070;34,210;41,573;Medio-bajo;326;0
0901801006;2022;34,352;61,339;42,720;33,934;40,785;Medio-bajo;326;0
0901801006;2023;34,352;61,339;41,712;34,813;40,746;Medio-bajo;326;0
0901801007;2021;31,760;65,883;31,959;34,816;37,855;Bajo;327;0
0901801007;2022;31,760;65,883;29,612;35,563;37,375;Bajo;327;0
0901801007;2023;31,760;65,883;28,014;35,421;36,853;Bajo;327;0
0901801008;2021;31,862;62,922;32,638;36,240;38,067;Bajo;328;0
0901801008;2022;31,861;62,922;29,034;36,922;37,191;Bajo;328;0
0901801008;2023;31,862;62,922;29,185;37,049;37,274;Bajo;328;0
0901801009;2021;31,591;65,400;32,591;32,585;37,260;Bajo;329;0
0901801009;2022;31,591;64,816;30,919;33,636;36,987;Bajo;329;0
0901801009;2023;31,591;64,816;29,173;33,784;36,507;Bajo;329;0
0901802001;2021;32,859;49,882;29,012;37,666;35,700;Bajo;330;0
0901802001;2022;32,860;50,333;27,094;36,085;34,719;Bajo;330;0
0901802001;2023;32,858;49,882;26,903;36,013;34,572;Bajo;330;0
0901802002;2021;32,780;62,250;36,636;35,914;39,297;Medio-bajo;331;0
0901802002;2022;32,780;62,250;34,218;35,935;38,578;Medio-bajo;331;0
0901802002;2023;32,780;61,682;33,038;37,091;38,486;Medio-bajo;331;0
0901802003;2021;32,363;50,290;28,770;39,647;36,159;Bajo;332;0
0901802003;2022;32,362;50,290;26,753;39,371;35,471;Bajo;332;0
0901802003;2023;32,361;49,759;24,767;39,716;34,899;Bajo;332;0
0901802004;2021;32,288;60,594;39,783;33,569;39,167;Medio-bajo;333;0
0901802004;2022;32,288;60,594;36,148;33,363;38,014;Bajo;333;0
0901802004;2023;32,286;60,594;34,906;33,427;37,660;Bajo;333;0
0901802005;2021;39,787;52,526;35,984;38,366;40,131;Medio-bajo;334;0
0901802005;2022;39,787;53,019;31,832;37,238;38,621;Medio-bajo;334;0
0901802005;2023;39,786;53,019;29,687;36,778;37,839;Bajo;334;0
0901803001;2021;32,478;68,623;48,218;32,697;42,687;Medio-bajo;335;1
0901803001;2022;32,477;68,623;44,831;32,103;41,493;Medio-bajo;335;0
0901803001;2023;32,476;68,623;44,559;31,741;41,302;Medio-bajo;335;0
0901803002;2021;32,537;61,785;50,957;36,654;43,685;Medio-bajo;336;1
0901803002;2022;32,538;61,785;47,822;36,194;42,607;Medio-bajo;336;1
0901803002;2023;32,537;61,785;45,391;35,313;41,613;Medio-bajo;336;0
0901803003;2021;33,057;58,271;49,789;36,097;42,771;Medio-bajo;337;1
0901803003;2022;33,059;58,961;45,683;34,341;41,116;Medio-bajo;337;0
0901803003;2023;33,053;58,271;45,707;34,776;41,149;Medio-bajo;337;0
0901803004;2021;32,701;67,655;36,872;37,768;40,716;Medio-bajo;338;0
0901803004;2022;32,701;67,655;34,440;37,268;39,836;Medio-bajo;338;0
0901803004;2023;32,701;67,655;33,958;37,181;39,665;Medio-bajo;338;0
0901803005;2021;36,717;55,417;30,389;36,423;37,535;Bajo;339;0
0901803005;2022;36,716;55,417;28,735;36,498;37,061;Bajo;339;0
0901803005;2023;36,716;55,417;25,208;36,960;36,142;Bajo;339;0
0901803006;2021;32,862;72,736;42,173;37,592;43,055;Medio-bajo;340;1
0901803006;2022;32,862;72,736;41,225;37,577;42,767;Medio-bajo;340;1
0901803006;2023;32,862;72,736;40,892;37,966;42,783;Medio-bajo;340;1
0901803007;2021;32,811;71,836;42,979;38,042;43,284;Medio-bajo;341;1
0901803007;2022;32,813;71,836;40,611;37,826;42,510;Medio-bajo;341;1
0901803007;2023;32,812;71,836;40,473;37,730;42,439;Medio-bajo;341;1
0901803008;2021;32,403;63,703;38,688;33,356;39,269;Medio-bajo;342;0
0901803008;2022;32,401;63,074;37,248;34,472;39,077;Medio-bajo;342;0
0901803008;2023;32,404;62,444;35,494;35,697;38,825;Medio-bajo;342;0
0901901001;2021;56,218;34,715;38,981;51,743;46,479;Medio-alto;343;1
0901901001;2022;56,223;34,715;35,548;51,837;45,478;Medio-alto;343;1
0901901001;2023;56,220;34,715;34,236;51,751;45,058;Medio-alto;343;1
0902001001;2021;59,014;37,294;43,675;47,404;47,672;Medio-alto;344;1
0902001001;2022;59,015;37,294;39,073;47,541;46,332;Medio-alto;344;1
0902001001;2023;59,017;36,891;36,865;48,855;46,004;Medio-alto;344;1
0902101001;2021;55,462;36,460;38,337;47,323;45,033;Medio-alto;345;1
0902101001;2022;55,462;37,309;38,337;43,431;43,993;Medio-alto;345;1
0902101001;2023;55,451;36,885;38,337;45,450;44,532;Medio-alto;345;1
0902201001;2021;55,032;35,666;38,337;47,304;44,800;Medio-alto;346;1
0902201001;2022;55,019;34,777;38,337;55,347;47,077;Medio-alto;346;1
0902201001;2023;55,067;34,333;38,337;60,425;48,545;Alto;346;1
0902301001;2021;43,330;56,343;27,817;29,430;36,458;Bajo;347;0
0902301001;2022;43,329;56,343;25,599;29,729;35,882;Bajo;347;0
0902301001;2023;43,329;56,343;23,731;29,743;35,326;Bajo;347;0
0902401001;2021;63,706;32,496;36,644;42,786;44,630;Medio-alto;348;1
0902401001;2022;63,690;32,496;40,421;43,381;45,938;Medio-alto;348;1
0902401001;2023;63,693;32,238;37,159;45,897;45,676;Medio-alto;348;1
0902501001;2021;80,696;26,204;41,993;56,537;53,664;Alto;349;1
0902501001;2022;80,702;26,607;39,331;54,682;52,371;Alto;349;1
0902501001;2023;80,700;26,204;38,625;57,100;52,823;Alto;349;1
0902601001;2021;60,190;44,685;32,597;53,527;47,588;Medio-alto;350;1
0902601001;2022;60,191;45,494;31,050;52,050;46,802;Medio-alto;350;1
0902601001;2023;60,188;45,090;28,730;53,682;46,534;Medio-alto;350;1
0902701001;2021;60,491;28,608;38,337;57,693;48,223;Alto;351;1
0902701001;2022;60,508;28,608;38,337;60,095;48,948;Alto;351;1
0902701001;2023;60,527;29,635;38,337;52,671;46,880;Medio-alto;351;1
0902901001;2021;50,683;34,202;33,888;51,610;43,451;Medio-bajo;352;1
0902901001;2022;50,683;34,202;30,871;52,095;42,691;Medio-bajo;352;1
0902901001;2023;50,689;34,202;30,544;51,609;42,448;Medio-bajo;352;1
0903001001;2021;58,070;35,233;30,880;52,269;44,747;Medio-alto;353;1
0903001001;2022;58,055;35,233;33,908;51,975;45,563;Medio-alto;353;1
0903001001;2023;58,024;35,233;30,107;50,558;43,991;Medio-alto;353;1
0903201001;2021;60,222;32,871;38,337;56,388;48,404;Alto;354;1
0903201001;2022;60,227;32,871;32,463;62,306;48,418;Alto;354;1
0903201001;2023;60,225;32,871;38,337;61,695;49,997;Alto;354;1
0903301001;2021;57,079;23,696;38,337;60,369;47,436;Medio-alto;355;1
0903301001;2022;57,079;24,047;38,337;62,383;48,093;Alto;355;1
0903301001;2023;57,089;24,047;38,337;61,067;47,701;Medio-alto;355;1
0903401001;2021;60,328;36,121;36,217;49,713;46,279;Medio-alto;356;1
0903401001;2022;60,329;36,773;33,289;47,068;44,705;Medio-alto;356;1
0903401001;2023;60,331;36,773;29,881;46,840;43,615;Medio-bajo;356;1
0903501001;2021;55,127;34,861;42,116;45,045;45,159;Medio-alto;357;1
0903501001;2022;55,125;34,861;42,257;46,076;45,510;Medio-alto;357;1
0903501001;2023;55,128;34,441;39,624;46,369;44,746;Medio-alto;357;1
0903601001;2021;57,861;37,992;38,337;39,929;43,644;Medio-bajo;358;1
0903601001;2022;57,817;37,992;38,337;41,184;44,010;Medio-alto;358;1
0903601001;2023;57,817;37,992;38,337;41,689;44,161;Medio-alto;358;1
0903701001;2021;72,873;28,887;40,099;57,076;51,704;Alto;359;1
0903701001;2022;72,874;29,281;36,059;60,657;51,625;Alto;359;1
0903701001;2023;72,880;29,281;34,267;55,767;49,623;Alto;359;1
0903801001;2021;63,365;33,124;33,674;47,616;45,197;Medio-alto;360;1
0903801001;2022;63,368;32,752;32,480;51,213;45,863;Medio-alto;360;1
0903801001;2023;63,367;32,752;31,434;52,215;45,849;Medio-alto;360;1
0903901001;2021;66,062;28,763;38,337;50,747;47,555;Medio-alto;361;1
0903901001;2022;66,048;29,532;38,337;47,206;46,605;Medio-alto;361;1
0903901001;2023;66,048;28,763;38,337;51,737;47,849;Medio-alto;361;1
0904101001;2021;55,091;35,079;38,337;20,818;36,781;Bajo;362;0
0904101001;2022;55,091;35,079;38,337;21,189;36,893;Bajo;362;0
0904101001;2023;55,115;35,079;38,337;19,795;36,480;Bajo;362;0
0904301001;2021;59,799;26,110;31,998;57,778;45,799;Medio-alto;363;1
0904301001;2022;59,804;26,110;33,411;57,595;46,169;Medio-alto;363;1
0904301001;2023;59,798;26,110;31,062;58,531;45,744;Medio-alto;363;1
0904401001;2021;60,010;29,825;38,337;55,156;47,524;Medio-alto;364;1
0904401001;2022;59,948;29,101;38,337;57,914;48,228;Alto;364;1
0904401001;2023;59,948;28,739;38,337;63,107;49,731;Alto;364;1
0904501001;2021;71,694;29,073;36,301;49,823;48,122;Alto;365;1
0904501001;2022;71,693;29,368;35,771;48,801;47,700;Medio-alto;365;1
0904501001;2023;71,693;29,368;33,305;48,321;46,816;Medio-alto;365;1
0904601001;2021;61,301;20,353;38,337;70,369;50,990;Alto;366;1
0904601001;2022;61,345;20,015;38,337;68,682;50,444;Alto;366;1
0904601001;2023;61,345;19,678;38,337;65,665;49,489;Alto;366;1
0904701001;2021;56,932;39,556;38,337;38,344;43,171;Medio-bajo;367;1
0904701001;2022;56,938;39,556;38,337;37,143;42,812;Medio-bajo;367;1
0904701001;2023;56,938;39,556;38,337;40,365;43,779;Medio-alto;367;1
0904801001;2021;52,738;51,872;39,422;39,404;44,613;Medio-alto;368;1
0904801001;2022;52,738;51,872;37,158;39,033;43,822;Medio-alto;368;1
0904801001;2023;52,737;51,376;35,813;40,256;43,711;Medio-alto;368;1
0904801002;2021;53,035;39,178;42,220;45,752;45,527;Medio-alto;369;1
0904801002;2022;53,032;39,178;41,103;45,917;45,241;Medio-alto;369;1
0904801002;2023;53,034;39,178;38,955;45,156;44,369;Medio-alto;369;1
0905001001;2021;73,816;16,989;38,337;54,820;48,950;Alto;370;1
0905001001;2022;73,822;16,989;38,337;53,645;48,599;Alto;370;1
0905001001;2023;73,842;17,195;38,337;52,367;48,251;Alto;370;1
0905101001;2021;46,392;28,023;32,930;47,645;39,974;Medio-bajo;371;0
0905101001;2022;46,393;28,023;31,366;46,389;39,128;Medio-bajo;371;0
0905101001;2023;46,383;28,023;30,596;45,260;38,556;Medio-bajo;371;0
0905201001;2021;58,839;23,320;38,337;57,776;47,042;Medio-alto;372;1
0905201001;2022;58,839;23,320;38,337;58,896;47,378;Medio-alto;372;1
0905201001;2023;58,880;23,320;38,337;59,052;47,435;Medio-alto;372;1
0905401001;2021;57,637;35,425;38,337;46,131;45,064;Medio-alto;373;1
0905401001;2022;57,640;35,059;37,647;48,484;45,508;Medio-alto;373;1
0905401001;2023;57,637;35,059;34,105;49,977;44,892;Medio-alto;373;1
0905501001;2021;57,094;35,702;38,337;56,394;48,048;Alto;374;1
0905501001;2022;57,119;35,280;38,337;56,777;48,106;Alto;374;1
0905501001;2023;57,132;35,280;38,337;59,686;48,982;Alto;374;1
0905601001;2021;54,322;65,142;41,289;36,476;46,681;Medio-alto;375;1
0905601001;2022;54,323;65,142;39,902;36,753;46,348;Medio-alto;375;1
0905601001;2023;54,323;65,142;38,374;36,418;45,790;Medio-alto;375;1
0905601002;2021;52,768;56,121;40,620;40,407;45,918;Medio-alto;376;1
0905601002;2022;52,768;56,121;39,246;40,877;45,647;Medio-alto;376;1
0905601002;2023;52,769;56,121;37,960;40,083;45,023;Medio-alto;376;1
0905601003;2021;52,924;61,199;47,210;39,425;48,402;Alto;377;1
0905601003;2022;52,924;61,199;45,473;38,750;47,678;Medio-alto;377;1
0905601003;2023;52,911;60,505;43,384;40,132;47,358;Medio-alto;377;1
0905601004;2021;53,790;61,456;37,143;36,935;44,889;Medio-alto;378;1
0905601004;2022;53,791;61,456;36,063;36,930;44,564;Medio-alto;378;1
0905601004;2023;53,795;61,456;32,996;35,956;43,353;Medio-bajo;378;1
0905701001;2021;50,877;41,568;28,526;44,191;40,769;Medio-bajo;379;0
0905701001;2022;50,877;41,568;25,712;44,237;39,939;Medio-bajo;379;0
0905701001;2023;50,876;41,568;24,484;44,002;39,500;Medio-bajo;379;0
0905801001;2021;38,857;39,478;31,810;33,819;35,324;Bajo;380;0
0905801001;2022;38,857;39,478;28,757;34,127;34,501;Bajo;380;0
0905801001;2023;38,852;39,078;26,385;34,571;33,862;Bajo;380;0
0905901001;2021;20,784;41,334;22,155;42,661;30,841;Bajo;381;0
0905901001;2022;20,778;41,334;35,629;42,308;34,776;Bajo;381;0
0905901001;2023;20,780;41,334;24,273;41,721;31,193;Bajo;381;0
0905901002;2021;20,825;43,074;33,865;41,451;34,262;Bajo;382;0
0905901002;2022;20,829;43,074;29,047;41,568;32,853;Bajo;382;0
0905901002;2023;20,835;43,074;28,781;41,119;32,640;Bajo;382;0
0905902001;2021;20,673;33,400;25,123;41,189;30,072;Bajo;383;0
0905902001;2022;20,676;33,400;18,707;41,355;28,197;Bajo;383;0
0905902001;2023;20,666;33,400;13,244;40,915;26,424;Bajo;383;0
0905902002;2021;20,739;43,443;16,753;43,029;29,636;Bajo;384;0
0905902002;2022;20,728;43,443;11,748;42,712;28,036;Bajo;384;0
0905902002;2023;20,724;44,025;9,405;41,360;27,014;Bajo;384;0
0905902003;2021;21,420;64,640;30,795;44,070;37,510;Bajo;385;0
0905902003;2022;21,425;65,314;26,617;42,211;35,802;Bajo;385;0
0905902003;2023;21,414;64,640;27,554;42,655;36,112;Bajo;385;0
0905902004;2021;20,642;47,725;25,042;44,543;33,195;Bajo;386;0
0905902004;2022;20,653;47,725;16,999;44,631;30,811;Bajo;386;0
0905902004;2023;20,642;47,725;17,021;44,277;30,709;Bajo;386;0
0905902005;2021;21,350;61,808;21,008;41,076;33,234;Bajo;387;0
0905902005;2022;21,351;61,187;16,425;42,891;32,311;Bajo;387;0
0905902005;2023;21,348;61,187;12,865;43,071;31,296;Bajo;387;0
0905903001;2021;22,069;36,402;23,475;39,188;29,776;Bajo;388;0
0905903001;2022;22,068;35,786;19,502;41,664;29,235;Bajo;388;0
0905903001;2023;22,076;36,402;16,496;41,182;28,282;Bajo;388;0
0905903002;2021;21,058;42,129;24,388;40,730;31,119;Bajo;389;0
0905903002;2022;21,055;42,129;20,897;41,319;30,248;Bajo;389;0
0905903002;2023;21,054;42,129;17,951;40,584;29,143;Bajo;389;0
0905903003;2021;22,516;65,666;37,691;37,946;38,170;Bajo;390;0
0905903003;2022;22,518;65,666;35,328;37,817;37,423;Bajo;390;0
0905903003;2023;22,517;65,666;34,186;38,311;37,228;Bajo;390;0
0905903004;2021;23,076;68,159;49,784;41,700;43,438;Medio-bajo;391;1
0905903004;2022;23,079;68,159;45,236;41,279;41,948;Medio-bajo;391;0
0905903004;2023;23,078;68,159;43,161;40,543;41,105;Medio-bajo;391;0
0905903005;2021;28,574;51,956;32,077;32,232;34,230;Bajo;392;0
0905903005;2022;28,573;51,543;29,981;33,134;33,809;Bajo;392;0
0905903005;2023;28,571;51,543;28,127;33,245;33,286;Bajo;392;0
0905903006;2021;22,727;67,500;34,510;37,911;37,533;Bajo;393;0
0905903006;2022;22,727;67,500;31,825;37,782;36,689;Bajo;393;0
0905903006;2023;22,728;67,500;30,073;37,462;36,067;Bajo;393;0
0905903007;2021;21,658;61,039;28,872;43,562;36,300;Bajo;394;0
0905903007;2022;21,662;61,039;27,103;43,315;35,697;Bajo;394;0
0905903007;2023;21,658;61,039;25,088;42,713;34,911;Bajo;394;0
0905903008;2021;22,903;64,731;33,773;35,954;36,353;Bajo;395;0
0905903008;2022;22,903;64,731;32,605;36,139;36,059;Bajo;395;0
0905903008;2023;22,904;64,731;30,978;36,582;35,704;Bajo;395;0
0905903009;2021;24,103;69,671;33,784;33,156;36,558;Bajo;396;0
0905903009;2022;24,103;69,671;30,889;33,140;35,685;Bajo;396;0
0905903009;2023;24,102;69,671;28,807;33,118;35,053;Bajo;396;0
0905903010;2021;23,252;70,122;33,918;31,177;35,860;Bajo;397;0
0905903010;2022;23,254;70,122;31,132;31,391;35,089;Bajo;397;0
0905903010;2023;23,255;69,634;30,107;32,511;35,044;Bajo;397;0
0905903011;2021;23,183;72,851;27,559;34,792;35,428;Bajo;398;0
0905903011;2022;23,182;72,851;26,579;35,003;35,198;Bajo;398;0
0905903011;2023;23,182;72,851;24,550;35,061;34,607;Bajo;398;0
0905904001;2021;21,508;73,792;41,372;38,804;40,499;Medio-bajo;399;0
0905904001;2022;21,510;74,679;38,505;37,754;39,457;Medio-bajo;399;0
0905904001;2023;21,509;72,905;37,341;39,362;39,324;Medio-bajo;399;0
0905904002;2021;21,385;61,912;40,745;44,957;40,344;Medio-bajo;400;0
0905904002;2022;21,379;61,912;36,700;45,168;39,192;Medio-bajo;400;0
0905904002;2023;21,382;61,100;33,999;46,146;38,554;Medio-bajo;400;0
0905904003;2021;20,769;48,952;42,470;40,848;37,530;Bajo;401;0
0905904003;2022;20,770;49,941;39,669;38,858;36,242;Bajo;401;0
0905904003;2023;20,766;49,941;36,124;37,852;34,875;Bajo;401;0
0905904004;2021;19,881;42,241;38,941;43,815;36,133;Bajo;402;0
0905904004;2022;19,882;42,241;35,283;44,032;35,101;Bajo;402;0
0905904004;2023;19,885;43,134;33,231;42,491;34,158;Bajo;402;0
0905905001;2021;21,501;66,608;35,225;39,306;37,726;Bajo;403;0
0905905001;2022;21,504;67,375;32,149;38,492;36,675;Bajo;403;0
0905905001;2023;21,502;66,608;30,845;39,869;36,581;Bajo;403;0
0905905002;2021;20,707;61,923;30,544;41,964;36,218;Bajo;404;0
0905905002;2022;20,709;62,718;27,812;39,990;34,926;Bajo;404;0
0905905002;2023;20,705;62,718;26,658;39,432;34,411;Bajo;404;0
0905905003;2021;21,099;70,987;35,965;40,076;38,735;Medio-bajo;405;0
0905905003;2022;21,103;70,209;33,658;41,931;38,483;Medio-bajo;405;0
0905905003;2023;21,100;70,987;32,802;40,783;37,999;Bajo;405;0
0905905004;2021;20,695;66,308;36,867;39,521;38,037;Bajo;406;0
0905905004;2022;20,695;66,308;33,618;38,935;36,886;Bajo;406;0
0905905004;2023;20,691;65,511;32,192;40,253;36,733;Bajo;406;0
0905905005;2021;20,304;64,456;36,329;42,212;38,307;Bajo;407;0
0905905005;2022;20,312;64,456;33,337;42,027;37,356;Bajo;407;0
0905905005;2023;20,306;64,456;32,136;41,203;36,747;Bajo;407;0
0905905006;2021;21,520;58,141;13,005;46,914;32,077;Bajo;408;0
0905905006;2022;21,517;58,141;9,457;46,790;30,975;Bajo;408;0
0905905006;2023;21,514;58,141;7,476;46,828;30,391;Bajo;408;0
0905905007;2021;20,848;69,075;20,316;45,290;35,255;Bajo;409;0
0905905007;2022;20,850;68,426;18,604;47,510;35,311;Bajo;409;0
0905905007;2023;20,766;67,777;16,088;48,359;34,692;Bajo;409;0
0905905008;2021;21,607;61,777;32,250;46,053;38,159;Bajo;410;0
0905905008;2022;21,589;61,777;30,963;45,472;37,594;Bajo;410;0
0905905008;2023;21,582;61,033;28,682;45,874;36,917;Bajo;410;0
0905905009;2021;21,773;70,125;34,684;39,705;38,279;Bajo;411;0
0905905009;2022;21,774;70,125;31,152;39,886;37,274;Bajo;411;0
0905905009;2023;21,723;69,376;31,090;39,195;36,923;Bajo;411;0
0905905010;2021;22,102;65,503;32,314;39,219;36,811;Bajo;412;0
0905905010;2022;22,109;65,503;29,050;39,693;35,975;Bajo;412;0
0905905010;2023;22,113;65,503;28,785;39,816;35,934;Bajo;412;0
0905905011;2021;22,309;59,760;27,749;37,840;34,218;Bajo;413;0
0905905011;2022;22,310;59,200;25,282;39,893;34,010;Bajo;413;0
0905905011;2023;22,314;58,641;23,809;41,251;33,892;Bajo;413;0
0905905012;2021;21,074;63,806;33,293;42,819;37,673;Bajo;414;0
0905905012;2022;21,085;64,445;31,771;42,505;37,221;Bajo;414;0
0905905012;2023;21,080;64,445;30,330;42,176;36,688;Bajo;414;0
0905905013;2021;21,198;41,243;35,652;43,594;35,260;Bajo;415;0
0905905013;2022;21,201;41,243;34,406;43,545;34,872;Bajo;415;0
0905905013;2023;21,200;41,243;32,223;44,535;34,513;Bajo;415;0
0905905014;2021;24,938;79,601;44,994;33,703;41,784;Medio-bajo;416;0
0905905014;2022;24,942;79,601;41,786;32,746;40,535;Medio-bajo;416;0
0905905014;2023;24,937;79,601;41,866;33,093;40,662;Medio-bajo;416;0
0905905015;2021;20,336;64,284;28,877;40,672;35,592;Bajo;417;0
0905905015;2022;20,334;64,284;25,096;40,381;34,369;Bajo;417;0
0905905015;2023;20,337;64,284;24,673;40,031;34,138;Bajo;417;0
0905905016;2021;20,693;68,535;32,479;44,935;38,678;Medio-bajo;418;0
0905905016;2022;20,694;68,535;30,053;45,372;38,081;Bajo;418;0
0905905016;2023;20,696;68,535;29,132;45,164;37,743;Bajo;418;0
0905905017;2021;20,871;60,887;28,195;43,726;35,927;Bajo;419;0
0905905017;2022;20,870;60,322;25,320;44,936;35,342;Bajo;419;0
0905905017;2023;20,873;59,757;24,449;46,961;35,605;Bajo;419;0
0905905018;2021;20,412;54,985;11,628;46,703;30,850;Bajo;420;0
0905905018;2022;20,417;54,477;12,690;48,489;31,630;Bajo;420;0
0905905018;2023;20,417;54,985;10,356;47,463;30,698;Bajo;420;0
0905905019;2021;20,673;69,535;24,076;44,710;36,234;Bajo;421;0
0905905019;2022;20,680;69,535;24,626;45,722;36,705;Bajo;421;0
0905905019;2023;20,677;69,535;22,062;46,371;36,130;Bajo;421;0
0905905020;2021;20,644;67,743;37,995;39,477;38,564;Medio-bajo;422;0
0905905020;2022;20,642;67,743;34,781;38,811;37,399;Bajo;422;0
0905905020;2023;20,640;67,743;35,134;37,923;37,239;Bajo;422;0
0905905021;2021;20,700;66,840;33,113;39,346;36,939;Bajo;423;0
0905905021;2022;20,704;66,840;33,017;38,991;36,804;Bajo;423;0
0905905021;2023;20,698;66,840;30,137;38,218;35,707;Bajo;423;0
0905905022;2021;20,555;67,392;34,093;41,537;37,936;Bajo;424;0
0905905022;2022;20,558;66,694;30,643;42,679;37,140;Bajo;424;0
0905905022;2023;20,561;67,392;29,537;41,339;36,512;Bajo;424;0
0905905023;2021;20,595;64,054;32,236;45,976;38,220;Bajo;425;0
0905905023;2022;20,583;64,054;30,983;45,616;37,733;Bajo;425;0
0905905023;2023;20,580;64,054;28,838;46,321;37,301;Bajo;425;0
0905905024;2021;20,946;61,038;34,218;38,797;36,297;Bajo;426;0
0905905024;2022;20,952;60,415;30,864;39,989;35,556;Bajo;426;0
0905905024;2023;20,950;60,415;28,851;40,814;35,199;Bajo;426;0
0905905025;2021;20,658;67,071;29,245;45,855;37,755;Bajo;427;0
0905905025;2022;20,658;66,381;27,189;46,861;37,337;Bajo;427;0
0905905025;2023;20,659;67,071;26,094;45,008;36,556;Bajo;427;0
0905905026;2021;20,979;63,789;14,481;46,047;32,972;Bajo;428;0
0905905026;2022;20,980;63,338;11,757;47,947;32,657;Bajo;428;0
0905905026;2023;20,983;63,338;10,556;48,905;32,585;Bajo;428;0
0905905027;2021;20,712;53,288;10,901;46,479;30,385;Bajo;429;0
0905905027;2022;20,715;53,288;11,653;46,382;30,582;Bajo;429;0
0905905027;2023;20,719;53,288;8,087;47,050;29,714;Bajo;429;0
0905905028;2021;21,613;61,314;14,155;43,351;31,852;Bajo;430;0
0905905028;2022;21,613;60,877;2,634;45,463;28,964;Bajo;430;0
0905905028;2023;21,618;60,877;11,459;45,884;31,739;Bajo;430;0
0905905029;2021;20,799;64,803;27,501;43,974;36,363;Bajo;431;0
0905905029;2022;20,790;64,803;25,587;43,462;35,633;Bajo;431;0
0905905029;2023;20,789;64,803;23,460;42,423;34,683;Bajo;431;0
0905905030;2021;20,872;80,332;48,242;38,069;43,161;Medio-bajo;432;1
0905905030;2022;20,883;79,403;46,687;39,517;42,993;Medio-bajo;432;1
0905905030;2023;20,889;79,403;46,259;39,280;42,794;Medio-bajo;432;1
0905905031;2021;21,015;39,850;22,763;42,086;30,686;Bajo;433;0
0905905031;2022;21,013;40,150;18,300;40,977;29,059;Bajo;433;0
0905905031;2023;21,008;40,150;14,760;40,817;27,948;Bajo;433;0
0905905032;2021;20,794;64,976;24,604;40,368;34,436;Bajo;434;0
0905905032;2022;20,797;64,395;21,629;41,361;33,755;Bajo;434;0
0905905032;2023;20,795;64,395;19,781;41,960;33,381;Bajo;434;0
0905905033;2021;22,889;70,249;27,818;33,113;34,539;Bajo;435;0
0905905033;2022;22,890;70,249;25,383;33,489;33,921;Bajo;435;0
0905905033;2023;22,889;70,249;24,166;33,523;33,566;Bajo;435;0
0905905034;2021;21,767;69,458;33,296;42,249;38,524;Medio-bajo;436;0
0905905034;2022;21,666;70,621;38,337;45,476;41,154;Medio-bajo;436;0
0905905034;2023;21,666;70,621;38,337;45,476;41,154;Medio-bajo;436;0
0905905035;2021;24,353;62,503;22,927;24,704;29,753;Bajo;437;0
0905905035;2022;24,351;62,503;20,154;24,846;28,963;Bajo;437;0
0905905035;2023;24,352;62,503;17,198;24,823;28,070;Bajo;437;0
0905905036;2021;20,496;63,594;19,098;44,956;33,879;Bajo;438;0
0905905036;2022;20,394;60,838;38,337;45,476;39,368;Medio-bajo;438;0
0905905036;2023;20,394;60,838;38,337;45,476;39,368;Medio-bajo;438;0
0905905037;2021;22,270;57,454;16,213;45,635;32,740;Bajo;439;0
0905905037;2022;22,269;57,992;11,855;44,401;31,143;Bajo;439;0
0905905037;2023;22,271;57,454;8,874;45,430;30,477;Bajo;439;0
0905905038;2021;25,185;55,176;27,463;34,478;33,155;Bajo;440;0
0905905038;2022;25,187;55,176;25,072;35,167;32,645;Bajo;440;0
0905905038;2023;25,189;55,176;20,837;35,538;31,486;Bajo;440;0
0905905039;2021;20,653;61,021;44,723;40,377;39,847;Medio-bajo;441;0
0905905039;2022;20,655;61,677;40,947;39,599;38,579;Medio-bajo;441;0
0905905039;2023;20,655;61,677;40,104;40,142;38,489;Medio-bajo;441;0
0905905040;2021;21,737;71,045;30,692;40,742;37,521;Bajo;442;0
0905905040;2022;21,739;71,045;27,665;41,339;36,793;Bajo;442;0
0905905040;2023;21,742;71,045;26,664;41,405;36,513;Bajo;442;0
0905905041;2021;22,696;55,317;20,758;33,192;30,157;Bajo;443;0
0905905041;2022;22,695;55,317;18,276;33,373;29,466;Bajo;443;0
0905905041;2023;22,695;54,969;15,469;34,560;28,928;Bajo;443;0
0905905042;2021;23,046;70,241;28,037;29,627;33,597;Bajo;444;0
0905905042;2022;23,047;69,711;26,033;30,520;33,184;Bajo;444;0
0905905042;2023;23,049;69,711;23,023;31,309;32,519;Bajo;444;0
0905905043;2021;23,095;67,786;23,927;28,503;31,670;Bajo;445;0
0905905043;2022;23,096;67,786;21,741;28,914;31,138;Bajo;445;0
0905905043;2023;23,095;67,786;19,526;28,686;30,405;Bajo;445;0
0905905044;2021;20,835;68,646;41,758;29,123;36,770;Bajo;446;0
0905905044;2022;20,838;68,105;38,647;32,397;36,738;Bajo;446;0
0905905044;2023;20,826;67,563;37,840;33,876;36,856;Bajo;446;0
0905905045;2021;20,873;70,720;28,215;37,151;35,436;Bajo;447;0
0905905045;2022;20,876;70,720;26,061;37,555;34,912;Bajo;447;0
0905905045;2023;20,874;70,720;25,474;37,860;34,827;Bajo;447;0
0905905046;2021;23,691;73,961;39,089;31,810;38,287;Bajo;448;0
0905905046;2022;23,694;73,260;36,346;32,517;37,571;Bajo;448;0
0905905046;2023;23,693;73,961;33,959;32,418;36,930;Bajo;448;0
0905905047;2021;21,669;71,404;26,789;36,625;35,152;Bajo;449;0
0905905047;2022;21,662;71,404;24,068;36,766;34,376;Bajo;449;0
0905905047;2023;21,650;71,404;22,982;37,193;34,176;Bajo;449;0
0905905048;2021;30,552;50,578;28,547;31,549;33,253;Bajo;450;0
0905905048;2022;30,549;50,578;26,946;32,064;32,927;Bajo;450;0
0905905048;2023;30,542;50,578;23,860;31,956;31,967;Bajo;450;0
0905905049;2021;23,229;61,852;22,703;33,421;31,922;Bajo;451;0
0905905049;2022;23,231;61,852;20,403;33,875;31,369;Bajo;451;0
0905905049;2023;23,230;61,351;17,996;35,763;31,138;Bajo;451;0
0905905050;2021;23,056;69,655;24,231;28,195;31,940;Bajo;452;0
0905905050;2022;23,055;69,125;22,364;30,080;31,866;Bajo;452;0
0905905050;2023;23,062;68,595;20,677;31,171;31,609;Bajo;452;0
0905905051;2021;22,635;70,528;25,104;33,061;33,688;Bajo;453;0
0905905051;2022;22,611;70,528;22,796;32,956;32,958;Bajo;453;0
0905905051;2023;22,598;70,528;20,529;33,730;32,507;Bajo;453;0
0905905052;2021;23,147;64,726;22,375;28,072;30,630;Bajo;454;0
0905905052;2022;23,146;64,726;20,382;27,943;29,993;Bajo;454;0
0905905052;2023;23,141;64,726;18,184;28,064;29,369;Bajo;454;0
0905906001;2021;21,010;57,247;30,529;43,355;36,005;Bajo;455;0
0905906001;2022;21,011;57,247;27,404;44,489;35,408;Bajo;455;0
0905906001;2023;20,983;56,577;26,239;44,260;34,882;Bajo;455;0
0905906002;2021;21,106;57,266;21,725;42,197;33,043;Bajo;456;0
0905906002;2022;21,094;57,266;23,507;40,591;33,093;Bajo;456;0
0905906002;2023;21,080;57,266;20,884;40,263;32,204;Bajo;456;0
0905906003;2021;20,972;57,285;31,607;38,393;34,836;Bajo;457;0
0905906003;2022;20,967;57,285;28,273;41,745;34,840;Bajo;457;0
0905906003;2023;20,934;57,285;27,786;40,035;34,173;Bajo;457;0
0905906004;2021;22,342;64,117;31,107;42,874;37,397;Bajo;458;0
0905906004;2022;22,343;63,439;27,678;43,682;36,510;Bajo;458;0
0905906004;2023;22,340;64,117;26,631;41,722;35,708;Bajo;458;0
0905906005;2021;21,038;68,376;42,668;39,888;40,283;Medio-bajo;459;0
0905906005;2022;21,040;68,376;39,861;40,217;39,540;Medio-bajo;459;0
0905906005;2023;21,040;67,548;37,595;40,600;38,851;Medio-bajo;459;0
0905906006;2021;26,707;57,338;37,464;39,118;38,252;Bajo;460;0
0905906006;2022;26,707;57,338;35,778;38,739;37,632;Bajo;460;0
0905906006;2023;26,707;57,959;32,362;37,535;36,340;Bajo;460;0
0905906007;2021;22,444;69,457;31,607;40,311;37,605;Bajo;461;0
0905906007;2022;22,444;68,795;27,443;40,840;36,415;Bajo;461;0
0905906007;2023;22,439;68,795;24,785;40,952;35,650;Bajo;461;0
0905906008;2021;26,215;65,997;28,335;34,116;35,189;Bajo;462;0
0905906008;2022;26,212;65,997;25,345;34,683;34,461;Bajo;462;0
0905906008;2023;26,217;65,997;24,025;35,563;34,330;Bajo;462;0
0905906009;2021;22,713;69,684;40,426;40,815;40,503;Medio-bajo;463;0
0905906009;2022;22,722;69,684;37,091;39,594;39,138;Medio-bajo;463;0
0905906009;2023;22,580;69,684;36,269;36,212;37,842;Bajo;463;0
0905906010;2021;23,406;68,910;39,129;34,044;38,140;Bajo;464;0
0905906010;2022;23,370;68,557;38,337;45,476;41,270;Medio-bajo;464;0
0905906010;2023;23,370;68,557;38,337;45,476;41,270;Medio-bajo;464;0
0905906011;2021;23,499;56,339;37,702;43,153;38,582;Medio-bajo;465;0
0905906011;2022;23,506;56,339;32,833;42,163;36,826;Bajo;465;0
0905906011;2023;23,505;56,339;32,672;43,194;37,087;Bajo;465;0
0905906012;2021;25,221;61,297;26,161;34,224;33,615;Bajo;466;0
0905906012;2022;25,225;61,297;25,945;34,815;33,729;Bajo;466;0
0905906012;2023;25,226;61,297;25,139;35,237;33,614;Bajo;466;0
0905907001;2021;20,784;62,140;33,493;41,482;37,009;Bajo;467;0
0905907001;2022;20,785;61,406;29,751;42,860;36,191;Bajo;467;0
0905907001;2023;20,790;61,406;28,614;42,334;35,693;Bajo;467;0
0905907002;2021;20,692;62,704;31,876;42,870;37,003;Bajo;468;0
0905907002;2022;20,695;62,704;29,144;42,573;36,094;Bajo;468;0
0905907002;2023;20,693;61,958;27,534;44,151;35,973;Bajo;468;0
0905907003;2021;23,033;50,608;22,017;44,691;33,362;Bajo;469;0
0905907003;2022;23,039;50,608;18,448;44,819;32,331;Bajo;469;0
0905907003;2023;23,044;50,608;11,616;45,106;30,369;Bajo;469;0
0905907004;2021;21,274;61,440;36,165;45,919;39,160;Medio-bajo;470;0
0905907004;2022;21,277;61,440;33,808;46,589;38,654;Medio-bajo;470;0
0905907004;2023;21,278;60,723;30,844;47,241;37,854;Bajo;470;0
0905907005;2021;22,019;58,312;39,250;42,565;38,796;Medio-bajo;471;0
0905907005;2022;22,027;58,312;37,400;41,584;37,949;Bajo;471;0
0905907005;2023;22,022;58,312;37,190;40,724;37,627;Bajo;471;0
0905907006;2021;23,437;57,757;34,495;34,025;35,079;Bajo;472;0
0905907006;2022;23,436;57,130;32,500;36,157;35,026;Bajo;472;0
0905907006;2023;23,443;57,130;30,722;36,279;34,531;Bajo;472;0
0905907007;2021;27,348;54,208;34,711;32,211;35,045;Bajo;473;0
0905907007;2022;27,344;54,208;31,408;31,688;33,896;Bajo;473;0
0905907007;2023;27,341;54,208;29,644;31,874;33,422;Bajo;473;0
0905907008;2021;23,646;65,111;32,644;38,746;37,095;Bajo;474;0
0905907008;2022;23,641;65,111;28,936;38,948;36,042;Bajo;474;0
0905907008;2023;23,644;64,420;28,068;39,608;35,877;Bajo;474;0
0905907009;2021;21,175;63,790;36,517;40,688;38,024;Bajo;475;0
0905907009;2022;21,182;63,790;34,705;40,294;37,364;Bajo;475;0
0905907009;2023;21,173;63,790;32,181;40,215;36,581;Bajo;475;0
0905907010;2021;27,233;63,423;36,131;38,143;38,604;Medio-bajo;476;0
0905907010;2022;27,234;63,423;33,526;38,046;37,794;Bajo;476;0
0905907010;2023;27,234;63,423;32,472;38,196;37,522;Bajo;476;0
0905908001;2021;22,798;69,247;48,720;33,464;40,742;Medio-bajo;477;0
0905908001;2022;22,799;69,247;45,050;33,271;39,583;Medio-bajo;477;0
0905908001;2023;22,788;69,247;42,911;33,545;39,021;Medio-bajo;477;0
0905908002;2021;22,849;66,110;43,101;35,852;39,315;Medio-bajo;478;0
0905908002;2022;22,848;65,300;39,849;37,003;38,563;Medio-bajo;478;0
0905908002;2023;22,850;65,300;39,034;36,581;38,192;Bajo;478;0
0905908003;2021;26,559;66,934;30,932;34,070;36,180;Bajo;479;0
0905908003;2022;26,559;66,934;28,603;34,311;35,554;Bajo;479;0
0905908003;2023;26,558;66,336;27,725;35,608;35,590;Bajo;479;0
0905908004;2021;22,059;55,472;9,505;31,836;26,238;Bajo;480;0
0905908004;2022;22,064;55,472;6,610;31,190;25,177;Bajo;480;0
0905908004;2023;22,062;55,472;3,592;32,010;24,517;Bajo;480;0
0905908005;2021;27,513;65,244;27,750;33,695;35,098;Bajo;481;0
0905908005;2022;27,513;65,244;27,425;33,504;34,943;Bajo;481;0
0905908005;2023;27,542;65,244;25,898;33,283;34,426;Bajo;481;0
0905908006;2021;22,632;71,697;24,592;37,194;34,948;Bajo;482;0
0905908006;2022;22,627;71,697;21,758;37,320;34,135;Bajo;482;0
0905908006;2023;22,622;71,697;20,067;37,143;33,573;Bajo;482;0
0905908007;2021;22,788;70,512;44,864;34,992;40,231;Medio-bajo;483;0
0905908007;2022;22,785;70,512;41,725;34,167;39,041;Medio-bajo;483;0
0905908007;2023;22,780;70,512;41,043;34,120;38,821;Medio-bajo;483;0
0905908008;2021;23,650;60,511;31,381;36,048;35,218;Bajo;484;0
0905908008;2022;23,652;60,511;28,328;36,487;34,434;Bajo;484;0
0905908008;2023;23,654;60,511;26,976;36,712;34,097;Bajo;484;0
0905908009;2021;30,450;64,435;38,685;39,896;40,852;Medio-bajo;485;0
0905908009;2022;30,451;64,435;37,011;40,338;40,483;Medio-bajo;485;0
0905908009;2023;30,454;64,435;33,883;39,995;39,442;Medio-bajo;485;0
0905908010;2021;23,926;68,152;29,696;32,093;34,741;Bajo;486;0
0905908010;2022;23,929;67,544;26,186;33,129;33,908;Bajo;486;0
0905908010;2023;23,930;67,544;26,171;33,211;33,929;Bajo;486;0
0905908011;2021;22,915;53,202;8,364;30,897;25,487;Bajo;487;0
0905908011;2022;22,913;53,202;9,094;31,082;25,761;Bajo;487;0
0905908011;2023;22,913;52,807;7,025;32,024;25,364;Bajo;487;0
0905909001;2021;21,751;78,140;46,770;39,073;42,912;Medio-bajo;488;1
0905909001;2022;21,756;77,139;43,887;40,894;42,444;Medio-bajo;488;1
0905909001;2023;21,755;77,139;42,695;40,826;42,066;Medio-bajo;488;0
0905909002;2021;22,353;77,403;48,350;43,326;44,701;Medio-alto;489;1
0905909002;2022;22,357;77,403;46,023;42,673;43,809;Medio-alto;489;1
0905909002;2023;22,357;78,403;43,639;40,190;42,498;Medio-bajo;489;1
0905909003;2021;22,108;65,043;40,802;37,724;38,841;Medio-bajo;490;0
0905909003;2022;22,111;65,043;37,627;37,661;37,871;Bajo;490;0
0905909003;2023;22,111;65,043;36,197;37,776;37,476;Bajo;490;0
0905909004;2021;22,183;76,511;52,530;40,430;44,911;Medio-alto;491;1
0905909004;2022;22,178;76,511;47,641;39,698;43,223;Medio-bajo;491;1
0905909004;2023;22,181;77,508;46,947;37,856;42,613;Medio-bajo;491;1
0905909005;2021;22,050;81,117;54,460;33,490;44,065;Medio-alto;492;1
0905909005;2022;22,052;80,063;49,957;34,156;42,756;Medio-bajo;492;1
0905909005;2023;22,058;80,063;48,395;32,918;41,918;Medio-bajo;492;0
0905909006;2021;23,753;66,098;38,158;40,681;39,505;Medio-bajo;493;0
0905909006;2022;23,755;66,098;34,287;41,133;38,479;Medio-bajo;493;0
0905909006;2023;23,749;65,358;32,425;41,145;37,812;Bajo;493;0
0905909007;2021;22,044;68,881;34,692;40,090;38,278;Bajo;494;0
0905909007;2022;22,048;68,881;31,321;40,334;37,341;Bajo;494;0
0905909007;2023;22,047;68,881;30,949;40,258;37,206;Bajo;494;0
0905909008;2021;22,760;73,956;43,434;42,259;42,491;Medio-bajo;495;1
0905909008;2022;22,772;74,847;41,375;39,857;41,290;Medio-bajo;495;0
0905909008;2023;22,679;74,847;39,270;38,059;40,096;Medio-bajo;495;0
0905909009;2021;22,460;63,078;39,035;34,378;37,101;Bajo;496;0
0905909009;2022;22,466;63,078;36,972;33,998;36,369;Bajo;496;0
0905909009;2023;22,461;63,078;35,556;34,644;36,137;Bajo;496;0
0905909010;2021;22,481;74,492;44,218;36,694;41,068;Medio-bajo;497;0
0905909010;2022;22,478;74,492;43,592;35,941;40,653;Medio-bajo;497;0
0905909010;2023;22,469;75,341;41,365;35,164;39,877;Medio-bajo;497;0
0905909011;2021;22,301;74,113;43,512;40,318;41,841;Medio-bajo;498;0
0905909011;2022;22,307;74,948;39,974;39,421;40,637;Medio-bajo;498;0
0905909011;2023;22,301;74,113;39,453;40,290;40,615;Medio-bajo;498;0
0905909012;2021;22,137;77,618;40,454;34,245;39,586;Medio-bajo;499;0
0905909012;2022;22,138;78,424;36,347;33,433;38,232;Bajo;499;0
0905909012;2023;22,136;77,618;34,616;35,262;38,140;Bajo;499;0
0905909013;2021;22,369;72,500;35,722;35,457;37,821;Bajo;500;0
0905909013;2022;22,375;72,500;33,599;36,449;37,483;Bajo;500;0
0905909013;2023;22,383;71,802;33,145;37,735;37,630;Bajo;500;0
0905909014;2021;22,354;71,222;43,219;36,820;40,284;Medio-bajo;501;0
0905909014;2022;22,358;71,222;41,026;36,495;39,529;Medio-bajo;501;0
0905909014;2023;22,353;72,120;39,454;34,378;38,556;Medio-bajo;501;0
0905909015;2021;22,280;71,410;42,507;38,452;40,569;Medio-bajo;502;0
0905909015;2022;22,290;71,410;40,156;38,066;39,751;Medio-bajo;502;0
0905909015;2023;22,292;70,654;38,496;38,935;39,400;Medio-bajo;502;0
0905909016;2021;31,777;56,954;33,884;33,880;36,817;Bajo;503;0
0905909016;2022;31,776;56,954;32,715;33,536;36,362;Bajo;503;0
0905909016;2023;31,775;56,954;30,889;33,273;35,735;Bajo;503;0
0905909017;2021;21,884;73,498;42,457;41,994;41,831;Medio-bajo;504;0
0905909017;2022;21,885;72,610;40,527;43,506;41,573;Medio-bajo;504;0
0905909017;2023;21,889;72,610;37,952;44,563;41,118;Medio-bajo;504;0
0905909018;2021;22,922;76,939;44,246;36,695;41,554;Medio-bajo;505;0
0905909018;2022;22,815;74,525;38,337;45,476;42,027;Medio-bajo;505;0
0905909018;2023;22,815;74,525;38,337;45,476;42,027;Medio-bajo;505;0
0905909019;2021;23,394;73,669;38,351;35,422;39,031;Medio-bajo;506;0
0905909019;2022;23,397;72,916;36,520;37,903;39,114;Medio-bajo;506;0
0905909019;2023;23,402;72,163;35,386;39,715;39,205;Medio-bajo;506;0
0905909020;2021;22,210;69,128;34,464;46,289;40,148;Medio-bajo;507;0
0905909020;2022;22,215;69,128;36,014;44,647;40,121;Medio-bajo;507;0
0905909020;2023;21,927;69,128;37,402;39,111;38,805;Medio-bajo;507;0
0905909021;2021;22,647;72,640;42,980;44,383;42,767;Medio-bajo;508;1
0905909021;2022;22,649;72,640;39,703;44,619;41,855;Medio-bajo;508;0
0905909021;2023;22,649;72,640;40,023;43,905;41,737;Medio-bajo;508;0
0905909022;2021;22,110;69,387;44,878;36,480;40,343;Medio-bajo;509;0
0905909022;2022;22,110;70,225;40,161;35,431;38,739;Medio-bajo;509;0
0905909022;2023;22,112;70,225;39,995;34,829;38,509;Medio-bajo;509;0
0905909023;2021;22,521;73,877;36,794;35,478;38,394;Medio-bajo;510;0
0905909023;2022;22,531;73,877;33,938;35,620;37,582;Bajo;510;0
0905909023;2023;22,530;73,203;31,994;37,383;37,426;Bajo;510;0
0905909024;2021;23,065;73,064;35,524;36,486;38,329;Bajo;511;0
0905909024;2022;23,069;73,064;31,744;37,713;37,564;Bajo;511;0
0905909024;2023;23,068;72,376;31,715;39,480;37,982;Bajo;511;0
0905909025;2021;22,657;75,202;37,626;36,232;39,102;Medio-bajo;512;0
0905909025;2022;22,653;75,202;35,250;36,704;38,530;Medio-bajo;512;0
0905909025;2023;22,653;74,396;35,145;38,869;39,027;Medio-bajo;512;0
0905909026;2021;22,124;76,367;43,189;34,306;40,235;Medio-bajo;513;0
0905909026;2022;22,127;76,367;40,710;35,018;39,705;Medio-bajo;513;0
0905909026;2023;22,125;76,367;38,849;34,440;38,973;Medio-bajo;513;0
0905909027;2021;22,291;72,474;38,114;40,063;39,897;Medio-bajo;514;0
0905909027;2022;22,292;72,474;35,777;40,849;39,432;Medio-bajo;514;0
0905909027;2023;22,295;71,719;35,478;41,876;39,538;Medio-bajo;514;0
0905909028;2021;22,485;69,548;41,274;37,366;39,646;Medio-bajo;515;0
0905909028;2022;22,494;68,859;38,895;38,842;39,273;Medio-bajo;515;0
0905909028;2023;22,501;69,548;38,689;38,286;39,150;Medio-bajo;515;0
0905909029;2021;22,578;72,345;41,968;34,946;39,570;Medio-bajo;516;0
0905909029;2022;22,587;72,345;40,512;34,912;39,125;Medio-bajo;516;0
0905909029;2023;22,582;72,345;39,263;34,656;38,673;Medio-bajo;516;0
0905909030;2021;22,464;77,487;45,216;37,160;41,952;Medio-bajo;517;0
0905909030;2022;22,511;76,826;38,337;45,476;42,296;Medio-bajo;517;1
0905909030;2023;22,511;76,826;38,337;45,476;42,296;Medio-bajo;517;1
0905909031;2021;22,611;74,065;40,285;33,326;38,846;Medio-bajo;518;0
0905909031;2022;22,615;73,159;37,500;34,585;38,253;Bajo;518;0
0905909031;2023;22,617;74,065;37,319;34,114;38,194;Bajo;518;0
0905909032;2021;21,599;76,145;44,085;42,164;42,696;Medio-bajo;519;1
0905909032;2022;21,613;76,145;39,795;43,023;41,670;Medio-bajo;519;0
0905909032;2023;21,615;76,145;39,899;42,692;41,603;Medio-bajo;519;0
0905909033;2021;22,406;71,325;45,864;34,937;40,541;Medio-bajo;520;0
0905909033;2022;22,414;70,491;42,070;36,257;39,675;Medio-bajo;520;0
0905909033;2023;22,412;70,491;41,718;35,926;39,470;Medio-bajo;520;0
0905909034;2021;21,633;70,268;39,071;37,643;38,963;Medio-bajo;521;0
0905909034;2022;21,630;70,268;35,165;37,469;37,738;Bajo;521;0
0905909034;2023;21,628;70,268;32,668;38,276;37,230;Bajo;521;0
0905909035;2021;23,434;72,614;31,776;34,966;36,773;Bajo;522;0
0905909035;2022;23,439;72,614;30,178;35,582;36,480;Bajo;522;0
0905909035;2023;23,442;72,004;29,533;37,237;36,692;Bajo;522;0
0905909036;2021;23,416;70,352;38,021;38,887;39,479;Medio-bajo;523;0
0905909036;2022;23,414;71,152;35,497;37,670;38,476;Medio-bajo;523;0
0905909036;2023;23,407;71,152;34,484;37,692;38,177;Bajo;523;0
0905909037;2021;22,648;71,762;34,779;39,063;38,579;Medio-bajo;524;0
0905909037;2022;22,658;71,055;33,670;40,935;38,705;Medio-bajo;524;0
0905909037;2023;22,658;71,055;33,000;41,320;38,619;Medio-bajo;524;0
0905909038;2021;22,084;63,915;33,495;35,644;35,850;Bajo;525;0
0905909038;2022;22,089;63,915;29,806;35,808;34,794;Bajo;525;0
0905909038;2023;22,095;63,260;29,036;36,763;34,752;Bajo;525;0
0905909039;2021;22,309;68,822;39,430;36,422;38,656;Medio-bajo;526;0
0905909039;2022;22,308;68,822;37,577;36,811;38,217;Bajo;526;0
0905909039;2023;22,311;68,822;36,591;37,148;38,023;Bajo;526;0
0905909040;2021;22,700;68,409;32,819;32,844;35,635;Bajo;527;0
0905909040;2022;22,703;68,409;30,641;33,148;35,074;Bajo;527;0
0905909040;2023;22,706;67,745;30,211;34,325;35,199;Bajo;527;0
0905909041;2021;22,980;76,061;32,260;31,461;36,270;Bajo;528;0
0905909041;2022;22,976;75,484;29,700;32,546;35,740;Bajo;528;0
0905909041;2023;22,974;75,484;28,041;32,857;35,335;Bajo;528;0
0905909042;2021;22,034;70,087;30,306;30,437;34,244;Bajo;529;0
0905909042;2022;22,033;69,553;28,018;31,284;33,732;Bajo;529;0
0905909042;2023;22,034;69,553;25,471;31,951;33,168;Bajo;529;0
0905909043;2021;20,965;81,109;24,354;30,859;33,971;Bajo;530;0
0905909043;2022;20,966;81,109;22,761;31,000;33,536;Bajo;530;0
0905909043;2023;20,961;80,484;20,037;31,897;32,893;Bajo;530;0
0905909044;2021;23,395;63,902;35,266;34,578;36,387;Bajo;531;0
0905909044;2022;23,395;63,902;32,527;34,762;35,620;Bajo;531;0
0905909044;2023;23,392;63,902;30,783;34,393;34,986;Bajo;531;0
0906001001;2021;60,145;30,337;33,798;53,545;45,790;Medio-alto;532;1
0906001001;2022;60,145;30,010;30,259;53,949;44,800;Medio-alto;532;1
0906001001;2023;60,141;30,010;30,671;55,332;45,338;Medio-alto;532;1
0906101001;2021;58,935;37,314;27,901;51,355;44,107;Medio-alto;533;1
0906101001;2022;58,935;37,314;29,112;50,744;44,288;Medio-alto;533;1
0906101001;2023;58,938;36,858;27,287;52,214;44,113;Medio-alto;533;1
0906201001;2021;69,693;25,291;38,337;78,624;56,305;Alto;534;1
0906201001;2022;69,693;25,291;38,337;78,085;56,144;Alto;534;1
0906201001;2023;69,706;24,902;38,337;85,138;58,204;Alto;534;1
0906301001;2021;43,419;36,385;27,099;40,256;36,519;Bajo;535;0
0906301001;2022;43,425;36,385;24,911;39,861;35,746;Bajo;535;0
0906301001;2023;43,422;36,721;18,268;38,848;33,499;Bajo;535;0
0906401001;2021;57,643;34,474;34,627;38,136;41,411;Medio-bajo;536;0
0906401001;2022;57,643;34,081;31,963;41,505;41,564;Medio-bajo;536;0
0906401001;2023;57,647;33,688;30,496;42,605;41,395;Medio-bajo;536;0
0906501001;2021;43,535;24,144;30,985;41,198;36,160;Bajo;537;0
0906501001;2022;43,525;24,496;24,873;39,276;33,800;Bajo;537;0
0906501001;2023;43,526;24,144;22,894;40,013;33,375;Bajo;537;0
0906601001;2021;65,302;35,467;38,337;60,789;51,384;Alto;538;1
0906601001;2022;65,310;35,064;38,337;61,592;51,566;Alto;538;1
0906601001;2023;65,327;35,064;38,337;64,296;52,382;Alto;538;1
0906701001;2021;64,921;32,271;45,445;51,618;50,190;Alto;539;1
0906701001;2022;64,923;32,271;42,806;51,810;49,456;Alto;539;1
0906701001;2023;64,924;32,271;39,043;50,468;47,925;Alto;539;1
0906801001;2021;60,310;33,346;38,337;68,896;52,249;Alto;540;1
0906801001;2022;60,355;33,346;38,337;65,923;51,369;Alto;540;1
0906801001;2023;60,518;33,346;38,337;62,017;50,238;Alto;540;1
0907001001;2021;66,604;38,094;38,337;63,386;52,882;Alto;541;1
0907001001;2022;66,604;38,938;38,337;55,200;50,553;Alto;541;1
0907001001;2023;66,423;38,938;38,337;54,374;50,260;Alto;541;1
0907101001;2021;61,319;34,809;38,337;56,058;48,870;Alto;542;1
0907101001;2022;61,349;36,026;38,337;56,921;49,319;Alto;542;1
0907101001;2023;61,253;34,809;38,337;60,980;50,330;Alto;542;1
0907201001;2021;41,322;41,956;26,821;39,028;36,379;Bajo;543;0
0907201001;2022;41,313;41,956;24,970;39,249;35,887;Bajo;543;0
0907201001;2023;41,305;41,956;22,522;39,330;35,175;Bajo;543;0
0907301001;2021;35,608;49,966;29,560;33,781;35,399;Bajo;544;0
0907301001;2022;35,607;49,966;27,518;33,442;34,685;Bajo;544;0
0907301001;2023;35,606;49,966;25,294;33,945;34,168;Bajo;544;0
0907401001;2021;35,942;49,113;24,969;34,375;34,156;Bajo;545;0
0907401001;2022;35,940;49,113;22,306;34,407;33,366;Bajo;545;0
0907401001;2023;35,941;49,113;19,021;34,619;32,444;Bajo;545;0
0907501001;2021;44,321;28,768;31,283;47,166;38,930;Medio-bajo;546;0
0907501001;2022;44,337;28,418;29,842;49,511;39,153;Medio-bajo;546;0
0907501001;2023;44,321;28,768;26,578;46,926;37,447;Bajo;546;0
0907601001;2021;60,698;24,499;38,337;58,250;47,825;Medio-alto;547;1
0907601001;2022;60,698;23,922;38,337;57,889;47,631;Medio-alto;547;1
0907601001;2023;60,737;23,922;38,337;58,231;47,743;Medio-alto;547;1
0907701001;2021;60,338;29,437;38,337;55,855;47,758;Medio-alto;548;1
0907701001;2022;60,413;28,793;38,337;61,261;49,302;Alto;548;1
0907701001;2023;60,374;28,472;38,337;65,051;50,381;Alto;548;1
0907801001;2021;64,454;34,718;38,337;71,557;54,289;Alto;549;1
0907801001;2022;64,471;34,262;38,337;75,738;55,480;Alto;549;1
0907801001;2023;64,529;34,262;38,337;76,694;55,781;Alto;549;1
0907901001;2021;58,806;18,566;38,337;52,876;44,851;Medio-alto;550;1
0907901001;2022;58,826;18,859;38,337;48,692;43,644;Medio-bajo;550;1
0907901001;2023;58,787;18,859;38,337;48,277;43,510;Medio-bajo;550;1
0908201001;2021;60,426;27,188;38,337;55,686;47,392;Medio-alto;551;1
0908201001;2022;60,358;27,188;38,337;53,782;46,803;Medio-alto;551;1
0908201001;2023;60,390;27,188;38,337;56,122;47,514;Medio-alto;551;1
0908301001;2021;58,389;22,537;38,337;61,016;47,784;Medio-alto;552;1
0908301001;2022;58,275;23,134;38,337;58,470;47,081;Medio-alto;552;1
0908301001;2023;58,330;23,134;38,337;61,556;48,021;Alto;552;1
0908401001;2021;66,843;42,414;45,390;57,983;54,085;Alto;553;1
0908401001;2022;66,847;41,958;42,052;57,404;52,842;Alto;553;1
0908401001;2023;66,850;41,501;36,163;59,041;51,499;Alto;553;1
0908501001;2021;40,762;36,673;41,384;38,660;39,705;Medio-bajo;554;0
0908501001;2022;40,763;36,673;37,038;39,134;38,543;Medio-bajo;554;0
0908501001;2023;40,765;36,673;34,734;38,984;37,807;Bajo;554;0
0908601001;2021;40,603;42,152;22,578;35,487;33,893;Bajo;555;0
0908601001;2022;40,600;41,869;21,702;36,112;33,774;Bajo;555;0
0908601001;2023;40,599;41,869;19,243;36,281;33,087;Bajo;555;0
0908801001;2021;62,951;22,431;38,337;55,550;47,269;Medio-alto;556;1
0908801001;2022;62,978;22,689;38,337;54,617;47,034;Medio-alto;556;1
0908801001;2023;62,969;22,431;38,337;57,362;47,817;Medio-alto;556;1
0909001001;2021;67,993;27,823;38,337;54,412;48,997;Alto;557;1
0909001001;2022;68,001;27,823;38,337;53,405;48,696;Alto;557;1
0909001001;2023;67,980;27,823;38,337;52,869;48,531;Alto;557;1
0909101001;2021;67,751;33,244;39,311;49,969;48,708;Alto;558;1
0909101001;2022;67,751;33,244;35,639;50,243;47,689;Medio-alto;558;1
0909101001;2023;67,751;33,244;36,166;49,787;47,711;Medio-alto;558;1
0909301001;2021;42,475;38,002;31,275;42,049;38,316;Bajo;559;0
0909301001;2022;42,477;38,002;30,967;41,776;38,143;Bajo;559;0
0909301001;2023;42,489;38,002;25,669;42,524;36,780;Bajo;559;0
0909401001;2021;66,250;34,378;38,337;43,600;46,300;Medio-alto;560;1
0909401001;2022;66,262;34,803;38,337;41,290;45,674;Medio-alto;560;1
0909401001;2023;66,238;33,953;38,337;42,892;46,021;Medio-alto;560;1
0909501001;2021;47,226;24,583;38,337;57,327;44,193;Medio-alto;561;1
0909501001;2022;47,247;24,583;38,337;57,331;44,200;Medio-alto;561;1
0909501001;2023;47,275;24,887;38,337;54,300;43,343;Medio-bajo;561;1
0909801001;2021;59,424;41,754;38,731;47,719;47,054;Medio-alto;562;1
0909801001;2022;59,426;41,754;36,473;48,152;46,507;Medio-alto;562;1
0909801001;2023;59,427;41,311;37,239;49,836;47,176;Medio-alto;562;1
0910001001;2021;60,221;29,452;38,337;53,303;46,965;Medio-alto;563;1
0910001001;2022;60,177;29,168;38,337;55,249;47,495;Medio-alto;563;1
0910001001;2023;60,253;28,600;38,337;63,073;49,776;Alto;563;1
0910101001;2021;52,928;30,222;38,337;56,085;46,092;Medio-alto;564;1
0910101001;2022;52,918;29,873;38,337;57,728;46,530;Medio-alto;564;1
0910101001;2023;52,933;29,873;38,337;59,469;47,056;Medio-alto;564;1
0910201001;2021;57,692;32,875;38,337;60,656;49,052;Alto;565;1
0910201001;2022;57,506;32,875;38,337;59,873;48,771;Alto;565;1
0910201001;2023;57,538;32,094;38,337;64,563;50,069;Alto;565;1
0910301001;2021;56,612;39,179;39,382;50,765;47,074;Medio-alto;566;1
0910301001;2022;56,617;39,179;39,983;50,629;47,215;Medio-alto;566;1
0910301001;2023;56,620;39,179;39,725;49,590;46,826;Medio-alto;566;1
0910401001;2021;59,007;39,760;38,337;56,538;49,178;Alto;567;1
0910401001;2022;58,983;39,760;38,337;59,114;49,945;Alto;567;1
0910401001;2023;58,932;39,275;38,337;60,179;50,179;Alto;567;1
0910501001;2021;67,622;17,620;27,317;51,133;43,083;Medio-bajo;568;1
0910501001;2022;67,626;18,016;26,134;50,963;42,738;Medio-bajo;568;1
0910501001;2023;67,619;16,827;38,337;56,102;47,761;Medio-alto;568;1
0910801001;2021;53,369;45,527;31,925;38,103;41,180;Medio-bajo;569;0
0910801001;2022;53,367;45,971;30,153;37,142;40,426;Medio-bajo;569;0
0910801001;2023;53,365;46,416;30,153;34,640;39,741;Medio-bajo;569;0
0910901001;2021;64,429;43,460;30,389;42,114;44,377;Medio-alto;570;1
0910901001;2022;64,428;43,778;29,100;41,293;43,792;Medio-alto;570;1
0910901001;2023;64,428;43,460;26,908;41,969;43,289;Medio-bajo;570;1
0911001001;2021;67,205;41,316;38,337;67,881;54,864;Alto;571;1
0911001001;2022;67,200;41,758;38,337;63,151;53,510;Alto;571;1
0911001001;2023;67,181;41,316;38,337;63,013;53,398;Alto;571;1
0911201001;2021;54,499;32,983;35,157;53,729;45,238;Medio-alto;572;1
0911201001;2022;54,502;32,622;36,593;55,047;46,011;Medio-alto;572;1
0911201001;2023;54,512;32,622;34,604;55,153;45,448;Medio-alto;572;1
0911301001;2021;70,529;40,559;36,860;46,768;48,804;Alto;573;1
0911301001;2022;70,529;41,031;35,117;45,492;47,970;Alto;573;1
0911301001;2023;70,530;40,559;33,509;46,618;47,754;Medio-alto;573;1
0911401001;2021;62,000;41,116;41,767;39,454;46,034;Medio-alto;574;1
0911401001;2022;62,004;41,554;37,997;36,590;44,110;Medio-alto;574;1
0911401001;2023;61,991;41,116;33,629;37,665;43,053;Medio-bajo;574;1
0911501001;2021;58,522;22,634;37,216;52,762;45,019;Medio-alto;575;1
0911501001;2022;58,519;22,277;34,082;54,193;44,454;Medio-alto;575;1
0911501001;2023;58,531;22,634;33,742;50,331;43,250;Medio-bajo;575;1
0911701001;2021;48,637;29,863;38,337;44,026;41,348;Medio-bajo;576;0
0911701001;2022;48,644;29,863;38,337;48,359;42,649;Medio-bajo;576;1
0911701001;2023;48,676;30,182;38,337;46,754;42,224;Medio-bajo;576;0
0911901001;2021;65,824;30,553;38,337;74,763;54,969;Alto;577;1
0911901001;2022;65,844;30,553;38,337;73,667;54,645;Alto;577;1
0911901001;2023;65,805;31,005;38,337;68,573;53,175;Alto;577;1
0912001001;2021;54,472;22,326;38,337;55,318;45,064;Medio-alto;578;1
0912001001;2022;54,472;22,326;38,337;54,655;44,865;Medio-alto;578;1
0912001001;2023;54,472;22,832;38,337;50,305;43,636;Medio-bajo;578;1
0912201001;2021;63,355;38,144;38,337;47,782;47,396;Medio-alto;579;1
0912201001;2022;63,375;37,323;38,337;51,982;48,538;Alto;579;1
0912201001;2023;63,375;38,555;38,337;46,138;46,970;Medio-alto;579;1
0912301001;2021;58,782;30,011;38,337;46,668;44,699;Medio-alto;580;1
0912301001;2022;58,821;30,630;38,337;43,843;43,954;Medio-alto;580;1
0912301001;2023;58,801;30,011;38,337;48,926;45,381;Medio-alto;580;1
0912401001;2021;60,478;52,488;44,963;47,095;50,610;Alto;581;1
0912401001;2022;60,479;52,488;42,970;47,187;50,040;Alto;581;1
0912401001;2023;60,479;52,488;41,308;46,966;49,475;Alto;581;1
0912501001;2021;43,867;38,503;30,106;48,952;40,459;Medio-bajo;582;0
0912501001;2022;43,863;38,503;28,444;49,137;40,016;Medio-bajo;582;0
0912501001;2023;43,863;38,124;26,180;51,345;39,942;Medio-bajo;582;0
0912701001;2021;54,844;37,453;38,337;61,972;49,422;Alto;583;1
0912701001;2022;54,883;38,409;38,337;56,003;47,784;Medio-alto;583;1
0912701001;2023;54,806;37,931;38,337;56,077;47,716;Medio-alto;583;1
0912801001;2021;43,395;31,142;38,337;51,170;42,372;Medio-bajo;584;1
0912801001;2022;43,395;31,518;38,337;48,366;41,588;Medio-bajo;584;0
0912801001;2023;43,387;31,142;38,337;51,016;42,324;Medio-bajo;584;1
0912901001;2021;68,120;26,841;38,337;52,912;48,431;Alto;585;1
0912901001;2022;68,120;27,142;42,155;51,866;49,308;Alto;585;1
0912901001;2023;68,111;27,443;38,337;50,662;47,844;Medio-alto;585;1
0913001001;2021;58,168;15,178;38,337;59,781;46,254;Medio-alto;586;1
0913001001;2022;58,180;15,450;38,337;59,176;46,117;Medio-alto;586;1
0913001001;2023;58,174;15,178;38,337;56,383;45,236;Medio-alto;586;1
0913101001;2021;40,939;38,717;25,969;32,629;33,622;Bajo;587;0
0913101001;2022;40,939;38,717;25,030;33,121;33,488;Bajo;587;0
0913101001;2023;40,940;38,717;22,306;33,489;32,781;Bajo;587;0
0913201001;2021;56,296;28,158;36,231;50,102;44,198;Medio-alto;588;1
0913201001;2022;56,298;28,479;38,817;49,717;44,906;Medio-alto;588;1
0913201001;2023;56,302;28,158;40,197;50,635;45,548;Medio-alto;588;1
0913301001;2021;57,416;36,980;38,337;35,529;42,061;Medio-bajo;589;0
0913301001;2022;57,399;36,980;38,337;35,757;42,125;Medio-bajo;589;0
0913301001;2023;57,399;36,655;38,337;35,522;42,006;Medio-bajo;589;0
0913401001;2021;58,558;35,138;45,588;47,311;47,780;Medio-alto;590;1
0913401001;2022;58,559;35,138;42,463;46,681;46,653;Medio-alto;590;1
0913401001;2023;58,559;35,576;35,945;46,498;44,709;Medio-alto;590;1
0913501001;2021;59,122;24,915;38,337;63,460;49,057;Alto;591;1
0913501001;2022;59,137;25,239;38,337;60,554;48,237;Alto;591;1
0913501001;2023;59,122;26,213;38,337;53,726;46,332;Medio-alto;591;1
0913601001;2021;49,742;33,910;38,637;52,535;44,873;Medio-alto;592;1
0913601001;2022;49,744;34,280;35,178;49,841;43,084;Medio-bajo;592;1
0913601001;2023;49,737;34,280;34,792;49,432;42,844;Medio-bajo;592;1
0913701001;2021;45,756;28,935;34,773;43,251;39,187;Medio-bajo;593;0
0913701001;2022;45,758;29,269;30,683;41,637;37,526;Bajo;593;0
0913701001;2023;45,752;29,269;28,661;40,947;36,711;Bajo;593;0
0913801001;2021;51,701;32,699;36,469;51,497;44,220;Medio-alto;594;1
0913801001;2022;51,670;32,358;31,027;53,593;43,157;Medio-bajo;594;1
0913801001;2023;51,704;32,358;28,910;53,587;42,529;Medio-bajo;594;1
0913901001;2021;51,921;25,696;38,337;48,823;42,983;Medio-bajo;595;1
0913901001;2022;51,940;25,696;38,337;46,831;42,390;Medio-bajo;595;1
0913901001;2023;51,921;25,397;38,337;48,180;42,745;Medio-bajo;595;1
0914001001;2021;58,683;24,758;36,043;48,243;43,670;Medio-bajo;596;1
0914001001;2022;58,686;25,149;38,965;48,515;44,688;Medio-alto;596;1
0914001001;2023;58,699;25,149;34,284;50,407;43,854;Medio-alto;596;1
0914101001;2021;39,576;39,107;30,813;35,673;35,706;Bajo;597;0
0914101001;2022;39,574;39,449;27,373;34,135;34,263;Bajo;597;0
0914101001;2023;39,574;39,449;25,181;34,457;33,702;Bajo;597;0
0914301001;2021;57,781;42,544;38,337;27,535;40,589;Medio-bajo;598;0
0914301001;2022;57,829;42,544;38,337;27,077;40,463;Medio-bajo;598;0
0914301001;2023;57,829;46,709;38,337;18,225;38,432;Medio-bajo;598;0
0914401001;2021;66,607;32,214;38,337;65,158;52,532;Alto;599;1
0914401001;2022;66,596;32,214;38,337;64,213;52,246;Alto;599;1
0914401001;2023;66,618;32,214;38,337;63,431;52,017;Alto;599;1
0914801001;2021;61,943;24,405;27,948;35,732;38,251;Bajo;600;0
0914801001;2022;61,948;24,405;24,947;34,715;37,046;Bajo;600;0
0914801001;2023;61,940;24,681;28,994;34,599;38,265;Bajo;600;0
0914901001;2021;55,882;20,562;38,337;42,810;41,399;Medio-bajo;601;0
0914901001;2022;55,914;21,236;38,337;39,273;40,447;Medio-bajo;601;0
0914901001;2023;55,914;20,562;38,337;42,161;41,212;Medio-bajo;601;0
0915101001;2021;48,841;40,442;37,478;41,235;41,890;Medio-bajo;602;0
0915101001;2022;48,839;40,442;34,430;41,691;41,112;Medio-bajo;602;0
0915101001;2023;48,837;40,442;33,145;41,277;40,602;Medio-bajo;602;0
0915201001;2021;48,663;23,366;43,447;32,531;38,464;Medio-bajo;603;0
0915201001;2022;48,661;23,032;42,885;34,327;38,784;Medio-bajo;603;0
0915201001;2023;48,660;23,032;39,657;33,723;37,634;Bajo;603;0
0915401001;2021;64,904;39,650;34,732;48,241;47,065;Medio-alto;604;1
0915401001;2022;64,904;39,231;34,861;49,058;47,286;Medio-alto;604;1
0915401001;2023;64,905;38,813;33,004;51,151;47,295;Medio-alto;604;1
0915501001;2021;53,783;33,645;38,337;66,706;50,006;Alto;605;1
0915501001;2022;53,783;34,515;38,337;63,510;49,177;Alto;605;1
0915501001;2023;53,823;36,255;38,337;48,845;45,049;Medio-alto;605;1
0915901001;2021;59,431;21,727;38,337;43,161;42,567;Medio-bajo;606;1
0915901001;2022;59,438;22,039;38,337;42,105;42,298;Medio-bajo;606;1
0915901001;2023;59,460;21,727;38,337;42,226;42,293;Medio-bajo;606;1
0916001001;2021;49,212;37,288;38,337;43,154;42,344;Medio-bajo;607;1
0916001001;2022;49,195;36,606;38,337;44,999;42,791;Medio-bajo;607;1
0916001001;2023;49,203;36,606;38,337;43,590;42,370;Medio-bajo;607;1
0916201001;2021;56,006;34,888;27,704;41,854;40,102;Medio-bajo;608;0
0916201001;2022;55,986;34,490;26,784;42,856;40,062;Medio-bajo;608;0
0916201001;2023;55,969;34,490;25,992;42,952;39,849;Medio-bajo;608;0
0916301001;2021;64,341;37,529;40,777;50,328;49,046;Alto;609;1
0916301001;2022;64,343;37,175;38,841;51,491;48,761;Alto;609;1
0916301001;2023;64,343;37,175;37,339;51,876;48,426;Alto;609;1
0916401001;2021;57,279;30,956;37,999;51,129;45,702;Medio-alto;610;1
0916401001;2022;57,280;30,956;35,382;49,873;44,540;Medio-alto;610;1
0916401001;2023;57,278;30,956;36,528;49,914;44,895;Medio-alto;610;1
0916601001;2021;53,503;28,627;38,337;51,380;44,585;Medio-alto;611;1
0916601001;2022;53,503;28,627;38,337;51,359;44,579;Medio-alto;611;1
0916601001;2023;53,499;28,627;38,337;50,997;44,469;Medio-alto;611;1
0916701001;2021;52,133;27,659;38,337;60,982;46,978;Medio-alto;612;1
0916701001;2022;52,148;27,389;38,337;64,130;47,885;Alto;612;1
0916701001;2023;52,179;27,389;38,337;63,649;47,749;Medio-alto;612;1
0916801001;2021;49,305;33,795;33,610;41,620;39,964;Medio-bajo;613;0
0916801001;2022;49,305;33,795;32,722;40,848;39,466;Medio-bajo;613;0
0916801001;2023;49,307;33,795;30,465;40,909;38,808;Medio-bajo;613;0
0916901001;2021;66,942;48,077;30,772;54,989;49,675;Alto;614;1
0916901001;2022;66,929;47,593;27,030;56,008;48,783;Alto;614;1
0916901001;2023;66,929;48,077;19,906;55,452;46,551;Medio-alto;614;1
0917001001;2021;47,396;33,466;35,993;51,165;43,016;Medio-bajo;615;1
0917001001;2022;47,405;33,466;33,514;50,591;42,103;Medio-bajo;615;0
0917001001;2023;47,408;33,113;34,503;51,703;42,681;Medio-bajo;615;1
0917201001;2021;56,923;2,662;36,670;50,139;40,673;Medio-bajo;616;0
0917201001;2022;56,912;2,662;38,381;50,714;41,356;Medio-bajo;616;0
0917201001;2023;56,931;2,662;28,503;50,735;38,403;Medio-bajo;616;0
0917301001;2021;74,209;35,162;39,642;62,324;54,416;Alto;617;1
0917301001;2022;74,209;34,760;40,723;59,299;53,773;Alto;617;1
0917301001;2023;74,214;34,760;35,320;66,060;54,182;Alto;617;1
0917401001;2021;51,096;39,716;41,837;45,033;44,792;Medio-alto;618;1
0917401001;2022;51,097;39,716;41,567;45,131;44,741;Medio-alto;618;1
0917401001;2023;51,098;39,716;38,544;45,020;43,801;Medio-alto;618;1
0917501001;2021;71,488;29,258;40,049;63,855;53,432;Alto;619;1
0917501001;2022;71,492;29,258;41,168;62,998;53,512;Alto;619;1
0917501001;2023;71,496;29,258;39,023;63,967;53,160;Alto;619;1
0917601001;2021;40,347;30,950;38,337;47,410;40,453;Medio-bajo;620;0
0917601001;2022;40,464;31,296;38,337;45,590;39,989;Medio-bajo;620;0
0917601001;2023;40,433;31,296;38,337;45,287;39,890;Medio-bajo;620;0
0917701001;2021;56,782;46,210;31,572;39,383;42,414;Medio-bajo;621;1
0917701001;2022;56,782;46,210;29,293;39,846;41,869;Medio-bajo;621;0
0917701001;2023;56,782;46,210;27,181;39,306;41,073;Medio-bajo;621;0
0917801001;2021;61,340;22,842;38,337;63,382;49,277;Alto;622;1
0917801001;2022;61,355;22,842;38,337;59,633;48,156;Alto;622;1
0917801001;2023;61,407;22,543;38,337;61,390;48,652;Alto;622;1
0917901001;2021;58,945;27,916;38,337;47,215;44,589;Medio-alto;623;1
0917901001;2022;58,931;27,916;38,337;47,950;44,806;Medio-alto;623;1
0917901001;2023;58,918;27,916;38,337;49,007;45,120;Medio-alto;623;1
0918001001;2021;53,439;20,737;27,808;48,252;39,288;Medio-bajo;624;0
0918001001;2022;53,439;20,421;27,348;47,591;38,905;Medio-bajo;624;0
0918001001;2023;53,444;20,421;25,684;46,559;38,097;Bajo;624;0
0918101001;2021;55,060;28,847;29,685;51,120;42,333;Medio-bajo;625;1
0918101001;2022;55,062;28,847;30,457;51,386;42,646;Medio-bajo;625;1
0918101001;2023;55,063;28,573;28,232;54,637;42,912;Medio-bajo;625;1
0918201001;2021;67,854;25,834;38,337;52,858;48,197;Alto;626;1
0918201001;2022;67,831;25,834;38,337;51,595;47,813;Medio-alto;626;1
0918201001;2023;67,863;25,165;38,337;55,841;48,994;Alto;626;1
0918301001;2021;63,518;25,025;38,337;78,811;54,778;Alto;627;1
0918301001;2022;63,502;24,556;38,337;76,983;54,155;Alto;627;1
0918301001;2023;63,518;24,556;38,337;74,289;53,351;Alto;627;1
0918401001;2021;64,215;32,039;38,337;46,739;46,383;Medio-alto;628;1
0918401001;2022;64,383;32,810;38,337;38,440;44,051;Medio-alto;628;1
0918401001;2023;64,215;32,810;38,337;37,956;43,863;Medio-alto;628;1
0918901001;2021;68,939;14,455;39,526;54,760;47,688;Medio-alto;629;1
0918901001;2022;68,948;14,257;36,687;55,080;46,906;Medio-alto;629;1
0918901001;2023;68,934;14,257;36,371;55,633;46,973;Medio-alto;629;1
0919001001;2021;73,742;18,896;38,337;39,064;44,490;Medio-alto;630;1
0919001001;2022;73,750;18,458;38,337;43,359;45,715;Medio-alto;630;1
0919001001;2023;73,758;18,021;38,337;45,444;46,277;Medio-alto;630;1
0919101001;2021;66,293;36,367;38,337;74,162;55,778;Alto;631;1
0919101001;2022;66,121;36,367;38,337;70,294;54,575;Alto;631;1
0919101001;2023;66,080;36,367;38,337;70,626;54,664;Alto;631;1
0919201001;2021;63,285;23,611;38,337;55,240;47,436;Medio-alto;632;1
0919201001;2022;63,260;23,905;38,337;57,264;48,081;Alto;632;1
0919201001;2023;63,249;23,611;38,337;59,809;48,798;Alto;632;1
0919401001;2021;57,321;48,338;37,156;36,783;43,762;Medio-alto;633;1
0919401001;2022;57,320;48,338;34,277;37,099;42,994;Medio-bajo;633;1
0919401001;2023;57,321;47,873;31,749;38,860;42,694;Medio-bajo;633;1
0919401002;2021;52,276;51,139;42,012;43,060;46,262;Medio-alto;634;1
0919401002;2022;52,277;51,139;38,389;42,441;44,989;Medio-alto;634;1
0919401002;2023;52,277;51,139;36,380;41,845;44,208;Medio-alto;634;1
0919501001;2021;63,322;19,664;38,337;55,896;47,050;Medio-alto;635;1
0919501001;2022;63,339;19,664;38,337;56,647;47,280;Medio-alto;635;1
0919501001;2023;63,368;19,324;38,337;57,986;47,638;Medio-alto;635;1
0919601001;2021;61,433;37,926;30,004;53,592;46,126;Medio-alto;636;1
0919601001;2022;61,448;37,926;30,352;52,981;46,051;Medio-alto;636;1
0919601001;2023;61,438;37,926;27,040;54,412;45,484;Medio-alto;636;1
0919701001;2021;59,251;35,149;35,236;44,528;44,014;Medio-alto;637;1
0919701001;2022;59,248;35,595;32,215;42,843;42,668;Medio-bajo;637;1
0919701001;2023;59,243;35,595;31,899;44,080;42,944;Medio-bajo;637;1
0919801001;2021;55,500;25,227;30,183;57,268;43,894;Medio-alto;638;1
0919801001;2022;55,508;24,891;28,941;64,627;45,681;Medio-alto;638;1
0919801001;2023;55,520;24,891;22,322;57,248;41,485;Medio-bajo;638;0
0919901001;2021;52,569;25,654;30,380;44,506;39,456;Medio-bajo;639;0
0919901001;2022;52,544;25,975;36,749;43,476;41,100;Medio-bajo;639;0
0919901001;2023;52,530;25,975;27,029;42,456;37,874;Bajo;639;0
0920001001;2021;67,911;35,465;38,337;65,411;53,422;Alto;640;1
0920001001;2022;67,904;36,425;38,337;64,191;53,198;Alto;640;1
0920001001;2023;67,884;36,425;38,337;66,709;53,949;Alto;640;1
0920101001;2021;66,002;44,593;38,337;54,471;51,032;Alto;641;1
0920101001;2022;66,002;44,078;38,337;57,262;51,792;Alto;641;1
0920101001;2023;65,922;44,078;38,337;57,968;51,984;Alto;641;1
0920201001;2021;53,859;3,191;38,337;64,639;44,836;Medio-alto;642;1
0920201001;2022;53,859;2,939;38,337;65,611;45,090;Medio-alto;642;1
0920201001;2023;53,770;2,939;38,337;69,163;46,134;Medio-alto;642;1
0920601001;2021;48,495;17,816;38,337;51,958;41,885;Medio-bajo;643;0
0920601001;2022;48,510;17,816;38,337;50,618;41,487;Medio-bajo;643;0
0920601001;2023;48,559;17,091;38,337;52,019;41,810;Medio-bajo;643;0
0920801001;2021;64,691;35,530;34,743;52,190;47,582;Medio-alto;644;1
0920801001;2022;64,693;35,530;31,605;52,467;46,724;Medio-alto;644;1
0920801001;2023;64,695;35,138;29,590;52,611;46,105;Medio-alto;644;1
0920901001;2021;54,305;56,447;39,086;41,949;46,354;Medio-alto;645;1
0920901001;2022;54,307;56,972;36,437;40,920;45,329;Medio-alto;645;1
0920901001;2023;54,305;56,447;34,808;41,978;45,079;Medio-alto;645;1
0920901002;2021;52,118;46,582;42,517;43,040;45,684;Medio-alto;646;1
0920901002;2022;52,117;46,110;39,268;45,175;45,278;Medio-alto;646;1
0920901002;2023;52,121;46,582;36,870;43,752;44,204;Medio-alto;646;1
0920901003;2021;61,932;36,843;36,285;45,568;45,565;Medio-alto;647;1
0920901003;2022;61,933;36,843;33,613;45,899;44,863;Medio-alto;647;1
0920901003;2023;61,932;36,533;32,410;47,458;44,923;Medio-alto;647;1
0920901004;2021;53,209;79,492;43,798;38,849;50,020;Alto;648;1
0920901004;2022;53,208;79,492;38,932;39,085;48,631;Alto;648;1
0920901004;2023;53,208;78,888;36,450;40,253;48,146;Alto;648;1
0920901005;2021;54,426;64,331;43,692;42,189;49,020;Alto;649;1
0920901005;2022;54,425;64,331;41,246;42,238;48,301;Alto;649;1
0920901005;2023;54,425;64,331;37,902;41,675;47,129;Medio-alto;649;1
0921101001;2021;56,353;39,793;41,881;44,952;46,107;Medio-alto;650;1
0921101001;2022;56,353;39,793;39,061;43,648;44,870;Medio-alto;650;1
0921101001;2023;56,354;39,793;38,080;43,894;44,650;Medio-alto;650;1
0921301001;2021;58,230;27,173;38,723;55,524;46,908;Medio-alto;651;1
0921301001;2022;58,238;27,173;37,356;56,344;46,746;Medio-alto;651;1
0921301001;2023;58,235;27,173;36,570;56,967;46,696;Medio-alto;651;1
0921401001;2021;67,657;32,310;41,759;49,367;49,099;Alto;652;1
0921401001;2022;67,657;32,042;39,478;50,777;48,797;Alto;652;1
0921401001;2023;67,657;32,042;38,251;50,477;48,339;Alto;652;1
0921501001;2021;66,419;22,823;40,549;51,722;47,709;Medio-alto;653;1
0921501001;2022;66,420;22,823;39,557;50,278;46,979;Medio-alto;653;1
0921501001;2023;66,416;22,823;38,746;50,030;46,660;Medio-alto;653;1
0921601001;2021;70,534;34,530;45,834;52,348;52,268;Alto;654;1
0921601001;2022;70,536;34,851;42,561;49,857;50,587;Alto;654;1
0921601001;2023;70,535;34,530;40,489;51,084;50,285;Alto;654;1
0921701001;2021;63,865;30,034;41,006;53,181;48,728;Alto;655;1
0921701001;2022;63,865;30,034;39,418;52,118;47,932;Alto;655;1
0921701001;2023;63,861;30,034;38,423;52,023;47,604;Medio-alto;655;1
0921801001;2021;46,531;38,905;34,859;42,812;40,770;Medio-bajo;656;0
0921801001;2022;46,532;38,458;32,449;43,848;40,291;Medio-bajo;656;0
0921801001;2023;46,535;38,458;30,540;44,118;39,800;Medio-bajo;656;0
0921901001;2021;42,822;41,976;49,684;47,354;46,114;Medio-alto;657;1
0921901001;2022;42,820;43,294;52,135;41,986;45,435;Medio-alto;657;1
0921901001;2023;42,760;43,294;49,457;38,055;43,438;Medio-bajo;657;1
0921901002;2021;43,113;45,172;58,271;35,162;45,584;Medio-alto;658;1
0921901002;2022;43,097;44,417;38,337;45,476;42,581;Medio-bajo;658;1
0921901002;2023;43,097;44,417;38,337;45,476;42,581;Medio-bajo;658;1
0921902001;2021;42,428;54,789;43,691;37,439;43,164;Medio-bajo;659;1
0921902001;2022;42,429;54,789;41,570;36,997;42,396;Medio-bajo;659;1
0921902001;2023;42,428;54,789;40,561;37,029;42,103;Medio-bajo;659;0
0921902002;2021;42,541;61,434;37,156;35,117;41,532;Medio-bajo;660;0
0921902002;2022;42,542;61,434;34,505;34,655;40,598;Medio-bajo;660;0
0921902002;2023;42,540;61,434;33,042;34,805;40,204;Medio-bajo;660;0
0921902003;2021;43,274;64,539;49,294;28,633;43,877;Medio-alto;661;1
0921902003;2022;43,275;65,357;45,594;27,112;42,434;Medio-bajo;661;1
0921902003;2023;43,273;66,174;45,719;24,759;41,888;Medio-bajo;661;0
0921902004;2021;43,677;62,862;49,610;38,305;46,723;Medio-alto;662;1
0921902004;2022;43,677;62,067;46,006;38,585;45,607;Medio-alto;662;1
0921902004;2023;43,678;62,862;44,854;36,403;44,726;Medio-alto;662;1
0921902005;2021;42,667;61,367;39,481;34,734;42,137;Medio-bajo;663;0
0921902005;2022;42,667;60,671;36,798;35,116;41,342;Medio-bajo;663;0
0921902005;2023;42,667;60,671;34,408;34,926;40,568;Medio-bajo;663;0
0921902006;2021;44,390;58,194;38,625;35,109;41,947;Medio-bajo;664;0
0921902006;2022;44,390;58,828;35,912;33,963;40,884;Medio-bajo;664;0
0921902006;2023;44,389;58,828;34,558;34,576;40,661;Medio-bajo;664;0
0921902007;2021;42,817;66,508;31,678;35,030;40,693;Medio-bajo;665;0
0921902007;2022;42,817;65,896;29,809;36,123;40,368;Medio-bajo;665;0
0921902007;2023;42,817;65,896;28,025;36,060;39,814;Medio-bajo;665;0
0921903001;2021;42,516;61,382;40,836;40,535;44,247;Medio-alto;666;1
0921903001;2022;42,515;61,382;39,960;40,794;44,062;Medio-alto;666;1
0921903001;2023;42,516;61,382;39,328;41,005;43,936;Medio-alto;666;1
0921903002;2021;42,600;59,586;33,036;37,405;40,720;Medio-bajo;667;0
0921903002;2022;42,601;59,586;30,325;38,163;40,135;Medio-bajo;667;0
0921903002;2023;42,601;59,586;29,738;37,435;39,740;Medio-bajo;667;0
0921903003;2021;42,506;58,417;36,446;38,656;41,920;Medio-bajo;668;0
0921903003;2022;42,506;58,417;33,622;39,261;41,254;Medio-bajo;668;0
0921903003;2023;42,506;58,417;33,149;38,275;40,816;Medio-bajo;668;0
0921903004;2021;42,923;61,746;47,889;45,273;47,941;Alto;669;1
0921903004;2022;42,925;61,746;44,570;45,011;46,868;Medio-alto;669;1
0921903004;2023;42,924;61,746;42,508;44,850;46,201;Medio-alto;669;1
0921903005;2021;42,854;60,819;34,186;38,955;41,779;Medio-bajo;670;0
0921903005;2022;42,855;60,819;30,216;39,050;40,616;Medio-bajo;670;0
0921903005;2023;42,855;60,146;28,754;40,446;40,496;Medio-bajo;670;0
0921903006;2021;42,833;60,423;34,375;37,316;41,279;Medio-bajo;671;0
0921903006;2022;42,835;60,423;32,262;37,047;40,565;Medio-bajo;671;0
0921903006;2023;42,834;60,423;29,743;36,933;39,775;Medio-bajo;671;0
0921903007;2021;42,911;67,267;34,093;40,469;43,187;Medio-bajo;672;1
0921903007;2022;42,912;67,267;32,298;40,464;42,647;Medio-bajo;672;1
0921903007;2023;42,911;67,267;30,495;40,455;42,103;Medio-bajo;672;0
0921903008;2021;42,954;65,516;35,515;37,502;42,471;Medio-bajo;673;1
0921903008;2022;42,954;65,516;33,056;37,433;41,713;Medio-bajo;673;0
0921903008;2023;42,953;65,516;31,311;37,693;41,267;Medio-bajo;673;0
0921903009;2021;43,014;61,259;41,186;34,433;42,628;Medio-bajo;674;1
0921903009;2022;43,014;61,259;38,262;34,722;41,837;Medio-bajo;674;0
0921903009;2023;43,013;61,259;35,427;34,354;40,876;Medio-bajo;674;0
0921903010;2021;43,948;67,520;31,981;34,298;40,999;Medio-bajo;675;0
0921903010;2022;43,948;67,520;30,080;34,646;40,533;Medio-bajo;675;0
0921903010;2023;43,948;67,520;27,576;34,717;39,803;Medio-bajo;675;0
0921903011;2021;43,093;69,351;37,068;35,864;43,055;Medio-bajo;676;1
0921903011;2022;43,094;69,351;34,499;36,205;42,387;Medio-bajo;676;1
0921903011;2023;43,093;69,351;32,413;35,765;41,629;Medio-bajo;676;0
0921903012;2021;43,127;67,619;38,754;33,783;42,686;Medio-bajo;677;1
0921903012;2022;43,127;68,344;36,248;33,048;41,822;Medio-bajo;677;0
0921903012;2023;43,127;68,344;34,776;32,877;41,329;Medio-bajo;677;0
0921903013;2021;43,311;67,192;39,212;34,474;43,012;Medio-bajo;678;1
0921903013;2022;43,311;67,192;36,851;34,480;42,306;Medio-bajo;678;1
0921903013;2023;43,311;67,192;34,926;34,658;41,782;Medio-bajo;678;0
0921903014;2021;43,566;67,348;29,224;34,302;40,052;Medio-bajo;679;0
0921903014;2022;43,565;67,348;25,645;34,661;39,086;Medio-bajo;679;0
0921903014;2023;43,564;67,348;22,838;34,439;38,176;Bajo;679;0
0921903015;2021;42,509;61,510;38,254;38,022;42,737;Medio-bajo;680;1
0921903015;2022;42,510;61,510;34,700;38,201;41,724;Medio-bajo;680;0
0921903015;2023;42,511;61,510;29,536;37,721;40,032;Medio-bajo;680;0
0921903016;2021;42,702;65,707;32,686;39,721;42,253;Medio-bajo;681;0
0921903016;2022;42,703;65,707;29,574;40,389;41,521;Medio-bajo;681;0
0921903016;2023;42,703;65,707;28,527;40,022;41,096;Medio-bajo;681;0
0921903017;2021;43,091;66,390;37,047;38,091;43,273;Medio-bajo;682;1
0921903017;2022;43,092;65,710;34,908;39,616;42,987;Medio-bajo;682;1
0921903017;2023;43,093;65,710;32,059;40,874;42,510;Medio-bajo;682;1
0921903018;2021;43,428;74,273;29,581;31,083;40,197;Medio-bajo;683;0
0921903018;2022;43,431;73,607;27,643;31,890;39,759;Medio-bajo;683;0
0921903018;2023;43,430;73,607;25,703;32,437;39,341;Medio-bajo;683;0
0921904001;2021;47,381;25,768;32,395;45,224;38,996;Medio-bajo;684;0
0921904001;2022;47,381;26,041;30,113;44,178;38,039;Bajo;684;0
0921904001;2023;47,382;25,768;29,137;45,769;38,182;Bajo;684;0
0921904002;2021;46,138;40,023;33,940;40,701;39,930;Medio-bajo;685;0
0921904002;2022;46,139;40,023;31,228;40,382;39,021;Medio-bajo;685;0
0921904002;2023;46,138;40,023;27,909;40,456;38,047;Bajo;685;0
0921904003;2021;43,508;51,792;27,831;31,785;36,530;Bajo;686;0
0921904003;2022;43,508;51,792;24,652;31,716;35,556;Bajo;686;0
0921904003;2023;43,508;51,792;23,059;31,305;34,955;Bajo;686;0
0922001001;2021;57,880;29,925;38,337;52,529;46,219;Medio-alto;687;1
0922001001;2022;57,851;30,254;38,337;51,777;46,035;Medio-alto;687;1
0922001001;2023;57,851;30,254;38,337;51,417;45,927;Medio-alto;687;1
0922101001;2021;40,578;49,443;28,977;31,521;35,710;Bajo;688;0
0922101001;2022;40,574;49,053;26,548;32,964;35,355;Bajo;688;0
0922101001;2023;40,576;48,664;26,323;34,221;35,607;Bajo;688;0
0922301001;2021;68,248;28,547;38,337;62,018;51,451;Alto;689;1
0922301001;2022;68,210;28,072;38,337;63,956;51,951;Alto;689;1
0922301001;2023;68,269;28,072;38,337;64,857;52,236;Alto;689;1
0922401001;2021;58,188;19,424;34,153;46,624;41,694;Medio-bajo;690;0
0922401001;2022;58,190;19,424;32,697;47,091;41,397;Medio-bajo;690;0
0922401001;2023;58,200;19,424;29,705;46,760;40,403;Medio-bajo;690;0
0922501001;2021;71,155;36,658;38,337;66,072;54,610;Alto;691;1
0922501001;2022;71,164;36,983;38,337;68,928;55,518;Alto;691;1
0922501001;2023;71,146;36,658;38,337;67,652;55,082;Alto;691;1
0922601001;2021;77,023;31,088;38,337;73,189;57,377;Alto;692;1
0922601001;2022;77,029;31,088;38,337;73,701;57,532;Alto;692;1
0922601001;2023;77,023;31,088;38,337;72,502;57,171;Alto;692;1
0922701001;2021;57,433;30,168;27,998;41,874;39,845;Medio-bajo;693;0
0922701001;2022;57,419;30,168;25,623;42,086;39,193;Medio-bajo;693;0
0922701001;2023;57,425;30,468;21,725;42,269;38,125;Bajo;693;0
0922801001;2021;54,349;33,225;28,150;45,480;40,660;Medio-bajo;694;0
0922801001;2022;54,354;33,225;26,808;45,432;40,244;Medio-bajo;694;0
0922801001;2023;54,347;32,605;27,504;47,580;41,003;Medio-bajo;694;0
0922901001;2021;54,376;33,439;37,855;45,604;43,648;Medio-bajo;695;1
0922901001;2022;54,381;33,439;35,885;44,152;42,622;Medio-bajo;695;1
0922901001;2023;54,378;33,439;35,623;44,229;42,566;Medio-bajo;695;1
0923001001;2021;57,670;30,184;38,337;70,870;51,707;Alto;696;1
0923001001;2022;57,833;29,957;38,337;68,417;50,978;Alto;696;1
0923001001;2023;57,881;29,503;38,337;66,534;50,357;Alto;696;1
0923101001;2021;62,251;32,530;38,337;58,156;49,390;Alto;697;1
0923101001;2022;62,241;31,424;38,337;62,058;50,392;Alto;697;1
0923101001;2023;62,223;31,424;38,337;62,068;50,391;Alto;697;1
0923201001;2021;67,287;42,075;38,337;50,948;49,918;Alto;698;1
0923201001;2022;67,292;41,600;38,337;54,555;50,931;Alto;698;1
0923201001;2023;67,309;40,652;38,337;58,846;52,080;Alto;698;1
0923501001;2021;54,842;33,873;48,572;47,037;47,474;Medio-alto;699;1
0923501001;2022;54,837;33,873;44,833;47,792;46,578;Medio-alto;699;1
0923501001;2023;54,847;33,873;47,233;48,644;47,556;Medio-alto;699;1
0923601001;2021;50,479;20,502;38,337;63,757;46,323;Medio-alto;700;1
0923601001;2022;50,479;20,502;38,337;63,234;46,166;Medio-alto;700;1
0923601001;2023;50,520;22,564;38,337;52,096;43,145;Medio-bajo;700;1
0923801001;2021;52,870;41,414;42,691;55,940;49,019;Alto;701;1
0923801001;2022;52,872;41,414;41,294;56,349;48,723;Alto;701;1
0923801001;2023;52,872;41,414;38,256;56,860;47,965;Alto;701;1
0923901001;2021;59,015;31,539;38,337;42,642;43,778;Medio-alto;702;1
0923901001;2022;58,991;31,153;38,337;43,954;44,108;Medio-alto;702;1
0923901001;2023;59,008;30,381;38,337;48,882;45,475;Medio-alto;702;1
0924101001;2021;39,094;39,781;36,391;32,369;36,368;Bajo;703;0
0924101001;2022;39,094;39,394;30,541;34,498;35,194;Bajo;703;0
0924101001;2023;39,093;39,394;28,751;34,310;34,601;Bajo;703;0
0924201001;2021;60,481;22,088;38,337;75,172;52,486;Alto;704;1
0924201001;2022;60,501;22,088;38,337;75,825;52,687;Alto;704;1
0924201001;2023;60,523;22,337;38,337;75,471;52,624;Alto;704;1
0924301001;2021;60,547;27,020;38,337;48,386;45,207;Medio-alto;705;1
0924301001;2022;60,554;27,278;38,337;46,609;44,714;Medio-alto;705;1
0924301001;2023;60,535;27,278;38,337;45,727;44,445;Medio-alto;705;1
0924401001;2021;65,417;27,906;38,337;55,032;48,551;Alto;706;1
0924401001;2022;65,395;30,022;38,337;45,168;45,904;Medio-alto;706;1
0924401001;2023;65,232;28,752;38,337;45,897;45,891;Medio-alto;706;1
0924601001;2021;69,435;37,384;40,611;45,468;48,790;Alto;707;1
0924601001;2022;69,435;37,065;36,447;46,991;47,950;Alto;707;1
0924601001;2023;69,436;37,065;35,885;47,151;47,829;Medio-alto;707;1
0924701001;2021;66,600;26,096;38,337;53,654;48,162;Alto;708;1
0924701001;2022;66,695;26,548;38,337;50,395;47,276;Medio-alto;708;1
0924701001;2023;66,915;26,322;38,337;52,427;47,906;Alto;708;1
0924801001;2021;66,072;40,546;38,337;62,644;52,895;Alto;709;1
0924801001;2022;66,047;41,365;38,337;55,920;50,994;Alto;709;1
0924801001;2023;66,036;40,956;38,337;54,361;50,462;Alto;709;1
0924901001;2021;53,205;32,253;38,337;44,279;42,924;Medio-bajo;710;1
0924901001;2022;53,183;32,539;38,337;42,883;42,543;Medio-bajo;710;1
0924901001;2023;53,183;31,395;38,337;49,143;44,249;Medio-alto;710;1
0925001001;2021;47,470;44,780;23,392;31,017;34,907;Bajo;711;0
0925001001;2022;47,474;44,780;24,631;30,133;35,015;Bajo;711;0
0925001001;2023;47,474;44,780;23,422;31,982;35,207;Bajo;711;0
0925101001;2021;54,128;35,173;39,895;46,171;44,628;Medio-alto;712;1
0925101001;2022;54,129;35,173;38,075;45,886;43,996;Medio-alto;712;1
0925101001;2023;54,127;35,173;39,419;45,340;44,235;Medio-alto;712;1
0925301001;2021;52,367;23,313;33,666;36,865;37,748;Bajo;713;0
0925301001;2022;52,360;22,986;31,049;38,519;37,408;Bajo;713;0
0925301001;2023;52,397;22,331;28,337;42,025;37,558;Bajo;713;0
0925501001;2021;58,652;19,968;38,337;68,589;49,736;Alto;714;1
0925501001;2022;58,665;20,361;38,337;62,622;48,008;Alto;714;1
0925501001;2023;58,636;19,575;38,337;66,119;48,932;Alto;714;1
0925601001;2021;54,371;35,637;39,720;38,140;42,296;Medio-bajo;715;1
0925601001;2022;54,370;35,637;37,509;38,855;41,847;Medio-bajo;715;0
0925601001;2023;54,372;35,272;33,656;39,604;40,862;Medio-bajo;715;0
0925701001;2021;52,950;16,062;38,337;47,661;41,446;Medio-bajo;716;0
0925701001;2022;52,914;15,815;38,337;48,413;41,626;Medio-bajo;716;0
0925701001;2023;52,909;16,062;38,337;43,108;40,070;Medio-bajo;716;0
0925801001;2021;66,680;26,611;38,127;55,541;48,762;Alto;717;1
0925801001;2022;66,678;26,922;33,684;53,607;46,895;Medio-alto;717;1
0925801001;2023;66,678;26,299;33,068;56,390;47,452;Medio-alto;717;1
0925901001;2021;49,282;32,504;24,815;42,200;37,300;Bajo;718;0
0925901001;2022;49,275;31,716;22,856;45,373;37,545;Bajo;718;0
0925901001;2023;49,275;31,716;21,039;46,386;37,304;Bajo;718;0
0926101001;2021;54,674;36,485;45,534;45,338;46,403;Medio-alto;719;1
0926101001;2022;54,673;36,111;42,444;47,595;46,097;Medio-alto;719;1
0926101001;2023;54,677;36,111;41,351;48,845;46,145;Medio-alto;719;1
0926201001;2021;65,525;33,542;27,836;43,888;42,930;Medio-bajo;720;1
0926201001;2022;65,525;33,542;30,042;44,142;43,668;Medio-bajo;720;1
0926201001;2023;65,527;33,542;28,247;45,380;43,501;Medio-bajo;720;1
0926501001;2021;61,379;29,453;38,337;59,114;48,998;Alto;721;1
0926501001;2022;61,303;29,862;38,337;56,845;48,360;Alto;721;1
0926501001;2023;61,347;29,862;38,337;56,128;48,156;Alto;721;1
0926601001;2021;67,386;31,195;38,337;48,861;47,685;Medio-alto;722;1
0926601001;2022;67,385;31,195;38,337;49,558;47,894;Alto;722;1
0926601001;2023;67,391;30,800;38,337;51,956;48,556;Alto;722;1
0926701001;2021;56,632;39,120;26,348;55,091;44,458;Medio-alto;723;1
0926701001;2022;56,640;38,601;27,370;56,744;45,184;Medio-alto;723;1
0926701001;2023;56,647;38,083;38,337;60,762;49,604;Alto;723;1
0926801001;2021;66,233;28,486;38,337;63,194;51,291;Alto;724;1
0926801001;2022;66,233;28,486;35,452;59,366;49,277;Alto;724;1
0926801001;2023;66,230;28,486;38,337;64,353;51,638;Alto;724;1
0926901001;2021;61,358;34,749;38,337;50,384;47,168;Medio-alto;725;1
0926901001;2022;61,416;35,169;38,337;49,158;46,878;Medio-alto;725;1
0926901001;2023;61,484;34,328;38,337;53,113;47,955;Alto;725;1
0927001001;2021;60,525;34,368;28,664;44,161;42,134;Medio-bajo;726;0
0927001001;2022;60,523;34,368;25,698;43,066;40,915;Medio-bajo;726;0
0927001001;2023;60,525;33,966;24,507;45,797;41,317;Medio-bajo;726;0
0927201001;2021;64,371;24,732;40,244;53,854;48,032;Alto;727;1
0927201001;2022;64,373;24,732;36,938;54,159;47,132;Medio-alto;727;1
0927201001;2023;64,372;24,732;32,669;54,907;46,076;Medio-alto;727;1
0927301001;2021;56,396;26,729;38,337;50,613;44,794;Medio-alto;728;1
0927301001;2022;56,402;26,729;38,337;48,134;44,051;Medio-alto;728;1
0927301001;2023;56,376;26,729;38,337;47,319;43,800;Medio-alto;728;1
0927401001;2021;59,604;44,525;41,780;46,211;47,977;Alto;729;1
0927401001;2022;59,604;44,084;37,892;47,478;47,125;Medio-alto;729;1
0927401001;2023;59,605;44,084;35,867;47,569;46,544;Medio-alto;729;1
0927501001;2021;50,572;34,923;30,832;51,916;42,706;Medio-bajo;730;1
0927501001;2022;50,547;34,923;33,463;49,666;42,814;Medio-bajo;730;1
0927501001;2023;50,550;34,923;31,531;49,667;42,235;Medio-bajo;730;0
0927601001;2021;63,748;38,262;28,144;38,578;41,693;Medio-bajo;731;0
0927601001;2022;63,747;38,262;26,329;38,109;41,007;Medio-bajo;731;0
0927601001;2023;63,745;38,262;24,320;38,432;40,501;Medio-bajo;731;0
0927701001;2021;66,394;35,809;36,643;62,768;51,793;Alto;732;1
0927701001;2022;66,393;36,269;34,630;58,641;50,020;Alto;732;1
0927701001;2023;66,395;35,809;29,784;58,498;48,455;Alto;732;1
0927901001;2021;46,519;28,094;38,802;34,498;37,834;Bajo;733;0
0927901001;2022;46,511;27,758;36,732;36,441;37,743;Bajo;733;0
0927901001;2023;46,517;27,422;38,044;37,754;38,482;Medio-bajo;733;0
0928001001;2021;58,783;27,887;38,337;59,804;48,321;Alto;734;1
0928001001;2022;58,681;27,887;38,337;59,096;48,083;Alto;734;1
0928001001;2023;58,713;27,887;38,337;60,151;48,408;Alto;734;1
0928101001;2021;49,658;27,234;36,868;46,050;41,375;Medio-bajo;735;0
0928101001;2022;49,666;27,234;34,460;45,050;40,355;Medio-bajo;735;0
0928101001;2023;49,666;27,559;31,829;42,463;38,838;Medio-bajo;735;0
0928301001;2021;58,858;26,769;38,337;65,401;49,851;Alto;736;1
0928301001;2022;58,821;26,769;38,337;61,901;48,792;Alto;736;1
0928301001;2023;58,756;26,769;38,337;61,423;48,633;Alto;736;1
0928701001;2021;42,938;45,941;29,477;35,250;37,044;Bajo;737;0
0928701001;2022;42,914;46,278;26,564;32,895;35,508;Bajo;737;0
0928701001;2023;42,902;46,278;24,269;32,914;34,822;Bajo;737;0
0928801001;2021;48,730;30,167;31,810;38,255;37,727;Bajo;738;0
0928801001;2022;48,730;30,167;32,271;38,792;38,027;Bajo;738;0
0928801001;2023;48,762;30,167;29,448;38,042;36,963;Bajo;738;0
0928901001;2021;61,877;38,363;44,784;46,786;48,695;Alto;739;1
0928901001;2022;61,879;38,363;40,768;46,556;47,421;Medio-alto;739;1
0928901001;2023;61,879;38,363;37,964;46,901;46,684;Medio-alto;739;1
0928901002;2021;61,206;41,137;45,893;46,566;49,210;Alto;740;1
0928901002;2022;61,207;41,137;43,992;46,312;48,563;Alto;740;1
0928901002;2023;61,208;41,137;41,297;46,682;47,866;Alto;740;1
0929201001;2021;56,652;35,626;38,337;55,234;47,578;Medio-alto;741;1
0929201001;2022;56,686;35,626;38,337;53,546;47,081;Medio-alto;741;1
0929201001;2023;56,705;35,264;38,337;55,453;47,603;Medio-alto;741;1
0929401001;2021;55,362;33,391;35,126;44,507;42,739;Medio-bajo;742;1
0929401001;2022;55,358;33,391;36,769;44,598;43,258;Medio-bajo;742;1
0929401001;2023;55,367;33,391;35,495;44,119;42,735;Medio-bajo;742;1
0929501001;2021;71,139;29,555;38,337;53,426;49,747;Alto;743;1
0929501001;2022;71,131;29,951;38,337;51,217;49,142;Alto;743;1
0929501001;2023;71,135;29,951;38,337;51,500;49,227;Alto;743;1
0929701001;2021;45,862;32,083;33,038;40,526;38,347;Bajo;744;0
0929701001;2022;45,861;32,083;33,520;40,257;38,411;Medio-bajo;744;0
0929701001;2023;45,856;32,083;31,130;39,880;37,580;Bajo;744;0
0929801001;2021;58,563;24,235;38,337;50,401;44,898;Medio-alto;745;1
0929801001;2022;58,597;24,864;38,337;46,714;43,894;Medio-alto;745;1
0929801001;2023;58,616;24,235;38,337;48,678;44,394;Medio-alto;745;1
0930101001;2021;36,330;47,645;26,635;37,306;35,412;Bajo;746;0
0930101001;2022;36,328;48,028;24,320;36,275;34,465;Bajo;746;0
0930101001;2023;36,326;48,028;22,123;35,924;33,700;Bajo;746;0
0930201001;2021;68,658;36,326;38,337;62,781;52,949;Alto;747;1
0930201001;2022;68,665;36,053;34,824;64,453;52,357;Alto;747;1
0930201001;2023;68,649;36,053;38,337;62,685;52,877;Alto;747;1
0930301001;2021;61,069;37,993;38,337;52,820;48,314;Alto;748;1
0930301001;2022;61,062;39,754;38,337;49,963;47,719;Medio-alto;748;1
0930301001;2023;61,053;39,167;38,337;52,813;48,483;Alto;748;1
0930401001;2021;44,447;32,266;28,189;44,270;37,690;Bajo;749;0
0930401001;2022;44,455;31,996;25,693;43,869;36,782;Bajo;749;0
0930401001;2023;44,417;32,266;25,416;44,387;36,885;Bajo;749;0
0930601001;2021;67,925;19,185;38,337;62,014;49,965;Alto;750;1
0930601001;2022;67,937;18,903;38,337;58,776;48,953;Alto;750;1
0930601001;2023;67,925;18,903;38,337;56,073;48,140;Alto;750;1
0930701001;2021;62,809;23,981;46,266;47,277;47,362;Medio-alto;751;1
0930701001;2022;62,809;24,277;42,586;48,261;46,598;Medio-alto;751;1
0930701001;2023;62,812;24,277;38,337;47,813;45,190;Medio-alto;751;1
0930801001;2021;58,441;21,354;38,337;54,789;45,751;Medio-alto;752;1
0930801001;2022;58,441;21,650;38,337;52,313;45,053;Medio-alto;752;1
0930801001;2023;58,422;21,354;38,337;51,871;44,871;Medio-alto;752;1
0930901001;2021;62,597;37,838;38,060;43,347;45,747;Medio-alto;753;1
0930901001;2022;62,599;37,519;34,187;45,000;45,034;Medio-alto;753;1
0930901001;2023;62,601;37,519;31,605;43,643;43,853;Medio-alto;753;1
0931001001;2021;57,852;25,855;38,337;47,090;43,969;Medio-alto;754;1
0931001001;2022;57,852;25,556;38,337;48,026;44,205;Medio-alto;754;1
0931001001;2023;57,715;26,452;38,337;45,114;43,432;Medio-bajo;754;1
0931101001;2021;70,650;19,360;38,337;55,781;48,802;Alto;755;1
0931101001;2022;70,652;19,683;38,337;54,991;48,614;Alto;755;1
0931101001;2023;70,660;19,683;38,337;54,186;48,374;Alto;755;1
0931201001;2021;64,695;38,283;38,337;53,172;49,369;Alto;756;1
0931201001;2022;64,712;38,283;38,337;54,060;49,640;Alto;756;1
0931201001;2023;64,709;38,283;33,154;55,718;48,581;Alto;756;1
0931401001;2021;61,190;35,016;30,374;55,515;46,316;Medio-alto;757;1
0931401001;2022;61,208;35,482;30,495;54,739;46,194;Medio-alto;757;1
0931401001;2023;61,204;35,016;38,337;58,379;49,568;Alto;757;1
0931501001;2021;47,018;43,662;27,396;34,800;36,963;Bajo;758;0
0931501001;2022;47,003;43,662;26,206;34,639;36,553;Bajo;758;0
0931501001;2023;47,001;43,662;25,936;33,941;36,263;Bajo;758;0
0931601001;2021;65,596;32,947;32,240;51,195;46,372;Medio-alto;759;1
0931601001;2022;65,581;33,612;29,679;46,536;44,301;Medio-alto;759;1
0931601001;2023;65,576;33,612;30,436;47,279;44,750;Medio-alto;759;1
0931701001;2021;65,978;23,630;38,337;57,656;48,837;Alto;760;1
0931701001;2022;66,042;23,375;38,337;59,879;49,482;Alto;760;1
0931701001;2023;66,113;22,866;38,337;64,051;50,675;Alto;760;1
0931801001;2021;70,378;40,205;38,337;72,087;56,753;Alto;761;1
0931801001;2022;70,382;39,698;38,337;71,980;56,646;Alto;761;1
0931801001;2023;70,390;39,698;38,337;71,724;56,571;Alto;761;1
0932101001;2021;43,464;48,165;44,924;38,812;43,212;Medio-bajo;762;1
0932101001;2022;43,464;48,662;42,688;37,457;42,209;Medio-bajo;762;0
0932101001;2023;43,464;48,662;41,160;37,385;41,729;Medio-bajo;762;0
0932101002;2021;43,753;40,660;45,706;33,611;40,833;Medio-bajo;763;0
0932101002;2022;43,754;40,660;45,428;32,927;40,544;Medio-bajo;763;0
0932101002;2023;43,752;40,660;42,970;33,003;39,829;Medio-bajo;763;0
0932301001;2021;60,821;30,520;38,337;54,647;47,678;Medio-alto;764;1
0932301001;2022;60,809;30,177;38,337;58,262;48,709;Alto;764;1
0932301001;2023;60,834;30,520;38,337;54,032;47,497;Medio-alto;764;1
0932501001;2021;68,529;39,726;37,963;65,119;54,016;Alto;765;1
0932501001;2022;68,528;39,726;38,166;66,839;54,592;Alto;765;1
0932501001;2023;68,530;39,726;37,339;66,999;54,393;Alto;765;1
0932601001;2021;40,892;39,853;25,605;41,645;36,376;Bajo;766;0
0932601001;2022;40,892;40,214;25,393;39,883;35,838;Bajo;766;0
0932601001;2023;40,871;40,575;23,052;37,365;34,429;Bajo;766;0
0932701001;2021;59,170;32,220;38,337;58,697;48,736;Alto;767;1
0932701001;2022;59,170;32,220;38,337;55,846;47,881;Alto;767;1
0932701001;2023;58,961;32,640;38,337;53,535;47,198;Medio-alto;767;1
0932801001;2021;64,923;26,750;38,337;64,664;51,144;Alto;768;1
0932801001;2022;64,903;26,750;38,337;68,013;52,143;Alto;768;1
0932801001;2023;64,892;26,750;38,337;65,467;51,377;Alto;768;1
0932901001;2021;60,044;30,952;37,031;45,614;44,447;Medio-alto;769;1
0932901001;2022;60,041;30,557;34,012;46,185;43,653;Medio-bajo;769;1
0932901001;2023;60,041;30,557;31,589;47,061;43,189;Medio-bajo;769;1
0933001001;2021;58,247;58,443;38,619;39,534;46,774;Medio-alto;770;1
0933001001;2022;58,247;58,443;36,296;39,486;46,063;Medio-alto;770;1
0933001001;2023;58,247;57,933;35,046;41,231;46,135;Medio-alto;770;1
0933201001;2021;39,439;41,499;26,576;39,005;35,759;Bajo;771;0
0933201001;2022;39,418;41,499;28,726;37,275;35,880;Bajo;771;0
0933201001;2023;39,382;41,499;24,918;37,631;34,835;Bajo;771;0
0933401001;2021;56,897;27,922;38,337;55,241;46,486;Medio-alto;772;1
0933401001;2022;56,909;27,922;38,337;53,914;46,091;Medio-alto;772;1
0933401001;2023;56,934;27,569;38,337;52,890;45,737;Medio-alto;772;1
0933501001;2021;59,762;29,831;38,337;56,509;47,869;Alto;773;1
0933501001;2022;59,754;29,831;38,337;63,088;49,841;Alto;773;1
0933501001;2023;59,762;29,831;38,337;58,765;48,546;Alto;773;1
0933701001;2021;52,384;32,632;43,767;40,666;43,321;Medio-bajo;774;1
0933701001;2022;52,390;31,912;39,066;44,552;42,970;Medio-bajo;774;1
0933701001;2023;52,405;31,912;39,021;42,864;42,453;Medio-bajo;774;1
0933801001;2021;37,865;41,031;32,693;38,358;36,936;Bajo;775;0
0933801001;2022;37,866;41,031;30,242;39,049;36,408;Bajo;775;0
0933801001;2023;37,855;40,616;29,715;40,499;36,620;Bajo;775;0
0933901001;2021;55,267;26,615;43,320;49,979;45,799;Medio-alto;776;1
0933901001;2022;55,270;26,923;43,184;46,563;44,780;Medio-alto;776;1
0933901001;2023;55,265;26,615;37,849;47,459;43,401;Medio-bajo;776;1
0934001001;2021;65,239;36,614;38,337;59,184;51,058;Alto;777;1
0934001001;2022;65,256;36,614;38,337;60,947;51,591;Alto;777;1
0934001001;2023;65,256;36,614;38,337;64,980;52,801;Alto;777;1
0934301001;2021;58,230;36,795;40,055;49,793;47,031;Medio-alto;778;1
0934301001;2022;58,224;37,247;40,941;47,875;46,788;Medio-alto;778;1
0934301001;2023;58,224;37,247;38,571;48,923;46,391;Medio-alto;778;1
0934501001;2021;50,763;30,612;38,904;47,233;43,124;Medio-bajo;779;1
0934501001;2022;50,752;30,260;36,164;47,955;42,463;Medio-bajo;779;1
0934501001;2023;50,753;30,612;36,752;44,924;41,783;Medio-bajo;779;0
0934601001;2021;64,152;29,181;33,406;52,699;46,247;Medio-alto;780;1
0934601001;2022;64,149;28,815;32,417;55,467;46,725;Medio-alto;780;1
0934601001;2023;64,152;29,181;30,988;53,664;45,811;Medio-alto;780;1
0934701001;2021;54,075;28,993;34,508;44,752;41,646;Medio-bajo;781;0
0934701001;2022;54,071;29,319;31,273;42,954;40,184;Medio-bajo;781;0
0934701001;2023;54,062;28,993;29,135;45,441;40,237;Medio-bajo;781;0
0934801001;2021;59,069;43,880;47,703;45,064;49,179;Alto;782;1
0934801001;2022;59,069;43,880;44,993;45,952;48,633;Alto;782;1
0934801001;2023;59,067;43,880;44,618;46,884;48,799;Alto;782;1
0935001001;2021;57,076;31,805;32,826;44,357;42,195;Medio-bajo;783;0
0935001001;2022;57,077;31,805;31,831;45,095;42,118;Medio-bajo;783;0
0935001001;2023;57,077;31,805;31,540;44,489;41,849;Medio-bajo;783;0
0935101001;2021;58,792;24,687;38,337;62,912;48,776;Alto;784;1
0935101001;2022;58,828;24,361;38,337;67,138;50,004;Alto;784;1
0935101001;2023;58,810;24,687;38,337;64,100;49,137;Alto;784;1
0935201001;2021;64,450;25,724;38,337;70,415;52,597;Alto;785;1
0935201001;2022;64,460;25,724;36,714;66,319;50,883;Alto;785;1
0935201001;2023;64,454;26,138;35,359;63,796;49,781;Alto;785;1
0935301001;2021;57,954;38,313;38,337;45,678;45,440;Medio-alto;786;1
0935301001;2022;57,962;38,313;38,337;48,640;46,331;Medio-alto;786;1
0935301001;2023;57,970;38,313;38,337;47,200;45,901;Medio-alto;786;1
0935401001;2021;57,710;24,786;38,337;58,721;47,263;Medio-alto;787;1
0935401001;2022;57,584;24,452;38,337;57,725;46,883;Medio-alto;787;1
0935401001;2023;57,557;24,452;38,337;57,009;46,661;Medio-alto;787;1
0935501001;2021;58,508;32,808;38,337;64,693;50,457;Alto;788;1
0935501001;2022;58,506;32,808;38,337;65,825;50,797;Alto;788;1
0935501001;2023;58,521;32,375;38,337;63,821;50,134;Alto;788;1
0935601001;2021;70,825;40,294;38,337;37,469;46,492;Medio-alto;789;1
0935601001;2022;70,815;37,760;38,337;47,309;49,062;Alto;789;1
0935601001;2023;70,778;38,774;38,337;49,635;49,902;Alto;789;1
0935801001;2021;68,455;43,046;34,124;50,388;48,924;Alto;790;1
0935801001;2022;68,455;43,046;33,089;50,518;48,653;Alto;790;1
0935801001;2023;68,456;43,523;27,273;49,699;46,734;Medio-alto;790;1
0936001001;2021;61,389;28,754;38,337;55,851;47,917;Alto;791;1
0936001001;2022;61,345;29,130;38,337;53,736;47,328;Medio-alto;791;1
0936001001;2023;61,345;29,130;38,337;55,682;47,912;Alto;791;1
0936101001;2021;66,949;31,805;33,190;72,123;53,102;Alto;792;1
0936101001;2022;66,940;32,122;33,975;68,344;52,249;Alto;792;1
0936101001;2023;66,930;32,440;27,842;56,461;46,889;Medio-alto;792;1
0936201001;2021;42,549;45,621;29,073;35,850;36,957;Bajo;793;0
0936201001;2022;42,530;45,288;27,868;36,532;36,746;Bajo;793;0
0936201001;2023;42,534;45,288;25,609;36,616;36,094;Bajo;793;0
0936301001;2021;58,653;21,406;33,256;50,824;43,098;Medio-bajo;794;1
0936301001;2022;58,653;21,406;31,797;50,772;42,645;Medio-bajo;794;1
0936301001;2023;58,654;21,406;28,774;51,363;41,916;Medio-bajo;794;0
0936501001;2021;53,886;27,584;38,337;48,067;43,530;Medio-bajo;795;1
0936501001;2022;53,843;26,484;38,337;49,841;43,887;Medio-alto;795;1
0936501001;2023;53,767;26,208;38,337;52,114;44,508;Medio-alto;795;1
0936601001;2021;59,531;29,587;38,337;53,554;46,888;Medio-alto;796;1
0936601001;2022;59,519;29,906;38,337;56,935;47,947;Alto;796;1
0936601001;2023;59,529;29,906;38,337;50,488;46,016;Medio-alto;796;1
0936801001;2021;60,502;21,412;38,337;74,385;52,154;Alto;797;1
0936801001;2022;60,585;21,412;38,337;80,951;54,145;Alto;797;1
0936801001;2023;60,863;21,179;38,337;87,459;56,132;Alto;797;1
0936901001;2021;56,314;33,012;37,830;42,875;43,242;Medio-bajo;798;1
0936901001;2022;56,312;33,012;35,229;43,186;42,554;Medio-bajo;798;1
0936901001;2023;56,313;32,599;31,570;44,985;41,935;Medio-bajo;798;0
0937201001;2021;37,828;43,503;28,470;36,280;35,407;Bajo;799;0
0937201001;2022;37,813;43,850;25,324;34,790;34,065;Bajo;799;0
0937201001;2023;37,810;43,503;25,793;36,008;34,518;Bajo;799;0
0937301001;2021;66,300;21,426;35,923;52,879;46,429;Medio-alto;800;1
0937301001;2022;66,301;21,426;32,158;53,167;45,387;Medio-alto;800;1
0937301001;2023;66,302;21,426;30,943;52,731;44,892;Medio-alto;800;1
0937401001;2021;52,320;32,049;15,169;39,542;34,301;Bajo;801;0
0937401001;2022;52,310;32,351;17,860;38,053;34,704;Bajo;801;0
0937401001;2023;52,306;32,049;14,744;40,571;34,478;Bajo;801;0
0937501001;2021;52,112;23,878;38,337;36,486;39,057;Medio-bajo;802;0
0937501001;2022;52,037;23,544;38,337;37,318;39,237;Medio-bajo;802;0
0937501001;2023;51,777;23,210;38,337;40,124;39,964;Medio-bajo;802;0
0937701001;2021;39,864;36,094;31,399;37,297;35,989;Bajo;803;0
0937701001;2022;39,863;36,094;30,319;37,285;35,661;Bajo;803;0
0937701001;2023;39,864;36,391;28,312;36,152;34,764;Bajo;803;0
0937801001;2021;67,744;31,077;38,337;46,607;47,081;Medio-alto;804;1
0937801001;2022;67,744;31,545;38,337;43,325;46,166;Medio-alto;804;1
0937801001;2023;67,744;31,545;38,337;44,947;46,653;Medio-alto;804;1
0938001001;2021;56,569;35,919;38,337;57,672;48,333;Alto;805;1
0938001001;2022;56,585;35,919;38,337;57,647;48,330;Alto;805;1
0938001001;2023;56,594;35,516;38,337;53,355;46,984;Medio-alto;805;1
0938101001;2021;66,856;34,879;38,337;85,479;59,091;Alto;806;1
0938101001;2022;66,856;34,879;38,337;77,311;56,640;Alto;806;1
0938101001;2023;66,868;34,879;38,337;80,096;57,479;Alto;806;1
0938201001;2021;52,941;18,282;38,337;54,085;43,704;Medio-bajo;807;1
0938201001;2022;52,626;18,282;38,337;57,407;44,622;Medio-alto;807;1
0938201001;2023;52,695;18,282;38,337;55,840;44,169;Medio-alto;807;1
0938401001;2021;61,031;42,859;35,151;43,634;45,322;Medio-alto;808;1
0938401001;2022;61,032;42,422;33,587;45,363;45,306;Medio-alto;808;1
0938401001;2023;61,034;42,422;28,271;45,564;43,772;Medio-alto;808;1
0938601001;2021;59,316;37,268;38,337;48,167;46,371;Medio-alto;809;1
0938601001;2022;59,286;37,739;38,337;47,057;46,101;Medio-alto;809;1
0938601001;2023;59,260;37,268;38,337;47,982;46,301;Medio-alto;809;1
0938701001;2021;49,079;29,634;31,329;45,972;39,905;Medio-bajo;810;0
0938701001;2022;49,079;29,988;29,582;43,420;38,669;Medio-bajo;810;0
0938701001;2023;49,081;29,988;26,992;43,201;37,826;Bajo;810;0
0938801001;2021;67,319;30,962;38,337;48,452;47,511;Medio-alto;811;1
0938801001;2022;67,289;30,543;38,337;52,484;48,650;Alto;811;1
0938801001;2023;67,350;30,543;38,337;54,158;49,167;Alto;811;1
0938901001;2021;65,880;35,079;38,337;67,173;53,385;Alto;812;1
0938901001;2022;65,885;35,079;38,337;68,413;53,758;Alto;812;1
0938901001;2023;65,898;35,079;38,337;69,451;54,073;Alto;812;1
0939001001;2021;65,045;34,988;32,803;42,458;44,088;Medio-alto;813;1
0939001001;2022;65,045;34,988;30,802;42,352;43,456;Medio-bajo;813;1
0939001001;2023;65,045;34,988;29,273;42,246;42,965;Medio-bajo;813;1
0939101001;2021;66,158;37,996;38,874;45,793;47,639;Medio-alto;814;1
0939101001;2022;66,158;37,996;39,255;45,356;47,622;Medio-alto;814;1
0939101001;2023;66,158;37,996;37,428;44,813;46,911;Medio-alto;814;1
0939201001;2021;57,297;21,087;38,337;44,361;42,297;Medio-bajo;815;1
0939201001;2022;57,347;21,356;38,337;43,062;41,960;Medio-bajo;815;0
0939201001;2023;57,326;21,625;38,337;41,832;41,626;Medio-bajo;815;0
0939401001;2021;52,813;46,165;42,463;49,169;47,618;Medio-alto;816;1
0939401001;2022;52,814;46,165;41,144;48,382;46,986;Medio-alto;816;1
0939401001;2023;52,814;46,165;37,070;48,859;45,907;Medio-alto;816;1
0939501001;2021;60,193;35,894;32,814;61,270;48,658;Alto;817;1
0939501001;2022;60,200;36,271;31,435;60,266;48,001;Alto;817;1
0939501001;2023;60,195;35,894;29,138;59,302;46,965;Medio-alto;817;1
0939601001;2021;56,356;25,041;38,626;47,711;43,746;Medio-alto;818;1
0939601001;2022;56,357;25,041;37,674;47,785;43,483;Medio-bajo;818;1
0939601001;2023;56,356;24,674;36,213;48,373;43,166;Medio-bajo;818;1
0939801001;2021;63,604;26,777;38,337;53,567;47,489;Medio-alto;819;1
0939801001;2022;63,604;25,711;38,337;57,065;48,378;Alto;819;1
0939801001;2023;63,613;25,356;38,337;60,778;49,441;Alto;819;1
0940001001;2021;48,045;29,264;36,457;42,739;40,160;Medio-bajo;820;0
0940001001;2022;48,042;29,604;34,729;41,533;39,330;Medio-bajo;820;0
0940001001;2023;48,041;29,264;32,748;42,001;38,825;Medio-bajo;820;0
0940301001;2021;61,090;33,960;26,107;59,464;46,038;Medio-alto;821;1
0940301001;2022;61,087;33,960;24,923;57,610;45,126;Medio-alto;821;1
0940301001;2023;61,087;33,960;38,337;57,679;49,171;Alto;821;1
0940501001;2021;54,726;32,025;35,277;51,502;44,519;Medio-alto;822;1
0940501001;2022;54,731;31,665;33,741;53,642;44,647;Medio-alto;822;1
0940501001;2023;54,738;31,665;30,209;52,655;43,293;Medio-bajo;822;1
0940601001;2021;57,182;44,117;32,105;40,576;42,718;Medio-bajo;823;1
0940601001;2022;57,187;44,117;29,851;40,024;41,877;Medio-bajo;823;0
0940601001;2023;57,182;44,550;29,675;38,690;41,487;Medio-bajo;823;0
0940701001;2021;62,501;33,855;38,337;59,399;50,025;Alto;824;1
0940701001;2022;62,460;33,855;38,337;61,317;50,590;Alto;824;1
0940701001;2023;62,421;32,801;38,337;64,974;51,519;Alto;824;1
0940801001;2021;58,045;22,255;38,337;51,153;44,697;Medio-alto;825;1
0940801001;2022;58,089;21,942;38,337;53,910;45,488;Medio-alto;825;1
0940801001;2023;58,089;22,568;38,337;51,412;44,832;Medio-alto;825;1
0940901001;2021;65,048;16,021;48,614;51,543;48,712;Alto;826;1
0940901001;2022;65,048;16,021;45,461;52,903;48,174;Alto;826;1
0940901001;2023;65,058;15,727;42,205;55,070;47,806;Medio-alto;826;1
0941001001;2021;61,073;43,263;39,043;38,346;44,974;Medio-alto;827;1
0941001001;2022;61,072;43,263;36,167;38,145;44,051;Medio-alto;827;1
0941001001;2023;61,072;43,263;33,577;38,261;43,309;Medio-bajo;827;1
0941002001;2021;66,141;14,716;46,468;45,742;46,406;Medio-alto;828;1
0941002001;2022;66,141;14,716;42,565;45,950;45,297;Medio-alto;828;1
0941002001;2023;66,140;14,716;39,776;46,053;44,491;Medio-alto;828;1
0941003001;2021;68,727;16,270;38,987;44,958;44,806;Medio-alto;829;1
0941003001;2022;68,728;16,270;36,814;45,171;44,218;Medio-alto;829;1
0941003001;2023;68,728;16,009;35,462;46,493;44,170;Medio-alto;829;1
0941101001;2021;59,909;29,040;31,154;44,186;41,935;Medio-bajo;830;0
0941101001;2022;59,905;29,040;28,471;44,029;41,082;Medio-bajo;830;0
0941101001;2023;59,909;29,040;27,214;44,653;40,893;Medio-bajo;830;0
0941201001;2021;56,335;32,910;41,964;49,213;46,373;Medio-alto;831;1
0941201001;2022;56,337;32,910;39,306;50,588;45,989;Medio-alto;831;1
0941201001;2023;56,337;32,910;36,748;50,890;45,312;Medio-alto;831;1
0941301001;2021;67,583;20,934;44,498;49,634;48,276;Alto;832;1
0941301001;2022;67,582;20,934;41,221;49,823;47,349;Medio-alto;832;1
0941301001;2023;67,580;20,934;41,663;49,542;47,397;Medio-alto;832;1
0941401001;2021;71,921;35,832;34,935;51,910;49,409;Alto;833;1
0941401001;2022;71,919;35,405;34,791;52,984;49,623;Alto;833;1
0941401001;2023;71,919;35,405;29,455;52,549;47,892;Alto;833;1
0941501001;2021;72,234;26,340;34,627;42,153;45,044;Medio-alto;834;1
0941501001;2022;72,236;26,088;36,091;44,313;46,093;Medio-alto;834;1
0941501001;2023;72,236;26,088;32,045;43,546;44,649;Medio-alto;834;1
0941601001;2021;66,153;28,564;38,337;55,308;48,917;Alto;835;1
0941601001;2022;66,190;28,843;38,337;52,952;48,261;Alto;835;1
0941601001;2023;66,153;28,843;38,337;55,761;49,094;Alto;835;1
0941701001;2021;66,715;29,758;38,337;55,746;49,367;Alto;836;1
0941701001;2022;66,728;29,758;38,337;57,611;49,930;Alto;836;1
0941701001;2023;66,703;29,758;38,337;56,873;49,703;Alto;836;1
0941801001;2021;63,380;33,821;38,337;40,031;44,429;Medio-alto;837;1
0941801001;2022;63,378;33,541;38,337;41,756;44,904;Medio-alto;837;1
0941801001;2023;63,380;32,982;38,337;47,253;46,470;Medio-alto;837;1
0941901001;2021;60,327;36,590;38,337;53,430;48,101;Alto;838;1
0941901001;2022;60,327;36,041;38,337;54,675;48,391;Alto;838;1
0941901001;2023;60,327;35,491;38,337;60,049;49,921;Alto;838;1
0942101001;2021;54,229;35,597;41,008;49,703;46,110;Medio-alto;839;1
0942101001;2022;54,234;35,597;38,798;49,767;45,468;Medio-alto;839;1
0942101001;2023;54,232;35,597;36,109;50,819;44,976;Medio-alto;839;1
0942201001;2021;60,176;33,643;38,337;53,429;47,620;Medio-alto;840;1
0942201001;2022;59,894;34,505;38,337;50,146;46,694;Medio-alto;840;1
0942201001;2023;59,894;34,505;38,337;52,055;47,267;Medio-alto;840;1
0942301001;2021;58,594;30,979;38,337;66,313;50,691;Alto;841;1
0942301001;2022;58,631;30,979;38,337;67,038;50,917;Alto;841;1
0942301001;2023;58,594;31,391;38,337;66,681;50,863;Alto;841;1
0942401001;2021;60,092;24,237;38,337;57,128;47,298;Medio-alto;842;1
0942401001;2022;60,106;24,237;38,337;56,903;47,234;Medio-alto;842;1
0942401001;2023;60,106;24,237;38,337;56,164;47,012;Medio-alto;842;1
0942501001;2021;66,436;42,602;37,990;48,811;49,039;Alto;843;1
0942501001;2022;66,436;42,267;35,349;50,213;48,618;Alto;843;1
0942501001;2023;66,438;42,267;33,231;50,809;48,162;Alto;843;1
0942701001;2021;49,798;34,288;33,558;43,998;40,859;Medio-bajo;844;0
0942701001;2022;49,797;34,288;30,454;43,783;39,864;Medio-bajo;844;0
0942701001;2023;49,797;34,288;28,885;44,585;39,633;Medio-bajo;844;0
0942701002;2021;55,883;16,620;37,137;59,754;45,531;Medio-alto;845;1
0942701002;2022;55,885;16,620;34,060;58,402;44,203;Medio-alto;845;1
0942701002;2023;55,885;16,362;30,342;58,611;43,111;Medio-bajo;845;1
0942801001;2021;57,964;24,177;38,337;58,900;47,289;Medio-alto;846;1
0942801001;2022;57,953;24,177;38,337;57,404;46,837;Medio-alto;846;1
0942801001;2023;57,957;24,177;38,337;55,510;46,270;Medio-alto;846;1
0942901001;2021;60,630;25,200;38,337;49,376;45,252;Medio-alto;847;1
0942901001;2022;60,630;25,200;38,337;52,839;46,291;Medio-alto;847;1
0942901001;2023;60,666;24,894;38,337;54,800;46,842;Medio-alto;847;1
0943001001;2021;64,577;27,197;38,337;58,632;49,315;Alto;848;1
0943001001;2022;64,562;26,242;38,337;60,971;49,869;Alto;848;1
0943001001;2023;64,594;25,765;38,337;66,097;51,344;Alto;848;1
0943101001;2021;59,683;25,870;32,842;58,767;46,284;Medio-alto;849;1
0943101001;2022;59,677;25,870;36,408;57,817;47,067;Medio-alto;849;1
0943101001;2023;59,673;25,870;38,518;58,725;47,971;Alto;849;1
0943201001;2021;65,333;33,706;43,008;54,219;50,557;Alto;850;1
0943201001;2022;65,339;33,706;39,796;55,049;49,844;Alto;850;1
0943201001;2023;65,342;33,706;39,214;55,289;49,742;Alto;850;1
0943301001;2021;60,509;26,616;38,337;62,221;49,287;Alto;851;1
0943301001;2022;60,555;26,616;38,337;63,737;49,754;Alto;851;1
0943301001;2023;60,523;26,616;38,337;62,367;49,334;Alto;851;1
0943401001;2021;32,918;53,129;27,833;27,729;32,867;Bajo;852;0
0943401001;2022;32,917;53,129;26,169;27,982;32,444;Bajo;852;0
0943401001;2023;32,917;53,129;23,827;28,121;31,783;Bajo;852;0
0943701001;2021;61,861;32,949;33,519;50,788;45,700;Medio-alto;853;1
0943701001;2022;61,859;32,949;32,685;50,966;45,502;Medio-alto;853;1
0943701001;2023;61,859;32,949;30,748;51,038;44,943;Medio-alto;853;1
0943801001;2021;40,652;36,275;27,770;32,033;33,545;Bajo;854;0
0943801001;2022;40,652;36,275;26,413;32,740;33,350;Bajo;854;0
0943801001;2023;40,653;36,275;23,259;32,919;32,458;Bajo;854;0
0943901001;2021;32,770;54,583;28,125;33,318;34,813;Bajo;855;0
0943901001;2022;32,770;54,583;26,595;33,341;34,361;Bajo;855;0
0943901001;2023;32,768;54,583;25,954;33,304;34,157;Bajo;855;0
0944001001;2021;57,252;33,296;38,337;57,123;47,946;Alto;856;1
0944001001;2022;57,252;33,788;38,337;53,273;46,864;Medio-alto;856;1
0944001001;2023;57,245;33,296;38,337;54,469;47,147;Medio-alto;856;1
0944101001;2021;50,593;28,483;38,337;38,758;40,049;Medio-bajo;857;0
0944101001;2022;50,627;28,209;38,337;40,530;40,548;Medio-bajo;857;0
0944101001;2023;50,645;28,757;38,337;37,477;39,719;Medio-bajo;857;0
0944201001;2021;57,847;40,263;39,926;44,785;45,914;Medio-alto;858;1
0944201001;2022;57,846;40,263;36,689;44,882;44,972;Medio-alto;858;1
0944201001;2023;57,846;39,857;33,363;46,803;44,490;Medio-alto;858;1
0944301001;2021;58,473;31,740;28,812;53,174;43,975;Medio-alto;859;1
0944301001;2022;58,465;31,740;26,088;52,823;43,051;Medio-bajo;859;1
0944301001;2023;58,460;31,740;28,952;52,167;43,712;Medio-alto;859;1
0944401001;2021;62,770;26,351;38,337;59,588;49,023;Alto;860;1
0944401001;2022;62,790;26,351;38,337;64,658;50,549;Alto;860;1
0944401001;2023;62,805;26,351;38,337;65,059;50,673;Alto;860;1
0944501001;2021;58,204;24,480;38,337;69,190;50,481;Alto;861;1
0944501001;2022;58,170;24,480;38,337;70,780;50,950;Alto;861;1
0944501001;2023;58,186;24,480;38,337;71,855;51,276;Alto;861;1
0944601001;2021;67,656;29,583;38,337;50,550;48,018;Alto;862;1
0944601001;2022;67,806;29,583;38,337;51,584;48,365;Alto;862;1
0944601001;2023;67,806;29,583;38,337;52,157;48,537;Alto;862;1
0944701001;2021;66,555;36,000;38,337;55,781;50,274;Alto;863;1
0944701001;2022;66,555;35,475;38,337;57,117;50,596;Alto;863;1
0944701001;2023;66,590;34,425;38,337;59,925;51,290;Alto;863;1
0944801001;2021;53,740;32,976;25,772;52,296;41,802;Medio-bajo;864;0
0944801001;2022;53,739;32,976;28,129;52,760;42,648;Medio-bajo;864;1
0944801001;2023;53,739;32,976;25,585;52,043;41,669;Medio-bajo;864;0
0944901001;2021;55,854;19,524;25,159;38,017;35,845;Bajo;865;0
0944901001;2022;55,842;19,251;27,400;40,169;37,119;Bajo;865;0
0944901001;2023;55,840;19,251;26,433;38,919;36,453;Bajo;865;0
0945001001;2021;65,457;29,065;38,337;64,420;51,551;Alto;866;1
0945001001;2022;65,457;29,555;38,337;62,402;51,020;Alto;866;1
0945001001;2023;65,364;29,555;38,337;63,841;51,428;Alto;866;1
0945101001;2021;45,946;40,086;37,194;41,634;41,148;Medio-bajo;867;0
0945101001;2022;45,941;40,086;35,235;41,880;40,633;Medio-bajo;867;0
0945101001;2023;45,941;40,086;31,954;42,323;39,781;Medio-bajo;867;0
0945401001;2021;58,100;30,710;38,337;49,757;45,560;Medio-alto;868;1
0945401001;2022;58,053;31,076;38,337;49,952;45,661;Medio-alto;868;1
0945401001;2023;58,032;31,076;38,337;52,285;46,356;Medio-alto;868;1
0945501001;2021;62,982;14,459;38,337;43,813;42,559;Medio-bajo;869;1
0945501001;2022;63,004;13,799;38,337;49,017;44,027;Medio-alto;869;1
0945501001;2023;63,027;13,799;38,337;49,703;44,239;Medio-alto;869;1
0945601001;2021;54,230;34,605;34,164;47,260;43,175;Medio-bajo;870;1
0945601001;2022;54,230;34,931;32,812;45,762;42,369;Medio-bajo;870;1
0945601001;2023;54,231;34,605;27,377;46,900;41,032;Medio-bajo;870;0
0945801001;2021;38,631;50,887;26,732;33,958;35,498;Bajo;871;0
0945801001;2022;38,626;50,887;24,024;34,597;34,876;Bajo;871;0
0945801001;2023;38,626;50,506;21,558;35,999;34,499;Bajo;871;0
0946001001;2021;62,566;24,725;40,133;51,478;46,833;Medio-alto;872;1
0946001001;2022;62,569;24,472;36,368;52,163;45,872;Medio-alto;872;1
0946001001;2023;62,566;24,472;34,670;52,497;45,462;Medio-alto;872;1
0946301001;2021;62,321;37,751;34,807;48,765;46,314;Medio-alto;873;1
0946301001;2022;62,312;37,751;33,359;48,476;45,791;Medio-alto;873;1
0946301001;2023;62,313;37,751;33,066;48,849;45,815;Medio-alto;873;1
0946401001;2021;57,382;31,606;38,337;49,384;45,403;Medio-alto;874;1
0946401001;2022;57,313;31,606;38,337;45,346;44,174;Medio-alto;874;1
0946401001;2023;57,253;32,385;38,337;41,226;43,040;Medio-bajo;874;1
0946601001;2021;55,891;25,896;37,043;68,020;49,376;Alto;875;1
0946601001;2022;55,909;25,896;37,492;71,780;50,643;Alto;875;1
0946601001;2023;55,912;25,896;34,376;68,902;48,846;Alto;875;1
0946701001;2021;59,802;40,657;38,337;39,554;44,417;Medio-alto;876;1
0946701001;2022;59,799;40,657;38,337;40,685;44,755;Medio-alto;876;1
0946701001;2023;59,802;40,657;38,337;42,514;45,305;Medio-alto;876;1
0947101001;2021;33,848;39,048;29,898;33,513;33,342;Bajo;877;0
0947101001;2022;33,842;39,368;31,934;32,974;33,838;Bajo;877;0
0947101001;2023;33,833;39,048;30,571;35,523;34,144;Bajo;877;0
0947201001;2021;56,217;41,072;38,337;38,167;43,167;Medio-bajo;878;1
0947201001;2022;56,212;40,450;38,337;40,565;43,791;Medio-alto;878;1
0947201001;2023;56,223;40,761;38,337;41,437;44,102;Medio-alto;878;1
0947301001;2021;54,150;13,800;38,337;48,758;41,736;Medio-bajo;879;0
0947301001;2022;54,138;13,553;38,337;51,019;42,374;Medio-bajo;879;1
0947301001;2023;54,170;13,553;38,337;51,427;42,505;Medio-bajo;879;1
0947601001;2021;65,448;33,317;38,337;52,049;48,475;Alto;880;1
0947601001;2022;65,434;33,317;38,337;52,729;48,676;Alto;880;1
0947601001;2023;65,441;32,380;38,337;56,362;49,627;Alto;880;1
0947801001;2021;63,276;34,808;38,337;57,276;49,724;Alto;881;1
0947801001;2022;63,269;34,808;38,337;56,568;49,510;Alto;881;1
0947801001;2023;63,269;35,739;38,337;55,516;49,334;Alto;881;1
0948001001;2021;59,709;37,329;33,699;54,867;47,096;Medio-alto;882;1
0948001001;2022;59,703;36,893;34,333;56,619;47,745;Medio-alto;882;1
0948001001;2023;59,711;36,893;27,600;55,755;45,468;Medio-alto;882;1
0948201001;2021;64,127;16,943;38,337;66,895;50,143;Alto;883;1
0948201001;2022;64,182;16,699;38,337;70,394;51,170;Alto;883;1
0948201001;2023;64,213;16,699;38,337;68,895;50,728;Alto;883;1
0948301001;2021;49,077;35,647;35,544;45,224;41,847;Medio-bajo;884;0
0948301001;2022;49,081;35,308;30,884;46,050;40,647;Medio-bajo;884;0
0948301001;2023;49,076;35,308;31,586;45,372;40,653;Medio-bajo;884;0
0948501001;2021;58,050;32,048;38,337;40,534;42,981;Medio-bajo;885;1
0948501001;2022;58,042;31,746;38,337;46,537;44,735;Medio-alto;885;1
0948501001;2023;58,042;31,142;38,337;45,398;44,302;Medio-alto;885;1
0990101001;2021;62,151;37,814;43,492;56,169;51,108;Alto;886;1
0990101001;2022;62,152;38,222;42,441;55,096;50,532;Alto;886;1
0990101001;2023;62,151;38,222;39,557;53,277;49,121;Alto;886;1
0990201001;2021;54,440;29,292;32,186;49,580;42,533;Medio-bajo;887;1
0990201001;2022;54,440;29,292;31,885;49,106;42,301;Medio-bajo;887;1
0990201001;2023;54,438;29,013;28,995;50,259;41,738;Medio-bajo;887;0
0990301001;2021;52,485;60,289;42,758;42,114;47,626;Medio-alto;888;1
0990301001;2022;52,487;60,289;40,422;41,739;46,813;Medio-alto;888;1
0990301001;2023;52,485;60,289;36,393;41,456;45,519;Medio-alto;888;1
0990301002;2021;51,659;70,601;42,962;40,916;48,668;Alto;889;1
0990301002;2022;51,659;70,601;39,702;40,282;47,500;Medio-alto;889;1
0990301002;2023;51,658;70,601;38,225;40,262;47,051;Medio-alto;889;1
0990301003;2021;52,215;39,726;40,337;46,832;45,163;Medio-alto;890;1
0990301003;2022;52,216;39,726;36,576;46,888;44,052;Medio-alto;890;1
0990301003;2023;52,217;39,726;35,799;45,937;43,534;Medio-bajo;890;1
0990401001;2021;50,477;38,153;29,571;49,642;42,106;Medio-bajo;891;0
0990401001;2022;50,474;38,153;28,344;49,840;41,797;Medio-bajo;891;0
0990401001;2023;50,474;38,153;25,651;49,828;40,985;Medio-bajo;891;0
0990501001;2021;53,424;37,556;30,380;46,303;41,994;Medio-bajo;892;0
0990501001;2022;53,421;37,174;32,941;46,579;42,788;Medio-bajo;892;1
0990501001;2023;53,420;37,556;30,499;45,628;41,826;Medio-bajo;892;0
0990601001;2021;53,568;32,506;28,239;41,673;39,242;Medio-bajo;893;0
0990601001;2022;53,569;32,506;26,487;41,130;38,553;Medio-bajo;893;0
0990601001;2023;53,568;32,207;24,681;42,414;38,352;Bajo;893;0
0990701001;2021;37,439;49,172;31,632;30,536;35,386;Bajo;894;0
0990701001;2022;37,439;49,172;29,833;30,792;34,923;Bajo;894;0
0990701001;2023;37,439;48,792;27,455;32,069;34,536;Bajo;894;0
0990801001;2021;63,660;30,353;42,153;48,523;47,671;Medio-alto;895;1
0990801001;2022;63,659;30,353;38,936;48,389;46,665;Medio-alto;895;1
0990801001;2023;63,657;30,353;36,068;49,058;46,005;Medio-alto;895;1
2400101001;2021;69,455;29,449;43,369;51,956;50,379;Alto;896;1
2400101001;2022;69,455;29,124;42,969;51,935;50,203;Alto;896;1
2400101001;2023;69,454;29,124;38,667;53,275;49,315;Alto;896;1
2400201001;2021;61,591;25,730;39,671;39,154;42,905;Medio-bajo;897;1
2400201001;2022;61,590;25,730;36,237;39,556;41,995;Medio-bajo;897;0
2400201001;2023;61,588;25,730;32,679;38,197;40,520;Medio-bajo;897;0
2400301001;2021;65,155;31,664;50,876;57,490;53,548;Alto;898;1
2400301001;2022;65,157;31,664;48,794;58,114;53,111;Alto;898;1
2400301001;2023;65,155;31,664;48,976;57,167;52,881;Alto;898;1
2400401001;2021;68,436;28,959;46,332;44,523;48,709;Alto;899;1
2400401001;2022;68,435;29,262;44,341;42,328;47,499;Medio-alto;899;1
2400401001;2023;68,434;28,959;40,077;44,027;46,684;Medio-alto;899;1
2400501001;2021;68,034;28,291;46,501;62,537;53,964;Alto;900;1
2400501001;2022;68,038;28,291;43,509;62,930;53,185;Alto;900;1
2400501001;2023;68,039;28,291;40,023;61,101;51,591;Alto;900;1
2400601001;2021;54,180;29,906;43,281;46,744;45,038;Medio-alto;901;1
2400601001;2022;54,180;29,587;39,427;48,360;44,319;Medio-alto;901;1
2400601001;2023;54,181;29,587;37,987;48,976;44,072;Medio-alto;901;1
2400701001;2021;40,499;30,097;53,473;49,950;45,666;Medio-alto;902;1
2400701001;2022;40,496;30,437;47,464;47,481;43,173;Medio-bajo;902;1
2400701001;2023;40,494;30,437;45,747;47,252;42,589;Medio-bajo;902;1
2400801001;2021;40,984;45,184;36,166;47,565;42,143;Medio-bajo;903;0
2400801001;2022;40,985;45,184;33,007;47,685;41,231;Medio-bajo;903;0
2400801001;2023;40,984;44,707;30,484;48,659;40,695;Medio-bajo;903;0
2400801002;2021;41,480;51,576;38,118;47,796;43,880;Medio-alto;904;1
2400801002;2022;41,482;51,576;34,474;48,222;42,916;Medio-bajo;904;1
2400801002;2023;41,482;51,576;32,237;48,251;42,253;Medio-bajo;904;0
2400802001;2021;42,452;57,667;42,757;42,759;44,918;Medio-alto;905;1
2400802001;2022;42,452;57,667;40,934;42,919;44,419;Medio-alto;905;1
2400802001;2023;42,453;57,181;40,171;44,292;44,529;Medio-alto;905;1
2400802002;2021;43,485;43,613;44,671;42,577;43,588;Medio-bajo;906;1
2400802002;2022;43,485;43,613;41,306;42,543;42,568;Medio-bajo;906;1
2400802002;2023;43,485;43,613;40,887;42,273;42,361;Medio-bajo;906;1
2400802003;2021;42,002;52,818;46,110;42,549;45,021;Medio-alto;907;1
2400802003;2022;42,003;52,818;43,832;43,217;44,538;Medio-alto;907;1
2400802003;2023;42,003;52,818;40,677;43,454;43,663;Medio-bajo;907;1
2400803001;2021;42,031;55,751;46,735;42,565;45,660;Medio-alto;908;1
2400803001;2022;42,031;55,273;43,902;43,346;44,973;Medio-alto;908;1
2400803001;2023;42,032;55,273;42,028;42,865;44,267;Medio-alto;908;1
2400803002;2021;41,476;46,398;45,470;37,687;42,276;Medio-bajo;909;0
2400803002;2022;41,476;46,398;42,872;37,393;41,408;Medio-bajo;909;0
2400803002;2023;41,476;46,398;43,564;37,562;41,666;Medio-bajo;909;0
2400901001;2021;62,262;32,260;53,910;55,119;53,113;Alto;910;1
2400901001;2022;62,266;32,260;48,740;55,415;51,652;Alto;910;1
2400901001;2023;62,269;32,260;48,104;56,839;51,889;Alto;910;1
2401001001;2021;45,454;57,402;42,915;39,237;44,619;Medio-alto;911;1
2401001001;2022;45,454;57,402;40,623;39,079;43,885;Medio-alto;911;1
2401001001;2023;45,453;56,912;39,380;39,967;43,704;Medio-bajo;911;1
2401001002;2021;44,074;51,333;42,703;40,443;43,662;Medio-bajo;912;1
2401001002;2022;44,075;51,333;38,461;39,648;42,151;Medio-bajo;912;0
2401001002;2023;44,075;51,333;36,704;39,716;41,645;Medio-bajo;912;0
2401001003;2021;44,526;56,911;41,626;39,019;43,862;Medio-alto;913;1
2401001003;2022;44,527;56,417;39,372;40,104;43,437;Medio-bajo;913;1
2401001003;2023;44,527;56,417;38,395;40,057;43,130;Medio-bajo;913;1
2401001004;2021;42,500;56,013;46,502;38,798;44,617;Medio-alto;914;1
2401001004;2022;42,499;56,013;43,718;39,194;43,900;Medio-alto;914;1
2401001004;2023;42,499;56,013;42,663;39,141;43,568;Medio-bajo;914;1
2401001005;2021;45,626;46,992;50,950;35,471;44,382;Medio-alto;915;1
2401001005;2022;45,626;46,992;48,380;35,611;43,653;Medio-bajo;915;1
2401001005;2023;45,627;46,992;48,544;36,159;43,867;Medio-alto;915;1
2401001006;2021;46,758;52,387;51,872;40,780;47,343;Medio-alto;916;1
2401001006;2022;46,759;52,387;47,639;39,943;45,822;Medio-alto;916;1
2401001006;2023;46,758;52,905;46,737;38,960;45,334;Medio-alto;916;1
2401101001;2021;62,642;21,673;56,066;67,902;56,102;Alto;3521;1
2401101001;2022;62,647;21,673;51,937;68,148;54,938;Alto;3521;1
2401101001;2023;62,645;21,399;51,905;68,687;55,049;Alto;3521;1
2401201001;2021;59,453;27,670;32,901;51,601;44,364;Medio-alto;917;1
2401201001;2022;59,455;28,036;31,383;51,691;43,991;Medio-alto;917;1
2401201001;2023;59,454;27,670;28,934;52,976;43,587;Medio-bajo;917;1
2401401001;2021;42,752;45,152;57,413;41,283;47,069;Medio-alto;918;1
2401401001;2022;42,758;44,670;53,085;41,293;45,704;Medio-alto;918;1
2401401001;2023;42,760;44,670;51,829;41,341;45,342;Medio-alto;918;1
2401401002;2021;41,416;53,071;51,196;40,332;45,773;Medio-alto;3481;1
2401401002;2022;41,415;53,071;49,140;41,079;45,380;Medio-alto;3481;1
2401401002;2023;41,416;52,607;46,363;42,229;44,822;Medio-alto;3481;1
2401401003;2021;39,392;54,470;49,211;40,628;44,970;Medio-alto;919;1
2401401003;2022;39,393;54,470;47,174;40,682;44,376;Medio-alto;919;1
2401401003;2023;39,393;54,470;45,942;40,952;44,087;Medio-alto;919;1
2401401004;2021;39,705;57,574;48,788;39,237;44,970;Medio-alto;920;1
2401401004;2022;39,703;57,574;46,992;40,178;44,713;Medio-alto;920;1
2401401004;2023;39,707;57,574;44,173;40,461;43,953;Medio-alto;920;1
2401401005;2021;40,801;41,419;50,207;40,499;43,625;Medio-bajo;3480;1
2401401005;2022;40,803;41,023;47,977;41,739;43,269;Medio-bajo;3480;1
2401401005;2023;40,807;41,023;44,920;41,899;42,401;Medio-bajo;3480;1
2401401006;2021;43,618;39,524;45,903;43,513;43,658;Medio-bajo;3483;1
2401401006;2022;43,619;39,524;43,234;44,580;43,177;Medio-bajo;3483;1
2401401006;2023;43,618;39,524;40,562;45,538;42,663;Medio-bajo;3483;1
2401401007;2021;39,587;57,429;48,416;35,695;43,744;Medio-alto;921;1
2401401007;2022;39,589;57,429;46,130;36,174;43,203;Medio-bajo;921;1
2401401007;2023;39,589;57,429;44,562;36,428;42,809;Medio-bajo;921;1
2401501001;2021;41,308;40,244;40,194;39,657;40,319;Medio-bajo;922;0
2401501001;2022;41,308;40,244;36,549;39,739;39,250;Medio-bajo;922;0
2401501001;2023;41,309;39,897;35,193;40,824;39,117;Medio-bajo;922;0
2401501002;2021;47,631;20,156;51,984;55,372;47,138;Medio-alto;923;1
2401501002;2022;47,631;19,948;49,053;56,389;46,533;Medio-alto;923;1
2401501002;2023;47,632;20,156;46,183;55,267;45,367;Medio-alto;923;1
2401601001;2021;52,767;30,423;45,623;51,029;46,751;Medio-alto;924;1
2401601001;2022;52,769;30,423;44,076;51,441;46,411;Medio-alto;924;1
2401601001;2023;52,770;30,017;42,904;52,216;46,231;Medio-alto;924;1
2401701001;2021;49,160;28,734;46,231;53,390;46,487;Medio-alto;925;1
2401701001;2022;49,162;28,734;45,993;52,715;46,213;Medio-alto;925;1
2401701001;2023;49,163;28,734;44,935;53,032;45,991;Medio-alto;925;1
2401801001;2021;64,384;27,102;45,893;50,769;49,160;Alto;926;1
2401801001;2022;64,377;27,102;46,395;51,158;49,425;Alto;926;1
2401801001;2023;64,377;27,102;43,750;50,494;48,433;Alto;926;1
2401901001;2021;47,239;35,836;47,349;49,341;46,192;Medio-alto;3476;1
2401901001;2022;47,238;34,971;45,173;51,383;46,022;Medio-alto;3476;1
2401901001;2023;47,246;34,971;42,220;51,475;45,166;Medio-alto;3476;1
2402001001;2021;71,810;37,566;36,444;47,803;48,861;Alto;927;1
2402001001;2022;71,810;37,566;33,306;47,237;47,750;Medio-alto;927;1
2402001001;2023;71,811;37,566;32,060;48,217;47,671;Medio-alto;927;1
2402101001;2021;53,977;46,369;47,551;47,176;48,868;Alto;928;1
2402101001;2022;53,977;46,369;44,482;47,081;47,919;Alto;928;1
2402101001;2023;53,978;45,958;42,908;48,614;47,845;Medio-alto;928;1
2402201001;2021;44,208;23,041;51,591;61,495;48,434;Alto;929;1
2402201001;2022;44,208;23,041;48,515;61,530;47,522;Medio-alto;929;1
2402201001;2023;44,209;23,041;47,880;63,097;47,801;Medio-alto;929;1
2402301001;2021;50,180;28,092;45,443;45,348;43,996;Medio-alto;930;1
2402301001;2022;50,178;28,092;48,706;47,991;45,767;Medio-alto;930;1
2402301001;2023;50,174;28,092;46,948;49,667;45,742;Medio-alto;930;1
2402401001;2021;65,019;26,925;46,849;48,358;48,856;Alto;931;1
2402401001;2022;65,020;26,661;43,895;50,555;48,589;Alto;931;1
2402401001;2023;65,020;26,661;42,271;50,794;48,174;Alto;931;1
2402501001;2021;70,290;31,086;37,967;53,008;49,528;Alto;932;1
2402501001;2022;70,291;31,086;34,965;53,405;48,747;Alto;932;1
2402501001;2023;70,290;30,753;31,865;55,083;48,270;Alto;932;1
2402601001;2021;50,445;32,544;43,745;50,705;45,828;Medio-alto;3479;1
2402601001;2022;50,446;32,327;42,399;51,890;45,747;Medio-alto;3479;1
2402601001;2023;50,447;32,327;41,635;52,067;45,571;Medio-alto;3479;1
2402701001;2021;39,422;37,130;43,394;40,782;40,678;Medio-bajo;933;0
2402701001;2022;39,421;36,852;40,547;41,857;40,104;Medio-bajo;933;0
2402701001;2023;39,422;36,852;40,123;42,431;40,149;Medio-bajo;933;0
2402801001;2021;53,617;25,232;41,015;45,981;43,288;Medio-bajo;934;1
2402801001;2022;53,619;24,992;39,487;47,973;43,391;Medio-bajo;934;1
2402801001;2023;53,619;25,232;36,724;47,851;42,562;Medio-bajo;934;1
2402901001;2021;58,686;24,704;42,608;44,677;44,563;Medio-alto;935;1
2402901001;2022;58,687;24,704;41,501;45,587;44,504;Medio-alto;935;1
2402901001;2023;58,687;24,704;38,811;46,370;43,932;Medio-alto;935;1
2403001001;2021;35,693;47,320;45,821;40,925;42,045;Medio-bajo;936;0
2403001001;2022;35,693;47,320;43,081;40,390;41,063;Medio-bajo;936;0
2403001001;2023;35,693;47,320;41,212;41,005;40,687;Medio-bajo;936;0
2403001002;2021;35,334;46,427;45,195;39,091;41,083;Medio-bajo;3486;0
2403001002;2022;35,334;46,100;42,341;40,296;40,540;Medio-bajo;3486;0
2403001002;2023;35,335;46,100;40,810;40,505;40,143;Medio-bajo;3486;0
2403001003;2021;41,523;32,418;53,034;47,089;45,280;Medio-alto;937;1
2403001003;2022;41,523;32,418;50,159;47,603;44,572;Medio-alto;937;1
2403001003;2023;41,525;32,120;44,665;48,521;43,155;Medio-bajo;937;1
2403001004;2021;38,267;42,269;51,248;39,635;43,172;Medio-bajo;3485;1
2403001004;2022;38,270;42,269;46,827;40,299;42,046;Medio-bajo;3485;0
2403001004;2023;38,269;42,611;43,377;39,334;40,772;Medio-bajo;3485;0
2403101001;2021;63,812;27,987;46,290;47,266;48,218;Alto;938;1
2403101001;2022;63,810;27,987;44,277;47,166;47,584;Medio-alto;938;1
2403101001;2023;63,810;27,987;41,772;45,929;46,461;Medio-alto;938;1
2403201001;2021;63,599;20,466;39,866;47,163;45,078;Medio-alto;939;1
2403201001;2022;63,608;20,466;40,587;46,460;45,086;Medio-alto;939;1
2403201001;2023;63,602;20,725;34,704;46,302;43,311;Medio-bajo;939;1
2403301001;2021;52,101;22,390;41,926;57,778;46,295;Medio-alto;940;1
2403301001;2022;52,112;22,390;37,716;54,633;44,091;Medio-alto;940;1
2403301001;2023;52,112;22,136;38,629;54,314;44,231;Medio-alto;940;1
2403401001;2021;34,986;50,366;45,021;38,802;41,448;Medio-bajo;3495;0
2403401001;2022;34,985;50,366;41,328;38,840;40,352;Medio-bajo;3495;0
2403401001;2023;34,985;50,011;38,666;40,061;39,866;Medio-bajo;3495;0
2403401002;2021;35,196;37,304;49,133;43,631;42,224;Medio-bajo;3487;0
2403401002;2022;35,195;37,304;43,873;44,377;40,869;Medio-bajo;3487;0
2403401002;2023;35,197;37,304;41,972;44,081;40,211;Medio-bajo;3487;0
2403401003;2021;36,010;45,501;43,140;35,377;39,383;Medio-bajo;3494;0
2403401003;2022;36,010;45,501;40,638;35,184;38,574;Medio-bajo;3494;0
2403401003;2023;36,010;45,113;39,540;36,474;38,574;Medio-bajo;3494;0
2403601001;2021;61,307;39,247;56,601;57,481;55,438;Alto;941;1
2403601001;2022;61,307;39,247;50,826;55,500;53,112;Alto;941;1
2403601001;2023;61,300;38,779;50,025;56,932;53,229;Alto;941;1
2403701001;2021;67,153;25,607;41,294;60,847;51,271;Alto;942;1
2403701001;2022;67,154;25,607;39,606;61,172;50,863;Alto;942;1
2403701001;2023;67,152;25,607;38,186;59,542;49,948;Alto;942;1
2403801001;2021;36,175;43,308;44,808;42,702;41,793;Medio-bajo;3523;0
2403801001;2022;36,175;43,308;41,396;43,148;40,903;Medio-bajo;3523;0
2403801001;2023;36,175;43,308;39,464;43,476;40,422;Medio-bajo;3523;0
2403801002;2021;40,690;37,985;47,753;42,671;42,998;Medio-bajo;943;1
2403801002;2022;40,690;37,985;44,095;42,841;41,951;Medio-bajo;943;0
2403801002;2023;40,690;37,985;43,184;43,348;41,830;Medio-bajo;943;0
2403901001;2021;51,295;42,723;41,457;40,650;43,865;Medio-alto;944;1
2403901001;2022;51,296;42,723;38,536;40,758;43,021;Medio-bajo;944;1
2403901001;2023;51,297;42,723;36,739;41,299;42,644;Medio-bajo;944;1
2403901002;2021;50,197;36,930;42,768;44,520;44,275;Medio-alto;945;1
2403901002;2022;50,197;36,930;40,299;44,558;43,546;Medio-bajo;945;1
2403901002;2023;50,197;36,930;38,477;44,700;43,042;Medio-bajo;945;1
2404001001;2021;53,860;34,441;38,041;51,100;45,373;Medio-alto;946;1
2404001001;2022;53,858;34,441;35,401;51,647;44,745;Medio-alto;946;1
2404001001;2023;53,861;34,063;34,941;52,303;44,748;Medio-alto;946;1
2404101001;2021;47,895;27,980;49,459;51,373;46,421;Medio-alto;947;1
2404101001;2022;47,896;27,626;47,661;52,471;46,158;Medio-alto;947;1
2404101001;2023;47,898;27,626;44,254;53,406;45,416;Medio-alto;947;1
2404201001;2021;63,432;19,482;38,337;52,559;46,049;Medio-alto;948;1
2404201001;2022;63,439;19,482;38,337;54,826;46,731;Medio-alto;948;1
2404201001;2023;63,432;19,234;38,337;57,787;47,580;Medio-alto;948;1
2404301001;2021;61,191;31,568;50,840;60,975;53,578;Alto;949;1
2404301001;2022;61,196;31,568;45,471;63,406;52,697;Alto;949;1
2404301001;2023;61,193;31,568;40,634;63,534;51,284;Alto;949;1
2404401001;2021;60,183;27,127;48,711;63,359;52,736;Alto;950;1
2404401001;2022;60,187;26,866;47,077;64,975;52,692;Alto;950;1
2404401001;2023;60,188;27,127;46,675;60,780;51,353;Alto;950;1
2404601001;2021;62,082;31,535;50,043;48,751;49,889;Alto;951;1
2404601001;2022;62,083;31,535;47,705;49,104;49,294;Alto;951;1
2404601001;2023;62,083;31,535;46,538;49,292;49,000;Alto;951;1
2404701001;2021;61,424;33,553;50,767;58,815;53,263;Alto;952;1
2404701001;2022;61,425;33,553;47,949;59,433;52,604;Alto;952;1
2404701001;2023;61,426;33,553;45,470;58,844;51,684;Alto;952;1
2404901001;2021;41,691;35,627;49,286;42,683;43,358;Medio-bajo;3484;1
2404901001;2022;41,691;35,627;45,161;42,842;42,168;Medio-bajo;3484;0
2404901001;2023;41,691;35,627;43,487;43,072;41,735;Medio-bajo;3484;0
2405001001;2021;67,594;28,963;43,771;44,249;47,649;Medio-alto;953;1
2405001001;2022;67,598;28,695;46,685;45,601;48,889;Alto;953;1
2405001001;2023;67,600;28,695;42,999;44,330;47,403;Medio-alto;953;1
2405101001;2021;72,289;23,150;44,496;53,021;50,800;Alto;954;1
2405101001;2022;72,290;23,150;42,740;52,391;50,084;Alto;954;1
2405101001;2023;72,292;23,150;40,966;51,635;49,326;Alto;954;1
2405201001;2021;63,789;25,426;46,756;56,752;50,814;Alto;955;1
2405201001;2022;63,789;25,426;42,039;59,015;50,078;Alto;955;1
2405201001;2023;63,787;25,426;41,286;57,377;49,359;Alto;955;1
2405301001;2021;53,084;27,196;51,094;52,027;48,287;Alto;956;1
2405301001;2022;53,080;26,932;47,404;52,342;47,234;Medio-alto;956;1
2405301001;2023;53,081;27,196;45,420;50,260;46,054;Medio-alto;956;1
2405401001;2021;62,965;20,835;41,532;45,409;44,949;Medio-alto;957;1
2405401001;2022;62,962;20,835;41,345;45,271;44,850;Medio-alto;957;1
2405401001;2023;62,963;20,835;37,617;46,123;43,988;Medio-alto;957;1
2405501001;2021;50,674;37,044;41,820;53,358;46,778;Medio-alto;958;1
2405501001;2022;50,673;37,044;39,160;52,739;45,795;Medio-alto;958;1
2405501001;2023;50,674;37,044;38,834;52,600;45,655;Medio-alto;958;1
2405601001;2021;52,963;49,969;47,516;45,710;48,704;Alto;959;1
2405601001;2022;52,964;49,969;44,402;45,958;47,844;Medio-alto;959;1
2405601001;2023;52,964;49,969;43,087;46,456;47,599;Medio-alto;959;1
2405601002;2021;58,891;40,464;45,328;46,229;48,260;Alto;960;1
2405601002;2022;58,892;40,464;42,481;46,809;47,580;Medio-alto;960;1
2405601002;2023;58,892;40,464;40,593;46,991;47,068;Medio-alto;960;1
2405701001;2021;41,285;39,158;45,438;42,970;42,717;Medio-bajo;3498;1
2405701001;2022;41,285;39,158;42,863;43,003;41,954;Medio-bajo;3498;0
2405701001;2023;41,285;38,809;39,555;44,797;41,448;Medio-bajo;3498;0
2405801001;2021;53,353;23,674;40,850;54,102;45,375;Medio-alto;961;1
2405801001;2022;53,360;23,407;38,017;55,162;44,805;Medio-alto;961;1
2405801001;2023;53,366;23,407;37,865;55,134;44,752;Medio-alto;961;1
2405901001;2021;47,161;34,762;52,550;52,064;48,389;Alto;3518;1
2405901001;2022;47,161;34,397;50,748;53,870;48,335;Alto;3518;1
2405901001;2023;47,161;34,397;48,609;53,884;47,698;Medio-alto;3518;1
2406001001;2021;63,342;32,763;40,690;53,000;48,857;Alto;962;1
2406001001;2022;63,342;32,763;38,377;53,531;48,322;Alto;962;1
2406001001;2023;63,341;32,763;37,729;53,352;48,074;Alto;962;1
2406101001;2021;48,228;41,498;38,672;42,412;42,607;Medio-bajo;3488;1
2406101001;2022;48,227;41,498;35,619;42,423;41,694;Medio-bajo;3488;0
2406101001;2023;48,227;41,498;33,441;42,690;41,121;Medio-bajo;3488;0
2406201001;2021;52,662;32,763;43,887;49,098;45,976;Medio-alto;963;1
2406201001;2022;52,650;32,423;45,249;51,071;46,922;Medio-alto;963;1
2406201001;2023;52,645;32,423;43,569;52,371;46,807;Medio-alto;963;1
2406301001;2021;63,901;24,156;41,806;51,412;47,564;Medio-alto;964;1
2406301001;2022;63,901;23,896;37,468;53,098;46,729;Medio-alto;964;1
2406301001;2023;63,900;23,896;34,348;54,134;46,104;Medio-alto;964;1
2406401001;2021;39,904;42,624;43,280;37,475;40,596;Medio-bajo;965;0
2406401001;2022;39,904;42,624;40,089;37,861;39,755;Medio-bajo;965;0
2406401001;2023;39,905;42,624;38,490;38,111;39,350;Medio-bajo;965;0
2406501001;2021;42,708;37,372;41,886;39,546;40,712;Medio-bajo;966;0
2406501001;2022;42,707;37,680;39,802;38,339;39,771;Medio-bajo;966;0
2406501001;2023;42,706;37,372;38,081;39,319;39,502;Medio-bajo;966;0
2406501002;2021;50,909;27,677;44,759;44,661;43,705;Medio-bajo;967;1
2406501002;2022;50,909;27,941;42,248;43,495;42,641;Medio-bajo;967;1
2406501002;2023;50,910;27,677;41,549;45,407;42,966;Medio-bajo;967;1
2406601001;2021;58,566;25,341;50,158;56,480;50,434;Alto;968;1
2406601001;2022;58,566;25,341;47,241;55,670;49,316;Alto;968;1
2406601001;2023;58,567;25,098;43,919;56,945;48,666;Alto;968;1
2406701001;2021;60,121;30,900;43,645;49,190;47,516;Medio-alto;969;1
2406701001;2022;60,122;30,900;38,275;48,555;45,715;Medio-alto;969;1
2406701001;2023;60,121;30,900;48,423;48,185;48,648;Alto;969;1
2406801001;2021;62,732;31,408;44,779;55,564;50,497;Alto;970;1
2406801001;2022;62,733;31,408;41,506;57,581;50,121;Alto;970;1
2406801001;2023;62,733;31,102;35,721;59,950;49,050;Alto;970;1
2406901001;2021;65,351;26,949;38,337;64,604;51,262;Alto;971;1
2406901001;2022;65,410;26,711;38,337;64,081;51,085;Alto;971;1
2406901001;2023;65,324;26,949;38,337;63,562;50,943;Alto;971;1
2407001001;2021;42,392;42,316;48,961;43,508;44,686;Medio-alto;972;1
2407001001;2022;42,393;42,316;46,436;43,598;43,956;Medio-alto;972;1
2407001001;2023;42,394;42,316;45,521;44,151;43,847;Medio-alto;972;1
2407001002;2021;45,046;41,876;48,763;41,482;44,616;Medio-alto;973;1
2407001002;2022;45,048;41,475;45,944;43,053;44,183;Medio-alto;973;1
2407001002;2023;45,050;41,475;43,006;43,317;43,380;Medio-bajo;973;1
2407001003;2021;46,560;37,173;49,461;44,779;45,488;Medio-alto;974;1
2407001003;2022;46,563;36,761;47,533;46,805;45,456;Medio-alto;974;1
2407001003;2023;46,565;36,761;46,304;48,357;45,554;Medio-alto;974;1
2407001004;2021;45,561;30,225;50,574;40,669;43,297;Medio-bajo;975;1
2407001004;2022;45,563;30,225;47,300;41,363;42,524;Medio-bajo;975;1
2407001004;2023;45,567;30,225;45,507;41,419;42,003;Medio-bajo;975;0
2407101001;2021;51,322;37,360;50,054;45,280;47,035;Medio-alto;976;1
2407101001;2022;51,322;37,360;46,052;45,414;45,874;Medio-alto;976;1
2407101001;2023;51,323;37,360;44,057;46,007;45,454;Medio-alto;976;1
2407301001;2021;51,871;28,844;43,340;51,067;45,616;Medio-alto;977;1
2407301001;2022;51,872;28,605;41,942;51,817;45,386;Medio-alto;977;1
2407301001;2023;51,873;28,605;40,118;50,769;44,525;Medio-alto;977;1
2407401001;2021;63,570;17,879;38,337;53,130;46,015;Medio-alto;978;1
2407401001;2022;63,576;17,879;38,337;54,980;46,571;Medio-alto;978;1
2407401001;2023;63,581;17,879;38,337;54,620;46,464;Medio-alto;978;1
2407601001;2021;47,863;35,401;35,797;43,832;41,165;Medio-bajo;3489;0
2407601001;2022;47,863;35,401;32,230;43,370;39,956;Medio-bajo;3489;0
2407601001;2023;47,862;35,401;29,971;43,320;39,263;Medio-bajo;3489;0
2407701001;2021;63,864;29,424;46,089;50,224;49,274;Alto;979;1
2407701001;2022;63,868;29,120;45,013;50,605;49,021;Alto;979;1
2407701001;2023;63,866;29,120;43,821;51,419;48,906;Alto;979;1
2407801001;2021;64,904;32,716;48,968;51,594;51,302;Alto;980;1
2407801001;2022;64,908;32,401;44,812;52,155;50,177;Alto;980;1
2407801001;2023;64,911;32,401;42,777;53,197;49,880;Alto;980;1
2407901001;2021;52,369;28,002;44,096;54,491;46,869;Medio-alto;981;1
2407901001;2022;52,367;28,002;40,531;53,913;45,625;Medio-alto;981;1
2407901001;2023;52,366;28,002;39,919;54,795;45,706;Medio-alto;981;1
2408001001;2021;63,056;15,380;36,704;51,505;44,533;Medio-alto;982;1
2408001001;2022;63,047;15,380;37,053;50,185;44,240;Medio-alto;982;1
2408001001;2023;63,044;15,075;35,926;52,157;44,447;Medio-alto;982;1
2408101001;2021;55,058;20,677;44,244;51,581;45,614;Medio-alto;983;1
2408101001;2022;55,058;20,677;43,465;49,921;44,882;Medio-alto;983;1
2408101001;2023;55,054;20,915;39,866;47,900;43,231;Medio-bajo;983;1
2408201001;2021;44,745;40,958;39,061;43,478;42,092;Medio-bajo;3478;0
2408201001;2022;44,744;40,651;37,186;44,535;41,800;Medio-bajo;3478;0
2408201001;2023;44,745;40,651;37,495;44,731;41,952;Medio-bajo;3478;0
2408301001;2021;55,400;55,381;49,540;48,395;51,538;Alto;984;1
2408301001;2022;55,400;55,381;47,106;48,092;50,717;Alto;984;1
2408301001;2023;55,401;54,731;41,336;49,564;49,330;Alto;984;1
2408401001;2021;67,196;17,735;48,213;71,260;55,301;Alto;985;1
2408401001;2022;67,204;17,489;45,231;72,135;54,634;Alto;985;1
2408401001;2023;67,209;17,489;47,475;70,768;54,899;Alto;985;1
2408601001;2021;67,510;28,942;43,553;54,719;50,701;Alto;986;1
2408601001;2022;67,514;28,942;43,862;55,547;51,043;Alto;986;1
2408601001;2023;67,521;28,942;43,948;55,174;50,958;Alto;986;1
2408701001;2021;49,128;32,618;42,436;45,280;43,490;Medio-bajo;987;1
2408701001;2022;49,128;32,389;40,862;46,800;43,439;Medio-bajo;987;1
2408701001;2023;49,129;32,389;39,418;47,004;43,067;Medio-bajo;987;1
2408801001;2021;63,102;32,573;43,940;50,056;48,860;Alto;988;1
2408801001;2022;63,102;32,573;43,181;49,255;48,392;Alto;988;1
2408801001;2023;63,102;32,573;40,747;49,712;47,799;Medio-alto;988;1
2408901001;2021;18,573;46,617;23,289;45,102;32,153;Bajo;989;0
2408901001;2022;18,570;46,617;20,313;45,862;31,488;Bajo;989;0
2408901001;2023;18,567;46,617;18,233;45,850;30,859;Bajo;989;0
2408901002;2021;18,813;50,420;22,655;47,015;33,167;Bajo;990;0
2408901002;2022;18,817;49,851;20,630;48,043;32,784;Bajo;990;0
2408901002;2023;18,815;50,420;20,724;46,567;32,454;Bajo;990;0
2408901003;2021;19,102;54,380;17,486;43,675;31,281;Bajo;991;0
2408901003;2022;19,103;54,380;12,370;43,652;29,739;Bajo;991;0
2408901003;2023;19,102;53,820;9,880;44,768;29,243;Bajo;991;0
2408901004;2021;20,089;55,317;28,517;45,794;35,613;Bajo;992;0
2408901004;2022;20,087;55,317;25,319;45,738;34,636;Bajo;992;0
2408901004;2023;20,088;54,786;22,544;46,670;34,004;Bajo;992;0
2408901005;2021;19,277;54,160;28,516;43,652;34,594;Bajo;993;0
2408901005;2022;19,280;54,160;24,943;43,876;33,590;Bajo;993;0
2408901005;2023;19,282;53,586;22,166;44,856;32,965;Bajo;993;0
2408901006;2021;19,319;53,323;27,914;44,764;34,631;Bajo;994;0
2408901006;2022;19,314;53,323;22,494;43,811;32,719;Bajo;994;0
2408901006;2023;19,308;53,879;19,869;41,779;31,403;Bajo;994;0
2408902001;2021;18,845;56,254;21,505;46,408;33,523;Bajo;995;0
2408902001;2022;18,845;55,685;18,379;47,601;32,858;Bajo;995;0
2408902001;2023;18,845;55,685;17,378;47,439;32,509;Bajo;995;0
2408902002;2021;19,060;58,169;24,411;41,670;33,315;Bajo;996;0
2408902002;2022;19,057;57,581;20,445;42,996;32,434;Bajo;996;0
2408902002;2023;19,059;57,581;17,831;43,188;31,708;Bajo;996;0
2408902003;2021;18,978;59,198;23,988;42,790;33,657;Bajo;997;0
2408902003;2022;18,975;58,589;21,720;44,039;33,260;Bajo;997;0
2408902003;2023;18,976;57,981;18,837;45,265;32,672;Bajo;997;0
2408902004;2021;18,602;55,103;15,429;44,597;30,924;Bajo;998;0
2408902004;2022;18,598;54,611;11,199;45,221;29,767;Bajo;998;0
2408902004;2023;18,596;54,611;10,968;45,536;29,792;Bajo;998;0
2408902005;2021;18,783;56,921;16,542;45,619;31,882;Bajo;999;0
2408902005;2022;18,789;56,921;15,089;45,226;31,330;Bajo;999;0
2408902005;2023;18,791;56,921;12,805;46,057;30,894;Bajo;999;0
2408902006;2021;18,834;54,531;26,259;45,101;34,296;Bajo;1000;0
2408902006;2022;18,833;54,531;22,905;45,026;33,267;Bajo;1000;0
2408902006;2023;18,833;54,531;20,529;44,799;32,486;Bajo;1000;0
2408902007;2021;19,035;54,949;22,649;45,252;33,372;Bajo;1001;0
2408902007;2022;19,037;54,949;19,158;45,196;32,308;Bajo;1001;0
2408902007;2023;19,039;54,949;18,719;45,665;32,317;Bajo;1001;0
2408902008;2021;19,121;51,676;26,148;45,353;33,982;Bajo;1002;0
2408902008;2022;19,127;51,676;23,151;45,056;32,995;Bajo;1002;0
2408902008;2023;19,125;51,676;21,165;45,609;32,565;Bajo;1002;0
2408902009;2021;18,738;52,182;20,317;42,389;31,324;Bajo;1003;0
2408902009;2022;18,741;51,711;14,646;44,023;30,043;Bajo;1003;0
2408902009;2023;18,747;52,182;14,369;42,007;29,427;Bajo;1003;0
2408902010;2021;19,000;52,968;25,891;48,694;35,071;Bajo;1004;0
2408902010;2022;18,998;52,968;24,390;47,759;34,339;Bajo;1004;0
2408902010;2023;18,992;52,412;21,475;48,620;33,638;Bajo;1004;0
2408903001;2021;18,831;62,641;23,221;41,748;33,595;Bajo;1005;0
2408903001;2022;18,832;62,641;19,201;41,985;32,460;Bajo;1005;0
2408903001;2023;18,831;62,070;17,045;43,108;32,064;Bajo;1005;0
2408903002;2021;20,914;59,088;42,113;45,164;40,275;Medio-bajo;1006;0
2408903002;2022;20,915;58,352;39,099;46,251;39,587;Medio-bajo;1006;0
2408903002;2023;20,917;58,352;38,361;45,636;39,181;Medio-bajo;1006;0
2408903003;2021;23,952;56,857;45,121;43,414;41,077;Medio-bajo;1007;0
2408903003;2022;23,949;56,857;43,525;43,175;40,526;Medio-bajo;1007;0
2408903003;2023;23,951;56,857;43,409;43,060;40,457;Medio-bajo;1007;0
2408903004;2021;19,066;67,034;33,977;45,157;38,562;Medio-bajo;1008;0
2408903004;2022;19,066;67,034;32,054;45,925;38,215;Bajo;1008;0
2408903004;2023;19,068;67,034;30,485;45,724;37,685;Bajo;1008;0
2408903005;2021;19,740;57,029;45,949;43,729;40,393;Medio-bajo;1009;0
2408903005;2022;19,747;57,029;43,243;43,630;39,553;Medio-bajo;1009;0
2408903005;2023;19,738;57,029;40,858;42,540;38,508;Medio-bajo;1009;0
2408903006;2021;21,635;64,042;47,093;45,972;42,935;Medio-bajo;1010;1
2408903006;2022;21,638;64,042;44,914;45,855;42,247;Medio-bajo;1010;0
2408903006;2023;21,638;64,042;44,120;45,776;41,985;Medio-bajo;1010;0
2408903007;2021;22,088;68,532;53,522;41,541;44,321;Medio-alto;1011;1
2408903007;2022;22,090;67,756;48,892;41,933;42,933;Medio-bajo;1011;1
2408903007;2023;22,089;67,756;48,588;40,786;42,498;Medio-bajo;1011;1
2408903008;2021;22,951;62,460;58,747;41,252;45,106;Medio-alto;1012;1
2408903008;2022;22,953;62,460;56,208;40,399;44,090;Medio-alto;1012;1
2408903008;2023;22,951;62,460;55,795;40,349;43,950;Medio-alto;1012;1
2408903009;2021;20,841;70,178;28,081;36,892;35,229;Bajo;1013;0
2408903009;2022;20,843;70,178;25,398;37,613;34,641;Bajo;1013;0
2408903009;2023;20,845;70,178;24,173;37,553;34,256;Bajo;1013;0
2408903010;2021;19,012;59,198;32,482;44,824;36,824;Bajo;1014;0
2408903010;2022;19,013;59,198;28,804;44,051;35,489;Bajo;1014;0
2408903010;2023;18,833;59,198;28,875;41,708;34,763;Bajo;1014;0
2408903011;2021;19,228;56,417;40,976;43,638;38,654;Medio-bajo;1015;0
2408903011;2022;19,226;57,087;38,346;42,207;37,535;Bajo;1015;0
2408903011;2023;19,223;56,417;35,702;42,505;36,730;Bajo;1015;0
2408903012;2021;20,252;53,307;53,473;42,343;41,804;Medio-bajo;1016;0
2408903012;2022;20,251;53,994;48,182;40,863;39,875;Medio-bajo;1016;0
2408903012;2023;20,245;53,994;47,470;40,054;39,417;Medio-bajo;1016;0
2408903013;2021;19,709;64,351;29,781;45,905;37,286;Bajo;1017;0
2408903013;2022;19,711;63,869;26,705;47,612;36,803;Bajo;1017;0
2408903013;2023;19,713;63,387;26,868;49,750;37,422;Bajo;1017;0
2408903014;2021;19,678;59,133;34,258;42,523;36,824;Bajo;1018;0
2408903014;2022;19,681;58,545;30,374;44,191;36,072;Bajo;1018;0
2408903014;2023;19,685;58,545;29,015;44,699;35,817;Bajo;1018;0
2408903015;2021;23,891;56,699;24,505;36,543;32,792;Bajo;1019;0
2408903015;2022;23,892;56,699;21,021;36,547;31,748;Bajo;1019;0
2408903015;2023;23,890;56,699;18,779;37,135;31,252;Bajo;1019;0
2408903016;2021;19,501;69,404;24,474;40,348;34,733;Bajo;1020;0
2408903016;2022;19,501;69,404;21,123;41,402;34,043;Bajo;1020;0
2408903016;2023;19,505;68,906;19,950;43,182;34,152;Bajo;1020;0
2408903017;2021;18,947;53,865;31,795;41,629;34,844;Bajo;1021;0
2408903017;2022;18,950;55,602;32,361;37,493;34,034;Bajo;1021;0
2408903017;2023;18,835;55,602;27,583;32,613;31,108;Bajo;1021;0
2408903018;2021;22,081;73,265;31,556;40,380;38,091;Bajo;1022;0
2408903018;2022;22,083;73,265;29,807;40,460;37,591;Bajo;1022;0
2408903018;2023;22,084;73,265;27,686;40,622;37,003;Bajo;1022;0
2408903019;2021;22,052;69,899;29,819;37,385;36,159;Bajo;1023;0
2408903019;2022;22,053;69,379;28,378;38,535;35,994;Bajo;1023;0
2408903019;2023;22,056;69,899;26,198;37,529;35,117;Bajo;1023;0
2408903020;2021;23,035;66,419;43,895;35,651;39,585;Medio-bajo;1024;0
2408903020;2022;23,035;65,783;39,995;36,824;38,672;Medio-bajo;1024;0
2408903020;2023;23,037;65,147;37,379;38,599;38,325;Bajo;1024;0
2408903021;2021;22,341;68,815;31,235;35,216;35,843;Bajo;1025;0
2408903021;2022;22,364;69,577;38,337;45,476;41,172;Medio-bajo;1025;0
2408903021;2023;22,364;69,577;38,337;45,476;41,172;Medio-bajo;1025;0
2408904001;2021;18,681;49,352;33,896;45,621;35,928;Bajo;1026;0
2408904001;2022;18,682;50,018;30,026;44,165;34,431;Bajo;1026;0
2408904001;2023;18,679;50,018;28,722;43,124;33,726;Bajo;1026;0
2408904002;2021;18,805;68,398;25,979;40,372;34,866;Bajo;1027;0
2408904002;2022;18,807;68,398;23,489;40,667;34,208;Bajo;1027;0
2408904002;2023;18,806;68,921;21,859;39,877;33,561;Bajo;1027;0
2408904003;2021;19,057;57,381;40,592;42,045;38,162;Bajo;1028;0
2408904003;2022;19,058;57,381;37,862;42,129;37,369;Bajo;1028;0
2408904003;2023;19,061;57,381;35,112;41,065;36,226;Bajo;1028;0
2408904004;2021;19,329;59,930;49,397;43,100;41,571;Medio-bajo;1029;0
2408904004;2022;19,330;59,209;44,594;43,734;40,212;Medio-bajo;1029;0
2408904004;2023;19,329;59,930;42,958;41,697;39,218;Medio-bajo;1029;0
2408904005;2021;22,252;67,719;30,612;37,478;36,148;Bajo;1030;0
2408904005;2022;22,252;67,719;27,658;37,686;35,324;Bajo;1030;0
2408904005;2023;22,252;67,719;26,679;37,627;35,013;Bajo;1030;0
2408904006;2021;18,015;60,527;37,791;42,088;37,546;Bajo;1031;0
2408904006;2022;18,017;60,527;34,587;43,054;36,876;Bajo;1031;0
2408904006;2023;18,015;60,527;33,054;43,510;36,552;Bajo;1031;0
2408904007;2021;18,790;44,022;30,649;43,208;33,458;Bajo;1032;0
2408904007;2022;18,783;44,022;27,456;43,454;32,572;Bajo;1032;0
2408904007;2023;18,788;44,605;26,250;41,957;31,850;Bajo;1032;0
2408904008;2021;19,191;61,926;41,176;41,832;38,989;Medio-bajo;1033;0
2408904008;2022;19,193;61,926;38,656;41,515;38,138;Bajo;1033;0
2408904008;2023;19,186;61,926;37,080;41,504;37,661;Bajo;1033;0
2408904009;2021;19,222;60,912;38,359;45,345;39,054;Medio-bajo;1034;0
2408904009;2022;19,229;60,912;37,242;46,012;38,920;Medio-bajo;1034;0
2408904009;2023;19,230;60,912;35,743;44,981;38,162;Bajo;1034;0
2408904010;2021;18,340;62,673;34,597;41,718;36,881;Bajo;1035;0
2408904010;2022;18,341;62,673;33,013;41,734;36,410;Bajo;1035;0
2408904010;2023;18,340;62,673;30,561;42,272;35,836;Bajo;1035;0
2408904011;2021;19,447;64,091;42,468;40,708;39,428;Medio-bajo;1036;0
2408904011;2022;19,451;64,091;39,144;40,717;38,435;Medio-bajo;1036;0
2408904011;2023;19,455;63,380;40,396;43,331;39,489;Medio-bajo;1036;0
2408904012;2021;19,174;69,424;43,691;43,561;41,383;Medio-bajo;1037;0
2408904012;2022;19,177;69,424;41,331;42,793;40,445;Medio-bajo;1037;0
2408904012;2023;19,173;69,424;40,080;42,664;40,030;Medio-bajo;1037;0
2408904013;2021;18,568;62,190;31,995;43,035;36,480;Bajo;1038;0
2408904013;2022;18,570;62,190;29,334;42,823;35,618;Bajo;1038;0
2408904013;2023;18,570;62,190;27,343;43,443;35,207;Bajo;1038;0
2408904014;2021;19,626;69,487;44,318;44,156;41,872;Medio-bajo;1039;0
2408904014;2022;19,633;69,487;41,879;44,011;41,098;Medio-bajo;1039;0
2408904014;2023;19,629;68,746;40,117;45,217;40,820;Medio-bajo;1039;0
2408904015;2021;21,478;69,281;22,402;34,576;32,855;Bajo;1040;0
2408904015;2022;21,477;69,281;19,799;34,825;32,149;Bajo;1040;0
2408904015;2023;21,474;69,800;17,947;33,612;31,306;Bajo;1040;0
2408905001;2021;18,771;46,568;33,208;42,613;34,424;Bajo;1041;0
2408905001;2022;18,770;46,568;29,292;42,268;33,145;Bajo;1041;0
2408905001;2023;18,769;46,568;27,022;41,941;32,367;Bajo;1041;0
2408905002;2021;20,561;66,680;31,447;41,210;36,939;Bajo;1042;0
2408905002;2022;20,562;66,065;28,449;42,932;36,465;Bajo;1042;0
2408905002;2023;20,565;65,449;27,395;43,804;36,319;Bajo;1042;0
2408905003;2021;19,428;61,766;35,963;46,011;38,714;Medio-bajo;1043;0
2408905003;2022;19,433;62,454;33,189;44,695;37,591;Bajo;1043;0
2408905003;2023;19,432;62,454;31,820;43,964;36,961;Bajo;1043;0
2408905004;2021;18,223;59,052;40,382;44,955;39,015;Medio-bajo;1044;0
2408905004;2022;18,224;59,052;36,642;44,983;37,901;Bajo;1044;0
2408905004;2023;18,227;59,052;34,197;44,701;37,084;Bajo;1044;0
2408905005;2021;18,263;64,690;37,913;43,274;38,625;Medio-bajo;1045;0
2408905005;2022;18,262;64,047;33,794;44,035;37,521;Bajo;1045;0
2408905005;2023;18,257;64,690;33,535;43,042;37,241;Bajo;1045;0
2408905006;2021;19,846;67,654;35,789;40,447;37,980;Bajo;1046;0
2408905006;2022;19,847;67,185;31,756;41,946;37,150;Bajo;1046;0
2408905006;2023;19,850;67,185;31,338;42,987;37,338;Bajo;1046;0
2408905007;2021;18,441;65,970;42,217;44,626;40,559;Medio-bajo;1047;0
2408905007;2022;18,439;65,970;40,737;45,234;40,297;Medio-bajo;1047;0
2408905007;2023;18,445;65,970;39,363;45,119;39,851;Medio-bajo;1047;0
2408905008;2021;19,690;60,917;44,071;43,407;40,303;Medio-bajo;1048;0
2408905008;2022;19,694;60,917;37,159;43,174;38,161;Bajo;1048;0
2408905008;2023;19,688;60,917;35,300;41,998;37,249;Bajo;1048;0
2408905009;2021;19,206;62,911;42,110;42,060;39,489;Medio-bajo;1049;0
2408905009;2022;19,211;62,911;38,281;42,712;38,537;Medio-bajo;1049;0
2408905009;2023;19,214;62,911;37,793;42,889;38,445;Medio-bajo;1049;0
2408905010;2021;19,773;65,269;37,752;46,631;40,048;Medio-bajo;1050;0
2408905010;2022;19,778;64,675;34,269;48,544;39,490;Medio-bajo;1050;0
2408905010;2023;19,786;64,675;33,883;49,164;39,562;Medio-bajo;1050;0
2408905011;2021;19,756;66,931;30,945;39,537;36,123;Bajo;1051;0
2408905011;2022;19,760;66,428;27,653;41,309;35,593;Bajo;1051;0
2408905011;2023;19,764;66,428;25,919;42,265;35,360;Bajo;1051;0
2408906001;2021;20,270;53,555;33,138;46,331;36,941;Bajo;1052;0
2408906001;2022;20,269;52,939;30,534;46,558;36,136;Bajo;1052;0
2408906001;2023;20,271;52,939;28,886;46,654;35,671;Bajo;1052;0
2408906002;2021;20,450;66,212;13,874;37,736;30,527;Bajo;1053;0
2408906002;2022;20,453;66,212;9,060;38,817;29,408;Bajo;1053;0
2408906002;2023;20,453;66,212;7,953;39,415;29,255;Bajo;1053;0
2408906003;2021;20,602;60,952;31,246;41,928;36,246;Bajo;3504;0
2408906003;2022;20,544;60,952;29,120;42,620;35,801;Bajo;3504;0
2408906003;2023;20,544;60,952;27,211;42,464;35,181;Bajo;3504;0
2408906004;2021;20,186;62,114;38,913;43,567;39,108;Medio-bajo;3501;0
2408906004;2022;20,157;62,114;33,428;42,955;37,271;Bajo;3501;0
2408906004;2023;20,150;62,114;32,488;42,629;36,889;Bajo;3501;0
2408906005;2021;20,305;67,882;30,460;43,376;37,410;Bajo;3500;0
2408906005;2022;20,333;67,257;29,954;46,036;37,969;Bajo;3500;0
2408906005;2023;20,339;67,257;28,830;45,994;37,621;Bajo;3500;0
2408906006;2021;18,687;58,545;40,624;44,380;38,954;Medio-bajo;3502;0
2408906006;2022;18,687;58,545;37,677;44,686;38,163;Bajo;3502;0
2408906006;2023;18,689;57,872;36,803;45,561;38,062;Bajo;3502;0
2408906007;2021;22,593;64,633;48,916;38,153;41,464;Medio-bajo;3505;0
2408906007;2022;22,562;63,907;43,750;38,645;39,945;Medio-bajo;3505;0
2408906007;2023;22,525;63,907;42,156;38,937;39,545;Medio-bajo;3505;0
2408906008;2021;20,208;60,551;32,641;47,056;38,044;Bajo;1054;0
2408906008;2022;20,203;60,551;28,210;47,827;36,945;Bajo;1054;0
2408906008;2023;20,208;61,181;27,451;46,763;36,493;Bajo;1054;0
2408906009;2021;20,577;60,015;37,471;35,724;36,105;Bajo;3534;0
2408906009;2022;20,578;60,015;34,138;35,817;35,133;Bajo;3534;0
2408906009;2023;20,425;59,354;23,266;28,564;29,558;Bajo;3534;0
2408906010;2021;19,125;66,667;37,181;41,215;38,300;Bajo;3503;0
2408906010;2022;19,125;66,667;34,910;41,399;37,674;Bajo;3503;0
2408906010;2023;19,124;66,026;30,917;42,408;36,682;Bajo;3503;0
2408906011;2021;20,715;53,975;32,382;46,366;36,899;Bajo;3506;0
2408906011;2022;20,654;53,975;24,505;48,165;35,061;Bajo;3506;0
2408906011;2023;20,655;54,577;32,227;44,053;36,234;Bajo;3506;0
2408906012;2021;20,345;59,473;32,827;44,763;37,284;Bajo;1055;0
2408906012;2022;20,341;59,473;30,188;45,168;36,613;Bajo;1055;0
2408906012;2023;20,343;58,252;22,662;50,138;35,664;Bajo;1055;0
2408906013;2021;19,482;59,233;24,685;48,719;35,777;Bajo;1056;0
2408906013;2022;19,486;59,233;20,762;49,396;34,804;Bajo;1056;0
2408906013;2023;19,496;58,662;19,186;51,317;34,824;Bajo;1056;0
2408906014;2021;20,481;61,951;30,337;42,233;36,184;Bajo;1057;0
2408906014;2022;20,495;61,951;28,116;42,788;35,688;Bajo;1057;0
2408906014;2023;20,488;61,324;27,096;43,723;35,566;Bajo;1057;0
2408906015;2021;20,071;60,208;25,919;42,926;34,702;Bajo;1058;0
2408906015;2022;20,072;59,632;23,351;44,622;34,355;Bajo;1058;0
2408906015;2023;20,075;59,632;21,509;44,903;33,887;Bajo;1058;0
2408906016;2021;20,436;63,808;40,728;42,125;39,536;Medio-bajo;1059;0
2408906016;2022;20,431;63,808;38,169;41,597;38,609;Medio-bajo;1059;0
2408906016;2023;20,432;63,808;35,897;41,689;37,955;Bajo;1059;0
2408906017;2021;22,108;73,353;38,337;45,476;41,674;Medio-bajo;3535;0
2408906017;2022;22,108;73,353;38,337;45,476;41,674;Medio-bajo;3535;0
2408906017;2023;22,108;73,353;38,337;45,476;41,674;Medio-bajo;3535;0
2408907001;2021;19,434;58,164;39,024;44,378;38,604;Medio-bajo;1060;0
2408907001;2022;19,436;58,164;34,871;44,088;37,271;Bajo;1060;0
2408907001;2023;19,435;58,164;35,088;44,386;37,425;Bajo;1060;0
2408907002;2021;20,243;64,971;47,352;43,225;41,980;Medio-bajo;1061;0
2408907002;2022;20,246;64,971;44,657;42,510;40,957;Medio-bajo;1061;0
2408907002;2023;20,243;65,719;43,337;40,157;39,967;Medio-bajo;1061;0
2408907003;2021;20,961;59,922;49,229;37,959;40,385;Medio-bajo;1062;0
2408907003;2022;20,962;59,344;45,172;39,008;39,396;Medio-bajo;1062;0
2408907003;2023;20,961;59,922;43,003;37,881;38,494;Medio-bajo;1062;0
2408907004;2021;20,326;49,986;50,698;38,015;39,193;Medio-bajo;1063;0
2408907004;2022;20,331;49,362;47,730;37,939;38,188;Bajo;1063;0
2408907004;2023;20,332;49,362;46,683;37,875;37,855;Bajo;1063;0
2408907005;2021;22,388;71,388;28,969;35,158;35,544;Bajo;1064;0
2408907005;2022;22,389;71,388;26,504;35,526;34,915;Bajo;1064;0
2408907005;2023;22,390;71,388;25,135;35,873;34,608;Bajo;1064;0
2408907006;2021;20,436;69,422;34,367;40,149;37,877;Bajo;1065;0
2408907006;2022;20,438;69,422;32,205;40,577;37,357;Bajo;1065;0
2408907006;2023;20,440;69,422;30,263;41,516;37,057;Bajo;1065;0
2408907007;2021;21,075;62,067;57,749;38,651;43,499;Medio-bajo;1066;1
2408907007;2022;21,075;62,067;54,696;38,763;42,616;Medio-bajo;1066;1
2408907007;2023;21,075;62,067;53,117;38,690;42,121;Medio-bajo;1066;0
2408907008;2021;20,514;61,990;46,950;38,336;40,013;Medio-bajo;1067;0
2408907008;2022;20,517;61,990;43,386;39,108;39,176;Medio-bajo;1067;0
2408907008;2023;20,519;61,336;41,571;40,287;38,888;Medio-bajo;1067;0
2408907009;2021;19,373;65,119;25,830;45,161;35,908;Bajo;3471;0
2408907009;2022;19,504;64,536;20,821;48,491;35,350;Bajo;3471;0
2408907009;2023;19,503;64,536;18,896;49,133;34,965;Bajo;3471;0
2408907010;2021;20,188;53,918;55,301;37,973;41,117;Medio-bajo;1068;0
2408907010;2022;20,193;54,563;52,008;36,122;39,672;Medio-bajo;1068;0
2408907010;2023;20,188;54,563;50,627;34,780;38,853;Medio-bajo;1068;0
2408907011;2021;21,847;69,016;32,642;36,919;36,682;Bajo;1069;0
2408907011;2022;21,849;69,016;29,463;37,290;35,840;Bajo;1069;0
2408907011;2023;21,851;68,483;27,141;38,738;35,499;Bajo;1069;0
2408907012;2021;20,326;58,208;45,749;41,878;40,101;Medio-bajo;1070;0
2408907012;2022;20,327;58,208;42,203;41,910;39,047;Medio-bajo;1070;0
2408907012;2023;20,325;58,208;42,134;42,684;39,258;Medio-bajo;1070;0
2408907013;2021;21,459;53,724;38,767;43,383;38,069;Bajo;1071;0
2408907013;2022;21,469;53,724;36,607;44,260;37,686;Bajo;1071;0
2408907013;2023;21,472;53,724;35,677;44,097;37,359;Bajo;1071;0
2408908001;2021;24,279;49,284;47,582;41,190;40,094;Medio-bajo;1072;0
2408908001;2022;24,280;48,793;44,603;41,949;39,355;Medio-bajo;1072;0
2408908001;2023;24,285;49,284;43,337;41,304;38,856;Medio-bajo;1072;0
2408908002;2021;23,783;58,549;43,432;37,686;39,064;Medio-bajo;3508;0
2408908002;2022;23,784;58,549;40,407;37,760;38,179;Bajo;3508;0
2408908002;2023;23,782;58,549;39,324;37,666;37,825;Bajo;3508;0
2408909001;2021;23,118;52,118;57,193;41,568;43,225;Medio-bajo;1073;1
2408909001;2022;23,119;52,118;52,880;41,174;41,814;Medio-bajo;1073;0
2408909001;2023;23,120;52,118;51,474;41,010;41,343;Medio-bajo;1073;0
2408909002;2021;25,203;45,420;45,765;41,861;39,402;Medio-bajo;1074;0
2408909002;2022;25,209;44,993;40,995;43,155;38,296;Bajo;1074;0
2408909002;2023;25,213;45,420;39,650;42,210;37,675;Bajo;1074;0
2408909003;2021;23,508;55,593;64,047;38,140;44,872;Medio-alto;1075;1
2408909003;2022;23,506;56,217;58,741;36,986;43,027;Medio-bajo;1075;1
2408909003;2023;23,501;56,217;64,093;35,574;44,208;Medio-alto;1075;1
2408910001;2021;19,095;57,231;36,075;42,630;36,970;Bajo;1076;0
2408910001;2022;19,097;56,637;33,666;43,478;36,413;Bajo;1076;0
2408910001;2023;19,096;56,637;31,076;42,925;35,470;Bajo;1076;0
2408910002;2021;19,414;67,466;45,361;44,479;41,925;Medio-bajo;1077;0
2408910002;2022;19,416;67,466;41,291;44,282;40,646;Medio-bajo;1077;0
2408910002;2023;19,412;67,466;40,003;44,107;40,206;Medio-bajo;1077;0
2408910003;2021;20,291;57,236;45,868;42,207;40,081;Medio-bajo;1078;0
2408910003;2022;20,289;57,236;40,664;42,074;38,479;Medio-bajo;1078;0
2408910003;2023;20,287;57,236;40,274;41,130;38,078;Bajo;1078;0
2408910004;2021;18,494;67,112;42,338;47,231;41,561;Medio-bajo;1079;0
2408910004;2022;18,500;67,112;40,364;46,969;40,892;Medio-bajo;1079;0
2408910004;2023;18,497;67,112;39,231;46,206;40,322;Medio-bajo;1079;0
2408910005;2021;20,637;60,019;40,878;42,974;39,318;Medio-bajo;1080;0
2408910005;2022;20,632;59,406;38,668;44,020;38,875;Medio-bajo;1080;0
2408910005;2023;20,632;59,406;35,762;44,437;38,129;Bajo;1080;0
2408910006;2021;20,361;61,783;37,461;44,418;38,922;Medio-bajo;1081;0
2408910006;2022;20,362;61,160;35,322;45,505;38,513;Medio-bajo;1081;0
2408910006;2023;20,362;61,160;32,934;45,525;37,802;Bajo;1081;0
2408910007;2021;21,116;66,328;31,796;40,293;36,855;Bajo;1082;0
2408910007;2022;21,118;66,328;28,924;40,656;36,103;Bajo;1082;0
2408910007;2023;21,118;66,328;26,694;40,643;35,430;Bajo;1082;0
2409001001;2021;62,385;25,791;50,144;50,956;49,795;Alto;1083;1
2409001001;2022;62,385;25,425;44,879;52,501;48,624;Alto;1083;1
2409001001;2023;62,389;25,425;44,825;52,155;48,505;Alto;1083;1
2409101001;2021;61,015;19,639;47,613;58,270;49,965;Alto;1084;1
2409101001;2022;61,015;19,639;44,861;57,480;48,902;Alto;1084;1
2409101001;2023;61,015;19,639;42,955;57,978;48,479;Alto;1084;1
2409201001;2021;57,079;21,939;44,829;50,601;46,190;Medio-alto;1085;1
2409201001;2022;57,079;21,939;40,965;51,105;45,181;Medio-alto;1085;1
2409201001;2023;57,080;21,939;40,878;50,513;44,978;Medio-alto;1085;1
2409301001;2021;55,158;26,018;47,822;58,812;49,682;Alto;1086;1
2409301001;2022;55,158;26,018;43,829;58,391;48,358;Alto;1086;1
2409301001;2023;55,158;26,018;47,143;57,874;49,197;Alto;1086;1
2409401001;2021;41,067;40,613;48,216;38,722;42,440;Medio-bajo;1087;1
2409401001;2022;41,068;40,613;44,863;39,634;41,708;Medio-bajo;1087;0
2409401001;2023;41,069;40,613;43,896;39,953;41,514;Medio-bajo;1087;0
2409501001;2021;40,591;18,428;39,692;48,590;39,397;Medio-bajo;1088;0
2409501001;2022;40,589;18,428;35,900;48,872;38,343;Bajo;1088;0
2409501001;2023;40,593;18,428;30,421;48,870;36,700;Bajo;1088;0
2409601001;2021;75,868;31,435;26,956;50,020;46,775;Medio-alto;1089;1
2409601001;2022;75,869;31,777;27,409;48,357;46,464;Medio-alto;1089;1
2409601001;2023;75,863;31,094;28,374;51,507;47,594;Medio-alto;1089;1
2409701001;2021;59,457;20,271;40,012;45,969;43,699;Medio-bajo;1090;1
2409701001;2022;59,456;20,271;33,575;47,170;42,128;Medio-bajo;1090;0
2409701001;2023;59,459;20,069;29,962;47,519;41,119;Medio-bajo;1090;0
2409801001;2021;46,218;34,060;44,134;46,311;43,797;Medio-alto;1091;1
2409801001;2022;46,218;34,060;40,795;46,592;42,879;Medio-bajo;1091;1
2409801001;2023;46,218;33,740;38,728;48,298;42,724;Medio-bajo;1091;1
2409901001;2021;62,916;19,119;44,671;54,970;48,489;Alto;1092;1
2409901001;2022;62,908;19,119;42,699;53,048;47,319;Medio-alto;1092;1
2409901001;2023;62,908;19,119;42,150;52,257;46,917;Medio-alto;1092;1
2410001001;2021;47,493;35,477;42,457;41,993;42,530;Medio-bajo;3492;1
2410001001;2022;47,496;35,477;38,119;41,710;41,144;Medio-bajo;3492;0
2410001001;2023;47,494;35,477;35,136;41,498;40,185;Medio-bajo;3492;0
2410101001;2021;62,822;31,106;44,599;61,327;52,149;Alto;1093;1
2410101001;2022;62,822;30,810;40,135;60,471;50,509;Alto;1093;1
2410101001;2023;62,823;30,810;38,024;60,635;49,925;Alto;1093;1
2410201001;2021;52,056;46,469;41,568;47,935;46,835;Medio-alto;1094;1
2410201001;2022;52,057;45,910;42,144;49,475;47,386;Medio-alto;1094;1
2410201001;2023;52,057;45,910;39,439;50,683;46,937;Medio-alto;1094;1
2410301001;2021;64,717;24,344;49,007;64,730;53,952;Alto;1095;1
2410301001;2022;64,716;24,344;49,605;64,741;54,134;Alto;1095;1
2410301001;2023;64,715;24,344;46,915;61,470;52,346;Alto;1095;1
2410401001;2021;53,854;25,780;43,690;58,495;47,986;Alto;1096;1
2410401001;2022;53,863;26,022;43,537;58,373;47,942;Alto;1096;1
2410401001;2023;53,855;26,022;37,683;55,612;45,356;Medio-alto;1096;1
2410501001;2021;36,936;44,001;39,652;39,280;39,514;Medio-bajo;1097;0
2410501001;2022;36,936;44,294;36,021;38,207;38,146;Bajo;1097;0
2410501001;2023;36,935;44,001;34,126;38,741;37,694;Bajo;1097;0
2410601001;2021;80,830;32,173;39,106;61,027;55,073;Alto;1098;1
2410601001;2022;80,829;32,173;37,313;60,722;54,444;Alto;1098;1
2410601001;2023;80,830;32,173;35,204;60,582;53,769;Alto;1098;1
2410701001;2021;53,198;20,910;41,861;49,534;43,854;Medio-alto;1099;1
2410701001;2022;53,194;21,175;42,982;47,234;43,539;Medio-bajo;1099;1
2410701001;2023;53,188;20,910;41,384;49,159;43,597;Medio-bajo;1099;1
2410801001;2021;46,311;24,836;49,025;53,264;45,990;Medio-alto;1100;1
2410801001;2022;46,309;24,836;45,858;53,202;45,021;Medio-alto;1100;1
2410801001;2023;46,313;24,836;43,918;52,918;44,355;Medio-alto;1100;1
2410901001;2021;55,658;33,239;44,408;46,401;46,143;Medio-alto;3490;1
2410901001;2022;55,658;33,239;41,852;47,056;45,573;Medio-alto;3490;1
2410901001;2023;55,659;33,239;39,302;47,719;45,007;Medio-alto;3490;1
2411001001;2021;59,064;41,514;51,149;48,744;50,961;Alto;3491;1
2411001001;2022;59,065;41,943;48,820;47,720;50,020;Alto;3491;1
2411001001;2023;59,065;41,514;45,629;49,444;49,515;Alto;3491;1
2411201001;2021;61,725;33,138;49,050;64,390;54,434;Alto;1101;1
2411201001;2022;61,724;33,138;44,283;65,974;53,479;Alto;1101;1
2411201001;2023;61,725;33,138;41,191;65,438;52,391;Alto;1101;1
2411301001;2021;55,369;25,879;43,546;54,181;47,042;Medio-alto;1102;1
2411301001;2022;55,369;25,651;43,257;55,885;47,432;Medio-alto;1102;1
2411301001;2023;55,371;25,879;40,287;55,345;46,414;Medio-alto;1102;1
2411401001;2021;56,816;39,624;44,506;48,436;48,030;Alto;1103;1
2411401001;2022;56,818;39,624;41,181;49,137;47,243;Medio-alto;1103;1
2411401001;2023;56,819;39,624;38,740;49,278;46,554;Medio-alto;1103;1
2411401002;2021;59,305;45,562;47,384;46,905;49,947;Alto;1104;1
2411401002;2022;59,306;45,562;44,102;46,968;48,982;Alto;1104;1
2411401002;2023;59,307;44,970;43,676;48,393;49,193;Alto;1104;1
2411401003;2021;52,121;38,647;42,034;50,185;46,493;Medio-alto;1105;1
2411401003;2022;52,123;38,647;37,386;49,768;44,974;Medio-alto;1105;1
2411401003;2023;52,122;38,647;34,834;49,626;44,166;Medio-alto;1105;1
2411501001;2021;27,622;60,662;41,860;39,363;40,372;Medio-bajo;1106;0
2411501001;2022;27,623;60,138;38,464;40,181;39,520;Medio-bajo;1106;0
2411501001;2023;27,623;60,662;38,024;39,382;39,227;Medio-bajo;1106;0
2411501002;2021;27,577;56,949;39,741;42,795;40,198;Medio-bajo;1107;0
2411501002;2022;27,577;56,429;36,246;43,887;39,399;Medio-bajo;1107;0
2411501002;2023;27,578;56,429;34,684;44,261;39,042;Medio-bajo;1107;0
2411501003;2021;29,135;44,641;39,829;41,078;38,252;Bajo;1108;0
2411501003;2022;29,136;44,641;38,695;41,556;38,055;Bajo;1108;0
2411501003;2023;29,136;44,641;39,804;41,974;38,513;Medio-bajo;1108;0
2411501004;2021;28,850;60,364;44,910;36,481;40,685;Medio-bajo;1109;0
2411501004;2022;28,851;60,364;41,312;36,670;39,662;Medio-bajo;1109;0
2411501004;2023;28,851;60,364;38,831;37,371;39,128;Medio-bajo;1109;0
2411501005;2021;27,768;61,666;36,993;41,502;39,740;Medio-bajo;1110;0
2411501005;2022;27,769;61,666;33,219;41,890;38,725;Medio-bajo;1110;0
2411501005;2023;27,770;61,141;31,928;43,651;38,787;Medio-bajo;1110;0
2411501006;2021;32,632;61,961;42,522;44,312;43,502;Medio-bajo;3499;1
2411501006;2022;32,633;61,961;38,671;44,400;42,374;Medio-bajo;3499;1
2411501006;2023;32,633;61,961;36,677;44,189;41,712;Medio-bajo;3499;0
2411501007;2021;27,921;59,656;38,301;43,737;40,540;Medio-bajo;1111;0
2411501007;2022;27,922;59,656;36,086;43,900;39,925;Medio-bajo;1111;0
2411501007;2023;27,923;59,656;35,482;44,462;39,912;Medio-bajo;1111;0
2411501008;2021;28,249;62,546;47,613;40,136;42,769;Medio-bajo;1112;1
2411501008;2022;28,249;62,546;44,741;40,742;42,089;Medio-bajo;1112;0
2411501008;2023;28,252;62,546;44,584;41,234;42,190;Medio-bajo;1112;0
2411501009;2021;28,233;58,873;45,001;36,232;40,259;Medio-bajo;1113;0
2411501009;2022;28,234;58,873;43,734;36,154;39,856;Medio-bajo;1113;0
2411501009;2023;28,234;58,873;41,634;36,747;39,404;Medio-bajo;1113;0
2411501010;2021;30,487;55,810;46,148;42,861;42,696;Medio-bajo;1114;1
2411501010;2022;30,490;55,810;42,058;43,052;41,527;Medio-bajo;1114;0
2411501010;2023;30,490;55,810;41,717;43,200;41,469;Medio-bajo;1114;0
2411501011;2021;28,442;51,710;40,435;40,337;39,099;Medio-bajo;1115;0
2411501011;2022;28,443;52,261;40,325;38,765;38,677;Medio-bajo;1115;0
2411501011;2023;28,444;51,159;33,017;41,330;37,089;Bajo;1115;0
2411501012;2021;27,995;69,233;36,657;35,338;38,982;Medio-bajo;1116;0
2411501012;2022;27,996;68,711;34,547;36,348;38,574;Medio-bajo;1116;0
2411501012;2023;27,996;68,711;33,004;37,082;38,331;Bajo;1116;0
2411502001;2021;27,014;62,230;51,376;40,139;43,542;Medio-bajo;1117;1
2411502001;2022;27,014;61,686;49,868;41,950;43,552;Medio-bajo;1117;1
2411502001;2023;27,016;61,686;48,361;42,466;43,255;Medio-bajo;1117;1
2411502002;2021;27,207;57,038;41,988;38,574;39,526;Medio-bajo;1118;0
2411502002;2022;27,207;57,038;39,267;39,197;38,897;Medio-bajo;1118;0
2411502002;2023;27,207;56,502;37,534;40,555;38,704;Medio-bajo;1118;0
2411502003;2021;27,068;53,724;39,479;41,234;39,039;Medio-bajo;1119;0
2411502003;2022;27,066;53,724;36,542;41,412;38,211;Bajo;1119;0
2411502003;2023;27,068;53,228;34,633;43,034;38,051;Bajo;1119;0
2411502004;2021;26,390;58,129;28,406;41,590;36,315;Bajo;1120;0
2411502004;2022;26,392;58,649;26,514;40,544;35,513;Bajo;1120;0
2411502004;2023;26,390;58,129;25,419;41,620;35,429;Bajo;1120;0
2411502005;2021;26,093;62,108;44,771;40,688;41,477;Medio-bajo;1121;0
2411502005;2022;26,095;62,108;42,022;40,811;40,690;Medio-bajo;1121;0
2411502005;2023;26,095;62,108;41,232;41,526;40,668;Medio-bajo;1121;0
2411502006;2021;26,600;54,413;41,552;40,758;39,505;Medio-bajo;1122;0
2411502006;2022;26,603;54,413;38,301;40,748;38,527;Medio-bajo;1122;0
2411502006;2023;26,604;53,863;36,152;41,705;38,088;Bajo;1122;0
2411502007;2021;25,845;58,064;34,094;41,060;37,717;Bajo;1123;0
2411502007;2022;25,845;58,064;31,102;41,325;36,899;Bajo;1123;0
2411502007;2023;25,845;58,064;30,558;40,911;36,612;Bajo;1123;0
2411502008;2021;27,620;59,413;48,095;40,707;42,457;Medio-bajo;1124;1
2411502008;2022;27,622;59,413;45,213;41,226;41,749;Medio-bajo;1124;0
2411502008;2023;27,623;59,413;45,138;41,556;41,826;Medio-bajo;1124;0
2411502009;2021;26,570;64,637;44,303;45,558;43,296;Medio-bajo;1125;1
2411502009;2022;26,573;64,637;41,290;46,088;42,552;Medio-bajo;1125;1
2411502009;2023;26,573;64,184;39,758;47,808;42,541;Medio-bajo;1125;1
2411502010;2021;25,693;53,221;39,396;42,673;39,027;Medio-bajo;1126;0
2411502010;2022;25,695;53,221;36,301;42,925;38,175;Bajo;1126;0
2411502010;2023;25,694;53,221;33,427;42,819;37,280;Bajo;1126;0
2411502011;2021;26,598;71,000;59,744;47,583;49,498;Alto;1127;1
2411502011;2022;26,600;71,000;57,312;47,155;48,640;Alto;1127;1
2411502011;2023;26,598;71,775;55,971;45,785;47,943;Alto;1127;1
2411502012;2021;27,484;61,476;51,569;37,215;42,727;Medio-bajo;1128;1
2411502012;2022;27,487;61,476;46,813;36,992;41,235;Medio-bajo;1128;0
2411502012;2023;27,485;60,822;49,411;37,140;41,960;Medio-bajo;1128;0
2411502013;2021;27,064;64,786;37,497;40,534;39,893;Medio-bajo;1129;0
2411502013;2022;27,065;64,786;34,842;41,127;39,275;Medio-bajo;1129;0
2411502013;2023;27,067;64,786;32,847;41,129;38,677;Medio-bajo;1129;0
2411502014;2021;26,698;53,742;35,084;48,352;39,767;Medio-bajo;1130;0
2411502014;2022;26,700;53,742;31,422;49,009;38,866;Medio-bajo;1130;0
2411502014;2023;26,700;53,742;30,443;48,307;38,361;Bajo;1130;0
2411502015;2021;26,798;51,211;27,937;33,438;32,794;Bajo;1131;0
2411502015;2022;26,799;50,921;23,594;34,724;31,833;Bajo;1131;0
2411502015;2023;26,801;50,921;21,390;35,264;31,335;Bajo;1131;0
2411502016;2021;27,078;69,530;25,017;32,353;34,410;Bajo;1132;0
2411502016;2022;27,077;69,530;22,560;32,576;33,739;Bajo;1132;0
2411502016;2023;27,075;69,530;21,762;32,897;33,596;Bajo;1132;0
2411502017;2021;27,250;70,931;28,455;35,365;36,598;Bajo;1133;0
2411502017;2022;27,249;70,931;26,435;35,668;36,083;Bajo;1133;0
2411502017;2023;27,247;70,931;24,964;36,211;35,804;Bajo;1133;0
2411503001;2021;26,942;55,664;42,565;33,899;38,024;Bajo;1134;0
2411503001;2022;26,941;56,136;40,033;32,967;37,056;Bajo;1134;0
2411503001;2023;26,941;55,664;38,089;34,113;36,745;Bajo;1134;0
2411503002;2021;26,202;61,023;52,399;39,808;43,366;Medio-bajo;1135;1
2411503002;2022;26,204;61,023;48,875;40,090;42,394;Medio-bajo;1135;1
2411503002;2023;26,204;61,023;49,172;39,677;42,359;Medio-bajo;1135;1
2411503003;2021;26,542;61,941;52,069;38,454;43,083;Medio-bajo;1136;1
2411503003;2022;26,542;61,386;48,292;39,945;42,315;Medio-bajo;1136;1
2411503003;2023;26,543;61,386;47,653;39,671;42,041;Medio-bajo;1136;0
2411503004;2021;28,544;48,185;49,829;37,143;40,455;Medio-bajo;1137;0
2411503004;2022;28,543;47,772;46,838;38,257;39,830;Medio-bajo;1137;0
2411503004;2023;28,542;47,358;44,952;39,454;39,561;Medio-bajo;1137;0
2411503005;2021;27,558;53,354;51,564;41,198;42,721;Medio-bajo;1138;1
2411503005;2022;27,560;52,859;50,020;42,554;42,591;Medio-bajo;1138;1
2411503005;2023;27,561;52,859;46,919;42,557;41,662;Medio-bajo;1138;0
2411503006;2021;26,571;53,989;57,598;43,333;45,020;Medio-alto;1139;1
2411503006;2022;26,571;53,989;54,435;42,961;43,960;Medio-alto;1139;1
2411503006;2023;26,570;53,266;53,886;44,233;44,068;Medio-alto;1139;1
2411503007;2021;37,448;40,768;46,187;41,871;41,895;Medio-bajo;1140;0
2411503007;2022;37,450;40,768;42,447;41,636;40,703;Medio-bajo;1140;0
2411503007;2023;37,449;40,768;38,917;42,268;39,833;Medio-bajo;1140;0
2411504001;2021;32,270;37,084;34,955;42,762;36,945;Bajo;3493;0
2411504001;2022;32,273;37,084;33,380;42,994;36,543;Bajo;3493;0
2411504001;2023;32,273;37,084;32,839;42,934;36,363;Bajo;3493;0
2411504002;2021;36,604;30,824;50,228;42,276;41,526;Medio-bajo;1141;0
2411504002;2022;36,601;30,469;45,919;43,898;40,666;Medio-bajo;1141;0
2411504002;2023;36,603;30,469;44,907;44,135;40,434;Medio-bajo;1141;0
2411505001;2021;28,761;54,176;45,042;40,023;40,836;Medio-bajo;1142;0
2411505001;2022;28,762;54,176;41,726;39,775;39,767;Medio-bajo;1142;0
2411505001;2023;28,761;54,176;40,444;39,988;39,446;Medio-bajo;1142;0
2411505002;2021;30,237;42,943;45,169;40,991;39,849;Medio-bajo;1143;0
2411505002;2022;30,234;42,620;42,431;41,843;39,234;Medio-bajo;1143;0
2411505002;2023;30,233;42,620;42,332;41,515;39,105;Medio-bajo;1143;0
2411505003;2021;30,311;40,584;48,731;41,647;40,779;Medio-bajo;1144;0
2411505003;2022;30,312;40,584;46,224;41,172;39,884;Medio-bajo;1144;0
2411505003;2023;30,312;40,584;44,795;41,466;39,544;Medio-bajo;1144;0
2411505004;2021;29,054;51,080;34,729;37,298;36,534;Bajo;1145;0
2411505004;2022;29,054;51,080;31,883;37,740;35,812;Bajo;1145;0
2411505004;2023;29,054;51,080;29,822;38,111;35,305;Bajo;1145;0
2411505005;2021;35,102;41,315;53,432;45,811;44,746;Medio-alto;1146;1
2411505005;2022;35,107;41,315;51,357;46,603;44,362;Medio-alto;1146;1
2411505005;2023;35,107;41,315;50,666;46,159;44,022;Medio-alto;1146;1
2411505006;2021;28,225;50,106;45,438;39,627;40,092;Medio-bajo;1147;0
2411505006;2022;28,227;50,106;42,447;40,081;39,331;Medio-bajo;1147;0
2411505006;2023;28,227;49,717;41,600;40,776;39,227;Medio-bajo;1147;0
2411505007;2021;30,033;49,313;44,534;40,122;40,302;Medio-bajo;3496;0
2411505007;2022;30,034;49,313;41,341;40,088;39,334;Medio-bajo;3496;0
2411505007;2023;30,034;49,313;39,363;40,590;38,891;Medio-bajo;3496;0
2411506001;2021;47,644;33,612;53,046;51,525;48,324;Alto;1148;1
2411506001;2022;47,646;33,612;49,615;51,555;47,304;Medio-alto;1148;1
2411506001;2023;47,645;33,612;46,211;52,402;46,537;Medio-alto;1148;1
2411601001;2021;86,221;28,433;38,589;52,223;53,064;Alto;1149;1
2411601001;2022;86,221;28,433;34,803;52,122;51,898;Alto;1149;1
2411601001;2023;86,221;28,433;31,955;53,119;51,342;Alto;1149;1
2411701001;2021;67,918;29,679;52,979;52,889;53,192;Alto;1150;1
2411701001;2022;67,917;29,679;51,752;52,306;52,649;Alto;1150;1
2411701001;2023;67,918;29,679;51,158;54,360;53,087;Alto;1150;1
2411801001;2021;59,159;29,182;40,419;49,455;46,129;Medio-alto;1151;1
2411801001;2022;59,152;29,531;39,844;49,596;46,050;Medio-alto;1151;1
2411801001;2023;59,141;29,182;39,385;51,228;46,346;Medio-alto;1151;1
2411901001;2021;43,061;24,545;48,187;47,231;43,072;Medio-bajo;1152;1
2411901001;2022;43,063;24,545;44,835;47,403;42,119;Medio-bajo;1152;0
2411901001;2023;43,064;24,545;42,333;47,723;41,464;Medio-bajo;1152;0
2412001001;2021;63,200;35,709;37,355;48,161;46,811;Medio-alto;1153;1
2412001001;2022;63,200;35,709;35,971;48,122;46,384;Medio-alto;1153;1
2412001001;2023;63,197;35,709;33,264;47,793;45,473;Medio-alto;1153;1
2412101001;2021;71,549;51,333;37,835;48,327;51,436;Alto;1154;1
2412101001;2022;71,550;50,688;33,967;49,377;50,494;Alto;1154;1
2412101001;2023;71,549;50,688;33,724;49,273;50,389;Alto;1154;1
2412201001;2021;43,564;37,387;46,153;41,321;42,741;Medio-bajo;1155;1
2412201001;2022;43,564;37,387;43,607;41,501;42,032;Medio-bajo;1155;0
2412201001;2023;43,564;37,039;42,453;42,474;41,925;Medio-bajo;1155;0
2412301001;2021;63,416;33,665;49,686;59,326;53,607;Alto;1156;1
2412301001;2022;63,416;33,665;46,431;59,220;52,599;Alto;1156;1
2412301001;2023;63,415;33,665;43,834;58,994;51,752;Alto;1156;1
2412401001;2021;59,579;30,769;52,447;58,229;52,713;Alto;1157;1
2412401001;2022;59,580;30,492;48,520;60,012;52,028;Alto;1157;1
2412401001;2023;59,586;30,492;46,219;60,539;51,498;Alto;1157;1
2412501001;2021;59,455;21,094;50,276;59,104;50,842;Alto;1158;1
2412501001;2022;59,458;21,094;46,649;58,842;49,676;Alto;1158;1
2412501001;2023;59,454;21,302;43,641;56,990;48,248;Alto;1158;1
2412701001;2021;48,860;27,066;45,486;56,022;46,727;Medio-alto;1159;1
2412701001;2022;48,863;27,066;42,693;55,142;45,626;Medio-alto;1159;1
2412701001;2023;48,863;27,066;44,132;53,958;45,702;Medio-alto;1159;1
2412901001;2021;64,143;23,268;34,901;59,686;47,902;Alto;1160;1
2412901001;2022;64,151;23,268;32,159;49,992;44,173;Medio-alto;1160;1
2412901001;2023;64,148;23,268;28,634;59,107;45,849;Medio-alto;1160;1
2413001001;2021;57,713;49,848;34,975;47,986;46,794;Medio-alto;1161;1
2413001001;2022;57,713;49,848;32,632;47,894;46,063;Medio-alto;1161;1
2413001001;2023;57,713;49,352;30,373;49,402;45,764;Medio-alto;1161;1
2413101001;2021;50,852;17,186;48,821;47,419;44,163;Medio-alto;1162;1
2413101001;2022;50,851;17,007;46,226;48,609;43,714;Medio-alto;1162;1
2413101001;2023;50,852;17,007;46,284;49,026;43,857;Medio-alto;1162;1
2413201001;2021;64,295;23,822;43,316;57,493;49,890;Alto;1163;1
2413201001;2022;64,296;23,822;40,640;58,412;49,363;Alto;1163;1
2413201001;2023;64,296;23,822;38,740;58,725;48,887;Alto;1163;1
2413301001;2021;52,450;27,417;40,733;54,599;45,825;Medio-alto;1164;1
2413301001;2022;52,451;27,180;35,466;54,968;44,320;Medio-alto;1164;1
2413301001;2023;52,452;27,417;33,519;53,453;43,317;Medio-bajo;1164;1
2413401001;2021;47,389;51,251;45,085;40,758;45,288;Medio-alto;1165;1
2413401001;2022;47,389;51,251;41,316;41,215;44,294;Medio-alto;1165;1
2413401001;2023;47,389;51,251;39,578;41,880;43,972;Medio-alto;1165;1
2413401002;2021;46,687;30,581;42,853;43,558;42,182;Medio-bajo;1166;0
2413401002;2022;46,689;30,581;39,293;43,520;41,103;Medio-bajo;1166;0
2413401002;2023;46,691;30,581;37,692;43,541;40,630;Medio-bajo;1166;0
2413401003;2021;46,914;54,860;43,327;41,568;45,426;Medio-alto;1167;1
2413401003;2022;46,915;54,860;40,185;41,287;44,399;Medio-alto;1167;1
2413401003;2023;46,915;54,332;38,642;42,648;44,266;Medio-alto;1167;1
2413601001;2021;60,059;33,640;43,560;52,853;48,985;Alto;1168;1
2413601001;2022;60,059;33,377;39,603;53,511;47,956;Alto;1168;1
2413601001;2023;60,060;33,640;35,793;52,709;46,612;Medio-alto;1168;1
2413701001;2021;57,686;47,797;51,095;48,385;51,435;Alto;1169;1
2413701001;2022;57,687;47,797;48,317;49,070;50,808;Alto;1169;1
2413701001;2023;57,688;47,258;46,278;50,957;50,681;Alto;1169;1
2413901001;2021;67,972;31,153;42,178;47,245;48,493;Alto;1170;1
2413901001;2022;67,973;31,153;40,044;46,519;47,635;Medio-alto;1170;1
2413901001;2023;67,973;30,788;38,278;48,864;47,754;Medio-alto;1170;1
2413901002;2021;59,596;44,533;41,181;42,541;46,696;Medio-alto;1171;1
2413901002;2022;59,596;44,533;39,487;42,985;46,321;Medio-alto;1171;1
2413901002;2023;59,596;44,122;38,078;44,322;46,237;Medio-alto;1171;1
2414101001;2021;63,880;30,234;38,337;64,695;51,415;Alto;1172;1
2414101001;2022;63,880;30,611;38,337;57,379;49,276;Alto;1172;1
2414101001;2023;63,914;30,234;38,337;59,949;50,000;Alto;1172;1
2414201001;2021;27,369;57,451;38,080;35,450;37,519;Bajo;1173;0
2414201001;2022;27,369;57,451;33,712;35,937;36,355;Bajo;1173;0
2414201001;2023;27,369;56,973;32,156;36,920;36,111;Bajo;1173;0
2414201002;2021;26,215;54,584;35,720;36,352;36,363;Bajo;1174;0
2414201002;2022;26,215;54,584;32,710;36,402;35,475;Bajo;1174;0
2414201002;2023;26,216;54,164;30,824;37,230;35,095;Bajo;1174;0
2414201003;2021;37,378;50,808;34,021;34,807;37,614;Bajo;1175;0
2414201003;2022;37,379;50,460;32,177;36,138;37,408;Bajo;1175;0
2414201003;2023;37,379;50,808;29,465;34,761;36,233;Bajo;1175;0
2414202001;2021;21,931;62,076;43,164;35,304;38,335;Bajo;1176;0
2414202001;2022;21,932;62,625;40,534;34,193;37,295;Bajo;1176;0
2414202001;2023;21,932;62,076;38,641;35,363;36,996;Bajo;1176;0
2414202002;2021;23,346;59,906;44,320;37,270;39,299;Medio-bajo;1177;0
2414202002;2022;23,345;60,422;41,184;36,731;38,274;Bajo;1177;0
2414202002;2023;23,344;59,906;39,033;37,940;37,914;Bajo;1177;0
2414202003;2021;21,299;61,844;36,755;39,277;37,411;Bajo;1178;0
2414202003;2022;21,305;61,844;34,400;39,773;36,855;Bajo;1178;0
2414202003;2023;21,307;61,260;31,981;40,919;36,386;Bajo;1178;0
2414202004;2021;20,034;56,870;40,055;38,300;37,046;Bajo;1179;0
2414202004;2022;20,034;56,870;37,628;38,367;36,338;Bajo;1179;0
2414202004;2023;20,035;56,870;37,050;39,077;36,377;Bajo;1179;0
2414202005;2021;22,605;56,412;45,721;40,096;39,858;Medio-bajo;1180;0
2414202005;2022;22,606;56,412;44,207;39,456;39,212;Medio-bajo;1180;0
2414202005;2023;22,606;56,412;43,106;39,698;38,954;Medio-bajo;1180;0
2414202006;2021;20,645;57,820;46,441;38,553;39,332;Medio-bajo;1181;0
2414202006;2022;20,644;57,820;43,451;39,179;38,623;Medio-bajo;1181;0
2414202006;2023;20,643;57,133;43,789;39,878;38,831;Medio-bajo;1181;0
2414202007;2021;20,398;66,848;41,236;37,194;38,656;Medio-bajo;1182;0
2414202007;2022;20,401;66,848;39,550;36,742;38,015;Bajo;1182;0
2414202007;2023;20,397;66,848;37,959;36,617;37,499;Bajo;1182;0
2414202008;2021;23,723;58,141;40,155;36,510;37,652;Bajo;1183;0
2414202008;2022;23,724;57,622;37,862;37,647;37,227;Bajo;1183;0
2414202008;2023;23,723;57,622;36,723;37,760;36,919;Bajo;1183;0
2414202009;2021;20,713;56,590;36,116;37,042;35,614;Bajo;1184;0
2414202009;2022;20,714;56,590;32,970;37,186;34,714;Bajo;1184;0
2414202009;2023;20,715;56,590;31,769;36,796;34,236;Bajo;1184;0
2414202010;2021;25,993;53,768;36,184;37,961;36,807;Bajo;1185;0
2414202010;2022;25,994;53,768;32,783;38,318;35,894;Bajo;1185;0
2414202010;2023;25,995;53,768;32,087;38,703;35,801;Bajo;1185;0
2414202011;2021;20,005;62,443;39,366;39,092;37,905;Bajo;1186;0
2414202011;2022;20,003;61,820;37,715;40,254;37,665;Bajo;1186;0
2414202011;2023;20,003;61,820;35,931;40,377;37,166;Bajo;1186;0
2414202012;2021;21,738;69,393;33,889;34,610;36,393;Bajo;1187;0
2414202012;2022;21,739;68,843;32,454;35,978;36,291;Bajo;1187;0
2414202012;2023;21,740;68,843;32,084;36,296;36,275;Bajo;1187;0
2414202013;2021;22,285;57,613;35,783;35,409;35,571;Bajo;1188;0
2414202013;2022;22,286;57,125;34,994;36,705;35,650;Bajo;1188;0
2414202013;2023;22,287;57,125;32,913;37,016;35,119;Bajo;1188;0
2414203001;2021;21,387;57,952;44,860;50,793;42,735;Medio-bajo;1189;1
2414203001;2022;21,398;57,952;40,974;50,866;41,594;Medio-bajo;1189;0
2414203001;2023;21,396;57,952;37,646;51,700;40,846;Medio-bajo;1189;0
2414203002;2021;21,305;63,827;52,404;45,703;44,332;Medio-alto;1190;1
2414203002;2022;21,310;63,827;48,835;44,695;42,961;Medio-bajo;1190;1
2414203002;2023;21,309;63,038;47,261;45,216;42,526;Medio-bajo;1190;1
2414203003;2021;21,677;54,690;40,396;37,058;36,859;Bajo;1191;0
2414203003;2022;21,678;54,690;37,294;37,028;35,920;Bajo;1191;0
2414203003;2023;21,673;54,154;36,419;38,908;36,139;Bajo;1191;0
2414301001;2021;42,477;29,807;51,241;44,638;43,854;Medio-alto;1192;1
2414301001;2022;42,476;29,807;46,364;45,023;42,506;Medio-bajo;1192;1
2414301001;2023;42,477;29,503;43,594;46,177;41,976;Medio-bajo;1192;0
2414401001;2021;50,917;29,163;50,026;48,743;46,734;Medio-alto;1193;1
2414401001;2022;50,919;29,163;48,329;48,569;46,174;Medio-alto;1193;1
2414401001;2023;50,919;29,163;45,633;48,893;45,462;Medio-alto;1193;1
2414501001;2021;61,594;23,188;38,647;53,179;46,424;Medio-alto;1194;1
2414501001;2022;61,593;23,188;36,216;52,577;45,514;Medio-alto;1194;1
2414501001;2023;61,595;23,188;34,125;53,046;45,028;Medio-alto;1194;1
2414601001;2021;62,814;19,210;54,191;64,395;54,161;Alto;1195;1
2414601001;2022;62,814;19,210;45,324;61,465;50,622;Alto;1195;1
2414601001;2023;62,813;19,210;44,357;60,285;49,977;Alto;1195;1
2414801001;2021;44,445;34,103;41,834;39,573;40,649;Medio-bajo;1196;0
2414801001;2022;44,445;33,863;37,760;40,774;39,751;Medio-bajo;1196;0
2414801001;2023;44,446;33,863;34,643;40,744;38,807;Medio-bajo;1196;0
2414801002;2021;45,716;25,967;42,727;45,419;41,768;Medio-bajo;1197;0
2414801002;2022;45,717;25,967;40,263;44,704;40,814;Medio-bajo;1197;0
2414801002;2023;45,716;25,967;37,649;44,597;39,998;Medio-bajo;1197;0
2414901001;2021;56,711;29,084;32,979;39,710;40,347;Medio-bajo;1198;0
2414901001;2022;56,708;29,084;30,744;39,854;39,719;Medio-bajo;1198;0
2414901001;2023;56,706;29,084;27,523;39,982;38,791;Medio-bajo;1198;0
2415001001;2021;48,090;31,901;45,256;55,076;46,907;Medio-alto;1199;1
2415001001;2022;48,084;31,901;41,851;54,585;45,737;Medio-alto;1199;1
2415001001;2023;48,088;31,617;38,093;56,325;45,090;Medio-alto;1199;1
2415101001;2021;54,545;19,609;40,781;52,165;44,462;Medio-alto;1200;1
2415101001;2022;54,541;19,609;43,236;51,533;45,007;Medio-alto;1200;1
2415101001;2023;54,539;19,609;38,756;51,587;43,679;Medio-bajo;1200;1
2415201001;2021;55,021;29,062;51,731;51,162;48,982;Alto;1201;1
2415201001;2022;55,019;28,318;48,918;53,412;48,702;Alto;1201;1
2415201001;2023;55,023;28,318;46,902;53,974;48,266;Alto;1201;1
2415301001;2021;65,434;14,932;44,646;47,932;46,371;Medio-alto;1202;1
2415301001;2022;65,432;14,932;44,173;48,195;46,308;Medio-alto;1202;1
2415301001;2023;65,431;14,932;43,541;47,981;46,054;Medio-alto;1202;1
2415401001;2021;52,527;34,055;51,656;45,512;47,390;Medio-alto;1203;1
2415401001;2022;52,527;33,768;47,683;46,432;46,431;Medio-alto;1203;1
2415401001;2023;52,527;33,768;45,857;47,081;46,079;Medio-alto;1203;1
2415501001;2021;48,677;26,205;44,607;50,704;44,693;Medio-alto;1204;1
2415501001;2022;48,678;26,205;41,899;51,303;44,061;Medio-alto;1204;1
2415501001;2023;48,679;26,026;41,394;52,409;44,215;Medio-alto;1204;1
2415601001;2021;70,266;22,547;47,027;64,511;54,410;Alto;1205;1
2415601001;2022;70,266;22,547;46,477;59,995;52,890;Alto;1205;1
2415601001;2023;70,267;22,547;42,454;60,924;51,962;Alto;1205;1
2415701001;2021;44,546;48,153;40,462;39,976;42,491;Medio-bajo;1206;1
2415701001;2022;44,547;48,153;37,495;40,624;41,795;Medio-bajo;1206;0
2415701001;2023;44,547;47,731;35,063;41,679;41,319;Medio-bajo;1206;0
2415701002;2021;44,442;49,860;40,089;38,948;42,301;Medio-bajo;1207;1
2415701002;2022;44,442;49,860;38,531;39,602;42,030;Medio-bajo;1207;0
2415701002;2023;44,443;49,860;35,782;40,537;41,485;Medio-bajo;1207;0
2415801001;2021;50,397;17,509;33,813;53,314;41,364;Medio-bajo;1208;0
2415801001;2022;50,396;17,509;28,692;54,136;40,074;Medio-bajo;1208;0
2415801001;2023;50,397;17,509;29,558;54,624;40,480;Medio-bajo;1208;0
2415901001;2021;45,494;34,711;43,878;48,081;44,168;Medio-alto;1209;1
2415901001;2022;45,495;34,711;42,742;48,187;43,859;Medio-alto;1209;1
2415901001;2023;45,496;34,711;40,480;48,088;43,151;Medio-bajo;1209;1
2416001001;2021;49,129;31,766;46,077;46,821;44,917;Medio-alto;1210;1
2416001001;2022;49,127;31,499;43,688;47,788;44,450;Medio-alto;1210;1
2416001001;2023;49,128;31,766;41,234;46,397;43,336;Medio-bajo;1210;1
2416101001;2021;49,538;19,922;41,727;43,091;40,818;Medio-bajo;1211;0
2416101001;2022;49,534;19,922;36,705;42,072;39,005;Medio-bajo;1211;0
2416101001;2023;49,532;19,685;36,275;43,460;39,256;Medio-bajo;1211;0
2416201001;2021;33,733;48,091;41,258;38,267;39,504;Medio-bajo;3525;0
2416201001;2022;33,733;48,091;37,307;38,462;38,377;Bajo;3525;0
2416201001;2023;33,733;48,091;36,536;38,711;38,221;Bajo;3525;0
2416301001;2021;36,852;42,757;34,364;36,055;36,752;Bajo;3472;0
2416301001;2022;36,877;42,757;32,290;36,431;36,249;Bajo;3472;0
2416301001;2023;36,875;42,469;29,949;37,411;35,797;Bajo;3472;0
2416301002;2021;37,824;48,700;15,773;31,995;31,092;Bajo;1212;0
2416301002;2022;37,823;48,700;11,785;31,780;29,830;Bajo;1212;0
2416301002;2023;37,819;48,405;15,757;32,814;31,287;Bajo;1212;0
2416301003;2021;32,447;44,848;23,635;34,896;32,398;Bajo;1213;0
2416301003;2022;32,446;44,591;19,375;36,101;31,443;Bajo;1213;0
2416301003;2023;32,445;45,105;8,406;34,571;27,770;Bajo;1213;0
2416301004;2021;32,162;43,011;38,337;45,476;39,636;Medio-bajo;3473;0
2416301004;2022;32,180;43,271;29,831;34,289;33,772;Bajo;3473;0
2416301004;2023;32,181;43,271;28,036;34,558;33,314;Bajo;3473;0
2416401001;2021;67,184;24,923;38,182;48,657;46,586;Medio-alto;1214;1
2416401001;2022;67,183;25,234;34,313;46,774;44,907;Medio-alto;1214;1
2416401001;2023;67,180;25,234;31,679;46,773;44,116;Medio-alto;1214;1
2416501001;2021;53,605;25,335;51,257;66,677;52,582;Alto;3515;1
2416501001;2022;53,598;25,335;45,664;58,426;48,427;Alto;3515;1
2416501001;2023;53,594;24,984;41,569;60,047;47,631;Medio-alto;3515;1
2416601001;2021;45,683;32,718;45,049;47,290;44,030;Medio-alto;1215;1
2416601001;2022;45,684;32,718;42,432;47,000;43,159;Medio-bajo;1215;1
2416601001;2023;45,684;32,718;39,664;46,996;42,327;Medio-bajo;1215;1
2416701001;2021;50,338;30,645;47,442;48,780;46,048;Medio-alto;1216;1
2416701001;2022;50,339;30,328;43,185;50,475;45,232;Medio-alto;1216;1
2416701001;2023;50,341;30,011;40,810;51,742;44,852;Medio-alto;1216;1
2416801001;2021;58,638;29,644;40,683;43,184;44,266;Medio-alto;1217;1
2416801001;2022;58,637;29,128;39,503;45,458;44,517;Medio-alto;1217;1
2416801001;2023;58,639;29,386;37,732;44,547;43,751;Medio-alto;1217;1
2416901001;2021;38,823;50,985;50,212;42,865;45,276;Medio-alto;1218;1
2416901001;2022;38,823;50,508;46,272;43,854;44,320;Medio-alto;1218;1
2416901001;2023;38,825;50,508;43,664;44,410;43,704;Medio-bajo;1218;1
2416901002;2021;42,077;42,225;51,909;50,781;47,660;Medio-alto;1219;1
2416901002;2022;42,077;42,225;48,773;50,826;46,733;Medio-alto;1219;1
2416901002;2023;42,078;42,225;47,362;51,054;46,378;Medio-alto;1219;1
2416901003;2021;47,859;45,836;58,510;47,565;50,663;Alto;3477;1
2416901003;2022;47,860;45,836;55,567;48,000;49,911;Alto;3477;1
2416901003;2023;47,863;45,836;54,928;48,774;49,952;Alto;3477;1
2417001001;2021;48,156;48,551;47,714;43,410;46,659;Medio-alto;1220;1
2417001001;2022;48,157;48,076;46,710;44,656;46,660;Medio-alto;1220;1
2417001001;2023;48,157;48,076;43,346;44,975;45,747;Medio-alto;1220;1
2417001002;2021;50,038;44,335;52,384;43,696;47,984;Alto;3482;1
2417001002;2022;50,038;44,335;50,562;43,611;47,411;Medio-alto;3482;1
2417001002;2023;50,038;44,335;47,099;44,290;46,577;Medio-alto;3482;1
2417101001;2021;50,118;24,332;53,805;55,269;48,902;Alto;3522;1
2417101001;2022;50,116;24,332;49,986;53,310;47,168;Medio-alto;3522;1
2417101001;2023;50,117;24,332;44,819;52,148;45,269;Medio-alto;3522;1
2417201001;2021;60,492;37,060;50,407;52,696;51,613;Alto;1221;1
2417201001;2022;60,489;36,564;46,676;54,800;51,050;Alto;1221;1
2417201001;2023;60,492;36,564;43,410;55,372;50,242;Alto;1221;1
2417301001;2021;47,060;27,632;47,156;50,312;45,150;Medio-alto;1222;1
2417301001;2022;47,060;27,632;45,666;50,585;44,785;Medio-alto;1222;1
2417301001;2023;47,062;27,632;44,673;50,364;44,421;Medio-alto;1222;1
2417401001;2021;45,788;29,030;46,082;52,415;45,351;Medio-alto;1223;1
2417401001;2022;45,786;29,030;43,618;52,065;44,506;Medio-alto;1223;1
2417401001;2023;45,789;29,030;42,508;52,367;44,264;Medio-alto;1223;1
2417501001;2021;37,483;38,628;34,776;41,382;38,012;Bajo;3509;0
2417501001;2022;37,481;38,628;31,513;41,563;37,088;Bajo;3509;0
2417501001;2023;37,481;38,628;29,123;41,654;36,398;Bajo;3509;0
2417601001;2021;50,952;24,747;39,853;43,441;41,438;Medio-bajo;1224;0
2417601001;2022;50,951;24,747;37,953;44,738;41,257;Medio-bajo;1224;0
2417601001;2023;50,953;24,553;34,836;46,789;40,909;Medio-bajo;1224;0
2417701001;2021;68,639;32,257;34,280;49,192;47,040;Medio-alto;1225;1
2417701001;2022;68,640;31,918;32,999;50,788;47,084;Medio-alto;1225;1
2417701001;2023;68,640;31,918;30,185;51,839;46,555;Medio-alto;1225;1
2417801001;2021;64,002;27,512;38,337;51,059;46,946;Medio-alto;1226;1
2417801001;2022;64,034;27,824;38,337;48,507;46,235;Medio-alto;1226;1
2417801001;2023;64,034;26,887;38,337;51,797;47,082;Medio-alto;1226;1
2417901001;2021;58,492;32,164;40,400;52,438;47,299;Medio-alto;3474;1
2417901001;2022;58,493;32,164;38,951;52,204;46,794;Medio-alto;3474;1
2417901001;2023;58,491;32,164;37,171;51,346;46,002;Medio-alto;3474;1
2418001001;2021;57,643;23,940;43,984;47,938;45,578;Medio-alto;1227;1
2418001001;2022;57,644;23,940;41,512;48,214;44,920;Medio-alto;1227;1
2418001001;2023;57,644;23,940;38,530;48,033;43,971;Medio-alto;1227;1
2418101001;2021;61,817;37,395;56,965;45,385;51,769;Alto;1228;1
2418101001;2022;61,817;37,395;53,176;44,599;50,396;Alto;1228;1
2418101001;2023;61,819;36,963;55,483;45,395;51,263;Alto;1228;1
2418101002;2021;61,651;42,368;49,934;47,436;50,979;Alto;1229;1
2418101002;2022;61,651;41,955;47,975;49,008;50,801;Alto;1229;1
2418101002;2023;61,652;42,368;44,987;47,283;49,449;Alto;1229;1
2418201001;2021;49,830;25,380;48,793;52,760;46,731;Medio-alto;1230;1
2418201001;2022;49,832;25,380;45,096;53,059;45,712;Medio-alto;1230;1
2418201001;2023;49,831;25,380;44,434;52,920;45,471;Medio-alto;1230;1
2418301001;2021;61,023;36,885;42,601;49,674;48,471;Alto;1231;1
2418301001;2022;61,023;36,885;39,523;49,822;47,592;Medio-alto;1231;1
2418301001;2023;61,023;36,529;36,849;51,314;47,184;Medio-alto;1231;1
2418401001;2021;63,570;32,675;53,726;58,150;54,357;Alto;1232;1
2418401001;2022;63,574;32,675;46,319;57,799;52,030;Alto;1232;1
2418401001;2023;63,580;32,675;46,452;59,999;52,731;Alto;1232;1
2418501001;2021;50,090;25,253;41,150;47,160;42,804;Medio-bajo;1233;1
2418501001;2022;50,091;25,253;38,978;47,188;42,161;Medio-bajo;1233;0
2418501001;2023;50,090;25,253;37,295;47,708;41,811;Medio-bajo;1233;0
2418701001;2021;50,587;30,520;46,822;48,852;45,927;Medio-alto;1234;1
2418701001;2022;50,588;30,520;43,619;48,685;44,916;Medio-alto;1234;1
2418701001;2023;50,589;30,520;39,829;48,602;43,755;Medio-alto;1234;1
2418801001;2021;50,571;46,595;43,341;38,757;44,261;Medio-alto;1235;1
2418801001;2022;50,571;47,059;40,295;38,253;43,266;Medio-bajo;1235;1
2418801001;2023;50,570;46,595;39,257;39,422;43,235;Medio-bajo;1235;1
2418801002;2021;54,393;49,997;43,080;38,586;45,598;Medio-alto;1236;1
2418801002;2022;54,393;49,997;41,431;38,649;45,121;Medio-alto;1236;1
2418801002;2023;54,392;49,997;39,708;39,448;44,845;Medio-alto;1236;1
2418801003;2021;51,595;58,600;40,143;33,759;43,859;Medio-alto;1237;1
2418801003;2022;51,595;58,600;38,603;34,320;43,566;Medio-bajo;1237;1
2418801003;2023;51,595;58,600;36,556;34,831;43,105;Medio-bajo;1237;1
2418901001;2021;36,938;48,463;38,196;38,383;39,477;Medio-bajo;1238;0
2418901001;2022;36,937;48,463;34,931;37,807;38,325;Bajo;1238;0
2418901001;2023;36,936;49,126;32,036;34,823;36,661;Bajo;1238;0
2418901002;2021;29,247;61,061;37,391;35,312;38,282;Bajo;1239;0
2418901002;2022;29,246;61,061;33,516;35,538;37,187;Bajo;1239;0
2418901002;2023;29,246;60,508;31,682;36,695;36,901;Bajo;1239;0
2418901003;2021;28,923;54,613;41,514;37,942;39,260;Medio-bajo;1240;0
2418901003;2022;28,924;54,613;37,852;37,624;38,066;Bajo;1240;0
2418901003;2023;28,922;54,613;36,162;37,455;37,507;Bajo;1240;0
2418901004;2021;30,386;48,416;35,466;31,987;35,095;Bajo;3526;0
2418901004;2022;30,373;48,416;32,360;31,264;33,943;Bajo;3526;0
2418901004;2023;30,372;47,173;34,535;36,105;35,861;Bajo;3526;0
2418901005;2021;28,722;58,462;39,621;34,713;38,250;Bajo;1241;0
2418901005;2022;28,725;57,919;37,265;35,993;37,846;Bajo;1241;0
2418901005;2023;28,722;58,462;36,609;34,516;37,287;Bajo;1241;0
2419001001;2021;67,578;16,707;44,210;56,122;49,500;Alto;1242;1
2419001001;2022;67,578;16,493;41,029;57,415;48,902;Alto;1242;1
2419001001;2023;67,574;16,493;33,411;55,574;46,063;Medio-alto;1242;1
2419101001;2021;66,235;17,650;47,797;48,006;47,947;Alto;1243;1
2419101001;2022;66,251;17,145;46,194;50,547;48,157;Alto;1243;1
2419101001;2023;66,262;17,145;43,137;50,454;47,214;Medio-alto;1243;1
2419301001;2021;54,311;31,809;39,176;51,031;45,411;Medio-alto;3475;1
2419301001;2022;54,310;31,446;37,420;52,717;45,336;Medio-alto;3475;1
2419301001;2023;54,317;31,446;32,985;52,287;43,878;Medio-alto;3475;1
2419401001;2021;56,818;28,537;36,931;45,003;43,065;Medio-bajo;1244;1
2419401001;2022;56,817;28,537;34,392;45,492;42,450;Medio-bajo;1244;1
2419401001;2023;56,819;28,171;31,729;47,411;42,172;Medio-bajo;1244;0
2419601001;2021;42,663;47,481;48,659;43,752;45,511;Medio-alto;1245;1
2419601001;2022;42,663;47,077;46,633;44,962;45,206;Medio-alto;1245;1
2419601001;2023;42,663;47,077;44,184;45,169;44,533;Medio-alto;1245;1
2419601002;2021;52,124;32,152;46,986;54,042;48,162;Alto;1246;1
2419601002;2022;52,124;32,152;45,204;53,890;47,582;Medio-alto;1246;1
2419601002;2023;52,124;32,152;42,963;54,009;46,946;Medio-alto;1246;1
2419701001;2021;42,426;33,801;44,841;44,149;42,374;Medio-bajo;1247;1
2419701001;2022;42,424;33,801;41,713;43,586;41,266;Medio-bajo;1247;0
2419701001;2023;42,423;33,486;40,487;44,897;41,244;Medio-bajo;1247;0
2419801001;2021;64,092;28,753;48,127;50,761;50,003;Alto;1248;1
2419801001;2022;64,092;28,425;45,230;51,679;49,360;Alto;1248;1
2419801001;2023;64,093;28,425;41,696;52,483;48,541;Alto;1248;1
2419901001;2021;58,558;27,522;41,827;53,773;47,448;Medio-alto;1249;1
2419901001;2022;58,558;27,839;41,861;53,552;47,439;Medio-alto;1249;1
2419901001;2023;58,556;27,522;38,957;54,809;46,897;Medio-alto;1249;1
2420101001;2021;51,060;31,414;38,806;50,606;44,301;Medio-alto;3507;1
2420101001;2022;51,060;31,414;36,933;50,599;43,737;Medio-alto;3507;1
2420101001;2023;51,060;31,414;34,472;50,593;42,997;Medio-bajo;3507;1
2420201001;2021;47,743;46,436;50,469;43,034;46,952;Medio-alto;1250;1
2420201001;2022;47,744;46,436;47,068;43,123;45,958;Medio-alto;1250;1
2420201001;2023;47,738;46,436;45,639;43,055;45,508;Medio-alto;1250;1
2420201002;2021;46,898;52,755;43,851;38,853;44,449;Medio-alto;1251;1
2420201002;2022;46,897;52,755;40,261;39,915;43,691;Medio-bajo;1251;1
2420201002;2023;46,899;52,265;39,896;41,497;43,982;Medio-alto;1251;1
2420201003;2021;47,415;31,958;41,666;40,759;41,375;Medio-bajo;1252;0
2420201003;2022;47,414;31,626;39,301;42,400;41,108;Medio-bajo;1252;0
2420201003;2023;47,402;31,958;35,985;40,771;39,671;Medio-bajo;1252;0
2420201004;2021;46,848;55,076;47,346;42,144;46,820;Medio-alto;1253;1
2420201004;2022;46,849;55,076;45,093;43,040;46,414;Medio-alto;1253;1
2420201004;2023;46,847;55,076;43,918;43,967;46,339;Medio-alto;1253;1
2420201005;2021;49,921;30,586;45,149;41,493;43,061;Medio-bajo;1254;1
2420201005;2022;49,922;30,214;42,427;43,199;42,701;Medio-bajo;1254;1
2420201005;2023;49,929;30,214;41,347;45,165;42,968;Medio-bajo;1254;1
2420201006;2021;47,630;47,944;45,138;40,810;44,883;Medio-alto;1255;1
2420201006;2022;47,630;47,496;42,836;42,450;44,618;Medio-alto;1255;1
2420201006;2023;47,631;47,496;40,566;42,634;43,992;Medio-alto;1255;1
2420202001;2021;49,660;26,381;51,276;48,780;46,389;Medio-alto;1256;1
2420202001;2022;49,663;26,381;49,103;49,213;45,868;Medio-alto;1256;1
2420202001;2023;49,630;26,655;44,228;48,467;44,214;Medio-alto;1256;1
2420202002;2021;55,656;32,542;50,888;47,931;48,441;Alto;1257;1
2420202002;2022;55,656;32,542;46,986;47,890;47,258;Medio-alto;1257;1
2420202002;2023;55,698;32,078;38,337;45,476;43,880;Medio-alto;1257;1
2420203001;2021;50,781;33,746;47,386;44,295;45,261;Medio-alto;1258;1
2420203001;2022;50,781;33,746;45,494;44,815;44,850;Medio-alto;1258;1
2420203001;2023;50,782;33,405;45,816;46,707;45,463;Medio-alto;1258;1
2420203002;2021;51,976;33,263;52,714;45,509;47,450;Medio-alto;1259;1
2420203002;2022;51,998;33,214;38,337;45,476;43,126;Medio-bajo;1259;1
2420203002;2023;51,998;33,214;38,337;45,476;43,126;Medio-bajo;1259;1
2420301001;2021;57,502;20,327;38,337;55,374;45,538;Medio-alto;1260;1
2420301001;2022;57,472;20,327;53,258;50,537;48,556;Alto;1260;1
2420301001;2023;57,431;20,327;38,337;50,212;43,972;Medio-alto;1260;1
2420501001;2021;48,849;34,314;38,962;39,789;40,985;Medio-bajo;1261;0
2420501001;2022;48,849;34,314;35,900;39,683;40,034;Medio-bajo;1261;0
2420501001;2023;48,849;34,314;32,708;40,406;39,293;Medio-bajo;1261;0
2420601001;2021;41,147;40,601;48,828;46,350;44,930;Medio-alto;3524;1
2420601001;2022;41,147;40,601;44,646;46,929;43,849;Medio-alto;3524;1
2420601001;2023;41,147;40,601;42,531;47,034;43,246;Medio-bajo;3524;1
2420701001;2021;58,031;25,999;44,211;47,571;45,942;Medio-alto;1262;1
2420701001;2022;58,034;25,999;39,734;47,212;44,492;Medio-alto;1262;1
2420701001;2023;58,033;25,999;39,672;46,631;44,299;Medio-alto;1262;1
2420901001;2021;40,133;37,310;47,430;49,288;44,645;Medio-alto;3516;1
2420901001;2022;40,135;36,899;45,495;50,705;44,428;Medio-alto;3516;1
2420901001;2023;40,137;36,899;43,313;50,737;43,784;Medio-alto;3516;1
2420901002;2021;52,174;39,292;50,237;51,024;49,316;Alto;3517;1
2420901002;2022;52,175;39,292;47,042;51,121;48,386;Alto;3517;1
2420901002;2023;52,175;39,292;44,741;51,441;47,792;Medio-alto;3517;1
2421001001;2021;56,866;39,362;41,818;45,023;46,173;Medio-alto;1263;1
2421001001;2022;56,865;39,362;38,750;45,048;45,260;Medio-alto;1263;1
2421001001;2023;56,864;39,362;34,992;45,336;44,219;Medio-alto;1263;1
2421101001;2021;64,859;24,468;43,087;47,311;47,004;Medio-alto;1264;1
2421101001;2022;64,859;24,725;40,994;46,043;46,035;Medio-alto;1264;1
2421101001;2023;64,861;24,468;37,112;47,508;45,271;Medio-alto;1264;1
2421201001;2021;54,843;36,083;41,957;51,111;47,044;Medio-alto;1265;1
2421201001;2022;54,844;36,083;38,989;51,787;46,356;Medio-alto;1265;1
2421201001;2023;54,844;35,720;37,684;52,663;46,173;Medio-alto;1265;1
2421301001;2021;70,581;27,036;40,004;50,539;48,864;Alto;1266;1
2421301001;2022;70,583;27,036;36,696;51,226;48,078;Alto;1266;1
2421301001;2023;70,578;26,723;34,019;53,564;47,928;Alto;1266;1
2421401001;2021;56,421;33,572;49,292;52,787;49,765;Alto;1267;1
2421401001;2022;56,421;33,572;48,184;52,900;49,466;Alto;1267;1
2421401001;2023;56,422;33,572;47,112;52,409;48,998;Alto;1267;1
2421501001;2021;68,402;21,896;46,562;47,231;48,523;Alto;1268;1
2421501001;2022;68,409;21,652;45,155;48,160;48,344;Alto;1268;1
2421501001;2023;68,421;21,652;46,069;48,557;48,741;Alto;1268;1
2421601001;2021;53,881;28,939;51,519;53,457;49,304;Alto;1269;1
2421601001;2022;53,882;28,939;50,091;53,248;48,813;Alto;1269;1
2421601001;2023;53,882;28,939;46,658;52,960;47,697;Medio-alto;1269;1
2421701001;2021;59,161;22,584;38,637;51,456;45,205;Medio-alto;1270;1
2421701001;2022;59,157;22,077;35,485;54,715;45,161;Medio-alto;1270;1
2421701001;2023;59,162;22,077;31,259;55,436;44,111;Medio-alto;1270;1
2421801001;2021;47,459;30,863;41,654;48,679;43,594;Medio-bajo;1271;1
2421801001;2022;47,457;30,621;37,438;49,552;42,554;Medio-bajo;1271;1
2421801001;2023;47,458;30,621;36,349;49,377;42,176;Medio-bajo;1271;0
2421901001;2021;47,731;21,900;45,246;48,106;43,223;Medio-bajo;1272;1
2421901001;2022;47,729;21,900;41,907;47,854;42,145;Medio-bajo;1272;0
2421901001;2023;47,729;21,900;39,162;47,521;41,222;Medio-bajo;1272;0
2422101001;2021;63,890;31,974;45,092;45,440;47,928;Alto;1273;1
2422101001;2022;63,890;31,974;42,723;45,274;47,168;Medio-alto;1273;1
2422101001;2023;63,890;31,974;40,942;45,375;46,664;Medio-alto;1273;1
2422201001;2021;34,656;51,448;38,183;36,589;38,813;Medio-bajo;1274;0
2422201001;2022;34,655;51,448;35,354;36,975;38,080;Bajo;1274;0
2422201001;2023;34,655;51,046;33,212;37,328;37,483;Bajo;1274;0
2422201002;2021;24,943;57,732;39,518;38,722;38,368;Bajo;1275;0
2422201002;2022;24,945;57,732;36,929;38,835;37,625;Bajo;1275;0
2422201002;2023;24,945;57,732;34,957;38,909;37,056;Bajo;1275;0
2422201003;2021;24,898;60,831;35,120;36,423;36,812;Bajo;1276;0
2422201003;2022;24,900;60,831;31,598;36,046;35,643;Bajo;1276;0
2422201003;2023;24,900;60,831;30,916;36,827;35,673;Bajo;1276;0
2422201004;2021;23,765;65,866;41,735;35,395;38,960;Medio-bajo;1277;0
2422201004;2022;23,768;65,866;38,709;35,627;38,123;Bajo;1277;0
2422201004;2023;23,768;65,866;37,191;36,034;37,789;Bajo;1277;0
2422201005;2021;25,420;61,648;30,038;33,080;34,538;Bajo;1278;0
2422201005;2022;25,422;61,648;29,047;33,415;34,342;Bajo;1278;0
2422201005;2023;25,421;61,648;26,145;33,569;33,517;Bajo;1278;0
2422201006;2021;26,428;50,181;35,737;35,114;35,390;Bajo;1279;0
2422201006;2022;26,427;49,735;31,210;36,557;34,397;Bajo;1279;0
2422201006;2023;26,429;49,290;26,997;37,607;33,382;Bajo;1279;0
2422201007;2021;26,776;57,093;31,882;33,068;34,743;Bajo;1280;0
2422201007;2022;26,777;57,093;29,383;33,030;33,982;Bajo;1280;0
2422201007;2023;26,771;57,093;28,445;33,764;33,919;Bajo;1280;0
2422202001;2021;34,948;45,827;24,033;33,614;32,905;Bajo;1281;0
2422202001;2022;34,947;46,103;21,183;33,083;31,932;Bajo;1281;0
2422202001;2023;34,947;45,827;19,492;34,186;31,714;Bajo;1281;0
2422202002;2021;24,397;59,007;30,501;36,219;34,966;Bajo;1282;0
2422202002;2022;24,397;58,528;26,455;36,900;33,885;Bajo;1282;0
2422202002;2023;24,397;58,528;25,843;37,026;33,739;Bajo;1282;0
2422202003;2021;23,111;68,650;35,758;36,591;37,780;Bajo;1283;0
2422202003;2022;23,111;68,650;33,154;36,363;36,930;Bajo;1283;0
2422202003;2023;23,110;68,650;32,226;36,666;36,743;Bajo;1283;0
2422202004;2021;24,802;66,830;35,122;37,845;38,115;Bajo;1284;0
2422202004;2022;24,801;66,830;32,743;38,110;37,481;Bajo;1284;0
2422202004;2023;24,800;66,830;32,585;38,235;37,470;Bajo;1284;0
2422301001;2021;49,291;29,407;49,065;52,276;47,136;Medio-alto;1285;1
2422301001;2022;49,291;29,407;46,427;52,198;46,321;Medio-alto;1285;1
2422301001;2023;49,292;29,407;43,405;52,133;45,395;Medio-alto;1285;1
2422301002;2021;47,708;51,230;39,307;40,411;43,527;Medio-bajo;1286;1
2422301002;2022;47,708;51,230;36,919;40,890;42,954;Medio-bajo;1286;1
2422301002;2023;47,708;51,230;35,381;41,224;42,593;Medio-bajo;1286;1
2422401001;2021;46,277;19,568;44,545;55,448;44,502;Medio-alto;1287;1
2422401001;2022;46,279;19,347;44,237;57,142;44,885;Medio-alto;1287;1
2422401001;2023;46,280;19,347;42,857;57,911;44,702;Medio-alto;1287;1
2422501001;2021;43,141;30,735;38,722;45,505;40,664;Medio-bajo;1288;0
2422501001;2022;43,141;30,487;36,978;46,772;40,483;Medio-bajo;1288;0
2422501001;2023;43,141;30,735;34,789;45,570;39,503;Medio-bajo;1288;0
2422601001;2021;73,742;18,541;42,441;54,340;50,251;Alto;1289;1
2422601001;2022;73,740;18,259;40,558;53,404;49,362;Alto;1289;1
2422601001;2023;73,742;17,976;38,306;54,065;48,843;Alto;1289;1
2422701001;2021;39,292;33,193;41,989;41,742;39,921;Medio-bajo;1290;0
2422701001;2022;39,292;33,193;39,717;42,298;39,406;Medio-bajo;1290;0
2422701001;2023;39,292;32,926;37,690;43,790;39,206;Medio-bajo;1290;0
2422801001;2021;50,699;34,866;49,710;52,878;48,681;Alto;1291;1
2422801001;2022;50,701;34,866;50,234;52,640;48,768;Alto;1291;1
2422801001;2023;50,702;34,866;48,683;51,882;48,075;Alto;1291;1
2422901001;2021;70,291;22,143;47,659;55,300;51,782;Alto;1292;1
2422901001;2022;70,292;22,143;44,975;55,001;50,887;Alto;1292;1
2422901001;2023;70,292;22,143;42,652;55,191;50,248;Alto;1292;1
2423001001;2021;57,139;38,213;44,019;53,128;49,161;Alto;1293;1
2423001001;2022;57,140;38,213;40,446;52,524;47,908;Alto;1293;1
2423001001;2023;57,141;37,911;36,651;53,576;47,040;Medio-alto;1293;1
2490101001;2021;68,675;42,587;42,728;47,853;50,731;Alto;1294;1
2490101001;2022;68,675;42,587;40,433;47,241;49,859;Alto;1294;1
2490101001;2023;68,675;42,183;39,160;48,797;49,883;Alto;1294;1
2490201001;2021;62,522;27,627;44,468;54,857;49,572;Alto;1295;1
2490201001;2022;62,517;27,627;42,081;53,267;48,378;Alto;1295;1
2490201001;2023;62,512;27,627;39,972;52,620;47,550;Medio-alto;1295;1
3400101001;2021;52,121;16,265;38,337;49,413;41,795;Medio-bajo;1296;0
3400101001;2022;52,167;16,444;38,337;45,486;40,655;Medio-bajo;1296;0
3400101001;2023;52,192;16,265;38,337;50,267;42,069;Medio-bajo;1296;0
3400301001;2021;63,654;31,875;27,391;41,337;41,313;Medio-bajo;1297;0
3400301001;2022;63,651;31,609;29,418;43,154;42,426;Medio-bajo;1297;1
3400301001;2023;63,656;31,875;28,160;41,863;41,702;Medio-bajo;1297;0
3400401001;2021;58,311;55,677;38,212;41,107;46,725;Medio-alto;1298;1
3400401001;2022;58,313;55,677;35,035;40,334;45,541;Medio-alto;1298;1
3400401001;2023;58,312;56,309;33,010;38,414;44,451;Medio-alto;1298;1
3400401002;2021;58,333;46,079;38,104;42,087;45,552;Medio-alto;1299;1
3400401002;2022;58,334;46,079;35,268;41,748;44,600;Medio-alto;1299;1
3400401002;2023;58,333;46,651;33,710;39,619;43,579;Medio-bajo;1299;1
3400402001;2021;58,382;58,509;43,323;42,406;49,091;Alto;1300;1
3400402001;2022;58,383;58,509;39,735;42,151;47,938;Alto;1300;1
3400402001;2023;58,383;57,781;39,352;43,453;48,104;Alto;1300;1
3400402002;2021;59,288;55,827;34,548;36,066;44,380;Medio-alto;1301;1
3400402002;2022;59,287;55,827;31,385;36,285;43,497;Medio-bajo;1301;1
3400402002;2023;59,287;55,827;29,542;36,686;43,064;Medio-bajo;1301;1
3400402003;2021;61,577;61,267;35,375;36,756;46,224;Medio-alto;1302;1
3400402003;2022;61,577;61,267;32,410;37,074;45,430;Medio-alto;1302;1
3400402003;2023;61,577;60,747;30,200;38,365;45,076;Medio-alto;1302;1
3400403001;2021;59,629;23,382;39,063;46,754;44,160;Medio-alto;1303;1
3400403001;2022;59,630;23,382;34,329;46,172;42,565;Medio-bajo;1303;1
3400403001;2023;59,628;23,382;34,170;45,476;42,308;Medio-bajo;1303;1
3400501001;2021;66,823;25,770;43,679;46,557;47,642;Medio-alto;1304;1
3400501001;2022;66,823;26,099;41,439;45,505;46,704;Medio-alto;1304;1
3400501001;2023;66,822;25,770;39,823;46,241;46,390;Medio-alto;1304;1
3400601001;2021;56,108;22,067;38,337;48,323;43,335;Medio-bajo;1305;1
3400601001;2022;56,141;22,640;38,337;45,722;42,649;Medio-bajo;1305;1
3400601001;2023;56,121;22,640;38,337;45,418;42,553;Medio-bajo;1305;1
3400901001;2021;56,110;25,576;38,337;53,073;45,287;Medio-alto;1306;1
3400901001;2022;56,026;25,576;38,337;55,517;45,999;Medio-alto;1306;1
3400901001;2023;56,141;25,362;38,337;58,393;46,859;Medio-alto;1306;1
3401001001;2021;54,050;27,707;38,377;42,814;42,026;Medio-bajo;1307;0
3401001001;2022;54,049;27,707;36,656;43,026;41,573;Medio-bajo;1307;0
3401001001;2023;54,052;27,417;34,421;43,737;41,073;Medio-bajo;1307;0
3401101001;2021;52,769;15,150;37,330;47,331;40,863;Medio-bajo;1308;0
3401101001;2022;52,768;15,150;35,222;47,129;40,170;Medio-bajo;1308;0
3401101001;2023;52,767;15,150;31,374;47,434;39,107;Medio-bajo;1308;0
3401201001;2021;66,667;34,321;32,251;48,254;45,967;Medio-alto;1309;1
3401201001;2022;66,668;34,321;31,065;49,444;45,968;Medio-alto;1309;1
3401201001;2023;66,668;34,321;27,802;49,658;45,053;Medio-alto;1309;1
3401501001;2021;61,074;23,681;38,337;56,146;47,166;Medio-alto;1310;1
3401501001;2022;61,094;23,681;38,337;59,505;48,178;Alto;1310;1
3401501001;2023;61,036;23,681;38,337;58,571;47,883;Alto;1310;1
3401701001;2021;52,477;21,641;36,056;46,219;41,048;Medio-bajo;1311;0
3401701001;2022;52,476;21,339;34,578;47,744;41,016;Medio-bajo;1311;0
3401701001;2023;52,476;21,339;33,352;48,364;40,834;Medio-bajo;1311;0
3401801001;2021;41,443;34,325;30,908;45,149;38,327;Bajo;1312;0
3401801001;2022;41,445;34,325;28,273;46,304;37,883;Bajo;1312;0
3401801001;2023;41,454;34,020;25,363;48,615;37,660;Bajo;1312;0
3401901001;2021;53,412;21,292;34,426;45,883;40,640;Medio-bajo;1313;0
3401901001;2022;53,410;21,292;35,821;46,167;41,143;Medio-bajo;1313;0
3401901001;2023;53,422;21,476;34,071;46,245;40,671;Medio-bajo;1313;0
3402001001;2021;71,399;23,126;38,337;51,432;48,250;Alto;1314;1
3402001001;2022;71,387;22,851;38,337;53,602;48,856;Alto;1314;1
3402001001;2023;71,393;22,851;38,337;54,260;49,055;Alto;1314;1
3402201001;2021;53,131;36,383;40,478;43,397;43,903;Medio-alto;1315;1
3402201001;2022;53,132;36,383;38,118;43,397;43,195;Medio-bajo;1315;1
3402201001;2023;53,131;36,023;37,811;44,549;43,394;Medio-bajo;1315;1
3402301001;2021;38,523;48,975;37,621;36,603;39,244;Medio-bajo;1316;0
3402301001;2022;38,525;48,975;34,685;36,616;38,368;Bajo;1316;0
3402301001;2023;38,525;48,975;33,894;36,459;38,083;Bajo;1316;0
3402301002;2021;38,295;56,742;41,691;38,316;42,087;Medio-bajo;1317;0
3402301002;2022;38,295;56,227;38,096;40,129;41,475;Medio-bajo;1317;0
3402301002;2023;38,297;56,742;36,998;39,278;40,968;Medio-bajo;1317;0
3402301003;2021;38,391;52,746;45,629;40,107;43,230;Medio-bajo;1318;1
3402301003;2022;38,390;52,746;42,362;40,227;42,286;Medio-bajo;1318;0
3402301003;2023;38,389;52,746;41,743;39,983;42,027;Medio-bajo;1318;0
3402301005;2021;37,985;52,615;43,461;38,777;42,060;Medio-bajo;1319;0
3402301005;2022;37,987;52,615;40,367;39,322;41,296;Medio-bajo;1319;0
3402301005;2023;37,988;52,615;39,221;40,120;41,191;Medio-bajo;1319;0
3402301006;2021;37,898;57,010;37,338;35,325;39,825;Medio-bajo;1320;0
3402301006;2022;37,899;57,010;36,138;35,662;39,566;Medio-bajo;1320;0
3402301006;2023;37,899;56,471;34,358;37,110;39,386;Medio-bajo;1320;0
3402401001;2021;54,788;15,735;38,337;43,020;40,464;Medio-bajo;1321;0
3402401001;2022;54,788;15,910;38,337;42,069;40,205;Medio-bajo;1321;0
3402401001;2023;54,857;15,561;38,337;46,360;41,458;Medio-bajo;1321;0
3402501001;2021;71,804;29,050;38,337;79,047;57,524;Alto;1322;1
3402501001;2022;71,825;29,353;38,337;72,994;55,759;Alto;1322;1
3402501001;2023;71,776;29,353;38,337;73,583;55,923;Alto;1322;1
3402701001;2021;64,716;40,683;48,289;50,614;51,952;Alto;1323;1
3402701001;2022;64,715;40,253;44,453;51,946;51,136;Alto;1323;1
3402701001;2023;64,716;40,253;43,476;51,951;50,845;Alto;1323;1
3402801001;2021;77,080;17,757;38,576;44,593;46,884;Medio-alto;1324;1
3402801001;2022;77,081;17,509;39,390;46,196;47,573;Medio-alto;1324;1
3402801001;2023;77,084;17,262;35,983;48,032;47,065;Medio-alto;1324;1
3402901001;2021;45,818;31,528;40,963;45,280;42,057;Medio-bajo;1325;0
3402901001;2022;45,819;31,528;38,716;44,839;41,250;Medio-bajo;1325;0
3402901001;2023;45,819;31,528;36,330;44,211;40,346;Medio-bajo;1325;0
3403101001;2021;59,565;10,653;38,337;37,648;39,285;Medio-bajo;1326;0
3403101001;2022;59,300;10,839;38,337;37,873;39,314;Medio-bajo;1326;0
3403101001;2023;59,271;10,281;38,337;42,389;40,578;Medio-bajo;1326;0
3403201001;2021;76,202;15,755;38,337;57,405;50,136;Alto;1327;1
3403201001;2022;76,202;15,513;38,337;58,095;50,307;Alto;1327;1
3403201001;2023;76,181;16,238;38,337;51,899;48,552;Alto;1327;1
3403301001;2021;55,429;3,401;38,337;52,107;41,501;Medio-bajo;1328;0
3403301001;2022;55,324;3,401;38,337;52,923;41,719;Medio-bajo;1328;0
3403301001;2023;55,324;3,254;38,337;58,660;43,418;Medio-bajo;1328;1
3403401001;2021;58,881;24,769;37,935;48,246;44,290;Medio-alto;1329;1
3403401001;2022;58,875;24,997;36,660;47,065;43,586;Medio-bajo;1329;1
3403401001;2023;58,881;24,541;31,686;48,659;42,505;Medio-bajo;1329;1
3403501001;2021;62,967;28,945;43,970;53,319;49,270;Alto;1330;1
3403501001;2022;62,975;28,685;38,337;54,031;47,757;Medio-alto;1330;1
3403501001;2023;63,011;28,945;38,012;51,179;46,852;Medio-alto;1330;1
3403601001;2021;72,149;22,262;41,435;53,179;49,761;Alto;1331;1
3403601001;2022;72,149;22,262;38,587;53,512;49,006;Alto;1331;1
3403601001;2023;72,149;22,262;35,640;53,020;47,975;Alto;1331;1
3403701001;2021;74,214;31,630;41,679;48,227;50,270;Alto;1332;1
3403701001;2022;74,213;31,887;40,800;47,228;49,745;Alto;1332;1
3403701001;2023;74,213;31,630;37,964;48,567;49,257;Alto;1332;1
3403801001;2021;64,792;7,386;38,022;47,753;43,038;Medio-bajo;1333;1
3403801001;2022;64,793;7,386;33,991;47,603;41,785;Medio-bajo;1333;0
3403801001;2023;64,794;7,114;32,611;48,732;41,668;Medio-bajo;1333;0
3403901001;2021;66,187;4,486;38,337;56,115;45,555;Medio-alto;1334;1
3403901001;2022;66,242;3,938;38,337;61,001;46,953;Medio-alto;1334;1
3403901001;2023;66,262;3,938;38,337;63,366;47,667;Medio-alto;1334;1
3404101001;2021;64,118;24,078;38,337;54,607;47,524;Medio-alto;1335;1
3404101001;2022;64,105;24,078;38,337;53,515;47,194;Medio-alto;1335;1
3404101001;2023;64,111;23,825;38,337;55,537;47,764;Medio-alto;1335;1
3404201001;2021;57,732;8,523;46,169;41,116;41,897;Medio-bajo;1336;0
3404201001;2022;57,734;8,523;42,605;40,642;40,686;Medio-bajo;1336;0
3404201001;2023;57,735;8,523;39,729;41,235;40,001;Medio-bajo;1336;0
3404501001;2021;53,141;22,679;38,337;48,158;42,636;Medio-bajo;1337;1
3404501001;2022;53,164;22,494;38,337;51,173;43,518;Medio-bajo;1337;1
3404501001;2023;53,149;22,494;38,337;54,109;44,395;Medio-alto;1337;1
3404601001;2021;55,683;4,461;38,337;44,214;39,356;Medio-bajo;1338;0
3404601001;2022;55,710;4,461;38,337;41,600;38,578;Medio-bajo;1338;0
3404601001;2023;55,646;4,671;38,337;38,117;37,549;Bajo;1338;0
3404701001;2021;55,155;38,095;40,904;40,966;44,064;Medio-alto;1339;1
3404701001;2022;55,154;38,095;37,055;40,222;42,686;Medio-bajo;1339;1
3404701001;2023;55,154;38,095;36,068;40,717;42,538;Medio-bajo;1339;1
3404701002;2021;51,062;44,143;41,396;40,355;43,912;Medio-alto;1340;1
3404701002;2022;51,062;44,143;38,746;40,223;43,078;Medio-bajo;1340;1
3404701002;2023;51,062;44,143;37,779;40,854;42,977;Medio-bajo;1340;1
3404801001;2021;57,702;8,913;38,337;51,488;42,710;Medio-bajo;1341;1
3404801001;2022;57,676;8,722;38,337;57,884;44,594;Medio-alto;1341;1
3404801001;2023;57,711;8,722;38,337;59,196;44,996;Medio-alto;1341;1
3404901001;2021;70,284;16,751;40,966;51,010;47,676;Medio-alto;1342;1
3404901001;2022;70,287;16,751;39,058;51,227;47,170;Medio-alto;1342;1
3404901001;2023;70,287;16,751;37,943;52,590;47,244;Medio-alto;1342;1
3405001001;2021;69,278;28,464;37,994;54,888;49,454;Alto;1343;1
3405001001;2022;69,280;28,464;38,986;55,597;49,965;Alto;1343;1
3405001001;2023;69,283;28,464;36,543;56,529;49,512;Alto;1343;1
3405101001;2021;59,973;28,697;35,494;45,332;43,546;Medio-bajo;1344;1
3405101001;2022;59,949;28,350;38,337;46,635;44,731;Medio-alto;1344;1
3405101001;2023;59,987;27,655;38,337;50,536;45,807;Medio-alto;1344;1
3405201001;2021;67,919;32,084;35,611;55,371;49,087;Alto;1345;1
3405201001;2022;67,921;32,084;36,712;60,761;51,035;Alto;1345;1
3405201001;2023;67,919;31,790;36,364;59,992;50,655;Alto;1345;1
3405301001;2021;51,554;21,531;38,255;40,213;39,659;Medio-bajo;1346;0
3405301001;2022;51,555;21,086;36,088;43,153;39,824;Medio-bajo;1346;0
3405301001;2023;51,564;21,086;35,457;44,028;39,899;Medio-bajo;1346;0
3405501001;2021;68,093;28,239;40,299;48,129;47,787;Medio-alto;1347;1
3405501001;2022;68,095;27,972;38,058;50,418;47,762;Medio-alto;1347;1
3405501001;2023;68,096;27,705;36,293;52,708;47,880;Alto;1347;1
3405601001;2021;59,260;51,156;39,347;43,176;47,245;Medio-alto;1348;1
3405601001;2022;59,260;51,156;36,369;42,358;46,106;Medio-alto;1348;1
3405601001;2023;59,260;51,156;34,480;42,496;45,581;Medio-alto;1348;1
3405601002;2021;61,171;49,636;39,371;42,273;47,231;Medio-alto;1349;1
3405601002;2022;61,172;49,636;36,698;42,237;46,419;Medio-alto;1349;1
3405601002;2023;61,172;49,086;34,374;42,273;45,650;Medio-alto;1349;1
3405601003;2021;67,160;22,010;44,107;51,265;48,703;Alto;1350;1
3405601003;2022;67,161;22,259;40,556;50,374;47,408;Medio-alto;1350;1
3405601003;2023;67,161;22,259;38,788;50,325;46,863;Medio-alto;1350;1
3405701001;2021;51,017;26,089;35,642;47,228;41,529;Medio-bajo;1351;0
3405701001;2022;51,014;25,773;35,778;48,803;41,994;Medio-bajo;1351;0
3405701001;2023;51,019;25,773;35,670;48,053;41,738;Medio-bajo;1351;0
3405801001;2021;66,590;32,084;38,179;51,946;48,497;Alto;1352;1
3405801001;2022;66,589;32,084;37,448;53,486;48,740;Alto;1352;1
3405801001;2023;66,598;32,084;32,281;53,489;47,193;Medio-alto;1352;1
3405901001;2021;63,562;22,302;42,928;47,701;46,424;Medio-alto;1353;1
3405901001;2022;63,564;22,302;44,915;48,105;47,142;Medio-alto;1353;1
3405901001;2023;63,565;22,549;42,529;47,075;46,155;Medio-alto;1353;1
3406001001;2021;67,154;29,412;39,543;48,996;47,762;Medio-alto;1354;1
3406001001;2022;67,154;29,030;39,533;51,147;48,347;Alto;1354;1
3406001001;2023;67,153;29,030;39,261;51,386;48,337;Alto;1354;1
3406101001;2021;73,247;18,230;38,337;56,359;49,455;Alto;1355;1
3406101001;2022;73,267;18,465;38,827;52,988;48,631;Alto;1355;1
3406101001;2023;73,235;18,230;38,337;48,748;47,169;Medio-alto;1355;1
3406201001;2021;74,756;24,649;40,588;57,926;51,941;Alto;1356;1
3406201001;2022;74,758;24,649;38,834;60,892;52,305;Alto;1356;1
3406201001;2023;74,762;24,649;38,337;69,141;54,631;Alto;1356;1
3406301001;2021;54,537;16,377;42,281;40,408;40,897;Medio-bajo;1357;0
3406301001;2022;54,469;16,722;39,517;38,171;39,432;Medio-bajo;1357;0
3406301001;2023;54,456;16,377;37,218;38,519;38,791;Medio-bajo;1357;0
3406601001;2021;49,576;27,791;38,337;51,902;43,634;Medio-bajo;1358;1
3406601001;2022;49,556;28,065;38,337;47,745;42,423;Medio-bajo;1358;1
3406601001;2023;49,597;28,338;38,337;46,025;41,959;Medio-bajo;1358;0
3406701001;2021;64,224;20,693;38,875;46,648;44,817;Medio-alto;1359;1
3406701001;2022;64,212;20,409;36,255;47,478;44,234;Medio-alto;1359;1
3406701001;2023;64,220;20,409;35,610;48,693;44,407;Medio-alto;1359;1
3406801001;2021;70,335;10,872;38,337;34,965;41,205;Medio-bajo;1360;0
3406801001;2022;70,354;11,082;38,337;28,910;39,425;Medio-bajo;1360;0
3406801001;2023;70,344;10,030;38,337;35,079;41,115;Medio-bajo;1360;0
3406901001;2021;38,240;33,315;42,836;40,950;39,693;Medio-bajo;1361;0
3406901001;2022;38,239;33,315;41,053;41,212;39,236;Medio-bajo;1361;0
3406901001;2023;38,240;33,315;38,956;41,697;38,753;Medio-bajo;1361;0
3406901002;2021;39,708;48,075;38,892;38,019;40,211;Medio-bajo;1362;0
3406901002;2022;39,709;48,075;35,881;37,999;39,302;Medio-bajo;1362;0
3406901002;2023;39,708;48,075;34,209;37,840;38,753;Medio-bajo;1362;0
3407001001;2021;68,615;41,016;41,730;53,559;51,893;Alto;1363;1
3407001001;2022;68,620;40,242;41,888;55,577;52,431;Alto;1363;1
3407001001;2023;68,626;40,629;41,068;57,453;52,807;Alto;1363;1
3407101001;2021;66,860;33,254;36,412;47,423;46,854;Medio-alto;1364;1
3407101001;2022;66,861;33,519;33,357;45,424;45,378;Medio-alto;1364;1
3407101001;2023;66,856;33,784;32,324;45,008;44,981;Medio-alto;1364;1
3407201001;2021;57,285;23,101;32,887;51,439;43,084;Medio-bajo;1365;1
3407201001;2022;57,309;22,894;31,276;56,336;44,045;Medio-alto;1365;1
3407201001;2023;57,311;23,101;30,112;55,079;43,350;Medio-bajo;1365;1
3407301001;2021;64,924;31,755;36,428;54,740;48,344;Alto;1366;1
3407301001;2022;64,924;31,755;35,395;54,928;48,091;Alto;1366;1
3407301001;2023;64,927;31,755;33,855;55,210;47,715;Medio-alto;1366;1
3407401001;2021;54,757;38,010;39,861;43,337;44,350;Medio-alto;1367;1
3407401001;2022;54,757;37,667;36,769;45,207;43,932;Medio-alto;1367;1
3407401001;2023;54,759;37,667;33,716;45,273;43,036;Medio-bajo;1367;1
3407601001;2021;51,425;26,360;34,011;42,284;39,699;Medio-bajo;1368;0
3407601001;2022;51,427;26,360;33,900;42,356;39,687;Medio-bajo;1368;0
3407601001;2023;51,429;25,908;32,375;45,115;39,990;Medio-bajo;1368;0
3407701001;2021;40,221;32,867;34,039;36,702;36,208;Bajo;1369;0
3407701001;2022;40,221;33,181;32,275;35,733;35,435;Bajo;1369;0
3407701001;2023;40,226;32,554;30,019;37,435;35,176;Bajo;1369;0
3407901001;2021;38,912;59,887;30,305;32,217;37,468;Bajo;1370;0
3407901001;2022;38,911;59,887;27,769;32,209;36,704;Bajo;1370;0
3407901001;2023;38,910;59,887;28,025;32,226;36,786;Bajo;1370;0
3408001001;2021;51,843;57,422;41,427;42,897;46,871;Medio-alto;1371;1
3408001001;2022;51,848;57,422;37,964;43,149;45,909;Medio-alto;1371;1
3408001001;2023;51,848;56,848;36,707;45,483;46,146;Medio-alto;1371;1
3408001002;2021;55,942;52,794;45,601;44,072;48,806;Alto;3529;1
3408001002;2022;55,901;52,794;43,959;44,341;48,384;Alto;3529;1
3408001002;2023;55,902;52,794;41,758;44,747;47,846;Medio-alto;3529;1
3408002001;2021;52,344;57,051;41,435;42,214;46,738;Medio-alto;1372;1
3408002001;2022;52,345;57,051;38,744;42,504;46,018;Medio-alto;1372;1
3408002001;2023;52,345;56,465;38,661;43,665;46,254;Medio-alto;1372;1
3408002002;2021;51,661;57,450;46,836;49,492;50,431;Alto;1373;1
3408002002;2022;51,658;56,728;44,363;50,856;49,989;Alto;1373;1
3408002002;2023;51,658;56,728;42,015;50,329;49,127;Alto;1373;1
3408002003;2021;52,862;50,824;48,956;37,649;46,821;Medio-alto;1374;1
3408002003;2022;52,862;50,333;46,027;39,038;46,285;Medio-alto;1374;1
3408002003;2023;52,863;50,333;43,875;39,329;45,727;Medio-alto;1374;1
3408101001;2021;59,486;21,539;38,337;60,648;47,798;Medio-alto;1375;1
3408101001;2022;59,514;21,353;38,337;61,407;48,005;Alto;1375;1
3408101001;2023;59,504;21,539;38,337;59,541;47,470;Medio-alto;1375;1
3408201001;2021;69,364;31,013;38,337;61,596;51,973;Alto;1376;1
3408201001;2022;69,364;30,691;38,337;64,883;52,911;Alto;1376;1
3408201001;2023;69,383;30,369;38,337;69,607;54,284;Alto;1376;1
3408301001;2021;59,833;45,853;44,777;42,102;47,900;Alto;1377;1
3408301001;2022;59,833;45,387;41,930;43,507;47,397;Medio-alto;1377;1
3408301001;2023;59,834;45,853;40,477;41,577;46,452;Medio-alto;1377;1
3408301002;2021;60,727;32,500;45,056;47,934;47,954;Alto;1378;1
3408301002;2022;60,728;32,826;41,290;47,274;46,675;Medio-alto;1378;1
3408301002;2023;60,728;32,500;40,834;49,157;47,054;Medio-alto;1378;1
3408401001;2021;54,625;10,341;34,894;45,409;39,298;Medio-bajo;1379;0
3408401001;2022;54,635;10,082;31,413;46,157;38,442;Medio-bajo;1379;0
3408401001;2023;54,631;10,082;31,279;46,387;38,470;Medio-bajo;1379;0
3408601001;2021;46,907;22,764;26,712;45,472;36,796;Bajo;1380;0
3408601001;2022;46,907;22,764;29,034;48,815;38,496;Medio-bajo;1380;0
3408601001;2023;46,855;22,434;27,465;47,905;37,690;Bajo;1380;0
3408701001;2021;50,846;14,585;37,781;41,994;38,832;Medio-bajo;1381;0
3408701001;2022;50,819;14,585;38,469;40,417;38,558;Medio-bajo;1381;0
3408701001;2023;50,792;14,880;34,351;40,732;37,455;Bajo;1381;0
3408801001;2021;43,220;34,971;37,060;38,833;38,818;Medio-bajo;1382;0
3408801001;2022;43,214;34,971;32,431;39,754;37,705;Bajo;1382;0
3408801001;2023;43,207;34,971;29,453;39,725;36,801;Bajo;1382;0
3408901001;2021;64,200;30,465;35,469;47,302;45,451;Medio-alto;1383;1
3408901001;2022;64,209;30,231;33,248;50,949;45,846;Medio-alto;1383;1
3408901001;2023;64,215;29,997;29,900;52,993;45,421;Medio-alto;1383;1
3409101001;2021;72,523;20,700;41,231;52,002;49,206;Alto;1384;1
3409101001;2022;72,523;20,444;39,299;52,968;48,877;Alto;1384;1
3409101001;2023;72,529;20,444;38,823;52,834;48,696;Alto;1384;1
3409201001;2021;62,468;33,606;37,703;53,430;47,998;Alto;1385;1
3409201001;2022;62,467;33,606;37,324;55,005;48,356;Alto;1385;1
3409201001;2023;62,470;33,319;34,823;56,631;48,051;Alto;1385;1
3409301001;2021;68,304;8,294;38,337;45,488;43,468;Medio-bajo;1386;1
3409301001;2022;68,311;8,477;38,337;41,665;42,350;Medio-bajo;1386;1
3409301001;2023;68,289;8,294;38,337;44,194;43,076;Medio-bajo;1386;1
3409401001;2021;71,748;18,113;38,337;57,823;49,502;Alto;1387;1
3409401001;2022;71,759;18,113;38,337;57,991;49,555;Alto;1387;1
3409401001;2023;71,759;18,113;38,337;55,649;48,853;Alto;1387;1
3409601001;2021;54,572;25,764;38,337;64,531;48,368;Alto;1388;1
3409601001;2022;54,589;25,764;38,337;66,744;49,036;Alto;1388;1
3409601001;2023;54,645;25,511;38,337;67,132;49,129;Alto;1388;1
3409801001;2021;39,886;50,422;38,660;37,133;40,273;Medio-bajo;1389;0
3409801001;2022;39,887;50,422;35,632;36,435;39,155;Medio-bajo;1389;0
3409801001;2023;39,887;50,422;33,887;36,481;38,645;Medio-bajo;1389;0
3409901001;2021;55,397;26,221;38,337;47,329;43,482;Medio-bajo;1390;1
3409901001;2022;55,523;26,467;38,337;45,428;42,981;Medio-bajo;1390;1
3409901001;2023;55,507;26,714;38,337;42,700;42,195;Medio-bajo;1390;0
3410001001;2021;55,694;27,489;36,037;43,524;41,915;Medio-bajo;1391;0
3410001001;2022;55,692;27,489;32,197;43,218;40,671;Medio-bajo;1391;0
3410001001;2023;55,689;27,776;30,596;43,023;40,175;Medio-bajo;1391;0
3410101001;2021;59,804;26,026;38,337;56,633;47,346;Medio-alto;1392;1
3410101001;2022;59,780;26,452;38,337;55,746;47,138;Medio-alto;1392;1
3410101001;2023;59,769;25,600;38,337;59,721;48,200;Alto;1392;1
3410201001;2021;50,077;25,382;33,689;41,555;38,900;Medio-bajo;1393;0
3410201001;2022;50,082;25,382;32,378;42,429;38,770;Medio-bajo;1393;0
3410201001;2023;50,085;25,141;30,196;43,998;38,551;Medio-bajo;1393;0
3410301001;2021;60,644;19,878;38,337;66,264;49,523;Alto;1394;1
3410301001;2022;60,658;19,683;38,337;66,831;49,668;Alto;1394;1
3410301001;2023;60,679;19,487;38,337;67,339;49,796;Alto;1394;1
3410401001;2021;62,016;29,477;43,429;53,148;48,899;Alto;1395;1
3410401001;2022;62,016;29,477;38,909;53,924;47,775;Medio-alto;1395;1
3410401001;2023;62,013;29,477;33,299;54,085;46,140;Medio-alto;1395;1
3410601001;2021;58,564;12,395;25,023;54,889;40,474;Medio-bajo;1396;0
3410601001;2022;58,606;12,188;38,337;57,140;45,123;Medio-alto;1396;1
3410601001;2023;58,630;12,188;24,164;56,676;40,738;Medio-bajo;1396;0
3410701001;2021;74,507;17,807;38,337;56,024;49,606;Alto;1397;1
3410701001;2022;74,503;17,807;38,337;57,647;50,092;Alto;1397;1
3410701001;2023;74,507;17,807;38,337;57,352;50,005;Alto;1397;1
3410801001;2021;46,587;33,906;45,728;41,096;42,780;Medio-bajo;1398;1
3410801001;2022;46,587;33,560;45,298;42,291;42,957;Medio-bajo;1398;1
3410801001;2023;46,590;33,560;43,444;41,803;42,256;Medio-bajo;1398;0
3410901001;2021;68,036;23,888;38,337;52,779;47,927;Alto;1399;1
3410901001;2022;68,015;23,888;38,337;56,725;49,106;Alto;1399;1
3410901001;2023;68,022;23,471;38,337;54,520;48,383;Alto;1399;1
3411001001;2021;67,505;13,527;38,337;54,548;46,771;Medio-alto;1400;1
3411001001;2022;67,505;13,527;38,337;54,423;46,734;Medio-alto;1400;1
3411001001;2023;67,524;13,527;38,337;52,921;46,288;Medio-alto;1400;1
3411201001;2021;63,815;10,512;38,337;56,042;45,844;Medio-alto;1401;1
3411201001;2022;63,799;11,103;38,337;52,863;44,975;Medio-alto;1401;1
3411201001;2023;63,715;11,103;38,337;51,349;44,500;Medio-alto;1401;1
3411301001;2021;70,557;8,374;38,337;47,939;44,778;Medio-alto;1402;1
3411301001;2022;70,630;7,911;38,337;47,687;44,651;Medio-alto;1402;1
3411301001;2023;70,650;8,374;38,337;43,966;43,610;Medio-bajo;1402;1
3411401001;2021;71,862;9,472;41,685;61,223;50,259;Alto;1403;1
3411401001;2022;71,856;9,040;39,501;59,214;48,935;Alto;1403;1
3411401001;2023;71,865;9,040;39,038;62,342;49,736;Alto;1403;1
3411601001;2021;62,338;34,203;38,337;61,520;50,672;Alto;1404;1
3411601001;2022;62,338;34,522;38,337;60,825;50,511;Alto;1404;1
3411601001;2023;62,301;34,522;38,337;59,014;49,959;Alto;1404;1
3412001001;2021;26,636;56,581;23,110;43,128;35,017;Bajo;1405;0
3412001001;2022;26,638;56,581;20,477;43,422;34,316;Bajo;1405;0
3412001001;2023;26,638;56,581;18,109;42,879;33,443;Bajo;1405;0
3412001003;2021;27,395;57,678;26,888;40,906;35,838;Bajo;1406;0
3412001003;2022;27,394;57,678;25,192;41,020;35,364;Bajo;1406;0
3412001003;2023;27,393;57,678;20,516;41,022;33,961;Bajo;1406;0
3412001004;2021;27,371;57,717;32,959;41,037;37,699;Bajo;1407;0
3412001004;2022;27,373;57,717;30,719;40,830;36,966;Bajo;1407;0
3412001004;2023;27,374;57,717;29,368;40,844;36,564;Bajo;1407;0
3412001005;2021;27,402;57,941;31,887;39,267;36,888;Bajo;1408;0
3412001005;2022;27,411;57,941;29,763;39,644;36,366;Bajo;1408;0
3412001005;2023;27,410;58,559;27,547;37,854;35,257;Bajo;1408;0
3412002001;2021;27,686;59,537;27,353;44,907;37,530;Bajo;1409;0
3412002001;2022;27,686;59,537;24,602;44,842;36,685;Bajo;1409;0
3412002001;2023;27,686;59,537;23,585;44,278;36,211;Bajo;1409;0
3412002002;2021;27,531;59,020;32,362;39,683;37,349;Bajo;1410;0
3412002002;2022;27,532;58,415;27,561;41,350;36,319;Bajo;1410;0
3412002002;2023;27,533;58,415;24,822;41,355;35,498;Bajo;1410;0
3412002003;2021;35,883;55,470;35,685;39,814;39,941;Medio-bajo;1411;0
3412002003;2022;35,883;55,470;33,056;40,087;39,234;Medio-bajo;1411;0
3412002003;2023;35,884;55,470;30,982;39,844;38,539;Medio-bajo;1411;0
3412003001;2021;27,220;55,967;24,943;45,549;36,348;Bajo;1412;0
3412003001;2022;27,219;55,388;23,791;46,672;36,252;Bajo;1412;0
3412003001;2023;27,224;55,388;21,867;46,533;35,634;Bajo;1412;0
3412003002;2021;26,825;52,846;31,624;44,060;37,338;Bajo;1413;0
3412003002;2022;26,827;52,846;30,025;43,620;36,727;Bajo;1413;0
3412003002;2023;26,821;52,846;28,910;43,421;36,332;Bajo;1413;0
3412003004;2021;27,015;58,982;28,182;41,777;36,589;Bajo;1414;0
3412003004;2022;27,018;58,982;26,011;41,824;35,952;Bajo;1414;0
3412003004;2023;27,019;58,387;24,713;43,137;35,868;Bajo;1414;0
3412003005;2021;27,343;59,631;30,946;42,180;37,718;Bajo;1415;0
3412003005;2022;27,343;59,631;28,364;42,297;36,978;Bajo;1415;0
3412003005;2023;27,342;59,631;27,161;42,137;36,570;Bajo;1415;0
3412004001;2021;27,501;58,985;35,459;43,650;39,455;Medio-bajo;1416;0
3412004001;2022;27,503;58,331;32,765;44,985;38,950;Medio-bajo;1416;0
3412004001;2023;27,506;58,331;31,489;45,146;38,617;Medio-bajo;1416;0
3412004002;2021;27,861;63,352;45,577;44,817;43,586;Medio-bajo;1417;1
3412004002;2022;27,859;63,352;43,760;43,704;42,707;Medio-bajo;1417;1
3412004002;2023;27,857;63,352;40,060;43,444;41,518;Medio-bajo;1417;0
3412004003;2021;28,401;56,925;35,334;43,607;39,321;Medio-bajo;1418;0
3412004003;2022;28,400;57,549;31,418;42,541;37,920;Bajo;1418;0
3412004003;2023;28,398;56,925;30,225;44,487;38,052;Bajo;1418;0
3412004004;2021;28,146;66,828;37,641;43,412;41,376;Medio-bajo;1419;0
3412004004;2022;28,149;66,091;35,519;44,810;41,050;Medio-bajo;1419;0
3412004004;2023;28,151;66,091;33,557;44,908;40,491;Medio-bajo;1419;0
3412004005;2021;30,398;65,516;34,216;36,575;38,664;Medio-bajo;1420;0
3412004005;2022;30,398;65,516;32,103;36,776;38,091;Bajo;1420;0
3412004005;2023;30,397;65,516;29,230;36,447;37,130;Bajo;1420;0
3412004006;2021;28,680;64,212;43,423;47,447;44,063;Medio-alto;1421;1
3412004006;2022;28,686;64,212;41,277;46,904;43,257;Medio-bajo;1421;1
3412004006;2023;28,688;64,212;40,347;46,296;42,797;Medio-bajo;1421;1
3412004007;2021;28,915;66,828;35,442;37,777;39,219;Medio-bajo;1422;0
3412004007;2022;28,916;66,828;33,061;38,136;38,612;Medio-bajo;1422;0
3412004007;2023;28,917;66,828;32,255;37,968;38,321;Bajo;1422;0
3412004008;2021;28,993;65,587;47,014;39,548;43,055;Medio-bajo;1423;1
3412004008;2022;28,994;65,587;43,393;39,882;42,069;Medio-bajo;1423;0
3412004008;2023;28,995;65,587;41,276;40,411;41,593;Medio-bajo;1423;0
3412004009;2021;28,372;62,233;34,071;39,411;38,472;Medio-bajo;1424;0
3412004009;2022;28,378;62,867;32,987;39,043;38,134;Bajo;1424;0
3412004009;2023;28,376;62,233;31,852;40,137;38,026;Bajo;1424;0
3412005001;2021;27,268;58,722;16,438;38,854;32,213;Bajo;1425;0
3412005001;2022;27,266;58,240;13,908;40,320;31,821;Bajo;1425;0
3412005001;2023;27,268;58,240;11,809;40,543;31,258;Bajo;1425;0
3412005002;2021;27,037;53,657;27,605;48,253;37,565;Bajo;1426;0
3412005002;2022;27,036;53,657;24,805;49,164;36,998;Bajo;1426;0
3412005002;2023;27,042;53,657;23,222;49,125;36,513;Bajo;1426;0
3412005003;2021;27,527;61,115;29,713;44,171;38,214;Bajo;1427;0
3412005003;2022;27,530;61,115;27,598;44,139;37,571;Bajo;1427;0
3412005003;2023;27,530;60,492;25,771;45,151;37,233;Bajo;1427;0
3412005004;2021;29,072;65,345;39,746;39,144;40,737;Medio-bajo;1428;0
3412005004;2022;29,073;65,345;36,696;39,791;40,016;Medio-bajo;1428;0
3412005004;2023;29,074;65,345;35,694;39,932;39,758;Medio-bajo;1428;0
3412005005;2021;27,057;70,926;34,137;39,892;39,612;Medio-bajo;1429;0
3412005005;2022;27,058;70,300;33,665;41,883;39,974;Medio-bajo;1429;0
3412005005;2023;27,061;70,300;32,316;43,389;40,022;Medio-bajo;1429;0
3412005006;2021;26,683;61,413;23,959;43,813;36,215;Bajo;1430;0
3412005006;2022;26,687;61,413;21,667;44,482;35,728;Bajo;1430;0
3412005006;2023;26,688;60,841;20,635;45,726;35,706;Bajo;1430;0
3412005007;2021;26,162;68,268;51,062;37,760;43,427;Medio-bajo;1431;1
3412005007;2022;26,162;68,268;48,841;37,181;42,587;Medio-bajo;1431;1
3412005007;2023;26,160;67,378;48,256;38,458;42,661;Medio-bajo;1431;1
3412005008;2021;26,869;63,479;49,428;42,815;43,912;Medio-alto;1432;1
3412005008;2022;26,869;63,479;48,865;42,537;43,660;Medio-bajo;1432;1
3412005008;2023;26,866;64,380;47,502;40,766;42,854;Medio-bajo;1432;1
3412005009;2021;27,790;68,859;47,983;44,604;45,052;Medio-alto;1433;1
3412005009;2022;27,793;68,859;44,010;45,420;44,106;Medio-alto;1433;1
3412005009;2023;27,796;68,859;42,187;46,080;43,758;Medio-alto;1433;1
3412005010;2021;28,304;67,052;43,525;40,679;42,395;Medio-bajo;1434;1
3412005010;2022;28,305;66,406;40,260;42,495;41,864;Medio-bajo;1434;0
3412005010;2023;28,309;66,406;37,969;43,078;41,352;Medio-bajo;1434;0
3412005011;2021;29,244;71,858;37,111;35,081;39,747;Medio-bajo;1435;0
3412005011;2022;29,243;71,858;34,882;35,598;39,233;Medio-bajo;1435;0
3412005011;2023;29,243;71,225;33,031;36,927;38,982;Medio-bajo;1435;0
3412005012;2021;27,030;69,814;35,646;41,159;40,271;Medio-bajo;1436;0
3412005012;2022;27,033;69,172;34,803;43,416;40,600;Medio-bajo;1436;0
3412005012;2023;27,037;69,172;33,776;44,576;40,641;Medio-bajo;1436;0
3412005013;2021;29,957;68,636;54,509;42,147;46,782;Medio-alto;1437;1
3412005013;2022;29,959;68,636;53,096;42,211;46,377;Medio-alto;1437;1
3412005013;2023;29,961;69,318;49,416;40,111;44,746;Medio-alto;1437;1
3412005014;2021;28,406;68,141;32,960;35,800;37,951;Bajo;1438;0
3412005014;2022;28,407;68,141;31,952;36,405;37,830;Bajo;1438;0
3412005014;2023;28,408;68,141;29,952;36,122;37,145;Bajo;1438;0
3412005015;2021;26,841;64,994;29,284;36,859;36,302;Bajo;1439;0
3412005015;2022;26,845;64,994;27,702;37,367;35,981;Bajo;1439;0
3412005015;2023;26,848;64,437;25,546;39,372;35,853;Bajo;1439;0
3412006001;2021;27,386;64,715;39,959;38,998;40,241;Medio-bajo;1440;0
3412006001;2022;27,387;64,715;36,546;38,837;39,169;Medio-bajo;1440;0
3412006001;2023;27,372;64,715;33,791;38,495;38,236;Bajo;1440;0
3412006002;2021;27,533;60,868;52,031;38,169;43,074;Medio-bajo;1441;1
3412006002;2022;27,534;61,635;45,041;36,019;40,447;Medio-bajo;1441;0
3412006002;2023;27,497;62,401;41,552;34,113;38,934;Medio-bajo;1441;0
3412006003;2021;32,010;60,602;44,868;32,309;40,246;Medio-bajo;1442;0
3412006003;2022;32,010;60,602;43,650;32,215;39,852;Medio-bajo;1442;0
3412006003;2023;32,017;60,602;43,705;32,042;39,819;Medio-bajo;1442;0
3412006004;2021;28,405;63,581;49,524;35,964;42,285;Medio-bajo;1443;0
3412006004;2022;28,406;63,581;46,311;35,772;41,263;Medio-bajo;1443;0
3412006004;2023;28,405;63,581;44,514;35,896;40,761;Medio-bajo;1443;0
3412006006;2021;27,938;65,397;40,995;34,849;39,547;Medio-bajo;1444;0
3412006006;2022;27,939;64,782;39,819;36,224;39,515;Medio-bajo;1444;0
3412006006;2023;27,948;64,782;38,206;36,643;39,159;Medio-bajo;1444;0
3412006007;2021;26,923;67,396;46,587;39,333;42,616;Medio-bajo;1445;1
3412006007;2022;26,922;67,396;44,377;39,611;42,036;Medio-bajo;1445;0
3412006007;2023;26,922;67,396;42,518;39,680;41,499;Medio-bajo;1445;0
3412007001;2021;29,240;53,011;28,584;37,929;35,216;Bajo;1446;0
3412007001;2022;29,237;53,011;22,709;37,643;33,366;Bajo;1446;0
3412007001;2023;29,233;53,011;21,292;37,344;32,851;Bajo;1446;0
3412007002;2021;28,021;52,519;54,730;36,568;42,273;Medio-bajo;1447;0
3412007002;2022;28,022;52,519;51,196;36,080;41,066;Medio-bajo;1447;0
3412007002;2023;28,019;51,508;48,728;37,527;40,608;Medio-bajo;1447;0
3412007003;2021;28,033;65,369;37,175;38,015;39,371;Medio-bajo;1448;0
3412007003;2022;28,034;65,369;34,074;37,934;38,416;Medio-bajo;1448;0
3412007003;2023;28,033;64,702;32,636;39,068;38,225;Bajo;1448;0
3412007004;2021;30,137;55,561;33,101;36,935;36,879;Bajo;1449;0
3412007004;2022;30,135;55,561;30,432;36,518;35,953;Bajo;1449;0
3412007004;2023;30,132;55,561;27,916;36,443;35,175;Bajo;1449;0
3412007005;2021;27,094;65,095;37,300;41,515;40,182;Medio-bajo;1450;0
3412007005;2022;27,096;65,095;36,767;41,089;39,895;Medio-bajo;1450;0
3412007005;2023;27,095;65,095;35,644;41,275;39,614;Medio-bajo;1450;0
3412007006;2021;27,586;65,395;34,115;41,675;39,443;Medio-bajo;1451;0
3412007006;2022;27,586;65,395;31,823;40,941;38,535;Medio-bajo;1451;0
3412007006;2023;27,582;65,395;29,238;41,069;37,797;Bajo;1451;0
3412007007;2021;27,425;70,888;39,661;47,227;43,556;Medio-bajo;1452;1
3412007007;2022;27,433;70,127;38,159;48,810;43,468;Medio-bajo;1452;1
3412007007;2023;27,434;70,127;36,633;49,254;43,144;Medio-bajo;1452;1
3412007008;2021;27,849;78,722;59,960;36,259;47,636;Medio-alto;1453;1
3412007008;2022;27,851;78,722;55,626;35,266;46,039;Medio-alto;1453;1
3412007008;2023;27,847;78,722;54,053;34,134;45,226;Medio-alto;1453;1
3412007009;2021;28,284;73,241;44,215;36,467;42,262;Medio-bajo;1454;0
3412007009;2022;28,289;73,241;41,741;36,907;41,653;Medio-bajo;1454;0
3412007009;2023;28,290;73,975;40,745;35,924;41,169;Medio-bajo;1454;0
3412007010;2021;27,089;63,648;31,385;39,929;37,714;Bajo;1455;0
3412007010;2022;27,092;63,648;29,350;40,236;37,196;Bajo;1455;0
3412007010;2023;27,092;63,648;28,616;40,573;37,077;Bajo;1455;0
3412007011;2021;27,281;66,271;41,350;35,546;39,829;Medio-bajo;1456;0
3412007011;2022;27,279;66,271;39,461;35,790;39,336;Medio-bajo;1456;0
3412007011;2023;27,279;65,504;37,514;36,552;38,865;Medio-bajo;1456;0
3412007012;2021;28,546;63,111;36,480;39,938;39,528;Medio-bajo;1457;0
3412007012;2022;28,547;63,111;34,508;40,475;39,098;Medio-bajo;1457;0
3412007012;2023;28,548;62,506;32,194;41,631;38,661;Medio-bajo;1457;0
3412007013;2021;27,043;67,961;39,395;40,783;41,008;Medio-bajo;1458;0
3412007013;2022;27,045;67,225;38,636;42,164;41,085;Medio-bajo;1458;0
3412007013;2023;27,048;67,225;34,913;42,233;39,990;Medio-bajo;1458;0
3412007014;2021;27,729;63,423;33,533;44,200;39,766;Medio-bajo;1459;0
3412007014;2022;27,734;63,423;30,056;44,272;38,745;Medio-bajo;1459;0
3412007014;2023;27,733;62,851;27,248;45,037;38,046;Bajo;1459;0
3412007015;2021;27,798;60,242;32,777;43,994;39,017;Medio-bajo;1460;0
3412007015;2022;27,796;60,242;31,075;43,935;38,488;Medio-bajo;1460;0
3412007015;2023;27,797;60,242;29,360;44,392;38,111;Bajo;1460;0
3412007016;2021;27,477;64,860;34,462;39,375;38,749;Medio-bajo;1461;0
3412007016;2022;27,479;64,860;32,856;39,260;38,234;Bajo;1461;0
3412007016;2023;27,479;64,860;30,220;39,157;37,412;Bajo;1461;0
3412007017;2021;27,834;67,664;44,166;42,380;43,072;Medio-bajo;1462;1
3412007017;2022;27,836;67,664;40,306;43,102;42,131;Medio-bajo;1462;0
3412007017;2023;27,838;67,664;39,762;42,944;41,921;Medio-bajo;1462;0
3412007018;2021;28,242;66,541;29,844;38,294;37,483;Bajo;1463;0
3412007018;2022;28,245;66,044;26,630;39,506;36,808;Bajo;1463;0
3412007018;2023;28,248;65,547;27,139;39,751;36,961;Bajo;1463;0
3412007019;2021;29,536;74,043;53,436;31,862;44,080;Medio-alto;1464;1
3412007019;2022;29,544;73,375;50,577;33,090;43,492;Medio-bajo;1464;1
3412007019;2023;29,546;72,707;47,676;34,144;42,839;Medio-bajo;1464;1
3412007020;2021;27,651;75,587;31,683;33,750;37,881;Bajo;1465;0
3412007020;2022;27,650;75,587;30,060;34,128;37,507;Bajo;1465;0
3412007020;2023;27,650;75,587;28,503;34,702;37,212;Bajo;1465;0
3412101001;2021;64,860;17,685;44,087;43,672;45,195;Medio-alto;1466;1
3412101001;2022;64,861;17,685;41,333;43,828;44,416;Medio-alto;1466;1
3412101001;2023;64,861;17,685;38,092;44,060;43,514;Medio-bajo;1466;1
3412201001;2021;64,463;21,769;38,337;39,230;42,651;Medio-bajo;1467;1
3412201001;2022;64,457;21,769;38,337;41,823;43,428;Medio-bajo;1467;1
3412201001;2023;64,457;21,769;38,337;42,838;43,732;Medio-alto;1467;1
3412301001;2021;48,455;31,846;41,753;43,773;42,548;Medio-bajo;1468;1
3412301001;2022;48,454;31,846;40,317;43,891;42,153;Medio-bajo;1468;0
3412301001;2023;48,455;31,846;38,661;42,712;41,302;Medio-bajo;1468;0
3412301002;2021;45,574;33,364;41,163;38,410;40,270;Medio-bajo;1469;0
3412301002;2022;45,573;33,364;37,451;37,116;38,768;Medio-bajo;1469;0
3412301002;2023;45,573;33,364;36,248;36,652;38,268;Bajo;1469;0
3412401001;2021;73,093;13,379;38,337;46,048;45,596;Medio-alto;1470;1
3412401001;2022;73,093;13,379;38,337;47,406;46,003;Medio-alto;1470;1
3412401001;2023;73,119;13,613;38,337;43,413;44,847;Medio-alto;1470;1
3412501001;2021;53,949;18,688;38,337;63,287;46,778;Medio-alto;1471;1
3412501001;2022;53,943;18,688;38,337;53,587;43,866;Medio-alto;1471;1
3412501001;2023;53,949;18,688;38,337;59,476;45,635;Medio-alto;1471;1
3412601001;2021;61,396;10,322;41,818;38,939;41,124;Medio-bajo;1472;0
3412601001;2022;61,393;10,056;38,233;41,823;40,873;Medio-bajo;1472;0
3412601001;2023;61,397;10,056;36,306;42,958;40,637;Medio-bajo;1472;0
3412701001;2021;52,343;32,689;38,337;54,818;45,935;Medio-alto;1473;1
3412701001;2022;52,296;32,689;35,897;55,831;45,496;Medio-alto;1473;1
3412701001;2023;52,252;32,407;38,337;52,953;45,311;Medio-alto;1473;1
3412901001;2021;69,047;32,042;42,956;57,891;52,322;Alto;1474;1
3412901001;2022;69,049;32,042;39,845;58,118;51,457;Alto;1474;1
3412901001;2023;69,052;32,042;39,647;58,917;51,638;Alto;1474;1
3413001001;2021;53,544;28,074;36,126;50,088;43,461;Medio-bajo;1475;1
3413001001;2022;53,547;28,074;35,090;50,388;43,241;Medio-bajo;1475;1
3413001001;2023;53,550;28,074;33,606;50,083;42,705;Medio-bajo;1475;1
3413101001;2021;67,394;11,482;38,337;65,612;49,756;Alto;1476;1
3413101001;2022;67,440;11,045;38,337;77,179;53,172;Alto;1476;1
3413101001;2023;67,541;11,263;38,337;74,411;52,399;Alto;1476;1
3413201001;2021;55,369;31,777;36,827;51,848;45,211;Medio-alto;1477;1
3413201001;2022;55,375;31,777;35,119;51,707;44,658;Medio-alto;1477;1
3413201001;2023;55,390;31,777;36,618;51,707;45,112;Medio-alto;1477;1
3413301001;2021;50,316;28,694;44,597;51,183;45,617;Medio-alto;1478;1
3413301001;2022;50,348;28,344;45,555;52,277;46,188;Medio-alto;1478;1
3413301001;2023;50,375;28,344;42,734;52,620;45,452;Medio-alto;1478;1
3413401001;2021;72,339;13,410;38,337;60,108;49,630;Alto;1479;1
3413401001;2022;72,330;13,647;38,337;57,833;48,981;Alto;1479;1
3413401001;2023;72,349;13,647;38,337;56,625;48,623;Alto;1479;1
3413501001;2021;65,113;17,798;39,502;45,788;44,535;Medio-alto;1480;1
3413501001;2022;65,113;17,557;36,822;46,702;43,969;Medio-alto;1480;1
3413501001;2023;65,112;17,798;35,192;44,749;42,930;Medio-bajo;1480;1
3413601001;2021;65,450;26,662;50,159;45,830;49,159;Alto;1481;1
3413601001;2022;65,455;26,405;51,837;48,679;50,479;Alto;1481;1
3413601001;2023;65,454;26,148;48,012;52,230;50,358;Alto;1481;1
3413701001;2021;65,062;21,710;38,337;53,833;47,173;Medio-alto;1482;1
3413701001;2022;65,167;21,454;38,337;49,780;45,945;Medio-alto;1482;1
3413701001;2023;65,282;21,967;38,337;45,118;44,652;Medio-alto;1482;1
3413901001;2021;67,682;10,521;48,877;40,289;45,248;Medio-alto;1483;1
3413901001;2022;67,688;10,521;46,519;40,896;44,725;Medio-alto;1483;1
3413901001;2023;67,688;10,521;43,444;39,072;43,255;Medio-bajo;1483;1
3414001001;2021;78,450;21,506;38,337;68,259;54,817;Alto;1484;1
3414001001;2022;78,463;21,506;38,337;67,829;54,692;Alto;1484;1
3414001001;2023;78,468;21,013;38,337;74,005;56,472;Alto;1484;1
3414101001;2021;57,143;29,349;38,849;29,798;39,282;Medio-bajo;1485;0
3414101001;2022;57,145;27,903;34,333;36,485;39,717;Medio-bajo;1485;0
3414101001;2023;57,160;28,264;31,459;33,500;38,017;Bajo;1485;0
3414301001;2021;64,639;7,911;42,057;48,316;44,458;Medio-alto;1486;1
3414301001;2022;64,640;7,911;37,503;48,493;43,146;Medio-bajo;1486;1
3414301001;2023;64,640;7,911;35,362;47,529;42,214;Medio-bajo;1486;0
3414601001;2021;46,967;12,852;38,337;55,253;41,747;Medio-bajo;1487;0
3414601001;2022;47,010;12,852;38,337;55,577;41,855;Medio-bajo;1487;0
3414601001;2023;47,010;12,852;38,337;54,835;41,632;Medio-bajo;1487;0
3414701001;2021;65,469;9,891;44,519;47,655;45,503;Medio-alto;1488;1
3414701001;2022;65,465;10,178;39,957;45,530;43,539;Medio-bajo;1488;1
3414701001;2023;65,465;10,178;38,016;45,963;43,086;Medio-bajo;1488;1
3414901001;2021;61,602;22,312;38,337;59,824;48,196;Alto;1489;1
3414901001;2022;61,497;22,312;38,337;60,391;48,340;Alto;1489;1
3414901001;2023;61,367;22,991;38,337;54,116;46,526;Medio-alto;1489;1
3415101001;2021;69,372;22,892;41,879;56,388;50,257;Alto;1490;1
3415101001;2022;69,373;22,622;44,146;60,565;52,149;Alto;1490;1
3415101001;2023;69,372;22,622;42,446;70,318;54,565;Alto;1490;1
3415201001;2021;55,514;30,289;40,337;43,277;43,506;Medio-bajo;1491;1
3415201001;2022;55,520;30,026;42,492;43,784;44,267;Medio-alto;1491;1
3415201001;2023;55,531;29,764;38,762;46,624;43,963;Medio-alto;1491;1
3415401001;2021;75,230;14,404;38,337;54,219;48,735;Alto;1492;1
3415401001;2022;75,222;14,404;38,337;54,971;48,959;Alto;1492;1
3415401001;2023;75,230;14,404;38,337;55,803;49,210;Alto;1492;1
3415501001;2021;53,276;15,829;37,170;46,128;40,683;Medio-bajo;1493;0
3415501001;2022;53,257;15,829;35,159;45,546;39,900;Medio-bajo;1493;0
3415501001;2023;53,246;15,829;36,453;44,217;39,887;Medio-bajo;1493;0
3415601001;2021;61,825;21,710;38,337;49,125;44,951;Medio-alto;1494;1
3415601001;2022;61,799;21,483;38,337;50,397;45,293;Medio-alto;1494;1
3415601001;2023;61,825;21,710;38,337;52,198;45,873;Medio-alto;1494;1
3415701001;2021;57,351;55,231;42,468;38,356;46,870;Medio-alto;1495;1
3415701001;2022;57,352;55,231;39,459;38,644;46,054;Medio-alto;1495;1
3415701001;2023;57,352;54,704;37,781;40,476;46,020;Medio-alto;1495;1
3415701002;2021;57,448;47,860;37,853;40,902;45,167;Medio-alto;1496;1
3415701002;2022;57,448;47,860;35,804;41,481;44,727;Medio-alto;1496;1
3415701002;2023;57,448;47,860;33,963;41,172;44,081;Medio-alto;1496;1
3415701003;2021;62,876;35,511;42,369;48,606;48,338;Alto;1497;1
3415701003;2022;62,876;35,511;40,398;48,278;47,648;Medio-alto;1497;1
3415701003;2023;62,876;35,511;36,917;48,340;46,623;Medio-alto;1497;1
3415801001;2021;66,697;26,311;39,319;51,177;47,770;Medio-alto;1498;1
3415801001;2022;66,695;26,609;35,438;49,487;46,142;Medio-alto;1498;1
3415801001;2023;66,695;26,609;32,824;48,901;45,183;Medio-alto;1498;1
3415901001;2021;55,194;32,980;40,538;43,827;44,055;Medio-alto;1499;1
3415901001;2022;55,191;32,704;39,122;44,526;43,798;Medio-alto;1499;1
3415901001;2023;55,193;32,704;37,908;44,649;43,471;Medio-bajo;1499;1
3416001001;2021;68,900;10,819;38,425;44,019;43,581;Medio-bajo;1500;1
3416001001;2022;68,903;10,592;35,544;45,982;43,272;Medio-bajo;1500;1
3416001001;2023;68,908;10,592;35,948;46,354;43,506;Medio-bajo;1500;1
3416101001;2021;64,331;13,637;38,337;69,550;50,495;Alto;1501;1
3416101001;2022;64,331;14,062;38,337;66,550;49,658;Alto;1501;1
3416101001;2023;64,609;14,275;38,337;65,146;49,338;Alto;1501;1
3416301001;2021;58,790;23,945;38,337;55,527;46,449;Medio-alto;1502;1
3416301001;2022;58,851;23,945;38,337;57,994;47,204;Medio-alto;1502;1
3416301001;2023;58,835;24,194;38,337;57,422;47,066;Medio-alto;1502;1
3416501001;2021;65,294;21,126;38,337;47,589;45,270;Medio-alto;1503;1
3416501001;2022;65,318;20,928;38,337;49,429;45,799;Medio-alto;1503;1
3416501001;2023;65,375;20,730;38,337;52,070;46,575;Medio-alto;1503;1
3416701001;2021;45,676;22,396;45,528;50,932;43,716;Medio-alto;1504;1
3416701001;2022;45,688;21,953;38,337;55,817;42,961;Medio-bajo;1504;1
3416701001;2023;45,755;21,953;38,337;55,471;42,874;Medio-bajo;1504;1
3416801001;2021;65,767;13,998;38,337;58,987;47,739;Medio-alto;1505;1
3416801001;2022;65,751;14,248;38,337;58,186;47,532;Medio-alto;1505;1
3416801001;2023;65,767;14,248;38,337;58,824;47,727;Medio-alto;1505;1
3416901001;2021;65,337;19,339;43,375;45,611;45,931;Medio-alto;1506;1
3416901001;2022;65,336;18,763;39,210;47,530;45,170;Medio-alto;1506;1
3416901001;2023;65,338;18,763;37,559;47,807;44,759;Medio-alto;1506;1
3417001001;2021;69,250;11,399;38,337;59,405;48,345;Alto;1507;1
3417001001;2022;69,250;11,610;38,337;57,989;47,952;Alto;1507;1
3417001001;2023;69,250;11,189;38,337;58,138;47,933;Alto;1507;1
3417101001;2021;66,272;30,411;43,122;49,038;48,778;Alto;1508;1
3417101001;2022;66,272;30,106;41,537;50,553;48,711;Alto;1508;1
3417101001;2023;66,272;30,106;40,333;50,761;48,412;Alto;1508;1
3417401001;2021;54,186;22,659;38,145;50,992;43,686;Medio-bajo;1509;1
3417401001;2022;54,186;22,659;38,333;50,309;43,538;Medio-bajo;1509;1
3417401001;2023;54,186;22,659;35,675;50,644;42,841;Medio-bajo;1509;1
3417501001;2021;67,363;12,142;38,337;49,309;44,956;Medio-alto;1510;1
3417501001;2022;67,385;12,428;38,337;50,015;45,216;Medio-alto;1510;1
3417501001;2023;67,381;12,713;38,337;46,641;44,246;Medio-alto;1510;1
3417601001;2021;68,568;20,603;41,046;46,713;46,560;Medio-alto;1511;1
3417601001;2022;68,555;20,603;36,708;45,948;45,026;Medio-alto;1511;1
3417601001;2023;68,551;20,603;36,623;46,433;45,145;Medio-alto;1511;1
3417701001;2021;42,605;19,133;32,303;40,992;35,510;Bajo;1512;0
3417701001;2022;42,616;18,498;32,336;44,661;36,528;Bajo;1512;0
3417701001;2023;42,645;18,498;29,171;46,720;36,203;Bajo;1512;0
3417801001;2021;64,034;20,077;38,454;40,894;42,825;Medio-bajo;1513;1
3417801001;2022;64,030;20,077;38,716;40,694;42,842;Medio-bajo;1513;1
3417801001;2023;64,033;20,077;34,303;39,245;41,084;Medio-bajo;1513;0
3417901001;2021;72,738;24,549;38,337;69,059;54,086;Alto;1514;1
3417901001;2022;72,758;24,902;38,337;67,062;53,545;Alto;1514;1
3417901001;2023;72,738;24,549;38,337;66,344;53,271;Alto;1514;1
3418001001;2021;52,771;20,331;38,337;56,370;44,655;Medio-alto;1515;1
3418001001;2022;52,778;20,331;38,337;55,976;44,538;Medio-alto;1515;1
3418001001;2023;52,764;20,331;38,337;55,118;44,277;Medio-alto;1515;1
3418101001;2021;42,850;38,333;41,220;39,884;40,794;Medio-bajo;1516;0
3418101001;2022;42,851;38,333;38,693;39,896;40,039;Medio-bajo;1516;0
3418101001;2023;42,849;38,333;36,281;39,953;39,332;Medio-bajo;1516;0
3418201001;2021;43,539;27,731;45,904;41,775;41,348;Medio-bajo;1517;0
3418201001;2022;43,540;27,731;43,572;41,646;40,610;Medio-bajo;1517;0
3418201001;2023;43,540;27,731;41,982;41,370;40,050;Medio-bajo;1517;0
3418401001;2021;55,774;21,944;38,337;64,962;48,225;Alto;1518;1
3418401001;2022;55,815;22,565;38,337;51,254;44,216;Medio-alto;1518;1
3418401001;2023;55,815;22,358;38,337;52,470;44,550;Medio-alto;1518;1
3418501001;2021;76,816;23,312;38,337;48,496;48,751;Alto;1519;1
3418501001;2022;76,808;23,312;38,337;49,656;49,097;Alto;1519;1
3418501001;2023;76,810;22,715;38,337;52,859;49,969;Alto;1519;1
3418601001;2021;60,030;15,584;38,337;45,196;42,405;Medio-bajo;1520;1
3418601001;2022;59,973;16,161;38,337;42,684;41,724;Medio-bajo;1520;0
3418601001;2023;59,936;15,584;38,337;46,568;42,793;Medio-bajo;1520;1
3418901001;2021;46,223;9,125;38,337;50,948;39,710;Medio-bajo;1521;0
3418901001;2022;46,270;8,846;38,337;50,739;39,617;Medio-bajo;1521;0
3418901001;2023;46,246;8,568;38,337;53,244;40,321;Medio-bajo;1521;0
3419001001;2021;69,269;22,962;38,337;52,168;47,913;Alto;1522;1
3419001001;2022;69,276;23,216;38,337;51,454;47,739;Medio-alto;1522;1
3419001001;2023;69,261;22,962;38,337;53,261;48,239;Alto;1522;1
3419201001;2021;63,767;2,929;38,337;50,563;43,051;Medio-bajo;1523;1
3419201001;2022;63,755;2,683;38,337;54,205;44,104;Medio-alto;1523;1
3419201001;2023;63,763;2,683;38,337;54,587;44,221;Medio-alto;1523;1
3419601001;2021;55,008;25,416;38,337;52,104;44,697;Medio-alto;1524;1
3419601001;2022;55,003;25,060;38,337;50,916;44,286;Medio-alto;1524;1
3419601001;2023;55,043;25,060;38,337;51,569;44,492;Medio-alto;1524;1
3419901001;2021;69,509;44,206;42,483;46,831;50,802;Alto;3530;1
3419901001;2022;69,486;44,206;39,096;47,395;49,950;Alto;3530;1
3419901001;2023;69,487;44,206;38,078;47,979;49,819;Alto;3530;1
3420101001;2021;60,759;15,378;35,707;59,497;46,058;Medio-alto;1525;1
3420101001;2022;60,761;15,378;36,196;68,509;48,909;Alto;1525;1
3420101001;2023;60,768;15,642;34,877;67,425;48,229;Alto;1525;1
3420201001;2021;68,779;16,139;38,337;31,971;40,708;Medio-bajo;1526;0
3420201001;2022;68,742;15,904;38,337;36,646;42,066;Medio-bajo;1526;0
3420201001;2023;68,760;15,669;38,337;38,057;42,459;Medio-bajo;1526;1
3420401001;2021;64,745;1,229;38,337;75,964;50,661;Alto;1527;1
3420401001;2022;64,726;1,229;38,337;74,621;50,253;Alto;1527;1
3420401001;2023;64,726;1,229;38,337;80,951;52,152;Alto;1527;1
3420501001;2021;62,189;27,429;38,337;43,569;44,233;Medio-alto;1528;1
3420501001;2022;62,217;27,429;38,337;43,948;44,354;Medio-alto;1528;1
3420501001;2023;62,227;27,792;38,337;45,468;44,867;Medio-alto;1528;1
3420601001;2021;61,036;27,946;42,426;43,591;45,256;Medio-alto;1529;1
3420601001;2022;61,038;27,557;41,501;45,543;45,506;Medio-alto;1529;1
3420601001;2023;61,040;27,169;39,803;47,335;45,477;Medio-alto;1529;1
3420801001;2021;73,688;24,135;38,337;63,263;52,522;Alto;1530;1
3420801001;2022;73,701;23,850;38,337;68,969;54,195;Alto;1530;1
3420801001;2023;73,714;24,135;38,337;66,349;53,455;Alto;1530;1
3421001001;2021;62,189;16,273;38,337;49,689;44,396;Medio-alto;1531;1
3421001001;2022;62,183;16,273;38,337;45,736;43,209;Medio-bajo;1531;1
3421001001;2023;62,181;16,273;38,337;45,159;43,035;Medio-bajo;1531;1
3421101001;2021;62,285;24,539;43,409;43,545;45,339;Medio-alto;1532;1
3421101001;2022;62,263;24,539;40,454;44,458;44,720;Medio-alto;1532;1
3421101001;2023;62,272;24,300;39,522;45,980;44,864;Medio-alto;1532;1
3421301001;2021;55,331;15,850;38,337;46,022;41,518;Medio-bajo;1533;0
3421301001;2022;55,245;15,530;38,337;48,087;42,068;Medio-bajo;1533;0
3421301001;2023;55,268;15,211;38,337;50,711;42,813;Medio-bajo;1533;1
3421401001;2021;60,345;32,880;39,686;48,995;46,623;Medio-alto;1534;1
3421401001;2022;60,340;32,880;36,838;46,732;45,088;Medio-alto;1534;1
3421401001;2023;60,340;32,212;32,705;49,702;44,639;Medio-alto;1534;1
3421501001;2021;54,778;18,970;33,980;47,133;40,874;Medio-bajo;1535;0
3421501001;2022;54,767;18,718;30,509;48,471;40,193;Medio-bajo;1535;0
3421501001;2023;54,768;18,970;31,805;45,408;39,702;Medio-bajo;1535;0
3421601001;2021;66,260;20,947;38,337;59,629;49,097;Alto;1536;1
3421601001;2022;66,285;20,715;38,337;59,870;49,141;Alto;1536;1
3421601001;2023;66,335;20,483;38,337;61,852;49,713;Alto;1536;1
3421701001;2021;33,272;52,139;29,537;31,952;34,586;Bajo;1537;0
3421701001;2022;33,270;52,139;27,146;31,553;33,748;Bajo;1537;0
3421701001;2023;33,269;52,139;24,671;31,699;33,049;Bajo;1537;0
3421801001;2021;60,360;31,273;43,079;41,366;45,115;Medio-alto;1538;1
3421801001;2022;60,362;31,031;38,935;43,166;44,375;Medio-alto;1538;1
3421801001;2023;60,365;31,031;37,371;43,645;44,051;Medio-alto;1538;1
3422001001;2021;46,730;25,402;33,401;34,536;35,874;Bajo;1539;0
3422001001;2022;46,741;25,172;33,003;35,960;36,150;Bajo;1539;0
3422001001;2023;46,755;24,941;31,547;37,601;36,174;Bajo;1539;0
3422101001;2021;44,129;25,777;30,047;47,131;38,052;Bajo;1540;0
3422101001;2022;44,127;25,777;31,283;46,287;38,169;Bajo;1540;0
3422101001;2023;44,129;25,777;28,314;45,967;37,183;Bajo;1540;0
3422201001;2021;70,046;17,191;36,227;49,901;45,929;Medio-alto;1541;1
3422201001;2022;70,042;17,191;35,602;49,430;45,599;Medio-alto;1541;1
3422201001;2023;70,038;16,688;32,647;52,539;45,569;Medio-alto;1541;1
3422301001;2021;67,589;7,516;40,583;43,666;43,299;Medio-bajo;1542;1
3422301001;2022;67,591;7,266;39,350;43,773;42,925;Medio-bajo;1542;1
3422301001;2023;67,584;7,266;36,463;44,192;42,182;Medio-bajo;1542;0
3422401001;2021;57,477;10,013;38,337;59,972;45,364;Medio-alto;1543;1
3422401001;2022;57,447;9,791;38,337;60,332;45,431;Medio-alto;1543;1
3422401001;2023;57,418;9,791;38,337;62,563;46,093;Medio-alto;1543;1
3422501001;2021;35,935;42,909;33,490;36,974;36,559;Bajo;1544;0
3422501001;2022;35,935;42,909;31,994;37,565;36,288;Bajo;1544;0
3422501001;2023;35,936;42,909;30,103;37,815;35,796;Bajo;1544;0
3422501002;2021;34,753;59,760;40,430;34,358;40,089;Medio-bajo;1545;0
3422501002;2022;34,753;59,760;36,949;34,777;39,170;Medio-bajo;1545;0
3422501002;2023;34,753;59,760;35,159;35,464;38,839;Medio-bajo;1545;0
3422501003;2021;37,129;62,523;39,740;31,337;39,984;Medio-bajo;1546;0
3422501003;2022;37,129;62,523;36,527;31,400;39,039;Medio-bajo;1546;0
3422501003;2023;37,129;63,051;34,745;30,387;38,279;Bajo;1546;0
3422501004;2021;35,313;59,184;37,870;31,348;38,471;Medio-bajo;1547;0
3422501004;2022;35,314;59,184;35,182;31,400;37,681;Bajo;1547;0
3422501004;2023;35,313;59,184;31,767;31,031;36,545;Bajo;1547;0
3422701001;2021;58,956;16,847;38,337;42,452;41,503;Medio-bajo;1548;0
3422701001;2022;58,977;17,089;38,337;37,878;40,172;Medio-bajo;1548;0
3422701001;2023;58,950;16,847;38,337;39,152;40,511;Medio-bajo;1548;0
3422801001;2021;74,221;27,282;38,337;49,052;48,864;Alto;1549;1
3422801001;2022;74,216;27,282;38,337;48,091;48,575;Alto;1549;1
3422801001;2023;74,221;27,282;38,337;48,281;48,633;Alto;1549;1
3422901001;2021;68,139;14,039;38,337;65,168;50,192;Alto;1550;1
3422901001;2022;68,165;14,039;38,337;64,462;49,987;Alto;1550;1
3422901001;2023;68,139;13,608;38,337;68,350;51,082;Alto;1550;1
3423001001;2021;57,584;15,434;38,337;56,092;45,040;Medio-alto;1551;1
3423001001;2022;57,495;15,250;38,337;62,148;46,807;Medio-alto;1551;1
3423001001;2023;57,415;16,171;38,337;52,506;44,033;Medio-alto;1551;1
3423101001;2021;68,424;6,358;40,270;56,614;47,125;Medio-alto;1552;1
3423101001;2022;68,426;6,358;39,059;69,465;50,617;Alto;1552;1
3423101001;2023;68,429;6,358;39,007;58,709;47,376;Medio-alto;1552;1
3423201001;2021;49,507;33,770;44,745;45,935;44,647;Medio-alto;1553;1
3423201001;2022;49,510;33,770;41,392;45,468;43,501;Medio-bajo;1553;1
3423201001;2023;49,508;33,770;37,699;45,838;42,504;Medio-bajo;1553;1
3423301001;2021;66,421;28,155;38,618;57,918;49,789;Alto;1554;1
3423301001;2022;66,442;28,420;35,821;57,318;48,815;Alto;1554;1
3423301001;2023;66,419;27,890;33,921;56,386;47,880;Alto;1554;1
3423401001;2021;72,993;28,970;38,337;47,981;48,489;Alto;1555;1
3423401001;2022;72,993;28,710;38,337;48,882;48,721;Alto;1555;1
3423401001;2023;72,997;28,970;38,337;49,627;48,984;Alto;1555;1
3423601001;2021;64,093;9,077;45,582;51,061;46,378;Medio-alto;1556;1
3423601001;2022;64,094;8,822;46,157;55,760;47,922;Alto;1556;1
3423601001;2023;64,114;9,077;40,601;55,978;46,364;Medio-alto;1556;1
3423701001;2021;43,690;27,393;40,321;42,239;39,799;Medio-bajo;1557;0
3423701001;2022;43,691;27,393;38,673;42,605;39,415;Medio-bajo;1557;0
3423701001;2023;43,692;27,162;36,813;43,611;39,124;Medio-bajo;1557;0
3423801001;2021;50,718;33,271;41,627;43,799;43,298;Medio-bajo;1558;1
3423801001;2022;50,715;33,629;39,605;42,900;42,474;Medio-bajo;1558;1
3423801001;2023;50,717;33,629;38,872;42,480;42,129;Medio-bajo;1558;0
3424001001;2021;56,620;11,838;38,337;40,018;39,437;Medio-bajo;1559;0
3424001001;2022;56,645;11,296;38,337;45,069;40,878;Medio-bajo;1559;0
3424001001;2023;56,712;11,658;38,337;42,495;40,177;Medio-bajo;1559;0
3424101001;2021;62,602;26,265;38,337;55,211;47,655;Medio-alto;1560;1
3424101001;2022;62,602;26,035;38,337;57,860;48,415;Alto;1560;1
3424101001;2023;62,338;26,494;38,337;54,672;47,461;Medio-alto;1560;1
3424201001;2021;63,008;29,998;38,337;46,090;45,580;Medio-alto;1561;1
3424201001;2022;63,016;30,278;29,750;44,822;42,667;Medio-bajo;1561;1
3424201001;2023;63,014;30,278;26,543;44,783;41,693;Medio-bajo;1561;0
3424301001;2021;54,232;23,266;38,370;49,055;43,276;Medio-bajo;1562;1
3424301001;2022;54,228;23,266;33,663;48,321;41,642;Medio-bajo;1562;0
3424301001;2023;54,229;23,266;32,382;48,074;41,184;Medio-bajo;1562;0
3424501001;2021;66,835;24,790;44,200;51,103;49,019;Alto;1563;1
3424501001;2022;66,837;24,790;42,958;52,007;48,917;Alto;1563;1
3424501001;2023;66,837;24,481;42,842;53,384;49,249;Alto;1563;1
3424601001;2021;59,338;27,678;38,337;62,697;49,296;Alto;1564;1
3424601001;2022;59,338;27,678;38,337;59,060;48,205;Alto;1564;1
3424601001;2023;59,354;27,916;38,337;59,287;48,313;Alto;1564;1
3490101001;2021;56,335;38,406;38,729;44,426;44,791;Medio-alto;1565;1
3490101001;2022;56,335;38,406;36,991;43,996;44,141;Medio-alto;1565;1
3490101001;2023;56,335;38,406;33,946;44,173;43,280;Medio-bajo;1565;1
3490201001;2021;59,185;13,478;32,537;42,659;39,377;Medio-bajo;1566;0
3490201001;2022;59,179;13,280;31,809;43,105;39,261;Medio-bajo;1566;0
3490201001;2023;59,187;12,882;30,387;45,004;39,347;Medio-bajo;1566;0
3490301001;2021;70,440;8,007;41,729;52,733;47,150;Medio-alto;1567;1
3490301001;2022;70,447;8,280;43,722;53,833;48,120;Alto;1567;1
3490301001;2023;70,451;8,553;45,809;51,306;48,030;Alto;1567;1
3490401001;2021;80,108;13,388;41,906;51,293;49,995;Alto;1568;1
3490401001;2022;80,108;13,171;38,740;52,116;49,259;Alto;1568;1
3490401001;2023;80,108;13,171;37,596;51,712;48,795;Alto;1568;1
3700101001;2021;60,724;29,516;47,182;54,469;50,104;Alto;1569;1
3700101001;2022;60,732;29,163;44,735;58,033;50,388;Alto;1569;1
3700101001;2023;60,747;29,163;41,796;58,332;49,599;Alto;1569;1
3700201001;2021;77,207;40,691;51,643;60,004;58,899;Alto;1570;1
3700201001;2022;77,205;40,264;49,979;63,396;59,353;Alto;1570;1
3700201001;2023;77,209;40,691;44,724;67,128;58,962;Alto;1570;1
3700301001;2021;84,583;28,007;38,337;56,976;53,941;Alto;1571;1
3700301001;2022;84,596;27,653;38,337;59,517;54,654;Alto;1571;1
3700301001;2023;84,605;27,653;38,337;59,395;54,619;Alto;1571;1
3700401001;2021;75,959;29,816;38,337;55,464;51,602;Alto;1572;1
3700401001;2022;75,897;29,816;38,337;54,234;51,218;Alto;1572;1
3700401001;2023;75,832;29,816;38,337;52,997;50,831;Alto;1572;1
3700501001;2021;78,037;26,800;38,337;75,832;57,780;Alto;1573;1
3700501001;2022;78,034;27,184;38,337;75,025;57,595;Alto;1573;1
3700501001;2023;78,002;27,184;38,337;73,553;57,145;Alto;1573;1
3700601001;2021;87,791;35,720;53,322;58,165;60,752;Alto;1574;1
3700601001;2022;87,798;35,720;56,409;59,937;62,211;Alto;1574;1
3700601001;2023;87,813;35,191;55,853;63,657;63,085;Alto;1574;1
3700701001;2021;71,672;27,527;43,973;48,094;49,667;Alto;1575;1
3700701001;2022;71,670;27,192;41,730;48,758;49,143;Alto;1575;1
3700701001;2023;71,670;27,527;39,067;47,703;48,078;Alto;1575;1
3700801001;2021;40,376;48,988;38,164;39,423;40,718;Medio-bajo;1576;0
3700801001;2022;40,377;48,988;34,285;39,600;39,608;Medio-bajo;1576;0
3700801001;2023;40,376;48,988;32,764;39,393;39,090;Medio-bajo;1576;0
3700801002;2021;42,592;50,645;45,733;39,322;43,761;Medio-alto;1577;1
3700801002;2022;42,593;50,645;42,840;39,765;43,026;Medio-bajo;1577;1
3700801002;2023;42,594;50,645;41,898;39,501;42,665;Medio-bajo;1577;1
3700801003;2021;43,521;61,049;42,465;35,931;43,556;Medio-bajo;1578;1
3700801003;2022;43,521;61,049;39,977;35,970;42,822;Medio-bajo;1578;1
3700801003;2023;43,521;61,049;38,321;36,065;42,354;Medio-bajo;1578;1
3700901001;2021;70,958;40,672;49,420;56,739;55,688;Alto;1579;1
3700901001;2022;70,960;41,028;46,877;57,887;55,323;Alto;1579;1
3700901001;2023;70,963;41,028;45,156;58,397;54,961;Alto;1579;1
3701001001;2021;62,566;38,454;42,478;48,582;48,728;Alto;1580;1
3701001001;2022;62,566;38,454;38,039;48,204;47,282;Medio-alto;1580;1
3701001001;2023;62,566;38,454;35,142;48,698;46,562;Medio-alto;1580;1
3701101001;2021;88,445;35,050;49,769;53,607;58,381;Alto;1581;1
3701101001;2022;88,445;34,658;50,843;55,543;59,226;Alto;1581;1
3701101001;2023;88,449;34,266;38,337;58,340;56,255;Alto;1581;1
3701201001;2021;52,444;18,513;38,504;47,689;41,746;Medio-bajo;1582;0
3701201001;2022;52,450;18,513;34,724;48,066;40,726;Medio-bajo;1582;0
3701201001;2023;52,457;18,201;33,931;50,599;41,203;Medio-bajo;1582;0
3701301001;2021;56,619;36,771;38,337;57,216;48,337;Alto;1583;1
3701301001;2022;56,619;36,771;38,337;56,584;48,147;Alto;1583;1
3701301001;2023;56,640;36,314;38,337;57,882;48,473;Alto;1583;1
3701401001;2021;82,340;38,832;44,561;59,624;57,665;Alto;1584;1
3701401001;2022;82,341;38,832;41,385;60,025;56,833;Alto;1584;1
3701401001;2023;82,342;38,832;40,259;60,244;56,561;Alto;1584;1
3701501001;2021;84,687;27,611;54,735;50,381;56,848;Alto;1585;1
3701501001;2022;84,684;27,611;53,258;48,717;55,905;Alto;1585;1
3701501001;2023;84,683;27,611;52,712;49,477;55,969;Alto;1585;1
3701601001;2021;36,125;49,504;37,559;40,499;39,874;Medio-bajo;1586;0
3701601001;2022;36,123;49,504;33,560;40,559;38,692;Medio-bajo;1586;0
3701601001;2023;36,125;49,937;32,528;38,788;37,917;Bajo;1586;0
3701701001;2021;49,830;36,497;40,580;49,157;44,853;Medio-alto;1587;1
3701701001;2022;49,840;36,497;39,494;49,652;44,678;Medio-alto;1587;1
3701701001;2023;49,821;36,497;39,143;48,837;44,324;Medio-alto;1587;1
3701801001;2021;60,246;40,801;44,669;52,819;50,428;Alto;1588;1
3701801001;2022;60,255;40,386;38,690;54,370;49,040;Alto;1588;1
3701801001;2023;60,255;39,972;38,337;56,582;49,535;Alto;1588;1
3701901001;2021;53,827;22,755;38,610;52,857;44,310;Medio-alto;1589;1
3701901001;2022;53,825;22,755;35,548;52,928;43,412;Medio-bajo;1589;1
3701901001;2023;53,827;23,311;32,645;53,592;42,824;Medio-bajo;1589;1
3702001001;2021;44,285;34,828;38,584;41,544;40,334;Medio-bajo;1590;0
3702001001;2022;44,283;34,828;34,776;41,854;39,284;Medio-bajo;1590;0
3702001001;2023;44,288;34,828;31,914;42,722;38,687;Medio-bajo;1590;0
3702101001;2021;48,437;24,723;38,337;56,272;44,201;Medio-alto;1591;1
3702101001;2022;48,456;25,341;38,337;52,430;43,146;Medio-bajo;1591;1
3702101001;2023;48,521;25,032;38,337;53,283;43,371;Medio-bajo;1591;1
3702201001;2021;56,829;30,416;43,838;52,021;47,527;Medio-alto;1592;1
3702201001;2022;56,832;30,416;40,972;51,663;46,561;Medio-alto;1592;1
3702201001;2023;56,830;30,416;40,226;51,888;46,404;Medio-alto;1592;1
3702301001;2021;32,301;54,414;25,591;32,012;33,519;Bajo;1593;0
3702301001;2022;32,299;54,414;23,448;32,366;32,981;Bajo;1593;0
3702301001;2023;32,297;54,414;21,332;32,222;32,303;Bajo;1593;0
3702401001;2021;53,075;30,830;51,936;45,942;47,257;Medio-alto;1594;1
3702401001;2022;53,067;30,496;47,973;47,354;46,439;Medio-alto;1594;1
3702401001;2023;53,078;30,496;38,337;47,751;43,671;Medio-bajo;1594;1
3702501001;2021;64,876;33,658;31,612;44,545;44,115;Medio-alto;1595;1
3702501001;2022;64,874;33,658;31,325;44,355;43,971;Medio-alto;1595;1
3702501001;2023;64,879;33,218;28,503;45,973;43,545;Medio-bajo;1595;1
3702601001;2021;66,179;33,008;49,356;54,689;52,710;Alto;1596;1
3702601001;2022;66,181;33,008;47,660;54,677;52,198;Alto;1596;1
3702601001;2023;66,180;33,008;45,375;55,925;51,886;Alto;1596;1
3702701001;2021;50,666;34,241;34,346;49,339;42,908;Medio-bajo;1597;1
3702701001;2022;50,657;34,241;32,375;49,437;42,344;Medio-bajo;1597;1
3702701001;2023;50,660;34,627;29,956;47,828;41,194;Medio-bajo;1597;0
3702801001;2021;77,159;30,927;54,190;54,786;56,621;Alto;1598;1
3702801001;2022;77,164;30,570;51,299;56,995;56,365;Alto;1598;1
3702801001;2023;77,175;30,570;49,546;57,872;56,105;Alto;1598;1
3702901001;2021;58,183;21,217;49,872;54,714;49,104;Alto;1599;1
3702901001;2022;58,185;21,217;48,287;53,591;48,292;Alto;1599;1
3702901001;2023;58,184;21,217;46,915;54,207;48,065;Alto;1599;1
3703001001;2021;53,537;18,601;38,337;48,759;42,303;Medio-bajo;1600;1
3703001001;2022;53,549;18,601;38,337;48,040;42,091;Medio-bajo;1600;0
3703001001;2023;53,549;18,601;38,337;48,658;42,276;Medio-bajo;1600;0
3703101001;2021;54,692;36,142;41,103;47,940;45,807;Medio-alto;1601;1
3703101001;2022;54,693;35,765;36,435;48,352;44,474;Medio-alto;1601;1
3703101001;2023;54,694;35,765;32,444;48,977;43,464;Medio-bajo;1601;1
3703201001;2021;32,962;44,494;41,807;37,381;38,671;Medio-bajo;1602;0
3703201001;2022;32,956;44,494;38,852;38,084;37,994;Bajo;1602;0
3703201001;2023;32,948;44,494;36,959;38,191;37,456;Bajo;1602;0
3703301001;2021;49,006;24,819;38,337;43,869;40,636;Medio-bajo;1603;0
3703301001;2022;48,998;24,819;27,568;43,894;37,411;Bajo;1603;0
3703301001;2023;48,967;24,526;38,337;47,400;41,642;Medio-bajo;1603;0
3703401001;2021;54,138;20,284;38,337;43,836;41,229;Medio-bajo;1604;0
3703401001;2022;54,151;20,022;38,337;46,430;41,971;Medio-bajo;1604;0
3703401001;2023;54,138;19,761;38,337;46,876;42,063;Medio-bajo;1604;0
3703501001;2021;68,944;29,409;44,076;51,866;50,430;Alto;1605;1
3703501001;2022;68,947;29,409;41,434;54,114;50,313;Alto;1605;1
3703501001;2023;68,927;29,788;41,448;51,573;49,606;Alto;1605;1
3703601001;2021;62,120;27,310;38,337;69,184;51,883;Alto;1606;1
3703601001;2022;62,150;27,310;38,337;68,245;51,609;Alto;1606;1
3703601001;2023;62,218;27,310;38,337;68,912;51,826;Alto;1606;1
3703701001;2021;73,063;33,057;53,266;54,651;55,599;Alto;1607;1
3703701001;2022;73,068;33,057;50,659;55,409;55,046;Alto;1607;1
3703701001;2023;73,073;33,367;44,734;53,452;52,729;Alto;1607;1
3703801001;2021;49,286;38,629;42,697;36,134;41,765;Medio-bajo;1608;0
3703801001;2022;49,286;38,252;40,995;37,490;41,605;Medio-bajo;1608;0
3703801001;2023;49,287;37,875;39,563;38,755;41,498;Medio-bajo;1608;0
3703901001;2021;78,961;33,376;48,163;49,886;54,161;Alto;1609;1
3703901001;2022;78,959;33,376;46,834;49,337;53,597;Alto;1609;1
3703901001;2023;78,961;33,376;41,242;48,623;51,706;Alto;1609;1
3704001001;2021;46,619;33,631;49,237;46,248;45,345;Medio-alto;1610;1
3704001001;2022;46,612;33,631;46,617;46,942;44,765;Medio-alto;1610;1
3704001001;2023;46,616;33,167;46,102;48,648;45,054;Medio-alto;1610;1
3704101001;2021;60,603;16,712;38,337;60,590;47,336;Medio-alto;1611;1
3704101001;2022;60,603;16,712;38,337;62,350;47,864;Medio-alto;1611;1
3704101001;2023;60,625;16,712;38,337;59,190;46,921;Medio-alto;1611;1
3704201001;2021;70,010;30,269;38,337;60,134;51,584;Alto;1612;1
3704201001;2022;69,972;30,269;38,337;61,513;51,988;Alto;1612;1
3704201001;2023;69,972;30,269;38,337;61,699;52,044;Alto;1612;1
3704401001;2021;76,787;34,927;39,152;52,175;51,834;Alto;1613;1
3704401001;2022;76,790;34,927;36,621;54,119;51,659;Alto;1613;1
3704401001;2023;76,790;34,927;34,769;53,800;51,007;Alto;1613;1
3704501001;2021;63,122;25,889;38,337;63,946;50,349;Alto;1614;1
3704501001;2022;63,170;25,246;38,337;66,490;51,028;Alto;1614;1
3704501001;2023;63,334;25,568;38,337;68,010;51,573;Alto;1614;1
3704601001;2021;42,476;56,604;50,734;40,782;46,565;Medio-alto;3531;1
3704601001;2022;42,429;55,848;47,089;42,029;45,720;Medio-alto;3531;1
3704601001;2023;42,430;55,848;46,072;42,521;45,562;Medio-alto;3531;1
3704601003;2021;41,610;45,376;55,989;47,564;48,275;Alto;1615;1
3704601003;2022;41,613;45,376;53,933;46,794;47,428;Medio-alto;1615;1
3704601003;2023;41,612;46,145;52,324;44,102;46,253;Medio-alto;1615;1
3704602001;2021;41,160;58,902;39,857;44,836;44,533;Medio-alto;1616;1
3704602001;2022;41,162;58,902;38,485;44,871;44,132;Medio-alto;1616;1
3704602001;2023;41,163;58,902;37,202;44,741;43,709;Medio-alto;1616;1
3704602002;2021;41,430;45,570;48,212;44,421;44,983;Medio-alto;1617;1
3704602002;2022;41,431;45,570;46,877;44,100;44,486;Medio-alto;1617;1
3704602002;2023;41,430;45,570;45,665;43,523;43,949;Medio-alto;1617;1
3704603001;2021;41,686;52,112;41,417;45,215;44,228;Medio-alto;1618;1
3704603001;2022;41,686;52,112;40,042;44,712;43,664;Medio-bajo;1618;1
3704603001;2023;41,687;52,112;36,333;44,011;42,342;Medio-bajo;1618;1
3704603002;2021;41,910;59,396;50,551;42,054;47,168;Medio-alto;1619;1
3704603002;2022;41,910;59,396;48,424;41,410;46,337;Medio-alto;1619;1
3704603002;2023;41,909;59,396;45,780;41,340;45,523;Medio-alto;1619;1
3704603003;2021;41,706;64,469;38,748;44,018;44,927;Medio-alto;1620;1
3704603003;2022;41,708;63,813;35,734;44,949;44,204;Medio-alto;1620;1
3704603003;2023;41,708;64,469;34,325;44,406;43,717;Medio-alto;1620;1
3704604001;2021;42,416;63,840;56,249;51,859;52,612;Alto;1621;1
3704604001;2022;42,415;63,840;54,458;52,007;52,119;Alto;1621;1
3704604001;2023;42,415;64,828;53,972;50,891;51,787;Alto;1621;1
3704604002;2021;42,623;68,576;48,630;41,630;48,020;Alto;1622;1
3704604002;2022;42,623;67,787;46,776;43,213;47,821;Medio-alto;1622;1
3704604002;2023;42,622;67,787;43,316;43,507;46,870;Medio-alto;1622;1
3704604003;2021;41,686;39,056;42,366;41,364;41,399;Medio-bajo;1623;0
3704604003;2022;41,687;39,056;40,111;41,636;40,805;Medio-bajo;1623;0
3704604003;2023;41,688;38,683;38,727;43,127;40,780;Medio-bajo;1623;0
3704604004;2021;42,647;63,965;48,468;49,138;49,538;Alto;1624;1
3704604004;2022;42,646;63,203;45,310;49,985;48,730;Alto;1624;1
3704604004;2023;42,647;64,728;44,194;47,048;47,744;Medio-alto;1624;1
3704604005;2021;42,653;66,745;50,805;43,207;48,879;Alto;1625;1
3704604005;2022;42,654;65,911;48,597;44,136;48,370;Alto;1625;1
3704604005;2023;42,655;66,745;47,246;42,561;47,618;Medio-alto;1625;1
3704701001;2021;55,618;23,708;53,533;43,599;46,600;Medio-alto;1626;1
3704701001;2022;55,632;24,584;51,906;37,992;44,565;Medio-alto;1626;1
3704701001;2023;55,577;24,146;51,707;42,121;45,664;Medio-alto;1626;1
3704901001;2021;78,612;32,786;47,166;63,338;57,722;Alto;1627;1
3704901001;2022;78,628;33,157;43,549;63,217;56,660;Alto;1627;1
3704901001;2023;78,616;33,157;37,565;60,770;54,128;Alto;1627;1
3705001001;2021;61,902;17,711;38,337;49,111;44,367;Medio-alto;1628;1
3705001001;2022;61,921;17,711;38,337;50,214;44,702;Medio-alto;1628;1
3705001001;2023;61,927;17,711;38,337;53,230;45,609;Medio-alto;1628;1
3705101001;2021;55,535;18,566;38,337;50,059;43,188;Medio-bajo;1629;1
3705101001;2022;55,552;18,566;38,337;50,033;43,184;Medio-bajo;1629;1
3705101001;2023;55,586;17,874;38,337;55,146;44,622;Medio-alto;1629;1
3705201001;2021;70,294;35,674;44,641;43,425;49,345;Alto;1630;1
3705201001;2022;70,296;35,252;39,412;45,137;48,226;Alto;1630;1
3705201001;2023;70,300;34,829;38,446;46,297;48,222;Alto;1630;1
3705401001;2021;71,594;28,045;49,018;49,400;51,631;Alto;1631;1
3705401001;2022;71,596;28,045;47,812;50,773;51,681;Alto;1631;1
3705401001;2023;71,599;28,045;47,084;51,687;51,738;Alto;1631;1
3705501001;2021;73,878;24,547;49,314;45,855;50,702;Alto;1632;1
3705501001;2022;73,868;24,194;42,916;46,710;48,984;Alto;1632;1
3705501001;2023;73,881;24,547;40,535;46,502;48,263;Alto;1632;1
3705601001;2021;89,866;29,020;38,337;38,586;49,896;Alto;1633;1
3705601001;2022;89,861;27,976;38,337;45,409;51,786;Alto;1633;1
3705601001;2023;89,895;27,976;38,337;46,801;52,212;Alto;1633;1
3705701001;2021;56,535;31,116;48,909;48,586;48,050;Alto;1634;1
3705701001;2022;56,540;31,116;47,208;47,062;47,084;Medio-alto;1634;1
3705701001;2023;56,554;31,116;44,865;47,170;46,416;Medio-alto;1634;1
3705801001;2021;74,210;32,113;38,337;60,863;53,130;Alto;1635;1
3705801001;2022;74,228;32,113;38,337;60,026;52,883;Alto;1635;1
3705801001;2023;74,158;31,715;38,337;58,443;52,331;Alto;1635;1
3705901001;2021;68,628;30,498;40,232;45,576;47,474;Medio-alto;1636;1
3705901001;2022;68,626;30,124;39,477;46,997;47,617;Medio-alto;1636;1
3705901001;2023;68,632;29,377;38,363;50,152;48,119;Alto;1636;1
3706001001;2021;49,826;35,012;34,403;39,755;39,956;Medio-bajo;1637;0
3706001001;2022;49,830;35,332;28,979;38,465;37,991;Bajo;1637;0
3706001001;2023;49,824;35,332;27,119;38,555;37,458;Bajo;1637;0
3706101001;2021;64,503;36,695;39,609;52,671;49,314;Alto;1638;1
3706101001;2022;64,500;37,074;36,979;51,456;48,217;Alto;1638;1
3706101001;2023;64,495;37,074;34,455;50,967;47,311;Medio-alto;1638;1
3706201001;2021;49,551;18,709;38,337;61,749;45,220;Medio-alto;1639;1
3706201001;2022;49,593;19,042;38,337;57,928;44,134;Medio-alto;1639;1
3706201001;2023;49,551;19,042;38,337;52,815;42,590;Medio-bajo;1639;1
3706301001;2021;54,748;28,024;38,337;65,594;49,070;Alto;1640;1
3706301001;2022;54,766;27,645;38,337;66,768;49,370;Alto;1640;1
3706301001;2023;54,748;27,645;38,337;63,156;48,282;Alto;1640;1
3706501001;2021;80,497;34,936;54,009;63,677;60,671;Alto;1641;1
3706501001;2022;80,503;35,342;50,553;62,940;59,475;Alto;1641;1
3706501001;2023;80,505;35,342;51,247;58,309;58,294;Alto;1641;1
3706701001;2021;21,633;49,607;27,908;31,745;30,745;Bajo;1642;0
3706701001;2022;21,635;49,296;25,027;32,736;30,132;Bajo;1642;0
3706701001;2023;21,636;49,296;21,580;32,949;29,162;Bajo;1642;0
3706701002;2021;31,065;52,720;26,457;30,303;32,702;Bajo;1643;0
3706701002;2022;31,064;52,720;23,549;30,503;31,889;Bajo;1643;0
3706701002;2023;31,064;52,372;22,676;31,806;31,966;Bajo;1643;0
3706801001;2021;63,083;29,454;46,074;53,908;50,183;Alto;1644;1
3706801001;2022;63,088;29,119;43,313;55,572;49,805;Alto;1644;1
3706801001;2023;63,091;29,454;41,512;54,780;49,078;Alto;1644;1
3706901001;2021;36,774;46,507;42,353;40,309;40,968;Medio-bajo;1645;0
3706901001;2022;36,774;46,117;40,010;41,352;40,520;Medio-bajo;1645;0
3706901001;2023;36,772;46,117;37,853;41,288;39,853;Medio-bajo;1645;0
3707001001;2021;35,348;45,956;46,892;43,197;42,757;Medio-bajo;1646;1
3707001001;2022;35,349;45,956;43,987;43,444;41,960;Medio-bajo;1646;0
3707001001;2023;35,347;45,956;43,437;43,412;41,785;Medio-bajo;1646;0
3707101001;2021;49,352;36,759;38,337;55,082;45,878;Medio-alto;1647;1
3707101001;2022;49,363;36,759;38,337;56,498;46,305;Medio-alto;1647;1
3707101001;2023;49,355;36,319;38,337;58,530;46,847;Medio-alto;1647;1
3707201001;2021;50,669;37,301;43,428;50,202;46,351;Medio-alto;1648;1
3707201001;2022;50,669;37,301;42,652;50,781;46,292;Medio-alto;1648;1
3707201001;2023;50,685;37,301;42,697;50,418;46,201;Medio-alto;1648;1
3707301001;2021;38,252;44,027;39,773;40,071;40,120;Medio-bajo;1649;0
3707301001;2022;38,250;44,386;37,737;38,870;39,203;Medio-bajo;1649;0
3707301001;2023;38,252;44,027;37,015;39,665;39,171;Medio-bajo;1649;0
3707401001;2021;74,600;31,454;51,788;52,280;54,588;Alto;1650;1
3707401001;2022;74,609;30,613;49,616;55,426;54,757;Alto;1650;1
3707401001;2023;74,616;31,034;47,206;55,347;54,075;Alto;1650;1
3707701001;2021;58,044;37,741;42,558;49,503;47,791;Medio-alto;1651;1
3707701001;2022;58,036;38,076;39,162;48,271;46,451;Medio-alto;1651;1
3707701001;2023;58,036;37,406;41,476;50,906;47,835;Medio-alto;1651;1
3707801001;2021;51,183;34,807;44,357;49,645;46,217;Medio-alto;1652;1
3707801001;2022;51,183;34,807;41,015;49,673;45,223;Medio-alto;1652;1
3707801001;2023;51,184;34,807;39,513;50,199;44,931;Medio-alto;1652;1
3707901001;2021;55,935;16,749;38,337;52,494;43,746;Medio-alto;1653;1
3707901001;2022;55,961;17,026;38,337;51,148;43,390;Medio-bajo;1653;1
3707901001;2023;55,979;17,026;38,337;48,911;42,723;Medio-bajo;1653;1
3708001001;2021;47,697;37,927;40,296;39,523;41,559;Medio-bajo;1654;0
3708001001;2022;47,694;37,927;39,616;39,345;41,301;Medio-bajo;1654;0
3708001001;2023;47,693;37,927;36,647;38,449;40,141;Medio-bajo;1654;0
3708101001;2021;56,202;41,686;49,121;49,471;49,881;Alto;1655;1
3708101001;2022;56,203;41,686;47,141;49,059;49,164;Alto;1655;1
3708101001;2023;56,203;41,269;46,745;51,260;49,643;Alto;1655;1
3708201001;2021;61,499;42,863;48,350;45,142;49,852;Alto;1656;1
3708201001;2022;61,501;42,863;44,158;45,286;48,638;Alto;1656;1
3708201001;2023;61,500;42,504;43,221;46,361;48,625;Alto;1656;1
3708301001;2021;60,296;41,916;42,964;46,895;48,319;Alto;1657;1
3708301001;2022;60,299;42,291;40,874;45,291;47,268;Medio-alto;1657;1
3708301001;2023;60,303;41,916;40,115;46,143;47,241;Medio-alto;1657;1
3708501001;2021;20,277;66,655;39,649;28,696;35,571;Bajo;1658;0
3708501001;2022;20,276;66,655;37,044;28,944;34,864;Bajo;1658;0
3708501001;2023;20,276;66,096;35,240;29,950;34,541;Bajo;1658;0
3708501002;2021;19,237;75,603;39,780;27,590;36,361;Bajo;1659;0
3708501002;2022;19,237;75,603;36,125;28,024;35,394;Bajo;1659;0
3708501002;2023;19,236;75,603;36,535;28,111;35,543;Bajo;1659;0
3708501003;2021;17,343;65,327;26,201;27,001;30,096;Bajo;1660;0
3708501003;2022;17,341;65,327;24,673;26,805;29,578;Bajo;1660;0
3708501003;2023;17,338;65,327;22,777;26,605;28,948;Bajo;1660;0
3708501004;2021;28,261;51,477;12,936;28,472;27,209;Bajo;1661;0
3708501004;2022;28,259;51,702;13,039;27,483;26,977;Bajo;1661;0
3708501004;2023;28,257;51,702;8,083;27,985;25,640;Bajo;1661;0
3708601001;2021;71,245;23,970;41,732;51,729;49,445;Alto;1662;1
3708601001;2022;71,247;23,631;37,944;53,086;48,665;Alto;1662;1
3708601001;2023;71,255;23,631;38,568;54,049;49,144;Alto;1662;1
3708701001;2021;36,953;52,261;26,033;29,916;33,862;Bajo;1663;0
3708701001;2022;36,950;52,261;23,667;29,964;33,166;Bajo;1663;0
3708701001;2023;36,946;52,261;20,879;29,974;32,332;Bajo;1663;0
3708801001;2021;60,961;27,336;39,213;52,003;46,706;Medio-alto;1664;1
3708801001;2022;60,962;27,336;39,127;53,444;47,112;Medio-alto;1664;1
3708801001;2023;60,962;27,336;38,812;53,863;47,144;Medio-alto;1664;1
3708901001;2021;55,972;24,247;38,337;63,524;48,189;Alto;1665;1
3708901001;2022;55,991;24,876;38,337;60,812;47,474;Medio-alto;1665;1
3708901001;2023;55,887;24,562;38,337;58,570;46,728;Medio-alto;1665;1
3709001001;2021;60,443;28,845;38,337;63,039;49,851;Alto;1666;1
3709001001;2022;60,462;28,845;38,337;63,667;50,044;Alto;1666;1
3709001001;2023;60,472;28,459;38,337;63,945;50,072;Alto;1666;1
3709101001;2021;87,634;34,252;47,420;58,397;58,791;Alto;1667;1
3709101001;2022;87,639;34,252;43,554;59,736;58,034;Alto;1667;1
3709101001;2023;87,643;33,897;42,126;61,075;57,956;Alto;1667;1
3709201001;2021;33,856;63,614;33,552;33,485;38,117;Bajo;1668;0
3709201001;2022;33,855;63,614;31,842;34,074;37,781;Bajo;1668;0
3709201001;2023;34,003;61,984;34,169;38,305;39,541;Medio-bajo;1668;0
3709601001;2021;70,198;25,058;47,095;52,174;51,089;Alto;1669;1
3709601001;2022;70,196;25,378;47,740;51,303;51,069;Alto;1669;1
3709601001;2023;70,195;25,058;45,710;52,445;50,754;Alto;1669;1
3709701001;2021;70,388;16,786;38,337;60,787;49,852;Alto;1670;1
3709701001;2022;70,400;16,786;38,337;63,923;50,796;Alto;1670;1
3709701001;2023;70,400;16,394;38,337;66,238;51,432;Alto;1670;1
3709801001;2021;59,739;36,530;57,576;57,344;54,890;Alto;1671;1
3709801001;2022;59,742;36,530;51,793;57,834;53,303;Alto;1671;1
3709801001;2023;59,741;36,530;52,494;56,184;53,018;Alto;1671;1
3709901001;2021;63,962;26,662;38,337;65,760;51,219;Alto;1672;1
3709901001;2022;63,991;26,662;38,337;65,006;51,000;Alto;1672;1
3709901001;2023;63,981;26,662;38,337;67,290;51,683;Alto;1672;1
3710001001;2021;82,843;29,216;38,337;70,758;57,822;Alto;1673;1
3710001001;2022;82,807;29,216;38,337;68,382;57,100;Alto;1673;1
3710001001;2023;82,794;28,457;38,337;66,110;56,301;Alto;1673;1
3710101001;2021;73,944;39,178;52,594;70,127;61,179;Alto;1674;1
3710101001;2022;73,947;38,760;51,273;71,045;60,997;Alto;1674;1
3710101001;2023;73,964;38,760;46,353;73,164;60,160;Alto;1674;1
3710201001;2021;64,250;45,432;52,739;56,783;55,734;Alto;1675;1
3710201001;2022;64,251;44,897;49,905;57,684;55,074;Alto;1675;1
3710201001;2023;64,252;44,897;48,479;57,566;54,611;Alto;1675;1
3710301001;2021;57,918;36,779;44,682;47,156;47,547;Medio-alto;1676;1
3710301001;2022;57,919;37,122;42,459;45,841;46,538;Medio-alto;1676;1
3710301001;2023;57,920;37,122;38,718;45,464;45,303;Medio-alto;1676;1
3710401001;2021;63,383;30,292;38,337;65,682;51,595;Alto;1677;1
3710401001;2022;63,192;30,703;38,337;58,471;49,446;Alto;1677;1
3710401001;2023;63,283;31,523;38,337;58,027;49,459;Alto;1677;1
3710601001;2021;70,917;34,268;42,181;54,981;52,018;Alto;1678;1
3710601001;2022;70,918;33,833;37,965;56,476;51,137;Alto;1678;1
3710601001;2023;70,919;33,398;39,695;59,040;52,360;Alto;1678;1
3710701001;2021;60,741;40,276;40,706;49,929;48,417;Alto;1679;1
3710701001;2022;60,741;40,276;37,843;50,614;47,763;Medio-alto;1679;1
3710701001;2023;60,740;39,792;35,300;51,773;47,276;Medio-alto;1679;1
3710701002;2021;60,741;38,018;38,836;53,662;48,637;Alto;1680;1
3710701002;2022;60,744;37,536;35,924;54,754;48,020;Alto;1680;1
3710701002;2023;60,745;37,536;34,054;53,544;47,096;Medio-alto;1680;1
3710702001;2021;58,883;56,196;45,395;41,912;49,342;Alto;1681;1
3710702001;2022;58,883;56,196;43,125;42,255;48,764;Alto;1681;1
3710702001;2023;58,884;56,196;40,934;42,745;48,254;Alto;1681;1
3710702002;2021;60,006;59,634;46,504;42,346;50,602;Alto;1682;1
3710702002;2022;60,006;59,019;43,383;44,297;50,158;Alto;1682;1
3710702002;2023;60,007;59,019;41,900;45,156;49,971;Alto;1682;1
3710702003;2021;62,003;55,050;45,776;38,828;49,140;Alto;1683;1
3710702003;2022;62,003;55,050;42,445;39,254;48,268;Alto;1683;1
3710702003;2023;62,003;55,050;40,426;39,297;47,675;Medio-alto;1683;1
3710702004;2021;64,236;59,832;47,872;41,496;51,844;Alto;1684;1
3710702004;2022;64,236;59,832;46,328;41,634;51,422;Alto;1684;1
3710702004;2023;64,236;59,832;43,898;41,552;50,669;Alto;1684;1
3710702005;2021;62,074;55,831;48,462;41,108;50,764;Alto;1685;1
3710702005;2022;62,074;55,831;45,777;41,149;49,971;Alto;1685;1
3710702005;2023;62,074;55,831;44,451;41,574;49,701;Alto;1685;1
3710702006;2021;65,272;50,352;51,579;44,226;52,613;Alto;1686;1
3710702006;2022;65,272;49,850;48,355;45,120;51,838;Alto;1686;1
3710702006;2023;65,273;49,850;47,126;45,329;51,532;Alto;1686;1
3710702007;2021;65,582;51,397;40,663;41,255;48,680;Alto;1687;1
3710702007;2022;65,583;51,397;37,621;41,114;47,725;Medio-alto;1687;1
3710702007;2023;65,582;51,397;36,260;41,923;47,560;Medio-alto;1687;1
3710702008;2021;59,906;56,834;43,472;40,361;48,652;Alto;1688;1
3710702008;2022;59,906;56,834;42,219;40,826;48,415;Alto;1688;1
3710702008;2023;59,906;56,834;41,211;41,412;48,289;Alto;1688;1
3710703001;2021;63,704;48,607;60,311;41,018;53,616;Alto;1689;1
3710703001;2022;63,704;48,116;56,951;42,912;53,102;Alto;1689;1
3710703001;2023;63,704;47,624;56,170;44,033;53,131;Alto;1689;1
3710801001;2021;55,345;26,238;45,027;49,892;46,248;Medio-alto;1690;1
3710801001;2022;55,345;25,958;43,931;52,418;46,635;Medio-alto;1690;1
3710801001;2023;55,372;25,678;38,337;54,744;45,619;Medio-alto;1690;1
3710901001;2021;59,413;37,425;54,877;50,420;52,056;Alto;1691;1
3710901001;2022;59,413;37,425;51,954;51,363;51,462;Alto;1691;1
3710901001;2023;59,410;37,425;48,362;51,194;50,333;Alto;1691;1
3711001001;2021;50,599;14,109;40,910;47,290;41,226;Medio-bajo;1692;0
3711001001;2022;50,613;14,109;38,502;46,928;40,399;Medio-bajo;1692;0
3711001001;2023;50,604;14,109;37,552;47,044;40,146;Medio-bajo;1692;0
3711201001;2021;55,927;34,148;47,489;50,368;48,461;Alto;1693;1
3711201001;2022;55,915;34,148;45,437;51,601;48,212;Alto;1693;1
3711201001;2023;55,924;34,148;41,841;52,176;47,308;Medio-alto;1693;1
3711301001;2021;69,803;31,992;44,444;44,249;48,858;Alto;1694;1
3711301001;2022;69,805;31,602;42,601;45,374;48,584;Alto;1694;1
3711301001;2023;69,806;31,992;38,536;44,070;47,032;Medio-alto;1694;1
3711401001;2021;72,329;13,598;38,337;55,197;48,182;Alto;1695;1
3711401001;2022;72,332;14,022;38,337;53,818;47,833;Medio-alto;1695;1
3711401001;2023;72,282;14,871;38,337;53,107;47,735;Medio-alto;1695;1
3711501001;2021;70,895;28,893;50,838;55,595;53,987;Alto;1696;1
3711501001;2022;70,895;28,893;51,026;55,750;54,090;Alto;1696;1
3711501001;2023;70,889;29,199;51,806;54,084;53,869;Alto;1696;1
3711601001;2021;59,282;18,494;38,337;48,702;43,706;Medio-bajo;1697;1
3711601001;2022;59,272;18,494;38,337;49,274;43,875;Medio-alto;1697;1
3711601001;2023;59,263;18,164;38,337;47,585;43,317;Medio-bajo;1697;1
3711701001;2021;31,306;55,471;34,138;30,772;35,620;Bajo;1698;0
3711701001;2022;31,305;55,471;30,837;31,147;34,742;Bajo;1698;0
3711701001;2023;31,304;55,471;29,163;31,470;34,336;Bajo;1698;0
3711801001;2021;48,553;28,111;49,272;52,272;46,818;Medio-alto;1699;1
3711801001;2022;48,549;28,960;47,651;48,681;45,381;Medio-alto;1699;1
3711801001;2023;48,489;28,535;44,175;50,565;44,825;Medio-alto;1699;1
3711901001;2021;70,959;39,451;61,722;55,325;58,772;Alto;1700;1
3711901001;2022;70,961;39,034;59,384;57,519;58,666;Alto;1700;1
3711901001;2023;70,962;38,618;38,337;60,129;53,073;Alto;1700;1
3712001001;2021;64,948;23,092;41,058;44,999;45,518;Medio-alto;1701;1
3712001001;2022;64,945;23,485;39,795;43,769;44,828;Medio-alto;1701;1
3712001001;2023;64,952;23,485;37,601;44,392;44,358;Medio-alto;1701;1
3712101001;2021;48,232;44,689;42,867;40,466;43,761;Medio-alto;1702;1
3712101001;2022;48,233;44,689;40,714;40,668;43,176;Medio-bajo;1702;1
3712101001;2023;48,232;44,689;38,130;40,723;42,417;Medio-bajo;1702;1
3712201001;2021;48,741;36,321;41,464;34,777;40,506;Medio-bajo;1703;0
3712201001;2022;48,745;36,321;37,823;35,520;39,637;Medio-bajo;1703;0
3712201001;2023;48,745;36,736;35,897;34,578;38,839;Medio-bajo;1703;0
3712301001;2021;73,565;34,196;47,256;84,234;62,968;Alto;1704;1
3712301001;2022;73,566;34,196;44,297;85,523;62,467;Alto;1704;1
3712301001;2023;73,569;34,196;46,032;85,709;63,044;Alto;1704;1
3712401001;2021;56,312;31,470;41,934;51,412;46,802;Medio-alto;1705;1
3712401001;2022;56,316;31,470;39,657;51,672;46,198;Medio-alto;1705;1
3712401001;2023;56,318;31,470;37,769;51,923;45,708;Medio-alto;1705;1
3712501001;2021;55,532;37,962;45,756;54,212;49,567;Alto;1706;1
3712501001;2022;55,539;37,962;41,114;53,586;47,989;Alto;1706;1
3712501001;2023;55,536;37,962;40,481;53,759;47,850;Medio-alto;1706;1
3712601001;2021;70,886;23,962;38,337;57,879;50,180;Alto;1707;1
3712601001;2022;70,960;23,962;38,337;57,478;50,079;Alto;1707;1
3712601001;2023;70,943;23,962;38,337;57,984;50,227;Alto;1707;1
3712701001;2021;78,102;38,048;50,385;50,233;55,418;Alto;1708;1
3712701001;2022;78,103;37,597;48,472;51,391;55,124;Alto;1708;1
3712701001;2023;78,107;37,597;48,076;50,610;54,772;Alto;1708;1
3712801001;2021;57,027;26,850;45,318;52,920;47,756;Medio-alto;1709;1
3712801001;2022;57,023;26,850;40,546;53,637;46,538;Medio-alto;1709;1
3712801001;2023;57,037;26,850;40,279;53,719;46,486;Medio-alto;1709;1
3712901001;2021;37,652;37,087;33,754;50,347;40,206;Medio-bajo;1710;0
3712901001;2022;37,670;37,445;30,575;49,998;39,206;Medio-bajo;1710;0
3712901001;2023;37,659;36,728;28,463;52,205;39,124;Medio-bajo;1710;0
3713001001;2021;49,485;21,759;30,749;48,921;39,536;Medio-bajo;1711;0
3713001001;2022;49,485;21,759;29,476;48,536;39,039;Medio-bajo;1711;0
3713001001;2023;49,468;21,759;30,798;49,403;39,691;Medio-bajo;1711;0
3713101001;2021;60,539;35,304;35,472;49,277;45,855;Medio-alto;1712;1
3713101001;2022;60,541;35,647;31,563;48,139;44,393;Medio-alto;1712;1
3713101001;2023;60,541;35,304;31,511;50,956;45,171;Medio-alto;1712;1
3713201001;2021;97,645;35,017;56,198;53,505;62,575;Alto;1713;1
3713201001;2022;97,645;34,615;52,682;54,993;61,906;Alto;1713;1
3713201001;2023;97,645;34,615;51,436;55,358;61,642;Alto;1713;1
3713301001;2021;50,324;38,011;51,511;63,116;52,671;Alto;1714;1
3713301001;2022;50,324;38,819;48,600;55,688;49,690;Alto;1714;1
3713301001;2023;50,315;38,011;38,337;56,774;46,814;Medio-alto;1714;1
3713401001;2021;59,105;33,240;43,420;52,741;48,610;Alto;1715;1
3713401001;2022;59,106;33,240;40,876;52,193;47,683;Medio-alto;1715;1
3713401001;2023;59,110;33,240;39,920;51,482;47,184;Medio-alto;1715;1
3713501001;2021;61,732;49,116;43,320;45,041;49,309;Alto;1716;1
3713501001;2022;61,731;49,116;41,064;44,644;48,513;Alto;1716;1
3713501001;2023;61,731;49,572;39,202;43,450;47,664;Medio-alto;1716;1
3713601001;2021;75,131;38,014;48,825;50,883;54,397;Alto;1717;1
3713601001;2022;75,131;38,014;46,453;50,495;53,569;Alto;1717;1
3713601001;2023;75,133;38,014;45,076;51,157;53,355;Alto;1717;1
3713701001;2021;76,871;19,934;38,337;55,440;50,341;Alto;1718;1
3713701001;2022;76,884;19,934;38,337;54,193;49,970;Alto;1718;1
3713701001;2023;76,884;20,146;38,337;53,268;49,724;Alto;1718;1
3713801001;2021;51,411;38,386;46,957;39,586;44,573;Medio-alto;1719;1
3713801001;2022;51,412;38,386;45,722;40,526;44,485;Medio-alto;1719;1
3713801001;2023;51,415;38,386;42,391;40,982;43,624;Medio-bajo;1719;1
3713901001;2021;51,867;37,214;35,432;43,817;42,323;Medio-bajo;1720;1
3713901001;2022;51,863;37,214;36,223;43,724;42,532;Medio-bajo;1720;1
3713901001;2023;51,857;37,633;33,367;41,432;41,049;Medio-bajo;1720;0
3714001001;2021;75,919;41,067;43,978;29,072;47,055;Medio-alto;1721;1
3714001001;2022;75,919;41,067;40,265;30,510;46,372;Medio-alto;1721;1
3714001001;2023;75,921;40,702;29,539;31,635;43,438;Medio-bajo;1721;1
3714101001;2021;61,884;27,244;40,294;47,558;45,913;Medio-alto;1722;1
3714101001;2022;61,894;27,244;35,696;48,501;44,819;Medio-alto;1722;1
3714101001;2023;61,889;27,244;31,981;48,271;43,635;Medio-bajo;1722;1
3714201001;2021;43,347;47,596;32,436;43,360;40,715;Medio-bajo;1723;0
3714201001;2022;43,345;47,596;28,842;43,867;39,788;Medio-bajo;1723;0
3714201001;2023;43,343;47,596;26,971;43,297;39,056;Medio-bajo;1723;0
3714301001;2021;66,354;33,826;49,107;47,847;50,749;Alto;1724;1
3714301001;2022;66,354;33,826;47,478;47,975;50,298;Alto;1724;1
3714301001;2023;66,355;33,826;48,626;47,438;50,482;Alto;1724;1
3714401001;2021;56,173;28,372;47,639;48,892;47,258;Medio-alto;1725;1
3714401001;2022;56,175;28,372;45,043;49,598;46,692;Medio-alto;1725;1
3714401001;2023;56,179;28,372;43,745;49,993;46,422;Medio-alto;1725;1
3714501001;2021;73,416;25,625;49,293;54,304;53,277;Alto;1726;1
3714501001;2022;73,420;25,288;44,684;56,033;52,363;Alto;1726;1
3714501001;2023;73,416;24,615;41,389;59,264;52,242;Alto;1726;1
3714601001;2021;63,496;23,664;44,528;53,435;48,812;Alto;1727;1
3714601001;2022;63,498;22,931;39,209;56,898;48,146;Alto;1727;1
3714601001;2023;63,508;22,931;36,898;56,680;47,390;Medio-alto;1727;1
3714701001;2021;55,615;31,435;47,192;56,569;49,747;Alto;1728;1
3714701001;2022;55,605;31,435;46,974;55,439;49,340;Alto;1728;1
3714701001;2023;55,599;31,435;49,318;54,305;49,702;Alto;1728;1
3714801001;2021;48,560;27,168;47,588;42,407;43,213;Medio-bajo;1729;1
3714801001;2022;48,560;27,168;44,695;42,037;42,235;Medio-bajo;1729;0
3714801001;2023;48,562;26,880;40,766;43,541;41,464;Medio-bajo;1729;0
3714901001;2021;68,955;16,277;38,337;65,143;50,725;Alto;1730;1
3714901001;2022;68,970;16,277;38,337;66,693;51,193;Alto;1730;1
3714901001;2023;68,963;16,277;38,337;66,037;50,995;Alto;1730;1
3715001001;2021;62,362;18,752;38,337;59,771;47,836;Medio-alto;1731;1
3715001001;2022;62,362;18,752;38,337;59,118;47,640;Medio-alto;1731;1
3715001001;2023;62,404;18,281;38,337;61,739;48,366;Alto;1731;1
3715101001;2021;56,065;34,726;46,494;49,235;47,944;Alto;1732;1
3715101001;2022;56,061;35,058;40,590;46,883;45,516;Medio-alto;1732;1
3715101001;2023;56,061;35,058;38,079;47,469;44,939;Medio-alto;1732;1
3715201001;2021;37,677;39,282;40,797;46,818;41,596;Medio-bajo;1733;0
3715201001;2022;37,692;38,872;37,808;47,552;40,862;Medio-bajo;1733;0
3715201001;2023;37,693;38,872;37,084;48,174;40,831;Medio-bajo;1733;0
3715401001;2021;68,444;24,541;38,071;49,602;47,094;Medio-alto;1734;1
3715401001;2022;68,441;24,263;36,433;50,338;46,781;Medio-alto;1734;1
3715401001;2023;68,446;24,263;32,127;51,871;45,950;Medio-alto;1734;1
3715501001;2021;53,750;19,058;38,337;50,414;42,922;Medio-bajo;1735;1
3715501001;2022;53,736;19,058;38,337;50,617;42,979;Medio-bajo;1735;1
3715501001;2023;53,724;18,680;38,337;52,176;43,387;Medio-bajo;1735;1
3715601001;2021;49,344;53,972;35,501;33,264;41,061;Medio-bajo;1736;0
3715601001;2022;49,344;53,491;34,564;34,329;41,027;Medio-bajo;1736;0
3715601001;2023;49,344;53,491;33,593;34,428;40,766;Medio-bajo;1736;0
3715601002;2021;48,478;53,640;36,434;34,600;41,476;Medio-bajo;1737;0
3715601002;2022;48,478;53,161;34,425;34,803;40,862;Medio-bajo;1737;0
3715601002;2023;48,478;53,640;32,636;33,991;40,154;Medio-bajo;1737;0
3715601003;2021;49,111;46,928;40,725;34,636;41,925;Medio-bajo;1738;0
3715601003;2022;49,111;46,928;38,311;34,475;41,153;Medio-bajo;1738;0
3715601003;2023;49,112;46,928;37,180;35,054;40,987;Medio-bajo;1738;0
3715701001;2021;74,157;34,929;38,337;54,147;51,524;Alto;1739;1
3715701001;2022;74,151;34,607;38,337;56,175;52,083;Alto;1739;1
3715701001;2023;74,146;34,929;38,337;52,169;50,928;Alto;1739;1
3715801001;2021;65,310;29,407;47,431;54,083;51,193;Alto;1740;1
3715801001;2022;65,313;28,998;44,569;55,942;50,831;Alto;1740;1
3715801001;2023;65,316;29,407;37,944;55,822;48,870;Alto;1740;1
3715901001;2021;54,518;27,473;38,337;64,181;48,506;Alto;1741;1
3715901001;2022;54,526;27,145;38,337;66,439;49,136;Alto;1741;1
3715901001;2023;54,545;27,145;38,337;66,327;49,107;Alto;1741;1
3716001001;2021;86,974;35,178;49,154;56,605;58,748;Alto;1742;1
3716001001;2022;86,974;35,178;46,992;56,628;58,106;Alto;1742;1
3716001001;2023;86,974;35,178;44,582;57,371;57,606;Alto;1742;1
3716101001;2021;55,895;37,386;53,114;51,882;51,081;Alto;1743;1
3716101001;2022;55,918;36,947;50,235;52,100;50,222;Alto;1743;1
3716101001;2023;55,945;36,508;50,954;53,985;50,944;Alto;1743;1
3716201001;2021;71,609;33,534;46,558;52,967;52,790;Alto;1744;1
3716201001;2022;71,609;33,534;43,998;53,786;52,268;Alto;1744;1
3716201001;2023;71,611;33,081;43,771;55,692;52,704;Alto;1744;1
3716301001;2021;50,506;31,638;38,337;61,287;47,259;Medio-alto;1745;1
3716301001;2022;50,535;31,182;38,337;62,435;47,543;Medio-alto;1745;1
3716301001;2023;50,480;31,638;38,337;60,089;46,893;Medio-alto;1745;1
3716401001;2021;47,927;33,181;35,179;43,269;40,493;Medio-bajo;1746;0
3716401001;2022;47,935;33,181;32,769;43,507;39,844;Medio-bajo;1746;0
3716401001;2023;47,935;33,181;29,469;43,436;38,832;Medio-bajo;1746;0
3716501001;2021;75,525;25,251;38,337;58,587;51,746;Alto;1747;1
3716501001;2022;75,583;25,251;38,337;57,273;51,367;Alto;1747;1
3716501001;2023;75,630;25,939;38,337;56,206;51,161;Alto;1747;1
3716601001;2021;75,009;31,751;56,830;58,238;58,035;Alto;1748;1
3716601001;2022;75,005;31,751;52,330;58,763;56,842;Alto;1748;1
3716601001;2023;75,009;31,751;50,668;59,123;56,452;Alto;1748;1
3716701001;2021;53,104;26,161;29,784;46,184;39,991;Medio-bajo;1749;0
3716701001;2022;53,107;26,161;27,167;46,355;39,257;Medio-bajo;1749;0
3716701001;2023;53,122;25,849;26,598;47,998;39,537;Medio-bajo;1749;0
3716801001;2021;66,315;33,801;54,618;52,178;53,688;Alto;1750;1
3716801001;2022;66,316;33,801;52,856;51,760;53,034;Alto;1750;1
3716801001;2023;66,316;33,801;52,212;52,650;53,107;Alto;1750;1
3716901001;2021;64,661;26,117;49,307;53,000;50,775;Alto;1751;1
3716901001;2022;64,660;26,117;47,031;52,355;49,899;Alto;1751;1
3716901001;2023;64,663;26,117;46,726;54,135;50,342;Alto;1751;1
3717001001;2021;50,393;39,703;45,715;43,316;45,263;Medio-alto;1752;1
3717001001;2022;50,394;39,703;42,015;43,613;44,242;Medio-alto;1752;1
3717001001;2023;50,393;39,703;40,937;43,430;43,864;Medio-alto;1752;1
3717101001;2021;53,468;31,318;36,130;42,876;41,767;Medio-bajo;1753;0
3717101001;2022;53,470;31,318;32,032;42,058;40,292;Medio-bajo;1753;0
3717101001;2023;53,470;31,318;32,267;42,338;40,447;Medio-bajo;1753;0
3717201001;2021;49,136;44,577;42,663;48,709;46,382;Medio-alto;1754;1
3717201001;2022;49,136;44,577;40,911;48,512;45,797;Medio-alto;1754;1
3717201001;2023;49,136;44,577;39,600;48,492;45,398;Medio-alto;1754;1
3717301001;2021;75,337;36,974;48,528;49,901;53,909;Alto;1755;1
3717301001;2022;75,337;36,974;46,445;49,339;53,116;Alto;1755;1
3717301001;2023;75,338;37,305;44,483;47,945;52,159;Alto;1755;1
3717302001;2021;78,001;39,489;45,661;49,009;53,824;Alto;1756;1
3717302001;2022;78,001;39,489;44,473;48,858;53,423;Alto;1756;1
3717302001;2023;78,001;39,489;41,504;48,702;52,486;Alto;1756;1
3717401001;2021;58,667;40,756;43,132;52,916;49,594;Alto;1757;1
3717401001;2022;58,667;40,756;41,324;52,939;49,059;Alto;1757;1
3717401001;2023;58,667;40,756;39,569;52,849;48,505;Alto;1757;1
3717501001;2021;39,541;34,446;41,677;45,109;41,088;Medio-bajo;1758;0
3717501001;2022;39,540;34,446;39,188;44,232;40,078;Medio-bajo;1758;0
3717501001;2023;39,539;34,752;36,139;42,424;38,666;Medio-bajo;1758;0
3717601001;2021;62,835;37,302;51,018;43,062;49,528;Alto;1759;1
3717601001;2022;62,829;36,905;47,925;42,896;48,489;Alto;1759;1
3717601001;2023;62,829;36,508;46,987;44,577;48,653;Alto;1759;1
3717701001;2021;66,366;45,307;44,673;52,507;52,542;Alto;1760;1
3717701001;2022;66,363;45,307;43,578;51,731;51,979;Alto;1760;1
3717701001;2023;66,356;45,307;42,445;52,092;51,746;Alto;1760;1
3717801001;2021;68,983;20,140;38,337;70,664;52,967;Alto;1761;1
3717801001;2022;69,002;20,544;38,337;71,518;53,289;Alto;1761;1
3717801001;2023;68,999;20,140;38,337;74,522;54,128;Alto;1761;1
3717901001;2021;61,447;22,817;41,806;51,894;46,894;Medio-alto;1762;1
3717901001;2022;61,449;22,484;41,999;52,878;47,198;Medio-alto;1762;1
3717901001;2023;61,452;22,484;37,659;53,632;46,123;Medio-alto;1762;1
3718001001;2021;76,393;27,755;38,337;63,792;53,900;Alto;1763;1
3718001001;2022;76,403;27,755;38,337;61,316;53,160;Alto;1763;1
3718001001;2023;76,413;28,159;38,337;62,553;53,594;Alto;1763;1
3718101001;2021;74,461;28,950;48,719;55,663;54,272;Alto;1764;1
3718101001;2022;74,459;28,950;42,863;55,637;52,507;Alto;1764;1
3718101001;2023;74,460;28,651;41,139;58,996;52,953;Alto;1764;1
3718201001;2021;46,796;18,292;38,337;54,154;42,190;Medio-bajo;1765;0
3718201001;2022;46,823;18,641;38,337;47,937;40,384;Medio-bajo;1765;0
3718201001;2023;46,814;18,641;38,337;47,631;40,290;Medio-bajo;1765;0
3718301001;2021;67,439;21,601;49,340;51,249;50,277;Alto;1766;1
3718301001;2022;67,440;21,998;45,621;50,424;48,973;Alto;1766;1
3718301001;2023;67,440;21,998;42,503;50,064;47,930;Alto;1766;1
3718401001;2021;81,844;39,397;49,788;69,021;62,013;Alto;1767;1
3718401001;2022;81,847;39,397;48,972;67,050;61,178;Alto;1767;1
3718401001;2023;81,848;38,942;43,981;67,722;59,814;Alto;1767;1
3718501001;2021;35,353;39,301;33,727;40,846;37,106;Bajo;1768;0
3718501001;2022;35,348;39,301;31,811;41,199;36,635;Bajo;1768;0
3718501001;2023;35,344;39,022;29,722;42,805;36,447;Bajo;1768;0
3718601001;2021;58,629;37,594;28,876;53,639;45,051;Medio-alto;1769;1
3718601001;2022;58,516;37,594;25,118;46,374;41,716;Medio-bajo;1769;0
3718601001;2023;58,524;36,410;24,055;51,354;42,715;Medio-bajo;1769;1
3718701001;2021;52,028;35,656;46,776;35,171;42,939;Medio-bajo;1770;1
3718701001;2022;52,026;35,152;43,770;36,899;42,480;Medio-bajo;1770;1
3718701001;2023;52,029;34,649;43,207;38,627;42,755;Medio-bajo;1770;1
3718801001;2021;61,468;34,784;36,686;52,965;47,480;Medio-alto;1771;1
3718801001;2022;61,470;34,352;36,317;53,784;47,551;Medio-alto;1771;1
3718801001;2023;61,474;34,352;36,839;53,873;47,735;Medio-alto;1771;1
3718901001;2021;62,697;34,698;37,515;56,841;49,186;Alto;1772;1
3718901001;2022;62,711;34,698;34,079;57,491;48,354;Alto;1772;1
3718901001;2023;62,709;34,698;31,969;54,754;46,899;Medio-alto;1772;1
3719001001;2021;86,946;33,949;49,422;75,739;64,377;Alto;1773;1
3719001001;2022;86,952;33,949;47,906;73,940;63,384;Alto;1773;1
3719001001;2023;86,953;33,949;44,886;80,328;64,395;Alto;1773;1
3719101001;2021;78,229;32,276;38,337;58,570;53,471;Alto;1774;1
3719101001;2022;78,239;32,276;38,337;58,645;53,496;Alto;1774;1
3719101001;2023;78,244;32,648;38,337;58,062;53,378;Alto;1774;1
3719201001;2021;36,147;44,710;39,939;39,104;39,456;Medio-bajo;1775;0
3719201001;2022;36,145;44,710;36,733;38,095;38,191;Bajo;1775;0
3719201001;2023;36,146;44,710;35,559;38,605;37,992;Bajo;1775;0
3719301001;2021;55,473;34,445;50,209;53,579;50,172;Alto;1776;1
3719301001;2022;55,464;34,445;47,507;54,235;49,555;Alto;1776;1
3719301001;2023;55,467;34,050;45,814;55,636;49,409;Alto;1776;1
3719401001;2021;61,544;28,873;45,492;51,684;48,870;Alto;1777;1
3719401001;2022;61,556;28,478;41,239;54,292;48,320;Alto;1777;1
3719401001;2023;61,554;28,873;39,256;50,892;46,764;Medio-alto;1777;1
3719501001;2021;56,335;33,711;38,337;64,977;50,135;Alto;1778;1
3719501001;2022;56,335;34,201;38,337;61,615;49,199;Alto;1778;1
3719501001;2023;56,273;34,201;38,337;62,632;49,489;Alto;1778;1
3719601001;2021;62,514;30,627;38,337;77,441;54,956;Alto;1779;1
3719601001;2022;62,531;30,627;38,337;76,399;54,648;Alto;1779;1
3719601001;2023;62,522;30,627;38,337;76,088;54,552;Alto;1779;1
3719701001;2021;54,035;40,045;38,337;45,698;44,726;Medio-alto;1780;1
3719701001;2022;54,047;39,621;38,337;47,613;45,240;Medio-alto;1780;1
3719701001;2023;54,078;38,774;38,337;52,303;46,528;Medio-alto;1780;1
3719801001;2021;75,174;34,431;37,776;40,769;47,522;Medio-alto;1781;1
3719801001;2022;75,172;33,721;35,132;42,860;47,249;Medio-alto;1781;1
3719801001;2023;75,171;34,076;34,378;39,992;46,215;Medio-alto;1781;1
3719901001;2021;69,701;36,310;44,705;51,209;51,646;Alto;1782;1
3719901001;2022;69,701;36,310;42,457;51,238;50,980;Alto;1782;1
3719901001;2023;69,703;37,046;38,979;47,933;49,056;Alto;1782;1
3720001001;2021;58,600;26,894;42,230;46,812;45,397;Medio-alto;1783;1
3720001001;2022;58,597;27,236;36,720;45,996;43,549;Medio-bajo;1783;1
3720001001;2023;58,597;26,552;37,589;48,275;44,391;Medio-alto;1783;1
3720101001;2021;57,301;34,913;46,953;53,481;49,692;Alto;1784;1
3720101001;2022;57,301;34,464;44,165;54,754;49,171;Alto;1784;1
3720101001;2023;57,301;34,015;40,412;57,156;48,698;Alto;1784;1
3720201001;2021;32,800;55,377;27,888;28,254;33,349;Bajo;1785;0
3720201001;2022;32,798;55,010;26,089;29,649;33,173;Bajo;1785;0
3720201001;2023;32,800;55,010;23,807;29,999;32,593;Bajo;1785;0
3720301001;2021;57,136;28,579;36,426;54,241;45,771;Medio-alto;1786;1
3720301001;2022;57,164;28,579;32,549;54,040;44,555;Medio-alto;1786;1
3720301001;2023;57,146;28,579;30,941;52,050;43,471;Medio-bajo;1786;1
3720401001;2021;70,677;32,255;49,032;55,813;53,961;Alto;1787;1
3720401001;2022;70,681;32,255;44,965;55,798;52,737;Alto;1787;1
3720401001;2023;70,677;31,931;43,127;56,844;52,450;Alto;1787;1
3720501001;2021;53,025;29,969;36,555;51,603;44,199;Medio-alto;1788;1
3720501001;2022;53,026;30,410;32,611;50,758;42,829;Medio-bajo;1788;1
3720501001;2023;53,024;30,410;30,099;52,217;42,512;Medio-bajo;1788;1
3720601001;2021;50,609;14,802;38,337;51,354;41,780;Medio-bajo;1789;0
3720601001;2022;50,665;14,802;38,337;50,788;41,624;Medio-bajo;1789;0
3720601001;2023;50,683;15,110;38,337;48,299;40,928;Medio-bajo;1789;0
3720701001;2021;34,329;38,626;35,497;35,802;35,766;Bajo;1790;0
3720701001;2022;34,311;38,626;32,512;35,953;34,911;Bajo;1790;0
3720701001;2023;34,299;39,086;31,386;35,320;34,449;Bajo;1790;0
3720801001;2021;65,009;31,561;38,337;64,519;51,843;Alto;1791;1
3720801001;2022;65,006;32,222;38,337;58,518;50,141;Alto;1791;1
3720801001;2023;65,013;31,892;38,337;62,074;51,161;Alto;1791;1
3720901001;2021;42,684;37,869;40,877;38,835;40,265;Medio-bajo;1792;0
3720901001;2022;42,682;37,869;37,821;39,448;39,532;Medio-bajo;1792;0
3720901001;2023;42,680;37,869;39,441;39,607;40,065;Medio-bajo;1792;0
3721101001;2021;62,633;21,547;33,253;56,039;45,678;Medio-alto;1793;1
3721101001;2022;62,630;21,547;32,693;55,636;45,389;Medio-alto;1793;1
3721101001;2023;62,636;21,206;32,145;57,126;45,621;Medio-alto;1793;1
3721201001;2021;48,362;34,354;40,643;45,485;43,082;Medio-bajo;1794;1
3721201001;2022;48,349;34,829;36,855;44,599;41,748;Medio-bajo;1794;0
3721201001;2023;48,345;34,354;33,848;46,525;41,351;Medio-bajo;1794;0
3721301001;2021;54,722;34,496;38,337;49,908;45,329;Medio-alto;1795;1
3721301001;2022;54,742;34,109;38,337;54,515;46,658;Medio-alto;1795;1
3721301001;2023;54,771;34,109;38,337;52,340;46,012;Medio-alto;1795;1
3721401001;2021;63,932;39,147;44,836;57,373;52,518;Alto;1796;1
3721401001;2022;63,916;38,751;45,017;59,422;53,123;Alto;1796;1
3721401001;2023;63,925;38,751;42,635;58,659;52,182;Alto;1796;1
3721501001;2021;55,548;31,680;51,578;47,496;48,361;Alto;1797;1
3721501001;2022;55,544;30,873;47,888;51,298;48,273;Alto;1797;1
3721501001;2023;55,543;31,276;47,520;48,692;47,441;Medio-alto;1797;1
3721601001;2021;49,193;35,642;43,269;44,126;43,863;Medio-alto;1798;1
3721601001;2022;49,193;35,233;41,638;44,701;43,485;Medio-bajo;1798;1
3721601001;2023;49,199;35,233;41,429;44,948;43,498;Medio-bajo;1798;1
3721701001;2021;49,040;19,608;38,337;75,642;49,395;Alto;1799;1
3721701001;2022;49,048;20,032;38,337;75,063;49,287;Alto;1799;1
3721701001;2023;49,024;20,032;38,337;66,821;46,808;Medio-alto;1799;1
3721801001;2021;62,143;39,476;38,337;76,564;55,928;Alto;1800;1
3721801001;2022;62,212;39,476;38,337;76,507;55,928;Alto;1800;1
3721801001;2023;62,197;39,835;38,337;75,555;55,692;Alto;1800;1
3721901001;2021;59,334;32,271;44,889;59,277;50,924;Alto;1801;1
3721901001;2022;59,334;32,271;41,889;61,044;50,554;Alto;1801;1
3721901001;2023;59,346;32,271;40,229;62,565;50,516;Alto;1801;1
3722101001;2021;99,998;37,720;53,648;54,845;63,205;Alto;1802;1
3722101001;2022;99,999;37,720;53,503;55,418;63,334;Alto;1802;1
3722101001;2023;100,000;37,720;52,534;55,985;63,213;Alto;1802;1
3722201001;2021;49,817;21,587;38,337;55,068;43,714;Medio-alto;1803;1
3722201001;2022;49,829;21,587;38,337;54,991;43,694;Medio-bajo;1803;1
3722201001;2023;49,829;21,587;38,337;54,250;43,472;Medio-bajo;1803;1
3722301001;2021;75,364;28,547;38,337;57,030;51,733;Alto;1804;1
3722301001;2022;75,368;28,158;38,337;56,420;51,493;Alto;1804;1
3722301001;2023;75,366;28,936;38,337;56,401;51,603;Alto;1804;1
3722401001;2021;52,523;31,585;35,931;50,903;43,919;Medio-alto;1805;1
3722401001;2022;52,533;31,864;34,804;49,883;43,319;Medio-bajo;1805;1
3722401001;2023;52,539;31,305;33,037;52,781;43,576;Medio-bajo;1805;1
3722501001;2021;49,795;32,163;30,739;42,690;39,302;Medio-bajo;1806;0
3722501001;2022;49,790;32,163;31,175;41,886;39,190;Medio-bajo;1806;0
3722501001;2023;49,768;32,163;30,280;41,634;38,841;Medio-bajo;1806;0
3722601001;2021;57,550;18,926;43,476;52,146;45,913;Medio-alto;1807;1
3722601001;2022;57,573;18,648;43,248;53,858;46,322;Medio-alto;1807;1
3722601001;2023;57,588;18,648;40,703;54,939;45,887;Medio-alto;1807;1
3722801001;2021;61,522;33,747;49,734;50,120;50,399;Alto;1808;1
3722801001;2022;61,525;33,424;47,019;51,961;50,089;Alto;1808;1
3722801001;2023;61,529;33,424;47,148;52,711;50,354;Alto;1808;1
3722901001;2021;48,161;18,948;39,612;50,925;42,043;Medio-bajo;1809;0
3722901001;2022;48,177;18,948;38,946;51,229;41,939;Medio-bajo;1809;0
3722901001;2023;48,181;18,697;36,505;52,365;41,511;Medio-bajo;1809;0
3723001001;2021;39,293;39,553;40,569;39,112;39,660;Medio-bajo;1810;0
3723001001;2022;39,281;39,553;40,452;39,108;39,621;Medio-bajo;1810;0
3723001001;2023;39,286;39,553;37,073;39,194;38,634;Medio-bajo;1810;0
3723101001;2021;55,489;35,717;45,656;52,329;48,626;Alto;1811;1
3723101001;2022;55,487;35,278;43,161;53,911;48,285;Alto;1811;1
3723101001;2023;55,495;35,278;43,729;53,587;48,360;Alto;1811;1
3723201001;2021;62,633;34,340;41,868;46,608;47,352;Medio-alto;1812;1
3723201001;2022;62,631;34,340;41,010;46,337;47,013;Medio-alto;1812;1
3723201001;2023;62,632;34,340;37,838;47,104;46,291;Medio-alto;1812;1
3723301001;2021;70,193;27,221;38,337;57,819;50,478;Alto;1813;1
3723301001;2022;70,171;27,221;38,337;56,682;50,132;Alto;1813;1
3723301001;2023;70,166;26,904;38,337;58,178;50,532;Alto;1813;1
3723401001;2021;93,846;30,643;49,592;56,200;59,796;Alto;1814;1
3723401001;2022;93,847;30,643;46,925;55,406;58,757;Alto;1814;1
3723401001;2023;93,844;30,643;43,081;56,592;57,959;Alto;1814;1
3723501001;2021;66,369;29,598;51,008;45,514;49,989;Alto;1815;1
3723501001;2022;66,370;29,598;47,940;44,382;48,729;Alto;1815;1
3723501001;2023;66,369;29,598;45,596;44,649;48,105;Alto;1815;1
3723601001;2021;54,137;23,071;45,007;59,999;48,497;Alto;1816;1
3723601001;2022;54,146;23,071;45,166;59,947;48,531;Alto;1816;1
3723601001;2023;54,140;23,397;44,524;58,361;47,910;Alto;1816;1
3723701001;2021;59,575;38,589;47,627;46,038;48,782;Alto;1817;1
3723701001;2022;59,574;38,242;43,949;47,714;48,129;Alto;1817;1
3723701001;2023;59,577;38,242;43,411;49,280;48,438;Alto;1817;1
3723801001;2021;38,145;21,460;35,043;38,859;34,926;Bajo;1818;0
3723801001;2022;38,109;21,174;30,068;40,691;33,931;Bajo;1818;0
3723801001;2023;38,092;21,174;26,851;41,164;33,104;Bajo;1818;0
3723901001;2021;56,635;25,340;37,683;51,280;44,649;Medio-alto;1819;1
3723901001;2022;56,643;25,716;37,564;49,965;44,277;Medio-alto;1819;1
3723901001;2023;56,646;25,340;31,836;51,137;42,854;Medio-bajo;1819;1
3724001001;2021;29,779;44,763;38,734;36,106;36,611;Bajo;1820;0
3724001001;2022;29,774;44,763;34,384;36,367;35,383;Bajo;1820;0
3724001001;2023;29,771;44,763;32,457;37,192;35,052;Bajo;1820;0
3724101001;2021;69,007;36,148;52,579;49,654;53,344;Alto;1821;1
3724101001;2022;69,012;36,148;47,961;48,682;51,668;Alto;1821;1
3724101001;2023;69,015;35,711;46,882;49,723;51,592;Alto;1821;1
3724201001;2021;63,711;26,726;38,337;64,465;50,777;Alto;1822;1
3724201001;2022;63,719;27,054;38,337;63,355;50,496;Alto;1822;1
3724201001;2023;63,725;26,726;38,337;65,560;51,109;Alto;1822;1
3724301001;2021;80,547;28,965;38,337;59,905;53,954;Alto;1823;1
3724301001;2022;80,567;28,619;38,337;57,855;53,292;Alto;1823;1
3724301001;2023;80,595;28,274;38,337;61,215;54,255;Alto;1823;1
3724401001;2021;55,240;27,293;44,619;49,119;46,025;Medio-alto;1824;1
3724401001;2022;55,236;27,699;40,032;47,972;44,365;Medio-alto;1824;1
3724401001;2023;55,224;27,699;40,596;46,590;44,117;Medio-alto;1824;1
3724501001;2021;87,987;38,152;61,047;60,805;64,275;Alto;1825;1
3724501001;2022;87,990;38,486;57,309;59,473;62,805;Alto;1825;1
3724501001;2023;87,991;38,152;57,681;61,377;63,438;Alto;1825;1
3724601001;2021;54,017;58,269;47,904;41,336;49,017;Alto;1826;1
3724601001;2022;54,018;58,269;44,933;41,644;48,218;Alto;1826;1
3724601001;2023;54,017;57,667;43,692;42,683;48,067;Alto;1826;1
3724601002;2021;55,601;57,880;45,025;37,091;47,217;Medio-alto;1827;1
3724601002;2022;55,601;57,880;42,452;36,965;46,407;Medio-alto;1827;1
3724601002;2023;55,602;57,336;41,099;38,231;46,300;Medio-alto;1827;1
3724602001;2021;53,128;60,342;45,880;39,711;48,011;Alto;1828;1
3724602001;2022;53,128;60,342;44,799;39,808;47,715;Medio-alto;1828;1
3724602001;2023;53,128;60,342;42,684;39,860;47,097;Medio-alto;1828;1
3724602002;2021;55,912;48,576;46,900;39,578;47,208;Medio-alto;1829;1
3724602002;2022;55,912;48,576;43,903;39,534;46,295;Medio-alto;1829;1
3724602002;2023;55,912;48,576;43,003;39,803;46,106;Medio-alto;1829;1
3724701001;2021;53,264;30,481;37,967;45,963;43,067;Medio-bajo;1830;1
3724701001;2022;53,257;30,481;34,177;46,680;42,144;Medio-bajo;1830;0
3724701001;2023;53,245;30,139;37,202;48,761;43,621;Medio-bajo;1830;1
3724801001;2021;64,870;32,462;45,353;49,483;49,537;Alto;1831;1
3724801001;2022;64,861;32,078;41,858;51,086;48,910;Alto;1831;1
3724801001;2023;64,863;32,078;38,946;51,329;48,110;Alto;1831;1
3724901001;2021;68,199;32,650;38,337;58,003;50,849;Alto;1832;1
3724901001;2022;68,213;32,205;38,337;60,694;51,593;Alto;1832;1
3724901001;2023;68,227;32,205;38,337;64,266;52,669;Alto;1832;1
3725001001;2021;82,520;37,114;52,780;59,988;60,028;Alto;1833;1
3725001001;2022;82,522;37,114;49,764;60,498;59,276;Alto;1833;1
3725001001;2023;82,523;37,114;49,297;59,703;58,898;Alto;1833;1
3725101001;2021;52,064;39,067;39,946;39,273;42,642;Medio-bajo;1834;1
3725101001;2022;52,072;39,067;37,171;39,044;41,742;Medio-bajo;1834;0
3725101001;2023;52,071;38,684;35,154;40,710;41,579;Medio-bajo;1834;0
3725201001;2021;57,795;37,447;57,739;67,412;57,611;Alto;1835;1
3725201001;2022;57,790;37,447;54,978;67,678;56,861;Alto;1835;1
3725201001;2023;57,779;37,447;38,337;68,743;52,186;Alto;1835;1
3725301001;2021;43,880;26,218;34,062;39,132;36,861;Bajo;1836;0
3725301001;2022;43,897;26,218;31,578;39,415;36,205;Bajo;1836;0
3725301001;2023;43,897;26,218;28,393;38,347;34,929;Bajo;1836;0
3725401001;2021;52,947;32,286;39,082;46,023;43,611;Medio-bajo;1837;1
3725401001;2022;52,945;32,286;40,713;47,148;44,437;Medio-alto;1837;1
3725401001;2023;52,943;31,915;42,021;48,315;45,124;Medio-alto;1837;1
3725501001;2021;54,433;20,694;38,337;49,935;43,194;Medio-bajo;1838;1
3725501001;2022;54,487;21,814;38,337;45,461;42,033;Medio-bajo;1838;0
3725501001;2023;54,390;22,187;38,337;43,632;41,516;Medio-bajo;1838;0
3725601001;2021;62,386;23,052;51,866;53,800;50,754;Alto;1839;1
3725601001;2022;62,383;23,052;48,822;55,233;50,270;Alto;1839;1
3725601001;2023;62,391;23,052;46,769;55,879;49,850;Alto;1839;1
3725701001;2021;67,087;8,734;38,337;47,331;43,782;Medio-alto;1840;1
3725701001;2022;67,062;8,734;38,337;46,165;43,427;Medio-bajo;1840;1
3725701001;2023;67,080;8,734;38,337;47,022;43,688;Medio-bajo;1840;1
3725801001;2021;80,555;32,047;55,833;58,510;59,249;Alto;1841;1
3725801001;2022;80,545;31,675;51,571;58,571;57,930;Alto;1841;1
3725801001;2023;80,551;32,047;52,228;57,276;57,796;Alto;1841;1
3725901001;2021;54,334;16,043;38,337;63,294;46,479;Medio-alto;1842;1
3725901001;2022;54,313;15,666;38,337;62,239;46,101;Medio-alto;1842;1
3725901001;2023;54,460;15,666;38,337;55,360;44,074;Medio-alto;1842;1
3726001001;2021;63,485;36,105;49,923;56,115;53,099;Alto;1843;1
3726001001;2022;63,485;35,699;50,638;56,938;53,499;Alto;1843;1
3726001001;2023;63,492;35,699;47,789;58,055;52,981;Alto;1843;1
3726101001;2021;63,372;32,747;49,392;56,594;52,551;Alto;1844;1
3726101001;2022;63,373;32,747;46,419;56,418;51,606;Alto;1844;1
3726101001;2023;63,370;32,391;43,803;57,677;51,145;Alto;1844;1
3726201001;2021;74,528;13,942;38,337;48,565;46,794;Medio-alto;1845;1
3726201001;2022;74,540;13,942;38,337;49,967;47,218;Medio-alto;1845;1
3726201001;2023;74,542;14,222;38,337;48,482;46,814;Medio-alto;1845;1
3726301001;2021;51,295;35,860;51,922;55,256;50,356;Alto;1846;1
3726301001;2022;51,298;35,860;47,224;56,241;49,243;Alto;1846;1
3726301001;2023;51,297;35,860;48,053;56,184;49,474;Alto;1846;1
3726401001;2021;86,770;29,430;38,337;65,831;57,358;Alto;1847;1
3726401001;2022;86,749;30,168;38,337;57,024;54,821;Alto;1847;1
3726401001;2023;86,722;29,061;38,337;64,367;56,851;Alto;1847;1
3726501001;2021;64,992;21,619;40,885;46,582;45,731;Medio-alto;1848;1
3726501001;2022;64,992;21,619;41,521;46,500;45,897;Medio-alto;1848;1
3726501001;2023;64,996;21,619;37,834;46,504;44,793;Medio-alto;1848;1
3726601001;2021;81,705;14,424;38,337;59,113;51,825;Alto;1849;1
3726601001;2022;81,705;14,424;38,337;54,661;50,489;Alto;1849;1
3726601001;2023;81,705;14,424;38,337;54,368;50,401;Alto;1849;1
3726701001;2021;74,119;35,284;55,277;49,918;55,381;Alto;1850;1
3726701001;2022;74,120;35,284;47,405;50,286;53,130;Alto;1850;1
3726701001;2023;74,123;34,858;45,249;51,717;52,849;Alto;1850;1
3726801001;2021;60,478;27,386;47,051;65,464;52,982;Alto;1851;1
3726801001;2022;60,478;27,386;43,153;67,233;52,343;Alto;1851;1
3726801001;2023;60,464;26,999;42,683;70,492;53,118;Alto;1851;1
3726901001;2021;75,906;32,252;44,907;46,894;51,355;Alto;1852;1
3726901001;2022;75,908;32,252;42,950;47,072;50,822;Alto;1852;1
3726901001;2023;75,907;32,252;39,848;47,002;49,870;Alto;1852;1
3727001001;2021;57,349;34,515;35,401;40,519;42,290;Medio-bajo;1853;1
3727001001;2022;57,349;33,618;32,041;43,234;41,962;Medio-bajo;1853;0
3727001001;2023;57,355;34,066;30,158;41,744;41,020;Medio-bajo;1853;0
3727101001;2021;55,189;33,796;44,072;49,447;46,922;Medio-alto;1854;1
3727101001;2022;55,191;33,355;43,290;50,155;46,835;Medio-alto;1854;1
3727101001;2023;55,193;32,914;41,688;51,409;46,664;Medio-alto;1854;1
3727201001;2021;68,347;25,894;39,341;39,644;44,666;Medio-alto;1855;1
3727201001;2022;68,338;26,241;35,996;40,666;44,019;Medio-alto;1855;1
3727201001;2023;68,336;25,894;35,506;41,142;43,962;Medio-alto;1855;1
3727301001;2021;61,884;20,414;38,337;56,367;46,944;Medio-alto;1856;1
3727301001;2022;61,892;20,150;38,337;58,256;47,473;Medio-alto;1856;1
3727301001;2023;61,908;19,887;38,337;61,167;48,311;Alto;1856;1
3727401001;2021;12,679;47,768;13,760;46,091;28,290;Bajo;1857;0
3727401001;2022;12,684;47,768;10,126;45,974;27,166;Bajo;1857;0
3727401001;2023;12,687;47,768;9,313;45,491;26,778;Bajo;1857;0
3727401002;2021;13,948;55,166;20,414;46,093;31,714;Bajo;1858;0
3727401002;2022;13,952;55,166;17,792;46,678;31,104;Bajo;1858;0
3727401002;2023;13,955;54,614;15,564;47,592;30,628;Bajo;1858;0
3727401003;2021;13,995;61,734;16,535;45,452;31,355;Bajo;1859;0
3727401003;2022;13,990;61,734;14,885;45,640;30,915;Bajo;1859;0
3727401003;2023;13,988;61,734;11,714;45,462;29,910;Bajo;1859;0
3727401004;2021;12,502;57,420;12,933;52,090;31,245;Bajo;1860;0
3727401004;2022;12,501;57,420;13,083;51,907;31,235;Bajo;1860;0
3727401004;2023;12,503;57,975;10,851;49,747;30,001;Bajo;1860;0
3727401005;2021;11,554;65,769;19,123;50,396;33,610;Bajo;1861;0
3727401005;2022;11,556;65,769;18,009;50,780;33,391;Bajo;1861;0
3727401005;2023;11,561;65,769;14,188;50,639;32,204;Bajo;1861;0
3727401006;2021;12,622;62,288;27,840;44,265;34,130;Bajo;1862;0
3727401006;2022;12,624;61,571;25,814;45,385;33,751;Bajo;1862;0
3727401006;2023;12,618;61,571;23,910;44,726;32,981;Bajo;1862;0
3727401007;2021;12,584;60,456;25,284;48,191;34,257;Bajo;1863;0
3727401007;2022;12,580;59,736;23,932;49,392;34,102;Bajo;1863;0
3727401007;2023;12,573;59,736;20,343;47,883;32,572;Bajo;1863;0
3727401008;2021;12,608;64,512;29,018;46,683;35,539;Bajo;1864;0
3727401008;2022;12,614;63,899;25,555;47,005;34,506;Bajo;1864;0
3727401008;2023;12,612;63,899;24,010;47,992;34,338;Bajo;1864;0
3727401009;2021;12,178;60,144;23,233;45,254;32,612;Bajo;1865;0
3727401009;2022;12,180;60,144;21,532;46,078;32,350;Bajo;1865;0
3727401009;2023;12,188;60,808;19,226;44,611;31,319;Bajo;1865;0
3727401010;2021;12,022;55,455;14,944;44,102;29,038;Bajo;1866;0
3727401010;2022;12,027;56,000;11,578;42,517;27,635;Bajo;1866;0
3727401010;2023;12,023;55,455;9,510;42,789;27,014;Bajo;1866;0
3727401011;2021;11,650;58,155;20,619;47,094;31,950;Bajo;1867;0
3727401011;2022;11,651;58,155;18,098;46,941;31,147;Bajo;1867;0
3727401011;2023;11,641;57,574;14,196;48,633;30,395;Bajo;1867;0
3727401012;2021;11,948;65,145;22,406;44,936;32,961;Bajo;1868;0
3727401012;2022;11,952;64,553;20,707;46,420;32,809;Bajo;1868;0
3727401012;2023;11,960;64,553;17,471;46,016;31,719;Bajo;1868;0
3727402001;2021;13,265;59,603;19,702;45,136;31,708;Bajo;1869;0
3727402001;2022;13,266;59,603;16,590;45,435;30,864;Bajo;1869;0
3727402001;2023;13,267;59,603;15,131;45,497;30,445;Bajo;1869;0
3727402002;2021;12,157;64,832;26,683;45,675;34,472;Bajo;1870;0
3727402002;2022;12,157;64,832;24,155;45,806;33,752;Bajo;1870;0
3727402002;2023;12,156;64,189;21,136;47,145;33,152;Bajo;1870;0
3727402003;2021;12,389;63,365;29,963;45,491;35,238;Bajo;1871;0
3727402003;2022;12,387;63,365;27,039;45,484;34,358;Bajo;1871;0
3727402003;2023;12,380;62,717;25,305;45,988;33,890;Bajo;1871;0
3727402004;2021;14,053;65,115;31,730;44,328;36,098;Bajo;1872;0
3727402004;2022;14,054;64,440;28,860;45,633;35,528;Bajo;1872;0
3727402004;2023;14,055;64,440;27,395;45,539;35,060;Bajo;1872;0
3727402005;2021;13,984;70,708;37,436;38,732;36,953;Bajo;1873;0
3727402005;2022;13,984;70,708;34,503;39,190;36,210;Bajo;1873;0
3727402005;2023;13,984;70,708;33,400;39,621;36,008;Bajo;1873;0
3727402006;2021;14,349;73,459;32,314;37,494;35,549;Bajo;1874;0
3727402006;2022;14,353;73,459;29,636;38,030;34,907;Bajo;1874;0
3727402006;2023;14,353;72,754;27,531;39,497;34,610;Bajo;1874;0
3727402007;2021;13,351;73,046;47,142;45,965;42,227;Medio-bajo;1875;0
3727402007;2022;13,357;73,046;43,276;45,517;40,934;Medio-bajo;1875;0
3727402007;2023;13,357;73,046;41,835;44,369;40,157;Medio-bajo;1875;0
3727402008;2021;13,246;67,387;42,649;42,242;38,887;Medio-bajo;1876;0
3727402008;2022;13,249;67,387;39,446;42,191;37,912;Bajo;1876;0
3727402008;2023;13,242;67,387;38,208;41,063;37,200;Bajo;1876;0
3727402009;2021;13,265;67,693;43,484;40,216;38,580;Medio-bajo;1877;0
3727402009;2022;13,264;66,955;40,597;41,793;38,076;Bajo;1877;0
3727402009;2023;13,271;66,955;39,224;42,313;37,822;Bajo;1877;0
3727402010;2021;13,305;65,726;39,178;44,036;38,149;Bajo;1878;0
3727402010;2022;13,309;65,726;35,443;43,917;36,994;Bajo;1878;0
3727402010;2023;13,307;65,726;34,647;43,017;36,485;Bajo;1878;0
3727402011;2021;13,462;71,601;41,279;45,914;40,264;Medio-bajo;1879;0
3727402011;2022;13,465;71,601;39,120;45,830;39,591;Medio-bajo;1879;0
3727402011;2023;13,466;70,791;38,078;46,909;39,482;Medio-bajo;1879;0
3727402012;2021;13,124;70,631;34,063;41,173;36,446;Bajo;1880;0
3727402012;2022;13,129;70,631;30,586;41,910;35,626;Bajo;1880;0
3727402012;2023;13,134;70,631;29,964;41,918;35,443;Bajo;1880;0
3727402013;2021;13,188;69,988;41,408;41,551;38,683;Medio-bajo;1881;0
3727402013;2022;13,178;70,700;38,332;39,087;37,125;Bajo;1881;0
3727402013;2023;13,168;70,700;37,313;38,322;36,588;Bajo;1881;0
3727402014;2021;13,443;59,599;27,407;45,013;34,026;Bajo;1882;0
3727402014;2022;13,447;59,599;25,684;44,939;33,489;Bajo;1882;0
3727402014;2023;13,452;59,599;24,252;45,186;33,134;Bajo;1882;0
3727402015;2021;13,391;66,696;41,025;42,990;38,556;Medio-bajo;1883;0
3727402015;2022;13,405;66,696;37,368;43,460;37,604;Bajo;1883;0
3727402015;2023;13,403;65,929;36,382;45,388;37,771;Bajo;1883;0
3727402016;2021;14,625;65,976;33,680;38,843;35,309;Bajo;1884;0
3727402016;2022;14,623;65,320;30,259;39,979;34,525;Bajo;1884;0
3727402016;2023;14,627;64,665;27,040;42,052;34,084;Bajo;1884;0
3727402017;2021;13,348;68,154;36,304;43,566;37,521;Bajo;1885;0
3727402017;2022;13,357;68,154;34,988;44,438;37,390;Bajo;1885;0
3727402017;2023;13,350;68,154;31,918;44,350;36,441;Bajo;1885;0
3727402018;2021;16,558;77,754;38,443;37,769;38,666;Medio-bajo;1886;0
3727402018;2022;16,558;77,754;35,620;38,262;37,967;Bajo;1886;0
3727402018;2023;16,558;77,013;34,480;39,835;37,986;Bajo;1886;0
3727402019;2021;16,234;58,319;45,760;40,983;38,829;Medio-bajo;1887;0
3727402019;2022;16,242;57,625;42,242;42,326;38,074;Bajo;1887;0
3727402019;2023;16,241;57,625;41,529;43,205;38,124;Bajo;1887;0
3727402020;2021;15,424;79,786;36,241;33,785;36,832;Bajo;1888;0
3727402020;2022;15,425;79,002;33,185;35,340;36,264;Bajo;1888;0
3727402020;2023;15,427;79,002;30,375;35,822;35,566;Bajo;1888;0
3727403001;2021;15,086;62,537;36,953;48,921;38,914;Medio-bajo;1889;0
3727403001;2022;15,098;62,537;33,014;48,253;37,535;Bajo;1889;0
3727403001;2023;15,092;62,537;31,475;46,800;36,636;Bajo;1889;0
3727403002;2021;13,178;65,564;26,751;46,645;35,148;Bajo;1890;0
3727403002;2022;13,178;65,564;24,659;46,646;34,521;Bajo;1890;0
3727403002;2023;13,174;65,564;23,034;47,144;34,182;Bajo;1890;0
3727403003;2021;13,967;74,764;55,494;47,549;45,620;Medio-alto;1891;1
3727403003;2022;13,974;74,764;52,000;47,992;44,706;Medio-alto;1891;1
3727403003;2023;13,971;74,764;51,003;48,140;44,450;Medio-alto;1891;1
3727403004;2021;12,167;65,987;30,493;46,083;35,913;Bajo;1892;0
3727403004;2022;12,165;65,246;28,765;47,333;35,658;Bajo;1892;0
3727403004;2023;12,165;65,246;25,649;47,887;34,889;Bajo;1892;0
3727403005;2021;14,832;73,742;79,751;34,016;48,899;Alto;1893;1
3727403005;2022;14,826;73,742;79,612;33,459;48,689;Alto;1893;1
3727403005;2023;14,823;73,742;79,554;32,766;48,463;Alto;1893;1
3727403006;2021;15,590;54,914;53,227;45,477;41,746;Medio-bajo;1894;0
3727403006;2022;15,588;54,914;49,594;45,179;40,566;Medio-bajo;1894;0
3727403006;2023;15,582;54,914;49,920;45,429;40,737;Medio-bajo;1894;0
3727403007;2021;15,715;73,249;43,006;33,304;37,809;Bajo;1895;0
3727403007;2022;15,716;72,557;39,942;34,527;37,153;Bajo;1895;0
3727403007;2023;15,716;72,557;38,569;34,598;36,763;Bajo;1895;0
3727403008;2021;14,597;71,963;61,235;48,220;47,280;Medio-alto;1896;1
3727403008;2022;14,598;71,963;58,779;47,800;46,417;Medio-alto;1896;1
3727403008;2023;14,597;72,811;60,834;46,651;46,816;Medio-alto;1896;1
3727403009;2021;13,810;65,280;39,603;37,149;36,270;Bajo;1897;0
3727403009;2022;13,809;65,280;35,513;37,336;35,099;Bajo;1897;0
3727403009;2023;13,808;65,280;34,606;37,627;34,914;Bajo;1897;0
3727403010;2021;14,874;72,569;40,471;37,347;37,949;Bajo;1898;0
3727403010;2022;14,873;71,851;37,825;38,557;37,411;Bajo;1898;0
3727403010;2023;14,869;71,133;36,995;40,114;37,520;Bajo;1898;0
3727403011;2021;15,750;54,082;44,745;36,102;36,304;Bajo;1899;0
3727403011;2022;15,754;54,082;42,468;36,872;35,853;Bajo;1899;0
3727403011;2023;15,756;53,518;42,222;38,634;36,224;Bajo;1899;0
3727403012;2021;14,247;75,374;51,506;38,838;41,971;Medio-bajo;1900;0
3727403012;2022;14,234;74,525;48,435;41,980;41,862;Medio-bajo;1900;0
3727403012;2023;14,244;75,374;48,624;42,079;42,078;Medio-bajo;1900;0
3727403013;2021;24,112;65,215;66,941;34,440;46,225;Medio-alto;1901;1
3727403013;2022;24,113;64,446;63,036;35,863;45,365;Medio-alto;1901;1
3727403013;2023;24,114;64,446;64,997;36,142;46,037;Medio-alto;1901;1
3727403014;2021;14,409;65,600;44,249;38,483;38,262;Bajo;1902;0
3727403014;2022;14,402;65,600;40,617;38,523;37,182;Bajo;1902;0
3727403014;2023;14,405;65,600;39,633;38,245;36,805;Bajo;1902;0
3727403015;2021;14,473;75,403;48,698;36,278;40,421;Medio-bajo;1903;0
3727403015;2022;14,475;74,663;46,476;37,573;40,033;Medio-bajo;1903;0
3727403015;2023;14,480;74,663;45,118;38,580;39,929;Medio-bajo;1903;0
3727403016;2021;15,607;70,478;41,424;31,667;36,401;Bajo;1904;0
3727403016;2022;15,612;70,478;38,018;32,419;35,606;Bajo;1904;0
3727403016;2023;15,610;69,844;38,264;33,838;36,010;Bajo;1904;0
3727403017;2021;19,408;69,365;29,823;31,288;33,590;Bajo;1905;0
3727403017;2022;19,410;69,365;27,637;31,419;32,974;Bajo;1905;0
3727403017;2023;19,410;68,846;26,581;32,193;32,812;Bajo;1905;0
3727403018;2021;17,081;71,482;41,623;32,688;37,286;Bajo;1906;0
3727403018;2022;17,081;70,765;38,433;33,777;36,548;Bajo;1906;0
3727403018;2023;17,079;70,765;38,138;33,782;36,461;Bajo;1906;0
3727403019;2021;13,258;60,763;38,494;39,092;35,705;Bajo;1907;0
3727403019;2022;13,261;60,763;34,495;39,277;34,561;Bajo;1907;0
3727403019;2023;13,261;60,126;33,571;40,646;34,599;Bajo;1907;0
3727403020;2021;20,520;74,111;40,958;34,089;38,761;Medio-bajo;1908;0
3727403020;2022;20,521;74,111;37,329;34,279;37,729;Bajo;1908;0
3727403020;2023;20,522;73,458;36,591;35,806;37,868;Bajo;1908;0
3727404001;2021;11,714;59,273;26,313;47,158;33,861;Bajo;1909;0
3727404001;2022;11,724;59,273;22,381;47,012;32,640;Bajo;1909;0
3727404001;2023;11,706;59,273;22,336;46,145;32,362;Bajo;1909;0
3727404002;2021;14,295;70,197;43,222;44,780;40,504;Medio-bajo;1910;0
3727404002;2022;14,298;70,197;38,837;45,813;39,499;Medio-bajo;1910;0
3727404002;2023;14,298;70,197;37,307;44,936;38,777;Medio-bajo;1910;0
3727404003;2021;12,703;71,364;35,485;46,932;38,605;Medio-bajo;1911;0
3727404003;2022;12,703;70,602;33,779;49,046;38,614;Medio-bajo;1911;0
3727404003;2023;12,716;70,602;32,414;48,449;38,028;Bajo;1911;0
3727404004;2021;12,878;68,448;36,020;47,545;38,556;Medio-bajo;1912;0
3727404004;2022;12,882;67,675;33,963;48,393;38,078;Bajo;1912;0
3727404004;2023;12,876;67,675;32,707;48,336;37,683;Bajo;1912;0
3727404005;2021;12,910;70,686;43,047;47,242;40,917;Medio-bajo;1913;0
3727404005;2022;12,912;70,686;40,714;46,348;39,950;Medio-bajo;1913;0
3727404005;2023;12,901;70,686;38,973;45,115;39,055;Medio-bajo;1913;0
3727404006;2021;12,822;73,739;47,858;45,836;42,374;Medio-bajo;1914;1
3727404006;2022;12,829;73,739;45,778;44,743;41,424;Medio-bajo;1914;0
3727404006;2023;12,824;73,739;43,024;43,435;40,204;Medio-bajo;1914;0
3727404008;2021;14,574;75,272;63,525;44,333;47,291;Medio-alto;1915;1
3727404008;2022;14,571;74,297;59,839;45,125;46,276;Medio-alto;1915;1
3727404008;2023;14,573;75,272;57,710;42,836;45,098;Medio-alto;1915;1
3727404009;2021;15,135;68,899;46,200;36,163;38,827;Medio-bajo;1916;0
3727404009;2022;15,135;68,144;44,535;37,376;38,579;Medio-bajo;1916;0
3727404009;2023;15,134;68,899;41,606;35,999;37,400;Bajo;1916;0
3727404010;2021;14,889;73,650;51,814;36,637;41,305;Medio-bajo;1917;0
3727404010;2022;14,892;73,650;48,840;36,598;40,402;Medio-bajo;1917;0
3727404010;2023;14,891;73,650;47,442;36,103;39,834;Medio-bajo;1917;0
3727404011;2021;14,302;69,941;49,835;38,220;40,483;Medio-bajo;1918;0
3727404011;2022;14,297;69,941;45,654;38,553;39,327;Medio-bajo;1918;0
3727404011;2023;14,297;69,162;44,434;39,672;39,181;Medio-bajo;1918;0
3727404012;2021;15,522;79,498;33,201;35,175;36,318;Bajo;1919;0
3727404012;2022;15,525;79,498;30,905;35,325;35,675;Bajo;1919;0
3727404012;2023;15,526;78,728;28,783;36,800;35,366;Bajo;1919;0
3727404013;2021;14,552;72,921;50,192;36,821;40,680;Medio-bajo;1920;0
3727404013;2022;14,555;73,758;46,865;35,842;39,515;Medio-bajo;1920;0
3727404013;2023;14,550;72,921;45,261;37,066;39,274;Medio-bajo;1920;0
3727404014;2021;14,354;66,608;62,101;43,244;45,184;Medio-alto;1921;1
3727404014;2022;14,357;67,514;56,347;41,225;42,988;Medio-bajo;1921;1
3727404014;2023;14,352;66,608;56,431;43,023;43,416;Medio-bajo;1921;1
3727404016;2021;13,586;64,562;34,128;45,993;37,117;Bajo;1922;0
3727404016;2022;13,591;64,562;31,869;45,439;36,274;Bajo;1922;0
3727404016;2023;13,586;64,562;29,429;44,495;35,258;Bajo;1922;0
3727404017;2021;13,711;64,895;33,872;40,263;35,402;Bajo;1923;0
3727404017;2022;13,711;64,895;31,745;40,276;34,769;Bajo;1923;0
3727404017;2023;13,704;64,895;28,301;40,359;33,758;Bajo;1923;0
3727404018;2021;14,165;68,707;40,799;50,764;41,316;Medio-bajo;1924;0
3727404018;2022;14,167;68,707;39,565;50,911;40,991;Medio-bajo;1924;0
3727404018;2023;14,175;68,707;38,451;50,650;40,580;Medio-bajo;1924;0
3727404019;2021;14,509;76,051;48,324;38,260;41,010;Medio-bajo;1925;0
3727404019;2022;14,508;76,051;45,085;38,195;40,018;Medio-bajo;1925;0
3727404019;2023;14,507;76,051;43,402;38,040;39,467;Medio-bajo;1925;0
3727404020;2021;13,045;59,763;23,408;47,785;33,584;Bajo;1926;0
3727404020;2022;13,040;59,763;20,310;47,440;32,550;Bajo;1926;0
3727404020;2023;13,045;59,763;18,391;47,225;31,910;Bajo;1926;0
3727404021;2021;15,048;72,100;47,658;37,450;40,109;Medio-bajo;1927;0
3727404021;2022;15,052;71,316;46,283;38,849;40,000;Medio-bajo;1927;0
3727404021;2023;15,053;71,316;45,429;39,408;39,912;Medio-bajo;1927;0
3727404022;2021;16,273;67,555;43,656;40,779;39,532;Medio-bajo;1928;0
3727404022;2022;16,276;66,794;41,177;41,176;38,794;Medio-bajo;1928;0
3727404022;2023;16,271;67,555;39,742;40,287;38,210;Bajo;1928;0
3727404023;2021;16,227;72,442;36,394;39,881;37,806;Bajo;1929;0
3727404023;2022;16,230;72,442;32,768;40,303;36,845;Bajo;1929;0
3727404023;2023;16,232;71,672;31,531;41,691;36,775;Bajo;1929;0
3727404024;2021;18,087;78,985;28,112;35,162;35,352;Bajo;1930;0
3727404024;2022;18,085;78,315;25,284;36,207;34,716;Bajo;1930;0
3727404024;2023;18,081;78,315;24,987;36,462;34,702;Bajo;1930;0
3727404025;2021;15,531;80,750;32,441;35,145;36,271;Bajo;1931;0
3727404025;2022;15,531;80,750;30,095;35,034;35,534;Bajo;1931;0
3727404025;2023;15,525;79,977;29,263;36,092;35,484;Bajo;1931;0
3727405001;2021;13,578;59,737;20,813;45,080;32,123;Bajo;1932;0
3727405001;2022;13,580;59,737;18,343;45,273;31,440;Bajo;1932;0
3727405001;2023;13,581;59,161;16,239;45,958;30,929;Bajo;1932;0
3727405002;2021;13,614;66,177;27,683;48,283;36,120;Bajo;1933;0
3727405002;2022;13,610;66,177;23,819;46,916;34,550;Bajo;1933;0
3727405002;2023;13,602;66,177;24,076;47,268;34,730;Bajo;1933;0
3727405003;2021;13,121;66,682;34,807;47,615;38,009;Bajo;1934;0
3727405003;2022;13,135;66,682;30,810;48,367;37,039;Bajo;1934;0
3727405003;2023;13,128;66,682;28,807;46,816;35,971;Bajo;1934;0
3727405004;2021;13,804;65,531;43,832;42,461;39,169;Medio-bajo;1935;0
3727405004;2022;13,809;65,531;39,232;42,695;37,860;Bajo;1935;0
3727405004;2023;13,810;65,531;37,668;42,824;37,430;Bajo;1935;0
3727405005;2021;15,000;68,971;43,298;42,607;39,867;Medio-bajo;3532;0
3727405005;2022;14,884;68,971;40,561;42,437;38,966;Medio-bajo;3532;0
3727405005;2023;14,882;68,971;38,827;41,917;38,289;Bajo;3532;0
3727405006;2021;14,171;67,649;49,210;45,343;42,056;Medio-bajo;1936;0
3727405006;2022;14,170;67,649;44,456;45,011;40,530;Medio-bajo;1936;0
3727405006;2023;14,174;67,649;43,398;43,604;39,792;Medio-bajo;1936;0
3727405007;2021;14,450;72,922;51,936;42,419;42,858;Medio-bajo;1937;1
3727405007;2022;14,457;72,922;49,639;41,608;41,926;Medio-bajo;1937;0
3727405007;2023;14,447;72,922;47,716;41,580;41,339;Medio-bajo;1937;0
3727405008;2021;16,136;59,708;33,795;42,699;35,938;Bajo;1938;0
3727405008;2022;16,135;59,708;30,727;43,096;35,137;Bajo;1938;0
3727405008;2023;16,116;59,708;31,113;42,088;34,945;Bajo;1938;0
3727405009;2021;12,529;72,451;38,924;40,514;37,831;Bajo;1939;0
3727405009;2022;12,531;72,451;36,836;41,061;37,369;Bajo;1939;0
3727405009;2023;12,534;72,451;35,701;40,988;37,008;Bajo;1939;0
3727405010;2021;13,666;69,492;45,098;41,247;39,744;Medio-bajo;1940;0
3727405010;2022;13,673;70,247;41,405;39,547;38,241;Bajo;1940;0
3727405010;2023;13,661;69,492;39,525;40,332;37,796;Bajo;1940;0
3727405011;2021;12,624;73,551;48,470;38,653;40,325;Medio-bajo;1941;0
3727405011;2022;12,617;72,815;45,240;39,925;39,626;Medio-bajo;1941;0
3727405011;2023;12,623;72,815;43,714;40,475;39,335;Medio-bajo;1941;0
3727405012;2021;11,494;68,677;41,437;44,847;39,060;Medio-bajo;1942;0
3727405012;2022;11,496;67,887;39,260;45,558;38,502;Medio-bajo;1942;0
3727405012;2023;11,494;67,887;37,322;44,852;37,709;Bajo;1942;0
3727405013;2021;12,970;75,789;51,460;38,465;41,588;Medio-bajo;1943;0
3727405013;2022;12,975;76,690;48,267;37,114;40,362;Medio-bajo;1943;0
3727405013;2023;12,967;76,690;47,291;36,742;39,955;Medio-bajo;1943;0
3727405014;2021;13,599;72,064;43,038;43,912;40,295;Medio-bajo;1944;0
3727405014;2022;13,606;72,064;42,047;44,504;40,177;Medio-bajo;1944;0
3727405014;2023;13,606;71,312;40,390;44,846;39,669;Medio-bajo;1944;0
3727405015;2021;13,153;74,606;50,376;38,969;41,283;Medio-bajo;1945;0
3727405015;2022;13,160;73,727;46,373;39,312;40,054;Medio-bajo;1945;0
3727405015;2023;13,156;73,727;44,467;38,564;39,258;Medio-bajo;1945;0
3727405016;2021;12,989;73,530;46,073;42,522;40,855;Medio-bajo;1946;0
3727405016;2022;13,004;72,738;43,090;45,330;40,688;Medio-bajo;1946;0
3727405016;2023;13,021;71,946;42,328;47,001;40,846;Medio-bajo;1946;0
3727405017;2021;13,631;67,646;40,919;42,165;38,480;Medio-bajo;1947;0
3727405017;2022;13,636;67,646;39,491;42,559;38,171;Bajo;1947;0
3727405017;2023;13,640;67,646;36,900;42,990;37,524;Bajo;1947;0
3727405018;2021;12,741;74,641;51,315;40,381;41,890;Medio-bajo;1948;0
3727405018;2022;12,727;73,731;48,961;40,891;41,197;Medio-bajo;1948;0
3727405018;2023;12,727;73,731;47,123;40,735;40,599;Medio-bajo;1948;0
3727405019;2021;13,712;69,192;31,019;42,648;35,907;Bajo;1949;0
3727405019;2022;13,716;68,530;28,533;43,938;35,450;Bajo;1949;0
3727405019;2023;13,718;69,192;28,017;42,991;35,111;Bajo;1949;0
3727405020;2021;13,772;63,430;37,849;39,367;36,122;Bajo;1950;0
3727405020;2022;13,776;63,430;35,664;39,565;35,527;Bajo;1950;0
3727405020;2023;13,777;63,430;33,833;39,444;34,942;Bajo;1950;0
3727405022;2021;13,379;78,785;52,020;46,497;44,718;Medio-alto;1951;1
3727405022;2022;13,390;78,785;49,580;46,795;44,078;Medio-alto;1951;1
3727405022;2023;13,388;77,815;47,351;47,248;43,399;Medio-bajo;1951;1
3727405025;2021;13,788;74,115;31,779;40,575;36,270;Bajo;1952;0
3727405025;2022;13,788;73,326;28,027;41,950;35,439;Bajo;1952;0
3727405025;2023;13,793;73,326;28,252;42,646;35,716;Bajo;1952;0
3727405026;2021;12,754;66,966;43,070;40,203;38,215;Bajo;1953;0
3727405026;2022;12,764;66,966;38,993;40,908;37,206;Bajo;1953;0
3727405026;2023;12,762;66,150;37,130;42,254;36,928;Bajo;1953;0
3727406001;2021;13,325;67,209;38,962;41,786;37,637;Bajo;1954;0
3727406001;2022;13,327;67,209;37,137;41,899;37,124;Bajo;1954;0
3727406001;2023;13,325;67,209;35,161;41,884;36,526;Bajo;1954;0
3727406002;2021;13,767;65,797;38,001;41,044;37,025;Bajo;1955;0
3727406002;2022;13,769;65,076;34,550;41,661;36,067;Bajo;1955;0
3727406002;2023;13,766;65,076;32,464;41,560;35,410;Bajo;1955;0
3727406003;2021;13,848;63,227;25,578;45,174;34,172;Bajo;1956;0
3727406003;2022;13,851;63,227;23,008;45,552;33,515;Bajo;1956;0
3727406003;2023;13,857;63,227;21,697;45,894;33,225;Bajo;1956;0
3727406004;2021;13,397;63,271;23,651;48,620;34,521;Bajo;1957;0
3727406004;2022;13,399;62,692;21,708;50,254;34,342;Bajo;1957;0
3727406004;2023;13,403;62,692;19,400;50,248;33,649;Bajo;1957;0
3727406005;2021;12,363;67,026;42,374;39,448;37,691;Bajo;1958;0
3727406005;2022;12,362;67,026;38,338;39,078;36,369;Bajo;1958;0
3727406005;2023;12,361;66,306;36,891;39,924;36,081;Bajo;1958;0
3727406006;2021;13,809;66,379;37,043;40,140;36,564;Bajo;1959;0
3727406006;2022;13,808;65,651;34,767;41,337;36,131;Bajo;1959;0
3727406006;2023;13,807;65,651;33,497;41,152;35,694;Bajo;1959;0
3727406007;2021;12,059;69,590;42,087;44,167;39,329;Medio-bajo;1960;0
3727406007;2022;12,066;70,298;38,731;42,371;37,892;Bajo;1960;0
3727406007;2023;12,061;70,298;37,964;41,642;37,442;Bajo;1960;0
3727406008;2021;12,398;69,914;49,265;38,033;39,776;Medio-bajo;1961;0
3727406008;2022;12,400;70,864;46,675;35,351;38,337;Bajo;1961;0
3727406008;2023;12,385;70,864;45,140;34,712;37,682;Bajo;1961;0
3727406009;2021;12,961;67,237;36,932;39,040;36,117;Bajo;1962;0
3727406009;2022;12,962;66,527;34,465;40,857;35,816;Bajo;1962;0
3727406009;2023;12,965;66,527;32,842;41,612;35,556;Bajo;1962;0
3727406010;2021;12,292;69,024;40,476;41,422;37,996;Bajo;1963;0
3727406010;2022;12,295;69,024;39,057;41,550;37,609;Bajo;1963;0
3727406010;2023;12,292;69,024;36,971;42,020;37,124;Bajo;1963;0
3727406011;2021;13,376;73,784;39,239;37,286;37,369;Bajo;1964;0
3727406011;2022;13,374;72,993;36,112;38,253;36,602;Bajo;1964;0
3727406011;2023;13,375;72,993;35,121;38,134;36,269;Bajo;1964;0
3727406012;2021;13,782;68,848;33,889;47,858;38,297;Bajo;1965;0
3727406012;2022;13,788;68,848;29,783;48,063;37,128;Bajo;1965;0
3727406012;2023;13,786;68,848;27,572;47,174;36,198;Bajo;1965;0
3727406013;2021;12,193;66,463;36,337;38,983;35,614;Bajo;1966;0
3727406013;2022;12,194;66,463;32,968;38,409;34,431;Bajo;1966;0
3727406013;2023;12,189;66,463;31,927;38,488;34,141;Bajo;1966;0
3727406014;2021;12,198;68,666;47,259;39,621;39,413;Medio-bajo;1967;0
3727406014;2022;12,198;68,666;43,603;39,220;38,196;Bajo;1967;0
3727406014;2023;12,195;68,666;42,004;39,335;37,750;Bajo;1967;0
3727406015;2021;12,332;65,193;43,675;39,924;37,942;Bajo;1968;0
3727406015;2022;12,334;65,193;40,281;39,391;36,764;Bajo;1968;0
3727406015;2023;12,333;64,413;37,278;40,945;36,212;Bajo;1968;0
3727406016;2021;13,704;58,448;21,955;43,965;31,969;Bajo;1969;0
3727406016;2022;13,708;58,448;21,137;43,638;31,627;Bajo;1969;0
3727406016;2023;13,699;57,894;17,317;45,014;30,808;Bajo;1969;0
3727406017;2021;12,747;70,142;32,282;42,094;36,020;Bajo;1970;0
3727406017;2022;12,748;70,142;29,990;42,201;35,365;Bajo;1970;0
3727406017;2023;12,744;69,439;29,031;43,310;35,304;Bajo;1970;0
3727406019;2021;13,517;63,259;40,000;41,198;37,228;Bajo;1971;0
3727406019;2022;13,520;63,259;37,071;41,933;36,570;Bajo;1971;0
3727406019;2023;13,522;62,590;34,110;43,894;36,170;Bajo;1971;0
3727406020;2021;17,689;64,782;43,884;35,026;37,812;Bajo;1972;0
3727406020;2022;17,689;64,782;40,231;34,803;36,650;Bajo;1972;0
3727406020;2023;17,687;64,782;38,770;35,497;36,419;Bajo;1972;0
3727406021;2021;15,364;80,401;39,996;33,438;37,931;Bajo;1973;0
3727406021;2022;15,366;79,615;37,738;34,090;37,332;Bajo;1973;0
3727406021;2023;15,365;79,615;35,900;35,184;37,109;Bajo;1973;0
3727406022;2021;11,918;65,961;35,907;44,930;37,125;Bajo;1974;0
3727406022;2022;11,922;65,237;32,499;45,765;36,245;Bajo;1974;0
3727406022;2023;11,913;65,237;35,622;45,527;37,109;Bajo;1974;0
3727406023;2021;13,455;74,445;39,187;37,457;37,524;Bajo;1975;0
3727406023;2022;13,452;73,663;35,908;38,638;36,776;Bajo;1975;0
3727406023;2023;13,453;73,663;35,015;39,036;36,628;Bajo;1975;0
3727501001;2021;76,475;31,523;50,023;62,346;57,558;Alto;1976;1
3727501001;2022;76,468;31,523;44,366;66,780;57,189;Alto;1976;1
3727501001;2023;76,459;31,158;38,337;67,474;55,532;Alto;1976;1
3727601001;2021;64,137;23,856;50,025;62,859;53,478;Alto;1977;1
3727601001;2022;64,154;24,159;48,945;64,720;53,762;Alto;1977;1
3727601001;2023;64,159;23,856;44,372;67,037;53,041;Alto;1977;1
3727701001;2021;57,858;8,045;38,337;63,383;46,188;Medio-alto;1978;1
3727701001;2022;57,858;8,045;38,337;59,285;44,958;Medio-alto;1978;1
3727701001;2023;57,849;8,045;38,337;58,902;44,841;Medio-alto;1978;1
3727801001;2021;33,093;51,548;35,192;33,716;36,678;Bajo;1979;0
3727801001;2022;33,089;51,107;32,008;35,111;36,074;Bajo;1979;0
3727801001;2023;33,084;50,666;31,496;36,433;36,250;Bajo;1979;0
3727901001;2021;68,831;39,893;47,884;45,664;51,256;Alto;1980;1
3727901001;2022;68,832;39,893;45,427;45,291;50,407;Alto;1980;1
3727901001;2023;68,832;39,500;44,167;45,971;50,174;Alto;1980;1
3728001001;2021;73,004;24,108;38,337;51,133;48,708;Alto;1981;1
3728001001;2022;73,001;23,678;38,337;52,413;49,027;Alto;1981;1
3728001001;2023;73,026;23,678;38,337;53,595;49,388;Alto;1981;1
3728101001;2021;63,167;22,612;38,337;53,066;46,605;Medio-alto;1982;1
3728101001;2022;63,187;22,139;38,337;56,788;47,655;Medio-alto;1982;1
3728101001;2023;63,207;24,503;38,337;40,737;43,200;Medio-bajo;1982;1
3728201001;2021;49,455;39,571;50,508;47,452;47,687;Medio-alto;1983;1
3728201001;2022;49,456;38,682;47,043;49,183;47,034;Medio-alto;1983;1
3728201001;2023;49,460;39,127;44,238;48,252;45,981;Medio-alto;1983;1
3728301001;2021;69,024;20,209;42,241;52,479;48,703;Alto;1984;1
3728301001;2022;69,020;19,563;38,907;56,084;48,687;Alto;1984;1
3728301001;2023;69,022;19,563;37,000;57,543;48,553;Alto;1984;1
3728401001;2021;54,845;33,843;42,394;50,804;46,747;Medio-alto;1985;1
3728401001;2022;54,842;33,504;39,663;51,810;46,178;Medio-alto;1985;1
3728401001;2023;54,842;33,843;38,236;50,563;45,427;Medio-alto;1985;1
3728501001;2021;81,527;32,200;50,283;59,019;58,002;Alto;1986;1
3728501001;2022;81,529;31,882;48,765;59,570;57,665;Alto;1986;1
3728501001;2023;81,529;31,882;45,437;59,118;56,531;Alto;1986;1
3728601001;2021;62,604;30,595;45,448;54,646;50,268;Alto;1987;1
3728601001;2022;62,588;30,595;43,190;54,335;49,494;Alto;1987;1
3728601001;2023;62,594;30,595;41,512;55,414;49,316;Alto;1987;1
3728701001;2021;52,823;41,720;42,516;42,814;45,063;Medio-alto;1988;1
3728701001;2022;52,824;41,720;42,100;42,645;44,887;Medio-alto;1988;1
3728701001;2023;52,830;41,042;41,292;45,862;45,510;Medio-alto;1988;1
3728801001;2021;41,181;43,173;39,868;37,240;39,904;Medio-bajo;1989;0
3728801001;2022;41,167;43,173;36,009;36,437;38,502;Medio-bajo;1989;0
3728801001;2023;41,158;43,555;33,579;34,867;37,357;Bajo;1989;0
3728901001;2021;63,306;27,876;43,023;52,245;48,588;Alto;1990;1
3728901001;2022;63,306;27,486;41,997;52,325;48,246;Alto;1990;1
3728901001;2023;63,303;27,486;39,664;52,758;47,675;Medio-alto;1990;1
3729001001;2021;53,405;31,356;34,745;50,133;43,518;Medio-bajo;1991;1
3729001001;2022;53,384;31,356;31,212;48,681;42,017;Medio-bajo;1991;0
3729001001;2023;53,356;31,356;27,217;47,193;40,365;Medio-bajo;1991;0
3729101001;2021;52,614;26,207;42,021;51,143;45,034;Medio-alto;1992;1
3729101001;2022;52,614;26,207;39,675;50,901;44,257;Medio-alto;1992;1
3729101001;2023;52,613;26,207;38,508;50,778;43,870;Medio-alto;1992;1
3729201001;2021;54,737;24,724;38,337;49,771;43,825;Medio-alto;1993;1
3729201001;2022;54,725;24,724;38,337;48,305;43,383;Medio-bajo;1993;1
3729201001;2023;54,763;25,027;38,337;47,908;43,318;Medio-bajo;1993;1
3729301001;2021;69,596;20,002;38,337;62,213;50,565;Alto;1994;1
3729301001;2022;69,595;20,002;38,337;59,086;49,626;Alto;1994;1
3729301001;2023;69,598;19,604;38,337;61,397;50,260;Alto;1994;1
3729401001;2021;16,912;67,946;46,937;36,244;39,374;Medio-bajo;1995;0
3729401001;2022;16,914;67,946;43,169;36,587;38,347;Bajo;1995;0
3729401001;2023;16,914;67,946;43,021;36,246;38,200;Bajo;1995;0
3729401002;2021;17,644;74,826;43,970;33,956;39,013;Medio-bajo;1996;0
3729401002;2022;17,645;74,113;40,492;35,241;38,248;Bajo;1996;0
3729401002;2023;17,648;74,113;39,549;35,378;38,007;Bajo;1996;0
3729401003;2021;19,771;77,840;44,399;34,721;40,355;Medio-bajo;1997;0
3729401003;2022;19,769;77,840;42,065;35,007;39,740;Medio-bajo;1997;0
3729401003;2023;19,771;77,840;40,987;35,149;39,460;Medio-bajo;1997;0
3729401004;2021;20,401;59,985;37,963;33,850;35,642;Bajo;1998;0
3729401004;2022;20,398;59,985;35,145;34,599;35,020;Bajo;1998;0
3729401004;2023;20,399;59,985;34,303;34,639;34,780;Bajo;1998;0
3729401005;2021;17,614;60,415;34,513;32,030;33,429;Bajo;1999;0
3729401005;2022;17,719;59,816;32,802;33,674;33,345;Bajo;1999;0
3729401005;2023;17,720;59,816;32,110;34,494;33,384;Bajo;1999;0
3729401006;2021;21,696;61,134;40,707;32,830;36,655;Bajo;2000;0
3729401006;2022;21,696;61,134;38,154;33,183;35,995;Bajo;2000;0
3729401006;2023;21,697;60,548;36,891;34,458;35,911;Bajo;2000;0
3729401007;2021;25,991;48,268;9,571;38,105;28,041;Bajo;2001;0
3729401007;2022;25,990;48,503;7,379;37,196;27,145;Bajo;2001;0
3729401007;2023;25,987;48,268;5,031;38,769;26,877;Bajo;2001;0
3729401008;2021;15,958;61,388;20,327;32,343;28,999;Bajo;2002;0
3729401008;2022;15,956;61,020;17,886;33,645;28,601;Bajo;2002;0
3729401008;2023;15,953;61,020;16,710;34,538;28,515;Bajo;2002;0
3729401009;2021;20,334;50,595;12,400;28,676;24,996;Bajo;2003;0
3729401009;2022;20,336;50,595;9,452;29,167;24,259;Bajo;2003;0
3729401009;2023;20,337;50,358;12,062;30,226;25,324;Bajo;2003;0
3729401010;2021;15,951;72,484;38,337;45,476;40,004;Medio-bajo;3533;0
3729401010;2022;15,963;71,692;30,637;37,159;35,083;Bajo;3533;0
3729401010;2023;15,959;72,346;29,874;36,237;34,675;Bajo;3533;0
3729601001;2021;64,291;26,400;49,893;63,597;54,080;Alto;2004;1
3729601001;2022;64,291;26,735;50,340;61,013;53,489;Alto;2004;1
3729601001;2023;64,292;26,735;46,750;59,645;52,002;Alto;2004;1
3729701001;2021;58,230;29,690;50,380;54,306;50,417;Alto;2005;1
3729701001;2022;58,230;29,690;47,682;54,666;49,715;Alto;2005;1
3729701001;2023;58,231;29,690;46,903;54,703;49,493;Alto;2005;1
3729801001;2021;55,546;35,395;56,086;53,856;52,178;Alto;2006;1
3729801001;2022;55,560;34,934;50,487;55,404;50,898;Alto;2006;1
3729801001;2023;55,576;34,934;46,711;54,676;49,550;Alto;2006;1
3729901001;2021;63,243;23,044;49,121;42,956;46,890;Medio-alto;2007;1
3729901001;2022;63,242;22,755;45,562;44,545;46,256;Medio-alto;2007;1
3729901001;2023;63,245;22,755;43,216;44,600;45,569;Medio-alto;2007;1
3730001001;2021;55,667;43,651;46,825;46,495;48,460;Alto;2008;1
3730001001;2022;55,666;43,651;43,539;45,805;47,267;Medio-alto;2008;1
3730001001;2023;55,667;43,651;40,427;45,336;46,193;Medio-alto;2008;1
3730101001;2021;76,595;31,128;38,772;51,113;50,784;Alto;2009;1
3730101001;2022;76,592;31,128;38,337;51,892;50,886;Alto;2009;1
3730101001;2023;76,597;31,513;32,237;50,194;48,605;Alto;2009;1
3730201001;2021;84,556;36,468;50,100;48,498;56,188;Alto;2010;1
3730201001;2022;84,557;36,059;50,442;50,351;56,786;Alto;2010;1
3730201001;2023;84,562;36,059;47,934;51,186;56,285;Alto;2010;1
3730301001;2021;75,232;30,469;52,732;51,212;54,562;Alto;2011;1
3730301001;2022;75,242;30,185;45,342;53,227;52,909;Alto;2011;1
3730301001;2023;75,241;29,615;45,159;57,406;54,022;Alto;2011;1
3730401001;2021;62,880;32,317;48,230;59,087;52,763;Alto;2012;1
3730401001;2022;62,871;31,947;45,241;59,619;51,968;Alto;2012;1
3730401001;2023;62,871;31,947;43,892;60,348;51,782;Alto;2012;1
3730501001;2021;58,974;37,343;44,740;51,460;49,205;Alto;2013;1
3730501001;2022;58,976;36,975;43,612;53,603;49,455;Alto;2013;1
3730501001;2023;58,993;36,607;40,534;55,380;49,013;Alto;2013;1
3730601001;2021;72,676;33,378;46,420;61,131;55,441;Alto;2014;1
3730601001;2022;72,675;33,378;46,197;60,795;55,273;Alto;2014;1
3730601001;2023;72,676;33,378;39,017;60,696;53,090;Alto;2014;1
3730701001;2021;75,081;32,059;54,436;55,468;56,550;Alto;2015;1
3730701001;2022;75,084;32,059;52,177;56,891;56,300;Alto;2015;1
3730701001;2023;75,083;32,059;50,257;56,921;55,733;Alto;2015;1
3730901001;2021;59,323;34,592;38,337;51,592;46,998;Medio-alto;2016;1
3730901001;2022;59,323;34,995;38,337;50,302;46,672;Medio-alto;2016;1
3730901001;2023;59,286;34,592;38,337;51,052;46,827;Medio-alto;2016;1
3731001001;2021;53,615;27,770;44,483;50,459;46,052;Medio-alto;2017;1
3731001001;2022;53,612;27,401;38,329;49,910;43,985;Medio-alto;2017;1
3731001001;2023;53,624;26,293;38,337;54,449;45,186;Medio-alto;2017;1
3731101001;2021;88,370;39,686;48,376;55,488;59,205;Alto;2018;1
3731101001;2022;88,371;39,245;47,692;56,982;59,382;Alto;2018;1
3731101001;2023;88,374;39,245;42,664;57,566;58,049;Alto;2018;1
3731201001;2021;54,531;33,362;44,194;53,836;48,046;Alto;2019;1
3731201001;2022;54,529;33,716;43,617;52,120;47,411;Medio-alto;2019;1
3731201001;2023;54,531;33,362;42,099;52,958;47,154;Medio-alto;2019;1
3731301001;2021;66,190;37,382;46,939;47,886;50,603;Alto;2020;1
3731301001;2022;66,191;37,382;44,128;48,123;49,831;Alto;2020;1
3731301001;2023;66,193;37,024;44,069;49,333;50,122;Alto;2020;1
3731401001;2021;62,517;11,977;23,195;35,589;35,061;Bajo;2021;0
3731401001;2022;62,524;11,726;21,419;37,577;35,089;Bajo;2021;0
3731401001;2023;62,534;11,726;38,337;36,519;39,849;Medio-bajo;2021;0
3731501001;2021;63,287;22,379;38,337;55,325;47,277;Medio-alto;2022;1
3731501001;2022;63,284;22,379;38,337;55,308;47,272;Medio-alto;2022;1
3731501001;2023;63,284;22,379;38,337;54,374;46,991;Medio-alto;2022;1
3731601001;2021;55,312;46,698;41,983;44,874;46,890;Medio-alto;2023;1
3731601001;2022;55,309;47,144;40,794;44,549;46,502;Medio-alto;2023;1
3731601001;2023;55,311;46,698;38,076;45,774;45,987;Medio-alto;2023;1
3731701001;2021;63,411;31,080;45,457;51,451;49,587;Alto;2024;1
3731701001;2022;63,415;30,430;45,771;54,171;50,401;Alto;2024;1
3731701001;2023;63,416;30,430;47,175;55,662;51,270;Alto;2024;1
3731801001;2021;50,722;24,535;35,404;48,926;41,660;Medio-bajo;2025;0
3731801001;2022;50,727;24,535;33,080;50,010;41,289;Medio-bajo;2025;0
3731801001;2023;50,729;24,535;31,622;50,343;40,952;Medio-bajo;2025;0
3731901001;2021;58,601;32,364;38,337;59,405;48,828;Alto;2026;1
3731901001;2022;58,595;32,787;38,337;57,303;48,259;Alto;2026;1
3731901001;2023;58,576;32,787;38,337;56,229;47,932;Alto;2026;1
3732001001;2021;60,611;24,281;38,337;50,757;45,523;Medio-alto;2027;1
3732001001;2022;60,598;24,281;38,337;49,112;45,027;Medio-alto;2027;1
3732001001;2023;60,589;24,641;38,337;47,313;44,539;Medio-alto;2027;1
3732101001;2021;68,754;27,486;46,239;55,855;51,940;Alto;2028;1
3732101001;2022;68,754;27,486;46,193;68,184;55,624;Alto;2028;1
3732101001;2023;68,757;26,899;45,236;59,392;52,612;Alto;2028;1
3732201001;2021;37,519;50,635;41,469;36,371;40,327;Medio-bajo;2029;0
3732201001;2022;37,511;50,635;37,549;36,718;39,253;Medio-bajo;2029;0
3732201001;2023;37,506;50,249;28,673;39,067;37,236;Bajo;2029;0
3732201002;2021;35,895;83,127;51,198;34,672;47,204;Medio-alto;2030;1
3732201002;2022;35,895;83,127;47,690;34,118;45,985;Medio-alto;2030;1
3732201002;2023;35,895;83,946;46,490;32,819;45,358;Medio-alto;2030;1
3732301001;2021;54,208;34,505;41,321;46,265;45,003;Medio-alto;2031;1
3732301001;2022;54,212;34,505;39,557;45,839;44,348;Medio-alto;2031;1
3732301001;2023;54,213;34,505;36,913;45,613;43,487;Medio-bajo;2031;1
3732401001;2021;56,995;28,368;41,532;53,917;47,139;Medio-alto;2032;1
3732401001;2022;56,993;28,107;41,196;55,065;47,343;Medio-alto;2032;1
3732401001;2023;56,996;27,846;41,731;57,014;48,050;Alto;2032;1
3732501001;2021;53,172;37,493;38,337;60,529;48,577;Alto;2033;1
3732501001;2022;53,176;37,493;38,337;66,935;50,500;Alto;2033;1
3732501001;2023;53,197;37,493;38,337;60,931;48,704;Alto;2033;1
3732701001;2021;51,322;25,134;34,271;44,962;40,370;Medio-bajo;2034;0
3732701001;2022;51,335;25,134;33,861;45,717;40,477;Medio-bajo;2034;0
3732701001;2023;51,346;24,836;34,061;47,146;40,924;Medio-bajo;2034;0
3732801001;2021;77,366;35,982;51,226;56,943;57,190;Alto;2035;1
3732801001;2022;77,365;36,425;46,144;55,427;55,276;Alto;2035;1
3732801001;2023;77,365;36,425;42,893;54,893;54,141;Alto;2035;1
3732901001;2021;68,310;17,512;38,337;46,752;45,231;Medio-alto;2036;1
3732901001;2022;68,310;17,512;38,337;47,086;45,331;Medio-alto;2036;1
3732901001;2023;68,310;16,941;38,337;50,352;46,225;Medio-alto;2036;1
3733001001;2021;56,772;34,409;38,873;47,112;45,150;Medio-alto;2037;1
3733001001;2022;56,771;34,036;39,657;48,127;45,633;Medio-alto;2037;1
3733001001;2023;56,776;34,036;37,056;48,730;45,035;Medio-alto;2037;1
3733101001;2021;54,080;31,943;47,694;60,471;50,761;Alto;2038;1
3733101001;2022;54,075;31,943;44,075;58,206;48,995;Alto;2038;1
3733101001;2023;54,081;31,943;44,533;58,434;49,202;Alto;2038;1
3733201001;2021;52,297;38,424;38,337;55,051;46,854;Medio-alto;2039;1
3733201001;2022;52,261;37,904;38,337;53,274;46,234;Medio-alto;2039;1
3733201001;2023;52,239;37,904;38,337;51,864;45,806;Medio-alto;2039;1
3733301001;2021;53,757;29,244;44,161;44,524;44,431;Medio-alto;2040;1
3733301001;2022;53,759;29,626;41,812;43,613;43,511;Medio-bajo;2040;1
3733301001;2023;53,766;29,626;39,632;43,889;42,942;Medio-bajo;2040;1
3733401001;2021;63,832;32,463;38,337;53,327;48,327;Alto;2041;1
3733401001;2022;63,837;32,959;38,337;50,646;47,598;Medio-alto;2041;1
3733401001;2023;63,819;32,959;38,337;50,105;47,431;Medio-alto;2041;1
3733501001;2021;59,779;30,703;43,908;43,241;45,695;Medio-alto;2042;1
3733501001;2022;59,777;30,703;39,537;43,549;44,475;Medio-alto;2042;1
3733501001;2023;59,773;30,316;38,779;44,322;44,421;Medio-alto;2042;1
3733601001;2021;43,442;13,881;38,337;43,040;37,356;Bajo;2043;0
3733601001;2022;43,510;13,140;38,337;45,408;37,972;Bajo;2043;0
3733601001;2023;43,548;13,140;38,337;45,315;37,954;Bajo;2043;0
3733701001;2021;74,395;32,630;37,304;42,073;47,306;Medio-alto;2044;1
3733701001;2022;74,399;32,320;35,659;44,975;47,638;Medio-alto;2044;1
3733701001;2023;74,400;32,320;33,984;46,402;47,564;Medio-alto;2044;1
3733801001;2021;45,934;24,797;33,458;42,194;37,899;Bajo;2045;0
3733801001;2022;45,881;24,510;27,343;43,867;36,510;Bajo;2045;0
3733801001;2023;45,950;24,797;31,116;41,678;37,045;Bajo;2045;0
3733901001;2021;55,263;32,333;43,073;49,611;46,471;Medio-alto;2046;1
3733901001;2022;55,266;32,676;43,471;48,351;46,265;Medio-alto;2046;1
3733901001;2023;55,263;32,333;39,160;49,069;45,135;Medio-alto;2046;1
3734001001;2021;76,175;28,556;40,106;57,383;52,574;Alto;2047;1
3734001001;2022;76,190;28,556;38,010;57,299;51,924;Alto;2047;1
3734001001;2023;76,199;28,184;34,547;57,650;50,937;Alto;2047;1
3734101001;2021;55,222;36,844;38,337;47,513;45,087;Medio-alto;2048;1
3734101001;2022;55,255;36,326;38,337;47,808;45,106;Medio-alto;2048;1
3734101001;2023;55,347;37,363;38,337;46,271;44,824;Medio-alto;2048;1
3734201001;2021;38,781;28,998;38,202;39,200;37,266;Bajo;2049;0
3734201001;2022;38,779;28,665;36,860;40,704;37,264;Bajo;2049;0
3734201001;2023;38,796;28,332;34,615;42,384;37,049;Bajo;2049;0
3734301001;2021;47,886;21,342;38,337;46,237;40,545;Medio-bajo;2050;0
3734301001;2022;47,886;20,974;38,337;47,955;41,006;Medio-bajo;2050;0
3734301001;2023;47,886;21,342;38,337;46,731;40,693;Medio-bajo;2050;0
3734401001;2021;55,570;19,977;44,808;46,418;44,257;Medio-alto;2051;1
3734401001;2022;55,568;19,593;42,119;47,906;43,838;Medio-alto;2051;1
3734401001;2023;55,578;19,593;38,407;47,915;42,730;Medio-bajo;2051;1
3734501001;2021;54,056;32,095;33,968;48,197;42,978;Medio-bajo;2052;1
3734501001;2022;54,056;32,095;29,160;47,995;41,475;Medio-bajo;2052;0
3734501001;2023;54,058;31,319;29,232;51,344;42,385;Medio-bajo;2052;1
3734601001;2021;59,270;28,847;45,123;49,538;47,543;Medio-alto;2053;1
3734601001;2022;59,273;28,847;43,656;49,620;47,128;Medio-alto;2053;1
3734601001;2023;59,275;28,847;40,475;49,677;46,191;Medio-alto;2053;1
3734701001;2021;41,365;32,644;35,261;39,735;37,737;Bajo;2054;0
3734701001;2022;41,369;32,644;30,821;39,793;36,423;Bajo;2054;0
3734701001;2023;41,364;32,644;28,855;39,514;35,748;Bajo;2054;0
3734801001;2021;51,898;24,727;38,337;53,479;44,228;Medio-alto;2055;1
3734801001;2022;51,917;24,727;41,100;54,183;45,273;Medio-alto;2055;1
3734801001;2023;51,880;24,372;38,337;53,791;44,264;Medio-alto;2055;1
3734901001;2021;77,702;31,494;38,518;47,242;49,878;Alto;2056;1
3734901001;2022;77,709;31,881;39,202;44,058;49,187;Alto;2056;1
3734901001;2023;77,695;30,721;36,800;50,323;50,169;Alto;2056;1
3735001001;2021;85,431;29,812;47,343;54,627;56,421;Alto;2057;1
3735001001;2022;85,432;29,812;44,277;54,993;55,610;Alto;2057;1
3735001001;2023;85,433;29,529;41,951;56,318;55,268;Alto;2057;1
3735101001;2021;61,956;28,688;51,210;54,704;51,567;Alto;2058;1
3735101001;2022;61,957;29,026;49,799;53,546;50,847;Alto;2058;1
3735101001;2023;61,956;28,688;47,723;54,369;50,420;Alto;2058;1
3735201001;2021;41,744;31,345;32,072;51,905;40,331;Medio-bajo;2059;0
3735201001;2022;41,757;30,976;30,217;54,043;40,364;Medio-bajo;2059;0
3735201001;2023;41,758;31,345;27,440;53,126;39,311;Medio-bajo;2059;0
3735301001;2021;59,652;36,956;39,587;54,655;48,729;Alto;2060;1
3735301001;2022;59,648;36,546;40,096;50,678;47,626;Medio-alto;2060;1
3735301001;2023;59,659;36,546;32,903;56,250;47,142;Medio-alto;2060;1
3735401001;2021;21,696;55,573;35,195;31,920;33,895;Bajo;2061;0
3735401001;2022;21,697;55,115;33,275;32,904;33,545;Bajo;2061;0
3735401001;2023;21,694;55,115;31,575;32,551;32,929;Bajo;2061;0
3735401002;2021;27,082;52,876;25,379;30,723;31,533;Bajo;2062;0
3735401002;2022;27,079;52,876;21,743;30,902;30,495;Bajo;2062;0
3735401002;2023;27,077;52,876;19,054;33,330;30,416;Bajo;2062;0
3735401003;2021;21,943;61,542;37,750;31,859;35,600;Bajo;2063;0
3735401003;2022;21,944;60,985;34,759;33,075;34,984;Bajo;2063;0
3735401003;2023;21,944;60,985;33,134;33,102;34,504;Bajo;2063;0
3735401004;2021;21,259;55,576;28,511;34,902;32,675;Bajo;2064;0
3735401004;2022;21,264;55,186;25,032;36,147;31,947;Bajo;2064;0
3735401004;2023;21,266;55,186;25,048;36,468;32,049;Bajo;2064;0
3735501001;2021;57,846;25,307;48,648;57,625;50,139;Alto;2065;1
3735501001;2022;57,829;25,307;43,245;56,537;48,188;Alto;2065;1
3735501001;2023;57,831;25,307;39,151;58,010;47,402;Medio-alto;2065;1
3735601001;2021;76,755;23,012;38,337;51,474;49,584;Alto;2066;1
3735601001;2022;76,737;23,012;38,337;53,885;50,303;Alto;2066;1
3735601001;2023;76,743;23,012;38,337;53,495;50,187;Alto;2066;1
3735701001;2021;86,389;28,577;50,898;59,883;59,118;Alto;2067;1
3735701001;2022;86,388;28,577;46,574;60,165;57,905;Alto;2067;1
3735701001;2023;86,388;28,238;47,394;62,639;58,843;Alto;2067;1
3735801001;2021;54,437;31,114;35,441;43,616;41,993;Medio-bajo;2068;0
3735801001;2022;54,446;31,114;33,104;46,574;42,182;Medio-bajo;2068;0
3735801001;2023;54,451;31,114;34,594;45,025;42,166;Medio-bajo;2068;0
3735901001;2021;80,421;23,072;50,968;66,503;58,807;Alto;2069;1
3735901001;2022;80,423;23,072;48,469;68,200;58,567;Alto;2069;1
3735901001;2023;80,423;22,772;50,084;68,812;59,190;Alto;2069;1
3736001001;2021;72,140;30,180;46,377;45,609;50,158;Alto;2070;1
3736001001;2022;72,141;30,595;45,470;43,611;49,349;Alto;2070;1
3736001001;2023;72,140;30,180;41,904;46,236;49,004;Alto;2070;1
3736101001;2021;75,413;38,272;38,337;55,415;52,720;Alto;2071;1
3736101001;2022;75,430;38,793;38,337;52,913;52,052;Alto;2071;1
3736101001;2023;75,436;38,793;38,337;54,224;52,446;Alto;2071;1
3736201001;2021;23,439;54,761;34,249;28,912;33,022;Bajo;2072;0
3736201001;2022;23,439;54,294;32,227;30,045;32,685;Bajo;2072;0
3736201001;2023;23,439;54,294;30,835;30,071;32,276;Bajo;2072;0
3736201002;2021;22,819;51,946;29,135;34,645;32,631;Bajo;2073;0
3736201002;2022;22,821;51,946;26,329;34,686;31,802;Bajo;2073;0
3736201002;2023;22,819;51,946;24,906;34,428;31,297;Bajo;2073;0
3736201003;2021;22,685;56,678;31,602;30,688;32,860;Bajo;2074;0
3736201003;2022;22,684;56,203;28,926;31,308;32,172;Bajo;2074;0
3736201003;2023;22,683;56,678;26,975;31,072;31,587;Bajo;2074;0
3736201004;2021;22,655;72,480;35,864;32,261;36,973;Bajo;2075;0
3736201004;2022;22,653;72,480;34,017;32,071;36,362;Bajo;2075;0
3736201004;2023;22,651;72,480;33,195;32,033;36,103;Bajo;2075;0
3736301001;2021;71,496;20,661;39,459;59,022;50,517;Alto;2076;1
3736301001;2022;71,509;20,285;38,450;61,034;50,765;Alto;2076;1
3736301001;2023;71,515;20,285;38,337;61,767;50,953;Alto;2076;1
3736401001;2021;75,992;45,498;42,762;55,300;55,241;Alto;2077;1
3736401001;2022;75,994;45,498;39,559;55,436;54,322;Alto;2077;1
3736401001;2023;75,993;45,498;38,649;54,763;53,846;Alto;2077;1
3736501001;2021;53,773;25,957;39,238;46,249;42,983;Medio-bajo;2078;1
3736501001;2022;53,785;25,957;35,010;47,289;42,029;Medio-bajo;2078;0
3736501001;2023;53,787;25,660;34,844;48,399;42,268;Medio-bajo;2078;0
3736601001;2021;69,878;34,969;38,337;60,226;52,284;Alto;2079;1
3736601001;2022;69,915;34,969;38,337;62,081;52,850;Alto;2079;1
3736601001;2023;69,915;34,969;38,337;62,275;52,908;Alto;2079;1
3736701001;2021;74,978;32,466;50,207;60,102;56,707;Alto;2080;1
3736701001;2022;74,980;32,466;45,015;62,237;55,791;Alto;2080;1
3736701001;2023;74,989;32,466;45,121;63,765;56,283;Alto;2080;1
3736801001;2021;71,113;21,547;38,337;38,903;44,182;Medio-alto;2081;1
3736801001;2022;71,137;21,547;38,337;38,774;44,150;Medio-alto;2081;1
3736801001;2023;71,137;22,089;38,337;35,682;43,304;Medio-bajo;2081;1
3736901001;2021;62,986;30,386;50,165;46,745;49,377;Alto;2082;1
3736901001;2022;62,989;29,979;49,439;47,921;49,452;Alto;2082;1
3736901001;2023;62,989;29,979;43,486;48,267;47,770;Medio-alto;2082;1
3737001001;2021;64,644;32,781;41,391;55,736;50,216;Alto;2083;1
3737001001;2022;64,644;32,781;38,148;53,672;48,624;Alto;2083;1
3737001001;2023;64,647;32,781;34,659;54,062;47,696;Medio-alto;2083;1
3737101001;2021;83,592;39,172;51,412;55,817;58,943;Alto;2084;1
3737101001;2022;83,592;39,172;49,129;57,118;58,648;Alto;2084;1
3737101001;2023;83,595;39,172;47,641;57,705;58,378;Alto;2084;1
3737201001;2021;48,848;9,096;34,250;55,061;40,370;Medio-bajo;2085;0
3737201001;2022;48,867;9,096;31,257;56,122;39,795;Medio-bajo;2085;0
3737201001;2023;48,852;9,096;31,122;56,961;40,003;Medio-bajo;2085;0
3737301001;2021;73,431;38,864;44,057;50,027;52,413;Alto;2086;1
3737301001;2022;73,432;38,864;40,590;50,563;51,533;Alto;2086;1
3737301001;2023;73,433;38,436;41,296;51,296;51,901;Alto;2086;1
3737401001;2021;48,995;46,956;45,250;38,216;44,332;Medio-alto;2087;1
3737401001;2022;48,996;46,598;42,799;39,783;44,013;Medio-alto;2087;1
3737401001;2023;48,998;46,598;40,936;40,588;43,697;Medio-bajo;2087;1
3737501001;2021;50,895;37,112;49,088;43,254;45,993;Medio-alto;2088;1
3737501001;2022;50,896;37,112;47,468;43,522;45,588;Medio-alto;2088;1
3737501001;2023;50,899;36,822;46,538;45,280;45,793;Medio-alto;2088;1
3737601001;2021;60,766;52,304;41,643;42,138;48,171;Alto;2089;1
3737601001;2022;60,767;52,304;39,865;42,282;47,681;Medio-alto;2089;1
3737601001;2023;60,767;51,808;37,654;43,472;47,301;Medio-alto;2089;1
3737601002;2021;65,157;51,311;41,742;38,896;48,177;Alto;2090;1
3737601002;2022;65,158;50,833;38,893;40,067;47,602;Medio-alto;2090;1
3737601002;2023;65,158;50,833;37,896;40,120;47,319;Medio-alto;2090;1
3737701001;2021;69,004;30,088;40,125;47,713;48,116;Alto;2091;1
3737701001;2022;69,004;30,088;37,790;48,410;47,624;Medio-alto;2091;1
3737701001;2023;69,007;29,800;36,470;50,338;47,764;Medio-alto;2091;1
3737801001;2021;72,856;32,359;38,337;66,100;54,399;Alto;2092;1
3737801001;2022;72,862;32,359;38,337;67,738;54,892;Alto;2092;1
3737801001;2023;72,871;32,359;38,337;66,840;54,625;Alto;2092;1
3737901001;2021;57,387;27,803;42,632;41,782;43,842;Medio-alto;2093;1
3737901001;2022;57,389;27,496;41,290;42,547;43,623;Medio-bajo;2093;1
3737901001;2023;57,398;27,803;41,529;41,359;43,386;Medio-bajo;2093;1
3738001001;2021;51,554;33,694;38,337;48,675;44,046;Medio-alto;2094;1
3738001001;2022;51,511;33,212;38,337;50,736;44,581;Medio-alto;2094;1
3738001001;2023;51,525;32,730;38,337;55,720;46,008;Medio-alto;2094;1
3738101001;2021;82,402;32,701;39,034;76,162;60,065;Alto;2095;1
3738101001;2022;82,402;33,122;36,311;75,835;59,213;Alto;2095;1
3738101001;2023;82,405;32,701;36,863;68,934;57,245;Alto;2095;1
3738201001;2021;64,166;21,582;48,660;62,211;52,540;Alto;2096;1
3738201001;2022;64,181;21,582;47,240;70,052;54,470;Alto;2096;1
3738201001;2023;64,193;21,582;46,227;61,172;51,505;Alto;2096;1
4000101001;2021;48,236;35,373;35,696;37,960;39,462;Medio-bajo;2097;0
4000101001;2022;48,235;35,672;34,163;36,692;38,666;Medio-bajo;2097;0
4000101001;2023;48,234;35,373;31,593;38,023;38,249;Bajo;2097;0
4000201001;2021;49,586;32,539;38,337;47,478;43,022;Medio-bajo;2098;1
4000201001;2022;49,586;32,539;38,337;46,208;42,641;Medio-bajo;2098;1
4000201001;2023;49,586;32,938;38,337;44,171;42,090;Medio-bajo;2098;0
4000301001;2021;67,653;27,996;48,614;70,190;56,754;Alto;2099;1
4000301001;2022;67,663;27,996;46,046;65,788;54,666;Alto;2099;1
4000301001;2023;67,661;27,996;37,231;65,839;52,035;Alto;2099;1
4000401001;2021;58,964;38,160;39,644;40,476;44,501;Medio-alto;2100;1
4000401001;2022;58,963;37,792;37,433;41,083;43,964;Medio-alto;2100;1
4000401001;2023;58,963;37,792;35,693;40,448;43,252;Medio-bajo;2100;1
4000501001;2021;68,920;30,053;38,337;61,803;51,780;Alto;2101;1
4000501001;2022;68,833;30,053;38,337;64,413;52,541;Alto;2101;1
4000501001;2023;68,833;29,719;38,337;64,404;52,489;Alto;2101;1
4000601001;2021;63,436;9,272;38,337;71,654;50,247;Alto;2102;1
4000601001;2022;63,436;9,526;38,337;65,247;48,363;Alto;2102;1
4000601001;2023;63,530;9,526;38,337;64,316;48,107;Alto;2102;1
4000701001;2021;56,878;32,893;38,337;53,999;46,854;Medio-alto;2103;1
4000701001;2022;56,866;32,550;38,337;56,815;47,645;Medio-alto;2103;1
4000701001;2023;56,860;32,550;38,337;63,148;49,543;Alto;2103;1
4000801001;2021;68,095;28,397;38,337;49,746;47,709;Medio-alto;2104;1
4000801001;2022;68,070;29,228;38,337;42,819;45,749;Medio-alto;2104;1
4000801001;2023;68,045;28,397;38,337;46,873;46,834;Medio-alto;2104;1
4000901001;2021;62,851;34,192;38,337;54,385;48,658;Alto;2105;1
4000901001;2022;62,869;33,755;38,337;55,417;48,907;Alto;2105;1
4000901001;2023;62,833;33,755;38,337;56,312;49,166;Alto;2105;1
4001001001;2021;58,041;20,871;42,956;54,255;46,804;Medio-alto;2106;1
4001001001;2022;58,049;20,871;36,883;64,046;47,922;Alto;2106;1
4001001001;2023;58,057;21,151;37,651;62,847;47,837;Medio-alto;2106;1
4001201001;2021;60,597;32,478;40,969;41,881;44,876;Medio-alto;2107;1
4001201001;2022;60,596;32,787;39,201;41,385;44,243;Medio-alto;2107;1
4001201001;2023;60,598;32,787;38,168;41,387;43,934;Medio-alto;2107;1
4001301001;2021;60,948;26,297;38,337;69,802;51,623;Alto;2108;1
4001301001;2022;60,904;26,596;38,337;63,253;49,692;Alto;2108;1
4001301001;2023;60,925;26,896;38,337;60,606;48,949;Alto;2108;1
4001401001;2021;58,233;34,461;38,337;59,347;49,033;Alto;2109;1
4001401001;2022;58,233;35,811;38,337;55,917;48,206;Alto;2109;1
4001401001;2023;58,198;35,811;38,337;54,893;47,890;Alto;2109;1
4001501001;2021;61,178;26,714;38,337;64,458;50,140;Alto;2110;1
4001501001;2022;61,291;26,714;38,337;64,869;50,292;Alto;2110;1
4001501001;2023;61,356;26,354;38,337;63,013;49,697;Alto;2110;1
4001601001;2021;64,786;25,202;38,337;50,361;46,586;Medio-alto;2111;1
4001601001;2022;64,786;24,920;38,337;51,525;46,893;Medio-alto;2111;1
4001601001;2023;64,794;24,920;38,337;52,120;47,074;Medio-alto;2111;1
4001701001;2021;51,937;34,470;27,420;29,715;35,295;Bajo;2112;0
4001701001;2022;51,931;33,146;24,237;34,210;35,488;Bajo;2112;0
4001701001;2023;51,947;32,815;26,539;36,780;36,905;Bajo;2112;0
4001801001;2021;54,026;28,030;38,337;57,210;46,375;Medio-alto;2113;1
4001801001;2022;54,003;27,335;38,337;58,577;46,675;Medio-alto;2113;1
4001801001;2023;54,003;27,335;38,337;58,591;46,680;Medio-alto;2113;1
4001901001;2021;62,280;27,710;38,337;73,821;53,374;Alto;2114;1
4001901001;2022;62,322;28,023;38,337;65,599;50,965;Alto;2114;1
4001901001;2023;62,417;28,023;38,337;64,989;50,806;Alto;2114;1
4002001001;2021;63,041;34,653;39,517;56,690;49,820;Alto;2115;1
4002001001;2022;63,041;35,362;38,125;54,461;48,840;Alto;2115;1
4002001001;2023;63,032;35,007;36,282;55,497;48,543;Alto;2115;1
4002101001;2021;61,472;27,641;38,337;60,615;49,200;Alto;2116;1
4002101001;2022;61,249;27,048;38,337;65,488;50,517;Alto;2116;1
4002101001;2023;61,389;29,125;38,337;57,237;48,389;Alto;2116;1
4002201001;2021;54,490;29,620;28,766;48,131;41,134;Medio-bajo;2117;0
4002201001;2022;54,490;29,620;27,972;48,879;41,121;Medio-bajo;2117;0
4002201001;2023;54,494;29,620;25,848;49,170;40,572;Medio-bajo;2117;0
4002401001;2021;69,057;46,547;38,037;37,312;46,851;Medio-alto;2118;1
4002401001;2022;69,057;46,547;35,625;37,694;46,242;Medio-alto;2118;1
4002401001;2023;69,058;46,547;32,859;37,209;45,267;Medio-alto;2118;1
4002501001;2021;64,480;30,657;41,325;48,275;47,599;Medio-alto;2119;1
4002501001;2022;64,480;30,657;38,315;48,576;46,786;Medio-alto;2119;1
4002501001;2023;64,477;30,946;40,317;46,343;46,759;Medio-alto;2119;1
4002601001;2021;48,160;41,271;28,113;34,561;37,033;Bajo;2120;0
4002601001;2022;48,166;40,374;28,783;36,688;37,739;Bajo;2120;0
4002601001;2023;48,202;39,925;26,131;38,882;37,543;Bajo;2120;0
4002801001;2021;50,965;26,265;38,452;52,786;44,052;Medio-alto;2121;1
4002801001;2022;50,978;26,265;37,522;50,267;43,021;Medio-bajo;2121;1
4002801001;2023;50,949;26,265;34,391;51,105;42,326;Medio-bajo;2121;1
4002901001;2021;67,608;29,636;38,337;58,517;50,404;Alto;2122;1
4002901001;2022;67,438;29,636;38,337;55,230;49,375;Alto;2122;1
4002901001;2023;67,395;29,333;38,337;62,460;51,488;Alto;2122;1
4003001001;2021;59,240;30,956;37,273;44,717;44,050;Medio-alto;2123;1
4003001001;2022;59,237;30,706;35,068;46,612;43,919;Medio-alto;2123;1
4003001001;2023;59,239;30,706;32,712;47,199;43,389;Medio-bajo;2123;1
4003101001;2021;38,767;55,267;33,492;36,849;39,084;Medio-bajo;2124;0
4003101001;2022;38,759;55,267;31,925;36,353;38,463;Medio-bajo;2124;0
4003101001;2023;38,751;55,763;29,966;33,291;37,029;Bajo;2124;0
4003201001;2021;62,334;49,707;39,868;27,519;43,256;Medio-bajo;2125;1
4003201001;2022;62,337;50,141;36,603;25,718;41,801;Medio-bajo;2125;0
4003201001;2023;62,335;50,141;36,076;25,822;41,674;Medio-bajo;2125;0
4003301001;2021;47,582;34,981;38,337;42,174;41,296;Medio-bajo;2126;0
4003301001;2022;47,571;35,325;38,337;39,147;40,437;Medio-bajo;2126;0
4003301001;2023;47,582;34,981;38,337;39,822;40,591;Medio-bajo;2126;0
4003401001;2021;54,508;29,182;38,337;55,807;46,248;Medio-alto;2127;1
4003401001;2022;54,524;29,547;38,337;54,243;45,837;Medio-alto;2127;1
4003401001;2023;54,508;29,547;38,337;55,106;46,092;Medio-alto;2127;1
4003501001;2021;47,275;39,920;33,908;41,578;40,453;Medio-bajo;2128;0
4003501001;2022;47,259;40,303;28,985;40,451;38,691;Medio-bajo;2128;0
4003501001;2023;47,246;40,303;29,914;41,427;39,259;Medio-bajo;2128;0
4003601001;2021;58,498;32,501;42,237;37,382;43,385;Medio-bajo;2129;1
4003601001;2022;58,498;32,215;39,785;39,139;43,134;Medio-bajo;2129;1
4003601001;2023;58,499;32,215;34,869;39,352;41,723;Medio-bajo;2129;0
4003701001;2021;62,938;26,737;38,337;60,433;49,376;Alto;2130;1
4003701001;2022;62,873;26,737;38,337;66,428;51,159;Alto;2130;1
4003701001;2023;63,083;26,737;38,337;68,402;51,803;Alto;2130;1
4003901001;2021;65,004;31,638;31,974;43,114;43,523;Medio-bajo;2131;1
4003901001;2022;65,005;31,984;31,185;41,158;42,752;Medio-bajo;2131;1
4003901001;2023;65,003;31,638;30,432;41,237;42,497;Medio-bajo;2131;1
4004001001;2021;56,914;36,163;43,137;38,070;44,015;Medio-alto;2132;1
4004001001;2022;56,915;36,163;38,660;37,799;42,591;Medio-bajo;2132;1
4004001001;2023;56,915;36,163;37,740;37,347;42,179;Medio-bajo;2132;0
4004001002;2021;57,171;51,191;40,429;33,540;44,162;Medio-alto;2133;1
4004001002;2022;57,171;51,191;37,985;33,341;43,369;Medio-bajo;2133;1
4004001002;2023;57,170;50,806;36,048;33,899;42,898;Medio-bajo;2133;1
4004002001;2021;60,702;36,208;41,594;36,754;44,111;Medio-alto;2134;1
4004002001;2022;60,701;36,516;39,184;35,106;42,939;Medio-bajo;2134;1
4004002001;2023;60,700;36,516;37,400;35,519;42,528;Medio-bajo;2134;1
4004101001;2021;50,614;48,205;39,082;35,171;42,160;Medio-bajo;2135;0
4004101001;2022;50,615;48,205;34,878;35,321;40,944;Medio-bajo;2135;0
4004101001;2023;50,614;47,829;34,173;35,926;40,857;Medio-bajo;2135;0
4004301001;2021;55,297;44,412;35,926;32,895;41,132;Medio-bajo;2136;0
4004301001;2022;55,297;44,412;34,805;32,733;40,747;Medio-bajo;2136;0
4004301001;2023;55,297;44,412;32,926;32,978;40,257;Medio-bajo;2136;0
4004301002;2021;55,906;36,460;40,095;38,642;43,067;Medio-bajo;2137;1
4004301002;2022;55,905;36,460;37,115;38,158;42,027;Medio-bajo;2137;0
4004301002;2023;55,905;36,460;36,371;37,586;41,632;Medio-bajo;2137;0
4004401001;2021;63,886;39,159;46,965;50,468;51,075;Alto;2138;1
4004401001;2022;63,886;39,159;39,280;49,562;48,498;Alto;2138;1
4004401001;2023;63,895;38,817;37,315;51,578;48,464;Alto;2138;1
4004501001;2021;68,719;35,070;44,161;43,465;48,728;Alto;2139;1
4004501001;2022;68,717;35,070;37,405;42,478;46,404;Medio-alto;2139;1
4004501001;2023;68,719;35,070;34,730;42,778;45,693;Medio-alto;2139;1
4004601001;2021;66,194;42,682;50,169;45,479;51,645;Alto;2140;1
4004601001;2022;66,195;42,682;38,167;46,905;48,473;Alto;2140;1
4004601001;2023;66,201;42,295;34,186;48,014;47,555;Medio-alto;2140;1
4004701001;2021;64,684;28,367;38,337;53,293;47,915;Alto;2141;1
4004701001;2022;64,695;28,367;38,337;58,319;49,426;Alto;2141;1
4004701001;2023;64,717;28,758;38,337;55,250;48,569;Alto;2141;1
4004801001;2021;65,669;36,231;38,337;75,254;55,929;Alto;2142;1
4004801001;2022;65,700;35,815;38,337;76,811;56,342;Alto;2142;1
4004801001;2023;65,700;35,815;38,337;76,111;56,132;Alto;2142;1
4004901001;2021;66,072;26,414;38,337;62,374;50,693;Alto;2143;1
4004901001;2022;66,072;27,035;38,337;58,090;49,501;Alto;2143;1
4004901001;2023;66,021;27,035;38,337;58,237;49,533;Alto;2143;1
4005101001;2021;64,538;30,363;38,337;52,984;48,085;Alto;2144;1
4005101001;2022;64,586;31,074;38,337;48,830;46,958;Medio-alto;2144;1
4005101001;2023;64,678;30,363;38,337;54,481;48,569;Alto;2144;1
4005201001;2021;64,617;29,117;38,337;48,930;46,702;Medio-alto;2145;1
4005201001;2022;64,621;28,521;38,337;52,980;47,828;Medio-alto;2145;1
4005201001;2023;64,635;28,521;38,337;53,147;47,882;Alto;2145;1
4005301001;2021;70,554;37,272;41,246;42,141;48,245;Alto;2146;1
4005301001;2022;70,539;37,272;40,628;39,780;47,348;Medio-alto;2146;1
4005301001;2023;70,532;37,622;39,259;34,340;45,356;Medio-alto;2146;1
4005401001;2021;73,529;51,138;38,638;50,764;52,873;Alto;2147;1
4005401001;2022;73,527;51,975;31,923;49,177;50,508;Alto;2147;1
4005401001;2023;73,529;52,813;33,570;46,861;50,433;Alto;2147;1
4005501001;2021;65,257;26,373;38,337;52,494;47,520;Medio-alto;2148;1
4005501001;2022;65,220;26,108;38,337;52,967;47,612;Medio-alto;2148;1
4005501001;2023;65,277;26,373;38,337;52,290;47,464;Medio-alto;2148;1
4005601001;2021;67,314;34,605;38,337;62,024;52,128;Alto;2149;1
4005601001;2022;67,096;34,266;38,337;59,313;51,209;Alto;2149;1
4005601001;2023;67,250;32,910;38,337;68,598;53,830;Alto;2149;1
4005701001;2021;58,380;36,989;44,054;41,316;45,754;Medio-alto;2150;1
4005701001;2022;58,381;36,989;41,825;41,654;45,187;Medio-alto;2150;1
4005701001;2023;58,382;36,644;41,150;42,180;45,091;Medio-alto;2150;1
4005701002;2021;57,080;49,840;42,094;36,161;45,222;Medio-alto;2151;1
4005701002;2022;57,080;49,840;38,838;35,834;44,148;Medio-alto;2151;1
4005701002;2023;57,080;49,436;37,118;37,114;43,955;Medio-alto;2151;1
4005801001;2021;58,601;23,327;39,905;46,517;44,076;Medio-alto;2152;1
4005801001;2022;58,600;23,327;37,506;45,818;43,146;Medio-bajo;2152;1
4005801001;2023;58,603;23,060;36,506;47,439;43,293;Medio-bajo;2152;1
4005901001;2021;54,078;37,548;28,943;45,571;41,506;Medio-bajo;2153;0
4005901001;2022;54,078;37,548;26,948;46,215;41,101;Medio-bajo;2153;0
4005901001;2023;54,081;36,733;24,797;48,741;41,092;Medio-bajo;2153;0
4006001001;2021;64,415;28,291;38,337;53,108;47,781;Medio-alto;2154;1
4006001001;2022;64,391;28,803;38,337;49,742;46,842;Medio-alto;2154;1
4006001001;2023;64,399;28,291;38,337;51,822;47,391;Medio-alto;2154;1
4006101001;2021;71,228;30,517;38,337;43,441;46,918;Medio-alto;2155;1
4006101001;2022;71,187;29,915;38,337;47,487;48,031;Alto;2155;1
4006101001;2023;71,207;29,613;38,337;51,083;49,070;Alto;2155;1
4006201001;2021;57,234;28,657;38,337;57,315;47,303;Medio-alto;2156;1
4006201001;2022;57,222;28,989;38,337;60,359;48,263;Alto;2156;1
4006201001;2023;57,246;28,989;38,337;61,753;48,687;Alto;2156;1
4006301001;2021;51,045;41,020;45,233;38,102;43,915;Medio-alto;2157;1
4006301001;2022;51,047;41,020;43,292;38,428;43,431;Medio-bajo;2157;1
4006301001;2023;51,047;40,588;40,814;40,057;43,111;Medio-bajo;2157;1
4006301002;2021;51,261;50,880;41,869;32,973;42,900;Medio-bajo;2158;1
4006301002;2022;51,260;50,880;39,838;32,926;42,276;Medio-bajo;2158;0
4006301002;2023;51,260;50,880;37,850;33,432;41,832;Medio-bajo;2158;0
4006301003;2021;54,339;37,908;44,107;41,217;44,868;Medio-alto;2159;1
4006301003;2022;54,340;37,908;39,944;41,614;43,739;Medio-alto;2159;1
4006301003;2023;54,338;38,272;37,873;39,946;42,671;Medio-bajo;2159;1
4006302001;2021;51,013;50,448;39,580;33,904;42,366;Medio-bajo;2160;1
4006302001;2022;51,013;50,035;36,044;35,232;41,641;Medio-bajo;2160;0
4006302001;2023;51,013;50,035;34,495;35,335;41,208;Medio-bajo;2160;0
4006302002;2021;51,743;54,702;37,018;32,792;42,084;Medio-bajo;2161;0
4006302002;2022;51,743;54,702;34,806;32,819;41,429;Medio-bajo;2161;0
4006302002;2023;51,743;54,237;32,408;33,940;40,976;Medio-bajo;2161;0
4006302003;2021;60,520;32,773;42,346;33,075;42,672;Medio-bajo;2162;1
4006302003;2022;60,522;32,773;40,019;33,303;42,043;Medio-bajo;2162;0
4006302003;2023;60,522;32,773;36,709;34,392;41,377;Medio-bajo;2162;0
4006302004;2021;54,515;62,125;40,300;33,387;45,054;Medio-alto;2163;1
4006302004;2022;54,515;62,125;37,350;33,691;44,260;Medio-alto;2163;1
4006302004;2023;54,515;61,544;36,565;35,253;44,406;Medio-alto;2163;1
4006501001;2021;58,012;40,437;38,220;29,988;41,031;Medio-bajo;2164;0
4006501001;2022;58,013;40,437;37,485;29,854;40,770;Medio-bajo;2164;0
4006501001;2023;58,012;40,754;33,241;28,034;38,999;Medio-bajo;2164;0
4006801001;2021;62,669;17,024;38,337;52,767;45,552;Medio-alto;2165;1
4006801001;2022;62,748;18,231;38,337;39,615;41,807;Medio-bajo;2165;0
4006801001;2023;62,600;17,748;38,337;44,193;43,071;Medio-bajo;2165;1
4006901001;2021;55,686;28,302;38,337;40,031;41,677;Medio-bajo;2166;0
4006901001;2022;55,697;28,564;38,337;37,835;41,060;Medio-bajo;2166;0
4006901001;2023;55,686;28,040;38,337;40,876;41,892;Medio-bajo;2166;0
4007001001;2021;68,711;49,517;34,522;48,202;49,423;Alto;2167;1
4007001001;2022;68,717;49,111;29,796;50,627;48,673;Alto;2167;1
4007001001;2023;68,736;49,517;26,652;48,685;47,212;Medio-alto;2167;1
4007101001;2021;64,753;29,048;38,337;51,262;47,425;Medio-alto;2168;1
4007101001;2022;64,753;28,488;38,337;50,166;47,012;Medio-alto;2168;1
4007101001;2023;64,820;28,488;38,337;48,317;46,474;Medio-alto;2168;1
4007201001;2021;43,619;38,585;25,021;33,470;34,240;Bajo;2169;0
4007201001;2022;43,616;38,585;23,286;33,136;33,618;Bajo;2169;0
4007201001;2023;43,614;38,585;22,638;32,123;33,120;Bajo;2169;0
4007301001;2021;58,722;32,291;41,461;39,014;43,667;Medio-bajo;2170;1
4007301001;2022;58,724;32,291;37,657;39,607;42,704;Medio-bajo;2170;1
4007301001;2023;58,726;32,291;34,366;39,868;41,795;Medio-bajo;2170;0
4007401001;2021;54,958;33,168;35,494;43,819;42,509;Medio-bajo;2171;1
4007401001;2022;54,960;33,168;32,379;43,559;41,497;Medio-bajo;2171;0
4007401001;2023;54,962;33,168;28,797;43,481;40,399;Medio-bajo;2171;0
4007501001;2021;54,847;31,683;29,405;46,173;41,137;Medio-bajo;2172;0
4007501001;2022;54,835;31,683;25,756;46,634;40,178;Medio-bajo;2172;0
4007501001;2023;54,834;31,398;23,395;49,012;40,140;Medio-bajo;2172;0
4007601001;2021;50,135;62,929;40,711;33,622;44,273;Medio-alto;2173;1
4007601001;2022;50,135;62,929;37,809;33,708;43,428;Medio-bajo;2173;1
4007601001;2023;50,134;62,326;36,239;34,634;43,144;Medio-bajo;2173;1
4007601002;2021;52,278;54,440;33,966;33,260;41,404;Medio-bajo;2174;0
4007601002;2022;52,277;54,440;31,870;32,553;40,562;Medio-bajo;2174;0
4007601002;2023;52,275;54,440;31,171;33,281;40,570;Medio-bajo;2174;0
4007601003;2021;54,538;57,726;40,464;35,445;45,066;Medio-alto;2175;1
4007601003;2022;54,538;57,172;37,680;37,050;44,629;Medio-alto;2175;1
4007601003;2023;54,538;57,172;36,173;37,286;44,248;Medio-alto;2175;1
4007601004;2021;52,996;53,463;33,788;36,632;42,395;Medio-bajo;2176;1
4007601004;2022;52,996;53,915;32,601;35,881;41,881;Medio-bajo;2176;0
4007601004;2023;52,995;53,463;30,705;36,243;41,353;Medio-bajo;2176;0
4007602001;2021;53,752;61,026;34,422;29,950;41,904;Medio-bajo;2177;0
4007602001;2022;53,752;61,026;33,348;29,839;41,548;Medio-bajo;2177;0
4007602001;2023;53,752;61,026;32,160;30,704;41,451;Medio-bajo;2177;0
4007602002;2021;55,567;48,671;35,943;36,322;42,872;Medio-bajo;2178;1
4007602002;2022;55,567;48,671;33,002;35,294;41,681;Medio-bajo;2178;0
4007602002;2023;55,565;49,065;31,769;32,938;40,663;Medio-bajo;2178;0
4007602003;2021;57,117;46,377;42,835;37,977;45,479;Medio-alto;2179;1
4007602003;2022;57,118;46,377;39,492;38,118;44,519;Medio-alto;2179;1
4007602003;2023;57,118;45,902;39,075;38,405;44,409;Medio-alto;2179;1
4007603001;2021;54,614;52,702;36,303;41,224;44,817;Medio-alto;2180;1
4007603001;2022;54,614;52,702;32,966;40,640;43,640;Medio-bajo;2180;1
4007603001;2023;54,612;52,291;30,792;41,944;43,317;Medio-bajo;2180;1
4007604001;2021;52,456;65,869;33,903;33,939;43,347;Medio-bajo;2181;1
4007604001;2022;52,455;65,869;31,423;33,878;42,584;Medio-bajo;2181;1
4007604001;2023;52,454;65,869;30,011;34,044;42,210;Medio-bajo;2181;0
4007701001;2021;40,923;56,742;32,363;33,633;38,541;Medio-bajo;2182;0
4007701001;2022;40,923;56,742;30,496;33,682;37,996;Bajo;2182;0
4007701001;2023;40,921;56,742;28,129;33,866;37,340;Bajo;2182;0
4007801001;2021;58,893;29,257;37,352;41,026;42,625;Medio-bajo;2183;1
4007801001;2022;58,878;28,986;35,074;40,627;41,778;Medio-bajo;2183;0
4007801001;2023;58,877;28,986;30,061;40,837;40,337;Medio-bajo;2183;0
4007901001;2021;69,697;46,385;31,767;47,541;48,174;Alto;2184;1
4007901001;2022;69,695;46,385;29,849;48,983;48,031;Alto;2184;1
4007901001;2023;69,699;46,385;29,801;49,872;48,284;Alto;2184;1
4008001001;2021;64,606;40,903;38,337;45,618;47,474;Medio-alto;2185;1
4008001001;2022;64,619;41,297;38,337;42,051;46,466;Medio-alto;2185;1
4008001001;2023;64,598;40,903;38,337;44,817;47,231;Medio-alto;2185;1
4008101001;2021;65,388;33,551;38,383;56,010;49,698;Alto;2186;1
4008101001;2022;65,377;33,226;36,038;55,896;48,908;Alto;2186;1
4008101001;2023;65,361;33,226;33,638;59,131;49,155;Alto;2186;1
4008201001;2021;55,996;21,633;36,899;59,135;46,054;Medio-alto;2187;1
4008201001;2022;56,016;21,633;36,889;58,078;45,739;Medio-alto;2187;1
4008201001;2023;56,012;21,633;38,337;58,695;46,358;Medio-alto;2187;1
4008301001;2021;65,859;28,469;48,616;28,965;44,009;Medio-alto;2188;1
4008301001;2022;65,821;28,793;49,325;31,089;44,898;Medio-alto;2188;1
4008301001;2023;65,747;28,793;44,099;28,885;42,651;Medio-bajo;2188;1
4008401001;2021;58,426;24,466;38,337;47,977;44,171;Medio-alto;2189;1
4008401001;2022;58,466;24,466;38,337;45,604;43,469;Medio-bajo;2189;1
4008401001;2023;58,391;24,466;38,337;47,896;44,138;Medio-alto;2189;1
4008601001;2021;62,405;38,250;35,665;41,381;44,453;Medio-alto;2190;1
4008601001;2022;62,406;37,935;32,402;42,493;43,760;Medio-alto;2190;1
4008601001;2023;62,407;38,250;31,033;41,529;43,108;Medio-bajo;2190;1
4008701001;2021;65,304;28,422;38,337;58,037;49,502;Alto;2191;1
4008701001;2022;65,326;28,422;38,337;58,005;49,498;Alto;2191;1
4008701001;2023;65,376;28,696;38,337;57,930;49,529;Alto;2191;1
4008801001;2021;62,262;34,770;41,564;43,084;46,175;Medio-alto;2192;1
4008801001;2022;62,261;35,094;40,000;41,921;45,406;Medio-alto;2192;1
4008801001;2023;62,267;34,770;39,276;43,269;45,545;Medio-alto;2192;1
4008901001;2021;61,617;32,836;34,398;47,885;45,015;Medio-alto;2193;1
4008901001;2022;61,612;33,118;36,466;46,655;45,307;Medio-alto;2193;1
4008901001;2023;61,605;32,836;32,185;48,871;44,643;Medio-alto;2193;1
4009101001;2021;63,192;29,058;38,961;50,008;46,847;Medio-alto;2194;1
4009101001;2022;63,212;28,725;38,337;52,911;47,486;Medio-alto;2194;1
4009101001;2023;63,231;28,392;39,602;54,442;48,280;Alto;2194;1
4009201001;2021;66,776;34,948;38,615;45,900;47,291;Medio-alto;2195;1
4009201001;2022;66,770;35,318;39,905;43,871;47,123;Medio-alto;2195;1
4009201001;2023;66,753;34,578;35,303;49,145;47,209;Medio-alto;2195;1
4009301001;2021;59,574;38,559;45,299;40,585;46,443;Medio-alto;2196;1
4009301001;2022;59,571;37,714;38,337;42,469;44,792;Medio-alto;2196;1
4009301001;2023;59,578;37,714;38,337;42,717;44,868;Medio-alto;2196;1
4009401001;2021;47,985;39,395;33,157;34,392;38,170;Bajo;2197;0
4009401001;2022;47,982;39,731;30,603;32,814;36,980;Bajo;2197;0
4009401001;2023;47,982;39,731;26,854;33,190;35,968;Bajo;2197;0
4009501001;2021;62,526;27,756;40,856;31,432;41,481;Medio-bajo;2198;0
4009501001;2022;62,527;27,536;37,877;32,841;40,978;Medio-bajo;2198;0
4009501001;2023;62,528;27,536;32,405;33,865;39,644;Medio-bajo;2198;0
4009701001;2021;64,426;46,577;33,734;30,514;42,368;Medio-bajo;2199;1
4009701001;2022;64,424;46,201;30,415;31,370;41,572;Medio-bajo;2199;0
4009701001;2023;64,421;46,201;29,451;31,884;41,436;Medio-bajo;2199;0
4009901001;2021;60,305;32,545;38,337;48,078;45,882;Medio-alto;2200;1
4009901001;2022;60,271;30,995;38,337;52,213;46,882;Medio-alto;2200;1
4009901001;2023;60,320;30,995;38,337;54,336;47,531;Medio-alto;2200;1
4010001001;2021;68,651;39,624;41,120;48,148;49,886;Alto;2201;1
4010001001;2022;68,646;39,624;41,897;47,376;49,887;Alto;2201;1
4010001001;2023;68,646;39,624;37,020;48,356;48,718;Alto;2201;1
4010101001;2021;41,022;57,822;35,112;27,621;37,749;Bajo;2202;0
4010101001;2022;41,021;57,822;31,867;27,975;36,881;Bajo;2202;0
4010101001;2023;41,020;57,822;30,226;27,869;36,357;Bajo;2202;0
4010301001;2021;45,374;35,666;33,929;44,169;40,123;Medio-bajo;2203;0
4010301001;2022;45,361;36,084;29,430;44,098;38,811;Medio-bajo;2203;0
4010301001;2023;45,371;35,666;28,862;45,157;38,898;Medio-bajo;2203;0
4010401001;2021;56,177;59,305;35,249;40,392;45,632;Medio-alto;2204;1
4010401001;2022;56,169;58,695;32,900;41,596;45,196;Medio-alto;2204;1
4010401001;2023;56,167;58,085;32,063;42,779;45,207;Medio-alto;2204;1
4010501001;2021;52,576;32,272;38,337;47,301;43,676;Medio-bajo;2205;1
4010501001;2022;52,546;31,587;38,337;49,759;44,303;Medio-alto;2205;1
4010501001;2023;52,561;31,244;38,337;53,571;45,399;Medio-alto;2205;1
4010601001;2021;59,486;28,696;46,759;51,544;48,667;Alto;2206;1
4010601001;2022;59,478;28,696;45,400;52,678;48,597;Alto;2206;1
4010601001;2023;59,483;28,696;42,688;52,052;47,597;Medio-alto;2206;1
4010701001;2021;53,020;33,259;46,971;44,264;45,614;Medio-alto;2207;1
4010701001;2022;53,024;32,917;43,582;45,055;44,785;Medio-alto;2207;1
4010701001;2023;52,994;32,917;47,106;44,591;45,695;Medio-alto;2207;1
4010801001;2021;59,521;32,710;42,386;63,046;51,416;Alto;2208;1
4010801001;2022;59,525;32,710;44,472;63,320;52,125;Alto;2208;1
4010801001;2023;59,512;33,077;40,363;61,998;50,548;Alto;2208;1
4010901001;2021;69,882;30,232;38,337;45,265;47,086;Medio-alto;2209;1
4010901001;2022;69,866;30,518;38,337;42,360;46,253;Medio-alto;2209;1
4010901001;2023;69,849;30,518;38,337;41,032;45,851;Medio-alto;2209;1
4011001001;2021;64,745;37,015;44,524;55,350;51,700;Alto;2210;1
4011001001;2022;64,747;37,407;43,019;53,509;50,756;Alto;2210;1
4011001001;2023;64,748;37,407;39,955;52,798;49,624;Alto;2210;1
4011101001;2021;53,881;34,477;38,337;41,119;42,479;Medio-bajo;2211;1
4011101001;2022;53,863;34,477;38,337;41,249;42,513;Medio-bajo;2211;1
4011101001;2023;53,817;34,477;38,337;41,262;42,505;Medio-bajo;2211;1
4011201001;2021;31,153;54,670;29,630;32,783;34,713;Bajo;2212;0
4011201001;2022;31,152;55,092;26,791;31,906;33,661;Bajo;2212;0
4011201001;2023;31,152;55,092;25,871;32,028;33,422;Bajo;2212;0
4011201002;2021;31,996;50,924;25,639;30,974;32,621;Bajo;2213;0
4011201002;2022;31,994;50,924;23,651;30,110;31,765;Bajo;2213;0
4011201002;2023;31,991;51,229;21,630;29,050;30,886;Bajo;2213;0
4011301001;2021;45,406;45,005;30,207;37,465;38,404;Medio-bajo;2214;0
4011301001;2022;45,404;45,005;28,672;37,796;38,042;Bajo;2214;0
4011301001;2023;45,403;45,005;26,531;37,472;37,302;Bajo;2214;0
4011501001;2021;62,608;33,233;34,862;50,149;46,140;Medio-alto;2215;1
4011501001;2022;62,614;33,558;30,446;50,520;44,977;Medio-alto;2215;1
4011501001;2023;62,625;33,233;27,504;53,071;44,814;Medio-alto;2215;1
4011801001;2021;54,312;23,673;38,337;52,858;44,488;Medio-alto;2216;1
4011801001;2022;54,312;24,214;38,337;50,502;43,862;Medio-alto;2216;1
4011801001;2023;54,337;24,214;38,337;49,919;43,693;Medio-bajo;2216;1
4011901001;2021;47,135;35,379;33,678;35,461;37,832;Bajo;2217;0
4011901001;2022;47,130;35,692;27,265;34,022;35,522;Bajo;2217;0
4011901001;2023;47,117;35,379;29,225;35,206;36,415;Bajo;2217;0
4012001001;2021;53,247;35,290;36,887;35,934;40,452;Medio-bajo;2218;0
4012001001;2022;53,238;35,585;30,896;34,076;38,139;Bajo;2218;0
4012001001;2023;53,204;35,290;28,623;35,936;37,962;Bajo;2218;0
4012101001;2021;59,986;30,489;48,956;49,953;49,243;Alto;2219;1
4012101001;2022;59,992;30,489;45,604;50,146;48,296;Alto;2219;1
4012101001;2023;59,987;30,152;43,039;51,380;47,845;Medio-alto;2219;1
4012201001;2021;52,148;58,982;38,332;46,428;47,312;Medio-alto;2220;1
4012201001;2022;52,147;58,982;37,512;45,933;46,918;Medio-alto;2220;1
4012201001;2023;52,145;58,982;36,748;45,373;46,520;Medio-alto;2220;1
4012301001;2021;61,156;35,784;35,765;43,852;44,542;Medio-alto;2221;1
4012301001;2022;61,156;36,511;32,463;40,623;42,692;Medio-bajo;2221;1
4012301001;2023;61,146;36,511;31,667;41,407;42,685;Medio-bajo;2221;1
4012401001;2021;51,718;33,281;44,233;40,636;43,382;Medio-bajo;2222;1
4012401001;2022;51,713;33,281;41,009;41,273;42,605;Medio-bajo;2222;1
4012401001;2023;51,707;32,979;36,582;42,364;41,557;Medio-bajo;2222;0
4012501001;2021;64,233;29,272;38,337;51,918;47,525;Medio-alto;2223;1
4012501001;2022;64,256;28,979;38,337;56,499;48,862;Alto;2223;1
4012501001;2023;64,276;28,979;38,337;54,652;48,313;Alto;2223;1
4012601001;2021;58,581;28,791;38,337;66,308;50,358;Alto;2224;1
4012601001;2022;58,558;29,131;38,337;63,488;49,557;Alto;2224;1
4012601001;2023;58,523;29,131;38,337;62,072;49,123;Alto;2224;1
4012701001;2021;63,891;29,318;38,337;61,673;50,374;Alto;2225;1
4012701001;2022;63,728;29,983;38,337;55,731;48,650;Alto;2225;1
4012701001;2023;63,580;29,318;38,337;58,931;49,473;Alto;2225;1
4012801001;2021;62,291;24,535;36,812;49,331;45,096;Medio-alto;2226;1
4012801001;2022;62,289;24,535;33,525;48,972;44,002;Medio-alto;2226;1
4012801001;2023;62,280;24,535;30,725;48,957;43,155;Medio-bajo;2226;1
4012901001;2021;55,845;31,431;35,627;49,313;44,158;Medio-alto;2227;1
4012901001;2022;55,848;31,431;37,012;50,845;45,034;Medio-alto;2227;1
4012901001;2023;55,863;31,705;35,887;48,965;44,177;Medio-alto;2227;1
4013001001;2021;53,036;38,623;35,750;51,342;45,180;Medio-alto;2228;1
4013001001;2022;53,042;38,217;34,126;52,701;45,041;Medio-alto;2228;1
4013001001;2023;53,059;38,217;34,360;53,667;45,405;Medio-alto;2228;1
4013101001;2021;55,894;37,487;38,337;43,793;44,236;Medio-alto;2229;1
4013101001;2022;55,905;37,072;38,337;44,627;44,426;Medio-alto;2229;1
4013101001;2023;55,894;36,657;38,337;47,141;45,116;Medio-alto;2229;1
4013201001;2021;63,053;32,175;38,337;65,890;51,858;Alto;2230;1
4013201001;2022;63,065;31,799;38,337;67,146;52,181;Alto;2230;1
4013201001;2023;63,103;32,175;38,337;67,126;52,241;Alto;2230;1
4013401001;2021;57,646;40,622;38,198;36,755;42,991;Medio-bajo;2231;1
4013401001;2022;57,645;40,622;36,762;35,758;42,261;Medio-bajo;2231;0
4013401001;2023;57,644;40,622;34,906;35,916;41,751;Medio-bajo;2231;0
4013501001;2021;54,371;31,334;46,347;43,154;45,143;Medio-alto;2232;1
4013501001;2022;54,370;31,023;42,374;44,123;44,195;Medio-alto;2232;1
4013501001;2023;54,373;31,023;39,463;43,202;43,046;Medio-bajo;2232;1
4013601001;2021;56,000;28,247;42,162;43,358;43,893;Medio-alto;2233;1
4013601001;2022;56,021;28,516;41,414;41,192;43,065;Medio-bajo;2233;1
4013601001;2023;56,002;28,785;39,160;39,457;41,903;Medio-bajo;2233;0
4013801001;2021;59,462;51,060;44,024;37,518;46,987;Medio-alto;2234;1
4013801001;2022;59,462;50,636;41,229;39,073;46,552;Medio-alto;2234;1
4013801001;2023;59,463;50,636;40,063;38,754;46,106;Medio-alto;2234;1
4013801002;2021;54,979;49,929;39,660;35,262;43,711;Medio-alto;2235;1
4013801002;2022;54,979;49,555;36,767;35,998;43,007;Medio-bajo;2235;1
4013801002;2023;54,978;49,929;34,791;34,341;41,973;Medio-bajo;2235;0
4013901001;2021;54,648;43,770;36,431;49,948;46,141;Medio-alto;2236;1
4013901001;2022;54,653;43,385;35,389;50,867;46,048;Medio-alto;2236;1
4013901001;2023;54,655;43,385;34,689;50,965;45,868;Medio-alto;2236;1
4014001001;2021;65,350;40,334;38,337;48,873;48,551;Alto;2237;1
4014001001;2022;65,337;40,334;38,337;47,097;48,015;Alto;2237;1
4014001001;2023;65,343;40,679;38,337;45,856;47,696;Medio-alto;2237;1
4014101001;2021;60,884;39,160;39,798;34,990;43,532;Medio-bajo;2238;1
4014101001;2022;60,885;39,160;38,833;34,850;43,200;Medio-bajo;2238;1
4014101001;2023;60,884;39,160;37,413;34,503;42,670;Medio-bajo;2238;1
4014201001;2021;64,500;31,549;38,337;45,970;46,150;Medio-alto;2239;1
4014201001;2022;64,510;31,176;38,337;47,079;46,429;Medio-alto;2239;1
4014201001;2023;64,542;31,922;38,337;41,839;44,977;Medio-alto;2239;1
4014301001;2021;64,632;39,313;38,337;48,641;48,149;Alto;2240;1
4014301001;2022;64,636;38,904;38,337;50,011;48,499;Alto;2240;1
4014301001;2023;64,636;38,904;38,337;49,345;48,299;Alto;2240;1
4014401001;2021;65,803;33,585;38,337;62,648;51,784;Alto;2241;1
4014401001;2022;65,861;34,431;38,337;61,532;51,591;Alto;2241;1
4014401001;2023;65,995;32,739;38,337;66,434;52,841;Alto;2241;1
4014501001;2021;61,648;43,410;42,071;41,427;46,973;Medio-alto;2242;1
4014501001;2022;61,649;43,034;40,006;42,525;46,627;Medio-alto;2242;1
4014501001;2023;61,649;43,034;36,831;42,675;45,719;Medio-alto;2242;1
4014601001;2021;55,222;45,590;39,934;40,136;44,665;Medio-alto;2243;1
4014601001;2022;55,225;46,076;36,047;39,549;43,396;Medio-bajo;2243;1
4014601001;2023;55,219;46,076;35,025;38,879;42,888;Medio-bajo;2243;1
4014801001;2021;59,356;32,996;41,970;46,701;46,390;Medio-alto;2244;1
4014801001;2022;59,358;32,996;37,723;46,212;44,970;Medio-alto;2244;1
4014801001;2023;59,360;32,996;37,732;46,437;45,040;Medio-alto;2244;1
4014901001;2021;65,686;29,901;41,734;48,556;47,994;Alto;2245;1
4014901001;2022;65,686;29,901;36,542;49,083;46,594;Medio-alto;2245;1
4014901001;2023;65,690;29,901;35,846;49,052;46,377;Medio-alto;2245;1
4015001001;2021;64,935;30,288;38,337;61,844;50,831;Alto;2246;1
4015001001;2022;64,935;30,288;38,337;59,826;50,226;Alto;2246;1
4015001001;2023;64,956;30,288;38,337;60,571;50,455;Alto;2246;1
4015101001;2021;60,604;22,937;38,337;47,663;44,392;Medio-alto;2247;1
4015101001;2022;60,584;23,687;38,337;41,655;42,697;Medio-bajo;2247;1
4015101001;2023;60,530;23,937;38,337;33,271;40,205;Medio-bajo;2247;0
4015201001;2021;50,788;44,640;36,646;37,378;41,600;Medio-bajo;2248;0
4015201001;2022;50,788;44,640;33,059;38,095;40,739;Medio-bajo;2248;0
4015201001;2023;50,788;44,640;31,292;37,424;40,008;Medio-bajo;2248;0
4015401001;2021;66,154;25,662;38,337;56,100;48,719;Alto;2249;1
4015401001;2022;66,154;25,954;38,337;57,535;49,193;Alto;2249;1
4015401001;2023;66,111;25,662;38,337;57,713;49,192;Alto;2249;1
4015501001;2021;38,308;59,368;30,146;30,043;36,539;Bajo;2250;0
4015501001;2022;38,308;59,368;27,791;30,121;35,856;Bajo;2250;0
4015501001;2023;38,308;59,368;26,059;30,358;35,407;Bajo;2250;0
4015501002;2021;35,577;60,148;26,061;34,285;36,020;Bajo;2251;0
4015501002;2022;35,576;60,148;23,583;34,178;35,244;Bajo;2251;0
4015501002;2023;35,575;60,148;21,690;34,022;34,630;Bajo;2251;0
4015601001;2021;61,598;33,790;32,212;44,529;43,490;Medio-bajo;2252;1
4015601001;2022;61,598;34,131;26,622;42,894;41,374;Medio-bajo;2252;0
4015601001;2023;61,595;33,790;25,084;44,250;41,268;Medio-bajo;2252;0
4015701001;2021;55,828;35,178;38,337;59,103;48,466;Alto;2253;1
4015701001;2022;55,918;35,544;38,337;57,614;48,096;Alto;2253;1
4015701001;2023;55,935;35,544;38,337;58,229;48,285;Alto;2253;1
4015801001;2021;68,357;26,722;38,337;65,638;52,290;Alto;2254;1
4015801001;2022;68,209;27,448;38,337;58,647;50,265;Alto;2254;1
4015801001;2023;67,767;27,448;38,337;56,902;49,631;Alto;2254;1
4015901001;2021;62,460;34,928;42,404;37,007;44,678;Medio-alto;2255;1
4015901001;2022;62,461;34,928;40,851;36,309;44,002;Medio-alto;2255;1
4015901001;2023;62,458;35,561;39,242;31,810;42,264;Medio-bajo;2255;0
4016001001;2021;59,624;26,827;44,736;60,891;50,618;Alto;2256;1
4016001001;2022;59,549;26,827;38,337;55,891;47,180;Medio-alto;2256;1
4016001001;2023;59,576;26,245;38,337;68,607;50,914;Alto;2256;1
4016101001;2021;63,857;37,939;38,337;34,186;43,412;Medio-bajo;2257;1
4016101001;2022;63,890;39,940;38,337;29,059;42,182;Medio-bajo;2257;0
4016101001;2023;63,797;40,340;38,337;26,694;41,510;Medio-bajo;2257;0
4016201001;2021;64,987;37,486;39,460;39,696;45,617;Medio-alto;2258;1
4016201001;2022;64,988;37,138;36,522;41,132;45,114;Medio-alto;2258;1
4016201001;2023;64,989;36,790;33,920;42,901;44,812;Medio-alto;2258;1
4016301001;2021;59,178;24,581;38,337;65,189;49,540;Alto;2259;1
4016301001;2022;59,081;24,321;38,337;69,551;50,785;Alto;2259;1
4016301001;2023;59,058;24,321;38,337;71,322;51,310;Alto;2259;1
4016401001;2021;56,218;22,147;36,476;50,348;43,424;Medio-bajo;2260;1
4016401001;2022;56,220;22,147;32,969;50,112;42,301;Medio-bajo;2260;1
4016401001;2023;56,220;22,147;29,197;49,386;40,952;Medio-bajo;2260;0
4016501001;2021;60,899;30,666;38,337;59,433;49,156;Alto;2261;1
4016501001;2022;60,893;30,666;38,337;64,239;50,596;Alto;2261;1
4016501001;2023;60,893;30,300;38,337;65,304;50,861;Alto;2261;1
4016601001;2021;53,478;35,711;39,016;39,523;42,288;Medio-bajo;2262;0
4016601001;2022;53,482;35,711;36,529;38,659;41,284;Medio-bajo;2262;0
4016601001;2023;53,478;35,988;35,092;37,228;40,464;Medio-bajo;2262;0
4016801001;2021;70,470;27,069;38,337;68,978;53,872;Alto;2263;1
4016801001;2022;70,383;27,396;38,337;61,438;51,638;Alto;2263;1
4016801001;2023;70,383;27,723;38,337;60,849;51,510;Alto;2263;1
4017001001;2021;69,875;65,066;38,748;34,397;49,172;Alto;2264;1
4017001001;2022;69,875;64,584;34,807;35,106;48,130;Alto;2264;1
4017001001;2023;69,874;64,584;33,751;35,470;47,923;Alto;2264;1
4017101001;2021;71,686;32,210;38,337;58,945;51,938;Alto;2265;1
4017101001;2022;71,659;32,210;38,337;58,701;51,858;Alto;2265;1
4017101001;2023;71,667;31,813;38,337;60,732;52,410;Alto;2265;1
4017201001;2021;74,183;41,128;38,337;53,449;52,251;Alto;2266;1
4017201001;2022;74,112;41,128;38,337;55,866;52,958;Alto;2266;1
4017201001;2023;74,089;40,205;38,337;60,715;54,269;Alto;2266;1
4017301001;2021;45,797;37,596;33,610;32,759;36,999;Bajo;2267;0
4017301001;2022;45,763;37,941;31,563;31,710;36,114;Bajo;2267;0
4017301001;2023;45,752;37,596;32,548;32,230;36,511;Bajo;2267;0
4017401001;2021;54,979;38,244;40,459;50,307;46,711;Medio-alto;2268;1
4017401001;2022;54,989;38,598;38,153;48,928;45,661;Medio-alto;2268;1
4017401001;2023;54,992;38,244;38,942;50,381;46,282;Medio-alto;2268;1
4017601001;2021;63,166;34,342;42,689;42,689;46,556;Medio-alto;2269;1
4017601001;2022;63,164;34,006;38,822;44,194;45,797;Medio-alto;2269;1
4017601001;2023;63,164;34,006;37,261;43,940;45,252;Medio-alto;2269;1
4017701001;2021;55,772;29,894;45,771;56,382;49,073;Alto;2270;1
4017701001;2022;55,746;29,894;42,214;52,482;46,830;Medio-alto;2270;1
4017701001;2023;55,745;29,894;36,909;51,329;44,892;Medio-alto;2270;1
4017801001;2021;57,259;23,179;38,337;48,385;43,808;Medio-alto;2271;1
4017801001;2022;57,253;23,454;38,337;46,949;43,417;Medio-bajo;2271;1
4017801001;2023;57,284;23,179;38,337;47,571;43,570;Medio-bajo;2271;1
4017901001;2021;60,374;43,336;40,374;30,176;42,759;Medio-bajo;2272;1
4017901001;2022;60,373;43,029;38,288;30,883;42,299;Medio-bajo;2272;1
4017901001;2023;60,373;43,336;36,124;29,911;41,404;Medio-bajo;2272;0
4018001001;2021;52,874;26,811;33,485;50,105;42,317;Medio-bajo;2273;1
4018001001;2022;52,873;27,068;30,807;47,879;40,884;Medio-bajo;2273;0
4018001001;2023;52,879;26,811;30,722;49,430;41,287;Medio-bajo;2273;0
4018101001;2021;35,417;62,262;34,993;38,828;40,340;Medio-bajo;2274;0
4018101001;2022;35,418;62,262;32,786;39,409;39,852;Medio-bajo;2274;0
4018101001;2023;35,418;62,262;31,099;39,237;39,295;Medio-bajo;2274;0
4018101002;2021;40,244;46,525;31,646;41,032;38,843;Medio-bajo;2275;0
4018101002;2022;40,243;46,525;29,302;41,210;38,193;Bajo;2275;0
4018101002;2023;40,243;46,525;25,911;41,607;37,295;Bajo;2275;0
4018101003;2021;36,621;63,186;32,582;34,999;38,908;Medio-bajo;2276;0
4018101003;2022;36,622;63,186;29,866;35,546;38,257;Bajo;2276;0
4018101003;2023;36,621;63,186;28,888;35,467;37,940;Bajo;2276;0
4018102001;2021;42,816;48,127;33,239;39,559;39,762;Medio-bajo;2277;0
4018102001;2022;42,816;47,692;30,612;41,206;39,403;Medio-bajo;2277;0
4018102001;2023;42,817;47,692;28,129;40,970;38,588;Medio-bajo;2277;0
4018201001;2021;61,682;32,591;43,235;35,709;43,992;Medio-alto;2278;1
4018201001;2022;61,684;31,971;41,112;37,460;43,788;Medio-alto;2278;1
4018201001;2023;61,686;31,971;34,000;37,816;41,762;Medio-bajo;2278;0
4018301001;2021;65,988;35,015;42,527;46,210;48,370;Alto;2279;1
4018301001;2022;66,002;34,716;41,371;44,707;47,531;Medio-alto;2279;1
4018301001;2023;65,986;34,418;37,272;45,607;46,523;Medio-alto;2279;1
4018401001;2021;61,599;38,681;42,507;49,502;48,805;Alto;2280;1
4018401001;2022;61,597;38,681;40,729;49,107;48,152;Alto;2280;1
4018401001;2023;61,592;38,681;36,526;49,383;46,973;Medio-alto;2280;1
4018501001;2021;52,077;33,525;36,473;46,140;42,832;Medio-bajo;2281;1
4018501001;2022;52,078;33,525;34,470;45,644;42,083;Medio-bajo;2281;0
4018501001;2023;52,078;33,525;31,812;45,551;41,257;Medio-bajo;2281;0
4018601001;2021;67,708;22,050;38,337;67,660;52,034;Alto;2282;1
4018601001;2022;67,725;23,525;38,337;56,867;49,021;Alto;2282;1
4018601001;2023;67,532;22,935;38,337;59,355;49,631;Alto;2282;1
4018801001;2021;58,573;25,897;38,337;66,988;50,126;Alto;2283;1
4018801001;2022;58,597;25,897;38,337;65,318;49,631;Alto;2283;1
4018801001;2023;58,582;25,897;38,337;61,287;48,417;Alto;2283;1
4018901001;2021;56,594;31,551;40,868;47,236;45,312;Medio-alto;2284;1
4018901001;2022;56,593;31,551;39,437;47,403;44,933;Medio-alto;2284;1
4018901001;2023;56,593;31,551;38,777;47,795;44,853;Medio-alto;2284;1
4019001001;2021;51,552;32,578;38,337;45,378;42,889;Medio-bajo;2285;1
4019001001;2022;51,699;33,213;38,337;40,853;41,664;Medio-bajo;2285;0
4019001001;2023;51,699;32,895;38,337;41,871;41,921;Medio-bajo;2285;0
4019101001;2021;72,173;37,391;49,416;48,116;52,911;Alto;2286;1
4019101001;2022;72,174;37,391;42,218;48,446;50,851;Alto;2286;1
4019101001;2023;72,175;37,391;40,320;49,667;50,648;Alto;2286;1
4019201001;2021;57,921;26,463;44,380;49,563;46,633;Medio-alto;2287;1
4019201001;2022;57,928;26,794;40,815;47,985;45,141;Medio-alto;2287;1
4019201001;2023;57,921;26,794;40,788;46,537;44,697;Medio-alto;2287;1
4019301001;2021;59,668;43,456;34,501;35,103;42,317;Medio-bajo;2288;1
4019301001;2022;59,667;43,456;34,756;35,335;42,462;Medio-bajo;2288;1
4019301001;2023;59,673;43,140;31,213;36,667;41,753;Medio-bajo;2288;0
4019401001;2021;27,785;37,460;21,038;40,418;31,002;Bajo;2289;0
4019401001;2022;27,792;37,001;18,954;41,647;30,678;Bajo;2289;0
4019401001;2023;27,793;37,001;17,316;40,812;29,937;Bajo;2289;0
4019401002;2021;27,038;46,087;26,218;44,442;34,870;Bajo;2290;0
4019401002;2022;27,038;45,575;22,566;45,150;33,911;Bajo;2290;0
4019401002;2023;27,041;45,575;21,907;45,832;33,918;Bajo;2290;0
4019401003;2021;26,754;38,412;26,626;40,977;32,731;Bajo;2291;0
4019401003;2022;26,761;37,907;23,747;41,190;31,857;Bajo;2291;0
4019401003;2023;26,755;37,907;20,091;39,906;30,374;Bajo;2291;0
4019401004;2021;26,806;45,941;20,101;38,389;31,140;Bajo;2292;0
4019401004;2022;26,805;45,941;18,051;37,983;30,403;Bajo;2292;0
4019401004;2023;26,804;45,941;16,440;36,888;29,591;Bajo;2292;0
4019401005;2021;26,707;32,796;23,890;45,318;32,359;Bajo;2293;0
4019401005;2022;26,711;32,283;21,676;47,013;32,127;Bajo;2293;0
4019401005;2023;26,712;32,796;18,947;45,324;30,879;Bajo;2293;0
4019402001;2021;24,934;56,193;26,898;41,039;35,044;Bajo;2294;0
4019402001;2022;24,933;55,555;23,508;42,311;34,312;Bajo;2294;0
4019402001;2023;24,935;55,555;22,676;42,339;34,071;Bajo;2294;0
4019402002;2021;26,538;57,603;37,578;41,733;39,068;Medio-bajo;2295;0
4019402002;2022;26,539;57,603;36,032;40,104;38,116;Bajo;2295;0
4019402002;2023;26,534;57,603;33,723;39,854;37,347;Bajo;2295;0
4019403001;2021;25,634;59,875;36,881;34,573;36,826;Bajo;2296;0
4019403001;2022;25,633;59,875;33,700;35,170;36,050;Bajo;2296;0
4019403001;2023;25,636;59,875;30,800;35,616;35,315;Bajo;2296;0
4019403002;2021;24,696;52,669;31,780;37,691;34,915;Bajo;2297;0
4019403002;2022;24,701;52,669;26,809;37,714;33,432;Bajo;2297;0
4019403002;2023;24,698;52,669;25,993;38,586;33,448;Bajo;2297;0
4019403003;2021;23,610;60,675;32,780;40,039;36,849;Bajo;2298;0
4019403003;2022;23,612;60,675;29,508;39,881;35,821;Bajo;2298;0
4019403003;2023;23,611;60,675;28,456;39,742;35,464;Bajo;2298;0
4019403004;2021;24,555;46,895;28,569;40,488;33,890;Bajo;2299;0
4019403004;2022;24,554;46,895;27,098;41,253;33,678;Bajo;2299;0
4019403004;2023;24,550;46,895;22,018;41,115;32,111;Bajo;2299;0
4019403005;2021;24,771;56,352;22,048;44,850;34,715;Bajo;2300;0
4019403005;2022;24,776;56,352;18,313;45,772;33,872;Bajo;2300;0
4019403005;2023;24,777;56,352;16,433;46,180;33,431;Bajo;2300;0
4019403006;2021;24,237;61,514;28,770;39,380;35,732;Bajo;2301;0
4019403006;2022;24,240;60,826;26,424;40,219;35,176;Bajo;2301;0
4019403006;2023;24,241;60,826;25,578;39,943;34,841;Bajo;2301;0
4019403007;2021;24,260;59,146;20,881;37,962;32,590;Bajo;2302;0
4019403007;2022;24,262;58,581;16,672;39,137;31,595;Bajo;2302;0
4019403007;2023;24,262;58,581;13,980;39,740;30,969;Bajo;2302;0
4019403008;2021;24,028;55,994;35,882;36,716;36,185;Bajo;2303;0
4019403008;2022;24,029;56,681;31,629;34,939;34,480;Bajo;2303;0
4019403008;2023;24,029;56,681;30,158;34,261;33,835;Bajo;2303;0
4019403009;2021;24,755;66,307;23,678;40,127;35,276;Bajo;2304;0
4019403009;2022;24,754;66,307;21,380;40,166;34,599;Bajo;2304;0
4019403009;2023;24,755;66,903;19,207;38,759;33,614;Bajo;2304;0
4019404001;2021;24,730;63,333;32,207;33,929;35,523;Bajo;2305;0
4019404001;2022;24,731;63,333;29,095;33,603;34,492;Bajo;2305;0
4019404001;2023;24,730;62,680;26,946;34,853;34,124;Bajo;2305;0
4019404002;2021;24,704;60,290;29,251;38,493;35,542;Bajo;2306;0
4019404002;2022;24,704;60,290;27,153;39,055;35,082;Bajo;2306;0
4019404002;2023;24,704;60,290;26,140;38,846;34,715;Bajo;2306;0
4019404003;2021;24,741;64,491;39,957;34,988;38,343;Bajo;2307;0
4019404003;2022;24,743;63,744;35,818;36,279;37,376;Bajo;2307;0
4019404003;2023;24,743;63,744;33,427;35,780;36,509;Bajo;2307;0
4019404004;2021;24,543;65,027;38,323;37,035;38,497;Medio-bajo;2308;0
4019404004;2022;24,546;65,027;34,835;38,075;37,764;Bajo;2308;0
4019404004;2023;24,549;65,027;32,244;37,246;36,738;Bajo;2308;0
4019404005;2021;24,005;67,811;45,144;40,243;41,789;Medio-bajo;2309;0
4019404005;2022;24,006;67,811;41,901;40,492;40,891;Medio-bajo;2309;0
4019404005;2023;24,008;68,585;39,856;37,676;39,549;Medio-bajo;2309;0
4019404006;2021;25,051;66,402;32,333;38,262;37,401;Bajo;2310;0
4019404006;2022;25,051;65,748;29,030;39,176;36,587;Bajo;2310;0
4019404006;2023;25,052;65,748;27,090;39,380;36,066;Bajo;2310;0
4019404007;2021;25,573;60,230;39,699;33,615;37,422;Bajo;2311;0
4019404007;2022;25,574;59,540;35,864;35,113;36,618;Bajo;2311;0
4019404007;2023;25,570;59,540;35,374;34,925;36,413;Bajo;2311;0
4019404008;2021;26,494;63,492;35,708;40,966;39,150;Medio-bajo;2312;0
4019404008;2022;26,496;63,492;32,182;40,126;37,840;Bajo;2312;0
4019404008;2023;26,494;63,492;31,178;40,597;37,680;Bajo;2312;0
4019404009;2021;27,942;64,721;40,112;28,530;37,286;Bajo;2313;0
4019404009;2022;27,944;64,721;37,091;28,132;36,261;Bajo;2313;0
4019404009;2023;27,942;65,380;35,722;26,935;35,590;Bajo;2313;0
4019404010;2021;39,050;47,880;36,604;37,460;39,163;Medio-bajo;2314;0
4019404010;2022;39,050;47,880;33,733;37,214;38,229;Bajo;2314;0
4019404010;2023;39,050;47,880;31,517;37,253;37,575;Bajo;2314;0
4019405001;2021;23,994;65,836;35,081;36,163;37,247;Bajo;2315;0
4019405001;2022;23,994;65,836;32,414;36,669;36,599;Bajo;2315;0
4019405001;2023;23,993;65,836;30,942;36,772;36,188;Bajo;2315;0
4019405002;2021;24,686;64,773;39,963;34,835;38,327;Bajo;2316;0
4019405002;2022;24,684;64,773;34,848;34,577;36,714;Bajo;2316;0
4019405002;2023;24,682;65,468;33,171;32,806;35,784;Bajo;2316;0
4019405003;2021;26,335;66,488;38,484;35,464;38,742;Medio-bajo;2317;0
4019405003;2022;26,335;66,488;34,453;35,255;37,469;Bajo;2317;0
4019405003;2023;26,330;66,488;32,600;35,074;36,858;Bajo;2317;0
4019405004;2021;24,549;83,469;58,607;31,794;45,778;Medio-alto;2318;1
4019405004;2022;24,549;84,616;54,030;30,609;44,221;Medio-alto;2318;1
4019405004;2023;24,546;84,616;52,985;29,653;43,620;Medio-bajo;2318;1
4019405005;2021;27,644;71,169;47,897;36,300;42,846;Medio-bajo;2319;1
4019405005;2022;27,644;71,169;45,435;37,377;42,430;Medio-bajo;2319;1
4019405005;2023;27,645;71,169;44,068;37,562;42,076;Medio-bajo;2319;0
4019405006;2021;27,938;65,863;33,759;33,558;37,059;Bajo;2320;0
4019405006;2022;27,940;65,388;31,640;35,095;36,814;Bajo;2320;0
4019405006;2023;27,942;65,388;29,326;35,580;36,266;Bajo;2320;0
4019405007;2021;28,916;68,062;35,808;30,278;37,264;Bajo;2321;0
4019405007;2022;28,917;68,062;32,979;30,846;36,586;Bajo;2321;0
4019405007;2023;28,918;67,594;31,766;31,857;36,455;Bajo;2321;0
4019405008;2021;29,761;56,596;30,298;28,913;33,693;Bajo;2322;0
4019405008;2022;29,761;56,238;28,035;30,657;33,484;Bajo;2322;0
4019405008;2023;29,762;55,881;27,053;32,473;33,680;Bajo;2322;0
4019406001;2021;23,841;61,812;36,767;35,569;36,933;Bajo;2323;0
4019406001;2022;23,842;61,812;33,817;35,988;36,174;Bajo;2323;0
4019406001;2023;23,843;61,812;32,156;36,536;35,840;Bajo;2323;0
4019406002;2021;26,313;68,486;42,584;38,208;41,089;Medio-bajo;2324;0
4019406002;2022;26,314;68,486;38,789;37,858;39,846;Medio-bajo;2324;0
4019406002;2023;26,314;68,486;37,218;37,252;39,192;Medio-bajo;2324;0
4019406003;2021;27,175;73,747;40,769;33,819;40,232;Medio-bajo;2325;0
4019406003;2022;27,176;73,747;38,086;34,853;39,738;Medio-bajo;2325;0
4019406003;2023;27,179;72,986;37,228;35,783;39,646;Medio-bajo;2325;0
4019406004;2021;26,878;76,564;39,629;36,826;41,141;Medio-bajo;2326;0
4019406004;2022;26,878;76,564;37,815;36,709;40,561;Medio-bajo;2326;0
4019406004;2023;26,878;76,564;37,363;35,818;40,158;Medio-bajo;2326;0
4019406005;2021;26,541;53,302;32,891;38,147;35,942;Bajo;2327;0
4019406005;2022;26,540;53,302;30,515;38,068;35,205;Bajo;2327;0
4019406005;2023;26,540;53,302;30,017;37,171;34,787;Bajo;2327;0
4019407001;2021;26,732;54,978;31,136;30,757;33,498;Bajo;2328;0
4019407001;2022;26,735;55,506;28,641;29,552;32,467;Bajo;2328;0
4019407001;2023;26,732;55,506;25,182;29,291;31,351;Bajo;2328;0
4019407002;2021;27,367;62,917;33,721;32,894;36,264;Bajo;2329;0
4019407002;2022;27,370;62,917;29,768;32,992;35,108;Bajo;2329;0
4019407002;2023;27,370;62,917;28,977;33,918;35,149;Bajo;2329;0
4019407003;2021;29,016;65,709;41,294;34,991;39,996;Medio-bajo;2330;0
4019407003;2022;29,014;65,709;38,643;35,483;39,347;Medio-bajo;2330;0
4019407003;2023;29,013;65,709;37,634;35,769;39,130;Medio-bajo;2330;0
4019407004;2021;30,400;42,872;32,944;37,374;35,126;Bajo;2331;0
4019407004;2022;30,399;42,872;29,410;37,256;34,030;Bajo;2331;0
4019407004;2023;30,398;42,872;28,078;37,483;33,699;Bajo;2331;0
4019501001;2021;59,223;46,376;36,986;42,827;45,706;Medio-alto;2332;1
4019501001;2022;59,223;46,376;34,790;43,207;45,161;Medio-alto;2332;1
4019501001;2023;59,223;46,376;32,293;43,572;44,522;Medio-alto;2332;1
4019601001;2021;66,869;32,080;38,337;32,650;42,826;Medio-bajo;2333;1
4019601001;2022;66,642;32,080;38,337;33,669;43,074;Medio-bajo;2333;1
4019601001;2023;66,632;32,080;38,337;32,504;42,722;Medio-bajo;2333;1
4019801001;2021;67,349;29,347;38,337;54,022;48,947;Alto;2334;1
4019801001;2022;67,349;29,627;38,337;49,626;47,670;Medio-alto;2334;1
4019801001;2023;67,318;30,188;38,337;48,837;47,510;Medio-alto;2334;1
4019901001;2021;53,268;33,212;25,242;42,838;38,723;Medio-bajo;2335;0
4019901001;2022;53,266;33,518;21,191;41,509;37,154;Bajo;2335;0
4019901001;2023;53,264;33,824;18,511;40,292;36,030;Bajo;2335;0
4020001001;2021;55,079;30,644;38,337;48,066;44,287;Medio-alto;2336;1
4020001001;2022;55,067;30,353;38,337;48,097;44,250;Medio-alto;2336;1
4020001001;2023;55,044;30,644;38,337;46,492;43,806;Medio-alto;2336;1
4020101001;2021;57,712;19,937;38,337;54,349;45,225;Medio-alto;2337;1
4020101001;2022;57,777;19,937;38,337;49,912;43,910;Medio-alto;2337;1
4020101001;2023;57,824;19,456;38,337;56,561;45,844;Medio-alto;2337;1
4020201001;2021;62,494;31,633;38,337;57,900;49,240;Alto;2338;1
4020201001;2022;62,481;31,633;38,337;56,098;48,696;Alto;2338;1
4020201001;2023;62,469;30,921;38,337;60,253;49,833;Alto;2338;1
4020301001;2021;44,869;51,963;30,068;36,453;38,968;Medio-bajo;2339;0
4020301001;2022;44,868;51,963;26,469;36,560;37,920;Bajo;2339;0
4020301001;2023;44,867;52,373;24,747;35,886;37,263;Bajo;2339;0
4020401001;2021;68,392;34,237;39,849;47,389;48,405;Alto;2340;1
4020401001;2022;68,378;34,237;39,606;46,486;48,058;Alto;2340;1
4020401001;2023;68,372;34,237;37,458;47,377;47,679;Medio-alto;2340;1
4020501001;2021;53,760;36,754;39,187;49,109;45,442;Medio-alto;2341;1
4020501001;2022;53,757;36,430;34,477;49,862;44,206;Medio-alto;2341;1
4020501001;2023;53,763;36,430;33,879;50,186;44,125;Medio-alto;2341;1
4020601001;2021;55,633;33,973;34,882;50,880;44,733;Medio-alto;2342;1
4020601001;2022;55,635;34,300;31,049;49,361;43,177;Medio-bajo;2342;1
4020601001;2023;55,641;33,973;30,872;51,273;43,650;Medio-bajo;2342;1
4020701001;2021;40,804;40,370;23,026;30,620;32,350;Bajo;2343;0
4020701001;2022;40,803;40,080;21,428;31,736;32,162;Bajo;2343;0
4020701001;2023;40,803;40,370;18,255;31,004;31,034;Bajo;2343;0
4020801001;2021;52,412;41,223;39,475;39,369;42,940;Medio-bajo;2344;1
4020801001;2022;52,413;41,223;35,117;38,724;41,439;Medio-bajo;2344;0
4020801001;2023;52,411;41,223;34,502;39,103;41,368;Medio-bajo;2344;0
4021001001;2021;62,616;32,200;36,206;52,901;47,216;Medio-alto;2345;1
4021001001;2022;62,616;32,200;33,941;52,964;46,555;Medio-alto;2345;1
4021001001;2023;62,626;32,200;38,337;54,289;48,274;Alto;2345;1
4021101001;2021;53,289;31,294;38,337;58,927;47,195;Medio-alto;2346;1
4021101001;2022;53,342;30,914;38,337;57,053;46,590;Medio-alto;2346;1
4021101001;2023;53,373;30,535;38,337;59,247;47,199;Medio-alto;2346;1
4021201001;2021;58,866;41,252;38,337;60,180;50,460;Alto;2347;1
4021201001;2022;58,799;41,252;38,337;63,196;51,347;Alto;2347;1
4021201001;2023;58,866;40,823;38,337;62,310;51,034;Alto;2347;1
4021301001;2021;56,557;26,034;38,337;55,834;46,296;Medio-alto;2348;1
4021301001;2022;56,571;26,034;38,337;56,101;46,379;Medio-alto;2348;1
4021301001;2023;56,614;25,771;38,337;58,656;47,117;Medio-alto;2348;1
4021401001;2021;40,193;34,696;34,334;45,980;39,347;Medio-bajo;2349;0
4021401001;2022;40,199;34,368;33,152;46,509;39,103;Medio-bajo;2349;0
4021401001;2023;40,195;34,368;30,957;45,759;38,219;Bajo;2349;0
4021501001;2021;58,541;36,826;38,337;62,483;50,405;Alto;2350;1
4021501001;2022;58,517;36,463;38,337;55,419;48,226;Alto;2350;1
4021501001;2023;58,549;36,463;38,337;58,711;49,221;Alto;2350;1
4021601001;2021;40,905;47,597;33,120;34,360;37,610;Bajo;2351;0
4021601001;2022;40,906;47,597;31,054;34,241;36,954;Bajo;2351;0
4021601001;2023;40,904;47,597;27,902;34,436;36,067;Bajo;2351;0
4021801001;2021;63,154;34,899;38,337;58,420;50,051;Alto;2352;1
4021801001;2022;63,170;34,899;38,337;54,571;48,900;Alto;2352;1
4021801001;2023;63,175;35,648;38,337;50,520;47,798;Medio-alto;2352;1
4021901001;2021;56,346;36,418;38,169;35,757;41,727;Medio-bajo;2353;0
4021901001;2022;56,346;36,178;36,952;36,753;41,625;Medio-bajo;2353;0
4021901001;2023;56,347;36,418;34,702;35,384;40,575;Medio-bajo;2353;0
4022001001;2021;63,969;37,713;38,337;52,488;48,897;Alto;2354;1
4022001001;2022;63,944;37,713;38,337;51,623;48,631;Alto;2354;1
4022001001;2023;63,935;37,322;38,337;55,125;49,621;Alto;2354;1
4022101001;2021;65,199;26,351;38,337;53,198;47,713;Medio-alto;2355;1
4022101001;2022;65,199;26,678;38,337;52,272;47,485;Medio-alto;2355;1
4022101001;2023;65,192;26,351;38,337;53,096;47,681;Medio-alto;2355;1
4022201001;2021;58,570;35,478;38,090;41,211;43,755;Medio-alto;2356;1
4022201001;2022;58,571;35,171;36,984;42,733;43,834;Medio-alto;2356;1
4022201001;2023;58,572;35,478;37,258;41,800;43,682;Medio-bajo;2356;1
4022301001;2021;52,741;52,732;36,482;46,083;45,865;Medio-alto;2357;1
4022301001;2022;52,736;52,732;33,898;46,515;45,218;Medio-alto;2357;1
4022301001;2023;52,735;52,732;30,699;45,669;44,004;Medio-alto;2357;1
4022401001;2021;67,871;32,795;38,337;86,701;59,399;Alto;2358;1
4022401001;2022;67,794;32,406;38,337;91,038;60,622;Alto;2358;1
4022401001;2023;68,056;32,406;38,337;100,000;63,376;Alto;2358;1
4022501001;2021;51,587;47,727;43,580;34,895;43,598;Medio-bajo;2359;1
4022501001;2022;51,586;47,382;40,411;36,130;42,966;Medio-bajo;2359;1
4022501001;2023;51,586;47,382;37,574;35,532;41,935;Medio-bajo;2359;0
4022801001;2021;54,403;40,189;47,348;38,680;45,437;Medio-alto;2360;1
4022801001;2022;54,402;40,189;44,493;38,541;44,539;Medio-alto;2360;1
4022801001;2023;54,401;39,873;44,559;39,646;44,843;Medio-alto;2360;1
4022901001;2021;59,847;38,914;38,337;64,611;51,683;Alto;2361;1
4022901001;2022;59,847;38,132;38,337;71,052;53,498;Alto;2361;1
4022901001;2023;59,972;38,132;38,337;69,986;53,210;Alto;2361;1
4023001001;2021;57,087;33,639;47,782;43,728;46,770;Medio-alto;2362;1
4023001001;2022;57,039;33,969;45,404;41,253;45,352;Medio-alto;2362;1
4023001001;2023;56,999;33,639;44,589;42,912;45,546;Medio-alto;2362;1
4023101001;2021;53,448;25,658;40,126;42,153;41,894;Medio-bajo;2363;0
4023101001;2022;53,442;25,358;39,243;43,519;41,993;Medio-bajo;2363;0
4023101001;2023;53,454;25,057;32,647;46,477;40,859;Medio-bajo;2363;0
4023301001;2021;56,309;43,909;42,408;43,227;46,354;Medio-alto;2364;1
4023301001;2022;56,311;44,316;40,489;42,984;45,767;Medio-alto;2364;1
4023301001;2023;56,311;43,909;38,715;44,171;45,530;Medio-alto;2364;1
4023401001;2021;63,231;40,034;42,599;42,276;47,275;Medio-alto;2365;1
4023401001;2022;63,232;40,034;40,847;42,272;46,749;Medio-alto;2365;1
4023401001;2023;63,233;40,034;39,838;42,559;46,532;Medio-alto;2365;1
4090101001;2021;48,201;45,981;33,541;36,651;40,005;Medio-bajo;2366;0
4090101001;2022;48,203;46,298;29,277;35,683;38,483;Medio-bajo;2366;0
4090101001;2023;48,202;45,981;26,714;36,376;37,875;Bajo;2366;0
4090201001;2021;66,670;34,426;46,306;53,124;51,660;Alto;2367;1
4090201001;2022;66,687;34,426;42,402;53,034;50,466;Alto;2367;1
4090201001;2023;66,690;34,150;41,534;54,040;50,467;Alto;2367;1
4090301001;2021;53,880;35,885;38,279;46,725;44,354;Medio-alto;2368;1
4090301001;2022;53,870;35,885;38,337;46,570;44,323;Medio-alto;2368;1
4090301001;2023;53,899;35,885;38,337;46,145;44,202;Medio-alto;2368;1
4090401001;2021;43,822;34,533;20,218;43,953;35,387;Bajo;2369;0
4090401001;2022;43,808;34,230;16,008;44,574;34,261;Bajo;2369;0
4090401001;2023;43,808;34,533;12,522;43,911;33,062;Bajo;2369;0
4090501001;2021;55,337;32,262;46,215;54,243;48,811;Alto;2370;1
4090501001;2022;55,333;31,891;47,295;56,564;49,775;Alto;2370;1
4090501001;2023;55,339;31,891;44,700;57,115;49,163;Alto;2370;1
4090601001;2021;31,825;56,363;30,728;27,151;33,774;Bajo;2371;0
4090601001;2022;31,824;56,363;27,767;27,173;32,893;Bajo;2371;0
4090601001;2023;31,823;56,363;25,626;27,092;32,226;Bajo;2371;0
4090601002;2021;30,194;58,970;30,136;27,815;33,779;Bajo;2372;0
4090601002;2022;30,194;58,521;27,350;28,627;33,120;Bajo;2372;0
4090601002;2023;30,194;58,521;24,540;28,948;32,373;Bajo;2372;0
4200101001;2021;61,948;32,950;42,387;47,529;47,405;Medio-alto;2373;1
4200101001;2022;61,948;33,275;39,349;46,008;46,085;Medio-alto;2373;1
4200101001;2023;61,930;33,275;36,057;44,910;44,764;Medio-alto;2373;1
4200301001;2021;68,177;14,510;38,337;43,100;43,652;Medio-bajo;2374;1
4200301001;2022;68,173;14,510;38,337;42,707;43,533;Medio-bajo;2374;1
4200301001;2023;68,172;14,510;38,337;44,648;44,115;Medio-alto;2374;1
4200401001;2021;57,711;48,445;35,158;37,061;43,360;Medio-bajo;2375;1
4200401001;2022;57,711;48,445;33,590;36,673;42,773;Medio-bajo;2375;1
4200401001;2023;57,711;48,445;30,150;36,163;41,588;Medio-bajo;2375;0
4200401002;2021;59,044;38,342;36,534;39,596;43,351;Medio-bajo;2376;1
4200401002;2022;59,043;38,342;33,337;38,235;41,984;Medio-bajo;2376;0
4200401002;2023;59,042;37,967;33,854;39,177;42,365;Medio-bajo;2376;1
4200601001;2021;44,528;41,076;25,369;44,101;38,134;Bajo;2377;0
4200601001;2022;44,525;41,076;23,149;44,305;37,529;Bajo;2377;0
4200601001;2023;44,524;40,748;21,234;45,566;37,283;Bajo;2377;0
4200701001;2021;60,474;27,116;40,273;64,393;50,586;Alto;2378;1
4200701001;2022;60,463;27,116;39,392;60,906;49,272;Alto;2378;1
4200701001;2023;60,474;26,772;38,169;65,636;50,276;Alto;2378;1
4200801001;2021;73,927;38,326;38,337;50,465;50,871;Alto;2379;1
4200801001;2022;73,918;38,824;38,337;46,427;49,732;Alto;2379;1
4200801001;2023;73,907;38,326;38,337;47,453;49,963;Alto;2379;1
4200901001;2021;52,754;30,556;38,337;47,205;43,435;Medio-bajo;2380;1
4200901001;2022;52,771;30,889;38,337;46,169;43,178;Medio-bajo;2380;1
4200901001;2023;52,771;31,222;38,337;44,240;42,649;Medio-bajo;2380;1
4201001001;2021;59,025;4,106;38,337;46,986;40,969;Medio-bajo;2381;0
4201001001;2022;59,158;4,608;38,337;46,762;41,011;Medio-bajo;2381;0
4201001001;2023;59,182;5,362;38,337;43,914;40,275;Medio-bajo;2381;0
4201101001;2021;65,199;19,309;38,337;57,881;48,061;Alto;2382;1
4201101001;2022;65,130;19,832;38,337;44,088;43,985;Medio-alto;2382;1
4201101001;2023;65,013;20,879;38,337;36,045;41,700;Medio-bajo;2382;0
4201201001;2021;57,808;25,590;38,337;62,716;48,607;Alto;2383;1
4201201001;2022;57,872;25,923;38,337;68,997;50,557;Alto;2383;1
4201201001;2023;57,904;25,923;38,337;57,730;47,185;Medio-alto;2383;1
4201301001;2021;51,632;30,033;38,337;50,497;44,063;Medio-alto;2384;1
4201301001;2022;51,581;29,186;38,337;52,803;44,615;Medio-alto;2384;1
4201301001;2023;51,605;28,763;38,337;55,137;45,258;Medio-alto;2384;1
4201401001;2021;59,674;18,574;38,337;60,571;47,377;Medio-alto;2385;1
4201401001;2022;59,653;18,197;38,337;59,001;46,845;Medio-alto;2385;1
4201401001;2023;59,644;19,703;38,337;58,378;46,881;Medio-alto;2385;1
4201501001;2021;70,543;18,757;38,337;59,440;49,783;Alto;2386;1
4201501001;2022;70,543;18,757;38,337;61,188;50,307;Alto;2386;1
4201501001;2023;70,543;18,507;38,337;63,310;50,906;Alto;2386;1
4201601001;2021;52,223;14,119;38,337;56,654;43,671;Medio-bajo;2387;1
4201601001;2022;52,223;13,716;38,337;59,083;44,339;Medio-alto;2387;1
4201601001;2023;52,268;14,119;38,337;55,267;43,266;Medio-bajo;2387;1
4201701001;2021;52,020;21,588;33,699;38,123;37,790;Bajo;2388;0
4201701001;2022;52,032;21,588;30,137;38,347;36,791;Bajo;2388;0
4201701001;2023;52,030;21,588;26,421;39,790;36,109;Bajo;2388;0
4201801001;2021;75,435;26,586;40,287;62,981;53,827;Alto;2389;1
4201801001;2022;75,432;26,012;41,395;62,062;53,797;Alto;2389;1
4201801001;2023;75,435;26,012;39,650;62,054;53,272;Alto;2389;1
4201901001;2021;52,648;29,685;33,040;47,540;41,789;Medio-bajo;2390;0
4201901001;2022;52,649;29,685;30,637;47,896;41,175;Medio-bajo;2390;0
4201901001;2023;52,649;29,685;28,092;48,101;40,473;Medio-bajo;2390;0
4202001001;2021;46,605;49,450;33,012;39,349;40,777;Medio-bajo;2391;0
4202001001;2022;46,605;49,450;31,515;39,104;40,255;Medio-bajo;2391;0
4202001001;2023;46,605;49,450;28,630;38,694;39,266;Medio-bajo;2391;0
4202001002;2021;47,240;65,863;34,903;36,972;43,252;Medio-bajo;2392;1
4202001002;2022;47,240;65,863;32,168;36,947;42,424;Medio-bajo;2392;1
4202001002;2023;47,240;65,286;31,630;38,355;42,598;Medio-bajo;2392;1
4202001003;2021;46,744;55,013;41,169;38,085;43,714;Medio-alto;2393;1
4202001003;2022;46,743;55,013;37,916;38,429;42,842;Medio-bajo;2393;1
4202001003;2023;46,743;55,013;36,934;38,648;42,612;Medio-bajo;2393;1
4202101001;2021;61,247;21,969;38,337;59,811;48,052;Alto;2394;1
4202101001;2022;61,265;21,675;38,337;62,230;48,738;Alto;2394;1
4202101001;2023;61,265;21,675;38,337;64,131;49,308;Alto;2394;1
4202201001;2021;58,052;24,773;31,681;50,530;42,892;Medio-bajo;2395;1
4202201001;2022;58,052;24,773;32,759;49,365;42,866;Medio-bajo;2395;1
4202201001;2023;58,055;24,511;29,454;50,335;42,127;Medio-bajo;2395;0
4202301001;2021;78,872;19,612;38,337;66,590;54,138;Alto;2396;1
4202301001;2022;78,875;19,612;38,337;62,073;52,784;Alto;2396;1
4202301001;2023;78,875;19,612;38,337;68,265;54,641;Alto;2396;1
4202401001;2021;58,549;12,450;38,337;56,871;45,067;Medio-alto;2397;1
4202401001;2022;58,555;12,203;38,337;56,319;44,866;Medio-alto;2397;1
4202401001;2023;58,555;11,957;38,337;59,176;45,686;Medio-alto;2397;1
4202501001;2021;66,400;48,361;40,850;39,495;47,958;Alto;3512;1
4202501001;2022;66,413;48,361;39,763;39,376;47,599;Medio-alto;3512;1
4202501001;2023;66,413;47,895;39,300;41,041;47,890;Alto;3512;1
4202501002;2021;72,604;42,559;45,817;50,037;53,291;Alto;3513;1
4202501002;2022;72,575;42,174;41,739;45,958;50,779;Alto;3513;1
4202501002;2023;72,574;42,559;39,528;44,474;49,728;Alto;3513;1
4202601001;2021;68,572;28,660;38,337;42,966;45,833;Medio-alto;2398;1
4202601001;2022;68,556;27,208;38,337;48,299;47,211;Medio-alto;2398;1
4202601001;2023;68,584;27,208;38,337;47,375;46,941;Medio-alto;2398;1
4202701001;2021;57,075;19,647;38,337;63,657;47,814;Medio-alto;2399;1
4202701001;2022;57,075;19,647;38,337;62,701;47,528;Medio-alto;2399;1
4202701001;2023;57,075;19,913;38,337;60,700;46,967;Medio-alto;2399;1
4202801001;2021;55,281;16,810;38,337;35,409;38,465;Medio-bajo;2400;0
4202801001;2022;55,276;17,786;25,801;31,399;33,647;Bajo;2400;0
4202801001;2023;55,264;16,810;26,147;35,616;34,866;Bajo;2400;0
4202901001;2021;75,777;31,709;40,012;54,368;52,015;Alto;2401;1
4202901001;2022;75,777;32,455;36,741;51,223;50,202;Alto;2401;1
4202901001;2023;75,776;32,455;35,140;49,650;49,249;Alto;2401;1
4203001001;2021;58,350;35,565;25,308;51,527;42,973;Medio-bajo;2402;1
4203001001;2022;58,347;35,935;25,779;51,227;43,079;Medio-bajo;2402;1
4203001001;2023;58,352;35,565;23,996;52,716;42,936;Medio-bajo;2402;1
4203101001;2021;75,465;25,846;38,337;64,988;53,741;Alto;2403;1
4203101001;2022;75,434;26,201;38,337;56,168;51,140;Alto;2403;1
4203101001;2023;75,434;26,557;38,337;55,311;50,937;Alto;2403;1
4203201001;2021;63,241;28,466;37,163;75,683;53,934;Alto;2404;1
4203201001;2022;63,235;28,844;36,797;61,015;49,479;Alto;2404;1
4203201001;2023;63,227;29,222;35,424;58,233;48,287;Alto;2404;1
4203301001;2021;66,277;19,105;38,337;63,154;49,882;Alto;2405;1
4203301001;2022;66,277;19,105;38,337;62,475;49,679;Alto;2405;1
4203301001;2023;66,270;19,105;38,337;57,302;48,125;Alto;2405;1
4203401001;2021;72,922;26,187;38,337;64,918;53,135;Alto;2406;1
4203401001;2022;72,942;26,835;38,337;58,552;51,328;Alto;2406;1
4203401001;2023;72,860;26,511;38,337;60,560;51,861;Alto;2406;1
4203501001;2021;56,195;33,986;38,070;45,765;44,297;Medio-alto;2407;1
4203501001;2022;56,195;33,986;35,297;45,508;43,388;Medio-bajo;2407;1
4203501001;2023;56,196;33,986;34,571;44,709;42,931;Medio-bajo;2407;1
4203601001;2021;69,052;37,844;38,337;58,833;52,091;Alto;2408;1
4203601001;2022;69,069;37,366;38,337;63,963;53,562;Alto;2408;1
4203601001;2023;69,052;37,366;38,337;62,921;53,246;Alto;2408;1
4203701001;2021;58,313;23,831;38,337;56,979;46,748;Medio-alto;2409;1
4203701001;2022;58,347;23,549;38,337;59,305;47,412;Medio-alto;2409;1
4203701001;2023;58,347;24,113;38,337;55,732;46,425;Medio-alto;2409;1
4203801001;2021;58,520;27,409;38,337;66,833;50,293;Alto;2410;1
4203801001;2022;58,520;26,817;38,337;72,375;51,866;Alto;2410;1
4203801001;2023;58,563;27,113;38,337;64,075;49,431;Alto;2410;1
4203901001;2021;72,278;33,976;40,878;49,583;50,304;Alto;2411;1
4203901001;2022;72,280;33,643;39,356;50,216;49,988;Alto;2411;1
4203901001;2023;72,282;33,310;36,584;50,648;49,237;Alto;2411;1
4204101001;2021;55,365;2,257;38,337;60,408;43,803;Medio-alto;2412;1
4204101001;2022;55,365;2,035;38,337;62,907;44,520;Medio-alto;2412;1
4204101001;2023;55,391;2,480;38,337;56,880;42,785;Medio-bajo;2412;1
4204201001;2021;47,006;22,340;38,337;27,877;34,967;Bajo;2413;0
4204201001;2022;47,012;22,340;38,337;28,062;35,024;Bajo;2413;0
4204201001;2023;46,992;22,340;38,337;29,085;35,326;Bajo;2413;0
4204301001;2021;58,283;57,164;36,710;36,127;44,996;Medio-alto;2414;1
4204301001;2022;58,283;57,164;35,052;35,724;44,378;Medio-alto;2414;1
4204301001;2023;58,283;57,164;33,167;35,827;43,843;Medio-alto;2414;1
4204301002;2021;59,040;50,901;35,262;39,213;44,738;Medio-alto;2415;1
4204301002;2022;59,040;50,901;32,507;39,127;43,885;Medio-alto;2415;1
4204301002;2023;59,040;50,456;32,533;39,928;44,067;Medio-alto;2415;1
4204301003;2021;59,494;44,044;40,181;41,784;46,070;Medio-alto;2416;1
4204301003;2022;59,494;44,044;38,535;41,045;45,354;Medio-alto;2416;1
4204301003;2023;59,493;44,044;38,059;41,232;45,267;Medio-alto;2416;1
4204401001;2021;53,965;13,653;38,337;55,360;43,648;Medio-bajo;2417;1
4204401001;2022;53,948;13,844;38,337;54,246;43,339;Medio-bajo;2417;1
4204401001;2023;53,940;13,844;38,337;54,613;43,447;Medio-bajo;2417;1
4204501001;2021;66,489;40,370;43,580;47,137;49,893;Alto;2418;1
4204501001;2022;66,492;40,008;39,586;49,295;49,288;Alto;2418;1
4204501001;2023;66,495;40,008;39,883;49,947;49,574;Alto;2418;1
4204601001;2021;70,178;33,909;38,337;57,237;51,303;Alto;2419;1
4204601001;2022;70,185;33,543;38,337;60,894;52,347;Alto;2419;1
4204601001;2023;70,200;33,543;38,337;59,848;52,037;Alto;2419;1
4204801001;2021;63,904;28,345;38,337;62,340;50,431;Alto;2420;1
4204801001;2022;63,920;28,730;38,337;59,662;49,690;Alto;2420;1
4204801001;2023;63,916;29,116;38,337;58,473;49,390;Alto;2420;1
4204901001;2021;53,875;12,162;38,337;58,382;44,309;Medio-alto;2421;1
4204901001;2022;53,892;12,162;33,279;61,724;43,798;Medio-alto;2421;1
4204901001;2023;53,868;12,162;29,544;58,000;41,555;Medio-bajo;2421;0
4205001001;2021;68,618;31,318;38,337;58,184;50,808;Alto;2422;1
4205001001;2022;68,677;32,664;38,337;52,094;49,198;Alto;2422;1
4205001001;2023;68,640;30,869;38,337;59,299;51,081;Alto;2422;1
4205101001;2021;76,289;10,186;38,337;58,355;49,608;Alto;2423;1
4205101001;2022;76,358;11,202;38,337;46,259;46,149;Medio-alto;2423;1
4205101001;2023;76,177;11,202;38,337;38,950;43,911;Medio-alto;2423;1
4205201001;2021;79,833;50,749;38,337;2,400;39,792;Medio-bajo;2424;0
4205201001;2022;79,833;52,598;38,337;0,000;39,349;Medio-bajo;2424;0
4205201001;2023;79,761;50,749;38,337;7,689;41,361;Medio-bajo;2424;0
4205301001;2021;77,283;33,940;38,337;73,137;57,854;Alto;2425;1
4205301001;2022;77,333;33,940;38,337;72,575;57,698;Alto;2425;1
4205301001;2023;77,333;33,585;38,337;72,887;57,738;Alto;2425;1
4205401001;2021;60,938;20,806;38,337;68,562;50,425;Alto;2426;1
4205401001;2022;60,891;21,068;38,337;65,780;49,618;Alto;2426;1
4205401001;2023;60,811;20,806;38,337;67,596;50,104;Alto;2426;1
4205501001;2021;61,007;33,127;42,419;51,392;48,364;Alto;2427;1
4205501001;2022;61,009;32,725;40,674;54,174;48,615;Alto;2427;1
4205501001;2023;61,023;32,725;41,068;54,835;48,935;Alto;2427;1
4205601001;2021;58,951;8,496;38,337;39,582;39,388;Medio-bajo;2428;0
4205601001;2022;58,911;8,496;38,337;42,551;40,269;Medio-bajo;2428;0
4205601001;2023;58,887;7,905;38,337;46,212;41,273;Medio-bajo;2428;0
4205701001;2021;63,024;26,158;39,382;55,351;48,100;Alto;2429;1
4205701001;2022;63,027;26,386;37,010;51,312;46,211;Medio-alto;2429;1
4205701001;2023;63,024;26,386;33,682;49,682;44,723;Medio-alto;2429;1
4205801001;2021;57,513;26,556;39,676;64,115;49,499;Alto;2430;1
4205801001;2022;57,506;26,556;39,012;62,791;48,901;Alto;2430;1
4205801001;2023;57,517;26,556;38,337;61,052;48,180;Alto;2430;1
4205901001;2021;63,170;35,435;38,337;53,446;48,643;Alto;2431;1
4205901001;2022;63,133;36,321;38,337;49,729;47,651;Medio-alto;2431;1
4205901001;2023;63,069;35,878;38,337;52,206;48,312;Alto;2431;1
4206001001;2021;66,621;32,761;38,337;55,431;49,700;Alto;2432;1
4206001001;2022;66,621;32,397;38,337;56,268;49,896;Alto;2432;1
4206001001;2023;66,643;32,761;38,337;55,598;49,756;Alto;2432;1
4206101001;2021;59,053;30,426;31,484;54,195;45,031;Medio-alto;2433;1
4206101001;2022;59,053;30,426;26,458;53,158;43,212;Medio-bajo;2433;1
4206101001;2023;59,052;30,118;26,896;53,833;43,499;Medio-bajo;2433;1
4206201001;2021;67,860;30,408;38,337;66,153;52,873;Alto;2434;1
4206201001;2022;67,905;29,710;38,337;63,814;52,078;Alto;2434;1
4206201001;2023;68,141;29,710;38,337;60,231;51,062;Alto;2434;1
4206301001;2021;86,186;32,444;38,337;71,509;59,367;Alto;2435;1
4206301001;2022;86,193;32,444;38,337;68,474;58,458;Alto;2435;1
4206301001;2023;86,198;32,760;38,337;67,428;58,193;Alto;2435;1
4206401001;2021;72,473;31,456;38,337;58,709;51,951;Alto;2436;1
4206401001;2022;72,479;31,944;38,337;59,236;52,183;Alto;2436;1
4206401001;2023;72,491;31,944;38,337;61,467;52,856;Alto;2436;1
4206501001;2021;56,230;16,783;38,337;57,247;45,250;Medio-alto;2437;1
4206501001;2022;56,230;16,783;38,337;58,207;45,538;Medio-alto;2437;1
4206501001;2023;56,230;16,783;38,337;61,489;46,523;Medio-alto;2437;1
4206801001;2021;56,261;14,985;38,337;62,362;46,523;Medio-alto;2438;1
4206801001;2022;56,272;15,208;38,337;60,766;46,080;Medio-alto;2438;1
4206801001;2023;56,278;15,653;38,337;50,203;42,980;Medio-bajo;2438;1
4206901001;2021;52,070;49,338;42,950;46,662;47,302;Medio-alto;2439;1
4206901001;2022;52,071;49,338;40,643;46,792;46,649;Medio-alto;2439;1
4206901001;2023;52,071;49,338;38,707;46,800;46,070;Medio-alto;2439;1
4207001001;2021;68,330;40,957;38,337;48,187;49,183;Alto;2440;1
4207001001;2022;68,380;40,122;38,337;47,192;48,772;Alto;2440;1
4207001001;2023;68,439;39,287;38,337;44,678;47,907;Alto;2440;1
4207101001;2021;57,718;33,097;35,007;57,578;47,169;Medio-alto;2441;1
4207101001;2022;57,720;33,447;33,415;54,225;45,739;Medio-alto;2441;1
4207101001;2023;57,719;33,447;29,949;54,356;44,738;Medio-alto;2441;1
4207301001;2021;66,261;36,213;38,337;61,701;52,009;Alto;2442;1
4207301001;2022;66,240;36,213;38,337;61,566;51,963;Alto;2442;1
4207301001;2023;66,240;36,213;38,337;61,813;52,037;Alto;2442;1
4207501001;2021;63,717;26,348;38,337;61,714;49,897;Alto;2443;1
4207501001;2022;63,722;25,743;38,337;58,757;48,920;Alto;2443;1
4207501001;2023;63,722;26,045;38,337;58,002;48,739;Alto;2443;1
4207601001;2021;76,872;32,380;40,447;54,837;52,660;Alto;2444;1
4207601001;2022;76,874;32,380;42,282;56,222;53,627;Alto;2444;1
4207601001;2023;76,875;32,380;37,582;61,669;53,851;Alto;2444;1
4207801001;2021;61,054;46,655;37,145;44,169;46,656;Medio-alto;2445;1
4207801001;2022;61,054;46,655;33,865;44,581;45,796;Medio-alto;2445;1
4207801001;2023;61,055;46,273;32,076;45,442;45,460;Medio-alto;2445;1
4207901001;2021;62,298;17,013;38,337;71,843;51,180;Alto;2446;1
4207901001;2022;62,298;16,742;38,337;77,844;52,940;Alto;2446;1
4207901001;2023;62,315;17,013;38,337;76,011;52,435;Alto;2446;1
4208001001;2021;61,874;37,038;42,558;51,739;49,314;Alto;2447;1
4208001001;2022;61,884;36,673;37,751;52,943;48,180;Alto;2447;1
4208001001;2023;61,889;37,038;38,516;50,528;47,741;Medio-alto;2447;1
4208101001;2021;60,812;31,551;45,641;48,917;48,303;Alto;2448;1
4208101001;2022;60,816;31,551;44,552;48,043;47,715;Medio-alto;2448;1
4208101001;2023;60,815;31,551;43,156;48,362;47,392;Medio-alto;2448;1
4208201001;2021;59,588;12,773;38,337;53,280;44,298;Medio-alto;2449;1
4208201001;2022;59,391;14,138;38,337;46,807;42,512;Medio-bajo;2449;1
4208201001;2023;58,983;14,138;38,337;47,895;42,736;Medio-bajo;2449;1
4208301001;2021;58,293;19,263;38,337;53,205;44,926;Medio-alto;2450;1
4208301001;2022;58,257;18,997;38,337;56,669;45,916;Medio-alto;2450;1
4208301001;2023;58,293;17,934;38,337;62,044;47,378;Medio-alto;2450;1
4208401001;2021;73,867;30,143;38,337;74,982;56,984;Alto;2451;1
4208401001;2022;73,938;30,143;38,337;69,370;55,318;Alto;2451;1
4208401001;2023;73,691;30,465;38,337;64,453;53,830;Alto;2451;1
4208501001;2021;68,755;44,149;45,722;70,427;58,656;Alto;2452;1
4208501001;2022;68,759;44,149;48,235;89,054;64,999;Alto;2452;1
4208501001;2023;68,759;44,149;42,199;89,661;63,370;Alto;2452;1
4208601001;2021;69,286;36,769;38,337;53,523;50,395;Alto;2453;1
4208601001;2022;69,259;36,769;38,337;53,845;50,485;Alto;2453;1
4208601001;2023;69,286;36,409;38,337;55,548;50,948;Alto;2453;1
4208701001;2021;45,742;26,399;38,337;41,534;39,357;Medio-bajo;2454;0
4208701001;2022;45,736;26,399;38,337;42,096;39,524;Medio-bajo;2454;0
4208701001;2023;45,730;26,127;38,337;44,062;40,072;Medio-bajo;2454;0
4208801001;2021;75,146;34,902;38,337;57,555;52,790;Alto;2455;1
4208801001;2022;75,149;34,902;38,337;55,625;52,211;Alto;2455;1
4208801001;2023;75,146;34,902;38,337;59,298;53,312;Alto;2455;1
4208901001;2021;48,386;31,178;38,337;46,263;42,153;Medio-bajo;2456;0
4208901001;2022;48,386;31,534;38,337;45,257;41,905;Medio-bajo;2456;0
4208901001;2023;48,379;31,178;38,337;46,006;42,075;Medio-bajo;2456;0
4209001001;2021;64,383;23,592;38,337;55,299;47,725;Medio-alto;2457;1
4209001001;2022;64,384;23,592;38,337;57,627;48,424;Alto;2457;1
4209001001;2023;64,386;23,592;38,337;61,470;49,578;Alto;2457;1
4209201001;2021;64,294;19,306;38,337;54,784;46,906;Medio-alto;2458;1
4209201001;2022;64,294;19,613;38,337;51,797;46,056;Medio-alto;2458;1
4209201001;2023;64,302;19,306;38,337;54,266;46,753;Medio-alto;2458;1
4209301001;2021;65,082;26,947;38,337;56,019;48,620;Alto;2459;1
4209301001;2022;65,124;27,753;38,337;49,665;46,845;Medio-alto;2459;1
4209301001;2023;65,018;28,291;38,337;47,634;46,289;Medio-alto;2459;1
4209401001;2021;46,558;42,717;24,702;37,533;36,718;Bajo;2460;0
4209401001;2022;46,558;42,717;21,808;37,855;35,946;Bajo;2460;0
4209401001;2023;46,558;42,717;18,536;38,088;35,034;Bajo;2460;0
4209501001;2021;56,468;51,878;27,190;31,860;39,614;Medio-bajo;2461;0
4209501001;2022;56,468;52,259;25,373;31,073;38,889;Medio-bajo;2461;0
4209501001;2023;56,468;52,259;24,318;30,960;38,539;Medio-bajo;2461;0
4209601001;2021;48,219;30,031;35,525;46,141;41,059;Medio-bajo;2462;0
4209601001;2022;48,220;30,031;38,558;45,391;41,744;Medio-bajo;2462;0
4209601001;2023;48,216;29,702;35,802;46,181;41,104;Medio-bajo;2462;0
4209701001;2021;68,537;28,505;38,337;37,779;44,245;Medio-alto;2463;1
4209701001;2022;68,357;27,225;38,337;46,943;46,757;Medio-alto;2463;1
4209701001;2023;68,256;27,651;38,337;48,263;47,192;Medio-alto;2463;1
4209801001;2021;67,799;33,337;38,337;80,803;57,693;Alto;2464;1
4209801001;2022;67,254;33,337;38,337;74,660;55,713;Alto;2464;1
4209801001;2023;67,254;33,337;38,337;68,427;53,844;Alto;2464;1
4210001001;2021;64,939;21,634;38,337;63,436;50,012;Alto;2465;1
4210001001;2022;64,986;21,634;38,337;61,423;49,420;Alto;2465;1
4210001001;2023;64,986;21,369;38,337;62,981;49,847;Alto;2465;1
4210301001;2021;56,207;31,034;38,656;44,676;43,706;Medio-bajo;2466;1
4210301001;2022;56,206;30,688;38,663;45,654;43,950;Medio-alto;2466;1
4210301001;2023;56,206;31,034;36,056;44,054;42,740;Medio-bajo;2466;1
4210501001;2021;73,724;31,500;38,337;54,051;50,873;Alto;2467;1
4210501001;2022;73,716;31,912;38,337;52,025;50,324;Alto;2467;1
4210501001;2023;73,709;31,500;38,337;53,345;50,657;Alto;2467;1
4210601001;2021;61,901;27,268;38,337;49,259;45,845;Medio-alto;2468;1
4210601001;2022;61,788;27,268;38,337;50,196;46,097;Medio-alto;2468;1
4210601001;2023;61,788;27,268;38,337;52,536;46,799;Medio-alto;2468;1
4210701001;2021;65,710;23,759;38,337;53,781;47,627;Medio-alto;2469;1
4210701001;2022;65,718;24,123;38,337;51,451;46,985;Medio-alto;2469;1
4210701001;2023;65,714;24,123;38,337;51,372;46,960;Medio-alto;2469;1
4210801001;2021;66,224;27,032;38,337;48,321;46,608;Medio-alto;2470;1
4210801001;2022;66,318;27,973;38,337;47,019;46,382;Medio-alto;2470;1
4210801001;2023;66,224;27,973;38,337;44,684;45,658;Medio-alto;2470;1
4211001001;2021;63,439;25,290;38,337;48,958;45,842;Medio-alto;2471;1
4211001001;2022;63,427;25,785;38,337;44,316;44,520;Medio-alto;2471;1
4211001001;2023;63,391;25,785;38,337;43,391;44,234;Medio-alto;2471;1
4211101001;2021;54,714;37,132;40,543;54,380;47,725;Medio-alto;2472;1
4211101001;2022;54,713;37,132;40,869;53,804;47,650;Medio-alto;2472;1
4211101001;2023;54,715;37,132;41,135;54,757;48,016;Alto;2472;1
4211301001;2021;71,699;31,403;36,537;45,038;47,108;Medio-alto;2473;1
4211301001;2022;71,699;31,403;32,901;44,597;45,885;Medio-alto;2473;1
4211301001;2023;71,698;31,403;30,972;44,644;45,320;Medio-alto;2473;1
4211501001;2021;79,390;28,993;38,337;49,130;50,437;Alto;2474;1
4211501001;2022;79,391;28,538;38,337;49,080;50,354;Alto;2474;1
4211501001;2023;79,388;28,082;38,337;52,980;51,455;Alto;2474;1
4211601001;2021;63,589;21,911;38,337;59,102;48,416;Alto;2475;1
4211601001;2022;63,574;22,261;38,337;58,912;48,408;Alto;2475;1
4211601001;2023;63,653;21,911;38,337;59,661;48,599;Alto;2475;1
4211701001;2021;56,519;37,976;34,126;47,299;44,254;Medio-alto;2476;1
4211701001;2022;56,512;37,976;29,127;47,481;42,807;Medio-bajo;2476;1
4211701001;2023;56,517;37,976;27,460;48,748;42,688;Medio-bajo;2476;1
4211801001;2021;67,521;28,385;38,337;70,741;53,862;Alto;2477;1
4211801001;2022;67,499;28,114;38,337;75,943;55,376;Alto;2477;1
4211801001;2023;67,499;28,114;38,337;76,807;55,635;Alto;2477;1
4211901001;2021;78,742;27,152;47,184;52,003;53,514;Alto;2478;1
4211901001;2022;78,740;27,152;47,822;50,843;53,357;Alto;2478;1
4211901001;2023;78,743;27,152;40,824;48,631;50,595;Alto;2478;1
4212001001;2021;76,639;34,407;35,612;54,226;51,272;Alto;2479;1
4212001001;2022;76,647;34,407;39,008;54,017;52,230;Alto;2479;1
4212001001;2023;76,642;34,407;33,037;52,580;50,007;Alto;2479;1
4212101001;2021;71,531;29,799;38,337;71,290;55,241;Alto;2480;1
4212101001;2022;71,545;29,799;38,337;65,864;53,617;Alto;2480;1
4212101001;2023;71,528;30,074;38,337;63,631;52,984;Alto;2480;1
4212301001;2021;65,109;23,733;27,911;49,223;42,977;Medio-bajo;2481;1
4212301001;2022;65,107;23,395;30,351;50,026;43,899;Medio-alto;2481;1
4212301001;2023;65,107;23,395;29,831;48,681;43,340;Medio-bajo;2481;1
4212401001;2021;70,357;29,579;38,337;57,570;50,798;Alto;2482;1
4212401001;2022;70,347;29,579;38,337;57,533;50,785;Alto;2482;1
4212401001;2023;70,353;29,257;38,337;60,068;51,499;Alto;2482;1
4212501001;2021;65,952;23,502;38,337;46,675;45,517;Medio-alto;2483;1
4212501001;2022;65,959;22,437;38,337;50,582;46,531;Medio-alto;2483;1
4212501001;2023;65,966;22,792;38,337;49,543;46,274;Medio-alto;2483;1
4212701001;2021;70,996;27,353;38,337;50,857;48,610;Alto;2484;1
4212701001;2022;71,055;27,353;38,337;47,628;47,656;Medio-alto;2484;1
4212701001;2023;70,897;27,353;38,337;49,080;48,053;Alto;2484;1
4212801001;2021;58,646;22,300;38,337;55,131;46,047;Medio-alto;2485;1
4212801001;2022;58,640;23,047;38,337;49,058;44,336;Medio-alto;2485;1
4212801001;2023;58,559;23,296;38,337;46,022;43,442;Medio-bajo;2485;1
4212901001;2021;61,916;48,038;36,277;43,920;46,744;Medio-alto;2486;1
4212901001;2022;61,916;48,038;33,834;43,883;46,000;Medio-alto;2486;1
4212901001;2023;61,916;47,556;31,902;44,956;45,670;Medio-alto;2486;1
4213001001;2021;57,821;10,869;38,337;60,997;45,886;Medio-alto;2487;1
4213001001;2022;57,821;10,869;38,337;62,188;46,243;Medio-alto;2487;1
4213001001;2023;57,821;10,869;38,337;64,429;46,915;Medio-alto;2487;1
4213101001;2021;59,474;12,998;38,337;52,609;44,102;Medio-alto;2488;1
4213101001;2022;59,480;12,466;38,337;57,398;45,461;Medio-alto;2488;1
4213101001;2023;59,531;11,935;38,337;65,138;47,716;Medio-alto;2488;1
4213201001;2021;65,474;31,583;31,884;44,659;44,069;Medio-alto;2489;1
4213201001;2022;65,474;31,840;33,305;43,153;44,082;Medio-alto;2489;1
4213201001;2023;65,468;31,840;31,566;44,343;43,916;Medio-alto;2489;1
4213401001;2021;60,213;43,512;31,560;33,858;41,205;Medio-bajo;2490;0
4213401001;2022;60,212;43,512;30,531;33,701;40,849;Medio-bajo;2490;0
4213401001;2023;60,212;43,512;29,561;33,582;40,523;Medio-bajo;2490;0
4213401002;2021;61,850;50,003;35,660;35,016;44,166;Medio-alto;2491;1
4213401002;2022;61,851;50,003;34,480;35,166;43,857;Medio-alto;2491;1
4213401002;2023;61,850;49,543;32,493;36,324;43,539;Medio-bajo;2491;1
4213501001;2021;59,435;22,721;38,337;56,527;46,726;Medio-alto;2492;1
4213501001;2022;59,443;22,073;38,337;60,550;47,838;Medio-alto;2492;1
4213501001;2023;59,460;21,425;38,337;61,684;48,085;Alto;2492;1
4213901001;2021;64,728;31,001;38,337;63,053;51,249;Alto;2493;1
4213901001;2022;64,778;30,744;38,337;62,867;51,167;Alto;2493;1
4213901001;2023;64,833;30,744;38,337;62,233;50,991;Alto;2493;1
4214001001;2021;61,697;20,574;38,337;53,606;46,093;Medio-alto;2494;1
4214001001;2022;61,789;20,574;38,337;51,937;45,616;Medio-alto;2494;1
4214001001;2023;61,789;19,957;38,337;53,830;46,091;Medio-alto;2494;1
4214101001;2021;65,245;33,269;33,764;50,665;46,630;Medio-alto;2495;1
4214101001;2022;65,241;32,929;30,635;53,137;46,381;Medio-alto;2495;1
4214101001;2023;65,250;33,269;33,214;51,763;46,796;Medio-alto;2495;1
4214201001;2021;64,366;28,924;38,337;41,149;44,276;Medio-alto;2496;1
4214201001;2022;64,373;28,924;38,337;44,262;45,212;Medio-alto;2496;1
4214201001;2023;64,403;29,151;38,337;44,194;45,233;Medio-alto;2496;1
4214401001;2021;61,455;39,126;34,813;48,381;46,191;Medio-alto;2497;1
4214401001;2022;61,454;39,510;35,076;46,617;45,798;Medio-alto;2497;1
4214401001;2023;61,454;39,510;33,119;46,567;45,196;Medio-alto;2497;1
4214501001;2021;67,177;32,281;42,653;47,234;48,602;Alto;2498;1
4214501001;2022;67,179;32,281;42,365;46,252;48,222;Alto;2498;1
4214501001;2023;67,191;31,868;38,726;46,191;47,053;Medio-alto;2498;1
4214801001;2021;70,616;21,953;38,337;63,069;51,369;Alto;2499;1
4214801001;2022;70,447;22,854;38,337;53,860;48,699;Alto;2499;1
4214801001;2023;70,522;21,953;38,337;56,231;49,294;Alto;2499;1
4214901001;2021;46,311;29,828;34,015;44,645;39,650;Medio-bajo;2500;0
4214901001;2022;46,311;29,828;31,233;44,387;38,738;Medio-bajo;2500;0
4214901001;2023;46,311;29,828;31,105;44,470;38,724;Medio-bajo;2500;0
4215101001;2021;52,390;37,577;38,337;42,813;43,079;Medio-bajo;2501;1
4215101001;2022;52,410;37,869;38,337;41,419;42,710;Medio-bajo;2501;1
4215101001;2023;52,432;37,869;38,337;41,504;42,741;Medio-bajo;2501;1
4215201001;2021;69,813;19,595;38,337;52,676;47,697;Medio-alto;2502;1
4215201001;2022;69,823;20,266;38,337;47,565;46,266;Medio-alto;2502;1
4215201001;2023;69,839;19,930;38,337;47,286;46,136;Medio-alto;2502;1
4215301001;2021;70,535;39,123;38,337;57,564;52,273;Alto;2503;1
4215301001;2022;70,535;39,967;38,337;55,972;51,922;Alto;2503;1
4215301001;2023;70,371;39,967;38,337;50,465;50,229;Alto;2503;1
4215401001;2021;45,714;26,185;26,251;47,466;37,471;Bajo;2504;0
4215401001;2022;45,716;26,185;27,617;47,116;37,777;Bajo;2504;0
4215401001;2023;45,702;26,495;27,434;43,627;36,718;Bajo;2504;0
4215501001;2021;79,283;24,583;45,430;74,243;59,410;Alto;2505;1
4215501001;2022;79,286;24,583;46,473;74,111;59,684;Alto;2505;1
4215501001;2023;79,290;24,583;42,494;69,785;57,194;Alto;2505;1
4215601001;2021;71,845;26,623;38,337;50,157;48,503;Alto;2506;1
4215601001;2022;71,912;26,623;38,337;50,837;48,724;Alto;2506;1
4215601001;2023;71,912;26,990;38,337;47,895;47,896;Alto;2506;1
4215701001;2021;68,230;34,316;38,337;58,625;51,294;Alto;2507;1
4215701001;2022;68,230;35,872;38,337;54,351;50,245;Alto;2507;1
4215701001;2023;68,128;35,483;38,337;49,314;48,650;Alto;2507;1
4215801001;2021;67,651;37,635;30,988;40,182;43,909;Medio-alto;2508;1
4215801001;2022;67,648;37,993;28,926;38,362;42,797;Medio-bajo;2508;1
4215801001;2023;67,648;36,920;26,359;41,092;42,685;Medio-bajo;2508;1
4215901001;2021;56,659;23,030;38,337;58,117;46,556;Medio-alto;2509;1
4215901001;2022;56,628;23,030;38,337;57,262;46,291;Medio-alto;2509;1
4215901001;2023;56,628;23,617;38,337;54,726;45,618;Medio-alto;2509;1
4216001001;2021;60,460;30,557;34,610;51,586;45,557;Medio-alto;2510;1
4216001001;2022;60,461;30,236;30,391;52,643;44,561;Medio-alto;2510;1
4216001001;2023;60,460;30,236;27,129;52,841;43,641;Medio-bajo;2510;1
4216101001;2021;55,893;24,945;39,716;50,708;44,842;Medio-alto;2511;1
4216101001;2022;55,892;24,945;36,252;50,868;43,851;Medio-alto;2511;1
4216101001;2023;55,897;24,945;35,932;51,221;43,862;Medio-alto;2511;1
4216201001;2021;58,812;55,883;39,899;41,584;47,530;Medio-alto;2512;1
4216201001;2022;58,811;55,883;38,085;41,620;46,997;Medio-alto;2512;1
4216201001;2023;58,811;57,313;33,576;36,150;44,217;Medio-alto;2512;1
4216201002;2021;68,290;35,209;37,907;41,225;46,093;Medio-alto;2513;1
4216201002;2022;68,292;35,209;34,522;40,983;45,006;Medio-alto;2513;1
4216201002;2023;68,284;33,652;30,138;50,556;46,327;Medio-alto;2513;1
4216201003;2021;60,897;37,323;39,420;53,598;48,728;Alto;2514;1
4216201003;2022;60,924;37,323;35,252;46,171;45,256;Medio-alto;2514;1
4216201003;2023;60,924;35,694;33,789;52,386;46,437;Medio-alto;2514;1
4216301001;2021;65,329;38,193;38,337;52,688;49,369;Alto;2515;1
4216301001;2022;65,315;38,573;38,337;51,181;48,970;Alto;2515;1
4216301001;2023;65,320;38,573;38,337;49,151;48,363;Alto;2515;1
4216401001;2021;58,251;58,139;41,811;37,127;46,965;Medio-alto;2516;1
4216401001;2022;58,252;58,139;40,256;37,856;46,717;Medio-alto;2516;1
4216401001;2023;58,252;57,635;38,463;39,408;46,570;Medio-alto;2516;1
4216501001;2021;62,878;34,696;42,426;32,042;43,264;Medio-bajo;2517;1
4216501001;2022;62,878;33,899;39,831;34,733;43,174;Medio-bajo;2517;1
4216501001;2023;62,880;33,899;37,732;34,269;42,405;Medio-bajo;2517;1
4216601001;2021;68,388;30,918;38,337;50,591;48,413;Alto;2518;1
4216601001;2022;68,392;31,573;38,337;47,928;47,714;Medio-alto;2518;1
4216601001;2023;68,391;31,245;38,337;50,036;48,297;Alto;2518;1
4216701001;2021;71,726;39,269;44,976;51,780;52,849;Alto;2519;1
4216701001;2022;71,729;38,837;41,813;53,942;52,484;Alto;2519;1
4216701001;2023;71,730;38,837;41,091;54,822;52,532;Alto;2519;1
4216801001;2021;65,285;28,978;38,337;67,832;52,519;Alto;2520;1
4216801001;2022;65,272;28,978;41,057;63,673;52,084;Alto;2520;1
4216801001;2023;65,248;29,365;44,010;70,239;54,992;Alto;2520;1
4217101001;2021;62,898;28,725;36,712;55,325;47,644;Medio-alto;2521;1
4217101001;2022;62,905;28,373;40,820;53,311;48,222;Alto;2521;1
4217101001;2023;62,906;28,725;38,404;50,265;46,636;Medio-alto;2521;1
4217201001;2021;61,718;12,037;38,337;46,364;42,646;Medio-bajo;2522;1
4217201001;2022;61,718;12,037;38,337;45,629;42,425;Medio-bajo;2522;1
4217201001;2023;61,692;12,037;38,337;45,548;42,394;Medio-bajo;2522;1
4217301001;2021;31,133;64,461;34,176;36,374;38,617;Medio-bajo;2523;0
4217301001;2022;31,133;64,461;32,438;36,240;38,056;Bajo;2523;0
4217301001;2023;31,133;63,809;31,799;37,013;37,998;Bajo;2523;0
4217301002;2021;30,570;65,820;34,599;36,639;38,887;Medio-bajo;2524;0
4217301002;2022;30,571;65,820;32,537;36,723;38,293;Bajo;2524;0
4217301002;2023;30,570;65,820;31,460;36,421;37,880;Bajo;2524;0
4217301003;2021;31,086;58,311;32,363;41,973;38,819;Medio-bajo;2525;0
4217301003;2022;31,089;58,311;30,831;40,742;37,991;Bajo;2525;0
4217301003;2023;31,086;58,311;29,456;39,603;37,236;Bajo;2525;0
4217301004;2021;31,178;64,830;36,651;36,750;39,540;Medio-bajo;2526;0
4217301004;2022;31,177;64,830;33,486;36,089;38,391;Bajo;2526;0
4217301004;2023;31,177;65,470;33,226;34,913;38,057;Bajo;2526;0
4217301005;2021;31,615;65,546;37,729;36,959;40,142;Medio-bajo;2527;0
4217301005;2022;31,616;65,546;35,812;36,785;39,515;Medio-bajo;2527;0
4217301005;2023;31,615;65,546;34,212;35,917;38,774;Medio-bajo;2527;0
4217301006;2021;31,118;73,609;31,645;33,558;38,382;Bajo;2528;0
4217301006;2022;31,119;73,609;29,999;33,733;37,941;Bajo;2528;0
4217301006;2023;31,120;73,609;28,775;33,599;37,533;Bajo;2528;0
4217301007;2021;32,793;63,484;34,132;35,764;38,690;Medio-bajo;2529;0
4217301007;2022;32,793;64,104;32,254;33,895;37,659;Bajo;2529;0
4217301007;2023;32,792;64,104;31,311;33,519;37,263;Bajo;2529;0
4217301008;2021;32,620;71,426;28,913;35,393;38,161;Bajo;2530;0
4217301008;2022;32,619;71,426;27,090;35,656;37,693;Bajo;2530;0
4217301008;2023;32,618;70,837;25,052;36,475;37,238;Bajo;2530;0
4217302001;2021;30,841;52,276;33,921;39,810;37,671;Bajo;2531;0
4217302001;2022;30,839;52,276;30,400;39,163;36,420;Bajo;2531;0
4217302001;2023;30,835;52,276;29,639;38,269;35,923;Bajo;2531;0
4217302002;2021;30,077;59,176;24,820;45,360;37,450;Bajo;2532;0
4217302002;2022;30,079;59,176;21,910;45,720;36,685;Bajo;2532;0
4217302002;2023;30,079;59,176;20,191;44,887;35,920;Bajo;2532;0
4217302003;2021;30,559;61,901;30,963;38,696;37,823;Bajo;2533;0
4217302003;2022;30,561;62,479;28,601;37,046;36,706;Bajo;2533;0
4217302003;2023;30,560;62,479;28,410;37,266;36,715;Bajo;2533;0
4217302004;2021;30,655;60,893;27,280;35,409;35,604;Bajo;2534;0
4217302004;2022;30,656;60,893;26,604;35,991;35,577;Bajo;2534;0
4217302004;2023;30,657;60,893;25,360;36,168;35,257;Bajo;2534;0
4217302005;2021;30,391;65,848;24,913;40,120;36,985;Bajo;2535;0
4217302005;2022;30,392;65,848;25,664;40,558;37,342;Bajo;2535;0
4217302005;2023;30,391;65,285;21,654;41,670;36,388;Bajo;2535;0
4217302006;2021;31,800;66,305;32,400;36,997;38,715;Medio-bajo;2536;0
4217302006;2022;31,799;66,305;29,839;36,968;37,938;Bajo;2536;0
4217302006;2023;31,798;66,305;27,825;37,060;37,361;Bajo;2536;0
4217302007;2021;31,533;64,977;26,282;36,685;36,520;Bajo;2537;0
4217302007;2022;31,532;64,977;23,563;36,284;35,584;Bajo;2537;0
4217302007;2023;31,530;64,433;20,565;38,535;35,278;Bajo;2537;0
4217302008;2021;30,870;62,958;35,652;35,920;38,633;Medio-bajo;2538;0
4217302008;2022;30,870;62,325;33,589;35,316;37,738;Bajo;2538;0
4217302008;2023;30,868;62,325;33,718;36,238;38,053;Bajo;2538;0
4217302009;2021;31,484;66,711;36,156;37,196;39,883;Medio-bajo;2539;0
4217302009;2022;31,485;66,711;33,850;37,145;39,177;Medio-bajo;2539;0
4217302009;2023;31,485;66,711;32,564;36,660;38,645;Medio-bajo;2539;0
4217302010;2021;30,723;73,900;36,303;40,542;41,819;Medio-bajo;2540;0
4217302010;2022;30,725;73,900;34,348;40,772;41,302;Medio-bajo;2540;0
4217302010;2023;30,725;73,900;32,672;40,753;40,794;Medio-bajo;2540;0
4217302011;2021;33,956;69,313;38,947;31,614;40,054;Medio-bajo;2541;0
4217302011;2022;33,957;69,313;36,261;31,862;39,323;Medio-bajo;2541;0
4217302011;2023;33,956;69,313;35,305;30,896;38,746;Medio-bajo;2541;0
4217302012;2021;57,189;38,207;22,851;37,289;38,070;Bajo;2542;0
4217302012;2022;57,187;38,207;24,466;38,047;38,782;Medio-bajo;2542;0
4217302012;2023;57,187;37,802;20,917;39,757;38,169;Bajo;2542;0
4217302013;2021;32,467;57,036;27,146;37,355;36,022;Bajo;2543;0
4217302013;2022;32,470;57,036;25,982;37,521;35,724;Bajo;2543;0
4217302013;2023;32,470;57,036;25,071;37,168;35,345;Bajo;2543;0
4217302014;2021;34,769;71,968;25,669;31,535;36,648;Bajo;2544;0
4217302014;2022;34,768;71,968;23,079;31,596;35,890;Bajo;2544;0
4217302014;2023;34,768;72,443;19,975;30,930;34,830;Bajo;2544;0
4217303001;2021;58,985;62,528;36,583;36,298;45,990;Medio-alto;2545;1
4217303001;2022;58,985;61,858;33,484;37,555;45,337;Medio-alto;2545;1
4217303001;2023;58,985;61,858;31,935;37,513;44,859;Medio-alto;2545;1
4217303002;2021;33,454;57,218;38,723;38,130;40,002;Medio-bajo;2546;0
4217303002;2022;33,455;57,218;37,231;38,036;39,526;Medio-bajo;2546;0
4217303002;2023;33,454;57,218;34,915;37,564;38,690;Medio-bajo;2546;0
4217303003;2021;39,484;62,411;22,069;35,053;36,369;Bajo;2547;0
4217303003;2022;39,484;62,411;20,485;35,112;35,912;Bajo;2547;0
4217303003;2023;39,484;61,912;19,391;36,099;35,805;Bajo;2547;0
4217401001;2021;62,173;24,773;27,079;49,525;42,240;Medio-bajo;2548;0
4217401001;2022;62,170;24,507;23,250;49,159;40,941;Medio-bajo;2548;0
4217401001;2023;62,170;24,507;21,066;47,786;39,874;Medio-bajo;2548;0
4217501001;2021;66,432;26,010;38,337;44,053;45,227;Medio-alto;2549;1
4217501001;2022;66,402;25,360;38,337;45,522;45,562;Medio-alto;2549;1
4217501001;2023;66,302;25,035;38,337;46,143;45,675;Medio-alto;2549;1
4217601001;2021;63,219;28,532;38,337;62,998;50,485;Alto;2550;1
4217601001;2022;63,219;28,267;38,337;64,783;50,981;Alto;2550;1
4217601001;2023;63,251;28,267;38,337;64,952;51,040;Alto;2550;1
4217701001;2021;62,999;41,381;38,337;66,922;53,535;Alto;2551;1
4217701001;2022;63,010;40,955;38,337;67,805;53,739;Alto;2551;1
4217701001;2023;63,023;41,381;38,337;59,017;51,169;Alto;2551;1
4217801001;2021;66,957;31,909;45,639;68,940;55,899;Alto;2552;1
4217801001;2022;66,953;31,909;44,220;72,098;56,420;Alto;2552;1
4217801001;2023;66,968;31,909;39,682;68,646;54,027;Alto;2552;1
4218101001;2021;57,069;47,467;38,682;46,592;46,970;Medio-alto;2553;1
4218101001;2022;57,068;47,467;36,524;46,900;46,414;Medio-alto;2553;1
4218101001;2023;57,069;46,997;34,105;48,684;46,154;Medio-alto;2553;1
4218201001;2021;72,114;23,887;38,337;65,846;52,867;Alto;2554;1
4218201001;2022;72,114;23,887;38,337;67,329;53,312;Alto;2554;1
4218201001;2023;72,126;24,462;38,337;60,523;51,359;Alto;2554;1
4218301001;2021;53,266;14,024;38,337;65,245;46,495;Medio-alto;2555;1
4218301001;2022;53,268;14,251;38,337;72,463;48,695;Alto;2555;1
4218301001;2023;53,256;14,024;38,337;62,080;45,543;Medio-alto;2555;1
4218401001;2021;70,932;27,985;38,337;62,403;52,153;Alto;2556;1
4218401001;2022;70,935;27,985;38,337;59,336;51,233;Alto;2556;1
4218401001;2023;70,935;27,451;38,337;60,931;51,632;Alto;2556;1
4218501001;2021;68,117;25,022;38,337;77,418;55,509;Alto;2557;1
4218501001;2022;68,117;25,022;38,337;72,599;54,063;Alto;2557;1
4218501001;2023;68,117;25,022;38,337;77,160;55,432;Alto;2557;1
4218701001;2021;66,124;33,427;38,337;48,180;47,500;Medio-alto;2558;1
4218701001;2022;66,128;33,144;38,337;52,687;48,811;Alto;2558;1
4218701001;2023;66,148;32,861;38,337;48,122;47,404;Medio-alto;2558;1
4218801001;2021;65,877;25,929;38,337;47,052;45,975;Medio-alto;2559;1
4218801001;2022;65,803;25,650;38,337;46,872;45,861;Medio-alto;2559;1
4218801001;2023;65,821;25,091;38,337;49,243;46,493;Medio-alto;2559;1
4218901001;2021;69,789;37,797;38,337;38,617;46,203;Medio-alto;2560;1
4218901001;2022;69,620;37,797;38,337;38,015;45,980;Medio-alto;2560;1
4218901001;2023;69,610;38,513;38,337;34,634;45,071;Medio-alto;2560;1
4219001001;2021;62,738;33,413;38,337;66,949;52,282;Alto;2561;1
4219001001;2022;62,754;33,413;38,337;62,720;51,018;Alto;2561;1
4219001001;2023;62,751;33,037;38,337;67,245;52,318;Alto;2561;1
4219101001;2021;59,822;30,926;26,787;48,733;42,250;Medio-bajo;2562;0
4219101001;2022;59,821;30,342;25,159;50,099;42,084;Medio-bajo;2562;0
4219101001;2023;59,821;30,342;27,033;49,403;42,437;Medio-bajo;2562;1
4219201001;2021;66,313;26,915;38,337;49,049;46,832;Medio-alto;2563;1
4219201001;2022;66,299;26,658;38,337;52,146;47,719;Medio-alto;2563;1
4219201001;2023;66,328;26,145;38,337;53,148;47,950;Alto;2563;1
4219301001;2021;67,174;30,458;38,337;72,034;54,474;Alto;2564;1
4219301001;2022;67,109;31,059;38,337;63,224;51,905;Alto;2564;1
4219301001;2023;67,109;31,059;38,337;59,963;50,926;Alto;2564;1
4219401001;2021;67,379;31,515;45,153;71,230;56,487;Alto;2565;1
4219401001;2022;67,378;31,878;40,206;63,759;52,816;Alto;2565;1
4219401001;2023;67,383;31,515;38,497;62,396;51,841;Alto;2565;1
4219501001;2021;64,605;29,245;38,337;57,672;49,341;Alto;2566;1
4219501001;2022;64,618;29,245;38,337;62,470;50,784;Alto;2566;1
4219501001;2023;64,610;30,020;38,337;52,475;47,899;Alto;2566;1
4219601001;2021;69,383;29,676;38,337;61,262;51,677;Alto;2567;1
4219601001;2022;68,446;30,173;38,337;59,019;50,845;Alto;2567;1
4219601001;2023;68,680;30,173;38,337;60,503;51,348;Alto;2567;1
4219701001;2021;65,411;26,533;38,337;58,560;49,402;Alto;2568;1
4219701001;2022;65,416;26,185;38,337;57,616;49,068;Alto;2568;1
4219701001;2023;65,421;26,533;38,337;58,772;49,468;Alto;2568;1
4219801001;2021;61,989;30,516;38,337;59,258;49,353;Alto;2569;1
4219801001;2022;61,944;31,184;38,337;53,730;47,784;Medio-alto;2569;1
4219801001;2023;62,095;31,184;38,337;51,936;47,284;Medio-alto;2569;1
4220001001;2021;62,603;27,682;38,337;61,525;49,762;Alto;2570;1
4220001001;2022;62,628;27,682;38,337;60,765;49,540;Alto;2570;1
4220001001;2023;62,624;27,682;38,337;61,667;49,809;Alto;2570;1
4220101001;2021;41,927;33,317;38,337;57,527;44,239;Medio-alto;2571;1
4220101001;2022;41,927;33,317;38,337;58,752;44,606;Medio-alto;2571;1
4220101001;2023;41,927;33,012;38,337;61,749;45,460;Medio-alto;2571;1
4220201001;2021;62,479;28,548;38,337;69,088;52,130;Alto;2572;1
4220201001;2022;62,518;27,827;38,337;80,143;55,348;Alto;2572;1
4220201001;2023;62,612;28,187;38,337;76,499;54,332;Alto;2572;1
4220401001;2021;53,266;12,825;38,337;49,060;41,459;Medio-bajo;2573;0
4220401001;2022;53,273;12,825;38,337;50,383;41,858;Medio-bajo;2573;0
4220401001;2023;53,297;12,825;38,337;53,044;42,662;Medio-bajo;2573;1
4220501001;2021;56,739;33,996;38,337;59,539;48,647;Alto;2574;1
4220501001;2022;56,727;33,665;38,337;60,685;48,938;Alto;2574;1
4220501001;2023;56,729;33,334;38,337;62,893;49,552;Alto;2574;1
4220601001;2021;74,907;31,384;38,337;71,011;56,239;Alto;2575;1
4220601001;2022;74,907;31,384;38,337;70,181;55,990;Alto;2575;1
4220601001;2023;74,907;31,384;38,337;74,967;57,426;Alto;2575;1
4220701001;2021;55,897;26,149;38,337;43,561;42,466;Medio-bajo;2576;1
4220701001;2022;55,893;26,149;38,337;47,456;43,634;Medio-bajo;2576;1
4220701001;2023;55,875;26,421;38,337;43,712;42,547;Medio-bajo;2576;1
4220801001;2021;65,444;27,342;38,337;58,148;49,408;Alto;2577;1
4220801001;2022;65,444;26,756;38,337;62,022;50,482;Alto;2577;1
4220801001;2023;65,511;27,342;38,337;59,655;49,877;Alto;2577;1
4220901001;2021;66,468;29,332;37,431;50,767;47,476;Medio-alto;2578;1
4220901001;2022;66,465;29,332;34,735;50,324;46,534;Medio-alto;2578;1
4220901001;2023;66,465;28,936;32,983;52,232;46,521;Medio-alto;2578;1
4221101001;2021;51,972;28,379;38,337;55,155;45,298;Medio-alto;2579;1
4221101001;2022;51,981;28,688;38,337;54,202;45,060;Medio-alto;2579;1
4221101001;2023;51,969;29,614;38,337;48,508;43,488;Medio-bajo;2579;1
4221201001;2021;67,498;34,029;38,337;48,898;48,149;Alto;2580;1
4221201001;2022;67,501;34,029;38,337;51,344;48,884;Alto;2580;1
4221201001;2023;67,501;33,655;38,337;51,600;48,905;Alto;2580;1
4221301001;2021;57,540;20,642;38,337;49,622;43,869;Medio-alto;2581;1
4221301001;2022;57,540;20,396;38,337;49,612;43,829;Medio-alto;2581;1
4221301001;2023;57,568;20,642;38,337;47,945;43,373;Medio-bajo;2581;1
4221501001;2021;56,668;39,439;40,061;45,755;45,828;Medio-alto;2582;1
4221501001;2022;56,668;39,799;37,673;44,659;44,837;Medio-alto;2582;1
4221501001;2023;56,668;39,799;35,786;44,871;44,334;Medio-alto;2582;1
4221601001;2021;62,421;19,451;38,337;58,129;47,463;Medio-alto;2583;1
4221601001;2022;62,436;18,092;38,337;60,748;48,048;Alto;2583;1
4221601001;2023;62,373;17,752;38,337;64,013;48,961;Alto;2583;1
4221701001;2021;66,646;32,375;38,337;56,587;49,995;Alto;2584;1
4221701001;2022;66,675;32,375;38,337;59,032;50,736;Alto;2584;1
4221701001;2023;66,660;32,826;38,337;55,057;49,607;Alto;2584;1
4221801001;2021;70,996;26,822;38,657;39,964;45,359;Medio-alto;2585;1
4221801001;2022;71,003;27,137;37,102;36,864;44,011;Medio-alto;2585;1
4221801001;2023;70,999;27,137;33,621;36,204;42,768;Medio-bajo;2585;1
4221901001;2021;77,799;27,751;38,337;59,378;52,927;Alto;2586;1
4221901001;2022;77,811;27,751;38,337;62,603;53,898;Alto;2586;1
4221901001;2023;77,830;27,751;38,337;65,266;54,701;Alto;2586;1
4700101001;2021;58,123;15,894;38,337;45,002;41,917;Medio-bajo;2587;0
4700101001;2022;58,093;15,412;38,337;50,390;43,453;Medio-bajo;2587;1
4700101001;2023;58,139;15,653;38,337;47,448;42,618;Medio-bajo;2587;1
4700201001;2021;54,912;12,042;38,337;47,574;41,308;Medio-bajo;2588;0
4700201001;2022;54,659;12,042;38,337;48,034;41,383;Medio-bajo;2588;0
4700201001;2023;54,659;12,042;38,337;48,405;41,494;Medio-bajo;2588;0
4700301001;2021;66,795;27,250;37,533;39,948;44,031;Medio-alto;2589;1
4700301001;2022;66,786;27,250;36,190;39,977;43,634;Medio-bajo;2589;1
4700301001;2023;66,787;27,008;34,416;41,413;43,497;Medio-bajo;2589;1
4700401001;2021;59,261;27,906;44,925;39,270;44,260;Medio-alto;2590;1
4700401001;2022;59,260;27,906;42,590;38,988;43,474;Medio-bajo;2590;1
4700401001;2023;59,260;27,542;42,607;40,529;43,887;Medio-alto;2590;1
4700401002;2021;53,284;28,401;47,542;43,544;44,907;Medio-alto;2591;1
4700401002;2022;53,284;28,008;43,726;45,620;44,326;Medio-alto;2591;1
4700401002;2023;53,286;28,401;43,911;42,947;43,639;Medio-bajo;2591;1
4700501001;2021;49,890;34,378;44,693;40,445;43,170;Medio-bajo;2592;1
4700501001;2022;49,887;34,378;44,123;40,951;43,151;Medio-bajo;2592;1
4700501001;2023;49,886;34,036;43,178;42,868;43,391;Medio-bajo;2592;1
4700601001;2021;39,645;22,083;37,105;44,987;37,851;Bajo;2593;0
4700601001;2022;39,652;22,083;39,193;44,604;38,364;Bajo;2593;0
4700601001;2023;39,650;22,367;36,179;43,366;37,131;Bajo;2593;0
4700701001;2021;36,724;44,243;39,193;37,461;38,813;Medio-bajo;2594;0
4700701001;2022;36,725;44,243;36,737;37,367;38,049;Bajo;2594;0
4700701001;2023;36,725;43,896;35,746;39,266;38,269;Bajo;2594;0
4700701002;2021;34,013;57,765;21,810;31,854;33,267;Bajo;2595;0
4700701002;2022;34,012;57,765;23,232;31,308;33,530;Bajo;2595;0
4700701002;2023;34,010;58,125;19,911;30,178;32,248;Bajo;2595;0
4700701003;2021;35,341;64,881;30,366;31,070;36,998;Bajo;2596;0
4700701003;2022;35,338;65,315;27,952;30,187;36,074;Bajo;2596;0
4700701003;2023;35,336;65,315;26,129;30,294;35,558;Bajo;2596;0
4700701004;2021;39,980;63,621;26,592;26,968;35,606;Bajo;2597;0
4700701004;2022;39,977;63,621;25,575;26,903;35,281;Bajo;2597;0
4700701004;2023;39,975;63,621;22,836;27,034;34,498;Bajo;2597;0
4700801001;2021;55,548;15,776;38,337;61,208;46,117;Medio-alto;2598;1
4700801001;2022;55,548;15,270;38,337;62,414;46,403;Medio-alto;2598;1
4700801001;2023;55,548;15,270;38,337;64,152;46,924;Medio-alto;2598;1
4700901001;2021;65,015;17,916;38,337;53,594;46,521;Medio-alto;2599;1
4700901001;2022;65,018;17,916;31,168;54,602;44,673;Medio-alto;2599;1
4700901001;2023;65,007;17,602;38,337;56,126;47,231;Medio-alto;2599;1
4701001001;2021;19,694;62,260;23,843;32,037;31,027;Bajo;2600;0
4701001001;2022;19,694;62,260;22,149;32,194;30,566;Bajo;2600;0
4701001001;2023;19,693;62,260;21,049;32,459;30,315;Bajo;2600;0
4701001002;2021;10,045;60,177;36,844;33,566;32,661;Bajo;2601;0
4701001002;2022;10,043;60,177;36,206;33,336;32,400;Bajo;2601;0
4701001002;2023;10,041;60,177;34,096;33,335;31,766;Bajo;2601;0
4701001003;2021;13,437;72,189;26,656;30,947;31,468;Bajo;2602;0
4701001003;2022;13,436;72,189;24,456;31,135;30,865;Bajo;2602;0
4701001003;2023;13,436;72,189;22,874;31,658;30,547;Bajo;2602;0
4701001004;2021;10,531;60,924;29,989;32,017;30,373;Bajo;2603;0
4701001004;2022;10,532;60,493;28,148;33,159;30,099;Bajo;2603;0
4701001004;2023;10,530;60,493;25,975;33,145;29,443;Bajo;2603;0
4701001005;2021;16,447;59,069;16,265;27,651;26,147;Bajo;2604;0
4701001005;2022;16,446;58,751;12,803;28,921;25,441;Bajo;2604;0
4701001005;2023;16,447;58,751;12,103;29,122;25,292;Bajo;2604;0
4701001006;2021;14,064;68,913;23,347;28,341;29,359;Bajo;2605;0
4701001006;2022;14,063;68,913;21,795;28,514;28,946;Bajo;2605;0
4701001006;2023;14,063;68,913;20,014;28,864;28,516;Bajo;2605;0
4701001007;2021;20,203;56,373;15,863;24,837;25,717;Bajo;2606;0
4701001007;2022;20,199;56,373;14,111;24,524;25,096;Bajo;2606;0
4701001007;2023;20,196;56,373;10,905;24,820;24,222;Bajo;2606;0
4701001008;2021;18,326;75,739;27,034;31,643;33,545;Bajo;2607;0
4701001008;2022;18,321;75,739;25,928;32,095;33,348;Bajo;2607;0
4701001008;2023;18,316;75,739;23,771;32,192;32,729;Bajo;2607;0
4701001009;2021;17,448;58,505;20,937;26,549;27,383;Bajo;2608;0
4701001009;2022;17,448;58,505;19,218;26,671;26,904;Bajo;2608;0
4701001009;2023;17,447;58,505;16,718;26,522;26,110;Bajo;2608;0
4701001010;2021;16,785;77,038;27,979;33,394;34,164;Bajo;2609;0
4701001010;2022;16,769;77,038;26,149;33,625;33,680;Bajo;2609;0
4701001010;2023;16,758;77,038;24,507;33,943;33,280;Bajo;2609;0
4701001011;2021;16,320;69,903;24,463;31,797;31,443;Bajo;2610;0
4701001011;2022;16,318;69,343;22,730;33,316;31,295;Bajo;2610;0
4701001011;2023;16,309;69,343;21,187;33,561;30,903;Bajo;2610;0
4701101001;2021;52,076;23,254;42,775;45,001;42,840;Medio-bajo;2611;1
4701101001;2022;52,078;23,572;40,283;44,427;41,968;Medio-bajo;2611;0
4701101001;2023;52,076;23,254;40,424;45,272;42,216;Medio-bajo;2611;0
4701201001;2021;62,408;20,232;38,337;55,730;46,857;Medio-alto;2612;1
4701201001;2022;62,416;20,232;38,337;54,705;46,552;Medio-alto;2612;1
4701201001;2023;62,456;20,802;38,337;51,327;45,634;Medio-alto;2612;1
4701301001;2021;64,856;5,603;38,337;58,893;46,224;Medio-alto;2613;1
4701301001;2022;64,828;5,363;32,865;59,833;44,821;Medio-alto;2613;1
4701301001;2023;64,820;5,363;28,288;59,251;43,271;Medio-bajo;2613;1
4701401001;2021;57,645;24,425;38,337;53,791;45,714;Medio-alto;2614;1
4701401001;2022;57,668;24,715;38,337;53,596;45,704;Medio-alto;2614;1
4701401001;2023;57,529;24,715;38,337;50,325;44,688;Medio-alto;2614;1
4701501001;2021;68,148;12,907;41,444;51,140;46,748;Medio-alto;2615;1
4701501001;2022;68,157;12,907;39,416;51,231;46,169;Medio-alto;2615;1
4701501001;2023;68,162;12,907;37,563;51,774;45,777;Medio-alto;2615;1
4701601001;2021;62,059;14,508;38,337;57,696;46,501;Medio-alto;2616;1
4701601001;2022;62,049;14,782;38,337;61,615;47,715;Medio-alto;2616;1
4701601001;2023;62,044;14,508;38,337;58,502;46,739;Medio-alto;2616;1
4701701001;2021;56,251;20,013;35,825;50,159;42,860;Medio-bajo;2617;1
4701701001;2022;56,271;19,774;31,820;50,882;41,844;Medio-bajo;2617;0
4701701001;2023;56,276;19,774;28,454;52,936;41,452;Medio-bajo;2617;0
4701801001;2021;50,915;30,054;38,337;25,258;36,315;Bajo;2618;0
4701801001;2022;50,915;29,542;38,337;32,441;38,393;Medio-bajo;2618;0
4701801001;2023;51,032;29,542;38,337;32,615;38,475;Medio-bajo;2618;0
4701901001;2021;64,274;10,553;30,373;45,117;40,299;Medio-bajo;2619;0
4701901001;2022;64,289;10,553;38,337;46,846;43,210;Medio-bajo;2619;1
4701901001;2023;64,286;10,553;38,337;48,377;43,669;Medio-bajo;2619;1
4702001001;2021;55,606;22,971;40,844;45,454;43,237;Medio-bajo;2620;1
4702001001;2022;55,611;22,971;40,362;45,480;43,101;Medio-bajo;2620;1
4702001001;2023;55,609;22,609;33,345;46,315;41,192;Medio-bajo;2620;0
4702101001;2021;51,347;19,514;38,337;55,067;43,785;Medio-alto;2621;1
4702101001;2022;51,370;19,514;38,337;54,655;43,667;Medio-bajo;2621;1
4702101001;2023;51,378;19,208;38,337;56,256;44,104;Medio-alto;2621;1
4702201001;2021;56,219;31,372;38,337;40,126;42,300;Medio-bajo;2622;1
4702201001;2022;56,149;30,767;38,337;40,566;42,324;Medio-bajo;2622;1
4702201001;2023;56,161;31,976;38,337;35,071;40,859;Medio-bajo;2622;0
4702301001;2021;24,725;48,789;28,337;35,585;32,676;Bajo;2623;0
4702301001;2022;24,724;48,789;26,041;35,774;32,044;Bajo;2623;0
4702301001;2023;24,725;48,789;25,675;35,872;31,963;Bajo;2623;0
4702301002;2021;24,491;45,030;16,323;33,485;27,820;Bajo;2624;0
4702301002;2022;24,488;45,030;7,170;33,237;24,999;Bajo;2624;0
4702301002;2023;24,485;45,030;12,079;32,966;26,389;Bajo;2624;0
4702301003;2021;29,610;64,118;24,496;25,910;32,142;Bajo;2625;0
4702301003;2022;29,607;63,720;22,767;26,868;31,850;Bajo;2625;0
4702301003;2023;29,608;63,720;21,638;26,291;31,339;Bajo;2625;0
4702401001;2021;70,720;18,283;35,837;45,839;44,925;Medio-alto;2626;1
4702401001;2022;70,729;18,283;33,893;45,549;44,257;Medio-alto;2626;1
4702401001;2023;70,731;18,283;30,583;45,522;43,257;Medio-bajo;2626;1
4702501001;2021;57,432;21,979;47,830;62,034;50,614;Alto;2627;1
4702501001;2022;57,448;22,315;42,267;56,049;47,204;Medio-alto;2627;1
4702501001;2023;57,461;21,979;39,049;63,459;48,415;Alto;2627;1
4702601001;2021;64,337;11,600;38,337;31,554;38,792;Medio-bajo;2628;0
4702601001;2022;64,273;12,010;38,337;29,336;38,172;Bajo;2628;0
4702601001;2023;64,284;11,600;38,337;31,334;38,713;Medio-bajo;2628;0
4702701001;2021;33,438;52,121;35,432;33,019;36,713;Bajo;2629;0
4702701001;2022;33,438;52,121;33,163;33,327;36,125;Bajo;2629;0
4702701001;2023;33,437;52,121;31,929;32,880;35,620;Bajo;2629;0
4702701002;2021;27,209;47,895;40,160;36,322;36,931;Bajo;2630;0
4702701002;2022;27,209;47,895;36,425;36,122;35,751;Bajo;2630;0
4702701002;2023;27,208;48,380;33,419;35,060;34,603;Bajo;2630;0
4702801001;2021;70,302;0,801;38,337;38,816;40,841;Medio-bajo;2631;0
4702801001;2022;70,280;0,480;38,337;42,226;41,811;Medio-bajo;2631;0
4702801001;2023;70,427;0,000;38,337;48,475;43,651;Medio-bajo;2631;1
4702901001;2021;61,086;1,585;38,337;51,795;42,549;Medio-bajo;2632;1
4702901001;2022;61,149;1,366;38,337;55,449;43,628;Medio-bajo;2632;1
4702901001;2023;61,149;1,585;38,337;52,393;42,744;Medio-bajo;2632;1
4703001001;2021;66,801;41,889;39,956;44,864;48,430;Alto;2633;1
4703001001;2022;66,801;41,889;37,210;44,593;47,525;Medio-alto;2633;1
4703001001;2023;66,801;41,889;34,876;44,749;46,871;Medio-alto;2633;1
4703101001;2021;49,295;22,629;41,255;46,821;42,141;Medio-bajo;2634;0
4703101001;2022;49,308;22,944;38,757;44,804;40,837;Medio-bajo;2634;0
4703101001;2023;49,309;22,629;36,890;47,122;40,925;Medio-bajo;2634;0
4703201001;2021;45,692;28,686;30,009;43,011;37,632;Bajo;2635;0
4703201001;2022;45,681;28,686;31,573;44,247;38,469;Medio-bajo;2635;0
4703201001;2023;45,692;28,686;17,426;45,068;34,474;Bajo;2635;0
4703301001;2021;61,773;22,745;38,547;46,696;44,428;Medio-alto;2636;1
4703301001;2022;61,776;22,745;37,135;45,777;43,729;Medio-alto;2636;1
4703301001;2023;61,774;23,058;36,526;43,344;42,863;Medio-bajo;2636;1
4703401001;2021;69,447;22,053;38,337;61,106;50,503;Alto;2637;1
4703401001;2022;69,465;22,053;38,337;61,006;50,477;Alto;2637;1
4703401001;2023;69,462;22,053;38,337;63,977;51,368;Alto;2637;1
4703501001;2021;59,536;34,402;48,774;42,937;47,558;Medio-alto;2638;1
4703501001;2022;59,536;34,015;47,489;44,488;47,579;Medio-alto;2638;1
4703501001;2023;59,537;34,015;44,065;45,132;46,746;Medio-alto;2638;1
4703601001;2021;61,842;21,386;43,128;47,635;45,897;Medio-alto;2639;1
4703601001;2022;61,849;21,688;38,755;46,254;44,218;Medio-alto;2639;1
4703601001;2023;61,847;20,783;36,859;50,836;44,887;Medio-alto;2639;1
4703701001;2021;58,662;17,373;48,268;53,705;47,863;Medio-alto;2640;1
4703701001;2022;58,655;17,720;44,742;51,636;46,235;Medio-alto;2640;1
4703701001;2023;58,652;17,373;45,789;52,201;46,666;Medio-alto;2640;1
4703801001;2021;56,971;25,537;39,977;45,737;43,787;Medio-alto;2641;1
4703801001;2022;56,924;26,205;40,517;42,324;43,014;Medio-bajo;2641;1
4703801001;2023;56,884;25,537;41,592;48,558;45,097;Medio-alto;2641;1
4703901001;2021;58,101;21,832;40,295;57,041;47,001;Medio-alto;2642;1
4703901001;2022;58,108;21,832;38,811;56,557;46,412;Medio-alto;2642;1
4703901001;2023;58,116;21,832;37,896;57,311;46,366;Medio-alto;2642;1
4704001001;2021;67,269;12,625;38,337;66,408;50,135;Alto;2643;1
4704001001;2022;67,242;12,353;38,337;70,112;51,198;Alto;2643;1
4704001001;2023;67,298;12,625;38,337;69,642;51,112;Alto;2643;1
4704101001;2021;47,779;13,517;39,195;53,136;41,672;Medio-bajo;2644;0
4704101001;2022;47,792;13,517;37,511;54,018;41,434;Medio-bajo;2644;0
4704101001;2023;47,810;13,517;35,251;54,501;40,906;Medio-bajo;2644;0
4704201001;2021;65,582;4,015;38,337;45,064;42,018;Medio-bajo;2645;0
4704201001;2022;65,597;3,797;38,337;46,213;42,334;Medio-bajo;2645;1
4704201001;2023;65,597;3,797;38,337;46,561;42,438;Medio-bajo;2645;1
4704301001;2021;52,896;19,473;38,119;51,473;43,023;Medio-bajo;2646;1
4704301001;2022;52,897;19,473;34,363;51,446;41,888;Medio-bajo;2646;0
4704301001;2023;52,892;19,473;32,313;51,517;41,293;Medio-bajo;2646;0
4704401001;2021;30,389;33,125;31,329;38,858;33,622;Bajo;2647;0
4704401001;2022;30,371;32,828;30,075;40,237;33,611;Bajo;2647;0
4704401001;2023;30,377;32,828;27,560;40,623;32,973;Bajo;2647;0
4704501001;2021;62,391;36,959;48,890;47,423;50,036;Alto;2648;1
4704501001;2022;62,391;36,959;46,064;48,167;49,411;Alto;2648;1
4704501001;2023;62,392;36,611;44,823;49,588;49,413;Alto;2648;1
4704601001;2021;68,072;7,709;51,228;45,033;47,053;Medio-alto;2649;1
4704601001;2022;68,088;7,709;46,599;44,330;45,457;Medio-alto;2649;1
4704601001;2023;68,098;7,423;44,904;46,192;45,467;Medio-alto;2649;1
4704701001;2021;67,752;22,420;36,544;53,545;47,328;Medio-alto;2650;1
4704701001;2022;67,747;22,124;35,969;54,399;47,366;Medio-alto;2650;1
4704701001;2023;67,752;22,124;36,042;55,559;47,737;Medio-alto;2650;1
4704801001;2021;66,850;19,809;36,658;41,483;43,126;Medio-bajo;2651;1
4704801001;2022;66,855;19,572;38,964;43,582;44,414;Medio-alto;2651;1
4704801001;2023;66,867;19,334;35,064;47,066;44,256;Medio-alto;2651;1
4704901001;2021;55,664;13,977;38,337;61,379;45,927;Medio-alto;2652;1
4704901001;2022;55,623;13,977;38,337;66,135;47,344;Medio-alto;2652;1
4704901001;2023;55,602;13,670;38,337;70,172;48,504;Alto;2652;1
4705001001;2021;23,085;58,269;38,145;32,295;35,644;Bajo;2653;0
4705001001;2022;23,087;58,269;35,133;32,471;34,793;Bajo;2653;0
4705001001;2023;23,084;58,269;33,717;32,946;34,510;Bajo;2653;0
4705001002;2021;33,935;45,613;36,658;32,054;35,939;Bajo;2654;0
4705001002;2022;33,935;45,613;34,818;32,169;35,422;Bajo;2654;0
4705001002;2023;33,935;45,613;33,483;32,049;34,985;Bajo;2654;0
4705001003;2021;35,072;47,388;40,645;33,798;38,209;Bajo;2655;0
4705001003;2022;35,072;47,388;39,073;34,268;37,878;Bajo;2655;0
4705001003;2023;35,070;46,901;37,141;35,163;37,494;Bajo;2655;0
4705101001;2021;28,833;22,182;34,298;40,364;32,934;Bajo;2656;0
4705101001;2022;28,857;22,182;34,138;40,848;33,037;Bajo;2656;0
4705101001;2023;28,860;22,182;31,817;40,334;32,188;Bajo;2656;0
4705201001;2021;23,683;58,674;30,816;31,038;33,278;Bajo;2657;0
4705201001;2022;23,682;58,122;28,853;32,389;33,011;Bajo;2657;0
4705201001;2023;23,682;58,122;27,951;32,610;32,807;Bajo;2657;0
4705201002;2021;21,786;60,373;26,322;29,940;31,381;Bajo;2658;0
4705201002;2022;21,786;59,955;24,651;30,711;31,048;Bajo;2658;0
4705201002;2023;21,780;59,955;22,267;31,107;30,450;Bajo;2658;0
4705201003;2021;19,636;61,198;32,880;32,334;33,653;Bajo;2659;0
4705201003;2022;19,633;61,198;31,082;32,432;33,142;Bajo;2659;0
4705201003;2023;19,632;61,198;29,206;32,637;32,641;Bajo;2659;0
4705201004;2021;14,412;61,401;34,166;33,476;33,106;Bajo;2660;0
4705201004;2022;14,415;60,870;31,853;34,595;32,669;Bajo;2660;0
4705201004;2023;14,417;60,870;29,908;34,868;32,167;Bajo;2660;0
4705201005;2021;17,811;55,632;30,894;30,559;31,234;Bajo;2661;0
4705201005;2022;17,810;55,168;28,435;31,635;30,749;Bajo;2661;0
4705201005;2023;17,811;54,704;26,616;33,415;30,668;Bajo;2661;0
4705201006;2021;14,449;62,658;30,247;29,982;31,079;Bajo;2662;0
4705201006;2022;14,447;62,658;28,627;30,165;30,648;Bajo;2662;0
4705201006;2023;14,444;62,658;27,290;30,387;30,313;Bajo;2662;0
4705301001;2021;48,044;24,356;38,057;45,295;40,670;Medio-bajo;2663;0
4705301001;2022;48,038;24,356;38,705;44,579;40,648;Medio-bajo;2663;0
4705301001;2023;48,041;23,706;35,568;47,066;40,356;Medio-bajo;2663;0
4705401001;2021;64,214;21,730;37,829;48,378;45,175;Medio-alto;2664;1
4705401001;2022;64,214;21,730;34,715;47,294;43,916;Medio-alto;2664;1
4705401001;2023;64,213;21,730;33,659;47,156;43,557;Medio-bajo;2664;1
4705501001;2021;41,310;12,409;40,944;48,564;39,041;Medio-bajo;2665;0
4705501001;2022;41,317;12,672;36,949;47,280;37,499;Bajo;2665;0
4705501001;2023;41,278;12,936;35,637;45,807;36,693;Bajo;2665;0
4705601001;2021;58,854;32,780;38,337;42,413;43,856;Medio-alto;2666;1
4705601001;2022;58,883;32,780;38,337;45,450;44,774;Medio-alto;2666;1
4705601001;2023;58,872;33,132;38,337;43,905;44,361;Medio-alto;2666;1
4705701001;2021;44,995;19,446;40,115;43,670;39,301;Medio-bajo;2667;0
4705701001;2022;44,982;19,146;38,334;44,559;38,985;Medio-bajo;2667;0
4705701001;2023;44,968;19,146;34,222;45,098;37,910;Bajo;2667;0
4705801001;2021;60,608;24,448;40,096;48,458;45,385;Medio-alto;2668;1
4705801001;2022;60,606;24,448;38,113;49,550;45,118;Medio-alto;2668;1
4705801001;2023;60,616;24,448;35,825;48,278;44,052;Medio-alto;2668;1
4705901001;2021;57,455;28,065;38,643;44,250;43,441;Medio-bajo;2669;1
4705901001;2022;57,462;28,065;33,683;43,209;41,643;Medio-bajo;2669;0
4705901001;2023;57,457;27,727;31,632;46,130;41,852;Medio-bajo;2669;0
4706001001;2021;65,922;26,424;33,964;56,746;47,657;Medio-alto;2670;1
4706001001;2022;65,925;26,126;33,049;58,863;47,974;Alto;2670;1
4706001001;2023;65,925;26,424;32,319;58,606;47,722;Medio-alto;2670;1
4706101001;2021;54,979;29,640;36,267;47,655;43,367;Medio-bajo;2671;1
4706101001;2022;54,978;29,640;35,513;48,428;43,373;Medio-bajo;2671;1
4706101001;2023;54,983;29,640;34,434;48,025;42,930;Medio-bajo;2671;1
4706201001;2021;70,432;16,994;35,427;52,069;46,406;Medio-alto;2672;1
4706201001;2022;70,425;17,301;32,235;46,714;43,886;Medio-alto;2672;1
4706201001;2023;70,425;16,994;31,249;47,403;43,751;Medio-alto;2672;1
4706301001;2021;63,677;28,279;32,211;38,966;41,514;Medio-bajo;2673;0
4706301001;2022;63,661;28,279;28,801;37,514;40,052;Medio-bajo;2673;0
4706301001;2023;63,659;28,279;26,014;38,233;39,431;Medio-bajo;2673;0
4706401001;2021;63,865;0,757;38,337;51,032;42,891;Medio-bajo;2674;1
4706401001;2022;63,840;0,991;38,337;49,502;42,460;Medio-bajo;2674;1
4706401001;2023;63,865;0,524;38,337;55,682;44,251;Medio-alto;2674;1
4706501001;2021;58,992;32,390;51,411;46,536;48,990;Alto;2675;1
4706501001;2022;58,991;32,390;49,268;46,844;48,440;Alto;2675;1
4706501001;2023;58,991;32,022;47,654;48,343;48,350;Alto;2675;1
4706601001;2021;25,547;48,768;30,347;35,699;33,516;Bajo;2676;0
4706601001;2022;25,545;48,768;27,586;35,327;32,576;Bajo;2676;0
4706601001;2023;25,544;49,168;26,367;34,394;31,990;Bajo;2676;0
4706701001;2021;56,794;24,162;37,303;49,176;43,766;Medio-alto;2677;1
4706701001;2022;56,785;23,868;37,822;52,913;44,997;Medio-alto;2677;1
4706701001;2023;56,795;23,868;34,151;59,702;45,935;Medio-alto;2677;1
4706801001;2021;53,894;6,878;38,337;55,035;42,517;Medio-bajo;2678;1
4706801001;2022;53,836;6,878;38,337;48,806;40,634;Medio-bajo;2678;0
4706801001;2023;53,864;7,112;38,337;42,161;38,682;Medio-bajo;2678;0
4706901001;2021;55,542;34,889;35,068;50,582;44,814;Medio-alto;2679;1
4706901001;2022;55,542;34,889;33,774;49,836;44,202;Medio-alto;2679;1
4706901001;2023;55,549;34,530;32,467;51,227;44,175;Medio-alto;2679;1
4707001001;2021;57,729;5,132;38,337;63,252;45,679;Medio-alto;2680;1
4707001001;2022;57,556;5,614;38,337;56,559;43,700;Medio-bajo;2680;1
4707001001;2023;57,424;5,855;38,337;53,143;42,678;Medio-bajo;2680;1
4707101001;2021;36,641;26,332;38,564;36,524;35,637;Bajo;2681;0
4707101001;2022;36,647;26,332;33,595;38,623;34,777;Bajo;2681;0
4707101001;2023;36,653;26,332;30,491;38,634;33,850;Bajo;2681;0
4707301001;2021;58,819;5,541;38,812;56,988;44,276;Medio-alto;2682;1
4707301001;2022;58,814;5,541;37,186;56,166;43,540;Medio-bajo;2682;1
4707301001;2023;58,835;5,541;39,148;55,898;44,054;Medio-alto;2682;1
4707401001;2021;52,056;34,943;35,228;44,644;42,217;Medio-bajo;2683;0
4707401001;2022;52,055;35,327;32,912;43,330;41,186;Medio-bajo;2683;0
4707401001;2023;52,037;34,560;30,994;45,815;41,236;Medio-bajo;2683;0
4707501001;2021;45,530;48,795;43,771;32,994;41,731;Medio-bajo;2684;0
4707501001;2022;45,529;48,795;41,806;32,842;41,096;Medio-bajo;2684;0
4707501001;2023;45,529;48,795;40,740;32,122;40,560;Medio-bajo;2684;0
4707501002;2021;49,898;48,968;38,675;35,766;42,152;Medio-bajo;2685;0
4707501002;2022;49,898;48,968;37,162;35,655;41,665;Medio-bajo;2685;0
4707501002;2023;49,898;48,625;35,296;36,930;41,436;Medio-bajo;2685;0
4707502001;2021;53,217;51,103;47,215;32,108;44,767;Medio-alto;2686;1
4707502001;2022;53,217;51,542;45,530;30,197;43,754;Medio-alto;2686;1
4707502001;2023;53,216;51,542;43,064;30,117;42,990;Medio-bajo;2686;1
4707502002;2021;49,559;53,651;40,145;30,609;41,664;Medio-bajo;2687;0
4707502002;2022;49,559;53,651;39,029;30,417;41,271;Medio-bajo;2687;0
4707502002;2023;49,559;53,651;36,152;30,778;40,516;Medio-bajo;2687;0
4707601001;2021;15,825;58,947;35,291;35,755;34,112;Bajo;2688;0
4707601001;2022;15,824;58,363;33,704;37,319;34,018;Bajo;2688;0
4707601001;2023;15,826;58,363;33,642;37,670;34,104;Bajo;2688;0
4707601002;2021;16,794;58,677;38,339;36,163;35,351;Bajo;2689;0
4707601002;2022;16,796;58,677;35,892;35,985;34,564;Bajo;2689;0
4707601002;2023;16,795;58,677;34,330;35,606;33,981;Bajo;2689;0
4707601003;2021;17,095;63,107;36,654;34,903;35,207;Bajo;2690;0
4707601003;2022;17,093;63,107;33,151;35,176;34,237;Bajo;2690;0
4707601003;2023;17,085;63,107;31,341;34,906;33,612;Bajo;2690;0
4707601004;2021;15,616;74,857;39,865;32,479;36,836;Bajo;2691;0
4707601004;2022;15,618;74,857;38,685;33,269;36,719;Bajo;2691;0
4707601004;2023;15,622;74,148;37,500;35,193;36,836;Bajo;2691;0
4707601005;2021;15,318;77,364;41,184;29,164;36,538;Bajo;2692;0
4707601005;2022;15,319;76,666;38,202;30,765;36,020;Bajo;2692;0
4707601005;2023;15,322;76,666;36,557;31,667;35,798;Bajo;2692;0
4707601006;2021;21,622;56,481;30,056;32,846;32,748;Bajo;2693;0
4707601006;2022;21,624;56,104;28,446;34,556;32,722;Bajo;2693;0
4707601006;2023;21,629;55,728;26,229;35,613;32,319;Bajo;2693;0
4707601007;2021;15,355;61,348;28,407;32,321;31,259;Bajo;2694;0
4707601007;2022;15,362;61,348;25,337;32,520;30,400;Bajo;2694;0
4707601007;2023;15,361;60,940;22,130;33,963;29,809;Bajo;2694;0
4707601008;2021;15,795;66,947;32,166;28,437;32,171;Bajo;2695;0
4707601008;2022;15,796;66,947;29,954;28,653;31,573;Bajo;2695;0
4707601008;2023;15,794;66,947;28,143;29,079;31,157;Bajo;2695;0
4707601009;2021;17,732;50,662;27,539;29,268;29,075;Bajo;2696;0
4707601009;2022;17,728;50,662;24,316;29,922;28,303;Bajo;2696;0
4707601009;2023;17,730;50,302;22,044;31,296;27,980;Bajo;2696;0
4707601010;2021;20,005;46,691;33,230;31,392;31,392;Bajo;2697;0
4707601010;2022;20,003;46,691;30,898;31,616;30,759;Bajo;2697;0
4707601010;2023;20,006;46,377;29,092;32,378;30,399;Bajo;2697;0
4707601011;2021;15,895;75,302;38,683;28,366;35,384;Bajo;2698;0
4707601011;2022;15,898;74,600;35,728;30,118;34,918;Bajo;2698;0
4707601011;2023;15,913;74,600;33,601;31,565;34,718;Bajo;2698;0
4707601012;2021;15,920;68,599;35,104;30,415;33,926;Bajo;2699;0
4707601012;2022;15,918;68,599;32,016;30,871;33,135;Bajo;2699;0
4707601012;2023;15,922;68,104;28,796;32,590;32,612;Bajo;2699;0
4707601013;2021;15,888;65,368;32,516;27,738;31,853;Bajo;2700;0
4707601013;2022;15,894;65,368;30,173;28,314;31,325;Bajo;2700;0
4707601013;2023;15,895;65,368;29,349;28,538;31,145;Bajo;2700;0
4707601014;2021;15,594;71,906;36,003;33,629;35,574;Bajo;2701;0
4707601014;2022;15,594;71,287;34,617;34,090;35,204;Bajo;2701;0
4707601014;2023;15,587;71,287;32,993;33,656;34,585;Bajo;2701;0
4707601015;2021;16,708;56,542;38,527;36,813;35,260;Bajo;2702;0
4707601015;2022;16,710;56,542;36,005;37,250;34,635;Bajo;2702;0
4707601015;2023;16,710;56,542;33,836;36,521;33,766;Bajo;2702;0
4707601016;2021;21,225;51,792;13,252;24,570;24,422;Bajo;2703;0
4707601016;2022;21,225;51,792;10,284;24,955;23,647;Bajo;2703;0
4707601016;2023;21,217;51,792;8,373;24,740;23,007;Bajo;2703;0
4707601017;2021;18,495;56,321;28,666;28,411;30,195;Bajo;2704;0
4707601017;2022;18,486;55,889;26,247;29,450;29,714;Bajo;2704;0
4707601017;2023;18,479;56,321;23,770;28,826;28,847;Bajo;2704;0
4707601018;2021;15,319;70,639;36,209;26,778;33,322;Bajo;2705;0
4707601018;2022;15,321;70,639;34,033;26,943;32,719;Bajo;2705;0
4707601018;2023;15,324;70,639;32,704;27,001;32,338;Bajo;2705;0
4707701001;2021;63,837;23,530;41,523;52,438;47,677;Medio-alto;2706;1
4707701001;2022;63,833;23,251;41,752;52,227;47,640;Medio-alto;2706;1
4707701001;2023;63,832;23,530;40,829;50,704;46,948;Medio-alto;2706;1
4707801001;2021;58,615;13,007;42,944;44,209;42,751;Medio-bajo;2707;1
4707801001;2022;58,623;12,730;40,342;46,448;42,602;Medio-bajo;2707;1
4707801001;2023;58,631;12,453;34,424;48,637;41,444;Medio-bajo;2707;0
4707901001;2021;55,416;5,370;38,337;46,734;40,181;Medio-bajo;2708;0
4707901001;2022;55,501;4,867;38,337;48,821;40,753;Medio-bajo;2708;0
4707901001;2023;55,608;4,867;38,337;50,989;41,430;Medio-bajo;2708;0
4708001001;2021;62,160;29,423;38,337;27,888;39,821;Medio-bajo;2709;0
4708001001;2022;62,110;29,423;38,337;28,603;40,023;Medio-bajo;2709;0
4708001001;2023;62,119;28,730;38,337;32,520;41,097;Medio-bajo;2709;0
4708101001;2021;59,473;19,764;38,337;47,921;43,711;Medio-alto;2710;1
4708101001;2022;59,453;19,507;38,337;47,550;43,555;Medio-bajo;2710;1
4708101001;2023;59,463;19,507;38,337;46,105;43,124;Medio-bajo;2710;1
4708201001;2021;45,286;31,988;41,242;37,691;39,800;Medio-bajo;2711;0
4708201001;2022;45,289;31,988;38,039;37,336;38,733;Medio-bajo;2711;0
4708201001;2023;45,289;31,988;36,960;37,973;38,600;Medio-bajo;2711;0
4708301001;2021;42,452;22,625;38,337;42,240;38,180;Bajo;2712;0
4708301001;2022;42,384;22,625;34,790;43,128;37,365;Bajo;2712;0
4708301001;2023;42,384;22,848;32,880;41,077;36,210;Bajo;2712;0
4708401001;2021;64,112;31,509;44,702;39,412;45,988;Medio-alto;2713;1
4708401001;2022;64,112;31,509;42,418;40,042;45,492;Medio-alto;2713;1
4708401001;2023;64,113;31,509;40,072;40,765;45,006;Medio-alto;2713;1
4708501001;2021;40,833;46,620;43,002;43,039;43,013;Medio-bajo;2714;1
4708501001;2022;40,832;46,620;40,436;42,464;42,071;Medio-bajo;2714;0
4708501001;2023;40,828;47,126;39,405;40,380;41,211;Medio-bajo;2714;0
4708501002;2021;40,780;63,531;39,117;33,824;41,607;Medio-bajo;2715;0
4708501002;2022;40,781;63,531;37,100;34,122;41,091;Medio-bajo;2715;0
4708501002;2023;40,781;63,531;35,594;34,401;40,723;Medio-bajo;2715;0
4708501003;2021;42,659;58,218;39,185;35,446;41,787;Medio-bajo;2716;0
4708501003;2022;42,659;57,724;37,079;36,689;41,454;Medio-bajo;2716;0
4708501003;2023;42,660;57,724;35,877;36,859;41,144;Medio-bajo;2716;0
4708501004;2021;40,779;55,096;40,146;43,994;43,701;Medio-bajo;2717;1
4708501004;2022;40,780;55,096;38,087;44,254;43,162;Medio-bajo;2717;1
4708501004;2023;40,780;55,096;36,082;43,875;42,446;Medio-bajo;2717;1
4708501005;2021;46,534;55,691;40,513;37,096;43,270;Medio-bajo;2718;1
4708501005;2022;46,534;56,218;38,914;36,115;42,575;Medio-bajo;2718;1
4708501005;2023;46,534;55,691;36,950;37,342;42,275;Medio-bajo;2718;0
4708501006;2021;43,086;51,848;37,808;34,518;40,246;Medio-bajo;2719;0
4708501006;2022;43,086;51,446;35,995;35,985;40,082;Medio-bajo;2719;0
4708501006;2023;43,086;51,446;34,247;36,086;39,588;Medio-bajo;2719;0
4708502001;2021;42,013;54,840;40,659;44,259;44,205;Medio-alto;2720;1
4708502001;2022;42,014;54,840;37,649;44,418;43,349;Medio-bajo;2720;1
4708502001;2023;42,015;54,291;36,670;45,451;43,284;Medio-bajo;2720;1
4708502002;2021;40,391;52,905;39,893;40,408;42,124;Medio-bajo;2721;0
4708502002;2022;40,392;52,905;36,621;40,567;41,190;Medio-bajo;2721;0
4708502002;2023;40,392;52,905;34,806;40,453;40,612;Medio-bajo;2721;0
4708502003;2021;40,414;55,078;44,381;37,520;42,935;Medio-bajo;2722;1
4708502003;2022;40,416;55,078;43,358;38,281;42,857;Medio-bajo;2722;1
4708502003;2023;40,417;55,078;41,197;38,636;42,316;Medio-bajo;2722;1
4708502004;2021;43,095;59,887;54,503;33,155;46,054;Medio-alto;2723;1
4708502004;2022;43,095;59,311;51,338;34,939;45,553;Medio-alto;2723;1
4708502004;2023;43,096;59,311;49,812;34,773;45,046;Medio-alto;2723;1
4708503001;2021;47,408;49,831;51,993;41,645;47,418;Medio-alto;2724;1
4708503001;2022;47,408;49,831;50,277;41,310;46,803;Medio-alto;2724;1
4708503001;2023;47,408;49,831;50,663;41,036;46,836;Medio-alto;2724;1
4708503002;2021;44,281;59,675;50,939;34,421;45,629;Medio-alto;2725;1
4708503002;2022;44,281;59,675;48,114;34,623;44,842;Medio-alto;2725;1
4708503002;2023;44,281;59,675;46,348;33,790;44,063;Medio-alto;2725;1
4708503003;2021;43,819;63,385;43,313;34,124;43,694;Medio-bajo;2726;1
4708503003;2022;43,819;63,385;41,969;33,725;43,171;Medio-bajo;2726;1
4708503003;2023;43,819;63,385;41,114;33,666;42,896;Medio-bajo;2726;1
4708503004;2021;47,271;55,455;45,434;34,043;43,979;Medio-alto;2727;1
4708503004;2022;47,271;55,455;42,515;34,256;43,168;Medio-bajo;2727;1
4708503004;2023;47,271;55,455;42,241;34,347;43,112;Medio-bajo;2727;1
4708601001;2021;44,777;35,902;56,627;42,287;46,254;Medio-alto;2728;1
4708601001;2022;44,778;35,902;55,394;41,494;45,646;Medio-alto;2728;1
4708601001;2023;44,777;35,439;52,262;43,655;45,285;Medio-alto;2728;1
4708601002;2021;54,126;45,608;38,852;37,822;43,375;Medio-bajo;2729;1
4708601002;2022;54,126;45,127;35,795;39,163;42,788;Medio-bajo;2729;1
4708601002;2023;54,126;45,608;33,613;38,600;42,037;Medio-bajo;2729;0
4708602001;2021;54,805;33,696;41,243;38,996;42,827;Medio-bajo;2730;1
4708602001;2022;54,805;33,696;37,687;38,787;41,698;Medio-bajo;2730;0
4708602001;2023;54,804;34,130;34,812;37,189;40,421;Medio-bajo;2730;0
4708602002;2021;58,742;48,862;39,251;38,218;45,255;Medio-alto;2731;1
4708602002;2022;58,742;48,396;36,676;39,231;44,717;Medio-alto;2731;1
4708602002;2023;58,743;48,396;34,916;39,343;44,223;Medio-alto;2731;1
4708701001;2021;45,903;33,879;35,823;40,219;39,370;Medio-bajo;2732;0
4708701001;2022;45,905;33,565;33,316;42,943;39,389;Medio-bajo;2732;0
4708701001;2023;45,910;33,565;31,190;43,149;38,814;Medio-bajo;2732;0
4708801001;2021;70,569;8,691;35,665;52,725;45,463;Medio-alto;2733;1
4708801001;2022;70,576;8,691;34,760;52,622;45,162;Medio-alto;2733;1
4708801001;2023;70,582;8,393;29,254;54,488;44,027;Medio-alto;2733;1
4708901001;2021;66,791;10,512;32,322;46,510;41,924;Medio-bajo;2734;0
4708901001;2022;66,774;10,512;26,264;46,574;40,122;Medio-bajo;2734;0
4708901001;2023;66,774;10,228;27,855;48,477;41,127;Medio-bajo;2734;0
4709001001;2021;46,457;46,260;42,599;36,457;42,270;Medio-bajo;2735;0
4709001001;2022;46,458;46,260;38,882;37,036;41,329;Medio-bajo;2735;0
4709001001;2023;46,457;46,260;36,509;37,018;40,611;Medio-bajo;2735;0
4709001002;2021;43,237;46,460;38,873;31,059;38,758;Medio-bajo;2736;0
4709001002;2022;43,236;46,095;36,157;32,420;38,297;Bajo;2736;0
4709001002;2023;43,236;46,460;33,813;31,610;37,405;Bajo;2736;0
4709101001;2021;70,374;14,424;38,337;49,619;46,144;Medio-alto;2737;1
4709101001;2022;70,366;14,119;38,337;49,984;46,206;Medio-alto;2737;1
4709101001;2023;70,366;14,119;38,337;49,244;45,984;Medio-alto;2737;1
4709201001;2021;52,459;18,836;32,589;48,083;40,142;Medio-bajo;2738;0
4709201001;2022;52,452;18,836;34,849;48,752;41,018;Medio-bajo;2738;0
4709201001;2023;52,463;18,836;30,647;47,696;39,444;Medio-bajo;2738;0
4709301001;2021;52,402;32,295;39,558;45,530;43,471;Medio-bajo;2739;1
4709301001;2022;52,402;32,295;39,292;45,609;43,415;Medio-bajo;2739;1
4709301001;2023;52,402;32,295;36,293;46,047;42,647;Medio-bajo;2739;1
4709401001;2021;66,319;16,019;45,929;43,300;45,751;Medio-alto;2740;1
4709401001;2022;66,322;16,245;42,534;44,172;45,029;Medio-alto;2740;1
4709401001;2023;66,324;16,245;42,076;43,783;44,776;Medio-alto;2740;1
4709501001;2021;51,999;29,613;38,337;53,388;44,959;Medio-alto;2741;1
4709501001;2022;52,130;29,960;38,337;53,853;45,184;Medio-alto;2741;1
4709501001;2023;52,192;29,960;38,337;53,438;45,075;Medio-alto;2741;1
4709601001;2021;61,473;8,767;35,478;48,454;41,863;Medio-bajo;2742;0
4709601001;2022;61,480;8,497;35,555;50,485;42,457;Medio-bajo;2742;1
4709601001;2023;61,481;8,227;32,634;50,717;41,610;Medio-bajo;2742;0
4709701001;2021;58,140;22,655;42,274;44,453;43,952;Medio-alto;2743;1
4709701001;2022;58,146;22,655;39,508;45,073;43,309;Medio-bajo;2743;1
4709701001;2023;58,146;22,385;36,851;46,851;43,005;Medio-bajo;2743;1
4709801001;2021;33,556;34,598;32,988;42,233;36,145;Bajo;2744;0
4709801001;2022;33,548;34,598;32,106;42,409;35,931;Bajo;2744;0
4709801001;2023;33,546;34,926;30,473;40,846;35,021;Bajo;2744;0
4709901001;2021;46,383;19,216;33,571;50,030;39,558;Medio-bajo;2745;0
4709901001;2022;46,340;18,930;29,057;51,283;38,527;Medio-bajo;2745;0
4709901001;2023;46,362;19,502;26,899;46,500;36,535;Bajo;2745;0
4710001001;2021;57,728;15,080;47,287;67,264;51,059;Alto;2746;1
4710001001;2022;57,726;15,080;44,797;66,845;50,186;Alto;2746;1
4710001001;2023;57,730;15,080;41,791;75,963;52,021;Alto;2746;1
4710101001;2021;51,855;33,547;48,079;39,445;44,253;Medio-alto;2747;1
4710101001;2022;51,857;33,165;45,592;41,037;43,928;Medio-alto;2747;1
4710101001;2023;51,858;33,165;44,164;40,974;43,481;Medio-bajo;2747;1
4710101002;2021;51,466;33,859;46,566;39,028;43,623;Medio-bajo;2748;1
4710101002;2022;51,466;33,859;43,845;38,708;42,711;Medio-bajo;2748;1
4710101002;2023;51,466;33,504;43,861;40,585;43,226;Medio-bajo;2748;1
4710201001;2021;55,496;26,639;43,331;45,377;44,483;Medio-alto;2749;1
4710201001;2022;55,493;26,639;34,503;45,514;41,874;Medio-bajo;2749;0
4710201001;2023;55,492;26,302;27,981;47,278;40,396;Medio-bajo;2749;0
4710301001;2021;60,013;26,281;43,953;42,887;44,997;Medio-alto;2750;1
4710301001;2022;60,014;26,635;41,412;40,824;43,670;Medio-bajo;2750;1
4710301001;2023;60,009;26,990;37,850;39,490;42,253;Medio-bajo;2750;0
4710401001;2021;49,037;34,732;41,050;40,892;42,052;Medio-bajo;2751;0
4710401001;2022;49,039;34,330;39,756;41,735;41,856;Medio-bajo;2751;0
4710401001;2023;49,038;34,330;38,619;42,483;41,740;Medio-bajo;2751;0
4710401002;2021;51,484;44,048;39,366;37,995;42,687;Medio-bajo;2752;1
4710401002;2022;51,485;44,048;37,015;37,908;41,955;Medio-bajo;2752;0
4710401002;2023;51,484;44,048;34,896;37,809;41,290;Medio-bajo;2752;0
4710402001;2021;50,041;46,106;38,131;36,989;41,962;Medio-bajo;2753;0
4710402001;2022;50,040;46,106;36,316;37,717;41,636;Medio-bajo;2753;0
4710402001;2023;50,039;45,629;34,349;39,028;41,367;Medio-bajo;2753;0
4710402002;2021;48,906;38,428;42,239;36,171;41,514;Medio-bajo;2754;0
4710402002;2022;48,907;38,014;40,689;38,106;41,567;Medio-bajo;2754;0
4710402002;2023;48,908;38,428;38,388;37,731;40,827;Medio-bajo;2754;0
4710501001;2021;46,820;23,570;35,109;43,210;38,736;Medio-bajo;2755;0
4710501001;2022;46,817;23,894;34,512;42,115;38,276;Bajo;2755;0
4710501001;2023;46,796;24,218;30,536;41,413;36,917;Bajo;2755;0
4710601001;2021;57,960;23,666;38,337;59,631;47,431;Medio-alto;2756;1
4710601001;2022;58,088;23,666;38,337;64,069;48,794;Alto;2756;1
4710601001;2023;58,106;22,700;38,337;68,050;49,847;Alto;2756;1
4710901001;2021;63,228;10,375;38,840;50,478;44,159;Medio-alto;2757;1
4710901001;2022;63,232;10,375;35,260;50,629;43,131;Medio-bajo;2757;1
4710901001;2023;63,239;10,634;34,718;49,978;42,814;Medio-bajo;2757;1
4711001001;2021;43,013;28,679;42,362;45,987;41,560;Medio-bajo;2758;0
4711001001;2022;43,011;28,679;39,787;46,104;40,822;Medio-bajo;2758;0
4711001001;2023;43,009;28,679;39,220;46,805;40,862;Medio-bajo;2758;0
4711101001;2021;42,196;33,236;41,313;39,793;39,866;Medio-bajo;2759;0
4711101001;2022;42,194;33,236;39,633;39,775;39,356;Medio-bajo;2759;0
4711101001;2023;42,191;32,957;37,157;40,978;38,932;Medio-bajo;2759;0
4711201001;2021;48,569;43,614;46,995;33,625;42,870;Medio-bajo;2760;1
4711201001;2022;48,569;43,614;44,217;33,673;42,051;Medio-bajo;2760;0
4711201001;2023;48,569;43,614;42,782;33,900;41,689;Medio-bajo;2760;0
4711201002;2021;50,290;47,630;42,472;33,642;42,551;Medio-bajo;2761;1
4711201002;2022;50,289;47,630;40,117;33,801;41,892;Medio-bajo;2761;0
4711201002;2023;50,289;47,630;37,948;33,607;41,183;Medio-bajo;2761;0
4711301001;2021;63,819;21,038;40,046;48,756;45,751;Medio-alto;2762;1
4711301001;2022;63,823;20,545;36,980;50,945;45,415;Medio-alto;2762;1
4711301001;2023;63,826;20,545;34,767;50,377;44,582;Medio-alto;2762;1
4711401001;2021;55,953;54,912;40,156;35,815;45,016;Medio-alto;2763;1
4711401001;2022;55,953;54,912;36,848;36,079;44,103;Medio-alto;2763;1
4711401001;2023;55,952;54,912;34,696;36,510;43,587;Medio-bajo;2763;1
4711401002;2021;54,920;42,846;49,871;34,765;45,548;Medio-alto;2764;1
4711401002;2022;54,920;42,846;46,807;34,283;44,484;Medio-alto;2764;1
4711401002;2023;54,920;42,846;45,078;33,915;43,855;Medio-alto;2764;1
4711402001;2021;55,590;37,058;38,462;39,813;42,939;Medio-bajo;2765;1
4711402001;2022;55,590;37,058;36,288;38,734;41,963;Medio-bajo;2765;0
4711402001;2023;55,590;37,058;34,150;39,271;41,483;Medio-bajo;2765;0
4711402002;2021;58,223;40,621;36,042;39,316;43,256;Medio-bajo;2766;1
4711402002;2022;58,222;40,621;34,145;39,063;42,611;Medio-bajo;2766;1
4711402002;2023;58,226;40,621;30,015;38,463;41,193;Medio-bajo;2766;0
4711501001;2021;50,851;11,934;35,318;45,216;38,663;Medio-bajo;2767;0
4711501001;2022;50,844;11,934;33,721;44,783;38,052;Bajo;2767;0
4711501001;2023;50,843;11,934;30,349;45,354;37,212;Bajo;2767;0
4711601001;2021;64,340;31,262;32,642;43,446;43,601;Medio-bajo;2768;1
4711601001;2022;64,341;30,913;26,721;44,263;42,017;Medio-bajo;2768;0
4711601001;2023;64,342;31,262;28,699;42,681;42,189;Medio-bajo;2768;0
4711701001;2021;51,990;19,446;35,924;41,580;39,166;Medio-bajo;2769;0
4711701001;2022;51,991;19,446;30,761;41,716;37,658;Bajo;2769;0
4711701001;2023;51,995;19,446;29,040;41,711;37,141;Bajo;2769;0
4711801001;2021;63,972;29,697;33,497;46,999;44,596;Medio-alto;2770;1
4711801001;2022;63,992;29,697;30,392;47,947;43,954;Medio-alto;2770;1
4711801001;2023;63,984;30,046;26,792;46,979;42,634;Medio-bajo;2770;1
4711901001;2021;65,017;23,048;38,337;58,933;48,892;Alto;2771;1
4711901001;2022;65,022;23,387;38,337;56,046;48,079;Alto;2771;1
4711901001;2023;65,031;23,048;38,337;57,426;48,444;Alto;2771;1
4712101001;2021;59,013;30,655;47,754;43,073;46,600;Medio-alto;2772;1
4712101001;2022;59,013;30,344;46,431;44,160;46,482;Medio-alto;2772;1
4712101001;2023;59,015;30,033;41,638;46,701;45,760;Medio-alto;2772;1
4712201001;2021;40,784;36,679;36,528;40,531;38,816;Medio-bajo;2773;0
4712201001;2022;40,785;36,344;37,054;42,165;39,414;Medio-bajo;2773;0
4712201001;2023;40,793;36,344;34,324;42,157;38,594;Medio-bajo;2773;0
4712202001;2021;37,173;40,258;37,322;39,514;38,383;Bajo;2774;0
4712202001;2022;37,173;40,258;34,249;38,726;37,224;Bajo;2774;0
4712202001;2023;37,172;40,258;33,212;38,886;36,961;Bajo;2774;0
4712301001;2021;49,553;25,899;40,970;40,571;40,735;Medio-bajo;2775;0
4712301001;2022;49,554;26,222;39,359;39,690;40,037;Medio-bajo;2775;0
4712301001;2023;49,553;26,222;35,498;40,048;38,986;Medio-bajo;2775;0
4712401001;2021;48,829;21,033;45,799;40,378;41,215;Medio-bajo;2776;0
4712401001;2022;48,822;21,033;43,641;39,720;40,369;Medio-bajo;2776;0
4712401001;2023;48,824;20,720;39,474;41,151;39,501;Medio-bajo;2776;0
4712501001;2021;62,870;7,128;38,337;56,111;45,121;Medio-alto;2777;1
4712501001;2022;62,845;7,369;38,337;48,508;42,870;Medio-bajo;2777;1
4712501001;2023;62,783;7,369;38,337;48,265;42,782;Medio-bajo;2777;1
4712601001;2021;56,625;5,261;38,337;49,410;41,270;Medio-bajo;2778;0
4712601001;2022;56,583;5,461;38,337;47,249;40,641;Medio-bajo;2778;0
4712601001;2023;56,604;5,661;38,337;43,215;39,466;Medio-bajo;2778;0
4712701001;2021;63,310;25,402;49,034;41,737;46,869;Medio-alto;2779;1
4712701001;2022;63,315;25,402;45,082;42,008;45,766;Medio-alto;2779;1
4712701001;2023;63,313;25,402;43,477;42,860;45,540;Medio-alto;2779;1
4712801001;2021;65,771;4,112;38,337;41,929;41,140;Medio-bajo;2780;0
4712801001;2022;65,810;3,674;38,337;46,294;42,393;Medio-bajo;2780;1
4712801001;2023;65,856;3,893;38,337;47,021;42,655;Medio-bajo;2780;1
4712901001;2021;64,714;40,054;39,566;39,382;45,871;Medio-alto;2781;1
4712901001;2022;64,714;39,652;36,674;40,748;45,353;Medio-alto;2781;1
4712901001;2023;64,714;39,652;35,030;40,499;44,785;Medio-alto;2781;1
4713001001;2021;46,519;24,308;48,257;46,598;43,733;Medio-alto;2782;1
4713001001;2022;46,529;23,676;45,162;50,364;43,841;Medio-alto;2782;1
4713001001;2023;46,568;23,992;43,425;48,114;42,702;Medio-bajo;2782;1
4713101001;2021;58,299;26,052;40,262;53,443;46,594;Medio-alto;2783;1
4713101001;2022;58,294;25,678;38,453;54,958;46,448;Medio-alto;2783;1
4713101001;2023;58,295;25,678;34,844;53,957;45,066;Medio-alto;2783;1
4713201001;2021;52,773;16,585;38,337;46,767;41,212;Medio-bajo;2784;0
4713201001;2022;52,795;16,877;38,337;44,680;40,636;Medio-bajo;2784;0
4713201001;2023;52,773;16,585;38,337;44,885;40,648;Medio-bajo;2784;0
4713301001;2021;22,871;46,510;31,610;31,918;31,753;Bajo;2785;0
4713301001;2022;22,870;46,510;28,694;32,304;30,994;Bajo;2785;0
4713301001;2023;22,870;46,510;27,416;32,479;30,662;Bajo;2785;0
4713301002;2021;21,306;63,783;25,909;27,115;30,801;Bajo;2786;0
4713301002;2022;21,305;63,783;23,607;27,145;30,119;Bajo;2786;0
4713301002;2023;21,304;63,783;21,971;27,303;29,676;Bajo;2786;0
4713401001;2021;62,676;15,902;46,210;48,946;46,601;Medio-alto;2787;1
4713401001;2022;62,661;15,902;45,788;47,816;46,132;Medio-alto;2787;1
4713401001;2023;62,670;15,902;40,410;47,120;44,312;Medio-alto;2787;1
4713501001;2021;40,954;21,778;38,337;38,778;36,640;Bajo;2788;0
4713501001;2022;40,954;22,044;38,337;37,843;36,399;Bajo;2788;0
4713501001;2023;40,908;21,778;38,337;37,873;36,357;Bajo;2788;0
4713701001;2021;60,499;34,828;38,337;58,584;49,426;Alto;2789;1
4713701001;2022;60,472;35,243;38,337;55,687;48,612;Alto;2789;1
4713701001;2023;60,593;35,243;38,337;50,954;47,222;Medio-alto;2789;1
4713801001;2021;53,861;16,128;43,017;48,063;43,208;Medio-bajo;2790;1
4713801001;2022;53,861;16,439;42,089;45,623;42,245;Medio-bajo;2790;0
4713801001;2023;53,852;16,439;36,919;45,453;40,640;Medio-bajo;2790;0
4713901001;2021;52,420;26,419;41,974;41,271;42,041;Medio-bajo;2791;0
4713901001;2022;52,422;26,419;37,031;41,212;40,541;Medio-bajo;2791;0
4713901001;2023;52,422;26,419;34,903;41,569;40,010;Medio-bajo;2791;0
4714001001;2021;70,551;10,743;38,337;56,199;47,610;Medio-alto;2792;1
4714001001;2022;70,557;10,743;40,311;56,108;48,176;Alto;2792;1
4714001001;2023;70,551;11,009;38,897;54,456;47,295;Medio-alto;2792;1
4714101001;2021;58,394;11,871;45,463;59,572;47,890;Alto;2793;1
4714101001;2022;58,409;12,141;46,949;55,072;47,030;Medio-alto;2793;1
4714101001;2023;58,406;11,871;41,975;49,802;43,915;Medio-alto;2793;1
4714201001;2021;60,814;10,026;32,373;59,572;44,291;Medio-alto;2794;1
4714201001;2022;60,831;10,026;31,398;68,326;46,629;Medio-alto;2794;1
4714201001;2023;60,833;9,731;31,408;70,875;47,353;Medio-alto;2794;1
4714301001;2021;60,801;20,892;36,964;58,278;46,906;Medio-alto;2795;1
4714301001;2022;60,812;20,892;31,754;61,440;46,295;Medio-alto;2795;1
4714301001;2023;60,828;20,547;38,337;71,091;51,118;Alto;2795;1
4714401001;2021;49,467;13,160;38,337;45,839;39,594;Medio-bajo;2796;0
4714401001;2022;49,484;13,677;38,337;41,501;38,374;Bajo;2796;0
4714401001;2023;49,335;13,419;38,337;41,986;38,444;Medio-bajo;2796;0
4714501001;2021;53,240;30,366;39,661;47,788;44,099;Medio-alto;2797;1
4714501001;2022;53,240;30,366;35,854;47,563;42,890;Medio-bajo;2797;1
4714501001;2023;53,240;30,366;36,972;48,200;43,417;Medio-bajo;2797;1
4714601001;2021;40,279;35,176;39,783;34,116;37,516;Bajo;2798;0
4714601001;2022;40,274;35,176;36,764;34,083;36,599;Bajo;2798;0
4714601001;2023;40,276;35,595;36,723;33,666;36,525;Bajo;2798;0
4714701001;2021;53,933;24,737;45,463;50,597;46,012;Medio-alto;2799;1
4714701001;2022;53,923;24,442;43,302;53,288;46,124;Medio-alto;2799;1
4714701001;2023;53,933;24,737;38,197;51,376;44,066;Medio-alto;2799;1
4714801001;2021;62,189;36,623;44,167;43,877;47,454;Medio-alto;2800;1
4714801001;2022;62,191;36,288;45,567;45,584;48,336;Alto;2800;1
4714801001;2023;62,192;36,623;42,923;44,725;47,336;Medio-alto;2800;1
4714901001;2021;54,703;19,196;38,337;45,572;41,728;Medio-bajo;2801;0
4714901001;2022;54,703;20,879;38,337;35,365;38,918;Medio-bajo;2801;0
4714901001;2023;54,605;20,598;38,337;35,563;38,911;Medio-bajo;2801;0
4715001001;2021;61,678;31,733;47,111;45,680;48,017;Alto;2802;1
4715001001;2022;61,678;31,733;46,729;43,604;47,279;Medio-alto;2802;1
4715001001;2023;61,678;31,733;44,325;41,590;45,954;Medio-alto;2802;1
4715101001;2021;55,586;12,439;38,337;50,811;42,507;Medio-bajo;2803;1
4715101001;2022;55,683;12,439;38,337;51,715;42,802;Medio-bajo;2803;1
4715101001;2023;55,683;12,439;38,337;52,193;42,946;Medio-bajo;2803;1
4715201001;2021;61,119;26,193;38,337;52,042;46,322;Medio-alto;2804;1
4715201001;2022;61,140;26,193;38,337;54,051;46,930;Medio-alto;2804;1
4715201001;2023;61,124;25,900;38,337;51,856;46,224;Medio-alto;2804;1
4715301001;2021;68,075;9,299;37,653;58,799;47,349;Medio-alto;2805;1
4715301001;2022;68,094;9,560;38,604;58,187;47,495;Medio-alto;2805;1
4715301001;2023;68,075;9,299;36,960;61,466;47,941;Alto;2805;1
4715401001;2021;54,583;23,864;41,577;51,838;45,250;Medio-alto;2806;1
4715401001;2022;54,585;23,864;37,858;54,344;44,887;Medio-alto;2806;1
4715401001;2023;54,585;23,864;35,973;55,082;44,542;Medio-alto;2806;1
4715501001;2021;16,879;59,691;37,722;31,536;33,951;Bajo;2807;0
4715501001;2022;16,877;59,691;35,371;31,100;33,114;Bajo;2807;0
4715501001;2023;16,978;59,691;33,773;31,090;32,657;Bajo;2807;0
4715501002;2021;23,743;56,794;38,363;33,156;35,911;Bajo;2808;0
4715501002;2022;23,745;56,794;35,575;33,109;35,060;Bajo;2808;0
4715501002;2023;23,744;56,794;33,824;33,470;34,643;Bajo;2808;0
4715601001;2021;53,249;17,309;43,668;47,442;43,242;Medio-bajo;2809;1
4715601001;2022;53,242;17,606;44,122;45,024;42,695;Medio-bajo;2809;1
4715601001;2023;53,244;17,606;38,239;44,487;40,769;Medio-bajo;2809;0
4715701001;2021;53,944;44,389;39,495;43,897;45,162;Medio-alto;2810;1
4715701001;2022;53,946;44,389;38,023;42,927;44,430;Medio-alto;2810;1
4715701001;2023;53,943;44,389;35,986;43,227;43,908;Medio-alto;2810;1
4715801001;2021;43,736;28,028;42,138;38,041;39,192;Medio-bajo;2811;0
4715801001;2022;43,736;28,028;39,231;38,320;38,404;Medio-bajo;2811;0
4715801001;2023;43,738;28,028;37,007;38,409;37,764;Bajo;2811;0
4715901001;2021;37,736;37,656;41,215;33,606;37,529;Bajo;2812;0
4715901001;2022;37,735;37,656;38,227;33,536;36,611;Bajo;2812;0
4715901001;2023;37,734;37,321;36,524;35,375;36,601;Bajo;2812;0
4716001001;2021;55,729;34,663;47,388;47,695;47,657;Medio-alto;2813;1
4716001001;2022;55,728;34,336;45,855;48,722;47,456;Medio-alto;2813;1
4716001001;2023;55,728;34,663;42,992;47,126;46,167;Medio-alto;2813;1
4716101001;2021;25,154;45,214;35,678;35,847;34,528;Bajo;2814;0
4716101001;2022;25,155;45,214;33,536;35,993;33,930;Bajo;2814;0
4716101001;2023;25,154;45,214;31,961;35,798;33,398;Bajo;2814;0
4716101002;2021;23,790;43,401;8,079;29,057;23,598;Bajo;2815;0
4716101002;2022;23,788;43,401;4,509;29,020;22,516;Bajo;2815;0
4716101002;2023;23,787;43,401;3,261;29,244;22,208;Bajo;2815;0
4716101003;2021;28,032;59,140;11,161;25,160;26,775;Bajo;2816;0
4716101003;2022;28,027;59,140;10,341;25,375;26,592;Bajo;2816;0
4716101003;2023;28,025;58,820;10,251;26,833;26,955;Bajo;2816;0
4716201001;2021;62,162;7,489;38,337;41,799;40,705;Medio-bajo;2817;0
4716201001;2022;62,051;7,258;38,337;40,781;40,337;Medio-bajo;2817;0
4716201001;2023;62,066;7,489;38,337;38,235;39,612;Medio-bajo;2817;0
4716301001;2021;63,064;11,078;38,367;53,242;44,910;Medio-alto;2818;1
4716301001;2022;63,063;10,807;34,333;54,373;43,999;Medio-alto;2818;1
4716301001;2023;63,065;10,807;32,181;55,629;43,730;Medio-alto;2818;1
4716401001;2021;61,534;27,894;38,870;38,285;42,714;Medio-bajo;2819;1
4716401001;2022;61,535;27,894;38,026;36,708;41,988;Medio-bajo;2819;0
4716401001;2023;61,536;27,894;34,207;36,978;40,924;Medio-bajo;2819;0
4716501001;2021;48,249;43,043;42,098;36,121;41,985;Medio-bajo;2820;0
4716501001;2022;48,249;43,043;38,785;36,105;40,986;Medio-bajo;2820;0
4716501001;2023;48,248;42,621;38,060;37,522;41,130;Medio-bajo;2820;0
4716501002;2021;51,707;40,451;53,251;39,769;46,900;Medio-alto;2821;1
4716501002;2022;51,708;40,451;51,561;38,870;46,124;Medio-alto;2821;1
4716501002;2023;51,706;40,451;49,545;39,250;45,633;Medio-alto;2821;1
4716501003;2021;58,722;51,437;47,432;35,855;47,382;Medio-alto;2822;1
4716501003;2022;58,722;51,437;44,174;35,615;46,333;Medio-alto;2822;1
4716501003;2023;58,722;50,976;42,731;37,177;46,299;Medio-alto;2822;1
4716502001;2021;40,883;58,646;40,292;34,274;41,387;Medio-bajo;2823;0
4716502001;2022;40,884;58,646;37,149;34,638;40,554;Medio-bajo;2823;0
4716502001;2023;40,883;58,144;35,879;35,943;40,489;Medio-bajo;2823;0
4716502002;2021;39,187;43,301;31,557;40,190;37,816;Bajo;2824;0
4716502002;2022;39,186;43,301;26,797;40,691;36,538;Bajo;2824;0
4716502002;2023;39,187;42,967;27,200;41,525;36,859;Bajo;2824;0
4716502003;2021;44,194;53,557;39,001;32,369;40,493;Medio-bajo;2825;0
4716502003;2022;44,194;53,139;37,208;33,668;40,282;Medio-bajo;2825;0
4716502003;2023;44,194;53,139;36,510;33,745;40,096;Medio-bajo;2825;0
4716601001;2021;62,623;24,355;37,339;42,782;43,345;Medio-bajo;2826;1
4716601001;2022;62,624;24,355;35,191;43,181;42,821;Medio-bajo;2826;1
4716601001;2023;62,628;24,355;35,579;43,470;43,025;Medio-bajo;2826;1
4716701001;2021;65,784;15,106;41,511;54,878;47,629;Medio-alto;2827;1
4716701001;2022;65,791;15,444;39,557;58,687;48,237;Alto;2827;1
4716701001;2023;65,791;15,444;37,407;55,960;46,774;Medio-alto;2827;1
4716801001;2021;55,562;14,030;38,337;47,558;41,764;Medio-bajo;2828;0
4716801001;2022;55,626;14,807;38,337;41,647;40,123;Medio-bajo;2828;0
4716801001;2023;56,320;13,511;38,337;51,999;43,208;Medio-bajo;2828;1
4716901001;2021;68,979;24,760;38,337;61,128;50,798;Alto;2829;1
4716901001;2022;69,020;24,760;38,337;56,240;49,342;Alto;2829;1
4716901001;2023;69,005;24,760;38,337;58,685;50,072;Alto;2829;1
4717001001;2021;61,176;31,568;38,337;47,172;45,682;Medio-alto;2830;1
4717001001;2022;61,149;31,153;38,337;46,284;45,347;Medio-alto;2830;1
4717001001;2023;61,089;31,153;38,337;46,673;45,448;Medio-alto;2830;1
4717101001;2021;51,538;30,394;37,303;48,004;43,036;Medio-bajo;2831;1
4717101001;2022;51,538;30,079;37,002;49,120;43,233;Medio-bajo;2831;1
4717101001;2023;51,540;30,079;34,460;48,875;42,397;Medio-bajo;2831;1
4717201001;2021;59,032;23,617;34,897;41,968;41,360;Medio-bajo;2832;0
4717201001;2022;59,040;23,910;31,072;39,848;39,622;Medio-bajo;2832;0
4717201001;2023;59,034;23,324;32,102;42,451;40,623;Medio-bajo;2832;0
4717301001;2021;46,630;42,018;41,016;42,176;42,918;Medio-bajo;2833;1
4717301001;2022;46,627;42,373;38,790;40,651;41,845;Medio-bajo;2833;0
4717301001;2023;46,624;42,018;37,108;41,766;41,621;Medio-bajo;2833;0
4717401001;2021;45,629;19,652;38,036;49,249;40,541;Medio-bajo;2834;0
4717401001;2022;45,625;19,652;35,755;50,138;40,122;Medio-bajo;2834;0
4717401001;2023;45,615;19,652;34,499;50,257;39,778;Medio-bajo;2834;0
4717501001;2021;28,568;44,703;38,699;36,969;36,548;Bajo;2835;0
4717501001;2022;28,561;44,703;37,742;36,746;36,192;Bajo;2835;0
4717501001;2023;28,556;44,228;36,093;37,849;35,956;Bajo;2835;0
4717501002;2021;34,450;50,707;41,482;37,600;39,943;Medio-bajo;2836;0
4717501002;2022;34,455;50,707;39,972;37,787;39,548;Medio-bajo;2836;0
4717501002;2023;34,446;50,222;38,254;39,304;39,412;Medio-bajo;2836;0
4717501003;2021;29,686;55,259;29,246;31,787;34,020;Bajo;2837;0
4717501003;2022;29,686;55,259;28,380;31,850;33,779;Bajo;2837;0
4717501003;2023;29,684;55,259;26,634;32,098;33,330;Bajo;2837;0
4717502001;2021;27,407;46,688;41,661;37,619;37,639;Bajo;2838;0
4717502001;2022;27,409;46,165;37,958;38,488;36,711;Bajo;2838;0
4717502001;2023;27,408;46,165;36,582;38,530;36,310;Bajo;2838;0
4717502002;2021;25,781;52,122;38,889;36,940;37,012;Bajo;2839;0
4717502002;2022;25,781;52,122;36,291;37,259;36,329;Bajo;2839;0
4717502002;2023;25,780;52,122;34,805;37,813;36,049;Bajo;2839;0
4717502003;2021;23,116;57,481;39,604;35,176;36,835;Bajo;2840;0
4717502003;2022;23,117;57,481;37,076;35,268;36,105;Bajo;2840;0
4717502003;2023;23,118;57,481;35,334;35,373;35,614;Bajo;2840;0
4717601001;2021;69,028;19,056;49,197;54,432;51,204;Alto;2841;1
4717601001;2022;69,034;18,634;50,110;54,439;51,418;Alto;2841;1
4717601001;2023;69,036;18,634;45,165;55,708;50,316;Alto;2841;1
4717701001;2021;68,221;2,799;38,337;52,204;44,638;Medio-alto;2842;1
4717701001;2022;68,249;2,799;38,337;52,662;44,782;Medio-alto;2842;1
4717701001;2023;68,262;2,799;39,860;52,866;45,303;Medio-alto;2842;1
4717801001;2021;63,522;20,320;32,387;46,478;42,588;Medio-bajo;2843;1
4717801001;2022;63,514;19,768;33,501;50,179;43,948;Medio-alto;2843;1
4717801001;2023;63,517;19,768;31,932;50,576;43,597;Medio-bajo;2843;1
4717901001;2021;65,720;22,189;36,509;43,478;43,754;Medio-alto;2844;1
4717901001;2022;65,725;22,189;26,259;44,321;40,933;Medio-bajo;2844;0
4717901001;2023;65,726;22,189;33,287;43,794;42,884;Medio-bajo;2844;1
4718001001;2021;57,444;23,534;38,337;56,188;46,249;Medio-alto;2845;1
4718001001;2022;57,426;24,569;38,337;48,515;44,097;Medio-alto;2845;1
4718001001;2023;57,336;24,569;38,337;42,339;42,222;Medio-bajo;2845;0
4718101001;2021;44,699;17,902;34,217;38,908;35,798;Bajo;2846;0
4718101001;2022;44,695;17,567;28,840;39,570;34,332;Bajo;2846;0
4718101001;2023;44,699;17,902;29,592;39,079;34,461;Bajo;2846;0
4718201001;2021;39,046;44,771;44,487;36,156;40,670;Medio-bajo;2847;0
4718201001;2022;39,047;44,771;41,168;36,430;39,756;Medio-bajo;2847;0
4718201001;2023;39,047;44,771;39,363;36,555;39,253;Medio-bajo;2847;0
4718301001;2021;69,960;24,559;46,758;55,437;51,832;Alto;2848;1
4718301001;2022;69,976;24,302;42,586;57,523;51,172;Alto;2848;1
4718301001;2023;69,980;24,044;43,392;59,328;51,917;Alto;2848;1
4718401001;2021;46,878;26,960;38,739;41,512;39,839;Medio-bajo;2849;0
4718401001;2022;46,875;26,960;36,368;40,980;38,967;Medio-bajo;2849;0
4718401001;2023;46,872;26,960;34,195;40,886;38,286;Bajo;2849;0
4718501001;2021;52,210;24,091;38,337;49,197;42,926;Medio-bajo;2850;1
4718501001;2022;52,204;24,932;33,486;40,908;39,109;Medio-bajo;2850;0
4718501001;2023;52,177;24,371;38,337;43,810;41,344;Medio-bajo;2850;0
4718601001;2021;0,982;49,985;16,308;44,962;26,124;Bajo;2851;0
4718601001;2022;0,989;49,985;14,618;44,697;25,540;Bajo;2851;0
4718601001;2023;0,981;49,468;10,258;45,894;24,511;Bajo;2851;0
4718601003;2021;0,949;46,540;9,221;45,248;23,559;Bajo;2852;0
4718601003;2022;0,951;46,540;4,703;45,837;22,381;Bajo;2852;0
4718601003;2023;0,950;46,044;0,000;46,198;21,004;Bajo;2852;0
4718601006;2021;1,386;59,623;10,902;45,818;26,306;Bajo;2853;0
4718601006;2022;1,386;59,118;7,986;47,059;25,728;Bajo;2853;0
4718601006;2023;1,217;59,118;5,506;46,012;24,627;Bajo;2853;0
4718601007;2021;1,501;47,949;12,257;47,553;25,511;Bajo;2854;0
4718601007;2022;1,320;46,964;38,337;45,476;32,519;Bajo;2854;0
4718601007;2023;1,320;46,964;38,337;45,476;32,519;Bajo;2854;0
4718602001;2021;0,819;46,301;14,776;39,442;23,415;Bajo;2855;0
4718602001;2022;0,806;46,301;10,409;39,092;21,997;Bajo;2855;0
4718602001;2023;0,817;45,790;6,381;40,169;21,038;Bajo;2855;0
4718602002;2021;0,806;45,823;13,406;40,543;23,260;Bajo;2856;0
4718602002;2022;0,814;45,823;10,355;39,776;22,116;Bajo;2856;0
4718602002;2023;0,803;45,823;7,970;39,408;21,288;Bajo;2856;0
4718602004;2021;0,976;57,262;22,410;44,691;28,964;Bajo;2857;0
4718602004;2022;0,978;57,262;18,298;44,525;27,681;Bajo;2857;0
4718602004;2023;0,968;57,262;14,526;45,140;26,731;Bajo;2857;0
4718602005;2021;1,506;66,077;19,862;47,530;30,506;Bajo;2858;0
4718602005;2022;1,510;66,077;17,210;48,074;29,874;Bajo;2858;0
4718602005;2023;1,506;65,428;17,414;48,757;30,042;Bajo;2858;0
4718602006;2021;2,890;57,411;27,123;42,337;30,172;Bajo;2859;0
4718602006;2022;2,902;57,411;25,266;42,141;29,559;Bajo;2859;0
4718602006;2023;2,898;57,411;23,117;41,935;28,852;Bajo;2859;0
4718602007;2021;2,419;59,623;26,779;40,586;29,758;Bajo;2860;0
4718602007;2022;2,424;59,038;25,910;41,578;29,708;Bajo;2860;0
4718602007;2023;2,428;59,038;21,991;40,780;28,294;Bajo;2860;0
4718602008;2021;1,438;55,631;9,478;40,478;23,691;Bajo;2861;0
4718602008;2022;1,441;55,631;16,114;40,086;25,565;Bajo;2861;0
4718602008;2023;1,202;56,149;14,675;36,107;23,957;Bajo;2861;0
4718602009;2021;1,538;62,318;23,691;40,267;28,920;Bajo;2862;0
4718602009;2022;1,402;62,101;38,337;45,476;34,810;Bajo;2862;0
4718602009;2023;1,402;62,101;38,337;45,476;34,810;Bajo;2862;0
4718602010;2021;1,415;62,753;19,533;42,415;28,351;Bajo;2863;0
4718602010;2022;1,421;62,753;15,558;43,025;27,343;Bajo;2863;0
4718602010;2023;1,425;62,199;13,786;44,046;27,036;Bajo;2863;0
4718602012;2021;2,394;56,106;20,964;42,413;28,027;Bajo;2864;0
4718602012;2022;2,402;56,106;18,690;41,908;27,196;Bajo;2864;0
4718602012;2023;2,400;56,106;13,098;42,410;25,668;Bajo;2864;0
4718602013;2021;2,890;56,770;24,152;43,733;29,603;Bajo;2865;0
4718602013;2022;2,887;56,770;19,811;43,800;28,321;Bajo;2865;0
4718602013;2023;2,888;56,770;16,521;43,190;27,151;Bajo;2865;0
4718602014;2021;2,894;62,436;25,931;41,013;30,172;Bajo;2866;0
4718602014;2022;2,900;61,841;23,555;42,291;29,755;Bajo;2866;0
4718602014;2023;2,900;61,841;22,805;42,025;29,450;Bajo;2866;0
4718602015;2021;3,410;60,998;38,272;43,593;34,562;Bajo;2867;0
4718602015;2022;3,409;60,358;36,565;44,730;34,295;Bajo;2867;0
4718602015;2023;3,410;60,358;34,519;44,773;33,694;Bajo;2867;0
4718602017;2021;3,108;67,738;35,028;40,305;33,538;Bajo;2868;0
4718602017;2022;3,121;67,738;31,468;40,361;32,490;Bajo;2868;0
4718602017;2023;3,121;67,738;30,413;39,967;32,055;Bajo;2868;0
4718602019;2021;2,049;57,874;31,870;43,887;31,920;Bajo;2869;0
4718602019;2022;2,052;57,874;27,964;44,155;30,830;Bajo;2869;0
4718602019;2023;2,045;57,874;27,539;44,474;30,796;Bajo;2869;0
4718603001;2021;1,270;49,852;25,623;43,006;28,384;Bajo;2870;0
4718603001;2022;1,280;49,257;24,081;44,404;28,254;Bajo;2870;0
4718603001;2023;1,279;49,257;21,841;44,492;27,608;Bajo;2870;0
4718603002;2021;0,749;50,231;15,393;43,916;25,514;Bajo;2871;0
4718603002;2022;0,738;50,231;12,834;43,280;24,553;Bajo;2871;0
4718603002;2023;0,735;50,714;8,922;41,849;23,022;Bajo;2871;0
4718603003;2021;0,623;61,349;27,735;44,145;30,922;Bajo;2872;0
4718603003;2022;0,632;61,349;25,373;44,697;30,381;Bajo;2872;0
4718603003;2023;0,627;61,349;23,495;44,542;29,770;Bajo;2872;0
4718603004;2021;0,347;57,080;34,884;39,776;31,047;Bajo;2873;0
4718603004;2022;0,357;57,799;30,668;38,589;29,536;Bajo;2873;0
4718603004;2023;0,347;57,799;29,034;38,256;28,944;Bajo;2873;0
4718603005;2021;0,002;64,533;35,501;41,192;32,688;Bajo;2874;0
4718603005;2022;0,006;64,533;32,644;41,247;31,849;Bajo;2874;0
4718603005;2023;0,000;65,285;32,067;38,929;31,091;Bajo;2874;0
4718603007;2021;0,094;51,950;29,797;42,524;29,512;Bajo;2875;0
4718603007;2022;0,096;51,950;26,628;42,812;28,648;Bajo;2875;0
4718603007;2023;0,076;51,950;25,476;42,235;28,125;Bajo;2875;0
4718603008;2021;0,373;51,449;12,049;41,270;23,807;Bajo;2876;0
4718603008;2022;0,370;51,449;9,831;41,178;23,112;Bajo;2876;0
4718603008;2023;0,367;51,449;7,889;41,107;22,508;Bajo;2876;0
4718603009;2021;0,701;52,455;16,664;40,469;25,183;Bajo;2877;0
4718603009;2022;0,695;52,455;12,099;40,973;23,964;Bajo;2877;0
4718603009;2023;0,703;52,455;8,977;40,819;22,983;Bajo;2877;0
4718604001;2021;0,681;65,367;41,593;40,573;34,625;Bajo;2878;0
4718604001;2022;0,688;64,686;40,123;41,659;34,410;Bajo;2878;0
4718604001;2023;0,694;64,686;37,608;42,269;33,839;Bajo;2878;0
4718604002;2021;1,205;55,484;39,718;43,876;33,702;Bajo;2879;0
4718604002;2022;1,211;55,484;35,829;44,696;32,783;Bajo;2879;0
4718604002;2023;1,220;55,484;33,198;43,473;31,629;Bajo;2879;0
4718604003;2021;0,549;67,084;44,116;41,165;35,784;Bajo;2880;0
4718604003;2022;0,543;67,084;40,820;41,185;34,800;Bajo;2880;0
4718604003;2023;0,545;67,084;39,585;41,936;34,655;Bajo;2880;0
4718604004;2021;0,741;67,729;43,580;37,084;34,544;Bajo;2881;0
4718604004;2022;0,746;66,990;40,706;38,135;33,888;Bajo;2881;0
4718604004;2023;0,748;66,990;39,698;38,246;33,619;Bajo;2881;0
4718604005;2021;0,806;61,769;43,294;36,559;33,423;Bajo;2882;0
4718604005;2022;0,806;61,097;41,634;37,830;33,205;Bajo;2882;0
4718604005;2023;0,813;61,769;41,565;36,444;32,871;Bajo;2882;0
4718604006;2021;1,013;67,032;42,024;44,626;36,303;Bajo;2883;0
4718604006;2022;1,020;67,032;37,492;46,123;35,394;Bajo;2883;0
4718604006;2023;1,027;67,032;37,795;46,562;35,618;Bajo;2883;0
4718604007;2021;0,752;69,555;47,832;36,189;35,827;Bajo;2884;0
4718604007;2022;0,755;69,555;44,344;36,482;34,870;Bajo;2884;0
4718604007;2023;0,752;68,744;43,115;37,061;34,552;Bajo;2884;0
4718604008;2021;2,024;67,582;43,869;39,126;35,542;Bajo;2885;0
4718604008;2022;2,021;67,582;40,950;38,923;34,604;Bajo;2885;0
4718604008;2023;2,015;67,582;40,298;39,607;34,612;Bajo;2885;0
4718604009;2021;2,346;78,864;51,382;33,602;37,911;Bajo;2886;0
4718604009;2022;2,336;77,875;47,822;34,629;37,000;Bajo;2886;0
4718604009;2023;2,325;78,864;46,428;32,680;36,143;Bajo;2886;0
4718604010;2021;2,177;72,299;51,844;35,359;37,550;Bajo;2887;0
4718604010;2022;2,176;71,487;48,653;36,194;36,722;Bajo;2887;0
4718604010;2023;2,185;72,299;47,267;33,975;35,764;Bajo;2887;0
4718604011;2021;2,510;100,000;95,685;23,886;51,499;Alto;2888;1
4718604011;2022;2,513;100,000;94,196;22,730;50,706;Alto;2888;1
4718604011;2023;2,508;100,000;100,000;23,085;52,552;Alto;2888;1
4718604012;2021;1,550;62,761;44,481;40,577;35,319;Bajo;2889;0
4718604012;2022;1,556;62,037;40,446;41,354;34,235;Bajo;2889;0
4718604012;2023;1,554;62,761;39,066;40,009;33,525;Bajo;2889;0
4718604013;2021;1,478;64,928;41,866;35,181;33,223;Bajo;2890;0
4718604013;2022;1,483;64,928;37,910;34,937;31,964;Bajo;2890;0
4718604013;2023;1,477;64,928;37,259;35,327;31,884;Bajo;2890;0
4718604014;2021;1,369;63,997;43,307;41,910;35,507;Bajo;2891;0
4718604014;2022;1,369;63,997;42,963;42,599;35,610;Bajo;2891;0
4718604014;2023;1,376;63,228;42,009;42,775;35,263;Bajo;2891;0
4718604015;2021;1,468;70,644;47,780;41,940;37,880;Bajo;2892;0
4718604015;2022;1,472;70,644;44,426;42,318;36,988;Bajo;2892;0
4718604015;2023;1,471;70,644;42,950;41,988;36,446;Bajo;2892;0
4718604016;2021;2,011;67,101;49,249;39,904;37,314;Bajo;2893;0
4718604016;2022;2,019;67,877;46,661;38,989;36,381;Bajo;2893;0
4718604016;2023;2,012;67,101;46,401;39,549;36,353;Bajo;2893;0
4718604017;2021;2,228;61,960;44,974;37,457;34,580;Bajo;2894;0
4718604017;2022;2,234;61,178;42,233;38,279;33,889;Bajo;2894;0
4718604017;2023;2,235;61,178;40,617;37,758;33,248;Bajo;2894;0
4718604018;2021;2,662;66,273;42,935;39,455;35,324;Bajo;2895;0
4718604018;2022;2,664;65,545;40,990;40,913;35,069;Bajo;2895;0
4718604018;2023;2,670;66,273;38,580;39,447;34,017;Bajo;2895;0
4718604020;2021;2,555;79,189;58,346;33,190;39,978;Medio-bajo;2896;0
4718604020;2022;2,561;80,273;55,046;30,184;38,250;Bajo;2896;0
4718604020;2023;2,306;81,357;53,336;23,372;35,792;Bajo;2896;0
4718604021;2021;2,358;85,667;62,964;28,482;40,873;Medio-bajo;2897;0
4718604021;2022;2,356;85,667;59,867;27,921;39,775;Medio-bajo;2897;0
4718604021;2023;2,348;85,667;57,415;26,333;38,561;Medio-bajo;2897;0
4718604023;2021;3,245;82,563;58,047;27,717;38,925;Medio-bajo;2898;0
4718604023;2022;3,229;77,924;38,337;45,476;37,640;Bajo;2898;0
4718604023;2023;3,229;77,924;38,337;45,476;37,640;Bajo;2898;0
4718604024;2021;3,465;69,604;47,089;46,740;39,455;Medio-bajo;2899;0
4718604024;2022;3,469;69,604;46,609;46,447;39,225;Medio-bajo;2899;0
4718604024;2023;3,461;69,604;43,906;46,087;38,304;Bajo;2899;0
4718604025;2021;2,697;78,669;57,440;31,381;39,121;Medio-bajo;2900;0
4718604025;2022;2,691;78,669;53,340;31,051;37,790;Bajo;2900;0
4718604025;2023;2,696;78,669;53,079;29,516;37,253;Bajo;2900;0
4718604026;2021;3,441;70,696;44,505;42,118;37,452;Bajo;2901;0
4718604026;2022;3,447;71,361;42,465;41,127;36,644;Bajo;2901;0
4718604026;2023;3,443;70,696;41,926;41,706;36,555;Bajo;2901;0
4718604027;2021;6,170;69,142;47,367;41,914;38,698;Medio-bajo;2902;0
4718604027;2022;6,184;69,142;44,034;41,915;37,702;Bajo;2902;0
4718604027;2023;6,176;69,142;42,098;41,298;36,934;Bajo;2902;0
4718604028;2021;2,841;79,614;71,395;32,767;43,901;Medio-alto;2903;1
4718604028;2022;2,845;79,614;68,744;32,114;42,911;Medio-bajo;2903;1
4718604028;2023;2,841;79,614;70,940;32,038;43,546;Medio-bajo;2903;1
4718604029;2021;6,244;74,963;44,953;41,780;38,825;Medio-bajo;2904;0
4718604029;2022;6,227;74,963;42,933;42,381;38,396;Medio-bajo;2904;0
4718604029;2023;6,231;74,154;41,849;43,940;38,417;Medio-bajo;2904;0
4718604030;2021;2,035;61,394;45,180;33,475;33,315;Bajo;2905;0
4718604030;2022;2,038;61,394;41,533;33,401;32,199;Bajo;2905;0
4718604030;2023;2,029;61,394;39,424;32,885;31,409;Bajo;2905;0
4718604032;2021;0,860;66,290;36,905;40,183;33,285;Bajo;2906;0
4718604032;2022;0,870;66,290;34,280;40,411;32,568;Bajo;2906;0
4718604032;2023;0,870;66,290;33,712;40,967;32,565;Bajo;2906;0
4718604033;2021;3,500;71,795;49,707;32,086;36,182;Bajo;2907;0
4718604033;2022;3,500;71,795;49,134;32,001;35,985;Bajo;2907;0
4718604033;2023;3,477;71,795;49,231;31,267;35,788;Bajo;2907;0
4718604034;2021;0,411;64,428;46,513;40,528;35,879;Bajo;2908;0
4718604034;2022;0,377;64,428;42,869;40,115;34,654;Bajo;2908;0
4718604034;2023;0,385;64,428;41,212;39,656;34,021;Bajo;2908;0
4718604036;2021;3,975;72,873;47,994;40,473;38,465;Medio-bajo;2909;0
4718604036;2022;3,980;72,873;45,255;40,580;37,676;Bajo;2909;0
4718604036;2023;3,984;72,873;43,550;41,010;37,295;Bajo;2909;0
4718604037;2021;1,804;64,350;30,501;41,178;31,607;Bajo;2910;0
4718604037;2022;1,805;63,804;28,701;42,794;31,471;Bajo;2910;0
4718604037;2023;1,810;63,804;25,442;43,089;30,582;Bajo;2910;0
4718604038;2021;2,685;75,287;34,989;33,679;32,565;Bajo;2911;0
4718604038;2022;2,689;75,287;33,256;34,030;32,151;Bajo;2911;0
4718604038;2023;2,688;74,652;31,537;35,110;31,864;Bajo;2911;0
4718604039;2021;1,439;64,537;36,252;38,518;32,471;Bajo;2912;0
4718604039;2022;1,438;63,930;34,551;40,043;32,327;Bajo;2912;0
4718604039;2023;1,440;63,930;33,807;40,607;32,274;Bajo;2912;0
4718604040;2021;11,128;62,167;32,635;33,643;31,990;Bajo;2913;0
4718604040;2022;11,110;61,595;31,223;36,137;32,225;Bajo;2913;0
4718604040;2023;11,098;61,595;29,594;36,194;31,750;Bajo;2913;0
4718604041;2021;8,593;76,415;22,435;32,270;30,022;Bajo;2914;0
4718604041;2022;8,591;76,415;21,015;32,356;29,621;Bajo;2914;0
4718604041;2023;8,588;76,415;19,556;32,588;29,253;Bajo;2914;0
4718605001;2021;0,900;46,459;20,691;43,091;26,329;Bajo;2915;0
4718605001;2022;0,894;45,867;18,698;44,079;25,937;Bajo;2915;0
4718605001;2023;0,881;46,459;15,150;42,626;24,522;Bajo;2915;0
4718605002;2021;1,173;49,428;18,009;41,745;25,634;Bajo;2916;0
4718605002;2022;1,171;48,868;13,693;43,354;24,737;Bajo;2916;0
4718605002;2023;1,177;48,309;11,165;44,458;24,228;Bajo;2916;0
4718605004;2021;1,020;46,418;21,841;44,357;27,077;Bajo;2917;0
4718605004;2022;1,009;46,418;19,055;45,023;26,438;Bajo;2917;0
4718605004;2023;1,010;46,418;16,711;45,248;25,803;Bajo;2917;0
4718605006;2021;0,958;53,795;17,662;47,055;27,724;Bajo;2918;0
4718605006;2022;0,972;53,795;16,136;47,588;27,430;Bajo;2918;0
4718605006;2023;0,820;53,795;13,936;46,629;26,444;Bajo;2918;0
4718605007;2021;1,299;56,561;20,428;46,261;28,815;Bajo;2919;0
4718605007;2022;1,115;56,740;38,337;45,476;33,934;Bajo;2919;0
4718605007;2023;1,115;56,740;38,337;45,476;33,934;Bajo;2919;0
4718606001;2021;1,180;65,811;28,715;43,956;31,968;Bajo;2920;0
4718606001;2022;1,192;65,811;26,811;44,659;31,611;Bajo;2920;0
4718606001;2023;1,190;65,811;26,097;44,367;31,308;Bajo;2920;0
4718606002;2021;0,862;62,752;36,448;42,749;33,387;Bajo;2921;0
4718606002;2022;0,876;62,752;33,696;40,993;32,039;Bajo;2921;0
4718606002;2023;0,861;62,752;33,975;41,366;32,230;Bajo;2921;0
4718606003;2021;0,644;50,975;35,361;43,799;31,555;Bajo;2922;0
4718606003;2022;0,657;50,263;32,097;45,173;30,885;Bajo;2922;0
4718606003;2023;0,659;50,263;30,720;44,976;30,413;Bajo;2922;0
4718606005;2021;0,901;68,362;40,583;43,224;35,622;Bajo;2923;0
4718606005;2022;0,916;68,362;38,712;44,267;35,377;Bajo;2923;0
4718606005;2023;0,918;68,362;37,018;44,548;34,954;Bajo;2923;0
4718606006;2021;0,734;61,090;31,043;42,309;31,353;Bajo;2924;0
4718606006;2022;0,739;61,090;28,925;41,682;30,530;Bajo;2924;0
4718606006;2023;0,732;61,743;26,764;40,037;29,485;Bajo;2924;0
4718606007;2021;0,989;62,427;37,440;42,964;33,733;Bajo;2925;0
4718606007;2022;0,994;63,156;34,817;42,055;32,784;Bajo;2925;0
4718606007;2023;0,993;62,427;33,984;43,052;32,723;Bajo;2925;0
4718606009;2021;1,172;66,389;37,773;42,186;34,239;Bajo;2926;0
4718606009;2022;1,178;66,389;35,298;42,254;33,518;Bajo;2926;0
4718606009;2023;1,177;66,389;34,077;41,399;32,895;Bajo;2926;0
4718606010;2021;1,210;65,353;45,434;44,016;36,941;Bajo;2927;0
4718606010;2022;1,207;65,353;42,098;43,926;35,912;Bajo;2927;0
4718606010;2023;1,202;65,353;40,152;43,801;35,289;Bajo;2927;0
4718606012;2021;1,163;70,725;47,095;50,902;40,299;Medio-bajo;2928;0
4718606012;2022;1,175;71,431;44,443;49,669;39,242;Medio-bajo;2928;0
4718606012;2023;1,169;71,431;43,828;49,368;38,966;Medio-bajo;2928;0
4718606013;2021;1,163;79,260;54,210;35,456;39,079;Medio-bajo;2929;0
4718606013;2022;1,171;79,260;50,930;35,600;38,141;Bajo;2929;0
4718606013;2023;1,173;79,260;51,152;35,021;38,034;Bajo;2929;0
4718606014;2021;2,000;69,670;45,260;42,053;37,145;Bajo;2930;0
4718606014;2022;2,021;69,670;42,143;43,082;36,523;Bajo;2930;0
4718606014;2023;2,022;69,670;40,806;43,798;36,337;Bajo;2930;0
4718606015;2021;0,753;66,357;43,030;38,800;34,691;Bajo;2931;0
4718606015;2022;0,756;67,137;40,116;37,630;33,583;Bajo;2931;0
4718606015;2023;0,743;66,357;38,644;38,363;33,242;Bajo;2931;0
4718606016;2021;1,219;73,309;51,031;39,387;38,426;Medio-bajo;2932;0
4718606016;2022;1,222;73,309;47,058;39,168;37,170;Bajo;2932;0
4718606016;2023;1,220;73,309;46,029;38,811;36,753;Bajo;2932;0
4718606017;2021;0,800;72,042;41,960;37,229;34,763;Bajo;2933;0
4718606017;2022;0,814;72,042;39,062;36,284;33,613;Bajo;2933;0
4718606017;2023;0,793;72,853;37,449;34,278;32,644;Bajo;2933;0
4718606018;2021;0,675;61,274;27,455;41,407;30,018;Bajo;2934;0
4718606018;2022;0,675;61,880;26,033;39,639;29,152;Bajo;2934;0
4718606018;2023;0,662;61,274;24,302;41,256;29,024;Bajo;2934;0
4718606019;2021;1,225;75,501;52,421;41,333;39,758;Medio-bajo;2935;0
4718606019;2022;1,232;75,501;49,020;40,482;38,484;Medio-bajo;2935;0
4718606019;2023;1,218;76,541;48,585;38,473;37,903;Bajo;2935;0
4718606020;2021;3,091;58,211;50,471;35,157;35,193;Bajo;2936;0
4718606020;2022;3,099;58,211;47,242;35,813;34,423;Bajo;2936;0
4718606020;2023;3,101;58,211;46,838;35,827;34,306;Bajo;2936;0
4718606021;2021;0,464;58,088;31,278;46,821;32,259;Bajo;2937;0
4718606021;2022;0,477;58,088;29,145;46,350;31,481;Bajo;2937;0
4718606021;2023;0,480;58,694;27,141;44,861;30,525;Bajo;2937;0
4718606022;2021;4,924;62,392;46,466;34,698;34,939;Bajo;2938;0
4718606022;2022;4,925;62,392;43,948;34,668;34,175;Bajo;2938;0
4718606022;2023;4,920;62,392;42,890;35,005;33,958;Bajo;2938;0
4718606023;2021;2,359;80,975;65,577;32,250;42,084;Medio-bajo;2939;0
4718606023;2022;2,372;82,037;62,722;31,012;41,019;Medio-bajo;2939;0
4718606023;2023;2,355;83,100;65,589;28,613;41,314;Medio-bajo;2939;0
4718606024;2021;3,011;75,688;57,159;39,004;40,955;Medio-bajo;2940;0
4718606024;2022;3,012;76,593;54,326;37,948;39,924;Medio-bajo;2940;0
4718606024;2023;3,010;76,593;54,496;37,227;39,758;Medio-bajo;2940;0
4718606025;2021;2,565;78,758;52,840;32,614;38,091;Bajo;2941;0
4718606025;2022;2,562;78,758;51,248;32,951;37,714;Bajo;2941;0
4718606025;2023;2,565;78,758;49,590;32,914;37,206;Bajo;2941;0
4718606026;2021;2,320;90,808;90,856;25,806;49,200;Alto;2942;1
4718606026;2022;2,320;90,808;90,541;25,347;48,968;Alto;2942;1
4718606026;2023;2,318;90,808;91,783;25,216;49,300;Alto;2942;1
4718606027;2021;0,999;75,759;55,421;37,671;39,541;Medio-bajo;2943;0
4718606027;2022;1,009;76,582;53,460;36,293;38,666;Medio-bajo;2943;0
4718606027;2023;0,999;76,582;51,924;35,752;38,040;Bajo;2943;0
4718606028;2021;2,026;76,842;59,371;36,594;40,822;Medio-bajo;2944;0
4718606028;2022;2,045;76,842;56,740;36,874;40,121;Medio-bajo;2944;0
4718606028;2023;2,030;77,749;56,261;34,563;39,417;Medio-bajo;2944;0
4718606029;2021;1,643;70,800;49,154;39,539;37,639;Bajo;2945;0
4718606029;2022;1,652;70,800;44,604;40,449;36,549;Bajo;2945;0
4718606029;2023;1,660;70,076;44,354;41,175;36,585;Bajo;2945;0
4718606030;2021;0,536;74,488;51,234;38,717;38,293;Bajo;2946;0
4718606030;2022;0,552;74,488;49,806;39,120;37,989;Bajo;2946;0
4718606030;2023;0,544;74,488;49,895;39,284;38,063;Bajo;2946;0
4718606031;2021;13,820;54,376;40,633;32,973;33,693;Bajo;2947;0
4718606031;2022;13,818;54,376;38,624;33,350;33,203;Bajo;2947;0
4718606031;2023;13,819;54,376;38,051;33,296;33,015;Bajo;2947;0
4718606032;2021;1,079;63,088;38,850;40,593;33,566;Bajo;2948;0
4718606032;2022;1,084;63,088;35,629;40,622;32,609;Bajo;2948;0
4718606032;2023;1,094;62,434;34,984;41,782;32,668;Bajo;2948;0
4718606034;2021;1,309;68,047;44,042;40,900;36,017;Bajo;2949;0
4718606034;2022;1,307;68,047;41,604;41,009;35,318;Bajo;2949;0
4718606034;2023;1,307;68,047;41,514;41,142;35,331;Bajo;2949;0
4718606036;2021;9,550;56,886;49,819;33,558;35,934;Bajo;2950;0
4718606036;2022;9,552;56,886;46,248;33,738;34,916;Bajo;2950;0
4718606036;2023;9,551;56,439;47,064;34,607;35,355;Bajo;2950;0
4718606037;2021;1,543;69,665;43,800;39,696;35,885;Bajo;2951;0
4718606037;2022;1,560;69,665;40,413;40,165;35,013;Bajo;2951;0
4718606037;2023;1,565;68,971;40,265;41,196;35,175;Bajo;2951;0
4718606038;2021;3,622;66,312;41,770;33,760;33,511;Bajo;2952;0
4718606038;2022;3,625;66,312;38,693;33,834;32,611;Bajo;2952;0
4718606038;2023;3,623;66,312;38,014;33,863;32,416;Bajo;2952;0
4718606039;2021;3,910;70,509;38,242;34,631;33,416;Bajo;2953;0
4718606039;2022;3,913;70,509;36,962;34,506;32,995;Bajo;2953;0
4718606039;2023;3,907;70,509;36,305;34,556;32,811;Bajo;2953;0
4718607001;2021;1,109;58,993;25,324;49,800;31,663;Bajo;2954;0
4718607001;2022;1,118;58,993;23,550;50,062;31,212;Bajo;2954;0
4718607001;2023;1,121;58,321;21,943;50,581;30,785;Bajo;2954;0
4718607003;2021;0,626;56,646;25,905;43,225;29,392;Bajo;2955;0
4718607003;2022;0,626;55,979;22,885;44,760;28,847;Bajo;2955;0
4718607003;2023;0,624;56,646;19,977;42,369;27,357;Bajo;2955;0
4718607004;2021;0,054;64,583;29,167;43,804;31,592;Bajo;2956;0
4718607004;2022;0,064;63,842;25,972;44,415;30,708;Bajo;2956;0
4718607004;2023;0,060;64,583;24,544;43,196;30,024;Bajo;2956;0
4718607005;2021;0,292;72,308;39,441;42,352;35,457;Bajo;2957;0
4718607005;2022;0,291;71,598;36,944;43,692;35,003;Bajo;2957;0
4718607005;2023;0,284;71,598;36,256;42,794;34,525;Bajo;2957;0
4718607006;2021;1,018;63,035;39,186;41,984;34,061;Bajo;2958;0
4718607006;2022;1,042;63,035;36,034;42,283;33,211;Bajo;2958;0
4718607006;2023;1,050;63,035;35,241;42,419;33,016;Bajo;2958;0
4718607007;2021;3,031;62,611;39,825;41,627;34,585;Bajo;2959;0
4718607007;2022;3,046;62,611;36,876;42,227;33,884;Bajo;2959;0
4718607007;2023;3,039;62,611;34,639;41,754;33,069;Bajo;2959;0
4718607008;2021;2,238;73,897;45,205;40,074;37,228;Bajo;2960;0
4718607008;2022;2,239;73,897;41,635;40,185;36,190;Bajo;2960;0
4718607008;2023;2,238;73,897;40,226;39,329;35,511;Bajo;2960;0
4718607010;2021;2,487;71,933;44,077;41,166;36,985;Bajo;2961;0
4718607010;2022;2,497;71,207;41,442;42,904;36,609;Bajo;2961;0
4718607010;2023;2,493;71,207;39,628;43,981;36,387;Bajo;2961;0
4718607011;2021;3,418;49,701;37,664;40,126;31,647;Bajo;2962;0
4718607011;2022;3,428;49,701;35,882;40,331;31,176;Bajo;2962;0
4718607011;2023;3,426;49,701;32,938;40,146;30,237;Bajo;2962;0
4718607013;2021;2,470;68,339;51,265;31,663;35,747;Bajo;2963;0
4718607013;2022;2,476;67,600;49,678;32,415;35,387;Bajo;2963;0
4718607013;2023;2,475;68,339;48,805;31,095;34,839;Bajo;2963;0
4718607014;2021;5,932;59,831;37,780;38,250;33,267;Bajo;2964;0
4718607014;2022;5,933;59,831;34,845;38,484;32,457;Bajo;2964;0
4718607014;2023;5,932;59,831;33,464;38,848;32,151;Bajo;2964;0
4718607015;2021;3,261;64,768;42,037;50,770;38,373;Bajo;2965;0
4718607015;2022;3,287;64,110;40,087;52,141;38,107;Bajo;2965;0
4718607015;2023;3,285;64,768;39,133;50,186;37,332;Bajo;2965;0
4718607016;2021;2,721;72,698;41,910;46,607;38,140;Bajo;2966;0
4718607016;2022;2,728;71,954;40,519;48,648;38,225;Bajo;2966;0
4718607016;2023;2,739;71,954;39,026;49,705;38,097;Bajo;2966;0
4718607018;2021;0,131;60,782;23,131;43,749;29,214;Bajo;2967;0
4718607018;2022;0,139;60,782;21,481;43,937;28,777;Bajo;2967;0
4718607018;2023;0,140;60,782;19,825;44,247;28,374;Bajo;2967;0
4718607019;2021;3,017;66,638;42,333;44,077;36,673;Bajo;2968;0
4718607019;2022;3,030;65,948;39,859;46,079;36,431;Bajo;2968;0
4718607019;2023;3,036;66,638;39,781;45,122;36,226;Bajo;2968;0
4718607020;2021;2,929;69,598;41,832;42,691;36,529;Bajo;2969;0
4718607020;2022;2,940;69,598;40,028;43,622;36,270;Bajo;2969;0
4718607020;2023;2,940;69,598;38,317;43,257;35,647;Bajo;2969;0
4718607021;2021;2,946;67,644;52,960;33,874;36,933;Bajo;2970;0
4718607021;2022;2,943;67,644;50,868;33,637;36,234;Bajo;2970;0
4718607021;2023;2,937;67,644;49,548;33,247;35,719;Bajo;2970;0
4718607022;2021;12,401;63,210;29,500;34,993;31,930;Bajo;3510;0
4718607022;2022;12,390;63,210;27,872;35,323;31,538;Bajo;3510;0
4718607022;2023;12,387;63,210;26,521;35,566;31,204;Bajo;3510;0
4718608001;2021;0,691;64,543;34,482;44,439;33,530;Bajo;2971;0
4718608001;2022;0,705;64,543;33,220;43,796;32,963;Bajo;2971;0
4718608001;2023;0,694;63,810;30,260;44,093;32,051;Bajo;2971;0
4718608002;2021;2,300;64,036;40,404;47,384;36,517;Bajo;2972;0
4718608002;2022;2,306;64,036;37,169;47,770;35,664;Bajo;2972;0
4718608002;2023;2,312;64,036;36,793;47,235;35,392;Bajo;2972;0
4718608004;2021;3,799;74,410;44,783;47,914;39,920;Medio-bajo;2973;0
4718608004;2022;3,803;74,410;41,517;47,205;38,729;Medio-bajo;2973;0
4718608004;2023;3,802;74,410;40,720;47,791;38,665;Medio-bajo;2973;0
4718608005;2021;2,184;63,483;39,086;47,246;35,968;Bajo;2974;0
4718608005;2022;2,189;63,483;36,928;47,560;35,416;Bajo;2974;0
4718608005;2023;2,189;62,765;36,083;49,163;35,536;Bajo;2974;0
4718608006;2021;4,123;73,287;48,029;45,556;40,099;Medio-bajo;2975;0
4718608006;2022;4,131;73,287;44,689;45,682;39,137;Medio-bajo;2975;0
4718608006;2023;4,133;73,287;42,614;44,565;38,180;Bajo;2975;0
4718608009;2021;1,736;78,023;47,397;42,783;39,191;Medio-bajo;2976;0
4718608009;2022;1,745;78,023;43,967;42,819;38,175;Bajo;2976;0
4718608009;2023;1,738;77,062;41,549;42,975;37,351;Bajo;2976;0
4718608012;2021;1,482;64,084;37,522;47,605;35,521;Bajo;2977;0
4718608012;2022;1,490;64,084;35,955;47,926;35,149;Bajo;2977;0
4718608012;2023;1,488;64,084;34,051;47,612;34,483;Bajo;2977;0
4718608013;2021;2,367;63,952;42,008;43,026;35,695;Bajo;2978;0
4718608013;2022;2,368;63,952;39,271;42,878;34,829;Bajo;2978;0
4718608013;2023;2,368;63,191;37,903;43,719;34,557;Bajo;2978;0
4718608014;2021;2,728;72,868;47,290;41,798;38,339;Bajo;2979;0
4718608014;2022;2,743;72,868;44,598;42,288;37,682;Bajo;2979;0
4718608014;2023;2,746;72,868;43,500;42,141;37,309;Bajo;2979;0
4718608015;2021;2,811;75,736;52,240;38,104;39,167;Medio-bajo;2980;0
4718608015;2022;2,818;75,736;48,355;38,705;38,183;Bajo;2980;0
4718608015;2023;2,603;75,736;46,396;35,163;36,479;Bajo;2980;0
4718608016;2021;2,851;73,346;50,709;38,719;38,543;Medio-bajo;2981;0
4718608016;2022;2,731;74,288;38,337;45,476;36,970;Bajo;2981;0
4718608016;2023;2,731;74,288;38,337;45,476;36,970;Bajo;2981;0
4718608017;2021;3,090;73,521;45,840;39,747;37,477;Bajo;2982;0
4718608017;2022;3,088;73,521;43,093;39,423;36,555;Bajo;2982;0
4718608017;2023;3,088;73,521;41,493;38,864;35,907;Bajo;2982;0
4718608018;2021;2,651;79,357;48,631;39,981;39,150;Medio-bajo;2983;0
4718608018;2022;2,655;79,357;46,775;39,892;38,567;Medio-bajo;2983;0
4718608018;2023;2,643;79,357;46,139;39,267;38,186;Bajo;2983;0
4718608020;2021;2,101;73,060;48,851;46,717;40,155;Medio-bajo;2984;0
4718608020;2022;2,118;73,060;45,579;46,054;38,978;Medio-bajo;2984;0
4718608020;2023;2,105;72,014;42,839;46,461;38,118;Bajo;2984;0
4718608021;2021;2,469;77,533;48,400;38,547;38,331;Bajo;2985;0
4718608021;2022;2,481;77,533;45,420;38,202;37,337;Bajo;2985;0
4718608021;2023;2,481;77,533;44,235;38,078;36,944;Bajo;2985;0
4718608023;2021;3,347;78,336;52,245;38,275;39,743;Medio-bajo;2986;0
4718608023;2022;3,351;78,336;47,696;37,794;38,235;Bajo;2986;0
4718608023;2023;3,342;78,336;46,421;37,450;37,747;Bajo;2986;0
4718608024;2021;2,317;68,139;38,798;49,468;37,280;Bajo;2987;0
4718608024;2022;2,317;68,139;36,919;49,552;36,741;Bajo;2987;0
4718608024;2023;2,320;68,139;35,281;50,558;36,553;Bajo;2987;0
4718608025;2021;3,818;68,761;41,502;43,986;36,915;Bajo;2988;0
4718608025;2022;3,829;68,078;41,170;45,905;37,291;Bajo;2988;0
4718608025;2023;3,835;68,078;38,725;46,666;36,788;Bajo;2988;0
4718608026;2021;4,145;79,614;52,796;32,407;38,539;Medio-bajo;2989;0
4718608026;2022;4,153;79,614;49,191;32,548;37,502;Bajo;2989;0
4718608026;2023;4,148;79,614;47,176;31,904;36,703;Bajo;2989;0
4718608027;2021;4,225;77,463;49,182;33,278;37,414;Bajo;2990;0
4718608027;2022;4,220;78,369;46,805;32,048;36,466;Bajo;2990;0
4718608027;2023;4,215;78,369;44,912;32,062;35,901;Bajo;2990;0
4718608028;2021;4,145;73,332;45,310;45,853;39,385;Medio-bajo;2991;0
4718608028;2022;4,149;73,332;42,566;46,179;38,661;Medio-bajo;2991;0
4718608028;2023;4,149;72,511;40,760;46,921;38,218;Bajo;2991;0
4718608030;2021;4,275;74,422;49,451;36,243;37,940;Bajo;2992;0
4718608030;2022;4,270;74,422;48,347;35,246;37,309;Bajo;2992;0
4718608030;2023;4,266;74,422;47,815;35,288;37,161;Bajo;2992;0
4718608031;2021;2,065;66,021;43,461;36,105;34,289;Bajo;2993;0
4718608031;2022;2,068;66,021;41,552;35,960;33,674;Bajo;2993;0
4718608031;2023;2,070;65,355;38,794;37,668;33,259;Bajo;2993;0
4718608032;2021;6,281;57,363;53,139;39,489;37,963;Bajo;2994;0
4718608032;2022;6,283;58,068;50,815;38,551;37,091;Bajo;2994;0
4718608032;2023;6,277;57,363;51,565;39,641;37,536;Bajo;2994;0
4718608033;2021;4,533;45,404;54,862;36,548;35,367;Bajo;2995;0
4718608033;2022;4,528;44,768;50,791;37,287;34,271;Bajo;2995;0
4718608033;2023;4,530;44,768;49,266;37,010;33,731;Bajo;2995;0
4718608034;2021;4,875;60,289;59,388;40,041;40,091;Medio-bajo;2996;0
4718608034;2022;4,890;60,289;55,230;39,697;38,744;Medio-bajo;2996;0
4718608034;2023;4,896;60,289;54,330;39,460;38,404;Medio-bajo;2996;0
4718608035;2021;6,194;58,585;33,266;36,814;31,360;Bajo;2997;0
4718608035;2022;6,187;58,585;30,065;36,992;30,451;Bajo;2997;0
4718608035;2023;6,171;58,046;27,838;37,960;29,989;Bajo;2997;0
4718608036;2021;8,881;54,746;43,390;36,983;34,544;Bajo;3511;0
4718608036;2022;8,900;54,187;40,907;38,803;34,266;Bajo;3511;0
4718608036;2023;8,906;53,629;39,821;39,286;34,003;Bajo;3511;0
4718608037;2021;2,992;71,212;42,229;49,132;38,838;Medio-bajo;2998;0
4718608037;2022;2,995;71,212;40,126;49,165;38,218;Bajo;2998;0
4718608037;2023;2,991;70,511;38,132;50,482;37,909;Bajo;2998;0
4718608038;2021;4,039;63,499;43,715;41,247;36,023;Bajo;2999;0
4718608038;2022;4,040;63,499;40,861;41,480;35,237;Bajo;2999;0
4718608038;2023;4,046;63,499;38,812;41,793;34,718;Bajo;2999;0
4718608039;2021;4,370;74,113;49,251;43,052;39,900;Medio-bajo;3000;0
4718608039;2022;4,382;74,113;48,585;44,560;40,156;Medio-bajo;3000;0
4718608039;2023;4,388;74,113;46,788;44,988;39,747;Medio-bajo;3000;0
4718609001;2021;1,204;48,716;18,028;43,060;25,935;Bajo;3001;0
4718609001;2022;1,207;48,172;16,616;44,149;25,757;Bajo;3001;0
4718609001;2023;1,204;48,172;12,325;44,807;24,666;Bajo;3001;0
4718609002;2021;1,190;57,379;19,727;47,211;28,986;Bajo;3002;0
4718609002;2022;1,192;57,379;18,223;47,408;28,594;Bajo;3002;0
4718609002;2023;1,195;57,379;16,323;47,981;28,197;Bajo;3002;0
4718609003;2021;1,094;56,870;24,008;46,631;29,996;Bajo;3003;0
4718609003;2022;1,098;56,346;20,510;48,425;29,407;Bajo;3003;0
4718609003;2023;1,121;55,822;18,261;50,485;29,277;Bajo;3003;0
4718609004;2021;0,358;59,223;19,809;45,047;28,430;Bajo;3004;0
4718609004;2022;0,358;59,223;17,725;45,144;27,834;Bajo;3004;0
4718609004;2023;0,363;59,223;15,764;44,633;27,093;Bajo;3004;0
4718609006;2021;0,978;67,926;33,989;43,338;33,631;Bajo;3005;0
4718609006;2022;0,983;67,200;28,767;44,277;32,239;Bajo;3005;0
4718609006;2023;0,982;67,926;28,072;42,275;31,538;Bajo;3005;0
4718609007;2021;0,574;61,011;25,572;45,942;30,749;Bajo;3006;0
4718609007;2022;0,578;61,011;22,953;46,361;30,090;Bajo;3006;0
4718609007;2023;0,576;61,610;21,426;44,872;29,275;Bajo;3006;0
4718609009;2021;1,854;62,236;20,503;46,464;29,889;Bajo;3007;0
4718609009;2022;1,860;61,696;16,973;48,009;29,214;Bajo;3007;0
4718609009;2023;1,866;61,696;15,417;49,095;29,074;Bajo;3007;0
4718609010;2021;1,860;60,472;33,317;46,381;33,445;Bajo;3008;0
4718609010;2022;1,876;59,763;31,522;47,787;33,226;Bajo;3008;0
4718609010;2023;1,875;59,763;29,803;47,245;32,548;Bajo;3008;0
4718609011;2021;1,085;68,098;34,964;44,828;34,424;Bajo;3009;0
4718609011;2022;1,094;68,098;32,129;45,189;33,684;Bajo;3009;0
4718609011;2023;1,090;68,098;31,985;45,080;33,607;Bajo;3009;0
4718610001;2021;5,853;57,801;32,263;37,087;30,938;Bajo;3514;0
4718610001;2022;5,842;57,801;29,200;36,935;29,971;Bajo;3514;0
4718610001;2023;5,804;57,801;25,408;36,127;28,582;Bajo;3514;0
4718610002;2021;3,452;66,239;40,993;39,213;34,861;Bajo;3010;0
4718610002;2022;3,451;65,556;39,833;40,323;34,743;Bajo;3010;0
4718610002;2023;3,461;66,239;38,494;39,636;34,240;Bajo;3010;0
4718610003;2021;3,318;65,491;41,680;43,076;36,080;Bajo;3011;0
4718610003;2022;3,321;65,491;40,267;43,278;35,717;Bajo;3011;0
4718610003;2023;3,330;64,735;35,870;44,409;34,627;Bajo;3011;0
4718610004;2021;3,574;70,202;40,853;41,486;36,125;Bajo;3012;0
4718610004;2022;3,585;70,202;37,344;41,574;35,102;Bajo;3012;0
4718610004;2023;3,584;69,512;36,381;42,797;35,076;Bajo;3012;0
4718610005;2021;4,091;62,383;39,349;40,149;34,230;Bajo;3013;0
4718610005;2022;4,091;61,732;39,008;41,743;34,508;Bajo;3013;0
4718610005;2023;4,093;61,732;37,603;42,339;34,266;Bajo;3013;0
4718610006;2021;6,824;43,596;40,760;40,368;32,584;Bajo;3520;0
4718610006;2022;6,805;43,596;37,451;41,110;31,809;Bajo;3520;0
4718610006;2023;6,809;43,596;36,256;41,011;31,422;Bajo;3520;0
4718610007;2021;4,171;61,198;28,799;38,220;30,328;Bajo;3014;0
4718610007;2022;4,173;61,198;26,267;38,759;29,731;Bajo;3014;0
4718610007;2023;4,175;60,619;24,208;40,097;29,428;Bajo;3014;0
4718610008;2021;5,540;46,921;34,314;39,007;30,420;Bajo;3015;0
4718610008;2022;5,540;46,921;32,837;38,864;29,934;Bajo;3015;0
4718610008;2023;5,540;46,921;29,129;38,945;28,846;Bajo;3015;0
4718610009;2021;3,321;67,758;44,038;43,632;37,295;Bajo;3016;0
4718610009;2022;3,324;67,758;42,623;44,150;37,026;Bajo;3016;0
4718610009;2023;3,327;67,758;43,251;45,128;37,509;Bajo;3016;0
4718610010;2021;3,128;59,719;20,982;47,301;30,225;Bajo;3017;0
4718610010;2022;3,130;59,719;18,652;47,426;29,564;Bajo;3017;0
4718610010;2023;3,134;59,719;17,181;47,320;29,092;Bajo;3017;0
4718610011;2021;2,005;56,430;19,827;42,120;27,550;Bajo;3018;0
4718610011;2022;2,006;56,430;14,226;43,316;26,228;Bajo;3018;0
4718610011;2023;1,991;56,430;10,582;43,246;25,111;Bajo;3018;0
4718610013;2021;2,304;63,368;32,005;48,141;34,125;Bajo;3019;0
4718610013;2022;2,304;63,368;30,275;48,519;33,719;Bajo;3019;0
4718610013;2023;2,306;63,368;27,351;48,614;32,871;Bajo;3019;0
4718610014;2021;3,705;67,205;37,968;38,564;33,967;Bajo;3020;0
4718610014;2022;3,704;66,544;35,369;40,555;33,685;Bajo;3020;0
4718610014;2023;3,712;66,544;34,431;41,084;33,564;Bajo;3020;0
4718610015;2021;3,623;72,806;45,916;40,072;37,623;Bajo;3021;0
4718610015;2022;3,641;72,806;44,123;41,058;37,385;Bajo;3021;0
4718610015;2023;3,642;72,806;44,955;41,317;37,713;Bajo;3021;0
4718610016;2021;4,525;58,784;40,897;43,284;35,203;Bajo;3022;0
4718610016;2022;4,522;58,784;37,433;44,396;34,497;Bajo;3022;0
4718610016;2023;4,522;58,169;37,205;45,488;34,664;Bajo;3022;0
4718610017;2021;2,662;75,117;71,332;34,355;43,639;Medio-bajo;3023;1
4718610017;2022;2,661;74,399;68,324;34,908;42,795;Medio-bajo;3023;1
4718610017;2023;2,665;73,680;69,292;36,036;43,317;Medio-bajo;3023;1
4718610018;2021;3,600;64,552;27,900;47,681;33,257;Bajo;3024;0
4718610018;2022;3,606;64,552;27,233;48,609;33,337;Bajo;3024;0
4718610018;2023;3,611;64,084;26,496;50,101;33,494;Bajo;3024;0
4718610019;2021;3,234;77,011;59,355;41,304;42,558;Medio-bajo;3025;1
4718610019;2022;3,239;76,147;56,444;42,516;41,920;Medio-bajo;3025;0
4718610019;2023;3,235;77,011;56,186;41,755;41,743;Medio-bajo;3025;0
4718610020;2021;2,290;60,221;15,056;45,322;27,719;Bajo;3026;0
4718610020;2022;2,295;60,656;19,416;44,341;28,799;Bajo;3026;0
4718610020;2023;2,295;60,656;17,241;43,892;28,012;Bajo;3026;0
4718610021;2021;5,266;62,424;28,529;43,243;32,211;Bajo;3027;0
4718610021;2022;5,273;62,424;25,467;43,214;31,286;Bajo;3027;0
4718610021;2023;5,262;61,983;23,476;44,559;31,023;Bajo;3027;0
4718610022;2021;4,596;78,276;66,989;35,280;43,571;Medio-bajo;3028;1
4718610022;2022;4,593;78,276;65,319;35,562;43,154;Medio-bajo;3028;1
4718610022;2023;4,591;79,062;65,318;34,745;43,026;Medio-bajo;3028;1
4718610024;2021;4,465;69,155;34,442;38,928;33,501;Bajo;3029;0
4718610024;2022;4,466;68,656;31,966;40,513;33,159;Bajo;3029;0
4718610024;2023;4,464;68,656;30,346;41,342;32,921;Bajo;3029;0
4718610025;2021;3,256;69,183;40,472;45,932;37,113;Bajo;3030;0
4718610025;2022;3,263;69,183;39,335;46,093;36,822;Bajo;3030;0
4718610025;2023;3,265;69,183;36,092;45,867;35,781;Bajo;3030;0
4718610026;2021;3,539;64,280;41,523;41,301;35,374;Bajo;3031;0
4718610026;2022;3,545;64,280;38,907;40,467;34,341;Bajo;3031;0
4718610026;2023;3,547;65,000;37,615;39,044;33,635;Bajo;3031;0
4718610027;2021;5,944;67,171;34,803;39,246;33,777;Bajo;3032;0
4718610027;2022;5,958;67,171;31,664;39,848;33,019;Bajo;3032;0
4718610027;2023;5,961;67,171;29,715;40,346;32,584;Bajo;3032;0
4718610028;2021;4,933;66,514;34,502;43,738;34,683;Bajo;3033;0
4718610028;2022;4,949;66,514;33,343;45,140;34,759;Bajo;3033;0
4718610028;2023;4,950;66,514;31,423;45,722;34,358;Bajo;3033;0
4718610029;2021;3,541;64,225;20,832;35,062;27,287;Bajo;3034;0
4718610029;2022;3,545;64,225;18,946;35,666;26,904;Bajo;3034;0
4718610029;2023;3,544;64,225;16,596;35,969;26,289;Bajo;3034;0
4718610030;2021;7,329;64,049;14,872;28,808;24,544;Bajo;3035;0
4718610030;2022;7,328;63,666;12,875;30,010;24,247;Bajo;3035;0
4718610030;2023;7,327;63,666;9,391;30,652;23,394;Bajo;3035;0
4718610031;2021;4,489;73,366;63,702;35,098;41,767;Medio-bajo;3036;0
4718610031;2022;4,507;73,366;59,648;35,428;40,654;Medio-bajo;3036;0
4718610031;2023;4,512;72,705;60,826;36,921;41,358;Medio-bajo;3036;0
4718610032;2021;3,776;63,631;30,969;43,764;32,908;Bajo;3037;0
4718610032;2022;3,779;63,631;29,716;44,913;32,878;Bajo;3037;0
4718610032;2023;3,797;62,573;29,002;46,775;33,068;Bajo;3037;0
4718610033;2021;2,805;70,066;37,140;40,426;34,481;Bajo;3038;0
4718610033;2022;2,806;69,491;34,200;42,140;34,027;Bajo;3038;0
4718610033;2023;2,806;69,491;32,697;42,874;33,797;Bajo;3038;0
4718610034;2021;3,518;63,453;25,195;48,832;32,606;Bajo;3039;0
4718610034;2022;3,520;63,453;22,296;49,766;32,017;Bajo;3039;0
4718610034;2023;3,526;63,005;21,040;51,010;31,948;Bajo;3039;0
4718610035;2021;4,092;68,093;28,814;39,356;31,688;Bajo;3040;0
4718610035;2022;4,102;68,093;27,010;40,076;31,365;Bajo;3040;0
4718610035;2023;4,107;67,619;25,701;42,093;31,508;Bajo;3040;0
4718610036;2021;3,412;69,182;53,500;37,104;38,412;Medio-bajo;3041;0
4718610036;2022;3,432;69,182;50,453;37,976;37,764;Bajo;3041;0
4718610036;2023;3,433;69,182;50,752;38,540;38,023;Bajo;3041;0
4718610037;2021;4,367;71,273;31,282;35,209;31,730;Bajo;3042;0
4718610037;2022;4,373;70,726;29,439;36,919;31,610;Bajo;3042;0
4718610037;2023;4,380;70,726;28,237;37,375;31,387;Bajo;3042;0
4718610038;2021;5,073;70,017;30,839;30,492;30,170;Bajo;3043;0
4718610038;2022;5,081;70,017;28,552;31,142;29,681;Bajo;3043;0
4718610038;2023;5,084;69,522;26,623;32,660;29,484;Bajo;3043;0
4718610039;2021;5,157;67,705;33,048;34,811;31,803;Bajo;3044;0
4718610039;2022;5,159;67,705;31,052;34,912;31,235;Bajo;3044;0
4718610039;2023;5,156;67,705;28,368;35,129;30,494;Bajo;3044;0
4718610040;2021;5,206;65,761;22,718;31,004;27,282;Bajo;3045;0
4718610040;2022;5,209;65,336;19,238;32,796;26,713;Bajo;3045;0
4718610040;2023;5,219;65,336;17,688;33,971;26,603;Bajo;3045;0
4718610041;2021;5,607;53,650;14,032;35,827;24,407;Bajo;3046;0
4718610041;2022;5,609;53,650;12,450;36,170;24,036;Bajo;3046;0
4718610041;2023;5,605;53,263;21,473;37,244;27,006;Bajo;3046;0
4718610042;2021;6,305;68,222;23,298;31,646;28,293;Bajo;3047;0
4718610042;2022;6,312;68,222;21,743;32,181;27,988;Bajo;3047;0
4718610042;2023;6,313;68,222;19,150;32,698;27,366;Bajo;3047;0
4718610043;2021;6,253;70,990;26,720;32,827;30,076;Bajo;3048;0
4718610043;2022;6,250;70,990;24,506;32,969;29,454;Bajo;3048;0
4718610043;2023;6,251;70,463;23,618;34,384;29,533;Bajo;3048;0
4718610044;2021;6,844;70,618;28,331;32,536;30,564;Bajo;3049;0
4718610044;2022;6,848;70,618;26,828;32,371;30,064;Bajo;3049;0
4718610044;2023;6,846;70,618;24,231;32,508;29,326;Bajo;3049;0
4718610045;2021;6,484;68,200;30,547;31,766;30,545;Bajo;3050;0
4718610045;2022;6,489;68,200;28,411;31,976;29,968;Bajo;3050;0
4718610045;2023;6,486;68,200;26,216;32,158;29,363;Bajo;3050;0
4718610046;2021;4,065;71,049;28,761;31,713;29,816;Bajo;3051;0
4718610046;2022;4,067;71,049;27,474;32,414;29,641;Bajo;3051;0
4718610046;2023;4,069;71,049;25,443;32,540;29,070;Bajo;3051;0
4718610047;2021;5,580;71,448;32,341;30,472;30,956;Bajo;3052;0
4718610047;2022;5,583;70,939;30,865;31,834;30,846;Bajo;3052;0
4718610047;2023;5,586;70,939;29,222;32,129;30,442;Bajo;3052;0
4718610048;2021;8,139;48,827;10,598;28,513;21,092;Bajo;3053;0
4718610048;2022;8,145;49,064;7,358;27,464;19,842;Bajo;3053;0
4718610048;2023;8,137;49,064;3,107;28,083;18,751;Bajo;3053;0
4718610049;2021;2,573;62,873;17,379;38,220;26,754;Bajo;3054;0
4718610049;2022;2,573;62,438;15,142;39,900;26,522;Bajo;3054;0
4718610049;2023;2,578;62,438;12,260;40,360;25,796;Bajo;3054;0
4718610050;2021;8,090;72,552;22,197;31,671;29,066;Bajo;3055;0
4718610050;2022;8,092;72,552;21,069;31,881;28,791;Bajo;3055;0
4718610050;2023;8,089;71,989;18,883;32,880;28,349;Bajo;3055;0
4718610051;2021;7,863;73,151;21,542;25,856;27,157;Bajo;3056;0
4718610051;2022;7,864;72,603;19,816;26,856;26,858;Bajo;3056;0
4718610051;2023;7,865;73,151;17,632;26,039;26,040;Bajo;3056;0
4718610052;2021;3,011;74,991;20,266;32,539;27,843;Bajo;3057;0
4718610052;2022;2,996;74,991;18,118;32,295;27,122;Bajo;3057;0
4718610052;2023;2,981;74,991;15,746;32,714;26,532;Bajo;3057;0
4718610053;2021;5,584;68,541;16,188;34,894;27,002;Bajo;3058;0
4718610053;2022;5,580;68,541;13,800;35,276;26,399;Bajo;3058;0
4718610053;2023;5,584;68,541;13,350;35,711;26,396;Bajo;3058;0
4718610054;2021;6,847;73,567;21,238;28,062;27,537;Bajo;3059;0
4718610054;2022;6,839;72,984;20,848;29,503;27,763;Bajo;3059;0
4718610054;2023;6,800;72,984;18,421;28,780;26,808;Bajo;3059;0
4718610055;2021;3,635;69,764;20,552;36,619;28,525;Bajo;3060;0
4718610055;2022;3,622;70,307;18,622;36,071;27,860;Bajo;3060;0
4718610055;2023;3,624;69,764;17,359;36,963;27,667;Bajo;3060;0
4718610056;2021;4,276;69,986;18,731;35,966;27,976;Bajo;3061;0
4718610056;2022;4,273;69,986;16,255;36,071;27,264;Bajo;3061;0
4718610056;2023;4,265;69,986;14,248;35,888;26,605;Bajo;3061;0
4718611001;2021;2,212;68,451;31,421;44,637;33,638;Bajo;3062;0
4718611001;2022;2,216;68,451;28,231;44,436;32,622;Bajo;3062;0
4718611001;2023;2,216;68,451;26,320;44,074;31,939;Bajo;3062;0
4718611002;2021;2,953;58,482;33,507;45,939;33,344;Bajo;3063;0
4718611002;2022;2,959;58,482;29,873;45,979;32,268;Bajo;3063;0
4718611002;2023;2,952;57,792;29,328;47,192;32,363;Bajo;3063;0
4718611003;2021;2,222;61,181;29,237;42,095;31,132;Bajo;3064;0
4718611003;2022;2,219;60,572;26,729;43,397;30,678;Bajo;3064;0
4718611003;2023;2,216;60,572;25,056;43,644;30,250;Bajo;3064;0
4718611004;2021;2,423;62,671;30,589;46,400;33,103;Bajo;3065;0
4718611004;2022;2,411;62,671;28,401;47,229;32,693;Bajo;3065;0
4718611004;2023;2,418;62,671;25,062;46,783;31,559;Bajo;3065;0
4718611005;2021;2,359;69,553;44,163;44,577;37,645;Bajo;3066;0
4718611005;2022;2,362;69,553;42,878;44,645;37,280;Bajo;3066;0
4718611005;2023;2,366;69,553;40,185;45,057;36,597;Bajo;3066;0
4718611006;2021;2,959;62,925;35,050;37,191;31,851;Bajo;3067;0
4718611006;2022;2,971;62,245;31,916;38,124;31,092;Bajo;3067;0
4718611006;2023;2,965;62,245;27,654;38,212;29,838;Bajo;3067;0
4718611007;2021;2,519;68,291;36,708;44,686;35,292;Bajo;3068;0
4718611007;2022;2,520;68,291;33,974;44,630;34,455;Bajo;3068;0
4718611007;2023;2,519;68,291;33,485;44,918;34,395;Bajo;3068;0
4718611008;2021;3,030;70,380;42,537;37,094;35,204;Bajo;3069;0
4718611008;2022;3,030;71,229;41,443;35,542;34,537;Bajo;3069;0
4718611008;2023;3,024;70,380;39,336;36,147;33,958;Bajo;3069;0
4718611009;2021;2,746;67,160;37,445;39,928;33,972;Bajo;3070;0
4718611009;2022;2,762;67,160;34,094;40,067;33,013;Bajo;3070;0
4718611009;2023;2,770;67,160;33,084;40,195;32,750;Bajo;3070;0
4718611010;2021;2,376;70,760;41,936;42,248;36,463;Bajo;3071;0
4718611010;2022;2,377;70,760;39,767;41,103;35,469;Bajo;3071;0
4718611010;2023;2,373;70,760;36,817;40,035;34,263;Bajo;3071;0
4718611012;2021;4,535;68,680;43,723;37,773;35,884;Bajo;3072;0
4718611012;2022;4,549;68,680;40,082;37,986;34,860;Bajo;3072;0
4718611012;2023;4,340;68,680;37,857;36,571;33,715;Bajo;3072;0
4718611013;2021;4,595;69,991;44,117;38,719;36,498;Bajo;3073;0
4718611013;2022;4,538;69,494;38,337;45,476;36,702;Bajo;3073;0
4718611013;2023;4,538;69,494;38,337;45,476;36,702;Bajo;3073;0
4718611014;2021;3,165;61,390;31,657;43,421;32,523;Bajo;3074;0
4718611014;2022;3,155;61,390;28,927;43,302;31,666;Bajo;3074;0
4718611014;2023;3,147;61,390;27,481;43,799;31,379;Bajo;3074;0
4718611015;2021;3,168;61,294;21,142;48,306;30,821;Bajo;3075;0
4718611015;2022;3,175;61,294;20,614;48,977;30,865;Bajo;3075;0
4718611015;2023;3,180;61,294;18,006;48,668;29,991;Bajo;3075;0
4718611016;2021;2,445;61,353;26,726;43,457;30,869;Bajo;3076;0
4718611016;2022;2,445;60,783;24,355;44,479;30,379;Bajo;3076;0
4718611016;2023;2,444;60,783;21,201;44,672;29,490;Bajo;3076;0
4718611017;2021;2,419;56,305;32,654;39,481;30,691;Bajo;3077;0
4718611017;2022;2,422;56,305;29,430;39,810;29,823;Bajo;3077;0
4718611017;2023;2,421;56,305;28,290;39,400;29,358;Bajo;3077;0
4718611018;2021;5,168;64,173;40,829;39,924;35,144;Bajo;3078;0
4718611018;2022;5,170;63,545;38,447;40,611;34,542;Bajo;3078;0
4718611018;2023;5,167;63,545;36,440;41,720;34,272;Bajo;3078;0
4718611019;2021;4,346;69,444;44,542;45,373;38,477;Medio-bajo;3079;0
4718611019;2022;4,348;69,444;42,534;44,639;37,655;Bajo;3079;0
4718611019;2023;4,346;69,444;42,085;43,796;37,267;Bajo;3079;0
4718611020;2021;4,132;73,115;43,085;39,678;36,829;Bajo;3080;0
4718611020;2022;4,136;72,351;39,759;40,200;35,874;Bajo;3080;0
4718611020;2023;4,134;72,351;38,240;40,203;35,419;Bajo;3080;0
4718611021;2021;8,435;53,773;24,545;35,619;28,224;Bajo;3081;0
4718611021;2022;8,418;53,773;21,921;35,177;27,300;Bajo;3081;0
4718611021;2023;8,406;53,358;19,020;36,540;26,773;Bajo;3081;0
4718611022;2021;4,341;77,673;48,950;33,283;37,406;Bajo;3082;0
4718611022;2022;4,352;77,673;46,053;34,060;36,773;Bajo;3082;0
4718611022;2023;4,357;76,764;43,822;35,121;36,287;Bajo;3082;0
4718611025;2021;4,079;68,695;39,721;39,347;35,045;Bajo;3083;0
4718611025;2022;4,084;68,184;36,767;40,883;34,543;Bajo;3083;0
4718611025;2023;4,086;68,184;35,325;41,120;34,183;Bajo;3083;0
4718611026;2021;4,474;65,002;27,321;38,429;30,594;Bajo;3084;0
4718611026;2022;4,474;65,002;25,754;38,483;30,140;Bajo;3084;0
4718611026;2023;4,474;65,002;23,978;38,257;29,539;Bajo;3084;0
4718611027;2021;4,985;68,791;42,801;36,634;35,395;Bajo;3085;0
4718611027;2022;4,984;68,791;39,894;37,379;34,747;Bajo;3085;0
4718611027;2023;4,992;68,138;39,805;39,012;35,114;Bajo;3085;0
4718611028;2021;2,850;64,898;32,529;40,946;32,489;Bajo;3086;0
4718611028;2022;2,849;64,898;29,086;41,524;31,630;Bajo;3086;0
4718611028;2023;2,846;65,547;27,737;40,651;31,060;Bajo;3086;0
4718611029;2021;2,200;62,095;34,838;42,482;33,060;Bajo;3087;0
4718611029;2022;2,210;62,095;33,898;41,967;32,626;Bajo;3087;0
4718611029;2023;2,205;62,095;32,016;42,205;32,132;Bajo;3087;0
4718611031;2021;10,148;64,301;20,977;30,329;27,574;Bajo;3088;0
4718611031;2022;10,149;63,903;19,446;31,549;27,421;Bajo;3088;0
4718611031;2023;10,152;63,903;16,402;31,988;26,640;Bajo;3088;0
4718611032;2021;9,619;60,210;15,990;32,787;26,070;Bajo;3089;0
4718611032;2022;9,621;59,840;14,333;34,071;25,903;Bajo;3089;0
4718611032;2023;9,621;59,840;12,319;35,035;25,587;Bajo;3089;0
4718611033;2021;6,457;65,836;35,456;34,413;32,450;Bajo;3090;0
4718611033;2022;6,459;65,391;33,847;35,798;32,317;Bajo;3090;0
4718611033;2023;6,462;65,391;31,324;36,119;31,657;Bajo;3090;0
4718611034;2021;7,698;67,947;39,695;33,889;34,192;Bajo;3091;0
4718611034;2022;7,695;67,947;36,529;34,257;33,351;Bajo;3091;0
4718611034;2023;7,698;67,947;34,810;34,827;33,008;Bajo;3091;0
4718611035;2021;7,861;65,361;28,204;35,908;31,003;Bajo;3092;0
4718611035;2022;7,861;65,361;26,509;35,998;30,521;Bajo;3092;0
4718611035;2023;7,863;65,361;24,552;36,912;30,209;Bajo;3092;0
4718611036;2021;5,231;60,919;22,690;37,676;28,555;Bajo;3093;0
4718611036;2022;5,226;60,919;17,289;37,797;26,970;Bajo;3093;0
4718611036;2023;5,218;60,919;18,955;37,909;27,501;Bajo;3093;0
4718611037;2021;11,425;61,287;21,999;33,477;28,692;Bajo;3094;0
4718611037;2022;11,427;61,287;19,663;33,699;28,058;Bajo;3094;0
4718611037;2023;11,429;61,287;18,520;34,235;27,877;Bajo;3094;0
4718611038;2021;7,485;66,716;19,245;30,613;26,836;Bajo;3095;0
4718611038;2022;7,485;66,262;17,650;31,716;26,620;Bajo;3095;0
4718611038;2023;7,487;66,262;15,750;32,090;26,163;Bajo;3095;0
4718611039;2021;11,336;58,872;17,544;32,716;26,743;Bajo;3096;0
4718611039;2022;11,340;58,872;14,479;33,325;26,007;Bajo;3096;0
4718611039;2023;11,339;58,872;10,587;34,212;25,105;Bajo;3096;0
4718611040;2021;4,452;71,450;30,939;37,220;32,278;Bajo;3097;0
4718611040;2022;4,456;71,450;29,164;38,465;32,120;Bajo;3097;0
4718611040;2023;4,468;70,860;28,676;40,796;32,588;Bajo;3097;0
4718611041;2021;12,751;61,505;11,094;27,188;23,898;Bajo;3098;0
4718611041;2022;12,740;61,505;7,205;27,008;22,674;Bajo;3098;0
4718611041;2023;12,736;61,505;3,932;26,926;21,667;Bajo;3098;0
4718611042;2021;6,515;66,114;26,379;38,622;31,046;Bajo;3099;0
4718611042;2022;6,501;66,114;24,100;39,047;30,486;Bajo;3099;0
4718611042;2023;6,496;66,114;21,503;38,378;29,505;Bajo;3099;0
4718611043;2021;9,545;61,265;17,112;27,107;24,842;Bajo;3100;0
4718611043;2022;9,545;61,265;15,491;27,262;24,402;Bajo;3100;0
4718611043;2023;9,542;61,265;13,736;27,115;23,831;Bajo;3100;0
4718612001;2021;41,515;50,585;37,073;33,164;39,037;Medio-bajo;3519;0
4718612001;2022;41,525;50,585;34,887;33,315;38,430;Medio-bajo;3519;0
4718612001;2023;41,526;50,159;32,750;34,718;38,146;Bajo;3519;0
4718612002;2021;19,171;36,094;19,051;31,884;25,487;Bajo;3101;0
4718612002;2022;19,171;35,815;15,790;33,263;24,881;Bajo;3101;0
4718612002;2023;19,160;36,094;11,117;32,233;23,209;Bajo;3101;0
4718612003;2021;31,381;47,645;41,884;35,263;38,136;Bajo;3102;0
4718612003;2022;31,377;47,645;38,966;35,076;37,204;Bajo;3102;0
4718612003;2023;31,376;47,645;35,310;35,476;36,227;Bajo;3102;0
4718612004;2021;16,006;53,172;10,504;29,885;24,094;Bajo;3103;0
4718612004;2022;16,005;53,172;5,391;29,667;22,495;Bajo;3103;0
4718612004;2023;16,005;53,172;2,525;29,961;21,723;Bajo;3103;0
4718701001;2021;70,467;10,246;38,337;51,366;46,065;Medio-alto;3104;1
4718701001;2022;70,453;9,955;38,337;53,919;46,783;Medio-alto;3104;1
4718701001;2023;70,478;10,246;38,337;54,147;46,902;Medio-alto;3104;1
4718801001;2021;57,106;19,877;38,337;55,646;45,453;Medio-alto;3105;1
4718801001;2022;57,122;19,598;38,337;56,202;45,582;Medio-alto;3105;1
4718801001;2023;57,126;19,320;38,337;57,852;46,036;Medio-alto;3105;1
4718901001;2021;52,489;24,921;39,221;35,723;39,343;Medio-bajo;3106;0
4718901001;2022;52,496;25,268;38,746;35,070;39,059;Medio-bajo;3106;0
4718901001;2023;52,498;24,921;37,182;35,481;38,662;Medio-bajo;3106;0
4719001001;2021;46,446;12,104;38,027;37,906;36,207;Bajo;3107;0
4719001001;2022;46,452;12,104;34,824;37,827;35,224;Bajo;3107;0
4719001001;2023;46,463;12,104;35,478;38,029;35,484;Bajo;3107;0
4719101001;2021;45,206;11,303;29,471;54,050;38,053;Bajo;3108;0
4719101001;2022;45,212;11,303;32,652;54,154;39,040;Medio-bajo;3108;0
4719101001;2023;45,172;11,037;32,694;57,664;40,056;Medio-bajo;3108;0
4719201001;2021;43,320;11,675;38,337;53,726;40,200;Medio-bajo;3109;0
4719201001;2022;43,299;11,675;37,986;50,388;39,088;Medio-bajo;3109;0
4719201001;2023;43,215;11,675;37,435;50,890;39,052;Medio-bajo;3109;0
4719301001;2021;34,773;54,701;31,248;35,220;36,839;Bajo;3110;0
4719301001;2022;34,772;54,701;28,608;35,318;36,076;Bajo;3110;0
4719301001;2023;34,770;54,701;26,008;35,386;35,316;Bajo;3110;0
4719401001;2021;57,272;28,661;44,972;40,698;44,318;Medio-alto;3111;1
4719401001;2022;57,271;28,381;40,990;41,862;43,431;Medio-bajo;3111;1
4719401001;2023;57,270;28,381;39,820;42,514;43,275;Medio-bajo;3111;1
4719501001;2021;43,294;34,567;36,715;44,028;40,231;Medio-bajo;3112;0
4719501001;2022;43,291;34,269;34,512;45,210;39,880;Medio-bajo;3112;0
4719501001;2023;43,289;34,269;32,523;45,097;39,249;Medio-bajo;3112;0
4719601001;2021;59,790;7,344;38,337;51,738;43,072;Medio-bajo;3113;1
4719601001;2022;59,697;7,344;38,337;53,958;43,715;Medio-alto;3113;1
4719601001;2023;59,656;7,572;38,337;57,691;44,858;Medio-alto;3113;1
4719701001;2021;58,342;25,521;41,042;37,965;42,116;Medio-bajo;3114;0
4719701001;2022;58,342;25,521;39,899;38,061;41,802;Medio-bajo;3114;0
4719701001;2023;58,342;25,521;34,992;38,381;40,426;Medio-bajo;3114;0
4719801001;2021;66,534;8,208;38,337;49,949;44,350;Medio-alto;3115;1
4719801001;2022;66,592;8,430;38,337;49,291;44,201;Medio-alto;3115;1
4719801001;2023;66,602;8,430;38,337;47,513;43,670;Medio-bajo;3115;1
4719901001;2021;64,364;18,181;38,337;55,141;46,862;Medio-alto;3116;1
4719901001;2022;64,340;18,181;38,337;52,361;46,022;Medio-alto;3116;1
4719901001;2023;64,370;18,811;38,337;47,026;44,523;Medio-alto;3116;1
4720001001;2021;66,596;21,084;38,337;52,501;47,063;Medio-alto;3117;1
4720001001;2022;66,596;21,084;38,337;50,622;46,499;Medio-alto;3117;1
4720001001;2023;66,601;21,084;38,337;49,999;46,314;Medio-alto;3117;1
4720301001;2021;56,872;14,650;38,337;57,845;45,270;Medio-alto;3118;1
4720301001;2022;56,872;14,650;38,337;58,012;45,320;Medio-alto;3118;1
4720301001;2023;56,872;14,899;38,337;56,911;45,027;Medio-alto;3118;1
4720401001;2021;62,301;33,992;53,756;53,107;52,733;Alto;3119;1
4720401001;2022;62,305;33,639;48,583;54,362;51,505;Alto;3119;1
4720401001;2023;62,312;33,992;46,740;53,002;50,599;Alto;3119;1
4720501001;2021;59,875;30,666;44,137;36,953;43,896;Medio-alto;3120;1
4720501001;2022;59,874;30,666;40,941;36,765;42,880;Medio-bajo;3120;1
4720501001;2023;59,876;30,666;40,634;35,648;42,454;Medio-bajo;3120;1
4720601001;2021;64,556;28,436;38,337;57,307;49,098;Alto;3121;1
4720601001;2022;64,559;28,768;38,337;57,025;49,064;Alto;3121;1
4720601001;2023;64,552;28,768;38,337;57,580;49,229;Alto;3121;1
4720701001;2021;64,248;20,389;38,835;43,072;43,693;Medio-bajo;3122;1
4720701001;2022;64,248;20,389;39,402;44,175;44,193;Medio-alto;3122;1
4720701001;2023;64,249;20,628;35,611;42,672;42,641;Medio-bajo;3122;1
4720801001;2021;68,511;15,898;38,337;53,882;47,178;Medio-alto;3123;1
4720801001;2022;68,551;15,620;38,337;54,539;47,344;Medio-alto;3123;1
4720801001;2023;68,597;15,343;38,337;56,385;47,867;Alto;3123;1
4720901001;2021;69,709;20,009;38,337;49,737;46,851;Medio-alto;3124;1
4720901001;2022;69,640;19,224;38,337;56,047;48,609;Alto;3124;1
4720901001;2023;69,821;19,747;38,337;51,434;47,349;Medio-alto;3124;1
4721001001;2021;62,391;30,121;35,650;41,353;43,217;Medio-bajo;3125;1
4721001001;2022;62,389;30,121;35,476;43,180;43,712;Medio-alto;3125;1
4721001001;2023;62,390;30,121;32,397;42,960;42,723;Medio-bajo;3125;1
4721101001;2021;69,535;7,245;38,337;40,819;42,217;Medio-bajo;3126;0
4721101001;2022;69,367;6,758;38,337;41,791;42,394;Medio-bajo;3126;1
4721101001;2023;69,350;6,758;38,337;41,622;42,339;Medio-bajo;3126;1
4721201001;2021;48,585;29,487;35,949;42,095;39,983;Medio-bajo;3127;0
4721201001;2022;48,581;29,487;29,457;42,371;38,117;Bajo;3127;0
4721201001;2023;48,579;29,487;29,223;42,069;37,955;Bajo;3127;0
4721301001;2021;60,364;7,032;36,887;51,130;42,551;Medio-bajo;3128;1
4721301001;2022;60,367;7,277;31,438;48,979;40,309;Medio-bajo;3128;0
4721301001;2023;60,361;7,032;30,502;51,350;40,701;Medio-bajo;3128;0
4721401001;2021;54,335;37,834;41,196;42,412;44,341;Medio-alto;3129;1
4721401001;2022;54,335;37,834;38,594;42,278;43,521;Medio-bajo;3129;1
4721401001;2023;54,335;37,834;36,684;42,642;43,057;Medio-bajo;3129;1
4721501001;2021;65,008;19,589;38,337;60,187;48,748;Alto;3130;1
4721501001;2022;64,878;18,824;38,337;55,797;47,284;Medio-alto;3130;1
4721501001;2023;64,951;18,569;38,337;60,403;48,645;Alto;3130;1
4721601001;2021;43,508;23,272;32,731;39,176;35,940;Bajo;3131;0
4721601001;2022;43,475;23,019;32,980;41,027;36,524;Bajo;3131;0
4721601001;2023;43,495;22,511;29,914;42,544;35,988;Bajo;3131;0
4721701001;2021;33,176;40,357;38,233;38,282;37,302;Bajo;3132;0
4721701001;2022;33,176;40,357;34,629;38,547;36,300;Bajo;3132;0
4721701001;2023;33,176;40,357;33,035;38,660;35,856;Bajo;3132;0
4721701002;2021;27,430;62,780;30,715;30,141;34,531;Bajo;3133;0
4721701002;2022;27,425;62,780;30,001;30,329;34,372;Bajo;3133;0
4721701002;2023;27,423;62,780;27,103;30,337;33,505;Bajo;3133;0
4721801001;2021;38,881;40,546;41,181;39,385;39,972;Medio-bajo;3134;0
4721801001;2022;38,880;40,546;39,461;39,444;39,474;Medio-bajo;3134;0
4721801001;2023;38,880;40,546;38,082;39,467;39,067;Medio-bajo;3134;0
4721901001;2021;65,000;4,473;38,337;35,015;38,927;Medio-bajo;3135;0
4721901001;2022;65,000;4,249;38,337;35,597;39,067;Medio-bajo;3135;0
4721901001;2023;65,000;4,698;38,337;30,427;37,584;Bajo;3135;0
4722001001;2021;63,168;25,686;39,393;45,658;45,160;Medio-alto;3136;1
4722001001;2022;63,177;25,395;38,105;45,993;44,833;Medio-alto;3136;1
4722001001;2023;63,182;25,104;29,045;48,205;42,736;Medio-bajo;3136;1
4722101001;2021;50,940;23,470;31,782;47,511;40,043;Medio-bajo;3137;0
4722101001;2022;50,973;23,470;27,372;49,095;39,204;Medio-bajo;3137;0
4722101001;2023;50,956;23,809;27,592;47,376;38,801;Medio-bajo;3137;0
4722201001;2021;58,405;15,430;38,337;37,177;39,570;Medio-bajo;3138;0
4722201001;2022;58,388;15,430;25,956;39,549;36,563;Bajo;3138;0
4722201001;2023;58,372;15,676;22,087;39,367;35,380;Bajo;3138;0
4722301001;2021;65,059;24,097;46,425;47,533;48,066;Alto;3139;1
4722301001;2022;65,066;24,097;44,489;48,156;47,674;Medio-alto;3139;1
4722301001;2023;65,072;24,097;40,627;47,373;46,283;Medio-alto;3139;1
4722401001;2021;39,714;20,257;38,337;46,574;38,441;Medio-bajo;3140;0
4722401001;2022;39,817;20,658;33,887;44,978;36,712;Bajo;3140;0
4722401001;2023;39,757;20,658;35,304;45,385;37,245;Bajo;3140;0
4722501001;2021;52,661;21,423;38,337;62,152;46,526;Medio-alto;3141;1
4722501001;2022;52,647;21,423;38,337;64,173;47,128;Medio-alto;3141;1
4722501001;2023;52,675;21,423;38,337;63,794;47,022;Medio-alto;3141;1
4722601001;2021;51,982;27,653;44,241;45,086;43,941;Medio-alto;3142;1
4722601001;2022;51,978;27,273;41,317;46,024;43,288;Medio-bajo;3142;1
4722601001;2023;52,020;27,653;35,881;44,333;41,217;Medio-bajo;3142;0
4722701001;2021;65,527;9,337;38,337;48,273;43,765;Medio-alto;3143;1
4722701001;2022;65,535;9,337;38,337;49,665;44,185;Medio-alto;3143;1
4722701001;2023;65,498;9,619;38,337;47,910;43,692;Medio-bajo;3143;1
4722801001;2021;49,992;26,735;44,551;38,528;41,432;Medio-bajo;3144;0
4722801001;2022;49,991;27,040;42,167;37,123;40,341;Medio-bajo;3144;0
4722801001;2023;49,987;26,735;41,358;37,753;40,240;Medio-bajo;3144;0
4722901001;2021;69,803;1,072;40,795;66,627;49,838;Alto;3145;1
4722901001;2022;69,804;1,072;40,557;69,924;50,756;Alto;3145;1
4722901001;2023;69,803;1,072;36,671;65,403;48,234;Alto;3145;1
4723001001;2021;42,982;27,265;38,967;43,143;39,468;Medio-bajo;3146;0
4723001001;2022;42,980;27,265;36,670;43,681;38,940;Medio-bajo;3146;0
4723001001;2023;42,987;26,916;35,066;45,908;39,076;Medio-bajo;3146;0
4723101001;2021;23,852;48,393;30,280;31,674;31,808;Bajo;3147;0
4723101001;2022;23,852;48,393;28,171;31,814;31,217;Bajo;3147;0
4723101001;2023;23,849;48,393;27,231;31,755;30,917;Bajo;3147;0
4723101002;2021;19,048;59,285;26,411;30,173;30,630;Bajo;3148;0
4723101002;2022;19,048;59,285;24,604;30,304;30,127;Bajo;3148;0
4723101002;2023;19,048;59,285;22,811;29,825;29,446;Bajo;3148;0
4723101003;2021;18,968;53,150;32,757;34,458;32,879;Bajo;3149;0
4723101003;2022;18,962;53,150;31,480;34,742;32,580;Bajo;3149;0
4723101003;2023;18,962;52,598;30,144;36,058;32,491;Bajo;3149;0
4723101004;2021;11,823;49,496;26,717;28,549;26,960;Bajo;3150;0
4723101004;2022;11,825;49,496;24,804;28,577;26,395;Bajo;3150;0
4723101004;2023;11,827;49,496;22,594;28,748;25,784;Bajo;3150;0
4723201001;2021;50,341;23,402;40,008;45,609;41,781;Medio-bajo;3151;0
4723201001;2022;50,352;23,402;39,940;46,156;41,927;Medio-bajo;3151;0
4723201001;2023;50,345;23,402;39,478;45,508;41,592;Medio-bajo;3151;0
4900201001;2021;60,026;17,631;38,337;55,756;45,879;Medio-alto;3152;1
4900201001;2022;59,986;17,631;38,337;52,848;44,997;Medio-alto;3152;1
4900201001;2023;59,980;17,429;38,337;54,149;45,355;Medio-alto;3152;1
4900301001;2021;62,060;39,201;44,266;44,562;48,044;Alto;3153;1
4900301001;2022;62,060;39,201;42,443;44,808;47,571;Medio-alto;3153;1
4900301001;2023;62,060;39,201;38,622;44,267;46,262;Medio-alto;3153;1
4900401001;2021;63,191;22,362;45,151;55,943;49,480;Alto;3154;1
4900401001;2022;63,194;22,155;45,591;57,689;50,106;Alto;3154;1
4900401001;2023;63,212;22,155;45,378;59,137;50,481;Alto;3154;1
4900501001;2021;62,294;25,365;40,854;54,658;48,032;Alto;3155;1
4900501001;2022;62,304;25,365;43,896;54,131;48,789;Alto;3155;1
4900501001;2023;62,309;25,091;41,085;54,905;48,138;Alto;3155;1
4900601001;2021;48,316;27,306;44,127;55,575;46,085;Medio-alto;3156;1
4900601001;2022;48,308;26,999;41,477;54,457;44,907;Medio-alto;3156;1
4900601001;2023;48,299;26,691;40,337;55,550;44,844;Medio-alto;3156;1
4900701001;2021;49,697;40,323;45,958;53,197;48,219;Alto;3157;1
4900701001;2022;49,699;40,323;45,359;53,446;48,115;Alto;3157;1
4900701001;2023;49,701;40,323;43,638;53,923;47,742;Medio-alto;3157;1
4900801001;2021;63,874;27,974;48,123;56,160;51,449;Alto;3158;1
4900801001;2022;63,875;27,718;45,432;57,250;50,931;Alto;3158;1
4900801001;2023;63,875;27,718;42,880;58,060;50,409;Alto;3158;1
4900901001;2021;49,345;30,120;50,010;47,469;46,098;Medio-alto;3159;1
4900901001;2022;49,346;30,120;47,103;47,841;45,338;Medio-alto;3159;1
4900901001;2023;49,350;30,120;44,179;48,028;44,518;Medio-alto;3159;1
4901001001;2021;38,072;33,730;35,502;38,286;36,714;Bajo;3160;0
4901001001;2022;38,066;33,730;33,809;38,542;36,281;Bajo;3160;0
4901001001;2023;38,067;33,730;30,784;38,836;35,462;Bajo;3160;0
4901101001;2021;55,656;30,054;42,497;50,326;46,269;Medio-alto;3161;1
4901101001;2022;55,654;30,054;44,313;49,956;46,702;Medio-alto;3161;1
4901101001;2023;55,658;30,054;41,166;49,668;45,673;Medio-alto;3161;1
4901201001;2021;67,725;24,846;38,337;52,129;47,798;Medio-alto;3162;1
4901201001;2022;67,719;24,846;38,337;51,884;47,723;Medio-alto;3162;1
4901201001;2023;67,716;25,578;38,337;46,982;46,362;Medio-alto;3162;1
4901301001;2021;55,017;26,560;49,733;58,514;50,212;Alto;3163;1
4901301001;2022;55,020;26,560;48,593;58,777;49,950;Alto;3163;1
4901301001;2023;55,026;26,823;44,553;56,335;48,046;Alto;3163;1
4901401001;2021;59,517;20,063;39,456;53,472;45,767;Medio-alto;3164;1
4901401001;2022;59,523;20,063;41,645;53,357;46,391;Medio-alto;3164;1
4901401001;2023;59,525;20,063;39,329;52,259;45,367;Medio-alto;3164;1
4901501001;2021;63,897;27,457;55,634;62,299;55,473;Alto;3165;1
4901501001;2022;63,898;27,183;52,658;63,680;54,953;Alto;3165;1
4901501001;2023;63,900;27,183;51,087;66,427;55,307;Alto;3165;1
4901601001;2021;59,970;23,952;52,079;50,925;49,486;Alto;3166;1
4901601001;2022;59,971;23,952;49,983;50,465;48,720;Alto;3166;1
4901601001;2023;59,973;23,952;47,309;50,102;47,809;Medio-alto;3166;1
4901701001;2021;72,515;32,008;50,275;58,579;55,586;Alto;3167;1
4901701001;2022;72,514;31,637;44,657;61,155;54,618;Alto;3167;1
4901701001;2023;72,515;31,637;40,634;62,563;53,834;Alto;3167;1
4901801001;2021;64,469;25,804;45,944;64,335;53,071;Alto;3168;1
4901801001;2022;64,475;26,070;44,989;62,134;52,166;Alto;3168;1
4901801001;2023;64,473;26,070;42,500;61,977;51,372;Alto;3168;1
4901901001;2021;56,553;18,442;52,639;52,857;48,553;Alto;3169;1
4901901001;2022;56,556;18,442;49,862;52,071;47,485;Medio-alto;3169;1
4901901001;2023;56,552;18,442;49,356;51,779;47,245;Medio-alto;3169;1
4902001001;2021;62,052;26,187;45,812;55,450;49,819;Alto;3170;1
4902001001;2022;62,055;26,187;47,616;54,998;50,226;Alto;3170;1
4902001001;2023;62,055;26,187;45,377;54,393;49,373;Alto;3170;1
4902101001;2021;50,010;46,064;57,163;40,471;48,702;Alto;3171;1
4902101001;2022;50,009;46,064;50,972;40,979;46,997;Medio-alto;3171;1
4902101001;2023;50,010;46,064;51,391;40,809;47,072;Medio-alto;3171;1
4902101002;2021;48,516;54,496;40,783;44,206;45,800;Medio-alto;3172;1
4902101002;2022;48,519;54,496;37,774;44,006;44,838;Medio-alto;3172;1
4902101002;2023;48,519;54,496;37,445;43,683;44,642;Medio-alto;3172;1
4902101003;2021;48,400;55,858;55,619;42,182;49,819;Alto;3173;1
4902101003;2022;48,399;55,858;53,744;42,229;49,270;Alto;3173;1
4902101003;2023;48,402;55,858;54,906;42,027;49,559;Alto;3173;1
4902101004;2021;48,804;55,323;40,782;37,178;43,887;Medio-alto;3174;1
4902101004;2022;48,805;55,323;37,947;37,099;43,014;Medio-bajo;3174;1
4902101004;2023;48,805;55,323;38,219;37,644;43,259;Medio-bajo;3174;1
4902101005;2021;49,467;60,639;46,744;37,134;46,626;Medio-alto;3175;1
4902101005;2022;49,467;60,639;42,908;37,985;45,730;Medio-alto;3175;1
4902101005;2023;49,469;60,055;42,403;39,489;45,943;Medio-alto;3175;1
4902101006;2021;48,578;64,930;44,537;36,501;46,196;Medio-alto;3176;1
4902101006;2022;48,579;64,930;42,041;36,613;45,480;Medio-alto;3176;1
4902101006;2023;48,579;64,326;40,421;37,928;45,298;Medio-alto;3176;1
4902101007;2021;48,628;47,117;47,724;47,807;47,884;Alto;3177;1
4902101007;2022;48,629;46,626;45,030;48,626;47,248;Medio-alto;3177;1
4902101007;2023;48,630;46,626;44,092;49,965;47,368;Medio-alto;3177;1
4902102001;2021;48,401;52,022;36,583;42,397;43,598;Medio-bajo;3178;1
4902102001;2022;48,404;51,489;33,376;42,925;42,714;Medio-bajo;3178;1
4902102001;2023;48,405;51,489;31,830;43,095;42,302;Medio-bajo;3178;1
4902102002;2021;48,936;65,183;50,697;35,913;47,994;Alto;3179;1
4902102002;2022;48,936;65,183;47,238;35,795;46,921;Medio-alto;3179;1
4902102002;2023;48,936;65,183;47,032;36,232;46,991;Medio-alto;3179;1
4902102003;2021;48,290;59,882;41,650;37,152;44,695;Medio-alto;3180;1
4902102003;2022;48,290;59,882;38,770;37,443;43,919;Medio-alto;3180;1
4902102003;2023;48,290;59,882;37,491;37,329;43,501;Medio-bajo;3180;1
4902102004;2021;49,231;57,989;59,094;37,630;50,023;Alto;3181;1
4902102004;2022;49,234;57,336;53,862;38,085;48,493;Alto;3181;1
4902102004;2023;49,234;57,336;49,186;37,261;46,843;Medio-alto;3181;1
4902102005;2021;50,574;58,154;35,587;32,805;41,884;Medio-bajo;3182;0
4902102005;2022;50,574;58,154;33,390;32,918;41,259;Medio-bajo;3182;0
4902102005;2023;50,575;58,154;31,552;32,975;40,725;Medio-bajo;3182;0
4902102006;2021;51,691;63,328;45,795;33,950;46,346;Medio-alto;3183;1
4902102006;2022;51,691;63,328;41,946;33,915;45,180;Medio-alto;3183;1
4902102006;2023;51,690;63,328;42,876;34,314;45,579;Medio-alto;3183;1
4902103001;2021;48,339;56,470;42,227;39,078;44,947;Medio-alto;3184;1
4902103001;2022;48,341;56,470;38,291;38,601;43,623;Medio-bajo;3184;1
4902103001;2023;48,340;56,470;36,269;38,389;42,953;Medio-bajo;3184;1
4902103002;2021;48,621;46,589;39,577;46,062;44,836;Medio-alto;3185;1
4902103002;2022;48,623;46,070;38,286;46,699;44,562;Medio-alto;3185;1
4902103002;2023;48,625;46,070;37,445;46,738;44,322;Medio-alto;3185;1
4902201001;2021;54,476;25,379;44,373;45,286;44,323;Medio-alto;3186;1
4902201001;2022;54,479;25,128;44,265;46,488;44,615;Medio-alto;3186;1
4902201001;2023;54,484;24,878;45,299;48,137;45,383;Medio-alto;3186;1
4902301001;2021;50,337;31,333;41,455;50,136;44,762;Medio-alto;3187;1
4902301001;2022;50,337;31,333;39,279;50,057;44,085;Medio-alto;3187;1
4902301001;2023;50,337;31,595;37,361;47,973;42,924;Medio-bajo;3187;1
4902401001;2021;65,501;33,067;46,527;48,557;49,861;Alto;3188;1
4902401001;2022;65,501;32,757;44,721;50,017;49,710;Alto;3188;1
4902401001;2023;65,502;33,067;42,449;48,002;48,471;Alto;3188;1
4902501001;2021;61,405;22,803;44,274;68,056;52,471;Alto;3189;1
4902501001;2022;61,408;22,803;42,542;69,556;52,402;Alto;3189;1
4902501001;2023;61,387;22,803;41,431;62,387;49,913;Alto;3189;1
4902601001;2021;63,056;33,240;57,868;55,634;54,801;Alto;3190;1
4902601001;2022;63,060;32,932;54,327;55,432;53,633;Alto;3190;1
4902601001;2023;63,055;32,932;51,415;57,277;53,311;Alto;3190;1
4902701001;2021;62,125;25,201;56,192;66,673;56,171;Alto;3191;1
4902701001;2022;62,133;25,201;54,622;67,366;55,910;Alto;3191;1
4902701001;2023;62,140;24,931;55,937;67,994;56,454;Alto;3191;1
4902801001;2021;63,298;20,761;51,468;59,339;52,181;Alto;3192;1
4902801001;2022;63,278;20,519;50,052;68,251;54,388;Alto;3192;1
4902801001;2023;63,287;20,761;38,337;66,918;50,512;Alto;3192;1
4902901001;2021;62,493;30,378;50,861;46,309;49,331;Alto;3193;1
4902901001;2022;62,494;30,133;49,900;48,010;49,516;Alto;3193;1
4902901001;2023;62,495;30,133;46,428;47,469;48,313;Alto;3193;1
4903001001;2021;64,370;20,160;38,337;53,572;46,689;Medio-alto;3194;1
4903001001;2022;64,346;20,160;38,337;50,880;45,876;Medio-alto;3194;1
4903001001;2023;64,351;20,160;38,337;51,834;46,163;Medio-alto;3194;1
4903101001;2021;57,140;23,046;45,909;55,047;48,028;Alto;3195;1
4903101001;2022;57,152;23,046;41,312;55,716;46,853;Medio-alto;3195;1
4903101001;2023;57,163;23,366;42,181;53,088;46,376;Medio-alto;3195;1
4903201001;2021;65,981;28,968;57,901;64,076;57,433;Alto;3196;1
4903201001;2022;65,978;28,968;52,458;63,565;55,647;Alto;3196;1
4903201001;2023;65,981;28,968;50,169;61,541;54,353;Alto;3196;1
4903301001;2021;55,425;35,628;46,708;46,459;47,151;Medio-alto;3197;1
4903301001;2022;55,428;35,628;44,820;47,190;46,804;Medio-alto;3197;1
4903301001;2023;55,428;35,628;42,184;47,898;46,226;Medio-alto;3197;1
4903401001;2021;63,984;35,066;50,337;51,936;51,938;Alto;3198;1
4903401001;2022;63,986;35,066;45,910;51,406;50,451;Alto;3198;1
4903401001;2023;63,985;35,066;45,127;51,882;50,359;Alto;3198;1
4903501001;2021;60,526;23,032;37,999;51,817;45,531;Medio-alto;3199;1
4903501001;2022;60,527;23,032;35,158;52,276;44,817;Medio-alto;3199;1
4903501001;2023;60,535;22,768;33,256;55,708;45,238;Medio-alto;3199;1
4903601001;2021;55,942;35,749;50,290;61,198;52,794;Alto;3200;1
4903601001;2022;55,943;35,749;48,432;58,713;51,492;Alto;3200;1
4903601001;2023;55,943;35,749;47,528;59,210;51,370;Alto;3200;1
4903701001;2021;69,413;25,145;46,045;52,021;50,545;Alto;3201;1
4903701001;2022;69,413;25,400;41,852;48,905;48,390;Alto;3201;1
4903701001;2023;69,409;25,400;39,812;48,783;47,741;Medio-alto;3201;1
4903801001;2021;48,792;31,868;38,337;57,930;45,858;Medio-alto;3202;1
4903801001;2022;48,824;31,868;38,337;58,908;46,160;Medio-alto;3202;1
4903801001;2023;48,819;32,285;38,337;56,749;45,574;Medio-alto;3202;1
4903901001;2021;43,884;27,345;41,671;42,295;40,263;Medio-bajo;3203;0
4903901001;2022;43,883;27,345;37,348;41,920;38,853;Medio-bajo;3203;0
4903901001;2023;43,880;27,633;33,821;40,994;37,559;Bajo;3203;0
4904001001;2021;66,430;23,804;38,637;49,713;46,683;Medio-alto;3204;1
4904001001;2022;66,420;24,136;36,690;46,446;45,166;Medio-alto;3204;1
4904001001;2023;66,413;24,468;34,311;44,322;43,863;Medio-alto;3204;1
4904101001;2021;57,114;27,308;45,415;47,172;46,151;Medio-alto;3205;1
4904101001;2022;57,116;27,308;43,571;46,584;45,422;Medio-alto;3205;1
4904101001;2023;57,115;27,308;40,166;46,320;44,321;Medio-alto;3205;1
4904201001;2021;60,130;22,393;44,853;54,013;48,051;Alto;3206;1
4904201001;2022;60,133;22,145;45,066;54,025;48,082;Alto;3206;1
4904201001;2023;60,139;22,393;41,737;51,889;46,481;Medio-alto;3206;1
4904301001;2021;67,942;30,498;45,115;55,532;51,754;Alto;3207;1
4904301001;2022;67,938;30,498;41,803;55,293;50,688;Alto;3207;1
4904301001;2023;67,947;30,171;39,207;57,381;50,489;Alto;3207;1
4904401001;2021;45,964;21,663;38,337;67,391;46,459;Medio-alto;3208;1
4904401001;2022;46,006;21,428;38,337;67,384;46,432;Medio-alto;3208;1
4904401001;2023;45,985;21,663;38,337;67,865;46,606;Medio-alto;3208;1
4904601001;2021;60,898;24,679;43,340;51,969;47,519;Medio-alto;3209;1
4904601001;2022;60,902;24,932;42,458;52,745;47,526;Medio-alto;3209;1
4904601001;2023;60,899;24,679;39,102;54,558;47,025;Medio-alto;3209;1
4904701001;2021;57,990;20,816;45,932;51,398;46,819;Medio-alto;3210;1
4904701001;2022;57,997;21,079;45,472;48,215;45,767;Medio-alto;3210;1
4904701001;2023;57,999;21,079;40,112;48,223;44,162;Medio-alto;3210;1
4904801001;2021;72,545;27,823;41,527;64,239;54,039;Alto;3211;1
4904801001;2022;72,549;27,823;36,787;65,762;53,075;Alto;3211;1
4904801001;2023;72,545;27,482;35,981;64,074;52,275;Alto;3211;1
4905001001;2021;73,095;39,179;48,952;53,470;54,877;Alto;3212;1
4905001001;2022;73,096;39,179;45,482;52,411;53,519;Alto;3212;1
4905001001;2023;73,097;39,179;42,859;52,851;52,864;Alto;3212;1
4905201001;2021;66,125;28,998;46,543;52,952;50,729;Alto;3213;1
4905201001;2022;66,127;28,998;42,410;52,579;49,378;Alto;3213;1
4905201001;2023;66,143;28,998;40,824;52,103;48,763;Alto;3213;1
4905301001;2021;43,090;37,580;46,316;41,926;42,882;Medio-bajo;3214;1
4905301001;2022;43,090;37,580;43,458;42,341;42,149;Medio-bajo;3214;0
4905301001;2023;43,091;37,249;42,718;43,419;42,201;Medio-bajo;3214;0
4905401001;2021;51,639;27,487;44,885;46,090;44,325;Medio-alto;3215;1
4905401001;2022;51,638;27,206;43,355;47,452;44,232;Medio-alto;3215;1
4905401001;2023;51,639;27,487;41,091;45,877;43,123;Medio-bajo;3215;1
4905501001;2021;60,199;31,531;38,337;47,413;45,505;Medio-alto;3216;1
4905501001;2022;60,196;30,369;38,337;50,561;46,274;Medio-alto;3216;1
4905501001;2023;60,245;31,143;38,337;51,220;46,600;Medio-alto;3216;1
4905601001;2021;42,427;25,202;47,135;48,457;43,065;Medio-bajo;3217;1
4905601001;2022;42,431;25,202;45,285;47,819;42,319;Medio-bajo;3217;1
4905601001;2023;42,428;25,202;42,927;48,329;41,764;Medio-bajo;3217;0
4905701001;2021;66,879;35,608;47,907;53,181;52,388;Alto;3218;1
4905701001;2022;66,876;35,335;47,624;55,786;53,042;Alto;3218;1
4905701001;2023;66,885;35,335;45,266;57,472;52,843;Alto;3218;1
4905801001;2021;57,364;37,765;50,926;48,503;49,834;Alto;3219;1
4905801001;2022;57,362;37,765;47,399;49,037;48,936;Alto;3219;1
4905801001;2023;57,365;37,344;46,142;50,379;48,899;Alto;3219;1
4905901001;2021;54,155;33,343;38,337;57,526;47,299;Medio-alto;3220;1
4905901001;2022;54,179;33,343;38,337;59,162;47,796;Medio-alto;3220;1
4905901001;2023;54,179;33,683;38,337;59,123;47,835;Medio-alto;3220;1
4906101001;2021;41,554;35,528;51,390;49,431;45,964;Medio-alto;3221;1
4906101001;2022;41,580;35,166;48,658;51,211;45,631;Medio-alto;3221;1
4906101001;2023;41,583;35,166;47,822;51,035;45,328;Medio-alto;3221;1
4906201001;2021;72,292;22,972;60,204;60,268;57,660;Alto;3222;1
4906201001;2022;72,288;22,593;56,345;62,471;57,106;Alto;3222;1
4906201001;2023;72,291;22,593;57,082;64,115;57,821;Alto;3222;1
4906301001;2021;60,423;31,153;53,499;53,982;52,023;Alto;3223;1
4906301001;2022;60,422;31,450;48,051;53,034;50,148;Alto;3223;1
4906301001;2023;60,422;31,450;47,730;52,867;50,002;Alto;3223;1
4906401001;2021;72,126;31,378;43,758;56,925;52,943;Alto;3224;1
4906401001;2022;72,126;31,378;42,609;57,313;52,715;Alto;3224;1
4906401001;2023;72,126;31,378;40,061;57,791;52,094;Alto;3224;1
4906501001;2021;79,224;55,362;53,510;51,513;59,617;Alto;3225;1
4906501001;2022;79,224;55,362;49,313;51,384;58,319;Alto;3225;1
4906501001;2023;79,223;55,362;48,066;49,895;57,498;Alto;3225;1
4906601001;2021;63,895;33,024;51,306;52,937;52,200;Alto;3226;1
4906601001;2022;63,896;32,763;47,569;54,791;51,596;Alto;3226;1
4906601001;2023;63,898;32,763;48,002;54,977;51,783;Alto;3226;1
4906701001;2021;75,846;30,775;48,548;55,919;54,918;Alto;3227;1
4906701001;2022;75,845;30,775;45,927;55,803;54,096;Alto;3227;1
4906701001;2023;75,845;30,775;42,160;55,098;52,755;Alto;3227;1
4906801001;2021;61,968;30,446;54,060;54,475;52,619;Alto;3228;1
4906801001;2022;61,969;30,156;52,030;57,535;52,885;Alto;3228;1
4906801001;2023;61,969;30,156;50,022;58,710;52,635;Alto;3228;1
4906901001;2021;86,202;36,240;52,611;69,890;63,737;Alto;3229;1
4906901001;2022;86,199;36,240;48,049;67,322;61,597;Alto;3229;1
4906901001;2023;86,200;35,880;48,732;70,123;62,589;Alto;3229;1
4907101001;2021;69,290;38,825;47,814;56,577;54,464;Alto;3230;1
4907101001;2022;69,290;38,825;44,548;55,663;53,209;Alto;3230;1
4907101001;2023;69,289;38,825;44,743;55,152;53,114;Alto;3230;1
4907501001;2021;61,858;22,487;51,047;62,119;52,787;Alto;3231;1
4907501001;2022;61,877;22,252;52,148;62,652;53,247;Alto;3231;1
4907501001;2023;61,879;22,252;51,021;63,676;53,217;Alto;3231;1
4907601001;2021;50,519;35,037;39,461;40,195;41,782;Medio-bajo;3232;0
4907601001;2022;50,521;35,037;38,538;40,429;41,576;Medio-bajo;3232;0
4907601001;2023;50,524;34,745;35,427;41,032;40,781;Medio-bajo;3232;0
4907701001;2021;56,943;27,653;45,154;50,863;47,189;Medio-alto;3233;1
4907701001;2022;56,945;27,653;41,433;51,751;46,340;Medio-alto;3233;1
4907701001;2023;56,953;27,400;40,906;53,758;46,748;Medio-alto;3233;1
4907801001;2021;63,356;30,733;51,778;52,855;51,839;Alto;3234;1
4907801001;2022;63,369;30,733;49,422;55,985;52,074;Alto;3234;1
4907801001;2023;63,372;30,429;47,250;57,404;51,804;Alto;3234;1
4907901001;2021;62,101;23,862;45,050;54,878;49,083;Alto;3235;1
4907901001;2022;62,101;23,621;38,337;57,400;47,790;Medio-alto;3235;1
4907901001;2023;62,131;23,621;38,337;57,420;47,803;Medio-alto;3235;1
4908001001;2021;63,562;33,424;47,151;47,944;49,433;Alto;3236;1
4908001001;2022;63,563;33,081;45,439;48,896;49,153;Alto;3236;1
4908001001;2023;63,564;32,738;43,101;50,906;49,004;Alto;3236;1
4908101001;2021;56,394;41,183;44,817;40,189;45,778;Medio-alto;3237;1
4908101001;2022;56,394;40,821;43,223;41,509;45,641;Medio-alto;3237;1
4908101001;2023;56,394;40,821;42,516;41,751;45,502;Medio-alto;3237;1
4908102001;2021;48,719;39,552;48,183;44,461;45,906;Medio-alto;3238;1
4908102001;2022;48,719;39,189;46,250;44,889;45,400;Medio-alto;3238;1
4908102001;2023;48,721;39,189;46,067;44,614;45,263;Medio-alto;3238;1
4908201001;2021;59,634;28,779;43,915;50,142;47,442;Medio-alto;3239;1
4908201001;2022;59,636;28,779;42,863;49,485;46,930;Medio-alto;3239;1
4908201001;2023;59,633;28,779;41,873;50,192;46,845;Medio-alto;3239;1
4908301001;2021;58,211;20,781;38,337;65,581;48,845;Alto;3240;1
4908301001;2022;58,148;20,781;38,337;64,962;48,644;Alto;3240;1
4908301001;2023;58,148;20,577;38,337;65,001;48,625;Alto;3240;1
4908401001;2021;53,797;30,640;46,010;47,532;46,108;Medio-alto;3241;1
4908401001;2022;53,796;30,921;44,958;46,129;45,413;Medio-alto;3241;1
4908401001;2023;53,790;30,921;42,492;46,306;44,725;Medio-alto;3241;1
4908501001;2021;73,801;48,730;49,182;49,075;55,237;Alto;3242;1
4908501001;2022;73,801;48,730;45,611;48,354;53,949;Alto;3242;1
4908501001;2023;73,801;48,235;43,190;49,345;53,446;Alto;3242;1
4908601001;2021;53,992;27,910;42,769;59,614;48,399;Alto;3243;1
4908601001;2022;53,985;28,202;40,845;57,808;47,322;Medio-alto;3243;1
4908601001;2023;53,985;28,494;36,057;48,033;42,998;Medio-bajo;3243;1
4908701001;2021;72,358;36,558;60,018;76,045;64,392;Alto;3244;1
4908701001;2022;72,358;36,558;57,298;72,106;62,394;Alto;3244;1
4908701001;2023;72,358;36,558;55,691;66,774;60,313;Alto;3244;1
4908801001;2021;65,634;27,827;38,337;56,782;49,118;Alto;3245;1
4908801001;2022;65,632;27,827;38,337;55,961;48,872;Alto;3245;1
4908801001;2023;65,629;27,827;38,337;57,219;49,248;Alto;3245;1
4909001001;2021;50,200;30,786;47,822;53,148;47,459;Medio-alto;3246;1
4909001001;2022;50,204;30,786;43,889;53,722;46,452;Medio-alto;3246;1
4909001001;2023;50,209;30,786;43,441;54,769;46,633;Medio-alto;3246;1
4909101001;2021;61,384;24,666;33,857;52,218;44,868;Medio-alto;3247;1
4909101001;2022;61,386;24,351;40,975;54,339;47,593;Medio-alto;3247;1
4909101001;2023;61,392;24,666;41,621;51,760;47,062;Medio-alto;3247;1
4909201001;2021;60,984;23,606;55,724;55,144;52,047;Alto;3248;1
4909201001;2022;60,992;23,606;52,308;55,966;51,271;Alto;3248;1
4909201001;2023;60,992;23,386;47,197;59,180;50,669;Alto;3248;1
4909301001;2021;58,340;37,247;40,240;44,740;45,666;Medio-alto;3249;1
4909301001;2022;58,340;36,921;38,034;45,760;45,261;Medio-alto;3249;1
4909301001;2023;58,340;36,921;37,290;45,277;44,893;Medio-alto;3249;1
4909401001;2021;82,012;36,583;51,550;62,340;60,158;Alto;3250;1
4909401001;2022;82,004;36,039;48,765;61,997;59,135;Alto;3250;1
4909401001;2023;82,008;35,495;45,747;66,034;59,361;Alto;3250;1
4909501001;2021;43,318;28,395;43,550;45,253;41,730;Medio-bajo;3251;0
4909501001;2022;43,316;28,138;41,035;45,240;40,932;Medio-bajo;3251;0
4909501001;2023;43,318;28,395;39,846;43,914;40,217;Medio-bajo;3251;0
4909601001;2021;51,800;26,051;41,839;57,739;46,731;Medio-alto;3252;1
4909601001;2022;51,806;26,051;41,507;58,659;46,909;Medio-alto;3252;1
4909601001;2023;51,804;26,051;39,675;56,974;45,853;Medio-alto;3252;1
4909701001;2021;67,620;28,263;38,337;79,811;56,589;Alto;3253;1
4909701001;2022;67,622;28,653;38,337;75,085;55,230;Alto;3253;1
4909701001;2023;67,593;29,043;38,337;72,189;54,413;Alto;3253;1
4909801001;2021;63,273;28,558;50,577;61,848;53,829;Alto;3254;1
4909801001;2022;63,275;28,558;49,612;61,984;53,581;Alto;3254;1
4909801001;2023;63,278;28,261;46,200;63,528;52,977;Alto;3254;1
4909901001;2021;62,689;26,586;38,337;60,105;49,193;Alto;3255;1
4909901001;2022;62,702;27,118;38,337;55,473;47,886;Alto;3255;1
4909901001;2023;62,672;26,586;38,337;60,165;49,207;Alto;3255;1
4910001001;2021;75,144;41,765;43,872;55,486;54,858;Alto;3256;1
4910001001;2022;75,145;41,765;42,041;55,987;54,459;Alto;3256;1
4910001001;2023;75,146;41,765;39,668;56,279;53,835;Alto;3256;1
4910101001;2021;60,501;24,801;49,667;50,581;48,920;Alto;3257;1
4910101001;2022;60,495;24,569;46,456;51,886;48,312;Alto;3257;1
4910101001;2023;60,501;24,569;39,874;51,705;46,284;Medio-alto;3257;1
4910201001;2021;56,153;33,185;44,286;60,150;50,347;Alto;3258;1
4910201001;2022;56,154;33,185;43,542;60,240;50,151;Alto;3258;1
4910201001;2023;56,157;33,185;43,423;64,604;51,425;Alto;3258;1
4910301001;2021;46,987;28,538;43,986;43,694;42,332;Medio-bajo;3259;1
4910301001;2022;46,984;28,538;42,865;43,925;42,064;Medio-bajo;3259;0
4910301001;2023;46,986;28,538;41,534;44,305;41,779;Medio-bajo;3259;0
4910401001;2021;80,087;36,648;56,999;69,353;63,424;Alto;3260;1
4910401001;2022;80,085;36,648;51,716;72,087;62,659;Alto;3260;1
4910401001;2023;80,083;36,648;50,035;71,277;61,912;Alto;3260;1
4910501001;2021;64,639;28,935;45,764;45,524;47,886;Alto;3261;1
4910501001;2022;64,640;28,669;44,668;46,916;47,936;Alto;3261;1
4910501001;2023;64,639;28,669;41,244;47,351;47,039;Medio-alto;3261;1
4910701001;2021;61,787;16,596;47,163;58,971;49,776;Alto;3262;1
4910701001;2022;61,795;16,596;49,720;59,172;50,606;Alto;3262;1
4910701001;2023;61,806;16,356;56,008;63,694;53,815;Alto;3262;1
4910801001;2021;60,232;30,004;42,713;52,441;48,104;Alto;3263;1
4910801001;2022;60,230;30,004;40,450;52,290;47,380;Medio-alto;3263;1
4910801001;2023;60,231;30,004;40,257;52,588;47,412;Medio-alto;3263;1
4910901001;2021;57,439;29,160;47,591;42,211;45,674;Medio-alto;3264;1
4910901001;2022;57,439;29,160;42,959;41,830;44,170;Medio-alto;3264;1
4910901001;2023;57,439;28,917;43,961;42,515;44,640;Medio-alto;3264;1
4911001001;2021;76,511;32,145;52,459;65,160;59,235;Alto;3265;1
4911001001;2022;76,511;32,533;49,774;64,377;58,253;Alto;3265;1
4911001001;2023;76,509;32,533;46,470;63,201;56,908;Alto;3265;1
4911101001;2021;55,628;32,836;46,743;56,321;49,751;Alto;3266;1
4911101001;2022;55,617;32,539;43,305;58,129;49,215;Alto;3266;1
4911101001;2023;55,628;32,242;43,062;60,626;49,850;Alto;3266;1
4911201001;2021;71,800;18,747;54,752;62,868;56,048;Alto;3267;1
4911201001;2022;71,790;18,747;56,104;59,453;55,427;Alto;3267;1
4911201001;2023;71,786;18,747;50,594;59,970;53,928;Alto;3267;1
4911301001;2021;62,114;21,645;46,726;62,828;51,641;Alto;3268;1
4911301001;2022;62,115;21,414;43,034;73,422;53,678;Alto;3268;1
4911301001;2023;62,122;21,414;41,044;74,142;53,298;Alto;3268;1
4911401001;2021;54,430;36,567;38,337;47,274;44,776;Medio-alto;3269;1
4911401001;2022;54,501;36,244;38,337;51,041;45,875;Medio-alto;3269;1
4911401001;2023;54,527;35,597;38,337;55,292;47,060;Medio-alto;3269;1
4911501001;2021;62,251;39,861;49,478;54,389;52,702;Alto;3270;1
4911501001;2022;62,261;39,861;47,798;55,239;52,455;Alto;3270;1
4911501001;2023;62,268;39,861;48,608;55,014;52,633;Alto;3270;1
4911601001;2021;62,945;25,530;48,854;57,166;51,372;Alto;3271;1
4911601001;2022;62,950;25,530;46,392;57,308;50,677;Alto;3271;1
4911601001;2023;62,947;25,530;43,959;53,726;48,872;Alto;3271;1
4911701001;2021;64,177;27,839;48,500;49,868;49,730;Alto;3272;1
4911701001;2022;64,178;27,573;46,717;51,421;49,622;Alto;3272;1
4911701001;2023;64,180;27,573;42,912;52,625;48,842;Alto;3272;1
4911801001;2021;58,249;25,619;46,777;48,192;46,896;Medio-alto;3273;1
4911801001;2022;58,252;25,619;43,243;49,609;46,261;Medio-alto;3273;1
4911801001;2023;58,257;25,370;41,798;50,641;46,101;Medio-alto;3273;1
4911901001;2021;44,257;26,541;42,595;45,920;41,600;Medio-bajo;3274;0
4911901001;2022;44,255;26,541;39,654;45,356;40,548;Medio-bajo;3274;0
4911901001;2023;44,255;26,541;38,244;45,564;40,187;Medio-bajo;3274;0
4912001001;2021;70,554;38,065;38,337;80,335;58,950;Alto;3275;1
4912001001;2022;70,520;38,065;38,337;81,630;59,330;Alto;3275;1
4912001001;2023;70,554;38,065;38,337;77,464;58,089;Alto;3275;1
4912101001;2021;71,153;28,850;41,389;48,349;49,037;Alto;3276;1
4912101001;2022;71,155;28,518;40,208;48,919;48,805;Alto;3276;1
4912101001;2023;71,157;28,850;37,518;47,421;47,599;Medio-alto;3276;1
4912201001;2021;37,803;40,975;39,434;34,697;37,836;Bajo;3277;0
4912201001;2022;37,803;40,975;37,586;34,416;37,197;Bajo;3277;0
4912201001;2023;37,802;40,639;35,797;35,296;36,874;Bajo;3277;0
4912301001;2021;56,107;27,026;46,752;45,850;45,861;Medio-alto;3278;1
4912301001;2022;56,108;27,026;44,765;46,892;45,578;Medio-alto;3278;1
4912301001;2023;56,108;27,026;43,610;47,088;45,290;Medio-alto;3278;1
4912401001;2021;56,872;31,514;58,165;48,585;50,970;Alto;3279;1
4912401001;2022;56,873;31,780;52,666;47,286;48,971;Alto;3279;1
4912401001;2023;56,870;31,780;49,459;47,074;47,944;Alto;3279;1
4912501001;2021;43,589;45,018;41,352;36,645;41,049;Medio-bajo;3280;0
4912501001;2022;43,588;45,018;38,763;36,637;40,270;Medio-bajo;3280;0
4912501001;2023;43,588;44,675;36,711;37,412;39,835;Medio-bajo;3280;0
4912601001;2021;56,622;32,573;50,125;51,571;49,550;Alto;3281;1
4912601001;2022;56,620;32,573;49,208;51,743;49,326;Alto;3281;1
4912601001;2023;56,618;32,934;45,286;50,771;47,912;Alto;3281;1
4912701001;2021;39,480;37,576;42,273;38,105;39,620;Medio-bajo;3282;0
4912701001;2022;39,480;37,222;39,923;38,619;39,016;Medio-bajo;3282;0
4912701001;2023;39,480;37,222;39,734;39,091;39,101;Medio-bajo;3282;0
4912701002;2021;40,515;51,164;26,690;33,440;35,842;Bajo;3283;0
4912701002;2022;40,514;51,164;24,718;33,215;35,183;Bajo;3283;0
4912701002;2023;40,514;51,164;23,108;33,664;34,835;Bajo;3283;0
4912801001;2021;60,775;30,255;52,900;48,600;50,182;Alto;3284;1
4912801001;2022;60,777;30,006;50,289;50,359;49,889;Alto;3284;1
4912801001;2023;60,780;30,006;49,131;50,940;49,717;Alto;3284;1
4912901001;2021;59,040;36,457;48,402;42,557;47,516;Medio-alto;3285;1
4912901001;2022;59,040;36,457;45,186;42,493;46,532;Medio-alto;3285;1
4912901001;2023;59,041;36,106;45,753;43,376;46,915;Medio-alto;3285;1
4913001001;2021;64,384;23,195;48,184;64,476;53,373;Alto;3286;1
4913001001;2022;64,372;23,195;47,134;62,020;52,318;Alto;3286;1
4913001001;2023;64,385;22,947;44,968;71,333;54,429;Alto;3286;1
4913101001;2021;64,834;25,909;40,869;49,398;47,175;Medio-alto;3287;1
4913101001;2022;64,835;25,682;37,132;50,646;46,394;Medio-alto;3287;1
4913101001;2023;64,837;25,682;33,852;51,429;45,646;Medio-alto;3287;1
4913201001;2021;48,507;22,551;50,928;49,955;45,774;Medio-alto;3288;1
4913201001;2022;48,507;22,778;50,048;48,694;45,166;Medio-alto;3288;1
4913201001;2023;48,509;22,778;46,858;48,257;44,078;Medio-alto;3288;1
4913301001;2021;62,286;32,365;49,620;52,339;51,014;Alto;3289;1
4913301001;2022;62,289;32,057;48,700;53,653;51,087;Alto;3289;1
4913301001;2023;62,292;32,057;41,753;53,364;48,917;Alto;3289;1
4913401001;2021;69,241;17,942;51,864;56,369;52,472;Alto;3290;1
4913401001;2022;69,234;18,284;47,762;53,742;50,503;Alto;3290;1
4913401001;2023;69,224;17,942;43,314;55,947;49,776;Alto;3290;1
4913501001;2021;53,042;36,136;45,285;51,837;47,818;Medio-alto;3291;1
4913501001;2022;53,044;36,136;40,014;51,256;46,062;Medio-alto;3291;1
4913501001;2023;53,044;36,136;39,526;50,826;45,787;Medio-alto;3291;1
4913601001;2021;65,667;25,993;38,554;47,108;46,014;Medio-alto;3292;1
4913601001;2022;65,667;25,993;35,584;46,774;45,023;Medio-alto;3292;1
4913601001;2023;65,669;25,993;34,033;45,628;44,214;Medio-alto;3292;1
4913701001;2021;62,206;26,273;49,054;53,444;50,242;Alto;3293;1
4913701001;2022;62,210;26,273;47,204;52,970;49,546;Alto;3293;1
4913701001;2023;62,216;26,047;42,965;54,422;48,677;Alto;3293;1
4913801001;2021;61,022;28,843;53,329;63,946;54,764;Alto;3294;1
4913801001;2022;61,024;28,843;54,896;64,256;55,328;Alto;3294;1
4913801001;2023;61,030;28,843;50,987;66,368;54,790;Alto;3294;1
4913901001;2021;73,076;29,669;45,672;75,589;59,098;Alto;3295;1
4913901001;2022;73,078;30,021;48,075;71,547;58,659;Alto;3295;1
4913901001;2023;73,060;30,374;43,723;68,692;56,546;Alto;3295;1
4914101001;2021;58,702;26,122;50,514;54,563;50,117;Alto;3296;1
4914101001;2022;58,707;26,122;46,515;55,361;49,158;Alto;3296;1
4914101001;2023;58,704;26,122;48,925;55,566;49,941;Alto;3296;1
4914201001;2021;53,666;31,951;45,653;54,382;48,219;Alto;3297;1
4914201001;2022;53,663;31,951;42,833;54,102;47,289;Medio-alto;3297;1
4914201001;2023;53,671;31,951;41,256;53,223;46,554;Medio-alto;3297;1
4914301001;2021;68,824;33,727;50,490;47,591;51,689;Alto;3298;1
4914301001;2022;68,816;33,352;45,459;48,630;50,434;Alto;3298;1
4914301001;2023;68,818;33,352;43,150;49,748;50,077;Alto;3298;1
4914501001;2021;74,231;42,715;57,211;57,935;59,509;Alto;3299;1
4914501001;2022;74,229;42,715;50,707;56,558;57,144;Alto;3299;1
4914501001;2023;74,231;42,715;50,999;57,876;57,627;Alto;3299;1
4914601001;2021;59,200;26,835;45,529;47,851;46,839;Medio-alto;3300;1
4914601001;2022;59,194;26,835;43,531;47,563;46,152;Medio-alto;3300;1
4914601001;2023;59,197;26,835;37,488;47,508;44,323;Medio-alto;3300;1
4914701001;2021;50,437;27,473;48,031;50,056;46,156;Medio-alto;3301;1
4914701001;2022;50,439;27,473;47,449;48,009;45,368;Medio-alto;3301;1
4914701001;2023;50,426;27,473;43,892;48,092;44,323;Medio-alto;3301;1
4914801001;2021;47,160;26,003;52,565;52,615;47,245;Medio-alto;3302;1
4914801001;2022;47,172;25,721;49,902;52,279;46,306;Medio-alto;3302;1
4914801001;2023;47,158;25,721;50,987;53,050;46,859;Medio-alto;3302;1
4914901001;2021;61,536;31,804;45,433;49,877;48,747;Alto;3303;1
4914901001;2022;61,537;31,804;43,826;49,016;48,007;Alto;3303;1
4914901001;2023;61,535;31,804;43,545;47,971;47,609;Medio-alto;3303;1
4915001001;2021;69,407;26,555;56,253;64,673;57,613;Alto;3304;1
4915001001;2022;69,402;26,555;47,854;64,695;55,098;Alto;3304;1
4915001001;2023;69,403;26,244;48,405;67,707;56,121;Alto;3304;1
4915101001;2021;45,359;33,131;46,405;46,759;44,259;Medio-alto;3305;1
4915101001;2022;45,360;33,442;42,002;44,884;42,422;Medio-bajo;3305;1
4915101001;2023;45,356;33,442;39,968;44,685;41,751;Medio-bajo;3305;0
4915201001;2021;56,391;34,004;44,403;47,879;46,883;Medio-alto;3306;1
4915201001;2022;56,390;33,705;40,982;48,512;46,002;Medio-alto;3306;1
4915201001;2023;56,391;33,705;41,607;48,992;46,333;Medio-alto;3306;1
4915301001;2021;61,095;32,339;46,980;52,071;49,840;Alto;3307;1
4915301001;2022;61,094;31,812;42,341;54,287;49,033;Alto;3307;1
4915301001;2023;61,100;31,548;37,955;55,817;48,139;Alto;3307;1
4915401001;2021;81,577;38,681;60,569;60,619;62,553;Alto;3308;1
4915401001;2022;81,577;37,519;38,337;62,855;56,380;Alto;3308;1
4915401001;2023;81,587;37,519;38,337;70,619;58,711;Alto;3308;1
4915501001;2021;57,632;13,996;40,649;50,045;43,716;Medio-alto;3309;1
4915501001;2022;57,610;13,996;36,731;51,024;42,828;Medio-bajo;3309;1
4915501001;2023;57,601;13,996;34,426;50,465;41,967;Medio-bajo;3309;0
4915601001;2021;60,716;30,512;44,656;68,080;53,577;Alto;3310;1
4915601001;2022;60,718;30,512;43,024;68,202;53,124;Alto;3310;1
4915601001;2023;60,721;30,276;38,634;81,184;55,667;Alto;3310;1
4915701001;2021;66,709;33,885;47,931;57,488;53,385;Alto;3311;1
4915701001;2022;66,710;33,541;42,922;56,095;51,414;Alto;3311;1
4915701001;2023;66,711;33,541;41,435;55,196;50,698;Alto;3311;1
4915801001;2021;55,730;30,924;44,446;45,321;45,501;Medio-alto;3312;1
4915801001;2022;55,729;30,924;41,137;44,891;44,379;Medio-alto;3312;1
4915801001;2023;55,729;30,924;39,732;45,701;44,201;Medio-alto;3312;1
4915901001;2021;61,200;29,858;48,051;48,071;48,615;Alto;3313;1
4915901001;2022;61,204;29,858;44,590;48,369;47,668;Medio-alto;3313;1
4915901001;2023;61,209;29,574;43,245;49,832;47,661;Medio-alto;3313;1
4916001001;2021;62,201;25,505;38,337;51,192;46,235;Medio-alto;3314;1
4916001001;2022;62,238;25,794;38,337;50,125;45,967;Medio-alto;3314;1
4916001001;2023;62,238;25,794;38,337;50,255;46,006;Medio-alto;3314;1
4916201001;2021;75,831;36,159;43,968;79,960;61,560;Alto;3315;1
4916201001;2022;75,829;36,159;42,636;69,055;57,888;Alto;3315;1
4916201001;2023;75,820;36,159;36,114;69,430;56,042;Alto;3315;1
4916301001;2021;53,686;20,559;54,235;64,408;52,098;Alto;3316;1
4916301001;2022;53,680;20,559;52,285;60,327;50,287;Alto;3316;1
4916301001;2023;53,667;20,345;50,017;60,092;49,502;Alto;3316;1
4916401001;2021;60,781;29,888;51,269;42,546;47,823;Medio-alto;3317;1
4916401001;2022;60,779;29,595;46,743;42,668;46,457;Medio-alto;3317;1
4916401001;2023;60,777;29,302;43,749;46,153;46,561;Medio-alto;3317;1
4916501001;2021;62,970;20,477;38,337;58,230;47,784;Medio-alto;3318;1
4916501001;2022;62,945;20,477;38,337;56,886;47,375;Medio-alto;3318;1
4916501001;2023;62,912;20,225;38,337;56,747;47,287;Medio-alto;3318;1
4916601001;2021;64,966;44,064;38,239;42,078;46,946;Medio-alto;3319;1
4916601001;2022;64,966;43,637;35,447;43,071;46,342;Medio-alto;3319;1
4916601001;2023;64,966;43,637;32,987;43,469;45,724;Medio-alto;3319;1
4916701001;2021;61,541;30,562;57,108;61,520;55,558;Alto;3320;1
4916701001;2022;61,545;30,562;53,344;63,069;54,894;Alto;3320;1
4916701001;2023;61,544;30,562;49,920;61,697;53,455;Alto;3320;1
4916801001;2021;59,449;24,590;47,127;44,706;46,101;Medio-alto;3321;1
4916801001;2022;59,443;24,590;41,506;43,754;44,128;Medio-alto;3321;1
4916801001;2023;59,463;24,590;38,337;45,611;43,739;Medio-alto;3321;1
4916901001;2021;60,627;25,513;38,337;56,061;47,303;Medio-alto;3322;1
4916901001;2022;60,586;25,513;38,337;56,907;47,547;Medio-alto;3322;1
4916901001;2023;60,586;25,825;38,337;56,193;47,379;Medio-alto;3322;1
4917001001;2021;64,582;23,951;51,576;52,939;51,093;Alto;3323;1
4917001001;2022;64,542;23,709;46,316;53,770;49,717;Alto;3323;1
4917001001;2023;64,570;23,709;38,337;54,107;47,432;Medio-alto;3323;1
4917101001;2021;62,224;29,600;48,416;49,228;49,289;Alto;3324;1
4917101001;2022;62,224;29,600;45,125;49,546;48,397;Alto;3324;1
4917101001;2023;62,225;29,600;44,138;49,163;47,986;Alto;3324;1
4917201001;2021;68,160;32,777;45,025;55,664;52,163;Alto;3325;1
4917201001;2022;68,160;32,777;47,245;56,458;53,068;Alto;3325;1
4917201001;2023;68,161;32,777;43,560;55,567;51,695;Alto;3325;1
4917301001;2021;71,783;37,904;57,624;59,223;58,685;Alto;3326;1
4917301001;2022;71,784;37,904;55,973;58,298;57,913;Alto;3326;1
4917301001;2023;71,784;37,904;51,828;58,241;56,652;Alto;3326;1
4917401001;2021;75,907;34,118;46,016;54,691;54,307;Alto;3327;1
4917401001;2022;75,916;34,545;49,357;53,297;54,957;Alto;3327;1
4917401001;2023;75,933;34,118;45,829;53,359;53,857;Alto;3327;1
4917501001;2021;62,276;25,073;50,350;40,930;46,714;Medio-alto;3328;1
4917501001;2022;62,279;25,073;41,754;40,664;44,056;Medio-alto;3328;1
4917501001;2023;62,280;24,787;43,384;42,729;45,122;Medio-alto;3328;1
4917601001;2021;73,070;39,009;50,492;56,483;56,211;Alto;3329;1
4917601001;2022;73,069;38,719;47,809;57,187;55,574;Alto;3329;1
4917601001;2023;73,070;38,719;45,873;57,428;55,066;Alto;3329;1
4917701001;2021;71,952;37,476;52,054;49,075;53,948;Alto;3330;1
4917701001;2022;71,954;37,086;46,787;48,856;52,244;Alto;3330;1
4917701001;2023;71,957;37,086;44,490;50,259;51,977;Alto;3330;1
4917801001;2021;36,867;43,911;39,198;35,561;38,231;Bajo;3331;0
4917801001;2022;36,867;43,911;34,654;35,855;36,956;Bajo;3331;0
4917801001;2023;36,867;43,911;32,281;35,838;36,239;Bajo;3331;0
4917901001;2021;68,958;43,292;44,635;47,191;51,281;Alto;3332;1
4917901001;2022;68,959;42,780;43,578;48,037;51,141;Alto;3332;1
4917901001;2023;68,957;42,780;43,628;48,599;51,324;Alto;3332;1
4918001001;2021;68,621;26,239;47,159;57,968;52,629;Alto;3333;1
4918001001;2022;68,625;26,239;42,883;57,579;51,231;Alto;3333;1
4918001001;2023;68,618;25,945;42,966;60,480;52,080;Alto;3333;1
4918101001;2021;73,039;36,221;51,711;58,458;56,744;Alto;3334;1
4918101001;2022;73,042;35,787;48,507;60,182;56,235;Alto;3334;1
4918101001;2023;73,042;35,787;46,549;60,724;55,810;Alto;3334;1
4918301001;2021;73,019;30,657;38,337;58,472;51,896;Alto;3335;1
4918301001;2022;73,020;30,657;38,337;59,733;52,275;Alto;3335;1
4918301001;2023;73,022;30,251;38,337;60,417;52,420;Alto;3335;1
4918401001;2021;68,882;28,739;45,522;54,418;51,513;Alto;3336;1
4918401001;2022;68,886;28,739;43,763;56,143;51,504;Alto;3336;1
4918401001;2023;68,884;28,739;40,534;54,614;50,076;Alto;3336;1
4918501001;2021;60,569;33,491;42,837;38,746;44,641;Medio-alto;3337;1
4918501001;2022;60,579;33,236;38,931;39,072;43,531;Medio-bajo;3337;1
4918501001;2023;60,582;33,236;34,268;40,117;42,447;Medio-bajo;3337;1
4918601001;2021;61,423;21,918;46,865;61,665;51,202;Alto;3338;1
4918601001;2022;61,414;21,642;42,636;61,856;49,947;Alto;3338;1
4918601001;2023;61,421;21,918;44,057;59,887;49,826;Alto;3338;1
4918701001;2021;57,109;32,553;45,090;42,344;45,390;Medio-alto;3339;1
4918701001;2022;57,108;32,553;42,353;42,343;44,569;Medio-alto;3339;1
4918701001;2023;57,109;32,553;43,231;42,720;44,945;Medio-alto;3339;1
4918801001;2021;61,528;16,168;37,388;51,186;44,380;Medio-alto;3340;1
4918801001;2022;61,541;15,880;35,147;52,443;44,045;Medio-alto;3340;1
4918801001;2023;61,564;16,168;28,177;48,256;40,746;Medio-bajo;3340;0
4918901001;2021;69,228;45,526;51,269;56,540;56,479;Alto;3341;1
4918901001;2022;69,225;44,860;52,193;58,255;57,170;Alto;3341;1
4918901001;2023;69,225;44,860;47,928;58,248;55,888;Alto;3341;1
4919001001;2021;58,945;22,338;38,337;55,419;46,214;Medio-alto;3342;1
4919001001;2022;58,873;21,868;38,337;58,560;47,068;Medio-alto;3342;1
4919001001;2023;58,970;22,338;38,337;57,823;46,941;Medio-alto;3342;1
4919101001;2021;56,212;26,043;42,318;49,298;45,444;Medio-alto;3343;1
4919101001;2022;56,218;25,764;41,384;51,844;45,887;Medio-alto;3343;1
4919101001;2023;56,226;25,764;41,439;52,621;46,139;Medio-alto;3343;1
4919201001;2021;62,053;23,850;48,272;54,698;49,982;Alto;3344;1
4919201001;2022;62,073;23,850;45,819;54,013;49,045;Alto;3344;1
4919201001;2023;62,080;24,082;42,511;52,837;47,737;Medio-alto;3344;1
4919301001;2021;66,148;36,414;53,924;54,624;54,564;Alto;3345;1
4919301001;2022;66,148;36,414;51,189;54,766;53,785;Alto;3345;1
4919301001;2023;66,149;36,114;51,768;56,533;54,445;Alto;3345;1
4919401001;2021;53,451;36,096;47,226;53,841;49,098;Alto;3346;1
4919401001;2022;53,452;35,803;45,804;54,526;48,832;Alto;3346;1
4919401001;2023;53,457;36,096;42,566;52,946;47,432;Medio-alto;3346;1
4919701001;2021;52,852;29,559;46,041;54,297;47,748;Medio-alto;3347;1
4919701001;2022;52,841;29,559;45,860;53,193;47,360;Medio-alto;3347;1
4919701001;2023;52,839;29,559;46,785;54,963;48,168;Alto;3347;1
4919901001;2021;53,049;22,056;48,649;52,357;46,872;Medio-alto;3348;1
4919901001;2022;53,048;21,792;46,981;54,288;46,912;Medio-alto;3348;1
4919901001;2023;53,055;21,792;46,944;54,463;46,955;Medio-alto;3348;1
4920001001;2021;54,795;34,765;48,795;43,334;46,552;Medio-alto;3349;1
4920001001;2022;54,795;34,765;46,085;43,393;45,757;Medio-alto;3349;1
4920001001;2023;54,795;34,444;44,366;44,494;45,524;Medio-alto;3349;1
4920101001;2021;60,465;30,468;44,346;56,153;49,836;Alto;3350;1
4920101001;2022;60,465;30,468;43,119;56,573;49,594;Alto;3350;1
4920101001;2023;60,475;30,468;39,744;56,748;48,637;Alto;3350;1
4920201001;2021;57,896;22,041;51,397;55,341;49,802;Alto;3351;1
4920201001;2022;57,899;22,286;48,990;53,874;48,677;Alto;3351;1
4920201001;2023;57,895;22,041;46,443;55,608;48,395;Alto;3351;1
4920301001;2021;64,897;22,510;50,410;50,000;49,724;Alto;3352;1
4920301001;2022;64,898;22,510;48,022;49,503;48,858;Alto;3352;1
4920301001;2023;64,895;22,510;47,893;48,675;48,570;Alto;3352;1
4920401001;2021;63,716;28,109;38,337;65,967;51,437;Alto;3353;1
4920401001;2022;63,674;27,514;38,337;69,943;52,530;Alto;3353;1
4920401001;2023;63,740;28,109;38,337;71,171;53,004;Alto;3353;1
4920501001;2021;61,519;29,328;50,103;56,944;51,893;Alto;3354;1
4920501001;2022;61,521;29,585;44,866;54,452;49,613;Alto;3354;1
4920501001;2023;61,524;29,585;41,899;53,771;48,520;Alto;3354;1
4920601001;2021;58,251;35,201;44,794;50,917;48,556;Alto;3355;1
4920601001;2022;58,253;35,201;43,197;51,359;48,210;Alto;3355;1
4920601001;2023;58,256;35,473;41,014;50,522;47,346;Medio-alto;3355;1
4920701001;2021;59,227;31,433;48,636;56,137;50,953;Alto;3356;1
4920701001;2022;59,228;31,793;47,483;54,838;50,272;Alto;3356;1
4920701001;2023;59,224;31,793;44,137;54,600;49,196;Alto;3356;1
4920801001;2021;74,675;31,200;49,182;58,658;55,701;Alto;3357;1
4920801001;2022;74,677;30,909;47,029;59,405;55,236;Alto;3357;1
4920801001;2023;74,679;30,909;44,999;59,401;54,626;Alto;3357;1
4920901001;2021;72,637;34,843;44,644;52,669;52,579;Alto;3358;1
4920901001;2022;72,637;34,843;42,053;53,414;52,026;Alto;3358;1
4920901001;2023;72,638;34,843;37,704;54,656;51,094;Alto;3358;1
4921001001;2021;54,992;35,927;52,246;46,414;48,735;Alto;3359;1
4921001001;2022;54,993;35,545;47,630;47,306;47,561;Medio-alto;3359;1
4921001001;2023;54,993;35,545;46,498;46,927;47,108;Medio-alto;3359;1
4921401001;2021;54,298;36,275;43,625;48,804;46,745;Medio-alto;3360;1
4921401001;2022;54,298;36,275;42,095;48,806;46,286;Medio-alto;3360;1
4921401001;2023;54,297;36,275;40,335;48,270;45,597;Medio-alto;3360;1
4921601001;2021;59,085;19,087;42,992;54,892;47,000;Medio-alto;3361;1
4921601001;2022;59,089;19,087;43,982;57,037;47,941;Alto;3361;1
4921601001;2023;59,096;18,567;41,529;61,472;48,459;Alto;3361;1
4921901001;2021;47,001;40,702;41,693;44,235;43,634;Medio-bajo;3362;1
4921901001;2022;47,002;40,702;37,265;44,594;42,414;Medio-bajo;3362;1
4921901001;2023;47,003;40,702;35,712;44,765;41,999;Medio-bajo;3362;0
4921901002;2021;47,314;42,001;43,455;40,693;43,373;Medio-bajo;3363;1
4921901002;2022;47,316;41,535;41,876;41,517;43,077;Medio-bajo;3363;1
4921901002;2023;47,316;42,001;38,845;39,816;41,727;Medio-bajo;3363;0
4921901003;2021;47,565;45,469;44,923;40,381;44,303;Medio-alto;3364;1
4921901003;2022;47,565;44,987;41,362;41,005;43,349;Medio-bajo;3364;1
4921901003;2023;47,565;44,987;40,644;40,798;43,072;Medio-bajo;3364;1
4921902001;2021;46,788;44,568;50,076;42,600;46,185;Medio-alto;3365;1
4921902001;2022;46,789;44,568;48,127;42,559;45,588;Medio-alto;3365;1
4921902001;2023;46,789;44,056;45,422;43,872;45,094;Medio-alto;3365;1
4921902002;2021;47,217;53,481;50,457;40,000;46,963;Medio-alto;3366;1
4921902002;2022;47,218;53,481;47,824;39,727;46,092;Medio-alto;3366;1
4921902002;2023;47,218;52,897;45,909;40,563;45,681;Medio-alto;3366;1
4921902003;2021;50,073;42,313;40,812;37,647;42,403;Medio-bajo;3367;1
4921902003;2022;50,073;42,313;38,239;37,723;41,654;Medio-bajo;3367;0
4921902003;2023;50,073;41,890;37,223;39,395;41,787;Medio-bajo;3367;0
4921902004;2021;47,451;56,889;44,706;35,025;44,316;Medio-alto;3368;1
4921902004;2022;47,451;56,363;43,232;36,333;44,187;Medio-alto;3368;1
4921902004;2023;47,452;56,363;39,839;36,568;43,240;Medio-bajo;3368;1
4921903001;2021;53,914;42,771;42,786;38,642;44,323;Medio-alto;3369;1
4921903001;2022;53,914;42,420;39,158;39,571;43,460;Medio-bajo;3369;1
4921903001;2023;53,915;42,420;39,792;39,849;43,734;Medio-alto;3369;1
4922001001;2021;59,921;25,451;46,678;52,628;48,590;Alto;3370;1
4922001001;2022;59,923;25,174;44,256;55,133;48,574;Alto;3370;1
4922001001;2023;59,930;25,451;41,957;53,414;47,411;Medio-alto;3370;1
4922101001;2021;70,837;28,318;49,598;52,970;52,727;Alto;3371;1
4922101001;2022;70,837;28,318;46,519;53,100;51,843;Alto;3371;1
4922101001;2023;70,838;28,318;44,227;53,542;51,288;Alto;3371;1
4922201001;2021;51,031;22,858;44,847;43,263;42,619;Medio-bajo;3372;1
4922201001;2022;51,028;22,858;43,541;43,159;42,196;Medio-bajo;3372;0
4922201001;2023;51,027;22,858;39,190;43,401;40,962;Medio-bajo;3372;0
4922301001;2021;80,189;38,808;49,501;49,932;55,698;Alto;3373;1
4922301001;2022;80,189;38,808;46,565;50,740;55,060;Alto;3373;1
4922301001;2023;80,189;38,808;43,728;50,967;54,277;Alto;3373;1
4922401001;2021;71,195;31,530;47,057;50,197;51,705;Alto;3374;1
4922401001;2022;71,195;31,530;48,464;50,025;52,075;Alto;3374;1
4922401001;2023;71,202;31,043;44,048;51,340;51,073;Alto;3374;1
4922501001;2021;68,310;31,134;54,450;55,041;54,595;Alto;3375;1
4922501001;2022;68,314;30,804;52,398;55,615;54,103;Alto;3375;1
4922501001;2023;68,322;30,804;50,138;57,268;53,923;Alto;3375;1
4922601001;2021;65,770;28,366;41,040;51,036;48,320;Alto;3376;1
4922601001;2022;65,769;28,366;41,362;51,338;48,507;Alto;3376;1
4922601001;2023;65,768;28,037;37,290;53,709;47,947;Alto;3376;1
4922701001;2021;31,985;34,381;40,624;38,910;37,014;Bajo;3377;0
4922701001;2022;31,990;34,381;38,393;38,993;36,370;Bajo;3377;0
4922701001;2023;31,979;34,676;34,483;37,953;34,927;Bajo;3377;0
4922801001;2021;55,912;29,953;38,337;66,570;49,943;Alto;3378;1
4922801001;2022;55,863;30,375;38,337;68,051;50,439;Alto;3378;1
4922801001;2023;55,891;30,375;38,337;64,795;49,469;Alto;3378;1
4922901001;2021;61,625;26,468;49,307;47,080;48,292;Alto;3379;1
4922901001;2022;61,617;25,486;46,104;50,924;48,336;Alto;3379;1
4922901001;2023;61,622;25,486;40,237;51,354;46,706;Medio-alto;3379;1
4923001001;2021;65,425;30,933;38,337;73,633;54,587;Alto;3380;1
4923001001;2022;65,464;30,517;38,337;74,725;54,862;Alto;3380;1
4923001001;2023;65,453;30,933;38,337;75,468;55,145;Alto;3380;1
4923101001;2021;68,170;32,844;52,372;54,036;53,892;Alto;3381;1
4923101001;2022;68,169;32,844;48,034;52,849;52,234;Alto;3381;1
4923101001;2023;68,170;32,844;45,208;52,583;51,307;Alto;3381;1
4923201001;2021;65,734;18,998;38,337;55,653;47,480;Medio-alto;3382;1
4923201001;2022;65,761;18,747;38,337;57,779;48,087;Alto;3382;1
4923201001;2023;65,745;18,495;38,337;63,595;49,790;Alto;3382;1
4923301001;2021;66,764;27,249;38,337;59,202;50,040;Alto;3383;1
4923301001;2022;66,761;26,955;38,337;60,848;50,489;Alto;3383;1
4923301001;2023;66,773;27,249;38,337;60,967;50,572;Alto;3383;1
4923401001;2021;59,000;35,533;46,685;49,283;48,870;Alto;3384;1
4923401001;2022;58,999;35,902;44,791;47,643;47,865;Alto;3384;1
4923401001;2023;58,998;35,902;44,526;47,167;47,643;Medio-alto;3384;1
4923501001;2021;66,212;27,793;44,217;45,550;47,652;Medio-alto;3385;1
4923501001;2022;66,213;27,793;40,612;45,728;46,624;Medio-alto;3385;1
4923501001;2023;66,214;27,793;40,952;46,003;46,809;Medio-alto;3385;1
4923601001;2021;61,057;23,370;38,337;42,025;42,879;Medio-bajo;3386;1
4923601001;2022;61,072;23,370;38,337;42,049;42,890;Medio-bajo;3386;1
4923601001;2023;61,072;22,344;38,337;45,360;43,729;Medio-alto;3386;1
4923701001;2021;60,100;27,145;52,948;60,615;53,166;Alto;3387;1
4923701001;2022;60,092;27,145;48,144;60,439;51,670;Alto;3387;1
4923701001;2023;60,087;26,795;50,772;62,143;52,915;Alto;3387;1
4923801001;2021;57,648;30,430;40,136;48,710;45,630;Medio-alto;3388;1
4923801001;2022;57,642;30,430;38,657;47,197;44,731;Medio-alto;3388;1
4923801001;2023;57,634;30,430;34,261;46,428;43,180;Medio-bajo;3388;1
4923901001;2021;64,213;34,784;51,242;50,697;51,852;Alto;3389;1
4923901001;2022;64,213;34,784;49,522;51,120;51,463;Alto;3389;1
4923901001;2023;64,213;34,784;47,513;51,101;50,855;Alto;3389;1
4924001001;2021;66,657;30,630;47,172;55,681;52,115;Alto;3390;1
4924001001;2022;66,659;30,630;46,055;56,721;52,092;Alto;3390;1
4924001001;2023;66,661;30,630;44,142;56,240;51,374;Alto;3390;1
4924101001;2021;55,456;27,472;47,746;55,692;49,016;Alto;3391;1
4924101001;2022;55,461;27,472;47,104;55,002;48,618;Alto;3391;1
4924101001;2023;55,461;27,472;43,540;55,537;47,709;Medio-alto;3391;1
4924201001;2021;59,486;29,356;47,077;48,820;48,044;Alto;3392;1
4924201001;2022;59,488;29,356;45,175;49,600;47,708;Medio-alto;3392;1
4924201001;2023;59,488;29,356;44,759;50,071;47,724;Medio-alto;3392;1
4924301001;2021;64,201;25,137;43,500;70,785;54,106;Alto;3393;1
4924301001;2022;64,201;25,137;38,741;70,627;52,631;Alto;3393;1
4924301001;2023;64,198;25,380;41,573;69,069;53,049;Alto;3393;1
4924401001;2021;61,959;39,533;38,337;56,900;49,991;Alto;3394;1
4924401001;2022;62,003;41,849;38,337;44,926;46,757;Medio-alto;3394;1
4924401001;2023;61,780;41,386;38,337;48,986;47,850;Medio-alto;3394;1
4924501001;2021;47,770;24,885;44,380;47,852;43,345;Medio-bajo;3395;1
4924501001;2022;47,767;24,885;41,870;47,535;42,496;Medio-bajo;3395;1
4924501001;2023;47,764;25,174;40,153;46,378;41,677;Medio-bajo;3395;0
4924601001;2021;58,693;24,832;44,024;48,059;46,023;Medio-alto;3396;1
4924601001;2022;58,690;24,578;44,881;50,574;46,996;Medio-alto;3396;1
4924601001;2023;58,698;24,578;40,949;50,817;45,891;Medio-alto;3396;1
4924701001;2021;57,394;36,118;49,243;64,260;53,817;Alto;3397;1
4924701001;2022;57,395;36,118;47,448;65,184;53,556;Alto;3397;1
4924701001;2023;57,397;36,118;45,321;66,622;53,350;Alto;3397;1
4924801001;2021;64,883;26,627;46,380;42,912;47,003;Medio-alto;3398;1
4924801001;2022;64,884;26,627;42,821;43,986;46,257;Medio-alto;3398;1
4924801001;2023;64,893;26,397;40,377;45,681;46,000;Medio-alto;3398;1
4924901001;2021;61,488;21,684;38,337;48,337;44,627;Medio-alto;3399;1
4924901001;2022;61,466;21,684;38,337;48,974;44,813;Medio-alto;3399;1
4924901001;2023;61,475;22,140;38,337;43,996;43,390;Medio-bajo;3399;1
4925001001;2021;51,190;42,519;42,788;40,421;44,138;Medio-alto;3400;1
4925001001;2022;51,190;42,120;40,856;41,890;43,939;Medio-alto;3400;1
4925001001;2023;51,191;42,120;39,120;42,502;43,602;Medio-bajo;3400;1
4925101001;2021;57,913;22,213;53,377;57,277;51,006;Alto;3401;1
4925101001;2022;57,916;22,213;52,142;57,457;50,691;Alto;3401;1
4925101001;2023;57,921;22,213;50,274;58,287;50,380;Alto;3401;1
4925201001;2021;61,171;26,995;41,506;49,932;46,773;Medio-alto;3402;1
4925201001;2022;61,172;27,282;37,733;48,224;45,172;Medio-alto;3402;1
4925201001;2023;61,168;26,995;34,191;47,973;43,990;Medio-alto;3402;1
4925501001;2021;54,678;33,382;48,720;58,188;50,749;Alto;3403;1
4925501001;2022;54,675;33,382;45,302;58,005;49,668;Alto;3403;1
4925501001;2023;54,678;33,084;44,377;59,389;49,762;Alto;3403;1
4925601001;2021;59,221;23,613;48,539;48,121;47,345;Medio-alto;3404;1
4925601001;2022;59,221;23,613;46,561;48,088;46,742;Medio-alto;3404;1
4925601001;2023;59,225;23,092;40,984;50,581;45,740;Medio-alto;3404;1
4925701001;2021;53,762;28,432;50,768;42,421;45,662;Medio-alto;3405;1
4925701001;2022;53,762;28,432;46,722;42,184;44,377;Medio-alto;3405;1
4925701001;2023;53,759;28,432;44,697;42,111;43,747;Medio-alto;3405;1
4925801001;2021;52,326;29,703;35,837;52,899;44,158;Medio-alto;3406;1
4925801001;2022;52,316;30,024;33,334;56,737;44,604;Medio-alto;3406;1
4925801001;2023;52,297;29,703;32,816;50,697;42,583;Medio-bajo;3406;1
4925901001;2021;62,854;28,204;38,337;60,921;49,722;Alto;3407;1
4925901001;2022;62,819;27,857;38,337;62,571;50,156;Alto;3407;1
4925901001;2023;62,819;28,204;38,337;61,015;49,741;Alto;3407;1
4926001001;2021;65,864;29,487;51,930;46,326;50,366;Alto;3408;1
4926001001;2022;65,865;29,487;50,576;46,511;50,015;Alto;3408;1
4926001001;2023;65,866;29,238;48,376;48,184;49,820;Alto;3408;1
4926101001;2021;36,447;43,138;41,507;40,184;40,090;Medio-bajo;3409;0
4926101001;2022;36,447;43,138;39,099;40,140;39,354;Medio-bajo;3409;0
4926101001;2023;36,447;43,138;38,058;40,277;39,083;Medio-bajo;3409;0
4926201001;2021;76,621;23,351;44,318;54,700;52,363;Alto;3410;1
4926201001;2022;76,620;23,610;40,464;53,148;50,780;Alto;3410;1
4926201001;2023;76,621;23,610;34,537;53,463;49,097;Alto;3410;1
4926301001;2021;64,048;20,858;38,337;59,663;48,541;Alto;3411;1
4926301001;2022;63,995;21,154;38,337;52,985;46,569;Medio-alto;3411;1
4926301001;2023;63,949;20,858;38,337;54,551;46,982;Medio-alto;3411;1
4926401001;2021;74,337;29,417;49,918;56,082;54,797;Alto;3412;1
4926401001;2022;74,337;29,417;48,723;56,493;54,562;Alto;3412;1
4926401001;2023;74,338;29,417;46,793;56,490;53,982;Alto;3412;1
4926501001;2021;71,086;24,247;43,862;57,842;51,920;Alto;3413;1
4926501001;2022;71,086;24,247;45,063;56,516;51,882;Alto;3413;1
4926501001;2023;71,084;24,523;42,143;52,745;49,916;Alto;3413;1
4926601001;2021;57,423;21,081;38,337;53,087;44,945;Medio-alto;3414;1
4926601001;2022;57,446;20,820;38,337;56,839;46,038;Medio-alto;3414;1
4926601001;2023;57,479;20,559;38,337;62,845;47,809;Medio-alto;3414;1
4926701001;2021;53,534;41,540;40,410;44,239;45,009;Medio-alto;3415;1
4926701001;2022;53,488;41,540;38,669;41,570;43,674;Medio-bajo;3415;1
4926701001;2023;53,472;41,540;38,144;41,046;43,356;Medio-bajo;3415;1
4926801001;2021;57,561;31,502;43,683;59,791;50,158;Alto;3416;1
4926801001;2022;57,560;31,502;42,534;59,221;49,642;Alto;3416;1
4926801001;2023;57,558;31,808;41,445;56,839;48,646;Alto;3416;1
4926901001;2021;54,200;28,212;57,063;58,208;52,363;Alto;3417;1
4926901001;2022;54,197;28,212;55,024;58,469;51,829;Alto;3417;1
4926901001;2023;54,200;28,212;49,023;58,485;50,034;Alto;3417;1
4927001001;2021;57,339;37,841;42,485;40,315;44,851;Medio-alto;3418;1
4927001001;2022;57,344;38,221;38,366;39,476;43,422;Medio-bajo;3418;1
4927001001;2023;57,343;37,461;36,858;41,827;43,560;Medio-bajo;3418;1
4927101001;2021;58,601;28,923;48,325;60,645;51,680;Alto;3419;1
4927101001;2022;58,609;28,616;46,034;65,816;52,500;Alto;3419;1
4927101001;2023;58,610;28,616;44,470;66,948;52,370;Alto;3419;1
4927201001;2021;66,173;27,189;38,337;69,651;53,018;Alto;3420;1
4927201001;2022;66,173;27,189;38,337;70,088;53,149;Alto;3420;1
4927201001;2023;66,181;27,503;38,337;68,870;52,833;Alto;3420;1
4927301001;2021;78,775;33,118;53,640;64,982;60,248;Alto;3421;1
4927301001;2022;78,774;33,118;51,855;65,883;59,983;Alto;3421;1
4927301001;2023;78,776;32,785;47,229;67,017;58,886;Alto;3421;1
4927501001;2021;25,269;45,729;37,770;42,599;37,287;Bajo;3422;0
4927501001;2022;25,279;45,729;33,314;42,827;36,021;Bajo;3422;0
4927501001;2023;25,279;45,729;31,849;42,416;35,459;Bajo;3422;0
4927501002;2021;25,300;59,685;42,494;41,653;40,522;Medio-bajo;3423;0
4927501002;2022;25,299;59,685;38,962;42,040;39,578;Medio-bajo;3423;0
4927501002;2023;25,299;59,685;37,317;41,904;39,044;Medio-bajo;3423;0
4927501003;2021;24,814;56,897;31,848;44,107;37,524;Bajo;3424;0
4927501003;2022;24,815;56,354;28,792;45,514;36,949;Bajo;3424;0
4927501003;2023;24,818;56,354;25,633;46,261;36,226;Bajo;3424;0
4927501004;2021;24,823;60,642;32,582;45,513;38,731;Medio-bajo;3425;0
4927501004;2022;24,824;60,642;30,705;46,058;38,331;Bajo;3425;0
4927501004;2023;24,825;60,642;29,679;46,313;38,100;Bajo;3425;0
4927501005;2021;24,595;55,432;24,299;43,998;34,953;Bajo;3426;0
4927501005;2022;24,595;55,432;20,951;43,803;33,890;Bajo;3426;0
4927501005;2023;24,592;55,432;19,129;44,334;33,502;Bajo;3426;0
4927501006;2021;26,576;67,309;31,886;39,964;38,295;Bajo;3427;0
4927501006;2022;26,575;67,309;29,494;40,047;37,602;Bajo;3427;0
4927501006;2023;26,574;67,309;28,175;39,525;37,050;Bajo;3427;0
4927501007;2021;24,552;61,447;27,043;42,684;36,273;Bajo;3428;0
4927501007;2022;24,553;61,447;24,341;43,142;35,600;Bajo;3428;0
4927501007;2023;24,552;60,893;22,159;44,189;35,176;Bajo;3428;0
4927501008;2021;24,869;57,945;30,166;42,639;36,751;Bajo;3429;0
4927501008;2022;24,871;57,379;27,478;44,094;36,296;Bajo;3429;0
4927501008;2023;24,873;57,379;26,243;45,216;36,263;Bajo;3429;0
4927501009;2021;25,335;64,761;39,674;42,988;40,847;Medio-bajo;3430;0
4927501009;2022;25,337;64,761;37,808;43,449;40,425;Medio-bajo;3430;0
4927501009;2023;25,337;64,761;36,643;43,479;40,085;Medio-bajo;3430;0
4927501010;2021;25,521;64,981;45,008;41,211;41,993;Medio-bajo;3431;0
4927501010;2022;25,523;64,304;41,393;42,797;41,283;Medio-bajo;3431;0
4927501010;2023;25,525;64,304;39,599;43,524;40,964;Medio-bajo;3431;0
4927501011;2021;24,283;55,410;30,000;45,660;37,080;Bajo;3432;0
4927501011;2022;24,285;55,410;28,402;46,048;36,718;Bajo;3432;0
4927501011;2023;24,284;55,410;26,167;45,231;35,802;Bajo;3432;0
4927501012;2021;25,350;58,824;29,413;44,622;37,371;Bajo;3433;0
4927501012;2022;25,351;58,824;27,706;44,883;36,938;Bajo;3433;0
4927501012;2023;25,352;58,824;26,612;45,903;36,916;Bajo;3433;0
4927501013;2021;25,154;64,189;35,061;47,976;40,828;Medio-bajo;3434;0
4927501013;2022;25,157;64,189;32,077;48,356;40,048;Medio-bajo;3434;0
4927501013;2023;25,155;64,189;32,364;48,199;40,086;Medio-bajo;3434;0
4927501014;2021;26,319;66,339;44,456;43,948;43,052;Medio-bajo;3435;1
4927501014;2022;26,319;66,339;41,295;43,194;41,877;Medio-bajo;3435;0
4927501014;2023;26,317;67,110;40,294;41,688;41,240;Medio-bajo;3435;0
4927501015;2021;25,316;70,424;32,283;41,384;38,993;Medio-bajo;3436;0
4927501015;2022;25,317;69,859;29,837;42,824;38,606;Medio-bajo;3436;0
4927501015;2023;25,318;69,859;29,428;43,599;38,716;Medio-bajo;3436;0
4927502001;2021;24,851;56,405;29,217;45,797;37,178;Bajo;3437;0
4927502001;2022;24,854;56,405;26,273;45,661;36,255;Bajo;3437;0
4927502001;2023;24,852;56,405;26,496;44,946;36,106;Bajo;3437;0
4927502002;2021;25,212;52,363;37,159;41,980;37,899;Bajo;3438;0
4927502002;2022;25,213;51,764;34,696;43,423;37,503;Bajo;3438;0
4927502002;2023;25,214;51,764;33,012;42,990;36,869;Bajo;3438;0
4927502003;2021;25,632;70,109;35,514;39,311;39,372;Medio-bajo;3439;0
4927502003;2022;25,633;70,109;33,010;39,741;38,750;Medio-bajo;3439;0
4927502003;2023;25,634;69,412;31,061;41,013;38,442;Medio-bajo;3439;0
4927502004;2021;24,247;59,302;26,785;44,403;36,314;Bajo;3440;0
4927502004;2022;24,247;59,302;22,321;45,163;35,202;Bajo;3440;0
4927502004;2023;24,248;59,302;20,225;45,652;34,721;Bajo;3440;0
4927502005;2021;24,563;54,585;35,550;48,751;39,619;Medio-bajo;3441;0
4927502005;2022;24,567;54,585;32,360;48,821;38,684;Medio-bajo;3441;0
4927502005;2023;24,569;54,585;30,895;47,999;37,998;Bajo;3441;0
4927502006;2021;24,709;60,485;45,957;42,196;41,696;Medio-bajo;3442;0
4927502006;2022;24,710;59,800;43,058;43,826;41,213;Medio-bajo;3442;0
4927502006;2023;24,714;60,485;42,495;43,031;40,909;Medio-bajo;3442;0
4927502007;2021;25,063;65,329;56,633;46,140;46,897;Medio-alto;3443;1
4927502007;2022;25,066;65,329;53,446;44,893;45,568;Medio-alto;3443;1
4927502007;2023;25,064;65,329;53,182;44,258;45,297;Medio-alto;3443;1
4927502008;2021;25,217;70,094;58,184;43,479;47,317;Medio-alto;3444;1
4927502008;2022;25,218;70,094;54,041;43,550;46,096;Medio-alto;3444;1
4927502008;2023;25,218;70,094;52,541;43,980;45,775;Medio-alto;3444;1
4927502009;2021;25,153;55,863;31,201;43,318;37,023;Bajo;3445;0
4927502009;2022;25,157;55,863;28,938;43,879;36,514;Bajo;3445;0
4927502009;2023;25,158;55,863;26,016;44,069;35,694;Bajo;3445;0
4927502010;2021;25,127;60,935;49,561;43,587;43,366;Medio-bajo;3446;1
4927502010;2022;25,129;60,935;47,714;43,273;42,719;Medio-bajo;3446;1
4927502010;2023;25,131;60,193;46,897;44,716;42,796;Medio-bajo;3446;1
4927502011;2021;25,173;67,095;35,066;38,049;38,292;Bajo;3447;0
4927502011;2022;25,173;67,095;32,453;38,714;37,708;Bajo;3447;0
4927502011;2023;25,175;66,448;30,431;40,211;37,454;Bajo;3447;0
4927502012;2021;25,056;63,128;33,557;41,590;38,277;Bajo;3448;0
4927502012;2022;25,057;63,128;30,835;41,687;37,490;Bajo;3448;0
4927502012;2023;25,058;62,545;29,078;43,302;37,360;Bajo;3448;0
4927502013;2021;25,719;59,165;40,410;42,637;40,219;Medio-bajo;3449;0
4927502013;2022;25,720;59,165;37,076;41,862;38,986;Medio-bajo;3449;0
4927502013;2023;25,720;59,165;35,396;42,372;38,635;Medio-bajo;3449;0
4927502014;2021;25,026;56,579;40,555;43,548;39,974;Medio-bajo;3450;0
4927502014;2022;25,029;56,579;39,703;43,513;39,709;Medio-bajo;3450;0
4927502014;2023;25,031;56,579;36,677;43,873;38,910;Medio-bajo;3450;0
4927502015;2021;25,878;63,097;41,534;42,219;41,060;Medio-bajo;3451;0
4927502015;2022;25,881;62,485;38,471;43,830;40,533;Medio-bajo;3451;0
4927502015;2023;25,883;62,485;36,514;43,666;39,897;Medio-bajo;3451;0
4927502016;2021;25,387;62,673;38,313;45,233;40,811;Medio-bajo;3452;0
4927502016;2022;25,392;62,673;35,190;45,068;39,826;Medio-bajo;3452;0
4927502016;2023;25,389;62,050;33,823;46,974;39,894;Medio-bajo;3452;0
4927502017;2021;33,200;52,895;43,785;43,049;42,285;Medio-bajo;3453;0
4927502017;2022;33,203;52,325;42,415;44,068;42,094;Medio-bajo;3453;0
4927502017;2023;33,200;52,325;41,653;44,010;41,847;Medio-bajo;3453;0
4927503001;2021;26,936;50,405;42,035;39,362;38,714;Medio-bajo;3454;0
4927503001;2022;26,937;50,405;38,228;39,307;37,556;Bajo;3454;0
4927503001;2023;26,937;49,823;37,719;40,462;37,662;Bajo;3454;0
4927503002;2021;28,197;49,273;45,421;36,069;38,887;Medio-bajo;3455;0
4927503002;2022;28,198;49,273;43,665;36,375;38,453;Medio-bajo;3455;0
4927503002;2023;28,199;48,734;42,641;37,190;38,309;Bajo;3455;0
4927503003;2021;34,506;45,707;46,856;36,923;40,616;Medio-bajo;3456;0
4927503003;2022;34,506;45,707;44,818;36,872;39,990;Medio-bajo;3456;0
4927503003;2023;34,506;45,707;44,247;37,327;39,955;Medio-bajo;3456;0
4927503004;2021;29,014;58,904;48,424;34,922;41,093;Medio-bajo;3457;0
4927503004;2022;29,014;58,904;44,316;35,555;40,050;Medio-bajo;3457;0
4927503004;2023;29,015;58,364;41,975;36,165;39,450;Medio-bajo;3457;0
4927504001;2021;26,438;38,640;37,497;44,828;37,103;Bajo;3458;0
4927504001;2022;26,440;38,167;33,681;46,802;36,480;Bajo;3458;0
4927504001;2023;26,444;38,167;32,407;46,818;36,104;Bajo;3458;0
4927504002;2021;27,734;59,674;32,467;37,092;36,752;Bajo;3459;0
4927504002;2022;27,735;59,144;30,648;38,391;36,517;Bajo;3459;0
4927504002;2023;27,736;59,144;28,709;38,557;35,986;Bajo;3459;0
4927504003;2021;27,015;42,363;35,228;42,176;36,329;Bajo;3460;0
4927504003;2022;27,018;42,363;32,950;42,369;35,705;Bajo;3460;0
4927504003;2023;27,019;42,363;30,783;42,447;35,078;Bajo;3460;0
4927504004;2021;44,615;44,454;36,028;37,949;40,015;Medio-bajo;3461;0
4927504004;2022;44,615;44,037;32,540;39,123;39,258;Medio-bajo;3461;0
4927504004;2023;44,615;44,037;32,046;39,609;39,256;Medio-bajo;3461;0
4927504005;2021;26,431;66,227;38,516;39,001;39,797;Medio-bajo;3462;0
4927504005;2022;26,434;66,227;35,310;39,520;38,992;Medio-bajo;3462;0
4927504005;2023;26,432;65,620;33,581;40,839;38,777;Medio-bajo;3462;0
4927505001;2021;26,860;46,426;45,071;41,406;39,622;Medio-bajo;3463;0
4927505001;2022;26,862;46,426;42,675;41,431;38,911;Medio-bajo;3463;0
4927505001;2023;26,860;46,426;40,685;41,654;38,381;Bajo;3463;0
4927505003;2021;26,718;48,722;44,636;43,751;40,504;Medio-bajo;3464;0
4927505003;2022;26,717;48,722;41,782;43,592;39,600;Medio-bajo;3464;0
4927505003;2023;26,717;48,722;40,103;43,591;39,096;Medio-bajo;3464;0
4927505004;2021;29,271;64,201;41,657;36,177;40,298;Medio-bajo;3465;0
4927505004;2022;29,272;64,201;39,516;36,691;39,810;Medio-bajo;3465;0
4927505004;2023;29,272;64,201;38,562;36,636;39,508;Medio-bajo;3465;0
4927505005;2021;26,961;66,006;46,692;42,050;43,263;Medio-bajo;3466;1
4927505005;2022;26,961;66,006;45,397;42,690;43,067;Medio-bajo;3466;1
4927505005;2023;26,962;66,006;43,590;42,074;42,340;Medio-bajo;3466;1
4927505006;2021;28,530;49,436;47,358;34,860;39,213;Medio-bajo;3467;0
4927505006;2022;28,527;49,436;43,963;35,251;38,311;Bajo;3467;0
4927505006;2023;28,525;48,980;42,915;36,136;38,194;Bajo;3467;0
4927505007;2021;27,545;61,542;55,899;47,229;47,056;Medio-alto;3468;1
4927505007;2022;27,547;61,542;51,959;48,045;46,119;Medio-alto;3468;1
4927505007;2023;27,557;61,542;51,517;47,922;45,952;Medio-alto;3468;1
4927505008;2021;26,997;71,884;42,717;39,155;42,093;Medio-bajo;3469;0
4927505008;2022;26,998;71,884;41,143;39,596;41,754;Medio-bajo;3469;0
4927505008;2023;26,999;71,239;40,531;41,517;42,050;Medio-bajo;3469;0
4927505009;2021;28,347;69,448;46,301;36,023;42,201;Medio-bajo;3470;0
4927505009;2022;28,347;69,448;43,323;35,958;41,288;Medio-bajo;3470;0
4927505009;2023;28,348;68,842;42,062;37,263;41,211;Medio-bajo;3470;0
