CUSEC,dist_min_infantil_y_primaria_km,n_infantil_y_primaria_1km,n_infantil_y_primaria_5km,n_infantil_y_primaria_15km,n_infantil_y_primaria_30km,disp_ponderada_infantil_y_primaria,dist_min_adultos_e_idiomas_km,n_adultos_e_idiomas_1km,n_adultos_e_idiomas_5km,n_adultos_e_idiomas_15km,n_adultos_e_idiomas_30km,disp_ponderada_adultos_e_idiomas,dist_min_secundaria_y_bachillerato_km,n_secundaria_y_bachillerato_1km,n_secundaria_y_bachillerato_5km,n_secundaria_y_bachillerato_15km,n_secundaria_y_bachillerato_30km,disp_ponderada_secundaria_y_bachillerato,dist_min_educación_especial_km,n_educación_especial_1km,n_educación_especial_5km,n_educación_especial_15km,n_educación_especial_30km,disp_ponderada_educación_especial,dist_min_formación_profesional_km,n_formación_profesional_1km,n_formación_profesional_5km,n_formación_profesional_15km,n_formación_profesional_30km,disp_ponderada_formación_profesional
0500101001,5.688878134524537,0,0,4,16,2.4000000000000004,15.85415761548008,0,0,0,3,0.30000000000000004,12.416062514532202,0,0,1,6,0.8,34.06108087327839,0,0,0,0,0.0,27.947974996542197,0,0,0,1,0.1
0500201001,0.0,2,2,11,24,5.999999999999999,6.277991847930671,0,0,1,2,0.4,0.0,1,1,3,5,1.8,40.33703548743864,0,0,0,0,0.0,36.877357429519215,0,0,0,0,0.0
0500201002,4.415297984295339,0,1,13,25,5.3999999999999995,8.48976427219461,0,0,1,2,0.4,4.415297984295339,0,1,3,6,1.5,33.99042441599017,0,0,0,0,0.0,33.99042441599017,0,0,0,0,0.0
0500501001,4.68983811125442,0,1,3,35,4.4,25.572883425223058,0,0,0,5,0.5,11.828076391496259,0,0,1,9,1.1,27.352700694722348,0,0,0,1,0.1,23.717483417473584,0,0,0,2,0.2
0500701001,7.401489957793489,0,0,5,17,2.7,7.3578436846409145,0,0,1,2,0.4,7.3578436846409145,0,0,2,5,0.9,66.22061874766574,0,0,0,0,0.0,28.53799654673043,0,0,0,1,0.1
0500801001,6.009683034404357,0,0,4,18,2.6,7.485003978692183,0,0,2,3,0.7,7.485003978692183,0,0,2,5,0.9,45.58928499310223,0,0,0,0,0.0,28.658321949926588,0,0,0,2,0.2
0501001001,6.068827481349276,0,0,5,11,2.1,11.3953262680926,0,0,1,1,0.3,8.03966490775456,0,0,2,3,0.7,62.555834881865096,0,0,0,0,0.0,30.851077177207976,0,0,0,0,0.0
0501201001,4.0535863067647,0,1,4,12,2.3,31.791326523723363,0,0,0,0,0.0,26.30426157978232,0,0,0,1,0.1,32.9953051427662,0,0,0,0,0.0,26.802685722420822,0,0,0,1,0.1
0501301001,0.0,1,1,8,16,3.9000000000000004,5.715406956509003,0,0,1,1,0.3,7.6103890860195715,0,0,1,2,0.4,53.008139935840454,0,0,0,0,0.0,7.6103890860195715,0,0,1,1,0.3
0501401001,0.0,2,2,10,15,4.9,1.8965715853834255,0,1,1,1,0.6,0.0,1,1,2,2,1.3,59.15342869367842,0,0,0,0,0.0,0.0,1,1,1,1,1.0
0501401002,2.06895031714331,0,2,10,14,3.9999999999999996,3.0904215878626142,0,1,1,1,0.6,2.06895031714331,0,1,2,2,0.8999999999999999,60.61377220459294,0,0,0,0,0.0,2.06895031714331,0,1,1,1,0.6
0501402001,2.2756061619843595,0,2,11,15,4.3,1.6847558468489539,0,1,1,1,0.6,2.2756061619843595,0,1,2,2,0.8999999999999999,58.73914032398102,0,0,0,0,0.0,2.2756061619843595,0,1,1,1,0.6
0501402002,1.8965715853834255,0,2,10,15,4.1,0.0,1,1,1,1,1.0,1.8965715853834255,0,1,1,2,0.7,57.55169271807464,0,0,0,0,0.0,1.8965715853834255,0,1,1,1,0.6
0501403001,4.237908300635894,0,4,7,14,4.0,6.649322050388457,0,0,1,1,0.3,4.886688975637282,0,1,2,2,0.8999999999999999,64.01172832692873,0,0,0,0,0.0,4.886688975637282,0,1,1,1,0.6
0501501001,9.579464518984425,0,0,2,16,2.0,27.41888525966278,0,0,0,2,0.2,13.2347907240676,0,0,1,5,0.7,46.75188897985146,0,0,0,0,0.0,40.11487473763532,0,0,0,0,0.0
0501601001,3.16063833959686,0,1,5,22,3.5,3.16063833959686,0,2,2,4,1.4,3.16063833959686,0,1,2,9,1.6,49.134253821505844,0,0,0,0,0.0,20.65336267604697,0,0,0,2,0.2
0501602001,2.911740298415208,0,2,5,19,3.5,2.911740298415208,0,2,2,3,1.3,2.911740298415208,0,1,2,7,1.4,46.46082660861663,0,0,0,0,0.0,24.08336612312068,0,0,0,2,0.2
0501602002,0.0,1,3,4,18,3.9000000000000004,0.0,2,2,2,3,2.1,0.0,1,2,2,7,2.1,46.0213574896148,0,0,0,0,0.0,21.934464010421564,0,0,0,1,0.1
0501602003,2.1507221190010184,0,3,4,17,3.3999999999999995,2.1507221190010184,0,2,2,3,1.3,2.1507221190010184,0,2,2,7,1.7,45.466498610277284,0,0,0,0,0.0,23.94466094686886,0,0,0,1,0.1
0501602004,0.0,1,4,4,18,4.2,3.391420801388751,0,2,2,3,1.3,2.2530013328534206,0,2,2,6,1.6,42.75143698598847,0,0,0,0,0.0,24.723050958778742,0,0,0,1,0.1
0501602005,0.0,1,3,4,18,3.9000000000000004,3.518755938154854,0,2,2,3,1.3,0.0,1,2,2,6,2.0,42.80928646356115,0,0,0,0,0.0,23.088934928311,0,0,0,1,0.1
0501701001,3.2771345047825897,0,1,5,31,4.4,18.505229958776244,0,0,0,2,0.2,17.94524904707131,0,0,0,7,0.7000000000000001,20.285019322739288,0,0,0,1,0.1,16.84638182303732,0,0,0,2,0.2
0501801001,8.727295328931419,0,0,5,10,2.0,11.094180202928198,0,0,1,1,0.3,10.010766473924045,0,0,2,2,0.6,66.03591736677944,0,0,0,0,0.0,31.991637952771224,0,0,0,0,0.0
0501901001,0.46291696824595063,5,15,19,34,13.7,0.46291696824595063,1,2,2,2,1.6,0.41108988490881304,1,5,5,7,3.6,2.2241998218617316,0,1,1,1,0.6,2.2241998218617316,0,1,2,2,0.8999999999999999
0501901002,0.0,1,3,20,29,8.2,6.338206383717539,0,0,2,2,0.6,5.862210192254528,0,0,5,6,1.6,8.162917589327764,0,0,1,1,0.3,5.572479097629891,0,0,2,2,0.6
0501902001,0.24293162579801358,9,15,19,34,15.299999999999999,0.4927109885754893,1,2,2,2,1.6,0.5496272057390477,4,5,5,7,4.8,1.7982361562687672,0,1,1,1,0.6,1.7982361562687672,0,1,2,2,0.8999999999999999
0501902002,0.0,10,15,19,35,15.799999999999999,0.9499467283758102,2,2,2,2,2.0,0.0,4,5,5,7,4.8,1.4273373470147983,0,1,1,1,0.6,1.4273373470147983,0,1,2,2,0.8999999999999999
0501903001,0.474434295095403,5,15,19,34,13.7,0.8055132793833525,1,2,2,2,1.6,0.0,1,5,5,7,3.6,2.3421443272279383,0,1,1,1,0.6,2.3421443272279383,0,1,2,2,0.8999999999999999
0501903002,0.0,1,11,19,32,10.700000000000001,4.8909015293319555,0,1,2,2,0.8999999999999999,4.085596280336322,0,2,5,6,2.1999999999999997,6.020044052335192,0,0,1,1,0.3,6.020044052335192,0,0,2,2,0.6
0501904001,2.583241931917218,0,1,18,35,7.3999999999999995,6.438440993788195,0,0,2,3,0.7,6.125966585571864,0,0,5,7,1.7,6.4283877582267985,0,0,1,1,0.3,5.192597480836417,0,0,2,2,0.6
0501904002,0.0,7,15,19,34,14.5,0.0,1,2,2,2,1.6,0.6650404468481949,5,5,5,7,5.2,1.851025024203437,0,1,1,1,0.6,1.851025024203437,0,1,2,2,0.8999999999999999
0501904003,0.14242891804271737,5,14,19,35,13.499999999999998,0.303383873186644,1,2,2,2,1.6,0.7751652876717473,3,5,5,7,4.4,1.9101180215073414,0,1,1,1,0.6,1.9101180215073414,0,2,2,2,1.2
0501904004,0.21087828670267336,6,14,19,35,13.9,0.36688684383815806,1,2,2,2,1.6,0.5037335681772411,3,5,5,7,4.4,1.616242434661115,0,1,1,1,0.6,1.616242434661115,0,1,2,2,0.8999999999999999
0501904005,0.0,7,14,19,35,14.299999999999999,0.6650404468481949,1,2,2,2,1.6,0.0,4,5,5,7,4.8,1.1872555493684809,0,1,1,1,0.6,1.1872555493684809,0,1,2,2,0.8999999999999999
0501904006,0.0,7,15,19,34,14.5,0.3696777381959453,1,2,2,2,1.6,0.31253051069216725,5,5,5,7,5.2,1.4963145611865167,0,1,1,1,0.6,1.4963145611865167,0,1,2,2,0.8999999999999999
0501904008,0.5706613618287493,4,14,19,35,13.1,1.045028594913275,0,2,2,2,1.2,0.255820431198558,3,5,5,7,4.4,1.0313761844190017,0,1,1,1,0.6,1.0313761844190017,0,1,2,2,0.8999999999999999
0501904009,0.0,5,14,19,35,13.499999999999998,0.39059860345736214,1,2,2,2,1.6,0.7145625836048527,3,5,5,7,4.4,1.8094346170057007,0,1,1,1,0.6,1.8094346170057007,0,2,2,2,1.2
0501904010,0.3149603482289949,6,14,19,35,13.9,0.8528409238635664,1,2,2,2,1.6,0.0,4,5,5,7,4.8,1.0612503138124345,0,1,1,1,0.6,1.0612503138124345,0,1,2,2,0.8999999999999999
0501904011,0.0,2,14,19,39,12.7,0.8625834490769769,1,2,2,2,1.6,1.0612503138124345,0,5,5,9,3.4,0.0,1,1,1,1,1.0,0.0,1,1,2,2,1.3
0501904012,2.6178439883813467,0,12,18,39,11.1,3.3019644579643077,0,2,2,3,1.3,3.489573091118194,0,5,5,11,3.6,2.6178439883813467,0,1,1,1,0.6,2.6178439883813467,0,1,2,2,0.8999999999999999
0501904013,4.173647801627695,0,1,17,40,7.699999999999999,6.0275845482369625,0,0,2,3,0.7,5.48172206010046,0,0,5,8,1.8,5.459248984419949,0,0,1,1,0.3,5.459248984419949,0,0,2,2,0.6
0501904014,4.362587800925801,0,3,17,38,8.1,5.223292205452443,0,0,2,3,0.7,4.669879031834464,0,3,5,10,2.9,4.362587800925801,0,1,1,1,0.6,4.362587800925801,0,1,2,2,0.8999999999999999
0501905001,0.21298256490560194,10,15,19,34,15.7,0.5372053000909632,1,2,2,2,1.6,0.32357936816402255,5,5,5,7,5.2,1.4218310562781815,0,1,1,1,0.6,1.4218310562781815,0,1,2,2,0.8999999999999999
0501905002,0.24511235513320073,9,15,19,35,15.399999999999999,0.7644843676828763,1,2,2,2,1.6,0.24511235513320073,4,5,5,7,4.8,1.3434565367909899,0,1,1,1,0.6,1.3434565367909899,0,1,2,2,0.8999999999999999
0501905003,0.310229626479908,9,15,19,35,15.399999999999999,0.6451773119486701,1,2,2,2,1.6,0.310229626479908,4,5,5,7,4.8,1.159771829874034,0,1,1,1,0.6,1.159771829874034,0,1,2,2,0.8999999999999999
0501905004,0.0,4,14,19,36,13.2,0.0,1,2,2,2,1.6,0.9499467283758102,1,5,5,8,3.7,0.8625834490769769,1,1,1,1,1.0,0.8625834490769769,1,1,2,2,1.3
0501905005,0.5834973878272441,7,14,19,35,14.299999999999999,0.5834973878272441,1,2,2,2,1.6,0.6154035729381865,4,5,5,7,4.8,0.7874739481985867,1,1,1,1,1.0,0.7874739481985867,1,1,2,2,1.3
0501905006,1.9644095848320333,0,14,19,40,12.0,2.21941605255753,0,2,2,3,1.3,3.0256149638699656,0,5,5,12,3.7,1.9644095848320333,0,1,1,1,0.6,1.9644095848320333,0,1,2,2,0.8999999999999999
0501906001,0.0,11,15,19,35,16.2,0.7262018522250898,1,2,2,2,1.6,0.474434295095403,4,5,5,7,4.8,1.8995278164849139,0,1,1,1,0.6,1.8995278164849139,0,1,2,2,0.8999999999999999
0501906002,0.0,6,15,19,35,14.199999999999998,0.6258846046837423,1,2,2,2,1.6,0.4678676267847283,1,5,5,7,3.6,1.3477519640498028,0,1,1,1,0.6,1.3477519640498028,0,1,2,2,0.8999999999999999
0501906003,3.261357238278788,0,12,19,38,11.2,3.261357238278788,0,1,2,3,0.9999999999999999,4.1460769670108055,0,4,5,12,3.4,3.521040590651241,0,1,1,1,0.6,3.521040590651241,0,1,2,2,0.8999999999999999
0501906004,0.21902434752816277,9,15,19,35,15.399999999999999,0.9467888201739467,1,2,2,2,1.6,0.473137923239404,2,5,5,7,4.0,1.899182654038086,0,1,1,1,0.6,1.899182654038086,0,1,2,2,0.8999999999999999
0501906005,0.0,7,15,19,35,14.6,1.0618872980701501,0,2,2,2,1.2,0.534138280889509,2,5,5,7,4.0,2.1158987420021385,0,1,1,1,0.6,2.1158987420021385,0,1,2,2,0.8999999999999999
0501906006,0.0,7,15,19,35,14.6,1.2285260855910245,0,2,2,2,1.2,0.6257767766541904,2,5,5,7,4.0,2.025717884944899,0,1,1,1,0.6,2.025717884944899,0,1,2,2,0.8999999999999999
0501906008,0.0,5,15,19,33,13.6,1.67920644690748,0,2,2,2,1.2,1.0418230848350072,0,5,5,7,3.2,2.4989065989844392,0,1,1,1,0.6,2.4989065989844392,0,1,2,2,0.8999999999999999
0501906009,0.2357945946310122,11,15,19,35,16.2,0.9369264294544982,1,2,2,2,1.6,0.2357945946310122,4,5,5,7,4.8,1.6631166659782655,0,1,1,1,0.6,1.6631166659782655,0,1,2,2,0.8999999999999999
0501906010,0.23236707616683983,7,15,19,35,14.6,1.1710154940927142,0,2,2,2,1.2,0.4937898887500465,2,5,5,7,4.0,1.8324954276502952,0,1,1,1,0.6,1.8324954276502952,0,1,2,2,0.8999999999999999
0501906011,10.731875349550876,0,0,18,34,7.0,12.318477745792482,0,0,2,4,0.8,13.088389328959822,0,0,6,11,2.3,12.68489464393444,0,0,1,1,0.3,12.68489464393444,0,0,1,2,0.4
0501906012,0.6741954052380867,2,15,19,33,12.4,2.023246824191417,0,2,2,2,1.2,1.6470701927138758,0,5,5,7,3.2,2.838847383612213,0,1,1,1,0.6,2.838847383612213,0,1,2,2,0.8999999999999999
0501906013,3.580355614167139,0,3,19,31,7.8,5.8078218669944635,0,0,2,2,0.6,5.783294311375289,0,0,5,8,1.8,6.663763640991959,0,0,1,1,0.3,6.663763640991959,0,0,2,2,0.6
0501906014,0.8081859092535486,1,15,19,35,12.2,1.0528827907403373,0,2,2,2,1.2,1.225877816916203,0,5,5,8,3.3,1.9154051744828344,0,1,1,1,0.6,1.9154051744828344,0,1,2,2,0.8999999999999999
0502101001,0.0,2,2,3,20,4.0,1.916809159281931,0,1,1,2,0.7,1.916809159281931,0,1,1,5,1.0,66.19661017786459,0,0,0,0,0.0,19.82821177572995,0,0,0,1,0.1
0502101002,1.916809159281931,0,2,3,20,3.2,0.0,1,1,1,2,1.1,0.0,1,1,1,5,1.4,66.55589606281134,0,0,0,0,0.0,21.723660244988825,0,0,0,1,0.1
0502201001,9.325188884608377,0,0,10,44,6.4,12.581510047023217,0,0,1,4,0.6000000000000001,11.387600061693176,0,0,3,12,1.7999999999999998,18.56773427865865,0,0,0,1,0.1,18.56773427865865,0,0,0,2,0.2
0502201002,0.0,2,2,14,36,7.8,8.125217072385723,0,0,2,4,0.8,7.39824177868233,0,0,4,11,1.9,27.68212688070453,0,0,0,1,0.1,27.68212688070453,0,0,0,1,0.1
0502301001,9.198531797931615,0,0,3,25,3.1,18.022726226292487,0,0,0,4,0.4,14.75420659198992,0,0,1,6,0.8,50.4716543587069,0,0,0,0,0.0,25.454433438119338,0,0,0,1,0.1
0502401001,9.10980411799295,0,0,11,23,4.5,10.769642263637918,0,0,2,2,0.6,10.916841711216518,0,0,3,5,1.0999999999999999,61.94116722364738,0,0,0,0,0.0,11.107014528099896,0,0,1,1,0.3
0502501001,8.921977264259898,0,0,2,11,1.5,26.924453584421798,0,0,0,1,0.1,8.921977264259898,0,0,1,2,0.4,52.67367412833161,0,0,0,0,0.0,41.913349982910496,0,0,0,0,0.0
0502601001,5.437940613927736,0,0,3,21,2.7,21.81183108115583,0,0,0,4,0.4,12.972700267730447,0,0,1,4,0.6000000000000001,50.68375285783524,0,0,0,0,0.0,27.248539668888526,0,0,0,1,0.1
0502701001,7.7392831372922295,0,0,5,30,4.0,17.467210450814534,0,0,0,4,0.4,16.749528437330014,0,0,0,9,0.9,19.00678892439603,0,0,0,1,0.1,17.470000024677553,0,0,0,2,0.2
0502901001,5.530335283921281,0,0,5,18,2.8,20.844150403749158,0,0,0,3,0.30000000000000004,5.530335283921281,0,0,1,4,0.6000000000000001,42.47115085047402,0,0,0,0,0.0,34.77074725282485,0,0,0,0,0.0
0503001001,8.443366733723972,0,0,18,29,6.5,8.94123106488511,0,0,2,2,0.6,9.364666745027558,0,0,5,9,1.9,9.639242327391605,0,0,1,1,0.3,9.639242327391605,0,0,1,2,0.4
0503301001,9.956649714795285,0,0,5,14,2.4,9.956649714795285,0,0,1,1,0.3,13.21148866466282,0,0,1,3,0.5,41.58081267309784,0,0,0,0,0.0,35.97925334328946,0,0,0,0,0.0
0503401001,5.793702985483704,0,0,4,29,3.7,17.661586116820896,0,0,0,3,0.30000000000000004,19.305067299824778,0,0,0,5,0.5,60.58675641944996,0,0,0,0,0.0,16.390293441176865,0,0,0,1,0.1
0503501001,5.37600952702948,0,0,2,30,3.4000000000000004,21.043103690829067,0,0,0,4,0.4,17.591038223058863,0,0,0,10,1.0,25.950770894543478,0,0,0,1,0.1,25.950770894543478,0,0,0,2,0.2
0503601001,9.275648419120925,0,0,4,28,3.6000000000000005,15.732631360434445,0,0,0,4,0.4,12.960011009220603,0,0,1,8,1.0,30.699776105531917,0,0,0,0,0.0,30.203784657896207,0,0,0,0,0.0
0503701001,12.800965038801934,0,0,2,15,1.9,11.279744391816749,0,0,1,2,0.4,11.279744391816749,0,0,1,4,0.6000000000000001,73.16155911551537,0,0,0,0,0.0,29.07110673229693,0,0,0,1,0.1
0503801001,11.495716840817066,0,0,2,11,1.5,30.765402213975076,0,0,0,0,0.0,11.495716840817066,0,0,1,1,0.3,49.234742838941315,0,0,0,0,0.0,40.30435169690432,0,0,0,0,0.0
0503901001,6.297533688768477,0,0,3,32,3.8000000000000003,22.554526324265154,0,0,0,3,0.30000000000000004,18.747446338924114,0,0,0,7,0.7000000000000001,24.400466011802823,0,0,0,1,0.1,19.13081300841819,0,0,0,2,0.2
0504001001,7.249324714343136,0,0,14,28,5.6000000000000005,14.696840209000275,0,0,1,2,0.4,14.307576447721184,0,0,1,6,0.8,16.546810004800065,0,0,0,1,0.1,11.979982348503865,0,0,1,2,0.4
0504101001,0.0,1,1,9,30,5.5,20.438378102477653,0,0,0,2,0.2,8.727069924482398,0,0,1,7,0.9000000000000001,29.414782182007972,0,0,0,1,0.1,28.465631993817656,0,0,0,2,0.2
0504201001,9.004940739638107,0,0,4,17,2.5,16.76988087554793,0,0,0,2,0.2,10.490603146064391,0,0,1,3,0.5,34.95890520373865,0,0,0,0,0.0,32.97588628619367,0,0,0,0,0.0
0504301001,4.886882498656535,0,1,3,19,2.8,21.871901468247334,0,0,0,3,0.30000000000000004,8.50946381505327,0,0,1,4,0.6000000000000001,46.491660922171576,0,0,0,0,0.0,31.58280318244267,0,0,0,0,0.0
0504401001,18.16543910015234,0,0,0,15,1.5,21.753192280136346,0,0,0,2,0.2,17.786945189004914,0,0,0,4,0.4,44.49193299293274,0,0,0,0,0.0,38.11128385375981,0,0,0,0,0.0
0504501001,11.114187849352195,0,0,4,28,3.6000000000000005,18.79844351863231,0,0,0,3,0.30000000000000004,12.972420101003507,0,0,1,8,1.0,30.701351097343,0,0,0,0,0.0,28.953234431868413,0,0,0,1,0.1
0504601001,9.119494900521,0,0,4,20,2.8,17.262131504609535,0,0,0,3,0.30000000000000004,9.119494900521,0,0,1,4,0.6000000000000001,43.58370709029626,0,0,0,0,0.0,32.1983792164455,0,0,0,0,0.0
0504701001,0.0,2,2,6,12,3.8000000000000003,15.036785809419964,0,0,0,1,0.1,0.0,1,1,2,2,1.3,72.47861963476588,0,0,0,0,0.0,13.654110619890462,0,0,1,1,0.3
0504703001,6.422074759727188,0,0,4,8,1.6,19.97973665890291,0,0,0,1,0.1,6.422074759727188,0,0,1,2,0.4,76.50532203498722,0,0,0,0,0.0,18.934197040846378,0,0,0,1,0.1
0504703002,11.614341840370717,0,0,4,11,1.9,19.033970422241143,0,0,0,2,0.2,11.614341840370717,0,0,1,3,0.5,72.20282075408542,0,0,0,0,0.0,18.74040609227347,0,0,0,1,0.1
0504703003,5.810109250450904,0,0,6,12,2.4,12.486844147476088,0,0,1,1,0.3,7.430253322059276,0,0,2,2,0.6,67.90888206179376,0,0,0,0,0.0,11.977003585190484,0,0,1,1,0.3
0504801001,3.4215926246631585,0,1,3,18,2.7,20.772183835375778,0,0,0,3,0.30000000000000004,3.4215926246631585,0,1,1,4,0.9,41.96690247314626,0,0,0,0,0.0,36.61804361071799,0,0,0,0,0.0
0504901001,0.0,1,2,20,30,8.0,9.748707875522978,0,0,2,2,0.6,9.018236711212188,0,0,5,7,1.7,11.267524244574451,0,0,1,1,0.3,10.505626723900903,0,0,2,2,0.6
0505101001,2.360137622952772,0,2,3,22,3.4000000000000004,4.273979608868227,0,1,1,2,0.7,4.273979608868227,0,1,1,5,1.0,66.00408591747198,0,0,0,0,0.0,17.539315334796793,0,0,0,1,0.1
0505201001,14.853959502526228,0,0,1,11,1.3,33.86198621583029,0,0,0,0,0.0,14.853959502526228,0,0,1,1,0.3,44.06773829804459,0,0,0,0,0.0,36.131819058107915,0,0,0,0,0.0
0505301001,6.723497913381417,0,0,21,26,6.8,10.308132661247638,0,0,2,2,0.6,10.33966011054016,0,0,5,5,1.5,11.970969508648565,0,0,1,1,0.3,5.768702029117978,0,0,2,2,0.6
0505401001,0.0,1,1,10,26,5.3,15.948488276005744,0,0,0,3,0.30000000000000004,9.715216842224102,0,0,3,5,1.0999999999999999,38.85498873351304,0,0,0,0,0.0,28.426226433765535,0,0,0,1,0.1
0505501001,3.089202771180677,0,3,13,20,5.5,6.351022163584529,0,0,2,2,0.6,3.089202771180677,0,1,4,6,1.7,35.674517890830835,0,0,0,0,0.0,35.674517890830835,0,0,0,0,0.0
0505601001,10.746890059111218,0,0,2,22,2.6,16.285078451295874,0,0,0,3,0.30000000000000004,16.285078451295874,0,0,0,5,0.5,52.089275617318556,0,0,0,0,0.0,23.02549582806335,0,0,0,1,0.1
0505701001,2.8547392259517976,0,2,7,35,5.5,5.529400218516291,0,0,1,4,0.6000000000000001,2.8547392259517976,0,1,3,12,2.1,27.74540641374994,0,0,0,1,0.1,27.74540641374994,0,0,0,1,0.1
0505702001,2.605166481969447,0,2,7,33,5.300000000000001,5.77852707485942,0,0,1,4,0.6000000000000001,2.605166481969447,0,1,3,12,2.1,27.803898705471468,0,0,0,1,0.1,27.803898705471468,0,0,0,1,0.1
0505702002,0.0,2,2,7,21,4.9,7.1368424392892615,0,0,1,2,0.4,0.0,1,1,3,8,2.1,29.77084279518477,0,0,0,1,0.1,29.77084279518477,0,0,0,1,0.1
0505801001,13.175930133864862,0,0,2,16,2.0,25.77808272888699,0,0,0,1,0.1,24.27127117491635,0,0,0,2,0.2,37.64193318463388,0,0,0,0,0.0,27.67297074376519,0,0,0,1,0.1
0505901001,0.0,1,1,4,29,4.4,25.023765012704853,0,0,0,3,0.30000000000000004,24.9712063796821,0,0,0,6,0.6000000000000001,26.730648725513202,0,0,0,1,0.1,20.5041002523579,0,0,0,2,0.2
0506001001,4.414145848852871,0,1,5,21,3.4,16.966124507439574,0,0,0,3,0.30000000000000004,7.0447846264277585,0,0,1,5,0.7,46.08396430851468,0,0,0,0,0.0,35.717426163215364,0,0,0,0,0.0
0506101001,2.7358600745664035,0,2,20,30,7.6,5.005024920253317,0,0,2,2,0.6,5.311951610373433,0,0,5,6,1.6,6.422533029382624,0,0,1,1,0.3,0.0,1,1,2,2,1.3
0506201001,4.609606008811413,0,1,3,19,2.8,22.02558818118722,0,0,0,3,0.30000000000000004,5.115327661353095,0,0,1,4,0.6000000000000001,34.053000929415035,0,0,0,0,0.0,30.4041000307171,0,0,0,0,0.0
0506301001,6.642416822021494,0,0,2,15,1.9,25.07192081550946,0,0,0,1,0.1,9.221394627245614,0,0,1,3,0.5,50.52422692635924,0,0,0,0,0.0,38.73832599670216,0,0,0,0,0.0
0506401001,6.479822969950389,0,0,4,18,2.6,20.14975342260328,0,0,0,3,0.30000000000000004,6.479822969950389,0,0,1,4,0.6000000000000001,35.65757057971798,0,0,0,0,0.0,32.95940398270162,0,0,0,0,0.0
0506501001,0.0,1,1,3,19,3.2,18.69078740938324,0,0,0,1,0.1,7.3986325498038905,0,0,1,4,0.6000000000000001,34.36146295625559,0,0,0,0,0.0,29.99405976319172,0,0,0,1,0.1
0506601001,5.046555295818353,0,0,9,19,3.6999999999999997,9.122684490939355,0,0,1,1,0.3,10.844631044515438,0,0,1,2,0.4,48.48277556331515,0,0,0,0,0.0,10.844631044515438,0,0,1,1,0.3
0506701001,4.063450018090806,0,1,3,29,3.8,22.455543012317015,0,0,0,3,0.30000000000000004,22.29813382225488,0,0,0,6,0.6000000000000001,24.240642157859376,0,0,0,1,0.1,18.31858013671194,0,0,0,2,0.2
0506901001,8.234824008113863,0,0,4,16,2.4000000000000004,15.418061427414024,0,0,0,3,0.30000000000000004,9.89041623848178,0,0,2,3,0.7,38.57752558141032,0,0,0,0,0.0,36.34046288179694,0,0,0,0,0.0
0507001001,7.904491490406795,0,0,5,21,3.1,7.904491490406795,0,0,2,5,0.9,7.904491490406795,0,0,2,8,1.2000000000000002,50.13111238915949,0,0,0,0,0.0,25.09504315211542,0,0,0,2,0.2
0507201001,2.8311124175158056,0,2,4,17,3.0999999999999996,6.032346233437627,0,0,2,3,0.7,2.8311124175158056,0,1,2,6,1.2999999999999998,41.54002709467152,0,0,0,0,0.0,22.607124278501935,0,0,0,1,0.1
0507301001,6.729703467750474,0,0,7,21,3.5,10.728572445202857,0,0,1,1,0.3,10.692330493854369,0,0,2,4,0.8,47.488092499014,0,0,0,0,0.0,39.99308310967284,0,0,0,0,0.0
0507401001,0.0,1,1,3,18,3.1,19.930525338851563,0,0,0,3,0.30000000000000004,0.0,1,1,1,4,1.3,39.114640552865254,0,0,0,0,0.0,35.519252102748794,0,0,0,0,0.0
0507501001,4.8622499397445,0,2,8,22,4.4,7.308685793296365,0,0,1,2,0.4,4.8622499397445,0,1,2,4,1.0999999999999999,45.196129060205834,0,0,0,0,0.0,36.54267323016803,0,0,0,0,0.0
0507601001,0.0,1,1,19,33,7.8,5.722335153322704,0,0,2,2,0.6,5.763779316736095,0,0,5,6,1.6,6.454457564955966,0,0,1,1,0.3,2.7358600745664035,0,1,2,2,0.8999999999999999
0507701001,7.520849397943486,0,0,4,18,2.6,17.751806029613284,0,0,0,3,0.30000000000000004,7.520849397943486,0,0,1,4,0.6000000000000001,40.974767133064304,0,0,0,0,0.0,34.79918398994912,0,0,0,0,0.0
0507801001,9.517267454433723,0,0,4,23,3.1,16.84259518511415,0,0,0,3,0.30000000000000004,11.738052508199845,0,0,1,4,0.6000000000000001,46.635000922369116,0,0,0,0,0.0,29.045617066732856,0,0,0,1,0.1
0507901001,6.502653360083669,0,0,5,26,3.6,18.792347246991998,0,0,0,2,0.2,18.675276202074233,0,0,0,6,0.6000000000000001,20.554650608368554,0,0,0,1,0.1,14.551752119010079,0,0,1,2,0.4
0508001001,13.116496939855784,0,0,1,12,1.4000000000000001,20.929859026833835,0,0,0,1,0.1,19.62228029878595,0,0,0,3,0.30000000000000004,39.67260701843753,0,0,0,0,0.0,33.33689106037866,0,0,0,0,0.0
0508101001,15.05898439671466,0,0,0,14,1.4000000000000001,25.516291709915425,0,0,0,1,0.1,18.928897686997573,0,0,0,2,0.2,42.370399746378354,0,0,0,0,0.0,27.38841347506321,0,0,0,1,0.1
0508201001,3.4967782620108747,0,1,10,27,5.0,18.984028273915005,0,0,0,2,0.2,17.67375677830567,0,0,0,4,0.4,44.04832019926306,0,0,0,0,0.0,19.700441917343785,0,0,0,1,0.1
0508301001,4.357918000154086,0,1,20,35,7.8,9.927780215933677,0,0,2,2,0.6,9.813166171844712,0,0,5,6,1.6,10.297274002903103,0,0,1,1,0.3,6.671709956333816,0,0,2,2,0.6
0508401001,8.413373147249777,0,0,7,23,3.7,9.769252737177743,0,0,2,2,0.6,9.769252737177743,0,0,2,5,0.9,58.88927769707199,0,0,0,0,0.0,14.763289250524789,0,0,1,1,0.3
0508501001,9.835931461936784,0,0,3,14,2.0,10.944167633679246,0,0,1,2,0.4,10.944167633679246,0,0,1,4,0.6000000000000001,73.91489157063957,0,0,0,0,0.0,18.55518506458842,0,0,0,1,0.1
0508601001,4.906210164653093,0,1,5,18,3.0999999999999996,5.664154940038717,0,0,1,1,0.3,8.913099270876366,0,0,2,4,0.8,45.413488064672514,0,0,0,0,0.0,40.160384894394426,0,0,0,0,0.0
0508701001,8.156302458855574,0,0,6,31,4.3,19.62965616649571,0,0,0,4,0.4,18.852363456459756,0,0,0,9,0.9,20.93870774302314,0,0,0,1,0.1,20.534549655684494,0,0,0,2,0.2
0508801001,7.120311971026811,0,0,3,31,3.7,23.449140490536433,0,0,0,3,0.30000000000000004,18.127849968519573,0,0,0,8,0.8,27.636974055431377,0,0,0,1,0.1,22.128110597559623,0,0,0,2,0.2
0508901001,5.088917037961814,0,0,8,14,3.0,5.1448772492886725,0,0,1,1,0.3,5.088917037961814,0,0,2,2,0.6,61.310579956245434,0,0,0,0,0.0,5.088917037961814,0,0,1,1,0.3
0509001001,7.659623793697635,0,0,5,17,2.7,11.176529527564078,0,0,2,3,0.7,7.659623793697635,0,0,2,6,1.0,36.17290405098236,0,0,0,0,0.0,26.814908967824906,0,0,0,1,0.1
0509201001,10.546850601236223,0,0,4,30,3.8,22.35058195970173,0,0,0,4,0.4,19.294920297039006,0,0,0,9,0.9,23.788300235337623,0,0,0,1,0.1,23.655043040204575,0,0,0,2,0.2
0509301001,8.277658974768594,0,0,11,35,5.7,13.684536346884295,0,0,1,3,0.5,14.551622723924515,0,0,4,12,2.0,13.493918641171646,0,0,1,1,0.3,13.493918641171646,0,0,1,2,0.4
0509401001,8.636865568616326,0,0,3,13,1.9,15.609356909523305,0,0,0,1,0.1,15.282422111587223,0,0,0,3,0.30000000000000004,35.42618713591999,0,0,0,0,0.0,29.969909750523495,0,0,0,1,0.1
0509501001,7.268024117222337,0,0,7,21,3.5,5.379849780295474,0,0,1,2,0.4,7.268024117222337,0,0,2,5,0.9,46.34726554615125,0,0,0,0,0.0,40.70626471703889,0,0,0,0,0.0
0509601001,5.231507857258303,0,0,4,33,4.1000000000000005,27.26488255718109,0,0,0,2,0.2,27.343349766356432,0,0,0,6,0.6000000000000001,27.97807562101212,0,0,0,1,0.1,22.72968198367811,0,0,0,2,0.2
0509701001,0.0,1,1,7,21,4.2,9.225060827956158,0,0,1,2,0.4,9.225060827956158,0,0,2,5,0.9,59.00293016729739,0,0,0,0,0.0,25.426311138083726,0,0,0,1,0.1
0509901001,6.392614346454267,0,0,7,21,3.5,21.209922772711362,0,0,0,2,0.2,20.443411409458268,0,0,0,3,0.30000000000000004,48.777720177074976,0,0,0,0,0.0,27.80987376273854,0,0,0,1,0.1
0510001001,4.252948708587442,0,1,8,15,3.4000000000000004,5.589557630834418,0,0,1,1,0.3,7.023562706279401,0,0,1,3,0.5,56.825458551967465,0,0,0,0,0.0,7.023562706279401,0,0,1,1,0.3
0510101001,5.629528904845885,0,0,3,22,2.8,21.51531505754063,0,0,0,1,0.1,23.316247084289525,0,0,0,2,0.2,37.01912543477681,0,0,0,0,0.0,23.316247084289525,0,0,0,1,0.1
0510201001,6.530685623117338,0,0,8,20,3.6,14.841397077740849,0,0,1,2,0.4,0.0,1,1,4,8,2.3,31.010649885390286,0,0,0,0,0.0,31.010649885390286,0,0,0,0,0.0
0510201002,0.0,1,1,8,35,5.800000000000001,13.110387286019396,0,0,1,5,0.7,6.530685623117338,0,0,4,13,2.1,24.65542341012051,0,0,0,1,0.1,24.65542341012051,0,0,0,1,0.1
0510301001,5.246333504332776,0,0,3,15,2.1,14.403788269219767,0,0,1,1,0.3,6.133924742502286,0,0,2,3,0.7,57.8628888182546,0,0,0,0,0.0,31.19005146858787,0,0,0,0,0.0
0510401001,5.411239409659147,0,0,2,19,2.3000000000000003,18.97153531003495,0,0,0,2,0.2,15.9890890990541,0,0,0,4,0.4,53.643894514896814,0,0,0,0,0.0,20.540000505609427,0,0,0,1,0.1
0510501001,0.0,1,1,2,17,2.8,13.60153262097988,0,0,1,2,0.4,15.138116713461034,0,0,0,4,0.4,54.66838143116164,0,0,0,0,0.0,15.138116713461034,0,0,0,1,0.1
0510601001,9.824037261816832,0,0,5,21,3.1,18.46580842094723,0,0,0,1,0.1,20.36202413986548,0,0,0,2,0.2,42.95425177297116,0,0,0,0,0.0,20.36202413986548,0,0,0,1,0.1
0510701001,10.088731525091989,0,0,2,12,1.6,24.2665259164802,0,0,0,1,0.1,23.74561920229735,0,0,0,3,0.30000000000000004,36.082855345319665,0,0,0,0,0.0,29.69505391424471,0,0,0,1,0.1
0510801001,6.808778734011246,0,0,5,23,3.3,7.79662015776724,0,0,1,2,0.4,7.79662015776724,0,0,1,5,0.7,59.62381732775014,0,0,0,0,0.0,17.06746834544063,0,0,0,1,0.1
0510901001,7.448533711709176,0,0,6,15,2.6999999999999997,12.988171475423837,0,0,2,2,0.6,12.402678716981432,0,0,3,3,0.8999999999999999,42.575115171876845,0,0,0,0,0.0,32.155211924947395,0,0,0,0,0.0
0511001001,0.0,2,2,6,20,4.6000000000000005,12.903974603016836,0,0,1,1,0.3,12.60662925682314,0,0,1,3,0.5,54.57742569177928,0,0,0,0,0.0,12.60662925682314,0,0,1,1,0.3
0511201001,4.600295901051283,0,2,4,23,3.7,5.050381444499141,0,0,1,2,0.4,5.050381444499141,0,0,1,5,0.7,61.64220398061952,0,0,0,0,0.0,19.46980557954218,0,0,0,1,0.1
0511301001,5.425989257152479,0,0,3,15,2.1,3.7292865527633303,0,1,1,2,0.7,3.7292865527633303,0,1,1,5,1.0,69.26793825781539,0,0,0,0,0.0,25.13435823165313,0,0,0,1,0.1
0511401001,4.061054490917932,0,1,7,29,4.6,21.138360095520113,0,0,0,4,0.4,22.00427995023171,0,0,0,6,0.6000000000000001,56.91212629135733,0,0,0,0,0.0,20.176919471747787,0,0,0,1,0.1
0511402001,0.0,1,1,6,27,4.6,24.891214185751547,0,0,0,4,0.4,18.361021644391368,0,0,0,6,0.6000000000000001,55.129460911752226,0,0,0,0,0.0,24.150958100524033,0,0,0,1,0.1
0511501001,8.943398488999392,0,0,3,34,4.0,21.095876394899985,0,0,0,4,0.4,13.26893318551378,0,0,1,11,1.3,21.937961556641856,0,0,0,1,0.1,21.937961556641856,0,0,0,2,0.2
0511601001,5.373061283851886,0,0,3,14,2.0,22.477523713638966,0,0,0,1,0.1,5.373061283851886,0,0,1,3,0.5,54.23295329913113,0,0,0,0,0.0,37.973514368028255,0,0,0,0,0.0
0511701001,0.0,1,1,3,22,3.5,19.373823829510627,0,0,0,3,0.30000000000000004,10.756807168334891,0,0,1,5,0.7,49.814563541964475,0,0,0,0,0.0,31.47718150508666,0,0,0,0,0.0
0511801001,11.019242587750773,0,0,4,13,2.1,11.019242587750773,0,0,1,1,0.3,13.324551023618485,0,0,2,4,0.8,42.94623021839314,0,0,0,0,0.0,37.067848915037395,0,0,0,0,0.0
0511901001,7.783462220567714,0,0,2,14,1.8000000000000003,26.225235592372506,0,0,0,1,0.1,26.457670039949136,0,0,0,3,0.30000000000000004,33.21113444411372,0,0,0,0,0.0,26.808910304513706,0,0,0,1,0.1
0512001001,6.661026901150769,0,0,22,28,7.199999999999999,12.574479627128463,0,0,2,2,0.6,12.266915594035058,0,0,5,6,1.6,14.421424318142032,0,0,1,1,0.3,9.494251696163158,0,0,2,2,0.6
0512101001,2.94075717008989,0,1,21,27,7.199999999999999,7.629368613468509,0,0,2,2,0.6,7.429526161250147,0,0,5,5,1.5,9.453415180776531,0,0,1,1,0.3,4.592505585621252,0,1,2,2,0.8999999999999999
0512201001,14.368015414547537,0,0,1,14,1.6,24.024202704091092,0,0,0,1,0.1,17.68563096506044,0,0,0,4,0.4,43.55249034090853,0,0,0,0,0.0,43.82763885748097,0,0,0,0,0.0
0512301001,11.6493706176255,0,0,17,29,6.3,12.175462610279444,0,0,2,3,0.7,12.65203471975401,0,0,6,9,2.0999999999999996,12.829538213839,0,0,1,1,0.3,12.829538213839,0,0,1,2,0.4
0512401001,4.491131675853969,0,1,9,23,4.4,13.235048112056754,0,0,2,2,0.6,11.8547701023611,0,0,2,5,0.9,54.86924965750227,0,0,0,0,0.0,15.51184034932829,0,0,0,1,0.1
0512501001,9.551021500431194,0,0,4,14,2.2,31.032799602255604,0,0,0,0,0.0,27.725906600990292,0,0,0,1,0.1,32.2950810390626,0,0,0,0,0.0,26.978927611451244,0,0,0,1,0.1
0512601001,5.628018911365214,0,0,2,10,1.4,24.65244294306165,0,0,0,1,0.1,5.628018911365214,0,0,1,2,0.4,54.914087838953726,0,0,0,0,0.0,39.005042505822026,0,0,0,0,0.0
0512701001,0.0,1,1,12,25,5.6,20.75365901566369,0,0,0,2,0.2,14.47793821485473,0,0,1,4,0.6000000000000001,41.639259759077596,0,0,0,0,0.0,23.193684301942724,0,0,0,1,0.1
0512801001,0.0,1,1,18,32,7.5,12.61786174726345,0,0,2,2,0.6,11.812361374634996,0,0,5,8,1.8,13.58327991738693,0,0,1,1,0.3,13.58327991738693,0,0,2,2,0.6
0512901001,5.626817360977538,0,0,4,17,2.5,24.156489398148672,0,0,0,2,0.2,10.959339436684624,0,0,1,3,0.5,48.41985320218693,0,0,0,0,0.0,36.21300320621631,0,0,0,0,0.0
0513001001,7.961401093206792,0,0,6,36,4.8,14.983299920213652,0,0,1,2,0.4,14.88706421553112,0,0,1,6,0.8,15.362884995754824,0,0,0,1,0.1,11.268195052331881,0,0,1,2,0.4
0513101001,9.120517696312657,0,0,1,14,1.6,19.14851738360109,0,0,0,1,0.1,21.059819655167747,0,0,0,3,0.30000000000000004,35.67739482503123,0,0,0,0,0.0,29.544872965106205,0,0,0,1,0.1
0513201001,6.255634384769606,0,0,9,18,3.5999999999999996,6.667896792334003,0,0,1,1,0.3,6.60297566380276,0,0,1,2,0.4,55.31868039615709,0,0,0,0,0.0,6.60297566380276,0,0,1,1,0.3
0513301001,6.049097827299039,0,0,10,30,5.0,15.04841466225767,0,0,0,2,0.2,14.419845181519975,0,0,1,7,0.9000000000000001,16.755960062036596,0,0,0,1,0.1,14.181341748244092,0,0,1,2,0.4
0513401001,8.592975750244292,0,0,3,23,2.9,20.24814019976998,0,0,0,3,0.30000000000000004,20.24814019976998,0,0,0,5,0.5,56.92696357224591,0,0,0,0,0.0,18.897999388264004,0,0,0,1,0.1
0513501001,0.0,1,1,4,26,4.1,27.917851424148576,0,0,0,2,0.2,28.205518970925453,0,0,0,5,0.5,29.180051693953352,0,0,0,1,0.1,22.91639016763763,0,0,0,2,0.2
0513601001,4.118149186491828,0,1,2,26,3.3000000000000003,23.935798898781567,0,0,0,2,0.2,24.932806959605355,0,0,0,8,0.8,30.848794551601063,0,0,0,0,0.0,24.614172943505817,0,0,0,1,0.1
0513801001,0.0,1,1,5,30,4.7,18.38861836009695,0,0,0,2,0.2,18.675590942874805,0,0,0,6,0.6000000000000001,19.507039556298814,0,0,0,1,0.1,13.46191759583075,0,0,1,2,0.4
0513901001,5.5530576639351885,0,0,4,32,4.0,22.647019690712785,0,0,0,3,0.30000000000000004,12.24930443634606,0,0,1,7,0.9000000000000001,29.072989429493482,0,0,0,1,0.1,24.505185072225775,0,0,0,2,0.2
0514001001,6.906870038099014,0,0,3,32,3.8000000000000003,25.34310452518041,0,0,0,4,0.4,8.536967199131801,0,0,1,9,1.1,30.619562289515105,0,0,0,0,0.0,27.278001083340893,0,0,0,1,0.1
0514101001,5.7899133852127,0,0,20,30,7.0,10.091927709948196,0,0,2,2,0.6,10.366682545957246,0,0,5,6,1.6,11.45465101034816,0,0,1,1,0.3,5.087128872389976,0,0,2,2,0.6
0514201001,6.184415022360276,0,0,5,15,2.5,13.854742399044278,0,0,1,1,0.3,6.184415022360276,0,0,1,3,0.5,42.90638378920843,0,0,0,0,0.0,38.64386267015355,0,0,0,0,0.0
0514301001,6.3215212291844445,0,0,3,14,2.0,30.774164609858076,0,0,0,0,0.0,27.1184557809299,0,0,0,1,0.1,31.755784234933767,0,0,0,0,0.0,25.921871122400635,0,0,0,1,0.1
0514401001,8.762984193220394,0,0,3,19,2.5,24.478927230560807,0,0,0,2,0.2,16.053370722353257,0,0,0,4,0.4,44.20497550649455,0,0,0,0,0.0,32.59583915161418,0,0,0,0,0.0
0514501001,3.79995288037581,0,1,3,27,3.6000000000000005,22.056562571990224,0,0,0,2,0.2,22.08713656331508,0,0,0,6,0.6000000000000001,23.687242937474167,0,0,0,1,0.1,17.33421813432474,0,0,0,2,0.2
0514701001,7.59463670638741,0,0,6,13,2.5,11.723420484401515,0,0,1,1,0.3,12.041362409085103,0,0,2,3,0.7,39.470881471724645,0,0,0,0,0.0,34.35946178914766,0,0,0,0,0.0
0514801001,6.814576472040916,0,0,3,27,3.3000000000000003,28.092777607324415,0,0,0,2,0.2,28.264104517180254,0,0,0,5,0.5,28.986493353756355,0,0,0,1,0.1,23.332643149164056,0,0,0,2,0.2
0514901001,8.78258258830023,0,0,3,31,3.7,23.52929773077048,0,0,0,4,0.4,8.817908683761523,0,0,1,8,1.0,30.92091143131258,0,0,0,0,0.0,27.981604513915176,0,0,0,1,0.1
0515101001,15.033006794171017,0,0,0,12,1.2000000000000002,29.92209405199427,0,0,0,1,0.1,15.033006794171017,0,0,0,1,0.1,44.21031202605552,0,0,0,0,0.0,31.747195993452987,0,0,0,0,0.0
0515201001,0.0,1,2,4,19,3.7,7.809839125016762,0,0,2,3,0.7,6.713186722686017,0,0,2,6,1.0,39.950133013694,0,0,0,0,0.0,29.516493775509225,0,0,0,1,0.1
0515301001,9.796421520522406,0,0,2,14,1.8000000000000003,10.358650051889759,0,0,1,2,0.4,10.358650051889759,0,0,1,4,0.6000000000000001,75.38281397734983,0,0,0,0,0.0,21.68286832831476,0,0,0,1,0.1
0515401001,12.82390451770249,0,0,3,19,2.5,21.707872184854324,0,0,0,1,0.1,21.842076688886024,0,0,0,2,0.2,42.4178781040583,0,0,0,0,0.0,23.59894261812216,0,0,0,1,0.1
0515501001,6.687530237980112,0,0,2,12,1.6,24.28732903640599,0,0,0,1,0.1,6.687530237980112,0,0,1,2,0.4,52.96338172465577,0,0,0,0,0.0,31.852780194580824,0,0,0,0,0.0
0515601001,6.392504380605057,0,0,9,21,3.9,7.750559008600393,0,0,2,2,0.6,7.750559008600393,0,0,3,6,1.2,37.434151100003305,0,0,0,0,0.0,37.434151100003305,0,0,0,0,0.0
0515701001,7.425653410811339,0,0,3,23,2.9,28.06118800308896,0,0,0,1,0.1,23.639998106375778,0,0,0,2,0.2,30.613493199144884,0,0,0,0,0.0,26.390770654304074,0,0,0,2,0.2
0515801001,0.0,1,1,8,44,6.7,21.482860335082876,0,0,0,4,0.4,9.006853051762954,0,0,1,10,1.2,20.77292604404294,0,0,0,1,0.1,20.186651534918948,0,0,0,2,0.2
0515901001,12.739681614034145,0,0,2,14,1.8000000000000003,12.51026185898009,0,0,1,2,0.4,12.51026185898009,0,0,1,5,0.7,78.93399776649471,0,0,0,0,0.0,27.00781704459475,0,0,0,1,0.1
0516001001,0.0,1,1,5,26,4.300000000000001,22.877678307154973,0,0,0,1,0.1,20.958354910144873,0,0,0,4,0.4,34.67457765200415,0,0,0,0,0.0,24.486842870175327,0,0,0,1,0.1
0516101001,0.0,1,1,4,37,5.2,20.820823032442817,0,0,0,4,0.4,9.637989884749413,0,0,2,12,1.6,20.834768654331125,0,0,0,1,0.1,20.834768654331125,0,0,0,2,0.2
0516201001,8.689286252327273,0,0,1,15,1.7000000000000002,19.8466369165832,0,0,0,2,0.2,16.90828295169723,0,0,0,4,0.4,61.604544686020354,0,0,0,0,0.0,20.877226577286912,0,0,0,1,0.1
0516301001,4.097191447268919,0,2,13,35,6.7,16.42638223821974,0,0,0,4,0.4,4.097191447268919,0,1,3,8,1.7,28.891586370249552,0,0,0,1,0.1,28.891586370249552,0,0,0,2,0.2
0516301002,0.0,2,2,12,41,7.9,15.518202512343272,0,0,0,4,0.4,0.0,1,1,3,11,2.4000000000000004,26.745395135767573,0,0,0,1,0.1,26.745395135767573,0,0,0,2,0.2
0516401001,3.7288697420529675,0,1,4,26,3.7,26.14934141152045,0,0,0,1,0.1,20.687603634897624,0,0,0,4,0.4,31.511991590698262,0,0,0,0,0.0,27.823327733725492,0,0,0,2,0.2
0516501001,5.601342000054742,0,0,3,19,2.5,14.078880155107761,0,0,1,1,0.3,15.919169506894352,0,0,0,3,0.30000000000000004,49.20759090554113,0,0,0,0,0.0,15.919169506894352,0,0,0,1,0.1
0516601001,7.550225800740245,0,0,6,42,5.4,26.279031510580403,0,0,0,4,0.4,14.14233333331116,0,0,1,9,1.1,26.03339055021177,0,0,0,1,0.1,23.623928822091653,0,0,0,2,0.2
0516701001,5.568102375178449,0,0,8,27,4.3,23.215775569852514,0,0,0,2,0.2,17.354386304110296,0,0,0,4,0.4,35.49907628909044,0,0,0,0,0.0,24.547481641932883,0,0,0,1,0.1
0516801001,2.1575963326012038,0,1,7,16,3.3,14.773207201400394,0,0,1,2,0.4,2.1575963326012038,0,1,3,6,1.5,31.942238595955256,0,0,0,0,0.0,31.942238595955256,0,0,0,0,0.0
0516801002,0.0,1,2,5,18,3.8,15.947141815492405,0,0,0,3,0.30000000000000004,0.0,1,1,3,6,1.9000000000000001,29.795930531072248,0,0,0,1,0.1,29.795930531072248,0,0,0,1,0.1
0516802001,0.0,1,2,5,32,5.2,17.940235544143224,0,0,0,4,0.4,3.3935151347060613,0,1,3,11,2.0,26.402959828587893,0,0,0,1,0.1,26.402959828587893,0,0,0,1,0.1
0516802002,4.893962214137908,0,1,6,20,3.5,20.6747269182603,0,0,0,3,0.30000000000000004,4.893962214137908,0,1,4,6,1.7,29.08016391274355,0,0,0,1,0.1,29.08016391274355,0,0,0,1,0.1
0516901001,6.126981946065626,0,0,8,33,4.9,27.213587060128646,0,0,0,3,0.30000000000000004,15.208420544772617,0,0,0,7,0.7000000000000001,29.74651681156923,0,0,0,1,0.1,27.287155773028758,0,0,0,3,0.30000000000000004
0517001001,3.770023185041975,0,2,3,17,2.9000000000000004,4.369934516225652,0,1,1,2,0.7,4.369934516225652,0,1,1,5,1.0,69.84837915580967,0,0,0,0,0.0,20.450706286391995,0,0,0,1,0.1
0517101001,8.423338358181645,0,0,13,25,5.1,10.158626036065021,0,0,2,2,0.6,10.67738183328975,0,0,4,6,1.4,57.11468930383466,0,0,0,0,0.0,10.67738183328975,0,0,1,1,0.3
0517201001,5.169052611864812,0,0,13,29,5.5,13.933691084227016,0,0,1,2,0.4,14.092627790701654,0,0,5,6,1.6,14.825394964625822,0,0,1,1,0.3,9.30563812113807,0,0,2,2,0.6
0517301001,8.612127482952253,0,0,3,32,3.8000000000000003,16.41686830379317,0,0,0,3,0.30000000000000004,8.612127482952253,0,0,1,9,1.1,17.062556899108458,0,0,0,1,0.1,17.062556899108458,0,0,0,2,0.2
0517401001,5.087838105217751,0,0,5,16,2.6,8.5537254916445,0,0,2,3,0.7,5.087838105217751,0,0,2,6,1.0,38.92434675669078,0,0,0,0,0.0,24.524096274476445,0,0,0,1,0.1
0517501001,10.345918573087614,0,0,3,29,3.5,22.806585111027807,0,0,0,4,0.4,17.78061898038678,0,0,0,8,0.8,24.280283456975866,0,0,0,1,0.1,22.92311013232912,0,0,0,2,0.2
0517601001,5.002946159459711,0,0,13,28,5.4,14.189834003399996,0,0,1,2,0.4,14.448575230751254,0,0,4,5,1.3,15.544838558624235,0,0,0,1,0.1,9.185966972339422,0,0,1,2,0.4
0517701001,5.828456087244642,0,0,4,25,3.3,16.346192920030692,0,0,0,4,0.4,12.849644009786898,0,0,1,8,1.0,30.823711735853337,0,0,0,0,0.0,30.823711735853337,0,0,0,0,0.0
0517801001,7.2980927008552845,0,0,7,21,3.5,7.2980927008552845,0,0,2,5,0.9,7.2980927008552845,0,0,2,9,1.3,52.49277965779294,0,0,0,0,0.0,22.071332235944524,0,0,0,2,0.2
0517901001,9.474928665591829,0,0,4,32,4.0,22.606682465384313,0,0,0,5,0.5,11.261473663973737,0,0,1,8,1.0,29.247694960901665,0,0,0,1,0.1,26.74882344811884,0,0,0,2,0.2
0518001001,7.488409870951037,0,0,4,29,3.7,19.965095803186166,0,0,0,2,0.2,14.882545900903187,0,0,1,8,1.0,30.97873155516069,0,0,0,0,0.0,25.71115923127534,0,0,0,1,0.1
0518101001,19.087747288224037,0,0,0,13,1.3,27.954922932138384,0,0,0,2,0.2,20.239901436450047,0,0,0,4,0.4,47.27008445776347,0,0,0,0,0.0,43.08884368618604,0,0,0,0,0.0
0518201001,6.226088867183636,0,0,6,24,3.5999999999999996,15.010324115363996,0,0,0,2,0.2,15.487548542981912,0,0,0,5,0.5,48.35147037848005,0,0,0,0,0.0,15.487548542981912,0,0,0,1,0.1
0518301001,6.808533797250956,0,0,5,16,2.6,14.424043532555928,0,0,2,2,0.6,12.472183399775801,0,0,3,3,0.8999999999999999,33.82268357365798,0,0,0,0,0.0,32.62059796597979,0,0,0,0,0.0
0518401001,7.495745741843429,0,0,7,16,3.0,8.88078919525077,0,0,1,1,0.3,8.3953945748953,0,0,2,5,0.9,35.84006752376981,0,0,0,0,0.0,33.07265173946464,0,0,0,0,0.0
0518501001,4.992930851622464,0,1,7,31,4.800000000000001,16.052676162824,0,0,0,4,0.4,15.273469687109172,0,0,0,9,0.9,17.357898635076957,0,0,0,1,0.1,17.13512374812309,0,0,0,2,0.2
0518601001,0.0,1,1,3,8,2.1,19.348336157409868,0,0,0,1,0.1,0.0,1,1,1,3,1.2,58.83447475356217,0,0,0,0,0.0,36.16923878705554,0,0,0,0,0.0
0518701001,0.0,2,2,13,25,6.5,13.086203759241162,0,0,1,2,0.4,7.714575067520809,0,0,3,5,1.0999999999999999,34.92498964504795,0,0,0,0,0.0,33.50003826786815,0,0,0,0,0.0
0518702001,3.6322319769161155,0,4,14,24,6.4,9.580340929826779,0,0,1,2,0.4,4.116083233526894,0,1,3,5,1.4,37.10345724203957,0,0,0,0,0.0,35.23619351855141,0,0,0,0,0.0
0518801001,6.1753479966339855,0,0,1,10,1.2,33.99942293637897,0,0,0,0,0.0,24.190375209687772,0,0,0,1,0.1,35.20877954530234,0,0,0,0,0.0,29.00835624472976,0,0,0,1,0.1
0518901001,0.0,2,2,7,12,4.0,8.978180991033156,0,0,1,1,0.3,6.119359859188391,0,0,2,2,0.6,66.35926337810767,0,0,0,0,0.0,7.751326923058223,0,0,1,1,0.3
0519001001,4.243806818414026,0,1,5,32,4.5,16.84844986782911,0,0,0,4,0.4,16.043278505365844,0,0,0,9,0.9,17.754571447309804,0,0,0,1,0.1,17.754571447309804,0,0,0,2,0.2
0519101001,7.741187003246043,0,0,2,12,1.6,34.192517601432655,0,0,0,0,0.0,23.595671594430566,0,0,0,1,0.1,35.24019030931946,0,0,0,0,0.0,29.283182140337253,0,0,0,1,0.1
0519201001,11.877290494054634,0,0,3,12,1.7999999999999998,13.922527993340886,0,0,1,2,0.4,13.922527993340886,0,0,1,3,0.5,74.59075620673961,0,0,0,0,0.0,16.7092682246561,0,0,0,1,0.1
0519301001,3.975852162193122,0,1,4,20,3.1,18.03744196337067,0,0,0,3,0.30000000000000004,14.094180444002692,0,0,1,4,0.6000000000000001,51.0949679838891,0,0,0,0,0.0,31.119436447469532,0,0,0,0,0.0
0519401001,7.528354889127168,0,0,4,30,3.8,22.26674263544547,0,0,0,4,0.4,16.4515589383633,0,0,0,8,0.8,23.864497205684646,0,0,0,1,0.1,21.777321383174037,0,0,0,2,0.2
0519501001,8.591650011108694,0,0,16,44,7.6,13.380383981471606,0,0,2,3,0.7,12.952910282578998,0,0,5,10,2.0,13.01872643495677,0,0,1,1,0.3,11.60264538656922,0,0,2,2,0.6
0519601001,4.337307338839245,0,1,4,13,2.4,15.045575789195341,0,0,0,1,0.1,6.406341587968577,0,0,1,3,0.5,38.68434150205011,0,0,0,0,0.0,34.22847119510587,0,0,0,0,0.0
0519701001,4.715883871056397,0,1,19,31,7.199999999999999,10.146125864714353,0,0,2,2,0.6,10.340417107823951,0,0,5,6,1.6,11.118122386603451,0,0,1,1,0.3,5.521669165966918,0,0,2,2,0.6
0519801001,6.643563911405346,0,0,7,13,2.7,9.318624761445724,0,0,1,1,0.3,11.012760881753106,0,0,2,3,0.7,43.27558165664339,0,0,0,0,0.0,38.397343547023105,0,0,0,0,0.0
0519901001,7.360041030212912,0,0,11,25,4.7,7.360041030212912,0,0,2,2,0.6,7.735395801924433,0,0,3,6,1.2,61.24967681171551,0,0,0,0,0.0,7.735395801924433,0,0,1,1,0.3
0520001001,3.8139791681453277,0,2,3,13,2.5,18.741029410789732,0,0,0,1,0.1,3.897552951032779,0,1,1,3,0.8,55.96652649971852,0,0,0,0,0.0,34.87012097588062,0,0,0,0,0.0
0520101001,4.279741863313541,0,1,7,35,5.2,14.41478100103166,0,0,1,3,0.5,10.394181828738285,0,0,3,13,1.9,20.388435007548324,0,0,0,1,0.1,20.388435007548324,0,0,0,2,0.2
0520401001,0.0,1,1,2,31,4.2,21.159794253483778,0,0,0,4,0.4,17.65364649735543,0,0,0,10,1.0,28.98316721839958,0,0,0,1,0.1,28.98316721839958,0,0,0,1,0.1
0520501001,9.255136352668032,0,0,7,27,4.1,15.645685099712603,0,0,0,2,0.2,15.619409354621464,0,0,0,6,0.6000000000000001,17.342355267901027,0,0,0,1,0.1,11.142718049662346,0,0,1,2,0.4
0520601001,4.887923576244306,0,1,18,29,6.799999999999999,10.762913353032486,0,0,2,2,0.6,10.571256004995979,0,0,5,8,1.8,11.621948085289917,0,0,1,1,0.3,11.621948085289917,0,0,1,2,0.4
0520701001,0.0,1,1,9,24,4.9,12.261148400819591,0,0,1,1,0.3,13.44773909273993,0,0,1,4,0.6000000000000001,46.38842916398306,0,0,0,0,0.0,13.44773909273993,0,0,1,1,0.3
0520801001,11.932310203276307,0,0,4,21,2.9000000000000004,15.762750593720062,0,0,0,3,0.30000000000000004,15.762750593720062,0,0,0,6,0.6000000000000001,53.677135194108736,0,0,0,0,0.0,21.12267654113667,0,0,0,1,0.1
0520901001,12.74526345109991,0,0,1,14,1.6,15.335657704223022,0,0,0,1,0.1,17.44663079755157,0,0,0,3,0.30000000000000004,38.924290926742266,0,0,0,0,0.0,32.91741658936328,0,0,0,0,0.0
0521001001,4.478232886392977,0,1,4,32,4.300000000000001,21.961642263648802,0,0,0,4,0.4,15.599984510596837,0,0,0,8,0.8,23.670409877101626,0,0,0,1,0.1,20.78395815870111,0,0,0,2,0.2
0521101001,6.049785375395801,0,0,6,41,5.3,16.76734082312618,0,0,0,4,0.4,7.3017592945628245,0,0,1,11,1.3,19.445764221825975,0,0,0,1,0.1,19.445764221825975,0,0,0,2,0.2
0521201001,8.307375953461243,0,0,4,38,4.6000000000000005,23.86303764408427,0,0,0,2,0.2,16.072925924941156,0,0,0,8,0.8,23.786052701020587,0,0,0,1,0.1,20.862085418370416,0,0,0,2,0.2
0521301001,5.774054394790985,0,0,3,11,1.7,29.86982591535905,0,0,0,1,0.1,29.63437018325322,0,0,0,2,0.2,32.23828415313579,0,0,0,0,0.0,25.821310300663256,0,0,0,1,0.1
0521401001,3.8217576782172933,0,2,3,21,3.3,2.5464518140279453,0,1,1,2,0.7,2.5464518140279453,0,1,1,5,1.0,64.58865527593426,0,0,0,0,0.0,22.677817180219314,0,0,0,1,0.1
0521501001,11.257243301239834,0,0,2,15,1.9,23.767839069397436,0,0,0,2,0.2,14.522631470710984,0,0,1,3,0.5,48.28211054490806,0,0,0,0,0.0,25.52784408732215,0,0,0,1,0.1
0521601001,6.098106776587984,0,0,5,23,3.3,15.357286250638397,0,0,0,1,0.1,17.231187254775516,0,0,0,3,0.30000000000000004,43.89478117916969,0,0,0,0,0.0,17.231187254775516,0,0,0,1,0.1
0521701001,5.575559656229285,0,0,2,10,1.4,24.76903940270749,0,0,0,1,0.1,5.575559656229285,0,0,1,2,0.4,53.296635675096404,0,0,0,0,0.0,35.52707873769856,0,0,0,0,0.0
0521801001,15.217464849921134,0,0,0,12,1.2000000000000002,22.895200123289904,0,0,0,2,0.2,16.19037759520738,0,0,0,4,0.4,43.27219026417711,0,0,0,0,0.0,43.18650015330081,0,0,0,0,0.0
0521901001,11.723170428412137,0,0,3,29,3.5,18.33930145861425,0,0,0,4,0.4,15.55239311710315,0,0,0,8,0.8,28.230843022526237,0,0,0,1,0.1,27.61112524227252,0,0,0,2,0.2
0522001001,0.0,1,1,5,33,5.0,21.29812777141976,0,0,0,3,0.30000000000000004,16.3893277113777,0,0,0,7,0.7000000000000001,23.11333695558156,0,0,0,1,0.1,19.13858625213288,0,0,0,2,0.2
0522101001,5.607928220839115,0,0,9,20,3.8,7.423229803638241,0,0,1,1,0.3,7.4589452532603975,0,0,1,3,0.5,54.62904553773681,0,0,0,0,0.0,7.4589452532603975,0,0,1,1,0.3
0522201001,13.693850203750516,0,0,6,45,5.7,14.76996809567918,0,0,1,4,0.6000000000000001,15.001274532286493,0,0,0,14,1.4000000000000001,14.153679065594686,0,0,1,1,0.3,14.153679065594686,0,0,1,2,0.4
0522401001,2.8834674131152576,0,1,4,28,3.9000000000000004,21.01817817926879,0,0,0,2,0.2,21.350475287965242,0,0,0,5,0.5,22.21431381481344,0,0,0,1,0.1,16.040373542651228,0,0,0,2,0.2
0522501001,0.0,1,1,4,16,3.1,18.64193410105875,0,0,0,1,0.1,7.7063069769729085,0,0,1,3,0.5,52.85343877936254,0,0,0,0,0.0,32.52769401120627,0,0,0,0,0.0
0522601001,5.35205802463282,0,0,5,17,2.7,5.815428399156687,0,0,1,2,0.4,5.815428399156687,0,0,2,5,0.9,64.35313427476972,0,0,0,0,0.0,26.197329007744937,0,0,0,1,0.1
0522701001,0.0,2,3,9,20,5.5,4.65407628411409,0,1,2,2,0.8999999999999999,4.716904057276239,0,1,3,6,1.5,39.11586569340712,0,0,0,0,0.0,39.11586569340712,0,0,0,0,0.0
0522801001,4.74156960250721,0,1,3,9,1.8,16.608981187623854,0,0,0,1,0.1,4.74156960250721,0,1,1,2,0.7,60.58670042702999,0,0,0,0,0.0,32.50391593571692,0,0,0,0,0.0
0522901001,4.815508273828992,0,1,5,30,4.3,16.615981627664045,0,0,0,4,0.4,16.005928279589263,0,0,0,8,0.8,17.475164478963503,0,0,0,1,0.1,17.475164478963503,0,0,0,2,0.2
0523001001,2.742810622840809,0,1,3,32,4.1000000000000005,22.720173432868503,0,0,0,3,0.30000000000000004,16.00931158276605,0,0,0,6,0.6000000000000001,24.562866820925,0,0,0,1,0.1,20.03703156197124,0,0,0,2,0.2
0523101001,4.830992185096379,0,1,5,14,2.6999999999999997,12.599288960420623,0,0,2,2,0.6,11.418799819787937,0,0,3,3,0.8999999999999999,37.167144017416334,0,0,0,0,0.0,34.34397166389473,0,0,0,0,0.0
0523201001,3.1291143788377864,0,1,20,31,7.4,7.74869742106459,0,0,2,2,0.6,8.068813443978485,0,0,5,6,1.6,8.954609368756662,0,0,1,1,0.3,2.8757738233005643,0,1,2,2,0.8999999999999999
0523301001,6.572580739201772,0,0,6,26,3.8,18.75402587236409,0,0,0,2,0.2,20.047070734357625,0,0,0,4,0.4,39.88995098082787,0,0,0,0,0.0,20.047070734357625,0,0,0,1,0.1
0523401001,5.6851861496475165,0,0,4,32,4.0,23.854539415384025,0,0,0,3,0.30000000000000004,14.695659562134114,0,0,1,7,0.9000000000000001,27.335970896632155,0,0,0,1,0.1,22.501295738756824,0,0,0,2,0.2
0523501001,10.93173430727134,0,0,5,23,3.3,10.93173430727134,0,0,2,4,0.8,10.93173430727134,0,0,2,8,1.2000000000000002,50.1391293955137,0,0,0,0,0.0,24.491293259461326,0,0,0,2,0.2
0523601001,8.671276225472333,0,0,8,21,3.7,11.53616445975784,0,0,2,2,0.6,11.566803604066807,0,0,3,4,0.9999999999999999,68.04993413692172,0,0,0,0,0.0,11.566803604066807,0,0,1,1,0.3
0523701001,5.136620153631426,0,0,3,31,3.7,22.295429286868654,0,0,0,3,0.30000000000000004,20.614130586736206,0,0,0,8,0.8,29.83398298550188,0,0,0,1,0.1,23.934136721417232,0,0,0,2,0.2
0523801001,0.0,1,1,3,34,4.7,22.047402765325298,0,0,0,2,0.2,22.115747407769234,0,0,0,6,0.6000000000000001,22.746619232564516,0,0,0,1,0.1,17.575254109519435,0,0,0,2,0.2
0523901001,5.2774960463836775,0,0,4,35,4.3,20.91967358528363,0,0,0,2,0.2,20.088127037587256,0,0,0,6,0.6000000000000001,21.19948152495508,0,0,0,1,0.1,17.212884799548032,0,0,0,2,0.2
0524001001,0.0,1,3,14,21,6.2,4.5052917677214745,0,1,2,2,0.8999999999999999,0.0,1,1,4,6,2.1,37.0874746888569,0,0,0,0,0.0,37.0874746888569,0,0,0,0,0.0
0524002001,4.5052917677214745,0,3,9,20,4.699999999999999,0.0,1,1,1,2,1.1,4.5052917677214745,0,1,2,5,1.2,41.560969649754824,0,0,0,0,0.0,41.560969649754824,0,0,0,0,0.0
0524101001,2.3094287962494464,0,2,9,22,4.6,2.3094287962494464,0,1,2,2,0.8999999999999999,2.3094287962494464,0,1,3,7,1.6,32.34929005955591,0,0,0,0,0.0,32.34929005955591,0,0,0,0,0.0
0524101002,0.0,2,2,10,22,5.6000000000000005,0.0,1,1,1,2,1.1,0.0,1,1,4,7,2.2,30.424216313149696,0,0,0,0,0.0,30.424216313149696,0,0,0,0,0.0
0524201001,6.900209958664399,0,0,5,17,2.7,11.892555571756107,0,0,2,2,0.6,8.84546286833334,0,0,2,5,0.9,34.1412945779733,0,0,0,0,0.0,30.985255492370023,0,0,0,0,0.0
0524301001,8.092137896498869,0,0,16,28,6.0,14.1389857595409,0,0,1,2,0.4,13.928009698474735,0,0,5,8,1.8,14.961827776013838,0,0,1,1,0.3,14.961827776013838,0,0,1,2,0.4
0524401001,5.884807537849661,0,0,3,16,2.2,5.399622019149207,0,0,1,2,0.4,5.399622019149207,0,0,1,5,0.7,71.92217041764339,0,0,0,0,0.0,23.548157798917185,0,0,0,1,0.1
0524501001,7.467535609351394,0,0,17,37,7.1,7.788276185608717,0,0,2,3,0.7,8.506140297185356,0,0,5,12,2.2,7.467535609351394,0,0,1,1,0.3,7.467535609351394,0,0,2,2,0.6
0524601001,12.593793840696176,0,0,2,9,1.3,31.3225670000878,0,0,0,0,0.0,12.593793840696176,0,0,1,2,0.4,50.6867472940041,0,0,0,0,0.0,43.43874690039322,0,0,0,0,0.0
0524701001,4.86098410217783,0,1,4,28,3.9000000000000004,23.058514275810406,0,0,0,2,0.2,23.34456411362126,0,0,0,5,0.5,24.333798940478637,0,0,0,1,0.1,18.056214796953803,0,0,0,2,0.2
0524901001,5.817330282958552,0,0,3,19,2.5,7.142157434710988,0,0,1,2,0.4,7.142157434710988,0,0,1,5,0.7,70.27700490068072,0,0,0,0,0.0,17.82490371128374,0,0,0,1,0.1
0525101001,9.358635351939602,0,0,1,7,0.9000000000000001,31.045700860394934,0,0,0,0,0.0,23.80091652496657,0,0,0,2,0.2,38.04877828299814,0,0,0,0,0.0,31.670715894308405,0,0,0,0,0.0
0525201001,4.146877733170528,0,1,3,28,3.7,26.69847039145823,0,0,0,3,0.30000000000000004,26.76329734765006,0,0,0,6,0.6000000000000001,28.285501117191576,0,0,0,1,0.1,21.887158874718747,0,0,0,2,0.2
0525301001,8.298807249149673,0,0,3,31,3.7,20.898117416050493,0,0,0,4,0.4,20.09326199356933,0,0,0,10,1.0,21.7720414031718,0,0,0,1,0.1,21.7720414031718,0,0,0,2,0.2
0525401001,5.340473100679109,0,0,2,30,3.4000000000000004,22.780172661787876,0,0,0,4,0.4,18.460429959232034,0,0,0,9,0.9,23.642741893358238,0,0,0,1,0.1,23.642741893358238,0,0,0,2,0.2
0525601001,4.901267940199245,0,1,5,29,4.2,18.79755098949137,0,0,0,2,0.2,18.43434715019881,0,0,0,6,0.6000000000000001,20.648548662429477,0,0,0,1,0.1,15.745398852050638,0,0,0,2,0.2
0525701001,14.659046935207495,0,0,1,12,1.4000000000000001,30.00459611654044,0,0,0,0,0.0,14.659046935207495,0,0,1,1,0.3,44.55894853587005,0,0,0,0,0.0,31.82341357126928,0,0,0,0,0.0
0525801001,9.590107681808373,0,0,3,30,3.6,18.85766964342431,0,0,0,4,0.4,15.665315260890026,0,0,0,10,1.0,27.16586002964731,0,0,0,1,0.1,27.16586002964731,0,0,0,2,0.2
0525901001,9.819797988104982,0,0,6,23,3.5,12.683779576397672,0,0,2,3,0.7,12.683779576397672,0,0,2,4,0.8,46.99034155776327,0,0,0,0,0.0,27.712401415141798,0,0,0,1,0.1
0526001001,14.540675597129159,0,0,1,9,1.1,33.89116283855751,0,0,0,0,0.0,17.71810112511173,0,0,0,2,0.2,43.691686345777384,0,0,0,0,0.0,37.37927211494635,0,0,0,0,0.0
0526101001,3.994906948502943,0,1,5,19,3.2,14.704131736387222,0,0,1,2,0.4,8.809150008477522,0,0,2,5,0.9,55.08815701388209,0,0,0,0,0.0,29.178234362423794,0,0,0,1,0.1
0526201001,0.0,1,1,5,24,4.1000000000000005,14.066868745126255,0,0,1,1,0.3,15.694835767278136,0,0,0,4,0.4,43.484844892320595,0,0,0,0,0.0,15.694835767278136,0,0,0,1,0.1
0526301001,9.95408728377697,0,0,1,11,1.3,33.838978296753666,0,0,0,0,0.0,21.35953337642514,0,0,0,1,0.1,37.48048260132666,0,0,0,0,0.0,31.56010352437597,0,0,0,0,0.0
0526401001,4.015070391574688,0,1,3,34,4.3,22.704778193100662,0,0,0,4,0.4,8.593691778424835,0,0,1,8,1.0,31.05062336547643,0,0,0,0,0.0,27.088213448037102,0,0,0,1,0.1
0526501001,4.997999259110528,0,1,4,17,2.8,17.531699696416595,0,0,0,1,0.1,12.16898132875602,0,0,1,3,0.5,33.59456352030908,0,0,0,0,0.0,28.553642442150494,0,0,0,1,0.1
0526601001,13.636773364378968,0,0,1,11,1.3,28.214999886649807,0,0,0,1,0.1,15.02365499378676,0,0,0,3,0.30000000000000004,47.761476299708306,0,0,0,0,0.0,45.04243728203231,0,0,0,0,0.0
0526701001,12.005674114878026,0,0,1,14,1.6,17.453244254364208,0,0,0,2,0.2,17.453244254364208,0,0,0,4,0.4,65.24683603847369,0,0,0,0,0.0,22.47710688600403,0,0,0,1,0.1
0590101001,6.587179900909779,0,0,1,16,1.8,19.797874165666876,0,0,0,2,0.2,15.057533948589953,0,0,0,4,0.4,57.12843565663005,0,0,0,0,0.0,21.159918709610757,0,0,0,1,0.1
0590201001,5.786260384449081,0,0,4,36,4.4,19.790323723951442,0,0,0,3,0.30000000000000004,5.786260384449081,0,0,2,10,1.4,20.3398644569031,0,0,0,1,0.1,20.3398644569031,0,0,0,2,0.2
0590301001,13.388590807448084,0,0,1,15,1.7000000000000002,21.890406633757944,0,0,0,2,0.2,19.043104109640797,0,0,0,5,0.5,41.35445844310434,0,0,0,0,0.0,41.775196869503,0,0,0,0,0.0
0590401001,12.679452851609314,0,0,4,15,2.3,11.635701094417039,0,0,1,2,0.4,11.635701094417039,0,0,2,4,0.8,67.3112892855479,0,0,0,0,0.0,28.954994040772196,0,0,0,1,0.1
0590501001,4.297084007225623,0,1,10,28,5.1,22.599763534723973,0,0,0,3,0.30000000000000004,12.89670066837347,0,0,1,5,0.7,32.50734590095457,0,0,0,0,0.0,28.65114860756926,0,0,0,1,0.1
0900101001,9.90056847644722,0,0,1,11,1.3,25.0903634652216,0,0,0,1,0.1,23.982164770846587,0,0,0,2,0.2,31.866889176267854,0,0,0,0,0.0,30.786098733046256,0,0,0,0,0.0
0900301001,11.383922442682715,0,0,12,18,4.199999999999999,12.869939434667309,0,0,2,4,0.8,12.920580442036071,0,0,4,5,1.3,13.445724980950223,0,0,1,1,0.3,14.350199615126872,0,0,1,1,0.3
0900601001,9.370740534824337,0,0,2,9,1.3,26.38299270531991,0,0,0,1,0.1,18.598088999210997,0,0,0,4,0.4,46.26309549250125,0,0,0,0,0.0,43.55019075905197,0,0,0,0,0.0
0900701001,4.229104982333336,0,1,3,8,1.7,5.631741165446718,0,0,1,1,0.3,7.384575310197878,0,0,1,2,0.4,40.453357233498934,0,0,0,0,0.0,31.28838439964016,0,0,0,0,0.0
0900901001,4.943272991976348,0,2,30,41,10.7,9.896094159037068,0,0,3,3,0.8999999999999999,6.965811537728392,0,0,9,10,2.8,10.217504134241649,0,0,1,1,0.3,0.0,1,1,4,4,1.9
0901001001,6.396203948704242,0,0,3,20,2.6,9.76556517139348,0,0,1,2,0.4,6.396203948704242,0,0,2,5,0.9,31.214143901708145,0,0,0,0,0.0,30.430704459543716,0,0,0,0,0.0
0901101001,8.471529220888582,0,0,1,3,0.5,34.60336315953602,0,0,0,0,0.0,23.316409970873966,0,0,0,1,0.1,63.08069595693961,0,0,0,0,0.0,62.16146113560651,0,0,0,0,0.0
0901201001,10.74609082945092,0,0,1,3,0.5,30.21325257611956,0,0,0,0,0.0,30.437239752062908,0,0,0,0,0.0,69.9342575237343,0,0,0,0,0.0,69.06998417774041,0,0,0,0,0.0
0901301001,6.695458242289171,0,0,10,15,3.5,13.800792210783792,0,0,2,3,0.7,14.403559423434848,0,0,2,4,0.8,58.000995224878466,0,0,0,0,0.0,12.534650937185946,0,0,1,1,0.3
0901401001,9.94292252601367,0,0,1,7,0.9000000000000001,38.912786358883515,0,0,0,0,0.0,17.84230049879857,0,0,0,3,0.30000000000000004,49.18091378702339,0,0,0,0,0.0,48.13539618274606,0,0,0,0,0.0
0901601001,5.586388449839726,0,0,10,15,3.5,9.372624555157918,0,0,2,3,0.7,10.043298699408613,0,0,2,4,0.8,62.62634075015065,0,0,0,0,0.0,7.714627151271978,0,0,1,1,0.3
0901701001,5.9231283440420155,0,0,6,19,3.0999999999999996,21.443906912633178,0,0,0,3,0.30000000000000004,6.133751360497192,0,0,1,5,0.7,21.45905972144171,0,0,0,1,0.1,22.67211944121293,0,0,0,1,0.1
0901801001,0.31278186862838253,4,8,11,20,8.200000000000001,0.31278186862838253,2,2,2,3,2.1,0.4201830377585938,1,2,3,4,2.0,1.1008264184786787,0,1,1,1,0.6,1.3650263253506854,0,1,1,1,0.6
0901801002,0.4384014854332855,4,9,11,20,8.5,0.0,2,2,2,3,2.1,1.1145573669144155,0,3,3,4,1.9,0.6434321676948511,1,1,1,1,1.0,1.5827753727156544,0,1,1,1,0.6
0901801003,0.3336816360159621,4,8,11,20,8.200000000000001,0.5761633906615669,2,2,2,3,2.1,0.6983574915871767,1,2,3,4,2.0,1.2647727715551855,0,1,1,1,0.6,1.8483157729073412,0,1,1,1,0.6
0901801004,0.0,4,8,11,20,8.200000000000001,0.8358015895584037,2,2,2,3,2.1,0.6174655198632025,1,2,3,4,2.0,1.5804671944694144,0,1,1,1,0.6,2.0169745137734116,0,1,1,1,0.6
0901801005,0.0,4,8,11,19,8.100000000000001,0.7329506882878731,1,2,2,3,1.7000000000000002,0.0,1,2,3,4,2.0,1.5138864515116148,0,1,1,1,0.6,1.5430840636301497,0,1,1,1,0.6
0901801006,0.38861978127438,3,8,11,19,7.7,1.0983447563276345,0,2,2,3,1.3,0.38861978127438,1,2,3,4,2.0,1.8906658418550475,0,1,1,1,0.6,1.881702538598526,0,1,1,1,0.6
0901801007,0.2514432814454747,4,9,11,20,8.5,0.2514432814454747,2,2,2,3,2.1,0.8576783532225531,1,3,3,4,2.3000000000000003,0.6713954598161107,1,1,1,1,1.0,1.0648711004698765,0,1,1,1,0.6
0901801008,0.0,5,9,11,20,8.9,0.0,2,2,2,3,2.1,0.7329506882878731,1,3,3,4,2.3000000000000003,0.7970544426735405,1,1,1,1,1.0,1.3026330174870873,0,1,1,1,0.6
0901801009,0.14003140456292149,6,9,11,20,9.3,0.14003140456292149,2,2,2,3,2.1,0.819767526283443,1,3,3,4,2.3000000000000003,0.6942027888992193,1,1,1,1,1.0,1.1830610716956969,0,1,1,1,0.6
0901802001,0.0,3,8,11,20,7.800000000000001,0.6434321676948511,2,2,2,3,2.1,1.4182528310854274,0,3,3,4,1.9,0.0,1,1,1,1,1.0,1.259088009146309,0,1,1,1,0.6
0901802002,0.2825709993005877,3,8,11,20,7.800000000000001,0.8915818026637906,2,2,2,3,2.1,1.1143898125548335,0,3,3,4,1.9,0.3241407373322875,1,1,1,1,1.0,0.9696231717602215,1,1,1,1,1.0
0901802003,0.4909814046691764,3,9,11,20,8.1,0.4909814046691764,2,2,2,3,2.1,1.0766216303665694,0,3,3,4,1.9,0.5377479372815975,1,1,1,1,1.0,0.8964508503124384,1,1,1,1,1.0
0901802004,0.42302556987995865,4,8,11,20,8.200000000000001,0.7453633701282155,2,2,2,3,2.1,0.8080108380388435,1,2,3,4,2.0,0.6913333979739805,1,1,1,1,1.0,0.6195436445854665,1,1,1,1,1.0
0901802005,0.0,1,4,13,19,6.1,4.546899974298485,0,2,2,2,1.2,0.0,1,1,3,4,1.7000000000000002,4.395174815528117,0,1,1,1,0.6,5.540251587137193,0,0,1,1,0.3
0901803001,0.5933999621113155,4,8,11,20,8.200000000000001,0.9005026009722706,1,2,2,3,1.7000000000000002,0.6025360970985818,1,2,3,4,2.0,0.9623392393306445,1,1,1,1,1.0,0.4021422528999907,1,1,1,1,1.0
0901803002,0.4428367317269949,3,8,11,20,7.800000000000001,1.0909745579445356,0,2,2,3,1.3,0.4428367317269949,1,2,3,4,2.0,0.992631118003261,1,1,1,1,1.0,0.26676477620449424,1,1,1,1,1.0
0901803003,0.0,2,7,11,20,7.1000000000000005,1.5029895735612187,0,2,2,3,1.3,0.0,1,2,3,4,2.0,1.4182528310854274,0,1,1,1,0.6,0.20079352738741227,1,1,1,1,1.0
0901803004,0.4428552159826056,2,7,11,20,7.1000000000000005,1.3825953776387339,0,2,2,3,1.3,0.4428552159826056,1,2,3,4,2.0,1.0821968049981763,0,1,1,1,0.6,0.41704669882606354,1,1,1,1,1.0
0901803005,3.2614989358964643,0,5,13,19,6.0,4.764116918970947,0,1,2,3,0.9999999999999999,3.2614989358964643,0,2,3,4,1.6,4.545778352498194,0,1,1,1,0.6,3.4615554847468486,0,1,1,1,0.6
0901803006,0.3622168670430893,2,8,11,20,7.4,1.1873579665479972,0,2,2,3,1.3,0.3622168670430893,1,2,3,4,2.0,1.2599191055708558,0,1,1,1,0.6,0.1921170623885317,1,1,1,1,1.0
0901803007,0.20079352738741227,2,8,11,20,7.4,1.3026330174870873,0,2,2,3,1.3,0.20079352738741227,1,2,3,4,2.0,1.259088009146309,0,1,1,1,0.6,0.0,1,1,1,1,1.0
0901803008,0.0,3,8,11,20,7.800000000000001,1.0582234151450698,0,2,2,3,1.3,0.8557349813304171,1,3,3,4,2.3000000000000003,0.6065706041233937,1,1,1,1,1.0,0.7331643135866038,1,1,1,1,1.0
0901901001,5.999856116388896,0,0,4,18,2.6,23.072801010021486,0,0,0,3,0.30000000000000004,21.594446687863293,0,0,0,4,0.4,22.92616692298826,0,0,0,1,0.1,21.789108723991127,0,0,0,1,0.1
0902001001,8.60060496830437,0,0,1,11,1.3,33.7150147585367,0,0,0,0,0.0,21.538965784566596,0,0,0,2,0.2,33.25729218799589,0,0,0,0,0.0,32.45566319680199,0,0,0,0,0.0
0902101001,6.754177367339207,0,0,1,16,1.8,29.107817317999377,0,0,0,2,0.2,27.090462373694812,0,0,0,4,0.4,28.72206257313551,0,0,0,1,0.1,27.820352471847716,0,0,0,1,0.1
0902201001,8.830798257844572,0,0,3,16,2.2,25.523913678309466,0,0,0,2,0.2,24.02620496480292,0,0,0,4,0.4,25.18112487511028,0,0,0,1,0.1,24.2269362195156,0,0,0,1,0.1
0902301001,0.0,1,1,28,41,10.4,11.99824498279501,0,0,3,3,0.8999999999999999,9.004031014167007,0,0,9,10,2.8,12.050987332622789,0,0,1,1,0.3,4.9800752459404185,0,1,4,4,1.5
0902401001,9.490371029377785,0,0,3,9,1.5,43.084414200686965,0,0,0,0,0.0,9.490371029377785,0,0,1,3,0.5,43.718506648024864,0,0,0,0,0.0,36.52356375881469,0,0,0,0,0.0
0902501001,10.586544523211336,0,0,1,1,0.3,33.133248280847845,0,0,0,0,0.0,30.99671437151821,0,0,0,0,0.0,74.5780605312589,0,0,0,0,0.0,73.70149653936639,0,0,0,0,0.0
0902601001,9.099028281549055,0,0,3,36,4.2,19.667959167568778,0,0,0,4,0.4,18.953869244845293,0,0,0,11,1.1,21.219913475248518,0,0,0,1,0.1,20.90945305448338,0,0,0,4,0.4
0902701001,14.786020723083244,0,0,1,34,3.6,18.081814689941346,0,0,0,4,0.4,14.786020723083244,0,0,1,11,1.3,25.76947568762065,0,0,0,1,0.1,25.179223368489144,0,0,0,3,0.30000000000000004
0902901001,10.050464949057059,0,0,13,39,6.5,14.15153649119653,0,0,1,4,0.6000000000000001,13.151027212366863,0,0,3,11,1.7,15.881666943431295,0,0,0,1,0.1,15.288843517539146,0,0,0,4,0.4
0903001001,10.375265884468394,0,0,3,37,4.300000000000001,18.113582121295497,0,0,0,3,0.30000000000000004,17.632688136496682,0,0,0,10,1.0,18.163923440734983,0,0,0,1,0.1,18.48580877910822,0,0,0,4,0.4
0903201001,6.612504093772342,0,0,3,12,1.7999999999999998,38.25546243159121,0,0,0,0,0.0,10.110393671180653,0,0,1,1,0.3,37.81645979435986,0,0,0,0,0.0,33.22030645311796,0,0,0,0,0.0
0903301001,10.83619803826447,0,0,3,22,2.8,22.07315414397301,0,0,0,2,0.2,18.799934528128404,0,0,0,5,0.5,21.53446490273587,0,0,0,1,0.1,21.903022839044898,0,0,0,1,0.1
0903401001,8.68710492441411,0,0,3,15,2.1,33.66534502229047,0,0,0,0,0.0,28.15431525805017,0,0,0,2,0.2,34.142416090646414,0,0,0,0,0.0,24.437617657154448,0,0,0,1,0.1
0903501001,11.211721426856931,0,0,4,17,2.5,16.071737741082373,0,0,0,2,0.2,14.645923875211889,0,0,1,3,0.5,15.580281459894792,0,0,0,1,0.1,14.83920368528658,0,0,1,1,0.3
0903601001,4.792949783122276,0,1,3,6,1.5,5.379789797265375,0,0,1,1,0.3,4.792949783122276,0,1,2,2,0.8999999999999999,38.88982316126563,0,0,0,0,0.0,31.608867822061057,0,0,0,0,0.0
0903701001,13.7521897771701,0,0,1,6,0.8,40.84406615760933,0,0,0,0,0.0,19.270214751586746,0,0,0,3,0.30000000000000004,46.99401881637428,0,0,0,0,0.0,47.0248509879971,0,0,0,0,0.0
0903801001,7.361884649482304,0,0,2,6,1.0,42.82547254277433,0,0,0,0,0.0,7.361884649482304,0,0,1,2,0.4,43.192954186987734,0,0,0,0,0.0,43.62702706810411,0,0,0,0,0.0
0903901001,9.187490412109804,0,0,1,8,1.0,42.326206093748375,0,0,0,0,0.0,9.187490412109804,0,0,1,2,0.4,45.25971522126198,0,0,0,0,0.0,45.52506677848553,0,0,0,0,0.0
0904101001,5.948255576062767,0,0,2,18,2.2,30.79406452370948,0,0,0,0,0.0,22.038637554138948,0,0,0,2,0.2,31.164164673124542,0,0,0,0,0.0,20.977892989885554,0,0,0,1,0.1
0904301001,8.376191134060704,0,0,3,8,1.4,11.91351699499496,0,0,1,1,0.3,13.47999104570175,0,0,1,2,0.4,42.67771104100076,0,0,0,0,0.0,32.74476163673466,0,0,0,0,0.0
0904401001,13.61131002029904,0,0,3,36,4.2,19.250034679297777,0,0,0,4,0.4,18.270001466723627,0,0,0,11,1.1,20.967709245255126,0,0,0,1,0.1,20.40115878779022,0,0,0,3,0.30000000000000004
0904501001,17.861545102884246,0,0,0,7,0.7000000000000001,27.56628642934538,0,0,0,1,0.1,18.909040329870443,0,0,0,1,0.1,43.139401623490926,0,0,0,0,0.0,42.43290158971392,0,0,0,0,0.0
0904601001,7.757335572251666,0,0,2,5,0.9,22.37727807759615,0,0,0,1,0.1,7.757335572251666,0,0,1,2,0.4,49.43969210309629,0,0,0,0,0.0,31.873220318606595,0,0,0,0,0.0
0904701001,5.428022729608332,0,0,2,14,1.8000000000000003,33.19844614227175,0,0,0,0,0.0,21.821842051660187,0,0,0,1,0.1,33.54871179732065,0,0,0,0,0.0,23.33731074080607,0,0,0,1,0.1
0904801001,0.0,1,1,2,6,1.7000000000000002,16.861784637332143,0,0,0,1,0.1,0.0,1,1,1,2,1.1,41.99632706176022,0,0,0,0,0.0,34.40717128401824,0,0,0,0,0.0
0904801002,0.37961521023730843,1,1,2,5,1.6,16.503609907684453,0,0,0,1,0.1,0.37961521023730843,1,1,1,2,1.1,41.99967438849693,0,0,0,0,0.0,34.12979212281699,0,0,0,0,0.0
0905001001,15.796667545038511,0,0,0,13,1.3,27.31554426257375,0,0,0,2,0.2,26.968470952679816,0,0,0,3,0.30000000000000004,82.03632562226873,0,0,0,0,0.0,26.74493595718953,0,0,0,1,0.1
0905101001,5.668641998929015,0,0,12,19,4.3,13.833203631057993,0,0,2,3,0.7,5.295248468992501,0,0,3,5,1.0999999999999999,14.05185667246307,0,0,1,1,0.3,15.309452370461939,0,0,0,1,0.1
0905201001,9.586333424347583,0,0,4,16,2.4000000000000004,8.641849499042554,0,0,1,3,0.5,11.818903938708555,0,0,1,4,0.6000000000000001,46.7141707657918,0,0,0,0,0.0,25.325326819836185,0,0,0,1,0.1
0905401001,10.242984536765867,0,0,10,15,3.5,13.795165008279266,0,0,2,3,0.7,14.203995624358136,0,0,2,2,0.6,65.78915223441713,0,0,0,0,0.0,12.243684311267806,0,0,1,1,0.3
0905501001,6.293680952520203,0,0,4,20,2.8,21.3937119952048,0,0,0,4,0.4,21.3937119952048,0,0,0,5,0.5,25.01938141373672,0,0,0,1,0.1,23.802488963191674,0,0,0,1,0.1
0905601001,0.0,1,2,2,7,2.1,3.444850700245444,0,1,1,1,0.6,0.0,1,1,1,2,1.1,36.54340466198405,0,0,0,0,0.0,33.6293444241291,0,0,0,0,0.0
0905601002,3.4270946102502386,0,2,2,7,1.7,0.0,1,1,1,1,1.0,3.444850700245444,0,1,1,2,0.7,39.86918120314324,0,0,0,0,0.0,30.38023860927511,0,0,0,0,0.0
0905601003,0.0,1,2,2,9,2.3000000000000003,3.4270946102502386,0,1,1,1,0.6,3.3256631890389086,0,1,1,2,0.7,37.45486415005357,0,0,0,0,0.0,33.167267380713476,0,0,0,0,0.0
0905601004,3.6418839591261523,0,1,2,8,1.5,2.61101130837827,0,1,1,1,0.6,5.514187508338629,0,0,1,2,0.4,41.08935398825681,0,0,0,0,0.0,29.580184812429923,0,0,0,1,0.1
0905701001,6.845059485544894,0,0,10,15,3.5,6.687086457250762,0,0,2,3,0.7,7.343634950465272,0,0,2,4,0.8,64.97305508449273,0,0,0,0,0.0,5.187019296080921,0,0,1,1,0.3
0905801001,3.70260276359561,0,2,30,43,10.9,9.486799626332212,0,0,3,3,0.8999999999999999,7.1015025618872665,0,0,9,11,2.9,9.978300096690326,0,0,1,1,0.3,3.172654479559993,0,1,4,4,1.5
0905901001,0.4252620303257134,7,25,32,37,20.4,0.5033967626092211,1,3,3,3,2.2,0.498485767628508,2,9,9,9,6.2,0.7872348635876034,1,1,1,1,1.0,0.15906949886633134,1,3,4,4,2.5
0905901002,0.46947363441705015,6,25,32,37,20.0,0.46947363441705015,1,3,3,3,2.2,0.5778716437281749,2,9,9,9,6.2,0.8914616988910504,1,1,1,1,1.0,0.0,1,3,4,4,2.5
0905902001,0.21472615979465043,7,25,32,37,20.4,0.4427996856207001,1,3,3,3,2.2,0.6844107681871656,2,9,9,9,6.2,0.4979186972749592,1,1,1,1,1.0,0.41019134420019154,1,3,4,4,2.5
0905902002,0.0,6,25,32,37,20.0,0.27835186769464093,1,3,3,3,2.2,0.8824692362428398,2,9,9,9,6.2,0.4373100461978252,1,1,1,1,1.0,0.48452719295567753,1,3,4,4,2.5
0905902003,0.1878649322296085,6,25,32,37,20.0,0.25734755680891236,1,3,3,3,2.2,1.0684432573739917,0,9,9,9,5.3999999999999995,0.43176815063299356,1,1,1,1,1.0,0.6290955032838594,1,3,4,4,2.5
0905902004,0.20799842917441932,6,25,32,37,20.0,0.22924766915453854,1,3,3,3,2.2,0.7771036316074353,2,9,9,9,6.2,0.6414785778826603,1,1,1,1,1.0,0.29059149941587165,1,3,4,4,2.5
0905902005,0.0,6,25,32,37,20.0,0.0,1,3,3,3,2.2,1.0018490464211363,0,9,9,9,5.3999999999999995,0.6735645144902439,1,1,1,1,1.0,0.46947363441705015,1,3,4,4,2.5
0905903001,0.7378060085036743,7,26,32,37,20.7,0.7803921264259525,1,3,3,3,2.2,0.403640530801816,2,9,9,9,6.2,1.148662501181861,0,1,1,1,0.6,0.3126833290387314,1,3,4,4,2.5
0905903002,0.5480207308462753,3,27,32,37,19.4,0.9901982983344448,1,3,3,3,2.2,0.5798326394661758,2,9,9,9,6.2,1.4206750103963273,0,1,1,1,0.6,0.5502145511495974,1,3,4,4,2.5
0905903003,0.0,2,26,32,37,18.7,1.1157967632417631,0,3,3,3,1.7999999999999998,1.114423223133857,0,9,9,9,5.3999999999999995,1.7133307650070277,0,1,1,1,0.6,0.846494727573348,1,3,4,4,2.5
0905903004,0.21074549203329063,2,25,32,37,18.4,1.6064186848840942,0,3,3,3,1.7999999999999998,1.5200350742819906,0,9,9,9,5.3999999999999995,2.210368519814691,0,1,1,1,0.6,1.3372826812616827,0,3,4,4,2.0999999999999996
0905903005,0.0,2,14,33,38,15.399999999999999,4.178704901171507,0,1,3,3,1.2,4.497191595943431,0,5,9,10,4.3,4.850664444872435,0,1,1,1,0.6,4.149951824531699,0,3,4,4,2.0999999999999996
0905903006,0.8343499256049257,2,25,32,37,18.4,0.8343499256049257,1,3,3,3,2.2,1.5427304112182616,0,9,9,9,5.3999999999999995,1.4931528591998864,0,1,1,1,0.6,0.9933842436801646,1,3,4,4,2.5
0905903007,0.3247575127044206,2,27,32,37,19.0,1.2209984874499435,0,3,3,3,1.7999999999999998,0.9279092471961276,2,9,9,9,6.2,1.7341122575430676,0,1,1,1,0.6,0.8431834372953703,1,3,4,4,2.5
0905903008,0.0,2,24,32,37,18.099999999999998,1.3972380866165457,0,3,3,3,1.7999999999999998,1.343218576828163,0,9,9,9,5.3999999999999995,1.9998561527467509,0,1,1,1,0.6,1.1293252144576613,0,3,4,4,2.0999999999999996
0905903009,0.6974669535919835,2,23,32,37,17.8,2.0031332947588667,0,3,3,3,1.7999999999999998,2.037567256569974,0,7,9,9,4.8,2.645183041015727,0,1,1,1,0.6,1.804382560081687,0,3,4,4,2.0999999999999996
0905903010,0.42117757224026076,2,24,32,37,18.099999999999998,1.5369440097741685,0,3,3,3,1.7999999999999998,1.7028210019141081,0,9,9,9,5.3999999999999995,2.1909580699260465,0,1,1,1,0.6,1.3837171445578014,0,3,4,4,2.0999999999999996
0905903011,0.7269855387767621,2,25,32,37,18.4,1.3000472228979056,0,3,3,3,1.7999999999999998,1.7377190243099112,0,9,9,9,5.3999999999999995,1.9735803288394904,0,1,1,1,0.6,1.2897670467123548,0,3,4,4,2.0999999999999996
0905904001,0.33461940225809755,6,25,32,37,20.0,0.33461940225809755,1,3,3,3,2.2,1.1371907801232422,0,9,9,9,5.3999999999999995,1.006276414149101,0,1,1,1,0.6,0.5596019303001986,1,3,4,4,2.5
0905904002,0.39409774552714516,7,25,32,37,20.4,0.5497276479779722,1,3,3,3,2.2,0.8735018492880577,2,9,9,9,6.2,0.9022747368545995,1,1,1,1,1.0,0.8735018492880577,2,3,4,4,2.9
0905904003,0.4510796979726222,7,25,32,37,20.4,0.4510796979726222,1,3,3,3,2.2,0.7997196341981487,2,9,9,9,6.2,1.0360274694589438,0,1,1,1,0.6,0.25615724421153013,1,3,4,4,2.5
0905904004,0.45689391928094863,5,25,32,37,19.6,0.7046431136174599,1,3,3,3,2.2,0.7739448848024997,2,9,9,9,6.2,1.26138697409754,0,1,1,1,0.6,0.39068330071382656,1,3,4,4,2.5
0905905001,0.23286343828012052,6,25,32,37,20.0,0.23286343828012052,1,3,3,3,2.2,1.0626441338285015,0,9,9,9,5.3999999999999995,0.703466828848344,1,1,1,1,1.0,0.7005807320466612,1,3,4,4,2.5
0905905002,0.1674905918948311,9,25,32,37,21.200000000000003,0.34996372421348315,2,3,3,3,2.6,0.9300777048356045,3,9,9,9,6.6,0.6745999400438475,1,1,1,1,1.0,0.8189758214401396,3,3,4,4,3.3
0905905003,0.42208244680172063,5,25,32,37,19.6,0.663636665368652,1,3,3,3,2.2,0.42208244680172063,3,9,9,9,6.6,1.2709521671201627,0,1,1,1,0.6,0.42208244680172063,2,3,4,4,2.9
0905905004,0.20998991441005818,9,25,32,37,21.200000000000003,0.5020993039694609,2,3,3,3,2.6,0.7769462419853851,3,9,9,9,6.6,0.6965666382569433,1,1,1,1,1.0,0.7769462419853851,3,3,4,4,3.3
0905905005,0.0,9,25,32,37,21.200000000000003,0.37548004234342164,2,3,3,3,2.6,0.8946594643679213,3,9,9,9,6.6,0.5108549998697368,1,1,1,1,1.0,0.8159857676184434,3,3,4,4,3.3
0905905006,0.22773741400623937,6,25,32,37,20.0,0.4041494024413393,1,3,3,3,2.2,1.0087600249833382,0,9,9,9,5.3999999999999995,0.2869874913278197,1,1,1,1,1.0,0.724630765259522,1,3,4,4,2.5
0905905007,0.0,9,25,32,37,21.200000000000003,0.652827929958687,2,3,3,3,2.6,0.652827929958687,3,9,9,9,6.6,0.3474981411352611,1,1,1,1,1.0,0.7352371407311878,2,3,4,4,2.9
0905905008,0.25036769856671637,9,23,32,37,20.599999999999998,0.6033343308955685,2,3,3,3,2.6,0.6033343308955685,3,9,9,9,6.6,0.4419116865050956,1,1,1,1,1.0,0.7629629446746652,2,3,4,4,2.9
0905905009,0.439281260752033,8,23,32,37,20.2,0.808332016439913,1,3,3,3,2.2,0.808332016439913,3,9,9,9,6.6,0.4466387619767043,1,1,1,1,1.0,0.9907684792835024,2,3,4,4,2.9
0905905010,0.6050596324088513,4,23,32,37,18.6,0.608904887635516,1,3,3,3,2.2,0.608904887635516,3,9,9,9,6.6,0.7657804900087586,1,1,1,1,1.0,0.8397863804948331,2,3,4,4,2.9
0905905011,0.7570500902125273,4,23,32,37,18.6,0.7570500902125273,2,3,3,3,2.6,0.7570500902125273,3,9,9,9,6.6,0.9196735625121751,1,1,1,1,1.0,0.9979961807082217,2,3,4,4,2.9
0905905012,0.588488704220641,6,25,32,37,20.0,0.8047390296747583,1,3,3,3,2.2,0.588488704220641,3,9,9,9,6.6,1.6257164362064034,0,1,1,1,0.6,0.588488704220641,2,3,4,4,2.9
0905905013,0.0,7,23,32,37,19.8,0.0,1,3,3,3,2.2,0.0,3,9,9,9,6.6,0.9884732679639474,1,1,1,1,1.0,0.24490264959564698,2,3,4,4,2.9
0905905014,0.7954087845179958,1,19,31,36,15.899999999999999,2.3819885936954273,0,3,3,3,1.7999999999999998,1.1516638511237598,0,6,9,9,4.5,4.110496412231405,0,1,1,1,0.6,3.300224463038971,0,3,4,4,2.0999999999999996
0905905015,0.16404987470567547,9,25,32,37,21.200000000000003,0.7239738522085604,2,3,3,3,2.6,0.8005465823584984,3,9,9,9,6.6,0.18830053476759007,1,1,1,1,1.0,0.8974091285557326,2,3,4,4,2.9
0905905016,0.19785601779322823,9,25,32,37,21.200000000000003,0.5703698593209245,2,3,3,3,2.6,0.6970358097659503,3,9,9,9,6.6,0.5621758375455501,1,1,1,1,1.0,0.6970358097659503,2,3,4,4,2.9
0905905017,0.0,6,25,32,37,20.0,0.24490264959564698,1,3,3,3,2.2,0.0,3,9,9,9,6.6,1.0827218479513003,0,1,1,1,0.6,0.0,2,3,4,4,2.9
0905905018,0.2088378838764627,9,25,32,37,21.200000000000003,0.5363705756290971,2,3,3,3,2.6,0.8003767790467357,3,9,9,9,6.6,0.35545852334459843,1,1,1,1,1.0,0.82339902311539,3,3,4,4,3.3
0905905019,0.2694602293510201,9,25,32,37,21.200000000000003,0.40043390235127363,2,3,3,3,2.6,0.40043390235127363,3,9,9,9,6.6,0.6167898387151621,1,1,1,1,1.0,0.4664866255467959,2,3,4,4,2.9
0905905020,0.46515315619989356,9,25,32,37,21.200000000000003,0.7443714116164442,2,3,3,3,2.6,0.5987327903392243,3,9,9,9,6.6,0.9008896101419731,1,1,1,1,1.0,0.5987327903392243,2,3,4,4,2.9
0905905021,0.29946714505829936,9,25,32,37,21.200000000000003,0.620273997095027,2,3,3,3,2.6,0.6601976793902542,3,9,9,9,6.6,0.7370408489557535,1,1,1,1,1.0,0.6601976793902542,2,3,4,4,2.9
0905905022,0.36568967317151435,9,25,32,37,21.200000000000003,0.6302608661785855,2,3,3,3,2.6,0.5463979997906273,3,9,9,9,6.6,0.7258508986728619,1,1,1,1,1.0,0.5463979997906273,2,3,4,4,2.9
0905905023,0.40376979231311133,9,25,32,37,21.200000000000003,0.4898441998831445,2,3,3,3,2.6,0.40376979231311133,3,9,9,9,6.6,0.7795562171604937,1,1,1,1,1.0,0.40376979231311133,2,3,4,4,2.9
0905905024,0.410330157733234,7,23,32,37,19.8,0.410330157733234,2,3,3,3,2.6,0.410330157733234,4,9,9,9,7.0,1.1713397893420734,0,1,1,1,0.6,0.6308485954279661,2,3,4,4,2.9
0905905025,0.16973340782747454,9,25,32,37,21.200000000000003,0.5862452621773614,2,3,3,3,2.6,0.5862452621773614,3,9,9,9,6.6,0.4880446766756418,1,1,1,1,1.0,0.6165443307541213,2,3,4,4,2.9
0905905026,0.2467558880146764,8,25,32,37,20.8,0.6735645144902439,2,3,3,3,2.6,0.9884732679639474,1,9,9,9,5.8,0.0,1,1,1,1,1.0,0.8914616988910504,1,3,4,4,2.5
0905905027,0.0,6,25,32,37,20.0,0.49023353917020507,1,3,3,3,2.2,0.9156194401062282,2,9,9,9,6.2,0.2467558880146764,1,1,1,1,1.0,0.6452644047946661,1,3,4,4,2.5
0905905028,0.22827552250657349,6,25,32,37,20.0,0.7105315522214274,1,3,3,3,2.2,1.027063573844991,0,9,9,9,5.3999999999999995,0.13437524232797235,1,1,1,1,1.0,0.8535246938833025,1,3,4,4,2.5
0905905029,0.22574516020465712,9,25,32,37,21.200000000000003,0.45417776388130576,2,3,3,3,2.6,0.45417776388130576,3,9,9,9,6.6,0.5373330439967885,1,1,1,1,1.0,0.5885033760975771,2,3,4,4,2.9
0905905030,0.4170558371805882,8,23,32,37,20.2,0.4725494473882042,1,3,3,3,2.2,0.4170558371805882,4,9,9,9,7.0,1.4540515724569574,0,1,1,1,0.6,0.4170558371805882,2,3,4,4,2.9
0905905031,0.5334685083515557,7,25,32,37,20.4,0.6805028865081199,1,3,3,3,2.2,0.5334685083515557,3,9,9,9,6.6,1.6160160666861323,0,1,1,1,0.6,0.5334685083515557,2,3,4,4,2.9
0905905032,0.29408487267659666,5,25,32,37,19.6,0.498995610622142,1,3,3,3,2.2,0.29408487267659666,3,9,9,9,6.6,1.041537597224313,0,1,1,1,0.6,0.29408487267659666,2,3,4,4,2.9
0905905033,0.1995588106154876,5,22,32,37,18.7,1.081104140345507,0,3,3,3,1.7999999999999998,0.5860453533960372,1,8,9,9,5.5,2.0694476829591957,0,1,1,1,0.6,1.0341671555332732,0,3,4,4,2.0999999999999996
0905905034,0.32310737934797595,8,23,32,37,20.2,0.6838390343260337,1,3,3,3,2.2,0.6838390343260337,3,9,9,9,6.6,0.4315995666868291,1,1,1,1,1.0,0.8556942403944903,2,3,4,4,2.9
0905905035,0.6515169269087228,1,19,31,36,15.899999999999999,2.317548581296521,0,3,3,3,1.7999999999999998,1.0622875227814497,0,6,9,9,4.5,3.9357840397042296,0,1,1,1,0.6,3.013944375121511,0,3,4,4,2.0999999999999996
0905905036,0.19196501535946794,9,25,32,37,21.200000000000003,0.583684825480538,2,3,3,3,2.6,0.8354919808493292,3,9,9,9,6.6,0.23186648692105374,1,1,1,1,1.0,0.8917582760415204,3,3,4,4,3.3
0905905037,0.35309981931103984,8,23,32,37,20.2,0.8842270714706197,2,3,3,3,2.6,0.8842270714706197,1,9,9,9,5.8,0.24758897605614033,1,1,1,1,1.0,1.0288268821934126,0,3,4,4,2.0999999999999996
0905905038,1.7736141345286265,0,21,31,37,16.2,2.8979163488324806,0,3,3,3,1.7999999999999998,2.514273525728169,0,8,9,9,5.1,3.7681204935093513,0,1,1,1,0.6,2.7182315251531524,0,3,4,4,2.0999999999999996
0905905039,0.2528441167947137,8,23,32,37,20.2,0.2528441167947137,2,3,3,3,2.6,0.2528441167947137,4,9,9,9,7.0,1.1867629877600896,0,1,1,1,0.6,0.4232208155436208,2,3,4,4,2.9
0905905040,0.46669310341605175,6,23,32,37,19.4,0.46669310341605175,2,3,3,3,2.6,0.46669310341605175,3,9,9,9,6.6,0.9437465970202461,1,1,1,1,1.0,0.7113706016388232,2,3,4,4,2.9
0905905041,0.0,6,22,32,37,19.1,0.9791035398110141,1,3,3,3,2.2,0.3887129241592759,1,8,9,9,5.5,2.1058286409518328,0,1,1,1,0.6,1.118975322000923,0,3,4,4,2.0999999999999996
0905905042,0.3807227999572308,5,22,32,37,18.7,1.443972166941285,0,3,3,3,1.7999999999999998,0.768613573300599,1,8,9,9,5.5,2.5216692553211884,0,1,1,1,0.6,1.4729126032105417,0,3,4,4,2.0999999999999996
0905905043,0.0,5,22,32,37,18.7,1.2466778751988123,0,3,3,3,1.7999999999999998,0.8511493838109757,1,8,9,9,5.5,2.2208897685960007,0,1,1,1,0.6,1.147056846311765,0,3,4,4,2.0999999999999996
0905905044,0.25957143494784135,8,23,32,37,20.2,0.46080177601338823,2,3,3,3,2.6,0.46080177601338823,4,9,9,9,7.0,1.4290018569895195,0,1,1,1,0.6,0.5381723011953888,2,3,4,4,2.9
0905905045,0.0,9,23,32,37,20.599999999999998,0.6466209613516056,2,3,3,3,2.6,0.5168599134618,4,9,9,9,7.0,1.6624498733516293,0,1,1,1,0.6,0.7932668151330327,2,3,4,4,2.9
0905905046,0.495782256308308,1,20,31,36,16.2,2.104247287706344,0,3,3,3,1.7999999999999998,0.8573703431785732,1,8,9,9,5.5,3.820658754758769,0,1,1,1,0.6,3.0004460764868592,0,3,4,4,2.0999999999999996
0905905047,0.6571336392234646,1,22,31,36,16.8,1.7655508773079784,0,3,3,3,1.7999999999999998,0.7745044211785028,1,8,9,9,5.5,3.226033317088059,0,1,1,1,0.6,2.247935584529181,0,3,4,4,2.0999999999999996
0905905048,2.6642712210183355,0,9,30,35,12.2,4.308021587034033,0,1,3,3,1.2,3.060119896303579,0,3,9,9,3.5999999999999996,6.023847184018053,0,0,1,1,0.3,5.157778830462298,0,0,3,4,0.9999999999999999
0905905049,0.5209757333202018,3,23,32,37,18.2,0.46829692821057495,1,3,3,3,2.2,1.0756361219872472,0,9,9,9,5.3999999999999995,1.4964617538291134,0,1,1,1,0.6,1.309559131693796,0,3,4,4,2.0999999999999996
0905905050,0.15451174971353324,5,22,32,37,18.7,1.1956666712632946,0,3,3,3,1.7999999999999998,0.6967146653912094,1,8,9,9,5.5,2.1809820256331123,0,1,1,1,0.6,1.1253145212643614,0,3,4,4,2.0999999999999996
0905905051,0.6491836261701268,5,22,32,37,18.7,1.4355383879751842,0,3,3,3,1.7999999999999998,0.7332493848702174,2,8,9,9,5.8999999999999995,2.7548824253473003,0,1,1,1,0.6,1.753396260922757,0,3,4,4,2.0999999999999996
0905905052,0.5385461500149862,1,20,31,36,16.2,2.090246049912833,0,3,3,3,1.7999999999999998,0.8886148905186246,1,8,9,9,5.5,3.6559839139971144,0,1,1,1,0.6,2.710483613529106,0,3,4,4,2.0999999999999996
0905906001,0.5601572844349758,6,25,32,37,20.0,0.7080711115639167,1,3,3,3,2.2,0.32470672714357135,2,9,9,9,6.2,0.8195164051421464,1,1,1,1,1.0,0.3691703033160412,1,3,4,4,2.5
0905906002,0.5165782843634439,5,26,32,37,19.900000000000002,0.8815029114720088,1,3,3,3,2.2,0.2544917577031673,2,9,9,9,6.2,0.8911406030266222,1,1,1,1,1.0,0.5476325746978767,1,3,4,4,2.5
0905906003,0.7515878331903694,6,26,32,37,20.3,0.8344533384110746,1,3,3,3,2.2,0.19371450134034182,2,9,9,9,6.2,1.0562014640680295,0,1,1,1,0.6,0.39054875010337764,1,3,4,4,2.5
0905906004,0.59385522758938,4,26,32,37,19.5,1.0018490464211363,0,3,3,3,1.7999999999999998,0.0,2,9,9,9,6.2,1.1281172348089425,0,1,1,1,0.6,0.5778716437281749,1,3,4,4,2.5
0905906005,0.2769449198369544,4,26,32,37,19.5,1.1112966500591441,0,3,3,3,1.7999999999999998,0.34839512069472567,2,9,9,9,6.2,1.0171997400498698,0,1,1,1,0.6,0.78798138216886,1,3,4,4,2.5
0905906006,1.8122129432328549,0,23,32,39,17.2,3.1336969015956195,0,3,3,3,1.7999999999999998,2.372350255632061,0,9,9,10,5.499999999999999,2.729015434816383,0,1,1,1,0.6,2.875858277146425,0,3,4,4,2.0999999999999996
0905906007,0.37275412757700715,1,26,32,37,18.3,1.2651130698322928,0,3,3,3,1.7999999999999998,0.301285636783785,2,9,9,9,6.2,1.2663538460990131,0,1,1,1,0.6,0.8696063543379013,1,3,4,4,2.5
0905906008,1.372619037099337,0,23,32,39,17.2,2.7099165354700245,0,3,3,3,1.7999999999999998,1.7608889048753278,0,8,9,10,5.199999999999999,2.5264554847423266,0,1,1,1,0.6,2.3343861591306787,0,3,4,4,2.0999999999999996
0905906009,0.35711657876471364,1,26,32,37,18.3,1.4577273805660518,0,3,3,3,1.7999999999999998,0.49469347821348303,2,9,9,9,6.2,1.415991027889365,0,1,1,1,0.6,1.066120714792325,0,3,4,4,2.0999999999999996
0905906010,0.21994139659493547,1,24,32,37,17.7,1.4590845028720894,0,3,3,3,1.7999999999999998,0.556517890586914,2,9,9,9,6.2,1.3477129134898287,0,1,1,1,0.6,1.1012436439448425,0,3,4,4,2.0999999999999996
0905906011,0.0,1,24,32,37,17.7,1.3653769725429725,0,3,3,3,1.7999999999999998,0.59385522758938,2,9,9,9,6.2,1.1703867493571143,0,1,1,1,0.6,1.064088404305057,0,3,4,4,2.0999999999999996
0905906012,0.8444850398387626,1,23,32,39,17.599999999999998,2.201735340512079,0,3,3,3,1.7999999999999998,1.2990868116614047,0,9,9,10,5.499999999999999,1.986733338480821,0,1,1,1,0.6,1.8554103025212647,0,3,4,4,2.0999999999999996
0905907001,0.45833368545226416,7,25,32,37,20.4,0.7443155689975532,1,3,3,3,2.2,0.5007390736026596,2,9,9,9,6.2,0.6395171340277781,1,1,1,1,1.0,0.5510642790245037,1,3,4,4,2.5
0905907002,0.3633033374331249,7,25,32,37,20.4,0.7940199238560878,1,3,3,3,2.2,0.7441804106530933,2,9,9,9,6.2,0.4548732297716513,1,1,1,1,1.0,0.7407570166295727,1,3,4,4,2.5
0905907003,0.6222487621837139,5,23,32,37,19.0,1.101724003797013,0,3,3,3,1.7999999999999998,1.1370675305656501,0,9,9,9,5.3999999999999995,0.44286922840951154,1,1,1,1,1.0,1.2233682527592638,0,3,4,4,2.0999999999999996
0905907004,0.3932265573434231,4,25,32,37,19.200000000000003,1.0399602953613687,0,3,3,3,1.7999999999999998,0.594529766569141,2,9,9,9,6.2,0.7771712254059409,1,1,1,1,1.0,0.8423509863909696,1,3,4,4,2.5
0905907005,0.37209146256511755,4,23,32,37,18.6,1.1697975082178262,0,3,3,3,1.7999999999999998,0.716816110564717,2,9,9,9,6.2,0.8364860612741918,1,1,1,1,1.0,0.990549379573122,1,3,4,4,2.5
0905907006,0.8269814849251652,3,23,32,37,18.2,1.3159661162371372,0,3,3,3,1.7999999999999998,1.229821042363237,0,9,9,9,5.3999999999999995,0.7191202557916846,1,1,1,1,1.0,1.3280525881028606,0,3,4,4,2.0999999999999996
0905907007,0.0,1,21,33,36,16.900000000000002,2.6152489638703136,0,3,3,3,1.7999999999999998,2.575253511069447,0,8,9,9,5.1,3.265182700842329,0,1,1,1,0.6,3.576504107268398,0,3,4,4,2.0999999999999996
0905907008,0.8641272526684968,2,23,32,37,17.8,1.2387358979796308,0,3,3,3,1.7999999999999998,1.2387358979796308,0,9,9,9,5.3999999999999995,0.7099464252287502,1,1,1,1,1.0,1.4377139239770247,0,3,4,4,2.0999999999999996
0905907009,0.35621907985712603,4,26,32,37,19.5,1.0091782225359387,0,3,3,3,1.7999999999999998,0.40058642770586594,2,9,9,9,6.2,0.8804100590423463,1,1,1,1,1.0,0.729981431471244,1,3,4,4,2.5
0905907010,1.8963111024156964,0,23,32,38,17.1,3.295712125577076,0,3,3,3,1.7999999999999998,2.8003145836476935,0,9,9,10,5.499999999999999,2.8369241482526433,0,1,1,1,0.6,3.2142904442728164,0,3,4,4,2.0999999999999996
0905908001,0.4996178370531295,1,26,32,37,18.3,1.489298622579098,0,3,3,3,1.7999999999999998,0.49351931822668305,2,9,9,9,6.2,1.50736036882845,0,1,1,1,0.6,1.070661298467516,0,3,4,4,2.0999999999999996
0905908002,0.6773717617687628,1,26,32,37,18.3,1.5930425958836385,0,3,3,3,1.7999999999999998,0.5925540573300874,2,9,9,9,6.2,1.6629444466213672,0,1,1,1,0.6,1.1524243248881214,0,3,4,4,2.0999999999999996
0905908003,0.0,1,18,32,39,16.099999999999998,3.0573512597805834,0,3,3,3,1.7999999999999998,0.0,1,6,9,10,5.0,3.27499599307275,0,1,1,1,0.6,2.588208028857418,0,3,4,4,2.0999999999999996
0905908004,0.7692006990723004,2,26,32,37,18.7,1.4805549807782445,0,3,3,3,1.7999999999999998,0.8360457259220136,2,9,9,9,6.2,1.8662655152440597,0,1,1,1,0.6,1.0308066175123798,0,3,4,4,2.0999999999999996
0905908005,2.1251448203575074,0,17,32,38,15.299999999999999,3.507808998936179,0,2,3,3,1.5,2.202425669274021,0,6,9,10,4.6,4.056083818918718,0,1,1,1,0.6,3.165023219889955,0,3,4,4,2.0999999999999996
0905908006,0.9379342418218435,2,27,32,37,19.0,1.2986326724120367,0,3,3,3,1.7999999999999998,0.4688049534403071,2,9,9,9,6.2,1.5675210943586098,0,1,1,1,0.6,0.8291934761712602,1,3,4,4,2.5
0905908007,0.4737858815084311,1,26,32,37,18.3,1.5809805600467215,0,3,3,3,1.7999999999999998,0.5972613412164491,2,9,9,9,6.2,1.5553825187312138,0,1,1,1,0.6,1.1748234623221356,0,3,4,4,2.0999999999999996
0905908008,0.9017824543684372,1,25,32,37,18.0,1.8558729272387562,0,3,3,3,1.7999999999999998,0.8602391778562938,2,9,9,9,6.2,1.9349547710666621,0,1,1,1,0.6,1.4063372875988005,0,3,4,4,2.0999999999999996
0905908009,2.7388500472032,0,13,32,39,14.2,4.389578444797859,0,1,3,3,1.2,2.7388500472032,0,3,9,10,3.6999999999999997,4.14831998297967,0,1,1,1,0.6,4.020032616649439,0,1,4,4,1.5
0905908010,0.8981347589408792,1,24,32,37,17.7,2.1974736439597913,0,3,3,3,1.7999999999999998,1.6492697118039743,0,7,9,9,4.8,2.712308666367597,0,1,1,1,0.6,1.8243883761888702,0,3,4,4,2.0999999999999996
0905908011,0.6980195962250296,2,25,32,37,18.4,1.7752371744931097,0,3,3,3,1.7999999999999998,1.2675096284612493,0,8,9,9,5.1,2.2412468256083415,0,1,1,1,0.6,1.3659454525741876,0,3,4,4,2.0999999999999996
0905909001,0.42398658482770313,9,22,32,37,20.3,0.16066811056052188,2,3,3,3,2.6,0.5702539850781833,3,8,9,9,6.3,1.7579296397387443,0,1,1,1,0.6,1.1523843485197491,0,3,4,4,2.0999999999999996
0905909002,0.4599509759559985,7,22,32,37,19.5,0.13739731184787363,1,3,3,3,2.2,0.5672918340043899,2,8,9,9,5.8999999999999995,1.8258957841627892,0,1,1,1,0.6,1.2319555745392996,0,3,4,4,2.0999999999999996
0905909003,0.0,7,22,32,36,19.4,0.5767929958226469,1,3,3,3,2.2,0.4243927745185047,3,8,9,9,6.3,2.288617014040656,0,1,1,1,0.6,1.5835268874772666,0,3,4,4,2.0999999999999996
0905909004,0.31388507118714254,7,22,32,36,19.4,0.8826206205251725,1,3,3,3,2.2,0.4196072743305793,3,8,9,9,6.3,2.545806403270476,0,1,1,1,0.6,1.7525124260420415,0,3,4,4,2.0999999999999996
0905909005,0.21308699306625106,7,22,32,36,19.4,0.7895379757046783,1,3,3,3,2.2,0.45485728475420245,3,8,9,9,6.3,2.492948412683154,0,1,1,1,0.6,1.7473730513365617,0,3,4,4,2.0999999999999996
0905909006,0.27139765470950666,2,22,32,36,17.4,0.8320992659821439,1,3,3,3,2.2,0.7497382897196659,1,8,9,9,5.5,2.2697113259301402,0,1,1,1,0.6,2.0376545447613053,0,3,4,4,2.0999999999999996
0905909007,0.4763343977030431,6,23,32,37,19.4,0.14629332930182634,1,3,3,3,2.2,0.7693333688987138,2,9,9,9,6.2,1.7700146323636443,0,1,1,1,0.6,1.3482466814425895,0,3,4,4,2.0999999999999996
0905909008,0.3154257861934342,5,22,32,36,18.599999999999998,0.368697248323576,1,3,3,3,2.2,0.5784152251101347,2,8,9,9,5.8999999999999995,2.0089893058426473,0,1,1,1,0.6,1.6122016757886044,0,3,4,4,2.0999999999999996
0905909009,0.3220639068186014,5,22,32,36,18.599999999999998,0.5631602169195253,1,3,3,3,2.2,0.21315597081661755,3,8,9,9,6.3,2.3239145225982227,0,1,1,1,0.6,1.7543891822954512,0,3,4,4,2.0999999999999996
0905909010,0.39364739689319017,7,22,32,37,19.5,0.1832649056350729,1,3,3,3,2.2,0.5732666020609252,2,8,9,9,5.8999999999999995,1.9287188801133504,0,1,1,1,0.6,1.34468281296832,0,3,4,4,2.0999999999999996
0905909011,0.3221511690524696,6,22,32,36,19.0,0.35977548709159474,1,3,3,3,2.2,0.4173457320778569,3,8,9,9,6.3,2.1218821884993884,0,1,1,1,0.6,1.561524020594382,0,3,4,4,2.0999999999999996
0905909012,0.33093478964985373,6,22,32,36,19.0,0.7971403540793206,1,3,3,3,2.2,0.19055701203320802,3,8,9,9,6.3,2.555694487640639,0,1,1,1,0.6,1.9067193435917715,0,3,4,4,2.0999999999999996
0905909013,0.321786814994549,7,22,32,37,19.5,0.3283358548241258,1,3,3,3,2.2,0.37729583089646473,2,8,9,9,5.8999999999999995,1.9402244064759715,0,1,1,1,0.6,1.2441219564329558,0,3,4,4,2.0999999999999996
0905909014,0.38463249494733076,5,22,32,36,18.599999999999998,0.9209376546207271,1,3,3,3,2.2,0.3443487444338297,3,8,9,9,6.3,2.664717551429531,0,1,1,1,0.6,1.9615363580487404,0,3,4,4,2.0999999999999996
0905909015,0.47305385412551865,5,22,32,36,18.599999999999998,1.0309576108885952,0,3,3,3,1.7999999999999998,0.3501937707391401,3,8,9,9,6.3,2.654751400738333,0,1,1,1,0.6,1.8157058228789136,0,3,4,4,2.0999999999999996
0905909016,3.3031411569719324,0,9,31,35,12.4,4.584244879202232,0,1,3,3,1.2,3.570989991066661,0,3,9,9,3.5999999999999996,6.336554947514364,0,0,1,1,0.3,5.7013722682137224,0,0,3,4,0.9999999999999999
0905909017,0.2753794244325594,8,22,32,37,19.9,0.32228239151762234,2,3,3,3,2.6,0.4752667205764893,3,8,9,9,6.3,1.740102740275867,0,1,1,1,0.6,1.0420937248755657,0,3,4,4,2.0999999999999996
0905909018,0.3065271748384401,5,22,32,36,18.599999999999998,0.4733079153275203,1,3,3,3,2.2,0.5107533607521877,2,8,9,9,5.8999999999999995,2.1146082411594276,0,1,1,1,0.6,1.7217923692877952,0,3,4,4,2.0999999999999996
0905909019,0.25211590222938646,3,22,32,36,17.799999999999997,0.6038343489143114,1,3,3,3,2.2,0.4268311413087963,1,8,9,9,5.5,2.257202454645026,0,1,1,1,0.6,1.8563916921311696,0,3,4,4,2.0999999999999996
0905909020,0.5767929958226469,7,23,32,37,19.8,0.0,1,3,3,3,2.2,0.7046862746078386,2,9,9,9,6.2,1.7623988244288882,0,1,1,1,0.6,1.2530279551785488,0,3,4,4,2.0999999999999996
0905909021,0.4598495486124067,6,22,32,36,19.0,0.3991686517562487,1,3,3,3,2.2,0.4151817817059427,2,8,9,9,5.8999999999999995,2.1301501295827316,0,1,1,1,0.6,1.6453293486306682,0,3,4,4,2.0999999999999996
0905909022,0.26098010167054725,7,22,32,36,19.4,0.3184094363786562,1,3,3,3,2.2,0.46668803449161134,3,8,9,9,6.3,2.0376837169198283,0,1,1,1,0.6,1.3935762586674094,0,3,4,4,2.0999999999999996
0905909023,0.5725629762390406,4,22,32,36,18.199999999999996,1.1212620578122217,0,3,3,3,1.7999999999999998,0.25102294261607655,3,8,9,9,6.3,2.8598499191548434,0,1,1,1,0.6,2.1291403934027144,0,3,4,4,2.0999999999999996
0905909024,0.26832759677627116,3,22,32,36,17.799999999999997,0.9015092164565627,1,3,3,3,2.2,0.2024611905550103,2,8,9,9,5.8999999999999995,2.6348769853637988,0,1,1,1,0.6,2.1239342416795486,0,3,4,4,2.0999999999999996
0905909025,0.2611901241157162,4,22,32,36,18.199999999999996,0.6338076607702107,1,3,3,3,2.2,0.24514071824045727,3,8,9,9,6.3,2.3572811651680317,0,1,1,1,0.6,1.8742559834249952,0,3,4,4,2.0999999999999996
0905909026,0.21730741215007418,7,22,32,36,19.4,0.39310768298700105,1,3,3,3,2.2,0.4308209131584258,3,8,9,9,6.3,2.1462659719056036,0,1,1,1,0.6,1.5300669428299725,0,3,4,4,2.0999999999999996
0905909027,0.2766034362837959,6,22,32,36,19.0,0.4832524013905409,1,3,3,3,2.2,0.2993639742617744,3,8,9,9,6.3,2.245616047344959,0,1,1,1,0.6,1.665630045702645,0,3,4,4,2.0999999999999996
0905909028,0.46375493538652146,5,22,32,36,18.599999999999998,0.8849502268000206,1,3,3,3,2.2,0.14680856049423574,3,8,9,9,6.3,2.6473404398694926,0,1,1,1,0.6,2.0297458977037874,0,3,4,4,2.0999999999999996
0905909029,0.4366484227778174,6,22,32,36,19.0,0.22785265776167027,1,3,3,3,2.2,0.5500485129220524,2,8,9,9,5.8999999999999995,1.9836478127173547,0,1,1,1,0.6,1.4657178911099833,0,3,4,4,2.0999999999999996
0905909030,0.439671665622399,7,22,32,36,19.4,0.1672057828690637,1,3,3,3,2.2,0.6086440493887358,2,8,9,9,5.8999999999999995,1.929505673587064,0,1,1,1,0.6,1.3926326949815033,0,3,4,4,2.0999999999999996
0905909031,0.2734031910015587,4,22,32,36,18.199999999999996,0.6878866974015411,1,3,3,3,2.2,0.16985490854469962,3,8,9,9,6.3,2.4245650394711697,0,1,1,1,0.6,1.9165761068675655,0,3,4,4,2.0999999999999996
0905909032,0.435393571156941,8,23,32,37,20.2,0.211247186991779,2,3,3,3,2.6,0.6278094125637937,3,9,9,9,6.6,1.6497833801974384,0,1,1,1,0.6,1.0532485111869994,0,3,4,4,2.0999999999999996
0905909033,0.3397111544028912,5,22,32,36,18.599999999999998,0.8548042287560068,1,3,3,3,2.2,0.2779713183643957,3,8,9,9,6.3,2.6050484356869874,0,1,1,1,0.6,1.9230512406812685,0,3,4,4,2.0999999999999996
0905909034,0.6146047703738727,8,23,32,37,20.2,0.19761459798368056,2,3,3,3,2.6,0.8643775664792491,3,9,9,9,6.6,1.584200218125864,0,1,1,1,0.6,1.172287680508113,0,3,4,4,2.0999999999999996
0905909035,0.0,3,22,32,36,17.799999999999997,0.847906692296898,1,3,3,3,2.2,0.40095367283495126,1,8,9,9,5.5,2.503458299387777,0,1,1,1,0.6,2.1005248998426613,0,3,4,4,2.0999999999999996
0905909036,0.294878414388258,3,22,32,36,17.799999999999997,0.5505336767170326,1,3,3,3,2.2,0.502423014981766,1,8,9,9,5.5,2.173765549892688,0,1,1,1,0.6,1.7979813563112077,0,3,4,4,2.0999999999999996
0905909037,0.40095367283495126,4,22,32,36,18.199999999999996,0.7750439630569382,1,3,3,3,2.2,0.0,3,8,9,9,6.3,2.5333726297640156,0,1,1,1,0.6,1.960887844360795,0,3,4,4,2.0999999999999996
0905909038,0.0,8,22,32,37,19.9,0.5831582152791382,2,3,3,3,2.6,0.28076207803370123,2,8,9,9,5.8999999999999995,1.879973494976031,0,1,1,1,0.6,1.0348849009919108,0,3,4,4,2.0999999999999996
0905909039,0.22266552106295145,5,22,32,36,18.599999999999998,0.6892574560318008,1,3,3,3,2.2,0.2362612814647023,3,8,9,9,6.3,2.300037922677631,0,1,1,1,0.6,1.503899141158563,0,3,4,4,2.0999999999999996
0905909040,0.41848121168823266,3,22,32,36,17.799999999999997,1.2707638092909375,0,3,3,3,1.7999999999999998,0.0,3,8,9,9,6.3,2.9642468865823983,0,1,1,1,0.6,2.1598060373737344,0,3,4,4,2.0999999999999996
0905909041,0.0,1,21,31,36,16.5,1.6881974708219911,0,3,3,3,1.7999999999999998,0.41848121168823266,1,8,9,9,5.5,3.3624378058312607,0,1,1,1,0.6,2.511963947494383,0,3,4,4,2.0999999999999996
0905909042,0.0,6,22,32,37,19.1,0.7046862746078386,1,3,3,3,2.2,0.0,3,8,9,9,6.3,2.1590218372499774,0,1,1,1,0.6,1.3004829074695878,0,3,4,4,2.0999999999999996
0905909043,0.47691953886831884,4,22,32,36,18.199999999999996,1.385822027768941,0,3,3,3,1.7999999999999998,0.3651795811508447,2,8,9,9,5.8999999999999995,2.9628819879068495,0,1,1,1,0.6,2.0623070275327966,0,3,4,4,2.0999999999999996
0905909044,0.0,3,22,32,36,17.799999999999997,0.6173040496010804,1,3,3,3,2.2,0.7970294662718163,1,8,9,9,5.5,2.0050545499902044,0,1,1,1,0.6,1.7790320503815507,0,3,4,4,2.0999999999999996
0906001001,10.9924796173471,0,0,3,16,2.2,12.547333008505374,0,0,1,3,0.5,15.687326130562775,0,0,0,4,0.4,49.92937508856223,0,0,0,0,0.0,23.839119099719724,0,0,0,1,0.1
0906101001,4.416191688993391,0,2,4,20,3.4,20.439866597621368,0,0,0,2,0.2,16.321598436568465,0,0,0,5,0.5,20.033753075237545,0,0,0,1,0.1,20.75316022092001,0,0,0,1,0.1
0906201001,12.806755639995691,0,0,2,11,1.5,38.87255815976684,0,0,0,0,0.0,12.806755639995691,0,0,1,3,0.5,47.13380641392968,0,0,0,0,0.0,46.26365969398324,0,0,0,0,0.0
0906301001,8.16342983599596,0,0,17,42,7.6,13.812788960482887,0,0,1,3,0.5,11.14374028504153,0,0,3,11,1.7,14.245435603976906,0,0,1,1,0.3,4.627737843643106,0,1,2,4,1.0999999999999999
0906401001,12.139970732846672,0,0,1,18,2.0,24.99874310051838,0,0,0,2,0.2,23.55469221489861,0,0,0,4,0.4,24.524664550181573,0,0,0,1,0.1,23.7503206412435,0,0,0,1,0.1
0906501001,4.6332976729207,0,2,10,19,4.5,7.228097062491395,0,0,2,3,0.7,6.8134790065713196,0,0,3,5,1.0999999999999999,7.883420923724686,0,0,1,1,0.3,8.35645869204746,0,0,1,1,0.3
0906601001,11.527788476433185,0,0,2,6,1.0,33.0358741352546,0,0,0,0,0.0,14.616145552141264,0,0,1,1,0.3,33.4888598592013,0,0,0,0,0.0,33.96704982142248,0,0,0,0,0.0
0906701001,3.7056243460595018,0,1,10,16,3.9,21.752611384677774,0,0,0,1,0.1,9.494459217638637,0,0,3,4,0.9999999999999999,48.68358204633006,0,0,0,0,0.0,49.318710871755954,0,0,0,0,0.0
0906801001,7.191820606110421,0,0,2,10,1.4,25.29882962196365,0,0,0,1,0.1,18.248456179210137,0,0,0,4,0.4,47.51339393021541,0,0,0,0,0.0,41.264538207591826,0,0,0,0,0.0
0907001001,11.211190857379568,0,0,1,7,0.9000000000000001,43.22394405938812,0,0,0,0,0.0,11.211190857379568,0,0,1,3,0.5,42.688314956790926,0,0,0,0,0.0,42.01496948780348,0,0,0,0,0.0
0907101001,13.082778716137174,0,0,1,22,2.4,18.45046805713459,0,0,0,3,0.30000000000000004,17.021950282645943,0,0,0,7,0.7000000000000001,30.157217138880174,0,0,0,0,0.0,29.089763157260975,0,0,0,2,0.2
0907201001,4.957720404543814,0,2,31,38,10.599999999999998,9.280484885359284,0,0,3,3,0.8999999999999999,9.192945410429028,0,0,9,10,2.8,9.501219521742632,0,0,1,1,0.3,9.950234871118688,0,0,4,4,1.2
0907301001,3.846371900868365,0,2,33,39,11.099999999999998,6.050111775926049,0,0,3,3,0.8999999999999999,5.345937588570437,0,0,9,10,2.8,5.672630376923742,0,0,1,1,0.3,5.9175557982533675,0,0,4,4,1.2
0907401001,3.1896582537968343,0,5,31,35,11.200000000000001,5.508194783400133,0,0,3,3,0.8999999999999999,4.976448729228739,0,1,9,9,3.0,6.763048995612452,0,0,1,1,0.3,6.73413673489366,0,0,3,4,0.9999999999999999
0907501001,6.749201350174772,0,0,25,39,8.9,10.622137234403628,0,0,3,4,0.9999999999999999,9.710949064843135,0,0,8,11,2.7,12.318781382726566,0,0,1,1,0.3,11.803532011611605,0,0,3,4,0.9999999999999999
0907601001,5.707189487851693,0,0,3,7,1.2999999999999998,7.833488152072955,0,0,1,1,0.3,5.707189487851693,0,0,2,2,0.6,36.02404374351936,0,0,0,0,0.0,34.79741797952444,0,0,0,0,0.0
0907701001,9.400922996597153,0,0,3,16,2.2,15.230910721594851,0,0,0,3,0.30000000000000004,18.47858565399587,0,0,0,4,0.4,52.95523863999178,0,0,0,0,0.0,21.613905019552135,0,0,0,1,0.1
0907801001,10.068211794778081,0,0,2,6,1.0,39.16508589074756,0,0,0,0,0.0,10.068211794778081,0,0,1,1,0.3,39.520729370432434,0,0,0,0,0.0,39.95159473234358,0,0,0,0,0.0
0907901001,7.029360632410317,0,0,3,35,4.1,27.039207179147674,0,0,0,3,0.30000000000000004,20.812274667688726,0,0,0,9,0.9,27.654426721125578,0,0,0,1,0.1,20.309697486650133,0,0,0,4,0.4
0908201001,8.901373126237788,0,0,1,13,1.5000000000000002,20.655849100735555,0,0,0,3,0.30000000000000004,8.901373126237788,0,0,1,4,0.6000000000000001,50.84674586962357,0,0,0,0,0.0,28.19525033435065,0,0,0,1,0.1
0908301001,7.990417253565662,0,0,2,30,3.4000000000000004,11.43510944563751,0,0,1,4,0.6000000000000001,7.990417253565662,0,0,1,8,1.0,28.968790139424048,0,0,0,1,0.1,28.166201295753343,0,0,0,3,0.30000000000000004
0908401001,7.884390313429893,0,0,2,11,1.5,38.38292125166807,0,0,0,0,0.0,7.884390313429893,0,0,1,3,0.5,50.946720687006106,0,0,0,0,0.0,50.148837354985695,0,0,0,0,0.0
0908501001,6.050407929608772,0,0,12,19,4.3,6.695871440452427,0,0,2,4,0.8,6.050407929608772,0,0,4,5,1.3,7.1581822823317145,0,0,1,1,0.3,8.276727779912617,0,0,1,1,0.3
0908601001,0.0,2,2,29,36,10.799999999999999,8.626425381696771,0,0,3,3,0.8999999999999999,8.141728637183219,0,0,9,9,2.6999999999999997,9.71557354599457,0,0,1,1,0.3,9.82093071813298,0,0,3,4,0.9999999999999999
0908801001,7.822788316361087,0,0,3,9,1.5,26.984280326203535,0,0,0,1,0.1,7.822788316361087,0,0,2,4,0.8,52.56498938899753,0,0,0,0,0.0,49.09159490249498,0,0,0,0,0.0
0909001001,5.095899404343469,0,0,1,9,1.1,40.82980769024214,0,0,0,0,0.0,15.221556666961003,0,0,0,2,0.2,41.4303364419385,0,0,0,0,0.0,33.34216280107226,0,0,0,0,0.0
0909101001,0.0,1,1,1,11,2.0,37.26293760962096,0,0,0,0,0.0,19.660983350989717,0,0,0,2,0.2,37.83280785412006,0,0,0,0,0.0,29.195238855991015,0,0,0,1,0.1
0909301001,4.028341855222771,0,1,29,41,10.2,12.451238845883701,0,0,3,3,0.8999999999999999,9.441107498130366,0,0,7,10,2.4000000000000004,12.716103073722678,0,0,1,1,0.3,2.7368524854760006,0,1,4,4,1.5
0909401001,8.640086593586656,0,0,1,9,1.1,37.15543076204483,0,0,0,0,0.0,17.878619290919474,0,0,0,2,0.2,36.52780445916343,0,0,0,0,0.0,36.36510464181001,0,0,0,0,0.0
0909501001,5.165193253740135,0,0,2,41,4.5,21.53031218045427,0,0,0,3,0.30000000000000004,19.037051254046194,0,0,0,11,1.1,22.019066929514004,0,0,0,1,0.1,12.60276775250322,0,0,1,4,0.6000000000000001
0909801001,10.546207267558195,0,0,1,14,1.6,13.954442512160798,0,0,1,3,0.5,10.546207267558195,0,0,1,4,0.6000000000000001,49.03808352791953,0,0,0,0,0.0,23.954101137322862,0,0,0,1,0.1
0910001001,12.755779419751297,0,0,2,29,3.3000000000000003,15.951906726868527,0,0,0,4,0.4,12.755779419751297,0,0,2,10,1.4,28.07971267413403,0,0,0,1,0.1,27.458670421577953,0,0,0,3,0.30000000000000004
0910101001,6.87223356315795,0,0,3,28,3.4,28.07970085249797,0,0,0,2,0.2,16.845781881411458,0,0,0,7,0.7000000000000001,28.354794819307752,0,0,0,1,0.1,18.20926063110262,0,0,0,4,0.4
0910201001,4.04260244739394,0,1,3,9,1.8,26.19108162773675,0,0,0,1,0.1,16.5730486861936,0,0,0,4,0.4,54.80121322977153,0,0,0,0,0.0,34.83833244320375,0,0,0,0,0.0
0910301001,10.203284753524276,0,0,3,20,2.6,26.558589794720405,0,0,0,2,0.2,18.91951786971357,0,0,0,5,0.5,26.1096712419779,0,0,0,1,0.1,26.725213278473678,0,0,0,1,0.1
0910401001,15.738889712602582,0,0,0,19,1.9000000000000001,27.07952644753778,0,0,0,2,0.2,20.316745571022505,0,0,0,4,0.4,26.470462560019964,0,0,0,1,0.1,26.518863100750547,0,0,0,1,0.1
0910501001,15.95681945770401,0,0,0,14,1.4000000000000001,30.550652074405107,0,0,0,0,0.0,25.71500075548976,0,0,0,4,0.4,29.90722599856209,0,0,0,1,0.1,29.53302872942697,0,0,0,1,0.1
0910801001,7.059197258649235,0,0,5,39,4.9,16.190032146782016,0,0,0,3,0.30000000000000004,13.747891731826272,0,0,1,10,1.2,15.96521925540672,0,0,0,1,0.1,11.969206486699939,0,0,1,4,0.6000000000000001
0910901001,0.0,1,1,1,10,1.9,20.955515679084712,0,0,0,2,0.2,20.732327443387913,0,0,0,2,0.2,92.30424171152563,0,0,0,0,0.0,23.343889571669962,0,0,0,1,0.1
0911001001,9.552081413235571,0,0,2,6,1.0,41.50954011537699,0,0,0,0,0.0,12.64686618872287,0,0,1,2,0.4,41.66244711600907,0,0,0,0,0.0,41.65806051368035,0,0,0,0,0.0
0911201001,7.820047221933042,0,0,3,20,2.6,26.14102471161171,0,0,0,3,0.30000000000000004,25.262564510125532,0,0,0,5,0.5,26.559052188855222,0,0,0,1,0.1,25.460049233815578,0,0,0,1,0.1
0911301001,0.0,1,1,1,9,1.8,34.5039455991036,0,0,0,0,0.0,20.854612860311537,0,0,0,2,0.2,34.36211132018652,0,0,0,0,0.0,32.96686250067894,0,0,0,0,0.0
0911401001,13.123717570806887,0,0,2,38,4.2,21.54855451128486,0,0,0,3,0.30000000000000004,18.530630074734468,0,0,0,10,1.0,21.29861388251013,0,0,0,1,0.1,20.392391944214552,0,0,0,4,0.4
0911501001,6.851105182361948,0,0,2,16,2.0,12.108916560949124,0,0,1,3,0.5,15.545344059001911,0,0,0,4,0.4,51.470074746535104,0,0,0,0,0.0,20.069444058429248,0,0,0,1,0.1
0911701001,4.401945526916506,0,2,3,20,3.2,16.898494757617897,0,0,0,3,0.30000000000000004,4.819918878420904,0,1,2,5,1.2,20.903458993318704,0,0,0,1,0.1,22.13107744868088,0,0,0,1,0.1
0911901001,8.906533876633324,0,0,1,36,3.8,25.77073342888766,0,0,0,3,0.30000000000000004,17.918964633438133,0,0,0,11,1.1,25.541022899837213,0,0,0,1,0.1,24.262108655155473,0,0,0,4,0.4
0912001001,4.109924705529474,0,1,10,15,3.8,13.013116518779963,0,0,2,3,0.7,13.66362764636657,0,0,2,3,0.7,61.16780164432985,0,0,0,0,0.0,11.248909204598858,0,0,1,1,0.3
0912201001,14.753763899172906,0,0,1,7,0.9000000000000001,31.12703313286017,0,0,0,0,0.0,23.382151772094225,0,0,0,2,0.2,30.551313426364953,0,0,0,0,0.0,29.958339932191162,0,0,0,1,0.1
0912301001,7.521089612735007,0,0,3,7,1.2999999999999998,16.082365746305133,0,0,0,1,0.1,7.521089612735007,0,0,2,2,0.6,34.4752389839163,0,0,0,0,0.0,33.933393746710344,0,0,0,0,0.0
0912401001,0.0,1,1,1,5,1.4,64.40963344499191,0,0,0,0,0.0,0.0,1,1,1,5,1.4,85.82691287810842,0,0,0,0,0.0,70.3309456369883,0,0,0,0,0.0
0912501001,8.024018831574281,0,0,6,41,5.3,17.195368315125283,0,0,0,3,0.30000000000000004,14.49970493895679,0,0,1,11,1.3,17.623609655692633,0,0,0,1,0.1,7.777607277810812,0,0,1,4,0.6000000000000001
0912701001,15.390886764309272,0,0,0,15,1.5,29.169748014769148,0,0,0,2,0.2,15.443001456486131,0,0,0,4,0.4,28.63932116253917,0,0,0,1,0.1,29.025060254370963,0,0,0,1,0.1
0912801001,5.460581774123762,0,0,25,42,9.2,12.649074939815664,0,0,3,3,0.8999999999999999,10.430456651443901,0,0,6,11,2.3,13.18250786019272,0,0,1,1,0.3,5.512256905382797,0,0,4,4,1.2
0912901001,6.9000712755202285,0,0,1,3,0.5,32.64688336426769,0,0,0,0,0.0,15.95065329123283,0,0,0,2,0.2,46.796384650895924,0,0,0,0,0.0,46.229313467581484,0,0,0,0,0.0
0913001001,4.943195908482507,0,1,2,5,1.2,20.707243996700036,0,0,0,1,0.1,4.943195908482507,0,1,1,2,0.7,46.448886951672485,0,0,0,0,0.0,33.39184070304848,0,0,0,0,0.0
0913101001,4.274037094331203,0,2,12,18,4.800000000000001,5.560189596073138,0,0,2,3,0.7,4.967578731329244,0,1,3,4,1.3,6.09900343174232,0,0,1,1,0.3,5.051075158125785,0,0,1,1,0.3
0913201001,5.191534540701719,0,0,2,6,1.0,13.025822672217858,0,0,1,1,0.3,5.191534540701719,0,0,2,2,0.6,43.80771156037497,0,0,0,0,0.0,29.825757696561315,0,0,0,1,0.1
0913301001,14.853033171961744,0,0,2,39,4.3,17.675198875742794,0,0,0,4,0.4,16.52369486760556,0,0,0,11,1.1,19.437487556291494,0,0,0,1,0.1,18.676305669485306,0,0,0,4,0.4
0913401001,6.416296699826154,0,0,3,12,1.7999999999999998,22.750906252512184,0,0,0,2,0.2,22.673250171095557,0,0,0,3,0.30000000000000004,56.02151193423736,0,0,0,0,0.0,27.895455265338548,0,0,0,1,0.1
0913501001,9.291280323009634,0,0,3,16,2.2,10.289852929107958,0,0,1,3,0.5,13.669103598785055,0,0,1,4,0.6000000000000001,49.23429557354291,0,0,0,0,0.0,22.51268213267072,0,0,0,1,0.1
0913601001,8.036892123554127,0,0,3,19,2.5,15.328949933001294,0,0,0,3,0.30000000000000004,8.04847079745233,0,0,2,5,0.9,15.755081812388575,0,0,0,1,0.1,16.911701251106663,0,0,0,1,0.1
0913701001,4.032657699047122,0,2,10,18,4.3999999999999995,8.469515811964213,0,0,2,3,0.7,7.7412067128156075,0,0,3,4,0.9999999999999999,9.209324749009673,0,0,1,1,0.3,8.52968645984175,0,0,1,1,0.3
0913801001,8.338643333963306,0,0,2,21,2.5,18.00771604079829,0,0,0,3,0.30000000000000004,8.535960980202336,0,0,1,5,0.7,18.64187455793751,0,0,0,1,0.1,19.779743024777325,0,0,0,1,0.1
0913901001,11.619007236641561,0,0,5,19,2.9000000000000004,15.410425471099586,0,0,0,4,0.4,11.664290396756257,0,0,2,5,0.9,15.936871606741265,0,0,0,1,0.1,16.954598188683,0,0,0,1,0.1
0914001001,10.006417675285356,0,0,2,15,1.9,16.958377964228237,0,0,0,3,0.30000000000000004,17.53850260323916,0,0,0,6,0.6000000000000001,18.836274404481607,0,0,0,1,0.1,19.02385227634277,0,0,0,1,0.1
0914101001,0.0,1,6,10,19,6.1000000000000005,4.273304558140535,0,2,2,3,1.3,3.573054549623906,0,1,3,4,1.3,5.070256686988487,0,0,1,1,0.3,4.876494108048723,0,1,1,1,0.6
0914301001,10.099625882632292,0,0,2,31,3.5000000000000004,13.189252263919231,0,0,1,4,0.6000000000000001,10.583702547900849,0,0,1,10,1.2,27.98616882592144,0,0,0,1,0.1,27.015309559227877,0,0,0,3,0.30000000000000004
0914401001,11.244161461723957,0,0,1,13,1.5000000000000002,36.5343504534322,0,0,0,0,0.0,16.243597198020886,0,0,0,3,0.30000000000000004,43.59205964468127,0,0,0,0,0.0,42.67563564831097,0,0,0,0,0.0
0914801001,8.249242272017904,0,0,3,10,1.6,35.764925453393005,0,0,0,0,0.0,11.152004089671406,0,0,2,3,0.7,36.43516660400199,0,0,0,0,0.0,31.56299250137381,0,0,0,0,0.0
0914901001,7.170936049494052,0,0,3,16,2.2,5.397430436671424,0,0,1,3,0.5,8.764952432277973,0,0,1,4,0.6000000000000001,44.625107545962564,0,0,0,0,0.0,26.207144573725913,0,0,0,1,0.1
0915101001,0.0,1,1,11,19,4.8,11.45819304435404,0,0,2,2,0.6,9.03494195258903,0,0,3,4,0.9999999999999999,10.877641923530224,0,0,1,1,0.3,11.12446887159861,0,0,1,1,0.3
0915201001,7.283070372637407,0,0,13,19,4.5,11.802215731043038,0,0,2,2,0.6,7.283070372637407,0,0,4,5,1.3,11.678244162911906,0,0,1,1,0.3,12.805887233251047,0,0,1,1,0.3
0915401001,7.039474322424927,0,0,1,11,1.3,42.362280690384026,0,0,0,0,0.0,7.039474322424927,0,0,1,3,0.5,48.189866675297885,0,0,0,0,0.0,47.45079539025458,0,0,0,0,0.0
0915501001,13.667852979942785,0,0,4,18,2.6,15.985426334695966,0,0,0,4,0.4,14.264905299727458,0,0,1,5,0.7,16.56395309733339,0,0,0,1,0.1,17.45694596464779,0,0,0,1,0.1
0915901001,8.600081049668898,0,0,3,27,3.3000000000000003,28.96933817911647,0,0,0,1,0.1,21.825301629493126,0,0,0,5,0.5,29.56290771314518,0,0,0,1,0.1,21.57862767763283,0,0,0,2,0.2
0916001001,8.86581407028118,0,0,10,18,3.8,11.730663738900205,0,0,2,4,0.8,11.585328997665368,0,0,3,5,1.0999999999999999,12.350135106331287,0,0,1,1,0.3,13.086724473841878,0,0,1,1,0.3
0916201001,11.549514057189818,0,0,5,38,4.800000000000001,17.471178603395465,0,0,0,3,0.30000000000000004,15.746551863346765,0,0,0,10,1.0,17.074192747349528,0,0,0,1,0.1,16.041254557696973,0,0,0,4,0.4
0916301001,7.197541528645152,0,0,6,12,2.4,31.439727095816785,0,0,0,0,0.0,7.197541528645152,0,0,1,4,0.6000000000000001,48.012802347985506,0,0,0,0,0.0,46.956576834151335,0,0,0,0,0.0
0916401001,7.978070960241898,0,0,2,17,2.1,17.912172480100995,0,0,0,2,0.2,16.41224425254768,0,0,0,3,0.30000000000000004,17.58859314151938,0,0,0,1,0.1,16.61303502505785,0,0,0,1,0.1
0916601001,8.515679748423736,0,0,2,34,3.8000000000000003,25.980869056347824,0,0,0,3,0.30000000000000004,8.515679748423736,0,0,1,10,1.2,26.571336566026176,0,0,0,1,0.1,26.050604637459813,0,0,0,4,0.4
0916701001,9.609932356520689,0,0,4,39,4.7,18.87066350398367,0,0,0,3,0.30000000000000004,17.268009858664325,0,0,0,11,1.1,19.493845878495204,0,0,0,1,0.1,13.04158011476649,0,0,1,4,0.6000000000000001
0916801001,6.941826253057573,0,0,7,19,3.3000000000000003,17.245346696633664,0,0,0,3,0.30000000000000004,6.441464895049501,0,0,2,5,0.9,17.223825228815283,0,0,0,1,0.1,18.418609993335178,0,0,0,1,0.1
0916901001,6.471415707196334,0,0,2,8,1.2000000000000002,36.85105435145057,0,0,0,0,0.0,14.93314474550787,0,0,1,2,0.4,37.004327935963104,0,0,0,0,0.0,37.186282498781985,0,0,0,0,0.0
0917001001,7.090835571623868,0,0,11,19,4.1,13.300136341994735,0,0,2,3,0.7,6.881093588119093,0,0,3,5,1.0999999999999999,13.63274249004757,0,0,1,1,0.3,14.857071906505174,0,0,1,1,0.3
0917201001,7.335168366150729,0,0,2,34,3.8000000000000003,22.954537376377345,0,0,0,3,0.30000000000000004,18.141875600394265,0,0,0,10,1.0,23.555002226008785,0,0,0,1,0.1,22.724876126864633,0,0,0,4,0.4
0917301001,12.885090463928167,0,0,1,13,1.5000000000000002,29.283021205348163,0,0,0,1,0.1,10.930241637169484,0,0,1,4,0.6000000000000001,58.20576639902491,0,0,0,0,0.0,58.37566574950669,0,0,0,0,0.0
0917401001,0.0,1,1,1,13,2.2,28.688447954329018,0,0,0,1,0.1,20.816384196716694,0,0,0,3,0.30000000000000004,33.65046125132289,0,0,0,0,0.0,32.62523472310623,0,0,0,0,0.0
0917501001,16.445342637447723,0,0,0,9,0.9,20.783123366295065,0,0,0,1,0.1,16.445342637447723,0,0,0,4,0.4,46.90140873317168,0,0,0,0,0.0,46.396195760108505,0,0,0,0,0.0
0917601001,6.870578613066733,0,0,28,37,9.3,8.558005012707925,0,0,3,4,0.9999999999999999,7.287276493420754,0,0,9,10,2.8,10.188897601562703,0,0,1,1,0.3,9.214442200729277,0,0,3,4,0.9999999999999999
0917701001,0.0,1,1,4,36,5.1,17.072379826211527,0,0,0,3,0.30000000000000004,16.584446989045027,0,0,0,10,1.0,18.09243006500384,0,0,0,1,0.1,18.258264284094018,0,0,0,4,0.4
0917801001,10.775498244458076,0,0,1,14,1.6,20.458817502657887,0,0,0,3,0.30000000000000004,10.775498244458076,0,0,1,4,0.6000000000000001,52.43744592613688,0,0,0,0,0.0,25.760667654118585,0,0,0,1,0.1
0917901001,9.799967401313898,0,0,4,11,1.9,35.01959541568957,0,0,0,0,0.0,12.373906793482565,0,0,1,1,0.3,34.58458465560552,0,0,0,0,0.0,35.224660377969386,0,0,0,0,0.0
0918001001,9.748939952128929,0,0,3,37,4.300000000000001,24.846704860529126,0,0,0,3,0.30000000000000004,22.847067815815485,0,0,0,11,1.1,25.42878818663655,0,0,0,1,0.1,17.349291875817805,0,0,0,4,0.4
0918101001,8.95731345637664,0,0,5,39,4.9,19.142568790174924,0,0,0,3,0.30000000000000004,15.191843539614277,0,0,0,11,1.1,19.81455629420076,0,0,0,1,0.1,16.444534480752083,0,0,0,4,0.4
0918201001,7.421487325787127,0,0,2,12,1.6,39.52475239649536,0,0,0,0,0.0,16.167338105319704,0,0,0,2,0.2,39.66064383807083,0,0,0,0,0.0,36.48692783402842,0,0,0,0,0.0
0918301001,9.003895471777495,0,0,1,6,0.8,39.029896628374665,0,0,0,0,0.0,9.003895471777495,0,0,1,2,0.4,39.76017121571837,0,0,0,0,0.0,40.12845533037762,0,0,0,0,0.0
0918401001,8.759189915378984,0,0,2,6,1.0,38.62221982933902,0,0,0,0,0.0,8.759189915378984,0,0,1,1,0.3,39.15417359084757,0,0,0,0,0.0,39.64063294813814,0,0,0,0,0.0
0918901001,12.938335045070511,0,0,1,6,0.8,54.654555409696286,0,0,0,0,0.0,12.938335045070511,0,0,2,5,0.9,80.71709191395779,0,0,0,0,0.0,53.42070652549333,0,0,0,0,0.0
0919001001,12.681304580930599,0,0,1,4,0.6000000000000001,32.194942251257096,0,0,0,0,0.0,24.551637224327482,0,0,0,1,0.1,84.9502996702592,0,0,0,0,0.0,31.632825789876566,0,0,0,0,0.0
0919101001,10.766245057426735,0,0,2,26,3.0000000000000004,29.28958223467448,0,0,0,2,0.2,18.59088058250052,0,0,0,9,0.9,29.675230618861296,0,0,0,1,0.1,30.12750516092166,0,0,0,0,0.0
0919201001,7.536681788802215,0,0,1,15,1.7000000000000002,25.35730943341886,0,0,0,2,0.2,25.486578264213925,0,0,0,4,0.4,69.731300662655,0,0,0,0,0.0,24.080593389785996,0,0,0,1,0.1
0919401001,0.0,2,2,3,13,3.3,32.05144485900064,0,0,0,0,0.0,0.0,1,1,1,2,1.1,31.962467090617423,0,0,0,0,0.0,24.60722490014953,0,0,0,1,0.1
0919401002,9.625049340613526,0,0,3,10,1.6,34.96140790391318,0,0,0,0,0.0,9.625049340613526,0,0,1,1,0.3,34.43786542334342,0,0,0,0,0.0,34.121353821529176,0,0,0,0,0.0
0919501001,11.49060979638664,0,0,3,8,1.4,14.75958896564122,0,0,1,1,0.3,14.749607926477266,0,0,1,1,0.3,37.14217375290932,0,0,0,0,0.0,36.09200294479335,0,0,0,0,0.0
0919601001,13.555396303402443,0,0,4,38,4.6000000000000005,23.072556279982265,0,0,0,3,0.30000000000000004,13.555396303402443,0,0,1,10,1.2,22.74624674582461,0,0,0,1,0.1,19.450174979676216,0,0,0,4,0.4
0919701001,10.006686432889646,0,0,4,39,4.7,22.427266942355523,0,0,0,3,0.30000000000000004,10.006686432889646,0,0,1,10,1.2,22.27337108464207,0,0,0,1,0.1,16.283076076707637,0,0,0,4,0.4
0919801001,6.621570324945763,0,0,5,21,3.1,29.583464794456717,0,0,0,1,0.1,12.968431104608394,0,0,1,4,0.6000000000000001,29.77249215377124,0,0,0,1,0.1,19.964997701797767,0,0,0,2,0.2
0919901001,6.1731859343705935,0,0,3,21,2.7,14.556796509164613,0,0,1,3,0.5,6.70574283324055,0,0,2,5,0.9,25.024393898123797,0,0,0,1,0.1,26.267704549344828,0,0,0,1,0.1
0920001001,6.932683321547958,0,0,1,13,1.5000000000000002,30.40854568202803,0,0,0,0,0.0,19.383898184785988,0,0,0,2,0.2,30.576890454959702,0,0,0,0,0.0,30.92999839920326,0,0,0,0,0.0
0920101001,12.4141779187327,0,0,1,11,1.3,39.593423384166414,0,0,0,0,0.0,15.418420872855908,0,0,0,2,0.2,39.10405973338638,0,0,0,0,0.0,38.35135715148661,0,0,0,0,0.0
0920201001,8.55458234753717,0,0,3,37,4.300000000000001,23.51300365562412,0,0,0,3,0.30000000000000004,8.55458234753717,0,0,1,11,1.3,24.175513898882407,0,0,0,1,0.1,22.814365386117103,0,0,0,4,0.4
0920601001,3.8739017756131684,0,1,3,39,4.8,23.23470794072303,0,0,0,3,0.30000000000000004,19.521545489627716,0,0,0,10,1.0,23.568939189041892,0,0,0,1,0.1,13.351664034327209,0,0,1,4,0.6000000000000001
0920801001,6.6915526280623165,0,0,1,33,3.5,28.84308619883343,0,0,0,3,0.30000000000000004,16.2400516089773,0,0,0,11,1.1,28.511767021654975,0,0,0,1,0.1,26.376369811501725,0,0,0,4,0.4
0920901001,0.0,1,1,3,10,2.3000000000000003,42.18964997562719,0,0,0,0,0.0,0.0,1,2,3,5,2.1,64.20471630363444,0,0,0,0,0.0,48.929782379724095,0,0,0,0,0.0
0920901002,3.215696727952196,0,1,2,9,1.6,45.25083219728114,0,0,0,0,0.0,0.0,1,2,3,5,2.1,67.25762286747442,0,0,0,0,0.0,50.77358863585724,0,0,0,0,0.0
0920901003,9.78033330155904,0,0,3,8,1.4,45.51146116110954,0,0,0,0,0.0,8.513004125816972,0,0,2,5,0.9,72.06501554046477,0,0,0,0,0.0,45.775199051708064,0,0,0,0,0.0
0920901004,3.7127961716967652,0,1,2,10,1.7,45.8966737956181,0,0,0,0,0.0,1.0381928579586193,0,2,3,5,1.7,67.31782092331876,0,0,0,0,0.0,51.773665665161445,0,0,0,0,0.0
0920901005,4.868059777115076,0,1,2,9,1.6,46.424715602459194,0,0,0,0,0.0,1.8680834859423203,0,2,3,5,1.7,69.04707475198593,0,0,0,0,0.0,50.863388726355836,0,0,0,0,0.0
0921101001,0.0,1,1,2,10,2.1,39.72379730875724,0,0,0,0,0.0,0.0,1,1,1,4,1.3,47.388789609495994,0,0,0,0,0.0,41.76805822995686,0,0,0,0,0.0
0921301001,5.857261523945437,0,0,2,7,1.1,36.041814126676314,0,0,0,0,0.0,8.087822569492642,0,0,2,4,0.8,62.46915272217678,0,0,0,0,0.0,40.84422680711661,0,0,0,0,0.0
0921401001,10.463558881676878,0,0,1,7,0.9000000000000001,59.848112588853446,0,0,0,0,0.0,10.463558881676878,0,0,1,5,0.7,82.40162154077146,0,0,0,0,0.0,60.30182569975108,0,0,0,0,0.0
0921501001,9.061704749043454,0,0,2,4,0.8,56.56218154005645,0,0,0,0,0.0,9.061704749043454,0,0,2,4,0.8,77.58258254707967,0,0,0,0,0.0,68.62284407419564,0,0,0,0,0.0
0921601001,7.650373088152165,0,0,1,4,0.6000000000000001,47.898261527720216,0,0,0,0,0.0,16.58472472456008,0,0,0,4,0.4,75.37935029039308,0,0,0,0,0.0,74.3870318753041,0,0,0,0,0.0
0921701001,10.073699616027993,0,0,3,7,1.2999999999999998,36.87745355180957,0,0,0,0,0.0,10.073699616027993,0,0,3,3,0.8999999999999999,54.53184400616959,0,0,0,0,0.0,49.991694502646965,0,0,0,0,0.0
0921801001,0.0,1,2,10,19,4.9,9.051385876732992,0,0,2,3,0.7,8.367239446680573,0,0,3,4,0.9999999999999999,9.847062221723395,0,0,1,1,0.3,9.666368544093315,0,0,1,1,0.3
0921901001,0.37046595305230495,6,9,10,12,8.299999999999999,0.0,2,2,2,2,2.0,0.6717289995607255,1,2,2,2,1.6,71.6235240105375,0,0,0,0,0.0,1.7642092042793853,0,1,1,1,0.6
0921901002,0.8808636381375057,1,9,10,12,6.3,1.0195460995651355,0,2,2,2,1.2,1.5784436430666338,0,2,2,2,1.2,71.14377284050511,0,0,0,0,0.0,0.9927153735113478,1,1,1,1,1.0
0921902001,0.0,7,9,10,12,8.7,0.37046595305230495,2,2,2,2,2.0,0.7024040024840591,2,2,2,2,2.0,71.8068171689619,0,0,0,0,0.0,1.779068669116113,0,1,1,1,0.6
0921902002,0.23169562174366726,7,9,10,12,8.7,0.5899802352384754,2,2,2,2,2.0,0.8790610407457539,2,2,2,2,2.0,71.83159251050441,0,0,0,0,0.0,1.7317918520244837,0,1,1,1,0.6
0921902003,0.3848095068665457,4,9,10,12,7.5,0.7325710303635344,1,2,2,2,1.6,0.9881915449443299,1,2,2,2,1.6,71.81865211342176,0,0,0,0,0.0,1.687400452564418,0,1,1,1,0.6
0921902004,0.5044602008126127,4,9,10,12,7.5,0.8444147553895746,1,2,2,2,1.6,1.0756527315870914,0,2,2,2,1.2,71.80031103033295,0,0,0,0,0.0,1.6536045183131989,0,1,1,1,0.6
0921902005,0.4274362053529159,8,9,9,12,8.9,0.7978073903540726,2,2,2,2,2.0,0.8342117930349434,2,2,2,2,2.0,72.00855435375261,0,0,0,0,0.0,1.8762402112842382,0,1,1,1,0.6
0921902006,0.0,1,9,9,12,6.1,1.3775458660987348,0,2,2,2,1.2,0.9699533573040011,1,2,2,2,1.6,72.62463612767081,0,0,0,0,0.0,2.4727264410723255,0,1,1,1,0.6
0921902007,0.5603332069997754,8,9,9,12,8.9,0.9409936159605279,2,2,2,2,2.0,0.7399076028569989,2,2,2,2,2.0,72.19966253695394,0,0,0,0,0.0,2.0596738318388588,0,1,1,1,0.6
0921903001,0.20346282289368783,7,9,9,12,8.5,0.4584514217576931,2,2,2,2,2.0,0.5413012828795865,2,2,2,2,2.0,72.0006664074819,0,0,0,0,0.0,1.9821317490154196,0,1,1,1,0.6
0921903002,0.30361834575700203,8,9,9,12,8.9,0.6206877196414563,2,2,2,2,2.0,0.5320211278280541,2,2,2,2,2.0,72.16222238558849,0,0,0,0,0.0,2.091676390750648,0,1,1,1,0.6
0921903003,0.27637292442651135,7,9,9,12,8.5,0.4433125506103069,2,2,2,2,2.0,0.4433125506103069,2,2,2,2,2.0,72.0362261598202,0,0,0,0,0.0,2.049803587635194,0,1,1,1,0.6
0921903004,0.0,7,9,9,12,8.5,0.0,2,2,2,2,2.0,0.0,2,2,2,2,2.0,72.26081569619275,0,0,0,0,0.0,2.4199066039921653,0,1,1,1,0.6
0921903005,0.4658115512508266,8,9,9,12,8.9,0.8291542163706421,2,2,2,2,2.0,0.5514434370167787,2,2,2,2,2.0,72.33591893658313,0,0,0,0,0.0,2.2139457927999637,0,1,1,1,0.6
0921903006,0.33460155406861575,8,9,9,12,8.9,0.7010028742043987,2,2,2,2,2.0,0.3891848628986512,2,2,2,2,2.0,72.4145578017037,0,0,0,0,0.0,2.3187906884166516,0,1,1,1,0.6
0921903007,0.16225472334889107,7,9,9,12,8.5,0.40316207310757884,2,2,2,2,2.0,0.14340289574657103,2,2,2,2,2.0,72.48954626385954,0,0,0,0,0.0,2.4904906575174586,0,1,1,1,0.6
0921903008,0.10618791472675372,8,9,9,12,8.9,0.5164847237145639,1,2,2,2,1.6,0.0,2,2,2,2,2.0,72.63000375454375,0,0,0,0,0.0,2.613644103439358,0,1,1,1,0.6
0921903009,0.3643220011648503,8,9,9,12,8.9,0.779822359670749,1,2,2,2,1.6,0.3251382789066946,2,2,2,2,2.0,72.6325984125077,0,0,0,0,0.0,2.53182564216567,0,1,1,1,0.6
0921903010,0.4774966746983719,4,9,9,12,7.3,1.0090291914091873,0,2,2,2,1.2,0.5000794224252652,1,2,2,2,1.6,72.89481889173263,0,0,0,0,0.0,2.772748963999918,0,1,1,1,0.6
0921903011,0.0,7,9,9,12,8.5,0.5801626067074132,1,2,2,2,1.6,0.10618791472675372,2,2,2,2,2.0,72.73325977897916,0,0,0,0,0.0,2.71946247904781,0,1,1,1,0.6
0921903012,0.14791759747422847,7,9,9,12,8.5,0.7241784130680365,1,2,2,2,1.6,0.24326571023909813,2,2,2,2,2.0,72.87175409569278,0,0,0,0,0.0,2.8363249823401855,0,1,1,1,0.6
0921903013,0.3590204933646,7,9,9,12,8.5,0.9367041658652367,1,2,2,2,1.6,0.4257358724756552,2,2,2,2,2.0,72.99231233020026,0,0,0,0,0.0,2.904903809219677,0,1,1,1,0.6
0921903014,0.3802448252091931,6,9,9,12,8.1,0.903932669638417,1,2,2,2,1.6,0.48553807307701585,2,2,2,2,2.0,73.1120249051973,0,0,0,0,0.0,3.091009321861987,0,1,1,1,0.6
0921903015,0.2242370535301707,8,9,9,12,8.9,0.5596773558605044,2,2,2,2,2.0,0.6576273901579092,2,2,2,2,2.0,72.01837908783514,0,0,0,0,0.0,1.9541149887838847,0,1,1,1,0.6
0921903016,0.0,7,9,9,12,8.5,0.36673709905238405,2,2,2,2,2.0,0.3001720601081032,2,2,2,2,2.0,72.32983180430986,0,0,0,0,0.0,2.3308028366343416,0,1,1,1,0.6
0921903017,0.4313516611908154,8,9,9,12,8.9,0.9616217397495997,1,2,2,2,1.6,0.5396616547250767,2,2,2,2,2.0,72.60288405909326,0,0,0,0,0.0,2.467712200794359,0,1,1,1,0.6
0921903018,0.24396294193559986,6,9,9,12,8.1,0.6866044928266214,1,2,2,2,1.6,0.3427322149374516,2,2,2,2,2.0,72.92241798064863,0,0,0,0,0.0,2.948446628276237,0,1,1,1,0.6
0921904001,4.4675254445792465,0,4,10,12,4.3999999999999995,4.5935932343982,0,1,2,3,0.9999999999999999,5.169357325823465,0,0,2,2,0.6,68.86494135718269,0,0,0,0,0.0,2.971798038923348,0,1,1,1,0.6
0921904002,0.0,1,9,9,11,6.0,3.3229892831719443,0,2,2,2,1.2,3.3229892831719443,0,2,2,2,1.2,71.4473378254215,0,0,0,0,0.0,4.546606281430593,0,1,1,1,0.6
0921904003,1.779068669116113,0,9,10,12,5.8999999999999995,1.7642092042793853,0,2,2,2,1.2,2.4199066039921653,0,2,2,2,1.2,70.15456841063165,0,0,0,0,0.0,0.0,1,1,1,1,1.0
0922001001,6.135119553400859,0,0,2,16,2.0,16.684215410424247,0,0,0,3,0.30000000000000004,20.087119780860945,0,0,0,4,0.4,55.50349329493611,0,0,0,0,0.0,18.054193434153248,0,0,0,1,0.1
0922101001,7.151162246642372,0,0,31,39,10.1,9.576089444684968,0,0,3,3,0.8999999999999999,8.223868706899088,0,0,9,10,2.8,9.17002974018616,0,0,1,1,0.3,9.327275171174415,0,0,4,4,1.2
0922301001,7.385382658603772,0,0,2,14,1.8000000000000003,35.876018644905045,0,0,0,0,0.0,7.385382658603772,0,0,1,4,0.6000000000000001,52.860875915207195,0,0,0,0,0.0,53.20964605959238,0,0,0,0,0.0
0922401001,15.573192231585473,0,0,0,39,3.9000000000000004,18.800911659539345,0,0,0,4,0.4,15.573192231585473,0,0,0,11,1.1,21.15830322019305,0,0,0,1,0.1,20.248042352128678,0,0,0,3,0.30000000000000004
0922501001,9.897095412074796,0,0,3,12,1.7999999999999998,34.79418177101063,0,0,0,0,0.0,12.472098935174103,0,0,1,4,0.6000000000000001,51.5437574430652,0,0,0,0,0.0,50.65796874012274,0,0,0,0,0.0
0922601001,17.820640168397603,0,0,0,6,0.6000000000000001,35.27827252023015,0,0,0,0,0.0,17.498718063108278,0,0,0,2,0.2,52.71803578426833,0,0,0,0,0.0,52.81873901433318,0,0,0,0,0.0
0922701001,8.499863791746598,0,0,2,32,3.6,27.11216279660079,0,0,0,3,0.30000000000000004,21.362397722993606,0,0,0,10,1.0,27.809982701918216,0,0,0,1,0.1,26.896077185590944,0,0,0,3,0.30000000000000004
0922801001,9.7266954728524,0,0,4,18,2.6,15.472071591991906,0,0,0,4,0.4,15.092423194969559,0,0,0,6,0.6000000000000001,16.113651858225726,0,0,0,1,0.1,16.635280065779483,0,0,0,1,0.1
0922901001,9.21934486738408,0,0,3,21,2.7,13.070999469340036,0,0,1,3,0.5,9.652496708004396,0,0,2,5,0.9,23.63793831788612,0,0,0,1,0.1,24.79758900784018,0,0,0,1,0.1
0923001001,5.409342222700197,0,0,4,7,1.5,15.57494046647618,0,0,0,1,0.1,17.891082719691433,0,0,0,3,0.30000000000000004,48.194508265360135,0,0,0,0,0.0,29.745698247577934,0,0,0,1,0.1
0923101001,13.098274014399994,0,0,1,9,1.1,33.032565420533864,0,0,0,0,0.0,17.772286828008287,0,0,0,1,0.1,32.41266302860265,0,0,0,0,0.0,32.38222228388062,0,0,0,0,0.0
0923201001,9.704130901951713,0,0,3,15,2.1,20.17551825831997,0,0,0,1,0.1,5.626082264349537,0,0,1,4,0.6000000000000001,52.231995254104014,0,0,0,0,0.0,52.236676192786156,0,0,0,0,0.0
0923501001,7.485586301743709,0,0,6,20,3.2,23.245461357402807,0,0,0,3,0.30000000000000004,9.556462619296704,0,0,1,5,0.7,23.175967812709825,0,0,0,1,0.1,24.334947072826857,0,0,0,1,0.1
0923601001,2.57657391707991,0,1,2,37,4.4,25.595828208239144,0,0,0,3,0.30000000000000004,20.35674619130393,0,0,0,10,1.0,25.951174499361013,0,0,0,1,0.1,15.747244198853107,0,0,0,4,0.4
0923801001,0.0,1,1,3,10,2.3000000000000003,20.020345879387726,0,0,0,1,0.1,21.835874448294167,0,0,0,4,0.4,48.542388162908615,0,0,0,0,0.0,34.21113048549571,0,0,0,0,0.0
0923901001,6.591143457830435,0,0,3,23,2.9,18.02836225353434,0,0,0,2,0.2,15.188307972683864,0,0,0,5,0.5,17.45715464800021,0,0,0,1,0.1,17.71277817289426,0,0,0,1,0.1
0924101001,5.3310225602932375,0,0,29,37,9.5,7.770635809412981,0,0,3,3,0.8999999999999999,6.906525411042639,0,0,9,10,2.8,9.455990624421489,0,0,1,1,0.3,8.966570920127849,0,0,3,4,0.9999999999999999
0924201001,7.089296373428698,0,0,3,9,1.5,39.93318305705125,0,0,0,0,0.0,7.089296373428698,0,0,1,3,0.5,40.59377525714528,0,0,0,0,0.0,34.70269562567809,0,0,0,0,0.0
0924301001,5.9968703621925386,0,0,2,8,1.2000000000000002,37.98751294724571,0,0,0,0,0.0,5.9968703621925386,0,0,1,3,0.5,42.46083875353802,0,0,0,0,0.0,37.654833932409055,0,0,0,0,0.0
0924401001,14.141985183677747,0,0,1,9,1.1,27.42789450028512,0,0,0,1,0.1,22.74327474365842,0,0,0,4,0.4,41.46540710409936,0,0,0,0,0.0,40.385060720879466,0,0,0,0,0.0
0924601001,4.55128304813656,0,1,4,14,2.5,28.779450609582103,0,0,0,1,0.1,10.627200274754115,0,0,2,4,0.8,56.845971556758506,0,0,0,0,0.0,56.10484039932572,0,0,0,0,0.0
0924701001,10.393306503127521,0,0,4,11,1.9,42.89595163907008,0,0,0,0,0.0,10.393306503127521,0,0,1,4,0.6000000000000001,43.19361966314939,0,0,0,0,0.0,39.04347430865089,0,0,0,0,0.0
0924801001,7.147390267870864,0,0,1,34,3.6,23.431032424333296,0,0,0,3,0.30000000000000004,23.04527558581806,0,0,0,10,1.0,24.19132559702084,0,0,0,1,0.1,24.535794429804955,0,0,0,4,0.4
0924901001,4.66944508543047,0,1,2,24,3.1,29.073284311619773,0,0,0,1,0.1,20.906041826491148,0,0,0,4,0.4,29.43019196771996,0,0,0,1,0.1,19.226191194672747,0,0,0,2,0.2
0925001001,0.0,1,1,2,37,4.8,25.196436198198846,0,0,0,3,0.30000000000000004,22.43731106432291,0,0,0,10,1.0,25.60696626330088,0,0,0,1,0.1,15.553138433601502,0,0,0,4,0.4
0925101001,0.0,1,1,2,16,2.7,14.921803203807642,0,0,1,3,0.5,15.59352807309325,0,0,0,4,0.4,57.6476328803067,0,0,0,0,0.0,13.224971722444764,0,0,1,1,0.3
0925301001,4.363181293191712,0,1,9,19,4.0,12.91791463828662,0,0,2,3,0.7,12.294799424175709,0,0,2,5,0.9,13.691872895471096,0,0,1,1,0.3,13.712315622974,0,0,1,1,0.3
0925501001,7.925733715822855,0,0,3,17,2.3,20.24004156845759,0,0,0,3,0.30000000000000004,23.40483900825133,0,0,0,4,0.4,56.95017459300395,0,0,0,0,0.0,21.7220696323197,0,0,0,1,0.1
0925601001,0.0,1,1,4,19,3.4,20.767772150619063,0,0,0,3,0.30000000000000004,7.690827729648587,0,0,1,5,0.7,26.30897495552437,0,0,0,1,0.1,27.557006251435098,0,0,0,1,0.1
0925701001,7.4025787483435135,0,0,3,37,4.300000000000001,24.80768844303591,0,0,0,3,0.30000000000000004,8.72375065660279,0,0,1,11,1.3,25.478616729792662,0,0,0,1,0.1,23.067550485126688,0,0,0,4,0.4
0925801001,6.505625705302479,0,0,2,10,1.4,37.12527831681483,0,0,0,0,0.0,21.95487207563947,0,0,0,1,0.1,37.06829548435434,0,0,0,0,0.0,34.54741927886902,0,0,0,0,0.0
0925901001,7.021305940631212,0,0,20,38,7.8,14.119147960738431,0,0,2,3,0.7,14.519702953907945,0,0,6,10,2.1999999999999997,14.771384193842128,0,0,1,1,0.3,14.158017362606579,0,0,3,4,0.9999999999999999
0926101001,0.0,2,2,3,18,3.8,18.743124545767365,0,0,0,4,0.4,17.353554565327908,0,0,0,4,0.4,18.758501389804895,0,0,0,1,0.1,17.532938655650646,0,0,0,1,0.1
0926201001,8.002797000809242,0,0,1,11,1.3,38.53162670980296,0,0,0,0,0.0,23.39180691658243,0,0,0,1,0.1,38.25930352196694,0,0,0,0,0.0,33.08384980541505,0,0,0,0,0.0
0926501001,7.732605110945044,0,0,3,8,1.4,10.732328904855923,0,0,1,1,0.3,10.806365000232173,0,0,1,2,0.4,37.123342020505156,0,0,0,0,0.0,36.10854041300712,0,0,0,0,0.0
0926601001,12.72099405146553,0,0,1,7,0.9000000000000001,34.76117275775944,0,0,0,0,0.0,19.599374685305776,0,0,0,2,0.2,35.91658354105815,0,0,0,0,0.0,35.98496713531459,0,0,0,0,0.0
0926701001,15.495041373500632,0,0,0,16,1.6,26.94741868018363,0,0,0,2,0.2,18.534668415008973,0,0,0,4,0.4,26.37174105398005,0,0,0,1,0.1,26.590218506432887,0,0,0,1,0.1
0926801001,12.05252989877571,0,0,2,11,1.5,39.41077840666611,0,0,0,0,0.0,14.472627687181614,0,0,1,3,0.5,42.00391923033845,0,0,0,0,0.0,41.174206384356,0,0,0,0,0.0
0926901001,4.688427729304475,0,1,1,7,1.2000000000000002,42.566416684063256,0,0,0,0,0.0,4.688427729304475,0,1,1,2,0.7,43.165828148854494,0,0,0,0,0.0,43.61412383870703,0,0,0,0,0.0
0927001001,13.231171775332538,0,0,1,20,2.2,24.185750662387303,0,0,0,2,0.2,22.264396552051018,0,0,0,4,0.4,23.557659078794245,0,0,0,1,0.1,23.47074197345154,0,0,0,1,0.1
0927201001,13.33366410872728,0,0,1,8,1.0,22.530922101418557,0,0,0,1,0.1,22.301226271309083,0,0,0,2,0.2,37.48453892187633,0,0,0,0,0.0,36.40244230900376,0,0,0,0,0.0
0927301001,3.450635521331734,0,1,2,10,1.7,6.87003073818058,0,0,1,1,0.3,3.450635521331734,0,1,1,2,0.7,33.466060551740256,0,0,0,0,0.0,32.63803646126587,0,0,0,0,0.0
0927401001,0.0,1,1,2,5,1.6,27.09619319295207,0,0,0,1,0.1,11.40170096477304,0,0,1,2,0.4,40.60579049792907,0,0,0,0,0.0,40.338138746207235,0,0,0,0,0.0
0927501001,8.403987744606141,0,0,3,39,4.5,22.558116102169365,0,0,0,3,0.30000000000000004,15.330682299702778,0,0,0,10,1.0,22.771736809433484,0,0,0,1,0.1,12.882961151102949,0,0,1,4,0.6000000000000001
0927601001,12.099707538554311,0,0,9,11,2.9,14.18696877948781,0,0,2,2,0.6,13.741838608315108,0,0,2,2,0.6,86.06541361303456,0,0,0,0,0.0,16.026675379056062,0,0,0,1,0.1
0927701001,4.613007569078601,0,1,1,9,1.4,34.58214933108241,0,0,0,0,0.0,16.551521179154356,0,0,0,2,0.2,34.20664966320605,0,0,0,0,0.0,31.446280194822215,0,0,0,0,0.0
0927901001,8.707021932200428,0,0,12,19,4.3,10.20896943967901,0,0,2,3,0.7,8.707021932200428,0,0,3,4,0.9999999999999999,9.9692279148646,0,0,1,1,0.3,8.906800319440126,0,0,1,1,0.3
0928001001,4.82174789819867,0,1,3,8,1.7,7.655702382640317,0,0,1,1,0.3,8.06164684890707,0,0,1,2,0.4,37.88370451868133,0,0,0,0,0.0,34.476360289121835,0,0,0,0,0.0
0928101001,4.927514127413215,0,1,11,19,4.4,11.451243840430626,0,0,2,2,0.6,7.465894726743479,0,0,3,4,0.9999999999999999,11.045807989739151,0,0,1,1,0.3,11.796719497428768,0,0,1,1,0.3
0928301001,8.54478753080097,0,0,4,16,2.4000000000000004,13.977218035835966,0,0,1,3,0.5,16.714144511561766,0,0,0,5,0.5,49.082595967986286,0,0,0,0,0.0,26.8138159473426,0,0,0,1,0.1
0928701001,7.623944290284653,0,0,28,37,9.3,11.477720107748535,0,0,3,3,0.8999999999999999,10.806790749589307,0,0,9,10,2.8,12.30877282062919,0,0,1,1,0.3,11.290340440886457,0,0,3,4,0.9999999999999999
0928801001,11.747479456379352,0,0,16,39,7.1,13.326974889356313,0,0,2,4,0.8,12.126234307626444,0,0,6,11,2.3,15.07901258111114,0,0,0,1,0.1,14.25327302287312,0,0,2,4,0.8
0928901001,0.0,1,1,5,15,3.2,23.07567134456595,0,0,0,1,0.1,4.34601149841475,0,1,1,4,0.9,52.68964731014037,0,0,0,0,0.0,53.10672612570303,0,0,0,0,0.0
0928901002,4.34601149841475,0,1,6,15,3.0,20.636454870323423,0,0,0,1,0.1,0.0,1,1,2,4,1.5,51.5508527485925,0,0,0,0,0.0,51.79350239566835,0,0,0,0,0.0
0929201001,9.572146521294595,0,0,2,34,3.8000000000000003,12.914882361035652,0,0,1,4,0.6000000000000001,9.572146521294595,0,0,1,10,1.2,26.971740870601067,0,0,0,1,0.1,26.112594074484864,0,0,0,3,0.30000000000000004
0929401001,7.693771194354291,0,0,3,11,1.7,37.11773560768558,0,0,0,0,0.0,7.693771194354291,0,0,1,1,0.3,36.61491522463797,0,0,0,0,0.0,32.28616331943623,0,0,0,0,0.0
0929501001,8.050842182918753,0,0,1,7,0.9000000000000001,37.9676910090211,0,0,0,0,0.0,21.7958439485977,0,0,0,2,0.2,37.32627465279377,0,0,0,0,0.0,37.050056687365824,0,0,0,0,0.0
0929701001,3.484431829341399,0,1,26,38,9.3,12.510854885548248,0,0,3,3,0.8999999999999999,11.829946809694833,0,0,7,10,2.4000000000000004,13.179876887114775,0,0,1,1,0.3,10.830371068992825,0,0,4,4,1.2
0929801001,11.085142808141269,0,0,4,16,2.4000000000000004,8.45711882452552,0,0,1,3,0.5,11.085142808141269,0,0,2,4,0.8,47.19522080958902,0,0,0,0,0.0,23.15405862928339,0,0,0,1,0.1
0930101001,5.736455379258979,0,0,32,37,10.1,6.933725052463768,0,0,3,3,0.8999999999999999,6.156272646161116,0,0,9,10,2.8,7.822276178785446,0,0,1,1,0.3,6.766087248892486,0,0,3,4,0.9999999999999999
0930201001,11.046109024230201,0,0,4,12,2.0,35.7255399961373,0,0,0,0,0.0,11.784203994078634,0,0,1,4,0.6000000000000001,47.89953594593531,0,0,0,0,0.0,46.93136882889057,0,0,0,0,0.0
0930301001,7.117761404630138,0,0,2,8,1.2000000000000002,26.5947828335006,0,0,0,1,0.1,14.315084256811696,0,0,1,3,0.5,33.60700137366626,0,0,0,0,0.0,33.37931405295934,0,0,0,0,0.0
0930401001,3.8798886869151126,0,1,24,39,9.0,12.790434081808822,0,0,2,3,0.7,11.157994178200866,0,0,6,10,2.1999999999999997,13.402486522542228,0,0,1,1,0.3,7.859349127069051,0,0,4,4,1.2
0930601001,7.6256946876259635,0,0,4,8,1.6,11.721302998146857,0,0,1,1,0.3,14.107243610349679,0,0,2,5,0.9,57.41526088949279,0,0,0,0,0.0,56.75558565764027,0,0,0,0,0.0
0930701001,10.51993637287277,0,0,1,6,0.8,23.895638195137856,0,0,0,1,0.1,10.51993637287277,0,0,1,2,0.4,52.36546469570099,0,0,0,0,0.0,30.14048814785412,0,0,0,0,0.0
0930801001,7.5460024175455604,0,0,1,14,1.6,17.889043819479063,0,0,0,3,0.30000000000000004,7.5460024175455604,0,0,1,4,0.6000000000000001,49.00096689710941,0,0,0,0,0.0,27.634179492400154,0,0,0,1,0.1
0930901001,4.232602604487755,0,2,7,15,3.5,17.068935179466923,0,0,0,1,0.1,5.969238078782422,0,0,2,4,0.8,46.4720627876317,0,0,0,0,0.0,46.85957077725444,0,0,0,0,0.0
0931001001,5.6827895013779095,0,0,2,20,2.4,8.814148516618364,0,0,1,2,0.4,5.6827895013779095,0,0,1,5,0.7,31.09803757463295,0,0,0,0,0.0,30.2085891229341,0,0,0,0,0.0
0931101001,4.040361644475953,0,1,1,7,1.2000000000000002,38.27542020432938,0,0,0,0,0.0,18.65717280439572,0,0,0,2,0.2,38.19939285186678,0,0,0,0,0.0,37.00508933497319,0,0,0,0,0.0
0931201001,7.261050331412837,0,0,1,7,0.9000000000000001,46.52755519028216,0,0,0,0,0.0,7.261050331412837,0,0,1,3,0.5,46.85221550995181,0,0,0,0,0.0,46.31307619735282,0,0,0,0,0.0
0931401001,8.450769097304,0,0,3,37,4.300000000000001,20.191725212511734,0,0,0,3,0.30000000000000004,19.99705874095348,0,0,0,11,1.1,20.52834984552607,0,0,0,1,0.1,20.973419068748168,0,0,0,4,0.4
0931501001,8.08558863396581,0,0,29,39,9.7,13.464917388766237,0,0,3,3,0.8999999999999999,11.576512065881884,0,0,9,10,2.8,13.104530946502594,0,0,1,1,0.3,12.143623294893318,0,0,4,4,1.2
0931601001,12.390109750944227,0,0,2,11,1.5,36.42784343101151,0,0,0,0,0.0,30.260479487267936,0,0,0,0,0.0,36.172825230771316,0,0,0,0,0.0,31.92645758605137,0,0,0,0,0.0
0931701001,9.384854608729018,0,0,2,7,1.1,30.62007337719565,0,0,0,0,0.0,9.384854608729018,0,0,2,3,0.7,48.19469369377514,0,0,0,0,0.0,44.4155683416921,0,0,0,0,0.0
0931801001,15.181398606378547,0,0,0,7,0.7000000000000001,41.50674447105602,0,0,0,0,0.0,15.556956907304958,0,0,0,3,0.30000000000000004,42.92260413533916,0,0,0,0,0.0,43.04268999366603,0,0,0,0,0.0
0932101001,0.0,2,2,5,19,4.3,19.495016100300763,0,0,0,3,0.30000000000000004,0.5343425942016011,1,1,1,5,1.4,19.699619536439364,0,0,0,1,0.1,20.958431237064865,0,0,0,1,0.1
0932101002,0.5343425942016011,2,2,5,19,4.3,19.097066235407233,0,0,0,3,0.30000000000000004,0.0,1,1,1,5,1.4,19.29061921702359,0,0,0,1,0.1,20.54969791217901,0,0,0,1,0.1
0932301001,9.747028082269901,0,0,2,9,1.3,13.112535542863503,0,0,1,1,0.3,12.20104033736755,0,0,1,2,0.4,33.605176426782464,0,0,0,0,0.0,32.57419732481474,0,0,0,0,0.0
0932501001,10.612011138919149,0,0,2,11,1.5,42.77139156292091,0,0,0,0,0.0,16.781808653553234,0,0,0,1,0.1,42.43098554444998,0,0,0,0,0.0,35.306319836761865,0,0,0,0,0.0
0932601001,7.636300078206508,0,0,29,37,9.5,9.16669280101537,0,0,3,4,0.9999999999999999,7.997769062687373,0,0,9,10,2.8,10.926604815914137,0,0,1,1,0.3,10.147966178712464,0,0,3,4,0.9999999999999999
0932701001,13.876256332330573,0,0,2,36,4.0,17.24224886667523,0,0,0,4,0.4,15.002228073576735,0,0,0,11,1.1,26.496155133232573,0,0,0,1,0.1,25.458935043107978,0,0,0,3,0.30000000000000004
0932801001,12.944342278085806,0,0,2,8,1.2000000000000002,30.223939391965988,0,0,0,0,0.0,16.501457197839407,0,0,0,3,0.30000000000000004,47.71840955496257,0,0,0,0,0.0,46.6377375633972,0,0,0,0,0.0
0932901001,7.573068115697197,0,0,1,10,1.2,21.79686831068067,0,0,0,1,0.1,22.50169993857838,0,0,0,4,0.4,43.029341097280074,0,0,0,0,0.0,41.19719130669213,0,0,0,0,0.0
0933001001,0.0,1,1,1,9,1.8,42.73210054817911,0,0,0,0,0.0,0.0,1,1,1,3,1.2,47.83049358445512,0,0,0,0,0.0,48.28786017132039,0,0,0,0,0.0
0933201001,5.087045366855436,0,0,31,39,10.1,8.555884310767139,0,0,3,3,0.8999999999999999,6.612501262499823,0,0,9,10,2.8,8.249159442074737,0,0,1,1,0.3,8.202403248673532,0,0,4,4,1.2
0933401001,3.738977362972551,0,1,2,8,1.5,7.1619088585067985,0,0,1,1,0.3,5.954649019754873,0,0,1,2,0.4,34.820296187992696,0,0,0,0,0.0,33.86621999057891,0,0,0,0,0.0
0933501001,2.6301529321689645,0,1,3,36,4.5,18.992032987817094,0,0,0,3,0.30000000000000004,18.444715453384433,0,0,0,10,1.0,20.14123082719911,0,0,0,1,0.1,20.2111704682195,0,0,0,4,0.4
0933701001,4.219060950547764,0,2,10,20,4.6,14.531847849327717,0,0,2,4,0.8,13.13580914522529,0,0,2,4,0.8,14.539768799318253,0,0,1,1,0.3,13.315887440103408,0,0,1,1,0.3
0933801001,2.5005915934295246,0,2,30,42,10.8,8.230327130682085,0,0,3,3,0.8999999999999999,6.4705229191782,0,0,9,11,2.9,8.812015619071959,0,0,1,1,0.3,5.212154347000898,0,0,4,4,1.2
0933901001,8.807160651845624,0,0,5,23,3.3,11.705754221048089,0,0,1,3,0.5,8.285562512618894,0,0,2,5,0.9,26.047094122876018,0,0,0,1,0.1,27.255308925118985,0,0,0,1,0.1
0934001001,12.646876596128212,0,0,1,7,0.9000000000000001,36.072270868111254,0,0,0,0,0.0,12.646876596128212,0,0,1,1,0.3,36.895604266626016,0,0,0,0,0.0,37.203679249613565,0,0,0,0,0.0
0934301001,1.5646985010208696,0,3,3,12,2.6999999999999997,32.84181302267024,0,0,0,0,0.0,1.5646985010208696,0,1,1,2,0.7,32.780557982923405,0,0,0,0,0.0,25.078675635517317,0,0,0,1,0.1
0934501001,8.318367467658796,0,0,11,15,3.6999999999999997,12.09988946157697,0,0,3,3,0.8999999999999999,11.42999546075117,0,0,2,3,0.7,12.721732695790184,0,0,1,1,0.3,11.744792864827089,0,0,1,1,0.3
0934601001,4.718756388280987,0,1,1,5,1.0,31.439801303886735,0,0,0,0,0.0,16.109332404537508,0,0,0,3,0.30000000000000004,40.57199728913086,0,0,0,0,0.0,40.42823141555612,0,0,0,0,0.0
0934701001,7.771068191553269,0,0,10,15,3.5,10.77481532834686,0,0,2,3,0.7,11.362434449146239,0,0,2,3,0.7,64.962843499746,0,0,0,0,0.0,9.083237777553443,0,0,1,1,0.3
0934801001,7.508748498560942,0,0,4,15,2.3,32.3283240683093,0,0,0,0,0.0,7.508748498560942,0,0,1,2,0.4,32.086759871551465,0,0,0,0,0.0,26.79624697743225,0,0,0,1,0.1
0935001001,0.0,1,1,3,12,2.5,35.069005260076324,0,0,0,0,0.0,17.872082940969335,0,0,0,1,0.1,35.329808372863305,0,0,0,0,0.0,25.215888739970048,0,0,0,1,0.1
0935101001,13.521277153631203,0,0,1,36,3.8,16.964096838995385,0,0,0,4,0.4,13.521277153631203,0,0,1,11,1.3,23.61565526319963,0,0,0,1,0.1,22.85859555379973,0,0,0,3,0.30000000000000004
0935201001,15.234441369107495,0,0,0,18,1.8,24.68038564068545,0,0,0,2,0.2,23.48120716689326,0,0,0,4,0.4,24.037090262383305,0,0,0,1,0.1,23.64892380515309,0,0,0,1,0.1
0935301001,5.060735280361619,0,0,1,16,1.8,12.862104273301416,0,0,1,3,0.5,16.290515565657305,0,0,0,4,0.4,52.63309835914374,0,0,0,0,0.0,18.182828388695576,0,0,0,1,0.1
0935401001,11.461125261532525,0,0,2,35,3.9000000000000004,14.67513397086671,0,0,1,4,0.6000000000000001,11.461125261532525,0,0,1,11,1.3,25.25267466853285,0,0,0,1,0.1,24.354350999225055,0,0,0,3,0.30000000000000004
0935501001,6.780020728746785,0,0,4,22,3.0,18.24542908376662,0,0,0,2,0.2,14.557501444409244,0,0,1,5,0.7,17.76486306338972,0,0,0,1,0.1,18.316485867162186,0,0,0,1,0.1
0935601001,9.98971991529445,0,0,1,6,0.8,38.34824044023672,0,0,0,0,0.0,18.99557809865171,0,0,0,2,0.2,37.704889144261735,0,0,0,0,0.0,37.311683298279625,0,0,0,0,0.0
0935801001,14.226067780543785,0,0,1,7,0.9000000000000001,38.60736388599716,0,0,0,0,0.0,16.36240590249203,0,0,0,1,0.1,38.00958121038677,0,0,0,0,0.0,37.46113351158693,0,0,0,0,0.0
0936001001,5.375504402266896,0,0,2,5,0.9,23.79333699235839,0,0,0,1,0.1,7.065714892564711,0,0,1,2,0.4,43.25824983882149,0,0,0,0,0.0,39.432590253374954,0,0,0,0,0.0
0936101001,12.275616196394322,0,0,1,5,0.7,30.02919306359296,0,0,0,0,0.0,26.643616509924954,0,0,0,1,0.1,47.13014912567854,0,0,0,0,0.0,46.30240077310564,0,0,0,0,0.0
0936201001,4.551740255783619,0,1,30,40,10.299999999999999,11.165640682157049,0,0,3,3,0.8999999999999999,8.73822545519271,0,0,9,10,2.8,10.960305114590572,0,0,1,1,0.3,8.346070082036038,0,0,4,4,1.2
0936301001,0.0,1,1,2,32,4.3,27.803168365619722,0,0,0,3,0.30000000000000004,13.868433122530742,0,0,1,9,1.1,28.467386459677208,0,0,0,1,0.1,23.32050016857969,0,0,0,4,0.4
0936501001,11.188837588528147,0,0,5,18,2.8,15.077101680115604,0,0,0,4,0.4,14.911375191839825,0,0,1,5,0.7,15.69762922275324,0,0,0,1,0.1,16.421113658591917,0,0,0,1,0.1
0936601001,14.728181911078787,0,0,1,8,1.0,32.99587727884217,0,0,0,0,0.0,15.28717811054728,0,0,0,1,0.1,32.39488367529503,0,0,0,0,0.0,32.483710832700105,0,0,0,0,0.0
0936801001,9.098850522218804,0,0,3,11,1.7,34.64410517159312,0,0,0,0,0.0,9.098850522218804,0,0,2,3,0.7,35.31746482101818,0,0,0,0,0.0,31.690872959551182,0,0,0,0,0.0
0936901001,0.0,2,2,7,20,4.8,18.716171162463244,0,0,0,2,0.2,14.265575995281493,0,0,2,5,0.9,18.423794964183372,0,0,0,1,0.1,19.344455325979155,0,0,0,1,0.1
0937201001,3.099941116382633,0,1,30,38,10.1,7.512905849124068,0,0,3,3,0.8999999999999999,7.2846986989211135,0,0,9,10,2.8,8.148103518425195,0,0,1,1,0.3,7.2846986989211135,0,0,3,4,0.9999999999999999
0937301001,10.973656549102817,0,0,2,8,1.2000000000000002,22.07367165912212,0,0,0,1,0.1,10.973656549102817,0,0,1,4,0.6000000000000001,50.24850523313616,0,0,0,0,0.0,48.27087842272519,0,0,0,0,0.0
0937401001,7.68091842269528,0,0,3,37,4.300000000000001,22.60035042505441,0,0,0,3,0.30000000000000004,9.116014237037769,0,0,1,11,1.3,23.237328396042063,0,0,0,1,0.1,22.672501188000368,0,0,0,4,0.4
0937501001,6.249233432955726,0,0,3,41,4.7,25.558166530641,0,0,0,3,0.30000000000000004,23.228880792333676,0,0,0,12,1.2000000000000002,26.085572365518797,0,0,0,1,0.1,17.029463320856316,0,0,0,4,0.4
0937701001,0.0,1,2,31,39,11.1,9.415766584015659,0,0,3,3,0.8999999999999999,8.410786751031356,0,0,9,10,2.8,10.067052554364356,0,0,1,1,0.3,7.852888329040342,0,0,4,4,1.2
0937801001,11.704985408085518,0,0,1,9,1.1,33.90966243972197,0,0,0,0,0.0,22.94285083015475,0,0,0,2,0.2,33.26912670787869,0,0,0,0,0.0,33.01513765296525,0,0,0,0,0.0
0938001001,2.003615143556953,0,2,7,20,4.0,19.915714301972784,0,0,0,2,0.2,13.279515763715661,0,0,1,5,0.7,19.671725839375625,0,0,0,1,0.1,20.65730284004674,0,0,0,1,0.1
0938101001,14.794611340551304,0,0,1,8,1.0,31.707167764457367,0,0,0,0,0.0,16.746350620768112,0,0,0,2,0.2,32.56235523946297,0,0,0,0,0.0,32.848382261602616,0,0,0,0,0.0
0938201001,6.481112763668502,0,0,3,36,4.2,25.2145372079172,0,0,0,3,0.30000000000000004,6.481112763668502,0,0,1,11,1.3,25.854514468400563,0,0,0,1,0.1,25.2793988760836,0,0,0,4,0.4
0938401001,0.0,1,1,4,11,2.6,35.36484048960149,0,0,0,0,0.0,6.430593105316409,0,0,1,1,0.3,35.385372820368495,0,0,0,0,0.0,26.783707755757163,0,0,0,1,0.1
0938601001,9.31124772136453,0,0,3,38,4.4,27.08891362898424,0,0,0,3,0.30000000000000004,9.31124772136453,0,0,1,10,1.2,26.826855453577547,0,0,0,1,0.1,22.12834894747454,0,0,0,4,0.4
0938701001,5.73924676337443,0,0,10,18,3.8,11.21522682625112,0,0,2,4,0.8,10.766650733750366,0,0,3,5,1.0999999999999999,11.883597611751362,0,0,1,1,0.3,12.307180742238295,0,0,1,1,0.3
0938801001,11.354137232891844,0,0,2,35,3.9000000000000004,24.310865750524073,0,0,0,3,0.30000000000000004,23.7121128897325,0,0,0,11,1.1,24.623890934435686,0,0,0,1,0.1,25.050688788288287,0,0,0,4,0.4
0938901001,7.184849140319162,0,0,2,10,1.4,40.04812627041023,0,0,0,0,0.0,16.12419218185532,0,0,0,1,0.1,40.22034079202359,0,0,0,0,0.0,30.459688063479724,0,0,0,0,0.0
0939001001,0.0,1,1,4,19,3.4,28.910014653669545,0,0,0,2,0.2,17.940006242217287,0,0,0,4,0.4,28.68902760351236,0,0,0,1,0.1,29.69552266928156,0,0,0,1,0.1
0939101001,8.034190816578391,0,0,2,13,1.7000000000000002,29.542723669434682,0,0,0,1,0.1,16.86400749777147,0,0,0,3,0.30000000000000004,32.40349428528013,0,0,0,0,0.0,33.55538347689788,0,0,0,0,0.0
0939201001,4.07126762753187,0,1,3,6,1.5,15.79242675332442,0,0,0,1,0.1,4.07126762753187,0,1,2,2,0.8999999999999999,37.931828590166155,0,0,0,0,0.0,37.15252803457921,0,0,0,0,0.0
0939401001,0.0,1,1,4,8,2.3,30.20144025617476,0,0,0,0,0.0,13.103591292597523,0,0,1,3,0.5,58.15069072328293,0,0,0,0,0.0,36.704465055526036,0,0,0,0,0.0
0939501001,6.45010867549612,0,0,1,5,0.7,36.48638037675798,0,0,0,0,0.0,26.99474108107643,0,0,0,1,0.1,42.6815801425163,0,0,0,0,0.0,41.78231470641163,0,0,0,0,0.0
0939601001,8.874954508544603,0,0,1,19,2.1,16.663651976574943,0,0,0,2,0.2,15.399240271241927,0,0,0,4,0.4,16.034944154335605,0,0,0,1,0.1,15.57225028461318,0,0,0,1,0.1
0939801001,14.348886379767558,0,0,2,9,1.3,31.14734617967702,0,0,0,0,0.0,17.48084407659842,0,0,0,1,0.1,31.725218146956585,0,0,0,0,0.0,30.915640982139728,0,0,0,0,0.0
0940001001,9.159183563115592,0,0,11,17,3.9,10.604630223925975,0,0,2,3,0.7,9.745457330111106,0,0,2,4,0.8,11.026060274434228,0,0,1,1,0.3,9.840691773765053,0,0,1,1,0.3
0940301001,15.286317402740394,0,0,0,17,1.7000000000000002,23.102484458802266,0,0,0,2,0.2,21.75924318361811,0,0,0,3,0.30000000000000004,22.521956694569337,0,0,0,1,0.1,21.942812728694584,0,0,0,1,0.1
0940501001,11.194887950996948,0,0,2,21,2.5,14.953284482617601,0,0,1,3,0.5,11.514183909253285,0,0,2,5,0.9,21.978257054891454,0,0,0,1,0.1,23.058125262383466,0,0,0,1,0.1
0940601001,9.142385746348642,0,0,4,39,4.7,19.235779930153072,0,0,0,3,0.30000000000000004,13.542032163794143,0,0,1,10,1.2,19.035055166488984,0,0,0,1,0.1,14.113998471707335,0,0,1,4,0.6000000000000001
0940701001,4.970492914092319,0,1,2,8,1.5,28.686686895254102,0,0,0,1,0.1,14.764840386761591,0,0,1,3,0.5,36.63892200454181,0,0,0,0,0.0,36.45522642106358,0,0,0,0,0.0
0940801001,10.125847538466175,0,0,3,17,2.3,7.95878308103489,0,0,1,3,0.5,11.233483568665811,0,0,1,4,0.6000000000000001,47.77628898973658,0,0,0,0,0.0,22.423602222552635,0,0,0,1,0.1
0940901001,11.243920974919028,0,0,2,6,1.0,47.33160047147227,0,0,0,0,0.0,10.489365536735543,0,0,1,4,0.6000000000000001,61.820601765324106,0,0,0,0,0.0,60.80099628353232,0,0,0,0,0.0
0941001001,0.0,1,1,2,4,1.5,55.25646620011195,0,0,0,0,0.0,0.0,1,1,1,4,1.3,91.75003725535619,0,0,0,0,0.0,54.3545349811853,0,0,0,0,0.0
0941002001,6.354922423421161,0,0,1,5,0.7,57.71844802783722,0,0,0,0,0.0,6.354922423421161,0,0,1,5,0.7,88.59549649324211,0,0,0,0,0.0,56.66219650771006,0,0,0,0,0.0
0941003001,6.181063788402524,0,0,2,2,0.6,53.46100430833474,0,0,0,0,0.0,6.181063788402524,0,0,1,1,0.3,95.10865573134441,0,0,0,0,0.0,52.731249718828224,0,0,0,0,0.0
0941101001,9.210288980632756,0,0,3,10,1.6,12.058412350214072,0,0,1,1,0.3,9.210288980632756,0,0,2,4,0.8,32.25688780751327,0,0,0,0,0.0,31.580613488602523,0,0,0,0,0.0
0941201001,0.0,1,1,3,15,2.8000000000000003,27.165913446566805,0,0,0,3,0.30000000000000004,23.33528540810907,0,0,0,4,0.4,62.37384293658507,0,0,0,0,0.0,25.595156396511815,0,0,0,1,0.1
0941301001,0.0,1,1,1,5,1.4,40.54168309711738,0,0,0,0,0.0,20.410222138632257,0,0,0,4,0.4,70.41883779172558,0,0,0,0,0.0,69.46467642536032,0,0,0,0,0.0
0941401001,12.28739540350832,0,0,2,11,1.5,34.33068396210229,0,0,0,0,0.0,12.28739540350832,0,0,2,4,0.8,53.14722456254676,0,0,0,0,0.0,53.37892531077704,0,0,0,0,0.0
0941501001,15.940173302300474,0,0,0,7,0.7000000000000001,15.940173302300474,0,0,0,1,0.1,20.392210122257726,0,0,0,3,0.30000000000000004,52.95882152807041,0,0,0,0,0.0,52.364424093692726,0,0,0,0,0.0
0941601001,13.739976826119063,0,0,2,4,0.8,41.99325588386365,0,0,0,0,0.0,16.557570916670247,0,0,0,3,0.30000000000000004,57.43630175327475,0,0,0,0,0.0,56.44845180289563,0,0,0,0,0.0
0941701001,10.040446084899092,0,0,2,13,1.7000000000000002,36.637806875563136,0,0,0,0,0.0,28.516401732384217,0,0,0,1,0.1,36.39660978707628,0,0,0,0,0.0,32.2074262134957,0,0,0,0,0.0
0941801001,6.988631875666763,0,0,2,11,1.5,39.48321845587514,0,0,0,0,0.0,24.754773866986817,0,0,0,1,0.1,39.217452876547576,0,0,0,0,0.0,29.746430339818733,0,0,0,1,0.1
0941901001,8.02685446052792,0,0,1,16,1.8,14.515453627732828,0,0,1,3,0.5,17.401653112966176,0,0,0,4,0.4,53.59108904834999,0,0,0,0,0.0,16.929261656034022,0,0,0,1,0.1
0942101001,7.520858613873437,0,0,3,18,2.4,17.50126511643654,0,0,0,4,0.4,16.475606259150364,0,0,0,4,0.4,17.834329757180107,0,0,0,1,0.1,16.598968250959004,0,0,0,1,0.1
0942201001,9.252396781925095,0,0,4,9,1.7,9.33218089552616,0,0,1,2,0.4,12.048631867686325,0,0,1,2,0.4,45.44751485474089,0,0,0,0,0.0,27.676881523202642,0,0,0,1,0.1
0942301001,7.041001669038734,0,0,3,8,1.4,7.8165319323906814,0,0,1,1,0.3,10.080665098782495,0,0,1,2,0.4,42.89658994138132,0,0,0,0,0.0,29.796898890735157,0,0,0,1,0.1
0942401001,7.276607527206592,0,0,2,6,1.0,21.255025342985398,0,0,0,1,0.1,7.276607527206592,0,0,1,2,0.4,49.19773158705732,0,0,0,0,0.0,30.913608212054644,0,0,0,0,0.0
0942501001,0.0,1,1,8,16,3.9000000000000004,25.102425749357856,0,0,0,1,0.1,9.70665510683408,0,0,2,4,0.8,52.378909087872714,0,0,0,0,0.0,53.022330818024315,0,0,0,0,0.0
0942701001,0.0,1,1,2,13,2.4000000000000004,31.61369998338912,0,0,0,0,0.0,0.0,1,1,1,3,1.2,32.26067300182168,0,0,0,0,0.0,31.361745681698636,0,0,0,0,0.0
0942701002,4.440119237244611,0,1,1,10,1.5,32.471729867068134,0,0,0,0,0.0,4.440119237244611,0,1,1,3,0.8,35.556645503750836,0,0,0,0,0.0,35.01672001003171,0,0,0,0,0.0
0942801001,3.3040839335374397,0,1,3,20,2.9000000000000004,18.46427758151073,0,0,0,3,0.30000000000000004,9.90865198479177,0,0,1,4,0.6000000000000001,29.04805298473803,0,0,0,1,0.1,30.304277892293765,0,0,0,0,0.0
0942901001,14.78663205023843,0,0,1,35,3.7,18.17556735513288,0,0,0,4,0.4,14.78663205023843,0,0,1,11,1.3,24.361294197312624,0,0,0,1,0.1,23.727052887081868,0,0,0,3,0.30000000000000004
0943001001,12.452474472900107,0,0,2,6,1.0,34.93153244239224,0,0,0,0,0.0,12.452474472900107,0,0,1,1,0.3,35.451240377228046,0,0,0,0,0.0,35.943695848944934,0,0,0,0,0.0
0943101001,11.024280411517228,0,0,2,14,1.8000000000000003,19.476483262715835,0,0,0,2,0.2,11.024280411517228,0,0,1,5,0.7,31.463857322262,0,0,0,0,0.0,31.010185642899447,0,0,0,0,0.0
0943201001,7.156353803940705,0,0,1,13,1.5000000000000002,34.17564082965744,0,0,0,0,0.0,19.733276231398083,0,0,0,3,0.30000000000000004,33.86313639484651,0,0,0,0,0.0,34.7375572058191,0,0,0,0,0.0
0943301001,3.7821787730652967,0,1,2,5,1.2,23.675187898466543,0,0,0,1,0.1,7.628790034930024,0,0,1,2,0.4,40.93526362905685,0,0,0,0,0.0,40.571438358611765,0,0,0,0,0.0
0943401001,0.0,1,4,32,41,12.1,5.761800084218648,0,0,3,3,0.8999999999999999,2.7504790954036316,0,3,9,10,3.6999999999999997,5.872009676817234,0,0,1,1,0.3,4.943272991976348,0,1,4,4,1.5
0943701001,5.0720075523653385,0,0,4,10,1.8,34.88517307366804,0,0,0,0,0.0,10.634869506796361,0,0,1,1,0.3,35.002014490263356,0,0,0,0,0.0,25.610357678752578,0,0,0,1,0.1
0943801001,2.3142778634530123,0,1,15,19,5.2,5.46445935850473,0,0,2,2,0.6,2.3142778634530123,0,1,4,5,1.6,5.579485968714793,0,0,1,1,0.3,6.835227756942299,0,0,1,1,0.3
0943901001,0.0,1,8,30,40,12.8,5.873062548110163,0,0,3,3,0.8999999999999999,3.977032350872023,0,1,9,11,3.2,6.415125848686543,0,0,1,1,0.3,5.193485605996788,0,0,4,4,1.2
0944001001,7.180519249402639,0,0,1,20,2.2,17.13167577150601,0,0,0,2,0.2,15.806901953059466,0,0,0,4,0.4,16.492897856388847,0,0,0,1,0.1,16.295998709282365,0,0,0,1,0.1
0944101001,3.5157262739023505,0,1,3,40,4.9,25.94134947841032,0,0,0,3,0.30000000000000004,23.3947893864816,0,0,0,11,1.1,26.419090257076615,0,0,0,1,0.1,16.798011738847272,0,0,0,4,0.4
0944201001,4.248133199728368,0,2,3,14,2.6,31.193533229435847,0,0,0,0,0.0,4.248133199728368,0,1,1,2,0.7,31.017672222913557,0,0,0,0,0.0,24.819939212598033,0,0,0,1,0.1
0944301001,5.307826183585316,0,0,3,38,4.4,26.78169323970453,0,0,0,3,0.30000000000000004,5.307826183585316,0,0,1,10,1.2,26.67961944179262,0,0,0,1,0.1,19.687901311263133,0,0,0,4,0.4
0944401001,10.267387915268861,0,0,3,9,1.5,37.05229720922551,0,0,0,0,0.0,10.267387915268861,0,0,2,3,0.7,39.29507489327492,0,0,0,0,0.0,35.26006503833867,0,0,0,0,0.0
0944501001,5.8489707213655855,0,0,3,8,1.4,15.59981967969639,0,0,0,1,0.1,5.8489707213655855,0,0,2,2,0.6,36.16014372738865,0,0,0,0,0.0,35.60847618644154,0,0,0,0,0.0
0944601001,12.388930949856427,0,0,3,11,1.7,35.785449479849596,0,0,0,0,0.0,30.949676482002292,0,0,0,0,0.0,35.53654931560062,0,0,0,0,0.0,32.65655600848098,0,0,0,0,0.0
0944701001,10.764616880584455,0,0,1,30,3.2,27.537221935778373,0,0,0,3,0.30000000000000004,20.329277735471052,0,0,0,10,1.0,28.36260748739011,0,0,0,1,0.1,28.667042295560417,0,0,0,3,0.30000000000000004
0944801001,7.318123500509556,0,0,4,39,4.7,19.251736876720702,0,0,0,3,0.30000000000000004,13.197039828827158,0,0,1,10,1.2,19.254469669454938,0,0,0,1,0.1,11.436736905449813,0,0,1,4,0.6000000000000001
0944901001,7.686581471669262,0,0,3,37,4.300000000000001,20.13140244168239,0,0,0,3,0.30000000000000004,15.798033553022952,0,0,0,11,1.1,20.797781071720042,0,0,0,1,0.1,16.518748234664088,0,0,0,4,0.4
0945001001,7.847514674755351,0,0,1,7,0.9000000000000001,45.76584930356112,0,0,0,0,0.0,7.847514674755351,0,0,1,3,0.5,46.106211453377576,0,0,0,0,0.0,45.427521940748626,0,0,0,0,0.0
0945101001,6.0223330041564,0,0,12,20,4.3999999999999995,9.810854877733599,0,0,2,2,0.6,8.55375452564218,0,0,3,4,0.9999999999999999,9.192495949770901,0,0,1,1,0.3,8.723982486399679,0,0,1,1,0.3
0945401001,2.9773792629303575,0,1,1,16,2.1,15.471940415941607,0,0,0,3,0.30000000000000004,18.53773207874634,0,0,0,4,0.4,55.15442709732716,0,0,0,0,0.0,16.155014260436833,0,0,0,1,0.1
0945501001,4.7102469121554496,0,1,3,15,2.4000000000000004,32.588471571830496,0,0,0,0,0.0,21.9187087257804,0,0,0,2,0.2,33.152595105500026,0,0,0,0,0.0,24.494654866190206,0,0,0,1,0.1
0945601001,4.841543222088637,0,1,3,26,3.5,28.853595498150725,0,0,0,1,0.1,26.27179022139979,0,0,0,5,0.5,29.322939130432278,0,0,0,1,0.1,19.596623158389608,0,0,0,2,0.2
0945801001,3.4819019328333116,0,2,31,41,10.899999999999999,8.676164226716818,0,0,3,3,0.8999999999999999,5.962372784308573,0,0,9,10,2.8,8.592362164327893,0,0,1,1,0.3,5.8794313908656415,0,0,4,4,1.2
0946001001,7.003486674680783,0,0,3,12,1.7999999999999998,34.41598616600869,0,0,0,0,0.0,12.85165008090553,0,0,1,2,0.4,35.07007898188058,0,0,0,0,0.0,28.944822929711115,0,0,0,1,0.1
0946301001,11.557219135855611,0,0,2,28,3.2,27.129074635934707,0,0,0,4,0.4,20.19299497322698,0,0,0,11,1.1,28.467031294596516,0,0,0,1,0.1,28.378726249447663,0,0,0,3,0.30000000000000004
0946401001,4.516218717158733,0,2,6,20,3.8,22.022532811669617,0,0,0,2,0.2,12.943023584070307,0,0,1,6,0.8,21.81921205133328,0,0,0,1,0.1,22.852115481786225,0,0,0,1,0.1
0946601001,9.74786228313273,0,0,6,38,5.0,25.51139310828759,0,0,0,3,0.30000000000000004,9.74786228313273,0,0,1,10,1.2,25.594460703105792,0,0,0,1,0.1,16.60457404781881,0,0,0,4,0.4
0946701001,6.452396033511596,0,0,2,12,1.6,36.037173789095895,0,0,0,0,0.0,24.002704843729692,0,0,0,1,0.1,36.40419312649117,0,0,0,0,0.0,26.210066512411615,0,0,0,1,0.1
0947101001,4.28787299651246,0,1,30,36,9.899999999999999,5.9344369202280305,0,0,3,3,0.8999999999999999,4.698664496856891,0,1,9,10,3.1,7.421552030077556,0,0,1,1,0.3,6.388941390797628,0,0,3,4,0.9999999999999999
0947201001,6.303857657797885,0,0,3,16,2.2,31.500110891735595,0,0,0,0,0.0,24.44509996897136,0,0,0,2,0.2,31.910428450624465,0,0,0,0,0.0,21.83283420924799,0,0,0,1,0.1
0947301001,5.678491504870053,0,0,2,17,2.1,29.765135758757054,0,0,0,1,0.1,5.678491504870053,0,0,1,4,0.6000000000000001,30.434746599900777,0,0,0,0,0.0,27.881653832240247,0,0,0,2,0.2
0947601001,11.629947072260126,0,0,2,31,3.5000000000000004,27.158593125862044,0,0,0,3,0.30000000000000004,20.09377203429361,0,0,0,10,1.0,27.740522285248066,0,0,0,1,0.1,28.1946294543998,0,0,0,3,0.30000000000000004
0947801001,6.780865370791547,0,0,1,6,0.8,42.66118036853335,0,0,0,0,0.0,6.780865370791547,0,0,1,2,0.4,43.429059984560276,0,0,0,0,0.0,43.77420415700655,0,0,0,0,0.0
0948001001,5.896099614725419,0,0,4,24,3.2,29.199711917211765,0,0,0,1,0.1,5.896099614725419,0,0,1,4,0.6000000000000001,29.224966432787664,0,0,0,1,0.1,20.690994428634216,0,0,0,2,0.2
0948201001,8.84065416346339,0,0,3,8,1.4,27.34473453934133,0,0,0,1,0.1,8.84065416346339,0,0,2,4,0.8,51.44400542160325,0,0,0,0,0.0,48.010134278443786,0,0,0,0,0.0
0948301001,7.107278078552867,0,0,10,17,3.7,11.64454783737465,0,0,2,3,0.7,10.246591749612644,0,0,2,3,0.7,11.65129359338978,0,0,1,1,0.3,10.42658087156487,0,0,1,1,0.3
0948501001,9.494443896464851,0,0,3,16,2.2,8.436070140395248,0,0,1,3,0.5,11.876914022353837,0,0,1,4,0.6000000000000001,48.173183312649975,0,0,0,0,0.0,22.459240929222922,0,0,0,1,0.1
0990101001,9.212869850444083,0,0,3,8,1.4,33.99491478578476,0,0,0,0,0.0,12.025757597975327,0,0,1,1,0.3,33.674553483065786,0,0,0,0,0.0,29.57094897139731,0,0,0,1,0.1
0990201001,0.0,1,1,6,37,5.6,17.82001341104385,0,0,0,3,0.30000000000000004,16.101411474707508,0,0,0,10,1.0,18.36599429542625,0,0,0,1,0.1,17.741867148595787,0,0,0,4,0.4
0990301001,0.7567684695799403,1,1,2,8,1.9000000000000001,48.885628297082754,0,0,0,0,0.0,0.0,1,1,3,4,1.7000000000000002,66.62801495936617,0,0,0,0,0.0,57.21081194086093,0,0,0,0,0.0
0990301002,0.0,1,1,2,8,1.9000000000000001,48.884188742678546,0,0,0,0,0.0,0.7567684695799403,1,1,3,4,1.7000000000000002,67.07460139083125,0,0,0,0,0.0,56.806397619025546,0,0,0,0,0.0
0990301003,0.49475775814836953,1,1,2,8,1.9000000000000001,48.90690971818581,0,0,0,0,0.0,0.263565622418656,1,1,3,4,1.7000000000000002,66.80099490413403,0,0,0,0,0.0,57.08920553358918,0,0,0,0,0.0
0990401001,11.783909318008867,0,0,6,37,4.9,15.489814657252602,0,0,0,4,0.4,14.243436409161772,0,0,3,10,1.6,16.95418718141038,0,0,0,1,0.1,15.89964790252227,0,0,0,4,0.4
0990501001,0.0,1,1,1,7,1.6,41.99825778406668,0,0,0,0,0.0,26.61237671082285,0,0,0,2,0.2,43.311160099849744,0,0,0,0,0.0,42.33133020588922,0,0,0,0,0.0
0990601001,0.0,1,1,2,38,4.9,22.858374270821717,0,0,0,3,0.30000000000000004,21.9230303451515,0,0,0,11,1.1,23.729125215319204,0,0,0,1,0.1,22.6857165190164,0,0,0,3,0.30000000000000004
0990701001,0.0,1,3,30,38,11.100000000000001,7.758577318450462,0,0,3,3,0.8999999999999999,7.773774287905777,0,0,9,10,2.8,8.320134333979595,0,0,1,1,0.3,7.773774287905777,0,0,4,4,1.2
0990801001,0.0,1,1,2,6,1.7000000000000002,40.76143374091641,0,0,0,0,0.0,14.761125611332147,0,0,1,4,0.6000000000000001,81.37198600304124,0,0,0,0,0.0,39.778252704259074,0,0,0,0,0.0
2400101001,10.855740650167757,0,0,2,6,1.0,34.577423662015775,0,0,0,0,0.0,19.73027227316189,0,0,0,1,0.1,61.77067662780649,0,0,0,0,0.0,58.984146966909336,0,0,0,0,0.0
2400201001,3.3700179139122057,0,1,7,30,4.7,24.877961461250752,0,0,0,1,0.1,12.18906822357384,0,0,1,6,0.8,41.17307058553525,0,0,0,0,0.0,43.32304303162694,0,0,0,0,0.0
2400301001,0.0,1,1,4,30,4.5,22.106331130447003,0,0,0,1,0.1,18.313356573859608,0,0,0,7,0.7000000000000001,38.03940615401264,0,0,0,0,0.0,54.690912591510546,0,0,0,0,0.0
2400401001,14.448798428686947,0,0,2,12,1.6,17.657284030610807,0,0,0,1,0.1,14.448798428686947,0,0,1,4,0.6000000000000001,46.37409982966555,0,0,0,0,0.0,45.52042770468147,0,0,0,0,0.0
2400501001,7.086234519162327,0,0,6,29,4.1,19.513406438170936,0,0,0,1,0.1,19.68168398440689,0,0,0,8,0.8,44.12045224847629,0,0,0,0,0.0,48.27793479896677,0,0,0,0,0.0
2400601001,5.342320286448071,0,0,5,61,7.1000000000000005,17.596492665046114,0,0,0,3,0.30000000000000004,14.75246834885824,0,0,1,17,1.9000000000000001,17.037422062516203,0,0,0,1,0.1,19.108591833802837,0,0,0,2,0.2
2400701001,4.4283855366049725,0,1,31,44,10.9,13.271400518111339,0,0,2,3,0.7,7.002521964994985,0,0,9,12,3.0,9.396728045465903,0,0,1,1,0.3,12.324309616078802,0,0,2,2,0.6
2400801001,0.39884136494664796,2,4,7,25,5.8999999999999995,0.39884136494664796,2,2,2,2,2.0,0.9711898427431078,1,1,3,7,2.0,1.4805146483886398,0,1,1,1,0.6,41.460169529333974,0,0,0,0,0.0
2400801002,0.0,2,4,7,25,5.8999999999999995,0.0,2,2,2,2,2.0,1.3168732216534678,0,1,3,7,1.6,1.2790125622920856,0,1,1,1,0.6,41.08221078100355,0,0,0,0,0.0
2400802001,0.0,1,4,7,24,5.4,1.0407002092204725,0,2,2,2,1.2,2.310220939880928,0,1,3,7,1.6,1.9662506984598414,0,1,1,1,0.6,40.689165684013645,0,0,0,0,0.0
2400802002,6.225892270764322,0,0,4,24,3.2,6.271903134478877,0,0,2,3,0.7,7.031780427072546,0,0,1,8,1.0,5.243139654805277,0,0,1,1,0.3,35.08075058471851,0,0,0,0,0.0
2400802003,1.2790125622920856,0,4,4,25,4.5,1.2790125622920856,0,2,2,2,1.2,1.7975930340278443,0,1,1,7,1.2000000000000002,0.0,1,1,1,1,1.0,40.2442417146081,0,0,0,0,0.0
2400803001,0.842909000059479,3,4,7,24,6.2,0.842909000059479,2,2,2,2,2.0,1.6573683974184796,0,1,3,7,1.6,2.119611192957587,0,1,1,1,0.6,41.58495673609093,0,0,0,0,0.0
2400803002,1.3168732216534678,0,4,7,25,5.1,1.3168732216534678,0,2,2,2,1.2,0.0,1,1,3,7,2.0,1.7975930340278443,0,1,1,1,0.6,42.039922564200666,0,0,0,0,0.0
2400901001,6.247266767435355,0,0,2,18,2.2,32.08947405446735,0,0,0,0,0.0,14.814398062848587,0,0,1,4,0.6000000000000001,27.52571777024724,0,0,0,1,0.1,31.609821931345945,0,0,0,0,0.0
2401001001,1.2540263988917033,0,3,7,28,5.1,22.52806701135035,0,0,0,2,0.2,2.842541398018888,0,2,3,6,1.8,22.884768056313522,0,0,0,1,0.1,42.43790063536953,0,0,0,0,0.0
2401001002,0.0,1,3,7,28,5.5,21.63801854060778,0,0,0,2,0.2,1.6911283382313453,0,2,3,6,1.8,21.9470667361866,0,0,0,1,0.1,43.06646201049951,0,0,0,0,0.0
2401001003,0.3866349483538234,1,3,7,28,5.5,22.02374980629408,0,0,0,2,0.2,2.0601662608586797,0,2,3,6,1.8,22.33069175564018,0,0,0,1,0.1,43.194456439181266,0,0,0,0,0.0
2401001004,1.6911283382313453,0,3,9,28,5.5,20.01144424250173,0,0,0,2,0.2,0.0,2,2,4,6,2.8000000000000003,20.295897045898478,0,0,0,1,0.1,43.10320125031635,0,0,0,0,0.0
2401001005,0.0,1,3,6,28,5.300000000000001,22.181512799165088,0,0,0,2,0.2,2.4475795514107106,0,2,3,6,1.8,22.395186924701342,0,0,0,1,0.1,44.816920610600704,0,0,0,0,0.0
2401001006,2.1508226314096826,0,3,8,28,5.3,23.78479426591828,0,0,0,2,0.2,3.7903308114450844,0,2,3,6,1.8,24.083494189286068,0,0,0,1,0.1,43.80773276900502,0,0,0,0,0.0
2401101001,7.404409581901867,0,0,3,13,1.9,32.75380873020786,0,0,0,0,0.0,14.554855333969549,0,0,1,4,0.6000000000000001,28.492824292044432,0,0,0,1,0.1,32.823448840568915,0,0,0,0,0.0
2401201001,7.862954981372017,0,0,3,14,2.0,35.169204356497985,0,0,0,0,0.0,11.198371256769843,0,0,1,3,0.5,38.17971015640275,0,0,0,0,0.0,35.868391721872676,0,0,0,0,0.0
2401401001,1.8162222549073308,0,4,10,40,7.199999999999999,3.123488536387527,0,1,1,3,0.8,1.8162222549073308,0,2,3,10,2.2,21.56453412935094,0,0,0,1,0.1,9.983534287314471,0,0,1,2,0.4
2401401002,1.0906738550280373,0,5,11,41,7.8,1.0906738550280373,0,1,1,3,0.8,1.4228733878092583,0,2,3,10,2.2,19.78094282376175,0,0,0,1,0.1,8.39156499603472,0,0,1,2,0.4
2401401003,0.0,2,4,11,41,8.3,1.7866798526485643,0,1,1,3,0.8,0.0,2,2,3,10,3.0,19.768727577232763,0,0,0,1,0.1,8.169852545066558,0,0,1,2,0.4
2401401004,0.66417316783283,2,5,11,41,8.6,1.135402085429041,0,1,1,3,0.8,0.66417316783283,2,2,3,10,3.0,19.278884201977085,0,0,0,1,0.1,7.736278716308285,0,0,1,2,0.4
2401401005,0.0,2,5,15,43,9.6,0.0,1,1,1,3,1.2,1.7866798526485643,0,2,3,10,2.2,18.691080597441736,0,0,0,1,0.1,7.334919791401174,0,0,2,2,0.6
2401401006,4.291800294496411,0,2,12,43,7.300000000000001,5.453050775299281,0,0,1,3,0.5,4.291800294496411,0,2,3,10,2.2,18.827535873480137,0,0,0,1,0.1,7.49232043173799,0,0,1,2,0.4
2401401007,0.7910519773222825,2,5,11,43,8.8,1.3265260435392745,0,1,1,3,0.8,0.7910519773222825,2,2,3,10,3.0,18.984802970453387,0,0,0,1,0.1,7.4018191164244005,0,0,1,2,0.4
2401501001,4.522135700922754,0,2,14,52,8.6,13.914590382016618,0,0,2,5,0.9,0.0,1,1,4,16,3.1,15.192297082214854,0,0,0,2,0.2,28.940154216533635,0,0,0,1,0.1
2401501002,5.072609324771058,0,0,14,34,6.2,12.781672081502926,0,0,2,3,0.7,5.213146783616328,0,0,4,10,1.8,13.995251341189647,0,0,1,1,0.3,31.2541699131081,0,0,0,0,0.0
2401601001,0.0,1,1,5,33,5.0,19.743852555163333,0,0,0,2,0.2,9.740039109041634,0,0,1,8,1.0,21.427388821961735,0,0,0,1,0.1,21.27469533807058,0,0,0,2,0.2
2401701001,4.9844268756964265,0,1,7,50,6.699999999999999,27.987425645393166,0,0,0,3,0.30000000000000004,5.249434222151782,0,0,1,16,1.8,27.6745866580918,0,0,0,1,0.1,29.388034899515542,0,0,0,1,0.1
2401801001,7.236034883815779,0,0,3,7,1.2999999999999998,41.200036177577125,0,0,0,0,0.0,14.789261721918805,0,0,1,2,0.4,40.169826590080795,0,0,0,0,0.0,41.80096985998702,0,0,0,0,0.0
2401901001,4.930854759949641,0,1,10,45,6.8,19.255654765232634,0,0,0,3,0.30000000000000004,6.485589907060524,0,0,2,12,1.6,19.11661993910724,0,0,0,1,0.1,15.274649327338176,0,0,0,2,0.2
2402001001,12.385993056958023,0,0,2,9,1.3,23.026552949361854,0,0,0,1,0.1,22.18757563732702,0,0,0,1,0.1,73.41553042513722,0,0,0,0,0.0,71.20271364325588,0,0,0,0,0.0
2402101001,0.0,1,1,4,10,2.5,36.90809730644633,0,0,0,0,0.0,0.0,1,1,1,2,1.1,42.252488840439035,0,0,0,0,0.0,39.38031142028881,0,0,0,0,0.0
2402201001,5.285659634761699,0,0,26,39,9.1,13.447247025529252,0,0,2,3,0.7,8.032434327230467,0,0,7,9,2.3000000000000003,12.347620793329806,0,0,1,1,0.3,14.530401910948852,0,0,1,2,0.4
2402301001,11.207124846594656,0,0,5,20,3.0,11.685491951332605,0,0,2,3,0.7,12.759574337731642,0,0,1,6,0.8,11.005423343024392,0,0,1,1,0.3,29.511103460098138,0,0,0,1,0.1
2402401001,0.0,1,1,2,6,1.7000000000000002,34.280316322207945,0,0,0,0,0.0,15.35155723935387,0,0,0,3,0.30000000000000004,33.25823805692697,0,0,0,0,0.0,34.74441622587006,0,0,0,0,0.0
2402501001,9.93620235235641,0,0,2,7,1.1,33.62233740810359,0,0,0,0,0.0,27.19343547990566,0,0,0,1,0.1,68.7463676548355,0,0,0,0,0.0,66.06308988979293,0,0,0,0,0.0
2402601001,6.911852637927412,0,0,12,62,8.6,21.19530250518152,0,0,0,5,0.5,6.91853165822544,0,0,3,19,2.5,22.31955693889194,0,0,0,2,0.2,25.994700347307486,0,0,0,2,0.2
2402701001,0.0,1,2,30,46,11.6,7.950241010530081,0,0,2,3,0.7,5.445767093983296,0,0,7,12,2.6,5.445767093983296,0,0,1,1,0.3,6.7708863868433955,0,0,2,2,0.6
2402801001,9.424545414087081,0,0,3,56,6.200000000000001,20.809794742872334,0,0,0,3,0.30000000000000004,10.49319249601155,0,0,1,15,1.7000000000000002,20.0373869558151,0,0,0,1,0.1,22.329370473786177,0,0,0,2,0.2
2402901001,0.0,1,1,5,9,2.6,13.021095511117332,0,0,1,1,0.3,13.021095511117332,0,0,1,2,0.4,58.24009880845007,0,0,0,0,0.0,49.148656399120675,0,0,0,0,0.0
2403001001,1.6184117443674497,0,3,29,45,11.2,11.179292296176131,0,0,2,3,0.7,1.6184117443674497,0,1,7,12,2.9,6.617960176260773,0,0,1,1,0.3,10.755704411873085,0,0,1,2,0.4
2403001002,0.0,1,3,29,43,11.4,10.917335547726534,0,0,2,3,0.7,0.0,1,1,7,12,3.3,6.382088974374205,0,0,1,1,0.3,10.696939353355644,0,0,1,2,0.4
2403001003,0.0,1,1,19,44,8.899999999999999,15.023877669322312,0,0,0,3,0.30000000000000004,5.329021359044658,0,0,5,12,2.2,10.548185162203279,0,0,1,1,0.3,14.417590131594494,0,0,1,2,0.4
2403001004,2.5217535909551696,0,2,26,43,10.099999999999998,13.372978028254286,0,0,2,3,0.7,2.5217535909551696,0,1,7,12,2.9,8.810114305999724,0,0,1,1,0.3,13.069636253681649,0,0,1,2,0.4
2403101001,7.725798562957563,0,0,3,6,1.2,45.49786395581653,0,0,0,0,0.0,9.617968953598284,0,0,1,2,0.4,44.47757730834554,0,0,0,0,0.0,45.90434344495654,0,0,0,0,0.0
2403201001,7.086340413862118,0,0,5,23,3.3,21.890625022167143,0,0,0,1,0.1,8.724146626561257,0,0,1,5,0.7,48.6345360989037,0,0,0,0,0.0,50.89468278547734,0,0,0,0,0.0
2403301001,9.99297029213282,0,0,8,58,7.4,17.01032428368259,0,0,0,3,0.30000000000000004,14.180955559625348,0,0,2,15,1.9,16.212503730507866,0,0,0,1,0.1,18.52259689523044,0,0,0,2,0.2
2403401001,2.604627685801465,0,7,28,44,12.1,6.452865698199287,0,0,2,3,0.7,2.604627685801465,0,2,7,12,3.2,2.604627685801465,0,1,1,1,0.6,6.628416346984862,0,0,2,2,0.6
2403401002,2.3551627447442933,0,4,29,44,11.4,8.626103704476145,0,0,2,3,0.7,2.3551627447442933,0,2,7,12,3.2,4.062737580136422,0,1,1,1,0.6,8.350965691534038,0,0,2,2,0.6
2403401003,0.0,1,4,28,46,11.8,6.862682752016932,0,0,2,3,0.7,2.5593641559715894,0,2,7,12,3.2,2.5593641559715894,0,1,1,1,0.6,6.282075687576427,0,0,2,2,0.6
2403601001,12.173889540881598,0,0,2,16,2.0,34.61843828343086,0,0,0,0,0.0,12.173889540881598,0,0,1,4,0.6000000000000001,31.0596249294282,0,0,0,0,0.0,32.497603642962986,0,0,0,0,0.0
2403701001,10.531156884405958,0,0,3,11,1.7,41.17818961733928,0,0,0,0,0.0,17.52779888695743,0,0,0,3,0.30000000000000004,43.08532611933535,0,0,0,0,0.0,39.80858358276503,0,0,0,0,0.0
2403801001,0.0,1,5,27,43,11.6,10.772259131443782,0,0,2,3,0.7,3.6320311885480656,0,1,7,12,2.9,6.890819990880522,0,0,1,1,0.3,11.023887431791087,0,0,1,2,0.4
2403801002,0.0,1,4,28,42,11.4,11.986930387129654,0,0,2,3,0.7,7.49545084171537,0,0,8,12,2.8,9.210144914107994,0,0,1,1,0.3,12.651751561088926,0,0,1,2,0.4
2403901001,0.0,2,3,8,62,9.5,21.78921611484167,0,0,0,5,0.5,0.0,1,1,2,17,2.8,22.989406123293833,0,0,0,2,0.2,24.19836697632251,0,0,0,2,0.2
2403901002,0.0,1,3,8,63,9.2,19.278447340050246,0,0,0,5,0.5,4.038469068374132,0,1,3,17,2.6,21.432239310187878,0,0,0,2,0.2,20.64628110549009,0,0,0,2,0.2
2404001001,9.056471508982208,0,0,7,47,6.1,25.992689947882774,0,0,0,3,0.30000000000000004,9.056471508982208,0,0,2,14,1.8000000000000003,28.923435933309328,0,0,0,1,0.1,26.389095661030844,0,0,0,2,0.2
2404101001,6.327348230092865,0,0,10,34,5.4,17.33574875637018,0,0,0,2,0.2,7.421347970488544,0,0,3,8,1.4,15.31536745077703,0,0,0,1,0.1,18.25011901421473,0,0,0,2,0.2
2404201001,8.514302685877237,0,0,5,15,2.5,31.795808964479807,0,0,0,0,0.0,13.960255950716684,0,0,2,2,0.6,43.31108938528689,0,0,0,0,0.0,45.65498506009163,0,0,0,0,0.0
2404301001,11.061957195414422,0,0,3,29,3.5,22.686699878045008,0,0,0,2,0.2,20.7695435831497,0,0,0,6,0.6000000000000001,26.26459649228519,0,0,0,1,0.1,24.240929099351327,0,0,0,2,0.2
2404401001,9.220065826267872,0,0,2,13,1.7000000000000002,16.56810696557299,0,0,0,2,0.2,15.71995994910423,0,0,0,5,0.5,15.60242582521881,0,0,0,1,0.1,43.72817874672513,0,0,0,0,0.0
2404601001,8.975932098281694,0,0,6,21,3.3,29.464049885361934,0,0,0,2,0.2,14.317822167737283,0,0,2,6,1.0,29.169751054592002,0,0,0,1,0.1,57.13977577488415,0,0,0,0,0.0
2404701001,0.0,1,1,2,12,2.3,29.557783635507004,0,0,0,2,0.2,25.02876939205712,0,0,0,4,0.4,28.655788410969627,0,0,0,1,0.1,51.52090476917533,0,0,0,0,0.0
2404901001,0.0,1,3,23,43,10.2,3.6534378613491687,0,1,3,3,1.2,5.437152452138053,0,0,7,10,2.4000000000000004,16.637617660814428,0,0,0,1,0.1,6.6151075133832515,0,0,2,2,0.6
2405001001,10.866045851171416,0,0,1,11,1.3,39.0047488290135,0,0,0,0,0.0,21.056564299771445,0,0,0,3,0.30000000000000004,37.974352942342236,0,0,0,0,0.0,40.167651386546,0,0,0,0,0.0
2405101001,11.727133245450457,0,0,1,9,1.1,30.595757170668175,0,0,0,0,0.0,13.462599092045794,0,0,1,3,0.5,48.73308181187979,0,0,0,0,0.0,49.00621109299503,0,0,0,0,0.0
2405201001,7.386399028875141,0,0,3,12,1.7999999999999998,18.179580107142318,0,0,0,1,0.1,7.386399028875141,0,0,1,3,0.5,43.56564486511247,0,0,0,0,0.0,42.26181570003856,0,0,0,0,0.0
2405301001,6.062183807175767,0,0,8,33,4.9,28.44224085151318,0,0,0,2,0.2,8.589291342626215,0,0,3,7,1.2999999999999998,28.800128757709285,0,0,0,1,0.1,44.096434015812655,0,0,0,0,0.0
2405401001,2.711599109013079,0,1,11,25,5.0,13.364004999571776,0,0,1,1,0.3,13.545899126595454,0,0,4,6,1.4,52.7666864630731,0,0,0,0,0.0,54.87833516127688,0,0,0,0,0.0
2405501001,4.091917813443545,0,1,10,62,8.5,16.09944656204853,0,0,0,5,0.5,6.817181603849007,0,0,4,17,2.5,18.546407727862082,0,0,0,2,0.2,17.456294276011416,0,0,0,2,0.2
2405601001,6.108450827388172,0,0,4,13,2.1,19.89800540174905,0,0,0,1,0.1,9.729153791360682,0,0,1,3,0.5,48.30395727457527,0,0,0,0,0.0,46.17832704232269,0,0,0,0,0.0
2405601002,0.0,2,2,4,12,3.4000000000000004,22.474357259693615,0,0,0,1,0.1,0.0,1,1,1,3,1.2,40.38925268067548,0,0,0,0,0.0,38.62407488128094,0,0,0,0,0.0
2405701001,6.6151075133832515,0,0,28,45,10.100000000000001,7.334919791401174,0,0,3,3,0.8999999999999999,8.169852545066558,0,0,8,11,2.7,11.665925481161786,0,0,1,1,0.3,0.0,1,1,2,2,1.3
2405801001,11.825614817087175,0,0,2,53,5.7,21.86686509414281,0,0,0,3,0.30000000000000004,11.825614817087175,0,0,2,14,1.8000000000000003,20.933601324311518,0,0,0,1,0.1,23.290584263404988,0,0,0,2,0.2
2405901001,0.0,1,1,8,34,5.7,21.301687913529435,0,0,0,2,0.2,5.326929369728486,0,0,2,9,1.3,17.26199483504672,0,0,0,1,0.1,21.513075634361666,0,0,0,2,0.2
2406001001,9.883095499820392,0,0,3,11,1.7,26.72060111988397,0,0,0,1,0.1,12.706769896999269,0,0,1,3,0.5,51.703404809787074,0,0,0,0,0.0,49.16871863768558,0,0,0,0,0.0
2406101001,0.0,2,2,17,55,10.3,14.977572607986412,0,0,1,3,0.5,8.84693401326807,0,0,3,14,2.0,17.814089005114653,0,0,0,1,0.1,15.16587733230752,0,0,0,2,0.2
2406201001,8.537957319430648,0,0,4,54,6.2,23.8156717881644,0,0,0,3,0.30000000000000004,7.615053650874685,0,0,1,14,1.6,23.02254077903844,0,0,0,1,0.1,25.330180361832,0,0,0,2,0.2
2406301001,10.990830570178346,0,0,3,12,1.7999999999999998,27.3406564683634,0,0,0,1,0.1,10.990830570178346,0,0,1,4,0.6000000000000001,34.8835895559711,0,0,0,0,0.0,33.90372818802679,0,0,0,0,0.0
2406401001,0.0,1,1,33,45,11.8,11.287225857286437,0,0,3,3,0.8999999999999999,6.750966549988145,0,0,10,11,3.1,10.497601524976117,0,0,1,1,0.3,6.884443378318517,0,0,2,2,0.6
2406501001,6.116922818119756,0,0,28,64,12.0,12.58764624480478,0,0,3,3,0.8999999999999999,9.966100660950437,0,0,11,19,4.1,12.543585103367246,0,0,1,1,0.3,13.82407801173858,0,0,1,2,0.4
2406501002,6.918328977491476,0,0,13,69,9.5,18.193136258943564,0,0,0,5,0.5,13.640031674392773,0,0,4,20,2.8,18.312061320104853,0,0,0,2,0.2,19.253716877171676,0,0,0,2,0.2
2406601001,8.033787842583108,0,0,3,18,2.4,14.582303253786074,0,0,2,2,0.6,13.515005615469464,0,0,3,6,1.2,13.856452643969979,0,0,1,1,0.3,46.30038198854246,0,0,0,0,0.0
2406701001,0.0,2,2,3,8,2.8,28.45311120184268,0,0,0,1,0.1,20.708090631730045,0,0,0,2,0.2,34.44100572307319,0,0,0,0,0.0,33.6301981894893,0,0,0,0,0.0
2406801001,7.6956084215351135,0,0,5,11,2.1,30.17644490891779,0,0,0,0,0.0,8.30699762389033,0,0,2,2,0.6,35.43543117070751,0,0,0,0,0.0,33.2118326890732,0,0,0,0,0.0
2406901001,6.900245844653205,0,0,2,9,1.3,49.62315938248172,0,0,0,0,0.0,9.434479309032147,0,0,1,4,0.6000000000000001,50.98987285179736,0,0,0,0,0.0,46.566476018306105,0,0,0,0,0.0
2407001001,0.0,2,3,9,43,7.800000000000001,23.904805093422777,0,0,0,3,0.30000000000000004,0.0,1,1,2,11,2.2,21.118763471802556,0,0,0,1,0.1,20.473912715583467,0,0,0,2,0.2
2407001002,2.3996380972257727,0,2,9,43,6.7,23.973610827997206,0,0,0,3,0.30000000000000004,2.3996380972257727,0,1,2,12,1.9,21.615260728044312,0,0,0,1,0.1,19.630435171630882,0,0,0,2,0.2
2407001003,3.50916163756481,0,2,9,44,6.8,24.938692103344913,0,0,0,4,0.4,3.50916163756481,0,1,2,13,2.0,23.330437410856423,0,0,0,1,0.1,20.948661957067376,0,0,0,2,0.2
2407001004,2.5503843756506295,0,2,9,43,6.7,24.621834794028757,0,0,0,3,0.30000000000000004,2.5503843756506295,0,1,2,12,1.9,22.381289356299654,0,0,0,1,0.1,20.373797740207806,0,0,0,2,0.2
2407101001,6.727471654096263,0,0,8,37,5.300000000000001,9.300352796546168,0,0,1,3,0.5,7.879400848606493,0,0,2,9,1.3,27.567206306922415,0,0,0,1,0.1,15.90554744467323,0,0,0,2,0.2
2407301001,5.371004021690552,0,0,6,46,5.8,26.867837624789278,0,0,0,3,0.30000000000000004,4.620766557763846,0,1,1,13,1.8000000000000003,26.147136825792085,0,0,0,1,0.1,28.395225113986164,0,0,0,2,0.2
2407401001,6.789128461284878,0,0,6,21,3.3,26.59723246106659,0,0,0,1,0.1,10.904597961723677,0,0,1,5,0.7,45.85322733497076,0,0,0,0,0.0,48.159506388741136,0,0,0,0,0.0
2407601001,10.269189551453142,0,0,18,51,8.7,16.03970870324536,0,0,0,3,0.30000000000000004,10.269189551453142,0,0,2,15,1.9,17.545094284113272,0,0,0,1,0.1,14.269361512408524,0,0,1,2,0.4
2407701001,8.329353970747103,0,0,3,8,1.4,44.44588539369528,0,0,0,0,0.0,16.173903491803287,0,0,0,3,0.30000000000000004,43.40963131971411,0,0,0,0,0.0,45.31178916647118,0,0,0,0,0.0
2407801001,0.0,1,1,3,20,3.3000000000000003,26.97342859498047,0,0,0,1,0.1,6.965420909013241,0,0,1,5,0.7,51.696622676463704,0,0,0,0,0.0,50.747932208654305,0,0,0,0,0.0
2407901001,11.514411892505203,0,0,1,45,4.7,24.63391032660482,0,0,0,3,0.30000000000000004,17.0611282157743,0,0,0,13,1.3,24.630709646313452,0,0,0,1,0.1,23.563790305238065,0,0,0,2,0.2
2408001001,2.9636105480687114,0,2,2,9,1.9,51.33835692118927,0,0,0,0,0.0,10.368077608525313,0,0,1,2,0.4,53.7900585520336,0,0,0,0,0.0,49.581537411855855,0,0,0,0,0.0
2408101001,13.6401222155918,0,0,3,48,5.4,25.922102801166652,0,0,0,3,0.30000000000000004,10.938268729001999,0,0,2,13,1.7000000000000002,24.972524369816405,0,0,0,1,0.1,27.32470445124274,0,0,0,2,0.2
2408201001,0.0,1,4,16,47,9.5,14.337933252289947,0,0,2,5,0.9,2.8911386261558847,0,2,4,15,2.9,15.538408290135377,0,0,0,2,0.2,29.706677330053456,0,0,0,1,0.1
2408301001,0.0,1,1,1,22,3.1,19.189161242405618,0,0,0,2,0.2,17.507690183375143,0,0,0,5,0.5,35.42717236407258,0,0,0,0,0.0,24.607557113584573,0,0,0,1,0.1
2408401001,7.583555801154681,0,0,1,13,1.5000000000000002,41.94543571160081,0,0,0,0,0.0,20.353439554523703,0,0,0,4,0.4,44.37511288912239,0,0,0,0,0.0,46.7113986177948,0,0,0,0,0.0
2408601001,12.11477540907103,0,0,2,11,1.5,45.384993332906454,0,0,0,0,0.0,21.59718051337615,0,0,0,4,0.4,44.357171686224646,0,0,0,0,0.0,46.56671010950137,0,0,0,0,0.0
2408701001,3.3229848733924716,0,1,11,32,5.7,28.997692020765914,0,0,0,2,0.2,3.3229848733924716,0,1,3,7,1.6,29.7272746009221,0,0,0,1,0.1,35.1586876797183,0,0,0,0,0.0
2408801001,0.0,1,1,8,31,5.4,26.10309033807467,0,0,0,1,0.1,14.429480940533844,0,0,2,9,1.3,39.379438693835276,0,0,0,0,0.0,41.35011053972381,0,0,0,0,0.0
2408901001,0.2645805226085526,7,34,38,58,26.4,0.2645805226085526,1,3,3,3,2.2,0.270698962309548,4,10,11,15,8.299999999999999,1.829249710905513,0,1,1,1,0.6,0.5291770461791738,1,2,2,2,1.6
2408901002,0.49545395910191514,5,34,38,58,25.599999999999998,0.6163333404269434,2,3,3,3,2.6,0.3783044641181419,4,10,11,15,8.299999999999999,1.9307513475975993,0,1,1,1,0.6,0.5906640267903926,1,2,2,2,1.6
2408901003,0.3632902342898375,6,34,38,58,26.0,0.3632902342898375,2,3,3,3,2.6,0.4481881177319568,3,10,11,15,7.9,1.672270891022003,0,1,1,1,0.6,0.7150441736600529,1,2,2,2,1.6
2408901004,0.14228987369339846,4,33,38,58,24.9,0.6513020811382234,2,3,3,3,2.6,0.35364697865394773,3,10,11,15,7.9,1.6480999356098986,0,1,1,1,0.6,0.9539868319686168,1,2,2,2,1.6
2408901005,0.25427805338715975,5,33,38,58,25.3,0.66962819824732,2,3,3,3,2.6,0.4709388808480994,3,10,11,15,7.9,1.7392969784760912,0,1,1,1,0.6,0.8343969108518726,1,2,2,2,1.6
2408901006,0.4245926588126665,4,33,38,58,24.9,0.7865385586194967,2,3,3,3,2.6,0.5798421191137098,3,10,11,15,7.9,1.9266687302181502,0,1,1,1,0.6,0.767227974147681,1,2,2,2,1.6
2408902001,0.43244547193419913,6,34,38,57,25.9,0.5146841868125438,1,3,3,3,2.2,0.0,3,10,11,15,7.9,2.0947084700047998,0,1,1,1,0.6,0.2679084529063026,1,2,2,2,1.6
2408902002,0.5988931792536618,4,34,38,57,25.099999999999998,0.7873732721898253,1,3,3,3,2.2,0.2729391401283456,3,10,11,15,7.9,2.3364762693509196,0,1,1,1,0.6,0.1862313266404613,1,2,2,2,1.6
2408902003,0.7479482772467724,4,34,38,57,25.099999999999998,0.8643202248248947,1,3,3,3,2.2,0.6006726944665068,3,10,11,15,7.9,2.5532305129084674,0,1,1,1,0.6,0.5036324405459096,1,2,2,2,1.6
2408902004,0.5770544850996703,5,34,38,58,25.599999999999998,0.5770544850996703,1,3,3,3,2.2,0.18497252523815344,4,10,11,15,8.299999999999999,2.0512751850036057,0,1,1,1,0.6,0.3885401260939618,1,2,2,2,1.6
2408902005,0.7029219981811233,4,34,38,58,25.2,0.8414393161457079,1,3,3,3,2.2,0.45011202608353224,4,10,11,15,8.299999999999999,2.1803198207181897,0,1,1,1,0.6,0.5471987523944027,1,2,2,2,1.6
2408902006,0.4416602307169539,4,34,38,57,25.099999999999998,0.7458140304591234,1,3,3,3,2.2,0.2572653495449248,4,10,11,15,8.299999999999999,2.35830199367474,0,1,1,1,0.6,0.0,1,2,2,2,1.6
2408902007,0.7568293756106449,4,34,38,57,25.099999999999998,0.924972186792271,1,3,3,3,2.2,0.4176889385060987,3,10,11,15,7.9,2.4261771579425466,0,1,1,1,0.6,0.3282048058389534,1,2,2,2,1.6
2408902008,0.7009732420281111,2,34,38,58,24.4,0.7279231662346382,1,3,3,3,2.2,0.7010665382693907,3,10,11,15,7.9,2.534285703803653,0,1,1,1,0.6,0.6558056279528309,1,2,2,2,1.6
2408902009,0.626379092134933,4,34,38,58,25.2,0.7188777118061656,1,3,3,3,2.2,0.3633420276781132,4,10,11,15,8.299999999999999,2.0780424483579156,0,1,1,1,0.6,0.5154624721678865,1,2,2,2,1.6
2408902010,0.8304996328147526,5,34,38,58,25.599999999999998,0.9121941084420406,2,3,3,3,2.6,0.5300528592134037,3,10,11,15,7.9,2.316819407978682,0,1,1,1,0.6,0.5622219471327273,1,2,2,2,1.6
2408903001,0.629762266039679,3,34,38,57,24.699999999999996,0.8598495923546658,1,3,3,3,2.2,0.5219028029563453,4,10,11,15,8.299999999999999,2.7582139494590714,0,1,1,1,0.6,0.5769847602553172,1,2,2,2,1.6
2408903002,0.6351465628619164,3,31,40,56,24.1,1.2500583383845671,0,3,3,3,1.7999999999999998,0.6351465628619164,2,10,11,15,7.5,3.3776956401954084,0,1,1,1,0.6,1.0352331274575077,0,2,2,2,1.2
2408903003,0.0,2,27,40,54,22.299999999999997,2.733924808320992,0,3,3,3,1.7999999999999998,1.707486353149685,0,10,11,15,6.7,5.254987555577365,0,0,1,1,0.3,2.891641640827364,0,2,2,2,1.2
2408903004,0.5566541820381748,3,34,38,56,24.599999999999998,1.0350657532532739,0,3,3,3,1.7999999999999998,0.18762642867704554,4,10,11,15,8.299999999999999,2.6814950641753286,0,1,1,1,0.6,0.38266612890519996,1,2,2,2,1.6
2408903005,0.8897971575502689,2,33,40,55,24.2,1.4046736404982598,0,3,3,3,1.7999999999999998,0.38839760211087,3,10,11,15,7.9,3.0537857852996835,0,1,1,1,0.6,0.7685579395596597,1,2,2,2,1.6
2408903006,0.7482273313805743,3,31,40,54,23.9,1.8655390022423832,0,3,3,3,1.7999999999999998,0.8496639351861194,2,10,11,15,7.5,3.5107233779796,0,1,1,1,0.6,1.0817817724544487,0,2,2,2,1.2
2408903007,0.4258791298978476,4,29,40,54,23.7,2.078795677345319,0,3,3,3,1.7999999999999998,0.9919784527459549,1,10,11,15,7.1,3.6998746142267738,0,1,1,1,0.6,0.8881271742705377,1,2,2,2,1.6
2408903008,0.0,3,29,40,54,23.3,2.257915786753499,0,3,3,3,1.7999999999999998,1.3312964947654604,0,10,11,15,6.7,4.2277829181219415,0,1,1,1,0.6,1.692581517919043,0,2,2,2,1.2
2408903009,0.46475253596299454,3,31,40,56,24.1,1.0612547007702362,0,3,3,3,1.7999999999999998,0.46475253596299454,2,10,11,15,7.5,3.38303754014605,0,1,1,1,0.6,1.0855214205734824,0,2,2,2,1.2
2408903010,0.5099649919270424,4,34,38,56,25.0,0.8898499226271788,1,3,3,3,2.2,0.27505914607141163,4,10,11,15,8.299999999999999,2.514093992008865,0,1,1,1,0.6,0.15972291522820567,1,2,2,2,1.6
2408903011,0.7183453857163009,2,34,38,56,24.2,1.1556422465578937,0,3,3,3,1.7999999999999998,0.0,4,10,11,15,8.299999999999999,2.7877532390276025,0,1,1,1,0.6,0.4341830951775379,1,2,2,2,1.6
2408903012,0.9070287708859396,3,33,40,54,24.5,1.683142663811326,0,3,3,3,1.7999999999999998,0.6446332197205098,2,10,11,15,7.5,3.3315479536901735,0,1,1,1,0.6,1.0477903793857288,0,2,2,2,1.2
2408903013,0.5633852634752949,3,34,40,56,25.0,0.9460273905090414,1,3,3,3,2.2,0.5480889006430536,2,10,11,15,7.5,3.0828280541987625,0,1,1,1,0.6,0.80804423101223,1,2,2,2,1.6
2408903014,0.6747174491326678,3,34,40,56,25.0,1.0689384469254777,0,3,3,3,1.7999999999999998,0.49120987268086247,2,10,11,15,7.5,3.1272603410402366,0,1,1,1,0.6,0.8113727895297743,1,2,2,2,1.6
2408903015,0.6803085763404813,2,26,40,55,22.099999999999998,2.654850870323915,0,3,3,3,1.7999999999999998,1.722578166968642,0,10,11,15,6.7,5.44281590785984,0,0,1,1,0.3,3.134975334659996,0,2,2,2,1.2
2408903016,0.2987118145072089,3,34,40,56,25.0,0.7358951403070392,1,3,3,3,2.2,0.5134009328887765,2,10,11,15,7.5,3.224676030178161,0,1,1,1,0.6,1.0468605951277064,0,2,2,2,1.2
2408903017,0.6931561642737097,3,34,38,56,24.599999999999998,1.051695716170595,0,3,3,3,1.7999999999999998,0.20345235610651669,4,10,11,15,8.299999999999999,2.6539375772094305,0,1,1,1,0.6,0.3059045406217094,1,2,2,2,1.6
2408903018,0.32014738600830767,3,31,40,54,23.9,1.2395535486012808,0,3,3,3,1.7999999999999998,0.32014738600830767,1,10,11,15,7.1,3.6991828642815214,0,1,1,1,0.6,1.3913274530921085,0,2,2,2,1.2
2408903019,0.0,3,31,40,54,23.9,1.0355462996924574,0,3,3,3,1.7999999999999998,0.0,1,10,11,15,7.1,3.7380184690136744,0,1,1,1,0.6,1.5151258579579083,0,2,2,2,1.2
2408903020,0.0,3,29,40,54,23.3,2.49771130897646,0,3,3,3,1.7999999999999998,1.3789662547392223,0,10,11,14,6.6,4.107742521309314,0,1,1,1,0.6,1.0896702110426253,0,2,2,2,1.2
2408903021,0.5166636329303622,3,31,40,55,24.0,1.5521303893147862,0,3,3,3,1.7999999999999998,0.5166636329303622,1,10,11,15,7.1,4.127047776243603,0,1,1,1,0.6,1.810951907981757,0,2,2,2,1.2
2408904001,0.0,5,34,38,55,25.299999999999997,0.53889483826008,1,3,3,3,2.2,0.2044651067819951,4,10,11,15,8.299999999999999,2.1756913128120248,0,1,1,1,0.6,0.4416602307169539,1,2,2,2,1.6
2408904002,0.493123748352169,4,34,38,55,24.9,1.176118222463937,0,3,3,3,1.7999999999999998,0.0,3,10,11,15,7.9,2.7361367474384672,0,1,1,1,0.6,0.7096051081283705,2,2,2,2,2.0
2408904003,0.36912790799705963,4,34,38,55,24.9,0.8805653937211139,1,3,3,3,2.2,0.361691668929455,4,10,11,15,8.299999999999999,2.5291679108283045,0,1,1,1,0.6,0.3655726062268825,1,2,2,2,1.6
2408904004,0.5644982667802729,3,34,38,55,24.499999999999996,1.094933194891159,0,3,3,3,1.7999999999999998,0.39003223464366676,4,10,11,15,8.299999999999999,2.739341328685622,0,1,1,1,0.6,0.5664577066044543,1,2,2,2,1.6
2408904005,0.564170731440894,2,29,40,54,22.9,1.929584821214282,0,3,3,3,1.7999999999999998,0.7747001316666459,1,10,11,14,6.999999999999999,3.510834834269394,0,1,1,1,0.6,0.564170731440894,1,2,2,2,1.6
2408904006,0.22159000459331485,6,34,38,55,25.7,0.5787759476787037,1,3,3,3,2.2,0.4238705498293995,4,10,11,15,8.299999999999999,2.1415288976248914,0,1,1,1,0.6,0.6619990252074711,1,2,2,2,1.6
2408904007,0.2044651067819951,5,34,38,56,25.4,0.5403077062568639,1,3,3,3,2.2,0.0,4,10,11,15,8.299999999999999,2.1857945903325318,0,1,1,1,0.6,0.2572653495449248,1,2,2,2,1.6
2408904008,0.41217691562274905,4,34,38,55,24.9,0.9496068821323107,1,3,3,3,2.2,0.3995197260029011,4,10,11,15,8.299999999999999,2.5869108641396625,0,1,1,1,0.6,0.5204994392912274,1,2,2,2,1.6
2408904009,0.5755374892095819,4,34,38,55,24.9,1.1143304336251023,0,3,3,3,1.7999999999999998,0.32332689858334157,4,10,11,15,8.299999999999999,2.745459936659894,0,1,1,1,0.6,0.6611757491224924,2,2,2,2,2.0
2408904010,0.3564053081157354,5,34,38,55,25.299999999999997,0.9194123821294864,1,3,3,3,2.2,0.26591582253553514,4,10,11,15,8.299999999999999,2.5105838763276727,0,1,1,1,0.6,0.6848341781546744,2,2,2,2,2.0
2408904011,0.7611997465360506,3,34,40,55,24.9,1.2866843218554924,0,3,3,3,1.7999999999999998,0.3872904434587811,4,10,11,15,8.299999999999999,2.9337555814228753,0,1,1,1,0.6,0.6981782046989154,1,2,2,2,1.6
2408904012,0.7216255124830229,4,34,38,55,24.9,1.2589294612908188,0,3,3,3,1.7999999999999998,0.39916532862021376,4,10,11,15,8.299999999999999,2.8953691905116825,0,1,1,1,0.6,0.7467398576178249,2,2,2,2,2.0
2408904013,0.0,6,34,38,55,25.7,0.7966119777658672,1,3,3,3,2.2,0.493123748352169,3,10,11,15,7.9,2.261028294037228,0,1,1,1,0.6,0.8823934902260112,1,2,2,2,1.6
2408904014,0.8787471151713349,4,33,40,54,24.9,1.4154940670071856,0,3,3,3,1.7999999999999998,0.49173546894617437,3,10,11,15,7.9,3.052773557922123,0,1,1,1,0.6,0.8750612813514049,2,2,2,2,2.0
2408904015,0.0,1,29,38,54,22.1,1.8364409931450978,0,3,3,3,1.7999999999999998,0.7096051081283705,1,9,11,14,6.699999999999999,3.281922149704456,0,1,1,1,0.6,0.0,1,2,2,2,1.6
2408905001,0.0,7,34,38,57,26.299999999999997,0.0,2,3,3,3,2.6,0.5146841868125438,3,10,11,15,7.9,1.6491529852763858,0,1,1,1,0.6,0.7458140304591234,1,2,2,2,1.6
2408905002,0.6616332307455667,3,31,38,57,23.8,1.2202246238392893,0,3,3,3,1.7999999999999998,0.696649268922594,2,9,11,15,7.2,0.6616332307455667,1,1,1,1,1.0,2.1142618693526076,0,2,2,2,1.2
2408905003,0.2435711519388002,6,34,38,58,26.0,0.2435711519388002,2,3,3,3,2.6,0.7045630011401225,3,10,11,15,7.9,1.4122080998996778,0,1,1,1,0.6,0.9573439678342787,1,2,2,2,1.6
2408905004,0.1363927336881843,7,34,38,57,26.299999999999997,0.23118231804392342,1,3,3,3,2.2,0.7226304431011168,5,10,11,15,8.700000000000001,1.5200091894978054,0,1,1,1,0.6,0.951550555429288,1,2,2,2,1.6
2408905005,0.13101249913116364,7,33,38,58,26.1,0.4747936359034543,2,3,3,3,2.6,0.7749990217436149,5,9,11,15,8.4,1.2805137751073274,0,1,1,1,0.6,1.2144265401835554,0,2,2,2,1.2
2408905006,0.5440570417990774,4,32,38,57,24.5,0.9079067645021974,1,3,3,3,2.2,0.36266047780205213,2,9,11,15,7.2,1.1492955185177958,0,1,1,1,0.6,1.6279189407652617,0,2,2,2,1.2
2408905007,0.0,7,33,38,58,26.1,0.3496560248510823,2,3,3,3,2.6,0.8585237145485021,5,9,11,15,8.4,1.394827946230912,0,1,1,1,0.6,1.0846590663195814,0,2,2,2,1.2
2408905008,0.2575068094050103,6,32,38,58,25.400000000000002,0.3890557191792671,2,3,3,3,2.6,0.7063236721447295,3,9,11,15,7.6,1.260243478052807,0,1,1,1,0.6,1.1142345860685898,0,2,2,2,1.2
2408905009,0.25359390191940695,4,32,38,58,24.6,0.6196124015012623,2,3,3,3,2.6,0.7447591940906741,3,9,11,15,7.6,1.1028234605291325,0,1,1,1,0.6,1.365388802649978,0,2,2,2,1.2
2408905010,0.3060890199123611,4,33,38,56,24.7,0.6527363644581314,1,3,3,3,2.2,0.5700423287995885,2,9,11,15,7.2,1.2650358750804414,0,1,1,1,0.6,1.3719712444859526,0,2,2,2,1.2
2408905011,0.45006999776597323,4,32,38,57,24.5,1.0043125543691942,0,3,3,3,1.7999999999999998,0.4823994884842146,2,9,11,15,7.2,0.935573341008133,1,1,1,1,1.0,1.7450337725285638,0,2,2,2,1.2
2408906001,0.0,4,33,38,58,24.9,0.5094276213369353,2,3,3,3,2.6,0.21782801925910747,2,10,11,15,7.5,1.509122621451539,0,1,1,1,0.6,1.0666699926883216,0,2,2,2,1.2
2408906002,0.3558806804445288,4,32,38,58,24.6,0.3727443337520597,2,3,3,3,2.6,0.4609036991941866,1,9,11,15,6.8,1.044441495810876,0,1,1,1,0.6,1.3309200037751452,0,2,2,2,1.2
2408906003,0.5094276213369353,4,32,38,58,24.6,0.0,2,3,3,3,2.6,0.30834364238457407,1,10,11,15,7.1,1.03627865457844,0,1,1,1,0.6,1.5283313387815387,0,2,2,2,1.2
2408906004,0.21142493679164304,6,32,38,58,25.400000000000002,0.4576166134226189,2,3,3,3,2.6,0.6279450971858682,1,9,11,15,6.8,0.8753911711448163,1,1,1,1,1.0,1.4841332113054782,0,2,2,2,1.2
2408906005,0.3002242416348696,6,31,38,58,25.1,0.4706598380555466,2,3,3,3,2.6,0.7110539903417907,1,9,11,15,6.8,0.7038198023633251,1,1,1,1,1.0,1.6597878452982326,0,2,2,2,1.2
2408906006,0.0,6,32,38,58,25.400000000000002,0.6687613981750581,2,3,3,3,2.6,0.8160118154317583,3,9,11,15,7.6,0.8880342730864809,1,1,1,1,1.0,1.497845669789118,0,2,2,2,1.2
2408906007,0.7641793486267573,2,28,38,57,22.5,0.7359349382396367,1,3,3,3,2.2,1.0086632388439576,0,9,11,15,6.3999999999999995,0.7641793486267573,1,1,1,1,1.0,2.264261902939228,0,2,2,2,1.2
2408906008,0.29462880506991396,4,33,38,58,24.9,0.29928673518877713,2,3,3,3,2.6,0.22185897545054784,2,10,11,15,7.5,1.2242728159904015,0,1,1,1,0.6,1.2347552004221873,0,2,2,2,1.2
2408906009,0.4383620520324552,5,31,38,58,24.700000000000003,0.4787698022628216,1,3,3,3,2.2,0.7586081054099826,1,9,11,15,6.8,0.5961292167952842,1,1,1,1,1.0,1.7878501212788354,0,2,2,2,1.2
2408906010,0.2511418358092725,4,32,38,58,24.6,0.7907412530690575,1,3,3,3,2.2,0.8457099875704632,3,9,11,15,7.6,0.6762378449903536,1,1,1,1,1.0,1.7458420299471533,0,2,2,2,1.2
2408906011,0.21782801925910747,4,33,38,58,24.9,0.30834364238457407,2,3,3,3,2.6,0.0,1,10,11,15,7.1,1.3370627219506763,0,1,1,1,0.6,1.2798695629093688,0,2,2,2,1.2
2408906012,0.39166724345556597,3,33,38,58,24.5,0.7497533894109836,1,3,3,3,2.2,0.4633493059353767,3,10,11,15,7.9,1.785656904548765,0,1,1,1,0.6,1.188345785623142,0,2,2,2,1.2
2408906013,0.32226644224195516,6,33,38,58,25.7,0.49375810766501055,2,3,3,3,2.6,0.38973575451979225,3,10,11,15,7.9,1.3504833965209726,0,1,1,1,0.6,1.0413643734653644,0,2,2,2,1.2
2408906014,0.45147853651336134,6,31,38,58,25.1,0.24588503125685174,2,3,3,3,2.6,0.5028364998502958,1,9,11,15,6.8,0.8485346608589835,1,1,1,1,1.0,1.578057909082351,0,2,2,2,1.2
2408906015,0.2970302138914124,4,32,38,58,24.6,0.5281460513033455,2,3,3,3,2.6,0.6081698757942516,2,9,11,15,7.2,1.1340258545831794,0,1,1,1,0.6,1.2253896579330608,0,2,2,2,1.2
2408906016,0.3878200953801237,6,31,38,58,25.1,0.34800290236771575,2,3,3,3,2.6,0.6033575109058931,1,9,11,15,6.8,0.7636726188072239,1,1,1,1,1.0,1.629862595659028,0,2,2,2,1.2
2408906017,0.0,3,28,38,58,23.0,1.03627865457844,0,3,3,3,1.7999999999999998,1.3370627219506763,0,9,11,15,6.3999999999999995,0.0,1,1,1,1,1.0,2.35830199367474,0,2,2,2,1.2
2408907001,0.6486325458025345,4,33,38,58,24.9,0.48759949672090397,1,3,3,3,2.2,0.899806478418637,2,10,11,15,7.5,2.605367092477471,0,1,1,1,0.6,0.9574845088761337,1,2,2,2,1.6
2408907002,0.6646268818945212,4,33,38,57,24.799999999999997,0.3366044237622862,1,3,3,3,2.2,0.7758606591534747,1,11,11,15,7.4,2.7201158481342684,0,1,1,1,0.6,1.1946543560592995,0,2,2,2,1.2
2408907003,0.0,2,32,38,59,23.900000000000002,1.0266600363774954,0,3,3,3,1.7999999999999998,0.0,1,11,11,16,7.5,2.367720718853996,0,1,1,1,0.6,1.6795063682826794,0,2,2,2,1.2
2408907004,0.3591903236483737,3,34,38,57,24.699999999999996,0.32071235558620054,1,3,3,3,2.2,0.9635667231257173,1,10,11,15,7.1,2.8886448083212026,0,1,1,1,0.6,1.0519223982936328,0,2,2,2,1.2
2408907005,0.9308319392368456,1,31,40,55,23.2,1.7361971911538032,0,3,3,3,1.7999999999999998,0.9308319392368456,1,10,11,15,7.1,4.6478311922365645,0,1,1,1,0.6,2.4433735837977935,0,2,2,2,1.2
2408907006,0.0,3,34,40,56,25.0,0.4578005366318933,1,3,3,3,2.2,0.6119531137544151,1,10,11,15,7.1,3.222244219576767,0,1,1,1,0.6,1.20552522702353,0,2,2,2,1.2
2408907007,0.48479744165228944,2,31,38,60,23.7,1.26699500257692,0,3,3,3,1.7999999999999998,0.48479744165228944,1,11,11,17,7.6,2.1396269231139766,0,1,1,1,0.6,2.000366285080836,0,2,2,2,1.2
2408907008,0.4403199533220796,2,33,40,57,24.4,0.0,1,3,3,3,2.2,1.0266600363774954,0,11,11,15,7.0,3.0551510371985118,0,1,1,1,0.6,1.3679515215570817,0,2,2,2,1.2
2408907009,0.719972254904781,4,33,38,58,24.9,0.6103918030144294,1,3,3,3,2.2,0.8432229361074122,2,10,11,15,7.5,2.5099218868732005,0,1,1,1,0.6,0.8441466013079147,1,2,2,2,1.6
2408907010,0.3097239303074497,3,33,40,57,24.8,0.1486726135911693,1,3,3,3,2.2,0.8910637524698143,1,11,11,15,7.4,3.113139573828649,0,1,1,1,0.6,1.3099744105295914,0,2,2,2,1.2
2408907011,0.29242914886678156,3,31,40,56,24.1,0.8525927245461881,1,3,3,3,2.2,0.29242914886678156,1,10,11,15,7.1,3.734666069008455,0,1,1,1,0.6,1.6209925558996947,0,2,2,2,1.2
2408907012,0.5686518472555743,4,33,38,58,24.9,0.537031503562551,1,3,3,3,2.2,0.5686518472555743,1,11,11,15,7.4,2.5493851649658144,0,1,1,1,0.6,1.2442905065056848,0,2,2,2,1.2
2408907013,0.0,3,32,40,57,24.499999999999996,0.4403199533220796,1,3,3,3,2.2,0.613563392432761,1,11,11,15,7.4,3.3903485088090926,0,1,1,1,0.6,1.4329374593635178,0,2,2,2,1.2
2408908001,1.6642519334103354,0,25,38,55,20.599999999999998,2.2871902512240916,0,3,3,3,1.7999999999999998,1.0959715569957127,0,9,11,14,6.299999999999999,1.7004566061671518,0,1,1,1,0.6,2.9747264961950317,0,2,2,2,1.2
2408908002,0.0,2,21,38,57,20.4,2.6584636794669754,0,3,3,3,1.7999999999999998,2.587550557910288,0,8,11,17,6.299999999999999,1.6594503391264852,0,1,1,1,0.6,4.006313675747924,0,2,2,2,1.2
2408909001,0.0,2,24,38,58,21.4,2.7817475597676093,0,3,3,3,1.7999999999999998,2.0003400206801962,0,11,11,17,7.199999999999999,3.492181595421845,0,1,1,1,0.6,3.675997272646417,0,1,2,2,0.8999999999999999
2408909002,0.0,1,22,38,60,20.599999999999998,2.7402396032108025,0,3,3,3,1.7999999999999998,2.9813469405998068,0,8,11,18,6.3999999999999995,2.307633066455725,0,1,1,1,0.6,4.259500960540536,0,1,2,2,0.8999999999999999
2408909003,1.3772461159685814,0,24,38,59,20.7,1.9887370892099596,0,3,3,3,1.7999999999999998,2.0677485710438783,0,10,11,18,7.0,2.138014083681523,0,1,1,1,0.6,3.3440562776998304,0,2,2,2,1.2
2408910001,0.36435014929107173,7,34,38,55,26.099999999999998,0.36435014929107173,1,3,3,3,2.2,0.5861030588506356,3,10,11,15,7.9,1.8042685500991722,0,1,1,1,0.6,0.842003068350793,1,2,2,2,1.6
2408910002,0.3236447547964271,6,33,38,55,25.4,0.6222352997674325,1,3,3,3,2.2,0.7345933776855448,3,9,11,15,7.6,1.9487291627823562,0,1,1,1,0.6,0.9880868753081278,1,2,2,2,1.6
2408910003,0.2780655744370146,3,33,38,55,24.2,1.1488654287539783,0,3,3,3,1.7999999999999998,0.5240951519236389,2,9,11,14,7.1,1.8245371418776024,0,1,1,1,0.6,1.6344440704222145,0,2,2,2,1.2
2408910004,0.44296817726980603,7,33,38,55,25.8,0.5596690636625068,1,3,3,3,2.2,0.8200569684841896,4,9,11,15,8.0,1.7535247466575499,0,1,1,1,0.6,1.0772209906905084,0,2,2,2,1.2
2408910005,0.8018557720911088,3,33,38,55,24.2,1.2037171398241324,0,3,3,3,1.7999999999999998,0.0,2,9,11,14,7.1,1.345991548282971,0,1,1,1,0.6,1.8787569699155027,0,2,2,2,1.2
2408910006,0.0,2,32,38,55,23.5,1.1990083094825847,0,3,3,3,1.7999999999999998,0.8018557720911088,2,9,11,14,7.1,2.0820313712194913,0,1,1,1,0.6,1.3650834412561546,0,2,2,2,1.2
2408910007,0.5578062090581855,3,30,38,55,23.299999999999997,1.3819407706192395,0,3,3,3,1.7999999999999998,0.784066882859799,1,9,11,14,6.699999999999999,2.577117492398544,0,1,1,1,0.6,0.8118661950691795,1,2,2,2,1.6
2409001001,18.38086714209957,0,0,0,31,3.1,24.793515307987825,0,0,0,5,0.5,24.887149504325453,0,0,0,7,0.7000000000000001,25.898551336973753,0,0,0,1,0.1,26.678219169542515,0,0,0,2,0.2
2409101001,14.414727891995845,0,0,1,12,1.4000000000000001,20.06082118551628,0,0,0,2,0.2,19.629743394820125,0,0,0,3,0.30000000000000004,18.85253836567072,0,0,0,1,0.1,38.002329876628444,0,0,0,0,0.0
2409201001,4.972649573818892,0,2,4,59,7.3,23.427814416533174,0,0,0,5,0.5,4.972649573818892,0,1,1,17,2.2,26.09836441870685,0,0,0,2,0.2,24.74115723968336,0,0,0,2,0.2
2409301001,12.141952962031024,0,0,4,23,3.1,13.10904559863761,0,0,2,3,0.7,14.424916534474926,0,0,1,6,0.8,13.27529176842225,0,0,1,1,0.3,33.401262411576475,0,0,0,0,0.0
2409401001,0.0,1,1,3,45,5.800000000000001,18.95014858933621,0,0,0,3,0.30000000000000004,0.0,1,1,1,13,2.2,17.923323362174735,0,0,0,1,0.1,19.590576070379754,0,0,0,2,0.2
2409501001,6.075583523027589,0,0,24,51,9.899999999999999,13.30957649237344,0,0,2,3,0.7,6.075583523027589,0,0,9,13,3.0999999999999996,12.27336376195742,0,0,1,1,0.3,14.398705736518501,0,0,2,2,0.6
2409601001,8.21500907706313,0,0,1,5,0.7,40.380429558324664,0,0,0,0,0.0,18.450634138641625,0,0,0,1,0.1,60.5367644592824,0,0,0,0,0.0,57.580075050408624,0,0,0,0,0.0
2409701001,12.863070097596818,0,0,2,19,2.3000000000000003,32.52360546407854,0,0,0,0,0.0,11.796156309745143,0,0,1,3,0.5,31.559871000243227,0,0,0,0,0.0,33.90412437306458,0,0,0,0,0.0
2409801001,0.0,1,1,5,43,6.0,28.21720645713727,0,0,0,3,0.30000000000000004,11.104044054212693,0,0,1,13,1.5000000000000002,29.797351715198307,0,0,0,1,0.1,26.522084857430016,0,0,0,2,0.2
2409901001,10.842231855496141,0,0,3,15,2.1,39.08060531697622,0,0,0,0,0.0,12.982630340072138,0,0,1,3,0.5,38.65392755925258,0,0,0,0,0.0,41.01135592353737,0,0,0,0,0.0
2410001001,6.005914175602316,0,0,22,41,8.5,9.582085428118477,0,0,3,3,0.8999999999999999,10.873589945921895,0,0,6,10,2.1999999999999997,16.245335677984343,0,0,0,1,0.1,10.273314303253867,0,0,2,2,0.6
2410101001,12.512323644973751,0,0,2,16,2.0,15.692898578658367,0,0,0,1,0.1,15.692898578658367,0,0,0,4,0.4,43.69725627472393,0,0,0,0,0.0,36.2567021222393,0,0,0,0,0.0
2410201001,8.29931126372318,0,0,10,42,6.2,11.652380771910522,0,0,1,4,0.6000000000000001,9.812339592738937,0,0,3,12,1.7999999999999998,25.315356102470854,0,0,0,1,0.1,14.59217130401289,0,0,1,2,0.4
2410301001,11.813162683140582,0,0,1,14,1.6,32.486329305013356,0,0,0,0,0.0,16.63808431480211,0,0,0,4,0.4,28.768474749574533,0,0,0,1,0.1,32.8805328076586,0,0,0,0,0.0
2410401001,10.050422527926397,0,0,4,55,6.300000000000001,24.97133518721154,0,0,0,3,0.30000000000000004,10.508772243504072,0,0,1,16,1.8,27.89003261735693,0,0,0,1,0.1,26.172455677348637,0,0,0,2,0.2
2410501001,0.0,1,2,38,60,14.599999999999998,7.836350490875106,0,0,3,3,0.8999999999999999,8.06165973860893,0,0,11,17,3.9,7.3447365901053585,0,0,1,1,0.3,9.34080219008019,0,0,2,2,0.6
2410601001,10.524021715105325,0,0,1,3,0.5,41.5164432208384,0,0,0,0,0.0,32.70146523874886,0,0,0,0,0.0,74.88936368112903,0,0,0,0,0.0,72.06385943420331,0,0,0,0,0.0
2410701001,8.502713723721554,0,0,4,25,3.3,29.715722639592265,0,0,0,1,0.1,5.482728774891742,0,0,1,6,0.8,28.847432998263727,0,0,0,1,0.1,31.196608501536723,0,0,0,0,0.0
2410801001,4.053130784004154,0,2,7,26,4.6000000000000005,18.209956803300248,0,0,0,2,0.2,2.5421693199114905,0,2,3,6,1.8,18.380778232377327,0,0,0,1,0.1,44.35669095896929,0,0,0,0,0.0
2410901001,0.0,1,1,7,21,4.2,10.038960349662442,0,0,1,2,0.4,7.597585828995583,0,0,2,6,1.0,38.858828742309136,0,0,0,0,0.0,30.78242816755488,0,0,0,0,0.0
2411001001,0.0,1,1,8,25,4.800000000000001,19.075307867363094,0,0,0,2,0.2,14.270174178618706,0,0,2,6,1.0,30.503661657031508,0,0,0,0,0.0,23.81927518839599,0,0,0,1,0.1
2411201001,12.898860815651066,0,0,3,17,2.3,27.620489162804443,0,0,0,1,0.1,12.898860815651066,0,0,1,4,0.6000000000000001,34.015808535212265,0,0,0,0,0.0,32.011309534023596,0,0,0,0,0.0
2411301001,0.0,1,1,10,28,5.5,32.505464699265616,0,0,0,0,0.0,8.388131318766291,0,0,2,6,1.0,32.08768501405548,0,0,0,0,0.0,33.96085232906199,0,0,0,0,0.0
2411401001,0.0,1,1,5,12,2.9000000000000004,32.92092152248751,0,0,0,0,0.0,0.0,1,1,2,2,1.3,35.62916036633901,0,0,0,0,0.0,32.72353233345551,0,0,0,0,0.0
2411401002,0.0,1,1,6,12,3.1,33.77959680889094,0,0,0,0,0.0,7.430578793392909,0,0,2,3,0.7,36.12509808108828,0,0,0,0,0.0,32.95940069761346,0,0,0,0,0.0
2411401003,5.406562850911229,0,0,7,44,5.800000000000001,27.559301879862414,0,0,0,3,0.30000000000000004,5.406562850911229,0,0,2,14,1.8000000000000003,29.91060967463993,0,0,0,1,0.1,26.75549892150776,0,0,0,2,0.2
2411501001,0.13912556227592726,9,15,24,44,17.299999999999997,0.47261110482985885,2,2,2,3,2.1,0.38481092288716356,2,4,6,12,4.4,5.336178111161218,0,0,1,1,0.3,1.679282381361996,0,1,2,2,0.8999999999999999
2411501002,0.0,9,15,24,44,17.299999999999997,0.5531185717701055,2,2,2,3,2.1,0.2473319265212242,2,4,6,12,4.4,5.44906388753129,0,0,1,1,0.3,1.81648885736999,0,1,2,2,0.8999999999999999
2411501003,0.0,5,15,26,44,16.1,1.3253507362724506,0,2,3,3,1.5,0.614460610200873,1,4,6,12,4.0,6.2350628639875785,0,0,1,1,0.3,2.5756806987374916,0,1,2,2,0.8999999999999999
2411501004,0.0,5,15,24,44,15.7,1.0279968493658282,0,2,2,3,1.3,0.3192572257180637,1,4,6,12,4.0,5.9401414084812005,0,0,1,1,0.3,2.2858916478143447,0,1,2,2,0.8999999999999999
2411501005,0.2473319265212242,8,15,24,44,16.9,0.7111863159490903,1,2,2,3,1.7000000000000002,0.0,2,4,6,12,4.4,5.622597985529205,0,0,1,1,0.3,2.0637052422555398,0,1,2,2,0.8999999999999999
2411501006,2.649570107063908,0,12,29,45,13.899999999999999,3.245931454223585,0,2,3,3,1.5,3.057937040502825,0,4,9,12,4.2,6.9118618321665535,0,0,1,1,0.3,2.649570107063908,0,1,2,2,0.8999999999999999
2411501007,0.2883437452508553,7,15,26,44,16.900000000000002,0.8240820819021698,1,2,3,3,1.9000000000000001,0.36023025690093935,2,4,6,12,4.4,5.679699188041705,0,0,1,1,0.3,1.8771040493291693,0,1,2,2,0.8999999999999999
2411501008,0.0,4,15,24,44,15.299999999999999,0.5081686218368076,2,2,2,3,2.1,0.5081686218368076,2,4,6,12,4.4,5.072950632391038,0,0,1,1,0.3,1.2872812106183689,0,1,2,2,0.8999999999999999
2411501009,0.29034883761808233,5,15,26,44,16.1,0.737838186921342,2,2,3,3,2.3,0.7298024022444864,2,4,6,12,4.4,5.343317407983647,0,0,1,1,0.3,1.4077349447724294,0,1,2,2,0.8999999999999999
2411501010,1.0471082942149206,0,15,26,44,14.100000000000001,1.7619608416543158,0,2,3,3,1.5,1.2495729836007365,0,4,6,12,3.6,6.469414012164193,0,0,1,1,0.3,2.3222637115820506,0,1,2,2,0.8999999999999999
2411501011,0.5546129188368283,7,15,24,44,16.5,0.8894730318359748,1,2,2,3,1.7000000000000002,0.6950863011041407,2,4,6,12,4.4,5.49628328493497,0,0,1,1,0.3,2.4757571679946593,0,1,2,2,0.8999999999999999
2411501012,0.20303580818334974,7,15,26,44,16.900000000000002,0.9167070280617315,1,2,3,3,1.9000000000000001,0.27209675116922144,2,4,6,12,4.4,5.817360087420398,0,0,1,1,0.3,2.0902705457148922,0,1,2,2,0.8999999999999999
2411502001,0.0,4,16,26,44,16.0,0.5109987952990681,2,2,2,3,2.1,0.589928031531796,2,5,6,12,4.699999999999999,4.710250484357664,0,1,1,1,0.6,1.0072657075110296,0,1,2,2,0.8999999999999999
2411502002,0.35055770558168814,7,15,26,44,16.900000000000002,0.36430467259293675,2,2,2,3,2.1,0.36430467259293675,3,4,6,12,4.800000000000001,5.102606874601846,0,0,1,1,0.3,1.9552852317997598,0,1,2,2,0.8999999999999999
2411502003,0.2682135864727866,5,16,26,44,16.4,0.5326558763754755,2,2,2,3,2.1,0.5381016055329839,3,5,6,12,5.1,4.695012197141709,0,1,1,1,0.6,1.939961404688753,0,1,2,2,0.8999999999999999
2411502004,0.0,4,16,27,44,16.2,0.5280754206153614,2,2,2,3,2.1,0.37888505208719797,3,5,6,12,5.1,4.399789621478538,0,1,1,1,0.6,1.8461281203694193,0,1,2,2,0.8999999999999999
2411502005,0.37888505208719797,5,16,27,44,16.599999999999998,0.379200786005624,2,2,2,3,2.1,0.0,3,5,6,12,5.1,4.221911108282993,0,1,1,1,0.6,1.486345574387711,0,1,2,2,0.8999999999999999
2411502006,0.24313110100750934,6,16,26,44,16.8,0.37185348408693264,2,2,2,3,2.1,0.37185348408693264,4,5,6,12,5.5,4.891660492607462,0,1,1,1,0.6,1.906870194432236,0,1,2,2,0.8999999999999999
2411502007,0.2955602190375056,7,16,26,44,17.2,0.2392886320379135,2,2,2,3,2.1,0.31544569846378756,3,5,6,12,5.1,4.5274864499252665,0,1,1,1,0.6,1.6225464466569905,0,1,2,2,0.8999999999999999
2411502008,0.27090556086352896,3,17,26,44,15.9,0.8669924363966077,2,2,2,3,2.1,0.6777444985974419,3,5,6,12,5.1,4.868845671130437,0,1,1,1,0.6,2.337110218835337,0,1,2,2,0.8999999999999999
2411502009,0.19235146378314508,6,16,26,44,16.8,0.17964147847260678,2,2,2,3,2.1,0.19235146378314508,3,5,6,12,5.1,4.74414962291101,0,1,1,1,0.6,1.4305389006249118,0,1,2,2,0.8999999999999999
2411502010,0.344203619277295,7,16,26,44,17.2,0.0,2,2,2,3,2.1,0.344203619277295,3,5,6,12,5.1,4.570777996136756,0,1,1,1,0.6,1.4109419416374747,0,1,2,2,0.8999999999999999
2411502011,0.5266277681206233,5,16,27,44,16.599999999999998,0.6176636439812125,2,2,2,3,2.1,0.6058805328792813,2,5,6,12,4.699999999999999,4.183948249386179,0,1,1,1,0.6,0.8813560732589938,1,1,2,2,1.3
2411502012,0.4516967707255785,4,17,26,44,16.3,0.916632911215759,2,2,2,3,2.1,0.4213142803240794,3,5,6,12,5.1,4.614517431509195,0,1,1,1,0.6,2.2899431771426193,0,1,2,2,0.8999999999999999
2411502013,0.0,4,16,26,44,16.0,0.6119657055286424,2,2,2,3,2.1,0.6119657055286424,4,5,6,12,5.5,4.942296438030814,0,1,1,1,0.6,2.140398954634348,0,1,2,2,0.8999999999999999
2411502014,0.0,6,16,26,44,16.8,0.0,2,2,2,3,2.1,0.0,3,5,6,12,5.1,4.912147269882337,0,1,1,1,0.6,1.5909817882104635,0,1,2,2,0.8999999999999999
2411502015,0.0,3,16,27,44,15.8,0.9232907715877854,1,2,2,3,1.7000000000000002,0.42291562495239793,2,5,6,12,4.699999999999999,3.8489238553483696,0,1,1,1,0.6,1.8950554509567379,0,1,2,2,0.8999999999999999
2411502016,0.537941635746299,2,16,27,44,15.399999999999999,1.0819469535739608,0,2,2,3,1.3,0.7281504703391389,2,5,6,12,4.699999999999999,3.4942313017024658,0,1,1,1,0.6,1.5711476339522061,0,1,2,2,0.8999999999999999
2411502017,0.7846258206988069,3,16,27,44,15.8,0.8530257297737326,1,2,2,3,1.7000000000000002,0.6104877795360617,1,5,6,12,4.3,3.7656437716835915,0,1,1,1,0.6,1.1482737458766696,0,1,2,2,0.8999999999999999
2411503001,0.5487158765896594,1,17,27,44,15.3,1.8057757651113062,0,2,2,3,1.3,0.8596211599662452,1,5,6,12,4.3,4.016071958202795,0,1,1,1,0.6,2.951862809314431,0,1,2,2,0.8999999999999999
2411503002,0.42291562495239793,4,17,27,44,16.5,0.9461546063989946,1,2,2,3,1.7000000000000002,0.0,2,5,6,12,4.699999999999999,4.193236231630467,0,1,1,1,0.6,2.167934202146723,0,1,2,2,0.8999999999999999
2411503003,0.0,3,17,27,44,16.1,1.7740205474790438,0,2,2,3,1.3,0.9179479477098031,1,5,6,12,4.3,3.4984139718851446,0,1,1,1,0.6,2.6960351248969427,0,1,2,2,0.8999999999999999
2411503004,0.0,3,17,26,44,15.9,2.663669902265997,0,2,2,3,1.3,1.8736471257324419,0,5,6,12,3.9,2.7774310199783705,0,1,1,1,0.6,3.331148112671196,0,1,2,2,0.8999999999999999
2411503005,0.6153854781421167,2,17,26,44,15.5,2.473817361990835,0,2,2,3,1.3,1.5737041534726328,0,5,6,12,3.9,3.3928153666979513,0,1,1,1,0.6,3.3842567131571637,0,1,2,2,0.8999999999999999
2411503006,0.31323445181566173,2,17,27,44,15.7,1.4862321612008416,0,2,2,3,1.3,0.7042425757280756,1,5,6,12,4.3,3.5403808907666208,0,1,1,1,0.6,2.3855153636756694,0,1,2,2,0.8999999999999999
2411503007,4.247690835688646,0,3,26,44,10.5,6.781902172318096,0,0,2,3,0.7,5.016209159867801,0,0,7,12,2.6,5.016209159867801,0,0,1,1,0.3,7.578389402700714,0,0,1,2,0.4
2411504001,2.2567023642849344,0,16,24,46,14.2,3.0078505162347775,0,2,2,3,1.3,2.5588385564461738,0,4,6,12,3.6,7.272286217382709,0,0,1,1,0.3,4.57624667657236,0,1,2,2,0.8999999999999999
2411504002,0.0,1,3,25,46,10.9,5.651782242753187,0,0,2,3,0.7,4.867342886506547,0,1,6,12,2.7,7.231560049508892,0,0,1,1,0.3,7.029911489401424,0,0,1,2,0.4
2411505001,0.8274089165459939,1,16,27,44,15.0,1.8616256573593282,0,2,2,3,1.3,1.5240119224954802,0,5,6,12,3.9,2.7114063314640013,0,1,1,1,0.6,1.9064295539751877,0,1,2,2,0.8999999999999999
2411505002,1.12779081217336,0,14,26,45,13.9,3.922316558496219,0,2,2,3,1.3,1.12779081217336,0,5,6,12,3.9,1.12779081217336,0,1,1,1,0.6,3.4257398596553412,0,1,2,2,0.8999999999999999
2411505003,1.8160833927307993,0,17,27,45,15.0,2.9250239164445357,0,2,2,3,1.3,2.788706975854775,0,5,6,12,3.9,3.160280587952788,0,1,1,1,0.6,1.8160833927307993,0,1,2,2,0.8999999999999999
2411505004,0.0,1,16,29,44,15.4,1.4109419416374747,0,2,3,3,1.5,1.486345574387711,0,5,6,12,3.9,4.344075086728279,0,1,1,1,0.6,0.0,1,1,2,2,1.3
2411505005,3.3754387683328937,0,5,33,45,12.600000000000001,4.7847814605779435,0,2,3,3,1.5,4.8410401928556475,0,2,9,12,3.5999999999999996,5.643950389608413,0,0,1,1,0.3,3.3754387683328937,0,1,2,2,0.8999999999999999
2411505006,0.0,2,16,26,44,15.200000000000001,2.272490602478768,0,2,2,3,1.3,1.7068781563885103,0,5,6,12,3.9,2.5083754195082686,0,1,1,1,0.6,2.671034858075795,0,1,2,2,0.8999999999999999
2411505007,0.0,1,11,27,45,13.600000000000001,4.570777996136756,0,2,2,3,1.3,0.0,1,4,7,12,4.199999999999999,0.0,1,1,1,1,1.0,4.344075086728279,0,1,2,2,0.8999999999999999
2411506001,9.795791775452276,0,0,17,43,7.699999999999999,10.998590924878487,0,0,2,3,0.7,10.355460544121112,0,0,4,11,1.9,15.529153836149694,0,0,0,1,0.1,12.365275941567218,0,0,1,2,0.4
2411601001,0.0,1,1,1,2,1.1,41.5343636585451,0,0,0,0,0.0,40.82334631719865,0,0,0,0,0.0,83.0441605381706,0,0,0,0,0.0,80.36998374074243,0,0,0,0,0.0
2411701001,6.695539446733574,0,0,4,31,3.9000000000000004,19.669839736698655,0,0,0,1,0.1,20.320261364297195,0,0,0,9,0.9,40.70790191757398,0,0,0,0,0.0,51.21792854764567,0,0,0,0,0.0
2411801001,6.3450313184128495,0,0,6,12,2.4,13.954882425166167,0,0,1,1,0.3,8.809002490497958,0,0,1,3,0.5,49.05815399516766,0,0,0,0,0.0,47.37531527626119,0,0,0,0,0.0
2411901001,4.167921710564698,0,1,25,42,9.5,9.775962271068243,0,0,2,3,0.7,8.906636801418404,0,0,7,11,2.5,10.278338685703295,0,0,1,1,0.3,11.070101102261235,0,0,1,2,0.4
2412001001,8.0375884910537,0,0,2,14,1.8000000000000003,15.42400010507987,0,0,0,1,0.1,15.561687826739313,0,0,0,3,0.30000000000000004,59.39739408163868,0,0,0,0,0.0,57.30367028279577,0,0,0,0,0.0
2412101001,0.0,1,1,2,6,1.7000000000000002,44.02028220619302,0,0,0,0,0.0,13.952333369092644,0,0,1,1,0.3,54.38580274509094,0,0,0,0,0.0,51.30587890462512,0,0,0,0,0.0
2412201001,0.0,1,1,5,31,4.800000000000001,20.926383447948805,0,0,0,2,0.2,0.0,1,1,1,8,1.7000000000000002,20.34242802859032,0,0,0,1,0.1,22.138950419647873,0,0,0,1,0.1
2412301001,13.291891382438063,0,0,2,21,2.5,22.784533774942027,0,0,0,2,0.2,13.291891382438063,0,0,1,4,0.6000000000000001,23.534357344439943,0,0,0,1,0.1,35.97870320018682,0,0,0,0,0.0
2412401001,5.450555221576703,0,0,4,33,4.1000000000000005,27.091947402953025,0,0,0,1,0.1,12.897379361648706,0,0,2,8,1.2000000000000002,32.82821373775085,0,0,0,0,0.0,50.471812573562985,0,0,0,0,0.0
2412501001,0.0,1,1,4,20,3.5,22.20249639196324,0,0,0,2,0.2,14.459031010668404,0,0,2,6,1.0,21.620164722451083,0,0,0,1,0.1,52.90981750690804,0,0,0,0,0.0
2412701001,3.827269079148781,0,2,7,31,5.1000000000000005,24.563445622151466,0,0,0,2,0.2,5.378789645895307,0,0,3,7,1.2999999999999998,24.998332046250685,0,0,0,1,0.1,41.39688511186765,0,0,0,0,0.0
2412901001,8.854413518789954,0,0,3,9,1.5,32.87914544076876,0,0,0,0,0.0,8.854413518789954,0,0,1,2,0.4,50.61288047485214,0,0,0,0,0.0,47.84390561637404,0,0,0,0,0.0
2413001001,0.0,1,1,1,13,2.2,24.248204676120725,0,0,0,1,0.1,23.415307053743092,0,0,0,3,0.30000000000000004,62.44961992163371,0,0,0,0,0.0,60.01469322761519,0,0,0,0,0.0
2413101001,7.532826639953808,0,0,12,26,5.0,12.048156511257591,0,0,2,2,0.6,7.981226236481226,0,0,4,7,1.5,12.315312227531386,0,0,1,1,0.3,42.28652376169551,0,0,0,0,0.0
2413201001,0.0,1,1,2,10,2.1,28.690010322639544,0,0,0,1,0.1,25.422126679608144,0,0,0,3,0.30000000000000004,39.6394260977909,0,0,0,0,0.0,43.156572224591535,0,0,0,0,0.0
2413301001,8.518707626661161,0,0,7,55,6.9,18.4658428146076,0,0,0,3,0.30000000000000004,14.690128563245423,0,0,1,15,1.7000000000000002,21.51705631376872,0,0,0,1,0.1,19.466901961425478,0,0,0,2,0.2
2413401001,1.048127975582213,0,2,7,48,6.800000000000001,23.07452943441061,0,0,0,3,0.30000000000000004,1.048127975582213,0,1,2,14,2.1,25.44489195539858,0,0,0,1,0.1,22.307910658570616,0,0,0,2,0.2
2413401002,1.0954786461240433,0,2,7,49,6.9,22.543811101119747,0,0,0,3,0.30000000000000004,1.0954786461240433,0,1,2,14,2.1,24.877209130940294,0,0,0,1,0.1,21.72351487742001,0,0,0,2,0.2
2413401003,0.0,2,2,7,50,7.8,22.20183868887712,0,0,0,3,0.30000000000000004,0.0,1,1,2,14,2.5,24.621195322838634,0,0,0,1,0.1,21.512902230063837,0,0,0,2,0.2
2413601001,9.48640815056015,0,0,7,32,4.6,26.67513031812534,0,0,0,1,0.1,13.69169542811244,0,0,3,8,1.4,34.418643722142505,0,0,0,0,0.0,45.30380287585922,0,0,0,0,0.0
2413701001,0.0,1,1,4,11,2.6,25.513862367618476,0,0,0,1,0.1,8.66842192200612,0,0,2,3,0.7,43.0858305240404,0,0,0,0,0.0,40.794845993829384,0,0,0,0,0.0
2413901001,10.552053904368863,0,0,2,8,1.2000000000000002,43.583233045447294,0,0,0,0,0.0,0.0,1,1,1,2,1.1,52.4777451225531,0,0,0,0,0.0,53.55857470285954,0,0,0,0,0.0
2413901002,0.0,2,2,2,9,2.7,51.89089365570336,0,0,0,0,0.0,10.552053904368863,0,0,1,2,0.4,50.858396484031864,0,0,0,0,0.0,52.47635222324569,0,0,0,0,0.0
2414101001,9.421791820006685,0,0,12,30,5.3999999999999995,14.755219504857125,0,0,1,1,0.3,16.16685636811513,0,0,0,9,0.9,46.17508282166017,0,0,0,0,0.0,53.896946056806385,0,0,0,0,0.0
2414201001,1.5422502345773972,0,14,42,59,18.5,3.6630167554630515,0,1,3,3,1.2,1.5422502345773972,0,5,11,16,5.3,6.397538574634419,0,0,1,1,0.3,5.009754331203399,0,0,2,2,0.6
2414201002,0.0,1,20,40,59,20.299999999999997,2.9292609111213506,0,3,3,3,1.7999999999999998,0.0,1,9,11,16,6.8999999999999995,5.952743226412997,0,0,1,1,0.3,4.117916697476475,0,1,2,2,0.8999999999999999
2414201003,3.758789560814467,0,1,41,58,14.3,9.015855285337361,0,0,3,3,0.8999999999999999,6.110042894090113,0,0,11,17,3.9,11.961741255083775,0,0,1,1,0.3,10.225862002911525,0,0,2,2,0.6
2414202001,0.0,1,29,38,58,22.5,1.1734639076769093,0,3,3,3,1.7999999999999998,1.1734305810133838,0,11,11,16,7.1,3.534565398235193,0,1,1,1,0.6,2.465962004475754,0,2,2,2,1.2
2414202002,1.2267216281144877,0,26,40,60,21.8,1.8649923217327888,0,3,3,3,1.7999999999999998,1.4347868554934153,0,11,11,16,7.1,4.69927523061142,0,1,1,1,0.6,3.215721922130313,0,2,2,2,1.2
2414202003,0.4398166427058192,3,31,40,57,24.2,0.4409035440395835,1,3,3,3,2.2,0.9963705292108143,1,11,11,15,7.4,3.4794783335435433,0,1,1,1,0.6,1.761555158649524,0,2,2,2,1.2
2414202004,0.6895054131330889,5,33,38,59,25.400000000000002,0.502124593364958,1,3,3,3,2.2,0.6895054131330889,1,11,11,16,7.5,2.9795634176912014,0,1,1,1,0.6,1.7015495059256782,0,2,2,2,1.2
2414202005,0.5859532188113795,1,27,40,60,22.5,1.3828412509726524,0,3,3,3,1.7999999999999998,1.7058856812592071,0,11,11,16,7.1,4.072668120457453,0,1,1,1,0.6,2.7496738495704918,0,2,2,2,1.2
2414202006,0.6266248432907304,3,33,40,59,25.0,0.41864100416114663,1,3,3,3,2.2,1.1022251762376687,0,11,11,16,7.1,3.336470424566587,0,1,1,1,0.6,1.786125516711394,0,2,2,2,1.2
2414202007,0.583741100493143,5,32,38,59,25.1,0.5941677325742891,1,3,3,3,2.2,0.9847279336779907,1,11,11,16,7.5,3.2997801823511055,0,1,1,1,0.6,1.9284988709686643,0,2,2,2,1.2
2414202008,0.0,1,25,38,59,21.4,2.2390906622254634,0,3,3,3,1.7999999999999998,2.0886482327085907,0,11,11,17,7.199999999999999,4.324765788712264,0,1,1,1,0.6,3.533460528730506,0,1,2,2,0.8999999999999999
2414202009,0.4389871329002518,3,32,38,59,24.3,0.7282390572187869,1,3,3,3,2.2,0.4389871329002518,1,11,11,16,7.5,2.785882667349093,0,1,1,1,0.6,1.7495608503812703,0,2,2,2,1.2
2414202010,1.1980164518535643,0,16,42,60,19.2,3.2197204768780794,0,3,3,3,1.7999999999999998,1.7113062692312937,0,8,11,17,6.299999999999999,5.522624744044028,0,0,1,1,0.3,4.57536668345808,0,1,2,2,0.8999999999999999
2414202011,0.5615035803826743,5,33,38,57,25.2,0.1802602090273179,1,3,3,3,2.2,0.9454529777318151,1,11,11,15,7.4,3.088397799980266,0,1,1,1,0.6,1.5215279648369053,0,2,2,2,1.2
2414202012,0.7618354522732518,3,31,40,59,24.4,0.7258993500349779,1,3,3,3,2.2,1.2643108605611282,0,11,11,16,7.1,3.6777679565125707,0,1,1,1,0.6,2.081181678861507,0,2,2,2,1.2
2414202013,0.7772159483796383,1,29,40,60,23.1,1.0506030428679725,0,3,3,3,1.7999999999999998,1.4862466258098501,0,11,11,16,7.1,3.9604503523129893,0,1,1,1,0.6,2.404744938846782,0,2,2,2,1.2
2414203001,0.2675358850130799,3,31,40,57,24.2,0.5001401684816501,1,3,3,3,2.2,0.7674832793089681,1,11,11,15,7.4,3.547710720862522,0,1,1,1,0.6,1.6853501952092393,0,2,2,2,1.2
2414203002,0.40927616012395296,3,30,40,57,23.9,0.71543783776475,1,3,3,3,2.2,0.7196966470295312,1,11,11,15,7.4,3.758500021839748,0,1,1,1,0.6,1.839600400602182,0,2,2,2,1.2
2414203003,0.8630718099636983,2,30,40,57,23.5,1.202996933906547,0,3,3,3,1.7999999999999998,0.868497206189057,1,11,11,15,7.4,4.242816227168398,0,1,1,1,0.6,2.2463706463647757,0,2,2,2,1.2
2414301001,5.183234906243426,0,0,26,45,9.7,13.797476411091932,0,0,2,3,0.7,9.95929552278957,0,0,8,11,2.7,11.071888768640935,0,0,1,1,0.3,12.311588392598669,0,0,2,2,0.6
2414401001,5.486659568112818,0,0,14,28,5.6000000000000005,13.837139106379663,0,0,2,2,0.6,5.486659568112818,0,0,6,7,1.9,14.608955778580697,0,0,1,1,0.3,36.3126438242279,0,0,0,0,0.0
2414501001,12.207640831620283,0,0,1,10,1.2,25.16399627805051,0,0,0,1,0.1,25.16399627805051,0,0,0,3,0.30000000000000004,58.36941717703223,0,0,0,0,0.0,56.061636010983406,0,0,0,0,0.0
2414601001,7.706774834064429,0,0,4,26,3.4000000000000004,28.055183132114635,0,0,0,1,0.1,16.81139713900287,0,0,0,7,0.7000000000000001,34.355443722484935,0,0,0,0,0.0,57.71520142920378,0,0,0,0,0.0
2414801001,0.0,1,4,8,24,5.6,3.418144588627507,0,2,2,2,1.2,3.0817313621265807,0,1,3,7,1.6,4.585522566226029,0,1,1,1,0.6,39.82136940621596,0,0,0,0,0.0
2414801002,1.1424746037470217,0,4,9,23,5.3,4.1647216753463425,0,2,2,2,1.2,4.0835795227940626,0,1,3,7,1.6,5.4102155066976385,0,0,1,1,0.3,38.81080907344342,0,0,0,0,0.0
2414901001,5.492070593219886,0,0,7,24,3.8000000000000003,33.08203175313034,0,0,0,0,0.0,6.040896449905273,0,0,1,7,0.9000000000000001,32.4645809423844,0,0,0,0,0.0,34.60364289056392,0,0,0,0,0.0
2415001001,5.870417155380497,0,0,12,66,9.0,23.008648627001428,0,0,0,5,0.5,7.777365418771886,0,0,2,19,2.3000000000000003,22.913127036000827,0,0,0,2,0.2,24.25846998863061,0,0,0,2,0.2
2415101001,7.951218975096694,0,0,2,52,5.6,21.419512017756226,0,0,0,3,0.30000000000000004,18.394870930010665,0,0,0,16,1.6,22.46364274218594,0,0,0,1,0.1,19.63432307370796,0,0,0,2,0.2
2415201001,10.602503785786903,0,0,2,29,3.3000000000000003,18.833477453403386,0,0,0,5,0.5,19.830179596848016,0,0,0,7,0.7000000000000001,18.17431627962965,0,0,0,1,0.1,23.931962751407465,0,0,0,2,0.2
2415301001,11.869096688519573,0,0,1,13,1.5000000000000002,33.13415684785365,0,0,0,0,0.0,16.2836826010726,0,0,0,3,0.30000000000000004,32.116946196661054,0,0,0,0,0.0,34.37672069192124,0,0,0,0,0.0
2415401001,0.0,1,2,6,27,4.9,26.602329469555393,0,0,0,2,0.2,7.354192303003509,0,0,2,7,1.1,26.69899892657915,0,0,0,1,0.1,48.56969920936594,0,0,0,0,0.0
2415501001,4.215962959269513,0,1,12,28,5.5,14.67498886735797,0,0,2,2,0.6,6.114838192561305,0,0,5,7,1.7,15.181701641541293,0,0,0,1,0.1,39.56173537895547,0,0,0,0,0.0
2415601001,8.914458592625683,0,0,2,8,1.2000000000000002,37.17184271843373,0,0,0,0,0.0,17.03957683063521,0,0,0,3,0.30000000000000004,36.286291817638684,0,0,0,0,0.0,37.029123966901544,0,0,0,0,0.0
2415701001,0.0,1,3,12,39,7.6000000000000005,28.009891203643335,0,0,0,2,0.2,0.0,1,1,4,9,2.4,28.850830286185687,0,0,0,1,0.1,31.93957811123638,0,0,0,0,0.0
2415701002,0.0,1,3,10,49,8.200000000000001,27.650070092044533,0,0,0,4,0.4,1.69027108641031,0,1,2,12,1.9,28.546052503952378,0,0,0,2,0.2,30.310031618895785,0,0,0,0,0.0
2415801001,5.586357017107347,0,0,3,53,5.9,25.3761644896525,0,0,0,3,0.30000000000000004,16.190053106864408,0,0,0,15,1.5,28.423693944559748,0,0,0,1,0.1,26.389246701508913,0,0,0,2,0.2
2415901001,0.0,1,2,12,63,9.7,18.11886676287104,0,0,0,5,0.5,4.80455643345805,0,1,3,18,2.7,19.375498808246583,0,0,0,2,0.2,25.151926275021182,0,0,0,2,0.2
2416001001,5.720314622884059,0,0,3,47,5.300000000000001,23.91246558853045,0,0,0,3,0.30000000000000004,5.720314622884059,0,0,1,13,1.5000000000000002,22.876189887981667,0,0,0,1,0.1,24.870105448176844,0,0,0,2,0.2
2416101001,7.5098467487918485,0,0,4,20,2.8,7.5098467487918485,0,0,2,2,0.6,6.895717952988649,0,0,1,6,0.8,6.433812085516329,0,0,1,1,0.3,40.246452268804504,0,0,0,0,0.0
2416201001,0.0,1,5,41,59,16.0,6.478173995899698,0,0,3,3,0.8999999999999999,5.153873408865861,0,0,11,18,4.0,6.50890304610257,0,0,1,1,0.3,7.713023844358108,0,0,2,2,0.6
2416301001,0.0,1,1,38,57,14.0,7.797560540823765,0,0,3,3,0.8999999999999999,5.10548938310451,0,0,11,16,3.8,10.837606881332517,0,0,1,1,0.3,8.668104594818805,0,0,2,2,0.6
2416301002,5.21458282588882,0,0,40,55,13.5,8.834870391704918,0,0,3,3,0.8999999999999999,7.515992470060863,0,0,12,15,3.8999999999999995,11.27551083026384,0,0,1,1,0.3,8.291059303649478,0,0,2,2,0.6
2416301003,2.836355192731155,0,11,40,56,16.9,5.479646765781585,0,0,3,3,0.8999999999999999,4.287179208286646,0,2,11,16,4.3999999999999995,8.082501521059037,0,0,1,1,0.3,5.389731093289499,0,0,2,2,0.6
2416301004,2.7591369423992336,0,9,40,57,16.4,5.060096424771263,0,0,3,3,0.8999999999999999,2.7591369423992336,0,2,11,16,4.3999999999999995,8.054175907519316,0,0,1,1,0.3,5.827897557329084,0,0,2,2,0.6
2416401001,14.732118534003547,0,0,1,8,1.0,32.6646404108802,0,0,0,0,0.0,16.658181865151402,0,0,0,2,0.2,47.591620984696,0,0,0,0,0.0,45.23191359054498,0,0,0,0,0.0
2416501001,6.153300686192355,0,0,7,32,4.6,22.77206656601689,0,0,0,2,0.2,11.073895673132204,0,0,2,8,1.2000000000000002,19.52088013212493,0,0,0,1,0.1,23.344796826980616,0,0,0,1,0.1
2416601001,0.0,1,2,10,29,5.9,18.890949553910353,0,0,0,2,0.2,3.572711992624901,0,2,4,7,2.0999999999999996,19.38775270051949,0,0,0,1,0.1,39.57893279138838,0,0,0,0,0.0
2416701001,0.0,1,1,2,17,2.8,30.74577175593407,0,0,0,0,0.0,16.557779242787213,0,0,0,5,0.5,33.80038888535356,0,0,0,0,0.0,31.70448616816661,0,0,0,0,0.0
2416801001,0.0,1,1,7,28,4.9,28.223740207953863,0,0,0,1,0.1,8.973092584033372,0,0,1,8,1.0,37.85680853635978,0,0,0,0,0.0,40.02177361416572,0,0,0,0,0.0
2416901001,0.0,2,3,15,44,9.1,12.552286090673622,0,0,1,3,0.5,0.0,1,1,4,12,2.7,17.206154430306498,0,0,0,1,0.1,9.669056191516352,0,0,1,2,0.4
2416901002,0.0,1,4,14,47,9.1,13.381972790442715,0,0,1,4,0.6000000000000001,2.3473938702617683,0,1,4,13,2.4,19.552535344661553,0,0,0,1,0.1,11.596650187579735,0,0,1,2,0.4
2416901003,0.0,1,2,9,44,7.2,17.83838936310632,0,0,0,4,0.4,6.119055278742383,0,0,2,13,1.7000000000000002,22.277960179808364,0,0,0,1,0.1,15.787510172185469,0,0,0,2,0.2
2417001001,0.0,1,1,7,37,5.8,10.422312146296138,0,0,1,5,0.7,10.052863829658191,0,0,2,9,1.3,24.603878867436073,0,0,0,2,0.2,17.740458367872204,0,0,0,2,0.2
2417001002,0.0,1,1,7,36,5.7,8.355114008072658,0,0,1,5,0.7,9.234702100139078,0,0,2,9,1.3,24.061566983673618,0,0,0,2,0.2,14.44119813740725,0,0,1,2,0.4
2417101001,6.720968011285614,0,0,7,35,4.9,25.079462121160702,0,0,0,2,0.2,6.720968011285614,0,0,2,10,1.4,20.545703313645394,0,0,0,1,0.1,24.836175632894882,0,0,0,1,0.1
2417201001,18.681655868605567,0,0,0,7,0.7000000000000001,32.42911392039954,0,0,0,0,0.0,32.42911392039954,0,0,0,0,0.0,35.08580800487403,0,0,0,0,0.0,36.073929335668794,0,0,0,0,0.0
2417301001,0.0,1,1,10,61,8.8,17.564309422352935,0,0,0,5,0.5,5.0242919093582925,0,0,3,18,2.4,18.813564126073615,0,0,0,2,0.2,26.219793218243638,0,0,0,2,0.2
2417401001,0.0,1,3,11,50,8.5,24.47895841090029,0,0,0,5,0.5,4.264299911764578,0,1,4,13,2.4,25.404981846481007,0,0,0,2,0.2,29.99671632979576,0,0,0,1,0.1
2417501001,0.0,1,1,38,51,13.4,7.819093965201249,0,0,3,3,0.8999999999999999,6.822978939454514,0,0,12,13,3.6999999999999997,7.854239656889413,0,0,1,1,0.3,6.942777454113779,0,0,2,2,0.6
2417601001,6.499857066370434,0,0,10,31,5.1,25.117038203569304,0,0,0,2,0.2,7.140827081642535,0,0,4,7,1.5,25.703279371219224,0,0,0,1,0.1,38.3027607333316,0,0,0,0,0.0
2417701001,11.935836010081806,0,0,2,10,1.4,44.421104292182825,0,0,0,0,0.0,14.078613529077652,0,0,1,3,0.5,45.82877609900664,0,0,0,0,0.0,42.600956960808155,0,0,0,0,0.0
2417801001,6.638181927644871,0,0,6,19,3.0999999999999996,29.62977644703158,0,0,0,1,0.1,12.455842414392832,0,0,1,5,0.7,45.05947561582643,0,0,0,0,0.0,47.39354944185305,0,0,0,0,0.0
2417901001,6.616188514621116,0,0,3,16,2.2,33.90826285331887,0,0,0,0,0.0,11.396550961976114,0,0,1,4,0.6000000000000001,35.24102920754489,0,0,0,0,0.0,32.0737134171951,0,0,0,0,0.0
2418001001,0.0,1,1,3,31,4.4,28.451573155623066,0,0,0,2,0.2,13.607893263684948,0,0,1,10,1.2,27.775973072420236,0,0,0,1,0.1,28.07280554317191,0,0,0,2,0.2
2418101001,6.965420909013241,0,0,3,23,2.9,20.889909775427206,0,0,0,1,0.1,0.0,1,1,1,6,1.5,56.718420503450226,0,0,0,0,0.0,48.41768720806702,0,0,0,0,0.0
2418101002,6.150397658818901,0,0,3,22,2.8,21.434951983343854,0,0,0,1,0.1,0.865086671855489,1,1,1,6,1.5,55.923203598062514,0,0,0,0,0.0,48.90745927364588,0,0,0,0,0.0
2418201001,7.052294875987773,0,0,9,23,4.1,7.5458486829098765,0,0,2,2,0.6,6.233546934186988,0,0,4,7,1.5,7.504932294714224,0,0,1,1,0.3,44.15491583851453,0,0,0,0,0.0
2418301001,0.0,1,1,7,12,3.3,10.05984216240747,0,0,1,1,0.3,10.90329048785012,0,0,2,3,0.7,55.26192888777332,0,0,0,0,0.0,53.4972654829232,0,0,0,0,0.0
2418401001,8.742684824712944,0,0,2,13,1.7000000000000002,30.289585682634083,0,0,0,0,0.0,19.55774208685029,0,0,0,3,0.30000000000000004,30.931997573634202,0,0,0,0,0.0,39.47501080107768,0,0,0,0,0.0
2418501001,9.637762468845613,0,0,4,17,2.5,9.637762468845613,0,0,2,2,0.6,9.415321468906894,0,0,1,5,0.7,8.387032650401249,0,0,1,1,0.3,37.153495252758226,0,0,0,0,0.0
2418701001,0.0,1,1,8,63,8.6,20.562828032222008,0,0,0,3,0.30000000000000004,11.164007323437861,0,0,1,19,2.1,20.220331340083064,0,0,0,1,0.1,21.98614760146051,0,0,0,2,0.2
2418801001,3.2311061948852897,0,2,4,18,3.2,33.578059605489436,0,0,0,0,0.0,2.970034669560439,0,1,1,4,0.9,32.78030907727836,0,0,0,0,0.0,35.091762119078524,0,0,0,0,0.0
2418801002,0.0,2,2,6,16,4.2,32.95489356254801,0,0,0,0,0.0,5.091159696132521,0,0,1,4,0.6000000000000001,35.5916727082432,0,0,0,0,0.0,37.87933351032084,0,0,0,0,0.0
2418801003,5.091159696132521,0,0,6,20,3.2,31.279641375615903,0,0,0,0,0.0,0.0,1,1,1,4,1.3,30.522650433967893,0,0,0,0,0.0,32.802892228523454,0,0,0,0,0.0
2418901001,7.483021514301225,0,0,43,61,14.700000000000001,9.673608609926392,0,0,3,3,0.8999999999999999,4.878422878621577,0,1,12,17,4.4,11.472420413082304,0,0,1,1,0.3,11.008803936477372,0,0,2,2,0.6
2418901002,2.607996185982418,0,8,41,59,16.5,4.823893353906812,0,1,3,3,1.2,0.0,1,3,11,17,5.199999999999999,6.699463012395302,0,0,1,1,0.3,6.140328136277516,0,0,2,2,0.6
2418901003,2.0618899261813683,0,10,40,59,16.9,4.300662531164544,0,1,3,3,1.2,0.7476427449966285,1,3,11,17,5.199999999999999,5.9920993113538685,0,0,1,1,0.3,5.573836239591493,0,0,2,2,0.6
2418901004,3.106835125045953,0,6,41,59,15.9,5.344902949922894,0,0,3,3,0.8999999999999999,0.6687848599560278,1,2,11,17,4.9,7.000783064983227,0,0,1,1,0.3,6.6288151596035485,0,0,2,2,0.6
2418901005,2.14353637741985,0,10,40,59,16.9,4.360948340810427,0,1,3,3,1.2,0.4645054512429282,1,4,11,17,5.5,6.265063942846144,0,0,1,1,0.3,5.675845871274157,0,0,2,2,0.6
2419001001,14.976247298303166,0,0,1,12,1.4000000000000001,39.04704293798658,0,0,0,0,0.0,18.607436176895483,0,0,0,4,0.4,38.044294023249755,0,0,0,0,0.0,40.34042139711956,0,0,0,0,0.0
2419101001,9.789404523456295,0,0,3,10,1.6,40.00550230449469,0,0,0,0,0.0,20.460003359445825,0,0,0,3,0.30000000000000004,38.970640242522066,0,0,0,0,0.0,41.034340014563675,0,0,0,0,0.0
2419301001,0.0,1,1,3,43,5.6,28.460777854041435,0,0,0,3,0.30000000000000004,13.309488909512508,0,0,1,14,1.6,29.672527130653375,0,0,0,1,0.1,26.630122445372017,0,0,0,2,0.2
2419401001,5.974949588444903,0,0,6,16,2.8,32.94566065904911,0,0,0,0,0.0,12.070459423545442,0,0,2,3,0.7,34.92324352957256,0,0,0,0,0.0,31.6558818614096,0,0,0,0,0.0
2419601001,0.0,1,3,12,43,8.0,18.97695658188417,0,0,0,3,0.30000000000000004,4.980119103166372,0,1,3,11,2.0,16.14205472911871,0,0,0,1,0.1,16.388871353047307,0,0,0,2,0.2
2419601002,7.933480844977198,0,0,4,37,4.5,26.244688925822803,0,0,0,2,0.2,7.933480844977198,0,0,1,9,1.1,22.429292848937884,0,0,0,1,0.1,25.202304471118754,0,0,0,2,0.2
2419701001,4.422345679761382,0,1,33,63,13.2,11.213115448307763,0,0,3,3,0.8999999999999999,11.490363436359084,0,0,11,17,3.9,10.450185438946622,0,0,1,1,0.3,12.732956239395257,0,0,2,2,0.6
2419801001,0.0,1,1,1,15,2.4000000000000004,34.18362343462365,0,0,0,0,0.0,15.673338170653167,0,0,0,4,0.4,29.65504682471531,0,0,0,1,0.1,33.94589899252834,0,0,0,0,0.0
2419901001,6.949178785409168,0,0,3,33,3.9,29.76835815437079,0,0,0,1,0.1,12.168944117956496,0,0,1,10,1.2,30.690874059958116,0,0,0,0,0.0,28.02613833200062,0,0,0,2,0.2
2420101001,10.129879197911805,0,0,5,50,6.0,17.235600609135588,0,0,0,3,0.30000000000000004,16.45646725384043,0,0,0,15,1.5,17.698477954635553,0,0,0,1,0.1,15.80527359269779,0,0,0,2,0.2
2420201001,0.2752037682511997,2,3,7,12,4.3,0.46473778579313035,1,1,1,1,1.0,0.46473778579313035,1,2,2,2,1.6,48.921185752823696,0,0,0,0,0.0,40.12242778104423,0,0,0,0,0.0
2420201002,0.4399488935720295,2,3,7,12,4.3,0.0,1,1,1,1,1.0,0.0,1,2,2,2,1.6,48.667288228973995,0,0,0,0,0.0,39.93995006556447,0,0,0,0,0.0
2420201003,1.018059327413275,0,3,7,12,3.5,0.6276622761923986,1,1,1,1,1.0,0.6276622761923986,1,2,2,2,1.6,48.326231809552134,0,0,0,0,0.0,39.69737498757442,0,0,0,0,0.0
2420201004,0.5421110673949725,2,3,7,12,4.3,0.24952392640800686,1,1,1,1,1.0,0.24952392640800686,1,2,2,2,1.6,48.42359879591337,0,0,0,0,0.0,39.7094616526471,0,0,0,0,0.0
2420201005,0.0,1,5,6,11,4.199999999999999,2.891269806637734,0,1,1,1,0.6,2.4844095819625864,0,2,2,2,1.2,48.85034743958884,0,0,0,0,0.0,40.63990248323799,0,0,0,0,0.0
2420201006,0.0,2,3,7,12,4.3,0.4399488935720295,1,1,1,1,1.0,0.4399488935720295,1,2,2,2,1.6,48.65086297828847,0,0,0,0,0.0,39.84725509591037,0,0,0,0,0.0
2420202001,2.4844095819625864,0,3,6,13,3.4,3.0901581634443067,0,1,1,1,0.6,0.0,1,2,2,3,1.7000000000000002,46.45468383875016,0,0,0,0,0.0,38.16293095998196,0,0,0,0,0.0
2420202002,6.066134490686115,0,0,7,11,2.5,6.482539402108584,0,0,1,1,0.3,6.482539402108584,0,0,2,2,0.6,50.81589226797029,0,0,0,0,0.0,41.09536568866943,0,0,0,0,0.0
2420203001,0.0,2,3,7,9,4.0,5.656965036327873,0,0,1,1,0.3,5.656965036327873,0,0,2,2,0.6,53.37871154548334,0,0,0,0,0.0,45.11783766536327,0,0,0,0,0.0
2420203002,2.413352728168667,0,1,6,11,2.6,4.8639750168579825,0,1,1,1,0.6,2.5617204043871764,0,2,2,2,1.2,47.27223436251336,0,0,0,0,0.0,39.442135783427716,0,0,0,0,0.0
2420301001,4.5134922928129155,0,2,5,16,3.1999999999999997,34.16449562362692,0,0,0,0,0.0,8.24965074632478,0,0,1,4,0.6000000000000001,37.60744279591783,0,0,0,0,0.0,39.94313061958051,0,0,0,0,0.0
2420501001,0.0,2,2,11,63,9.899999999999999,17.408109329627496,0,0,0,5,0.5,10.61787465828165,0,0,4,18,2.6,18.568146440347217,0,0,0,2,0.2,18.659336567049788,0,0,0,2,0.2
2420601001,0.0,2,4,22,40,10.4,14.602289479189972,0,0,2,3,0.7,6.646964455620547,0,0,7,10,2.4000000000000004,10.927826492690208,0,0,1,1,0.3,14.974557504755962,0,0,1,2,0.4
2420701001,3.0993802046414247,0,1,6,25,4.0,30.740783874765953,0,0,0,0,0.0,7.444630960725037,0,0,1,5,0.7,34.96746377607484,0,0,0,0,0.0,37.104447657615644,0,0,0,0,0.0
2420901001,0.0,1,1,10,38,6.5,18.6267823355013,0,0,0,2,0.2,0.0,1,1,3,10,2.3000000000000003,14.178887320140351,0,0,1,1,0.3,18.519320081578215,0,0,0,2,0.2
2420901002,8.91451566690082,0,0,8,37,5.300000000000001,23.91093743643569,0,0,0,2,0.2,10.084193182204604,0,0,3,9,1.5,19.461143491360914,0,0,0,1,0.1,23.237232081078403,0,0,0,2,0.2
2421001001,10.618158777689175,0,0,2,21,2.5,20.348614468536052,0,0,0,3,0.30000000000000004,19.470238777966497,0,0,0,6,0.6000000000000001,22.137392440655493,0,0,0,1,0.1,27.604483542543445,0,0,0,1,0.1
2421101001,6.749970293492659,0,0,7,29,4.300000000000001,21.485761943441172,0,0,0,1,0.1,15.556053255661457,0,0,0,6,0.6000000000000001,44.43225161045938,0,0,0,0,0.0,46.56006912638185,0,0,0,0,0.0
2421201001,0.0,1,1,9,47,7.2,27.675466217251675,0,0,0,3,0.30000000000000004,7.976191538563798,0,0,2,15,1.9,27.114366310588725,0,0,0,1,0.1,29.18554460893981,0,0,0,1,0.1
2421301001,11.531410499017982,0,0,1,13,1.5000000000000002,29.39210923224497,0,0,0,1,0.1,20.256204936923236,0,0,0,4,0.4,38.64279519339572,0,0,0,0,0.0,38.500073363024164,0,0,0,0,0.0
2421401001,11.416415407306033,0,0,7,21,3.5,13.786420558744465,0,0,2,2,0.6,12.582919367212869,0,0,3,4,0.9999999999999999,14.586403835554375,0,0,1,1,0.3,36.72768487829307,0,0,0,0,0.0
2421501001,12.913232381713232,0,0,3,8,1.4,40.627491715191475,0,0,0,0,0.0,8.42456627621236,0,0,1,3,0.5,44.40262707117087,0,0,0,0,0.0,45.34638463412278,0,0,0,0,0.0
2421601001,7.248119857723702,0,0,5,22,3.2,17.10439992511425,0,0,0,2,0.2,8.35466142366745,0,0,2,6,1.0,16.854620711893862,0,0,0,1,0.1,49.25036698537422,0,0,0,0,0.0
2421701001,8.959341069230819,0,0,2,23,2.7,29.784073164603246,0,0,0,1,0.1,11.936865992207553,0,0,1,5,0.7,28.75121920914039,0,0,0,1,0.1,30.914380930220773,0,0,0,0,0.0
2421801001,8.96958565463944,0,0,6,53,6.5,16.097007678133842,0,0,0,3,0.30000000000000004,8.96958565463944,0,0,1,14,1.6,15.131713483750723,0,0,0,1,0.1,17.47744360376438,0,0,0,2,0.2
2421901001,4.018161653842012,0,1,6,22,3.7,5.058833475266483,0,0,2,2,0.6,6.293603317784826,0,0,2,6,1.0,5.720774845168029,0,0,1,1,0.3,39.36147862197481,0,0,0,0,0.0
2422101001,0.0,1,1,8,25,4.800000000000001,15.753534304351984,0,0,0,1,0.1,11.875900467902147,0,0,1,6,0.8,51.16994771404984,0,0,0,0,0.0,53.32346061161549,0,0,0,0,0.0
2422201001,3.196227669691468,0,5,39,56,14.899999999999999,7.464249834077581,0,0,3,3,0.8999999999999999,6.444343220932832,0,0,11,15,3.6999999999999997,9.184832342805542,0,0,1,1,0.3,5.925971222697587,0,0,2,2,0.6
2422201002,0.6478735089932036,1,26,40,55,21.7,3.965069891031705,0,2,3,3,1.5,2.973134302451631,0,10,11,14,6.6,5.703093898790395,0,0,1,1,0.3,2.570620062381287,0,2,2,2,1.2
2422201003,0.0,2,24,40,54,21.4,3.8226894225720964,0,3,3,3,1.7999999999999998,2.6613009490697115,0,9,11,14,6.299999999999999,5.3894094313413,0,0,1,1,0.3,2.14712426572566,0,2,2,2,1.2
2422201004,0.47163370943890603,2,28,40,54,22.6,2.9560574973045166,0,3,3,3,1.7999999999999998,1.814479901300413,0,10,11,14,6.6,4.55053491420162,0,1,1,1,0.6,1.4049068359724535,0,2,2,2,1.2
2422201005,0.0,3,22,40,54,21.2,4.114748936518468,0,2,3,3,1.5,2.9388000255597126,0,8,11,14,5.999999999999999,5.619808070021809,0,0,1,1,0.3,2.3380721971616865,0,2,2,2,1.2
2422201006,0.0,2,20,40,54,20.199999999999996,4.7574680393163895,0,1,3,3,1.2,3.583772917857276,0,7,11,14,5.7,6.212165487042719,0,0,1,1,0.3,2.94292937421367,0,2,2,2,1.2
2422201007,1.2610411391251695,0,25,40,56,21.1,3.951170144907305,0,2,3,3,1.5,2.9156376910631447,0,7,11,16,5.9,6.216284415043365,0,0,1,1,0.3,3.376056639569951,0,2,2,2,1.2
2422202001,3.154812960258674,0,4,39,53,14.3,7.409762504525816,0,0,3,3,0.8999999999999999,6.315218872344127,0,0,11,14,3.5999999999999996,8.58210220333852,0,0,1,1,0.3,5.607347249894827,0,0,2,2,0.6
2422202002,0.0,1,28,38,54,21.8,2.7081503708681187,0,3,3,3,1.7999999999999998,2.108316996604943,0,9,11,14,6.299999999999999,3.448398422980303,0,1,1,1,0.6,1.7158126894474215,0,2,2,2,1.2
2422202003,0.5526702346259103,2,29,38,54,22.5,2.4075001321368186,0,3,3,3,1.7999999999999998,1.3825038819258935,0,9,11,14,6.299999999999999,3.6787807552640217,0,1,1,1,0.6,0.7071504784416707,1,2,2,2,1.6
2422202004,0.0,1,26,38,54,21.200000000000003,2.9473780831793457,0,3,3,3,1.7999999999999998,1.9339554915519563,0,9,11,14,6.299999999999999,4.148403934456855,0,1,1,1,0.6,1.2459529079023253,0,2,2,2,1.2
2422301001,3.1964210283751084,0,3,12,27,6.0,11.383160823483408,0,0,2,2,0.6,3.1964210283751084,0,1,5,8,2.0999999999999996,12.41683005352773,0,0,1,1,0.3,34.33729446809235,0,0,0,0,0.0
2422301002,0.0,2,3,15,36,8.299999999999999,14.35109548304668,0,0,2,2,0.6,0.0,1,1,6,10,2.9,15.443821053851611,0,0,0,1,0.1,31.418384692177053,0,0,0,0,0.0
2422401001,3.9192979755451405,0,1,14,30,6.1,10.687150764176055,0,0,2,2,0.6,4.078794661986443,0,1,4,9,2.0,11.93000097273754,0,0,1,1,0.3,32.51377622157863,0,0,0,0,0.0
2422501001,5.368705199765698,0,0,10,45,6.5,15.533597117524707,0,0,0,3,0.30000000000000004,5.368705199765698,0,0,3,13,1.9,14.597653569818366,0,0,1,1,0.3,15.568279088632272,0,0,0,2,0.2
2422601001,15.98749692774228,0,0,0,14,1.4000000000000001,28.219069997039938,0,0,0,1,0.1,18.780550748266105,0,0,0,5,0.5,43.56015100188092,0,0,0,0,0.0,43.548508723065986,0,0,0,0,0.0
2422701001,6.408521434681628,0,0,38,55,13.100000000000001,9.064575884660332,0,0,3,3,0.8999999999999999,8.714535329351316,0,0,12,14,3.8,8.063694394728278,0,0,1,1,0.3,10.378996018719421,0,0,2,2,0.6
2422801001,5.488508744922098,0,0,10,30,5.0,19.346545311985633,0,0,0,2,0.2,7.613547142321269,0,0,5,9,1.9,20.15122776125577,0,0,0,1,0.1,34.090452942007595,0,0,0,0,0.0
2422901001,11.692336249472591,0,0,1,15,1.7000000000000002,25.712167065590446,0,0,0,1,0.1,17.78091382495903,0,0,0,4,0.4,50.645750797165434,0,0,0,0,0.0,50.61178225506056,0,0,0,0,0.0
2423001001,6.885622955704107,0,0,8,33,4.9,29.738101492762162,0,0,0,1,0.1,9.215959740755537,0,0,1,6,0.8,34.91373718627551,0,0,0,0,0.0,39.64893265625925,0,0,0,0,0.0
2490101001,0.0,1,1,3,10,2.3000000000000003,42.30850617337184,0,0,0,0,0.0,10.355701582912967,0,0,1,2,0.4,44.831119064656626,0,0,0,0,0.0,41.754684860298866,0,0,0,0,0.0
2490201001,6.724846981823914,0,0,6,27,3.9,24.184340424033913,0,0,0,1,0.1,13.552600205326087,0,0,2,6,1.0,43.7967191274662,0,0,0,0,0.0,46.0248841636176,0,0,0,0,0.0
3400101001,5.559630741564128,0,0,4,27,3.5,24.952540737434546,0,0,0,3,0.30000000000000004,12.949711756206764,0,0,1,9,1.1,27.83265599284711,0,0,0,1,0.1,24.147067060665638,0,0,0,2,0.2
3400301001,6.270249246699478,0,0,2,12,1.6,41.52732014798441,0,0,0,0,0.0,13.43610800017309,0,0,1,4,0.6000000000000001,48.91679542539382,0,0,0,0,0.0,45.10219215439054,0,0,0,0,0.0
3400401001,0.8719888605129771,2,2,4,6,2.8000000000000003,0.8719888605129771,1,1,1,1,1.0,3.952028666807139,0,1,1,3,0.8,68.52752114182344,0,0,0,0,0.0,68.02992017725268,0,0,0,0,0.0
3400401002,0.6571500187268947,2,2,4,6,2.8000000000000003,0.6571500187268947,1,1,1,1,1.0,4.254644308020633,0,1,1,3,0.8,68.33586215888455,0,0,0,0,0.0,67.83496912169547,0,0,0,0,0.0
3400402001,0.0,2,2,4,6,2.8000000000000003,0.0,1,1,1,1,1.0,4.703587092675487,0,1,1,3,0.8,67.67944399788809,0,0,0,0,0.0,67.17905615180322,0,0,0,0,0.0
3400402002,0.8972819776980177,2,2,4,6,2.8000000000000003,0.8972819776980177,1,1,1,1,1.0,5.207196300918945,0,0,1,3,0.5,67.86345848582384,0,0,0,0,0.0,67.35060625832566,0,0,0,0,0.0
3400402003,4.703587092675487,0,2,4,7,2.0999999999999996,4.703587092675487,0,1,1,1,0.6,0.0,1,1,1,3,1.2,71.28618767485206,0,0,0,0,0.0,70.78128425773036,0,0,0,0,0.0
3400403001,2.034053126657358,0,2,4,6,1.9999999999999998,2.034053126657358,0,1,1,1,0.6,2.67952832229533,0,1,1,3,0.8,69.31660702404872,0,0,0,0,0.0,68.83103821102418,0,0,0,0,0.0
3400501001,0.0,1,1,4,9,2.4,13.542655693434655,0,0,1,1,0.3,8.669892265642133,0,0,2,5,0.9,62.15190518386109,0,0,0,0,0.0,60.40103974683126,0,0,0,0,0.0
3400601001,5.393038979616018,0,0,4,48,5.6000000000000005,20.418764749041017,0,0,0,4,0.4,16.391641205140157,0,0,0,8,0.8,25.56935276597879,0,0,0,1,0.1,25.795100198884388,0,0,0,1,0.1
3400901001,8.336032696988092,0,0,4,33,4.1000000000000005,23.824201369716565,0,0,0,2,0.2,13.908333905823559,0,0,1,7,0.9000000000000001,24.62427972639059,0,0,0,1,0.1,20.725039809790548,0,0,0,2,0.2
3401001001,0.0,1,1,3,100,11.3,17.645455781930906,0,0,0,8,0.8,17.556017562141854,0,0,0,28,2.8000000000000003,23.591048948796804,0,0,0,2,0.2,17.556017562141854,0,0,0,4,0.4
3401101001,5.349471713718989,0,0,5,40,5.0,17.04774682270554,0,0,0,3,0.30000000000000004,15.453630456950867,0,0,0,9,0.9,17.52263731820034,0,0,0,1,0.1,14.651130781709494,0,0,1,2,0.4
3401201001,9.592269719590584,0,0,1,14,1.6,35.35236162557833,0,0,0,0,0.0,29.250718362059924,0,0,0,2,0.2,36.54799105161144,0,0,0,0,0.0,39.64008612441094,0,0,0,0,0.0
3401501001,8.417439428387947,0,0,5,12,2.2,36.78669362071615,0,0,0,0,0.0,8.417439428387947,0,0,1,3,0.5,37.639541129391475,0,0,0,0,0.0,33.57294298837063,0,0,0,0,0.0
3401701001,0.0,1,1,4,35,5.0,24.359987637703213,0,0,0,3,0.30000000000000004,23.048517606851107,0,0,0,6,0.6000000000000001,24.338854072361567,0,0,0,1,0.1,22.99421626097443,0,0,0,1,0.1
3401801001,8.220191584390307,0,0,30,44,10.4,8.88739989263327,0,0,3,3,0.8999999999999999,4.633702097183447,0,1,7,9,2.6,9.603069573551242,0,0,1,1,0.3,4.633702097183447,0,1,2,2,0.8999999999999999
3401901001,6.736211983337305,0,0,4,27,3.5,27.752401813420335,0,0,0,3,0.30000000000000004,11.61843974595422,0,0,1,7,0.9000000000000001,29.062754056456317,0,0,0,1,0.1,25.909476845373568,0,0,0,2,0.2
3402001001,8.166957212161943,0,0,2,11,1.5,20.739580540345393,0,0,0,1,0.1,14.090096773637107,0,0,1,3,0.5,70.76175554435166,0,0,0,0,0.0,68.14356464071525,0,0,0,0,0.0
3402201001,0.0,1,1,3,36,4.9,25.781519411566048,0,0,0,3,0.30000000000000004,23.820514584568812,0,0,0,6,0.6000000000000001,27.024600703319983,0,0,0,1,0.1,30.29467607555636,0,0,0,0,0.0
3402301001,2.2656647846399065,0,7,30,43,12.4,4.364199500322931,0,1,3,3,1.2,2.2656647846399065,0,1,7,8,2.5,8.981130979916639,0,0,1,1,0.3,10.327795602737572,0,0,2,2,0.6
3402301002,0.0,3,7,31,44,13.9,4.0491795248063,0,1,3,3,1.2,0.0,1,2,7,8,3.2,9.654844260840251,0,0,1,1,0.3,9.58341860097123,0,0,2,2,0.6
3402301003,0.0,3,7,31,45,14.0,4.144190398355346,0,1,3,3,1.2,0.5784601330991015,1,2,7,8,3.2,9.88159108592524,0,0,1,1,0.3,9.4479462721349,0,0,2,2,0.6
3402301005,0.29736995729162846,3,7,31,45,14.0,3.458794177865801,0,1,3,3,1.2,0.6110205785382242,1,2,7,9,3.3000000000000003,9.129932238663821,0,0,1,1,0.3,8.977114265421868,0,0,2,2,0.6
3402301006,0.0,3,7,31,45,14.0,3.1771308689152575,0,1,3,3,1.2,0.9083011722817955,1,2,7,9,3.3000000000000003,8.88338063035218,0,0,1,1,0.3,8.681237570050088,0,0,2,2,0.6
3402401001,7.838484592131161,0,0,7,40,5.4,19.345386522079778,0,0,0,4,0.4,12.746627981753967,0,0,1,9,1.1,20.40864265834746,0,0,0,1,0.1,16.219242672763087,0,0,0,2,0.2
3402501001,14.876963998036594,0,0,1,12,1.4000000000000001,39.108225617954645,0,0,0,0,0.0,18.312497943963834,0,0,0,4,0.4,53.95002998874701,0,0,0,0,0.0,49.75782189270398,0,0,0,0,0.0
3402701001,0.0,1,1,3,5,1.8,11.295189832288226,0,0,1,1,0.3,10.0058861288932,0,0,1,2,0.4,78.32982595854253,0,0,0,0,0.0,77.77944870401888,0,0,0,0,0.0
3402801001,7.633691844531648,0,0,1,13,1.5000000000000002,26.178611786795067,0,0,0,2,0.2,18.913079688930736,0,0,0,5,0.5,75.29519700741037,0,0,0,0,0.0,70.97935522521956,0,0,0,0,0.0
3402901001,0.0,1,1,17,42,8.3,14.271583568191486,0,0,1,3,0.5,7.493316664209452,0,0,4,9,1.7,15.61992947560638,0,0,0,1,0.1,11.00907987229127,0,0,1,2,0.4
3403101001,9.00461866845431,0,0,4,13,2.1,9.517348373134105,0,0,1,1,0.3,11.026005397477308,0,0,1,3,0.5,38.247368554875486,0,0,0,0,0.0,21.364624325535704,0,0,0,1,0.1
3403201001,19.37677667484134,0,0,0,6,0.6000000000000001,19.37677667484134,0,0,0,1,0.1,24.058433526097026,0,0,0,1,0.1,56.386112971385764,0,0,0,0,0.0,55.65927307044364,0,0,0,0,0.0
3403301001,7.419952243177488,0,0,4,31,3.9000000000000004,16.431965258279504,0,0,0,3,0.30000000000000004,18.550384634706088,0,0,0,9,0.9,29.86832990797848,0,0,0,1,0.1,24.852413952156,0,0,0,3,0.30000000000000004
3403401001,5.688746957257816,0,0,3,14,2.0,32.77456997584346,0,0,0,0,0.0,19.445008102332537,0,0,0,2,0.2,33.133813423753026,0,0,0,0,0.0,30.467933268476134,0,0,0,0,0.0
3403501001,9.216704557508272,0,0,1,11,1.3,35.78393649828357,0,0,0,0,0.0,9.216704557508272,0,0,1,3,0.5,41.95132891881063,0,0,0,0,0.0,38.23973009723746,0,0,0,0,0.0
3403601001,6.2527927742221845,0,0,1,5,0.7,16.970389715764497,0,0,0,1,0.1,16.235825475829127,0,0,0,2,0.2,82.57954146539714,0,0,0,0,0.0,81.97645025644704,0,0,0,0,0.0
3403701001,0.0,1,1,1,12,2.1,27.27157456814038,0,0,0,1,0.1,16.746590260824433,0,0,0,5,0.5,70.38061074787082,0,0,0,0,0.0,65.9143869977408,0,0,0,0,0.0
3403801001,5.933565756974826,0,0,3,9,1.5,39.394170637214316,0,0,0,0,0.0,8.275081426158218,0,0,1,3,0.5,52.53495766917487,0,0,0,0,0.0,47.78915921048163,0,0,0,0,0.0
3403901001,6.0490030789351605,0,0,4,13,2.1,41.12161732658401,0,0,0,0,0.0,12.341560769035127,0,0,1,4,0.6000000000000001,42.38484409866591,0,0,0,0,0.0,37.62240345375728,0,0,0,0,0.0
3404101001,5.112892684283263,0,0,2,7,1.1,26.777453250547033,0,0,0,1,0.1,5.112892684283263,0,0,1,4,0.6000000000000001,61.72813976126021,0,0,0,0,0.0,57.826076184218266,0,0,0,0,0.0
3404201001,0.0,1,1,4,12,2.7,35.6952703732445,0,0,0,0,0.0,6.330005508205386,0,0,1,4,0.6000000000000001,36.89839328407013,0,0,0,0,0.0,32.1722947786365,0,0,0,0,0.0
3404501001,4.364341808146694,0,2,3,16,2.8,18.29069114114921,0,0,0,1,0.1,15.538871064373163,0,0,0,4,0.4,31.353719852620674,0,0,0,0,0.0,26.67840818244658,0,0,0,2,0.2
3404601001,10.135662657600752,0,0,5,30,4.0,28.036579644184847,0,0,0,2,0.2,11.14739130730567,0,0,2,7,1.1,29.347694839578985,0,0,0,1,0.1,24.607160330143426,0,0,0,1,0.1
3404701001,3.188677790587701,0,3,4,12,2.8999999999999995,36.33582615729012,0,0,0,0,0.0,3.5192436564696234,0,1,1,4,0.9,37.47914586443029,0,0,0,0,0.0,32.82551084662507,0,0,0,0,0.0
3404701002,0.0,2,2,4,14,3.6,35.015359417840614,0,0,0,0,0.0,0.0,1,1,1,4,1.3,36.08700763448858,0,0,0,0,0.0,31.550261311832834,0,0,0,0,0.0
3404801001,7.965389309974062,0,0,3,13,1.9,14.247321442365728,0,0,1,1,0.3,15.504953684062738,0,0,0,3,0.30000000000000004,35.82706277370283,0,0,0,0,0.0,26.488267482516793,0,0,0,1,0.1
3404901001,10.217791122760465,0,0,2,12,1.6,21.442289211931023,0,0,0,2,0.2,11.113015701932305,0,0,1,3,0.5,82.31639387797638,0,0,0,0,0.0,81.16559988161562,0,0,0,0,0.0
3405001001,12.528383308889277,0,0,2,13,1.7000000000000002,28.334991735517512,0,0,0,1,0.1,20.04491646364173,0,0,0,2,0.2,37.18522072199313,0,0,0,0,0.0,38.37659367805378,0,0,0,0,0.0
3405101001,10.846888009374416,0,0,4,37,4.5,20.976887625521886,0,0,0,3,0.30000000000000004,17.670822969346563,0,0,0,7,0.7000000000000001,24.522375732008022,0,0,0,1,0.1,26.940629229912194,0,0,0,2,0.2
3405201001,11.10067666908994,0,0,1,12,1.4000000000000001,41.43236840554604,0,0,0,0,0.0,17.177726452071116,0,0,0,4,0.4,50.441574662510604,0,0,0,0,0.0,46.343904863853425,0,0,0,0,0.0
3405301001,7.936905049290112,0,0,5,39,4.9,21.907555170184708,0,0,0,4,0.4,14.998896131757391,0,0,1,10,1.2,25.345393652855346,0,0,0,1,0.1,20.93546259762201,0,0,0,2,0.2
3405501001,9.662566794349793,0,0,2,11,1.5,39.281628364595505,0,0,0,0,0.0,15.9854636775584,0,0,0,4,0.4,40.60287747932295,0,0,0,0,0.0,35.87503745695533,0,0,0,0,0.0
3405601001,0.0,1,1,1,10,1.9,21.214515025804392,0,0,0,1,0.1,0.0,1,1,1,3,1.2,87.36773633767106,0,0,0,0,0.0,86.27259310787097,0,0,0,0,0.0
3405601002,1.135456812262502,0,1,1,10,1.5,22.01946347396732,0,0,0,1,0.1,1.135456812262502,0,1,1,3,0.8,88.38257566099395,0,0,0,0,0.0,87.33971611073186,0,0,0,0,0.0
3405601003,5.59304525252343,0,0,1,8,1.0,25.77749509600446,0,0,0,1,0.1,5.59304525252343,0,0,1,3,0.5,91.87234829423463,0,0,0,0,0.0,90.39246768839574,0,0,0,0,0.0
3405701001,0.0,1,1,13,46,7.9,13.171108373314864,0,0,1,3,0.5,9.135529749003016,0,0,2,8,1.2000000000000002,18.454301553661512,0,0,0,1,0.1,18.558349074617734,0,0,0,2,0.2
3405801001,9.996968831131628,0,0,1,19,2.1,31.739030428972132,0,0,0,0,0.0,26.385159879292107,0,0,0,3,0.30000000000000004,34.37614041533221,0,0,0,0,0.0,37.676574886621026,0,0,0,0,0.0
3405901001,15.124277965107288,0,0,0,13,1.3,35.76722919764076,0,0,0,0,0.0,15.124277965107288,0,0,0,4,0.4,37.129054285739784,0,0,0,0,0.0,32.91057829440627,0,0,0,0,0.0
3406001001,11.558377874498918,0,0,2,12,1.6,40.83747970956808,0,0,0,0,0.0,21.043535137707266,0,0,0,1,0.1,40.60172614808431,0,0,0,0,0.0,36.068544157079145,0,0,0,0,0.0
3406101001,9.208530300374624,0,0,2,10,1.4,25.839168299652606,0,0,0,1,0.1,13.665959152601804,0,0,1,5,0.7,70.5855697335749,0,0,0,0,0.0,66.38251617522313,0,0,0,0,0.0
3406201001,9.720374845022246,0,0,4,13,2.1,18.373539591195392,0,0,0,1,0.1,17.76358052567422,0,0,0,4,0.4,74.7256623087035,0,0,0,0,0.0,73.91995933216016,0,0,0,0,0.0
3406301001,8.224085115080186,0,0,2,35,3.9000000000000004,25.833458453908182,0,0,0,3,0.30000000000000004,25.287256613696755,0,0,0,6,0.6000000000000001,25.574284267588396,0,0,0,1,0.1,26.055468355385177,0,0,0,1,0.1
3406601001,5.02807279591099,0,0,10,97,11.700000000000001,17.952346493766697,0,0,0,8,0.8,14.193109019540108,0,0,1,27,2.9,23.783217313140856,0,0,0,2,0.2,22.011209216607735,0,0,0,3,0.30000000000000004
3406701001,4.711403548469997,0,1,1,13,1.8000000000000003,21.583095292700353,0,0,0,2,0.2,4.711403548469997,0,1,1,4,0.9,85.79604412765003,0,0,0,0,0.0,84.18906723759794,0,0,0,0,0.0
3406801001,9.894484170065544,0,0,3,11,1.7,22.750445200800435,0,0,0,1,0.1,9.894484170065544,0,0,1,5,0.7,69.78577997848092,0,0,0,0,0.0,66.53499590299685,0,0,0,0,0.0
3406901001,4.867458738672784,0,2,28,56,11.8,6.623889002991998,0,0,3,4,0.9999999999999999,5.400271610594908,0,0,7,9,2.3000000000000003,11.25502475600376,0,0,1,1,0.3,6.953646646295608,0,0,2,2,0.6
3406901002,0.0,2,2,14,88,13.0,9.873212220273878,0,0,1,6,0.8,8.093859394002733,0,0,3,22,2.8,15.376498165817276,0,0,0,2,0.2,11.775083042539842,0,0,1,3,0.5
3407001001,11.220268548375431,0,0,2,13,1.7000000000000002,38.81240513843746,0,0,0,0,0.0,18.64697751826249,0,0,0,2,0.2,38.497460875680076,0,0,0,0,0.0,39.06171486967917,0,0,0,0,0.0
3407101001,9.300486675450948,0,0,3,12,1.7999999999999998,36.52726565183933,0,0,0,0,0.0,10.786518204350177,0,0,2,3,0.7,53.655586008503164,0,0,0,0,0.0,49.99799867999888,0,0,0,0,0.0
3407201001,7.655486520144016,0,0,4,27,3.5,28.943929368168952,0,0,0,1,0.1,9.64896667236198,0,0,1,7,0.9000000000000001,30.267072537883983,0,0,0,0,0.0,26.52406670607431,0,0,0,2,0.2
3407301001,10.91198411101473,0,0,4,12,2.0,11.745815096414832,0,0,1,1,0.3,12.469980802368497,0,0,1,3,0.5,60.42010548584214,0,0,0,0,0.0,59.63068928258952,0,0,0,0,0.0
3407401001,0.0,1,1,3,20,3.3000000000000003,30.354082329866728,0,0,0,0,0.0,16.18154756885899,0,0,0,4,0.4,30.923441696851363,0,0,0,0,0.0,27.6369695198922,0,0,0,1,0.1
3407601001,0.0,1,1,5,37,5.4,21.49197911668665,0,0,0,3,0.30000000000000004,5.801963605956611,0,0,1,10,1.2,22.789514497610107,0,0,0,1,0.1,19.315736385918317,0,0,0,2,0.2
3407701001,4.148841346607688,0,3,25,41,9.999999999999998,7.00625460485845,0,0,3,3,0.8999999999999999,5.524122145281323,0,0,6,8,1.9999999999999998,7.3777693545446,0,0,1,1,0.3,5.477885127275748,0,0,2,2,0.6
3407901001,0.0,1,1,26,42,10.1,6.524504448910251,0,0,3,3,0.8999999999999999,5.744631929560251,0,0,7,8,2.2,7.891245068977886,0,0,1,1,0.3,3.8450177236653067,0,1,2,2,0.8999999999999999
3408001001,1.2876659692270818,0,4,7,13,3.9,1.2876659692270818,0,1,1,1,0.6,0.7793541167006979,1,1,1,3,1.2,62.952524035646825,0,0,0,0,0.0,61.581781287183,0,0,0,0,0.0
3408001002,0.0,2,4,7,13,4.699999999999999,4.711451953915231,0,1,1,1,0.6,3.8410010523494162,0,1,1,4,0.9,65.69809298058047,0,0,0,0,0.0,64.42621679527372,0,0,0,0,0.0
3408002001,1.519051807874874,0,4,7,13,3.9,1.519051807874874,0,1,1,1,0.6,0.0,1,1,1,3,1.2,63.20118190974428,0,0,0,0,0.0,61.79495488327148,0,0,0,0,0.0
3408002002,1.2934944412023062,0,4,7,13,3.9,1.2934944412023062,0,1,1,1,0.6,0.6055881907838307,1,1,1,3,1.2,62.99815734128223,0,0,0,0,0.0,61.61932552958598,0,0,0,0,0.0
3408002003,0.0,2,4,7,12,4.6,0.0,1,1,1,1,1.0,1.519051807874874,0,1,1,2,0.7,61.72274002281913,0,0,0,0,0.0,60.33499571967725,0,0,0,0,0.0
3408101001,8.93515196728703,0,0,4,13,2.1,30.85216144671635,0,0,0,0,0.0,10.74003942449135,0,0,1,2,0.4,34.776888340209126,0,0,0,0,0.0,31.315687698987908,0,0,0,0,0.0
3408201001,13.84083010856843,0,0,1,21,2.3,28.04763671511399,0,0,0,1,0.1,24.95945106530874,0,0,0,3,0.30000000000000004,35.23368799398241,0,0,0,0,0.0,37.81306860006476,0,0,0,0,0.0
3408301001,0.0,1,1,2,8,1.9000000000000001,22.21235027174263,0,0,0,1,0.1,0.0,1,1,1,4,1.3,59.89308691076337,0,0,0,0,0.0,56.78859362822177,0,0,0,0,0.0
3408301002,5.8762660051506375,0,0,3,9,1.5,27.15267331429035,0,0,0,1,0.1,5.8762660051506375,0,0,2,4,0.8,55.70127546319735,0,0,0,0,0.0,51.95361475082752,0,0,0,0,0.0
3408401001,7.890966805469597,0,0,3,37,4.300000000000001,26.724241943635853,0,0,0,3,0.30000000000000004,26.45123934241196,0,0,0,6,0.6000000000000001,26.45123934241196,0,0,0,1,0.1,28.093460887878923,0,0,0,1,0.1
3408601001,5.429650971768034,0,0,25,42,9.2,9.052911227129096,0,0,3,3,0.8999999999999999,6.03004835211742,0,0,5,7,1.7,13.062861459775549,0,0,1,1,0.3,15.018613271355612,0,0,0,2,0.2
3408701001,6.077277800603179,0,0,3,37,4.300000000000001,21.809501032046658,0,0,0,3,0.30000000000000004,20.949494774186896,0,0,0,7,0.7000000000000001,21.624291990097195,0,0,0,1,0.1,24.187060527193555,0,0,0,2,0.2
3408801001,5.897976611934427,0,0,22,42,8.6,9.15518604398947,0,0,2,3,0.7,7.536402931919122,0,0,5,9,1.9,10.197620303721534,0,0,1,1,0.3,5.7952755663034035,0,0,2,2,0.6
3408901001,10.738333693090786,0,0,4,11,1.9,37.46507635512486,0,0,0,0,0.0,15.806323236588788,0,0,0,2,0.2,37.720540625231905,0,0,0,0,0.0,35.35776456896832,0,0,0,0,0.0
3409101001,10.93777623489933,0,0,2,9,1.3,42.408434278581645,0,0,0,0,0.0,6.993103162237474,0,0,1,3,0.5,54.21405581829445,0,0,0,0,0.0,49.507924418441185,0,0,0,0,0.0
3409201001,8.786188295516975,0,0,4,11,1.9,40.45521510038378,0,0,0,0,0.0,11.702228693155302,0,0,1,3,0.5,40.84561085215144,0,0,0,0,0.0,38.05253624316596,0,0,0,0,0.0
3409301001,7.589064689338264,0,0,2,9,1.3,18.65359401978177,0,0,0,1,0.1,8.078430022648249,0,0,1,4,0.6000000000000001,67.29489074858101,0,0,0,0,0.0,64.60777882041239,0,0,0,0,0.0
3409401001,12.032278521106319,0,0,2,9,1.3,46.62789471803135,0,0,0,0,0.0,11.123095177820039,0,0,1,4,0.6000000000000001,48.790970893476576,0,0,0,0,0.0,44.07856181998458,0,0,0,0,0.0
3409601001,6.159474914895973,0,0,4,27,3.5,29.227607413677152,0,0,0,1,0.1,6.159474914895973,0,0,1,5,0.7,30.244259016193737,0,0,0,0,0.0,25.817409989309706,0,0,0,1,0.1
3409801001,4.913316627425757,0,1,30,41,10.399999999999999,6.4350651791720015,0,0,3,3,0.8999999999999999,6.1777135719510765,0,0,7,8,2.2,6.1777135719510765,0,0,1,1,0.3,9.918341827613835,0,0,2,2,0.6
3409901001,12.266995963719285,0,0,6,33,4.5,22.750926391716636,0,0,0,3,0.30000000000000004,12.266995963719285,0,0,1,8,1.0,23.82051868803367,0,0,0,1,0.1,19.295994354665588,0,0,0,2,0.2
3410001001,3.4985432738990543,0,4,6,14,3.8,3.4985432738990543,0,1,1,1,0.6,4.418898078898044,0,1,1,3,0.8,60.94122537613606,0,0,0,0,0.0,59.7236789737908,0,0,0,0,0.0
3410101001,6.334788088971147,0,0,2,10,1.4,36.501342571222885,0,0,0,0,0.0,15.463361614280743,0,0,0,2,0.2,37.12261390520902,0,0,0,0,0.0,33.6659873018488,0,0,0,0,0.0
3410201001,7.219181219188143,0,0,10,39,5.9,15.167596685801623,0,0,0,3,0.30000000000000004,9.85902430078113,0,0,2,9,1.3,16.366168337384018,0,0,0,1,0.1,13.298575640076399,0,0,2,2,0.6
3410301001,10.582973999980855,0,0,4,15,2.3,31.046369525511654,0,0,0,0,0.0,10.667020196211762,0,0,1,4,0.6000000000000001,32.39781305029083,0,0,0,0,0.0,28.35110540229991,0,0,0,1,0.1
3410401001,10.598199162080197,0,0,3,12,1.7999999999999998,34.45786823233237,0,0,0,0,0.0,20.25640206454281,0,0,0,2,0.2,34.58110827756886,0,0,0,0,0.0,32.66083182770479,0,0,0,0,0.0
3410601001,10.920823250746563,0,0,4,17,2.5,11.512204698765904,0,0,1,1,0.3,15.422473351444825,0,0,0,4,0.4,33.32054216242564,0,0,0,0,0.0,24.323280228550534,0,0,0,2,0.2
3410701001,12.648478388861346,0,0,3,11,1.7,20.989717483594386,0,0,0,1,0.1,14.577330859850951,0,0,1,4,0.6000000000000001,74.15264917610799,0,0,0,0,0.0,71.34066606459784,0,0,0,0,0.0
3410801001,0.0,1,1,23,42,9.5,11.703479505628913,0,0,2,3,0.7,10.122343881169398,0,0,4,9,1.7,12.178613098113171,0,0,1,1,0.3,9.468327338436636,0,0,1,2,0.4
3410901001,9.734880605919555,0,0,2,10,1.4,48.48339779700145,0,0,0,0,0.0,6.180940095485035,0,0,1,4,0.6000000000000001,52.16065646301372,0,0,0,0,0.0,47.59365782937282,0,0,0,0,0.0
3411001001,7.587046445749015,0,0,2,6,1.0,15.418326116571858,0,0,0,1,0.1,8.11307465150021,0,0,2,2,0.6,83.00572025781376,0,0,0,0,0.0,82.51587528290469,0,0,0,0,0.0
3411201001,5.969366594749892,0,0,4,10,1.8,42.96561937231911,0,0,0,0,0.0,8.36653002356796,0,0,1,4,0.6000000000000001,44.089462325391466,0,0,0,0,0.0,39.46374265540557,0,0,0,0,0.0
3411301001,10.635161044175062,0,0,3,9,1.5,26.394565830397735,0,0,0,1,0.1,10.635161044175062,0,0,1,5,0.7,67.55335317563272,0,0,0,0,0.0,63.440813281061146,0,0,0,0,0.0
3411401001,14.241728203520914,0,0,2,10,1.4,18.40157602098808,0,0,0,1,0.1,14.241728203520914,0,0,2,3,0.7,76.92342783063904,0,0,0,0,0.0,74.70800753037338,0,0,0,0,0.0
3411601001,6.135628006064421,0,0,3,11,1.7,43.78737293318737,0,0,0,0,0.0,8.298204399385243,0,0,1,4,0.6000000000000001,44.2425442347665,0,0,0,0,0.0,41.24576414129993,0,0,0,0,0.0
3412001001,0.26666334860204205,11,19,29,41,20.0,0.0,1,2,3,3,1.9000000000000001,0.501377794198411,2,4,7,8,4.199999999999999,1.3667445531344373,0,1,1,1,0.6,3.523044786602298,0,1,2,2,0.8999999999999999
3412001003,0.14959395242605006,10,19,29,41,19.599999999999998,0.3306152005343654,2,2,3,3,2.3,0.28688883554191447,2,4,7,8,4.199999999999999,1.1191540526840031,0,1,1,1,0.6,3.8510744691220813,0,1,2,2,0.8999999999999999
3412001004,0.0,9,19,29,41,19.2,0.30929355845716244,2,2,3,3,2.3,0.34371349197123763,2,4,7,8,4.199999999999999,1.063394306428531,0,1,1,1,0.6,3.8163680017671755,0,1,2,2,0.8999999999999999
3412001005,0.12362386015569524,9,19,29,41,19.2,0.3319136835463262,2,2,3,3,2.3,0.4342658946494889,2,4,7,8,4.199999999999999,1.0443034352940221,0,1,1,1,0.6,3.779322762246523,0,1,2,2,0.8999999999999999
3412002001,0.0,9,19,29,41,19.2,0.26666334860204205,1,2,3,3,1.9000000000000001,0.6627454681764612,2,4,7,8,4.199999999999999,1.5155884366784744,0,1,1,1,0.6,3.5320705606511074,0,1,2,2,0.8999999999999999
3412002002,0.3062683862237405,10,19,29,41,19.599999999999998,0.38325189398350407,1,2,3,3,1.9000000000000001,0.3415703104405092,2,4,7,8,4.199999999999999,1.227893326322494,0,1,1,1,0.6,3.8538498290498784,0,1,2,2,0.8999999999999999
3412002003,5.283329061102047,0,0,29,45,10.299999999999999,5.822918923589269,0,0,3,3,0.8999999999999999,0.0,1,2,7,9,3.3000000000000003,6.0632629633695485,0,0,1,1,0.3,0.0,1,1,2,2,1.3
3412003001,0.29392125281066594,9,19,29,41,19.2,0.4447986913714233,1,2,3,3,1.9000000000000001,0.5660510096555048,1,4,7,8,3.8,1.77392217777749,0,1,1,1,0.6,3.0785365306376637,0,1,2,2,0.8999999999999999
3412003002,0.3063046952170967,10,19,29,41,19.599999999999998,0.29012254123096387,1,2,3,3,1.9000000000000001,0.4827754171035927,2,4,7,8,4.199999999999999,1.6221392242726924,0,1,1,1,0.6,3.2330967219825624,0,1,2,2,0.8999999999999999
3412003004,0.22264472023105097,9,19,29,41,19.2,0.41739944600134604,1,2,3,3,1.9000000000000001,0.7245010492801305,2,4,7,8,4.199999999999999,1.7836247852235678,0,1,1,1,0.6,3.1786994971558715,0,1,2,2,0.8999999999999999
3412003005,0.24353926369604154,7,19,29,41,18.4,0.468021472346999,1,2,3,3,1.9000000000000001,0.8945466837021403,2,4,7,8,4.199999999999999,1.758391352949788,0,1,1,1,0.6,3.3711041535962587,0,1,2,2,0.8999999999999999
3412004001,0.23445362297142516,8,19,29,41,18.8,0.6527790732966048,1,2,3,3,1.9000000000000001,0.8533648633016363,1,4,7,8,3.8,2.017090969298918,0,1,1,1,0.6,2.9341630703743573,0,1,2,2,0.8999999999999999
3412004002,0.0,6,19,29,41,18.0,0.6143699771474677,1,2,3,3,1.9000000000000001,0.9454842932445223,1,4,7,8,3.8,1.9665618704301848,0,1,1,1,0.6,3.1122970343973764,0,1,2,2,0.8999999999999999
3412004003,0.3183048215413144,7,19,28,41,18.2,0.9467474100489564,1,2,3,3,1.9000000000000001,1.1895259521517654,0,4,7,8,3.4,2.3105352046757917,0,1,1,1,0.6,2.801529930153639,0,1,2,2,0.8999999999999999
3412004004,0.0,7,19,28,42,18.299999999999997,0.9846870961732201,1,2,3,3,1.9000000000000001,1.085416238222528,0,4,7,8,3.4,2.336837175451011,0,1,1,1,0.6,2.592276032881995,0,1,2,2,0.8999999999999999
3412004005,1.444648130878587,0,18,28,43,15.299999999999999,2.4227961853681226,0,2,3,3,1.5,1.9825644553822506,0,4,7,8,3.4,3.789309418362717,0,1,1,1,0.6,1.7859240869375363,0,1,2,2,0.8999999999999999
3412004006,0.2071145349614358,5,17,29,41,17.0,0.7961501552062922,1,2,3,3,1.9000000000000001,1.1521047701171736,0,4,7,8,3.4,2.121934157401691,0,1,1,1,0.6,3.101445460768242,0,1,2,2,0.8999999999999999
3412004007,0.4037876045260712,5,17,28,41,16.8,1.1925006101686373,0,2,3,3,1.5,1.4145527843662227,0,4,7,8,3.4,2.5563778228717697,0,1,1,1,0.6,2.630403504417979,0,1,2,2,0.8999999999999999
3412004008,0.4663761305353977,5,17,28,42,16.9,1.397553849661645,0,2,3,3,1.5,1.394421734099829,0,4,7,8,3.4,2.7637234057466853,0,1,1,1,0.6,2.3619447946581476,0,1,2,2,0.8999999999999999
3412004009,0.19399671913866123,5,19,29,41,17.599999999999998,0.796266799314982,1,2,3,3,1.9000000000000001,1.0761084330628832,0,4,7,8,3.4,2.1560957125823994,0,1,1,1,0.6,2.9438433694400583,0,1,2,2,0.8999999999999999
3412005001,0.34371349197123763,8,19,29,41,18.8,0.6139464738344876,2,2,3,3,2.3,0.0,3,4,7,8,4.6,0.8975704665776018,1,1,1,1,1.0,4.136742336447101,0,1,2,2,0.8999999999999999
3412005002,0.0,9,19,29,41,19.2,0.5701420588464421,2,2,3,3,2.3,0.38142015979656,3,4,7,8,4.6,0.8026805820792382,1,1,1,1,1.0,4.000505476390242,0,1,2,2,0.8999999999999999
3412005003,0.23435928053352115,8,19,29,41,18.8,0.4247887874711077,2,2,3,3,2.3,0.36703775412938544,2,4,7,8,4.199999999999999,1.040758127962741,0,1,1,1,0.6,3.7354399778755747,0,1,2,2,0.8999999999999999
3412005004,1.111073279726118,0,19,28,41,15.4,1.7499997713670254,0,2,3,3,1.5,0.5537933757760881,1,4,7,8,3.8,2.499456851428834,0,1,1,1,0.6,2.5944440685725074,0,1,2,2,0.8999999999999999
3412005005,0.0,9,19,29,42,19.3,0.5176749852751924,1,2,3,3,1.9000000000000001,0.33796070753424884,1,4,7,8,3.8,1.6749504049300312,0,1,1,1,0.6,3.0994090385586577,0,1,2,2,0.8999999999999999
3412005006,0.2941601981306296,11,19,29,41,20.0,0.2757662815218848,1,2,3,3,1.9000000000000001,0.24104091780497,2,4,7,8,4.199999999999999,1.406705637992084,0,1,1,1,0.6,3.3857424147721393,0,1,2,2,0.8999999999999999
3412005007,0.34056239062667676,8,19,29,42,18.900000000000002,0.8579095409024623,1,2,3,3,1.9000000000000001,0.5514279359248364,2,4,7,8,4.199999999999999,1.9149140964607712,0,1,1,1,0.6,2.851069565614989,0,1,2,2,0.8999999999999999
3412005008,0.1426440343465247,10,19,29,42,19.7,0.6587429138108603,1,2,3,3,1.9000000000000001,0.4301830536178561,1,4,7,8,3.8,1.7918500502975252,0,1,1,1,0.6,2.974360513218636,0,1,2,2,0.8999999999999999
3412005009,0.0,8,19,29,41,18.8,0.5738376898880589,1,2,3,3,1.9000000000000001,0.2403172807939181,2,4,7,8,4.199999999999999,1.1378897970489423,0,1,1,1,0.6,3.62764958058807,0,1,2,2,0.8999999999999999
3412005010,0.26578242104795113,7,19,29,42,18.5,0.8384088072994448,1,2,3,3,1.9000000000000001,0.421888370971489,1,4,7,8,3.8,1.149652352317327,0,1,1,1,0.6,3.6757920487373976,0,1,2,2,0.8999999999999999
3412005011,0.7806522013732943,2,19,29,42,16.5,1.349220651049545,0,2,3,3,1.5,0.8892500744018947,1,4,7,8,3.8,1.373929888816515,0,1,1,1,0.6,3.773557449948908,0,1,2,2,0.8999999999999999
3412005012,0.18047134300371293,10,19,29,42,19.7,0.5060278774320224,1,2,3,3,1.9000000000000001,0.16138122959999318,1,4,7,8,3.8,1.5217911074052672,0,1,1,1,0.6,3.2426302676248997,0,1,2,2,0.8999999999999999
3412005013,0.0,1,19,28,42,15.899999999999999,1.5588446276101107,0,2,3,3,1.5,1.2888739194642578,0,4,7,8,3.4,1.2888739194642578,0,1,1,1,0.6,5.5157530094688445,0,0,2,2,0.6
3412005014,0.8720946299023429,3,19,29,41,16.8,1.3287457170834487,0,2,3,3,1.5,0.8296236595268528,1,4,7,8,3.8,1.8009514195038288,0,1,1,1,0.6,3.2430002795255852,0,1,2,2,0.8999999999999999
3412005015,0.2403172807939181,10,19,29,42,19.7,0.501377794198411,1,2,3,3,1.9000000000000001,0.0,2,4,7,8,4.199999999999999,1.3676932171496299,0,1,1,1,0.6,3.3954840668840016,0,1,2,2,0.8999999999999999
3412006001,0.23967267441520176,6,19,28,42,17.9,1.0426057399631226,0,2,3,3,1.5,0.7169897663448837,2,4,7,8,4.199999999999999,2.2648942515600554,0,1,1,1,0.6,2.507907455481186,0,1,2,2,0.8999999999999999
3412006002,0.0,6,19,28,42,17.9,0.9982719601998936,1,2,3,3,1.9000000000000001,0.9238068018877219,2,4,7,8,4.199999999999999,2.301249620427575,0,1,1,1,0.6,2.525775391530404,0,1,2,2,0.8999999999999999
3412006003,2.0575822330474245,0,15,28,40,14.100000000000001,3.523044786602298,0,2,3,3,1.5,2.1604373534323282,0,4,7,8,3.4,4.763177266832482,0,1,1,1,0.6,0.0,1,1,2,2,1.3
3412006004,0.0,4,19,28,41,17.0,1.4780430640546134,0,2,3,3,1.5,0.5948216140022647,1,4,7,8,3.8,2.714169264744277,0,1,1,1,0.6,2.0575822330474245,0,1,2,2,0.8999999999999999
3412006006,0.5948216140022647,3,19,28,41,16.599999999999998,1.6676265304104234,0,2,3,3,1.5,0.0,1,4,7,8,3.8,2.688118459283779,0,1,1,1,0.6,2.1604373534323282,0,1,2,2,0.8999999999999999
3412006007,0.2636189819193737,9,19,28,42,19.099999999999998,0.8037804707016616,1,2,3,3,1.9000000000000001,0.720892449629852,2,4,7,8,4.199999999999999,2.0580924262672435,0,1,1,1,0.6,2.7327061489344624,0,1,2,2,0.8999999999999999
3412007001,0.2932186110863116,2,17,30,42,16.1,0.8145999836761199,1,2,3,3,1.9000000000000001,0.7633580218084186,1,4,7,8,3.8,1.0750680426011123,0,1,1,1,0.6,4.811894815971187,0,1,2,2,0.8999999999999999
3412007002,0.2569890760724986,7,19,28,41,18.2,0.46149201279379015,1,2,3,3,1.9000000000000001,0.44531642294309737,2,4,7,8,4.199999999999999,0.7351036266340502,1,1,1,1,1.0,4.580808406012158,0,1,2,2,0.8999999999999999
3412007003,0.0,6,19,30,42,18.3,0.5395934390334161,1,2,3,3,1.9000000000000001,0.7005410798689301,2,4,7,8,4.199999999999999,0.7895111066860718,1,1,1,1,1.0,4.832012493874061,0,1,2,2,0.8999999999999999
3412007004,1.050552951493225,0,18,30,44,15.799999999999999,1.69759966208111,0,3,3,3,1.7999999999999998,1.6900832385378306,0,5,7,8,3.7,1.6900832385378306,0,1,1,1,0.6,5.391195482313647,0,0,2,2,0.6
3412007005,0.0,8,19,29,41,18.8,0.5043844926893556,2,2,3,3,2.3,0.4002302724418547,3,4,7,8,4.6,0.6265159146877209,1,1,1,1,1.0,4.176134717683216,0,1,2,2,0.8999999999999999
3412007006,0.3097104269890087,9,19,28,41,19.0,0.4010996626312301,2,2,3,3,2.3,0.27054194405745724,2,4,7,8,4.199999999999999,0.6376911489816515,1,1,1,1,1.0,4.3571800344838385,0,1,2,2,0.8999999999999999
3412007007,0.2903196216188844,9,19,28,41,19.0,0.21720487001207184,2,2,3,3,2.3,0.4048695719236793,2,4,7,8,4.199999999999999,0.4048695719236793,1,1,1,1,1.0,4.463277714090055,0,1,2,2,0.8999999999999999
3412007008,0.40926365850307467,6,19,28,42,17.9,0.20236390925182998,1,2,3,3,1.9000000000000001,0.3909491406835537,2,4,7,8,4.199999999999999,0.3909491406835537,1,1,1,1,1.0,4.8456105783297705,0,1,2,2,0.8999999999999999
3412007009,0.3107090558693093,5,19,28,42,17.5,0.35532950867609825,1,2,3,3,1.9000000000000001,0.35318140580465446,1,4,7,8,3.8,0.35318140580465446,1,1,1,1,1.0,5.032672044925087,0,0,2,2,0.6
3412007010,0.0,8,19,28,41,18.6,0.43397829347084327,2,2,3,3,2.3,0.4420477200205658,3,4,7,8,4.6,0.4420477200205658,1,1,1,1,1.0,4.321146848373079,0,1,2,2,0.8999999999999999
3412007011,0.1998998721619051,8,19,28,41,18.6,0.4297661121017125,2,2,3,3,2.3,0.2723557838261492,3,4,7,8,4.6,0.6313106200560351,1,1,1,1,1.0,4.278654978306665,0,1,2,2,0.8999999999999999
3412007012,0.0,3,19,30,42,17.099999999999998,0.6522182768710477,1,2,3,3,1.9000000000000001,0.6533272074064514,1,4,7,8,3.8,0.6533272074064514,1,1,1,1,1.0,5.330410828046258,0,0,2,2,0.6
3412007013,0.08684391128421275,9,19,29,41,19.2,0.5926521856684919,2,2,3,3,2.3,0.36948281428961866,3,4,7,8,4.6,0.7195577205561435,1,1,1,1,1.0,4.087145476946792,0,1,2,2,0.8999999999999999
3412007014,0.404131823678973,9,19,28,41,19.0,0.40013542085208376,2,2,3,3,2.3,0.3034191361136502,2,4,7,8,4.199999999999999,0.6580751046890131,1,1,1,1,1.0,4.425400606166212,0,1,2,2,0.8999999999999999
3412007015,0.3671768337013158,7,19,28,41,18.2,0.2365179681977111,1,2,3,3,1.9000000000000001,0.49968387295197736,2,4,7,8,4.199999999999999,0.5097924129254239,1,1,1,1,1.0,4.60234262423346,0,1,2,2,0.8999999999999999
3412007016,0.43397829347084327,7,19,28,42,18.299999999999997,0.0,1,2,3,3,1.9000000000000001,0.2736374219814913,2,4,7,8,4.199999999999999,0.2736374219814913,1,1,1,1,1.0,4.679790676332751,0,1,2,2,0.8999999999999999
3412007017,0.3976012946541549,6,19,28,42,17.9,0.2546426977339462,1,2,3,3,1.9000000000000001,0.33550934622606876,2,4,7,8,4.199999999999999,0.33550934622606876,1,1,1,1,1.0,4.933544268943802,0,1,2,2,0.8999999999999999
3412007018,0.0,4,19,30,42,17.5,0.6435041069464734,1,2,3,3,1.9000000000000001,0.5259300612926519,1,4,7,8,3.8,0.5259300612926519,1,1,1,1,1.0,5.285821863713774,0,0,2,2,0.6
3412007019,0.6122255384055356,2,20,30,42,17.0,1.249090529399502,0,3,3,3,1.7999999999999998,1.1812636254231887,0,4,7,8,3.4,1.1812636254231887,0,1,1,1,0.6,5.7684137182494775,0,0,2,2,0.6
3412007020,0.4420477200205658,6,19,28,42,17.9,0.2736374219814913,1,2,3,3,1.9000000000000001,0.0,2,4,7,8,4.199999999999999,0.0,1,1,1,1,1.0,4.763177266832482,0,1,2,2,0.8999999999999999
3412101001,12.670786314453549,0,0,2,11,1.5,36.06042474537181,0,0,0,0,0.0,25.534554067034595,0,0,0,1,0.1,35.78686680385749,0,0,0,0,0.0,37.73474070974351,0,0,0,0,0.0
3412201001,4.695197241075861,0,1,2,7,1.4,24.7552942512084,0,0,0,1,0.1,4.695197241075861,0,1,1,4,0.9,63.62683818125968,0,0,0,0,0.0,60.017984665837744,0,0,0,0,0.0
3412301001,6.830954303201197,0,0,4,33,4.1000000000000005,22.79264619244974,0,0,0,3,0.30000000000000004,6.830954303201197,0,0,1,8,1.0,24.121126315260565,0,0,0,1,0.1,19.41469967306263,0,0,0,2,0.2
3412301002,0.0,1,1,4,36,5.1,20.665522637777883,0,0,0,3,0.30000000000000004,0.0,1,1,1,9,1.8,22.030250799058713,0,0,0,1,0.1,17.791133635283483,0,0,0,2,0.2
3412401001,13.899864693284284,0,0,2,10,1.4,20.956735924744127,0,0,0,1,0.1,14.60548290823139,0,0,1,4,0.6000000000000001,78.7093085998074,0,0,0,0,0.0,76.2391418341712,0,0,0,0,0.0
3412501001,9.227232986469133,0,0,3,44,5.0,15.966816965867576,0,0,0,4,0.4,11.357170739918411,0,0,1,9,1.1,16.713757167382923,0,0,0,1,0.1,11.357170739918411,0,0,1,2,0.4
3412601001,4.753988975538865,0,1,3,9,1.8,35.562051240687886,0,0,0,0,0.0,4.41884654241327,0,1,1,3,0.8,56.27328018016142,0,0,0,0,0.0,51.5374518423202,0,0,0,0,0.0
3412701001,8.105014452210982,0,0,4,36,4.4,19.36339989457225,0,0,0,3,0.30000000000000004,12.07797916911594,0,0,1,8,1.0,20.538599696401555,0,0,0,1,0.1,15.844574546153606,0,0,0,2,0.2
3412901001,14.093592225273575,0,0,1,11,1.3,17.00941204513421,0,0,0,1,0.1,14.622671771666301,0,0,1,3,0.5,62.8047883584712,0,0,0,0,0.0,62.27713317653804,0,0,0,0,0.0
3413001001,6.323956720049749,0,0,3,33,3.9,24.08461127280469,0,0,0,2,0.2,16.936646469275665,0,0,0,8,0.8,24.697670978901144,0,0,0,1,0.1,21.3194028833547,0,0,0,2,0.2
3413101001,14.087259985822781,0,0,2,12,1.6,45.26263472267845,0,0,0,0,0.0,11.584111824946428,0,0,1,5,0.7,46.6180983188608,0,0,0,0,0.0,42.009551913539724,0,0,0,0,0.0
3413201001,4.28485024069176,0,1,3,30,3.9000000000000004,28.99342174878517,0,0,0,2,0.2,12.42654429255193,0,0,1,7,0.9000000000000001,29.726519845463798,0,0,0,1,0.1,25.98558681281312,0,0,0,1,0.1
3413301001,5.924296122910148,0,0,8,84,10.0,18.790712925849743,0,0,0,7,0.7000000000000001,14.814325475960212,0,0,1,22,2.4,24.456313282237964,0,0,0,2,0.2,23.44366981733784,0,0,0,3,0.30000000000000004
3413401001,10.037740054742278,0,0,1,8,1.0,29.34017635856743,0,0,0,1,0.1,10.037740054742278,0,0,1,3,0.5,92.15674619699121,0,0,0,0,0.0,90.53525311686582,0,0,0,0,0.0
3413501001,7.16494360907155,0,0,2,6,1.0,7.16494360907155,0,0,1,1,0.3,11.85799998589879,0,0,1,3,0.5,62.04681673587699,0,0,0,0,0.0,61.48235118176655,0,0,0,0,0.0
3413601001,9.00255576934377,0,0,2,9,1.3,23.409287355703928,0,0,0,1,0.1,9.613426950424026,0,0,1,3,0.5,60.79212961735704,0,0,0,0,0.0,60.62935026049111,0,0,0,0,0.0
3413701001,14.469661199802044,0,0,2,13,1.7000000000000002,41.078267428119155,0,0,0,0,0.0,17.207883745629257,0,0,0,4,0.4,42.44469868506585,0,0,0,0,0.0,38.08226942361611,0,0,0,0,0.0
3413901001,4.023780976400843,0,1,2,8,1.5,15.290700626719033,0,0,0,1,0.1,8.36838520670168,0,0,2,4,0.8,65.41836767067511,0,0,0,0,0.0,63.251708272303496,0,0,0,0,0.0
3414001001,6.365603389021182,0,0,1,14,1.6,24.57954987787165,0,0,0,2,0.2,20.658904601098488,0,0,0,5,0.5,76.5732584210166,0,0,0,0,0.0,72.14046596503023,0,0,0,0,0.0
3414101001,9.862662885926023,0,0,2,31,3.5000000000000004,28.262924620840085,0,0,0,2,0.2,27.875078989937304,0,0,0,4,0.4,27.998598299783506,0,0,0,1,0.1,28.74715412235004,0,0,0,1,0.1
3414301001,8.394895454813387,0,0,3,8,1.4,38.363474730164995,0,0,0,0,0.0,7.7816851140760095,0,0,1,3,0.5,53.913881109765356,0,0,0,0,0.0,49.27695021369454,0,0,0,0,0.0
3414601001,4.72716023856127,0,1,29,38,9.9,10.746514890192955,0,0,3,3,0.8999999999999999,9.817275161533603,0,0,6,7,1.9,11.97340861934324,0,0,1,1,0.3,15.825436911374732,0,0,0,2,0.2
3414701001,4.218736291372853,0,1,4,8,1.9,40.95253418432562,0,0,0,0,0.0,9.340000277721902,0,0,1,3,0.5,50.819646160571786,0,0,0,0,0.0,46.10397790954659,0,0,0,0,0.0
3414901001,6.931002325725476,0,0,2,11,1.5,36.52741483254195,0,0,0,0,0.0,15.523046215507451,0,0,0,2,0.2,36.97323881992463,0,0,0,0,0.0,34.026388576116204,0,0,0,0,0.0
3415101001,7.4873648896067575,0,0,6,11,2.3,14.041063730454546,0,0,1,1,0.3,13.269066198900184,0,0,1,3,0.5,72.58189966364036,0,0,0,0,0.0,71.59293033422938,0,0,0,0,0.0
3415201001,8.118054835155702,0,0,4,33,4.1000000000000005,28.220211300785436,0,0,0,2,0.2,9.497355775877299,0,0,1,7,0.9000000000000001,29.09668351694206,0,0,0,1,0.1,24.98827514881741,0,0,0,1,0.1
3415401001,6.784384098650236,0,0,1,12,1.4000000000000001,27.796823163156006,0,0,0,1,0.1,15.945430925462466,0,0,0,4,0.4,70.41130788360526,0,0,0,0,0.0,66.13170851152356,0,0,0,0,0.0
3415501001,6.682562714922542,0,0,9,39,5.699999999999999,15.632619467719353,0,0,0,3,0.30000000000000004,13.974754285643753,0,0,1,9,1.1,16.549268610134327,0,0,0,1,0.1,12.395103149429541,0,0,1,2,0.4
3415601001,5.532933064005698,0,0,4,14,2.2,33.839479780783286,0,0,0,0,0.0,11.313681394684187,0,0,1,4,0.6000000000000001,35.12502529643002,0,0,0,0,0.0,30.364191652751206,0,0,0,0,0.0
3415701001,0.6134608190665319,1,1,3,9,2.2,31.619015234468566,0,0,0,0,0.0,0.0,1,1,1,3,1.2,60.15671869328635,0,0,0,0,0.0,55.4432830890169,0,0,0,0,0.0
3415701002,0.0,1,1,3,9,2.2,31.098002384566154,0,0,0,0,0.0,0.6134608190665319,1,1,1,3,1.2,60.673969355666905,0,0,0,0,0.0,55.95667219817212,0,0,0,0,0.0
3415701003,5.432354654003988,0,0,3,12,1.7999999999999998,28.50003760258618,0,0,0,1,0.1,5.476499200556307,0,0,1,4,0.6000000000000001,63.816095922775304,0,0,0,0,0.0,59.160177460982034,0,0,0,0,0.0
3415801001,6.20048902499118,0,0,4,7,1.5,11.677890419715853,0,0,1,1,0.3,8.015858120055169,0,0,2,3,0.7,79.19753219812014,0,0,0,0,0.0,78.70497343249941,0,0,0,0,0.0
3415901001,11.585519153068448,0,0,5,35,4.5,21.064024539304462,0,0,0,3,0.30000000000000004,14.533508936770371,0,0,1,8,1.0,22.0079058348899,0,0,0,1,0.1,17.75759321894572,0,0,0,2,0.2
3416001001,7.009532801981384,0,0,2,6,1.0,17.032683299235366,0,0,0,1,0.1,10.483373711396995,0,0,2,2,0.6,84.67390341930455,0,0,0,0,0.0,84.15770058333506,0,0,0,0,0.0
3416101001,6.5144270713553025,0,0,2,8,1.2000000000000002,28.70247156115038,0,0,0,1,0.1,6.5144270713553025,0,0,2,4,0.8,58.38252410798062,0,0,0,0,0.0,54.24609322111703,0,0,0,0,0.0
3416301001,5.149241401765337,0,0,5,13,2.3,38.611987797276015,0,0,0,0,0.0,5.149241401765337,0,0,1,4,0.6000000000000001,39.59355619502045,0,0,0,0,0.0,35.23176085958694,0,0,0,0,0.0
3416501001,16.789346383383055,0,0,0,14,1.4000000000000001,38.94347646175637,0,0,0,0,0.0,18.14169633658284,0,0,0,5,0.5,40.308010704936066,0,0,0,0,0.0,35.806349541736324,0,0,0,0,0.0
3416701001,9.12879203682358,0,0,21,61,10.3,12.648135351233734,0,0,3,5,1.0999999999999999,8.650585315511286,0,0,5,12,2.2,14.709197152866972,0,0,1,1,0.3,8.650585315511286,0,0,1,2,0.4
3416801001,9.253636972984225,0,0,3,10,1.6,31.367078345840554,0,0,0,0,0.0,9.253636972984225,0,0,2,4,0.8,57.263378210130554,0,0,0,0,0.0,52.71669073213223,0,0,0,0,0.0
3416901001,0.0,1,1,2,9,2.0,32.30849753614978,0,0,0,0,0.0,8.330605301396446,0,0,1,3,0.5,60.384642234886286,0,0,0,0,0.0,56.20393695764512,0,0,0,0,0.0
3417001001,7.303313522229746,0,0,4,7,1.5,12.05690112847132,0,0,1,1,0.3,9.399548648438868,0,0,2,3,0.7,69.37457536402185,0,0,0,0,0.0,67.70418118098365,0,0,0,0,0.0
3417101001,0.0,1,1,6,9,2.8,11.437524358471395,0,0,1,1,0.3,10.076048914294324,0,0,1,2,0.4,72.97796261499217,0,0,0,0,0.0,71.67039348778911,0,0,0,0,0.0
3417401001,6.881047976288114,0,0,2,32,3.6,27.932872010368204,0,0,0,2,0.2,22.776648264807115,0,0,0,6,0.6000000000000001,28.212821146380307,0,0,0,1,0.1,25.828635119158974,0,0,0,1,0.1
3417501001,4.359462972340071,0,1,5,9,2.1999999999999997,44.42799640355416,0,0,0,0,0.0,12.052331031289096,0,0,2,3,0.7,47.5770924242198,0,0,0,0,0.0,42.92030765482389,0,0,0,0,0.0
3417601001,9.142182445330754,0,0,3,9,1.5,26.646642746005117,0,0,0,1,0.1,9.142182445330754,0,0,1,5,0.7,66.22075233618615,0,0,0,0,0.0,62.16784255207944,0,0,0,0,0.0
3417701001,5.14687153157296,0,0,31,42,10.399999999999999,7.2929724932871265,0,0,3,3,0.8999999999999999,6.053005072706727,0,0,7,7,2.1,9.891834436238604,0,0,1,1,0.3,13.029488663109072,0,0,2,2,0.6
3417801001,11.632779400048372,0,0,2,11,1.5,34.50309252075374,0,0,0,0,0.0,27.211598810523512,0,0,0,1,0.1,34.22987867479107,0,0,0,0,0.0,36.321538353740735,0,0,0,0,0.0
3417901001,8.828047868647745,0,0,1,12,1.4000000000000001,19.44572110422466,0,0,0,1,0.1,15.36399389239914,0,0,0,3,0.30000000000000004,70.52047081939347,0,0,0,0,0.0,69.55736023396953,0,0,0,0,0.0
3418001001,7.440517165836077,0,0,3,36,4.2,23.55736745704079,0,0,0,3,0.30000000000000004,20.325121441347015,0,0,0,8,0.8,23.991722888758876,0,0,0,1,0.1,21.158342940004587,0,0,0,2,0.2
3418101001,0.0,1,4,25,45,11.1,7.468029290158508,0,0,3,3,0.8999999999999999,3.4465813502764564,0,1,6,8,2.3000000000000003,13.086661618849476,0,0,1,1,0.3,12.672993061287782,0,0,1,2,0.4
3418201001,0.0,1,1,4,39,5.4,18.929604037504774,0,0,0,3,0.30000000000000004,18.658045079027943,0,0,0,7,0.7000000000000001,18.658045079027943,0,0,0,1,0.1,20.208135054721453,0,0,0,2,0.2
3418401001,7.684982347351602,0,0,4,45,5.300000000000001,19.553307159326,0,0,0,4,0.4,17.262343464369835,0,0,0,11,1.1,22.63782520427406,0,0,0,1,0.1,17.262343464369835,0,0,0,2,0.2
3418501001,9.180165538041072,0,0,2,9,1.3,21.91678994018106,0,0,0,1,0.1,17.001993547288176,0,0,0,2,0.2,82.04245697251628,0,0,0,0,0.0,80.30123711325072,0,0,0,0,0.0
3418601001,8.025997404826366,0,0,2,23,2.7,29.960917909053318,0,0,0,1,0.1,28.966271857748065,0,0,0,3,0.30000000000000004,29.720078994287377,0,0,0,1,0.1,29.34200370951225,0,0,0,1,0.1
3418901001,5.8983310939697935,0,0,26,40,9.2,10.134028436856722,0,0,3,3,0.8999999999999999,9.562809928509628,0,0,5,8,1.8,9.884134660830703,0,0,1,1,0.3,10.587610181662141,0,0,1,2,0.4
3419001001,5.214192918071064,0,0,2,11,1.5,26.989231655628487,0,0,0,1,0.1,11.589723802656428,0,0,1,3,0.5,67.43382251336493,0,0,0,0,0.0,62.870726866979275,0,0,0,0,0.0
3419201001,8.519067906254524,0,0,4,11,1.9,43.334840201140295,0,0,0,0,0.0,8.519067906254524,0,0,1,4,0.6000000000000001,44.363860182083464,0,0,0,0,0.0,39.90358705959299,0,0,0,0,0.0
3419601001,7.146863571293047,0,0,10,38,5.800000000000001,14.682191149751937,0,0,1,3,0.5,11.577281377855378,0,0,1,7,0.9000000000000001,18.22033585400695,0,0,0,1,0.1,20.650671475286167,0,0,0,2,0.2
3419901001,0.0,1,1,6,9,2.8,14.026863815526747,0,0,1,1,0.3,12.698757282715277,0,0,1,2,0.4,72.90121636296438,0,0,0,0,0.0,71.1353764572517,0,0,0,0,0.0
3420101001,9.556694959476639,0,0,2,39,4.3,22.52601942023163,0,0,0,3,0.30000000000000004,18.74283934991668,0,0,0,7,0.7000000000000001,26.93575929133066,0,0,0,1,0.1,28.321057486395762,0,0,0,1,0.1
3420201001,8.50722882590598,0,0,2,13,1.7000000000000002,32.76559364623853,0,0,0,0,0.0,10.958521989266728,0,0,1,3,0.5,62.067975423155445,0,0,0,0,0.0,57.55911008460494,0,0,0,0,0.0
3420401001,12.761792090488287,0,0,3,10,1.6,40.16500086983667,0,0,0,0,0.0,12.761792090488287,0,0,1,3,0.5,44.86015899201774,0,0,0,0,0.0,40.911243519514855,0,0,0,0,0.0
3420501001,8.041219922762561,0,0,2,27,3.1,26.501146478362255,0,0,0,2,0.2,23.51264246318009,0,0,0,3,0.30000000000000004,29.343692408646117,0,0,0,1,0.1,32.45204746965555,0,0,0,0,0.0
3420601001,10.00565346836621,0,0,2,12,1.6,45.39807444816104,0,0,0,0,0.0,15.04732853026047,0,0,0,3,0.30000000000000004,46.76144159115629,0,0,0,0,0.0,42.496423735289525,0,0,0,0,0.0
3420801001,7.314605998040661,0,0,1,11,1.3,34.27098534491747,0,0,0,0,0.0,16.139153828199692,0,0,0,4,0.4,63.87408058677242,0,0,0,0,0.0,59.50173185734475,0,0,0,0,0.0
3421001001,12.482568473011908,0,0,3,13,1.9,31.387693886320655,0,0,0,0,0.0,30.35358653060538,0,0,0,0,0.0,31.11518318004326,0,0,0,0,0.0,32.60394287506473,0,0,0,0,0.0
3421101001,7.5985061549363335,0,0,4,12,2.0,42.29000217183232,0,0,0,0,0.0,12.115317571433941,0,0,1,4,0.6000000000000001,43.11667659176032,0,0,0,0,0.0,39.10693808273165,0,0,0,0,0.0
3421301001,4.633025477276178,0,1,2,33,4.0,26.146009359644125,0,0,0,3,0.30000000000000004,25.049515694707758,0,0,0,4,0.4,25.91162017466721,0,0,0,1,0.1,25.360923187894294,0,0,0,1,0.1
3421401001,6.799321393148018,0,0,5,13,2.3,7.3924874826515214,0,0,1,1,0.3,8.062163195109795,0,0,1,3,0.5,61.19275961733825,0,0,0,0,0.0,60.17546799361655,0,0,0,0,0.0
3421501001,3.827996607475935,0,2,4,13,2.6999999999999997,34.11018417955451,0,0,0,0,0.0,3.827996607475935,0,1,1,4,0.9,35.08628711478587,0,0,0,0,0.0,30.739736266933882,0,0,0,0,0.0
3421601001,15.952171079361081,0,0,0,14,1.4000000000000001,41.722379544254,0,0,0,0,0.0,15.134118415495633,0,0,0,5,0.5,43.08172134765786,0,0,0,0,0.0,38.507083877580044,0,0,0,0,0.0
3421701001,0.0,2,19,28,41,16.2,4.325864743704326,0,2,3,3,1.5,3.8346037703400717,0,4,7,8,3.4,4.098064117093436,0,1,1,1,0.6,5.397436022497147,0,0,2,2,0.6
3421801001,2.6702620256548033,0,1,2,11,1.7999999999999998,29.960157688957526,0,0,0,1,0.1,3.2145381184579542,0,1,1,3,0.8,61.94259571942478,0,0,0,0,0.0,57.20269700952757,0,0,0,0,0.0
3422001001,8.779971987275479,0,0,22,41,8.5,12.268802845019064,0,0,2,4,0.8,9.309965364766951,0,0,7,8,2.2,13.294846188623843,0,0,1,1,0.3,9.309965364766951,0,0,2,2,0.6
3422101001,6.321422286046939,0,0,25,38,8.8,12.893408007091045,0,0,2,3,0.7,12.627960378313201,0,0,4,7,1.5,12.627960378313201,0,0,1,1,0.3,13.887964184289592,0,0,1,2,0.4
3422201001,12.707730903062792,0,0,1,10,1.2,32.9694364918504,0,0,0,0,0.0,12.707730903062792,0,0,1,4,0.6000000000000001,59.54542386347634,0,0,0,0,0.0,55.45812311501953,0,0,0,0,0.0
3422301001,0.0,1,1,5,12,2.9000000000000004,45.021595688695726,0,0,0,0,0.0,12.959659714609728,0,0,2,4,0.8,46.77340547870105,0,0,0,0,0.0,42.04232788541444,0,0,0,0,0.0
3422401001,7.061346134536,0,0,4,24,3.2,29.359482839633525,0,0,0,1,0.1,10.441184182437965,0,0,2,7,1.1,30.619362212845875,0,0,0,0,0.0,25.857358034351513,0,0,0,1,0.1
3422501001,0.0,1,6,30,45,12.7,0.0,1,1,3,3,1.6,1.4068958914306118,0,2,7,9,2.9000000000000004,5.871899978231584,0,0,1,1,0.3,5.968480876148472,0,0,2,2,0.6
3422501002,1.4068958914306118,0,6,30,46,12.399999999999999,1.4068958914306118,0,1,3,3,1.2,0.0,1,3,7,9,3.6000000000000005,6.31584902630062,0,0,1,1,0.3,4.981006724332419,0,1,2,2,0.8999999999999999
3422501003,0.0,2,6,31,45,13.3,2.1571012455483127,0,1,3,3,1.2,3.1798452267494923,0,2,7,9,2.9000000000000004,6.65311346858457,0,0,1,1,0.3,8.058366997883194,0,0,2,2,0.6
3422501004,2.7390485848556443,0,10,32,45,13.9,3.0467690988432614,0,2,3,3,1.5,4.0932380243639015,0,3,7,8,3.1,4.0932380243639015,0,1,1,1,0.6,7.26866416131302,0,0,2,2,0.6
3422701001,10.353134442055982,0,0,2,20,2.4,30.70526527423486,0,0,0,0,0.0,12.32217946375043,0,0,1,5,0.7,32.03798690654266,0,0,0,0,0.0,27.33766198960599,0,0,0,1,0.1
3422801001,14.582678453076616,0,0,1,12,1.4000000000000001,37.60638885566441,0,0,0,0,0.0,17.63845620472891,0,0,0,4,0.4,57.04853706008812,0,0,0,0,0.0,52.76996360562427,0,0,0,0,0.0
3422901001,10.903391158144373,0,0,2,10,1.4,32.81778034955421,0,0,0,0,0.0,10.903391158144373,0,0,1,4,0.6000000000000001,57.90592638739707,0,0,0,0,0.0,54.04632171339291,0,0,0,0,0.0
3423001001,6.792617616393806,0,0,4,16,2.4000000000000004,31.27932791132327,0,0,0,0,0.0,6.792617616393806,0,0,1,4,0.6000000000000001,32.194519301708866,0,0,0,0,0.0,27.987816335628462,0,0,0,1,0.1
3423101001,8.228124887380865,0,0,3,9,1.5,41.54678115311224,0,0,0,0,0.0,12.463487786122398,0,0,2,3,0.7,51.65185869694098,0,0,0,0,0.0,46.890295400003616,0,0,0,0,0.0
3423201001,0.0,2,2,4,12,3.4000000000000004,21.992337428178686,0,0,0,1,0.1,11.93620055055303,0,0,1,4,0.6000000000000001,32.91307003403811,0,0,0,0,0.0,28.789810295499578,0,0,0,1,0.1
3423301001,11.193457806361808,0,0,3,11,1.7,44.17187603785797,0,0,0,0,0.0,11.329472223721226,0,0,1,4,0.6000000000000001,45.08414309198667,0,0,0,0,0.0,40.87014102562562,0,0,0,0,0.0
3423401001,10.667609476398114,0,0,1,11,1.3,36.4301442932173,0,0,0,0,0.0,15.705610967835918,0,0,0,4,0.4,60.38354297728398,0,0,0,0,0.0,56.027330241483554,0,0,0,0,0.0
3423601001,3.484133602467072,0,1,4,11,2.2,42.11216818294513,0,0,0,0,0.0,9.848737487005804,0,0,1,4,0.6000000000000001,43.31430346582901,0,0,0,0,0.0,38.5891874088591,0,0,0,0,0.0
3423701001,3.4845381915410716,0,2,24,44,9.8,9.986441241456593,0,0,2,3,0.7,9.071108472150959,0,0,6,9,2.0999999999999996,11.351577437762774,0,0,1,1,0.3,7.000991389395742,0,0,2,2,0.6
3423801001,0.0,1,1,12,37,6.8,15.387600013266159,0,0,0,3,0.30000000000000004,13.947048434106105,0,0,1,7,0.9000000000000001,16.565571577964178,0,0,0,1,0.1,20.125833035840877,0,0,0,2,0.2
3424001001,9.37670900408092,0,0,3,38,4.4,14.121284673369656,0,0,1,4,0.6000000000000001,19.340192912471156,0,0,0,10,1.0,28.607646099194692,0,0,0,1,0.1,23.113119577039335,0,0,0,3,0.30000000000000004
3424101001,8.118526627808988,0,0,3,13,1.9,32.476970929409354,0,0,0,0,0.0,24.158317768209358,0,0,0,1,0.1,32.45394105241723,0,0,0,0,0.0,31.036164709810546,0,0,0,0,0.0
3424201001,8.988394819297913,0,0,3,13,1.9,38.55999925583113,0,0,0,0,0.0,26.79666196029044,0,0,0,1,0.1,38.9522154995336,0,0,0,0,0.0,28.806551595832566,0,0,0,1,0.1
3424301001,7.488554595788797,0,0,3,31,3.7,27.847869416456934,0,0,0,2,0.2,7.488554595788797,0,0,1,6,0.8,28.977106968314903,0,0,0,1,0.1,24.34611517180773,0,0,0,1,0.1
3424501001,10.101996933881125,0,0,2,13,1.7000000000000002,22.38483365200689,0,0,0,1,0.1,12.7280788034914,0,0,1,4,0.6000000000000001,57.37125500687957,0,0,0,0,0.0,57.17080147425573,0,0,0,0,0.0
3424601001,6.884788501282819,0,0,4,12,2.0,33.83726204168707,0,0,0,0,0.0,10.163086471654875,0,0,1,3,0.5,34.62170485103776,0,0,0,0,0.0,30.73175657102203,0,0,0,0,0.0
3490101001,0.0,1,1,3,11,2.4000000000000004,43.971648001833515,0,0,0,0,0.0,11.0043932589034,0,0,1,3,0.5,44.60092420331444,0,0,0,0,0.0,41.10527529469489,0,0,0,0,0.0
3490201001,10.929994935388805,0,0,3,16,2.2,31.065746780245576,0,0,0,0,0.0,10.929994935388805,0,0,1,4,0.6000000000000001,32.42864466047294,0,0,0,0,0.0,27.90639308737062,0,0,0,1,0.1
3490301001,12.504570900634095,0,0,2,11,1.5,42.722697096491764,0,0,0,0,0.0,14.295170651122179,0,0,1,4,0.6000000000000001,51.632656733649334,0,0,0,0,0.0,47.17782950056731,0,0,0,0,0.0
3490401001,15.655556081982718,0,0,0,4,0.4,30.632298080209843,0,0,0,0,0.0,15.655556081982718,0,0,0,2,0.2,98.27462461848404,0,0,0,0,0.0,97.19561378788883,0,0,0,0,0.0
3700101001,5.752321694720248,0,0,2,12,1.6,23.7439470588493,0,0,0,1,0.1,11.932647245013257,0,0,1,3,0.5,47.64641053187298,0,0,0,0,0.0,47.599337779354016,0,0,0,0,0.0
3700201001,16.33556747147711,0,0,0,8,0.8,27.518569484255508,0,0,0,1,0.1,16.65281040877617,0,0,0,3,0.30000000000000004,86.22167545947282,0,0,0,0,0.0,56.07209730108498,0,0,0,0,0.0
3700301001,11.22880551381788,0,0,3,5,1.0999999999999999,34.1236681496511,0,0,0,0,0.0,11.22880551381788,0,0,1,1,0.3,92.61080532156535,0,0,0,0,0.0,92.8627925608193,0,0,0,0,0.0
3700401001,8.612290086352099,0,0,4,10,1.8,13.8872295627848,0,0,1,1,0.3,17.684325545675485,0,0,0,2,0.2,64.42285259826266,0,0,0,0,0.0,64.21124588105089,0,0,0,0,0.0
3700501001,7.017570020979823,0,0,2,7,1.1,30.544589949626594,0,0,0,0,0.0,21.08076080703095,0,0,0,2,0.2,99.33480950433416,0,0,0,0,0.0,89.8779196540274,0,0,0,0,0.0
3700601001,12.869640096506178,0,0,2,6,1.0,41.574139524231164,0,0,0,0,0.0,29.51196747568105,0,0,0,1,0.1,111.24578842438036,0,0,0,0,0.0,89.80648282264956,0,0,0,0,0.0
3700701001,10.132763289071312,0,0,1,17,1.9000000000000001,19.387603045327225,0,0,0,2,0.2,12.268712913288782,0,0,1,5,0.7,38.01413805183759,0,0,0,0,0.0,37.88683505297512,0,0,0,0,0.0
3700801001,4.766881392910011,0,2,16,69,10.700000000000001,4.766881392910011,0,1,2,5,1.2,3.224931690829597,0,2,4,19,3.3,15.927308433752813,0,0,0,1,0.1,16.213239237321243,0,0,0,2,0.2
3700801002,0.0,2,2,6,71,9.7,0.0,1,1,1,5,1.4,4.781734628004881,0,1,2,19,2.6,19.54802344676214,0,0,0,1,0.1,20.398318400368876,0,0,0,2,0.2
3700801003,4.781734628004881,0,2,9,71,9.5,4.781734628004881,0,1,1,5,1.0,0.0,1,1,2,19,3.0,18.906542145808903,0,0,0,1,0.1,18.856293357157796,0,0,0,2,0.2
3700901001,10.631230390659313,0,0,3,13,1.9,7.009252980346738,0,0,1,1,0.3,15.813422314716483,0,0,0,4,0.4,63.6958955931906,0,0,0,0,0.0,57.575597619824755,0,0,0,0,0.0
3701001001,0.0,1,1,5,11,2.8000000000000003,31.994296721487665,0,0,0,0,0.0,0.0,1,1,1,3,1.2,64.91070448031141,0,0,0,0,0.0,32.88393904628905,0,0,0,0,0.0
3701101001,11.357363557962316,0,0,2,5,0.9,43.64041129009598,0,0,0,0,0.0,31.562516365001336,0,0,0,0,0.0,112.79449704624564,0,0,0,0,0.0,88.66587142203143,0,0,0,0,0.0
3701201001,7.2958826897562545,0,0,7,68,8.200000000000001,15.589301733042292,0,0,0,5,0.5,9.723747984224607,0,0,4,19,2.7,24.841371164849292,0,0,0,1,0.1,22.84847585564354,0,0,0,2,0.2
3701301001,6.012998855132092,0,0,9,21,3.9,11.490086666566267,0,0,1,1,0.3,10.460107997599273,0,0,2,5,0.9,65.37609097191495,0,0,0,0,0.0,11.126772709807048,0,0,1,1,0.3
3701401001,0.0,1,1,1,8,1.7000000000000002,26.325040208500962,0,0,0,1,0.1,28.67659397837146,0,0,0,2,0.2,80.62809585887726,0,0,0,0,0.0,83.34003503519791,0,0,0,0,0.0
3701501001,6.0746130599419494,0,0,1,5,0.7,32.397931520539586,0,0,0,0,0.0,25.50876717820113,0,0,0,2,0.2,98.46007749276507,0,0,0,0,0.0,94.40404343729904,0,0,0,0,0.0
3701601001,4.100113178591564,0,1,54,69,18.0,8.495795221311642,0,0,3,4,0.9999999999999999,6.617325698408927,0,0,16,20,5.2,11.066149874030401,0,0,1,1,0.3,7.597962901201123,0,0,2,2,0.6
3701701001,10.871413825126131,0,0,3,67,7.300000000000001,24.293556899133844,0,0,0,3,0.30000000000000004,6.218490679303186,0,0,1,16,1.8,27.371528236122934,0,0,0,1,0.1,23.860607750242586,0,0,0,2,0.2
3701801001,5.376211053885504,0,0,4,11,1.9,27.414284698761083,0,0,0,1,0.1,15.142887852379282,0,0,0,3,0.30000000000000004,51.78947982823116,0,0,0,0,0.0,37.99426804834488,0,0,0,0,0.0
3701901001,8.783564179993608,0,0,1,64,6.6000000000000005,19.266861791333564,0,0,0,3,0.30000000000000004,15.338097036737055,0,0,0,16,1.6,22.49237503011202,0,0,0,1,0.1,21.194732366704145,0,0,0,2,0.2
3702001001,5.436121336053337,0,0,31,73,13.5,13.382176480908392,0,0,2,5,0.9,5.436121336053337,0,0,8,20,3.6,16.003156281883168,0,0,0,1,0.1,12.55657041914342,0,0,1,2,0.4
3702101001,5.850061870447245,0,0,6,68,8.0,5.850061870447245,0,0,1,5,0.7,3.80536577821238,0,1,3,19,2.8,22.702777104306385,0,0,0,1,0.1,22.637131775535078,0,0,0,2,0.2
3702201001,3.7081670421738426,0,1,5,20,3.3,6.123648864040459,0,0,1,2,0.4,3.7081670421738426,0,1,2,5,1.2,37.63796432517823,0,0,0,0,0.0,35.152577884185945,0,0,0,0,0.0
3702301001,0.0,2,4,53,66,19.2,8.158417044290552,0,0,3,4,0.9999999999999999,6.102140555150448,0,0,15,17,4.7,6.102140555150448,0,0,1,1,0.3,7.346553235554451,0,0,2,2,0.6
3702401001,4.487945973542912,0,2,9,26,5.0,23.637162367420377,0,0,0,3,0.30000000000000004,5.705752028982511,0,0,1,6,0.8,40.844310289322685,0,0,0,0,0.0,24.21739160905635,0,0,0,1,0.1
3702501001,12.069833084337409,0,0,2,7,1.1,34.8976103940808,0,0,0,0,0.0,13.023323804250168,0,0,1,1,0.3,35.63392596680513,0,0,0,0,0.0,36.271989557664064,0,0,0,0,0.0
3702601001,11.902238342911767,0,0,2,14,1.8000000000000003,14.062851365312314,0,0,1,1,0.3,15.509373352969222,0,0,0,5,0.5,58.25432154789095,0,0,0,0,0.0,51.16850116528742,0,0,0,0,0.0
3702701001,9.38662197458798,0,0,7,67,8.1,16.230238914474448,0,0,0,3,0.30000000000000004,12.294319176136845,0,0,1,16,1.8,19.196098091944542,0,0,0,1,0.1,18.10162069505924,0,0,0,2,0.2
3702801001,9.170993400173453,0,0,3,14,2.0,22.83946843958543,0,0,0,1,0.1,17.576653172769795,0,0,0,4,0.4,56.648105668704744,0,0,0,0,0.0,59.61100723609327,0,0,0,0,0.0
3702901001,7.558451722069783,0,0,4,39,4.7,9.146810714526966,0,0,1,2,0.4,12.665559543974583,0,0,1,10,1.2,28.182208552402503,0,0,0,1,0.1,29.389793932837506,0,0,0,2,0.2
3703001001,7.0788198889777245,0,0,3,51,5.700000000000001,27.20723804053717,0,0,0,2,0.2,8.466670415614137,0,0,1,12,1.4000000000000001,30.108794931362088,0,0,0,0,0.0,29.06559658568649,0,0,0,1,0.1
3703101001,4.11383651436686,0,1,6,73,8.8,23.042013304399813,0,0,0,5,0.5,7.518776624407263,0,0,1,20,2.2,25.643479656538585,0,0,0,1,0.1,22.115388265991445,0,0,0,2,0.2
3703201001,3.3001004041928095,0,5,55,68,19.3,5.927014823930858,0,0,4,4,1.2,5.542379490982241,0,0,16,17,4.8999999999999995,5.542379490982241,0,0,1,1,0.3,7.095881059714581,0,0,2,2,0.6
3703301001,5.239715630906511,0,0,6,70,8.2,17.309737111425743,0,0,0,3,0.30000000000000004,13.436469797323635,0,0,1,17,1.9000000000000001,20.268100720280056,0,0,0,1,0.1,16.687529006944114,0,0,0,2,0.2
3703401001,10.245014291250177,0,0,1,63,6.5,19.74057726960648,0,0,0,3,0.30000000000000004,15.778621181618453,0,0,0,16,1.6,22.86617091289322,0,0,0,1,0.1,21.654301163543114,0,0,0,2,0.2
3703501001,11.157815623999408,0,0,3,20,2.6,22.189986110602295,0,0,0,2,0.2,18.862879903255898,0,0,0,6,0.6000000000000001,40.48184508705685,0,0,0,0,0.0,35.02876533338944,0,0,0,0,0.0
3703601001,3.427402216233729,0,1,6,18,3.3000000000000003,29.717279603488212,0,0,0,1,0.1,10.163476236287197,0,0,2,4,0.8,54.86546594549092,0,0,0,0,0.0,29.72198663963831,0,0,0,1,0.1
3703701001,8.534736629893144,0,0,4,11,1.9,18.36800688576272,0,0,0,1,0.1,8.534736629893144,0,0,2,3,0.7,79.30620364941821,0,0,0,0,0.0,56.18354959829851,0,0,0,0,0.0
3703801001,0.0,1,2,11,72,10.4,17.431686182131042,0,0,0,5,0.5,0.0,1,1,1,20,2.9000000000000004,20.166693348733286,0,0,0,1,0.1,17.097611077780947,0,0,0,2,0.2
3703901001,13.45736792964375,0,0,2,13,1.7000000000000002,24.19079564944544,0,0,0,2,0.2,17.2992047704714,0,0,0,3,0.30000000000000004,81.7874181153681,0,0,0,0,0.0,82.17280521264301,0,0,0,0,0.0
3704001001,0.0,1,1,14,65,10.0,15.376478028567128,0,0,0,4,0.4,14.920737379937089,0,0,1,16,1.8,14.920737379937089,0,0,1,1,0.3,15.576910453770884,0,0,0,2,0.2
3704101001,11.831695668290234,0,0,2,18,2.2,33.81893714127564,0,0,0,0,0.0,8.983355941708291,0,0,1,4,0.6000000000000001,39.191388803310836,0,0,0,0,0.0,34.09321089868845,0,0,0,0,0.0
3704201001,3.809546166139042,0,2,2,12,2.2,3.809546166139042,0,1,1,1,0.6,7.023207174252398,0,0,1,2,0.4,67.85438706056244,0,0,0,0,0.0,67.64579776743356,0,0,0,0,0.0
3704401001,0.0,1,1,3,8,2.1,20.372921373382887,0,0,0,1,0.1,12.289405560969177,0,0,1,2,0.4,85.11331072855918,0,0,0,0,0.0,84.96115028654094,0,0,0,0,0.0
3704501001,7.276212325733312,0,0,6,14,2.5999999999999996,32.42994486095908,0,0,0,0,0.0,10.742415925882995,0,0,2,3,0.7,51.157777378734906,0,0,0,0,0.0,32.71949512845379,0,0,0,0,0.0
3704601001,0.0,4,5,7,24,6.8999999999999995,1.6243246552120605,0,1,1,2,0.7,0.6019530025313287,1,2,2,5,1.9000000000000001,62.573853997449575,0,0,0,0,0.0,1.2900899303127569,0,1,1,1,0.6
3704601003,0.0,4,5,8,23,7.0,1.0299794785863345,0,1,1,2,0.7,0.0,2,2,2,5,2.3,62.32712317146582,0,0,0,0,0.0,0.7967283873789175,1,1,1,1,1.0
3704602001,0.0,5,5,7,23,7.199999999999999,0.9698985929655054,1,1,1,2,1.1,0.3609570598068962,2,2,2,5,2.3,62.63300296662163,0,0,0,0,0.0,0.5467557994707077,1,1,1,1,1.0
3704602002,0.35406718401902276,5,5,8,23,7.4,0.6561882476080312,1,1,1,2,1.1,0.39405401784172783,2,2,2,5,2.3,62.34293240687275,0,0,0,0,0.0,0.4466498131230048,1,1,1,1,1.0
3704603001,0.46380850576283944,4,5,8,23,7.0,0.46380850576283944,1,1,1,2,1.1,0.25881516309921765,2,2,2,5,2.3,62.39031875499955,0,0,0,0,0.0,0.25881516309921765,1,1,1,1,1.0
3704603002,0.32104733029958715,4,5,8,23,7.0,0.32104733029958715,1,1,1,2,1.1,0.32317412043692906,2,2,2,5,2.3,62.433344977004346,0,0,0,0,0.0,0.32317412043692906,1,1,1,1,1.0
3704603003,0.5467557994707077,4,5,8,23,7.0,0.5850577773131139,1,1,1,2,1.1,0.0,2,2,2,5,2.3,62.6296783839541,0,0,0,0,0.0,0.0,1,1,1,1,1.0
3704604001,0.0,3,5,8,23,6.6,0.0,1,1,1,2,1.1,0.5850577773131139,1,2,2,5,1.9000000000000001,62.11280479103472,0,0,0,0,0.0,0.5850577773131139,1,1,1,1,1.0
3704604002,0.4140054882514538,1,5,8,23,5.8,0.4140054882514538,1,1,1,2,1.1,0.6047017594222589,1,2,2,5,1.9000000000000001,62.41055970779731,0,0,0,0,0.0,0.6047017594222589,1,1,1,1,1.0
3704604003,0.0,5,5,8,23,7.4,0.8745871536985748,1,1,1,2,1.1,0.2799468907129551,2,2,2,5,2.3,62.0800857590154,0,0,0,0,0.0,0.8163050886743409,1,1,1,1,1.0
3704604004,0.36731289998395156,1,5,8,23,5.8,0.36731289998395156,1,1,1,2,1.1,0.8254287037856203,1,2,2,5,1.9000000000000001,62.112028883760594,0,0,0,0,0.0,0.8254287037856203,1,1,1,1,1.0
3704604005,0.5245436971804607,1,5,8,23,5.8,0.5245436971804607,1,1,1,2,1.1,0.8946059305724834,1,2,2,5,1.9000000000000001,62.21258843516957,0,0,0,0,0.0,0.8946059305724834,1,1,1,1,1.0
3704701001,10.846967733877998,0,0,3,70,7.6,12.761780364080234,0,0,1,4,0.6000000000000001,13.91707806922651,0,0,1,18,2.0,22.448421379229142,0,0,0,1,0.1,24.055839677924492,0,0,0,2,0.2
3704901001,4.978726833870908,0,1,3,8,1.7,21.008768819928566,0,0,0,1,0.1,4.978726833870908,0,1,1,2,0.7,84.47326235671893,0,0,0,0,0.0,84.4725488458457,0,0,0,0,0.0
3705001001,9.646149257092418,0,0,2,14,1.8000000000000003,34.62124247853567,0,0,0,0,0.0,15.974770956481638,0,0,0,3,0.30000000000000004,38.820646480168705,0,0,0,0,0.0,40.00204778330024,0,0,0,0,0.0
3705101001,5.485424146164274,0,0,9,26,4.4,24.068430204371957,0,0,0,2,0.2,10.905836662677885,0,0,1,6,0.8,34.01508503875412,0,0,0,0,0.0,28.685506400365902,0,0,0,1,0.1
3705201001,7.251362813356483,0,0,5,10,2.0,18.54126320283364,0,0,0,2,0.2,10.840772261232237,0,0,1,3,0.5,57.68685284196862,0,0,0,0,0.0,58.17272705171604,0,0,0,0,0.0
3705401001,8.958835280119397,0,0,5,9,1.9,24.23717813365459,0,0,0,1,0.1,12.912344938336897,0,0,2,2,0.6,92.28704724544706,0,0,0,0,0.0,71.00271115635748,0,0,0,0,0.0
3705501001,7.222377645595749,0,0,1,11,1.3,17.915597711450207,0,0,0,2,0.2,14.56464005958978,0,0,1,3,0.5,72.99422841636043,0,0,0,0,0.0,73.21282061010915,0,0,0,0,0.0
3705601001,7.676912308060438,0,0,1,6,0.8,37.215818838025015,0,0,0,0,0.0,17.793523636814204,0,0,0,1,0.1,97.049961521761,0,0,0,0,0.0,97.38399583315365,0,0,0,0,0.0
3705701001,3.0500079053875258,0,3,4,20,3.6999999999999997,3.7858752503092847,0,1,1,2,0.7,4.830141365497892,0,1,2,5,1.2,38.53608234044794,0,0,0,0,0.0,36.75917843019137,0,0,0,0,0.0
3705801001,10.052304857164009,0,0,4,13,2.1,10.052304857164009,0,0,1,1,0.3,13.38667202937836,0,0,1,2,0.4,60.42642376356951,0,0,0,0,0.0,60.041077002985034,0,0,0,0,0.0
3705901001,6.958002008914601,0,0,2,10,1.4,26.16449488830134,0,0,0,2,0.2,6.958002008914601,0,0,1,2,0.4,48.1696651153194,0,0,0,0,0.0,48.611675994524724,0,0,0,0,0.0
3706001001,9.768018787248456,0,0,5,70,8.0,9.768018787248456,0,0,1,4,0.6000000000000001,8.956100340373476,0,0,2,19,2.3000000000000003,17.556305354866375,0,0,0,1,0.1,19.14278006626098,0,0,0,2,0.2
3706101001,5.661565542070127,0,0,4,14,2.2,25.27804755973302,0,0,0,1,0.1,10.299018267906721,0,0,1,4,0.6000000000000001,57.85996395240505,0,0,0,0,0.0,38.337444472493665,0,0,0,0,0.0
3706201001,6.408644575164227,0,0,13,73,9.9,16.339992942681445,0,0,0,5,0.5,7.354967422260755,0,0,2,20,2.4,18.762927666762337,0,0,0,1,0.1,15.071390685618612,0,0,0,2,0.2
3706301001,3.7695381101911756,0,1,10,25,4.8,15.021352923334346,0,0,0,2,0.2,5.113026914882594,0,0,1,6,0.8,49.385546887884004,0,0,0,0,0.0,15.606409351725889,0,0,0,1,0.1
3706501001,10.943893717757216,0,0,3,9,1.5,15.519138816856929,0,0,0,1,0.1,18.199559759042874,0,0,0,2,0.2,78.24380741984278,0,0,0,0,0.0,77.9135070692045,0,0,0,0,0.0
3706701001,2.61026849200397,0,30,57,68,27.200000000000003,3.898993450330686,0,2,3,4,1.6,1.9718992550238088,0,10,15,18,7.8,5.750109180309576,0,0,1,1,0.3,1.9718992550238088,0,2,2,2,1.2
3706701002,3.839872656740381,0,4,57,68,19.4,5.605671161494259,0,0,3,4,0.9999999999999999,3.870413077646627,0,3,16,19,5.999999999999999,8.04297685207051,0,0,1,1,0.3,4.487094193553751,0,1,2,2,0.8999999999999999
3706801001,6.557089299546258,0,0,2,12,1.6,21.095531750644597,0,0,0,1,0.1,6.557089299546258,0,0,1,3,0.5,48.92134924426245,0,0,0,0,0.0,49.77171240423488,0,0,0,0,0.0
3706901001,0.0,1,2,54,71,18.9,8.314310817859846,0,0,3,5,1.0999999999999999,6.4919162386707,0,0,16,19,5.1,11.05296726032429,0,0,1,1,0.3,8.54009567551811,0,0,2,2,0.6
3707001001,2.0753375054637866,0,2,55,70,18.599999999999998,7.457491585998649,0,0,4,4,1.2,4.790439654991898,0,1,15,19,5.2,9.299568790199785,0,0,1,1,0.3,9.29900944990074,0,0,2,2,0.6
3707101001,4.822517888805834,0,1,10,25,4.8,5.999694977449104,0,0,1,2,0.4,5.174246483745581,0,0,2,6,1.0,60.10949746380426,0,0,0,0,0.0,5.967717386462969,0,0,1,1,0.3
3707201001,5.312072783405096,0,0,5,60,7.0,20.65279801728115,0,0,0,3,0.30000000000000004,20.10929712040455,0,0,0,17,1.7000000000000002,20.218066147032168,0,0,0,1,0.1,20.888762303534538,0,0,0,2,0.2
3707301001,0.0,1,1,35,67,14.399999999999999,13.097113253322636,0,0,2,3,0.7,9.841012616261477,0,0,10,18,3.8,16.468002665394884,0,0,0,1,0.1,14.715625509050962,0,0,2,2,0.6
3707401001,11.533386006071854,0,0,4,9,1.7,26.96573153862077,0,0,0,1,0.1,14.87945429543946,0,0,1,2,0.4,96.58695619812309,0,0,0,0,0.0,78.34124313574185,0,0,0,0,0.0
3707701001,7.65346210403704,0,0,9,33,5.1,13.419944544817566,0,0,1,2,0.4,10.482075960103183,0,0,2,7,1.1,33.88591241203475,0,0,0,0,0.0,30.92871611557725,0,0,0,0,0.0
3707801001,0.0,1,1,7,23,4.4,6.4199623979954366,0,0,1,2,0.4,6.009453076041103,0,0,2,4,0.8,68.32123359759129,0,0,0,0,0.0,6.009453076041103,0,0,1,1,0.3
3707901001,9.963718985866574,0,0,3,59,6.5,24.20531227766706,0,0,0,3,0.30000000000000004,22.750947809979984,0,0,0,16,1.6,24.47013069180416,0,0,0,1,0.1,24.836937249653825,0,0,0,2,0.2
3708001001,2.463409767350127,0,5,7,24,5.300000000000001,5.2167674843486145,0,0,1,2,0.4,4.250178762799801,0,2,2,6,1.6,64.8558377646919,0,0,0,0,0.0,4.732206207143104,0,1,1,1,0.6
3708101001,0.0,1,1,8,24,4.7,26.491082534339746,0,0,0,2,0.2,24.651591114037444,0,0,0,4,0.4,44.745845966531604,0,0,0,0,0.0,27.427598011826916,0,0,0,1,0.1
3708201001,0.0,2,2,6,43,6.9,24.343389831982012,0,0,0,2,0.2,13.691456878248468,0,0,1,11,1.3,32.190453751684224,0,0,0,0,0.0,28.61270152572002,0,0,0,1,0.1
3708301001,0.0,1,2,4,18,3.6000000000000005,4.0172220220184265,0,1,1,1,0.6,5.891982432041092,0,0,2,5,0.9,43.31342177133674,0,0,0,0,0.0,41.032511328387365,0,0,0,0,0.0
3708501001,0.0,3,32,56,67,28.7,2.2548639364676295,0,3,3,4,1.9,1.5597305130809107,0,10,15,17,7.7,1.5597305130809107,0,1,1,1,0.6,2.9083843401603104,0,2,2,2,1.2
3708501002,0.3127697007096169,3,35,56,67,29.6,1.9645555819557825,0,3,3,4,1.9,1.6946651052998323,0,11,15,17,8.0,1.6946651052998323,0,1,1,1,0.6,2.9036663970000474,0,2,2,2,1.2
3708501003,1.048066457823345,0,40,57,67,30.1,1.048066457823345,0,3,3,4,1.9,1.6230649731959463,0,12,15,17,8.299999999999999,1.8217565370721631,0,1,1,1,0.6,2.431698352244759,0,2,2,2,1.2
3708501004,0.0,1,13,55,67,21.999999999999996,3.155482490557358,0,1,3,4,1.3,3.1755949707819395,0,4,16,18,6.2,4.2672491636429655,0,1,1,1,0.6,5.356542582197458,0,0,2,2,0.6
3708601001,7.715025178253855,0,0,4,10,1.8,21.36443999511825,0,0,0,1,0.1,9.629631861149793,0,0,2,2,0.6,91.30349880430772,0,0,0,0,0.0,76.94640811837391,0,0,0,0,0.0
3708701001,0.0,1,1,46,66,16.5,11.187827730335057,0,0,3,4,0.9999999999999999,10.205084939324797,0,0,12,17,4.1,11.631370661734561,0,0,1,1,0.3,11.849271766839172,0,0,2,2,0.6
3708801001,8.941738385954311,0,0,2,11,1.5,35.28667345562772,0,0,0,0,0.0,18.257122613907217,0,0,0,2,0.2,34.045311416624365,0,0,0,0,0.0,35.08064098945383,0,0,0,0,0.0
3708901001,6.599848806236997,0,0,9,22,4.0,24.792528003426067,0,0,0,1,0.1,10.908404302154516,0,0,2,4,0.8,37.83209716825644,0,0,0,0,0.0,25.261452895750605,0,0,0,1,0.1
3709001001,3.7294971253504645,0,1,5,18,3.0999999999999996,27.198432563872764,0,0,0,1,0.1,8.231468250134549,0,0,2,4,0.8,58.0034471530043,0,0,0,0,0.0,27.136860585200903,0,0,0,1,0.1
3709101001,9.423929524483205,0,0,3,5,1.0999999999999999,44.58158068486301,0,0,0,0,0.0,32.7849845843975,0,0,0,0,0.0,112.42870191175777,0,0,0,0,0.0,84.67977502881853,0,0,0,0,0.0
3709201001,0.0,2,3,54,70,19.5,8.738409920454464,0,0,3,4,0.9999999999999999,7.327994302442982,0,0,15,18,4.8,11.325091509414301,0,0,1,1,0.3,7.626171815339084,0,0,2,2,0.6
3709601001,12.373919380263516,0,0,3,11,1.7,15.23575834070345,0,0,0,1,0.1,14.778861656833266,0,0,1,3,0.5,80.14239992851759,0,0,0,0,0.0,78.73649165489805,0,0,0,0,0.0
3709701001,9.134789230101847,0,0,3,12,1.7999999999999998,9.07131341230392,0,0,1,1,0.3,13.263756450301866,0,0,1,3,0.5,60.94492252640697,0,0,0,0,0.0,59.79251177086431,0,0,0,0,0.0
3709801001,3.482542489723006,0,1,5,19,3.2,24.704214939706876,0,0,0,1,0.1,8.435754024630478,0,0,1,4,0.6000000000000001,61.58947077847614,0,0,0,0,0.0,24.55575261969282,0,0,0,1,0.1
3709901001,4.862093262632474,0,1,6,12,2.7,29.55002234510218,0,0,0,1,0.1,10.378312167618098,0,0,2,3,0.7,55.14243713834644,0,0,0,0,0.0,34.37580559689156,0,0,0,0,0.0
3710001001,6.59832938273787,0,0,2,7,1.1,21.530277297030327,0,0,0,1,0.1,18.83887258131056,0,0,0,2,0.2,85.57795610376162,0,0,0,0,0.0,85.30157324630659,0,0,0,0,0.0
3710101001,10.28888421448061,0,0,3,11,1.7,16.51583313502545,0,0,0,1,0.1,10.28888421448061,0,0,2,2,0.6,77.17135777463795,0,0,0,0,0.0,77.26352884063945,0,0,0,0,0.0
3710201001,8.994396578882679,0,0,4,15,2.3,16.441259694875033,0,0,0,1,0.1,15.54152899085476,0,0,0,3,0.30000000000000004,73.72469374740308,0,0,0,0,0.0,15.90090657397947,0,0,0,1,0.1
3710301001,0.0,1,1,11,25,5.4,21.256087016800894,0,0,0,3,0.30000000000000004,9.071099561942955,0,0,1,6,0.8,45.33366639783942,0,0,0,0,0.0,23.893767657199323,0,0,0,1,0.1
3710401001,5.236291069070576,0,0,6,18,3.0,30.014881806005604,0,0,0,0,0.0,10.117831164702757,0,0,2,3,0.7,52.96195907746973,0,0,0,0,0.0,30.056673175405113,0,0,0,0,0.0
3710601001,10.145650994003752,0,0,2,9,1.3,17.433282799622454,0,0,0,1,0.1,16.134482498372332,0,0,0,3,0.30000000000000004,48.671658579697706,0,0,0,0,0.0,48.71935145940395,0,0,0,0,0.0
3710701001,1.0757174242954521,0,2,4,12,2.5999999999999996,13.163867002146038,0,0,1,1,0.3,1.0757174242954521,0,1,2,2,0.8999999999999999,82.89874919869021,0,0,0,0,0.0,69.69741094484137,0,0,0,0,0.0
3710701002,1.145350856467065,0,2,4,12,2.5999999999999996,13.214268571764185,0,0,1,1,0.3,1.145350856467065,0,1,2,2,0.8999999999999999,82.89382615237237,0,0,0,0,0.0,69.46363596042995,0,0,0,0,0.0
3710702001,6.113712843387194,0,0,6,11,2.3,9.072479489032915,0,0,1,1,0.3,6.113712843387194,0,0,2,2,0.6,78.6481228134142,0,0,0,0,0.0,70.88372451364658,0,0,0,0,0.0
3710702002,0.4642366157369087,1,2,4,12,3.0,12.518269084008312,0,0,1,1,0.3,0.4642366157369087,1,1,2,2,1.3,82.28060071762614,0,0,0,0,0.0,69.44254661242738,0,0,0,0,0.0
3710702003,0.0,1,2,6,12,3.4,7.375034991042831,0,0,1,1,0.3,4.7079415743550825,0,1,2,3,0.9999999999999999,76.0225946906039,0,0,0,0,0.0,63.685911570787255,0,0,0,0,0.0
3710702004,0.0,1,2,4,11,2.9000000000000004,11.91646870448049,0,0,1,1,0.3,0.0,1,1,2,3,1.4000000000000001,78.97343660009382,0,0,0,0,0.0,62.63908601217609,0,0,0,0,0.0
3710702005,3.7063630396425395,0,1,4,11,2.2,13.89774881773425,0,0,1,1,0.3,3.7063630396425395,0,1,2,2,0.8999999999999999,83.84060301166477,0,0,0,0,0.0,72.71310348196796,0,0,0,0,0.0
3710702006,6.869119676190926,0,0,5,11,2.1,0.0,1,1,1,1,1.0,11.91646870448049,0,0,2,3,0.7,69.95464364159028,0,0,0,0,0.0,63.519839832495705,0,0,0,0,0.0
3710702007,1.959986042078033,0,1,4,10,2.1,13.7186844946302,0,0,1,1,0.3,1.959986042078033,0,1,2,2,0.8999999999999999,80.8846281829716,0,0,0,0,0.0,63.52632595977177,0,0,0,0,0.0
3710702008,0.0,1,2,4,12,3.0,12.090654355476268,0,0,1,1,0.3,0.0,1,1,2,2,1.3,81.82875293679271,0,0,0,0,0.0,69.06097932594068,0,0,0,0,0.0
3710703001,0.0,1,2,4,11,2.9000000000000004,15.661500472455886,0,0,0,1,0.1,3.953993883945347,0,1,2,2,0.8999999999999999,84.9284444146007,0,0,0,0,0.0,69.35538246055445,0,0,0,0,0.0
3710801001,6.974525820208202,0,0,7,61,7.5,14.143466983611875,0,0,1,5,0.7,6.893512541738557,0,0,4,18,2.6,26.875435705440943,0,0,0,1,0.1,25.30408320465093,0,0,0,2,0.2
3710901001,7.376279968119376,0,0,3,21,2.7,16.920336729125655,0,0,0,1,0.1,15.913431612268718,0,0,0,5,0.5,64.30996525269022,0,0,0,0,0.0,16.6552274135435,0,0,0,1,0.1
3711001001,5.5943791495970965,0,0,6,70,8.2,17.480923028830063,0,0,0,5,0.5,5.5943791495970965,0,0,3,19,2.5,21.460645782210104,0,0,0,1,0.1,19.10972164281731,0,0,0,2,0.2
3711201001,8.535329393481419,0,0,10,24,4.4,14.366483105540208,0,0,1,1,0.3,12.572698624255175,0,0,3,5,1.0999999999999999,56.018437736331144,0,0,0,0,0.0,14.411029508175883,0,0,1,1,0.3
3711301001,0.0,1,1,3,8,2.1,19.64855953306321,0,0,0,2,0.2,13.082780955863683,0,0,1,2,0.4,54.43931873457549,0,0,0,0,0.0,54.74515734304939,0,0,0,0,0.0
3711401001,11.308976685704975,0,0,1,18,2.0,18.744394622503563,0,0,0,2,0.2,20.072956236314326,0,0,0,6,0.6000000000000001,38.287653267621344,0,0,0,0,0.0,39.028304442970395,0,0,0,0,0.0
3711501001,11.98322029549375,0,0,5,13,2.3,8.795784274832394,0,0,1,1,0.3,14.517515520838622,0,0,1,4,0.6000000000000001,64.45705453893872,0,0,0,0,0.0,54.80609582303812,0,0,0,0,0.0
3711601001,6.017244783582136,0,0,3,19,2.5,30.83174477865596,0,0,0,0,0.0,11.640093078461549,0,0,1,3,0.5,32.550709843086985,0,0,0,0,0.0,32.21048459861001,0,0,0,0,0.0
3711701001,0.0,2,4,55,67,19.7,5.949648369025387,0,0,3,4,0.9999999999999999,5.0446777615454765,0,0,14,18,4.6000000000000005,7.215430914124342,0,0,1,1,0.3,6.960161087182633,0,0,2,2,0.6
3711801001,4.115917661922403,0,2,6,68,8.6,4.115917661922403,0,1,1,4,0.9,8.575323456600469,0,0,2,20,2.4,22.679173475671853,0,0,0,1,0.1,23.933033854396157,0,0,0,2,0.2
3711901001,6.164839533024277,0,0,4,10,1.8,20.15590332213053,0,0,0,1,0.1,8.799322407285349,0,0,2,2,0.6,87.63017133391651,0,0,0,0,0.0,67.24601725050415,0,0,0,0,0.0
3712001001,2.873731451790418,0,1,1,13,1.8000000000000003,27.123376907112192,0,0,0,1,0.1,15.229384995887125,0,0,0,3,0.30000000000000004,37.67159973616314,0,0,0,0,0.0,37.47692959122885,0,0,0,0,0.0
3712101001,5.549865378326884,0,0,14,71,9.9,13.471035557657286,0,0,1,5,0.7,7.986115121802473,0,0,5,19,2.9000000000000004,17.702290166611093,0,0,0,1,0.1,15.877841809348045,0,0,0,2,0.2
3712201001,5.571042240492248,0,0,6,68,8.0,5.571042240492248,0,0,1,4,0.6000000000000001,9.755438442709321,0,0,2,19,2.3000000000000003,21.1161998029302,0,0,0,1,0.1,22.569271938405585,0,0,0,2,0.2
3712301001,10.2979477379512,0,0,3,9,1.5,10.2979477379512,0,0,1,1,0.3,10.162225049285562,0,0,1,2,0.4,74.55489591379839,0,0,0,0,0.0,74.47091613789675,0,0,0,0,0.0
3712401001,6.599585227329888,0,0,9,24,4.199999999999999,23.360302469674977,0,0,0,1,0.1,9.171855715038843,0,0,2,5,0.9,40.630091694310124,0,0,0,0,0.0,23.766768550512683,0,0,0,1,0.1
3712501001,6.711855164165897,0,0,3,22,2.8,30.025414400086984,0,0,0,0,0.0,4.825604780018587,0,1,1,5,1.0,44.2143761114891,0,0,0,0,0.0,30.237107415937892,0,0,0,0,0.0
3712601001,12.64765168617413,0,0,3,12,1.7999999999999998,12.64765168617413,0,0,1,1,0.3,13.755590831213516,0,0,1,3,0.5,52.59583623916111,0,0,0,0,0.0,52.34897761839367,0,0,0,0,0.0
3712701001,7.397311629811006,0,0,2,9,1.3,32.94087524330748,0,0,0,0,0.0,20.985310531733557,0,0,0,2,0.2,102.8127217504746,0,0,0,0,0.0,84.68418238836334,0,0,0,0,0.0
3712801001,8.357004664628443,0,0,6,68,8.0,26.534029859880683,0,0,0,3,0.30000000000000004,14.824707981417378,0,0,2,17,2.1,28.77196622433622,0,0,0,1,0.1,25.00020864584425,0,0,0,2,0.2
3712901001,6.052316791921668,0,0,53,66,17.2,8.892559794594833,0,0,3,3,0.8999999999999999,5.149031682519929,0,0,14,17,4.5,11.687702302045034,0,0,1,1,0.3,10.690579942967862,0,0,2,2,0.6
3713001001,4.4398198173936,0,1,5,65,7.8,16.77733926546661,0,0,0,3,0.30000000000000004,13.118517258738411,0,0,1,16,1.8,20.141403348302088,0,0,0,1,0.1,18.67558959346398,0,0,0,2,0.2
3713101001,10.190823598856548,0,0,8,24,4.0,26.946904090263793,0,0,0,1,0.1,15.027045426137528,0,0,0,3,0.30000000000000004,32.90975025628448,0,0,0,0,0.0,30.49710543860418,0,0,0,0,0.0
3713201001,8.428499501063225,0,0,1,4,0.6000000000000001,38.618463800526825,0,0,0,0,0.0,15.368727606448164,0,0,0,1,0.1,102.37657942476164,0,0,0,0,0.0,102.38751795969847,0,0,0,0,0.0
3713301001,6.6160660740425925,0,0,15,25,5.5,6.6160660740425925,0,0,1,2,0.4,7.201104551997646,0,0,3,5,1.0999999999999999,56.331801090052465,0,0,0,0,0.0,7.201104551997646,0,0,1,1,0.3
3713401001,7.3649800890110955,0,0,4,65,7.300000000000001,13.844575010028835,0,0,1,4,0.6000000000000001,16.567016441915936,0,0,0,15,1.5,25.900265953629376,0,0,0,1,0.1,27.495508621407833,0,0,0,2,0.2
3713501001,0.0,1,1,2,10,2.1,22.212974427690213,0,0,0,1,0.1,0.0,1,1,1,2,1.1,48.63079987774914,0,0,0,0,0.0,49.290095395165935,0,0,0,0,0.0
3713601001,0.0,1,1,2,8,1.9000000000000001,35.3532880181229,0,0,0,0,0.0,23.771186831811427,0,0,0,2,0.2,103.02318604950267,0,0,0,0,0.0,77.34778746342612,0,0,0,0,0.0
3713701001,9.198052886746773,0,0,1,12,1.4000000000000001,23.213836708065674,0,0,0,2,0.2,17.459031568053195,0,0,0,3,0.30000000000000004,77.10472940872346,0,0,0,0,0.0,77.45636706830605,0,0,0,0,0.0
3713801001,0.0,2,2,11,25,6.1,17.972556086395862,0,0,0,2,0.2,5.34357453287476,0,0,1,5,0.7,44.15784919651982,0,0,0,0,0.0,18.48054120432865,0,0,0,1,0.1
3713901001,0.0,1,1,13,24,5.699999999999999,14.399316396256362,0,0,1,2,0.4,3.956370459328044,0,1,3,5,1.4,48.24127553086539,0,0,0,0,0.0,14.966706864837526,0,0,1,1,0.3
3714001001,0.0,1,1,1,8,1.7000000000000002,33.678594294435584,0,0,0,0,0.0,22.645747638897465,0,0,0,2,0.2,103.42484360471292,0,0,0,0,0.0,89.63432836240845,0,0,0,0,0.0
3714101001,5.619878870204586,0,0,4,24,3.2,13.315878184974613,0,0,1,3,0.5,7.496894630491707,0,0,2,8,1.2000000000000002,30.418104365508775,0,0,0,0,0.0,29.961432137293418,0,0,0,1,0.1
3714201001,2.5650269298745987,0,2,28,64,12.6,13.643127515653164,0,0,2,3,0.7,12.297152329186606,0,0,7,16,3.0,14.195419632165876,0,0,1,1,0.3,14.384750664036256,0,0,1,2,0.4
3714301001,8.348109703170925,0,0,3,21,2.7,15.947725778928392,0,0,0,1,0.1,18.510984234797487,0,0,0,5,0.5,33.322526756141286,0,0,0,0,0.0,34.80671600336191,0,0,0,0,0.0
3714401001,9.559846772058542,0,0,4,55,6.300000000000001,9.559846772058542,0,0,1,4,0.6000000000000001,14.066913643458305,0,0,1,15,1.7000000000000002,26.581113923304493,0,0,0,1,0.1,28.04640932966453,0,0,0,2,0.2
3714501001,9.51574349326619,0,0,3,10,1.6,24.65857890422139,0,0,0,1,0.1,14.705294141694363,0,0,1,2,0.4,94.08627024202538,0,0,0,0,0.0,83.50732642535922,0,0,0,0,0.0
3714601001,5.02709329504905,0,0,5,18,2.8,20.20091981955762,0,0,0,2,0.2,12.724650381455666,0,0,1,3,0.5,48.56446327395582,0,0,0,0,0.0,30.425823053478243,0,0,0,0,0.0
3714701001,4.3102117784365905,0,1,7,22,3.9,22.14131161590839,0,0,0,1,0.1,9.530091431025685,0,0,2,5,0.9,55.172087111642256,0,0,0,0,0.0,22.151520254320292,0,0,0,1,0.1
3714801001,0.0,1,1,8,70,9.3,9.81625459594355,0,0,1,5,0.7,5.109310004814186,0,0,4,19,2.7,20.707143278759244,0,0,0,1,0.1,19.71204577249829,0,0,0,2,0.2
3714901001,11.880353851544234,0,0,2,12,1.6,29.201387081121887,0,0,0,1,0.1,11.880353851544234,0,0,1,3,0.5,40.417603433076614,0,0,0,0,0.0,40.78577457891303,0,0,0,0,0.0
3715001001,2.9886502414738225,0,1,3,11,2.0,26.479810923347298,0,0,0,1,0.1,10.804571623437049,0,0,1,2,0.4,39.79646009646399,0,0,0,0,0.0,39.37462441316972,0,0,0,0,0.0
3715101001,11.023278203454312,0,0,4,60,6.800000000000001,19.968559754719035,0,0,0,3,0.30000000000000004,17.111038380248132,0,0,0,15,1.5,21.603295680186545,0,0,0,1,0.1,21.289682168384832,0,0,0,2,0.2
3715201001,3.4543106407223942,0,3,48,71,17.6,12.744521153669474,0,0,3,4,0.9999999999999999,9.861752662006571,0,0,14,20,4.800000000000001,14.973200825971775,0,0,1,1,0.3,11.21002193423266,0,0,2,2,0.6
3715401001,6.729455829922378,0,0,2,10,1.4,6.729455829922378,0,0,1,1,0.3,5.868413589712472,0,0,1,2,0.4,70.30739404743231,0,0,0,0,0.0,70.24247678836474,0,0,0,0,0.0
3715501001,4.618064842469801,0,1,11,24,4.9,18.133402494209193,0,0,0,2,0.2,4.368254175282238,0,1,1,6,1.1,46.97731604170514,0,0,0,0,0.0,18.718445036119476,0,0,0,1,0.1
3715601001,1.9515314111277993,0,3,11,25,5.6,18.34385817356458,0,0,0,2,0.2,0.0,1,1,1,6,1.5,44.61789274360148,0,0,0,0,0.0,18.913657923068822,0,0,0,1,0.1
3715601002,0.0,2,3,11,24,6.3,20.206878869629552,0,0,0,2,0.2,1.9515314111277993,0,1,1,5,1.0,42.6683702725288,0,0,0,0,0.0,20.772426987593544,0,0,0,1,0.1
3715601003,0.0,1,3,11,26,6.1,22.888746345607956,0,0,0,2,0.2,5.4791051964591935,0,0,1,4,0.6000000000000001,39.43408976367222,0,0,0,0,0.0,23.432657932464377,0,0,0,1,0.1
3715701001,10.379429173332488,0,0,3,8,1.4,27.270747306463704,0,0,0,1,0.1,15.361109644512993,0,0,0,2,0.2,91.20334392258862,0,0,0,0,0.0,64.1296280149416,0,0,0,0,0.0
3715801001,5.898566933446741,0,0,4,15,2.3,27.79455513934187,0,0,0,1,0.1,6.650431089071504,0,0,1,4,0.6000000000000001,66.86341304282716,0,0,0,0,0.0,27.54857228290589,0,0,0,1,0.1
3715901001,8.728284109801034,0,0,5,25,3.5,27.19738621300416,0,0,0,1,0.1,4.978066994707989,0,1,1,5,1.0,40.77966740295708,0,0,0,0,0.0,27.51389736145352,0,0,0,1,0.1
3716001001,0.0,1,1,3,5,1.8,30.427957103203067,0,0,0,0,0.0,7.250646223951341,0,0,1,2,0.4,93.9527181831474,0,0,0,0,0.0,93.9694315292395,0,0,0,0,0.0
3716101001,9.614963595632338,0,0,11,22,4.4,12.099827641245918,0,0,1,1,0.3,11.191779893494004,0,0,2,5,0.9,60.03468423652066,0,0,0,0,0.0,11.985596821522595,0,0,1,1,0.3
3716201001,13.38286708801083,0,0,1,18,2.0,18.52690339105786,0,0,0,1,0.1,21.4947110572325,0,0,0,5,0.5,37.60422672785133,0,0,0,0,0.0,38.84286359416788,0,0,0,0,0.0
3716301001,5.716564432456279,0,0,11,25,4.7,5.716564432456279,0,0,1,2,0.4,6.111865705105718,0,0,2,5,0.9,61.149040998530594,0,0,0,0,0.0,6.111865705105718,0,0,1,1,0.3
3716401001,3.519100720737897,0,1,16,72,10.7,14.51244692067104,0,0,1,5,0.7,3.519100720737897,0,1,5,20,3.3,17.256698292140122,0,0,0,1,0.1,14.49197456060864,0,0,1,2,0.4
3716501001,10.220464500267807,0,0,4,14,2.2,13.84785960397385,0,0,1,1,0.3,17.305499819188974,0,0,0,3,0.30000000000000004,60.4743469344666,0,0,0,0,0.0,59.986091454519766,0,0,0,0,0.0
3716601001,7.431652287206401,0,0,4,8,1.6,30.02308511918983,0,0,0,0,0.0,17.993853565341517,0,0,0,2,0.2,99.13752323686545,0,0,0,0,0.0,78.22076100660142,0,0,0,0,0.0
3716701001,11.924195347561383,0,0,3,63,6.9,22.134156994603824,0,0,0,3,0.30000000000000004,11.924195347561383,0,0,1,15,1.7000000000000002,24.838699100982442,0,0,0,1,0.1,23.92317185654916,0,0,0,2,0.2
3716801001,8.743658496294128,0,0,2,14,1.8000000000000003,19.2804340224215,0,0,0,1,0.1,18.290326023580434,0,0,0,4,0.4,72.94719863327911,0,0,0,0,0.0,18.80311928670235,0,0,0,1,0.1
3716901001,6.437402592355598,0,0,3,20,2.6,13.10725603630017,0,0,1,2,0.4,15.18207937624862,0,0,0,6,0.6000000000000001,32.651058256461525,0,0,0,0,0.0,33.41363166498587,0,0,0,0,0.0
3717001001,0.0,2,2,5,14,3.8,33.98303181117195,0,0,0,0,0.0,0.0,1,1,1,2,1.1,36.55786904264777,0,0,0,0,0.0,35.73133760887793,0,0,0,0,0.0
3717101001,4.292877215988628,0,1,15,25,5.8,10.190423202992287,0,0,1,2,0.4,8.242834878573616,0,0,3,5,1.0999999999999999,52.09525836043999,0,0,0,0,0.0,10.747172324196816,0,0,1,1,0.3
3717201001,3.754855690214153,0,1,5,25,3.8,25.254560833024463,0,0,0,1,0.1,0.0,1,1,1,5,1.4,45.64201678866977,0,0,0,0,0.0,25.4813923675188,0,0,0,1,0.1
3717301001,4.1288440007957625,0,1,2,7,1.4,25.635895849439667,0,0,0,1,0.1,4.1288440007957625,0,1,1,2,0.7,86.13607350605129,0,0,0,0,0.0,86.28370530167453,0,0,0,0,0.0
3717302001,0.0,1,1,3,8,2.1,25.144103599823122,0,0,0,1,0.1,0.0,1,1,1,2,1.1,87.42880826016919,0,0,0,0,0.0,87.50314769193054,0,0,0,0,0.0
3717401001,9.494982212886967,0,0,6,23,3.5,10.648423974243313,0,0,1,2,0.4,0.0,1,1,2,7,1.8,33.20656065766962,0,0,0,0,0.0,31.916330748994312,0,0,0,0,0.0
3717501001,4.008698619957627,0,1,49,71,17.2,10.630608126254405,0,0,4,5,1.3,9.159660862274974,0,0,15,19,4.9,13.175678857109471,0,0,1,1,0.3,11.541901944080466,0,0,2,2,0.6
3717601001,5.987238075772429,0,0,5,17,2.7,27.071792338470075,0,0,0,1,0.1,5.987238075772429,0,0,1,4,0.6000000000000001,63.016080341502146,0,0,0,0,0.0,26.902211588162693,0,0,0,1,0.1
3717701001,0.0,1,1,4,14,2.9,21.341157085061763,0,0,0,1,0.1,10.968784132170144,0,0,1,5,0.7,62.78961366840899,0,0,0,0,0.0,42.364988417585835,0,0,0,0,0.0
3717801001,14.480672264755004,0,0,2,14,1.8000000000000003,14.801918215604063,0,0,1,2,0.4,9.811217513344777,0,0,1,5,0.7,41.3063014172531,0,0,0,0,0.0,40.52647187612777,0,0,0,0,0.0
3717901001,5.920848004417723,0,0,4,18,2.6,5.920848004417723,0,0,1,2,0.4,8.366796214721974,0,0,2,5,0.9,41.83112754778566,0,0,0,0,0.0,40.23851289249542,0,0,0,0,0.0
3718001001,6.795205506312353,0,0,2,14,1.8000000000000003,17.907864324782526,0,0,0,1,0.1,21.333031997410767,0,0,0,4,0.4,58.53675660554658,0,0,0,0,0.0,59.05795862858083,0,0,0,0,0.0
3718101001,12.775800884127468,0,0,2,8,1.2000000000000002,26.428985277732643,0,0,0,1,0.1,14.712389322730417,0,0,1,3,0.5,88.78619022098742,0,0,0,0,0.0,61.05176296522697,0,0,0,0,0.0
3718201001,5.984196579401206,0,0,7,71,8.5,5.984196579401206,0,0,1,4,0.6000000000000001,6.398493616499417,0,0,2,19,2.3000000000000003,17.177188324868325,0,0,0,1,0.1,18.657401656111126,0,0,0,2,0.2
3718301001,8.545360277870088,0,0,3,11,1.7,13.682818112690459,0,0,1,1,0.3,8.545360277870088,0,0,1,3,0.5,56.86072255697488,0,0,0,0,0.0,57.58064688238657,0,0,0,0,0.0
3718401001,4.469963451188207,0,1,2,8,1.5,22.233709493657134,0,0,0,1,0.1,25.24504244679548,0,0,0,2,0.2,77.71615692797573,0,0,0,0,0.0,80.50949179286859,0,0,0,0,0.0
3718501001,2.4721292879691408,0,2,51,69,17.7,8.83464214589452,0,0,3,3,0.8999999999999999,6.678771923880344,0,0,14,18,4.6000000000000005,12.254139503524664,0,0,1,1,0.3,10.043214531594561,0,0,2,2,0.6
3718601001,12.039752320808459,0,0,1,55,5.7,25.70360115004756,0,0,0,3,0.30000000000000004,16.917914846344573,0,0,0,14,1.4000000000000001,26.990425788694452,0,0,0,1,0.1,26.86730079849867,0,0,0,2,0.2
3718701001,0.0,1,1,2,55,6.6000000000000005,26.44777641831967,0,0,0,3,0.30000000000000004,24.199928645933973,0,0,0,17,1.7000000000000002,25.39923479345407,0,0,0,1,0.1,26.34462905141829,0,0,0,2,0.2
3718801001,5.01388559270338,0,0,2,38,4.2,15.150339126212172,0,0,0,2,0.2,17.32452491724771,0,0,0,8,0.8,28.38647983096777,0,0,0,1,0.1,29.973883745096398,0,0,0,1,0.1
3718901001,15.32428350488177,0,0,0,37,3.7,26.01264571186794,0,0,0,1,0.1,17.088268007716046,0,0,0,5,0.5,28.89094032857568,0,0,0,1,0.1,30.42936027569309,0,0,0,0,0.0
3719001001,8.08204213529874,0,0,2,7,1.1,26.323806785932934,0,0,0,1,0.1,21.78313711155295,0,0,0,2,0.2,87.7845649969053,0,0,0,0,0.0,89.60699963469003,0,0,0,0,0.0
3719101001,5.8840583974881655,0,0,2,9,1.3,16.453586184035718,0,0,0,1,0.1,17.184540831930285,0,0,0,2,0.2,80.87186802743302,0,0,0,0,0.0,80.64124853167476,0,0,0,0,0.0
3719201001,3.928169314910404,0,2,53,67,17.9,9.392754747464005,0,0,3,4,0.9999999999999999,7.79196518067767,0,0,15,17,4.7,7.79196518067767,0,0,1,1,0.3,9.369537611669022,0,0,2,2,0.6
3719301001,0.0,1,1,5,22,3.9000000000000004,21.703613863073738,0,0,0,1,0.1,11.781966930487906,0,0,2,5,0.9,59.473523071885786,0,0,0,0,0.0,21.5997943865353,0,0,0,1,0.1
3719401001,2.997282119327444,0,1,6,17,3.2,28.38051622775225,0,0,0,1,0.1,6.505782701972594,0,0,2,4,0.8,59.3851344485992,0,0,0,0,0.0,28.292344437266234,0,0,0,1,0.1
3719501001,3.8422029137835834,0,1,6,23,3.8000000000000003,18.511877349944506,0,0,0,1,0.1,12.160154874463242,0,0,1,5,0.7,57.40041861724455,0,0,0,0,0.0,18.471459301386613,0,0,0,1,0.1
3719601001,5.158364902996633,0,0,5,17,2.7,27.546931868368098,0,0,0,1,0.1,5.876880080597503,0,0,1,4,0.6000000000000001,61.4491247833209,0,0,0,0,0.0,27.41286704092153,0,0,0,1,0.1
3719701001,6.183466089707108,0,0,8,25,4.1,22.76060401767167,0,0,0,1,0.1,5.940468090316522,0,0,1,5,0.7,43.04420117359363,0,0,0,0,0.0,23.102087319503486,0,0,0,1,0.1
3719801001,0.0,1,1,1,13,2.2,23.390802964709525,0,0,0,1,0.1,18.449730500783524,0,0,0,4,0.4,52.366804493020865,0,0,0,0,0.0,53.858235992939974,0,0,0,0,0.0
3719901001,6.709560718180985,0,0,3,13,1.9,23.59591407690814,0,0,0,1,0.1,9.778289167954698,0,0,1,4,0.6000000000000001,69.05649070544294,0,0,0,0,0.0,42.655141832038574,0,0,0,0,0.0
3720001001,0.0,1,1,7,20,4.1,19.79271230978522,0,0,0,1,0.1,12.436032188182118,0,0,1,4,0.6000000000000001,33.25392841770147,0,0,0,0,0.0,31.3491661768648,0,0,0,0,0.0
3720101001,4.987665173982875,0,1,8,20,3.9000000000000004,12.00938493187822,0,0,1,1,0.3,11.020495968743269,0,0,2,5,0.9,68.42099519928004,0,0,0,0,0.0,11.534125652829875,0,0,1,1,0.3
3720201001,0.0,1,2,53,69,18.5,7.228750023499558,0,0,3,4,0.9999999999999999,6.262996942496712,0,0,14,18,4.6000000000000005,10.612188992824253,0,0,1,1,0.3,7.946222825134304,0,0,2,2,0.6
3720301001,13.826171226202916,0,0,1,69,7.1000000000000005,15.75265065273142,0,0,0,4,0.4,14.773626536849955,0,0,1,18,2.0,20.83486286586581,0,0,0,1,0.1,22.454289347943426,0,0,0,2,0.2
3720401001,7.711484284791334,0,0,2,13,1.7000000000000002,13.638921815103759,0,0,1,1,0.3,15.251035062211654,0,0,0,4,0.4,64.94784092825229,0,0,0,0,0.0,50.027205645321445,0,0,0,0,0.0
3720501001,11.230377114472002,0,0,9,68,8.6,15.215847910609197,0,0,0,4,0.4,11.66186102458115,0,0,1,17,1.9000000000000001,15.471363400924309,0,0,0,1,0.1,17.08109923730353,0,0,0,2,0.2
3720601001,3.9578560538266876,0,2,7,71,9.100000000000001,19.202182662880393,0,0,0,5,0.5,3.9578560538266876,0,1,1,19,2.4,22.770579530050046,0,0,0,1,0.1,20.043238696770395,0,0,0,2,0.2
3720701001,2.9649330510434435,0,2,55,70,18.599999999999998,7.923346645956909,0,0,3,4,0.9999999999999999,6.3416646289310465,0,0,15,19,4.9,10.11093530975429,0,0,1,1,0.3,6.353834905788933,0,0,2,2,0.6
3720801001,9.024433103808109,0,0,4,11,1.9,9.024433103808109,0,0,1,1,0.3,5.169296269369383,0,0,1,3,0.5,63.84262331702581,0,0,0,0,0.0,63.91527529204132,0,0,0,0,0.0
3720901001,7.4276995125289105,0,0,45,67,15.7,12.213737261011923,0,0,4,4,1.2,9.111126230370502,0,0,11,17,3.9,11.068054876931058,0,0,1,1,0.3,12.684000918327042,0,0,2,2,0.6
3721101001,14.035883158385554,0,0,1,19,2.1,34.179996703219075,0,0,0,0,0.0,13.598166211240223,0,0,1,3,0.5,33.38730381141241,0,0,0,0,0.0,34.7593877264244,0,0,0,0,0.0
3721201001,4.605048233127326,0,1,10,25,4.8,4.605048233127326,0,1,1,2,0.7,4.912718633209176,0,1,2,5,1.2,62.23384135261251,0,0,0,0,0.0,4.912718633209176,0,1,1,1,0.6
3721301001,3.9736142743200618,0,1,15,25,5.8,11.88074414386174,0,0,1,2,0.4,7.208868460271832,0,0,3,6,1.2,51.826761178723565,0,0,0,0,0.0,12.46573272318681,0,0,1,1,0.3
3721401001,3.8668002736307874,0,1,5,11,2.4,29.058166188748118,0,0,0,1,0.1,5.7725811285781985,0,0,1,3,0.5,60.00253626948955,0,0,0,0,0.0,34.51508566765378,0,0,0,0,0.0
3721501001,5.523526191624584,0,0,6,30,4.2,7.995261966819562,0,0,1,3,0.5,5.523526191624584,0,0,2,8,1.2000000000000002,32.482849791502325,0,0,0,0,0.0,30.53492411973805,0,0,0,0,0.0
3721601001,4.654400640629872,0,3,6,65,8.6,4.654400640629872,0,1,1,5,1.0,6.744740699506367,0,0,2,18,2.2,24.098485993916,0,0,0,1,0.1,24.721018940858823,0,0,0,2,0.2
3721701001,4.9494655419985,0,1,12,26,5.3,5.447269818053115,0,0,1,2,0.4,5.107298111742859,0,0,2,6,1.0,57.795946304990466,0,0,0,0,0.0,5.727181501689864,0,0,1,1,0.3
3721801001,5.446881119060029,0,0,7,22,3.6,14.032812345746382,0,0,1,2,0.4,12.575493280793227,0,0,2,5,0.9,53.561162360548416,0,0,0,0,0.0,25.857863391935407,0,0,0,1,0.1
3721901001,7.303903009172509,0,0,4,17,2.5,31.417690168399837,0,0,0,0,0.0,7.619753130015421,0,0,1,4,0.6000000000000001,47.72074157470879,0,0,0,0,0.0,31.55522099976787,0,0,0,0,0.0
3722101001,0.0,1,1,1,3,1.2,54.47366305684856,0,0,0,0,0.0,42.818199853210466,0,0,0,0,0.0,121.43573847511973,0,0,0,0,0.0,89.84884360113057,0,0,0,0,0.0
3722201001,7.455497492093491,0,0,8,68,8.4,16.389651662267738,0,0,0,3,0.30000000000000004,14.002881666846852,0,0,1,17,1.9000000000000001,19.659389881337525,0,0,0,1,0.1,16.45131375341022,0,0,0,2,0.2
3722301001,9.785908579900363,0,0,2,10,1.4,22.97165573460121,0,0,0,2,0.2,14.478490554662592,0,0,1,2,0.4,77.41652120801884,0,0,0,0,0.0,77.6974831027709,0,0,0,0,0.0
3722401001,9.134545959925983,0,0,7,69,8.3,22.283793655041215,0,0,0,3,0.30000000000000004,13.650002454932693,0,0,2,18,2.2,24.649372963384245,0,0,0,1,0.1,20.871505891869848,0,0,0,2,0.2
3722501001,5.84987500615272,0,0,6,69,8.100000000000001,19.061461291516594,0,0,0,3,0.30000000000000004,13.939216656549373,0,0,2,18,2.2,21.660603037230903,0,0,0,1,0.1,17.915536509968863,0,0,0,2,0.2
3722601001,8.316937765263281,0,0,3,46,5.199999999999999,28.054947564345643,0,0,0,2,0.2,12.13213806756047,0,0,1,11,1.3,31.2041843695277,0,0,0,0,0.0,29.974428517921172,0,0,0,1,0.1
3722801001,8.040559711599277,0,0,6,21,3.3,18.452403052672345,0,0,0,1,0.1,16.706307646174324,0,0,0,4,0.4,41.879608113307185,0,0,0,0,0.0,33.02602278844004,0,0,0,0,0.0
3722901001,7.651196130159712,0,0,15,69,9.9,15.458127826109097,0,0,0,3,0.30000000000000004,14.169912120051778,0,0,4,17,2.5,18.788732013132144,0,0,0,1,0.1,15.731189413960722,0,0,0,2,0.2
3723001001,3.852845128239649,0,1,47,64,16.099999999999998,11.30093298984284,0,0,2,3,0.7,8.998823739737126,0,0,12,16,3.9999999999999996,12.792627801566928,0,0,1,1,0.3,12.512533804639272,0,0,2,2,0.6
3723101001,10.092933521869341,0,0,4,56,6.4,28.262628873356803,0,0,0,3,0.30000000000000004,10.205391663235979,0,0,1,15,1.7000000000000002,30.830890499923555,0,0,0,0,0.0,27.070372681154044,0,0,0,2,0.2
3723201001,6.687924028419995,0,0,5,19,2.9000000000000004,9.262784049605685,0,0,1,1,0.3,8.504171151084998,0,0,1,4,0.6000000000000001,42.12791755640426,0,0,0,0,0.0,39.4015968889315,0,0,0,0,0.0
3723301001,6.4032315511307445,0,0,4,10,1.8,18.255141125150534,0,0,0,1,0.1,6.4032315511307445,0,0,2,2,0.6,84.68981214863678,0,0,0,0,0.0,64.19917533836349,0,0,0,0,0.0
3723401001,6.64572688394179,0,0,2,3,0.7,50.00736935801741,0,0,0,0,0.0,38.497158087877025,0,0,0,0,0.0,115.77941002492122,0,0,0,0,0.0,83.2038640797444,0,0,0,0,0.0
3723501001,5.794654475196469,0,0,1,18,2.0,15.03050892062395,0,0,0,2,0.2,12.120042981050865,0,0,1,5,0.7,33.90122033318192,0,0,0,0,0.0,33.961183609497894,0,0,0,0,0.0
3723601001,5.251330893381833,0,0,4,60,6.800000000000001,9.94885595095114,0,0,1,5,0.7,7.631830101208975,0,0,2,18,2.2,26.358745743958906,0,0,0,1,0.1,25.922701742820347,0,0,0,2,0.2
3723701001,8.371306453736773,0,0,4,41,4.9,19.741045622220035,0,0,0,2,0.2,16.86323211749525,0,0,0,8,0.8,28.011963393627813,0,0,0,1,0.1,29.63263932712368,0,0,0,1,0.1
3723801001,0.0,1,3,43,71,17.0,13.227636357131102,0,0,3,4,0.9999999999999999,11.824578875120169,0,0,14,18,4.6000000000000005,15.819940166411838,0,0,0,1,0.1,12.089116926841122,0,0,2,2,0.6
3723901001,5.862868576487314,0,0,6,71,8.3,24.911718572785514,0,0,0,4,0.4,11.23135160638608,0,0,1,20,2.2,27.35496421459404,0,0,0,1,0.1,23.66032863934759,0,0,0,2,0.2
3724001001,0.0,1,7,57,68,20.700000000000003,3.908024003217228,0,1,3,4,1.3,2.2408157626268568,0,3,17,18,6.1,6.629332552226411,0,0,1,1,0.3,4.63675550159423,0,1,2,2,0.8999999999999999
3724101001,7.971048307086389,0,0,2,10,1.4,26.088662115720684,0,0,0,2,0.2,7.971048307086389,0,0,1,2,0.4,46.95072031248114,0,0,0,0,0.0,47.362730708981324,0,0,0,0,0.0
3724201001,4.889547995831234,0,1,5,23,3.5999999999999996,16.4036512939874,0,0,0,1,0.1,16.272263812814717,0,0,0,4,0.4,32.15310210334462,0,0,0,0,0.0,33.69695647696458,0,0,0,0,0.0
3724301001,8.985670261515743,0,0,2,9,1.3,16.91645484064812,0,0,0,1,0.1,20.273936204363714,0,0,0,2,0.2,74.0045175614546,0,0,0,0,0.0,76.09863667147987,0,0,0,0,0.0
3724401001,2.891500184197526,0,1,7,22,3.9,10.325926595850829,0,0,1,1,0.3,9.410956074141643,0,0,2,5,0.9,68.89252514862547,0,0,0,0,0.0,9.796098953218442,0,0,1,1,0.3
3724501001,9.331471899552303,0,0,3,3,0.8999999999999999,46.1001564369729,0,0,0,0,0.0,34.31730170266911,0,0,0,0,0.0,110.46766284553009,0,0,0,0,0.0,77.02396939847789,0,0,0,0,0.0
3724601001,0.0,1,3,4,20,4.1,1.40622958759795,0,1,1,2,0.7,2.3499814895865603,0,1,2,5,1.2,39.04072025260084,0,0,0,0,0.0,37.00282021507849,0,0,0,0,0.0
3724601002,0.0,1,4,4,21,4.5,0.0,1,1,1,2,1.1,3.328085122561674,0,1,2,5,1.2,40.42982759250933,0,0,0,0,0.0,38.369313413906575,0,0,0,0,0.0
3724602001,0.0,1,3,5,19,4.2,3.328085122561674,0,1,1,2,0.7,0.0,1,1,2,5,1.6,37.51314763547083,0,0,0,0,0.0,35.33033890947057,0,0,0,0,0.0
3724602002,2.1230405768477802,0,4,4,19,3.9,2.1230405768477802,0,1,1,1,0.6,2.696440972971374,0,1,2,5,1.2,40.174670959256154,0,0,0,0,0.0,37.947866701821255,0,0,0,0,0.0
3724701001,4.040507003878207,0,1,9,67,8.8,13.477039169369055,0,0,1,5,0.7,8.971480169242126,0,0,4,19,2.7,23.952891062213016,0,0,0,1,0.1,22.517464902703562,0,0,0,2,0.2
3724801001,6.1215322622157915,0,0,3,10,1.6,6.1215322622157915,0,0,1,1,0.3,5.088241737572431,0,0,1,3,0.5,59.404864005537156,0,0,0,0,0.0,59.33077531970877,0,0,0,0,0.0
3724901001,10.048253228693131,0,0,3,10,1.6,10.048253228693131,0,0,1,1,0.3,9.547972765642983,0,0,1,3,0.5,54.97307422183775,0,0,0,0,0.0,54.88627774532203,0,0,0,0,0.0
3725001001,7.2679869415758995,0,0,3,7,1.2999999999999998,22.64551418088086,0,0,0,1,0.1,26.189468259347365,0,0,0,1,0.1,71.38994024362671,0,0,0,0,0.0,74.1597068308425,0,0,0,0,0.0
3725101001,7.96160826849379,0,0,14,25,5.300000000000001,8.440061079739314,0,0,1,2,0.4,8.458013159977423,0,0,3,5,1.0999999999999999,53.96384894327394,0,0,0,0,0.0,8.88278096959643,0,0,1,1,0.3
3725201001,3.352184713281702,0,1,5,22,3.5,19.149984325106896,0,0,0,1,0.1,13.91006068539827,0,0,1,5,0.7,61.41502929240221,0,0,0,0,0.0,18.986303808316652,0,0,0,1,0.1
3725301001,8.76939787720948,0,0,36,65,13.7,12.799274038985342,0,0,2,3,0.7,9.191241053276189,0,0,8,16,3.2,15.34215418856605,0,0,0,1,0.1,14.510000052230044,0,0,1,2,0.4
3725401001,6.623595298112804,0,0,9,74,9.2,19.33751175165692,0,0,0,5,0.5,7.776886027559226,0,0,1,20,2.2,21.778473928346692,0,0,0,1,0.1,18.09139352239809,0,0,0,2,0.2
3725501001,4.002486348615884,0,1,9,22,4.3,23.78585797552746,0,0,0,2,0.2,8.496112390143132,0,0,1,6,0.8,36.554034175202325,0,0,0,0,0.0,27.390820306364482,0,0,0,1,0.1
3725601001,7.023391616217714,0,0,5,26,3.6,18.01439004051796,0,0,0,1,0.1,15.348459511479065,0,0,0,6,0.6000000000000001,35.42998131321688,0,0,0,0,0.0,32.1509757007795,0,0,0,0,0.0
3725701001,7.85824745440621,0,0,4,10,1.8,12.491594507503038,0,0,1,2,0.4,8.999583021043318,0,0,1,3,0.5,60.009376713276225,0,0,0,0,0.0,60.157606758134236,0,0,0,0,0.0
3725801001,6.091529355757877,0,0,2,7,1.1,37.44477232781374,0,0,0,0,0.0,25.41074114378314,0,0,0,2,0.2,106.41176494678012,0,0,0,0,0.0,83.08867401347382,0,0,0,0,0.0
3725901001,4.069003749817934,0,1,14,26,5.7,12.614555966035502,0,0,1,2,0.4,7.230361481870736,0,0,3,5,1.0999999999999999,49.50720153551954,0,0,0,0,0.0,13.12453513313297,0,0,1,1,0.3
3726001001,6.839003924069594,0,0,3,14,2.0,19.19788093410896,0,0,0,1,0.1,16.481869018645604,0,0,0,5,0.5,57.5473325328668,0,0,0,0,0.0,44.947499829287764,0,0,0,0,0.0
3726101001,5.914051950023211,0,0,7,22,3.6,16.397429132997438,0,0,0,2,0.2,13.854165403170004,0,0,1,5,0.7,50.353946772327106,0,0,0,0,0.0,24.32032218626267,0,0,0,1,0.1
3726201001,9.866958782454905,0,0,1,12,1.4000000000000001,15.04574024531461,0,0,0,1,0.1,17.415803259279876,0,0,0,3,0.30000000000000004,53.75139960664512,0,0,0,0,0.0,53.32273228758974,0,0,0,0,0.0
3726301001,0.0,1,1,7,23,4.4,7.447315724621815,0,0,1,2,0.4,6.553595840741266,0,0,2,6,1.0,67.07964242772454,0,0,0,0,0.0,6.910912614772051,0,0,1,1,0.3
3726401001,5.750629231401034,0,0,1,8,1.0,33.70683226098696,0,0,0,0,0.0,17.34632994741349,0,0,0,1,0.1,93.80071145459864,0,0,0,0,0.0,94.16005128718113,0,0,0,0,0.0
3726501001,8.45872439295423,0,0,6,18,3.0,13.566632594854624,0,0,1,1,0.3,13.308527188997779,0,0,1,4,0.6000000000000001,46.07975974541828,0,0,0,0,0.0,35.184311030302034,0,0,0,0,0.0
3726601001,6.790831131826811,0,0,2,5,0.9,30.668899904297444,0,0,0,0,0.0,6.790831131826811,0,0,1,2,0.4,90.85959512902609,0,0,0,0,0.0,91.03961194265474,0,0,0,0,0.0
3726701001,7.853577416092432,0,0,4,12,2.0,14.319938555911417,0,0,1,2,0.4,16.189859686000975,0,0,0,4,0.4,64.04964096631761,0,0,0,0,0.0,64.57046196329375,0,0,0,0,0.0
3726801001,7.163868573716468,0,0,3,14,2.0,32.03860091480518,0,0,0,0,0.0,10.993420898850077,0,0,1,3,0.5,48.23803564273713,0,0,0,0,0.0,34.82575158783026,0,0,0,0,0.0
3726901001,0.0,1,1,2,8,1.9000000000000001,36.83762039967251,0,0,0,0,0.0,25.01198714040659,0,0,0,2,0.2,101.52570924671299,0,0,0,0,0.0,71.28642462159029,0,0,0,0,0.0
3727001001,5.337419999286659,0,0,2,40,4.4,28.18139840951615,0,0,0,2,0.2,20.899246558523433,0,0,0,9,0.9,27.73627602757302,0,0,0,1,0.1,28.42974612860183,0,0,0,1,0.1
3727101001,9.76522158859175,0,0,5,62,7.2,20.75106753042369,0,0,0,3,0.30000000000000004,18.588923089646045,0,0,0,15,1.5,21.724583028918193,0,0,0,1,0.1,21.745774317680716,0,0,0,2,0.2
3727201001,9.831790530502104,0,0,3,10,1.6,17.700070540240805,0,0,0,1,0.1,9.831790530502104,0,0,1,2,0.4,86.77426872740698,0,0,0,0,0.0,78.61445519814868,0,0,0,0,0.0
3727301001,8.892360962520211,0,0,2,9,1.3,29.798590179648226,0,0,0,1,0.1,13.419925738603741,0,0,1,3,0.5,41.16089387985409,0,0,0,0,0.0,42.16635024582207,0,0,0,0,0.0
3727401001,0.3165872679197225,7,43,58,67,33.99999999999999,0.88533863009895,1,3,3,4,2.3000000000000003,0.679884669100643,2,13,15,17,9.399999999999999,2.5517912180592996,0,1,1,1,0.6,0.931475100397795,1,2,2,2,1.6
3727401002,0.0,8,42,58,67,34.099999999999994,0.7598604227880712,1,3,3,4,2.3000000000000003,0.40531779805225654,1,13,15,17,8.999999999999998,2.7851885600709236,0,1,1,1,0.6,1.1686951509064698,0,2,2,2,1.2
3727401003,0.13430410193308243,9,42,58,66,34.4,0.6263140440449535,1,3,3,4,2.3000000000000003,0.47107344608479323,1,13,15,17,8.999999999999998,2.9005911508977116,0,1,1,1,0.6,1.2801749100333233,0,2,2,2,1.2
3727401004,0.167544131865833,7,43,58,66,33.89999999999999,0.67284788283732,1,3,3,4,2.3000000000000003,0.7441483227321563,2,14,15,17,9.7,2.7504061120771013,0,1,1,1,0.6,1.1388317737158458,0,2,2,2,1.2
3727401005,0.3618633260220507,8,43,58,66,34.3,0.8613997074151579,2,3,3,4,2.7,0.4960939350862384,4,14,15,17,10.5,2.580152435123984,0,1,1,1,0.6,1.0006399148707203,0,2,2,2,1.2
3727401006,0.0,5,41,58,66,32.49999999999999,1.1527886777037861,0,3,3,4,1.9,0.0,1,12,15,17,8.7,2.2343202228998957,0,1,1,1,0.6,0.8223545033528737,1,2,2,2,1.6
3727401007,0.487265203685078,7,42,58,67,33.699999999999996,1.2610757161043231,0,3,3,4,1.9,0.487265203685078,2,13,15,17,9.399999999999999,2.1620748468735083,0,1,1,1,0.6,0.5556391712523375,1,2,2,2,1.6
3727401008,0.2005128468267113,8,40,58,66,33.4,0.6660637415930717,2,3,3,4,2.7,0.6633077667359598,3,12,15,17,9.499999999999998,2.8462381027047634,0,1,1,1,0.6,1.2888660717478988,0,2,2,2,1.2
3727401009,0.5072371121340268,6,43,58,67,33.6,1.1945379988881273,0,3,3,4,1.9,0.7167388594611059,2,13,15,17,9.399999999999999,2.2786958670341053,0,1,1,1,0.6,0.6617319593723305,1,2,2,2,1.6
3727401010,0.30530689358127655,8,43,58,67,34.4,1.0220188730595299,0,3,3,4,1.9,0.5460236405467577,2,13,15,17,9.399999999999999,2.4799064451846986,0,1,1,1,0.6,0.8649055492910468,1,2,2,2,1.6
3727401011,0.0,9,43,58,66,34.699999999999996,0.5113870777417461,2,3,3,4,2.7,0.8099915274073097,4,14,15,17,10.5,2.9119412665969717,0,1,1,1,0.6,1.304193033367239,0,2,2,2,1.2
3727401012,0.18161399045560464,9,42,58,66,34.4,0.609140002160297,2,3,3,4,2.7,0.7122121894048375,4,13,15,17,10.199999999999998,2.8505020680439936,0,1,1,1,0.6,1.268856695414938,0,2,2,2,1.2
3727402001,0.2456088964361925,8,42,58,67,34.099999999999994,1.0016781834710924,0,3,3,4,1.9,0.31753729232980477,1,13,15,17,8.999999999999998,2.62916124493408,0,1,1,1,0.6,1.0388084508781872,0,2,2,2,1.2
3727402002,0.4040827053680595,7,42,58,67,33.699999999999996,1.263110398667418,0,3,3,4,1.9,0.5951259041367235,2,13,15,17,9.399999999999999,2.309668720168207,0,1,1,1,0.6,0.7334803457571486,1,2,2,2,1.6
3727402003,0.4300904292459233,5,42,58,67,32.9,1.4522815383335563,0,3,3,4,1.9,0.8423036591649276,2,13,15,17,9.399999999999999,2.0644224177049386,0,1,1,1,0.6,0.48813131595947956,1,2,2,2,1.6
3727402004,0.0,5,39,58,67,31.999999999999996,1.6126847548947754,0,3,3,4,1.9,0.7410312790511063,1,13,15,17,8.999999999999998,2.1997295692995213,0,1,1,1,0.6,0.8138013673763904,1,2,2,2,1.6
3727402005,0.30555477932531505,5,40,58,67,32.3,1.6135508320226728,0,3,3,4,1.9,0.6331147014927915,1,13,15,17,8.999999999999998,2.4647133093488245,0,1,1,1,0.6,1.118537854785143,0,2,2,2,1.2
3727402006,0.3330774898755229,4,39,58,67,31.599999999999998,1.8219214184785664,0,3,3,4,1.9,0.8510300321383332,1,13,15,17,8.999999999999998,2.3269010733165594,0,1,1,1,0.6,1.1037901509447632,0,2,2,2,1.2
3727402007,0.15525411005391548,7,42,58,67,33.699999999999996,1.5517775929402706,0,3,3,4,1.9,0.5429489487160739,2,13,15,17,9.399999999999999,2.66807857265771,0,1,1,1,0.6,1.298182865927052,0,2,2,2,1.2
3727402008,0.10843566960885949,8,42,58,69,34.3,1.5179259355342722,0,3,3,4,1.9,0.5420316641507006,2,13,15,17,9.399999999999999,3.053697266571544,0,1,1,1,0.6,1.29589182016863,0,2,2,2,1.2
3727402009,0.1973631786142368,11,42,58,67,35.3,1.203423514670253,0,3,3,4,1.9,0.1973631786142368,1,13,15,17,8.999999999999998,2.77164060115614,0,1,1,1,0.6,1.2647205871197287,0,2,2,2,1.2
3727402010,0.3161951389977669,9,42,58,67,34.5,1.2773597883775734,0,3,3,4,1.9,0.3161951389977669,1,13,15,17,8.999999999999998,2.6127908162042552,0,1,1,1,0.6,1.1167791217158836,0,2,2,2,1.2
3727402011,0.0,8,40,58,69,33.7,1.5997653733938593,0,3,3,4,1.9,0.5959256501908335,2,13,15,17,9.399999999999999,2.80279333694936,0,1,1,1,0.6,1.3693447118430409,0,2,2,2,1.2
3727402012,0.30425096876749064,10,42,58,67,34.9,1.2769888004097698,0,3,3,4,1.9,0.30425096876749064,2,13,15,17,9.399999999999999,2.9443105788248496,0,1,1,1,0.6,1.4694240087378447,0,2,2,2,1.2
3727402013,0.3004015424226818,9,42,58,67,34.5,1.3369638930324406,0,3,3,4,1.9,0.32930044679831544,2,13,15,17,9.399999999999999,2.7254335348652563,0,1,1,1,0.6,1.2645484797775208,0,2,2,2,1.2
3727402014,0.26735791241912304,8,42,58,67,34.099999999999994,1.1333959062997538,0,3,3,4,1.9,0.26735791241912304,1,13,15,17,8.999999999999998,2.617362287803546,0,1,1,1,0.6,1.066685679135248,0,2,2,2,1.2
3727402015,0.0,7,42,58,69,33.9,1.6181832134450052,0,3,3,4,1.9,0.5332400325912302,2,13,15,17,9.399999999999999,3.0117567524146853,0,1,1,1,0.6,1.2261934085842783,0,2,2,2,1.2
3727402016,0.44793158305319347,4,40,58,69,32.099999999999994,2.0661147143668406,0,3,3,4,1.9,0.56329913041686,2,13,15,17,9.399999999999999,3.043995024607758,0,1,1,1,0.6,0.868922431433352,1,2,2,2,1.6
3727402017,0.18909674946825283,9,42,58,67,34.5,1.4114530479302654,0,3,3,4,1.9,0.41224149739140226,2,13,15,17,9.399999999999999,2.8520533653869844,0,1,1,1,0.6,1.4241994990298614,0,2,2,2,1.2
3727402018,1.197332642146084,0,41,57,69,30.599999999999998,1.4249432856759128,0,3,3,4,1.9,1.034731485933783,0,13,15,17,8.6,2.837691299557648,0,1,1,1,0.6,1.034731485933783,0,2,2,2,1.2
3727402019,1.2261934085842783,0,40,58,69,30.5,2.2925590292873217,0,3,3,4,1.9,0.0,2,13,15,18,9.5,3.7788210962310913,0,1,1,1,0.6,0.0,1,2,2,2,1.6
3727402020,0.5538209947264032,3,39,58,67,31.199999999999996,2.0279687071002366,0,3,3,4,1.9,1.0429888392080375,0,13,15,17,8.6,2.355736005342345,0,1,1,1,0.6,1.2728429831494164,0,2,2,2,1.2
3727403001,0.43891690980184095,4,40,57,67,31.699999999999996,2.0510696073412493,0,3,3,4,1.9,0.9175371799230435,1,13,15,17,8.999999999999998,1.9452432393542158,0,1,1,1,0.6,0.9004735036848126,1,2,2,2,1.6
3727403002,0.7211485044502962,7,40,58,67,33.1,1.8108737372515937,0,3,3,4,1.9,0.8223545033528737,2,13,15,17,9.399999999999999,1.6219552750736232,0,1,1,1,0.6,0.0,1,2,2,2,1.6
3727403003,0.0,6,41,57,67,32.8,2.5210285594322777,0,3,3,4,1.9,0.30604296201171344,2,13,15,17,9.399999999999999,0.902394085718282,1,1,1,1,1.0,0.7539573196348148,1,2,2,2,1.6
3727403004,0.3035270891895716,5,39,58,66,31.9,0.9417998502244311,1,3,3,4,2.3000000000000003,0.3035270891895716,3,12,15,17,9.499999999999998,2.4428169634090637,0,1,1,1,0.6,1.118165789316491,0,2,2,2,1.2
3727403005,0.4000763163243402,3,41,56,67,31.400000000000002,2.1887344019374697,0,3,3,4,1.9,0.4000763163243402,2,13,15,17,9.399999999999999,0.7081602887432685,1,1,1,1,1.0,1.2115423408554364,0,2,2,2,1.2
3727403006,0.8060670301904098,3,41,57,67,31.6,2.745316492636432,0,3,3,4,1.9,0.0,1,13,15,17,8.999999999999998,0.0,1,1,1,1,1.0,1.6219552750736232,0,2,2,2,1.2
3727403007,0.2714866759410552,3,40,57,67,31.299999999999997,2.990463855856823,0,3,3,4,1.9,0.6047202166820673,1,12,15,17,8.7,0.6047202166820673,1,1,1,1,1.0,1.48090435950818,0,2,2,2,1.2
3727403008,0.0,4,41,57,67,32.0,2.2213061425519576,0,3,3,4,1.9,0.0,1,13,15,17,8.999999999999998,1.0277062029060149,0,1,1,1,0.6,0.8519075314978695,1,2,2,2,1.6
3727403009,0.7861120026270507,3,39,58,66,31.099999999999998,1.6255951405513114,0,3,3,4,1.9,0.90937577628536,1,11,15,17,8.399999999999999,2.0642345894263254,0,1,1,1,0.6,1.3440733817774484,0,2,2,2,1.2
3727403010,0.0,1,41,58,66,30.900000000000002,1.9953748276680312,0,3,3,4,1.9,1.6431473927684488,0,12,15,17,8.299999999999999,2.572646557434585,0,1,1,1,0.6,2.13401571918971,0,2,2,2,1.2
3727403011,0.8609855713765246,1,37,57,67,29.599999999999998,2.5160567534564247,0,3,3,4,1.9,1.7542333464762312,0,11,15,17,8.0,1.8148787075515092,0,1,1,1,0.6,1.8942357661521303,0,2,2,2,1.2
3727403012,0.18686129517098227,6,41,57,67,32.8,2.419082145514967,0,3,3,4,1.9,0.45470256621867955,1,13,15,17,8.999999999999998,1.0121907897393099,0,1,1,1,0.6,0.6108176821521054,1,2,2,2,1.6
3727403013,0.0,1,21,56,65,24.4,4.218781469640831,0,1,3,4,1.3,4.143471235414577,0,5,14,17,5.999999999999999,4.535464227112654,0,1,1,1,0.6,4.602352122678841,0,1,2,2,0.8999999999999999
3727403014,0.0,6,40,57,67,32.5,2.431364932750326,0,3,3,4,1.9,0.9728987251292145,2,13,15,17,9.399999999999999,0.9728987251292145,1,1,1,1,1.0,0.9349879984026315,1,2,2,2,1.6
3727403015,0.42362276879224076,6,40,57,67,32.5,2.250567586744099,0,3,3,4,1.9,0.679131870276398,1,13,15,17,8.999999999999998,1.1627066861094986,0,1,1,1,0.6,0.4985403260625693,1,2,2,2,1.6
3727403016,0.0,4,39,57,67,31.4,2.719844692034944,0,3,3,4,1.9,0.8060670301904098,1,12,15,17,8.7,0.8060670301904098,1,1,1,1,1.0,1.276388034070276,0,2,2,2,1.2
3727403017,1.507730034939068,0,35,57,66,28.5,3.452835099821447,0,2,3,4,1.6,2.39148302244301,0,7,15,17,6.8,2.39148302244301,0,1,1,1,0.6,2.9103081237369794,0,1,2,2,0.8999999999999999
3727403018,0.7287111604671805,1,38,57,66,29.799999999999997,2.710154023321377,0,2,3,4,1.6,2.195722250266164,0,10,15,17,7.7,2.452556959247761,0,1,1,1,0.6,2.4931143027919838,0,1,2,2,0.8999999999999999
3727403019,0.0,5,39,57,67,31.799999999999997,1.9923153338963835,0,3,3,4,1.9,0.8857137771644732,1,12,15,17,8.7,1.401170070607877,0,1,1,1,0.6,0.7211485044502962,1,2,2,2,1.6
3727403020,0.0,1,33,57,67,28.4,3.9885903856140814,0,3,3,4,1.9,1.430500173337133,0,7,15,17,6.8,1.430500173337133,0,1,1,1,0.6,2.8638674722978426,0,1,2,2,0.8999999999999999
3727404001,0.1286673786838846,9,43,58,66,34.699999999999996,0.3950954798250112,2,3,3,4,2.7,0.7866618974488272,4,14,15,17,10.5,3.0291099519043065,0,1,1,1,0.6,1.4157923688734668,0,2,2,2,1.2
3727404002,0.25244258466905756,9,40,58,66,33.8,0.3549460179461551,2,3,3,4,2.7,0.6041296103699996,2,12,15,17,9.1,3.211334756059506,0,1,1,1,0.6,1.6342778406180234,0,2,2,2,1.2
3727404003,0.16983218464511088,8,40,58,66,33.4,0.445311507291979,2,3,3,4,2.7,0.6388902280064307,3,12,15,17,9.499999999999998,3.079001096495138,0,1,1,1,0.6,1.5045779471673937,0,2,2,2,1.2
3727404004,0.0,8,40,58,66,33.4,0.5293934163984093,2,3,3,4,2.7,0.5293934163984093,3,12,15,17,9.499999999999998,3.022195912191941,0,1,1,1,0.6,1.4826257568467405,0,2,2,2,1.2
3727404005,0.2566964309523171,8,40,58,66,33.4,0.2792818536612488,2,3,3,4,2.7,0.2792818536612488,3,12,14,17,9.299999999999999,3.1552151805585353,0,1,1,1,0.6,1.6682888347240867,0,2,2,2,1.2
3727404006,0.2189429516013608,8,40,58,66,33.4,0.520515846533265,2,3,3,4,2.7,0.520515846533265,3,12,15,17,9.499999999999998,2.895184981904645,0,1,1,1,0.6,1.4103601389325229,0,2,2,2,1.2
3727404008,0.0,7,40,58,66,33.0,0.0,2,3,3,4,2.7,0.0,2,12,14,17,8.9,3.3774745319610324,0,1,1,1,0.6,1.9292069175969675,0,2,2,2,1.2
3727404009,0.28049088116466087,4,36,58,66,30.599999999999998,0.5586161877903969,1,2,3,4,2.0,0.5586161877903969,3,12,14,17,9.299999999999999,3.9195588187236887,0,1,1,1,0.6,2.4876989457681775,0,2,2,2,1.2
3727404010,0.0,5,36,58,66,30.999999999999996,0.6780881504600926,1,2,3,4,2.0,0.6780881504600926,3,12,14,17,9.299999999999999,4.049029981276653,0,1,1,1,0.6,2.559221625098096,0,2,2,2,1.2
3727404011,0.38496952348473995,7,37,58,66,32.1,0.45722345309505036,2,3,3,4,2.7,0.45722345309505036,3,12,14,17,9.299999999999999,3.6674507944666503,0,1,1,1,0.6,2.1292199857634655,0,2,2,2,1.2
3727404012,0.0,5,35,58,66,30.7,0.6373098890590073,1,3,3,4,2.3000000000000003,0.7274645626617814,1,12,14,18,8.6,4.055933910763817,0,1,1,1,0.6,2.4475457443991506,0,2,2,2,1.2
3727404013,0.2059112031142811,6,37,58,66,31.7,0.6719898038594146,2,3,3,4,2.7,0.6233998991378362,3,12,14,17,9.299999999999999,3.9912097093623347,0,1,1,1,0.6,2.4655091026235834,0,2,2,2,1.2
3727404014,0.30363907827498954,8,40,58,66,33.4,0.30363907827498954,2,3,3,4,2.7,0.30363907827498954,2,12,14,17,8.9,3.6002914200900573,0,1,1,1,0.6,2.093491679697986,0,2,2,2,1.2
3727404016,0.2969758429229254,9,40,58,66,33.8,0.253146280861948,2,3,3,4,2.7,0.7688630412518161,3,12,15,17,9.499999999999998,3.1971044083931797,0,1,1,1,0.6,1.5969494547951926,0,2,2,2,1.2
3727404017,0.0,4,40,59,66,31.999999999999996,0.6148695097945265,1,3,3,4,2.3000000000000003,0.6148695097945265,3,12,15,17,9.499999999999998,2.9088516125885397,0,1,1,1,0.6,1.637591598893622,0,2,2,2,1.2
3727404018,0.3046900750520294,10,40,58,66,34.199999999999996,0.44330434189715684,2,3,3,4,2.7,0.44330434189715684,2,12,14,17,8.9,3.3256808930407944,0,1,1,1,0.6,1.7732076212295658,0,2,2,2,1.2
3727404019,0.30459778979613267,6,37,58,66,31.7,0.7394675795907966,2,3,3,4,2.7,0.5910120069438473,3,12,14,18,9.399999999999999,3.9860802365762678,0,1,1,1,0.6,2.423828975277069,0,2,2,2,1.2
3727404020,0.17776826843469543,9,42,58,66,34.4,0.31909460065982787,2,3,3,4,2.7,0.7585970212043083,3,14,15,17,10.1,3.121319452488641,0,1,1,1,0.6,1.5033897594344052,0,2,2,2,1.2
3727404021,0.0,5,35,58,66,30.7,0.9168281643468686,1,2,3,4,2.0,0.38048475703278994,3,12,14,18,9.399999999999999,4.230865723674378,0,1,1,1,0.6,2.692499700296462,0,2,2,2,1.2
3727404022,0.38048475703278994,3,34,58,67,29.699999999999996,1.2752956700248799,0,2,3,4,1.6,0.0,1,12,14,18,8.6,4.576148538689284,0,1,1,1,0.6,3.013327462360451,0,2,2,2,1.2
3727404023,0.819698101892619,2,34,58,67,29.299999999999997,1.4547919134992628,0,2,3,4,1.6,0.6372420753701606,1,12,14,18,8.6,4.875618663574731,0,1,1,1,0.6,3.2656208324773925,0,2,2,2,1.2
3727404024,1.543177189121252,0,37,58,66,29.3,1.8362283495159264,0,2,3,4,1.6,1.8362283495159264,0,11,14,17,7.8,4.027690040620796,0,1,1,1,0.6,3.1427022173859434,0,1,2,2,0.8999999999999999
3727404025,0.5144638208912831,4,36,58,66,30.599999999999998,0.5144638208912831,1,2,3,4,2.0,0.5144638208912831,2,12,14,17,8.9,3.77812146645098,0,1,1,1,0.6,2.4051137518511005,0,2,2,2,1.2
3727405001,0.0,8,42,58,66,33.99999999999999,0.4475237865003353,1,3,3,4,2.3000000000000003,0.5836401345798691,1,14,15,17,9.3,3.076971468422147,0,1,1,1,0.6,1.4550928765315956,0,2,2,2,1.2
3727405002,0.19413971301847416,9,42,58,66,34.4,0.34484164825689995,1,3,3,4,2.3000000000000003,0.6743819710814192,1,14,15,17,9.3,3.2704767368593664,0,1,1,1,0.6,1.648739077973435,0,2,2,2,1.2
3727405003,0.24860629433043596,9,42,58,66,34.4,0.20685373966755954,2,3,3,4,2.7,0.8272228211615481,3,14,15,17,10.1,3.2368201524852043,0,1,1,1,0.6,1.619536649115457,0,2,2,2,1.2
3727405004,0.37894304481871877,9,42,58,66,34.4,0.15616952989653918,1,3,3,4,2.3000000000000003,0.8983213698117596,1,14,15,17,9.3,3.430452946809029,0,1,1,1,0.6,1.8104186243114064,0,2,2,2,1.2
3727405005,0.25890301053574033,8,39,58,66,33.099999999999994,0.0,2,3,3,4,2.7,0.8914847707121323,2,12,14,17,8.9,3.4227810318158918,0,1,1,1,0.6,1.8108737372515937,0,2,2,2,1.2
3727405006,0.18157188892817086,10,40,58,66,34.199999999999996,0.26889045781844445,2,3,3,4,2.7,0.6248155503948674,2,12,14,17,8.9,3.413410792408561,0,1,1,1,0.6,1.8302687964538664,0,2,2,2,1.2
3727405007,0.0,9,40,58,66,33.8,0.25890301053574033,2,3,3,4,2.7,0.7369873593448135,2,12,14,17,8.9,3.580880285043938,0,1,1,1,0.6,1.987495941350956,0,2,2,2,1.2
3727405008,0.6677511203003083,4,35,58,69,30.599999999999998,1.440207596731541,0,3,3,4,1.9,0.6677511203003083,1,12,14,18,8.6,4.756369620372488,0,1,1,1,0.6,2.848552228011718,0,2,2,2,1.2
3727405009,0.2519816762681197,13,42,58,66,35.99999999999999,0.5956844772776051,1,3,3,4,2.3000000000000003,0.8334597090548596,3,14,14,18,10.0,3.742218211519161,0,1,1,1,0.6,2.125361735829037,0,2,2,2,1.2
3727405010,0.2679337905783952,9,41,58,68,34.3,1.0866551138838971,0,3,3,4,1.9,0.45982678020986695,2,13,15,18,9.5,3.924081116117318,0,1,1,1,0.6,1.9597034596305827,0,2,2,2,1.2
3727405011,0.2515486864534959,12,41,58,69,35.6,1.3924670279094804,0,3,3,4,1.9,0.44475450678921913,4,13,15,18,10.299999999999999,3.7335318006152742,0,1,1,1,0.6,1.4745001309699388,0,2,2,2,1.2
3727405012,0.0,15,42,58,66,36.8,0.6911715028907761,1,3,3,4,2.3000000000000003,0.7394933719161314,3,14,15,18,10.200000000000001,3.577747792811922,0,1,1,1,0.6,1.974264669530892,0,2,2,2,1.2
3727405013,0.2542691164744824,10,41,58,68,34.699999999999996,1.2128364999216448,0,3,3,4,1.9,0.3605247359435242,4,13,15,18,10.299999999999999,3.8658573719047586,0,1,1,1,0.6,1.7646593717089996,0,2,2,2,1.2
3727405014,0.0,9,38,58,68,33.4,1.3343958072284443,0,3,3,4,1.9,0.2651679637026712,2,13,15,18,9.5,4.157639099964163,0,1,1,1,0.6,1.9243917100169772,0,2,2,2,1.2
3727405015,0.21875765086667462,11,41,58,68,35.1,1.0147188584293234,0,3,3,4,1.9,0.5607104567341133,3,13,15,18,9.9,3.731235557165148,0,1,1,1,0.6,1.8790232445003947,0,2,2,2,1.2
3727405016,0.2505816068306169,11,41,58,69,35.2,1.3469587676817296,0,3,3,4,1.9,0.3414432590970459,4,13,15,18,10.299999999999999,3.82850366315172,0,1,1,1,0.6,1.5875280293269725,0,2,2,2,1.2
3727405017,0.22863869083378746,9,42,58,66,34.4,0.4714004766307134,1,3,3,4,2.3000000000000003,0.821289939475394,1,14,15,18,9.400000000000002,3.564016284271722,0,1,1,1,0.6,1.9454840244062006,0,2,2,2,1.2
3727405018,0.09075034765880384,12,41,58,68,35.5,1.1610354590633507,0,3,3,4,1.9,0.49446949091289977,4,13,15,18,10.299999999999999,3.7039550864914133,0,1,1,1,0.6,1.704732651819989,0,2,2,2,1.2
3727405019,0.35100795361582576,9,42,58,66,34.4,0.3401868347974269,1,3,3,4,2.3000000000000003,0.8145424058188967,1,14,15,17,9.3,3.4800450341219227,0,1,1,1,0.6,1.858494571805651,0,2,2,2,1.2
3727405020,0.0,9,38,58,68,33.4,1.5451091730175042,0,3,3,4,1.9,0.0,3,13,15,18,9.9,4.169696268142332,0,1,1,1,0.6,1.6890835265590114,0,2,2,2,1.2
3727405022,0.2679399815480296,10,41,58,68,34.699999999999996,1.3245126849117361,0,3,3,4,1.9,0.307620397277365,3,13,15,18,9.9,3.868438025834329,0,1,1,1,0.6,1.643126115732221,0,2,2,2,1.2
3727405025,0.0,7,38,58,68,32.599999999999994,1.4184077885034256,0,3,3,4,1.9,0.0,2,13,14,18,9.3,4.418217112968818,0,1,1,1,0.6,2.1823716536384694,0,2,2,2,1.2
3727405026,0.3076637463191069,10,41,58,68,34.699999999999996,0.8485878071876556,1,3,3,4,2.3000000000000003,0.5974067362852006,2,14,14,18,9.6,3.885254585611048,0,1,1,1,0.6,2.199581201352082,0,2,2,2,1.2
3727406001,0.2357382748384418,11,42,58,66,35.199999999999996,0.5791102993360686,1,3,3,4,2.3000000000000003,0.5696267738828792,1,14,15,17,9.3,3.3557036342809607,0,1,1,1,0.6,1.7461449409246306,0,2,2,2,1.2
3727406002,0.2814439711153861,10,42,58,66,34.8,0.5536024969786826,1,3,3,4,2.3000000000000003,0.5071427907424922,1,13,15,17,8.999999999999998,3.249731636299386,0,1,1,1,0.6,1.6373338916758162,0,2,2,2,1.2
3727406003,0.18812170245496845,8,42,58,66,33.99999999999999,0.592920507863897,1,3,3,4,2.3000000000000003,0.4169690618914574,1,13,15,17,8.999999999999998,3.077745997246331,0,1,1,1,0.6,1.4636540697241194,0,2,2,2,1.2
3727406004,0.0,11,42,58,67,35.3,1.0098893686172536,0,3,3,4,1.9,0.0,1,13,15,17,8.999999999999998,2.884286845173045,0,1,1,1,0.6,1.3286062495086726,0,2,2,2,1.2
3727406005,0.23687135556788114,12,42,58,69,35.9,0.9903110714045765,1,3,3,4,2.3000000000000003,0.5220675414264965,3,13,15,17,9.799999999999999,3.403169407209847,0,1,1,1,0.6,1.7655512422010855,0,2,2,2,1.2
3727406006,0.3426931036635363,11,42,58,66,35.199999999999996,0.7932030982427636,1,3,3,4,2.3000000000000003,0.3986615818195617,1,13,15,17,8.999999999999998,3.263865620866207,0,1,1,1,0.6,1.6787490616149179,0,2,2,2,1.2
3727406007,0.22043950037363985,15,42,58,66,36.8,0.8224566224155324,1,3,3,4,2.3000000000000003,0.5589878131752876,3,13,15,17,9.799999999999999,3.433955544502318,0,1,1,1,0.6,1.8506441403068523,0,2,2,2,1.2
3727406008,0.0,13,42,58,69,36.3,1.1428204184229873,0,3,3,4,1.9,0.574835896323325,4,13,15,18,10.299999999999999,3.614389578426857,0,1,1,1,0.6,1.6760765471742547,0,2,2,2,1.2
3727406009,0.2029322106721663,10,42,58,69,35.1,1.3496920338094025,0,3,3,4,1.9,0.5476825679546163,3,13,15,18,9.9,3.5216301337974625,0,1,1,1,0.6,1.4255660833258395,0,2,2,2,1.2
3727406010,0.30182071298136076,12,42,58,69,35.9,1.1413713206898535,0,3,3,4,1.9,0.47994024201883734,3,13,15,17,9.799999999999999,3.318479698410496,0,1,1,1,0.6,1.6063602786394224,0,2,2,2,1.2
3727406011,0.23846268891935454,6,42,58,69,33.5,1.5721320564387598,0,3,3,4,1.9,0.3638524597515095,2,13,15,17,9.399999999999999,3.2482327448477526,0,1,1,1,0.6,1.1861889747593937,0,2,2,2,1.2
3727406012,0.22896191229609333,11,42,58,67,35.3,0.8853323384300014,1,3,3,4,2.3000000000000003,0.22896191229609333,1,13,15,17,8.999999999999998,3.106465504551336,0,1,1,1,0.6,1.5345639708520473,0,2,2,2,1.2
3727406013,0.3528442399879879,13,42,58,67,36.099999999999994,0.9814679152062842,1,3,3,4,2.3000000000000003,0.3528442399879879,3,13,15,17,9.799999999999999,3.232948050848449,0,1,1,1,0.6,1.6807337900904304,0,2,2,2,1.2
3727406014,0.2274428341342423,13,42,58,68,36.199999999999996,0.9167585580025643,1,3,3,4,2.3000000000000003,0.6867805265606409,3,13,15,18,9.9,3.56976992275324,0,1,1,1,0.6,1.890615291404339,0,2,2,2,1.2
3727406015,0.1837503134698579,12,42,58,69,35.9,1.1729373179358575,0,3,3,4,1.9,0.6047055821561521,3,13,15,18,9.9,3.4468691764873203,0,1,1,1,0.6,1.5886411471236705,0,2,2,2,1.2
3727406016,0.2383804127585819,11,42,58,67,35.3,0.7724064336739789,1,3,3,4,2.3000000000000003,0.2383804127585819,1,13,15,17,8.999999999999998,2.97322879142882,0,1,1,1,0.6,1.3751858624994595,0,2,2,2,1.2
3727406017,0.0,10,42,58,69,35.1,1.5258002886506308,0,3,3,4,1.9,0.3511542671637532,3,13,15,18,9.9,3.4692099865793717,0,1,1,1,0.6,1.23141726866384,0,2,2,2,1.2
3727406019,0.4047831849110568,9,41,58,69,34.4,1.7433736218259468,0,3,3,4,1.9,0.4047831849110568,3,13,15,18,9.9,3.993599171297243,0,1,1,1,0.6,1.2851768194190152,0,2,2,2,1.2
3727406020,1.0595879282468137,0,35,58,69,29.0,2.573148043414407,0,3,3,4,1.9,1.0595879282468137,0,13,15,18,8.700000000000001,4.648532431761127,0,1,1,1,0.6,1.2123705570902308,0,2,2,2,1.2
3727406021,0.6568440193791234,3,39,58,69,31.4,2.178556106183327,0,3,3,4,1.9,0.33841091317872823,2,13,15,18,9.5,3.766155243611364,0,1,1,1,0.6,0.6347256495033542,1,2,2,2,1.6
3727406022,0.09585422441228444,14,42,58,69,36.7,1.169588092600971,0,3,3,4,1.9,0.6420640404713011,4,13,15,18,10.299999999999999,3.534072865787526,0,1,1,1,0.6,1.615838078462098,0,2,2,2,1.2
3727406023,0.3511542671637532,7,40,58,69,33.300000000000004,1.8728367674164432,0,3,3,4,1.9,0.0,3,13,15,18,9.9,3.5157301735514315,0,1,1,1,0.6,0.880264440469091,1,2,2,2,1.6
3727501001,6.124367213104982,0,0,3,8,1.4,17.532697109466632,0,0,0,1,0.1,8.873520892472168,0,0,1,2,0.4,81.63325974541884,0,0,0,0,0.0,81.57967545323923,0,0,0,0,0.0
3727601001,9.485193047427822,0,0,4,17,2.5,9.674798664999047,0,0,1,2,0.4,7.900005215261511,0,0,2,5,0.9,41.05845291049276,0,0,0,0,0.0,39.815743290564846,0,0,0,0,0.0
3727701001,5.465784304285537,0,0,9,24,4.199999999999999,24.46267756903339,0,0,0,3,0.30000000000000004,9.89567942079006,0,0,1,8,1.0,39.871740203721984,0,0,0,0,0.0,27.647231666444053,0,0,0,1,0.1
3727801001,2.4417865643213905,0,4,53,69,18.7,7.642921715130827,0,0,3,4,0.9999999999999999,6.338240224044926,0,0,14,18,4.6000000000000005,10.690120508346508,0,0,1,1,0.3,7.322964884957839,0,0,2,2,0.6
3727901001,0.0,2,2,4,12,3.4000000000000004,6.869119676190926,0,0,1,1,0.3,16.41006618461361,0,0,0,3,0.30000000000000004,68.44668481134299,0,0,0,0,0.0,68.16218778708077,0,0,0,0,0.0
3728001001,6.912059387110503,0,0,3,10,1.6,6.912059387110503,0,0,1,1,0.3,10.682697270299252,0,0,1,1,0.3,63.91119264409087,0,0,0,0,0.0,63.585880311902365,0,0,0,0,0.0
3728101001,11.616813727305425,0,0,2,9,1.3,34.059662810459216,0,0,0,0,0.0,16.186463252199797,0,0,0,2,0.2,36.82163566944999,0,0,0,0,0.0,37.84496116050775,0,0,0,0,0.0
3728201001,6.160421711928621,0,0,15,26,5.6,6.160421711928621,0,0,1,2,0.4,6.444724234642936,0,0,3,5,1.0999999999999999,55.95238954854505,0,0,0,0,0.0,6.682011994682318,0,0,1,1,0.3
3728301001,9.561366389540254,0,0,1,12,1.4000000000000001,28.80488864956551,0,0,0,1,0.1,19.436723811618936,0,0,0,3,0.30000000000000004,36.81148065081869,0,0,0,0,0.0,36.90655963060126,0,0,0,0,0.0
3728401001,6.353081180826623,0,0,6,25,3.7,17.004619017217344,0,0,0,1,0.1,8.342143387825702,0,0,1,5,0.7,51.05033485979565,0,0,0,0,0.0,17.20190292888689,0,0,0,1,0.1
3728501001,9.921284121607341,0,0,2,9,1.3,30.051415768356474,0,0,0,0,0.0,14.14826718241275,0,0,1,3,0.5,87.62350320038126,0,0,0,0,0.0,87.95755494593197,0,0,0,0,0.0
3728601001,0.0,1,1,5,13,3.0,30.91994315577323,0,0,0,0,0.0,6.778262452790148,0,0,2,2,0.6,58.15409878383934,0,0,0,0,0.0,30.862520851353747,0,0,0,0,0.0
3728701001,0.0,1,1,5,23,4.0,24.12402883449015,0,0,0,1,0.1,3.754855690214153,0,1,1,5,1.0,49.36379209067701,0,0,0,0,0.0,24.271050273026187,0,0,0,1,0.1
3728801001,4.405031348126106,0,1,51,71,17.6,11.675887103671165,0,0,3,5,1.0999999999999999,5.990065491757362,0,0,14,20,4.800000000000001,14.372476005333237,0,0,1,1,0.3,11.150593938365745,0,0,2,2,0.6
3728901001,7.67583414223658,0,0,2,10,1.4,26.346325479100646,0,0,0,1,0.1,7.67583414223658,0,0,1,2,0.4,43.63103853429756,0,0,0,0,0.0,44.472928733564785,0,0,0,0,0.0
3729001001,12.641785584248684,0,0,4,66,7.4,17.821882789083297,0,0,0,3,0.30000000000000004,14.184737630908074,0,0,1,15,1.7000000000000002,20.307268563416905,0,0,0,1,0.1,19.520609389533607,0,0,0,2,0.2
3729101001,11.165492924974735,0,0,5,67,7.7,19.69478590476413,0,0,0,4,0.4,17.713890830408605,0,0,0,17,1.7000000000000002,17.713890830408605,0,0,0,1,0.1,19.13420778388187,0,0,0,2,0.2
3729201001,11.359594090341696,0,0,4,61,6.9,23.008115476369706,0,0,0,3,0.30000000000000004,12.509230326721667,0,0,1,15,1.7000000000000002,25.992873703244754,0,0,0,1,0.1,24.889062270336098,0,0,0,2,0.2
3729301001,6.675422525597318,0,0,1,12,1.4000000000000001,25.299861924767445,0,0,0,1,0.1,19.402891395397354,0,0,0,3,0.30000000000000004,39.641336852885914,0,0,0,0,0.0,39.60116109389215,0,0,0,0,0.0
3729401001,0.4757789051365465,1,41,57,69,31.0,0.4757789051365465,1,3,3,4,2.3000000000000003,1.3470865690397442,0,12,15,17,8.299999999999999,2.979105797234346,0,1,1,1,0.6,1.847245127260718,0,2,2,2,1.2
3729401002,0.3801417437559504,1,38,57,69,30.099999999999998,0.3801417437559504,1,3,3,4,2.3000000000000003,1.1591412950235647,0,12,15,17,8.299999999999999,3.0621629625339835,0,1,1,1,0.6,2.0551774763785726,0,2,2,2,1.2
3729401003,0.8695262405087211,1,35,56,69,29.0,1.7889976698762466,0,2,3,4,1.6,0.8695262405087211,1,10,15,17,8.1,4.287809211396438,0,1,1,1,0.6,1.609535530269378,0,2,2,2,1.2
3729401004,0.0,3,32,56,69,28.9,1.3950176064537523,0,1,3,4,1.3,0.0,2,10,15,18,8.600000000000001,4.127481256525849,0,1,1,1,0.6,2.740648273412084,0,2,2,2,1.2
3729401005,0.0,1,39,57,69,30.4,0.0,1,3,3,4,2.3000000000000003,1.3950176064537523,0,12,15,17,8.299999999999999,2.745316492636432,0,1,1,1,0.6,2.2925590292873217,0,2,2,2,1.2
3729401006,0.0,3,29,56,69,28.000000000000004,1.9279997903750445,0,1,3,4,1.3,0.0,2,9,15,18,8.3,4.6478981037908556,0,1,1,1,0.6,2.470899737072746,0,2,2,2,1.2
3729401007,1.3014300771577612,0,19,56,69,23.8,1.9608162729749066,0,1,3,4,1.3,1.3014300771577612,0,6,15,18,6.599999999999999,4.260095123903714,0,1,1,1,0.6,3.9213381663867226,0,2,2,2,1.2
3729401008,1.1691472655312518,0,40,57,67,30.1,1.3323162861713422,0,3,3,4,1.9,1.1783662551694447,0,13,15,17,8.6,2.070302881009751,0,1,1,1,0.6,1.5858968199894061,0,2,2,2,1.2
3729401009,0.8795624828547537,1,32,57,69,28.299999999999997,0.8795624828547537,1,2,3,4,2.0,1.1746422081275034,0,9,15,17,7.3999999999999995,3.199857900554028,0,1,1,1,0.6,3.083932410952827,0,2,2,2,1.2
3729401010,0.9988442371259004,2,40,57,67,30.9,1.2236728241898687,0,3,3,4,1.9,0.9988442371259004,1,13,15,17,8.999999999999998,1.6790855399414686,0,1,1,1,0.6,1.6724361137489543,0,2,2,2,1.2
3729601001,11.657921576278884,0,0,4,16,2.4000000000000004,13.597771604842979,0,0,1,2,0.4,5.171617821068848,0,0,2,5,0.9,36.052398166978456,0,0,0,0,0.0,35.20490392888947,0,0,0,0,0.0
3729701001,0.0,1,1,9,23,4.8,16.73012215393812,0,0,0,2,0.2,8.926339369762964,0,0,1,6,0.8,50.514643757157806,0,0,0,0,0.0,18.554053336869078,0,0,0,1,0.1
3729801001,6.786748375575439,0,0,5,24,3.4000000000000004,17.4982872945581,0,0,0,1,0.1,10.047006031828024,0,0,1,5,0.7,54.652656821267065,0,0,0,0,0.0,17.556197871055865,0,0,0,1,0.1
3729901001,8.862651465720482,0,0,3,19,2.5,31.96006100462878,0,0,0,0,0.0,14.071199005527385,0,0,1,3,0.5,33.39928024246999,0,0,0,0,0.0,33.8888022930365,0,0,0,0,0.0
3730001001,0.0,2,2,9,24,5.6,16.847682510535027,0,0,0,1,0.1,10.643323898719387,0,0,2,5,0.9,46.85007334980788,0,0,0,0,0.0,17.232696421119602,0,0,0,1,0.1
3730101001,5.013354175910613,0,0,3,13,1.9,23.632049742071636,0,0,0,1,0.1,16.959169552718606,0,0,0,4,0.4,53.299680129233465,0,0,0,0,0.0,56.36904994019417,0,0,0,0,0.0
3730201001,6.941324022840441,0,0,3,6,1.2,26.91261301737357,0,0,0,1,0.1,10.21710074085506,0,0,1,2,0.4,91.48456855574435,0,0,0,0,0.0,91.38817201935936,0,0,0,0,0.0
3730301001,6.354121202206326,0,0,2,8,1.2000000000000002,31.773507214614643,0,0,0,0,0.0,19.85809895224503,0,0,0,2,0.2,95.25336306357964,0,0,0,0,0.0,65.78367563094871,0,0,0,0,0.0
3730401001,8.457689105887404,0,0,2,14,1.8000000000000003,18.885815493727943,0,0,0,1,0.1,11.548868361426216,0,0,1,5,0.7,52.29795559320448,0,0,0,0,0.0,49.9763562384855,0,0,0,0,0.0
3730501001,4.449034568648639,0,1,5,19,3.2,26.547286570163813,0,0,0,1,0.1,9.4168018897353,0,0,2,5,0.9,56.973579388989336,0,0,0,0,0.0,26.5074885350069,0,0,0,1,0.1
3730601001,10.787314020820837,0,0,3,11,1.7,15.3079441516045,0,0,0,1,0.1,10.787314020820837,0,0,1,3,0.5,72.00965980834549,0,0,0,0,0.0,51.88640451602398,0,0,0,0,0.0
3730701001,14.381592736985215,0,0,2,14,1.8000000000000003,22.406410119271726,0,0,0,1,0.1,14.381592736985215,0,0,1,3,0.5,77.4377125162159,0,0,0,0,0.0,50.35692403111904,0,0,0,0,0.0
3730901001,12.947014176978211,0,0,6,22,3.4,29.787103290238,0,0,0,1,0.1,9.31916685830047,0,0,1,3,0.5,36.47772855482401,0,0,0,0,0.0,30.160868200753846,0,0,0,0,0.0
3731001001,9.385742162703973,0,0,4,67,7.500000000000001,9.385742162703973,0,0,1,4,0.6000000000000001,13.037892319544609,0,0,2,17,2.1,23.587906590590258,0,0,0,1,0.1,25.120831481116056,0,0,0,2,0.2
3731101001,8.664433670869302,0,0,2,5,0.9,35.26584279519349,0,0,0,0,0.0,10.19200647481422,0,0,1,1,0.3,96.41409361042714,0,0,0,0,0.0,96.57175042251318,0,0,0,0,0.0
3731201001,7.012775600581293,0,0,13,25,5.1,10.378227765685686,0,0,1,2,0.4,10.113955418438735,0,0,3,6,1.2,54.68528807685593,0,0,0,0,0.0,10.949545412097187,0,0,1,1,0.3
3731301001,0.0,1,1,3,15,2.8000000000000003,23.925124148555334,0,0,0,1,0.1,12.545934383214417,0,0,1,4,0.6000000000000001,69.32203329250643,0,0,0,0,0.0,23.591750282037967,0,0,0,1,0.1
3731401001,13.695337800556398,0,0,2,27,3.1,29.52744227173749,0,0,0,1,0.1,21.354341758394796,0,0,0,7,0.7000000000000001,30.070163015576334,0,0,0,0,0.0,30.317337928536798,0,0,0,0,0.0
3731501001,6.989841283146095,0,0,7,19,3.3000000000000003,23.455881805156167,0,0,0,2,0.2,14.09599545250302,0,0,1,5,0.7,40.453235261428425,0,0,0,0,0.0,30.788011657141936,0,0,0,0,0.0
3731601001,0.0,1,1,2,12,2.3,26.32958756687031,0,0,0,1,0.1,17.683825597153234,0,0,0,3,0.30000000000000004,48.36846209815753,0,0,0,0,0.0,41.979590609416476,0,0,0,0,0.0
3731701001,7.45747892548059,0,0,8,23,3.9,28.606461515007755,0,0,0,1,0.1,23.01512961672691,0,0,0,3,0.30000000000000004,42.58596366351643,0,0,0,0,0.0,29.512696233819007,0,0,0,1,0.1
3731801001,9.173276448421536,0,0,5,70,8.0,19.75792094955291,0,0,0,3,0.30000000000000004,10.517292080077139,0,0,1,16,1.8,22.959330889323965,0,0,0,1,0.1,19.61171676398035,0,0,0,2,0.2
3731901001,5.879213077044607,0,0,6,23,3.5,10.428417742489962,0,0,1,2,0.4,10.428417742489962,0,0,1,5,0.7,56.13131339133939,0,0,0,0,0.0,20.412831529348963,0,0,0,1,0.1
3732001001,7.290063554955152,0,0,3,14,2.0,33.52206723606006,0,0,0,0,0.0,11.029486751650131,0,0,1,3,0.5,44.43860786861475,0,0,0,0,0.0,36.15035037258343,0,0,0,0,0.0
3732101001,8.097962250172213,0,0,4,12,2.0,8.557015585241887,0,0,1,1,0.3,9.61278552086478,0,0,2,4,0.8,69.4513876131654,0,0,0,0,0.0,56.06166605313948,0,0,0,0,0.0
3732201001,2.992317511286115,0,2,42,68,15.799999999999999,7.458087591683453,0,0,2,4,0.8,0.0,1,1,11,18,4.7,12.103977476186081,0,0,1,1,0.3,13.253906567329516,0,0,2,2,0.6
3732201002,0.0,2,2,50,68,18.2,8.26166216129626,0,0,4,4,1.2,2.992317511286115,0,1,15,18,5.1,9.583973321568566,0,0,1,1,0.3,10.349178082304915,0,0,2,2,0.6
3732301001,8.771525008471892,0,0,2,68,7.2,23.224899125524647,0,0,0,3,0.30000000000000004,12.379361277758589,0,0,1,16,1.8,26.646280998835312,0,0,0,1,0.1,24.02061828472127,0,0,0,2,0.2
3732401001,7.679328929294721,0,0,5,53,6.300000000000001,14.193205318054696,0,0,1,4,0.6000000000000001,4.888761340725325,0,1,3,15,2.4000000000000004,28.320494884074115,0,0,0,1,0.1,27.083850526059148,0,0,0,2,0.2
3732501001,5.615832376874047,0,0,6,25,3.7,20.00212259093244,0,0,0,1,0.1,5.291782148967923,0,0,1,5,0.7,47.98467455573875,0,0,0,0,0.0,20.24570013459665,0,0,0,1,0.1
3732701001,6.875774491998585,0,0,4,64,7.2,17.49082681334526,0,0,0,3,0.30000000000000004,13.595078961314435,0,0,1,16,1.8,20.756821976598875,0,0,0,1,0.1,19.42000380961209,0,0,0,2,0.2
3732801001,5.600372101364084,0,0,3,10,1.6,22.544373255056232,0,0,0,1,0.1,19.398635910777774,0,0,0,3,0.30000000000000004,59.621882855762465,0,0,0,0,0.0,62.51495319319571,0,0,0,0,0.0
3732901001,8.727538659653439,0,0,4,11,1.9,21.35862275721992,0,0,0,1,0.1,14.119517472522128,0,0,1,2,0.4,46.33438364930303,0,0,0,0,0.0,45.87225228403109,0,0,0,0,0.0
3733001001,0.0,1,1,4,43,5.800000000000001,9.254971858859191,0,0,1,3,0.5,9.614157566746286,0,0,2,12,1.6,28.198770845564585,0,0,0,1,0.1,28.426260781448544,0,0,0,2,0.2
3733101001,7.485033861090072,0,0,13,25,5.1,10.597124221984838,0,0,1,2,0.4,10.159196475483865,0,0,4,6,1.4,54.32256166147424,0,0,0,0,0.0,10.836174122962625,0,0,1,1,0.3
3733201001,6.98983399741863,0,0,10,24,4.4,8.291999932101229,0,0,1,2,0.4,7.407847264505767,0,0,2,6,1.0,60.15041352424496,0,0,0,0,0.0,8.204292934753244,0,0,1,1,0.3
3733301001,4.581635691980935,0,4,14,26,6.6000000000000005,13.631845015489914,0,0,1,2,0.4,8.069731867715172,0,0,3,5,1.0999999999999999,48.70343379129658,0,0,0,0,0.0,14.102122564923492,0,0,1,1,0.3
3733401001,4.154817433936965,0,1,3,18,2.7,20.005393011699155,0,0,0,1,0.1,16.121368401490606,0,0,0,4,0.4,68.74914180608299,0,0,0,0,0.0,19.64308359733593,0,0,0,1,0.1
3733501001,8.893085008187098,0,0,2,59,6.3,25.323893906991536,0,0,0,3,0.30000000000000004,21.395403478160055,0,0,0,16,1.6,28.696783614928464,0,0,0,1,0.1,27.151363291058377,0,0,0,2,0.2
3733601001,5.795718197356293,0,0,23,68,11.399999999999999,6.484597416560597,0,0,2,4,0.8,2.9626621328753235,0,1,6,18,3.3000000000000003,14.009589838779036,0,0,1,1,0.3,15.42566084550594,0,0,0,2,0.2
3733701001,8.601328502381863,0,0,3,11,1.7,8.601328502381863,0,0,1,1,0.3,10.524588956163166,0,0,1,2,0.4,73.14917183752068,0,0,0,0,0.0,72.94999518573286,0,0,0,0,0.0
3733801001,3.52254921967186,0,1,16,71,10.6,15.250220040578414,0,0,0,3,0.30000000000000004,12.622821032753668,0,0,4,18,2.6,18.667795618298317,0,0,0,1,0.1,16.346850526148266,0,0,0,2,0.2
3733901001,2.247260149310379,0,1,5,22,3.5,23.67582712828458,0,0,0,1,0.1,6.001972920404845,0,0,1,5,0.7,51.597234472160046,0,0,0,0,0.0,23.770367589575294,0,0,0,1,0.1
3734001001,9.083980126511355,0,0,4,11,1.9,9.083980126511355,0,0,1,1,0.3,12.188082527636425,0,0,1,2,0.4,71.89591981124677,0,0,0,0,0.0,71.60770977240993,0,0,0,0,0.0
3734101001,5.811164542472654,0,0,13,26,5.2,11.101590329584276,0,0,1,2,0.4,10.805707936660289,0,0,3,6,1.2,51.660948779749305,0,0,0,0,0.0,11.515998761913211,0,0,1,1,0.3
3734201001,5.465567341655158,0,0,43,67,15.3,11.085007581927313,0,0,2,3,0.7,7.146072537204381,0,0,12,18,4.199999999999999,14.300249439049356,0,0,1,1,0.3,13.010434767096866,0,0,2,2,0.6
3734301001,4.250421573651617,0,2,9,25,4.9,4.250421573651617,0,1,1,2,0.7,4.824120695632961,0,1,3,5,1.4,58.926272811054005,0,0,0,0,0.0,4.824120695632961,0,1,1,1,0.6
3734401001,6.7467359666396804,0,0,2,63,6.7,27.652154714723647,0,0,0,3,0.30000000000000004,22.10599545094541,0,0,0,17,1.7000000000000002,25.827229481032187,0,0,0,1,0.1,27.077304402567513,0,0,0,2,0.2
3734501001,13.325976887151706,0,0,3,63,6.9,20.15686052180775,0,0,0,3,0.30000000000000004,14.635901100829017,0,0,1,15,1.7000000000000002,22.367165233147535,0,0,0,1,0.1,21.743273270685354,0,0,0,2,0.2
3734601001,12.547240971814722,0,0,1,52,5.4,27.330167409894614,0,0,0,4,0.4,19.0914645179234,0,0,0,10,1.0,26.69003811739595,0,0,0,1,0.1,28.13136751345937,0,0,0,1,0.1
3734701001,2.480072006698396,0,1,33,70,13.899999999999999,14.244036086468908,0,0,2,3,0.7,12.897733239296343,0,0,10,18,3.8,17.13334011008605,0,0,0,1,0.1,13.525429572418503,0,0,1,2,0.4
3734801001,6.2464732674484384,0,0,7,64,7.800000000000001,14.002551425163167,0,0,1,5,0.7,9.302869947005199,0,0,3,18,2.4,26.942388095535534,0,0,0,1,0.1,24.582667257477848,0,0,0,2,0.2
3734901001,8.721436401211063,0,0,4,8,1.6,13.264218473932724,0,0,1,1,0.3,16.85372355797852,0,0,0,2,0.2,72.19220818203375,0,0,0,0,0.0,72.05532075464734,0,0,0,0,0.0
3735001001,6.623931300548726,0,0,3,7,1.2999999999999998,26.31947973676958,0,0,0,1,0.1,16.02884572927022,0,0,0,2,0.2,90.95223179934314,0,0,0,0,0.0,90.74173406801725,0,0,0,0,0.0
3735101001,5.674623540044577,0,0,4,25,3.3,23.465990364739653,0,0,0,1,0.1,19.90369912731049,0,0,0,4,0.4,39.18529363384435,0,0,0,0,0.0,33.09981440179237,0,0,0,0,0.0
3735201001,6.347466021597908,0,0,31,72,13.399999999999999,10.02323217374958,0,0,2,5,0.9,6.481152491447035,0,0,11,19,4.1,14.051252719143273,0,0,1,1,0.3,13.136279271143517,0,0,2,2,0.6
3735301001,6.2555506244498655,0,0,1,13,1.5000000000000002,32.69486971319947,0,0,0,0,0.0,18.80838385318123,0,0,0,2,0.2,31.643813590513528,0,0,0,0,0.0,32.59959792677564,0,0,0,0,0.0
3735401001,0.0,2,26,56,67,26.5,3.101959956101945,0,2,3,4,1.6,1.2308247259909662,0,8,14,18,7.0,6.449439219267175,0,0,1,1,0.3,5.025871590293836,0,0,2,2,0.6
3735401002,1.2308247259909662,0,14,55,67,21.9,3.9634079834075857,0,2,3,4,1.6,0.0,1,4,14,18,6.2,7.1618318636393585,0,0,1,1,0.3,5.8766312001680285,0,0,2,2,0.6
3735401003,0.4300614719054812,2,23,56,67,25.6,3.5210521253473996,0,2,3,4,1.6,0.9390066444343353,1,8,14,18,7.4,6.856129850566044,0,0,1,1,0.3,5.447613012113569,0,0,2,2,0.6
3735401004,0.5930457722282685,2,28,56,67,27.1,3.172604394605956,0,2,3,4,1.6,1.73604579222867,0,9,14,18,7.3,6.550060717713617,0,0,1,1,0.3,5.05408620653512,0,0,2,2,0.6
3735501001,4.112106545845919,0,1,5,22,3.5,25.09569754808112,0,0,0,1,0.1,10.11833191024649,0,0,2,5,0.9,57.272806841582174,0,0,0,0,0.0,25.048702950291357,0,0,0,1,0.1
3735601001,11.059704430197861,0,0,2,10,1.4,24.757434629871682,0,0,0,1,0.1,16.957183399895587,0,0,0,2,0.2,92.80388761326672,0,0,0,0,0.0,85.94554723450089,0,0,0,0,0.0
3735701001,0.0,1,1,1,9,1.8,31.19329941613672,0,0,0,0,0.0,22.839175024015688,0,0,0,2,0.2,94.64729926934042,0,0,0,0,0.0,94.34062587973156,0,0,0,0,0.0
3735801001,6.3770741735680065,0,0,9,39,5.699999999999999,11.73402386497226,0,0,1,3,0.5,8.415840239137,0,0,3,11,1.7,31.019296899550298,0,0,0,0,0.0,28.388845842389358,0,0,0,1,0.1
3735901001,6.398773414758429,0,0,1,10,1.2,25.387755156384614,0,0,0,1,0.1,20.145300989351604,0,0,0,3,0.30000000000000004,91.00666204974765,0,0,0,0,0.0,88.17566414118569,0,0,0,0,0.0
3736001001,8.860485449492204,0,0,1,12,1.4000000000000001,17.9105211404756,0,0,0,1,0.1,18.405895263852692,0,0,0,3,0.30000000000000004,47.03747975962922,0,0,0,0,0.0,46.811854205090704,0,0,0,0,0.0
3736101001,9.124674178840873,0,0,3,11,1.7,9.124674178840873,0,0,1,1,0.3,12.964423375578486,0,0,1,2,0.4,67.59954970257122,0,0,0,0,0.0,67.23445211049231,0,0,0,0,0.0
3736201001,0.6433878902385713,1,25,55,68,25.7,4.311680794186194,0,2,3,4,1.6,3.2214313078644214,0,8,14,18,7.0,7.617542754594901,0,0,1,1,0.3,4.918636605846591,0,1,2,2,0.8999999999999999
3736201002,0.0,1,26,56,68,26.2,3.7866516524495766,0,2,3,4,1.6,2.819725982013091,0,9,14,18,7.3,7.149463520342817,0,0,1,1,0.3,4.700223615522735,0,1,2,2,0.8999999999999999
3736201003,0.7711373524971014,1,26,58,68,26.6,3.8463481667642183,0,2,3,4,1.6,2.6615814859540015,0,8,14,18,7.0,7.0781428389455625,0,0,1,1,0.3,4.279081299402516,0,1,2,2,0.8999999999999999
3736201004,0.37010198093236446,1,26,58,68,26.6,3.860249010179681,0,2,3,4,1.6,2.7824574404613824,0,9,14,18,7.3,7.170052886461539,0,0,1,1,0.3,4.543984433882178,0,1,2,2,0.8999999999999999
3736301001,4.509381171211283,0,1,2,9,1.6,18.542166059993793,0,0,0,2,0.2,14.69891751229262,0,0,1,3,0.5,63.54928484803186,0,0,0,0,0.0,63.862498982419304,0,0,0,0,0.0
3736401001,0.0,1,1,2,8,1.9000000000000001,20.354174379258147,0,0,0,1,0.1,24.1980085292686,0,0,0,2,0.2,65.16470217526225,0,0,0,0,0.0,68.03423875344646,0,0,0,0,0.0
3736501001,11.772396030414892,0,0,3,55,6.1,24.699768337971587,0,0,0,3,0.30000000000000004,11.772396030414892,0,0,1,13,1.5000000000000002,26.71319564846099,0,0,0,1,0.1,26.2060831716669,0,0,0,2,0.2
3736601001,6.590476164213668,0,0,2,12,1.6,6.590476164213668,0,0,1,1,0.3,9.00547898800257,0,0,1,2,0.4,59.29536116638164,0,0,0,0,0.0,59.046551900071655,0,0,0,0,0.0
3736701001,6.422415193796612,0,0,4,9,1.7,14.258657317534354,0,0,1,1,0.3,13.131641070807504,0,0,2,2,0.6,78.89817061261445,0,0,0,0,0.0,78.77916775909183,0,0,0,0,0.0
3736801001,6.341844515242731,0,0,1,12,1.4000000000000001,21.764531887895117,0,0,0,1,0.1,18.849646234510228,0,0,0,3,0.30000000000000004,42.97964854897668,0,0,0,0,0.0,42.84325622058567,0,0,0,0,0.0
3736901001,0.0,1,1,3,13,2.6,26.7551889132387,0,0,0,1,0.1,12.85033462993732,0,0,1,3,0.5,38.51763484440827,0,0,0,0,0.0,38.20634624990928,0,0,0,0,0.0
3737001001,8.571231442026429,0,0,6,13,2.5,25.900970464167266,0,0,0,1,0.1,10.650385658900872,0,0,1,4,0.6000000000000001,46.09081200039539,0,0,0,0,0.0,45.42642905430954,0,0,0,0,0.0
3737101001,6.2025147764801725,0,0,2,4,0.8,42.69755425757382,0,0,0,0,0.0,30.80209321996128,0,0,0,0,0.0,105.9429199112878,0,0,0,0,0.0,72.26098577419138,0,0,0,0,0.0
3737201001,4.422316962601746,0,1,10,72,9.5,17.270683209784647,0,0,0,4,0.4,11.197536329948958,0,0,1,19,2.1,19.556752546952243,0,0,0,1,0.1,15.777984230520703,0,0,0,2,0.2
3737301001,0.0,1,1,4,12,2.7,20.409865844528987,0,0,0,2,0.2,16.5703953409382,0,0,0,4,0.4,67.94005900877204,0,0,0,0,0.0,68.2767797032021,0,0,0,0,0.0
3737401001,0.0,1,2,6,69,9.100000000000001,18.09674126247385,0,0,0,5,0.5,6.189041991091685,0,0,2,20,2.4,26.285550896935376,0,0,0,1,0.1,23.280158299029953,0,0,0,2,0.2
3737501001,0.0,1,3,7,74,10.100000000000001,20.858275239956992,0,0,0,5,0.5,3.842509826608958,0,1,1,20,2.5,23.56239101674968,0,0,0,1,0.1,20.29279715122196,0,0,0,2,0.2
3737601001,3.868308787383062,0,2,2,12,2.2,3.868308787383062,0,1,1,1,0.6,0.0,1,1,1,3,1.2,64.444040132794,0,0,0,0,0.0,64.38669296335952,0,0,0,0,0.0
3737601002,0.0,2,2,2,10,2.8,0.0,1,1,1,1,1.0,3.868308787383062,0,1,1,2,0.7,64.74279694811621,0,0,0,0,0.0,64.58864631533714,0,0,0,0,0.0
3737701001,10.454221497601115,0,0,3,10,1.6,11.646317218429077,0,0,1,1,0.3,8.411782421075598,0,0,1,3,0.5,69.85175853870258,0,0,0,0,0.0,69.94855097077841,0,0,0,0,0.0
3737801001,8.008559709800899,0,0,4,10,1.8,19.203403870255613,0,0,0,1,0.1,8.008559709800899,0,0,2,3,0.7,82.12584775789736,0,0,0,0,0.0,58.9951620366593,0,0,0,0,0.0
3737901001,12.845472688833658,0,0,3,61,6.700000000000001,24.462186785824684,0,0,0,3,0.30000000000000004,16.446605053491737,0,0,0,16,1.6,27.73508637798625,0,0,0,1,0.1,26.390997271792266,0,0,0,2,0.2
3738001001,10.720974982165014,0,0,8,65,8.1,15.472300810293488,0,0,0,3,0.30000000000000004,11.879513602511347,0,0,1,16,1.8,17.942293336587774,0,0,0,1,0.1,17.159941930628214,0,0,0,2,0.2
3738101001,7.11697894973859,0,0,2,8,1.2000000000000002,20.537149020174226,0,0,0,1,0.1,22.325226746064164,0,0,0,2,0.2,82.23966338978073,0,0,0,0,0.0,83.16284840410448,0,0,0,0,0.0
3738201001,12.014559069528046,0,0,8,20,3.6,13.8986723421046,0,0,1,1,0.3,12.014559069528046,0,0,1,4,0.6000000000000001,39.753298615401974,0,0,0,0,0.0,36.71132400222057,0,0,0,0,0.0
4000101001,0.0,1,1,19,43,8.8,14.150510579544676,0,0,2,4,0.8,13.783598877682941,0,0,5,11,2.1,15.22332311141332,0,0,0,1,0.1,12.260346967683724,0,0,2,2,0.6
4000201001,9.345257403373576,0,0,23,41,8.7,13.532654911767471,0,0,2,4,0.8,13.532654911767471,0,0,6,9,2.0999999999999996,12.130835143896775,0,0,1,1,0.3,13.219811385283318,0,0,2,2,0.6
4000301001,8.486916100672834,0,0,2,18,2.2,17.3371286212747,0,0,0,3,0.30000000000000004,15.066162306228051,0,0,0,6,0.6000000000000001,45.73856702190115,0,0,0,0,0.0,39.70981565218777,0,0,0,0,0.0
4000401001,0.0,1,1,4,21,3.6,19.198427852648756,0,0,0,2,0.2,17.660728009506148,0,0,0,5,0.5,30.836138730863563,0,0,0,0,0.0,30.314509699044084,0,0,0,0,0.0
4000501001,16.12133287325678,0,0,0,20,2.0,5.073477271390588,0,0,1,4,0.6000000000000001,16.12133287325678,0,0,0,5,0.5,29.30555518577093,0,0,0,1,0.1,28.48286358787646,0,0,0,1,0.1
4000601001,6.545527253530252,0,0,3,6,1.2,6.545527253530252,0,0,1,1,0.3,5.298081826823529,0,0,3,3,0.8999999999999999,41.68639834681282,0,0,0,0,0.0,43.41588405770952,0,0,0,0,0.0
4000701001,16.98491068320197,0,0,0,28,2.8000000000000003,23.26181663304053,0,0,0,4,0.4,15.008032337707451,0,0,0,10,1.0,27.116469320992508,0,0,0,1,0.1,28.133273568706702,0,0,0,1,0.1
4000801001,15.163231459809678,0,0,0,20,2.0,7.990500227934696,0,0,1,4,0.6000000000000001,15.163231459809678,0,0,0,4,0.4,29.617075004603674,0,0,0,1,0.1,28.690281107667282,0,0,0,1,0.1
4000901001,15.989073596922626,0,0,0,16,1.6,19.149329450300854,0,0,0,5,0.5,18.648892754589845,0,0,0,7,0.7000000000000001,24.621778946733283,0,0,0,1,0.1,24.887222114693266,0,0,0,1,0.1
4001001001,6.084181363625954,0,0,4,20,2.8,11.479378918127917,0,0,1,4,0.6000000000000001,6.084181363625954,0,0,4,9,1.7,38.85877713000708,0,0,0,0,0.0,11.479378918127917,0,0,1,1,0.3
4001201001,4.931107630960785,0,1,6,45,6.0,25.53318979161931,0,0,0,5,0.5,10.279911343086019,0,0,1,13,1.5000000000000002,25.876912842941874,0,0,0,1,0.1,24.631566071830946,0,0,0,3,0.30000000000000004
4001301001,9.259954143283814,0,0,2,16,2.0,11.317219552734139,0,0,1,2,0.4,13.629982484736184,0,0,1,4,0.6000000000000001,37.92900308101709,0,0,0,0,0.0,38.85514385109537,0,0,0,0,0.0
4001401001,11.836669642011431,0,0,1,14,1.6,19.062710486334243,0,0,0,4,0.4,18.580215413814045,0,0,0,6,0.6000000000000001,19.747873284298258,0,0,0,1,0.1,20.110644065761456,0,0,0,1,0.1
4001501001,9.598481648890031,0,0,4,19,2.7,14.786477675661311,0,0,2,3,0.7,9.598481648890031,0,0,4,6,1.4,37.99993313001969,0,0,0,0,0.0,15.126967220796445,0,0,0,1,0.1
4001601001,7.536000260883956,0,0,1,7,0.9000000000000001,17.775745941797915,0,0,0,2,0.2,7.5413796637423784,0,0,1,3,0.5,37.808581981782815,0,0,0,0,0.0,37.670061598111616,0,0,0,0,0.0
4001701001,3.652852305992848,0,1,9,44,6.5,17.232639703019572,0,0,0,4,0.4,9.406532651206643,0,0,1,12,1.4000000000000001,17.659730531870444,0,0,0,1,0.1,14.034418554691156,0,0,1,3,0.5
4001801001,5.4400286573754,0,0,8,44,6.0,17.82497333828004,0,0,0,4,0.4,11.149923286787534,0,0,2,11,1.5,17.83040910022927,0,0,0,1,0.1,14.407538050293445,0,0,1,3,0.5
4001901001,10.376857012519194,0,0,3,17,2.3,10.376857012519194,0,0,1,1,0.3,10.376857012519194,0,0,2,4,0.8,29.541175219570217,0,0,0,1,0.1,31.59461828878811,0,0,0,0,0.0
4002001001,18.8825145895485,0,0,0,8,0.8,18.8825145895485,0,0,0,1,0.1,4.3206831392685086,0,1,1,3,0.8,36.60795363716224,0,0,0,0,0.0,38.00144111272796,0,0,0,0,0.0
4002101001,8.134436693732361,0,0,3,17,2.3,8.134436693732361,0,0,1,1,0.3,8.134436693732361,0,0,1,3,0.5,29.877413593556227,0,0,0,1,0.1,31.617820555504487,0,0,0,0,0.0
4002201001,6.2255643394982885,0,0,7,45,5.9,18.578684971006844,0,0,0,4,0.4,10.796689126717997,0,0,2,11,1.5,18.387554844559286,0,0,0,1,0.1,15.187682893761142,0,0,0,3,0.30000000000000004
4002401001,0.0,2,2,4,9,3.1,20.67800541134369,0,0,0,2,0.2,0.0,1,1,1,2,1.1,44.77384979144222,0,0,0,0,0.0,43.83247938724515,0,0,0,0,0.0
4002501001,4.914306675267971,0,1,1,9,1.4,18.232921162858382,0,0,0,2,0.2,9.373937335785183,0,0,1,4,0.6000000000000001,39.80136916505569,0,0,0,0,0.0,39.573158190635304,0,0,0,0,0.0
4002601001,2.57478196596063,0,2,25,38,9.4,11.352434611927176,0,0,3,4,0.9999999999999999,10.151343632666025,0,0,7,9,2.3000000000000003,11.37203005299907,0,0,1,1,0.3,12.85583263043066,0,0,2,2,0.6
4002801001,5.082289740271661,0,0,4,36,4.4,25.879538308947183,0,0,0,5,0.5,13.150505465507047,0,0,1,12,1.4000000000000001,28.39242167611079,0,0,0,1,0.1,25.19849413628856,0,0,0,2,0.2
4002901001,8.637818476766487,0,0,1,8,1.0,6.630368017935533,0,0,1,1,0.3,19.204607357849138,0,0,0,2,0.2,32.15129198746058,0,0,0,0,0.0,31.600909446780186,0,0,0,0,0.0
4003001001,6.732611319903767,0,0,5,38,4.800000000000001,15.936510403047999,0,0,0,4,0.4,5.131463722590397,0,0,2,14,1.8000000000000003,28.360197230868792,0,0,0,1,0.1,15.936510403047999,0,0,0,2,0.2
4003101001,2.9918497720574577,0,2,29,41,10.5,5.761229316865469,0,0,3,3,0.8999999999999999,5.761229316865469,0,0,7,9,2.3000000000000003,4.625873962230323,0,1,1,1,0.6,4.668959488737756,0,1,2,2,0.8999999999999999
4003201001,0.0,1,1,1,9,1.8,15.117238947235844,0,0,0,2,0.2,14.284459336697651,0,0,1,4,0.6000000000000001,38.99095321020179,0,0,0,0,0.0,38.61223648118589,0,0,0,0,0.0
4003301001,8.100474824891222,0,0,25,40,9.0,11.36606915430988,0,0,2,4,0.8,11.336416392762034,0,0,7,9,2.3000000000000003,9.946354216996106,0,0,1,1,0.3,11.493190447837682,0,0,2,2,0.6
4003401001,2.9141441611278904,0,1,1,37,4.2,15.368945253886867,0,0,0,4,0.4,15.368945253886867,0,0,0,11,1.1,21.799284170639034,0,0,0,1,0.1,23.321210284553203,0,0,0,2,0.2
4003501001,5.732709936290432,0,0,26,42,9.4,11.534634350141438,0,0,2,4,0.8,11.534634350141438,0,0,6,10,2.1999999999999997,10.304140096509277,0,0,1,1,0.3,10.16880220826256,0,0,2,2,0.6
4003601001,7.384681619701604,0,0,5,13,2.3,7.384681619701604,0,0,1,1,0.3,7.384681619701604,0,0,1,4,0.6000000000000001,32.445726142887544,0,0,0,0,0.0,33.27031807307352,0,0,0,0,0.0
4003701001,12.515011528521457,0,0,1,16,1.8,15.426675101359312,0,0,0,3,0.30000000000000004,17.118074682952443,0,0,0,6,0.6000000000000001,36.33460556841625,0,0,0,0,0.0,37.150849344962424,0,0,0,0,0.0
4003901001,15.117238947235844,0,0,0,17,1.7000000000000002,0.0,1,1,1,3,1.2,20.67800541134369,0,0,0,4,0.4,26.34365591093069,0,0,0,1,0.1,25.675186154341596,0,0,0,1,0.1
4004001001,0.0,2,2,3,7,2.6999999999999997,0.0,1,1,1,1,1.0,0.0,1,1,2,3,1.4000000000000001,37.15804138180101,0,0,0,0,0.0,38.51668430089249,0,0,0,0,0.0
4004001002,4.9312728091689975,0,2,3,9,2.1,4.9312728091689975,0,1,1,1,0.6,4.9312728091689975,0,1,2,3,0.9999999999999999,37.91385330995525,0,0,0,0,0.0,38.82967968661342,0,0,0,0,0.0
4004002001,4.88349225108139,0,1,4,12,2.3,9.508942437641188,0,0,1,1,0.3,9.508942437641188,0,0,1,5,0.7,36.42661404330732,0,0,0,0,0.0,36.89692553572174,0,0,0,0,0.0
4004101001,0.0,2,2,18,43,9.3,14.205132652602872,0,0,1,3,0.5,13.65144350276662,0,0,5,10,2.0,13.358567078419357,0,0,1,1,0.3,11.594895136778423,0,0,1,2,0.4
4004301001,0.0,1,1,6,40,5.9,22.632484593275723,0,0,0,3,0.30000000000000004,4.777063732752201,0,1,1,10,1.5,22.14253711182316,0,0,0,1,0.1,19.4770733737999,0,0,0,3,0.30000000000000004
4004301002,4.777063732752201,0,1,7,41,5.800000000000001,20.23309794541242,0,0,0,4,0.4,0.0,1,1,1,13,2.2,26.58444189707293,0,0,0,1,0.1,20.23309794541242,0,0,0,3,0.30000000000000004
4004401001,6.951978946346719,0,0,3,8,1.4,12.377821202183787,0,0,1,1,0.3,11.69310547899933,0,0,2,3,0.7,39.14892628691126,0,0,0,0,0.0,39.53551082476929,0,0,0,0,0.0
4004501001,18.759228706408077,0,0,0,7,0.7000000000000001,20.315303698178223,0,0,0,1,0.1,3.583685868431243,0,1,1,3,0.8,44.24053037155911,0,0,0,0,0.0,45.7283531905398,0,0,0,0,0.0
4004601001,5.516924182690278,0,0,1,8,1.0,20.196057547851698,0,0,0,2,0.2,14.961765211547801,0,0,1,4,0.6000000000000001,44.50782804369081,0,0,0,0,0.0,44.1261247290456,0,0,0,0,0.0
4004701001,14.29335155794309,0,0,1,10,1.2,20.169710293205615,0,0,0,3,0.30000000000000004,16.48137818224142,0,0,0,3,0.30000000000000004,31.407167633184173,0,0,0,0,0.0,31.868892454682918,0,0,0,0,0.0
4004801001,13.192691989127352,0,0,1,8,1.0,17.664782603061298,0,0,0,3,0.30000000000000004,13.22374560471525,0,0,1,3,0.5,32.930833488959934,0,0,0,0,0.0,33.28434739058187,0,0,0,0,0.0
4004901001,12.042404316058295,0,0,2,5,0.9,12.042404316058295,0,0,1,1,0.3,7.959087116359023,0,0,3,3,0.8999999999999999,41.56372680582121,0,0,0,0,0.0,43.4938416299352,0,0,0,0,0.0
4005101001,16.3095432895596,0,0,0,8,0.8,18.864473472888797,0,0,0,2,0.2,12.125358988607925,0,0,1,2,0.4,31.291508552045197,0,0,0,0,0.0,31.503541927558796,0,0,0,0,0.0
4005201001,11.211548896896973,0,0,1,17,1.9000000000000001,6.47919019743328,0,0,1,4,0.6000000000000001,19.31020749554081,0,0,0,5,0.5,27.810698794291454,0,0,0,1,0.1,27.40884870653986,0,0,0,1,0.1
4005301001,12.089069156418384,0,0,1,7,0.9000000000000001,24.08153471218043,0,0,0,2,0.2,12.041557863738568,0,0,1,4,0.6000000000000001,51.073164225068695,0,0,0,0,0.0,50.70103930211195,0,0,0,0,0.0
4005401001,13.879642115821355,0,0,3,7,1.2999999999999998,26.765472842387066,0,0,0,2,0.2,15.978517221176043,0,0,0,4,0.4,52.323205437209026,0,0,0,0,0.0,51.83835290479528,0,0,0,0,0.0
4005501001,12.39206568058857,0,0,1,17,1.9000000000000001,3.12380123663085,0,1,1,3,0.8,21.618286029633115,0,0,0,4,0.4,27.68564819524134,0,0,0,1,0.1,27.132286961185965,0,0,0,1,0.1
4005601001,8.597350956519962,0,0,1,10,1.2,16.302082772593046,0,0,0,2,0.2,15.953280355835055,0,0,0,3,0.30000000000000004,37.36207181137289,0,0,0,0,0.0,37.87320522062841,0,0,0,0,0.0
4005701001,4.781964862379654,0,1,5,34,4.7,4.781964862379654,0,1,2,5,1.2,4.781964862379654,0,1,4,13,2.4,46.805170039100005,0,0,0,0,0.0,4.781964862379654,0,1,1,1,0.6
4005701002,0.0,1,1,4,31,4.6,0.0,1,1,1,5,1.4,0.0,1,1,2,11,2.2,43.17740716972401,0,0,0,0,0.0,0.0,1,1,1,1,1.0
4005801001,8.44610153774975,0,0,4,16,2.4000000000000004,9.572953845008577,0,0,2,3,0.7,8.44610153774975,0,0,3,7,1.2999999999999998,43.063717006422806,0,0,0,0,0.0,16.434714310080388,0,0,0,1,0.1
4005901001,8.472188299012714,0,0,5,34,4.4,16.038664981553318,0,0,0,4,0.4,14.730160306052673,0,0,1,9,1.1,18.41756085405338,0,0,0,1,0.1,19.645535322883024,0,0,0,2,0.2
4006001001,10.251337981043227,0,0,2,6,1.0,10.251337981043227,0,0,1,2,0.4,5.759932337345378,0,0,3,3,0.8999999999999999,43.77822921906359,0,0,0,0,0.0,45.72907696174142,0,0,0,0,0.0
4006101001,10.084069144590417,0,0,5,10,2.0,11.036442339137306,0,0,1,2,0.4,10.084069144590417,0,0,1,3,0.5,36.66610967719468,0,0,0,0,0.0,35.86221954702948,0,0,0,0,0.0
4006201001,7.075793836116699,0,0,1,33,3.5,15.048411120155954,0,0,0,4,0.4,15.048411120155954,0,0,0,10,1.0,23.224767330665106,0,0,0,1,0.1,25.260957246076394,0,0,0,2,0.2
4006301001,0.0,3,3,10,32,7.3,0.0,1,1,1,5,1.4,0.0,1,2,2,10,2.4000000000000004,44.21964192321954,0,0,0,0,0.0,29.356213838877952,0,0,0,1,0.1
4006301002,0.0,3,3,11,33,7.6000000000000005,0.4239662734353704,1,1,1,5,1.4,0.4239662734353704,1,2,2,10,2.4000000000000004,43.92050940803515,0,0,0,0,0.0,29.67294538226655,0,0,0,1,0.1
4006301003,2.2899064359911105,0,3,8,28,5.3,2.2937757938823755,0,1,1,2,0.7,0.0,1,2,2,7,2.1,46.12400380038107,0,0,0,0,0.0,30.619362852436588,0,0,0,0,0.0
4006302001,0.0,3,3,10,32,7.3,0.5366563638752906,1,1,1,4,1.3,0.5366563638752906,1,2,2,10,2.4000000000000004,44.5793502826449,0,0,0,0,0.0,28.939328247969055,0,0,0,1,0.1
4006302002,0.7317841947978104,3,3,10,32,7.3,0.7317841947978104,1,1,1,3,1.2,0.7317841947978104,1,2,2,10,2.4000000000000004,44.7082061498748,0,0,0,0,0.0,29.881107928914385,0,0,0,1,0.1
4006302003,0.0,1,1,9,30,5.5,10.928937605533692,0,0,1,3,0.5,10.928937605533692,0,0,3,10,1.6,44.671288807140186,0,0,0,0,0.0,18.984331512624504,0,0,0,1,0.1
4006302004,2.3789977837083462,0,3,8,32,5.7,2.7951747687013975,0,1,1,3,0.8,2.093698168289742,0,2,2,9,1.9,46.95111393046203,0,0,0,0,0.0,28.72294832690275,0,0,0,1,0.1
4006501001,5.281641038454729,0,0,12,39,6.3,11.602102781175168,0,0,1,4,0.6000000000000001,7.265276697562937,0,0,4,11,1.9,42.14208678959612,0,0,0,0,0.0,18.98037753620424,0,0,0,1,0.1
4006801001,9.059563285485876,0,0,6,26,3.8,12.510917553400175,0,0,1,3,0.5,9.059563285485876,0,0,4,8,1.6,30.666565949216825,0,0,0,0,0.0,12.510917553400175,0,0,1,2,0.4
4006901001,6.5941677056228984,0,0,7,23,3.7,6.5941677056228984,0,0,2,4,0.8,6.5941677056228984,0,0,2,10,1.4,52.319221997334566,0,0,0,0,0.0,16.836288554520667,0,0,0,2,0.2
4007001001,11.77816150985514,0,0,1,6,0.8,19.09750810231758,0,0,0,2,0.2,9.736274413778068,0,0,2,3,0.7,48.77683541401643,0,0,0,0,0.0,49.57078729912477,0,0,0,0,0.0
4007101001,9.985292135083965,0,0,1,14,1.6,12.236097827933959,0,0,1,4,0.6000000000000001,13.849288550448664,0,0,1,5,0.7,30.4570399761014,0,0,0,0,0.0,30.269013794598756,0,0,0,0,0.0
4007201001,4.957662382481604,0,2,26,40,9.799999999999999,9.249913862768725,0,0,2,3,0.7,9.249913862768725,0,0,6,9,2.0999999999999996,8.446978176947713,0,0,1,1,0.3,6.729836675824204,0,0,2,2,0.6
4007301001,8.211661702962518,0,0,7,39,5.300000000000001,22.232367760771865,0,0,0,3,0.30000000000000004,14.115466789188542,0,0,1,9,1.1,22.72472633379891,0,0,0,1,0.1,22.10441557963559,0,0,0,2,0.2
4007401001,4.336924726577632,0,2,6,44,6.2,18.534561518167838,0,0,0,4,0.4,10.078685761874077,0,0,1,11,1.3,17.658611911885316,0,0,0,1,0.1,15.914416166461784,0,0,0,3,0.30000000000000004
4007501001,6.219289653624303,0,0,6,44,5.6,17.281101378849936,0,0,0,4,0.4,15.572535875597833,0,0,0,10,1.0,16.082361855329783,0,0,0,1,0.1,15.596070648625636,0,0,0,2,0.2
4007601001,5.105291441408447,0,0,8,38,5.4,5.105291441408447,0,0,1,4,0.6000000000000001,6.364882638173954,0,0,3,10,1.6,28.357882835454003,0,0,0,1,0.1,25.94398944333478,0,0,0,2,0.2
4007601002,0.0,1,3,7,39,6.6000000000000005,0.0,1,1,1,4,1.3,9.082898813811807,0,0,1,11,1.3,27.22433992930307,0,0,0,1,0.1,24.541390764809467,0,0,0,2,0.2
4007601003,5.081508352374375,0,0,7,17,3.1,9.082898813811807,0,0,1,1,0.3,0.0,1,1,3,5,1.8,31.64372741063805,0,0,0,0,0.0,31.64372741063805,0,0,0,0,0.0
4007601004,2.9965771606212446,0,3,7,32,5.5,2.9965771606212446,0,1,1,4,0.9,7.075105205858444,0,0,2,10,1.4,30.220593733878175,0,0,0,0,0.0,27.53288161386536,0,0,0,2,0.2
4007602001,2.1056524772644547,0,3,7,36,5.9,2.1056524772644547,0,1,1,4,0.9,10.208570909653305,0,0,1,11,1.3,27.7636013783225,0,0,0,1,0.1,24.995240477530718,0,0,0,2,0.2
4007602002,0.0,2,3,5,35,6.2,4.7555734573983734,0,1,1,4,0.9,11.80079064699371,0,0,1,11,1.3,28.92047737487147,0,0,0,1,0.1,26.075370596909007,0,0,0,2,0.2
4007602003,0.0,1,1,7,38,5.9,7.345282932626403,0,0,1,4,0.6000000000000001,16.165470958661167,0,0,0,10,1.0,24.42100490256701,0,0,0,1,0.1,21.513087242340234,0,0,0,2,0.2
4007603001,3.5308246440449818,0,1,7,39,5.6,6.863808677042385,0,0,1,4,0.6000000000000001,15.909740575679699,0,0,0,10,1.0,21.685452304738313,0,0,0,1,0.1,18.837198221945787,0,0,0,2,0.2
4007604001,4.557218675513014,0,1,7,39,5.6,4.557218675513014,0,1,1,4,0.9,11.710185158119746,0,0,1,10,1.2,23.226361736073496,0,0,0,1,0.1,20.671185301902725,0,0,0,2,0.2
4007701001,3.9989750908684965,0,1,28,40,9.899999999999999,6.928882664358133,0,0,3,3,0.8999999999999999,6.914566999525281,0,0,7,9,2.3000000000000003,5.509732997622623,0,0,1,1,0.3,7.361738725266904,0,0,2,2,0.6
4007801001,7.795097137894043,0,0,10,37,5.7,14.40800070546757,0,0,1,3,0.5,5.166540706317701,0,0,3,10,1.6,44.464005331334306,0,0,0,0,0.0,14.40800070546757,0,0,1,1,0.3
4007901001,10.059090009359027,0,0,5,7,1.7,11.347002784975764,0,0,1,1,0.3,13.201685502557478,0,0,1,3,0.5,37.69051285432035,0,0,0,0,0.0,37.01346327452355,0,0,0,0,0.0
4008001001,8.621241999010994,0,0,1,14,1.6,9.952296928176718,0,0,1,3,0.5,15.634252268656414,0,0,0,5,0.5,30.612478172428883,0,0,0,0,0.0,30.310587338182152,0,0,0,0,0.0
4008101001,7.762264834015387,0,0,6,24,3.5999999999999996,10.643517221683787,0,0,1,2,0.4,8.433516876714895,0,0,2,5,0.9,46.597502133580555,0,0,0,0,0.0,34.1454811218626,0,0,0,0,0.0
4008201001,8.114327408747345,0,0,6,33,4.5,9.112877142067429,0,0,2,5,0.9,9.112877142067429,0,0,4,13,2.1,49.48644039296716,0,0,0,0,0.0,9.112877142067429,0,0,1,2,0.4
4008301001,10.122771738905806,0,0,2,15,1.9,19.690248132945527,0,0,0,3,0.30000000000000004,19.690248132945527,0,0,0,5,0.5,39.90838892569614,0,0,0,0,0.0,40.57710343810065,0,0,0,0,0.0
4008401001,9.203794207300884,0,0,9,35,5.3,11.219426686370879,0,0,2,3,0.7,4.5314747744009365,0,1,3,10,1.9,45.119968092767806,0,0,0,0,0.0,11.219426686370879,0,0,1,1,0.3
4008601001,0.0,1,1,5,24,4.1000000000000005,22.161420461765474,0,0,0,3,0.30000000000000004,11.588331064777229,0,0,1,7,0.9000000000000001,30.792414120809593,0,0,0,0,0.0,28.61411296258154,0,0,0,2,0.2
4008701001,11.000363596882552,0,0,2,16,2.0,19.486212916110013,0,0,0,3,0.30000000000000004,20.986198921865675,0,0,0,5,0.5,41.62721155487031,0,0,0,0,0.0,42.382143032310445,0,0,0,0,0.0
4008801001,0.0,1,1,3,10,2.3000000000000003,9.835959497999637,0,0,1,1,0.3,9.835959497999637,0,0,2,3,0.7,41.1837504932374,0,0,0,0,0.0,41.735403455539256,0,0,0,0,0.0
4008901001,8.374119062712039,0,0,1,16,1.8,15.978797732737556,0,0,0,3,0.30000000000000004,18.469459928100314,0,0,0,5,0.5,40.92432991539735,0,0,0,0,0.0,41.76329328663564,0,0,0,0,0.0
4009101001,15.294022219755357,0,0,0,15,1.5,21.847888841404956,0,0,0,3,0.30000000000000004,20.084180030661845,0,0,0,4,0.4,31.211876697085923,0,0,0,0,0.0,31.814814279324096,0,0,0,0,0.0
4009201001,8.494804738707792,0,0,1,15,1.7000000000000002,18.25434356631329,0,0,0,3,0.30000000000000004,18.25434356631329,0,0,0,5,0.5,41.828265240866465,0,0,0,0,0.0,42.47335609305617,0,0,0,0,0.0
4009301001,20.324306262664518,0,0,0,12,1.2000000000000002,21.68959019679366,0,0,0,2,0.2,11.476253408994593,0,0,1,4,0.6000000000000001,30.36769465032768,0,0,0,0,0.0,31.505425960282576,0,0,0,0,0.0
4009401001,0.0,1,1,23,45,9.8,13.748652951317325,0,0,2,4,0.8,12.986958590349094,0,0,7,11,2.5,14.092844107888517,0,0,1,1,0.3,10.47374415761346,0,0,1,2,0.4
4009501001,4.032951147933107,0,1,9,27,4.8,12.830116650667351,0,0,1,2,0.4,12.616918983937454,0,0,3,7,1.2999999999999998,39.991487096801876,0,0,0,0,0.0,21.60613601319129,0,0,0,1,0.1
4009701001,4.999770088860293,0,1,1,10,1.5,10.676368340652793,0,0,1,2,0.4,15.779698515489478,0,0,0,4,0.4,34.00449947121183,0,0,0,0,0.0,33.61644325445823,0,0,0,0,0.0
4009901001,9.424048336523954,0,0,2,18,2.2,13.220791369417128,0,0,1,3,0.5,17.68182183825097,0,0,0,5,0.5,19.11161986021507,0,0,0,1,0.1,19.05026588479848,0,0,0,1,0.1
4010001001,11.453879823950674,0,0,5,21,3.1,18.028103919684305,0,0,0,3,0.30000000000000004,15.87499492705981,0,0,0,6,0.6000000000000001,42.208677188110386,0,0,0,0,0.0,37.67435043755202,0,0,0,0,0.0
4010101001,4.105548498393598,0,2,24,42,9.6,8.237450687064937,0,0,2,4,0.8,8.237450687064937,0,0,6,9,2.0999999999999996,8.406847477767482,0,0,1,1,0.3,4.843748869215255,0,1,2,2,0.8999999999999999
4010301001,4.298235602882108,0,1,25,43,9.6,11.178167134274617,0,0,2,3,0.7,11.178167134274617,0,0,6,10,2.1999999999999997,11.148944913130036,0,0,1,1,0.3,7.761364320891361,0,0,2,2,0.6
4010401001,5.964434661347243,0,0,3,37,4.300000000000001,15.518055410591632,0,0,0,3,0.30000000000000004,5.964434661347243,0,0,2,10,1.4,28.731925862991428,0,0,0,1,0.1,26.53734012115969,0,0,0,2,0.2
4010501001,3.989521334887786,0,1,6,44,5.9,17.17105510564776,0,0,0,4,0.4,12.388350092672663,0,0,1,12,1.4000000000000001,18.072475908859428,0,0,0,1,0.1,14.755921142304851,0,0,1,2,0.4
4010601001,8.49125478582978,0,0,3,22,2.8,16.949633052005172,0,0,0,3,0.30000000000000004,8.49125478582978,0,0,2,6,1.0,35.542769864609106,0,0,0,0,0.0,16.949633052005172,0,0,0,1,0.1
4010701001,7.1723706800362095,0,0,3,35,4.1,26.10618194624061,0,0,0,5,0.5,13.492953523318283,0,0,1,10,1.2,26.942830235396464,0,0,0,1,0.1,26.942830235396464,0,0,0,1,0.1
4010801001,12.93356039739245,0,0,1,15,1.7000000000000002,11.021459421100182,0,0,1,2,0.4,12.413816931810148,0,0,1,4,0.6000000000000001,34.22904812355245,0,0,0,0,0.0,35.15450806946774,0,0,0,0,0.0
4010901001,11.059042056875079,0,0,2,13,1.7000000000000002,11.935461810008135,0,0,1,2,0.4,11.059042056875079,0,0,1,2,0.4,33.82004526319683,0,0,0,0,0.0,32.84873208927981,0,0,0,0,0.0
4011001001,5.8515488031094565,0,0,3,19,2.5,19.026558409059707,0,0,0,2,0.2,19.026558409059707,0,0,0,5,0.5,36.6456015819486,0,0,0,0,0.0,36.165613584882394,0,0,0,0,0.0
4011101001,5.811119294976775,0,0,6,43,5.5,18.726103914678088,0,0,0,4,0.4,15.385344967986534,0,0,0,11,1.1,20.564501060392676,0,0,0,1,0.1,17.868355604583996,0,0,0,2,0.2
4011201001,0.0,1,17,29,42,15.5,3.04597611804532,0,2,3,4,1.6,3.04597611804532,0,6,7,9,4.1,1.7155523662050989,0,1,1,1,0.6,3.7835657900605715,0,2,2,2,1.2
4011201002,1.505400589021649,0,18,29,40,15.199999999999998,3.445167545692155,0,2,3,4,1.6,3.1978687231164655,0,6,7,9,4.1,2.1541417174061213,0,1,1,1,0.6,4.288090252982866,0,1,2,2,0.8999999999999999
4011301001,0.0,1,1,27,41,10.200000000000001,11.50768046960517,0,0,4,4,1.2,11.50768046960517,0,0,7,10,2.4000000000000004,13.92322901182813,0,0,1,1,0.3,11.114177486863987,0,0,2,2,0.6
4011501001,15.912492604024415,0,0,0,21,2.1,6.7476609732263535,0,0,1,4,0.6000000000000001,21.57158662468428,0,0,0,5,0.5,22.948646752212316,0,0,0,1,0.1,22.046789752286305,0,0,0,1,0.1
4011801001,6.309471937974328,0,0,6,38,5.0,20.909091166041424,0,0,0,3,0.30000000000000004,6.309471937974328,0,0,1,12,1.4000000000000001,21.491634592540393,0,0,0,1,0.1,17.891822507509637,0,0,0,3,0.30000000000000004
4011901001,4.269227803472844,0,4,21,45,9.9,13.500903858443307,0,0,2,4,0.8,13.406628665359888,0,0,7,12,2.6,14.247771594506839,0,0,1,1,0.3,10.774667764276145,0,0,2,2,0.6
4012001001,2.8161346195990005,0,2,4,17,3.0999999999999996,2.8161346195990005,0,2,2,4,1.4,2.8161346195990005,0,2,2,7,1.7,47.07290470435813,0,0,0,0,0.0,19.271407827559962,0,0,0,1,0.1
4012101001,10.763664540629522,0,0,5,21,3.1,15.057222036637318,0,0,0,3,0.30000000000000004,12.26482320378726,0,0,2,7,1.1,38.45880809661512,0,0,0,0,0.0,22.363272387578228,0,0,0,1,0.1
4012201001,6.261644274013402,0,0,4,39,4.7,23.39551674884175,0,0,0,3,0.30000000000000004,13.349527002328713,0,0,1,11,1.3,24.716473078654097,0,0,0,1,0.1,21.603005528672067,0,0,0,2,0.2
4012301001,20.000971147308697,0,0,0,9,0.9,20.000971147308697,0,0,0,1,0.1,8.152400628102269,0,0,1,4,0.6000000000000001,33.161638393090506,0,0,0,0,0.0,34.44060713416129,0,0,0,0,0.0
4012401001,4.952795996447588,0,1,17,53,9.0,13.921638374880043,0,0,1,5,0.7,8.11939965623741,0,0,5,12,2.2,35.37513515857305,0,0,0,0,0.0,23.014370824822382,0,0,0,1,0.1
4012501001,8.315592597232103,0,0,2,8,1.2000000000000002,8.315592597232103,0,0,1,1,0.3,8.315592597232103,0,0,3,3,0.8999999999999999,35.93736056082428,0,0,0,0,0.0,38.001614978794116,0,0,0,0,0.0
4012601001,5.955151960039497,0,0,3,22,2.8,16.173723312479265,0,0,0,3,0.30000000000000004,5.955151960039497,0,0,2,6,1.0,32.592766682588866,0,0,0,0,0.0,16.173723312479265,0,0,0,2,0.2
4012701001,5.421766502026014,0,0,2,19,2.3000000000000003,12.437133021659067,0,0,1,2,0.4,15.403279002125466,0,0,0,3,0.30000000000000004,41.74315566977065,0,0,0,0,0.0,42.67820899597627,0,0,0,0,0.0
4012801001,8.132906335908471,0,0,7,27,4.1,12.962628435108993,0,0,1,4,0.6000000000000001,8.371901134140028,0,0,4,9,1.7,30.586443987091076,0,0,0,0,0.0,12.962628435108993,0,0,1,2,0.4
4012901001,9.096432318514577,0,0,8,26,4.2,11.400611292334688,0,0,3,5,1.0999999999999999,11.400611292334688,0,0,4,11,1.9,52.49156745802559,0,0,0,0,0.0,13.403910539816257,0,0,1,2,0.4
4013001001,6.0072997904902214,0,0,9,17,3.5,12.032963490215526,0,0,3,3,0.8999999999999999,12.832237393770875,0,0,2,4,0.8,14.32892961900289,0,0,1,1,0.3,13.717414036796047,0,0,1,1,0.3
4013101001,10.28625302617916,0,0,5,38,4.800000000000001,18.023175982405853,0,0,0,3,0.30000000000000004,10.28625302617916,0,0,1,10,1.2,25.710659481822038,0,0,0,1,0.1,23.15270951521619,0,0,0,2,0.2
4013201001,13.494818140192226,0,0,1,18,2.0,5.738225818725688,0,0,1,3,0.5,21.549948377877538,0,0,0,5,0.5,23.06366404996558,0,0,0,1,0.1,22.616454579897535,0,0,0,1,0.1
4013401001,7.4794992343505085,0,0,6,43,5.5,22.763594673044402,0,0,0,4,0.4,8.019043716037187,0,0,1,12,1.4000000000000001,21.837372443549775,0,0,0,1,0.1,20.20801347899914,0,0,0,3,0.30000000000000004
4013501001,7.8161780485354475,0,0,2,24,2.8000000000000003,26.88581238940106,0,0,0,3,0.30000000000000004,15.169442031497578,0,0,0,6,0.6000000000000001,30.935358553859142,0,0,0,0,0.0,30.59288325334866,0,0,0,0,0.0
4013601001,5.919809428445664,0,0,4,31,3.9000000000000004,10.1386158456789,0,0,1,3,0.5,10.1386158456789,0,0,1,11,1.3,27.190821892523278,0,0,0,1,0.1,28.41016589137617,0,0,0,2,0.2
4013801001,5.06409339737968,0,0,4,28,3.6000000000000005,7.127415349908938,0,0,1,4,0.6000000000000001,5.06409339737968,0,0,3,9,1.5,36.05488867877789,0,0,0,0,0.0,7.127415349908938,0,0,1,1,0.3
4013801002,0.0,1,1,4,27,4.2,5.990102012988701,0,0,1,4,0.6000000000000001,0.0,1,1,2,9,2.0,38.96635349931569,0,0,0,0,0.0,5.990102012988701,0,0,1,1,0.3
4013901001,14.327906267270892,0,0,2,30,3.4000000000000004,20.948866750661676,0,0,0,4,0.4,17.17697752807137,0,0,0,10,1.0,24.42358564585766,0,0,0,1,0.1,25.500746757719675,0,0,0,2,0.2
4014001001,3.259764930351078,0,1,3,11,2.0,12.710043083140517,0,0,1,2,0.4,12.710043083140517,0,0,1,3,0.5,43.11122418182592,0,0,0,0,0.0,43.61297501445682,0,0,0,0,0.0
4014101001,0.0,1,1,8,24,4.7,21.35976438608801,0,0,0,2,0.2,6.946910095196526,0,0,1,7,0.9000000000000001,31.18505369167685,0,0,0,0,0.0,22.4889954029457,0,0,0,2,0.2
4014201001,9.286164332695247,0,0,1,8,1.0,15.268195212630113,0,0,0,2,0.2,10.546053154032421,0,0,1,3,0.5,33.29777040058905,0,0,0,0,0.0,33.174372720376695,0,0,0,0,0.0
4014301001,13.746410848442832,0,0,1,13,1.5000000000000002,15.719885729064348,0,0,0,4,0.4,12.91858070736178,0,0,1,5,0.7,29.656040523126478,0,0,0,1,0.1,29.65367624058229,0,0,0,1,0.1
4014401001,16.163443622488693,0,0,0,13,1.3,17.133686861800754,0,0,0,4,0.4,13.998523777513267,0,0,1,4,0.6000000000000001,28.517783166698965,0,0,0,1,0.1,28.608838791575067,0,0,0,1,0.1
4014501001,0.0,2,2,6,29,5.5,8.489815136431087,0,0,1,5,0.7,8.489815136431087,0,0,3,10,1.6,38.18899674152645,0,0,0,0,0.0,8.489815136431087,0,0,1,1,0.3
4014601001,0.0,1,1,5,28,4.5,11.128752096083288,0,0,1,2,0.4,5.081508352374375,0,0,3,5,1.0999999999999999,29.372037111017683,0,0,0,1,0.1,29.372037111017683,0,0,0,1,0.1
4014801001,6.93638504058458,0,0,5,26,3.6,12.370891723953799,0,0,1,3,0.5,6.93638504058458,0,0,3,8,1.4,32.30028618239098,0,0,0,0,0.0,12.370891723953799,0,0,1,2,0.4
4014901001,0.0,1,1,5,19,3.6000000000000005,13.534856271272258,0,0,1,2,0.4,11.425487586065147,0,0,2,3,0.7,47.091777927174434,0,0,0,0,0.0,40.95341145738039,0,0,0,0,0.0
4015001001,12.573148689301616,0,0,2,9,1.3,12.573148689301616,0,0,1,1,0.3,7.0105682568508785,0,0,2,3,0.7,35.892577670945755,0,0,0,0,0.0,37.70365937925041,0,0,0,0,0.0
4015101001,8.745378352458802,0,0,5,37,4.7,15.274288308924278,0,0,0,5,0.5,8.745378352458802,0,0,3,13,1.9,28.204910978950277,0,0,0,1,0.1,15.274288308924278,0,0,0,3,0.30000000000000004
4015201001,0.0,1,1,10,43,7.0,9.908765559495977,0,0,1,4,0.6000000000000001,15.572423134156827,0,0,0,11,1.1,17.840992339001936,0,0,0,1,0.1,15.39807106457486,0,0,0,2,0.2
4015401001,7.233348011368122,0,0,1,9,1.1,8.052341702639387,0,0,1,2,0.4,18.238246796658263,0,0,0,4,0.4,32.16751222430794,0,0,0,0,0.0,31.711694539039964,0,0,0,0,0.0
4015501001,0.0,1,4,25,38,10.4,2.6832680626179317,0,1,3,4,1.3,1.3804358026780255,0,1,7,7,2.4,9.954474862181167,0,0,1,1,0.3,9.146773100033752,0,0,2,2,0.6
4015501002,2.9700763059553736,0,12,28,39,13.1,4.332264524683005,0,2,3,4,1.6,4.054322831399808,0,4,7,7,3.3,5.355054213940831,0,0,1,1,0.3,3.8013274949266074,0,1,2,2,0.8999999999999999
4015601001,13.93439982364169,0,0,2,12,1.6,13.93439982364169,0,0,1,1,0.3,9.767636672150456,0,0,2,4,0.8,31.627416470961524,0,0,0,0,0.0,33.37759406883907,0,0,0,0,0.0
4015701001,8.874416354833128,0,0,6,38,5.0,17.79676814674612,0,0,0,4,0.4,16.564152805317015,0,0,0,10,1.0,16.699666586295482,0,0,0,1,0.1,18.709509449161892,0,0,0,2,0.2
4015801001,5.303011175083534,0,0,6,21,3.3,14.443186173591316,0,0,1,3,0.5,12.14947473706751,0,0,2,5,0.9,48.21709044120418,0,0,0,0,0.0,38.849888535646734,0,0,0,0,0.0
4015901001,5.1251327763633245,0,0,6,28,4.0,16.703934763851116,0,0,0,2,0.2,10.730558122429567,0,0,1,8,1.0,36.2190614384241,0,0,0,0,0.0,20.616963786416825,0,0,0,1,0.1
4016001001,2.9550177774666064,0,1,6,31,4.6,22.02951329422592,0,0,0,3,0.30000000000000004,4.160958710721989,0,1,1,10,1.5,28.62719744228046,0,0,0,1,0.1,22.02951329422592,0,0,0,2,0.2
4016101001,14.707941057069963,0,0,1,14,1.6,11.588087135282562,0,0,1,4,0.6000000000000001,18.59219950961762,0,0,0,5,0.5,24.500096006860662,0,0,0,1,0.1,24.374090187625267,0,0,0,1,0.1
4016201001,18.76481234229124,0,0,0,7,0.7000000000000001,18.76481234229124,0,0,0,1,0.1,0.0,1,1,1,3,1.2,40.662555412300776,0,0,0,0,0.0,42.14467658613335,0,0,0,0,0.0
4016301001,5.516103379165273,0,0,4,13,2.1,5.516103379165273,0,0,1,1,0.3,5.516103379165273,0,0,1,3,0.5,31.658333658228045,0,0,0,0,0.0,33.00158944286097,0,0,0,0,0.0
4016401001,7.49254998085376,0,0,6,15,2.6999999999999997,7.49254998085376,0,0,3,4,0.9999999999999999,7.49254998085376,0,0,4,8,1.6,47.36326559069577,0,0,0,0,0.0,14.598517390132578,0,0,1,1,0.3
4016501001,5.718271244216647,0,0,3,12,1.7999999999999998,5.718271244216647,0,0,1,1,0.3,5.718271244216647,0,0,2,3,0.7,33.18284840627631,0,0,0,0,0.0,34.93261779263278,0,0,0,0,0.0
4016601001,6.097647818300806,0,0,10,42,6.2,14.220354758556175,0,0,1,4,0.6000000000000001,3.2054110546396877,0,1,3,12,2.1,39.71889974351351,0,0,0,0,0.0,17.58898074405962,0,0,0,1,0.1
4016801001,13.645119042372741,0,0,3,13,1.9,7.040750379649136,0,0,1,2,0.4,13.645119042372741,0,0,1,3,0.5,32.44036465490285,0,0,0,0,0.0,31.64329817075578,0,0,0,0,0.0
4017001001,0.0,2,2,4,5,2.7,22.177238800949286,0,0,0,1,0.1,8.983932371714946,0,0,1,2,0.4,48.258261574279224,0,0,0,0,0.0,47.481097665597176,0,0,0,0,0.0
4017101001,6.140034253140073,0,0,4,6,1.4,16.451459416218,0,0,0,1,0.1,6.953736673206099,0,0,1,1,0.3,42.26132285965003,0,0,0,0,0.0,41.45675455355876,0,0,0,0,0.0
4017201001,7.184561000642365,0,0,2,5,0.9,26.36577329927765,0,0,0,1,0.1,16.13789006296553,0,0,0,3,0.30000000000000004,52.70224127154269,0,0,0,0,0.0,52.040543281172994,0,0,0,0,0.0
4017301001,3.952896707688384,0,2,24,43,9.7,11.03280484095788,0,0,2,3,0.7,11.03280484095788,0,0,6,10,2.1999999999999997,10.43947365619706,0,0,1,1,0.3,8.055713730549993,0,0,2,2,0.6
4017401001,19.134982174020042,0,0,0,18,1.8,15.030750717064377,0,0,0,3,0.30000000000000004,14.975588640649871,0,0,1,6,0.8,28.485446123965648,0,0,0,1,0.1,29.33548902677133,0,0,0,1,0.1
4017601001,6.309465181344304,0,0,7,31,4.5,12.771083795945716,0,0,1,3,0.5,9.334251633940621,0,0,3,11,1.7,44.16492963286807,0,0,0,0,0.0,12.771083795945716,0,0,1,1,0.3
4017701001,4.295318501272543,0,1,12,38,6.5,6.976371094781251,0,0,1,5,0.7,6.976371094781251,0,0,3,10,1.6,37.67048941264356,0,0,0,0,0.0,28.313671469346552,0,0,0,1,0.1
4017801001,10.131618038963834,0,0,8,19,3.5,10.131618038963834,0,0,3,4,0.9999999999999999,10.131618038963834,0,0,4,9,1.7,47.15661336584334,0,0,0,0,0.0,11.80285007528541,0,0,1,1,0.3
4017901001,0.0,1,1,8,27,5.0,8.908920317475904,0,0,1,2,0.4,8.584738067981172,0,0,2,8,1.2000000000000002,43.560673551713066,0,0,0,0,0.0,24.18600797534188,0,0,0,1,0.1
4018001001,0.0,1,1,5,40,5.7,26.65098047482145,0,0,0,6,0.6000000000000001,8.08487768425622,0,0,1,14,1.6,27.46017430459439,0,0,0,1,0.1,23.999887210175984,0,0,0,3,0.30000000000000004
4018101001,0.0,2,3,26,38,10.7,0.0,1,1,3,4,1.7000000000000002,1.3086309424709544,0,1,7,7,2.4,9.951991069632406,0,0,1,1,0.3,8.382113844610059,0,0,2,2,0.6
4018101002,3.2834161050350614,0,3,25,38,9.7,3.2834161050350614,0,1,3,4,1.3,3.122533655677197,0,1,7,7,2.4,13.047063108889542,0,0,1,1,0.3,11.648812059011528,0,0,1,2,0.4
4018101003,1.3086309424709544,0,4,26,38,10.2,1.3086309424709544,0,1,3,4,1.3,0.0,1,1,7,7,2.8,9.950646968051771,0,0,1,1,0.3,8.743900584019764,0,0,2,2,0.6
4018102001,0.0,1,1,24,37,9.2,6.623048599516035,0,0,3,4,0.9999999999999999,7.85393775338022,0,0,7,8,2.2,14.131377477858251,0,0,1,1,0.3,11.541546448790038,0,0,1,2,0.4
4018201001,6.857377233991508,0,0,7,25,3.9000000000000004,15.340621202248727,0,0,0,3,0.30000000000000004,8.950010773137274,0,0,1,8,1.0,35.5341975331587,0,0,0,0,0.0,15.340621202248727,0,0,0,1,0.1
4018301001,9.419949019951124,0,0,1,12,1.4000000000000001,18.088465660162058,0,0,0,2,0.2,18.088465660162058,0,0,0,4,0.4,37.68205094902983,0,0,0,0,0.0,38.26998544336674,0,0,0,0,0.0
4018401001,4.837134222887431,0,2,3,6,1.8,4.837134222887431,0,1,1,1,0.6,4.837134222887431,0,1,3,3,1.2,38.202026890376395,0,0,0,0,0.0,39.95852918766829,0,0,0,0,0.0
4018501001,0.0,1,1,3,39,5.2,21.113730896398334,0,0,0,5,0.5,0.0,1,1,1,13,2.2,27.061096104482406,0,0,0,1,0.1,21.113730896398334,0,0,0,3,0.30000000000000004
4018601001,14.285033922295717,0,0,1,7,0.9000000000000001,15.86282275786284,0,0,0,2,0.2,7.706454328461029,0,0,2,3,0.7,45.24884817932713,0,0,0,0,0.0,47.067640392406005,0,0,0,0,0.0
4018801001,11.035988539663247,0,0,1,32,3.4,16.20906486842974,0,0,0,4,0.4,16.20906486842974,0,0,0,10,1.0,24.772332048410554,0,0,0,1,0.1,26.609855258874127,0,0,0,2,0.2
4018901001,5.500806395582398,0,0,6,25,3.7,5.500806395582398,0,0,1,4,0.6000000000000001,5.500806395582398,0,0,2,10,1.4,45.33383716972813,0,0,0,0,0.0,5.500806395582398,0,0,1,1,0.3
4019001001,4.169983144338033,0,2,18,37,7.9,12.740883311302628,0,0,2,4,0.8,11.471220848873728,0,0,5,9,1.9,13.665388878969502,0,0,1,1,0.3,15.067275304075839,0,0,0,2,0.2
4019101001,16.17273759659064,0,0,0,7,0.7000000000000001,24.576081266552865,0,0,0,1,0.1,9.372648661638275,0,0,1,4,0.6000000000000001,50.01997416648331,0,0,0,0,0.0,51.45793598376868,0,0,0,0,0.0
4019201001,5.699468624346949,0,0,3,37,4.300000000000001,16.950385203399854,0,0,0,3,0.30000000000000004,16.950385203399854,0,0,0,10,1.0,26.323397138379804,0,0,0,1,0.1,26.28121583292064,0,0,0,2,0.2
4019301001,4.635356404969967,0,2,3,8,2.0,4.635356404969967,0,1,1,1,0.6,4.635356404969967,0,1,2,3,0.9999999999999999,41.042036670340536,0,0,0,0,0.0,42.16940107951491,0,0,0,0,0.0
4019401001,0.7670146566265305,3,18,32,41,17.099999999999998,1.3165327503655975,0,2,3,4,1.6,1.3165327503655975,0,6,7,9,4.1,2.062571437989308,0,1,1,1,0.6,2.140795169096335,0,2,2,2,1.2
4019401002,0.45235626114073335,4,18,32,41,17.5,0.9613015092224926,1,2,3,4,2.0,0.9613015092224926,2,6,7,9,4.9,1.6634157159144536,0,1,1,1,0.6,2.4572075380042997,0,2,2,2,1.2
4019401003,0.33664150508400487,5,18,32,41,17.9,0.8879960177612392,1,2,3,4,2.0,0.8879960177612392,2,6,7,9,4.9,1.828118427878138,0,1,1,1,0.6,2.573561610821079,0,2,2,2,1.2
4019401004,0.0,5,18,32,41,17.9,0.4982886400959223,1,2,3,4,2.0,0.4982886400959223,2,6,7,9,4.9,1.3544736027937536,0,1,1,1,0.6,2.423861128105364,0,2,2,2,1.2
4019401005,0.0,5,18,32,41,17.9,0.5514919197147112,1,2,3,4,2.0,0.5514919197147112,2,6,7,9,4.9,1.623371003384759,0,1,1,1,0.6,2.3718660778778213,0,2,2,2,1.2
4019402001,0.4005141735183041,6,18,32,41,18.299999999999997,0.6824740801582154,1,2,3,4,2.0,0.6824740801582154,3,6,7,9,5.3,1.9785124550752715,0,1,1,1,0.6,2.177423839345249,0,2,2,2,1.2
4019402002,0.4339244805908786,4,18,32,41,17.5,0.9104132772030858,1,2,3,4,2.0,0.9104132772030858,2,6,7,9,4.9,2.047304098651481,0,1,1,1,0.6,2.4923009072506637,0,2,2,2,1.2
4019403001,0.5027428875523282,8,18,32,41,19.099999999999998,0.3944716935819724,1,2,3,4,2.0,0.3944716935819724,4,6,7,9,5.7,1.1271676733473066,0,1,1,1,0.6,1.9435690986738112,0,2,2,2,1.2
4019403002,0.3842952940377577,9,18,32,41,19.499999999999996,0.0,1,2,3,4,2.0,0.0,4,6,7,9,5.7,1.422174685308114,0,1,1,1,0.6,1.936228949742784,0,2,2,2,1.2
4019403003,0.35661643696102047,11,18,32,41,20.299999999999997,0.32098604606508074,2,2,3,4,2.4,0.32098604606508074,6,6,7,9,6.5,1.6060997345955366,0,1,1,1,0.6,1.6153602721850973,0,2,2,2,1.2
4019403004,0.17202545266275457,9,18,32,41,19.499999999999996,0.22994351357309184,1,2,3,4,2.0,0.22994351357309184,4,6,7,9,5.7,1.6458498771420862,0,1,1,1,0.6,1.8827352625076779,0,2,2,2,1.2
4019403005,0.19806899790070032,8,18,32,41,19.099999999999998,0.5198194829828648,1,2,3,4,2.0,0.5198194829828648,3,6,7,9,5.3,1.922511073244569,0,1,1,1,0.6,1.8896919780086634,0,2,2,2,1.2
4019403006,0.0,9,18,32,41,19.499999999999996,0.3842952940377577,1,2,3,4,2.0,0.3842952940377577,4,6,7,9,5.7,1.8064674366889717,0,1,1,1,0.6,1.7663157255046853,0,2,2,2,1.2
4019403007,0.11515705397759696,8,18,32,41,19.099999999999998,0.49764025027674097,1,2,3,4,2.0,0.44873947271206577,4,6,7,9,5.7,1.919342385782728,0,1,1,1,0.6,1.7074394771314059,0,2,2,2,1.2
4019403008,0.20957318840183192,9,18,32,41,19.499999999999996,0.43108819401591647,2,2,3,4,2.4,0.43108819401591647,5,6,7,9,6.1,1.8104406507391524,0,1,1,1,0.6,1.5752480385946979,0,2,2,2,1.2
4019403009,0.3269885790332149,7,18,32,41,18.7,0.7012418819089571,1,2,3,4,2.0,0.4505299756817154,3,6,7,9,5.3,2.1180684297867485,0,1,1,1,0.6,1.7882933127719725,0,2,2,2,1.2
4019404001,0.0,7,18,32,41,18.7,0.7115298991587922,2,2,3,4,2.4,0.0,5,6,7,9,6.1,2.2779046425011926,0,1,1,1,0.6,1.3436527322182654,0,2,2,2,1.2
4019404002,0.12869966845710554,7,18,32,41,18.7,0.7017270676843542,2,2,3,4,2.4,0.12869966845710554,5,6,7,9,6.1,2.15290747885359,0,1,1,1,0.6,1.3544524567323988,0,2,2,2,1.2
4019404003,0.24221867102411201,7,18,32,41,18.7,0.6493612316972402,2,2,3,4,2.4,0.28723122632752635,5,6,7,9,6.1,1.9998799306356287,0,1,1,1,0.6,1.3830996621573235,0,2,2,2,1.2
4019404004,0.11360688704274968,7,18,30,41,18.3,0.5698005183510262,2,2,3,4,2.4,0.20088086609658484,5,6,7,9,6.1,2.168214489207335,0,1,1,1,0.6,1.226337037531056,0,2,2,2,1.2
4019404005,0.0,8,18,30,41,18.700000000000003,0.47997070588493457,2,2,3,4,2.4,0.31099349763118356,6,6,7,9,6.5,2.1453268327664614,0,1,1,1,0.6,1.1419067872814843,0,2,2,2,1.2
4019404006,0.25187676895794403,8,18,30,41,18.700000000000003,0.3267267938219173,1,2,3,4,2.0,0.3267267938219173,3,6,7,9,5.3,2.384761566254385,0,1,1,1,0.6,0.9534214951553452,1,2,2,2,1.6
4019404007,0.4465065547536395,7,18,30,41,18.3,0.4465065547536395,1,2,3,4,2.0,0.4465065547536395,2,6,7,9,4.9,2.607021821332699,0,1,1,1,0.6,0.9504776829165249,1,2,2,2,1.6
4019404008,0.0,4,18,31,41,17.3,0.9213461586761659,1,2,3,4,2.0,0.8788795832425624,2,6,7,9,4.9,3.131267958537268,0,1,1,1,0.6,1.1555121841800817,0,2,2,2,1.2
4019404009,0.41256561448860307,3,18,31,41,16.9,0.8017960638716337,1,2,3,4,2.0,0.8017960638716337,1,6,7,9,4.5,3.194230891313093,0,1,1,1,0.6,0.8025131312410204,1,2,2,2,1.6
4019404010,6.401672518633143,0,0,27,42,9.6,7.317900900994565,0,0,3,4,0.9999999999999999,7.097212161347739,0,0,7,10,2.4000000000000004,9.2788614353408,0,0,1,1,0.3,7.308313170690305,0,0,2,2,0.6
4019405001,0.0,7,18,32,41,18.7,0.555614394720203,2,2,3,4,2.4,0.46468599380500836,6,6,7,9,6.5,1.912181081136154,0,1,1,1,0.6,1.1856264971628585,0,2,2,2,1.2
4019405002,0.36287173401057926,7,18,30,41,18.3,0.36541773529142346,1,2,3,4,2.0,0.36541773529142346,4,6,7,9,5.7,2.09620748561845,0,1,1,1,0.6,0.873854260320466,1,2,2,2,1.6
4019405003,0.40630772887955313,6,18,29,41,17.7,0.40630772887955313,1,2,3,4,2.0,0.40630772887955313,3,6,7,9,5.3,2.4366715370489844,0,1,1,1,0.6,0.5008357505036692,1,2,2,2,1.6
4019405004,0.0,8,18,30,41,18.700000000000003,0.0,1,2,3,4,2.0,0.0,4,6,7,9,5.7,2.4313381548427904,0,1,1,1,0.6,0.662516454872232,1,2,2,2,1.6
4019405005,0.44618035634213016,4,18,28,41,16.7,0.7609042808044786,1,2,3,4,2.0,0.7609042808044786,2,6,7,9,4.9,2.6620558241905443,0,1,1,1,0.6,0.44618035634213016,1,1,2,2,1.3
4019405006,0.0,3,18,29,41,16.5,0.662516454872232,1,2,3,4,2.0,0.662516454872232,1,6,7,9,4.5,2.937173642051695,0,1,1,1,0.6,0.0,1,1,2,2,1.3
4019405007,0.4232369622594982,2,18,28,41,15.9,1.0293439478883937,0,2,3,4,1.6,1.0293439478883937,0,6,7,9,4.1,3.081343459985546,0,1,1,1,0.6,0.4232369622594982,1,1,2,2,1.3
4019405008,0.0,2,17,28,41,15.600000000000001,1.4553255095506317,0,2,3,4,1.6,1.4553255095506317,0,6,7,9,4.1,3.3665820696980577,0,1,1,1,0.6,0.8450343951015886,1,1,2,2,1.3
4019406001,0.0,7,18,32,41,18.7,0.6837909984209938,2,2,3,4,2.4,0.0,6,6,7,9,6.5,1.4969826403331548,0,1,1,1,0.6,1.4652231430061875,0,2,2,2,1.2
4019406002,0.2904945796929829,3,18,32,41,17.099999999999998,0.8337040833572358,1,2,3,4,2.0,0.2904945796929829,4,6,7,9,5.7,1.29068523781288,0,1,1,1,0.6,1.6468852649626997,0,2,2,2,1.2
4019406003,0.43322916125858674,3,18,31,41,16.9,1.0591160794906573,0,2,3,4,1.6,0.43322916125858674,2,6,7,9,4.9,1.4010188144871782,0,1,1,1,0.6,1.5743542625764309,0,2,2,2,1.2
4019406004,0.29223968862826966,3,18,31,41,16.9,1.0732835114582306,0,2,3,4,1.6,0.29223968862826966,2,6,7,9,4.9,1.5386349467346183,0,1,1,1,0.6,1.4339019903460273,0,2,2,2,1.2
4019406005,0.0,5,18,29,41,17.3,0.8305155895239381,1,2,3,4,2.0,0.0,3,6,7,9,5.3,1.8231521328525906,0,1,1,1,0.6,1.1422757404396429,0,2,2,2,1.2
4019407001,0.0,5,18,32,41,17.9,0.5971178111294112,1,2,3,4,2.0,0.5971178111294112,2,6,7,9,4.9,1.018848695116193,0,1,1,1,0.6,2.5030859234564167,0,2,2,2,1.2
4019407002,0.5515031076669968,3,18,32,41,17.099999999999998,0.9417446553639579,1,2,3,4,2.0,0.9417446553639579,3,6,7,9,5.3,0.5515031076669968,1,1,1,1,1.0,2.3979557582779765,0,2,2,2,1.2
4019407003,0.0,1,18,31,41,16.1,1.422174685308114,0,2,3,4,1.6,1.422174685308114,0,6,7,9,4.1,0.0,1,1,1,1,1.0,2.937173642051695,0,2,2,2,1.2
4019407004,2.88836811726569,0,14,31,43,14.7,3.4184706880528775,0,2,3,4,1.6,3.4184706880528775,0,6,7,9,4.1,3.6253126045092614,0,1,1,1,0.6,0.0,1,1,2,2,1.3
4019501001,10.236257273107713,0,0,4,6,1.4,10.236257273107713,0,0,1,2,0.4,0.0,1,1,2,3,1.4000000000000001,42.47910157629211,0,0,0,0,0.0,42.524270790276944,0,0,0,0,0.0
4019601001,5.905614570923482,0,0,3,8,1.4,10.70706851010091,0,0,1,2,0.4,17.808778525612514,0,0,0,4,0.4,36.408131033879464,0,0,0,0,0.0,35.86458967282027,0,0,0,0,0.0
4019801001,8.126423874864507,0,0,1,8,1.0,18.981831247036943,0,0,0,2,0.2,11.14937272980386,0,0,2,4,0.8,45.9009189753591,0,0,0,0,0.0,45.64291839346237,0,0,0,0,0.0
4019901001,6.294004121448247,0,0,9,35,5.3,14.362262176647572,0,0,1,4,0.6000000000000001,13.060390678706854,0,0,1,9,1.1,16.084421277598242,0,0,0,1,0.1,17.39813769210975,0,0,0,2,0.2
4020001001,2.8555235332834283,0,1,5,43,5.6,19.902194050903937,0,0,0,4,0.4,7.31374729173332,0,0,1,11,1.3,19.34306047913365,0,0,0,1,0.1,16.773986222072697,0,0,0,3,0.30000000000000004
4020101001,10.204485990251982,0,0,8,19,3.5,10.640939562004666,0,0,3,4,0.9999999999999999,10.204485990251982,0,0,4,9,1.7,48.14903117074586,0,0,0,0,0.0,10.640939562004666,0,0,1,1,0.3
4020201001,18.870553047195315,0,0,0,17,1.7000000000000002,23.38175684165263,0,0,0,5,0.5,19.027755297791053,0,0,0,7,0.7000000000000001,26.608429512667257,0,0,0,1,0.1,27.048024034298905,0,0,0,1,0.1
4020301001,0.0,2,3,24,37,10.200000000000001,8.791173095989148,0,0,3,3,0.8999999999999999,7.579571407102007,0,0,7,7,2.1,10.205587121739208,0,0,1,1,0.3,11.187228845815593,0,0,2,2,0.6
4020401001,10.498500752594879,0,0,2,16,2.0,20.20761838113458,0,0,0,3,0.30000000000000004,20.20761838113458,0,0,0,5,0.5,45.32428461205118,0,0,0,0,0.0,44.18879643766964,0,0,0,0,0.0
4020501001,4.728425744279385,0,1,6,39,5.4,18.868129715811026,0,0,0,4,0.4,18.868129715811026,0,0,0,10,1.0,17.488331101439964,0,0,0,1,0.1,18.175699753530232,0,0,0,2,0.2
4020601001,12.10625224144529,0,0,4,31,3.9000000000000004,19.499470533592746,0,0,0,4,0.4,18.19493319330276,0,0,0,10,1.0,21.9771614335077,0,0,0,1,0.1,23.270810045747105,0,0,0,2,0.2
4020701001,0.0,1,4,25,36,10.2,5.375292521413249,0,0,3,3,0.8999999999999999,4.179341681317132,0,1,7,7,2.4,9.116563446571814,0,0,1,1,0.3,9.210192617738768,0,0,2,2,0.6
4020801001,0.0,1,1,2,37,4.8,16.058132715017827,0,0,0,4,0.4,16.058132715017827,0,0,0,11,1.1,21.42599437681854,0,0,0,1,0.1,22.51437474232197,0,0,0,2,0.2
4021001001,13.0765700221196,0,0,1,5,0.7,15.994247599622627,0,0,0,2,0.2,7.049228805396349,0,0,1,3,0.5,35.43024282342704,0,0,0,0,0.0,35.476774153096684,0,0,0,0,0.0
4021101001,5.468700301243823,0,0,8,45,6.1,11.471051038351703,0,0,1,4,0.6000000000000001,14.38947781495307,0,0,1,11,1.3,20.485058659228816,0,0,0,1,0.1,18.540734592585327,0,0,0,2,0.2
4021201001,8.406811232845778,0,0,2,17,2.1,9.136956965736928,0,0,1,3,0.5,16.03230144443735,0,0,0,5,0.5,17.542954932462433,0,0,0,1,0.1,17.014728288579512,0,0,0,1,0.1
4021301001,6.581720236487092,0,0,3,34,4.0,11.078206559873276,0,0,1,4,0.6000000000000001,11.078206559873276,0,0,1,10,1.2,26.310290914905483,0,0,0,1,0.1,27.957613861788868,0,0,0,2,0.2
4021401001,5.64150812512371,0,0,27,41,9.5,6.945837528770101,0,0,2,3,0.7,6.945837528770101,0,0,6,9,2.0999999999999996,6.544563527199627,0,0,1,1,0.3,3.868994042098411,0,1,2,2,0.8999999999999999
4021501001,20.489025378159848,0,0,0,20,2.0,19.42348803878686,0,0,0,5,0.5,19.186815029852504,0,0,0,7,0.7000000000000001,26.784611310114762,0,0,0,1,0.1,27.492210102822792,0,0,0,1,0.1
4021601001,0.0,2,2,26,44,11.0,8.743724580729117,0,0,2,4,0.8,8.656446918122446,0,0,6,10,2.1999999999999997,9.529284116201092,0,0,1,1,0.3,6.167438481362752,0,0,2,2,0.6
4021801001,11.515476058186971,0,0,3,8,1.4,14.128584810547462,0,0,1,2,0.4,9.388036570482512,0,0,2,3,0.7,36.06327087543517,0,0,0,0,0.0,36.329969215289225,0,0,0,0,0.0
4021901001,0.0,1,1,13,39,7.199999999999999,9.003587470922513,0,0,1,4,0.6000000000000001,9.003587470922513,0,0,4,12,2.0,38.536981826969644,0,0,0,0,0.0,24.125007524738283,0,0,0,1,0.1
4022001001,8.57695067121838,0,0,2,9,1.3,8.57695067121838,0,0,1,1,0.3,8.57695067121838,0,0,3,3,0.8999999999999999,34.074930227238355,0,0,0,0,0.0,36.14387248062341,0,0,0,0,0.0
4022101001,10.238274889421364,0,0,2,6,1.0,10.238274889421364,0,0,1,1,0.3,8.567386887427169,0,0,3,3,0.8999999999999999,38.57561630886707,0,0,0,0,0.0,40.54759230647839,0,0,0,0,0.0
4022201001,7.638470200133567,0,0,5,24,3.4000000000000004,11.579304719320328,0,0,1,2,0.4,11.579304719320328,0,0,1,7,0.9000000000000001,28.45420011760578,0,0,0,1,0.1,29.054795298644436,0,0,0,1,0.1
4022301001,6.276799027726277,0,0,9,41,5.9,8.133196027820215,0,0,1,4,0.6000000000000001,11.785168976481003,0,0,2,11,1.5,23.41783002677315,0,0,0,1,0.1,21.219054244789444,0,0,0,2,0.2
4022401001,16.58002445387052,0,0,0,7,0.7000000000000001,16.58002445387052,0,0,0,1,0.1,4.317841847341406,0,1,2,3,0.9999999999999999,42.9572053871299,0,0,0,0,0.0,44.64764591665294,0,0,0,0,0.0
4022501001,0.0,1,1,2,37,4.8,17.2195938275591,0,0,0,3,0.30000000000000004,0.0,1,1,2,10,2.1,25.608950970740885,0,0,0,1,0.1,25.608950970740885,0,0,0,1,0.1
4022801001,4.889476932460103,0,1,8,35,5.4,9.341550983593432,0,0,2,3,0.7,4.234122200761696,0,2,4,11,2.5,42.13093282253557,0,0,0,0,0.0,12.390707217841097,0,0,1,1,0.3
4022901001,8.392827412809703,0,0,2,17,2.1,10.781848666500819,0,0,1,3,0.5,16.71976764648158,0,0,0,5,0.5,18.215608529404236,0,0,0,1,0.1,17.93911711272585,0,0,0,1,0.1
4023001001,8.662654626507424,0,0,10,36,5.6,8.662654626507424,0,0,2,5,0.9,8.662654626507424,0,0,5,15,2.5,46.122850338069064,0,0,0,0,0.0,8.662654626507424,0,0,1,1,0.3
4023101001,5.681459573603047,0,0,6,45,5.7,17.06087461548586,0,0,0,4,0.4,10.402091706414934,0,0,1,11,1.3,16.621975539961717,0,0,0,1,0.1,13.826385510431448,0,0,1,3,0.5
4023301001,8.792062603824418,0,0,5,40,5.0,12.814688712068918,0,0,1,4,0.6000000000000001,8.792062603824418,0,0,2,10,1.4,25.77485296479384,0,0,0,1,0.1,23.82821837237476,0,0,0,2,0.2
4023401001,3.7908040689617666,0,1,4,21,3.2,18.847135052525392,0,0,0,3,0.30000000000000004,14.355321053581793,0,0,1,6,0.8,34.54128257525968,0,0,0,0,0.0,29.246038936633823,0,0,0,1,0.1
4090101001,2.323181174581633,0,2,21,42,9.0,11.334998042656274,0,0,3,4,0.9999999999999999,13.565622445025353,0,0,6,10,2.1999999999999997,15.950829533033438,0,0,0,1,0.1,13.218152487947513,0,0,1,2,0.4
4090201001,7.7722396386596815,0,0,1,17,1.9000000000000001,19.0681062002124,0,0,0,3,0.30000000000000004,16.77532416851885,0,0,0,5,0.5,45.3380264423384,0,0,0,0,0.0,42.866395622814316,0,0,0,0,0.0
4090301001,6.756458452592128,0,0,6,42,5.4,19.900309586131993,0,0,0,4,0.4,9.904531929886424,0,0,1,12,1.4000000000000001,20.73164693428225,0,0,0,1,0.1,17.312191213236733,0,0,0,2,0.2
4090401001,2.4397420793704643,0,1,27,40,9.700000000000001,9.863540484845375,0,0,3,4,0.9999999999999999,9.863540484845375,0,0,7,9,2.3000000000000003,12.292997895518035,0,0,1,1,0.3,9.385908722625242,0,0,2,2,0.6
4090501001,16.08815400818265,0,0,0,18,1.8,13.465952949517945,0,0,1,3,0.5,12.302989831771614,0,0,1,5,0.7,25.552179473474077,0,0,0,1,0.1,26.525523530921685,0,0,0,1,0.1
4090601001,0.0,2,18,30,40,16.2,3.7517739092751006,0,2,3,4,1.6,3.036755079425325,0,6,7,9,4.1,2.8778086600244723,0,1,1,1,0.6,3.85809309746474,0,1,2,2,0.8999999999999999
4090601002,1.4757418887491485,0,18,28,41,15.1,2.267500532558931,0,2,3,4,1.6,1.4757418887491485,0,6,7,9,4.1,1.9847075489622867,0,1,1,1,0.6,2.307860934903519,0,1,2,2,0.8999999999999999
4200101001,5.471716222096944,0,0,4,29,3.7,16.955081156089847,0,0,0,3,0.30000000000000004,17.21447192371462,0,0,0,7,0.7000000000000001,24.73016407506239,0,0,0,1,0.1,25.771067184902645,0,0,0,2,0.2
4200301001,16.119177540763978,0,0,0,3,0.30000000000000004,15.756252523513547,0,0,0,1,0.1,15.756252523513547,0,0,0,1,0.1,44.784313776489356,0,0,0,0,0.0,16.119177540763978,0,0,0,1,0.1
4200401001,0.0,1,2,3,3,1.9000000000000001,11.452830212990431,0,0,1,1,0.3,0.0,1,1,2,2,1.3,49.033748633387134,0,0,0,0,0.0,46.06784321639799,0,0,0,0,0.0
4200401002,0.0,1,2,3,3,1.9000000000000001,11.698438307925977,0,0,1,1,0.3,1.8642235303566785,0,1,2,2,0.8999999999999999,50.787121234942724,0,0,0,0,0.0,47.83668038216056,0,0,0,0,0.0
4200601001,7.157361340394893,0,0,11,18,4.0,7.932252101628104,0,0,2,2,0.6,7.932252101628104,0,0,4,4,1.2,9.75624938324193,0,0,1,1,0.3,7.932252101628104,0,0,2,2,0.6
4200701001,10.809559686409184,0,0,4,12,2.0,17.99828800590756,0,0,0,1,0.1,17.99828800590756,0,0,0,3,0.30000000000000004,33.253184717400565,0,0,0,0,0.0,32.046493561878556,0,0,0,0,0.0
4200801001,14.025460474192313,0,0,1,3,0.5,23.593220001933524,0,0,0,1,0.1,23.593220001933524,0,0,0,1,0.1,52.832352593636564,0,0,0,0,0.0,23.661290003679092,0,0,0,1,0.1
4200901001,10.469850192362713,0,0,1,18,2.0,16.440522930718558,0,0,0,3,0.30000000000000004,16.562700557571997,0,0,0,5,0.5,17.20002866331908,0,0,0,1,0.1,16.562700557571997,0,0,0,3,0.30000000000000004
4201001001,13.647093679880696,0,0,2,16,2.0,20.686604365393844,0,0,0,2,0.2,20.158194775109624,0,0,0,4,0.4,23.80981965545388,0,0,0,1,0.1,20.686604365393844,0,0,0,2,0.2
4201101001,20.511199912758592,0,0,0,20,2.0,21.111633865928944,0,0,0,3,0.30000000000000004,21.111633865928944,0,0,0,6,0.6000000000000001,25.242301359746726,0,0,0,1,0.1,22.41589810898677,0,0,0,2,0.2
4201201001,13.678998664315882,0,0,2,16,2.0,18.289723481024506,0,0,0,2,0.2,17.835633209573345,0,0,0,4,0.4,21.445213769487086,0,0,0,1,0.1,18.289723481024506,0,0,0,2,0.2
4201301001,11.034250332188789,0,0,11,19,4.1,13.153694712394067,0,0,2,2,0.6,13.153694712394067,0,0,4,4,1.2,16.282104899409187,0,0,0,1,0.1,13.153694712394067,0,0,2,2,0.6
4201401001,10.396183278615572,0,0,4,16,2.4000000000000004,27.280926961208266,0,0,0,2,0.2,26.27154033189348,0,0,0,4,0.4,29.86968039124042,0,0,0,1,0.1,27.280926961208266,0,0,0,2,0.2
4201501001,19.098899580081948,0,0,0,4,0.4,18.46089723856392,0,0,0,1,0.1,18.46089723856392,0,0,0,1,0.1,40.49951747456577,0,0,0,0,0.0,20.368178931942097,0,0,0,1,0.1
4201601001,6.089180621895076,0,0,1,13,1.5000000000000002,21.74730868756901,0,0,0,4,0.4,21.74730868756901,0,0,0,6,0.6000000000000001,23.029064219989284,0,0,0,1,0.1,21.74730868756901,0,0,0,2,0.2
4201701001,11.573240504373361,0,0,13,17,4.3,13.723665462318559,0,0,2,2,0.6,13.447615292579947,0,0,2,4,0.8,16.920527502713213,0,0,0,1,0.1,13.723665462318559,0,0,2,2,0.6
4201801001,20.240035698349047,0,0,0,4,0.4,26.2614611230257,0,0,0,1,0.1,21.729311852812767,0,0,0,2,0.2,50.416020625099584,0,0,0,0,0.0,27.752057676039012,0,0,0,1,0.1
4201901001,0.0,2,2,3,22,4.2,18.93377034156359,0,0,0,3,0.30000000000000004,17.71588834315299,0,0,0,4,0.4,20.99038077540658,0,0,0,1,0.1,18.93377034156359,0,0,0,2,0.2
4202001001,0.0,1,2,2,7,2.1,0.6416743043866361,1,1,1,1,1.0,0.6416743043866361,1,1,1,1,1.0,29.26136964070176,0,0,0,1,0.1,1.7307468525229341,0,1,1,1,0.6
4202001002,0.6416743043866361,1,2,2,7,2.1,0.0,1,1,1,1,1.0,0.0,1,1,1,1,1.0,29.44469400065872,0,0,0,1,0.1,2.268170831229454,0,1,1,1,0.6
4202001003,0.0,1,2,2,6,2.0,2.268170831229454,0,1,1,1,0.6,2.268170831229454,0,1,1,1,0.6,29.967447384679964,0,0,0,1,0.1,0.0,1,1,1,1,1.0
4202101001,8.840889965849131,0,0,1,2,0.4,27.351023754948407,0,0,0,1,0.1,27.351023754948407,0,0,0,1,0.1,36.49320815791816,0,0,0,0,0.0,35.52528768497397,0,0,0,0,0.0
4202201001,11.536470089873804,0,0,1,15,1.7000000000000002,19.443613010346198,0,0,0,3,0.30000000000000004,19.443613010346198,0,0,0,6,0.6000000000000001,28.12026818849034,0,0,0,1,0.1,26.079602981998303,0,0,0,2,0.2
4202301001,22.864979457344045,0,0,0,4,0.4,27.03913574673873,0,0,0,1,0.1,27.03913574673873,0,0,0,1,0.1,54.99843783930025,0,0,0,0,0.0,25.71977047666513,0,0,0,1,0.1
4202401001,15.71866218554213,0,0,0,19,1.9000000000000001,17.640744603648365,0,0,0,3,0.30000000000000004,17.640744603648365,0,0,0,6,0.6000000000000001,20.509521157250745,0,0,0,1,0.1,17.640744603648365,0,0,0,2,0.2
4202501001,0.0,1,1,1,2,1.1,47.5000387566419,0,0,0,0,0.0,0.0,1,1,1,1,1.0,71.90107587377304,0,0,0,0,0.0,48.733115329831946,0,0,0,0,0.0
4202501002,10.88231742169969,0,0,2,2,0.6,36.775623528349584,0,0,0,0,0.0,12.067162592235967,0,0,1,1,0.3,63.12690978428033,0,0,0,0,0.0,37.762181293278545,0,0,0,0,0.0
4202601001,10.654850151583288,0,0,1,2,0.4,30.89932341953373,0,0,0,0,0.0,30.89932341953373,0,0,0,0,0.0,53.80093192141768,0,0,0,0,0.0,28.858495344699765,0,0,0,1,0.1
4202701001,6.401982282243781,0,0,2,16,2.0,21.706946819001054,0,0,0,2,0.2,20.713000870318087,0,0,0,4,0.4,24.331675022853627,0,0,0,1,0.1,21.706946819001054,0,0,0,2,0.2
4202801001,8.789005362267854,0,0,3,16,2.2,17.779926550387184,0,0,0,2,0.2,16.99398982517683,0,0,0,4,0.4,20.701470847371912,0,0,0,1,0.1,17.779926550387184,0,0,0,2,0.2
4202901001,21.218893160945566,0,0,0,4,0.4,22.110655148013397,0,0,0,1,0.1,22.110655148013397,0,0,0,1,0.1,51.14056486902188,0,0,0,0,0.0,21.218893160945566,0,0,0,1,0.1
4203001001,8.603021914137772,0,0,2,4,0.8,10.651049134484621,0,0,1,1,0.3,10.651049134484621,0,0,1,1,0.3,36.4699153344497,0,0,0,0,0.0,8.603021914137772,0,0,1,1,0.3
4203101001,17.054861849578973,0,0,0,1,0.1,32.05081296075467,0,0,0,0,0.0,32.05081296075467,0,0,0,0,0.0,57.388034719869104,0,0,0,0,0.0,30.261483452100453,0,0,0,0,0.0
4203201001,8.793398323708892,0,0,1,7,0.9000000000000001,25.20707668347784,0,0,0,1,0.1,15.48501952690035,0,0,0,2,0.2,43.39429896233704,0,0,0,0,0.0,29.599666815164454,0,0,0,1,0.1
4203301001,14.144524476310053,0,0,2,9,1.3,26.066312669324848,0,0,0,1,0.1,14.800899681694114,0,0,1,2,0.4,38.627978453128,0,0,0,0,0.0,29.073068312385423,0,0,0,1,0.1
4203401001,10.485650226069748,0,0,1,3,0.5,10.485650226069748,0,0,1,1,0.3,10.485650226069748,0,0,1,2,0.4,55.734651573524104,0,0,0,0,0.0,53.26100219381724,0,0,0,0,0.0
4203501001,0.0,1,1,1,5,1.4,29.30444629592992,0,0,0,1,0.1,23.178490092790636,0,0,0,2,0.2,46.907723043112526,0,0,0,0,0.0,27.044811032962567,0,0,0,1,0.1
4203601001,18.732962008469997,0,0,0,13,1.3,30.019619665942997,0,0,0,0,0.0,19.039879824811358,0,0,0,3,0.30000000000000004,32.45637057100154,0,0,0,0,0.0,34.189181902490965,0,0,0,0,0.0
4203701001,8.873453012359862,0,0,1,3,0.5,22.091084227034127,0,0,0,1,0.1,22.091084227034127,0,0,0,1,0.1,30.84237569385062,0,0,0,0,0.0,24.344377271577418,0,0,0,1,0.1
4203801001,13.953072717471906,0,0,1,17,1.9000000000000001,13.626144042847246,0,0,1,3,0.5,13.626144042847246,0,0,1,5,0.7,22.407368831887965,0,0,0,1,0.1,15.593517781879074,0,0,0,3,0.30000000000000004
4203901001,10.204099435896515,0,0,1,4,0.6000000000000001,10.204099435896515,0,0,1,1,0.3,10.204099435896515,0,0,1,2,0.4,51.72722998711611,0,0,0,0,0.0,49.493316804688796,0,0,0,0,0.0
4204101001,6.910602751272202,0,0,1,13,1.5000000000000002,22.315808764715058,0,0,0,3,0.30000000000000004,22.315808764715058,0,0,0,5,0.5,28.852340572895717,0,0,0,1,0.1,27.284110128786967,0,0,0,2,0.2
4204201001,8.158556624739617,0,0,14,18,4.6000000000000005,10.008700505978235,0,0,2,2,0.6,9.273051314984802,0,0,4,4,1.2,12.97851596178751,0,0,1,1,0.3,10.008700505978235,0,0,2,2,0.6
4204301001,0.0,1,1,4,10,2.5,11.745385856509055,0,0,1,1,0.3,0.0,1,1,2,3,1.4000000000000001,50.32289501357942,0,0,0,0,0.0,43.8192787632171,0,0,0,0,0.0
4204301002,0.7806687474606612,1,1,4,10,2.5,10.98771191831321,0,0,1,1,0.3,0.7806687474606612,1,1,2,3,1.4000000000000001,51.10239462644362,0,0,0,0,0.0,44.424804292958996,0,0,0,0,0.0
4204301003,1.2965412684176951,0,1,4,10,2.1,12.763057097966044,0,0,1,1,0.3,1.2965412684176951,0,1,2,3,0.9999999999999999,49.203083920605216,0,0,0,0,0.0,43.31208463662166,0,0,0,0,0.0
4204401001,10.887153953577574,0,0,1,14,1.6,17.75065285003102,0,0,0,3,0.30000000000000004,17.75065285003102,0,0,0,5,0.5,19.444672389806776,0,0,0,1,0.1,17.75065285003102,0,0,0,2,0.2
4204501001,10.167897341100451,0,0,3,18,2.4,20.543450343676454,0,0,0,1,0.1,17.990818215381637,0,0,0,4,0.4,31.098153785194356,0,0,0,0,0.0,32.33856734981271,0,0,0,0,0.0
4204601001,12.141137709657563,0,0,4,25,3.3,26.02652427731085,0,0,0,3,0.30000000000000004,25.442126803861427,0,0,0,7,0.7000000000000001,25.667452096286155,0,0,0,1,0.1,27.315017371307817,0,0,0,2,0.2
4204801001,10.823498679429349,0,0,1,4,0.6000000000000001,20.792569208704254,0,0,0,1,0.1,20.792569208704254,0,0,0,1,0.1,44.04112948368002,0,0,0,0,0.0,18.682500624331023,0,0,0,1,0.1
4204901001,13.226919998358659,0,0,6,18,3.0,14.433082480038577,0,0,2,3,0.7,14.433082480038577,0,0,1,5,0.7,16.46724942706562,0,0,0,1,0.1,14.433082480038577,0,0,1,2,0.4
4205001001,16.902213465127545,0,0,0,3,0.30000000000000004,25.458680040431208,0,0,0,1,0.1,25.458680040431208,0,0,0,1,0.1,40.065611275198265,0,0,0,0,0.0,27.65921950215426,0,0,0,1,0.1
4205101001,20.282043919819525,0,0,0,2,0.2,22.882887910959916,0,0,0,1,0.1,22.882887910959916,0,0,0,1,0.1,47.209663698926626,0,0,0,0,0.0,45.85335876241152,0,0,0,0,0.0
4205201001,19.22107703463485,0,0,0,9,0.9,22.04833927406286,0,0,0,1,0.1,20.588197631207926,0,0,0,3,0.30000000000000004,58.92671377174479,0,0,0,0,0.0,46.228263166559834,0,0,0,0,0.0
4205301001,17.219197458318796,0,0,0,9,0.9,19.243964487912894,0,0,0,1,0.1,18.570775222514982,0,0,0,3,0.30000000000000004,58.09158479541007,0,0,0,0,0.0,44.19717840965886,0,0,0,0,0.0
4205401001,15.502280789380947,0,0,0,17,1.7000000000000002,22.38422335614441,0,0,0,2,0.2,21.98198834985871,0,0,0,5,0.5,25.559312098327588,0,0,0,1,0.1,22.38422335614441,0,0,0,2,0.2
4205501001,0.0,1,3,5,19,4.2,27.837344512724048,0,0,0,2,0.2,4.277743299875147,0,1,1,5,1.0,46.17153381047606,0,0,0,0,0.0,47.35158043573491,0,0,0,0,0.0
4205601001,13.618241801789871,0,0,4,16,2.4000000000000004,22.714169499803916,0,0,0,2,0.2,22.112193321230592,0,0,0,4,0.4,25.79481195268746,0,0,0,1,0.1,22.714169499803916,0,0,0,2,0.2
4205701001,8.78220063214015,0,0,2,5,0.9,15.668255501411316,0,0,0,1,0.1,8.78220063214015,0,0,1,2,0.4,42.025740903214505,0,0,0,0,0.0,38.937684368789796,0,0,0,0,0.0
4205801001,11.264075849780545,0,0,3,20,2.6,12.900365368080207,0,0,1,4,0.6000000000000001,18.918302048029247,0,0,0,5,0.5,20.082882055408756,0,0,0,1,0.1,18.98454058696322,0,0,0,1,0.1
4205901001,14.26609775859739,0,0,2,7,1.1,16.43682618382581,0,0,0,1,0.1,16.43682618382581,0,0,0,2,0.2,32.58093426190015,0,0,0,0,0.0,14.26609775859739,0,0,1,1,0.3
4206001001,11.989519319605208,0,0,2,8,1.2000000000000002,26.709267802270418,0,0,0,1,0.1,21.33438244371282,0,0,0,2,0.2,34.881429757929766,0,0,0,0,0.0,31.67997148711108,0,0,0,0,0.0
4206101001,9.764203004881125,0,0,5,26,3.6,16.572814983173494,0,0,0,3,0.30000000000000004,17.542803648096786,0,0,0,5,0.5,16.896534761898813,0,0,0,1,0.1,17.41018923235408,0,0,0,2,0.2
4206201001,14.26146981212322,0,0,1,5,0.7,21.630850394629466,0,0,0,1,0.1,14.26146981212322,0,0,1,2,0.4,40.729823175787146,0,0,0,0,0.0,37.55038310456561,0,0,0,0,0.0
4206301001,28.34099814575738,0,0,0,1,0.1,37.98379090773008,0,0,0,0,0.0,33.56974895722091,0,0,0,0,0.0,55.73637182510106,0,0,0,0,0.0,47.21649832154245,0,0,0,0,0.0
4206401001,13.369972527525483,0,0,1,4,0.6000000000000001,13.369972527525483,0,0,1,1,0.3,13.369972527525483,0,0,1,2,0.4,46.182418922288505,0,0,0,0,0.0,44.25728754697003,0,0,0,0,0.0
4206501001,13.662530357450327,0,0,3,16,2.2,16.255866632767706,0,0,0,2,0.2,15.848944382172586,0,0,0,4,0.4,19.42647367938489,0,0,0,1,0.1,16.255866632767706,0,0,0,2,0.2
4206801001,7.342424533099097,0,0,2,4,0.8,6.742178704718483,0,0,1,1,0.3,6.742178704718483,0,0,1,1,0.3,34.08040655094694,0,0,0,0,0.0,8.38144105184408,0,0,1,1,0.3
4206901001,0.0,2,2,8,14,4.4,7.625547380806618,0,0,1,1,0.3,0.0,1,1,2,3,1.4000000000000001,37.46677525932123,0,0,0,0,0.0,37.68194821926114,0,0,0,0,0.0
4207001001,11.727152544519312,0,0,2,21,2.5,27.68089718138481,0,0,0,2,0.2,15.989088142479329,0,0,0,4,0.4,36.9706126845836,0,0,0,0,0.0,38.46319231425089,0,0,0,0,0.0
4207101001,15.574206370999764,0,0,0,18,1.8,15.557183588905113,0,0,0,3,0.30000000000000004,15.557183588905113,0,0,0,5,0.5,15.34446985441165,0,0,0,1,0.1,16.76570138870216,0,0,0,3,0.30000000000000004
4207301001,5.623903971315059,0,0,3,3,0.8999999999999999,5.623903971315059,0,0,1,1,0.3,5.623903971315059,0,0,2,2,0.6,51.36673022080112,0,0,0,0,0.0,48.75712413040523,0,0,0,0,0.0
4207501001,6.238322588598874,0,0,2,5,0.9,17.120265043451923,0,0,0,1,0.1,6.238322588598874,0,0,1,2,0.4,48.62678336178723,0,0,0,0,0.0,45.528204862240706,0,0,0,0,0.0
4207601001,21.000156416427398,0,0,0,1,0.1,31.200194657714647,0,0,0,0,0.0,31.200194657714647,0,0,0,0,0.0,48.6325344017623,0,0,0,0,0.0,43.528141928362245,0,0,0,0,0.0
4207801001,0.0,2,2,9,15,4.699999999999999,13.202853925055523,0,0,1,1,0.3,6.325366746067639,0,0,2,4,0.8,43.77241003338422,0,0,0,0,0.0,44.00536816884333,0,0,0,0,0.0
4207901001,14.075194598122609,0,0,1,4,0.6000000000000001,13.492908585661583,0,0,1,1,0.3,13.492908585661583,0,0,1,1,0.3,30.58688618892867,0,0,0,0,0.0,15.758462419731158,0,0,0,1,0.1
4208001001,8.47973117258598,0,0,3,15,2.1,24.111081752765863,0,0,0,1,0.1,13.709068810500076,0,0,1,4,0.6000000000000001,40.11818445672449,0,0,0,0,0.0,38.99340840584142,0,0,0,0,0.0
4208101001,6.696495238960864,0,0,1,11,1.3,31.04053600215947,0,0,0,0,0.0,15.272373716415713,0,0,0,3,0.30000000000000004,40.26567987956919,0,0,0,0,0.0,39.26039783669892,0,0,0,0,0.0
4208201001,11.33683550824789,0,0,4,16,2.4000000000000004,22.472580896438515,0,0,0,2,0.2,21.734867961477867,0,0,0,4,0.4,25.443123630625664,0,0,0,1,0.1,22.472580896438515,0,0,0,2,0.2
4208301001,8.342244299750687,0,0,2,5,0.9,8.059237866842155,0,0,1,1,0.3,8.059237866842155,0,0,1,1,0.3,37.399869783707416,0,0,0,0,0.0,8.342244299750687,0,0,1,1,0.3
4208401001,14.377814240027513,0,0,4,8,1.6,14.377814240027513,0,0,1,1,0.3,14.377814240027513,0,0,2,3,0.7,54.19980885845535,0,0,0,0,0.0,45.81714257697474,0,0,0,0,0.0
4208501001,15.223894549777377,0,0,0,13,1.3,16.31630706010157,0,0,0,1,0.1,16.15822960386006,0,0,0,3,0.30000000000000004,41.57724857986631,0,0,0,0,0.0,40.361490513375614,0,0,0,0,0.0
4208601001,13.626874612948827,0,0,6,12,2.4,14.369430473194306,0,0,1,2,0.4,13.792913810228736,0,0,2,3,0.7,35.59711249403614,0,0,0,0,0.0,34.472414877184924,0,0,0,0,0.0
4208701001,5.913297373444901,0,0,14,21,4.9,8.99198914935319,0,0,2,2,0.6,8.022770002663785,0,0,4,4,1.2,11.691365187399393,0,0,1,1,0.3,8.99198914935319,0,0,2,2,0.6
4208801001,21.51068112505864,0,0,0,2,0.2,30.58765738509418,0,0,0,0,0.0,29.584237200581764,0,0,0,1,0.1,45.956024742745655,0,0,0,0,0.0,32.7142696547517,0,0,0,0,0.0
4208901001,7.375076891350289,0,0,14,18,4.6000000000000005,11.972676196877405,0,0,2,2,0.6,11.013498138783108,0,0,4,4,1.2,14.676173304465863,0,0,1,1,0.3,11.972676196877405,0,0,2,2,0.6
4209001001,11.226366341963946,0,0,1,7,0.9000000000000001,19.61186912499701,0,0,0,1,0.1,19.61186912499701,0,0,0,2,0.2,29.732095447455553,0,0,0,1,0.1,17.678441282824615,0,0,0,1,0.1
4209201001,11.570631908285211,0,0,2,13,1.7000000000000002,28.524694400761,0,0,0,2,0.2,23.91514795106099,0,0,0,4,0.4,32.422875427543964,0,0,0,0,0.0,29.227672172601498,0,0,0,1,0.1
4209301001,13.812002270104621,0,0,1,5,0.7,17.41887516418395,0,0,0,1,0.1,13.812002270104621,0,0,1,2,0.4,36.34472750359807,0,0,0,0,0.0,33.247136477994864,0,0,0,0,0.0
4209401001,0.0,1,1,14,21,5.6000000000000005,9.705471443304742,0,0,2,3,0.7,8.352334133669432,0,0,4,4,1.2,11.012575672331717,0,0,1,1,0.3,9.511268683971155,0,0,2,2,0.6
4209501001,0.0,2,2,3,23,4.3,16.035341084449858,0,0,0,4,0.4,15.534556772921233,0,0,0,5,0.5,13.76801388165898,0,0,1,1,0.3,15.609276167374714,0,0,0,3,0.30000000000000004
4209601001,0.0,1,1,1,14,2.3,26.77965444111183,0,0,0,4,0.4,26.821048564772322,0,0,0,6,0.6000000000000001,27.65355921594176,0,0,0,1,0.1,26.821048564772322,0,0,0,2,0.2
4209701001,9.998207539954553,0,0,2,5,0.9,17.42697618094156,0,0,0,1,0.1,9.998207539954553,0,0,1,2,0.4,50.27954235897848,0,0,0,0,0.0,37.8282199608862,0,0,0,0,0.0
4209801001,5.125607272763067,0,0,4,19,2.7,25.81529823632096,0,0,0,2,0.2,9.181119753219363,0,0,1,5,0.7,44.19681295580386,0,0,0,0,0.0,45.564943677108744,0,0,0,0,0.0
4210001001,11.303873048843363,0,0,1,4,0.6000000000000001,11.303873048843363,0,0,1,1,0.3,11.303873048843363,0,0,1,2,0.4,34.51502955059915,0,0,0,0,0.0,31.998060743266663,0,0,0,0,0.0
4210301001,0.0,1,1,3,19,3.2,15.360176855567087,0,0,0,4,0.4,15.360176855567087,0,0,0,5,0.5,27.07079094659519,0,0,0,1,0.1,25.820288691389948,0,0,0,1,0.1
4210501001,8.921044162137456,0,0,2,9,1.3,20.038598809005997,0,0,0,2,0.2,8.921044162137456,0,0,1,3,0.5,49.02284488847566,0,0,0,0,0.0,47.95345324120733,0,0,0,0,0.0
4210601001,17.403239829146592,0,0,0,18,1.8,20.03913204942542,0,0,0,3,0.30000000000000004,19.809048739499946,0,0,0,6,0.6000000000000001,23.240762032377614,0,0,0,1,0.1,20.03913204942542,0,0,0,2,0.2
4210701001,15.97749577210147,0,0,0,19,1.9000000000000001,24.79676416795886,0,0,0,3,0.30000000000000004,21.58108442325855,0,0,0,6,0.6000000000000001,30.92351362865408,0,0,0,0,0.0,27.730729715835533,0,0,0,2,0.2
4210801001,16.101200992006,0,0,0,3,0.30000000000000004,19.45048689006538,0,0,0,1,0.1,19.45048689006538,0,0,0,1,0.1,35.47515446450307,0,0,0,0,0.0,21.675356896375586,0,0,0,1,0.1
4211001001,11.691205842779427,0,0,3,6,1.2,12.892916031937022,0,0,1,1,0.3,11.691205842779427,0,0,2,2,0.6,37.34439719739004,0,0,0,0,0.0,34.37739556969651,0,0,0,0,0.0
4211101001,7.619911244563798,0,0,3,6,1.2,9.676023707036732,0,0,1,1,0.3,9.676023707036732,0,0,1,1,0.3,29.223820303505203,0,0,0,1,0.1,7.619911244563798,0,0,1,1,0.3
4211301001,0.0,1,1,1,2,1.1,36.95789349963858,0,0,0,0,0.0,20.708118339683384,0,0,0,1,0.1,65.55792256016552,0,0,0,0,0.0,37.311249093873855,0,0,0,0,0.0
4211501001,9.656906803877707,0,0,1,1,0.3,34.25104208384784,0,0,0,0,0.0,30.328062769134245,0,0,0,0,0.0,63.667106535709344,0,0,0,0,0.0,34.01985778198858,0,0,0,0,0.0
4211601001,7.186680218212751,0,0,4,14,2.2,12.825738160445317,0,0,1,2,0.4,12.825738160445317,0,0,1,3,0.5,31.397228128232925,0,0,0,0,0.0,30.20110274341041,0,0,0,0,0.0
4211701001,4.863552239208147,0,2,8,17,3.9,9.005533331066315,0,0,1,1,0.3,7.6141505846610675,0,0,1,3,0.5,31.08145819590673,0,0,0,0,0.0,31.573390004404207,0,0,0,0,0.0
4211801001,17.259117195138874,0,0,0,3,0.30000000000000004,16.622254661299987,0,0,0,1,0.1,16.622254661299987,0,0,0,1,0.1,36.24943991155766,0,0,0,0,0.0,18.754471766807388,0,0,0,1,0.1
4211901001,24.672504644349193,0,0,0,3,0.30000000000000004,30.10942972090985,0,0,0,0,0.0,24.672504644349193,0,0,0,1,0.1,48.86406858895175,0,0,0,0,0.0,32.0662223616158,0,0,0,0,0.0
4212001001,11.278593542431354,0,0,2,9,1.3,22.20899715164864,0,0,0,1,0.1,11.278593542431354,0,0,1,3,0.5,52.680273791066675,0,0,0,0,0.0,51.611787338632396,0,0,0,0,0.0
4212101001,14.442371679959672,0,0,2,11,1.5,14.442371679959672,0,0,1,1,0.3,17.77787087214648,0,0,0,2,0.2,42.877342273161375,0,0,0,0,0.0,42.153985825536964,0,0,0,0,0.0
4212301001,14.571156680178674,0,0,1,4,0.6000000000000001,13.966967198722129,0,0,1,1,0.3,13.966967198722129,0,0,1,1,0.3,39.50588380610231,0,0,0,0,0.0,15.562741106269884,0,0,0,1,0.1
4212401001,15.629619527383626,0,0,0,17,1.7000000000000002,26.67924836864911,0,0,0,1,0.1,21.625789188615656,0,0,0,3,0.30000000000000004,31.08363329610554,0,0,0,0,0.0,32.67020434319436,0,0,0,0,0.0
4212501001,11.221132854549655,0,0,4,18,2.6,22.49035175944808,0,0,0,1,0.1,15.22284256802755,0,0,0,4,0.4,34.885234431795986,0,0,0,0,0.0,36.15488661885586,0,0,0,0,0.0
4212701001,11.20275728557463,0,0,4,12,2.0,18.063744614441692,0,0,0,1,0.1,13.337179737719445,0,0,2,3,0.7,48.90818721154004,0,0,0,0,0.0,47.686411859528924,0,0,0,0,0.0
4212801001,15.453041356895149,0,0,0,17,1.7000000000000002,17.619020414273187,0,0,0,2,0.2,17.4942789194088,0,0,0,4,0.4,20.815814922221637,0,0,0,1,0.1,17.619020414273187,0,0,0,2,0.2
4212901001,0.0,1,1,8,16,3.9000000000000004,22.42213303075713,0,0,0,1,0.1,6.390099318325124,0,0,1,4,0.6000000000000001,44.02493736147564,0,0,0,0,0.0,44.97094824429977,0,0,0,0,0.0
4213001001,11.666162148158229,0,0,2,15,1.9,11.19223557836183,0,0,1,3,0.5,11.19223557836183,0,0,1,5,0.7,26.46457485555177,0,0,0,1,0.1,13.395137758543921,0,0,1,3,0.5
4213101001,12.799433355601554,0,0,1,13,1.5000000000000002,16.3676626327156,0,0,0,3,0.30000000000000004,16.3676626327156,0,0,0,4,0.4,28.35460189728973,0,0,0,1,0.1,18.611876147775234,0,0,0,3,0.30000000000000004
4213201001,7.358153928253801,0,0,1,4,0.6000000000000001,7.358153928253801,0,0,1,1,0.3,7.358153928253801,0,0,1,2,0.4,41.09957442677514,0,0,0,0,0.0,38.78964794807245,0,0,0,0,0.0
4213401001,0.0,1,1,3,4,1.7000000000000002,0.0,1,1,1,1,1.0,0.0,1,1,2,2,1.3,45.75102585457957,0,0,0,0,0.0,43.15783371203749,0,0,0,0,0.0
4213401002,7.908770930929191,0,0,3,4,0.9999999999999999,7.908770930929191,0,0,1,1,0.3,7.908770930929191,0,0,2,2,0.6,41.0506810325945,0,0,0,0,0.0,38.20670901785225,0,0,0,0,0.0
4213501001,9.578251639904394,0,0,2,16,2.0,27.32966877959946,0,0,0,2,0.2,26.627946136369896,0,0,0,4,0.4,30.334025651028703,0,0,0,0,0.0,27.32966877959946,0,0,0,2,0.2
4213901001,13.363358334787389,0,0,1,5,0.7,13.363358334787389,0,0,1,1,0.3,13.363358334787389,0,0,1,2,0.4,33.63745512598469,0,0,0,0,0.0,31.37057848658384,0,0,0,0,0.0
4214001001,9.879119493056141,0,0,1,3,0.5,19.75154384335271,0,0,0,1,0.1,19.75154384335271,0,0,0,2,0.2,34.373114602549435,0,0,0,0,0.0,32.79950939069801,0,0,0,0,0.0
4214101001,10.10369439887704,0,0,2,22,2.6,21.939215214259818,0,0,0,3,0.30000000000000004,26.7942187931792,0,0,0,5,0.5,29.63937877559073,0,0,0,1,0.1,28.07483081083422,0,0,0,2,0.2
4214201001,13.296860982713254,0,0,1,5,0.7,13.296860982713254,0,0,1,1,0.3,13.296860982713254,0,0,1,2,0.4,32.754867627372725,0,0,0,0,0.0,30.041829698353588,0,0,0,0,0.0
4214401001,0.0,1,1,3,20,3.3000000000000003,19.959943564565958,0,0,0,3,0.30000000000000004,19.959943564565958,0,0,0,5,0.5,18.584872664613208,0,0,0,1,0.1,19.02647160639324,0,0,0,3,0.30000000000000004
4214501001,11.423034594952414,0,0,2,6,1.0,20.703514678219257,0,0,0,1,0.1,11.761345247491304,0,0,1,2,0.4,46.96090338793203,0,0,0,0,0.0,34.21711662343589,0,0,0,0,0.0
4214801001,15.544393419189353,0,0,0,2,0.2,24.24365488265776,0,0,0,1,0.1,24.24365488265776,0,0,0,1,0.1,42.85111608747164,0,0,0,0,0.0,41.6654837812879,0,0,0,0,0.0
4214901001,8.532210846944869,0,0,11,20,4.2,8.686902242270936,0,0,2,3,0.7,8.532210846944869,0,0,4,5,1.3,7.9801394409405555,0,0,1,1,0.3,9.31060784069697,0,0,2,3,0.7
4215101001,5.52202546667286,0,0,5,24,3.4000000000000004,15.941815179378667,0,0,0,3,0.30000000000000004,14.605929645942178,0,0,1,5,0.7,17.348392139821087,0,0,0,1,0.1,15.829602659579788,0,0,0,2,0.2
4215201001,10.73846217961376,0,0,1,7,0.9000000000000001,22.279077254258986,0,0,0,1,0.1,17.791598243697862,0,0,0,3,0.30000000000000004,54.69434187584615,0,0,0,0,0.0,37.6379902628263,0,0,0,0,0.0
4215301001,15.157242236178108,0,0,0,3,0.30000000000000004,24.336452276607293,0,0,0,1,0.1,24.336452276607293,0,0,0,1,0.1,50.08527440224812,0,0,0,0,0.0,22.537916401095547,0,0,0,1,0.1
4215401001,7.118253256773424,0,0,12,19,4.3,9.247122603745265,0,0,2,2,0.6,9.247122603745265,0,0,4,4,1.2,12.395812941019171,0,0,1,1,0.3,9.247122603745265,0,0,2,2,0.6
4215501001,17.470399626466232,0,0,0,4,0.4,30.205540452705705,0,0,0,0,0.0,26.31367363907781,0,0,0,2,0.2,64.30792767551794,0,0,0,0,0.0,43.00162605148009,0,0,0,0,0.0
4215601001,17.602052039057167,0,0,0,3,0.30000000000000004,18.558014884243775,0,0,0,1,0.1,18.558014884243775,0,0,0,2,0.2,43.37190415248279,0,0,0,0,0.0,41.79140811866332,0,0,0,0,0.0
4215701001,11.15271016734282,0,0,1,3,0.5,26.7904081842639,0,0,0,1,0.1,26.7904081842639,0,0,0,1,0.1,50.62633190057782,0,0,0,0,0.0,24.793509548421543,0,0,0,1,0.1
4215801001,15.892136232539567,0,0,0,12,1.2000000000000002,30.04702670729859,0,0,0,0,0.0,18.34336608602344,0,0,0,2,0.2,32.054323736331575,0,0,0,0,0.0,29.93013792896369,0,0,0,1,0.1
4215901001,5.8014781501179105,0,0,3,24,3.0,20.047174300344203,0,0,0,3,0.30000000000000004,18.704905968443928,0,0,0,5,0.5,21.332611061268206,0,0,0,1,0.1,19.89486678874063,0,0,0,2,0.2
4216001001,9.271787064652518,0,0,4,25,3.3,9.271787064652518,0,0,1,3,0.5,16.42216008134925,0,0,0,6,0.6000000000000001,24.167304733019535,0,0,0,1,0.1,23.70955060414927,0,0,0,2,0.2
4216101001,5.947456130941757,0,0,8,19,3.5,6.472604745918938,0,0,1,1,0.3,6.712593208613241,0,0,1,3,0.5,30.889453786866333,0,0,0,0,0.0,31.204387133387662,0,0,0,0,0.0
4216201001,0.0,3,3,4,11,4.0,0.0,1,1,1,1,1.0,0.0,1,1,2,3,1.4000000000000001,42.41986986663761,0,0,0,0,0.0,41.171955012999405,0,0,0,0,0.0
4216201002,9.69567511375175,0,0,3,10,1.6,9.69567511375175,0,0,1,2,0.4,9.69567511375175,0,0,1,3,0.5,44.42156907203692,0,0,0,0,0.0,43.24111076532213,0,0,0,0,0.0
4216201003,4.394986473434186,0,3,5,13,3.2,4.394986473434186,0,1,1,1,0.6,4.394986473434186,0,1,2,4,1.0999999999999999,39.94884521506827,0,0,0,0,0.0,38.69095968088877,0,0,0,0,0.0
4216301001,10.144220313182656,0,0,2,5,0.9,19.051709340615094,0,0,0,1,0.1,10.144220313182656,0,0,1,2,0.4,44.31374563689052,0,0,0,0,0.0,41.16816568115134,0,0,0,0,0.0
4216401001,0.0,2,3,5,17,4.4,28.68807360823979,0,0,0,1,0.1,0.0,1,1,1,5,1.4,49.55571150917496,0,0,0,0,0.0,50.63027815252551,0,0,0,0,0.0
4216501001,0.0,2,2,2,4,2.2,36.83043624572501,0,0,0,0,0.0,30.956130160589463,0,0,0,0,0.0,39.86871767400741,0,0,0,0,0.0,36.83043624572501,0,0,0,0,0.0
4216601001,14.284466482430043,0,0,2,7,1.1,27.847755264834912,0,0,0,1,0.1,31.95240412611489,0,0,0,0,0.0,35.10425633076973,0,0,0,0,0.0,33.19393647261319,0,0,0,0,0.0
4216701001,8.914208244044403,0,0,1,2,0.4,42.222871422567906,0,0,0,0,0.0,8.914208244044403,0,0,1,1,0.3,64.610046792724,0,0,0,0,0.0,43.74421727802564,0,0,0,0,0.0
4216801001,8.72358693664611,0,0,4,18,2.6,22.764942602109585,0,0,0,1,0.1,8.72358693664611,0,0,1,5,0.7,47.073196872631655,0,0,0,0,0.0,45.90282408498058,0,0,0,0,0.0
4217101001,11.324721146935014,0,0,1,2,0.4,27.973713966978437,0,0,0,1,0.1,27.973713966978437,0,0,0,1,0.1,37.10337292400953,0,0,0,0,0.0,30.24101228597215,0,0,0,0,0.0
4217201001,12.599344826471775,0,0,2,4,0.8,11.963771011770314,0,0,1,1,0.3,11.963771011770314,0,0,1,1,0.3,33.48668968693435,0,0,0,0,0.0,14.113359264273685,0,0,1,1,0.3
4217301001,0.36420058938259287,5,11,12,20,9.700000000000001,0.36420058938259287,2,2,2,2,2.0,0.36420058938259287,1,4,4,4,2.8,3.1204387124293524,0,1,1,1,0.6,0.36420058938259287,1,2,2,2,1.6
4217301002,0.4868187134560029,5,11,12,20,9.700000000000001,0.4868187134560029,2,2,2,2,2.0,0.5801553635639706,3,4,4,4,3.6,2.8118229007095756,0,1,1,1,0.6,0.5801553635639706,1,2,2,2,1.6
4217301003,0.36238566271434414,5,11,12,20,9.700000000000001,0.36238566271434414,2,2,2,2,2.0,0.36238566271434414,1,4,4,4,2.8,2.8783974113688013,0,1,1,1,0.6,0.36238566271434414,1,2,2,2,1.6
4217301004,0.0,5,11,12,20,9.700000000000001,0.0,2,2,2,2,2.0,0.0,1,4,4,4,2.8,3.201837329217295,0,1,1,1,0.6,0.0,1,2,2,2,1.6
4217301005,0.32284519292602887,2,11,12,20,8.5,0.32284519292602887,1,2,2,2,1.6,0.32284519292602887,1,4,4,4,2.8,3.3338299591203158,0,1,1,1,0.6,0.32284519292602887,1,2,2,2,1.6
4217301006,0.5276065139809396,4,11,12,20,9.3,0.5502307919788048,1,2,2,2,1.6,0.5502307919788048,2,4,4,4,3.2,3.4145133762943476,0,1,1,1,0.6,0.5502307919788048,1,2,2,2,1.6
4217301007,0.0,3,11,12,20,8.9,1.3585426732760835,0,2,2,2,1.2,0.0,1,4,4,4,2.8,3.7084587060368497,0,1,1,1,0.6,1.3585426732760835,0,2,2,2,1.2
4217301008,0.0,3,11,12,20,8.9,1.2914120785054313,0,2,2,2,1.2,0.5569709924821933,1,4,4,4,2.8,3.168835571283377,0,1,1,1,0.6,1.0293451457617842,0,2,2,2,1.2
4217302001,0.2581852113008969,7,11,12,20,10.500000000000002,0.2581852113008969,2,2,2,2,2.0,0.2581852113008969,1,4,4,4,2.8,2.965208863689824,0,1,1,1,0.6,0.2581852113008969,2,2,2,2,2.0
4217302002,0.4173149140038718,8,11,12,20,10.900000000000002,0.4173149140038718,2,2,2,2,2.0,0.6816834818560191,3,4,4,4,3.6,2.5337549821820717,0,1,1,1,0.6,0.6055332976800863,2,2,2,2,2.0
4217302003,0.3395798568312689,8,11,12,20,10.900000000000002,0.4915770251297906,2,2,2,2,2.0,0.4915770251297906,1,4,4,4,2.8,2.80603673796825,0,1,1,1,0.6,0.4915770251297906,2,2,2,2,2.0
4217302004,0.32969219243542897,5,11,12,20,9.700000000000001,0.32969219243542897,2,2,2,2,2.0,0.7774341934044655,3,4,4,4,3.6,2.613079824494184,0,1,1,1,0.6,0.7774341934044655,1,2,2,2,1.6
4217302005,0.0,7,11,12,20,10.500000000000002,0.0,2,2,2,2,2.0,0.5048529912224364,3,4,4,4,3.6,2.3357493588954816,0,1,1,1,0.6,0.8414712666204766,2,2,2,2,2.0
4217302006,0.0,6,11,12,20,10.100000000000001,0.5048529912224364,1,2,2,2,1.6,0.0,2,4,4,4,3.2,1.8340754899371259,0,1,1,1,0.6,0.7808870501926378,1,2,2,2,1.6
4217302007,0.0,7,11,12,20,10.500000000000002,0.8414712666204766,1,2,2,2,1.6,0.7808870501926378,2,4,4,4,3.2,2.21198168916171,0,1,1,1,0.6,0.0,1,2,2,2,1.6
4217302008,0.3094564425357336,9,11,12,20,11.3,0.8709760348551543,2,2,2,2,2.0,0.9770902003173288,3,4,4,4,3.6,2.5192854173735806,0,1,1,1,0.6,0.3094564425357336,2,2,2,2,2.0
4217302009,0.21218247020053013,8,11,12,20,10.900000000000002,0.7970284783066134,2,2,2,2,2.0,0.7970284783066134,1,4,4,4,2.8,2.7051950355282224,0,1,1,1,0.6,0.5096352486473912,2,2,2,2,2.0
4217302010,0.0,6,11,12,20,10.100000000000001,0.6996168548107506,1,2,2,2,1.6,0.6996168548107506,2,4,4,4,3.2,2.9172409721452683,0,1,1,1,0.6,0.6996168548107506,2,2,2,2,2.0
4217302011,1.044691919801474,0,11,12,20,7.699999999999999,1.885718051191253,0,2,2,2,1.2,1.6230601486799452,0,4,4,4,2.4,2.441838268698083,0,1,1,1,0.6,1.044691919801474,0,2,2,2,1.2
4217302012,0.0,2,2,6,31,5.7,11.497398072869826,0,0,1,3,0.5,12.333020619607074,0,0,1,7,0.9000000000000001,26.521855120389095,0,0,0,1,0.1,27.151014659834566,0,0,0,2,0.2
4217302013,0.38732617324106433,4,11,12,20,9.3,1.0733643698317348,0,2,2,2,1.2,1.0147201541338708,0,4,4,4,2.4,2.7030805483511298,0,1,1,1,0.6,0.5124105010359515,1,2,2,2,1.6
4217302014,1.8340754899371259,0,10,14,22,8.0,2.3357493588954816,0,2,2,3,1.3,1.8340754899371259,0,4,4,5,2.5,0.0,1,1,1,1,1.0,2.21198168916171,0,2,2,3,1.3
4217303001,14.403843199339297,0,0,1,16,1.8,20.69413474682305,0,0,0,3,0.30000000000000004,20.69413474682305,0,0,0,6,0.6000000000000001,25.34871273496377,0,0,0,1,0.1,23.01013049255943,0,0,0,2,0.2
4217303002,0.0,1,11,12,20,8.1,2.166163310972359,0,2,2,2,1.2,2.166163310972359,0,4,4,4,2.4,5.366462129573777,0,0,1,1,0.3,2.166163310972359,0,2,2,2,1.2
4217303003,4.765423870992946,0,4,12,20,5.6,4.765423870992946,0,1,2,3,0.9999999999999999,4.775716643450599,0,2,4,5,1.9,5.023422668521463,0,0,1,1,0.3,5.266120916279768,0,0,2,3,0.7
4217401001,12.577847067058448,0,0,4,24,3.2,12.577847067058448,0,0,1,3,0.5,20.20060295227932,0,0,0,5,0.5,26.05344814003067,0,0,0,1,0.1,25.12525488879793,0,0,0,2,0.2
4217501001,20.692793644261585,0,0,0,20,2.0,23.489578527282813,0,0,0,3,0.30000000000000004,23.417353620746262,0,0,0,6,0.6000000000000001,26.629415600339055,0,0,0,1,0.1,23.489578527282813,0,0,0,2,0.2
4217601001,17.254234391247874,0,0,0,15,1.5,18.177667421997704,0,0,0,3,0.30000000000000004,18.177667421997704,0,0,0,6,0.6000000000000001,27.57682085726897,0,0,0,1,0.1,25.031872855088054,0,0,0,2,0.2
4217701001,11.542123984198286,0,0,1,10,1.2,27.035548845612592,0,0,0,2,0.2,18.948524997839755,0,0,0,3,0.30000000000000004,37.38300926799576,0,0,0,0,0.0,24.893882747448664,0,0,0,1,0.1
4217801001,9.718362441545366,0,0,4,21,2.9000000000000004,27.040284135561127,0,0,0,2,0.2,13.994881662047831,0,0,1,5,0.7,39.35038087431308,0,0,0,0,0.0,40.81885167445404,0,0,0,0,0.0
4218101001,5.99572716803727,0,0,3,17,2.3,14.479519680909933,0,0,1,3,0.5,14.479519680909933,0,0,1,5,0.7,22.176778201314594,0,0,0,1,0.1,13.290959382089879,0,0,1,3,0.5
4218201001,19.161325262621578,0,0,0,4,0.4,19.20684142457648,0,0,0,1,0.1,19.20684142457648,0,0,0,2,0.2,46.62424854146139,0,0,0,0,0.0,20.194107529848235,0,0,0,1,0.1
4218301001,6.615612382387718,0,0,1,14,1.6,21.66902003319474,0,0,0,3,0.30000000000000004,21.66902003319474,0,0,0,5,0.5,24.854397544704717,0,0,0,1,0.1,23.772039243028175,0,0,0,3,0.30000000000000004
4218401001,17.285032126387335,0,0,0,1,0.1,32.3373575334609,0,0,0,0,0.0,32.3373575334609,0,0,0,0,0.0,43.54202610079839,0,0,0,0,0.0,34.56878381550181,0,0,0,0,0.0
4218501001,16.76729696773875,0,0,0,16,1.6,27.846952240190234,0,0,0,1,0.1,16.76729696773875,0,0,0,4,0.4,34.39041700803644,0,0,0,0,0.0,35.78244956345012,0,0,0,0,0.0
4218701001,13.857097996635943,0,0,1,4,0.6000000000000001,17.474217770170537,0,0,0,1,0.1,17.474217770170537,0,0,0,2,0.2,38.52123739812699,0,0,0,0,0.0,36.85399099545585,0,0,0,0,0.0
4218801001,16.12459149007739,0,0,0,8,0.8,18.44514180775263,0,0,0,1,0.1,16.12459149007739,0,0,0,2,0.2,33.7460409782003,0,0,0,0,0.0,30.651953537089216,0,0,0,0,0.0
4218901001,9.569462164041616,0,0,4,18,2.6,20.55928199624926,0,0,0,1,0.1,12.805333876341418,0,0,2,4,0.8,46.81513230291393,0,0,0,0,0.0,48.34733597520263,0,0,0,0,0.0
4219001001,3.972424396373071,0,1,4,16,2.7,24.73288070470409,0,0,0,1,0.1,7.571454779755094,0,0,1,4,0.6000000000000001,42.23662145886334,0,0,0,0,0.0,43.39728772057993,0,0,0,0,0.0
4219101001,8.986129787290382,0,0,3,22,2.8,17.019664459670114,0,0,0,3,0.30000000000000004,20.93555490428891,0,0,0,5,0.5,23.220848476939867,0,0,0,1,0.1,21.99928775281174,0,0,0,2,0.2
4219201001,19.72754239003727,0,0,0,20,2.0,19.72754239003727,0,0,0,3,0.30000000000000004,19.72754239003727,0,0,0,6,0.6000000000000001,28.755273671838818,0,0,0,1,0.1,25.745895309248894,0,0,0,2,0.2
4219301001,15.876331953828934,0,0,0,7,0.7000000000000001,20.321010545434703,0,0,0,1,0.1,15.876331953828934,0,0,0,2,0.2,35.77890225579036,0,0,0,0,0.0,32.62466259635902,0,0,0,0,0.0
4219401001,11.005482199583392,0,0,2,13,1.7000000000000002,19.017156201725545,0,0,0,1,0.1,11.005482199583392,0,0,1,3,0.5,45.15620473500689,0,0,0,0,0.0,45.66288465795557,0,0,0,0,0.0
4219501001,11.20159057863792,0,0,1,9,1.1,22.797797274920878,0,0,0,1,0.1,11.20159057863792,0,0,1,2,0.4,40.288119274406064,0,0,0,0,0.0,32.99561268617657,0,0,0,0,0.0
4219601001,10.700538995067415,0,0,2,7,1.1,27.449194092685165,0,0,0,1,0.1,20.79809327833895,0,0,0,2,0.2,37.90884011158164,0,0,0,0,0.0,34.70935312028662,0,0,0,0,0.0
4219701001,14.843244831627944,0,0,1,7,0.9000000000000001,26.188646414327515,0,0,0,1,0.1,20.298171336143334,0,0,0,2,0.2,33.10437346131277,0,0,0,0,0.0,24.217919772991177,0,0,0,1,0.1
4219801001,11.028073725725472,0,0,2,18,2.2,27.065894630163946,0,0,0,2,0.2,26.613352677040414,0,0,0,5,0.5,30.225490036315616,0,0,0,0,0.0,27.065894630163946,0,0,0,2,0.2
4220001001,12.687889004457983,0,0,2,6,1.0,16.63020255321304,0,0,0,1,0.1,16.63020255321304,0,0,0,1,0.1,37.25184161809044,0,0,0,0,0.0,14.366253432459496,0,0,1,1,0.3
4220101001,3.610700341727244,0,1,12,18,4.5,5.767828688455979,0,0,2,2,0.6,5.636666108992846,0,0,4,4,1.2,8.969100776085059,0,0,1,1,0.3,5.767828688455979,0,0,2,2,0.6
4220201001,12.379204791369748,0,0,1,3,0.5,21.37131875405851,0,0,0,1,0.1,21.37131875405851,0,0,0,1,0.1,33.70002918103417,0,0,0,0,0.0,23.63738809507195,0,0,0,1,0.1
4220401001,7.424954172196787,0,0,2,17,2.1,7.056923124452371,0,0,1,3,0.5,7.056923124452371,0,0,1,5,0.7,25.49833890206139,0,0,0,1,0.1,9.11144064301355,0,0,1,3,0.5
4220501001,5.7834886324470185,0,0,5,24,3.4000000000000004,16.22651578741855,0,0,0,3,0.30000000000000004,15.781718379042205,0,0,0,5,0.5,14.336964713490637,0,0,1,1,0.3,15.568591984965913,0,0,0,2,0.2
4220601001,13.723573130531445,0,0,1,7,0.9000000000000001,16.76485173591691,0,0,0,1,0.1,13.723573130531445,0,0,1,3,0.5,56.180447216741555,0,0,0,0,0.0,41.69484407643824,0,0,0,0,0.0
4220701001,8.404926165232403,0,0,3,22,2.8,17.91179681628337,0,0,0,3,0.30000000000000004,16.55548515396353,0,0,0,5,0.5,18.61916584663692,0,0,0,1,0.1,17.520357872912747,0,0,0,2,0.2
4220801001,16.85534394929107,0,0,0,17,1.7000000000000002,16.85534394929107,0,0,0,3,0.30000000000000004,16.85534394929107,0,0,0,6,0.6000000000000001,30.47963153299663,0,0,0,0,0.0,27.5793167539573,0,0,0,2,0.2
4220901001,14.906300318552239,0,0,2,5,0.9,34.59316263280786,0,0,0,0,0.0,33.504191602334664,0,0,0,0,0.0,36.99968056519153,0,0,0,0,0.0,34.59316263280786,0,0,0,0,0.0
4221101001,10.5194950521128,0,0,8,18,3.4,14.584330927490189,0,0,1,2,0.4,13.930771534186638,0,0,2,4,0.8,17.624676609864785,0,0,0,1,0.1,14.584330927490189,0,0,1,2,0.4
4221201001,14.942232150533354,0,0,1,4,0.6000000000000001,16.20613199687113,0,0,0,1,0.1,16.20613199687113,0,0,0,1,0.1,44.57405675691498,0,0,0,0,0.0,14.942232150533354,0,0,1,1,0.3
4221301001,6.6896556324963,0,0,1,3,0.5,22.74828225747357,0,0,0,1,0.1,22.74828225747357,0,0,0,1,0.1,32.1938669195684,0,0,0,0,0.0,30.833802310127062,0,0,0,0,0.0
4221501001,0.0,2,2,8,19,4.9,0.0,1,1,1,1,1.0,7.625547380806618,0,0,1,3,0.5,32.28593813118708,0,0,0,0,0.0,32.15611379206274,0,0,0,0,0.0
4221601001,10.311681650509215,0,0,2,16,2.0,28.940914126018626,0,0,0,2,0.2,27.791227549018508,0,0,0,4,0.4,31.191086182286092,0,0,0,0,0.0,28.940914126018626,0,0,0,2,0.2
4221701001,5.158982166074682,0,0,3,3,0.8999999999999999,12.911075291528059,0,0,1,1,0.3,6.999830396829521,0,0,2,2,0.6,55.31136705458302,0,0,0,0,0.0,52.42261947059019,0,0,0,0,0.0
4221801001,13.795781416932645,0,0,2,4,0.8,40.26900607112255,0,0,0,0,0.0,39.23631496236789,0,0,0,0,0.0,42.8000897223219,0,0,0,0,0.0,40.26900607112255,0,0,0,0,0.0
4221901001,11.37701141502434,0,0,1,3,0.5,29.573470558010264,0,0,0,1,0.1,29.573470558010264,0,0,0,1,0.1,58.992591432698966,0,0,0,0,0.0,29.351279694321722,0,0,0,1,0.1
4700101001,4.8717655458675875,0,1,2,31,3.8000000000000003,17.053514554632468,0,0,0,3,0.30000000000000004,15.09838885751241,0,0,0,8,0.8,33.01081809272947,0,0,0,0,0.0,13.662660495200893,0,0,1,1,0.3
4700201001,6.24654693827193,0,0,8,48,6.4,3.7707323712154297,0,1,1,6,1.1,5.561076385111301,0,0,4,12,2.0,40.392119576557896,0,0,0,0,0.0,15.383824053184611,0,0,0,2,0.2
4700301001,12.69469212424427,0,0,2,12,1.6,22.86384258290248,0,0,0,1,0.1,17.172069486735747,0,0,0,4,0.4,52.993934773692175,0,0,0,0,0.0,27.317662266685538,0,0,0,1,0.1
4700401001,0.0,1,1,5,25,4.2,24.076309093652746,0,0,0,2,0.2,21.247576835156988,0,0,0,5,0.5,47.13915524897045,0,0,0,0,0.0,25.945895630344925,0,0,0,1,0.1
4700401002,5.66034142229282,0,0,6,28,4.0,18.661117286437623,0,0,0,3,0.30000000000000004,22.02686895494884,0,0,0,6,0.6000000000000001,51.30711796735498,0,0,0,0,0.0,20.657957483233766,0,0,0,1,0.1
4700501001,4.7578448733909635,0,2,15,97,13.3,6.338510792706763,0,0,1,9,1.1,4.7578448733909635,0,1,5,29,4.2,30.38414640108934,0,0,0,0,0.0,24.906355202975714,0,0,0,3,0.30000000000000004
4700601001,0.0,1,5,22,120,18.3,13.670987738687545,0,0,1,9,1.1,3.239264304626739,0,2,5,37,5.3,24.569150533613573,0,0,0,1,0.1,22.60224358976573,0,0,0,2,0.2
4700701001,0.0,2,2,50,120,23.4,8.564467993494896,0,0,5,8,1.8,3.9886334520305615,0,1,17,33,7.0,15.79727501379528,0,0,0,1,0.1,13.833803640527348,0,0,1,1,0.3
4700701002,2.80883630804773,0,5,63,123,26.4,7.611728608452037,0,0,5,8,1.8,3.2086473907111346,0,1,21,35,8.0,15.467199218216095,0,0,0,1,0.1,13.48990517468362,0,0,1,1,0.3
4700701003,3.752022689148674,0,2,43,122,21.4,6.185860830214982,0,0,4,8,1.6,4.566169031456604,0,1,14,34,6.5,15.94982694668213,0,0,0,1,0.1,14.113582350453738,0,0,1,1,0.3
4700701004,1.871535552027983,0,3,35,120,19.9,9.890077483167152,0,0,2,8,1.2000000000000002,5.242745672725446,0,0,7,33,4.7,17.412057735994352,0,0,0,1,0.1,15.436265828491333,0,0,0,1,0.1
4700801001,4.150372181513202,0,2,4,32,4.6,13.353112479284421,0,0,2,5,0.9,11.890336709307048,0,0,2,11,1.5,49.55612441038984,0,0,0,0,0.0,13.469473218184012,0,0,1,2,0.4
4700901001,7.155926815189301,0,0,1,26,2.8,25.450499006915955,0,0,0,2,0.2,24.459712630876464,0,0,0,3,0.30000000000000004,33.39945271894016,0,0,0,0,0.0,33.92526858672884,0,0,0,0,0.0
4701001001,1.3434699952128435,0,19,84,113,33.8,5.266713222829478,0,0,5,7,1.7,1.4151271220137542,0,6,25,31,9.9,7.409992634950212,0,0,1,1,0.3,6.840159958308613,0,0,1,2,0.4
4701001002,0.3889456682489795,2,38,83,112,39.99999999999999,2.4583109119458877,0,3,5,7,2.6,0.5650317073290477,3,15,26,31,14.0,4.508016382438525,0,1,1,1,0.6,4.096351516257991,0,1,1,2,0.7
4701001003,0.8397250415997588,1,32,85,115,38.5,2.816066401981043,0,3,5,7,2.6,0.0,1,11,26,31,12.0,4.992191305740744,0,1,1,1,0.6,4.414873754490346,0,1,1,2,0.7
4701001004,0.0,4,37,83,112,40.5,2.636974470134759,0,3,5,7,2.6,0.7161210854204637,3,12,26,31,13.099999999999998,4.528651878672165,0,1,1,1,0.6,4.2848274345275135,0,1,1,2,0.7
4701001005,0.0,2,25,85,114,36.699999999999996,3.9244864742287286,0,1,5,7,1.9999999999999998,0.6521585731429947,1,8,25,31,10.9,6.106944691412614,0,0,1,1,0.3,5.498341990793385,0,0,1,2,0.4
4701001006,0.0,3,28,83,112,37.4,3.4346050970081414,0,1,5,8,2.0999999999999996,1.0777915121563335,0,10,26,31,11.3,5.1910544120437345,0,0,1,1,0.3,5.081278545361646,0,0,1,2,0.4
4701001007,0.0,1,18,82,113,33.5,5.749364492587486,0,0,5,8,1.8,1.9431699591265723,0,5,25,31,9.6,7.460159087875483,0,0,1,1,0.3,7.397195259348596,0,0,1,2,0.4
4701001008,1.1879408470405313,0,22,82,113,34.3,4.925267802419256,0,1,5,7,1.9999999999999998,0.898553010066671,1,7,25,31,10.6,6.934644644116122,0,0,1,1,0.3,6.545394976092547,0,0,1,2,0.4
4701001009,0.7330361749761806,2,24,85,113,36.3,4.6564074040394345,0,1,5,7,1.9999999999999998,0.9711927633116454,1,8,25,31,10.9,6.831462146990936,0,0,1,1,0.3,6.222558806544497,0,0,1,2,0.4
4701001010,1.1181342196169828,0,25,83,114,35.5,4.442143547051302,0,1,5,8,2.0999999999999996,0.6471544711135914,1,8,25,31,10.9,6.303410772233087,0,0,1,1,0.3,6.086365053722464,0,0,1,2,0.4
4701001011,0.6521585731429947,2,24,83,114,36.0,4.029660236848451,0,1,5,7,1.9999999999999998,0.0,1,9,25,31,11.2,6.049759259533637,0,0,1,1,0.3,5.655128901180916,0,0,1,2,0.4
4701101001,0.0,1,1,3,31,4.4,15.236151000040064,0,0,0,5,0.5,15.236151000040064,0,0,0,10,1.0,51.798311591284936,0,0,0,0,0.0,17.76564389347603,0,0,0,2,0.2
4701201001,4.633904353537798,0,1,6,25,4.0,9.489159004405478,0,0,1,3,0.5,9.013846076005967,0,0,2,6,1.0,42.6155244699903,0,0,0,0,0.0,38.66878041204079,0,0,0,0,0.0
4701301001,11.204166241435436,0,0,1,11,1.3,27.697757341287087,0,0,0,1,0.1,17.23601946318154,0,0,0,4,0.4,56.58695390863984,0,0,0,0,0.0,28.534634341493057,0,0,0,1,0.1
4701401001,6.400387090640945,0,0,2,52,5.6,18.084535603453297,0,0,0,3,0.30000000000000004,16.736677887292917,0,0,0,16,1.6,29.778835429676537,0,0,0,1,0.1,9.341667693429399,0,0,1,1,0.3
4701501001,0.0,1,1,3,11,2.4000000000000004,33.022752023280376,0,0,0,0,0.0,14.961982807727752,0,0,1,3,0.5,58.12782119762812,0,0,0,0,0.0,39.60474503821378,0,0,0,0,0.0
4701601001,9.32572616630455,0,0,4,12,2.0,13.735559044584214,0,0,1,2,0.4,13.600501620018557,0,0,1,5,0.7,40.617747280416694,0,0,0,0,0.0,24.82619217508275,0,0,0,1,0.1
4701701001,7.655345306664029,0,0,4,60,6.800000000000001,7.655345306664029,0,0,1,4,0.6000000000000001,5.02621866484083,0,0,2,15,1.9,30.95843608770768,0,0,0,0,0.0,22.386894910668804,0,0,0,1,0.1
4701801001,7.14782608485113,0,0,6,99,11.100000000000001,7.14782608485113,0,0,1,7,0.9000000000000001,6.580522813221783,0,0,2,27,3.1,24.87371451168498,0,0,0,1,0.1,18.75071465426058,0,0,0,2,0.2
4701901001,5.508029708134638,0,0,3,11,1.7,14.51943436875124,0,0,1,1,0.3,10.068437557702902,0,0,1,3,0.5,44.85884111481257,0,0,0,0,0.0,21.498608771829836,0,0,0,1,0.1
4702001001,0.0,1,1,8,26,4.9,14.169257278824256,0,0,1,3,0.5,16.64213572906079,0,0,0,4,0.4,57.82946182190726,0,0,0,0,0.0,13.624432244605538,0,0,1,1,0.3
4702101001,3.0108208893213955,0,2,4,40,5.4,9.676302755252088,0,0,1,5,0.7,7.981934091223126,0,0,2,11,1.5,45.65417661147365,0,0,0,0,0.0,15.089077142101134,0,0,0,2,0.2
4702201001,9.33290948814937,0,0,5,13,2.3,6.903479871757175,0,0,1,1,0.3,3.316959885179289,0,1,2,3,0.9999999999999999,31.141982674630924,0,0,0,0,0.0,32.33593162691273,0,0,0,0,0.0
4702301001,0.0,2,9,85,121,32.6,4.176363627710718,0,1,6,8,2.3000000000000003,3.5022543736280145,0,2,26,33,9.099999999999998,12.062902015574043,0,0,1,1,0.3,10.189317159684272,0,0,1,1,0.3
4702301002,3.5022543736280145,0,6,89,122,31.8,4.649575953231829,0,1,6,8,2.3000000000000003,0.0,1,1,28,34,9.7,12.306721100792828,0,0,1,1,0.3,10.32624558219249,0,0,1,1,0.3
4702301003,2.325018483094528,0,3,79,124,29.1,6.014485082012566,0,0,5,8,1.8,3.0622522328239676,0,1,26,36,9.1,14.032785204463075,0,0,1,1,0.3,12.101515709902007,0,0,1,1,0.3
4702401001,10.902666915189492,0,0,2,11,1.5,30.562561491429552,0,0,0,0,0.0,16.01251471746147,0,0,0,4,0.4,60.46702791104145,0,0,0,0,0.0,33.63988134097637,0,0,0,0,0.0
4702501001,4.69116592990936,0,1,9,26,4.7,11.10487381001869,0,0,1,1,0.3,14.164920796231575,0,0,2,2,0.6,54.54347242454929,0,0,0,0,0.0,11.317925806080492,0,0,1,1,0.3
4702601001,7.041497989051132,0,0,2,12,1.6,32.023889100944004,0,0,0,0,0.0,7.041497989051132,0,0,1,3,0.5,51.02019937014329,0,0,0,0,0.0,41.047105026281415,0,0,0,0,0.0
4702701001,0.0,1,2,49,110,21.8,10.670389185179218,0,0,3,7,1.2999999999999998,7.084786333852736,0,0,15,31,6.1,12.787586945330855,0,0,1,1,0.3,13.70065752640556,0,0,1,2,0.4
4702701002,0.0,1,3,60,107,23.999999999999996,8.773623195235226,0,0,4,8,1.6,3.0833221524261907,0,1,21,30,7.5,11.33037105885471,0,0,1,1,0.3,12.746454746203307,0,0,1,2,0.4
4702801001,9.35645859816573,0,0,3,12,1.7999999999999998,38.39497641212706,0,0,0,0,0.0,12.911404990921259,0,0,1,2,0.4,56.33048661045975,0,0,0,0,0.0,46.809245634538705,0,0,0,0,0.0
4702901001,10.695706795861957,0,0,3,9,1.5,25.69405395809787,0,0,0,1,0.1,10.695706795861957,0,0,1,3,0.5,50.932023977139096,0,0,0,0,0.0,21.517455783958862,0,0,0,1,0.1
4703001001,0.0,1,1,8,18,4.1,12.274661720085799,0,0,2,2,0.6,12.196441428319535,0,0,2,3,0.7,45.68190709348548,0,0,0,0,0.0,42.62989922508459,0,0,0,0,0.0
4703101001,4.658221530927399,0,2,9,32,5.6,4.693972490088174,0,1,1,3,0.8,7.5020449420904685,0,0,2,4,0.8,48.367647387230626,0,0,0,0,0.0,4.658221530927399,0,1,1,1,0.6
4703201001,4.681943010728279,0,2,17,113,15.3,13.244366515323923,0,0,1,8,1.0,6.611641973692279,0,0,3,33,3.9,26.723459920339504,0,0,0,1,0.1,24.99382837737186,0,0,0,1,0.1
4703301001,8.724393024730956,0,0,4,16,2.4000000000000004,6.882305548328811,0,0,1,2,0.4,10.114400803714645,0,0,1,4,0.6000000000000001,39.80044801383128,0,0,0,0,0.0,40.83664597065531,0,0,0,0,0.0
4703401001,12.017109395018881,0,0,1,14,1.6,21.39894641555969,0,0,0,1,0.1,18.886347735595397,0,0,0,2,0.2,38.32079571415285,0,0,0,0,0.0,39.5704436135742,0,0,0,0,0.0
4703501001,0.0,2,2,6,24,5.0,15.94274678624246,0,0,0,1,0.1,19.171783205831343,0,0,0,2,0.2,55.368087115320016,0,0,0,0,0.0,16.408063236896197,0,0,0,1,0.1
4703601001,6.16591453021472,0,0,4,14,2.2,13.342859106128303,0,0,1,2,0.4,12.861697227923072,0,0,1,4,0.6000000000000001,42.460051537856344,0,0,0,0,0.0,25.72235161047047,0,0,0,1,0.1
4703701001,7.609862035712929,0,0,7,24,3.8000000000000003,18.90915155510102,0,0,0,1,0.1,22.43728668795413,0,0,0,4,0.4,53.2827075290872,0,0,0,0,0.0,20.334923842180963,0,0,0,1,0.1
4703801001,13.395487390282723,0,0,4,21,2.9000000000000004,8.490961496376357,0,0,1,3,0.5,6.369371370770809,0,0,2,5,0.9,28.253754979671445,0,0,0,1,0.1,29.36942770697159,0,0,0,1,0.1
4703901001,6.863491630335602,0,0,2,58,6.2,21.02929744663418,0,0,0,5,0.5,22.42656316182282,0,0,0,14,1.4000000000000001,30.00513618568893,0,0,0,0,0.0,29.842646273094193,0,0,0,1,0.1
4704001001,4.128424788714203,0,1,3,10,1.9,33.57549753676316,0,0,0,0,0.0,12.726069992796111,0,0,1,3,0.5,53.51077419631485,0,0,0,0,0.0,47.43371923543898,0,0,0,0,0.0
4704101001,5.191364201034335,0,0,15,104,13.4,12.970030495064398,0,0,1,7,0.9000000000000001,13.591528676429611,0,0,3,29,3.5,18.7737095049631,0,0,0,1,0.1,15.31747966323744,0,0,0,2,0.2
4704201001,12.408560844988818,0,0,1,12,1.4000000000000001,18.521267092257837,0,0,0,1,0.1,17.868301251591276,0,0,0,5,0.5,41.69812663041071,0,0,0,0,0.0,23.208686655237365,0,0,0,1,0.1
4704301001,9.498551984410176,0,0,3,57,6.300000000000001,12.86365050729607,0,0,1,4,0.6000000000000001,11.634930950619392,0,0,1,17,1.9000000000000001,29.466762148515453,0,0,0,1,0.1,0.0,1,1,1,1,1.0
4704401001,3.886165838446545,0,1,62,116,24.300000000000004,10.634421297777179,0,0,5,6,1.6,9.815238061494451,0,0,20,31,7.1,11.917195074508049,0,0,1,1,0.3,12.06211196147669,0,0,1,1,0.3
4704501001,0.0,1,1,5,23,4.0,17.678525975623856,0,0,0,3,0.30000000000000004,12.346288110687963,0,0,1,4,0.6000000000000001,41.85031209362438,0,0,0,0,0.0,29.795767778241533,0,0,0,1,0.1
4704601001,4.08233352972881,0,1,3,10,1.9,33.66338877525727,0,0,0,0,0.0,11.89278211270822,0,0,1,2,0.4,55.72144479114826,0,0,0,0,0.0,41.37868905077665,0,0,0,0,0.0
4704701001,11.904665366173733,0,0,1,20,2.2,22.563318364751698,0,0,0,1,0.1,21.271321335896012,0,0,0,3,0.30000000000000004,36.49878517507355,0,0,0,0,0.0,37.59034000377558,0,0,0,0,0.0
4704801001,9.024419977138693,0,0,2,10,1.4,24.00722493059853,0,0,0,1,0.1,12.670434668694218,0,0,1,3,0.5,51.67352886875844,0,0,0,0,0.0,31.260123802741695,0,0,0,0,0.0
4704901001,4.706715210664783,0,1,8,27,4.6000000000000005,13.020299276205566,0,0,1,3,0.5,14.62178498112569,0,0,2,6,1.0,55.93569379025664,0,0,0,0,0.0,11.700510539894745,0,0,1,1,0.3
4705001001,3.0833221524261907,0,3,67,110,25.3,7.179109567449845,0,0,4,8,1.6,0.0,1,1,22,30,8.1,9.859539322361762,0,0,1,1,0.3,11.570600163225444,0,0,1,2,0.4
4705001002,0.0,1,2,43,106,20.2,11.234175474980237,0,0,2,8,1.2000000000000002,5.70451267511882,0,0,12,31,5.5,13.710413949257351,0,0,1,1,0.3,15.65215878985069,0,0,0,3,0.30000000000000004
4705001003,0.0,1,2,36,119,20.1,12.244741931643846,0,0,1,10,1.2,5.512349195780941,0,0,7,33,4.7,14.873098551991255,0,0,1,2,0.4,16.724049491410327,0,0,0,3,0.30000000000000004
4705101001,0.0,1,2,72,111,26.5,10.047052701064473,0,0,5,8,1.8,6.770270092233478,0,0,24,30,7.799999999999999,11.084549626820158,0,0,1,1,0.3,11.63286619431184,0,0,1,2,0.4
4705201001,0.0,2,3,83,121,30.400000000000002,5.957883203966996,0,0,6,8,1.9999999999999998,4.593295059688225,0,1,26,31,8.6,9.877929442479545,0,0,1,1,0.3,8.141781745708704,0,0,1,1,0.3
4705201002,1.5001474112776472,0,5,87,120,30.9,6.571525534504832,0,0,6,7,1.9,3.358339201953119,0,1,27,30,8.700000000000001,8.113275977022928,0,0,1,1,0.3,6.641663900669942,0,0,1,1,0.3
4705201003,0.0,1,7,86,121,31.799999999999997,5.5579681164652674,0,0,6,7,1.9,2.7955198603058506,0,5,27,30,9.9,6.835592081176688,0,0,1,1,0.3,5.5579681164652674,0,0,1,1,0.3
4705201004,2.1676088915527587,0,26,89,121,37.7,3.6322749009690942,0,4,6,7,3.1,0.28413355342508945,1,11,27,31,12.200000000000001,5.358399889631654,0,0,1,1,0.3,3.6322749009690942,0,1,1,1,0.6
4705201005,1.171685889605664,0,17,87,121,34.6,4.445581294463972,0,1,6,7,2.2,1.7050492568335844,0,7,27,30,10.5,5.855200280733796,0,0,1,1,0.3,4.445581294463972,0,1,1,1,0.6
4705201006,2.3989246162007705,0,28,89,118,38.0,3.5484866931723413,0,4,6,7,3.1,0.0,1,11,27,31,12.200000000000001,5.332906908270833,0,0,1,1,0.3,3.5484866931723413,0,1,1,1,0.6
4705301001,3.8133908853295275,0,2,14,71,10.5,13.452771687049268,0,0,1,7,0.9000000000000001,6.163987471673092,0,0,4,21,2.9000000000000004,31.107311989475154,0,0,0,0,0.0,24.789152053061162,0,0,0,2,0.2
4705401001,0.0,1,1,5,35,5.2,15.092223795961987,0,0,0,3,0.30000000000000004,15.092223795961987,0,0,0,7,0.7000000000000001,35.5311355987603,0,0,0,0,0.0,34.40448022301326,0,0,0,0,0.0
4705501001,2.988380496505588,0,1,13,120,14.9,14.567737025614116,0,0,1,10,1.2,7.447603115520076,0,0,1,34,3.6,17.24158311868178,0,0,0,2,0.2,19.00282226090449,0,0,0,3,0.30000000000000004
4705601001,8.49895503507522,0,0,5,14,2.4,12.450752485691936,0,0,1,1,0.3,9.034851877297431,0,0,2,3,0.7,30.378694665335875,0,0,0,0,0.0,31.627744752889928,0,0,0,0,0.0
4705701001,6.470002556852832,0,0,12,117,14.1,16.338768729060195,0,0,0,9,0.9,11.660573404800674,0,0,2,33,3.7,21.151688052031695,0,0,0,2,0.2,17.136836839239486,0,0,0,3,0.30000000000000004
4705801001,7.2904468644604785,0,0,4,13,2.1,22.510055330336904,0,0,0,1,0.1,7.2904468644604785,0,0,1,3,0.5,45.08918703563752,0,0,0,0,0.0,32.2371185850536,0,0,0,0,0.0
4705901001,6.80931568590283,0,0,3,13,1.9,7.9396036443708695,0,0,1,1,0.3,5.322646743624655,0,0,1,2,0.4,34.62205692294057,0,0,0,0,0.0,35.84722508915027,0,0,0,0,0.0
4706001001,8.175164524978948,0,0,1,13,1.5000000000000002,20.499355075040096,0,0,0,1,0.1,15.57182695513874,0,0,0,2,0.2,34.48150453315017,0,0,0,0,0.0,35.73051988118779,0,0,0,0,0.0
4706101001,0.0,1,1,3,52,6.5,24.34799221241611,0,0,0,4,0.4,20.311513323119527,0,0,0,9,0.9,29.84367198719571,0,0,0,1,0.1,29.246800041339146,0,0,0,1,0.1
4706201001,15.737098037173197,0,0,0,15,1.5,21.371921045868266,0,0,0,1,0.1,19.413154569411766,0,0,0,2,0.2,39.13453961745292,0,0,0,0,0.0,40.78382893932576,0,0,0,0,0.0
4706301001,6.037185858456574,0,0,5,19,2.9000000000000004,6.8300393105948585,0,0,1,2,0.4,10.417851052954745,0,0,1,4,0.6000000000000001,42.1939573347666,0,0,0,0,0.0,43.26967052207573,0,0,0,0,0.0
4706401001,6.429651796571831,0,0,2,11,1.5,34.938744671551206,0,0,0,0,0.0,6.429651796571831,0,0,1,3,0.5,47.91678118707572,0,0,0,0,0.0,44.514635399645115,0,0,0,0,0.0
4706501001,0.0,1,1,6,25,4.4,21.05915646076848,0,0,0,1,0.1,24.374408964166797,0,0,0,2,0.2,50.09186431268846,0,0,0,0,0.0,21.67228792949375,0,0,0,1,0.1
4706601001,0.0,2,2,79,105,27.7,5.034847509998739,0,0,5,8,1.8,5.745255502812724,0,0,25,29,7.9,6.8564652818121665,0,0,1,1,0.3,8.829176685064683,0,0,1,2,0.4
4706701001,8.013165700975183,0,0,7,27,4.1,14.776776120821856,0,0,1,4,0.6000000000000001,15.636786032034298,0,0,0,6,0.6000000000000001,56.4110722880728,0,0,0,0,0.0,12.990413527301325,0,0,1,1,0.3
4706801001,6.682312917260485,0,0,6,38,5.0,8.787746918462611,0,0,2,5,0.9,8.738787617111418,0,0,4,11,1.9,45.49216105686993,0,0,0,0,0.0,12.11919560134534,0,0,1,2,0.4
4706901001,7.756044896120279,0,0,3,56,6.200000000000001,12.098279634644594,0,0,1,4,0.6000000000000001,10.102868582022252,0,0,1,13,1.5000000000000002,30.613007422331638,0,0,0,0,0.0,16.76357508657295,0,0,0,1,0.1
4707001001,5.083275949313783,0,0,3,11,1.7,20.73447436801959,0,0,0,1,0.1,8.848961204737648,0,0,1,3,0.5,37.81364922186126,0,0,0,0,0.0,32.38008686048581,0,0,0,0,0.0
4707101001,4.301310444996458,0,1,51,118,22.3,10.479379802544747,0,0,3,7,1.2999999999999998,8.302069106506345,0,0,13,33,5.9,15.522695596522667,0,0,0,1,0.1,15.038663209721175,0,0,0,2,0.2
4707301001,6.6749392001811785,0,0,3,12,1.7999999999999998,29.53910843772032,0,0,0,1,0.1,6.6749392001811785,0,0,1,2,0.4,38.15809517453571,0,0,0,0,0.0,34.90012291007253,0,0,0,0,0.0
4707401001,7.0081052996665365,0,0,14,66,9.4,7.065693676614525,0,0,1,6,0.8,5.511064528530048,0,0,3,17,2.3,32.655701214641496,0,0,0,0,0.0,19.52031446241944,0,0,0,2,0.2
4707501001,0.0,2,3,12,57,9.8,10.73257906747137,0,0,1,5,0.7,5.734329720049296,0,0,5,14,2.4,34.20147330291423,0,0,0,0,0.0,21.058315763609958,0,0,0,1,0.1
4707501002,2.1165532204273094,0,4,12,48,8.4,8.168469630884978,0,0,1,4,0.6000000000000001,2.1165532204273094,0,2,5,11,2.6999999999999997,37.90988616601748,0,0,0,0,0.0,16.70971942165405,0,0,0,1,0.1
4707502001,5.877060016806357,0,0,8,40,5.6,11.782686468539797,0,0,1,4,0.6000000000000001,0.0,1,1,2,12,2.3,40.592787646528265,0,0,0,0,0.0,15.132964003875122,0,0,0,1,0.1
4707502002,2.9456394650097812,0,2,13,49,8.1,12.969560487183305,0,0,1,5,0.7,5.124369538376269,0,0,4,11,1.9,36.186166562130765,0,0,0,0,0.0,20.257162410834052,0,0,0,1,0.1
4707601001,0.0,5,14,90,118,36.0,0.6053258515307889,1,1,6,8,2.7,0.5243977308353478,2,3,26,31,10.0,7.4151938536579225,0,0,1,1,0.3,5.483789505318136,0,0,1,1,0.3
4707601002,0.5247635257764124,4,11,90,121,35.0,0.0,1,1,6,8,2.7,0.8264279478625788,1,4,26,33,10.099999999999998,8.01951302723855,0,0,1,1,0.3,6.089093666979025,0,0,1,1,0.3
4707601003,0.0,3,11,90,119,34.4,0.5247635257764124,1,1,6,8,2.7,1.0515487329383597,0,4,26,33,9.7,7.80101014733093,0,0,1,1,0.3,5.844731207427542,0,0,1,1,0.3
4707601004,0.1732185506425887,5,14,90,118,36.0,0.9679225783222266,1,1,6,8,2.7,0.4339197712025793,2,5,26,31,10.6,7.066965491238655,0,0,1,1,0.3,5.151628486217751,0,0,1,1,0.3
4707601005,0.0,4,16,90,118,36.199999999999996,1.1390242257198961,0,3,6,8,2.9,0.4776588532290558,2,6,26,31,10.9,6.8937837831904965,0,0,1,1,0.3,4.9793793639755295,0,1,1,1,0.6
4707601006,2.044068345721174,0,10,88,120,32.6,2.4702024237120876,0,1,6,8,2.3000000000000003,2.510969583042421,0,2,26,33,9.099999999999998,9.478278838224352,0,0,1,1,0.3,7.717560874087932,0,0,1,1,0.3
4707601007,0.4776588532290558,4,17,90,118,36.5,1.4786663496395307,0,3,6,7,2.8,0.0,2,7,26,31,11.2,6.6832792748079095,0,0,1,1,0.3,4.813091520074709,0,1,1,1,0.6
4707601008,0.0,4,16,90,120,36.4,1.01026995750184,0,1,6,8,2.3000000000000003,0.19341011382350828,2,5,26,31,10.6,7.186286594557816,0,0,1,1,0.3,5.304833352590097,0,0,1,1,0.3
4707601009,0.0,1,18,89,120,35.6,1.7514807807114894,0,1,6,8,2.3000000000000003,1.0981843372806825,0,5,26,31,9.8,7.438004043062164,0,0,1,1,0.3,5.677273321761368,0,0,1,1,0.3
4707601010,1.8108635064028422,0,11,86,120,32.5,2.3918616364304857,0,1,6,8,2.3000000000000003,3.064727884972258,0,4,26,33,9.7,8.869293629530796,0,0,1,1,0.3,6.89472050886495,0,0,1,1,0.3
4707601011,0.1608890542074881,4,14,90,118,35.599999999999994,1.073163041614662,0,2,6,8,2.6,0.41455308644580796,2,5,26,31,10.6,6.99260773251483,0,0,1,1,0.3,5.089138991025869,0,0,1,1,0.3
4707601012,0.0,4,15,90,120,36.1,0.8264279478625788,1,1,6,8,2.7,0.0,2,5,26,31,10.6,7.367939339508227,0,0,1,1,0.3,5.4791924399136525,0,0,1,1,0.3
4707601013,0.15202385625533976,5,15,90,120,36.5,0.7309536722545217,1,1,6,8,2.7,0.15202385625533976,2,4,26,31,10.3,7.378088384425389,0,0,1,1,0.3,5.475613414967089,0,0,1,1,0.3
4707601014,0.28394664985387896,5,14,90,118,36.0,1.018331044442286,0,1,6,8,2.3000000000000003,0.68055044260917,2,5,26,31,10.6,7.006720354299426,0,0,1,1,0.3,5.071469741552999,0,0,1,1,0.3
4707601015,0.34498765265179576,5,13,90,120,35.9,0.4097600044035706,1,1,6,8,2.7,0.421286839394739,1,3,26,31,9.6,7.667308226767521,0,0,1,1,0.3,5.752336702460168,0,0,1,1,0.3
4707601016,1.4906739229759194,0,9,86,120,31.9,1.7519822382272134,0,1,6,8,2.3000000000000003,2.4126625784921143,0,3,26,33,9.399999999999999,9.75640360560705,0,0,1,1,0.3,7.83656294392757,0,0,1,1,0.3
4707601017,0.0,2,9,87,121,33.0,0.6952200448847439,1,1,6,8,2.7,1.5127028323737255,0,4,26,33,9.7,8.495421186763032,0,0,1,1,0.3,6.5381116725870605,0,0,1,1,0.3
4707601018,0.21017039522836345,4,16,90,118,36.199999999999996,1.186164513578538,0,3,6,8,2.9,0.6431675881438246,2,6,26,31,10.9,6.834187711316449,0,0,1,1,0.3,4.903538723010822,0,1,1,1,0.6
4707701001,6.685406758132215,0,0,6,22,3.4,10.462895704165447,0,0,1,3,0.5,13.200542430046495,0,0,1,4,0.6000000000000001,42.59274689477071,0,0,0,0,0.0,41.65880796766776,0,0,0,0,0.0
4707801001,10.928513584910228,0,0,5,25,3.5,16.770858392340894,0,0,0,4,0.4,16.972633278106862,0,0,0,6,0.6000000000000001,56.72820691483435,0,0,0,0,0.0,14.683013998425345,0,0,1,1,0.3
4707901001,6.890934706680456,0,0,7,45,5.9,7.118279582404352,0,0,2,5,0.9,6.890934706680456,0,0,4,12,2.0,43.23823729382608,0,0,0,0,0.0,11.909539389404445,0,0,1,2,0.4
4708001001,3.366280459489741,0,2,5,19,3.5,7.938708241263571,0,0,1,2,0.4,9.908044032181142,0,0,1,4,0.6000000000000001,43.626263928209255,0,0,0,0,0.0,43.720168858881145,0,0,0,0,0.0
4708101001,6.424512962085338,0,0,4,23,3.1,13.70909321514209,0,0,1,2,0.4,11.066599117059681,0,0,1,5,0.7,35.40911833878427,0,0,0,0,0.0,20.978226022704913,0,0,0,1,0.1
4708201001,0.0,2,2,15,119,16.3,13.686203507518606,0,0,1,9,1.1,10.595016765879837,0,0,2,35,3.9000000000000004,27.04499796035409,0,0,0,1,0.1,19.700056039352834,0,0,0,2,0.2
4708301001,3.657443523554325,0,2,12,110,14.0,3.657443523554325,0,1,1,7,1.2000000000000002,4.043727790147399,0,1,2,30,3.7,22.35010565002774,0,0,0,1,0.1,21.843210454427567,0,0,0,3,0.30000000000000004
4708401001,0.0,1,1,3,12,2.5,36.478805348253935,0,0,0,0,0.0,15.949207210523815,0,0,0,3,0.30000000000000004,50.31002665535033,0,0,0,0,0.0,50.54870091045211,0,0,0,0,0.0
4708501001,0.0,2,5,10,37,8.0,4.231721957823663,0,1,1,3,0.8,0.4402864907921091,2,2,2,7,2.5,41.04716456165061,0,0,0,0,0.0,3.4771934008843894,0,1,1,1,0.6
4708501002,0.5498123432104338,2,5,10,37,8.0,4.029109623312243,0,1,1,3,0.8,0.6732407841273317,2,2,2,7,2.5,41.58704174567521,0,0,0,0,0.0,3.0089768112158874,0,1,1,1,0.6
4708501003,0.0,2,4,10,35,7.5,2.470802757952952,0,1,1,3,0.8,3.0211653490246255,0,2,2,6,1.6,44.36418137579701,0,0,0,0,0.0,0.0,1,1,1,1,1.0
4708501004,0.2946590955140209,2,5,10,37,8.0,4.138889465643451,0,1,1,3,0.8,0.5288394561754423,2,2,2,7,2.5,41.330710382504854,0,0,0,0,0.0,3.237150128533784,0,1,1,1,0.6
4708501005,4.508343256294659,0,3,8,37,6.2,6.891823062769219,0,0,1,5,0.7,5.000081465072356,0,0,2,7,1.1,44.49492643281621,0,0,0,0,0.0,4.508343256294659,0,1,1,1,0.6
4708501006,1.8936119231102324,0,4,8,36,6.4,4.197939865551223,0,1,1,3,0.8,2.92541086502206,0,2,2,7,1.7,43.93454243442378,0,0,0,0,0.0,1.8936119231102324,0,1,1,1,0.6
4708502001,2.2454557315057553,0,5,11,36,7.3,1.823429962559937,0,1,1,3,0.8,2.7772848456521695,0,2,2,6,1.6,41.855925561124856,0,0,0,0,0.0,3.505288261398284,0,1,1,1,0.6
4708502002,0.29322963818444825,2,5,10,37,8.0,3.8210905147563006,0,1,1,3,0.8,0.0,2,2,2,7,2.5,41.171169316299626,0,0,0,0,0.0,3.249934232235022,0,1,1,1,0.6
4708502003,0.0,2,5,10,37,8.0,3.528242143746434,0,1,1,3,0.8,0.0,2,2,2,7,2.5,41.36707989233748,0,0,0,0,0.0,3.0211653490246255,0,1,1,1,0.6
4708502004,2.470802757952952,0,5,11,35,7.2,0.0,1,1,1,3,1.2,3.528242143746434,0,2,2,6,1.6,43.67507578057994,0,0,0,0,0.0,2.470802757952952,0,1,1,1,0.6
4708503001,5.084729851218148,0,0,10,39,5.9,8.503825686534663,0,0,1,5,0.7,5.476076991426653,0,0,3,8,1.4,42.42421160459228,0,0,0,0,0.0,6.445853136724259,0,0,1,1,0.3
4708503002,3.274811552382079,0,3,14,45,8.2,7.125159703613559,0,0,1,3,0.5,3.533697042922475,0,2,2,9,1.9,37.92561054717837,0,0,0,0,0.0,6.751584755089034,0,0,1,1,0.3
4708503003,0.0,1,3,11,37,7.199999999999999,3.9977719003644663,0,1,1,3,0.8,3.9600171893997103,0,2,2,6,1.6,39.84243551610671,0,0,0,0,0.0,5.664437020760899,0,0,1,1,0.3
4708503004,0.0,1,1,14,55,9.0,9.44097796773314,0,0,1,4,0.6000000000000001,6.898628894150786,0,0,2,13,1.7000000000000002,34.357815476456125,0,0,0,0,0.0,10.022547228177412,0,0,1,1,0.3
4708601001,7.211727999045969,0,0,3,38,4.4,0.0,1,1,1,2,1.1,7.211727999045969,0,0,1,9,1.1,30.352425885247303,0,0,0,0,0.0,12.86365050729607,0,0,1,1,0.3
4708601002,0.0,1,3,3,16,3.5,7.211727999045969,0,0,1,1,0.3,0.0,1,1,1,3,1.2,35.99979842756035,0,0,0,0,0.0,11.634930950619392,0,0,1,1,0.3
4708602001,2.828850202073581,0,2,3,13,2.5,6.589330230584168,0,0,1,1,0.3,2.828850202073581,0,1,1,2,0.7,36.63243015918637,0,0,0,0,0.0,14.124564531781143,0,0,1,1,0.3
4708602002,0.0,1,2,3,13,2.9000000000000004,9.822754918701254,0,0,1,1,0.3,4.567040888383228,0,1,1,3,0.8,39.85760616854962,0,0,0,0,0.0,16.110948847789434,0,0,0,1,0.1
4708701001,4.582034308485755,0,3,15,97,13.600000000000001,10.522615234036486,0,0,1,8,1.0,5.5047605746144965,0,0,5,29,3.9000000000000004,29.93387859199343,0,0,0,1,0.1,24.709480525011895,0,0,0,2,0.2
4708801001,12.02879563993438,0,0,2,11,1.5,45.99802591363842,0,0,0,0,0.0,18.240985420714,0,0,0,2,0.2,50.414483076272056,0,0,0,0,0.0,52.64066071463756,0,0,0,0,0.0
4708901001,7.3589182865151,0,0,2,9,1.3,47.75031525350229,0,0,0,0,0.0,17.910712475211753,0,0,0,2,0.2,51.08685223035727,0,0,0,0,0.0,52.86334638094261,0,0,0,0,0.0
4709001001,5.000246758782982,0,0,22,121,16.5,12.853201362510545,0,0,1,9,1.1,5.000246758782982,0,0,4,35,4.3,24.098211777495404,0,0,0,1,0.1,22.152083194661657,0,0,0,2,0.2
4709001002,0.0,2,3,19,122,17.700000000000003,10.510529820718316,0,0,1,10,1.2,0.0,1,1,5,36,5.300000000000001,26.572012606357948,0,0,0,1,0.1,24.591333641441203,0,0,0,3,0.30000000000000004
4709101001,11.329709575968197,0,0,1,9,1.1,47.32588645631903,0,0,0,0,0.0,20.8066561484299,0,0,0,4,0.4,47.68566813618745,0,0,0,0,0.0,49.964953588183384,0,0,0,0,0.0
4709201001,11.609129178210747,0,0,3,38,4.4,6.788571243924083,0,0,1,2,0.4,13.041257513894426,0,0,1,7,0.9000000000000001,30.54217734949973,0,0,0,0,0.0,19.353369640288022,0,0,0,2,0.2
4709301001,0.0,1,1,11,102,13.1,13.506729512203398,0,0,1,9,1.1,12.962228849235375,0,0,2,31,3.5000000000000004,28.060874294127434,0,0,0,1,0.1,26.608418283902505,0,0,0,1,0.1
4709401001,9.23412257151241,0,0,3,11,1.7,16.937405158939082,0,0,0,1,0.1,13.741560855314619,0,0,2,2,0.6,46.64569729485728,0,0,0,0,0.0,25.342757024967856,0,0,0,1,0.1
4709501001,8.52413496887805,0,0,10,42,6.2,12.140972522731039,0,0,2,5,0.9,8.943967411727906,0,0,3,11,1.7,42.20010429008831,0,0,0,0,0.0,10.067409842368527,0,0,1,2,0.4
4709601001,6.544839068816007,0,0,3,9,1.5,17.048432783319633,0,0,0,1,0.1,9.883292321251917,0,0,1,2,0.4,43.72123516253436,0,0,0,0,0.0,15.1251756989509,0,0,0,1,0.1
4709701001,0.0,1,1,3,21,3.4000000000000004,19.258068321132075,0,0,0,2,0.2,16.85219550356428,0,0,0,6,0.6000000000000001,37.65189236184605,0,0,0,0,0.0,17.490338852157954,0,0,0,1,0.1
4709801001,3.7658789566290283,0,1,57,104,22.1,10.759984082835485,0,0,4,7,1.5,7.668030590678069,0,0,19,31,6.9,12.808516817913862,0,0,1,1,0.3,14.785715814301465,0,0,1,3,0.5
4709901001,10.95029334509029,0,0,4,88,9.6,8.256811967260417,0,0,1,7,0.9000000000000001,12.783117757749901,0,0,1,27,2.9,23.232252836059033,0,0,0,1,0.1,9.500955875684115,0,0,1,2,0.4
4710001001,9.049123943926942,0,0,2,24,2.8000000000000003,13.319216245673486,0,0,2,5,0.9,13.319216245673486,0,0,1,8,1.0,55.36795271498457,0,0,0,0,0.0,19.433842334841742,0,0,0,2,0.2
4710101001,4.0017712958691325,0,1,9,31,5.2,10.037598070654832,0,0,1,2,0.4,12.704333190354342,0,0,2,5,0.9,44.04127427184164,0,0,0,0,0.0,12.477304027352705,0,0,1,1,0.3
4710101002,0.0,1,1,5,33,5.0,13.972610547424912,0,0,1,3,0.5,16.43807094729799,0,0,0,6,0.6000000000000001,43.96176723012546,0,0,0,0,0.0,16.429356563199914,0,0,0,1,0.1
4710201001,7.223481417015416,0,0,10,28,4.8,10.835907194374663,0,0,1,1,0.3,14.358321967300531,0,0,2,4,0.8,52.06356100357282,0,0,0,0,0.0,12.224084352465681,0,0,1,1,0.3
4710301001,5.21255491617985,0,0,3,54,6.0,19.367560088614628,0,0,0,5,0.5,20.54387175794349,0,0,0,15,1.5,30.41384160182559,0,0,0,0,0.0,29.933630888888995,0,0,0,1,0.1
4710401001,9.338190271669701,0,0,11,49,7.1,3.9690818145691553,0,1,1,6,1.1,0.0,1,1,3,12,2.5,37.69095527647242,0,0,0,0,0.0,20.433338017177363,0,0,0,2,0.2
4710401002,6.052215701211218,0,0,11,59,8.100000000000001,0.0,1,1,1,6,1.5,3.9690818145691553,0,1,4,13,2.4,36.71097511735165,0,0,0,0,0.0,19.026291837640454,0,0,0,2,0.2
4710402001,0.0,2,2,3,36,5.6,11.872091068216905,0,0,1,5,0.7,9.338190271669701,0,0,1,11,1.3,46.81905901279091,0,0,0,0,0.0,17.213560966084216,0,0,0,2,0.2
4710402002,7.5429031815306145,0,0,10,48,6.800000000000001,8.60817585868289,0,0,1,5,0.7,4.650412313923234,0,1,4,13,2.4,39.74844314438143,0,0,0,0,0.0,16.09802616884832,0,0,0,2,0.2
4710501001,8.751099779345761,0,0,13,113,13.9,12.572838933520723,0,0,1,7,0.9000000000000001,14.212769846580786,0,0,1,30,3.2,18.08780503621058,0,0,0,1,0.1,18.09634830747484,0,0,0,1,0.1
4710601001,11.692728979517327,0,0,2,15,1.9,6.0605826189886525,0,0,1,2,0.4,5.215043030013845,0,0,1,5,0.7,31.17430308989395,0,0,0,0,0.0,32.267157447367474,0,0,0,0,0.0
4710901001,6.24307298941005,0,0,3,10,1.6,16.06344791360499,0,0,0,1,0.1,9.99767029778702,0,0,1,3,0.5,45.92293904078368,0,0,0,0,0.0,20.34495499728315,0,0,0,1,0.1
4711001001,0.0,1,1,16,119,15.8,6.37243979747265,0,0,1,8,1.0,5.7982627807803135,0,0,3,34,4.0,20.717098807807275,0,0,0,1,0.1,19.192377327496775,0,0,0,1,0.1
4711101001,0.0,1,1,30,125,19.2,11.2292344145705,0,0,1,9,1.1,7.104120676003257,0,0,7,36,5.0,19.212276615379583,0,0,0,1,0.1,17.248337373516694,0,0,0,2,0.2
4711201001,0.0,1,4,12,59,9.899999999999999,6.443156972567557,0,0,1,5,0.7,3.266202294398755,0,1,5,16,2.9,34.140218215739516,0,0,0,0,0.0,20.261247838396212,0,0,0,1,0.1
4711201002,0.0,1,2,10,49,7.9,6.052215701211218,0,0,1,5,0.7,0.0,1,1,5,13,3.0,37.402212570714255,0,0,0,0,0.0,16.996406434609273,0,0,0,1,0.1
4711301001,7.006023481076149,0,0,3,17,2.3,15.448520740161806,0,0,0,2,0.2,14.707187641478265,0,0,1,4,0.6000000000000001,42.29125417700715,0,0,0,0,0.0,28.337194650581463,0,0,0,1,0.1
4711401001,2.948409674817426,0,2,2,14,2.4000000000000004,6.215716113880353,0,0,1,2,0.4,5.525202673569307,0,0,1,4,0.6000000000000001,37.978377315548855,0,0,0,0,0.0,39.18661842202811,0,0,0,0,0.0
4711401002,7.046036045737067,0,0,2,12,1.6,3.5911108847605107,0,1,1,2,0.7,0.0,1,1,1,4,1.3,33.79814780328258,0,0,0,0,0.0,34.96565380052327,0,0,0,0,0.0
4711402001,6.08441261813494,0,0,3,13,1.9,0.0,1,1,1,2,1.1,3.5911108847605107,0,1,1,4,0.9,36.64929785037953,0,0,0,0,0.0,37.78555930844779,0,0,0,0,0.0
4711402002,0.0,2,2,3,14,3.4,6.08441261813494,0,0,1,2,0.4,7.046036045737067,0,0,1,4,0.6000000000000001,40.47488283508313,0,0,0,0,0.0,41.668110043486365,0,0,0,0,0.0
4711501001,8.09627006251716,0,0,4,91,9.9,14.516897558599734,0,0,1,7,0.9000000000000001,16.68542699513897,0,0,0,28,2.8000000000000003,22.12713491623797,0,0,0,1,0.1,7.38869945345777,0,0,1,2,0.4
4711601001,7.388062135469032,0,0,3,13,1.9,13.106566597576563,0,0,1,1,0.3,12.653558516022176,0,0,1,3,0.5,43.04159053762397,0,0,0,0,0.0,42.968056932941124,0,0,0,0,0.0
4711701001,5.549632441018705,0,0,4,95,10.299999999999999,19.70351734677819,0,0,0,7,0.7000000000000001,21.24664486075745,0,0,0,28,2.8000000000000003,25.586284517141415,0,0,0,1,0.1,25.78363345549408,0,0,0,2,0.2
4711801001,9.472776412737309,0,0,2,13,1.7000000000000002,13.940572650731125,0,0,1,1,0.3,12.31286452363794,0,0,1,2,0.4,39.652130618347044,0,0,0,0,0.0,40.905866313982465,0,0,0,0,0.0
4711901001,12.144459175170148,0,0,3,14,2.0,15.868205418991819,0,0,0,1,0.1,13.657444526150538,0,0,1,2,0.4,37.96156012335697,0,0,0,0,0.0,39.22025154930545,0,0,0,0,0.0
4712101001,7.91617647713094,0,0,4,34,4.2,15.059065206884165,0,0,0,3,0.30000000000000004,13.394511911798176,0,0,1,6,0.8,40.932009253279986,0,0,0,0,0.0,23.262642301284394,0,0,0,1,0.1
4712201001,4.649699164206651,0,2,20,117,16.3,10.113595061367226,0,0,1,8,1.0,4.649699164206651,0,1,4,34,4.5,22.487469774490016,0,0,0,1,0.1,20.68504778724387,0,0,0,1,0.1
4712202001,0.0,2,3,17,118,16.900000000000002,14.244443035709368,0,0,1,8,1.0,0.0,1,1,5,34,5.1000000000000005,24.98146225321187,0,0,0,1,0.1,23.063929681542042,0,0,0,1,0.1
4712301001,5.413292543874377,0,0,12,45,6.9,11.391067392601686,0,0,2,4,0.8,7.5759586255446605,0,0,3,10,1.6,37.341473688180656,0,0,0,0,0.0,10.172919771120423,0,0,1,1,0.3
4712401001,0.0,1,1,16,72,11.100000000000001,13.633863867807044,0,0,1,5,0.7,10.133667903048229,0,0,3,21,2.7,32.121672859432486,0,0,0,0,0.0,13.327723082505793,0,0,1,1,0.3
4712501001,12.165629540829846,0,0,3,9,1.5,24.49389573449689,0,0,0,1,0.1,12.165629540829846,0,0,1,2,0.4,47.70807841785413,0,0,0,0,0.0,18.266799048194102,0,0,0,1,0.1
4712601001,7.19800146556576,0,0,6,29,4.1,11.54072208782235,0,0,3,5,1.0999999999999999,11.54072208782235,0,0,4,11,1.9,52.301075885175806,0,0,0,0,0.0,11.54072208782235,0,0,1,2,0.4
4712701001,7.488366302651981,0,0,5,21,3.1,13.050905521402541,0,0,1,3,0.5,14.533294254409759,0,0,1,5,0.7,39.568031062228954,0,0,0,0,0.0,38.86224997777402,0,0,0,0,0.0
4712801001,4.058773245854471,0,1,1,22,2.7,18.274193235884443,0,0,0,1,0.1,9.68285682943593,0,0,1,5,0.7,60.44014011007978,0,0,0,0,0.0,42.38292554556162,0,0,0,0,0.0
4712901001,0.0,1,1,3,36,4.9,19.2568980913035,0,0,0,3,0.30000000000000004,20.09448718745794,0,0,0,9,0.9,32.04476313705545,0,0,0,0,0.0,31.26105334470104,0,0,0,0,0.0
4713001001,8.9482105547509,0,0,7,111,12.5,15.353319680575439,0,0,0,8,0.8,13.334354128456205,0,0,3,31,3.7,19.047867724883933,0,0,0,2,0.2,13.334354128456205,0,0,1,3,0.5
4713101001,12.801921729977217,0,0,3,13,1.9,6.71815786283945,0,0,1,2,0.4,7.700641673557585,0,0,1,4,0.6000000000000001,33.34003942568547,0,0,0,0,0.0,34.37244636847166,0,0,0,0,0.0
4713201001,5.156833852693159,0,0,7,37,5.1,15.397661739276803,0,0,0,5,0.5,11.808478026478356,0,0,3,10,1.6,46.94843045038907,0,0,0,0,0.0,14.000795009003395,0,0,1,2,0.4
4713301001,0.0,1,3,78,117,28.6,8.471842595904473,0,0,6,6,1.7999999999999998,6.680759207529846,0,0,27,29,8.299999999999999,8.929812185293613,0,0,1,1,0.3,8.65319685649057,0,0,1,1,0.3
4713301002,0.0,1,4,83,117,29.9,6.603489455402286,0,0,6,6,1.7999999999999998,4.7867427317193885,0,2,27,30,9.0,7.0516535291824605,0,0,1,1,0.3,6.603489455402286,0,0,1,1,0.3
4713401001,8.339781519593,0,0,4,23,3.1,17.349999531698767,0,0,0,1,0.1,4.696661671139133,0,1,1,6,1.1,60.47807088275932,0,0,0,0,0.0,47.11015470224934,0,0,0,0,0.0
4713501001,5.3564879174364775,0,0,38,109,18.5,11.662370215090748,0,0,2,8,1.2000000000000002,10.04320762117666,0,0,12,29,5.3,15.557365553902601,0,0,0,1,0.1,15.625213925795869,0,0,0,2,0.2
4713701001,8.689184114228242,0,0,3,13,1.9,11.070018856969464,0,0,1,1,0.3,8.544585541018035,0,0,1,2,0.4,35.23529060690049,0,0,0,0,0.0,36.48144472550261,0,0,0,0,0.0
4713801001,7.921382750226552,0,0,7,30,4.4,9.98476438506952,0,0,1,4,0.6000000000000001,10.385789461469667,0,0,2,5,0.9,51.10619613598868,0,0,0,0,0.0,7.921382750226552,0,0,1,1,0.3
4713901001,0.0,2,2,15,47,9.100000000000001,12.388834464968332,0,0,2,4,0.8,12.389833041449172,0,0,4,10,1.8,34.94426649141113,0,0,0,0,0.0,14.455141038440859,0,0,1,1,0.3
4714001001,9.03951509218007,0,0,2,9,1.3,44.143466966416106,0,0,0,0,0.0,18.48856518070236,0,0,0,4,0.4,50.468974918564776,0,0,0,0,0.0,52.16846972930294,0,0,0,0,0.0
4714101001,9.023317331470388,0,0,2,23,2.7,15.660187457888993,0,0,0,5,0.5,15.660187457888993,0,0,0,7,0.7000000000000001,57.54985876685156,0,0,0,0,0.0,17.130427375336755,0,0,0,2,0.2
4714201001,6.148347183964369,0,0,2,18,2.2,21.320516689696277,0,0,0,3,0.30000000000000004,19.43793413907069,0,0,0,5,0.5,35.115088144296045,0,0,0,0,0.0,11.54016995299104,0,0,1,1,0.3
4714301001,7.749924837849714,0,0,5,14,2.4,14.734901438341753,0,0,1,1,0.3,11.579018908107178,0,0,2,3,0.7,32.112805623068645,0,0,0,0,0.0,33.37086677331312,0,0,0,0,0.0
4714401001,5.640816807600888,0,0,12,121,14.5,17.59023448280976,0,0,0,9,0.9,13.259814064597846,0,0,1,33,3.5,19.616766835568058,0,0,0,2,0.2,20.357490347131588,0,0,0,2,0.2
4714501001,0.0,2,2,16,56,10.2,14.061364911565148,0,0,1,6,0.8,9.121588852448918,0,0,4,18,2.6,31.3852776374176,0,0,0,0,0.0,28.61815216944069,0,0,0,2,0.2
4714601001,1.9525958301269368,0,2,16,114,15.200000000000001,7.028066417783268,0,0,1,8,1.0,1.9525958301269368,0,1,2,33,4.0,21.48772871270495,0,0,0,1,0.1,20.57984281117589,0,0,0,3,0.30000000000000004
4714701001,3.3464431129974566,0,1,4,26,3.7,12.36180826919617,0,0,2,5,0.9,12.36180826919617,0,0,1,10,1.2,55.134191848415036,0,0,0,0,0.0,19.623956790577736,0,0,0,2,0.2
4714801001,10.649608148717416,0,0,2,15,1.9,24.466825869190043,0,0,0,1,0.1,10.649608148717416,0,0,1,3,0.5,43.5261867551512,0,0,0,0,0.0,24.122188821424317,0,0,0,1,0.1
4714901001,3.8518312715346004,0,1,4,90,10.1,18.14609601464826,0,0,0,7,0.7000000000000001,17.53474066928226,0,0,0,28,2.8000000000000003,25.255188190966635,0,0,0,1,0.1,7.772209843634939,0,0,1,2,0.4
4715001001,6.643276049324754,0,0,4,20,2.8,10.657671973293086,0,0,1,2,0.4,9.204348153029018,0,0,2,5,0.9,38.53308499369929,0,0,0,0,0.0,35.69494051872371,0,0,0,0,0.0
4715101001,6.862264120633495,0,0,3,75,8.1,12.43115754272748,0,0,1,6,0.8,10.7355892033661,0,0,1,21,2.3,29.35543152813483,0,0,0,1,0.1,15.310284471536484,0,0,0,2,0.2
4715201001,13.194610477445373,0,0,3,9,1.5,25.75260338945767,0,0,0,1,0.1,13.194610477445373,0,0,1,3,0.5,53.06238962579633,0,0,0,0,0.0,24.137685400988296,0,0,0,1,0.1
4715301001,10.030938657366434,0,0,3,9,1.5,43.129032584131075,0,0,0,0,0.0,14.552986729745568,0,0,1,2,0.4,51.90210363003698,0,0,0,0,0.0,48.02997397611122,0,0,0,0,0.0
4715401001,6.100896563270429,0,0,8,100,11.600000000000001,13.50035554623092,0,0,1,8,1.0,13.954972588682388,0,0,1,32,3.4,27.561970374893576,0,0,0,1,0.1,26.44619872053614,0,0,0,1,0.1
4715501001,0.0,1,19,81,112,33.5,2.9833772663223423,0,1,5,7,1.9999999999999998,4.355824616319107,0,5,25,29,9.4,5.4755615969598725,0,0,1,1,0.3,6.95641959686696,0,0,1,1,0.3
4715501002,0.0,1,3,80,112,28.499999999999996,5.198166713851872,0,0,6,6,1.7999999999999998,4.600710985672642,0,1,25,30,8.299999999999999,7.442021355867271,0,0,1,1,0.3,8.619329371030059,0,0,1,1,0.3
4715601001,8.952168416216244,0,0,9,36,5.4,11.737359171395095,0,0,1,5,0.7,10.719984405049553,0,0,2,8,1.2000000000000002,49.36580809130563,0,0,0,0,0.0,9.295592219182854,0,0,1,2,0.4
4715701001,5.908442205644396,0,0,7,99,11.3,13.561263113789783,0,0,1,8,1.0,14.546850109781856,0,0,1,31,3.3,26.148268329862482,0,0,0,1,0.1,25.352611143630522,0,0,0,1,0.1
4715801001,0.0,1,1,18,105,14.8,12.028145885608879,0,0,1,7,0.9000000000000001,8.23041863508462,0,0,4,32,4.0,28.344120380171635,0,0,0,1,0.1,17.077993800876968,0,0,0,2,0.2
4715901001,0.0,2,2,20,120,17.4,14.098775464569943,0,0,1,9,1.1,8.85615165457058,0,0,1,34,3.6,23.30587585094442,0,0,0,1,0.1,21.08863272987613,0,0,0,2,0.2
4716001001,6.912609725999829,0,0,3,32,3.8000000000000003,20.013565636904595,0,0,0,3,0.30000000000000004,19.77251383484077,0,0,0,6,0.6000000000000001,49.12082984599983,0,0,0,0,0.0,22.374495597925588,0,0,0,1,0.1
4716101001,0.0,1,3,80,114,28.699999999999996,9.266506952064331,0,0,6,7,1.9,5.245269641034046,0,0,26,31,8.3,11.243995577203068,0,0,1,1,0.3,10.872698076572574,0,0,1,2,0.4
4716101002,0.0,1,8,89,113,31.9,6.452651175805595,0,0,5,7,1.7,3.991548413413569,0,2,26,31,8.899999999999999,9.472687518567778,0,0,1,1,0.3,8.446864270926747,0,0,1,2,0.4
4716101003,3.038593895498025,0,3,80,116,28.5,9.0526511250092,0,0,6,7,1.9,6.545915271985897,0,0,26,32,8.4,12.383148777182077,0,0,1,1,0.3,11.462065531958496,0,0,1,2,0.4
4716201001,9.888111189300453,0,0,5,10,2.0,14.433602096483288,0,0,1,1,0.3,13.606410636944203,0,0,2,3,0.7,41.49879311613156,0,0,0,0,0.0,24.998906415478483,0,0,0,1,0.1
4716301001,6.541996506681753,0,0,2,13,1.7000000000000002,18.68564590303834,0,0,0,2,0.2,18.532953821518095,0,0,0,5,0.5,43.55154370427189,0,0,0,0,0.0,19.98706498856603,0,0,0,1,0.1
4716401001,5.54570179782981,0,0,3,9,1.5,16.62852227551186,0,0,0,1,0.1,10.518879870834779,0,0,1,2,0.4,39.855915720119135,0,0,0,0,0.0,10.468730950206176,0,0,1,1,0.3
4716501001,2.793261586381791,0,1,7,96,11.3,2.793261586381791,0,1,1,6,1.1,0.0,1,1,2,29,4.0,28.194226115700936,0,0,0,1,0.1,25.10021781224886,0,0,0,3,0.30000000000000004
4716501002,6.054661517030422,0,0,9,65,8.3,6.054661517030422,0,0,1,4,0.6000000000000001,5.845492108946841,0,0,2,15,1.9,31.275083242267566,0,0,0,0,0.0,22.64252361157118,0,0,0,1,0.1
4716501003,8.600628164101304,0,0,5,39,4.9,8.600628164101304,0,0,1,3,0.5,6.375304384134738,0,0,2,8,1.2000000000000002,34.51921687152559,0,0,0,0,0.0,26.622581269427297,0,0,0,2,0.2
4716502001,2.670961313676411,0,2,10,109,13.5,2.670961313676411,0,1,1,7,1.2000000000000002,2.694302176086556,0,1,2,30,3.7,24.502024878985985,0,0,0,1,0.1,23.844689654508773,0,0,0,3,0.30000000000000004
4716502002,0.0,1,1,14,110,14.500000000000002,5.365251721516829,0,0,1,7,0.9000000000000001,0.0,1,1,2,33,4.4,23.202007181131115,0,0,0,1,0.1,22.364343509186128,0,0,0,3,0.30000000000000004
4716502003,0.0,1,1,10,105,13.2,0.0,1,1,1,7,1.6,2.793261586381791,0,1,2,29,3.6,25.99405923856752,0,0,0,1,0.1,25.500597912488296,0,0,0,3,0.30000000000000004
4716601001,12.291990261976911,0,0,6,31,4.3,13.021565686492494,0,0,1,3,0.5,10.781807979756623,0,0,1,6,0.8,38.950072186048914,0,0,0,0,0.0,26.94510210737681,0,0,0,1,0.1
4716701001,8.395807652557123,0,0,6,21,3.3,27.061129709292153,0,0,0,1,0.1,21.57089599797836,0,0,0,3,0.30000000000000004,45.362912532796926,0,0,0,0,0.0,28.363052620758335,0,0,0,1,0.1
4716801001,4.219534195955776,0,1,2,82,8.9,17.169069685994497,0,0,0,7,0.7000000000000001,16.153107005299972,0,0,0,26,2.6,27.427674299580456,0,0,0,1,0.1,9.040658726276233,0,0,1,2,0.4
4716901001,13.415449009649516,0,0,1,22,2.4,25.54897298637942,0,0,0,1,0.1,23.856074323619506,0,0,0,3,0.30000000000000004,34.408052074053465,0,0,0,0,0.0,36.08167096797978,0,0,0,0,0.0
4717001001,7.529555297383605,0,0,4,16,2.4000000000000004,4.297662344830344,0,1,1,2,0.7,7.888495151897655,0,0,1,4,0.6000000000000001,40.17851743076219,0,0,0,0,0.0,41.27795825267453,0,0,0,0,0.0
4717101001,0.0,1,1,5,96,11.3,14.375959830685344,0,0,1,7,0.9000000000000001,13.956617651869909,0,0,1,29,3.1,23.626558426358002,0,0,0,1,0.1,11.619581887103315,0,0,1,2,0.4
4717201001,6.639824912240925,0,0,10,35,5.5,9.226272912272886,0,0,1,3,0.5,9.226272912272886,0,0,2,9,1.3,36.644655370607566,0,0,0,0,0.0,35.23676312289101,0,0,0,0,0.0
4717301001,6.418686271562658,0,0,10,114,13.4,8.316185033864782,0,0,1,7,0.9000000000000001,9.09330120655471,0,0,1,33,3.5,22.041879766488922,0,0,0,1,0.1,20.973745297306564,0,0,0,1,0.1
4717401001,5.580443499362733,0,0,12,118,14.200000000000001,17.10522334043915,0,0,0,10,1.0,9.937353623662096,0,0,1,33,3.5,19.784903999710565,0,0,0,2,0.2,17.827734879797905,0,0,0,3,0.30000000000000004
4717501001,0.30255143016969865,1,3,51,119,23.4,0.0,1,1,5,8,2.5,1.641179196453314,0,1,16,32,6.699999999999999,14.572902541805414,0,0,1,1,0.3,13.205645907480262,0,0,1,1,0.3
4717501002,0.0,1,3,30,121,19.4,2.0413896356622154,0,1,3,7,1.6,3.37156538595608,0,1,10,32,5.5,15.925938974407384,0,0,0,1,0.1,14.708632428984851,0,0,1,1,0.3
4717501003,1.678218776302208,0,3,48,122,22.700000000000003,1.641179196453314,0,1,5,8,2.0999999999999996,0.0,1,1,15,33,7.0,14.922349986773918,0,0,1,1,0.3,13.398878937069306,0,0,1,1,0.3
4717502001,0.0,1,3,59,118,24.9,0.30255143016969865,1,1,5,7,2.4000000000000004,1.678218776302208,0,1,20,31,7.4,14.272886859527352,0,0,1,1,0.3,12.903190130165516,0,0,1,1,0.3
4717502002,0.0,1,3,71,118,27.299999999999997,3.0253223026077727,0,1,6,6,2.1,4.437559415972418,0,1,24,29,7.999999999999999,12.5328810076769,0,0,1,1,0.3,11.44889165678443,0,0,1,1,0.3
4717502003,1.7187103248680673,0,5,75,118,28.3,2.0135570502906246,0,1,6,7,2.2,2.3630640162802767,0,1,26,31,8.6,12.68997710871233,0,0,1,1,0.3,11.256380233073138,0,0,1,1,0.3
4717601001,7.158493139423581,0,0,4,19,2.7,29.303943730831747,0,0,0,1,0.1,8.758228474263202,0,0,1,7,0.9000000000000001,57.998031911809775,0,0,0,0,0.0,43.714108799458494,0,0,0,0,0.0
4717701001,6.21775724050813,0,0,3,11,1.7,34.59011196421547,0,0,0,0,0.0,13.875741288916979,0,0,1,3,0.5,57.595226724090494,0,0,0,0,0.0,43.28813643999847,0,0,0,0,0.0
4717801001,10.984994038838172,0,0,2,14,1.8000000000000003,22.55353160835971,0,0,0,3,0.30000000000000004,18.041731722041547,0,0,0,4,0.4,38.99084946546487,0,0,0,0,0.0,11.357299273278308,0,0,1,1,0.3
4717901001,8.647262078907874,0,0,5,25,3.5,17.80625812703876,0,0,0,3,0.30000000000000004,18.208873366362432,0,0,0,4,0.4,37.083641210008544,0,0,0,0,0.0,36.68058064411878,0,0,0,0,0.0
4718001001,10.143616114154675,0,0,5,14,2.4,8.836075593131268,0,0,1,1,0.3,5.279818124483618,0,0,2,3,0.7,30.64181603050767,0,0,0,0,0.0,31.86052249551284,0,0,0,0,0.0
4718101001,7.751983113232841,0,0,3,54,6.0,1.0833311446023786,0,1,1,2,0.7,7.751983113232841,0,0,1,14,1.6,29.345301343077377,0,0,0,1,0.1,12.234634467925554,0,0,1,1,0.3
4718201001,0.0,2,3,29,124,19.9,12.476892830678896,0,0,1,9,1.1,10.871519719465551,0,0,5,36,4.6,19.79339732474701,0,0,0,1,0.1,18.107230646152377,0,0,0,2,0.2
4718301001,9.325755628162462,0,0,4,21,2.9000000000000004,29.36926878817176,0,0,0,1,0.1,10.73337563784946,0,0,1,6,0.8,62.91884692243877,0,0,0,0,0.0,39.06543170583921,0,0,0,0,0.0
4718401001,0.0,1,1,12,117,14.8,16.303062409844106,0,0,0,9,0.9,13.203793675091758,0,0,1,33,3.5,22.131276051071474,0,0,0,2,0.2,19.203137928352916,0,0,0,3,0.30000000000000004
4718501001,4.535114076674384,0,1,3,19,2.8,6.157524549757879,0,0,1,1,0.3,4.535114076674384,0,1,1,1,0.6,31.8839697460414,0,0,0,0,0.0,7.739966487465245,0,0,1,1,0.3
4718601001,0.35525100110257085,4,50,87,114,45.4,0.8193392531375603,1,4,6,7,3.5,0.4644508578290135,3,20,27,31,15.7,0.0,1,1,1,1,1.0,1.9807386580684605,0,1,1,2,0.7
4718601003,0.3826911285215054,6,51,86,114,46.3,0.6350188248752422,1,4,6,7,3.5,0.6556845928396761,3,20,27,31,15.7,0.2250303733142249,1,1,1,1,1.0,1.7780460702437404,0,1,1,2,0.7
4718601006,0.5269985266293443,5,52,87,114,46.400000000000006,1.0149220114769435,0,4,6,7,3.1,0.37546761988631866,3,20,26,31,15.5,0.3250060625304137,1,1,1,1,1.0,2.1262795215772967,0,1,1,2,0.7
4718601007,0.6067242991480223,7,53,87,114,47.5,0.7245479081802138,1,4,6,7,3.5,0.6919764348310805,2,20,27,31,15.299999999999999,0.3806998144771616,1,1,1,1,1.0,1.7973892024389329,0,1,1,2,0.7
4718602001,0.38094818918982143,4,51,87,114,45.7,0.40988224163797593,1,4,6,7,3.5,0.6521234026569417,3,21,27,31,15.999999999999998,0.4205319865952303,1,1,1,1,1.0,1.5611141770506232,0,1,1,2,0.7
4718602002,0.5325100127239886,6,53,87,114,47.10000000000001,0.3762242622114305,1,4,6,7,3.5,0.7192073730065062,2,21,27,31,15.6,0.6353843131785459,1,1,1,1,1.0,1.4027177116261855,0,1,1,2,0.7
4718602004,0.5758171835064813,6,53,89,114,47.5,0.39321193743687083,1,4,6,7,3.5,0.46804990295490234,1,21,27,31,15.200000000000001,0.9230281178993762,1,1,1,1,1.0,1.1506328884199104,0,1,1,2,0.7
4718602005,0.4072909255663041,5,53,87,114,46.7,0.6839578686228156,1,4,6,7,3.5,0.6966476468662065,1,21,27,31,15.200000000000001,0.9861374616320442,1,1,1,1,1.0,1.3387557356910442,0,1,1,2,0.7
4718602006,0.2411702637110423,2,53,87,114,45.5,0.9043926545841537,1,4,6,7,3.5,0.8370930341166897,1,21,27,31,15.200000000000001,1.1580883365370462,0,1,1,1,0.6,1.4230948098901977,0,1,1,2,0.7
4718602007,0.30953201449818896,3,55,87,114,46.50000000000001,1.0054706610166029,0,4,6,7,3.1,0.8552329668732759,1,22,27,31,15.5,1.309738703148615,0,1,1,1,0.6,1.3859135417130808,0,1,1,2,0.7
4718602008,0.5753678161849517,5,53,87,114,46.7,0.6369051034193614,1,4,6,7,3.5,0.9119255371434934,2,20,27,31,15.299999999999999,0.6235890334241779,1,1,1,1,1.0,1.5947013301470423,0,1,1,2,0.7
4718602009,0.5669303930949018,6,53,87,114,47.10000000000001,0.6967300720974783,1,4,6,7,3.5,0.9115988121991375,2,20,27,31,15.299999999999999,0.6089863286441481,1,1,1,1,1.0,1.6581303758356924,0,1,1,2,0.7
4718602010,0.5788951740719416,7,53,87,114,47.5,0.8000396935420921,1,4,6,7,3.5,0.8399362348202858,2,20,26,31,15.099999999999998,0.5910080062276345,1,1,1,1,1.0,1.7708798724705899,0,1,1,2,0.7
4718602012,0.3194928666757944,4,53,87,114,46.3,0.7901407325690833,1,4,6,7,3.5,0.9079816804306684,2,20,27,31,15.299999999999999,0.8757110085323786,1,1,1,1,1.0,1.5617765912226818,0,1,1,2,0.7
4718602013,0.270634420185389,4,53,87,114,46.3,0.8932955250031562,1,4,6,7,3.5,0.8820101235806757,1,20,26,31,14.7,0.896460251010021,1,1,1,1,1.0,1.6657642546744775,0,1,1,2,0.7
4718602014,0.0,3,54,87,114,46.199999999999996,1.0778472989348593,0,4,6,7,3.1,0.8684509138956373,1,21,26,31,15.0,1.1670306031604776,0,1,1,1,0.6,1.6631752745720103,0,1,1,2,0.7
4718602015,0.29159405452330883,3,54,87,114,46.199999999999996,1.100563606504785,0,4,6,7,3.1,0.9341954416620705,1,21,26,31,15.0,1.4582265800361802,0,1,1,1,0.6,1.7201204127513363,0,1,1,2,0.7
4718602017,0.30326080583044324,3,54,87,114,46.199999999999996,1.0387124063401754,0,4,6,7,3.1,1.0420097080032826,0,21,27,31,14.799999999999999,1.4328894807928017,0,1,1,1,0.6,1.5385131709058002,0,1,1,2,0.7
4718602019,0.5699382022020905,4,53,89,114,46.699999999999996,0.6589622154817376,1,4,6,7,3.5,0.5041611453111244,1,21,27,31,15.200000000000001,1.1455753604822982,0,1,1,1,0.6,1.1163348154637092,0,1,1,2,0.7
4718603001,0.2645338860920275,3,50,86,114,44.8,0.4641718545339877,1,4,6,7,3.5,0.2508734664064953,2,20,27,31,15.299999999999999,0.5908571686480114,1,1,1,1,1.0,1.5718106935949923,0,1,1,1,0.6
4718603002,0.2549485550337928,6,51,87,114,46.5,0.2064266659158827,1,4,6,7,3.5,0.5491709407694721,2,21,27,31,15.6,0.6188626228125864,1,1,1,1,1.0,1.375122137598176,0,1,1,2,0.7
4718603003,0.2094372906095942,6,50,87,114,46.2,0.33470385516129986,1,4,6,7,3.5,0.32716072043022676,2,20,27,31,15.299999999999999,0.7105207086479312,1,1,1,1,1.0,1.409551510890173,0,1,1,1,0.6
4718603004,0.2702317813700836,6,50,87,114,46.2,0.4238441416818336,1,4,6,7,3.5,0.2460715947144078,3,20,27,31,15.7,0.7681939922399492,1,1,1,1,1.0,1.439522497263453,0,1,1,1,0.6
4718603005,0.11725036076388176,6,51,89,114,46.9,0.290900989757209,1,4,6,7,3.5,0.49500931860381414,3,20,27,31,15.7,0.9376590745059885,1,1,1,1,1.0,1.1798719505921502,0,1,1,1,0.6
4718603007,0.0,6,51,89,114,46.9,0.18323669507160772,1,4,6,7,3.5,0.5162416037015582,2,21,27,31,15.6,0.8502507899529778,1,1,1,1,1.0,1.2036922399566787,0,1,1,1,0.6
4718603008,0.18323669507160772,6,51,89,114,46.9,0.0,1,4,6,7,3.5,0.5454224804359886,2,21,27,31,15.6,0.8193392531375603,1,1,1,1,1.0,1.16879259418492,0,1,1,1,0.6
4718603009,0.3021182368007839,3,50,87,114,45.0,0.34414618360331,1,4,6,7,3.5,0.4111707560994275,2,21,27,31,15.6,0.5458213609824154,1,1,1,1,1.0,1.4979989342827438,0,1,1,2,0.7
4718604001,0.24837112681075998,7,51,90,114,47.49999999999999,0.4624702593492674,1,4,6,7,3.5,0.6410342157371293,3,20,27,31,15.7,1.1622795872605556,0,1,1,1,0.6,1.0365940181647604,0,1,1,1,0.6
4718604002,0.31467934386194224,6,51,90,114,47.1,0.5000226402629367,2,4,6,7,3.9000000000000004,0.635716197940443,3,20,27,31,15.7,1.228436398471411,0,1,1,1,0.6,0.9657009903205732,1,1,1,1,1.0
4718604003,0.20855171278706253,6,51,90,114,47.1,0.6179266849445687,2,4,6,7,3.9000000000000004,0.6000219217270014,5,21,27,31,16.799999999999997,1.385591265815801,0,1,1,1,0.6,0.8128446328627417,1,1,1,1,1.0
4718604004,0.2421048294077529,7,50,90,114,47.199999999999996,0.6617102855294729,1,4,6,7,3.5,0.7286640147037399,5,20,27,31,16.5,1.3479412771541923,0,1,1,1,0.6,1.0070292173468596,0,1,1,1,0.6
4718604005,0.3710731572407908,9,48,90,116,47.6,0.89298047822226,1,4,6,7,3.5,0.47450299326110057,4,20,27,31,16.099999999999998,1.4865332219639338,0,1,1,1,0.6,1.198513990567606,0,1,1,1,0.6
4718604006,0.19209469678237334,7,48,90,116,46.8,0.8895563309845254,1,4,6,7,3.5,0.6467444806272212,5,20,27,31,16.5,1.5669540114222338,0,1,1,1,0.6,1.014139621122315,0,1,1,1,0.6
4718604007,0.0,7,51,89,116,47.5,0.8207935058511256,2,4,6,7,3.9000000000000004,0.7121679495154793,5,20,27,31,16.5,1.5641038668243858,0,1,1,1,0.6,0.8274792761123108,1,1,1,1,1.0
4718604008,0.34335372089439165,6,51,89,116,47.1,0.4974113078253352,2,4,6,7,3.9000000000000004,0.5881419091203324,3,21,27,31,15.999999999999998,1.7616143712632788,0,1,1,1,0.6,0.4974113078253352,1,1,1,1,1.0
4718604009,0.4363551492145091,5,51,89,116,46.699999999999996,0.27297331590926416,1,4,6,7,3.5,0.6528050842398235,3,21,27,31,15.999999999999998,1.8572454343667648,0,1,1,1,0.6,0.27297331590926416,1,1,1,1,1.0
4718604010,0.49879003219758006,5,51,89,116,46.699999999999996,0.22012901395000625,1,4,6,7,3.5,0.6625741849260296,3,22,27,31,16.3,1.9397988785105704,0,1,1,1,0.6,0.22012901395000625,1,1,1,1,1.0
4718604011,0.5796462189289749,5,52,89,116,47.00000000000001,0.18765508156946895,1,4,6,7,3.5,0.7010808928474568,3,22,27,31,16.3,2.0987935013859684,0,1,1,1,0.6,0.18765508156946895,1,1,1,1,1.0
4718604012,0.2794601001212675,7,51,89,116,47.5,0.46910414176466664,2,4,6,7,3.9000000000000004,0.4759197143020517,3,21,27,31,15.999999999999998,1.601366585614128,0,1,1,1,0.6,0.46910414176466664,1,1,1,1,1.0
4718604013,0.297853877805873,6,51,89,116,47.1,0.5570043987918876,2,4,6,7,3.9000000000000004,0.5404817398073711,3,21,27,31,15.999999999999998,1.5810045543868159,0,1,1,1,0.6,0.5570043987918876,1,1,1,1,1.0
4718604014,0.25275636385543243,6,51,89,116,47.1,0.5752895326258954,2,4,6,7,3.9000000000000004,0.40720424063690164,3,21,27,31,15.999999999999998,1.4755208191332827,0,1,1,1,0.6,0.5752895326258954,1,1,1,1,1.0
4718604015,0.14092054343290922,7,51,89,116,47.5,0.464861321075972,2,4,6,7,3.9000000000000004,0.3424847512851464,3,21,27,31,15.999999999999998,1.5357990790134723,0,1,1,1,0.6,0.464861321075972,1,1,1,1,1.0
4718604016,0.26205630596495666,6,51,89,116,47.1,0.23978986544561495,2,4,6,7,3.9000000000000004,0.4655731487376603,3,21,27,31,15.999999999999998,1.743033570642095,0,1,1,1,0.6,0.23978986544561495,1,1,1,1,1.0
4718604017,0.0,6,51,88,114,46.7,0.4964911651836393,2,4,6,7,3.9000000000000004,0.21651056735594615,1,21,27,31,15.200000000000001,1.4845291533291876,0,1,1,1,0.6,0.4964911651836393,1,1,1,1,1.0
4718604018,0.18712174069181914,5,53,88,116,47.099999999999994,0.35989044127533587,2,4,6,7,3.9000000000000004,0.33104267945340843,1,21,27,31,15.200000000000001,1.6448117492002412,0,1,1,1,0.6,0.35989044127533587,1,1,1,1,1.0
4718604020,0.39945941451290995,5,53,89,116,47.3,0.1582341392045962,1,4,6,7,3.5,0.5614463351858288,3,22,27,31,16.3,1.8747423370850453,0,1,1,1,0.6,0.1582341392045962,1,1,1,1,1.0
4718604021,0.4964911651836393,5,52,89,116,47.00000000000001,0.0,1,4,6,7,3.5,0.685351634625243,3,22,27,31,16.3,1.9807386580684605,0,1,1,1,0.6,0.0,1,1,1,1,1.0
4718604023,0.4285359522977269,4,54,89,116,47.2,0.173801505508381,1,4,6,7,3.5,0.6581636923509394,1,22,27,31,15.5,1.9756776301901378,0,1,1,1,0.6,0.173801505508381,1,1,1,1,1.0
4718604024,0.33545535267934673,3,54,88,116,46.599999999999994,0.4078752239572299,1,4,6,7,3.5,0.7519816604577462,1,22,27,31,15.5,2.0556599084508203,0,1,1,1,0.6,0.4078752239572299,1,1,1,1,1.0
4718604025,0.3387137522911363,4,54,89,116,47.2,0.183511573717523,1,4,6,7,3.5,0.8044157567815277,3,22,27,31,16.3,2.1184949134144184,0,1,1,1,0.6,0.183511573717523,1,1,1,1,1.0
4718604026,0.1841624884332476,3,54,89,116,46.8,0.33861470896495516,1,4,6,7,3.5,0.9053577304472169,1,22,27,31,15.5,2.2237423673963543,0,1,1,1,0.6,0.33861470896495516,1,1,1,1,1.0
4718604027,0.27814298535599496,1,59,89,116,47.5,0.7871914811951786,1,3,6,7,3.2,1.1105674134753125,0,23,27,31,15.399999999999999,2.6478041647806605,0,1,1,1,0.6,0.7871914811951786,1,1,1,1,1.0
4718604028,0.3280308267748434,4,52,89,116,46.6,0.29985243252319566,1,4,6,7,3.5,0.9166987989731397,3,22,27,31,16.3,2.276878185511367,0,1,1,1,0.6,0.29985243252319566,1,1,1,1,1.0
4718604029,0.15501446585505468,1,56,89,117,46.699999999999996,0.5733919978917291,1,3,6,7,3.2,1.1761412470701749,0,23,27,31,15.399999999999999,2.4945010702978703,0,1,1,1,0.6,0.5733919978917291,1,1,1,1,1.0
4718604030,0.4203395515291196,7,51,89,116,47.5,0.4047691245694274,2,4,6,7,3.9000000000000004,0.6308050436368676,3,21,27,31,15.999999999999998,1.7656030946296881,0,1,1,1,0.6,0.4047691245694274,1,1,1,1,1.0
4718604032,0.14720680401232086,7,49,90,114,46.9,0.672416852122318,1,4,6,7,3.5,0.5526393818246536,3,20,27,31,15.7,1.224977705894183,0,1,1,1,0.6,1.2434012939970804,0,1,1,1,0.6
4718604033,0.29400954610322166,3,54,89,116,46.8,0.24762702184604948,1,4,6,7,3.5,0.7897116428634331,1,22,27,31,15.5,2.1080697414889125,0,1,1,1,0.6,0.24762702184604948,1,1,1,1,1.0
4718604034,0.29224338918363896,7,49,90,116,47.1,0.765528641586004,1,4,6,7,3.5,0.5986466558308411,5,20,27,31,16.5,1.4003278806190325,0,1,1,1,0.6,1.1055243810422974,0,1,1,1,0.6
4718604036,0.0,3,55,89,117,47.2,0.5220314539469018,1,4,6,7,3.5,1.0625391854223778,0,22,27,31,15.1,2.377626025925749,0,1,1,1,0.6,0.5220314539469018,1,1,1,1,1.0
4718604037,0.21651056735594615,5,53,88,114,46.9,0.5454224804359886,2,4,6,7,3.9000000000000004,0.0,1,21,27,31,15.200000000000001,1.3184031354011114,0,1,1,1,0.6,0.685351634625243,1,1,1,1,1.0
4718604038,0.0,2,50,89,116,45.2,0.8606344568720168,1,4,6,7,3.5,0.0,2,20,27,31,15.299999999999999,2.274633448103271,0,1,1,1,0.6,0.8606344568720168,1,1,1,1,1.0
4718604039,0.2007674250686239,6,51,89,116,47.1,0.6281825586412559,2,4,6,7,3.9000000000000004,0.640950573957835,3,21,27,31,15.999999999999998,1.6555351375377105,0,1,1,1,0.6,0.6281825586412559,1,1,1,1,1.0
4718604040,2.5111903907079656,0,38,88,118,40.8,2.7869301628454255,0,4,6,7,3.1,1.5009513038689495,0,14,27,31,12.700000000000001,4.755707045504887,0,1,1,1,0.6,2.7869301628454255,0,1,1,1,0.6
4718604041,1.8037340550838163,0,45,87,114,42.300000000000004,2.207018174238882,0,4,6,7,3.1,2.2895158001325875,0,20,27,31,14.5,4.170889386362885,0,1,1,1,0.6,2.207018174238882,0,1,1,1,0.6
4718605001,0.27685675414140976,5,50,87,114,45.800000000000004,0.8908121968709344,1,4,6,7,3.5,0.5145936524655789,3,19,27,31,15.4,0.23543578524085942,1,1,1,1,1.0,2.05764481986226,0,1,1,2,0.7
4718605002,0.0,3,50,87,114,45.0,0.64374364038591,1,4,6,7,3.5,0.4094071198379185,3,19,27,31,15.4,0.35525100110257085,1,1,1,1,1.0,1.7992495353546554,0,1,1,2,0.7
4718605004,0.21509050778712163,3,50,86,114,44.8,0.597961598093311,1,4,6,7,3.5,0.19676071932767009,3,20,27,31,15.7,0.5697781064880272,1,1,1,1,1.0,1.6977350384527021,0,1,1,1,0.6
4718605006,0.24728808326739238,6,50,87,114,46.2,0.865204932261467,1,4,6,7,3.5,0.4196633325451464,3,19,27,31,15.4,0.4805333152872587,1,1,1,1,1.0,1.9942091869292544,0,1,1,2,0.7
4718605007,0.40436876900443336,5,49,87,114,45.5,1.0423709092255748,0,4,6,7,3.1,0.30598381127338653,3,19,27,31,15.4,0.5179615380234222,1,1,1,1,1.0,2.1801099543889837,0,1,1,2,0.7
4718606001,0.2328912167334021,5,50,86,114,45.599999999999994,0.5485282401824021,1,4,6,7,3.5,0.2041158894895325,2,20,27,31,15.299999999999999,0.8800377434104067,1,1,1,1,1.0,1.4706514348895021,0,1,1,1,0.6
4718606002,0.10904242720109643,7,50,90,114,47.199999999999996,0.59222674933703,1,4,6,7,3.5,0.33446647444207656,3,20,27,31,15.7,1.0224299206242797,0,1,1,1,0.6,1.3875842025255034,0,1,1,1,0.6
4718606003,0.0,7,50,90,114,47.199999999999996,0.5553201164731977,1,4,6,7,3.5,0.433475318980962,3,20,27,31,15.7,1.0785752674289766,0,1,1,1,0.6,1.2799306717111063,0,1,1,1,0.6
4718606005,0.34445852774353664,8,48,90,114,47.0,0.8997778580441724,1,4,6,7,3.5,0.35208748141242624,3,20,27,31,15.7,1.3341474220486995,0,1,1,1,0.6,1.45422758604606,0,1,1,1,0.6
4718606006,0.3290723739163993,9,49,87,114,47.1,0.7105017116763782,1,4,6,7,3.5,0.1724713624315208,2,20,27,31,15.299999999999999,0.9345793295588611,1,1,1,1,1.0,1.6049032291379923,0,1,1,1,0.6
4718606007,0.3540745822655357,9,49,87,114,47.1,0.8277655081342831,1,4,6,7,3.5,0.32075175750870755,2,20,27,31,15.299999999999999,1.0853898940753994,0,1,1,1,0.6,1.6236977129803067,0,1,1,1,0.6
4718606009,0.44921165597192564,9,48,87,114,46.8,0.9704593230917681,1,4,6,7,3.5,0.4153527809574855,2,20,27,31,15.299999999999999,1.2416724537761077,0,1,1,1,0.6,1.6742974637586778,0,1,1,1,0.6
4718606010,0.26303537241821207,8,49,89,114,47.099999999999994,0.7969178222487605,1,4,6,7,3.5,0.41791055607852556,2,20,27,31,15.299999999999999,1.169327195807745,0,1,1,1,0.6,1.4966783317106438,0,1,1,1,0.6
4718606012,0.2783769819806392,8,48,89,115,46.9,1.0805425945047973,0,4,6,7,3.1,0.2153351878506416,4,20,27,31,16.099999999999998,1.4324750677698757,0,1,1,1,0.6,1.6344918224779124,0,1,1,1,0.6
4718606013,0.46178341410151896,7,48,90,116,46.8,1.0627956158256064,0,4,6,7,3.1,0.3929086731774001,5,20,27,31,16.5,1.639835390169963,0,1,1,1,0.6,1.2730358994748616,0,1,1,1,0.6
4718606014,0.23059614326551317,5,48,89,117,45.9,1.3605299503223085,0,4,6,7,3.1,0.16365938135650615,3,20,27,31,15.7,1.7998234585365238,0,1,1,1,0.6,1.6538077746046784,0,1,1,1,0.6
4718606015,0.4546887827161141,10,48,88,115,47.5,1.1121126758843858,0,4,6,7,3.1,0.4789317533832567,3,20,27,31,15.7,1.2742076539357383,0,1,1,1,0.6,1.8574861189602963,0,1,1,1,0.6
4718606016,0.41843010551973686,8,49,88,115,47.0,1.3035364763887076,0,4,6,7,3.1,0.4985981398497588,4,20,27,31,16.099999999999998,1.427649823105249,0,1,1,1,0.6,2.014192595335235,0,1,1,1,0.6
4718606017,0.5086713540805828,8,49,88,114,46.9,0.9409572163215235,1,4,6,7,3.5,0.3394430756554848,3,20,27,31,15.7,1.077304991799547,0,1,1,1,0.6,1.7828558074269814,0,1,1,1,0.6
4718606018,0.5341289702070211,11,48,88,115,47.900000000000006,1.1025881704662153,0,4,6,7,3.1,0.48298685909507005,3,20,27,31,15.7,1.1826765251890015,0,1,1,1,0.6,1.9236328360813628,0,1,1,1,0.6
4718606019,0.3614859721976268,9,49,88,115,47.400000000000006,1.2860640234155534,0,4,6,7,3.1,0.6217250392859467,3,20,27,31,15.7,1.335539096558882,0,1,1,1,0.6,2.0706088695266405,0,1,1,1,0.6
4718606020,0.2568335441718539,6,45,89,117,45.39999999999999,1.7343234971069168,0,4,6,7,3.1,0.2954763378093825,3,18,27,31,15.1,2.0282537098737543,0,1,1,1,0.6,2.112364002920654,0,1,1,1,0.6
4718606021,0.1447326576991814,7,50,89,114,47.0,0.46366955158126577,1,4,6,7,3.5,0.3323416567052753,3,20,27,31,15.7,0.9341395721497263,1,1,1,1,1.0,1.3376325955332276,0,1,1,1,0.6
4718606022,0.7784700066979345,5,45,89,118,45.1,2.3482404665650196,0,4,6,7,3.1,0.37265646362362037,2,17,27,30,14.3,2.625390938772402,0,1,1,1,0.6,2.613027186824937,0,1,1,1,0.6
4718606023,0.2378494476202063,8,47,88,115,46.4,1.4358072692124249,0,4,6,7,3.1,0.4319169873689213,4,18,27,31,15.5,1.6116512026303478,0,1,1,1,0.6,2.0499135047699686,0,1,1,1,0.6
4718606024,0.0,7,45,88,115,45.400000000000006,1.6496703226274638,0,4,6,7,3.1,0.4165958544020796,3,18,27,31,15.1,1.8492966890706446,0,1,1,1,0.6,2.172950894813793,0,1,1,1,0.6
4718606025,0.12959460307409762,8,46,89,117,46.5,1.4848978181544141,0,4,6,7,3.1,0.25588432951745976,3,18,27,31,15.1,1.806242253092164,0,1,1,1,0.6,1.9042072715655594,0,1,1,1,0.6
4718606026,0.2093648291578395,8,47,87,115,46.199999999999996,1.3390978674099372,0,4,6,7,3.1,0.3126721037423143,4,18,27,31,15.5,1.571514651819514,0,1,1,1,0.6,1.9229778133496938,0,1,1,1,0.6
4718606027,0.19573850375429155,9,48,89,115,47.3,1.2186145262571895,0,4,6,7,3.1,0.23168084402435432,4,20,27,31,16.099999999999998,1.5009812774995022,0,1,1,1,0.6,1.7920765950849615,0,1,1,1,0.6
4718606028,0.0,9,47,89,117,47.199999999999996,1.3553334808276696,0,4,6,7,3.1,0.14522548637191934,4,18,27,31,15.5,1.6901137871675156,0,1,1,1,0.6,1.8053993196218585,0,1,1,1,0.6
4718606029,0.14522548637191934,6,48,89,117,46.3,1.2503904494996734,0,4,6,7,3.1,0.0,4,20,27,31,16.099999999999998,1.6465255187504109,0,1,1,1,0.6,1.6602100065807635,0,1,1,1,0.6
4718606030,0.385381026370843,7,48,90,117,46.9,1.1455932423731234,0,4,6,7,3.1,0.2425976798801729,5,20,27,31,16.5,1.656844009517086,0,1,1,1,0.6,1.426791766509478,0,1,1,1,0.6
4718606031,0.0,1,22,87,117,36.1,3.597507394489229,0,2,6,7,2.5,2.3989246162007705,0,10,27,30,11.4,4.63241265526343,0,1,1,1,0.6,3.597507394489229,0,1,1,1,0.6
4718606032,0.36626884797579745,9,48,87,115,46.89999999999999,1.1536794841460465,0,4,6,7,3.1,0.3973368521992133,4,20,27,31,16.099999999999998,1.3552615494458775,0,1,1,1,0.6,1.8433805813431985,0,1,1,1,0.6
4718606034,0.3855465368154996,6,48,90,116,46.4,1.026953762559547,0,4,6,7,3.1,0.247665227812239,3,20,27,31,15.7,1.5064877526045741,0,1,1,1,0.6,1.4329573142739542,0,1,1,1,0.6
4718606036,1.4065392499134077,0,31,85,117,38.0,3.684286890877543,0,3,6,7,2.8,1.8335921735683713,0,12,27,30,12.0,4.0773188476930695,0,1,1,1,0.6,3.684286890877543,0,1,1,1,0.6
4718606037,0.3973257513408692,7,48,90,114,46.599999999999994,0.978850036186454,1,4,6,7,3.5,0.27401028092716606,3,20,27,31,15.7,1.4331235864242307,0,1,1,1,0.6,1.4535789178821505,0,1,1,1,0.6
4718606038,0.4165958544020796,6,47,90,118,46.3,2.0404046806229448,0,4,6,7,3.1,0.0,3,18,27,30,15.0,2.2652117016182785,0,1,1,1,0.6,2.4374368742489727,0,1,1,1,0.6
4718606039,0.5523083757240047,3,46,89,118,44.6,1.8721758965266122,0,4,6,7,3.1,0.0,3,18,27,31,15.1,2.2536987091868803,0,1,1,1,0.6,2.081425419565365,0,1,1,1,0.6
4718607001,0.4541314885473838,6,49,87,114,45.900000000000006,0.9577664340846467,1,4,6,7,3.5,0.3425180336160314,2,19,27,31,15.0,0.7430314828844702,1,1,1,1,1.0,2.008110662593806,0,1,1,1,0.6
4718607003,0.4094071198379185,7,49,86,114,46.1,0.6616032729478752,1,4,6,7,3.5,0.0,3,20,27,31,15.7,0.7646432306050073,1,1,1,1,1.0,1.666244438304842,0,1,1,1,0.6
4718607004,0.5082798828317037,11,50,87,114,48.2,1.1341979009219545,0,4,6,7,3.1,0.48139554570390675,3,19,27,31,15.4,0.9444604189156498,1,1,1,1,1.0,2.1279571481047905,0,1,1,1,0.6
4718607005,0.48331447507715686,11,49,88,115,48.2,1.1331806741824135,0,4,6,7,3.1,0.4768390302241834,3,20,27,31,15.7,1.092147394986565,0,1,1,1,0.6,2.0353251612228296,0,1,1,1,0.6
4718607006,0.3018854056225282,11,49,87,115,47.99999999999999,1.3171499619839946,0,4,6,7,3.1,0.6559096565983098,3,19,27,31,15.4,1.1482261523442487,0,1,1,1,0.6,2.2566846924722155,0,1,1,1,0.6
4718607007,0.16709100396543328,9,46,87,115,46.3,1.454027986602075,0,4,6,7,3.1,0.7925234848223706,2,17,27,31,14.4,1.2675207901545815,0,1,1,1,0.6,2.3772406754143214,0,1,1,1,0.6
4718607008,0.2579021533136144,9,46,88,115,46.5,1.3816257524490259,0,4,6,7,3.1,0.7293252635890306,3,18,27,31,15.1,1.3166220421504917,0,1,1,1,0.6,2.2330703783280876,0,1,1,1,0.6
4718607010,0.20204938934643496,8,45,88,115,45.800000000000004,1.5108737260859377,0,4,6,7,3.1,0.6878385823041822,4,18,27,31,15.5,1.5436332156694355,0,1,1,1,0.6,2.2473226423234007,0,1,1,1,0.6
4718607011,0.0,7,45,88,115,45.400000000000006,1.961241180818083,0,4,6,7,3.1,0.6737897949187759,1,18,27,30,14.2,1.9316482774506263,0,1,1,1,0.6,2.6631641538661626,0,1,1,1,0.6
4718607013,0.2522062827599435,7,45,88,115,45.400000000000006,1.5523953214096353,0,4,6,7,3.1,0.5949902305361299,4,18,27,31,15.5,1.6545839271990592,0,1,1,1,0.6,2.210344168668127,0,1,1,1,0.6
4718607014,0.6510789772162501,8,44,87,114,45.2,1.8378607807392866,0,4,6,7,3.1,1.300496801330904,0,16,27,30,13.2,2.046037184284969,0,1,1,1,0.6,3.1807503170476785,0,1,1,1,0.6
4718607015,0.0,9,45,88,115,46.2,1.6105195472833396,0,4,6,7,3.1,0.9203485488841407,2,17,27,31,14.4,1.4310888431928943,0,1,1,1,0.6,2.5003813930171805,0,1,1,1,0.6
4718607016,0.0,8,45,88,115,45.800000000000004,1.6299493295288776,0,4,6,7,3.1,0.8730317015994993,3,18,27,31,15.1,1.5636964175423864,0,1,1,1,0.6,2.4269370737431313,0,1,1,1,0.6
4718607018,0.5112990580409102,9,49,87,114,47.1,0.852412987927355,1,4,6,7,3.5,0.20332691495372682,3,20,27,31,15.7,0.9162534773941986,1,1,1,1,1.0,1.7876043842487044,0,1,1,1,0.6
4718607019,0.10682697344295769,8,45,88,115,45.800000000000004,1.6602432756936907,0,4,6,7,3.1,0.9671548987233665,2,18,27,31,14.7,1.53958871153546,0,1,1,1,0.6,2.4962532668891537,0,1,1,1,0.6
4718607020,0.07574143583541704,8,45,88,115,45.800000000000004,1.6711132304838159,0,4,6,7,3.1,0.8007595913831598,2,18,27,31,14.7,1.630628609342431,0,1,1,1,0.6,2.4373122133462037,0,1,1,1,0.6
4718607021,0.19270501542874982,7,45,88,115,45.400000000000006,1.7762631161901092,0,4,6,7,3.1,0.4082323489744871,3,18,27,31,15.1,1.8996735806250555,0,1,1,1,0.6,2.3556171511710358,0,1,1,1,0.6
4718607022,2.972432865914962,0,29,84,118,37.3,3.8187783802624695,0,2,6,6,2.4,2.9952532236122407,0,10,27,30,11.4,4.854104324765982,0,1,1,1,0.6,5.429656692111955,0,0,1,1,0.3
4718608001,0.2564491268506216,12,48,87,114,48.0,1.4693530381607107,0,4,6,7,3.1,0.22866753645717852,5,19,27,31,16.2,0.9336153249743423,1,1,1,1,1.0,2.5738436383700267,0,1,1,2,0.7
4718608002,0.2697990499172457,7,48,87,115,46.099999999999994,1.4428317768344578,0,4,6,7,3.1,0.48998814827993475,2,19,27,31,15.0,1.0757353545283304,0,1,1,1,0.6,2.4745545938201525,0,1,1,1,0.6
4718608004,0.33071823765654296,9,45,87,115,45.99999999999999,1.763626328627446,0,4,6,7,3.1,0.7836039557678931,1,17,27,31,14.0,1.422930327941496,0,1,1,1,0.6,2.7413772201919353,0,1,1,1,0.6
4718608005,0.0,10,48,87,115,47.3,1.6625059006817857,0,4,6,7,3.1,0.4835074249944919,3,19,27,31,15.4,1.1843842608386308,0,1,1,1,0.6,2.7269337430006835,0,1,1,2,0.7
4718608006,0.26914794981919166,7,45,87,115,45.199999999999996,1.5690188926760746,0,4,6,7,3.1,0.812321904115908,1,17,27,31,14.0,1.5219720584633922,0,1,1,1,0.6,2.999134131775939,0,1,1,1,0.6
4718608009,0.4756900500598916,9,48,87,114,46.8,1.6156726492129285,0,4,6,7,3.1,0.2770441038801763,4,19,26,31,15.6,0.9407504326158227,1,1,1,1,1.0,2.7609461130554256,0,1,1,2,0.7
4718608012,0.2484596884140885,11,48,87,114,47.60000000000001,1.6251582838818561,0,4,6,7,3.1,0.3124510401560795,4,19,27,31,15.8,1.0409412521228107,0,1,1,1,0.6,2.7387176227025325,0,1,1,2,0.7
4718608013,0.20805993635287934,9,48,87,115,46.89999999999999,1.6124245543223807,0,4,6,7,3.1,0.4773600388088692,3,19,27,31,15.4,1.2059496669251148,0,1,1,1,0.6,2.8687967429083825,0,1,1,2,0.7
4718608014,0.36263145167712046,10,48,87,114,47.2,1.6357749920799305,0,4,6,7,3.1,0.3830470387869018,4,19,26,31,15.6,1.0920454327659042,0,1,1,1,0.6,2.854147762673122,0,1,1,2,0.7
4718608015,0.4274701245935693,9,48,87,114,46.8,1.583670535973958,0,4,6,8,3.2,0.4274701245935693,4,19,26,31,15.6,1.1159594411044857,0,1,1,1,0.6,2.9202075282972215,0,1,1,2,0.7
4718608016,0.3573728364955724,9,48,87,114,46.8,1.5588193885803245,0,4,6,8,3.2,0.3573728364955724,4,19,26,31,15.6,1.1279432995277068,0,1,1,1,0.6,2.960435969357325,0,1,1,2,0.7
4718608017,0.40694675881635634,9,48,87,114,46.8,1.470129245019291,0,4,6,8,3.2,0.46677882034510426,3,19,26,31,15.2,1.249119993043176,0,1,1,1,0.6,3.0176306352041635,0,1,1,2,0.7
4718608018,0.28404745868348963,9,48,87,114,46.8,1.5356490480890403,0,4,6,8,3.2,0.28404745868348963,4,19,26,31,15.6,1.1452328046501294,0,1,1,1,0.6,3.003995662245803,0,1,1,2,0.7
4718608020,0.3488344758268768,8,48,87,114,46.400000000000006,1.7028090124558741,0,4,6,8,3.2,0.3488344758268768,5,19,26,31,16.0,0.9533051609153158,1,1,1,1,1.0,2.8658263667941966,0,1,1,2,0.7
4718608021,0.20860358226245249,11,47,87,114,47.3,1.513705816620842,0,4,6,8,3.2,0.20860358226245249,4,19,26,31,15.6,1.169186481435988,0,1,1,1,0.6,3.051400713357215,0,1,1,2,0.7
4718608023,0.2853573708175591,9,48,87,114,46.8,1.3774268407493158,0,4,6,8,3.2,0.2853573708175591,3,19,26,31,15.2,1.304753842358924,0,1,1,1,0.6,3.144514668448938,0,1,1,2,0.7
4718608024,0.0,10,47,87,114,46.900000000000006,1.4320103305475904,0,4,5,8,3.0,0.0,5,19,26,31,16.0,1.2904787645830291,0,1,1,1,0.6,3.2146440287814864,0,1,1,2,0.7
4718608025,0.23717546244160323,9,47,87,115,46.599999999999994,1.5292147475298916,0,4,6,7,3.1,0.6126756183266784,3,17,27,31,14.8,1.3406826684709678,0,1,1,1,0.6,2.962729868512855,0,1,1,2,0.7
4718608026,0.35603940878484897,8,47,87,115,46.199999999999996,1.3525258126323405,0,4,6,8,3.2,0.46405627289221435,3,17,26,31,14.6,1.3639820090212795,0,1,1,1,0.6,3.133115635619675,0,1,1,2,0.7
4718608027,0.20768051220713335,8,47,86,115,45.99999999999999,1.3034411737971783,0,4,6,8,3.2,0.6086165453206069,3,17,26,31,14.6,1.467712639320205,0,1,1,1,0.6,3.177596592054812,0,1,1,2,0.7
4718608028,0.0,9,45,86,115,45.8,1.3281978621981676,0,4,6,7,3.1,0.81623246831345,3,17,27,31,14.8,1.573201036750435,0,1,1,1,0.6,3.18554956826484,0,1,1,2,0.7
4718608030,0.33640990925371334,9,47,87,114,46.5,1.3001865809062791,0,4,6,8,3.2,0.33640990925371334,3,17,26,31,14.6,1.3850817458684568,0,1,1,1,0.6,3.2089147727428387,0,1,1,2,0.7
4718608031,0.0,9,44,86,114,45.4,0.9974199415471547,1,4,6,8,3.6,0.6328486923051297,2,16,26,31,13.9,1.7213157095726463,0,1,1,1,0.6,3.4828502926662224,0,1,1,2,0.7
4718608032,0.0,5,44,86,114,43.8,1.130729805296998,0,4,6,7,3.1,1.05579189834872,0,16,26,31,13.1,1.9086066784808375,0,1,1,1,0.6,3.4734180510807047,0,1,1,1,0.6
4718608033,0.2792912818899131,5,40,86,114,42.599999999999994,0.9399099317893984,1,4,6,8,3.6,1.2312455419186366,0,15,26,30,12.700000000000001,2.1773909575378174,0,1,1,1,0.6,3.748449772943804,0,1,1,1,0.6
4718608034,0.4649589021924915,5,38,86,114,42.0,0.7231855475942537,1,4,6,8,3.6,1.2537417875443508,0,15,26,30,12.700000000000001,2.3014542204769404,0,1,1,1,0.6,3.933743783972921,0,1,1,2,0.7
4718608035,0.36152702270470266,6,44,86,114,44.199999999999996,1.3569697040834057,0,4,6,7,3.1,1.380100486200775,0,16,27,30,13.2,2.0947986836056116,0,1,1,1,0.6,3.4869724275354557,0,1,1,1,0.6
4718608036,1.3186444681683727,0,35,84,112,38.5,1.3186444681683727,0,2,6,8,2.6,2.505078714047678,0,13,26,30,12.1,3.5540251251624975,0,1,1,1,0.6,5.043915142267663,0,0,1,1,0.3
4718608037,0.15672682918954486,10,46,87,115,46.699999999999996,1.6459563988259591,0,4,6,7,3.1,0.6237524804574778,3,17,27,31,14.8,1.3362070910659969,0,1,1,1,0.6,2.8695592165529558,0,1,1,1,0.6
4718608038,0.24748353841255644,9,47,87,115,46.599999999999994,1.4365279805184994,0,4,6,7,3.1,0.6183841799910333,3,17,26,31,14.6,1.350036371436711,0,1,1,1,0.6,3.0443743995640284,0,1,1,2,0.7
4718608039,0.2744059473552768,8,47,87,114,46.1,1.230178328401803,0,4,6,8,3.2,0.39445591108762096,3,17,26,31,14.6,1.4595054281176036,0,1,1,1,0.6,3.268861175941256,0,1,1,2,0.7
4718609001,0.48740804923980663,7,50,87,114,46.6,1.0776806065147253,0,4,6,7,3.1,0.32244183410601834,5,19,26,31,16.0,0.29939904322475364,1,1,1,1,1.0,2.2464178331389277,0,1,1,2,0.7
4718609002,0.30300743461429513,8,49,87,114,46.699999999999996,1.280674105571173,0,4,6,8,3.2,0.0,5,19,26,31,16.0,0.4644508578290135,1,1,1,1,1.0,2.433641186306783,0,1,1,2,0.7
4718609003,0.4389895867408863,7,50,87,114,46.6,1.2625903362300017,0,4,6,7,3.1,0.340123254417035,6,19,26,31,16.4,0.5009533638194805,1,1,1,1,1.0,2.430474008880483,0,1,1,2,0.7
4718609004,0.512976337691834,7,50,87,114,46.6,1.1521044925540156,0,4,6,7,3.1,0.2567487429161153,5,19,27,31,16.2,0.4736912336908052,1,1,1,1,1.0,2.3121721176570187,0,1,1,2,0.7
4718609006,0.47117090046619386,6,50,87,114,46.2,1.198133191661715,0,4,6,7,3.1,0.28163452196481936,3,19,27,31,15.4,0.7553608256993453,1,1,1,1,1.0,2.2942594847762727,0,1,1,2,0.7
4718609007,0.4835074249944919,9,50,87,114,47.4,1.3465573148908085,0,4,6,7,3.1,0.0,5,19,27,31,16.2,0.7285898876215937,1,1,1,1,1.0,2.4856959804774896,0,1,1,2,0.7
4718609009,0.0,7,49,87,114,46.300000000000004,1.571315695825564,0,4,5,8,3.0,0.30300743461429513,5,19,26,31,16.0,0.7520308004429864,1,1,1,1,1.0,2.730734273613603,0,1,1,2,0.7
4718609010,0.22740907333654276,8,50,87,114,47.00000000000001,1.7260729202218212,0,4,5,8,3.0,0.48026481396600695,5,19,26,31,16.0,0.9159751969235116,1,1,1,1,1.0,2.893344221573313,0,1,1,2,0.7
4718609011,0.3646162874999549,7,50,87,114,46.6,1.495834615667962,0,4,6,8,3.2,0.3740870765515628,5,19,26,31,16.0,0.7270399286919386,1,1,1,1,1.0,2.663202469799371,0,1,1,2,0.7
4718610001,0.0,2,38,85,114,40.599999999999994,0.0,1,3,5,8,3.1000000000000005,1.4320103305475904,0,14,26,30,12.4,2.6806240144887803,0,1,1,1,0.6,4.480045158828123,0,1,1,2,0.7
4718610002,0.40310613603729595,8,48,86,114,46.199999999999996,1.8272132674540265,0,4,5,8,3.0,0.4568548563088756,4,19,26,31,15.6,1.2429411126177259,0,1,1,1,0.6,3.222219730647072,0,1,1,2,0.7
4718610003,0.3238998886862981,9,49,86,114,46.9,1.9389656048367823,0,4,5,8,3.0,0.3415907736909054,4,19,26,31,15.6,1.2175687024611783,0,1,1,1,0.6,3.189429639826233,0,1,1,2,0.7
4718610004,0.22146537770135463,10,50,86,114,47.599999999999994,2.0599786309431756,0,4,5,8,3.0,0.21821858175368547,4,19,26,31,15.6,1.248334503318865,0,1,1,1,0.6,3.2018248584076354,0,1,1,2,0.7
4718610005,0.27047809106835113,8,48,86,114,46.199999999999996,1.8151881637665217,0,4,5,8,3.0,0.544507461664638,3,19,26,31,15.2,1.5554589535895005,0,1,1,1,0.6,3.5268794928804033,0,1,1,2,0.7
4718610006,1.0428291487925403,0,49,86,113,43.2,2.205268363833957,0,4,5,8,3.0,1.3898931065064182,0,19,26,31,14.0,2.5490055770490425,0,1,1,1,0.6,4.478683888972625,0,1,1,2,0.7
4718610007,0.0,5,52,86,114,46.2,2.211700134276924,0,4,5,8,3.0,0.6369596870034153,2,20,26,31,15.099999999999998,1.5330126768075993,0,1,1,1,0.6,3.217663958562113,0,1,1,2,0.7
4718610008,0.9257916255967239,1,53,86,113,44.800000000000004,2.7596085346050736,0,4,5,8,3.0,1.0482106338174944,0,21,26,31,14.6,2.2551738938444683,0,1,1,1,0.6,3.561344223125868,0,1,1,2,0.7
4718610009,0.0,6,53,86,114,46.9,1.650661834698412,0,4,5,8,3.0,0.49646831598643626,3,20,26,31,15.5,1.0713025678825652,0,1,1,1,0.6,2.621980107882404,0,1,1,2,0.7
4718610010,0.0,6,50,86,114,45.99999999999999,1.5319107880637648,0,4,5,8,3.0,0.32843357417778757,3,19,26,31,15.2,0.7480731760201128,1,1,1,1,1.0,2.6532689925680684,0,1,1,2,0.7
4718610011,0.5658332177022697,6,53,87,114,47.10000000000001,1.0501240741558595,0,4,6,7,3.1,0.7089194706052357,2,20,26,31,15.099999999999998,0.7074391536021393,1,1,1,1,1.0,1.9924765077046165,0,1,1,2,0.7
4718610013,0.19609539492177303,7,53,86,114,47.29999999999999,1.4562767572446584,0,4,5,8,3.0,0.5591220496676991,3,20,26,31,15.5,0.886946355068194,1,1,1,1,1.0,2.445798570590575,0,1,1,2,0.7
4718610014,0.0,9,48,86,114,46.599999999999994,2.0819188644085753,0,4,5,8,3.0,0.32456926211355,4,19,26,31,15.6,1.460321403772649,0,1,1,1,0.6,3.3995850330688784,0,1,1,2,0.7
4718610015,0.21267539828112533,9,49,86,114,46.9,1.9215655677546726,0,4,5,8,3.0,0.3696530375478614,4,19,26,31,15.6,1.358579165331776,0,1,1,1,0.6,3.326011914131152,0,1,1,2,0.7
4718610016,0.3938187392931485,6,48,86,114,45.4,1.7589292721840508,0,4,5,8,3.0,0.7229031209214486,3,19,26,31,15.2,1.7601171356285432,0,1,1,1,0.6,3.731953371563491,0,1,1,2,0.7
4718610017,0.35707728076873685,5,53,87,114,46.7,1.27505166624979,0,4,5,8,3.0,0.4649224220290913,2,20,26,31,15.099999999999998,0.937120654137894,1,1,1,1,1.0,2.14554257543183,0,1,1,2,0.7
4718610018,0.0,6,53,85,114,46.7,1.6157341879917626,0,4,5,8,3.0,0.2472811515319225,1,20,26,31,14.7,1.1593913215892648,0,1,1,1,0.6,2.499940534866449,0,1,1,2,0.7
4718610019,0.3755114577991486,3,55,87,114,46.50000000000001,1.2860164991231344,0,4,5,7,2.9,0.696649181346481,1,21,26,31,15.0,1.4529252756912197,0,1,1,1,0.6,1.9624640287773345,0,1,1,2,0.7
4718610020,0.4040970198493443,7,53,87,114,47.5,1.2736874661228796,0,4,5,8,3.0,0.5533338859308564,3,20,26,31,15.5,0.6716791110058485,1,1,1,1,1.0,2.309203170225707,0,1,1,2,0.7
4718610021,0.2285125066209628,7,54,86,113,47.50000000000001,0.8100383382819059,1,3,5,7,3.0000000000000004,0.2285125066209628,2,22,26,31,15.7,2.9717960692666274,0,1,1,1,0.6,2.457724905364578,0,1,1,2,0.7
4718610022,0.0,8,54,87,113,48.099999999999994,0.6086809422124704,1,3,5,7,3.0000000000000004,0.0,3,22,26,31,16.1,2.8885267196336954,0,1,1,1,0.6,2.2528981988413634,0,1,1,2,0.7
4718610024,0.0,3,55,85,114,46.1,1.3902991200157404,0,4,5,8,3.0,0.0,1,21,26,31,15.0,2.4336803175591837,0,1,1,1,0.6,2.724260620217305,0,1,1,2,0.7
4718610025,0.2621696413385131,4,55,87,114,46.9,1.2459963196087336,0,4,5,7,2.9,0.6063099154664692,1,21,26,31,15.0,1.1606718410020374,0,1,1,1,0.6,1.9212771885093747,0,1,1,2,0.7
4718610026,0.4215284582088352,8,48,86,114,46.199999999999996,1.6880254935953547,0,4,5,8,3.0,0.5642908564425854,4,19,26,31,15.6,1.4340127571000172,0,1,1,1,0.6,3.4145366283647514,0,1,1,2,0.7
4718610027,0.14859129757807532,5,55,84,113,46.6,1.1963524460629607,0,3,5,7,2.6,0.5158203015294631,2,21,26,31,15.4,2.8001587455241306,0,1,1,1,0.6,2.740852592169543,0,1,1,2,0.7
4718610028,0.351119399573053,7,55,84,113,47.4,1.1010809454135253,0,3,5,7,2.6,0.633604296691495,5,21,26,31,16.6,2.925056021832737,0,1,1,1,0.6,2.705399763140818,0,1,1,2,0.7
4718610029,0.0,6,55,84,112,46.89999999999999,1.0131069503093175,0,4,5,7,2.9,0.43075482298664325,2,21,26,31,15.4,2.528107784028034,0,1,1,1,0.6,2.489122976507713,0,1,1,2,0.7
4718610030,0.0,4,44,84,113,42.9,1.9704095726939117,0,3,5,7,2.6,0.0,2,19,26,31,14.799999999999999,3.819377248292734,0,1,1,1,0.6,3.6128969029824316,0,1,1,2,0.7
4718610031,0.3091079231844097,7,54,87,113,47.7,0.3178362325262259,1,3,6,7,3.2,0.3091079231844097,3,23,27,31,16.599999999999998,2.7084835595329837,0,1,1,1,0.6,1.9479044367894136,0,1,1,2,0.7
4718610032,0.32456926211355,8,50,86,114,46.8,1.9711892157618445,0,4,5,8,3.0,0.0,4,19,26,31,15.6,1.1788486871825314,0,1,1,1,0.6,3.0891230784712027,0,1,1,2,0.7
4718610033,0.30110326869201876,6,52,86,114,46.599999999999994,1.7196987375299815,0,4,5,8,3.0,0.37474636646780385,3,20,26,31,15.5,0.9900966124990223,1,1,1,1,1.0,2.7935581157744083,0,1,1,2,0.7
4718610034,0.2472811515319225,5,53,86,114,46.49999999999999,1.7325089954347794,0,4,5,8,3.0,0.0,1,21,26,31,15.0,1.3653855797876158,0,1,1,1,0.6,2.5226596128901626,0,1,1,2,0.7
4718610035,0.2793594718085592,6,52,86,114,46.599999999999994,2.093709829480361,0,4,5,8,3.0,0.35783478581627803,2,20,26,31,15.099999999999998,1.3594380936870627,0,1,1,1,0.6,3.1545016486036914,0,1,1,2,0.7
4718610036,0.14931496973804623,5,53,86,114,46.49999999999999,1.7936852593504542,0,4,5,8,3.0,0.47092562334400656,3,20,26,31,15.5,1.2194219043742254,0,1,1,1,0.6,2.7450563092778695,0,1,1,2,0.7
4718610037,0.5407257292329898,7,55,86,113,47.8,1.094753672960454,0,3,5,7,2.6,0.5407257292329898,5,22,26,31,16.9,3.0874456459264836,0,1,1,1,0.6,2.733885201047454,0,1,1,2,0.7
4718610038,0.4792203898754721,8,51,84,113,46.599999999999994,1.3818282291644644,0,3,5,7,2.6,0.617481056222811,5,20,26,31,16.3,3.2416411801082856,0,1,1,1,0.6,3.011074522535282,0,1,1,2,0.7
4718610039,0.0,7,55,84,113,47.4,1.3408534493803552,0,3,5,7,2.6,0.4718844965260625,4,21,26,31,16.2,2.843707215518152,0,1,1,1,0.6,2.8672405485542303,0,1,1,2,0.7
4718610040,0.30509967243244857,7,55,84,113,47.4,1.4060822867893557,0,3,5,7,2.6,0.6988643249638478,4,20,26,31,15.899999999999999,3.1225704895212862,0,1,1,1,0.6,3.0055102911650424,0,1,1,2,0.7
4718610041,0.2169157251739316,6,54,84,113,46.699999999999996,0.8132041874706232,1,3,5,7,3.0000000000000004,0.573102560475948,2,21,26,31,15.4,2.5505726150877983,0,1,1,1,0.6,2.346576060606904,0,1,1,2,0.7
4718610042,0.34681899863189164,5,55,84,112,46.5,1.6876324929557034,0,3,5,8,2.7,0.6092469639153212,3,20,26,31,15.5,3.0425548461959533,0,1,1,1,0.6,3.2001180040547497,0,1,1,2,0.7
4718610043,0.26970957202833834,5,55,84,113,46.6,1.5764660713447356,0,3,5,7,2.6,0.6665309133787687,3,20,26,31,15.5,3.0864650060012493,0,1,1,1,0.6,3.1300380921480917,0,1,1,2,0.7
4718610044,0.32792026449339695,5,51,84,113,45.39999999999999,1.9154163627725693,0,3,5,8,2.7,0.6770428414250313,3,19,26,31,15.2,3.3452401062866737,0,1,1,1,0.6,3.4705345197377286,0,1,1,2,0.7
4718610045,0.3896325505523666,5,51,84,113,45.39999999999999,1.6681217473484051,0,3,5,8,2.7,0.6588164079787022,3,20,26,31,15.5,3.2090384484216816,0,1,1,1,0.6,3.2382903084478807,0,1,1,2,0.7
4718610046,0.0,6,48,85,114,45.199999999999996,1.3661338324970498,0,4,5,8,3.0,0.7715565283249151,2,19,26,31,14.799999999999999,1.8873425254116865,0,1,1,1,0.6,3.8659381613033625,0,1,1,2,0.7
4718610047,0.40415616735959603,5,46,85,113,44.099999999999994,1.0224704857332825,0,4,5,8,3.0,0.9631412611562109,2,16,26,31,13.9,2.1997993119883223,0,1,1,1,0.6,4.161244063234804,0,1,1,2,0.7
4718610048,0.4192204151798544,3,53,83,112,44.9,2.0890010026213544,0,3,5,8,2.7,0.8643539665234593,1,19,26,31,14.399999999999999,3.222581836455752,0,1,1,1,0.6,3.5607039052225167,0,1,1,2,0.7
4718610049,0.3969135826161604,6,54,88,114,47.6,0.5138438093390186,1,4,5,7,3.3,0.6497336147085782,3,21,26,31,15.799999999999999,2.2522130801147036,0,1,1,1,0.6,1.9373655522208133,0,1,1,2,0.7
4718610050,0.0,3,45,83,112,42.5,2.2411155572926997,0,3,5,8,2.7,0.7429146505686973,2,19,26,31,14.799999999999999,3.607188884997366,0,1,1,1,0.6,3.797352892590102,0,1,1,2,0.7
4718610051,0.1811199857786483,3,45,83,113,42.6,2.1371769630519504,0,3,5,8,2.7,0.5632854797629673,2,19,26,31,14.799999999999999,3.6262527439497685,0,1,1,1,0.6,3.720701077856239,0,1,1,2,0.7
4718610052,0.0,4,55,86,114,46.69999999999999,1.5973402017252898,0,4,5,8,3.0,0.31670006963304204,1,21,26,31,15.0,1.38783394985315,0,1,1,1,0.6,2.274520464189047,0,1,1,2,0.7
4718610053,0.7174107585909999,1,55,86,114,45.49999999999999,2.05525286621473,0,4,5,8,3.0,0.7174107585909999,1,21,26,31,15.0,2.407680699907439,0,1,1,1,0.6,3.1828953706287892,0,1,1,2,0.7
4718610054,0.4984004082661149,5,51,84,113,45.39999999999999,1.7370896509758489,0,3,5,7,2.6,0.5456038518772367,3,19,26,31,15.2,3.326823109339469,0,1,1,1,0.6,3.325072194148135,0,1,1,2,0.7
4718610055,0.4222551050273244,5,55,86,114,47.099999999999994,1.3227206895608798,0,4,5,7,2.9,0.6970169778659608,2,21,26,31,15.4,1.732069571006175,0,1,1,1,0.6,2.2404383422541776,0,1,1,2,0.7
4718610056,0.5253143650535947,4,55,86,114,46.69999999999999,1.608389995207315,0,4,5,8,3.0,0.6029432847913406,2,21,26,31,15.4,1.912895925663743,0,1,1,1,0.6,2.593451037211767,0,1,1,2,0.7
4718611001,0.40935596348110365,3,55,89,114,46.900000000000006,1.0347482256109197,0,4,6,7,3.1,0.8267250417080972,1,22,27,31,15.5,1.3933627521339416,0,1,1,1,0.6,1.3182526320165242,0,1,1,2,0.7
4718611002,0.5141590300278281,2,55,88,114,46.3,0.8989168263739575,1,4,6,7,3.5,0.8938642784781641,1,22,27,31,15.5,1.5374566964860379,0,1,1,1,0.6,1.3185502382247374,0,1,1,2,0.7
4718611003,0.5867676052131117,2,55,88,114,46.3,0.8197907580142443,1,4,6,7,3.5,0.8597924042600069,2,22,27,31,15.9,1.6300495479216344,0,1,1,1,0.6,1.2205761845654142,0,1,1,2,0.7
4718611004,0.5152803425622628,2,55,88,114,46.3,0.7420606824699557,1,4,6,7,3.5,0.90514388715187,2,22,27,31,15.9,1.7116779708195153,0,1,1,1,0.6,1.2214268697574664,0,1,1,2,0.7
4718611005,0.4248698253415321,2,55,88,114,46.3,0.626899579736539,1,4,6,7,3.5,0.7666854023191487,2,23,27,31,16.2,1.8464224952895292,0,1,1,1,0.6,1.2056778333123905,0,1,1,2,0.7
4718611006,0.28293216754288686,3,55,88,114,46.7,0.5096407416899017,1,4,6,7,3.5,0.7109410704686874,1,23,27,31,15.799999999999999,1.9320887580583705,0,1,1,1,0.6,1.3478533197584528,0,1,1,2,0.7
4718611007,0.17784850486666068,5,54,88,115,47.3,0.27840822443257984,1,4,6,7,3.5,0.4624560613346844,2,23,27,31,16.2,2.185762659185999,0,1,1,1,0.6,1.4121732472650514,0,1,1,2,0.7
4718611008,0.284429077304527,3,55,88,114,46.7,0.4204358477465977,1,4,6,7,3.5,0.5429388114380015,1,23,27,31,15.799999999999999,2.073537259260086,0,1,1,1,0.6,1.2838424574141027,0,1,1,2,0.7
4718611009,0.2098343194934473,5,54,88,114,47.199999999999996,0.4613040537026839,1,4,6,7,3.5,0.7783263575444326,2,22,27,31,15.9,2.024845953610852,0,1,1,1,0.6,1.6184761486693513,0,1,1,2,0.7
4718611010,0.0,6,54,88,115,47.7,0.2612879130657493,1,4,6,7,3.5,0.5696632151872544,2,23,27,31,16.2,2.1833889799087918,0,1,1,1,0.6,1.5679062637113539,0,1,1,2,0.7
4718611012,0.2612879130657493,6,54,87,113,47.3,0.0,1,3,6,7,3.2,0.3697490810144516,3,23,27,31,16.599999999999998,2.4361649756523276,0,1,1,1,0.6,1.647867648919594,0,1,1,2,0.7
4718611013,0.3650399335026661,6,56,87,113,47.9,0.22092504623457312,1,3,6,7,3.2,0.2994652420169657,3,23,27,31,16.599999999999998,2.652971023455353,0,1,1,1,0.6,1.751056672253792,0,1,1,2,0.7
4718611014,0.42201314887199787,3,54,89,114,46.599999999999994,0.9211769094836677,1,4,6,7,3.5,1.0496343853209034,0,22,27,31,15.1,1.5391969845425202,0,1,1,1,0.6,1.4998875494919721,0,1,1,2,0.7
4718611015,0.4867487857329588,4,54,88,114,46.800000000000004,0.7430099975419249,1,4,6,7,3.5,1.0452586323434312,0,21,27,31,14.799999999999999,1.7757484934081864,0,1,1,1,0.6,1.6467170787829122,0,1,1,2,0.7
4718611016,0.5777345510985216,4,53,89,114,46.699999999999996,0.8422085074558796,1,4,6,7,3.5,0.5762268057485863,1,21,27,31,15.200000000000001,1.3328772302417509,0,1,1,1,0.6,1.0910472793757602,0,1,1,2,0.7
4718611017,0.38390774196219474,5,56,88,115,47.9,0.38516956668742874,1,4,6,7,3.5,0.3681749450185712,2,23,27,31,16.2,2.24370014494131,0,1,1,1,0.6,1.2630296963782828,0,1,1,2,0.7
4718611018,0.4202381915530683,5,54,87,114,47.0,1.0870679649141728,0,3,6,7,2.8,0.8069837008373955,2,24,27,31,16.499999999999996,3.4089136514365728,0,1,1,1,0.6,2.0413549998430955,0,1,1,1,0.6
4718611019,0.0,6,58,87,112,48.400000000000006,0.5539020856675692,1,3,6,7,3.2,0.2943100848376916,3,24,27,31,16.9,2.901337303542152,0,1,1,1,0.6,1.7366794271859407,0,1,1,2,0.7
4718611020,0.13476670648453642,6,57,87,113,48.199999999999996,0.4192258295532054,1,3,6,7,3.2,0.20197709164820393,3,24,27,31,16.9,2.783010968469759,0,1,1,1,0.6,1.694802762108016,0,1,1,2,0.7
4718611021,0.5813510682163827,3,43,86,112,42.5,1.5556094980284931,0,3,5,7,2.6,0.5813510682163827,1,19,26,31,14.399999999999999,3.9423372780315553,0,1,1,1,0.6,3.05180274422433,0,1,1,2,0.7
4718611022,0.13861363082271327,6,58,87,112,48.400000000000006,0.7458964469414362,1,3,6,7,3.2,0.48785623557973296,3,24,27,31,16.9,3.098148571741806,0,1,1,1,0.6,1.8651276000797805,0,1,1,2,0.7
4718611025,0.0,6,58,87,112,48.400000000000006,0.6934803559064767,1,3,6,7,3.2,0.3870022922912075,3,24,27,31,16.9,2.9912077344848194,0,1,1,1,0.6,1.7265399814691693,0,1,1,2,0.7
4718611026,0.38695539886532954,7,56,87,112,48.199999999999996,0.8495630019745638,1,3,6,7,3.2,0.5704751057769833,3,24,27,31,16.9,3.264745173763026,0,1,1,1,0.6,2.1101117262645572,0,1,1,2,0.7
4718611027,0.3012590645753315,5,53,87,114,46.7,0.946011374459321,1,3,6,7,3.2,0.6814321046790807,3,24,27,31,16.9,3.2906131898107525,0,1,1,1,0.6,1.9871652206324086,0,1,1,2,0.7
4718611028,0.6878355329581258,4,55,88,114,47.099999999999994,0.9149980130518444,2,4,6,7,3.9000000000000004,0.5568387233066566,1,21,27,31,15.200000000000001,1.5504328169625656,0,1,1,1,0.6,0.9149980130518444,1,1,1,2,1.1
4718611029,0.5794844143972893,4,55,88,114,47.099999999999994,0.979083223827643,1,4,6,7,3.5,0.7282604566607337,1,22,27,31,15.5,1.4818061631541588,0,1,1,1,0.6,1.161776999816341,0,1,1,2,0.7
4718611031,0.8874027527362204,2,39,89,115,41.800000000000004,2.5387388993018885,0,4,6,7,3.1,1.8233384529510248,0,15,27,31,13.0,4.937959833065371,0,1,1,1,0.6,3.5081874938940865,0,1,1,1,0.6
4718611032,0.5166740337201285,3,41,87,115,42.4,2.265992642539723,0,4,6,7,3.1,1.4333144428359366,0,16,27,31,13.299999999999999,4.699951452810322,0,1,1,1,0.6,3.445129369416474,0,1,1,2,0.7
4718611033,0.44645376634157025,5,48,86,112,44.800000000000004,1.3498878623574706,0,4,6,7,3.1,0.7197603761527505,1,22,27,31,15.5,3.7719521078464155,0,1,1,1,0.6,2.54357053816784,0,1,1,2,0.7
4718611034,0.0,3,43,87,112,42.7,1.749731006987571,0,4,6,7,3.1,0.9411557562380528,1,20,27,31,14.9,4.184574693385888,0,1,1,1,0.6,2.9883738636609642,0,1,1,2,0.7
4718611035,0.25716899952403116,2,42,87,114,42.2,1.7666463823358143,0,4,6,7,3.1,1.0725089923408146,0,21,27,31,14.799999999999999,4.182952292908135,0,1,1,1,0.6,2.8769487015259254,0,1,1,2,0.7
4718611036,0.0,7,55,87,112,47.9,0.9762622542272058,1,3,5,7,3.0000000000000004,0.0,2,23,26,31,16.0,3.3668902143378725,0,1,1,1,0.6,2.522218538463594,0,1,1,2,0.7
4718611037,0.7106571047782116,3,38,89,117,42.099999999999994,2.729713023256079,0,4,6,7,3.1,1.8467397649402972,0,14,27,31,12.700000000000001,5.16459870377695,0,0,1,1,0.3,3.890253402441339,0,1,1,2,0.7
4718611038,0.5304991418008058,2,44,86,114,42.599999999999994,1.8464751357217453,0,4,6,7,3.1,1.2709714619834886,0,21,27,31,14.799999999999999,4.22131349587065,0,1,1,1,0.6,2.8017205346850997,0,1,1,1,0.6
4718611039,0.6795807036573204,1,39,86,113,40.6,2.5541944053482903,0,3,5,7,2.6,0.5294319029153413,1,14,26,31,12.9,4.857927788776581,0,1,1,1,0.6,4.08760401567461,0,1,1,2,0.7
4718611040,0.2943100848376916,5,58,87,113,48.1,0.3697490810144516,1,3,6,7,3.2,0.0,2,24,27,31,16.499999999999996,2.6104394013851495,0,1,1,1,0.6,1.500199227234462,0,1,1,2,0.7
4718611041,0.0,1,37,86,115,40.199999999999996,2.748476666570534,0,3,5,7,2.6,1.1569348336487708,0,14,26,31,12.5,5.154680345967498,0,0,1,1,0.3,4.128562438128568,0,1,1,2,0.7
4718611042,0.9359567942546868,1,54,87,114,45.4,1.617301004776851,0,4,6,7,3.1,1.2660717285296648,0,24,27,31,15.7,3.6954704812672574,0,1,1,1,0.6,2.020610197514517,0,1,1,1,0.6
4718611043,0.48838576154800034,3,41,87,112,42.1,1.959733038263017,0,3,5,7,2.6,1.0125892577197388,0,18,26,31,13.7,4.376773043553412,0,1,1,1,0.6,3.356512710873156,0,1,1,2,0.7
4718612001,3.8113585199831417,0,1,38,99,17.8,13.734804421411432,0,0,1,8,1.0,13.388122839486417,0,0,10,30,5.0,14.817957379147177,0,0,1,1,0.3,16.57987876420573,0,0,0,2,0.2
4718612002,2.034388866578061,0,22,88,119,36.1,3.7641402630440184,0,1,5,7,1.9999999999999998,2.9896383968794873,0,8,25,31,10.499999999999998,7.683161123276585,0,0,1,1,0.3,6.265845236363697,0,0,1,1,0.3
4718612003,0.0,1,2,77,119,28.3,8.204506664389077,0,0,4,8,1.6,8.058098543877964,0,0,26,34,8.6,13.533167968508357,0,0,1,1,0.3,12.217382962310573,0,0,1,1,0.3
4718612004,2.8014303113427905,0,26,82,109,35.1,3.9792646325831607,0,1,5,8,2.0999999999999996,3.4173747748084446,0,7,25,30,10.1,4.595184096287793,0,1,1,1,0.6,6.421545199125058,0,0,1,2,0.4
4718701001,11.973631257339377,0,0,3,9,1.5,39.323363440816614,0,0,0,0,0.0,11.973631257339377,0,0,1,3,0.5,54.357217006214675,0,0,0,0,0.0,48.5239713163464,0,0,0,0,0.0
4718801001,6.841626253784351,0,0,3,36,4.2,12.416670947369235,0,0,1,2,0.4,10.052422517663306,0,0,1,9,1.1,32.664373965767645,0,0,0,0,0.0,18.670488329465137,0,0,0,1,0.1
4718901001,6.461666748092142,0,0,8,27,4.3,7.707607708432644,0,0,1,4,0.6000000000000001,9.448574968044799,0,0,2,4,0.8,50.81549891962741,0,0,0,0,0.0,6.461666748092142,0,0,1,1,0.3
4719001001,4.197635234881749,0,1,6,104,11.9,4.197635234881749,0,1,1,7,1.2000000000000002,4.602501056533889,0,1,2,29,3.6,24.20609358438723,0,0,0,1,0.1,21.736221455739503,0,0,0,2,0.2
4719101001,7.089119577511145,0,0,13,106,13.200000000000001,7.089119577511145,0,0,1,6,0.8,8.155699375718472,0,0,3,28,3.4,19.945007815430046,0,0,0,1,0.1,19.7932025683239,0,0,0,2,0.2
4719201001,4.7879805148915215,0,3,19,116,16.3,17.087787559727726,0,0,0,8,0.8,13.496459445170206,0,0,3,35,4.1,27.393720957841403,0,0,0,1,0.1,17.29842930547926,0,0,0,2,0.2
4719301001,0.0,1,5,61,124,26.5,7.8035941873217185,0,0,4,9,1.7,6.6003501448596555,0,0,18,36,7.199999999999999,15.318639388365579,0,0,0,1,0.1,13.558609831421379,0,0,1,2,0.4
4719401001,7.503987099708526,0,0,9,38,5.6,8.321737259288737,0,0,1,4,0.6000000000000001,8.321737259288737,0,0,2,9,1.3,35.949478334403544,0,0,0,0,0.0,31.72530612664507,0,0,0,0,0.0
4719501001,5.325760015768377,0,0,14,118,14.600000000000001,7.132268244978176,0,0,1,6,0.8,8.656583324443853,0,0,2,29,3.3000000000000003,17.79770882733041,0,0,0,1,0.1,17.096123407162686,0,0,0,1,0.1
4719601001,7.681844380827969,0,0,4,10,1.8,17.720528641991095,0,0,0,1,0.1,10.98578344006803,0,0,1,3,0.5,39.23295163881679,0,0,0,0,0.0,29.025876262287596,0,0,0,1,0.1
4719701001,0.0,1,2,3,13,2.9000000000000004,11.318688499867317,0,0,1,1,0.3,4.988283145738337,0,1,1,2,0.7,37.246401748624024,0,0,0,0,0.0,9.498551984410176,0,0,1,1,0.3
4719801001,9.69518331834217,0,0,3,9,1.5,38.24923059516847,0,0,0,0,0.0,9.69518331834217,0,0,1,3,0.5,48.29221732655576,0,0,0,0,0.0,44.63104520742467,0,0,0,0,0.0
4719901001,7.356719476057975,0,0,2,13,1.7000000000000002,27.974017747830423,0,0,0,1,0.1,8.278336549845688,0,0,1,3,0.5,50.77392542075451,0,0,0,0,0.0,36.41496543523565,0,0,0,0,0.0
4720001001,9.699184297229733,0,0,1,24,2.6,22.61460892156211,0,0,0,1,0.1,21.756957195383496,0,0,0,3,0.30000000000000004,36.19926725824452,0,0,0,0,0.0,36.84079837462435,0,0,0,0,0.0
4720301001,4.917435015433054,0,2,3,13,2.5,24.639019937531543,0,0,0,1,0.1,7.06504340770252,0,0,1,3,0.5,37.18998638863078,0,0,0,0,0.0,33.36185592981911,0,0,0,0,0.0
4720401001,5.8149663629136406,0,0,5,19,2.9000000000000004,12.035485016930833,0,0,1,2,0.4,6.785206259987537,0,0,2,5,0.9,36.68336222447858,0,0,0,0,0.0,35.45561698081391,0,0,0,0,0.0
4720501001,11.342718622873539,0,0,3,9,1.5,20.456985041859877,0,0,0,1,0.1,13.339741802229952,0,0,1,4,0.6000000000000001,48.5451257004407,0,0,0,0,0.0,20.358744434586804,0,0,0,1,0.1
4720601001,6.089945031433673,0,0,2,30,3.4000000000000004,24.54354181377265,0,0,0,3,0.30000000000000004,24.26688038923133,0,0,0,3,0.30000000000000004,34.915109203848175,0,0,0,0,0.0,34.86107240355164,0,0,0,0,0.0
4720701001,9.442807188875364,0,0,2,10,1.4,20.135910480124743,0,0,0,1,0.1,14.429585714496595,0,0,1,2,0.4,40.93929905070863,0,0,0,0,0.0,11.650020366292642,0,0,1,1,0.3
4720801001,8.063250883141194,0,0,3,10,1.6,35.93190623943317,0,0,0,0,0.0,10.874456196078254,0,0,1,2,0.4,54.73341139193325,0,0,0,0,0.0,44.44216911956523,0,0,0,0,0.0
4720901001,8.567073042305864,0,0,1,12,1.4000000000000001,26.69427772043892,0,0,0,1,0.1,18.105941110621874,0,0,0,4,0.4,56.97343219954736,0,0,0,0,0.0,31.65952751458294,0,0,0,0,0.0
4721001001,11.253893666614324,0,0,3,25,3.1,13.202129092199797,0,0,1,2,0.4,10.429935133655684,0,0,1,4,0.6000000000000001,37.70186530844222,0,0,0,0,0.0,26.300221005596782,0,0,0,1,0.1
4721101001,8.774472603543762,0,0,2,12,1.6,40.105132025028354,0,0,0,0,0.0,15.486542501373044,0,0,0,2,0.2,54.32803198420748,0,0,0,0,0.0,47.998984863231,0,0,0,0,0.0
4721201001,10.143303942986787,0,0,4,84,9.2,9.137025156420796,0,0,1,5,0.7,16.338503189533967,0,0,0,27,2.7,23.879405633517916,0,0,0,1,0.1,18.376736071297213,0,0,0,3,0.30000000000000004
4721301001,3.639443432469247,0,1,2,17,2.4,17.946820890704092,0,0,0,2,0.2,17.195179866786344,0,0,0,5,0.5,40.25086183192286,0,0,0,0,0.0,21.12517397860121,0,0,0,1,0.1
4721401001,0.0,1,1,4,11,2.6,28.57604586592008,0,0,0,1,0.1,0.0,1,1,1,3,1.2,43.98240179363292,0,0,0,0,0.0,39.147081677766664,0,0,0,0,0.0
4721501001,11.63028448456525,0,0,3,12,1.7999999999999998,21.408720283877276,0,0,0,1,0.1,14.94882167691907,0,0,1,4,0.6000000000000001,50.936583281765714,0,0,0,0,0.0,24.085118474969487,0,0,0,1,0.1
4721601001,6.907810500052893,0,0,24,109,15.7,9.504054157317466,0,0,1,8,1.0,9.707051566861509,0,0,6,29,4.1,17.58739880557394,0,0,0,1,0.1,17.538318680564938,0,0,0,2,0.2
4721701001,0.0,1,2,67,108,25.200000000000003,11.953790943024302,0,0,4,8,1.6,11.29184116058812,0,0,22,30,7.3999999999999995,12.41821557588991,0,0,1,1,0.3,13.965180886001818,0,0,1,2,0.4
4721701002,0.0,1,3,74,107,26.8,9.307893522760999,0,0,5,8,1.8,8.068288998149878,0,0,25,30,8.0,9.250688320368926,0,0,1,1,0.3,10.621998952941631,0,0,1,2,0.4
4721801001,0.0,1,1,33,119,19.2,11.834327530092713,0,0,2,9,1.3,6.63666781096411,0,0,7,35,4.9,19.08126632937113,0,0,0,1,0.1,17.831773525980065,0,0,0,2,0.2
4721901001,7.1334319608372105,0,0,2,10,1.4,34.334918462625474,0,0,0,0,0.0,7.1334319608372105,0,0,1,1,0.3,50.561234361607696,0,0,0,0,0.0,43.83177404258593,0,0,0,0,0.0
4722001001,11.662506520986451,0,0,2,12,1.6,27.384175884687288,0,0,0,2,0.2,11.662506520986451,0,0,1,3,0.5,48.14843033167828,0,0,0,0,0.0,19.21064960725914,0,0,0,1,0.1
4722101001,9.87117501116571,0,0,7,108,12.200000000000001,15.763869779023379,0,0,0,7,0.7000000000000001,17.38766580999661,0,0,0,30,3.0,21.394954211190157,0,0,0,1,0.1,21.51803620765131,0,0,0,1,0.1
4722201001,5.637996066890047,0,0,3,12,1.7999999999999998,8.693234097657077,0,0,1,1,0.3,8.114510710741307,0,0,1,2,0.4,38.7138134539246,0,0,0,0,0.0,19.154017285526997,0,0,0,1,0.1
4722301001,11.969690896949928,0,0,1,10,1.2,25.114204944566822,0,0,0,2,0.2,17.084203047024303,0,0,0,4,0.4,44.26598376195384,0,0,0,0,0.0,16.846605490709138,0,0,0,1,0.1
4722401001,6.146271120925276,0,0,34,114,18.2,11.866531502100235,0,0,2,7,1.1,12.82290097301664,0,0,12,30,5.3999999999999995,15.24406100877321,0,0,0,1,0.1,15.382380062625963,0,0,0,1,0.1
4722501001,5.071657718063885,0,0,3,93,9.9,13.032986395705842,0,0,1,7,0.9000000000000001,11.667925478489918,0,0,1,25,2.7,28.019044510419516,0,0,0,1,0.1,13.78178419396864,0,0,1,2,0.4
4722601001,10.127574359831597,0,0,6,106,11.8,14.156127230371292,0,0,1,7,0.9000000000000001,15.590347705485117,0,0,0,29,2.9000000000000004,23.748634415303837,0,0,0,1,0.1,23.387738454494798,0,0,0,1,0.1
4722701001,10.985374385394504,0,0,1,12,1.4000000000000001,21.540170615586153,0,0,0,1,0.1,17.7959871044597,0,0,0,5,0.5,45.29773515803301,0,0,0,0,0.0,19.68317297359256,0,0,0,1,0.1
4722801001,6.07043808396574,0,0,11,31,5.3,5.404671903228012,0,0,1,2,0.4,8.468340911372975,0,0,2,5,0.9,44.439191954993206,0,0,0,0,0.0,7.779841936978312,0,0,1,1,0.3
4722901001,4.747865939626951,0,1,2,13,2.0,30.531148707886864,0,0,0,0,0.0,17.47484113717296,0,0,0,4,0.4,58.982467584713916,0,0,0,0,0.0,35.937202077939375,0,0,0,0,0.0
4723001001,5.826798267346258,0,0,30,105,16.5,15.226601189494858,0,0,0,8,0.8,12.447105190344862,0,0,9,30,4.8,15.697417791902081,0,0,0,1,0.1,14.47657663221444,0,0,1,2,0.4
4723101001,1.9858578371325275,0,8,79,108,29.0,7.034582485962182,0,0,5,8,1.8,5.4007796423129815,0,0,25,30,8.0,7.340841333000717,0,0,1,1,0.3,8.385221882046691,0,0,1,2,0.4
4723101002,2.2626906738920143,0,20,81,111,33.3,5.251763171183944,0,0,5,8,1.8,3.1690645483549895,0,8,26,31,10.7,6.169270261691545,0,0,1,1,0.3,6.773063446718496,0,0,1,2,0.4
4723101003,0.0,1,20,84,113,34.5,5.622698599602108,0,0,5,8,1.8,4.232931450072036,0,5,25,31,9.6,5.505955091047159,0,0,1,1,0.3,6.774693681698221,0,0,1,2,0.4
4723101004,0.0,1,44,84,111,41.5,3.341904122124444,0,3,5,8,2.7,1.9893268324425382,0,16,26,31,13.1,3.9091462492170956,0,1,1,1,0.6,4.6909691101318876,0,1,1,2,0.7
4723201001,6.024222061562818,0,0,8,44,6.0,11.653983008132942,0,0,1,5,0.7,7.833763624564661,0,0,3,11,1.7,42.819185263570844,0,0,0,0,0.0,14.384179890355172,0,0,1,2,0.4
4900201001,12.889659398160388,0,0,2,23,2.7,12.648296146827445,0,0,1,2,0.4,13.223555363343282,0,0,1,10,1.2,31.091599813168003,0,0,0,0,0.0,28.181947933554618,0,0,0,1,0.1
4900301001,0.0,2,2,3,5,2.5,39.7133150148744,0,0,0,0,0.0,0.0,1,1,1,1,1.0,56.36986584402553,0,0,0,0,0.0,56.88445421299369,0,0,0,0,0.0
4900401001,6.444948701810676,0,0,4,29,3.7,24.97361616716528,0,0,0,1,0.1,15.808553278848294,0,0,0,7,0.7000000000000001,37.64252859701385,0,0,0,0,0.0,59.41125451858424,0,0,0,0,0.0
4900501001,5.403474827622123,0,0,4,13,2.1,36.42426177536761,0,0,0,0,0.0,10.939795735098514,0,0,1,3,0.5,35.10483674017879,0,0,0,0,0.0,38.45749453491408,0,0,0,0,0.0
4900601001,8.686652191051701,0,0,23,34,8.0,13.565849044282611,0,0,2,3,0.7,4.656049081473398,0,1,8,11,3.0,15.232763752316307,0,0,0,1,0.1,12.208234100629289,0,0,1,1,0.3
4900701001,0.0,1,1,16,35,7.4,13.46022819717551,0,0,2,2,0.6,13.12223858028217,0,0,5,11,2.1,13.625780166749747,0,0,1,1,0.3,15.809452541246813,0,0,0,1,0.1
4900801001,0.0,1,1,6,13,3.2,37.757227107372664,0,0,0,0,0.0,11.709776762976265,0,0,2,3,0.7,36.77054641950095,0,0,0,0,0.0,40.03035150065144,0,0,0,0,0.0
4900901001,11.957882942622437,0,0,22,32,7.6,13.009699959391543,0,0,2,2,0.6,13.111489802702156,0,0,7,9,2.3000000000000003,14.707514765086952,0,0,1,1,0.3,13.651207353435979,0,0,1,1,0.3
4901001001,2.718187555205669,0,6,26,37,10.7,6.240717634622343,0,0,2,3,0.7,5.6705652548837255,0,0,9,12,3.0,5.696552644154102,0,0,1,1,0.3,6.929133720924953,0,0,1,1,0.3
4901101001,5.720357116335318,0,0,12,23,4.699999999999999,6.910300226146116,0,0,1,1,0.3,6.889556650759753,0,0,3,6,1.2,50.116369372345176,0,0,0,0,0.0,47.173023407381045,0,0,0,0,0.0
4901201001,8.18084764494044,0,0,3,10,1.6,39.28439444994365,0,0,0,0,0.0,8.18084764494044,0,0,2,2,0.6,39.40523776448914,0,0,0,0,0.0,41.614374899366226,0,0,0,0,0.0
4901301001,9.272598030899166,0,0,5,40,5.0,26.22692106834796,0,0,0,3,0.30000000000000004,9.906535262869824,0,0,1,12,1.4000000000000001,25.312259132435777,0,0,0,1,0.1,26.946758506234286,0,0,0,1,0.1
4901401001,9.958103347264382,0,0,2,32,3.6,24.264515109566542,0,0,0,3,0.30000000000000004,19.727669189910998,0,0,0,11,1.1,26.102096177472756,0,0,0,1,0.1,22.80254702412673,0,0,0,1,0.1
4901501001,5.785462242411499,0,0,4,27,3.5,21.86077740256643,0,0,0,1,0.1,15.426070373911333,0,0,0,7,0.7000000000000001,40.44970949152817,0,0,0,0,0.0,60.272058160657146,0,0,0,0,0.0
4901601001,15.276806127186834,0,0,0,35,3.5,21.678982650595678,0,0,0,3,0.30000000000000004,15.225087366347681,0,0,0,12,1.2000000000000002,23.529823846784442,0,0,0,1,0.1,20.17997196525771,0,0,0,1,0.1
4901701001,6.158241278761446,0,0,2,7,1.1,11.714536355700929,0,0,1,1,0.3,11.714536355700929,0,0,1,1,0.3,55.16590006107847,0,0,0,0,0.0,57.42615441551485,0,0,0,0,0.0
4901801001,9.840566347628819,0,0,5,12,2.2,36.374168362263106,0,0,0,0,0.0,14.349045083650301,0,0,1,3,0.5,35.81428546736178,0,0,0,0,0.0,64.08734699653951,0,0,0,0,0.0
4901901001,6.273972459326148,0,0,12,20,4.3999999999999995,7.666400381243282,0,0,1,1,0.3,6.273972459326148,0,0,3,5,1.0999999999999999,49.817365197263314,0,0,0,0,0.0,46.70673918537123,0,0,0,0,0.0
4902001001,12.039206035640682,0,0,2,12,1.6,21.84102683972976,0,0,0,1,0.1,12.039206035640682,0,0,1,5,0.7,36.074437065877426,0,0,0,0,0.0,32.048691258738906,0,0,0,0,0.0
4902101001,0.0,1,9,12,22,7.699999999999999,2.0753670036881897,0,1,1,1,0.6,3.852233257059947,0,3,3,5,1.9999999999999998,56.85136404633841,0,0,0,0,0.0,53.88958248956188,0,0,0,0,0.0
4902101002,0.25074753999399607,3,8,12,22,8.2,0.529118306151771,1,1,1,1,1.0,2.3548015271969245,0,3,3,5,1.9999999999999998,56.959849643783066,0,0,0,0,0.0,53.951463389425115,0,0,0,0,0.0
4902101003,0.0,4,8,12,22,8.600000000000001,0.776058988681722,1,1,1,1,1.0,2.5832877047574634,0,3,3,5,1.9999999999999998,57.171229187652635,0,0,0,0,0.0,54.16637023624978,0,0,0,0,0.0
4902101004,0.0,3,8,12,22,8.2,0.8258315477742253,1,1,1,1,1.0,2.370339068271815,0,3,3,5,1.9999999999999998,57.410205366219635,0,0,0,0,0.0,54.392712685804064,0,0,0,0,0.0
4902101005,0.0,3,8,12,22,8.2,1.4699596581066898,0,1,1,1,0.6,3.0660809927263766,0,3,3,5,1.9999999999999998,57.98933541793389,0,0,0,0,0.0,54.982129441421236,0,0,0,0,0.0
4902101006,0.1859476150302382,4,8,12,22,8.600000000000001,0.9102773767687641,1,1,1,1,1.0,2.672064471132538,0,3,3,5,1.9999999999999998,57.355526529590826,0,0,0,0,0.0,54.34994289701378,0,0,0,0,0.0
4902101007,0.3340452420568643,3,9,12,22,8.5,0.7151919747443255,1,1,1,1,1.0,2.5579540877795113,0,3,3,5,1.9999999999999998,56.87199963718965,0,0,0,0,0.0,53.87123840320278,0,0,0,0,0.0
4902102001,0.43036322131529037,3,8,12,24,8.4,0.3701508768057136,1,1,1,1,1.0,2.1531711290951803,0,3,3,6,2.0999999999999996,56.918459815738295,0,0,0,0,0.0,53.9044194160187,0,0,0,0,0.0
4902102002,0.49562889208042804,1,8,12,24,7.6000000000000005,0.631060207952505,1,1,1,1,1.0,1.811269698571628,0,3,3,6,2.0999999999999996,55.9752338282053,0,0,0,0,0.0,52.961581331578934,0,0,0,0,0.0
4902102003,0.36406671130367163,3,8,12,24,8.4,0.0,1,1,1,1,1.0,1.8442356936748567,0,3,3,6,2.0999999999999996,56.58522865164166,0,0,0,0,0.0,53.56703284536546,0,0,0,0,0.0
4902102004,0.0,1,8,12,24,7.6000000000000005,1.8442356936748567,0,1,1,1,0.6,0.0,3,3,3,6,3.3,55.7535782049889,0,0,0,0,0.0,52.693037160938324,0,0,0,0,0.0
4902102005,0.0,2,9,12,22,8.1,2.2490555819212315,0,1,1,1,0.6,3.4175399180777055,0,3,3,5,1.9999999999999998,58.29261387825337,0,0,0,0,0.0,55.8029716215648,0,0,0,0,0.0
4902102006,2.179849839120658,0,8,12,23,7.1,2.82434582992231,0,1,1,1,0.6,2.179849839120658,0,3,3,5,1.9999999999999998,57.74106362990966,0,0,0,0,0.0,54.65813691909761,0,0,0,0,0.0
4902103001,0.3396305529051373,3,8,12,24,8.4,0.16773960927892365,1,1,1,1,1.0,2.0052610871135275,0,3,3,6,2.0999999999999996,56.70317760400784,0,0,0,0,0.0,53.688106271047225,0,0,0,0,0.0
4902103002,0.0,2,8,12,24,8.0,0.36406671130367163,1,1,1,1,1.0,2.09155252836692,0,3,3,6,2.0999999999999996,56.440510154753085,0,0,0,0,0.0,53.43129144393868,0,0,0,0,0.0
4902201001,9.98516295130173,0,0,2,36,4.0,16.318616735681402,0,0,0,3,0.30000000000000004,10.304482607143665,0,0,3,12,1.7999999999999998,18.164266021096566,0,0,0,1,0.1,14.820894616801695,0,0,1,1,0.3
4902301001,0.0,2,2,4,13,3.5,31.570614726069163,0,0,0,0,0.0,0.0,1,1,2,3,1.4000000000000001,31.078423198962355,0,0,0,0,0.0,33.98139098860102,0,0,0,0,0.0
4902401001,0.0,1,1,6,26,4.5,21.198140221489563,0,0,0,1,0.1,13.076517299473513,0,0,1,4,0.6000000000000001,34.57813325623191,0,0,0,0,0.0,34.720286403079186,0,0,0,0,0.0
4902501001,6.30162877400131,0,0,4,19,2.7,16.356745675800838,0,0,0,1,0.1,16.056711544023972,0,0,0,5,0.5,41.01255715131942,0,0,0,0,0.0,38.17834964702175,0,0,0,0,0.0
4902601001,3.068379665813585,0,1,4,18,2.9000000000000004,15.560830595830257,0,0,0,1,0.1,15.643100827844625,0,0,0,4,0.4,43.26978972837663,0,0,0,0,0.0,40.547614859895866,0,0,0,0,0.0
4902701001,5.461607430244065,0,0,3,16,2.2,31.515490556608906,0,0,0,0,0.0,6.050562198318132,0,0,1,3,0.5,43.77078909025179,0,0,0,0,0.0,65.64144315787055,0,0,0,0,0.0
4902801001,7.732040582158169,0,0,5,24,3.4000000000000004,17.07440607655054,0,0,0,1,0.1,12.182352270908673,0,0,1,4,0.6000000000000001,48.52533976856665,0,0,0,0,0.0,59.21465143604214,0,0,0,0,0.0
4902901001,0.0,1,1,7,20,4.1,14.258748011060616,0,0,1,1,0.3,14.687691659208602,0,0,3,4,0.9999999999999999,46.09964936181327,0,0,0,0,0.0,43.4290486180287,0,0,0,0,0.0
4903001001,17.120316097752525,0,0,0,20,2.0,17.39898241923794,0,0,0,1,0.1,17.120316097752525,0,0,0,7,0.7000000000000001,31.73448147874879,0,0,0,0,0.0,28.59378890605922,0,0,0,1,0.1
4903101001,7.367047761954263,0,0,2,39,4.3,22.20137683805769,0,0,0,2,0.2,21.283564767667276,0,0,0,12,1.2000000000000002,20.58031429891663,0,0,0,1,0.1,23.82810245248493,0,0,0,1,0.1
4903201001,8.464011527827704,0,0,3,11,1.7,35.49815608410473,0,0,0,0,0.0,8.464011527827704,0,0,1,1,0.3,53.7544381989559,0,0,0,0,0.0,58.960353734291544,0,0,0,0,0.0
4903301001,0.0,1,1,4,21,3.6,28.193918911343776,0,0,0,1,0.1,0.0,1,1,1,4,1.3,49.36790088105197,0,0,0,0,0.0,59.595004401495565,0,0,0,0,0.0
4903401001,8.184029779030478,0,0,4,23,3.1,33.19921671895968,0,0,0,0,0.0,14.18605559989036,0,0,1,2,0.4,35.52997313564358,0,0,0,0,0.0,31.75131928228759,0,0,0,0,0.0
4903501001,10.87417225690515,0,0,4,13,2.1,28.351357471422126,0,0,0,2,0.2,10.87417225690515,0,0,1,6,0.8,36.071664044192836,0,0,0,0,0.0,32.721532092772335,0,0,0,0,0.0
4903601001,0.0,1,1,2,26,3.7,25.412275662797548,0,0,0,2,0.2,25.577915606321657,0,0,0,8,0.8,26.8741433441254,0,0,0,1,0.1,26.52461418703965,0,0,0,1,0.1
4903701001,7.76509917225681,0,0,5,11,2.1,31.467450713603373,0,0,0,0,0.0,14.488382569518178,0,0,1,3,0.5,44.24092929126099,0,0,0,0,0.0,47.45520503589216,0,0,0,0,0.0
4903801001,6.559815246181629,0,0,18,38,7.3999999999999995,14.84171722778347,0,0,2,2,0.6,14.026775461589061,0,0,4,11,1.9,13.158724552129948,0,0,1,1,0.3,16.18725107444269,0,0,0,1,0.1
4903901001,3.4515178028664324,0,4,27,37,10.299999999999999,10.16339959976318,0,0,2,3,0.7,9.57426300357331,0,0,9,12,3.0,9.402048471357885,0,0,1,1,0.3,10.883235586866538,0,0,1,1,0.3
4904001001,5.6641087787469795,0,0,6,19,3.0999999999999996,31.23106797948567,0,0,0,0,0.0,16.781248938395,0,0,0,3,0.30000000000000004,43.06171323703082,0,0,0,0,0.0,32.71703129058193,0,0,0,0,0.0
4904101001,5.244212490882112,0,0,10,22,4.2,7.004936315778357,0,0,1,1,0.3,5.244212490882112,0,0,3,5,1.0999999999999999,55.46298342237766,0,0,0,0,0.0,51.38721727329237,0,0,0,0,0.0
4904201001,11.302009677177555,0,0,2,26,3.0000000000000004,26.623688961128064,0,0,0,3,0.30000000000000004,16.264682861622557,0,0,0,10,1.0,30.822199412869807,0,0,0,0,0.0,27.469433423598325,0,0,0,1,0.1
4904301001,5.019422797040268,0,0,1,21,2.3,27.312947822001654,0,0,0,1,0.1,13.26120462142328,0,0,1,7,0.9000000000000001,63.36154580036231,0,0,0,0,0.0,35.19727209194392,0,0,0,0,0.0
4904401001,4.09554876806131,0,2,26,37,9.499999999999998,11.16075549653805,0,0,2,3,0.7,10.529478109696155,0,0,8,12,2.8,9.906759918104157,0,0,1,1,0.3,12.216334718882957,0,0,1,1,0.3
4904601001,10.646340804401035,0,0,4,18,2.6,19.187582341156663,0,0,0,1,0.1,10.646340804401035,0,0,1,5,0.7,49.85326535228101,0,0,0,0,0.0,39.43191751596798,0,0,0,0,0.0
4904701001,13.173429015337229,0,0,2,35,3.9000000000000004,20.379336977756164,0,0,0,3,0.30000000000000004,16.560174532352605,0,0,0,11,1.1,22.20956230981427,0,0,0,1,0.1,18.92817333075973,0,0,0,1,0.1
4904801001,11.639030457711865,0,0,1,7,0.9000000000000001,15.740269548927566,0,0,0,1,0.1,15.740269548927566,0,0,0,1,0.1,55.70917808502519,0,0,0,0,0.0,62.458046704416184,0,0,0,0,0.0
4905001001,7.266254255492991,0,0,4,6,1.4,12.257972295881537,0,0,1,1,0.3,12.257972295881537,0,0,1,1,0.3,55.85756409865179,0,0,0,0,0.0,55.4510793564679,0,0,0,0,0.0
4905201001,5.254670889967714,0,0,4,27,3.5,17.075515622270732,0,0,0,1,0.1,18.881834725370965,0,0,0,7,0.7000000000000001,43.2831714027426,0,0,0,0,0.0,58.25436184572846,0,0,0,0,0.0
4905301001,6.066908031928749,0,0,28,36,9.200000000000001,10.329680279232715,0,0,2,3,0.7,0.0,1,1,9,11,3.6,11.735558563550367,0,0,1,1,0.3,9.231155809838215,0,0,1,1,0.3
4905401001,0.0,1,1,5,40,5.7,20.874065814977758,0,0,0,2,0.2,19.91549675617361,0,0,0,11,1.1,19.3209270223606,0,0,0,1,0.1,22.107270821852516,0,0,0,1,0.1
4905501001,7.981658936787983,0,0,2,9,1.3,28.608218678725887,0,0,0,1,0.1,7.981658936787983,0,0,1,2,0.4,50.680442325798936,0,0,0,0,0.0,22.324946428390113,0,0,0,1,0.1
4905601001,5.55717528078002,0,0,21,33,7.5,8.740069039175136,0,0,2,2,0.6,8.079534542860056,0,0,9,9,2.6999999999999997,10.54900650485712,0,0,1,1,0.3,8.079534542860056,0,0,1,1,0.3
4905701001,8.754071648870465,0,0,2,10,1.4,37.31030197313083,0,0,0,0,0.0,18.758152003332963,0,0,0,3,0.30000000000000004,36.5239997950089,0,0,0,0,0.0,59.230585650996495,0,0,0,0,0.0
4905801001,0.0,1,1,2,41,5.2,28.473397717807597,0,0,0,2,0.2,16.011373026698738,0,0,0,11,1.1,26.943257776434713,0,0,0,1,0.1,29.677825285238107,0,0,0,1,0.1
4905901001,5.674174877690644,0,0,3,38,4.4,23.916573783644107,0,0,0,2,0.2,14.330936451517028,0,0,1,11,1.3,22.620028821564063,0,0,0,1,0.1,24.942537759313414,0,0,0,1,0.1
4906101001,2.2120260744135654,0,2,28,35,9.7,7.97074663967172,0,0,2,2,0.6,7.055037461186572,0,0,8,10,2.6,6.2876709690970625,0,0,1,1,0.3,9.532490463888067,0,0,1,1,0.3
4906201001,15.435706260076667,0,0,0,7,0.7000000000000001,21.503009127220217,0,0,0,1,0.1,21.503009127220217,0,0,0,1,0.1,44.397295571945456,0,0,0,0,0.0,49.2013558904183,0,0,0,0,0.0
4906301001,8.716900433279063,0,0,2,21,2.5,22.97109383572059,0,0,0,1,0.1,21.326336155926604,0,0,0,4,0.4,41.13773768114541,0,0,0,0,0.0,38.855258438097025,0,0,0,0,0.0
4906401001,6.833195174727555,0,0,1,9,1.1,43.77554851503162,0,0,0,0,0.0,6.833195174727555,0,0,1,2,0.4,44.016055051757675,0,0,0,0,0.0,46.327074382510986,0,0,0,0,0.0
4906501001,0.0,1,1,2,8,1.9000000000000001,30.05155012926143,0,0,0,0,0.0,15.629258258847731,0,0,0,2,0.2,57.20262420149706,0,0,0,0,0.0,59.86681284359652,0,0,0,0,0.0
4906601001,0.0,1,1,4,11,2.6,34.1189405905877,0,0,0,0,0.0,13.033533472091296,0,0,1,1,0.3,52.15376164241958,0,0,0,0,0.0,50.631740690602875,0,0,0,0,0.0
4906701001,8.325802896253547,0,0,2,9,1.3,34.58443238980206,0,0,0,0,0.0,19.090508388816897,0,0,0,2,0.2,59.91429720088117,0,0,0,0,0.0,58.866520804437656,0,0,0,0,0.0
4906801001,7.948163168951297,0,0,3,12,1.7999999999999998,38.9689010969116,0,0,0,0,0.0,24.85899380526263,0,0,0,2,0.2,41.276291777452876,0,0,0,0,0.0,40.17380866264578,0,0,0,0,0.0
4906901001,12.962955079201222,0,0,1,6,0.8,19.259517464750814,0,0,0,1,0.1,19.259517464750814,0,0,0,2,0.2,72.73242676218275,0,0,0,0,0.0,72.704258126458,0,0,0,0,0.0
4907101001,0.0,1,1,1,9,1.8,39.425614715735726,0,0,0,0,0.0,15.858129496885006,0,0,0,1,0.1,40.5117379941971,0,0,0,0,0.0,41.06344554499549,0,0,0,0,0.0
4907501001,2.986940867233652,0,1,12,25,5.2,12.306787829016855,0,0,1,1,0.3,14.087284025880788,0,0,3,8,1.4,47.7196846436964,0,0,0,0,0.0,59.738005495633274,0,0,0,0,0.0
4907601001,7.725230388140435,0,0,15,37,6.7,14.476649174405923,0,0,2,3,0.7,4.354886401218817,0,1,7,11,2.8,16.000276544707294,0,0,0,1,0.1,13.58519501230915,0,0,1,1,0.3
4907701001,10.125203688411835,0,0,3,32,3.8000000000000003,27.54098993839339,0,0,0,2,0.2,10.125203688411835,0,0,1,10,1.2,26.523586717606673,0,0,0,1,0.1,29.795074537280897,0,0,0,1,0.1
4907801001,5.066865252255533,0,0,3,21,2.7,18.397264491173125,0,0,0,1,0.1,17.922261624793972,0,0,0,4,0.4,46.29900211041928,0,0,0,0,0.0,43.87322220436552,0,0,0,0,0.0
4907901001,5.986784693423797,0,0,4,21,2.9000000000000004,30.23360687615581,0,0,0,0,0.0,12.7698165465382,0,0,1,3,0.5,36.904178892746486,0,0,0,0,0.0,63.68554667026908,0,0,0,0,0.0
4908001001,0.0,1,1,5,24,4.1000000000000005,31.15404084744147,0,0,0,0,0.0,11.446567092577927,0,0,1,3,0.5,40.63854795933633,0,0,0,0,0.0,36.91261782288067,0,0,0,0,0.0
4908101001,0.0,1,2,4,25,4.300000000000001,30.579720456679226,0,0,0,0,0.0,5.335710371942923,0,0,1,2,0.4,34.682951079995554,0,0,0,0,0.0,34.687569686612306,0,0,0,0,0.0
4908102001,5.335710371942923,0,0,3,38,4.4,30.255551257818695,0,0,0,0,0.0,0.0,1,1,1,9,1.8,33.41328002459394,0,0,0,0,0.0,29.970687294804065,0,0,0,1,0.1
4908201001,7.4654969238613775,0,0,12,25,4.8999999999999995,9.400801678258377,0,0,1,1,0.3,8.129021656539916,0,0,4,5,1.3,59.64345165377619,0,0,0,0,0.0,50.98946618707959,0,0,0,0,0.0
4908301001,13.674176545984533,0,0,4,36,4.4,13.338538006770523,0,0,1,3,0.5,14.100987060874457,0,0,1,12,1.4000000000000001,26.57820783539992,0,0,0,1,0.1,23.593097682819135,0,0,0,1,0.1
4908401001,8.129625744925537,0,0,7,38,5.2,21.764517026561983,0,0,0,3,0.30000000000000004,14.58337779108047,0,0,1,12,1.4000000000000001,20.71764328234239,0,0,0,1,0.1,22.602047462381584,0,0,0,1,0.1
4908501001,0.0,1,1,1,7,1.6,18.03290961739643,0,0,0,1,0.1,18.03290961739643,0,0,0,1,0.1,48.835523197110376,0,0,0,0,0.0,48.60862855667091,0,0,0,0,0.0
4908601001,10.550258181399549,0,0,6,36,4.8,16.0603351519941,0,0,0,3,0.30000000000000004,7.593504573699095,0,0,3,12,1.7999999999999998,17.797824846966403,0,0,0,1,0.1,14.639047079577983,0,0,1,1,0.3
4908701001,10.756178398272931,0,0,2,9,1.3,42.89728225198919,0,0,0,0,0.0,17.5309093867731,0,0,0,1,0.1,44.32748670697758,0,0,0,0,0.0,44.01590170569696,0,0,0,0,0.0
4908801001,11.358452089112355,0,0,3,9,1.5,35.61417794357608,0,0,0,0,0.0,11.358452089112355,0,0,2,2,0.6,35.83918105694617,0,0,0,0,0.0,37.907570146277344,0,0,0,0,0.0
4909001001,0.0,1,1,19,37,8.2,14.584620563174939,0,0,1,3,0.5,14.02584438633304,0,0,5,12,2.2,13.982209649688691,0,0,1,1,0.3,15.124610665975242,0,0,0,1,0.1
4909101001,7.99819016350831,0,0,3,20,2.6,21.841818037619117,0,0,0,1,0.1,21.379009198989465,0,0,0,4,0.4,35.36247429665126,0,0,0,0,0.0,32.557007488376954,0,0,0,0,0.0
4909201001,6.294289591633801,0,0,4,24,3.2,20.63889585825155,0,0,0,1,0.1,9.004914886511779,0,0,1,6,0.8,47.01703400532385,0,0,0,0,0.0,60.50673492904102,0,0,0,0,0.0
4909301001,0.0,1,2,4,24,4.2,25.805908079550672,0,0,0,1,0.1,9.459292643884817,0,0,1,4,0.6000000000000001,31.5084068727324,0,0,0,0,0.0,32.36551557311873,0,0,0,0,0.0
4909401001,7.4708097191511005,0,0,1,4,0.6000000000000001,24.392245598688874,0,0,0,1,0.1,24.392245598688874,0,0,0,1,0.1,68.65407140701475,0,0,0,0,0.0,69.0470849264801,0,0,0,0,0.0
4909501001,7.828300351546348,0,0,23,33,7.8999999999999995,8.839922354923335,0,0,2,2,0.6,8.950749838280544,0,0,8,9,2.5,10.526521114783511,0,0,1,1,0.3,9.635967967411016,0,0,1,1,0.3
4909601001,3.201092530571371,0,1,10,37,6.0,15.917806588720294,0,0,0,3,0.30000000000000004,15.311988380624225,0,0,0,12,1.2000000000000002,14.976901817510818,0,0,1,1,0.3,16.703766099318848,0,0,0,1,0.1
4909701001,9.509643358997877,0,0,1,6,0.8,31.37420054900374,0,0,0,0,0.0,25.918457265421615,0,0,0,1,0.1,37.57619295386188,0,0,0,0,0.0,53.44693850021769,0,0,0,0,0.0
4909801001,6.9032823732566,0,0,2,10,1.4,32.12156904888308,0,0,0,0,0.0,24.91311263756373,0,0,0,1,0.1,33.514455067787985,0,0,0,0,0.0,33.334184025909884,0,0,0,0,0.0
4909901001,8.531114278490165,0,0,2,11,1.5,33.42373528868454,0,0,0,0,0.0,27.1269154432876,0,0,0,1,0.1,34.9824932409796,0,0,0,0,0.0,34.29638252169988,0,0,0,0,0.0
4910001001,0.0,1,1,1,4,1.3,24.712616734432896,0,0,0,1,0.1,24.712616734432896,0,0,0,1,0.1,61.58156665923879,0,0,0,0,0.0,62.14918606632821,0,0,0,0,0.0
4910101001,9.300551261280898,0,0,3,10,1.6,33.31342425621268,0,0,0,0,0.0,9.300551261280898,0,0,2,2,0.6,33.33231090464582,0,0,0,0,0.0,35.677118610431826,0,0,0,0,0.0
4910201001,6.855167338056198,0,0,4,38,4.6000000000000005,27.988104763728167,0,0,0,2,0.2,10.310545316972684,0,0,1,11,1.3,26.76439148052436,0,0,0,1,0.1,28.948249009762556,0,0,0,1,0.1
4910301001,3.8620260941640088,0,2,28,39,10.1,12.544686476260498,0,0,2,3,0.7,8.126096369320983,0,0,9,12,3.0,12.866211862829516,0,0,1,1,0.3,12.376339083451402,0,0,1,1,0.3
4910401001,10.632077190690104,0,0,2,10,1.4,25.77123267137361,0,0,0,1,0.1,20.10580210738918,0,0,0,2,0.2,65.47291995862093,0,0,0,0,0.0,64.98507922718004,0,0,0,0,0.0
4910501001,6.450622641357329,0,0,10,31,5.1,15.366699007361863,0,0,0,1,0.1,17.06516081818103,0,0,0,8,0.8,44.534674898846774,0,0,0,0,0.0,56.34256920283611,0,0,0,0,0.0
4910701001,17.42158224055742,0,0,0,34,3.4000000000000004,17.170278636516016,0,0,0,3,0.30000000000000004,16.79832055660735,0,0,0,12,1.2000000000000002,27.51199789826729,0,0,0,1,0.1,24.333635932739544,0,0,0,1,0.1
4910801001,6.80627837060507,0,0,2,37,4.1,26.6792329587764,0,0,0,3,0.30000000000000004,25.94018883909483,0,0,0,13,1.3,29.942827065009375,0,0,0,1,0.1,26.998895038653394,0,0,0,1,0.1
4910901001,3.6745941235534945,0,1,12,25,5.2,7.701388770022917,0,0,1,1,0.3,9.541045414840253,0,0,3,5,1.0999999999999999,53.22440411274296,0,0,0,0,0.0,57.210576153406414,0,0,0,0,0.0
4911001001,11.371123787163324,0,0,2,5,0.9,12.404005892523944,0,0,1,1,0.3,12.404005892523944,0,0,1,1,0.3,63.054347041018275,0,0,0,0,0.0,67.4421279646473,0,0,0,0,0.0
4911101001,4.885109956857448,0,1,2,29,3.6,20.69397162371217,0,0,0,2,0.2,20.846627125944465,0,0,0,9,0.9,22.21747091258697,0,0,0,1,0.1,21.70958492547724,0,0,0,1,0.1
4911201001,16.07675428670428,0,0,0,6,0.6000000000000001,21.33091458211897,0,0,0,1,0.1,21.33091458211897,0,0,0,2,0.2,48.930964614194544,0,0,0,0,0.0,58.91187745992787,0,0,0,0,0.0
4911301001,3.8638685029275264,0,1,11,26,5.1,12.229859081991366,0,0,1,1,0.3,12.66161376229471,0,0,4,6,1.4,53.709683866421585,0,0,0,0,0.0,55.80719760514398,0,0,0,0,0.0
4911401001,9.217352940176529,0,0,4,38,4.6000000000000005,10.967420124414732,0,0,1,3,0.5,11.21942035014474,0,0,2,12,1.6,22.92485097953736,0,0,0,1,0.1,20.196532187269028,0,0,0,1,0.1
4911501001,7.273680566949947,0,0,2,40,4.4,29.54287622764405,0,0,0,2,0.2,22.341099866400906,0,0,0,9,0.9,27.83827727150325,0,0,0,1,0.1,30.96804047788065,0,0,0,0,0.0
4911601001,6.412547295873006,0,0,5,11,2.1,30.59707871505403,0,0,0,0,0.0,6.621750214845902,0,0,1,1,0.3,55.544537824616015,0,0,0,0,0.0,54.78668170547405,0,0,0,0,0.0
4911701001,10.347193259264927,0,0,6,22,3.4,16.292418705010153,0,0,0,1,0.1,12.46858408538169,0,0,1,4,0.6000000000000001,54.96976958483483,0,0,0,0,0.0,52.62398056796927,0,0,0,0,0.0
4911801001,4.963048893997758,0,1,11,23,4.800000000000001,10.030053535766008,0,0,1,1,0.3,10.115514099123835,0,0,3,6,1.2,47.68710681490747,0,0,0,0,0.0,44.82026291300608,0,0,0,0,0.0
4911901001,4.368540495367587,0,1,21,35,8.0,10.673328767903884,0,0,2,3,0.7,6.983062296619531,0,0,9,11,2.9,12.522588794933917,0,0,1,1,0.3,9.174657182214895,0,0,1,1,0.3
4912001001,7.691204231052993,0,0,2,8,1.2000000000000002,33.976034797810186,0,0,0,0,0.0,16.830094201593752,0,0,0,1,0.1,43.09905733965289,0,0,0,0,0.0,63.22486299111645,0,0,0,0,0.0
4912101001,18.059255968395163,0,0,0,9,0.9,22.530245238241097,0,0,0,1,0.1,22.530245238241097,0,0,0,2,0.2,53.834491816889084,0,0,0,0,0.0,65.68972423171738,0,0,0,0,0.0
4912201001,0.0,1,2,25,35,9.5,6.486284455296327,0,0,2,3,0.7,4.143806170750204,0,1,9,11,3.2,8.33956578916298,0,0,1,1,0.3,5.0035338565829255,0,0,1,1,0.3
4912301001,13.779491623959801,0,0,2,32,3.6,16.585291866171435,0,0,0,2,0.2,16.410376299635146,0,0,0,9,0.9,18.412504888560097,0,0,0,1,0.1,16.410376299635146,0,0,0,1,0.1
4912401001,10.556543298397871,0,0,4,28,3.6000000000000005,25.888344732685777,0,0,0,2,0.2,10.556543298397871,0,0,1,9,1.1,25.976238131696988,0,0,0,1,0.1,28.237941512063873,0,0,0,1,0.1
4912501001,0.0,2,2,28,36,10.600000000000001,10.116533978727533,0,0,2,3,0.7,9.034445173560165,0,0,9,12,3.0,9.979722549749301,0,0,1,1,0.3,10.367041839263072,0,0,1,1,0.3
4912601001,0.0,1,1,4,13,2.8,34.28604251417089,0,0,0,0,0.0,5.690637616005722,0,0,1,3,0.5,37.176333045426226,0,0,0,0,0.0,36.14318936470297,0,0,0,0,0.0
4912701001,0.0,1,2,27,37,10.1,7.074080490046196,0,0,2,3,0.7,6.441820169689237,0,0,9,12,3.0,5.832289310550068,0,0,1,1,0.3,8.18393941554004,0,0,1,1,0.3
4912701002,0.0,1,2,27,36,10.0,7.795972138185129,0,0,2,2,0.6,7.177777753024377,0,0,9,12,3.0,6.2268397021437245,0,0,1,1,0.3,9.096462833501121,0,0,1,1,0.3
4912801001,0.0,1,1,12,26,5.7,11.190084648868051,0,0,1,1,0.3,13.032651067953491,0,0,3,7,1.2999999999999998,49.60646602100631,0,0,0,0,0.0,60.21817340753592,0,0,0,0,0.0
4912901001,0.0,1,1,5,15,3.2,8.486957295499053,0,0,1,2,0.4,7.785870226431196,0,0,2,4,0.8,38.161444263178765,0,0,0,0,0.0,31.868785055504258,0,0,0,0,0.0
4913001001,8.814665860280016,0,0,4,21,2.9000000000000004,18.677028640494715,0,0,0,1,0.1,12.879884608851915,0,0,1,4,0.6000000000000001,51.401377929071245,0,0,0,0,0.0,49.05418012923443,0,0,0,0,0.0
4913101001,13.463408150037086,0,0,1,11,1.3,32.45685922912795,0,0,0,0,0.0,15.527882316280602,0,0,0,3,0.30000000000000004,32.851254931124735,0,0,0,0,0.0,34.674866479579585,0,0,0,0,0.0
4913201001,7.77289960837751,0,0,19,33,7.1000000000000005,13.246131639874267,0,0,2,2,0.6,11.906353726289485,0,0,9,9,2.6999999999999997,14.964864854637561,0,0,1,1,0.3,12.022408515617773,0,0,1,1,0.3
4913301001,12.067285961538124,0,0,2,19,2.3000000000000003,25.689361550633556,0,0,0,1,0.1,25.699916067282622,0,0,0,4,0.4,35.310521124419914,0,0,0,0,0.0,32.96382862052044,0,0,0,0,0.0
4913401001,13.453243769084576,0,0,1,9,1.1,27.09892562324682,0,0,0,1,0.1,27.09892562324682,0,0,0,2,0.2,40.102027676717675,0,0,0,0,0.0,51.33721597203178,0,0,0,0,0.0
4913501001,0.0,1,1,3,30,4.300000000000001,20.676937031788324,0,0,0,2,0.2,20.70654619499285,0,0,0,10,1.0,21.524483102370294,0,0,0,1,0.1,22.61437963246442,0,0,0,1,0.1
4913601001,0.0,1,1,3,10,2.3000000000000003,40.152069691784476,0,0,0,0,0.0,0.0,1,1,2,2,1.3,41.59814955537357,0,0,0,0,0.0,44.23940747932343,0,0,0,0,0.0
4913701001,5.309150838967462,0,0,11,21,4.3,12.728513856605359,0,0,1,1,0.3,13.785211463560227,0,0,3,4,0.9999999999999999,51.26076601591256,0,0,0,0,0.0,48.63948516003084,0,0,0,0,0.0
4913801001,9.7507280642762,0,0,2,10,1.4,31.08893164940977,0,0,0,0,0.0,30.59223558584913,0,0,0,0,0.0,32.79450694074474,0,0,0,0,0.0,31.549318359271005,0,0,0,0,0.0
4913901001,10.49278384450596,0,0,4,8,1.6,36.102925452219544,0,0,0,0,0.0,14.548447863172468,0,0,1,1,0.3,56.580517709718585,0,0,0,0,0.0,60.378186724899805,0,0,0,0,0.0
4914101001,10.508726570144686,0,0,1,33,3.5,22.647365001997603,0,0,0,2,0.2,20.418378449477657,0,0,0,10,1.0,24.39353179361767,0,0,0,1,0.1,21.293640899128807,0,0,0,1,0.1
4914201001,9.563418775105646,0,0,3,31,3.7,16.151792012315404,0,0,0,2,0.2,16.289278310632866,0,0,0,9,0.9,17.739485998232038,0,0,0,1,0.1,17.06388625624011,0,0,0,1,0.1
4914301001,0.0,1,1,2,6,1.7000000000000002,6.068557986324101,0,0,1,1,0.3,6.068557986324101,0,0,1,1,0.3,59.1455115708717,0,0,0,0,0.0,57.66236368877377,0,0,0,0,0.0
4914501001,8.011398955562195,0,0,2,4,0.8,8.011398955562195,0,0,1,1,0.3,8.011398955562195,0,0,1,1,0.3,65.83170474774916,0,0,0,0,0.0,65.15906851597806,0,0,0,0,0.0
4914601001,4.730845323716639,0,1,5,37,5.0,21.306141884647445,0,0,0,3,0.30000000000000004,13.772897804638777,0,0,2,12,1.6,28.36963508179442,0,0,0,1,0.1,28.861289050896747,0,0,0,1,0.1
4914701001,2.197422471283087,0,2,6,39,5.7,7.4804145576247345,0,0,1,3,0.5,7.635073662621686,0,0,3,12,1.7999999999999998,23.159294847588317,0,0,0,1,0.1,21.685714911714513,0,0,0,1,0.1
4914801001,5.4643480429475115,0,0,24,37,8.5,13.741108644222033,0,0,2,3,0.7,13.111385259974773,0,0,7,12,2.6,12.512776231167592,0,0,1,1,0.3,14.756449180598711,0,0,1,1,0.3
4914901001,14.246430010249881,0,0,3,35,4.1,27.315028328274163,0,0,0,2,0.2,17.649645466120678,0,0,0,10,1.0,25.913830851809564,0,0,0,1,0.1,29.262354721477227,0,0,0,1,0.1
4915001001,13.020901903401775,0,0,1,9,1.1,28.55577124809315,0,0,0,1,0.1,22.08171941281577,0,0,0,2,0.2,44.65068822684562,0,0,0,0,0.0,60.380378754430325,0,0,0,0,0.0
4915101001,4.820498682019764,0,1,27,36,9.3,10.81680146912411,0,0,2,2,0.6,9.90142064810646,0,0,8,10,2.6,9.259044437004908,0,0,1,1,0.3,12.57577803717033,0,0,1,1,0.3
4915201001,8.425474019968265,0,0,3,36,4.2,15.997821344938915,0,0,0,2,0.2,15.252703891219658,0,0,0,11,1.1,15.150642418063633,0,0,0,1,0.1,18.320214388695476,0,0,0,1,0.1
4915301001,14.547735960761008,0,0,1,30,3.2,25.769148601559912,0,0,0,2,0.2,25.54543544541698,0,0,0,9,0.9,27.595229577524332,0,0,0,1,0.1,25.54543544541698,0,0,0,1,0.1
4915401001,8.40048992656072,0,0,1,2,0.4,32.44110780832574,0,0,0,0,0.0,32.44110780832574,0,0,0,0,0.0,59.535548293994445,0,0,0,0,0.0,60.67684974992556,0,0,0,0,0.0
4915501001,12.819955757289263,0,0,1,34,3.6,18.274589644767925,0,0,0,2,0.2,16.916626834346307,0,0,0,9,0.9,20.02477380472633,0,0,0,1,0.1,17.136166412519263,0,0,0,1,0.1
4915601001,11.34770544647012,0,0,3,13,1.9,11.272680717992705,0,0,1,1,0.3,11.50227338412596,0,0,1,6,0.8,35.370739686662134,0,0,0,0,0.0,29.489921625761212,0,0,0,1,0.1
4915701001,8.552049375669077,0,0,3,11,1.7,31.82019420604402,0,0,0,0,0.0,23.997363523578645,0,0,0,3,0.30000000000000004,32.746475984715566,0,0,0,0,0.0,33.64730424671625,0,0,0,0,0.0
4915801001,5.136623760738963,0,0,7,39,5.300000000000001,19.709783191177557,0,0,0,3,0.30000000000000004,16.8104119950738,0,0,0,12,1.2000000000000002,19.043291708003647,0,0,0,1,0.1,20.260712404864925,0,0,0,1,0.1
4915901001,7.091645571147691,0,0,13,30,5.6,12.402964528095662,0,0,1,1,0.3,13.917879341734988,0,0,3,9,1.5,47.93369414270866,0,0,0,0,0.0,56.54593141972125,0,0,0,0,0.0
4916001001,16.038929198272992,0,0,0,33,3.3000000000000003,21.689656292751597,0,0,0,3,0.30000000000000004,17.959043470199752,0,0,0,12,1.2000000000000002,28.588899572289385,0,0,0,1,0.1,25.27721566410862,0,0,0,1,0.1
4916201001,9.768132628843178,0,0,2,8,1.2000000000000002,26.25780424377878,0,0,0,1,0.1,26.25780424377878,0,0,0,2,0.2,49.10809843660413,0,0,0,0,0.0,49.74270805717783,0,0,0,0,0.0
4916301001,8.631186699439413,0,0,5,37,4.7,8.305214663334215,0,0,1,3,0.5,9.050944106546861,0,0,1,12,1.4000000000000001,27.43740350572431,0,0,0,1,0.1,24.802861751087313,0,0,0,1,0.1
4916401001,10.250089015674403,0,0,1,12,1.4000000000000001,31.0803822976785,0,0,0,0,0.0,27.088818037019585,0,0,0,1,0.1,34.526690315222616,0,0,0,0,0.0,32.65608403107395,0,0,0,0,0.0
4916501001,6.4623931886452874,0,0,3,21,2.7,22.180124648714283,0,0,0,1,0.1,11.645047197966361,0,0,1,5,0.7,55.258376102758184,0,0,0,0,0.0,36.35917569064654,0,0,0,0,0.0
4916601001,0.0,1,1,2,6,1.7000000000000002,0.0,1,1,1,1,1.0,0.0,1,1,1,1,1.0,62.78576467324133,0,0,0,0,0.0,61.6272057902853,0,0,0,0,0.0
4916701001,9.516460992464015,0,0,4,22,3.0,22.643730326980535,0,0,0,1,0.1,13.245193138005892,0,0,1,4,0.6000000000000001,48.86059175575523,0,0,0,0,0.0,46.70287713726047,0,0,0,0,0.0
4916801001,7.098212620402737,0,0,3,10,1.6,30.220624879133833,0,0,0,0,0.0,7.098212620402737,0,0,1,3,0.5,53.31495461561788,0,0,0,0,0.0,26.192367917773733,0,0,0,1,0.1
4916901001,8.733728070541993,0,0,3,21,2.7,24.136035429064794,0,0,0,1,0.1,9.102802184372539,0,0,1,6,0.8,53.686712910650556,0,0,0,0,0.0,34.19342665355383,0,0,0,0,0.0
4917001001,5.4502469594934855,0,0,12,23,4.699999999999999,14.634287579523171,0,0,1,1,0.3,14.550817976103492,0,0,1,4,0.6000000000000001,49.568849413722404,0,0,0,0,0.0,58.57240018288345,0,0,0,0,0.0
4917101001,5.866527332804159,0,0,12,23,4.699999999999999,12.13137768673376,0,0,1,1,0.3,13.81083572891539,0,0,3,4,0.9999999999999999,52.86416615930961,0,0,0,0,0.0,55.542319504358595,0,0,0,0,0.0
4917201001,8.622300842938628,0,0,5,8,1.8,40.47611168215207,0,0,0,0,0.0,8.889966200019616,0,0,1,1,0.3,51.646921824845634,0,0,0,0,0.0,51.705648563466205,0,0,0,0,0.0
4917301001,6.621446368102411,0,0,3,5,1.0999999999999999,34.18903459159388,0,0,0,0,0.0,6.621446368102411,0,0,1,1,0.3,62.95045248273318,0,0,0,0,0.0,63.41421074265437,0,0,0,0,0.0
4917401001,10.100304987315116,0,0,3,6,1.2,14.659723088919234,0,0,1,1,0.3,14.659723088919234,0,0,1,1,0.3,61.628397063655704,0,0,0,0,0.0,61.486207184090695,0,0,0,0,0.0
4917501001,5.827763414948593,0,0,4,18,2.6,17.045907869929685,0,0,0,1,0.1,13.50978551087584,0,0,1,5,0.7,45.52870211662271,0,0,0,0,0.0,42.23512086154866,0,0,0,0,0.0
4917601001,0.0,1,1,2,10,2.1,39.47659737594636,0,0,0,0,0.0,21.749278347556384,0,0,0,2,0.2,52.68061186245128,0,0,0,0,0.0,51.883285823152114,0,0,0,0,0.0
4917701001,10.478910809096726,0,0,1,9,1.1,30.2293455796693,0,0,0,0,0.0,18.079037522173476,0,0,0,1,0.1,50.62252967451452,0,0,0,0,0.0,68.00184520362924,0,0,0,0,0.0
4917801001,3.7116541138459564,0,4,24,33,9.3,4.828216998976951,0,1,2,2,0.8999999999999999,4.898795471974632,0,1,9,9,3.0,6.609387225904825,0,0,1,1,0.3,5.502243754416704,0,0,1,1,0.3
4917901001,6.050231919643226,0,0,3,6,1.2,8.231515541265953,0,0,1,1,0.3,8.231515541265953,0,0,1,1,0.3,54.57473340031143,0,0,0,0,0.0,53.39570151910551,0,0,0,0,0.0
4918001001,9.845871903145929,0,0,5,11,2.1,32.913973204314075,0,0,0,0,0.0,11.25487182667076,0,0,2,3,0.7,43.49712347170567,0,0,0,0,0.0,46.570214628240535,0,0,0,0,0.0
4918101001,10.458506174151278,0,0,1,7,0.9000000000000001,15.793967357220383,0,0,0,1,0.1,15.793967357220383,0,0,0,1,0.1,49.43841660969606,0,0,0,0,0.0,47.68857852243134,0,0,0,0,0.0
4918301001,9.339225444866239,0,0,4,11,1.9,30.58572998666152,0,0,0,0,0.0,10.37797932563259,0,0,1,3,0.5,47.066509227534,0,0,0,0,0.0,50.05207021526017,0,0,0,0,0.0
4918401001,4.733340878272858,0,1,2,10,1.7,38.775125353546066,0,0,0,0,0.0,17.26200971257347,0,0,0,1,0.1,40.02826733527789,0,0,0,0,0.0,40.19389039538433,0,0,0,0,0.0
4918501001,6.692032511182003,0,0,10,18,3.8,12.682072132949104,0,0,1,1,0.3,11.132523944735475,0,0,3,5,1.0999999999999999,46.2995865155567,0,0,0,0,0.0,43.09995844287375,0,0,0,0,0.0
4918601001,14.022639487210334,0,0,1,28,3.0,23.515953088182595,0,0,0,2,0.2,22.81529774519038,0,0,0,9,0.9,25.33897572208989,0,0,0,1,0.1,22.81529774519038,0,0,0,1,0.1
4918701001,0.0,1,3,12,24,6.1000000000000005,6.755480487246012,0,0,1,1,0.3,7.129790816605757,0,0,3,4,0.9999999999999999,57.07814443488583,0,0,0,0,0.0,58.44417345717044,0,0,0,0,0.0
4918801001,10.150398402561978,0,0,11,19,4.1,11.994298878775814,0,0,1,1,0.3,10.150398402561978,0,0,3,5,1.0999999999999999,51.913598512951026,0,0,0,0,0.0,46.42765412337187,0,0,0,0,0.0
4918901001,8.17838565836214,0,0,3,8,1.4,18.527773755818604,0,0,0,1,0.1,18.527773755818604,0,0,0,2,0.2,44.51082817886186,0,0,0,0,0.0,43.65775791251522,0,0,0,0,0.0
4919001001,7.798929989419467,0,0,4,15,2.3,26.908861422441596,0,0,0,1,0.1,7.798929989419467,0,0,1,4,0.6000000000000001,40.02681304978156,0,0,0,0,0.0,36.674307054170235,0,0,0,0,0.0
4919101001,7.955067988784056,0,0,7,38,5.2,24.610409797988385,0,0,0,3,0.30000000000000004,12.313531152876067,0,0,1,12,1.4000000000000001,23.948059213401645,0,0,0,1,0.1,25.13614667645893,0,0,0,1,0.1
4919201001,9.490252964144714,0,0,9,25,4.3,15.000965773290865,0,0,0,1,0.1,6.629595713228437,0,0,4,5,1.3,61.01901903969887,0,0,0,0,0.0,48.291815737973394,0,0,0,0,0.0
4919301001,0.0,1,1,3,11,2.4000000000000004,36.74690407190147,0,0,0,0,0.0,9.13908214025068,0,0,1,1,0.3,45.33782487634996,0,0,0,0,0.0,66.83275196746017,0,0,0,0,0.0
4919401001,6.485878544217095,0,0,3,32,3.8000000000000003,17.510302884537253,0,0,0,2,0.2,17.711984621996926,0,0,0,10,1.0,18.795684223415165,0,0,0,1,0.1,18.975529406071317,0,0,0,1,0.1
4919701001,5.296206135879482,0,0,7,36,5.0,19.02459900104617,0,0,0,2,0.2,18.056476884895286,0,0,0,11,1.1,17.787350397463094,0,0,0,1,0.1,20.019092529596744,0,0,0,1,0.1
4919901001,4.289799763245438,0,2,12,22,5.2,4.72991447806422,0,1,1,1,0.6,4.289799763245438,0,3,3,6,2.0999999999999996,51.860827831656074,0,0,0,0,0.0,48.85083821288366,0,0,0,0,0.0
4920001001,0.0,1,2,12,22,5.6,5.510880662931359,0,0,1,1,0.3,6.9402643065049565,0,0,3,5,1.0999999999999999,55.20088248988444,0,0,0,0,0.0,52.340822764324756,0,0,0,0,0.0
4920101001,5.950281541110612,0,0,5,19,2.9000000000000004,24.441240744785098,0,0,0,1,0.1,5.950281541110612,0,0,1,4,0.6000000000000001,54.25985535662116,0,0,0,0,0.0,53.9634361425902,0,0,0,0,0.0
4920201001,8.46075209852547,0,0,1,30,3.2,23.591397027816157,0,0,0,2,0.2,23.669322965762593,0,0,0,9,0.9,25.332734763001834,0,0,0,1,0.1,23.947948640602096,0,0,0,1,0.1
4920301001,3.3932667844647297,0,1,11,27,5.2,14.577929571392383,0,0,1,1,0.3,16.419126534987047,0,0,0,6,0.6000000000000001,46.473249243800296,0,0,0,0,0.0,61.421861176927514,0,0,0,0,0.0
4920401001,10.753727308822803,0,0,4,21,2.9000000000000004,22.35481130197268,0,0,0,1,0.1,10.753727308822803,0,0,1,4,0.6000000000000001,51.54877598528684,0,0,0,0,0.0,49.38328733656453,0,0,0,0,0.0
4920501001,8.315857091931704,0,0,5,20,3.0,20.064030701651028,0,0,0,1,0.1,8.315857091931704,0,0,1,4,0.6000000000000001,52.47879620336885,0,0,0,0,0.0,55.08291423804674,0,0,0,0,0.0
4920601001,0.0,1,1,4,23,3.8,26.774472170952485,0,0,0,1,0.1,7.350041398730424,0,0,1,6,0.8,42.87802993579966,0,0,0,0,0.0,65.02914038402272,0,0,0,0,0.0
4920701001,7.738461484772501,0,0,5,18,2.8,15.364347263307533,0,0,0,1,0.1,14.615404439205362,0,0,3,4,0.9999999999999999,41.22167653643124,0,0,0,0,0.0,38.216030579904654,0,0,0,0,0.0
4920801001,6.606367173773845,0,0,2,10,1.4,36.944856251700585,0,0,0,0,0.0,15.338775641206952,0,0,0,2,0.2,54.21195617527771,0,0,0,0,0.0,53.81040468742359,0,0,0,0,0.0
4920901001,0.0,1,1,3,6,1.9000000000000001,32.142936960598924,0,0,0,0,0.0,9.482035250088131,0,0,1,1,0.3,60.25507840887955,0,0,0,0,0.0,60.268625089984475,0,0,0,0,0.0
4921001001,5.260348134790578,0,0,9,39,5.699999999999999,16.4239453807538,0,0,0,3,0.30000000000000004,12.601829407241894,0,0,2,12,1.6,16.395892847088223,0,0,0,1,0.1,16.494000549273316,0,0,0,1,0.1
4921401001,0.0,1,1,2,12,2.3,31.453542308639914,0,0,0,0,0.0,18.33394718123933,0,0,0,1,0.1,44.21150767465855,0,0,0,0,0.0,42.564644463099306,0,0,0,0,0.0
4921601001,8.37675428491396,0,0,4,16,2.4000000000000004,21.67555529563441,0,0,0,1,0.1,8.580207636918875,0,0,1,5,0.7,45.01985872169285,0,0,0,0,0.0,38.79187600747626,0,0,0,0,0.0
4921901001,0.4130726371406463,2,2,5,34,5.800000000000001,0.5036255095303143,1,1,1,2,1.1,0.661766655118964,1,1,2,10,2.1,29.72849745078443,0,0,0,1,0.1,27.843099533319066,0,0,0,1,0.1
4921901002,0.0,2,2,5,28,5.2,0.3951225547146636,1,1,1,2,1.1,0.4703913542064938,1,1,2,9,2.0,30.013161877143194,0,0,0,0,0.0,28.097892844979473,0,0,0,1,0.1
4921901003,0.4703913542064938,2,2,5,25,4.9,0.8642815796606746,1,1,1,2,1.1,0.0,1,1,2,10,2.1,30.38993354483357,0,0,0,0,0.0,28.499547858289045,0,0,0,1,0.1
4921902001,0.3951225547146636,2,2,5,35,5.9,0.0,1,1,1,3,1.2,0.8642815796606746,1,1,2,10,2.1,29.674835258584245,0,0,0,1,0.1,27.741704986342587,0,0,0,1,0.1
4921902002,0.9509710325913726,2,2,5,36,6.0,0.5602141288213441,1,1,1,3,1.2,1.413681807150697,0,1,2,11,1.7999999999999998,29.149618450577943,0,0,0,1,0.1,27.20019447054375,0,0,0,1,0.1
4921902003,0.0,2,2,8,38,6.8,8.506098168974587,0,0,1,3,0.5,9.124697116961684,0,0,3,11,1.7,21.413371327596767,0,0,0,1,0.1,19.772443814001747,0,0,0,1,0.1
4921902004,0.6966244294506739,2,2,5,34,5.800000000000001,0.4531512375423255,1,1,1,2,1.1,1.124937339710863,0,1,2,10,1.7,29.76516029385071,0,0,0,1,0.1,27.789559662352143,0,0,0,1,0.1
4921903001,7.9603911020049996,0,0,7,32,4.6,8.121707818097427,0,0,1,2,0.4,0.0,1,1,2,10,2.1,29.94696881517504,0,0,0,1,0.1,28.844819066702392,0,0,0,1,0.1
4922001001,7.323673761917571,0,0,13,30,5.6,10.661371576278656,0,0,1,1,0.3,12.074843286932506,0,0,3,9,1.5,49.97863629829065,0,0,0,0,0.0,57.518386757817105,0,0,0,0,0.0
4922101001,13.683371309592522,0,0,1,11,1.3,38.66858602198055,0,0,0,0,0.0,13.683371309592522,0,0,1,3,0.5,39.044168814162,0,0,0,0,0.0,40.89015581120885,0,0,0,0,0.0
4922201001,8.28668595576061,0,0,12,35,5.9,14.67589511678014,0,0,1,3,0.5,11.933083544470726,0,0,7,10,2.4000000000000004,16.502415828889635,0,0,0,1,0.1,13.232497693967872,0,0,1,1,0.3
4922301001,12.968977542940872,0,0,3,5,1.0999999999999999,31.35881265850633,0,0,0,0,0.0,12.968977542940872,0,0,1,1,0.3,69.30127467718724,0,0,0,0,0.0,69.84988484047882,0,0,0,0,0.0
4922401001,4.747207596260759,0,1,3,7,1.6,16.8944836622738,0,0,0,1,0.1,16.8944836622738,0,0,0,1,0.1,47.082902054231745,0,0,0,0,0.0,46.464040765523464,0,0,0,0,0.0
4922501001,5.092056772295895,0,0,4,12,2.0,39.210283905858454,0,0,0,0,0.0,13.316922268228865,0,0,1,1,0.3,40.811420844387825,0,0,0,0,0.0,64.8615848855203,0,0,0,0,0.0
4922601001,6.5345357615327195,0,0,6,20,3.2,26.423505592969644,0,0,0,1,0.1,17.1453088558143,0,0,0,3,0.30000000000000004,40.88154065714461,0,0,0,0,0.0,33.42994706605677,0,0,0,0,0.0
4922701001,2.5140027445834856,0,17,25,35,13.6,3.9732526910775685,0,2,2,3,1.3,3.387160024522714,0,7,9,9,4.8,5.740961351713146,0,0,1,1,0.3,3.387160024522714,0,1,1,1,0.6
4922801001,8.145495705240892,0,0,7,39,5.300000000000001,11.817842141824997,0,0,1,3,0.5,6.122366613698637,0,0,2,12,1.6,24.90508227520538,0,0,0,1,0.1,24.256881007851433,0,0,0,1,0.1
4922901001,9.330609244261465,0,0,12,26,5.0,12.998731758747518,0,0,1,1,0.3,8.20257328941058,0,0,4,5,1.3,60.94514596488628,0,0,0,0,0.0,49.862487539449404,0,0,0,0,0.0
4923001001,7.648148965403573,0,0,5,23,3.3,30.93623275754052,0,0,0,0,0.0,19.076572482592145,0,0,0,3,0.30000000000000004,37.066022921984064,0,0,0,0,0.0,33.32685534992125,0,0,0,0,0.0
4923101001,4.8769005854912395,0,1,4,10,2.1,38.14274102220994,0,0,0,0,0.0,10.176626460659879,0,0,1,1,0.3,49.982231034302316,0,0,0,0,0.0,63.97556134290953,0,0,0,0,0.0
4923201001,5.557497317831522,0,0,1,21,2.3,17.073194017988182,0,0,0,1,0.1,11.811777288354579,0,0,1,5,0.7,58.07660955594231,0,0,0,0,0.0,42.37124456856945,0,0,0,0,0.0
4923301001,10.755535805777615,0,0,2,10,1.4,36.79723757119192,0,0,0,0,0.0,21.969591972482956,0,0,0,1,0.1,38.23950872081931,0,0,0,0,0.0,37.90628545036157,0,0,0,0,0.0
4923401001,8.235113090583836,0,0,8,39,5.5,19.99787189841964,0,0,0,3,0.30000000000000004,14.366259824431294,0,0,1,12,1.4000000000000001,21.737683986628767,0,0,0,1,0.1,22.25126386327793,0,0,0,1,0.1
4923501001,16.469472861406867,0,0,0,12,1.2000000000000002,16.62256818911826,0,0,0,1,0.1,16.948678350977058,0,0,0,4,0.4,37.3214055780575,0,0,0,0,0.0,27.826756849151366,0,0,0,1,0.1
4923601001,9.080129352635714,0,0,10,19,3.9,11.749947353191637,0,0,1,1,0.3,9.998208018258056,0,0,3,5,1.0999999999999999,49.08724313987239,0,0,0,0,0.0,45.86048596438363,0,0,0,0,0.0
4923701001,5.206106351172149,0,0,3,29,3.5,25.459909597563612,0,0,0,2,0.2,25.67005682093291,0,0,0,9,0.9,26.673042301153043,0,0,0,1,0.1,26.97554036995639,0,0,0,1,0.1
4923801001,5.712428793369354,0,0,12,26,5.0,7.489696143050917,0,0,1,1,0.3,9.062288915867216,0,0,3,5,1.0999999999999999,52.58097994163044,0,0,0,0,0.0,60.39638892431826,0,0,0,0,0.0
4923901001,4.943402084268441,0,1,4,21,3.2,16.255086972167753,0,0,0,1,0.1,8.133380637274707,0,0,1,5,0.7,32.324416879944195,0,0,0,0,0.0,32.036821401615775,0,0,0,0,0.0
4924001001,11.282549699424216,0,0,2,9,1.3,32.91650969948803,0,0,0,0,0.0,20.67827747437927,0,0,0,3,0.30000000000000004,33.604356301448945,0,0,0,0,0.0,34.947760132877555,0,0,0,0,0.0
4924101001,6.481268287776634,0,0,3,30,3.6,30.763750514263336,0,0,0,0,0.0,6.380868590143605,0,0,1,6,0.8,33.5968922761252,0,0,0,0,0.0,29.911843371587086,0,0,0,1,0.1
4924201001,0.0,1,1,2,17,2.8,19.13176143653171,0,0,0,1,0.1,16.146564498423775,0,0,0,5,0.5,40.127636361111286,0,0,0,0,0.0,36.87306950393095,0,0,0,0,0.0
4924301001,7.274056131250299,0,0,4,27,3.5,19.081224586350817,0,0,0,1,0.1,14.913552726012004,0,0,1,6,0.8,43.42907116974689,0,0,0,0,0.0,61.91026247179531,0,0,0,0,0.0
4924401001,5.459342788314706,0,0,4,24,3.2,26.332008529490142,0,0,0,1,0.1,12.785951514909975,0,0,1,6,0.8,38.67260297400606,0,0,0,0,0.0,62.49183479149347,0,0,0,0,0.0
4924501001,7.411379115066598,0,0,28,38,9.4,13.119698857333429,0,0,2,3,0.7,5.0940734794451705,0,0,9,11,2.9,14.002594051482806,0,0,1,1,0.3,12.463624892607587,0,0,1,1,0.3
4924601001,5.996359057307992,0,0,2,28,3.2,27.458894030653532,0,0,0,3,0.30000000000000004,18.668516746058824,0,0,0,11,1.1,31.421635609992958,0,0,0,0,0.0,28.12684258670072,0,0,0,1,0.1
4924701001,5.5906925035893735,0,0,3,29,3.5,25.41881617793807,0,0,0,2,0.2,18.14742134035883,0,0,0,9,0.9,26.04074025765926,0,0,0,1,0.1,27.513120506071502,0,0,0,1,0.1
4924801001,8.214263854839022,0,0,2,21,2.5,16.48941856034741,0,0,0,1,0.1,14.691763854378504,0,0,3,5,1.0999999999999999,54.55237203254892,0,0,0,0,0.0,41.934771494553054,0,0,0,0,0.0
4924901001,6.853984883806559,0,0,4,13,2.1,10.99133755815365,0,0,1,2,0.4,10.764789421323455,0,0,1,5,0.7,38.930228839933434,0,0,0,0,0.0,27.328278010784405,0,0,0,1,0.1
4925001001,0.0,2,2,2,11,2.9,29.63662506132981,0,0,0,1,0.1,0.0,1,1,1,6,1.5,46.503721037300686,0,0,0,0,0.0,30.27830981423989,0,0,0,0,0.0
4925101001,13.69960544707957,0,0,3,35,4.1,16.16217314914156,0,0,0,3,0.30000000000000004,11.094687733976171,0,0,1,12,1.4000000000000001,21.886895832759297,0,0,0,1,0.1,18.767567004177394,0,0,0,1,0.1
4925201001,9.613144260015268,0,0,3,18,2.4,28.42303860298923,0,0,0,1,0.1,9.613144260015268,0,0,1,6,0.8,55.90402708921616,0,0,0,0,0.0,30.127050338279943,0,0,0,0,0.0
4925501001,7.932165957710535,0,0,4,24,3.2,31.56945830380046,0,0,0,0,0.0,5.008548029072562,0,0,1,2,0.4,30.548628913043018,0,0,0,0,0.0,32.037226201442174,0,0,0,0,0.0
4925601001,4.2727743951004395,0,1,11,21,4.6,9.638974829715215,0,0,1,1,0.3,10.835929891536779,0,0,3,4,0.9999999999999999,53.080991952660234,0,0,0,0,0.0,50.352419866920535,0,0,0,0,0.0
4925701001,3.2407087911803067,0,1,12,21,4.8,4.95899200369609,0,1,1,1,0.6,3.2407087911803067,0,3,3,5,1.9999999999999998,53.216961354729825,0,0,0,0,0.0,50.107211869423395,0,0,0,0,0.0
4925801001,5.584438803943519,0,0,5,39,4.9,17.72955729750189,0,0,0,2,0.2,16.813821613335065,0,0,0,11,1.1,16.024747346770543,0,0,0,1,0.1,19.179183742723144,0,0,0,1,0.1
4925901001,7.537670313537478,0,0,3,18,2.4,26.59890054856574,0,0,0,1,0.1,9.9186691571141,0,0,1,4,0.6000000000000001,51.70064290663541,0,0,0,0,0.0,49.75691136272389,0,0,0,0,0.0
4926001001,0.0,1,1,1,20,2.9000000000000004,22.3059961371384,0,0,0,1,0.1,10.876989867613267,0,0,1,5,0.7,61.515263682904866,0,0,0,0,0.0,38.83520019578464,0,0,0,0,0.0
4926101001,0.0,2,2,28,36,10.600000000000001,5.683665645914264,0,0,2,3,0.7,3.4498808763337654,0,1,9,11,3.2,6.460515215348693,0,0,1,1,0.3,5.345480517981864,0,0,1,1,0.3
4926201001,14.922004978384372,0,0,1,11,1.3,26.48764937107966,0,0,0,1,0.1,24.00838722238266,0,0,0,3,0.30000000000000004,59.38154511261226,0,0,0,0,0.0,66.62628731609337,0,0,0,0,0.0
4926301001,8.719003069046819,0,0,3,20,2.6,29.058391877936202,0,0,0,1,0.1,12.394680993295063,0,0,1,6,0.8,58.70351544518773,0,0,0,0,0.0,30.267132379738566,0,0,0,0,0.0
4926401001,6.638108127552383,0,0,2,8,1.2000000000000002,34.147866369926064,0,0,0,0,0.0,6.638108127552383,0,0,1,2,0.4,47.84672881801722,0,0,0,0,0.0,50.57976076823067,0,0,0,0,0.0
4926501001,11.550442002473327,0,0,1,10,1.2,37.17488310449279,0,0,0,0,0.0,18.86227240511384,0,0,0,3,0.30000000000000004,37.78896908936907,0,0,0,0,0.0,39.25344101717447,0,0,0,0,0.0
4926601001,6.349309186459648,0,0,4,16,2.4000000000000004,25.465561538856008,0,0,0,1,0.1,6.349309186459648,0,0,1,5,0.7,42.628872174196175,0,0,0,0,0.0,36.38472382392635,0,0,0,0,0.0
4926701001,5.978014976801542,0,0,5,23,3.3,5.797204226512277,0,0,1,2,0.4,6.260131180395827,0,0,2,10,1.4,30.804226246347636,0,0,0,0,0.0,28.372181711425682,0,0,0,1,0.1
4926801001,0.0,1,1,2,18,2.9000000000000004,22.308359314515634,0,0,0,1,0.1,21.0157051861452,0,0,0,5,0.5,34.8414900668024,0,0,0,0,0.0,31.68243101795395,0,0,0,0,0.0
4926901001,6.884713046062148,0,0,4,34,4.2,20.33349132236878,0,0,0,2,0.2,14.234427417641975,0,0,1,10,1.2,20.501119517239324,0,0,0,1,0.1,22.665405866346045,0,0,0,1,0.1
4927001001,6.432979851850927,0,0,4,16,2.4000000000000004,7.565612659599286,0,0,1,2,0.4,7.477182545746374,0,0,2,6,1.0,35.33368153751552,0,0,0,0,0.0,30.89936390599057,0,0,0,0,0.0
4927101001,9.504363196295142,0,0,12,19,4.3,10.420707544057702,0,0,1,1,0.3,9.504363196295142,0,0,3,5,1.0999999999999999,46.25058753366381,0,0,0,0,0.0,43.19829327333887,0,0,0,0,0.0
4927201001,5.879214671591523,0,0,4,21,2.9000000000000004,16.012687098364662,0,0,0,1,0.1,15.807605021050904,0,0,0,4,0.4,50.225532579434834,0,0,0,0,0.0,47.742212412270554,0,0,0,0,0.0
4927301001,8.111520035738172,0,0,3,7,1.2999999999999998,27.478897703803895,0,0,0,1,0.1,12.414550423703448,0,0,1,2,0.4,67.4665084190602,0,0,0,0,0.0,67.66507971507475,0,0,0,0,0.0
4927501001,0.29405627978727467,10,18,27,35,18.3,0.6972612705094205,2,2,2,3,2.1,0.6357854202558199,4,7,9,9,6.3999999999999995,1.2598054991275698,0,1,1,1,0.6,2.3405683144854343,0,1,1,1,0.6
4927501002,0.38517339852602517,10,18,26,35,18.099999999999998,0.4694533368143448,2,2,2,3,2.1,0.3922747763118855,4,7,9,9,6.3999999999999995,1.486705763996473,0,1,1,1,0.6,2.2671891353323645,0,1,1,1,0.6
4927501003,0.30627529159596856,10,18,27,35,18.3,0.6844402208473455,2,2,2,3,2.1,0.5531627911413683,4,7,9,10,6.499999999999999,1.493408825283984,0,1,1,1,0.6,2.0443172000643868,0,1,1,1,0.6
4927501004,0.19009044752019394,11,18,26,35,18.499999999999996,0.6506964017301077,2,2,2,3,2.1,0.44113776058622267,3,7,9,11,6.2,1.8413401866587353,0,1,1,1,0.6,1.7858817136743452,0,1,1,1,0.6
4927501005,0.0,10,18,27,35,18.3,0.4425381161496849,2,2,2,3,2.1,0.4425381161496849,4,7,9,11,6.6,1.7405403636723582,0,1,1,1,0.6,1.7382299292091772,0,1,1,1,0.6
4927501006,0.9655329542193728,1,18,25,35,14.299999999999999,1.4990364095296225,0,2,2,3,1.3,0.0,2,8,9,11,6.1,3.3527693404518466,0,1,1,1,0.6,0.0,1,1,1,1,1.0
4927501007,0.3448020874789431,8,18,26,35,17.299999999999997,0.4790251045853813,1,2,2,3,1.7000000000000002,0.4790251045853813,4,8,9,11,6.9,2.1155652382578483,0,1,1,1,0.6,1.3857998443738109,0,1,1,1,0.6
4927501008,0.26482138042352027,9,18,26,35,17.699999999999996,0.5913864664454613,2,2,2,3,2.1,0.5609880064065329,4,7,9,11,6.6,1.9761365444589822,0,1,1,1,0.6,1.62226474605359,0,1,1,1,0.6
4927501009,0.3934869032455241,7,18,26,35,16.9,0.817842112396868,2,2,2,3,2.1,0.5456385033845419,4,7,9,10,6.499999999999999,2.1917508462029405,0,1,1,1,0.6,1.589761430711576,0,1,1,1,0.6
4927501010,0.0,10,18,26,35,18.099999999999998,0.5274576019276962,2,2,2,3,2.1,0.2511705063695856,3,7,9,9,6.0,1.83739043138798,0,1,1,1,0.6,1.9334096996406436,0,1,1,1,0.6
4927501011,0.2078330949327633,10,18,27,35,18.3,0.4158742026159023,2,2,2,3,2.1,0.4158742026159023,5,7,9,11,7.0,1.9436857219884307,0,1,1,1,0.6,1.5419590156346517,0,1,1,1,0.6
4927501012,0.3426931142805018,4,18,25,35,15.5,0.8947853148117288,1,2,2,3,1.7000000000000002,0.0,4,8,9,11,6.9,2.720402538891598,0,1,1,1,0.6,0.7507323191893934,1,1,1,1,1.0
4927501013,0.3461007422339895,7,18,26,35,16.9,0.6716436333340298,2,2,2,3,2.1,0.6716436333340298,4,7,9,11,6.6,2.1992039599874467,0,1,1,1,0.6,1.4390701676989042,0,1,1,1,0.6
4927501014,0.39784333997589727,2,18,26,35,14.9,1.0938630224059007,0,2,2,3,1.3,0.28473018013532725,2,8,9,11,6.1,2.8562654989130327,0,1,1,1,0.6,0.8511569230187251,1,1,1,1,1.0
4927501015,0.0,6,18,26,35,16.5,0.7241120676383143,1,2,2,3,1.7000000000000002,0.3426931142805018,3,8,9,11,6.5,2.458583429131484,0,1,1,1,0.6,1.093378924871151,0,1,1,1,0.6
4927502001,0.32388637897707667,10,18,27,35,18.3,0.6766120856288959,2,2,2,3,2.1,0.6766120856288959,4,7,9,11,6.6,1.3069249980293833,0,1,1,1,0.6,2.131204252813283,0,1,1,1,0.6
4927502002,0.0,9,18,27,35,17.9,0.9140700295771241,1,2,2,3,1.7000000000000002,0.7370826349438636,4,7,9,10,6.499999999999999,0.9869945785194306,1,1,1,1,1.0,2.406120667780292,0,1,1,1,0.6
4927502003,0.3092269014971341,6,18,27,35,16.7,0.7631581361036239,1,2,2,3,1.7000000000000002,0.43364048797264854,3,7,9,11,6.2,1.0987349493010403,0,1,1,1,0.6,2.2550917203654355,0,1,1,1,0.6
4927502004,0.32781939054106546,12,18,27,35,19.1,0.41123354565336484,1,2,2,3,1.7000000000000002,0.41123354565336484,4,7,9,11,6.6,1.4867136933542349,0,1,1,1,0.6,1.8922787077638534,0,1,1,1,0.6
4927502005,0.0,9,18,27,35,17.9,0.0,1,2,2,3,1.7000000000000002,0.0,4,8,9,11,6.9,1.8557913105526977,0,1,1,1,0.6,1.4990364095296225,0,1,1,1,0.6
4927502006,0.20063338769562675,7,18,27,35,17.1,0.34426921659636917,1,2,2,3,1.7000000000000002,0.34426921659636917,4,8,9,11,6.9,2.2000016499610493,0,1,1,1,0.6,1.1553328891284091,0,1,1,1,0.6
4927502007,0.0,6,18,26,35,16.5,0.5364400309612376,1,2,2,3,1.7000000000000002,0.48264923288337563,4,8,9,11,6.9,2.3872757161203495,0,1,1,1,0.6,0.9655329542193728,1,1,1,1,1.0
4927502008,0.164359838121994,5,18,26,35,16.1,0.6955905947421377,1,2,2,3,1.7000000000000002,0.46441188294461533,4,8,9,11,6.9,2.5389779338974043,0,1,1,1,0.6,0.8181094004837436,1,1,1,1,1.0
4927502009,0.2595133383863245,9,18,27,35,17.9,0.2595133383863245,1,2,2,3,1.7000000000000002,0.2595133383863245,3,7,9,11,6.2,1.5976782581571005,0,1,1,1,0.6,1.7584753203300254,0,1,1,1,0.6
4927502010,0.0,5,18,26,35,16.1,0.6133391658435465,1,2,2,3,1.7000000000000002,0.6133391658435465,4,8,9,11,6.9,2.3477338206290947,0,1,1,1,0.6,1.0833096433810157,0,1,1,1,0.6
4927502011,0.43136422042868094,7,18,27,35,17.1,0.43136422042868094,1,2,2,3,1.7000000000000002,0.24262900168241788,3,8,9,11,6.5,1.647368032329907,0,1,1,1,0.6,1.7597619534006332,0,1,1,1,0.6
4927502012,0.2764273073327631,8,18,27,35,17.5,0.2764273073327631,1,2,2,3,1.7000000000000002,0.2764273073327631,3,8,9,11,6.5,1.6804176654383378,0,1,1,1,0.6,1.6858079822574519,0,1,1,1,0.6
4927502013,0.44142919809838765,3,20,26,35,15.9,1.0452635492654954,0,2,2,3,1.3,0.8160937568074185,2,8,9,11,6.1,2.774136175740161,0,1,1,1,0.6,0.8160937568074185,1,1,1,1,1.0
4927502014,0.25858014819596525,6,18,26,35,16.5,0.33057508819697073,1,2,2,3,1.7000000000000002,0.33057508819697073,4,8,9,11,6.9,2.1477941913289054,0,1,1,1,0.6,1.2113228909099627,0,1,1,1,0.6
4927502015,0.0,4,18,26,35,15.700000000000001,0.6561899422811401,1,2,2,3,1.7000000000000002,0.6386795683642674,3,8,9,11,6.5,2.0686923038022194,0,1,1,1,0.6,1.488230578235689,0,1,1,1,0.6
4927502016,0.6326587683253017,6,18,27,35,16.7,0.6326587683253017,1,2,2,3,1.7000000000000002,0.0,3,8,9,11,6.5,1.4319633611653848,0,1,1,1,0.6,2.0016166639062285,0,1,1,1,0.6
4927502017,3.4498808763337654,0,9,26,34,11.3,4.809959223300511,0,1,2,3,0.9999999999999999,0.0,1,6,9,11,5.1000000000000005,6.400874170818635,0,0,1,1,0.3,3.6312489846454565,0,1,1,1,0.6
4927503001,0.5021900597245362,6,18,27,35,16.7,1.2166513464829662,0,2,2,3,1.3,0.7518387508051265,1,7,9,11,5.3999999999999995,0.6801810993925811,1,1,1,1,1.0,2.698634693318366,0,1,1,1,0.6
4927503002,0.0,5,18,27,33,16.1,1.833509007903017,0,2,2,3,1.3,1.0706032859532286,0,7,9,10,4.8999999999999995,0.0,1,1,1,1,1.0,3.3527693404518466,0,1,1,1,0.6
4927503003,3.348192218345393,0,12,26,35,12.299999999999999,4.1782827420747966,0,2,2,2,1.2,3.3807035102005565,0,5,8,10,4.1,3.348192218345393,0,1,1,1,0.6,6.443177464219969,0,0,1,1,0.3
4927503004,1.7818274791312592,0,21,26,36,15.1,2.300467915766358,0,2,2,3,1.3,1.6789143389083667,0,7,9,11,5.0,1.7818274791312592,0,1,1,1,0.6,3.4134701295967598,0,1,1,1,0.6
4927504001,0.0,9,18,27,33,17.7,0.7364547250069743,1,2,2,3,1.7000000000000002,0.4515722682255996,2,7,9,9,5.6,1.1006425068757917,0,1,1,1,0.6,2.632952591332596,0,1,1,1,0.6
4927504002,0.4280653389836093,5,18,26,33,15.9,0.918397296165471,1,2,2,2,1.6,0.0,1,7,9,9,5.199999999999999,1.0706032859532286,0,1,1,1,0.6,3.0684315892525618,0,1,1,1,0.6
4927504003,0.0,7,18,27,33,16.900000000000002,1.0421885377095723,0,2,2,3,1.3,0.4280653389836093,1,7,9,9,5.199999999999999,0.7914311973638172,1,1,1,1,1.0,2.851416460861099,0,1,1,1,0.6
4927504004,6.4127067190696705,0,0,23,32,7.8,9.229317325991225,0,0,2,2,0.6,9.299526872927872,0,0,8,10,2.6,10.174609457697256,0,0,1,1,0.3,11.19701343915206,0,0,1,1,0.3
4927504005,0.22737805820390788,9,18,26,33,17.499999999999996,0.5624472205508863,1,2,2,3,1.7000000000000002,0.4086039626692723,2,7,9,9,5.6,1.2803173474140384,0,1,1,1,0.6,2.6779000077172403,0,1,1,1,0.6
4927505001,0.0,6,18,26,33,16.3,0.3338662373855156,1,2,2,2,1.6,0.5744402885541303,2,7,9,9,5.6,1.5963623717942212,0,1,1,1,0.6,2.693929434157223,0,1,1,1,0.6
4927505003,0.28865041652135415,6,18,26,33,16.3,0.0,1,2,2,3,1.7000000000000002,0.28865041652135415,2,7,9,9,5.6,1.833509007903017,0,1,1,1,0.6,2.4158334937287265,0,1,1,1,0.6
4927505004,0.9112024562830346,1,18,26,32,14.2,1.5934719490063411,0,2,2,2,1.2,1.7084092328824239,0,7,9,9,4.8,3.3621157316026125,0,1,1,1,0.6,3.096260330211282,0,1,1,1,0.6
4927505005,0.0,6,18,26,33,16.3,0.28865041652135415,1,2,2,3,1.7000000000000002,0.0,1,7,9,9,5.199999999999999,1.8739295027017508,0,1,1,1,0.6,2.1318931487901724,0,1,1,1,0.6
4927505006,0.0,1,19,25,34,14.499999999999998,2.5026967106188325,0,2,2,3,1.3,1.1116290091761842,0,8,9,11,5.3,4.341826579396326,0,1,1,1,0.6,1.1116290091761842,0,1,1,1,0.6
4927505007,0.479513261437471,5,18,26,33,15.9,0.4902032351875591,1,2,2,3,1.7000000000000002,0.479513261437471,1,7,9,9,5.199999999999999,2.309184288777791,0,1,1,1,0.6,2.2194670646960764,0,1,1,1,0.6
4927505008,0.44226924890545,7,18,26,35,16.9,0.6337165170718264,1,2,2,3,1.7000000000000002,0.44226924890545,1,7,9,9,5.199999999999999,2.301825839767035,0,1,1,1,0.6,1.8800465316791053,0,1,1,1,0.6
4927505009,0.0,1,18,26,32,14.2,1.3344175175664446,0,2,2,3,1.3,1.284771026030814,0,7,9,9,4.8,3.1496414546298657,0,1,1,1,0.6,2.193165931815128,0,1,1,1,0.6
