CUSEC,dist_min_ceas_km,n_ceas_1km,n_ceas_5km,n_ceas_15km,n_ceas_30km,disp_ponderada_ceas
0500101001,5.688878134524537,0,0,1,3,0.5
0500201001,6.277991847930671,0,0,3,6,1.2
0500201002,0.0,1,1,4,6,2.1
0500501001,7.867082277952138,0,0,1,8,1.0
0500701001,7.3578436846409145,0,0,2,5,0.9
0500801001,8.005739556303704,0,0,1,4,0.6000000000000001
0501001001,8.03966490775456,0,0,2,4,0.8
0501201001,4.0535863067647,0,1,1,3,0.8
0501301001,7.6103890860195715,0,0,3,6,1.2
0501402001,2.2756061619843595,0,1,3,5,1.4
0501402002,1.8965715853834255,0,1,3,5,1.4
0501403001,4.886688975637282,0,1,2,4,1.0999999999999999
0501501001,13.2347907240676,0,0,1,4,0.6000000000000001
0501601001,0.0,1,1,1,4,1.3
0501602001,3.609055964880699,0,1,1,5,1.0
0501602002,3.16063833959686,0,1,1,4,0.9
0501602003,4.002825794316737,0,1,1,5,1.0
0501602004,6.395470282356966,0,0,1,4,0.6000000000000001
0501602005,6.637355632891561,0,0,1,4,0.6000000000000001
0501701001,14.390440944296145,0,0,1,7,0.9000000000000001
0501801001,10.010766473924045,0,0,2,3,0.7
0501901001,0.0,2,4,4,7,3.5
0501901002,4.889161185451525,0,1,4,7,1.8
0501902001,0.5033769119452534,2,4,4,7,3.5
0501902002,0.9849523881904946,1,4,4,7,3.0999999999999996
0501903001,0.41108988490881304,1,4,4,6,3.0
0501903002,0.0,1,2,4,7,2.5
0501904001,6.125966585571864,0,0,4,8,1.6
0501904002,0.36688684383815806,3,4,4,7,3.9000000000000004
0501904003,0.2939944097635946,3,3,4,8,3.6999999999999997
0501904004,0.0,3,3,4,8,3.6999999999999997
0501904005,0.3149603482289949,2,3,4,8,3.3
0501904006,0.37028856350901734,3,4,4,7,3.9000000000000004
0501904008,0.255820431198558,2,3,4,8,3.3
0501904009,0.21087828670267336,3,3,4,8,3.6999999999999997
0501904010,0.0,2,3,4,8,3.3
0501904011,1.0612503138124345,0,3,4,8,2.4999999999999996
0501904012,3.489573091118194,0,3,4,7,2.3999999999999995
0501904013,5.48172206010046,0,0,4,9,1.7
0501904014,4.669879031834464,0,1,4,9,2.0
0501905001,0.5802908606590458,3,4,4,7,3.9000000000000004
0501905002,0.7544310985191954,3,4,4,7,3.9000000000000004
0501905003,0.9535057637438198,1,4,4,7,3.0999999999999996
0501905004,1.2942498179679411,0,3,4,7,2.3999999999999995
0501905005,0.7207888412127392,1,3,4,7,2.8
0501905006,3.0256149638699656,0,3,4,8,2.4999999999999996
0501906001,0.6132036806549476,2,4,4,7,3.5
0501906002,1.2778108876045606,0,4,4,7,2.7
0501906003,4.4681827718165,0,2,4,8,2.1999999999999997
0501906004,0.8317746065665116,1,4,4,7,3.0999999999999996
0501906005,0.8487823662413009,1,4,4,7,3.0999999999999996
0501906008,1.4241468551416028,0,4,4,7,2.7
0501906009,0.9392706733385628,1,4,4,7,3.0999999999999996
0501906010,1.2021967341803588,0,4,4,7,2.7
0501906011,13.586901970417145,0,0,4,8,1.6
0501906012,2.0971986167714167,0,4,4,7,2.7
0501906013,3.580355614167139,0,1,4,5,1.6
0501906014,2.0798777027789104,0,4,4,6,2.6
0502101001,1.916809159281931,0,1,1,4,0.9
0502101002,0.0,1,1,1,4,1.3
0502201001,12.024945324119972,0,0,2,11,1.5
0502201002,8.125217072385723,0,0,4,9,1.7
0502301001,9.198531797931615,0,0,1,5,0.7
0502401001,10.916841711216518,0,0,2,4,0.8
0502501001,8.921977264259898,0,0,1,4,0.6000000000000001
0502601001,6.660431448931935,0,0,1,4,0.6000000000000001
0502701001,13.20744485830776,0,0,1,6,0.8
0502901001,12.880295517909225,0,0,2,4,0.8
0503001001,8.443366733723972,0,0,4,7,1.5
0503301001,12.785852884717123,0,0,2,4,0.8
0503401001,7.9883142141902255,0,0,1,4,0.6000000000000001
0503501001,5.37600952702948,0,0,1,7,0.9000000000000001
0503601001,13.142228105466026,0,0,1,6,0.8
0503701001,11.279744391816749,0,0,1,5,0.7
0503801001,11.495716840817066,0,0,1,3,0.5
0503901001,11.871063676083955,0,0,1,7,0.9000000000000001
0504001001,12.839888909914007,0,0,3,7,1.2999999999999998
0504101001,0.0,1,1,3,10,2.3000000000000003
0504201001,14.32812202330604,0,0,1,5,0.7
0504301001,10.485959796121893,0,0,1,4,0.6000000000000001
0504401001,18.777385367746742,0,0,0,4,0.4
0504501001,14.663229973513717,0,0,1,8,1.0
0504601001,14.315825123782176,0,0,1,5,0.7
0504701001,6.422074759727188,0,0,2,4,0.8
0504703001,0.0,1,1,1,4,1.3
0504703002,8.1699682168851,0,0,1,5,0.7
0504703003,8.676728640733248,0,0,2,4,0.8
0504801001,10.77835267042506,0,0,1,4,0.6000000000000001
0504901001,5.567605898734232,0,0,4,7,1.5
0505101001,4.273979608868227,0,1,1,4,0.9
0505201001,14.853959502526228,0,0,1,3,0.5
0505301001,10.148106201645701,0,0,4,6,1.4
0505401001,0.0,1,1,3,8,2.1
0505501001,5.954650882966733,0,0,3,6,1.2
0505601001,10.746890059111218,0,0,1,4,0.6000000000000001
0505701001,0.0,1,1,2,9,2.0
0505702001,0.30096029563536253,1,1,2,8,1.9000000000000001
0505702002,2.8547392259517976,0,1,2,5,1.2
0505801001,13.041617438679056,0,0,1,7,0.9000000000000001
0505901001,11.721270413227538,0,0,1,6,0.8
0506001001,12.377022181471627,0,0,2,4,0.8
0506101001,5.000196251445628,0,0,4,7,1.5
0506201001,4.609606008811413,0,1,1,6,1.1
0506301001,9.221394627245614,0,0,1,4,0.6000000000000001
0506401001,10.599851992728702,0,0,1,5,0.7
0506501001,0.0,1,1,1,5,1.4
0506601001,9.525926231409978,0,0,3,6,1.2
0506701001,15.013280566990233,0,0,0,6,0.6000000000000001
0506901001,15.401997617526028,0,0,0,4,0.4
0507001001,6.483919908003085,0,0,1,6,0.8
0507201001,8.926681166984897,0,0,1,2,0.4
0507301001,12.301876488277328,0,0,2,3,0.7
0507401001,7.3986325498038905,0,0,1,4,0.6000000000000001
0507501001,7.308685793296365,0,0,3,7,1.2999999999999998
0507601001,5.544113414193425,0,0,4,6,1.4
0507701001,14.220042788044596,0,0,1,5,0.7
0507801001,12.055851551046363,0,0,1,4,0.6000000000000001
0507901001,14.878336158073349,0,0,1,6,0.8
0508001001,15.772393387745813,0,0,0,3,0.30000000000000004
0508101001,11.573585128545936,0,0,1,6,0.8
0508201001,8.727095973910277,0,0,3,7,1.2999999999999998
0508301001,9.69917343933487,0,0,4,7,1.5
0508401001,9.769252737177743,0,0,1,4,0.6000000000000001
0508501001,10.944167633679246,0,0,1,2,0.4
0508601001,8.913099270876366,0,0,2,3,0.7
0508701001,14.120327733027056,0,0,2,7,1.1
0508801001,10.803662928897191,0,0,1,7,0.9000000000000001
0508901001,5.088917037961814,0,0,3,4,0.9999999999999999
0509001001,10.013399018708137,0,0,2,3,0.7
0509201001,11.98907968981948,0,0,1,7,0.9000000000000001
0509301001,14.551622723924515,0,0,1,9,1.1
0509401001,8.636865568616326,0,0,1,3,0.5
0509501001,5.379849780295474,0,0,2,6,1.0
0509601001,9.95335572672325,0,0,1,7,0.9000000000000001
0509701001,9.225060827956158,0,0,2,4,0.8
0509901001,6.392614346454267,0,0,1,3,0.5
0510001001,7.023562706279401,0,0,3,5,1.0999999999999999
0510101001,12.592053029921928,0,0,1,7,0.9000000000000001
0510201001,9.92603659345231,0,0,3,4,0.9999999999999999
0510201002,7.6068601414742885,0,0,2,9,1.3
0510301001,6.133924742502286,0,0,2,4,0.8
0510401001,7.6842815109542455,0,0,1,7,0.9000000000000001
0510501001,5.601342000054742,0,0,1,6,0.8
0510601001,6.2885729522552305,0,0,1,7,0.9000000000000001
0510701001,11.681130383748455,0,0,1,3,0.5
0510801001,7.79662015776724,0,0,1,4,0.6000000000000001
0510901001,14.043736162610877,0,0,1,4,0.6000000000000001
0511001001,6.255634384769606,0,0,2,6,1.0
0511201001,5.050381444499141,0,0,1,4,0.6000000000000001
0511301001,3.7292865527633303,0,1,1,4,0.9
0511401001,4.061054490917932,0,1,1,6,1.1
0511402001,0.0,1,1,1,5,1.4
0511501001,8.943398488999392,0,0,1,5,0.7
0511601001,5.373061283851886,0,0,1,5,0.7
0511701001,7.966444321160058,0,0,1,4,0.6000000000000001
0511801001,13.876507294509407,0,0,1,3,0.5
0511901001,9.258349058513843,0,0,1,3,0.5
0512001001,11.374890908956822,0,0,4,7,1.5
0512101001,7.348433317399159,0,0,4,7,1.5
0512201001,17.68563096506044,0,0,0,4,0.4
0512301001,11.6493706176255,0,0,4,7,1.5
0512401001,13.235048112056754,0,0,2,4,0.8
0512501001,10.85317946933104,0,0,1,4,0.6000000000000001
0512601001,5.628018911365214,0,0,1,4,0.6000000000000001
0512701001,5.244435797055532,0,0,2,7,1.1
0512801001,7.729711066147057,0,0,4,6,1.4
0512901001,10.959339436684624,0,0,1,3,0.5
0513001001,14.763814406201409,0,0,2,8,1.2000000000000002
0513101001,16.3916629269977,0,0,0,3,0.30000000000000004
0513201001,0.0,1,1,2,6,1.7000000000000002
0513301001,11.494478981748207,0,0,2,7,1.1
0513401001,8.592975750244292,0,0,1,4,0.6000000000000001
0513501001,0.0,1,1,1,7,1.6
0513601001,12.421058063371692,0,0,1,7,0.9000000000000001
0513801001,9.891321304526128,0,0,1,7,0.9000000000000001
0513901001,5.5530576639351885,0,0,1,7,0.9000000000000001
0514001001,6.906870038099014,0,0,1,9,1.1
0514101001,10.073175020399605,0,0,4,7,1.5
0514201001,8.652825108043057,0,0,1,3,0.5
0514301001,6.3215212291844445,0,0,1,4,0.6000000000000001
0514401001,16.053370722353257,0,0,0,3,0.30000000000000004
0514501001,10.080435780022738,0,0,1,6,0.8
0514701001,7.59463670638741,0,0,2,4,0.8
0514801001,7.01632579674636,0,0,1,6,0.8
0514901001,8.78258258830023,0,0,1,8,1.0
0515101001,15.033006794171017,0,0,0,3,0.30000000000000004
0515201001,10.256930851398787,0,0,1,4,0.6000000000000001
0515301001,10.358650051889759,0,0,1,4,0.6000000000000001
0515401001,8.254707459003546,0,0,1,6,0.8
0515501001,6.687530237980112,0,0,1,4,0.6000000000000001
0515601001,7.750559008600393,0,0,4,6,1.4
0515701001,16.114676834414656,0,0,0,7,0.7000000000000001
0515801001,8.64561570451241,0,0,1,11,1.3
0515901001,12.51026185898009,0,0,1,4,0.6000000000000001
0516001001,12.331440949559376,0,0,1,7,0.9000000000000001
0516101001,11.758209075005455,0,0,1,7,0.9000000000000001
0516201001,13.900272507033906,0,0,1,6,0.8
0516301001,5.026245347067826,0,0,3,8,1.4
0516301002,7.589314445003415,0,0,3,9,1.5
0516401001,12.595247758254493,0,0,1,7,0.9000000000000001
0516501001,0.0,1,1,1,8,1.7000000000000002
0516601001,7.550225800740245,0,0,1,11,1.3
0516701001,8.727092881178754,0,0,2,8,1.2000000000000002
0516801001,0.0,1,1,1,3,1.2
0516801002,2.1575963326012038,0,1,1,3,0.8
0516802001,5.545875767211556,0,0,1,7,0.9000000000000001
0516802002,5.961610466178878,0,0,1,3,0.5
0516901001,7.0200940086157235,0,0,2,10,1.4
0517001001,4.369934516225652,0,1,1,4,0.9
0517101001,11.12818684544144,0,0,3,5,1.0999999999999999
0517201001,13.811399077237622,0,0,3,6,1.2
0517301001,15.636754447590707,0,0,0,6,0.6000000000000001
0517401001,11.566892756205354,0,0,2,2,0.6
0517501001,16.43179005803837,0,0,0,7,0.7000000000000001
0517601001,13.766218435732712,0,0,4,7,1.5
0517701001,5.828456087244642,0,0,1,5,0.7
0517801001,4.438537940381128,0,1,1,5,1.0
0517901001,11.195538435795712,0,0,1,8,1.0
0518001001,7.488409870951037,0,0,1,7,0.9000000000000001
0518101001,20.239901436450047,0,0,0,3,0.30000000000000004
0518201001,9.121680786350469,0,0,2,7,1.1
0518301001,17.043644273619808,0,0,0,5,0.5
0518401001,7.775958031792768,0,0,1,2,0.4
0518501001,11.344015984487367,0,0,1,6,0.8
0518601001,0.0,1,1,1,3,1.2
0518701001,5.298858154762489,0,0,4,7,1.5
0518702001,5.108070702820404,0,0,4,7,1.5
0518801001,6.1753479966339855,0,0,1,3,0.5
0518901001,7.751326923058223,0,0,3,4,0.9999999999999999
0519001001,11.965886109718637,0,0,2,6,1.0
0519101001,7.741187003246043,0,0,1,3,0.5
0519201001,13.922527993340886,0,0,1,2,0.4
0519301001,6.977663548821725,0,0,1,4,0.6000000000000001
0519401001,14.617728619434065,0,0,1,7,0.9000000000000001
0519501001,12.952910282578998,0,0,3,10,1.6
0519601001,4.337307338839245,0,1,1,3,0.8
0519701001,10.036533190824448,0,0,4,6,1.4
0519801001,9.617513848757934,0,0,2,3,0.7
0519901001,8.26764925611711,0,0,2,5,0.9
0520001001,3.897552951032779,0,1,1,4,0.9
0520101001,9.47679433994987,0,0,2,8,1.2000000000000002
0520401001,0.0,1,1,1,6,1.5
0520501001,14.934782515731433,0,0,1,6,0.8
0520601001,7.136435086889375,0,0,4,5,1.3
0520701001,8.955331832775997,0,0,2,6,1.0
0520801001,11.932310203276307,0,0,2,5,0.9
0520901001,15.942522225917775,0,0,0,3,0.30000000000000004
0521001001,12.492551223325767,0,0,1,7,0.9000000000000001
0521101001,12.33688614229725,0,0,2,10,1.4
0521201001,10.56739974124168,0,0,1,9,1.1
0521301001,5.774054394790985,0,0,1,3,0.5
0521401001,2.5464518140279453,0,1,1,4,0.9
0521501001,10.004559796943399,0,0,2,6,1.0
0521601001,6.319137189623331,0,0,1,7,0.9000000000000001
0521701001,5.575559656229285,0,0,1,4,0.6000000000000001
0521801001,23.74021309367692,0,0,0,4,0.4
0521901001,13.311002626696943,0,0,1,7,0.9000000000000001
0522001001,11.295920107587929,0,0,1,7,0.9000000000000001
0522101001,0.8945025992232486,1,1,2,6,1.7000000000000002
0522201001,14.20283833326841,0,0,1,11,1.3
0522401001,7.036024946982609,0,0,1,7,0.9000000000000001
0522501001,7.7063069769729085,0,0,1,3,0.5
0522601001,5.815428399156687,0,0,2,5,0.9
0522701001,4.65407628411409,0,1,3,6,1.5
0522801001,4.74156960250721,0,1,1,3,0.8
0522901001,11.65436239542938,0,0,2,6,1.0
0523001001,9.957145443203931,0,0,1,7,0.9000000000000001
0523101001,14.838162169786768,0,0,1,4,0.6000000000000001
0523201001,7.693135121507984,0,0,4,7,1.5
0523301001,11.959873980040314,0,0,2,7,1.1
0523401001,7.855746760802148,0,0,1,7,0.9000000000000001
0523501001,9.946081364791365,0,0,1,6,0.8
0523601001,11.90864061258659,0,0,2,3,0.7
0523701001,13.230699702228215,0,0,1,7,0.9000000000000001
0523801001,11.007987837536199,0,0,1,8,1.0
0523901001,15.600823191786688,0,0,0,9,0.9
0524001001,4.415297984295339,0,2,4,6,1.9999999999999998
0524002001,0.0,1,1,2,6,1.7000000000000002
0524101001,2.3094287962494464,0,1,4,7,1.8
0524101002,0.0,1,1,2,7,1.8
0524201001,12.360686729184678,0,0,2,4,0.8
0524301001,11.291741076844591,0,0,2,6,1.0
0524401001,5.399622019149207,0,0,1,4,0.6000000000000001
0524501001,8.506140297185356,0,0,4,9,1.7
0524601001,12.593793840696176,0,0,1,3,0.5
0524701001,4.86098410217783,0,1,1,7,1.2000000000000002
0524901001,7.142157434710988,0,0,1,4,0.6000000000000001
0525101001,9.358635351939602,0,0,1,3,0.5
0525201001,7.882086661892333,0,0,1,6,0.8
0525301001,8.61361717787263,0,0,1,7,0.9000000000000001
0525401001,5.340473100679109,0,0,1,6,0.8
0525601001,14.338188047518804,0,0,1,7,0.9000000000000001
0525701001,14.659046935207495,0,0,1,3,0.5
0525801001,9.590107681808373,0,0,1,7,0.9000000000000001
0525901001,12.701584152925463,0,0,2,4,0.8
0526001001,14.540675597129159,0,0,1,3,0.5
0526101001,8.809150008477522,0,0,2,4,0.8
0526201001,11.378537634761011,0,0,2,6,1.0
0526301001,9.95408728377697,0,0,1,3,0.5
0526401001,4.015070391574688,0,1,1,8,1.3
0526501001,4.997999259110528,0,1,1,5,1.0
0526601001,15.02365499378676,0,0,0,2,0.2
0526701001,17.400422070732635,0,0,0,6,0.6000000000000001
0590101001,10.616981395365457,0,0,1,6,0.8
0590201001,17.515132493335198,0,0,0,7,0.7000000000000001
0590301001,22.02553997688456,0,0,0,4,0.4
0590401001,11.635701094417039,0,0,2,5,0.9
0590501001,4.297084007225623,0,1,2,8,1.5
0900101001,9.90056847644722,0,0,1,6,0.8
0900301001,6.8792765536463545,0,0,4,5,1.3
0900601001,9.370740534824337,0,0,2,7,1.1
0900701001,5.631741165446718,0,0,2,6,1.0
0900901001,7.777607277810812,0,0,10,11,3.1
0901001001,9.76556517139348,0,0,2,8,1.2000000000000002
0901101001,20.708383963818903,0,0,0,2,0.2
0901201001,28.963295324603422,0,0,0,1,0.1
0901301001,6.695458242289171,0,0,3,6,1.2
0901401001,9.94292252601367,0,0,1,6,0.8
0901601001,5.586388449839726,0,0,3,6,1.2
0901701001,6.403451798253962,0,0,1,6,0.8
0901801001,0.4088048659660269,2,2,3,4,2.4
0901801002,0.4669801449043771,2,2,3,4,2.4
0901801003,0.7152845371439038,1,2,3,4,2.0
0901801004,0.9739778059962666,1,2,3,4,2.0
0901801005,0.819767526283443,1,2,3,4,2.0
0901801006,1.1975651250636952,0,2,3,4,1.6
0901801007,0.11880556852504016,2,2,3,4,2.4
0901801008,0.14003140456292149,2,2,3,4,2.4
0901801009,0.0,2,2,3,4,2.4
0901802001,0.6913333979739805,2,2,3,4,2.4
0901802002,0.4818338972330099,2,2,3,4,2.4
0901802003,0.2828789554645131,2,2,3,4,2.4
0901802004,0.0,2,2,3,4,2.4
0901802005,4.948773054114695,0,1,3,4,1.3
0901803001,0.2714666598096431,2,2,3,4,2.4
0901803002,0.3676954273377293,2,2,3,4,2.4
0901803003,0.8080108380388435,1,2,3,4,2.0
0901803004,0.6379878788080171,1,2,3,4,2.0
0901803005,4.054127277385371,0,2,3,5,1.7
0901803006,0.5784251258751043,1,2,3,4,2.0
0901803007,0.6195436445854665,1,2,3,4,2.0
0901803008,0.42302556987995865,2,2,3,4,2.4
0901901001,11.788270528983245,0,0,1,3,0.5
0902001001,8.60060496830437,0,0,1,3,0.5
0902101001,6.754177367339207,0,0,1,5,0.7
0902201001,8.830798257844572,0,0,1,4,0.6000000000000001
0902301001,10.230708037160777,0,0,10,12,3.2
0902401001,9.490371029377785,0,0,2,6,1.0
0902501001,31.59530533172188,0,0,0,0,0.0
0902601001,19.289981830241427,0,0,0,11,1.1
0902701001,16.333494351715984,0,0,0,12,1.2000000000000002
0902901001,13.501171443183301,0,0,3,12,1.7999999999999998
0903001001,17.52275277836052,0,0,0,11,1.1
0903201001,7.969706031577172,0,0,1,2,0.4
0903301001,12.94706431688468,0,0,1,5,0.7
0903401001,13.431853932310188,0,0,1,5,0.7
0903501001,15.327017570726277,0,0,0,5,0.5
0903601001,5.379789797265375,0,0,2,4,0.8
0903701001,19.270214751586746,0,0,0,3,0.30000000000000004
0903801001,7.361884649482304,0,0,1,3,0.5
0903901001,9.187490412109804,0,0,1,2,0.4
0904101001,7.394495379383425,0,0,2,8,1.2000000000000002
0904301001,8.376191134060704,0,0,2,6,1.0
0904401001,18.620194956827454,0,0,0,12,1.2000000000000002
0904501001,17.861545102884246,0,0,0,4,0.4
0904601001,7.757335572251666,0,0,1,3,0.5
0904701001,5.428022729608332,0,0,1,5,0.7
0904801001,0.0,1,1,1,3,1.2
0904801002,0.37961521023730843,1,1,1,3,1.2
0905001001,27.31554426257375,0,0,0,4,0.4
0905101001,5.668641998929015,0,0,4,5,1.3
0905201001,8.641849499042554,0,0,3,7,1.2999999999999998
0905401001,10.242984536765867,0,0,2,6,1.0
0905501001,13.40420085621546,0,0,1,4,0.6000000000000001
0905601001,3.444850700245444,0,1,1,5,1.0
0905601002,0.0,1,1,1,4,1.3
0905601003,3.4270946102502386,0,1,1,6,1.1
0905601004,2.61101130837827,0,1,1,5,1.0
0905701001,6.687086457250762,0,0,3,5,1.0999999999999999
0905801001,7.859071213248364,0,0,10,13,3.3
0905901001,0.28106420211910665,5,9,9,11,7.6000000000000005
0905901002,0.29059149941587165,3,9,9,11,6.8
0905902001,0.252703099034701,2,9,9,11,6.4
0905902002,0.20799842917441932,2,9,9,11,6.4
0905902003,0.33858234167818174,2,9,9,11,6.4
0905902004,0.0,2,9,9,11,6.4
0905902005,0.22924766915453854,2,9,9,11,6.4
0905903001,0.5984426635708626,5,9,9,11,7.6000000000000005
0905903002,0.35763779135730567,5,9,9,11,7.6000000000000005
0905903003,0.3247575127044206,1,9,9,11,6.0
0905903004,0.5941042406166863,1,9,9,11,6.0
0905903005,3.5996224138038855,0,5,9,12,4.5
0905903006,0.9811459346712254,2,9,9,11,6.4
0905903007,0.0,1,9,9,11,6.0
0905903008,0.4367243584313904,1,9,9,11,6.0
0905903009,1.1152637960943426,0,9,9,11,5.6
0905903010,0.8436675458255951,1,9,9,11,6.0
0905903011,1.0494334497776832,0,9,9,11,5.6
0905904001,0.4798116340231271,2,9,9,11,6.4
0905904002,0.7745857757954113,2,9,9,11,6.4
0905904003,0.3950436109155657,3,9,9,11,6.8
0905904004,0.5176078782832316,3,9,9,11,6.8
0905905001,0.4549143824355353,2,9,9,11,6.4
0905905002,0.5567602188791326,3,9,9,11,6.8
0905905003,0.663636665368652,1,9,9,11,6.0
0905905004,0.6991086312834063,3,9,9,11,6.8
0905905005,0.5308780811450118,3,9,9,11,6.8
0905905006,0.43969880156088265,2,9,9,11,6.4
0905905007,0.652827929958687,3,9,9,11,6.8
0905905008,0.6033343308955685,1,9,9,11,6.0
0905905009,0.808332016439913,1,9,9,11,6.0
0905905010,0.608904887635516,1,9,9,11,6.0
0905905011,0.7570500902125273,3,9,9,11,6.8
0905905012,0.8047390296747583,1,9,9,11,6.0
0905905013,0.0,1,9,9,11,6.0
0905905014,1.4860215800025938,0,6,9,11,4.7
0905905015,0.7481146635530878,3,9,9,11,6.8
0905905016,0.7267578110116573,3,9,9,11,6.8
0905905017,0.24490264959564698,1,9,9,11,6.0
0905905018,0.631568019614727,3,9,9,11,6.8
0905905019,0.40043390235127363,1,9,9,11,6.0
0905905020,0.7443714116164442,3,9,9,11,6.8
0905905021,0.7543594374653053,3,9,9,11,6.8
0905905022,0.6302608661785855,3,9,9,11,6.8
0905905023,0.4898441998831445,1,9,9,11,6.0
0905905024,0.410330157733234,3,9,9,11,6.8
0905905025,0.5862452621773614,3,9,9,11,6.8
0905905026,0.6414785778826603,3,9,9,11,6.8
0905905027,0.4073355756826728,2,9,9,11,6.4
0905905028,0.6336824653492341,2,9,9,11,6.4
0905905029,0.45417776388130576,1,9,9,11,6.0
0905905030,0.4725494473882042,1,9,9,11,6.0
0905905031,0.6805028865081199,1,9,9,11,6.0
0905905032,0.498995610622142,1,9,9,11,6.0
0905905033,0.9769948498464925,1,9,9,11,6.0
0905905034,0.6838390343260337,1,9,9,11,6.0
0905905035,1.2994433956170277,0,6,9,11,4.7
0905905036,0.6336106123731603,3,9,9,11,6.8
0905905037,0.8842270714706197,3,9,9,11,6.8
0905905038,2.57438662717601,0,7,9,11,5.0
0905905039,0.2528441167947137,3,9,9,11,6.8
0905905040,0.46669310341605175,3,9,9,11,6.8
0905905041,0.7907035749956334,1,9,9,11,6.0
0905905042,0.9155823217256327,1,9,9,11,6.0
0905905043,1.168417779769224,0,9,9,11,5.6
0905905044,0.46080177601338823,3,9,9,11,6.8
0905905045,0.7154118426097531,3,9,9,11,6.8
0905905046,1.1872982840589814,0,6,9,11,4.7
0905905047,0.7723556739653824,1,9,9,11,6.0
0905905048,3.373913250883138,0,3,9,11,3.8
0905905049,0.3721315440303258,2,9,9,11,6.4
0905905050,1.0307306791092332,0,9,9,11,5.6
0905905051,0.6442970652646437,1,9,9,11,6.0
0905905052,1.059439536164446,0,6,9,11,4.7
0905906001,0.47884079854798184,4,9,9,11,7.2
0905906002,0.5833252714218009,4,9,9,11,7.2
0905906003,0.6174948827242049,5,9,9,11,7.6000000000000005
0905906004,0.49469347821348303,5,9,9,11,7.6000000000000005
0905906005,0.39897641295362735,4,9,9,11,7.2
0905906006,1.9151389878129699,0,9,9,11,5.6
0905906007,0.19656805840594113,2,9,9,11,6.4
0905906008,1.2682941263445966,0,9,9,11,5.6
0905906009,0.0,2,9,9,11,6.4
0905906010,0.15167257442332405,2,9,9,11,6.4
0905906011,0.35711657876471364,2,9,9,11,6.4
0905906012,0.8091012314255118,2,9,9,11,6.4
0905907001,0.532442091007042,4,9,9,11,7.2
0905907002,0.6270251384635779,4,9,9,11,7.2
0905907003,1.0245360711175013,0,9,9,11,5.6
0905907004,0.6718399711588116,4,9,9,11,7.2
0905907005,0.7030766628771595,4,9,9,11,7.2
0905907006,1.1899179974315954,0,9,9,11,5.6
0905907007,2.469303978045349,0,9,9,11,5.6
0905907008,1.2387358979796308,0,9,9,11,5.6
0905907009,0.5355879371996415,4,9,9,11,7.2
0905907010,2.4154423292652796,0,9,9,11,5.6
0905908001,0.14478095053408607,2,9,9,11,6.4
0905908002,0.3204164368786496,2,9,9,11,6.4
0905908003,1.9363794583646723,0,8,10,11,5.499999999999999
0905908004,0.44449531542750714,1,9,9,11,6.0
0905908005,2.3219802252982844,0,6,10,12,5.0
0905908006,0.6522862727201751,3,9,9,11,6.8
0905908007,0.13947732485828415,2,9,9,11,6.4
0905908008,0.5540999678739572,2,9,9,11,6.4
0905908009,2.953920570298455,0,5,9,11,4.4
0905908010,0.9839454735324813,1,8,9,11,5.7
0905908011,0.5631138291522123,1,9,9,11,6.0
0905909001,0.30681064075134334,4,9,9,11,7.2
0905909002,0.2763302969286533,3,9,9,11,6.8
0905909003,0.47305385412551865,3,9,9,11,6.8
0905909004,0.16376262062371733,3,9,9,11,6.8
0905909005,0.29579077063743725,3,9,9,11,6.8
0905909006,0.7047004799456008,2,9,9,11,6.4
0905909007,0.0,2,9,9,11,6.4
0905909008,0.26691508125892843,2,9,9,11,6.4
0905909009,0.5677611237629699,3,9,9,11,6.8
0905909010,0.2793297523470193,3,9,9,11,6.8
0905909011,0.38087410129258803,3,9,9,11,6.8
0905909012,0.5355984278835663,3,9,9,11,6.8
0905909013,0.4617479715569833,3,9,9,11,6.8
0905909014,0.409906273700687,3,9,9,11,6.8
0905909015,0.0,1,9,9,11,6.0
0905909016,3.9209521904398033,0,3,9,11,3.8
0905909017,0.4674414481165606,4,9,9,11,7.2
0905909018,0.37871457189862057,2,9,9,11,6.4
0905909019,0.5200161841652496,2,9,9,11,6.4
0905909020,0.14629332930182634,2,9,9,11,6.4
0905909021,0.36017105167494184,3,9,9,11,6.8
0905909022,0.41502074895270546,3,9,9,11,6.8
0905909023,0.4289728877798893,1,9,9,11,6.0
0905909024,0.8662406857878351,3,9,9,11,6.8
0905909025,0.5894133150783094,3,9,9,11,6.8
0905909026,0.4495491052353885,3,9,9,11,6.8
0905909027,0.5014986344713863,3,9,9,11,6.8
0905909028,0.6376007632975551,3,9,9,11,6.8
0905909029,0.2360699831569058,3,9,9,11,6.8
0905909030,0.21697338424607865,3,9,9,11,6.8
0905909031,0.6547316400524237,3,9,9,11,6.8
0905909032,0.34194900681709645,3,9,9,11,6.8
0905909033,0.45506488721120075,3,9,9,11,6.8
0905909034,0.1932073318276619,3,9,9,11,6.8
0905909035,0.7714926259855207,2,9,9,11,6.4
0905909036,0.4527270895008545,2,9,9,11,6.4
0905909037,0.7258044256247291,3,9,9,11,6.8
0905909038,0.7292837003965017,4,9,9,11,7.2
0905909039,0.35989968196186733,3,9,9,11,6.8
0905909040,0.3501937707391401,1,9,9,11,6.0
0905909041,0.7096464807544158,1,9,9,11,6.0
0905909042,0.5164195505034243,3,9,9,11,6.8
0905909043,0.35783343151429964,1,9,9,11,6.0
0905909044,0.4763343977030431,2,9,9,11,6.4
0906001001,10.9924796173471,0,0,3,7,1.2999999999999998
0906101001,16.09622502474453,0,0,0,5,0.5
0906201001,12.806755639995691,0,0,1,4,0.6000000000000001
0906301001,3.3834514311557697,0,1,6,12,2.7
0906401001,12.139970732846672,0,0,1,5,0.7
0906501001,5.500006851696315,0,0,3,4,0.9999999999999999
0906601001,14.616145552141264,0,0,1,1,0.3
0906701001,9.494459217638637,0,0,3,5,1.0999999999999999
0906801001,7.191820606110421,0,0,2,8,1.2000000000000002
0907001001,11.211190857379568,0,0,1,4,0.6000000000000001
0907101001,13.082778716137174,0,0,1,9,1.1
0907201001,9.094121001014377,0,0,9,10,2.8
0907301001,4.9483005086219185,0,2,9,11,3.5
0907401001,5.39475114648923,0,0,9,11,2.9
0907501001,10.059273020582369,0,0,9,13,3.0999999999999996
0907601001,7.833488152072955,0,0,2,4,0.8
0907701001,9.400922996597153,0,0,2,7,1.1
0907801001,10.068211794778081,0,0,1,2,0.4
0907901001,14.098694227684247,0,0,1,14,1.6
0908201001,8.901373126237788,0,0,1,5,0.7
0908301001,11.43510944563751,0,0,1,11,1.3
0908401001,7.884390313429893,0,0,1,4,0.6000000000000001
0908501001,0.0,1,1,4,5,2.0
0908601001,8.504233076512072,0,0,9,11,2.9
0908801001,3.364629402944138,0,1,2,5,1.2
0909001001,15.221556666961003,0,0,0,7,0.7000000000000001
0909101001,19.280307397400517,0,0,0,7,0.7000000000000001
0909301001,6.39957713782504,0,0,9,11,2.9
0909401001,14.306039403523245,0,0,1,3,0.5
0909501001,4.977703265286005,0,1,1,12,1.7000000000000002
0909801001,10.546207267558195,0,0,2,5,0.9
0910001001,14.248996569955342,0,0,1,12,1.4000000000000001
0910101001,7.020426843941801,0,0,2,11,1.5
0910201001,4.04260244739394,0,1,2,6,1.2999999999999998
0910301001,9.947143561214157,0,0,1,6,0.8
0910401001,11.894140827118013,0,0,1,4,0.6000000000000001
0910501001,20.32063409654344,0,0,0,4,0.4
0910801001,14.735537519090743,0,0,2,12,1.6
0910901001,20.999169887869822,0,0,0,2,0.2
0911001001,12.64686618872287,0,0,1,3,0.5
0911201001,7.820047221933042,0,0,1,4,0.6000000000000001
0911301001,20.934132745836944,0,0,0,2,0.2
0911401001,20.433860642396258,0,0,0,11,1.1
0911501001,6.851105182361948,0,0,2,7,1.1
0911701001,4.401945526916506,0,1,2,5,1.2
0911901001,22.06873830386786,0,0,0,12,1.2000000000000002
0912001001,4.109924705529474,0,1,3,6,1.5
0912201001,14.753763899172906,0,0,1,3,0.5
0912301001,7.521089612735007,0,0,1,2,0.4
0912401001,0.0,1,1,1,4,1.3
0912501001,0.0,1,1,1,12,2.1
0912701001,5.82521793468636,0,0,1,4,0.6000000000000001
0912801001,5.615045813229577,0,0,9,12,3.0
0912901001,15.95065329123283,0,0,0,2,0.2
0913001001,4.943195908482507,0,1,1,3,0.8
0913101001,5.4340216697978745,0,0,3,4,0.9999999999999999
0913201001,5.191534540701719,0,0,2,4,0.8
0913301001,16.862541144680456,0,0,0,12,1.2000000000000002
0913401001,8.378422583071261,0,0,2,6,1.0
0913501001,9.291280323009634,0,0,2,7,1.1
0913601001,8.036892123554127,0,0,2,5,0.9
0913701001,8.536088386467727,0,0,3,4,0.9999999999999999
0913801001,8.338643333963306,0,0,2,5,0.9
0913901001,8.898760615263981,0,0,2,5,0.9
0914001001,15.70450666752907,0,0,0,4,0.4
0914101001,4.381192304391188,0,2,3,4,1.6
0914301001,13.189252263919231,0,0,1,13,1.5000000000000002
0914401001,11.244161461723957,0,0,1,4,0.6000000000000001
0914801001,11.152004089671406,0,0,2,5,0.9
0914901001,5.397430436671424,0,0,2,7,1.1
0915101001,11.16962860780268,0,0,2,5,0.9
0915201001,9.866035107577641,0,0,4,5,1.3
0915401001,7.039474322424927,0,0,1,4,0.6000000000000001
0915501001,9.928159839690917,0,0,2,5,0.9
0915901001,14.727058678102876,0,0,1,11,1.3
0916001001,6.796060262337996,0,0,3,5,1.0999999999999999
0916201001,16.132146497377523,0,0,0,11,1.1
0916301001,7.197541528645152,0,0,2,5,0.9
0916401001,16.11358073309074,0,0,0,4,0.4
0916601001,8.515679748423736,0,0,1,13,1.5000000000000002
0916701001,9.08387289033442,0,0,1,13,1.5000000000000002
0916801001,6.941826253057573,0,0,2,6,1.0
0916901001,14.93314474550787,0,0,1,3,0.5
0917001001,6.9988167575413796,0,0,4,5,1.3
0917201001,9.81386591054779,0,0,1,12,1.4000000000000001
0917301001,10.930241637169484,0,0,1,4,0.6000000000000001
0917401001,0.0,1,1,1,3,1.2
0917501001,16.445342637447723,0,0,0,5,0.5
0917601001,7.557932859118046,0,0,9,12,3.0
0917701001,16.949009340046242,0,0,0,10,1.0
0917801001,10.775498244458076,0,0,1,5,0.7
0917901001,7.216143490145318,0,0,1,2,0.4
0918001001,10.684033091827814,0,0,1,13,1.5000000000000002
0918101001,14.712340648361025,0,0,1,13,1.5000000000000002
0918201001,15.659416840808385,0,0,0,8,0.8
0918301001,9.003895471777495,0,0,1,2,0.4
0918401001,8.759189915378984,0,0,1,1,0.3
0918901001,12.938335045070511,0,0,2,5,0.9
0919001001,24.551637224327482,0,0,0,2,0.2
0919101001,18.59088058250052,0,0,0,7,0.7000000000000001
0919201001,17.38642299454785,0,0,0,6,0.6000000000000001
0919401001,9.625049340613526,0,0,1,3,0.5
0919401002,0.0,1,1,1,2,1.1
0919501001,11.49060979638664,0,0,2,6,1.0
0919601001,19.94822268772683,0,0,0,12,1.2000000000000002
0919701001,18.190219970662604,0,0,0,12,1.2000000000000002
0919801001,6.621570324945763,0,0,1,8,1.0
0919901001,6.1731859343705935,0,0,2,5,0.9
0920001001,19.383898184785988,0,0,0,4,0.4
0920101001,12.4141779187327,0,0,1,3,0.5
0920201001,8.55458234753717,0,0,1,13,1.5000000000000002
0920601001,6.9015251012824175,0,0,2,12,1.6
0920801001,19.20402090040268,0,0,0,11,1.1
0920901001,3.215696727952196,0,1,3,7,1.6
0920901002,0.0,1,1,2,6,1.7000000000000002
0920901003,8.513004125816972,0,0,2,6,1.0
0920901004,1.0381928579586193,0,1,2,7,1.4
0920901005,1.8680834859423203,0,1,2,6,1.2999999999999998
0921101001,0.0,1,1,3,5,1.8
0921301001,5.857261523945437,0,0,2,5,0.9
0921401001,10.463558881676878,0,0,1,5,0.7
0921501001,9.061704749043454,0,0,2,3,0.7
0921601001,16.58472472456008,0,0,0,3,0.30000000000000004
0921701001,12.874110806649941,0,0,3,5,1.0999999999999999
0921801001,9.165488230037228,0,0,3,4,0.9999999999999999
0921901001,0.0,1,2,3,3,1.9000000000000001
0921901002,1.0195460995651355,0,2,3,3,1.5
0921902001,0.37046595305230495,1,2,3,3,1.9000000000000001
0921902002,0.5899802352384754,1,2,3,3,1.9000000000000001
0921902003,0.7325710303635344,1,2,3,3,1.9000000000000001
0921902004,0.8444147553895746,1,2,3,3,1.9000000000000001
0921902005,0.7978073903540726,1,2,2,3,1.7000000000000002
0921902006,1.4947043802448141,0,2,2,3,1.3
0921902007,0.9409936159605279,1,2,2,3,1.7000000000000002
0921903001,0.4584514217576931,1,2,2,3,1.7000000000000002
0921903002,0.6697323682531816,1,2,2,3,1.7000000000000002
0921903003,0.44578790876270175,1,2,2,3,1.7000000000000002
0921903004,0.6717289995607255,1,2,2,3,1.7000000000000002
0921903005,0.9376589815815031,1,2,2,3,1.7000000000000002
0921903006,0.91929624497105,1,2,2,3,1.7000000000000002
0921903007,0.874007556558709,1,2,2,3,1.7000000000000002
0921903008,1.0171192897801051,0,2,2,3,1.3
0921903009,1.1129942894892253,0,2,2,3,1.3
0921903010,1.3925178983237292,0,2,2,3,1.3
0921903011,1.1164466499368535,0,2,2,3,1.3
0921903012,1.2602851752675024,0,2,2,3,1.3
0921903013,1.4176831099365217,0,2,2,3,1.3
0921903014,1.4911765622943278,0,2,2,3,1.3
0921903015,0.5596773558605044,1,2,2,3,1.7000000000000002
0921903016,0.7212747504338718,1,2,2,3,1.7000000000000002
0921903017,1.193390871175849,0,2,2,3,1.3
0921903018,1.299252058946822,0,2,2,3,1.3
0921904001,4.5935932343982,0,1,3,4,1.3
0921904002,0.0,1,2,2,3,1.7000000000000002
0921904003,1.7642092042793853,0,2,3,3,1.5
0922001001,6.135119553400859,0,0,1,7,0.9000000000000001
0922101001,8.302554917415577,0,0,9,10,2.8
0922301001,7.385382658603772,0,0,1,5,0.7
0922401001,18.094550282300812,0,0,0,13,1.3
0922501001,12.472098935174103,0,0,1,5,0.7
0922601001,17.498718063108278,0,0,0,2,0.2
0922701001,8.499863791746598,0,0,1,12,1.4000000000000001
0922801001,11.36096378255734,0,0,1,5,0.7
0922901001,9.21934486738408,0,0,2,5,0.9
0923001001,5.409342222700197,0,0,2,5,0.9
0923101001,11.868703906064766,0,0,1,2,0.4
0923201001,5.626082264349537,0,0,1,4,0.6000000000000001
0923501001,9.826929195411292,0,0,1,6,0.8
0923601001,8.827705084539696,0,0,2,12,1.6
0923801001,0.0,1,1,2,8,1.9000000000000001
0923901001,17.3187734705655,0,0,0,5,0.5
0924101001,7.251454999478868,0,0,9,11,2.9
0924201001,7.089296373428698,0,0,1,6,0.8
0924301001,5.9968703621925386,0,0,2,4,0.8
0924401001,14.141985183677747,0,0,1,7,0.9000000000000001
0924601001,10.627200274754115,0,0,2,5,0.9
0924701001,10.393306503127521,0,0,2,6,1.0
0924801001,23.296455133979883,0,0,0,10,1.0
0924901001,7.871786758921536,0,0,2,9,1.3
0925001001,8.024018831574281,0,0,2,11,1.5
0925101001,0.0,1,1,2,7,1.8
0925301001,12.129161343060897,0,0,3,4,0.9999999999999999
0925501001,11.810163015475618,0,0,2,6,1.0
0925601001,7.516033361399294,0,0,1,5,0.7
0925701001,8.72375065660279,0,0,1,13,1.5000000000000002
0925801001,12.775025545061157,0,0,1,6,0.8
0925901001,13.639117303551966,0,0,6,12,2.4
0926101001,17.724426311225518,0,0,0,4,0.4
0926201001,8.002797000809242,0,0,1,5,0.7
0926501001,10.732328904855923,0,0,2,6,1.0
0926601001,19.599374685305776,0,0,0,2,0.2
0926701001,9.35356097809571,0,0,1,4,0.6000000000000001
0926801001,12.05252989877571,0,0,2,4,0.8
0926901001,4.688427729304475,0,1,1,3,0.8
0927001001,15.780151440812872,0,0,0,5,0.5
0927201001,13.33366410872728,0,0,1,5,0.7
0927301001,6.87003073818058,0,0,1,5,0.7
0927401001,11.40170096477304,0,0,1,2,0.4
0927501001,8.94296048838342,0,0,2,12,1.6
0927601001,14.755388188172986,0,0,1,3,0.5
0927701001,16.37755152631943,0,0,0,2,0.2
0927901001,9.49957710641184,0,0,2,5,0.9
0928001001,7.655702382640317,0,0,2,6,1.0
0928101001,11.578759810751357,0,0,3,5,1.0999999999999999
0928301001,8.54478753080097,0,0,3,6,1.2
0928701001,10.79783281869073,0,0,10,12,3.2
0928801001,12.454548025293349,0,0,4,12,2.0
0928901001,4.34601149841475,0,1,1,4,0.9
0928901002,0.0,1,1,2,4,1.5
0929201001,12.914882361035652,0,0,1,13,1.5000000000000002
0929401001,2.888833304541507,0,1,1,2,0.7
0929501001,19.54497225732088,0,0,0,3,0.30000000000000004
0929701001,11.646469547808987,0,0,10,12,3.2
0929801001,8.45711882452552,0,0,3,6,1.2
0930101001,6.14876154611938,0,0,9,12,3.0
0930201001,11.784203994078634,0,0,2,5,0.9
0930301001,14.315084256811696,0,0,1,3,0.5
0930401001,8.01262235441401,0,0,7,13,2.7
0930601001,12.326031241689401,0,0,1,5,0.7
0930701001,10.51993637287277,0,0,1,4,0.6000000000000001
0930801001,7.5460024175455604,0,0,1,5,0.7
0930901001,5.969238078782422,0,0,2,4,0.8
0931001001,8.814148516618364,0,0,1,8,1.0
0931101001,18.65717280439572,0,0,0,3,0.30000000000000004
0931201001,7.261050331412837,0,0,1,4,0.6000000000000001
0931401001,20.04684992919331,0,0,0,11,1.1
0931501001,12.074979138115697,0,0,9,12,3.0
0931601001,12.390109750944227,0,0,1,4,0.6000000000000001
0931701001,7.558445457171701,0,0,2,4,0.8
0931801001,15.556956907304958,0,0,0,3,0.30000000000000004
0932101001,0.0,1,1,2,5,1.6
0932101002,0.5343425942016011,1,1,2,5,1.6
0932301001,13.112535542863503,0,0,1,7,0.9000000000000001
0932501001,13.294855113972266,0,0,1,3,0.5
0932601001,8.33512314480798,0,0,9,12,3.0
0932701001,13.876256332330573,0,0,1,14,1.6
0932801001,12.944342278085806,0,0,2,6,1.0
0932901001,7.573068115697197,0,0,1,8,1.0
0933001001,0.0,1,1,1,4,1.3
0933201001,7.137288924681076,0,0,9,10,2.8
0933401001,7.1619088585067985,0,0,1,6,0.8
0933501001,18.87712538938911,0,0,0,10,1.0
0933701001,13.934677500243314,0,0,2,4,0.8
0933801001,7.0816053716809755,0,0,10,13,3.3
0933901001,8.807160651845624,0,0,2,5,0.9
0934001001,12.646876596128212,0,0,1,1,0.3
0934301001,9.601090570918918,0,0,1,3,0.5
0934501001,12.083582816478234,0,0,2,3,0.7
0934601001,16.109332404537508,0,0,0,2,0.2
0934701001,7.771068191553269,0,0,3,6,1.2
0934801001,10.097312200803517,0,0,1,3,0.5
0935001001,0.0,1,1,1,5,1.4
0935101001,16.964096838995385,0,0,0,12,1.2000000000000002
0935201001,19.931493536005213,0,0,0,5,0.5
0935301001,5.060735280361619,0,0,2,7,1.1
0935401001,14.67513397086671,0,0,1,13,1.5000000000000002
0935501001,16.908003262443458,0,0,0,5,0.5
0935601001,18.99557809865171,0,0,0,3,0.30000000000000004
0935801001,16.36240590249203,0,0,0,3,0.30000000000000004
0936001001,7.065714892564711,0,0,1,2,0.4
0936101001,12.275616196394322,0,0,1,3,0.5
0936201001,9.709406778859794,0,0,10,12,3.2
0936301001,13.868433122530742,0,0,1,13,1.5000000000000002
0936501001,9.890556159949837,0,0,1,5,0.7
0936601001,8.801139397445384,0,0,1,1,0.3
0936801001,9.098850522218804,0,0,2,5,0.9
0936901001,14.810809338595968,0,0,1,5,0.7
0937201001,7.465285304370893,0,0,9,12,3.0
0937301001,10.363332487772311,0,0,1,5,0.7
0937401001,9.116014237037769,0,0,1,13,1.5000000000000002
0937501001,9.519092918503922,0,0,1,14,1.6
0937701001,8.437437044055264,0,0,10,12,3.2
0937801001,17.76676779834529,0,0,0,3,0.30000000000000004
0938001001,13.739999024255908,0,0,1,5,0.7
0938101001,16.746350620768112,0,0,0,2,0.2
0938201001,6.481112763668502,0,0,1,13,1.5000000000000002
0938401001,11.32983107209586,0,0,2,3,0.7
0938601001,15.121132307653534,0,0,0,12,1.2000000000000002
0938701001,8.32394011647524,0,0,3,5,1.0999999999999999
0938801001,23.7121128897325,0,0,0,11,1.1
0938901001,7.184849140319162,0,0,1,4,0.6000000000000001
0939001001,18.211577167670665,0,0,0,6,0.6000000000000001
0939101001,16.90367808216012,0,0,0,4,0.4
0939201001,4.07126762753187,0,1,1,3,0.8
0939401001,0.0,1,1,2,5,1.6
0939501001,6.45010867549612,0,0,1,3,0.5
0939601001,15.948683509104413,0,0,0,5,0.5
0939801001,14.636772219882813,0,0,1,3,0.5
0940001001,10.335946649379853,0,0,2,4,0.8
0940301001,16.76406926829563,0,0,0,5,0.5
0940501001,11.194887950996948,0,0,3,5,1.0999999999999999
0940601001,17.452161298750063,0,0,0,12,1.2000000000000002
0940701001,14.764840386761591,0,0,1,3,0.5
0940801001,7.95878308103489,0,0,2,7,1.1
0940901001,11.243920974919028,0,0,1,5,0.7
0941001001,0.0,1,1,1,3,1.2
0941002001,6.354922423421161,0,0,1,4,0.6000000000000001
0941003001,6.181063788402524,0,0,1,1,0.3
0941101001,11.195814442129489,0,0,2,4,0.8
0941201001,11.577625081018933,0,0,2,6,1.0
0941301001,21.011155857490778,0,0,0,4,0.4
0941401001,12.28739540350832,0,0,2,4,0.8
0941501001,16.54909602102339,0,0,0,4,0.4
0941601001,14.148436452518485,0,0,1,3,0.5
0941701001,13.78622444727859,0,0,1,6,0.8
0941801001,6.988631875666763,0,0,1,4,0.6000000000000001
0941901001,8.02685446052792,0,0,2,6,1.0
0942101001,17.145243510250644,0,0,0,4,0.4
0942201001,9.33218089552616,0,0,3,6,1.2
0942301001,7.8165319323906814,0,0,2,6,1.0
0942401001,7.276607527206592,0,0,1,4,0.6000000000000001
0942501001,9.70665510683408,0,0,2,5,0.9
0942701001,0.0,1,1,1,5,1.4
0942701002,4.440119237244611,0,1,1,5,1.0
0942801001,9.59569410679067,0,0,1,5,0.7
0942901001,17.95974692850365,0,0,0,12,1.2000000000000002
0943001001,12.452474472900107,0,0,1,1,0.3
0943101001,11.024280411517228,0,0,1,5,0.7
0943201001,15.12128123922023,0,0,0,3,0.30000000000000004
0943301001,7.628790034930024,0,0,1,2,0.4
0943401001,4.457938336052618,0,3,10,12,4.1
0943701001,7.817282707972448,0,0,1,3,0.5
0943801001,4.036483564040577,0,1,4,4,1.5
0943901001,4.682574029878565,0,1,10,12,3.5
0944001001,16.556804230662266,0,0,0,6,0.6000000000000001
0944101001,9.024359051318546,0,0,2,13,1.7000000000000002
0944201001,9.951092170374515,0,0,1,5,0.7
0944301001,14.47120044285377,0,0,1,12,1.4000000000000001
0944401001,10.267387915268861,0,0,2,4,0.8
0944501001,5.8489707213655855,0,0,1,3,0.5
0944601001,14.033244485345959,0,0,2,4,0.8
0944701001,20.329277735471052,0,0,0,10,1.0
0944801001,12.433946783855404,0,0,1,12,1.4000000000000001
0944901001,13.911241244013507,0,0,1,13,1.5000000000000002
0945001001,7.847514674755351,0,0,1,4,0.6000000000000001
0945101001,9.094783146724529,0,0,2,6,1.0
0945401001,2.9773792629303575,0,1,1,7,1.2000000000000002
0945501001,17.071520235334486,0,0,0,6,0.6000000000000001
0945601001,11.823970005127626,0,0,2,9,1.3
0945801001,7.233911048600444,0,0,10,11,3.1
0946001001,12.85165008090553,0,0,1,6,0.8
0946301001,20.19299497322698,0,0,0,11,1.1
0946401001,13.344162749624328,0,0,1,5,0.7
0946601001,12.654895668897993,0,0,2,12,1.6
0946701001,6.452396033511596,0,0,1,4,0.6000000000000001
0947101001,4.903612709926785,0,1,9,11,3.2
0947201001,9.260487766466854,0,0,2,4,0.8
0947301001,5.678491504870053,0,0,1,7,0.9000000000000001
0947601001,20.09377203429361,0,0,0,10,1.0
0947801001,6.780865370791547,0,0,1,2,0.4
0948001001,12.95148975919038,0,0,2,8,1.2000000000000002
0948201001,4.453656243699048,0,1,2,5,1.2
0948301001,11.045378245121615,0,0,2,4,0.8
0948501001,8.436070140395248,0,0,2,7,1.1
0990101001,12.20998528894148,0,0,1,2,0.4
0990201001,14.700389680665097,0,0,1,13,1.5000000000000002
0990301001,0.7567684695799403,1,1,2,6,1.7000000000000002
0990301002,0.0,1,1,2,6,1.7000000000000002
0990301003,0.49475775814836953,1,1,2,6,1.7000000000000002
0990401001,11.783909318008867,0,0,2,11,1.5
0990501001,0.0,1,1,1,4,1.3
0990601001,0.0,1,1,1,13,2.2
0990701001,7.740252894546012,0,0,9,12,3.0
0990801001,14.761125611332147,0,0,1,4,0.6000000000000001
2400101001,10.855740650167757,0,0,1,3,0.5
2400201001,11.85590661921736,0,0,1,4,0.6000000000000001
2400301001,16.915364923446504,0,0,0,5,0.5
2400401001,18.73188703620871,0,0,0,3,0.30000000000000004
2400501001,19.160069111290372,0,0,0,4,0.4
2400601001,16.32029826563526,0,0,0,20,2.0
2400701001,7.873321495080835,0,0,9,11,2.9
2400801001,0.9711898427431078,1,1,2,6,1.7000000000000002
2400801002,1.3168732216534678,0,1,2,6,1.2999999999999998
2400802001,2.310220939880928,0,1,2,5,1.2
2400802002,7.031780427072546,0,0,1,6,0.8
2400802003,1.7975930340278443,0,1,1,6,1.1
2400803001,1.6573683974184796,0,1,2,5,1.2
2400803002,0.0,1,1,2,6,1.7000000000000002
2400901001,14.814398062848587,0,0,1,4,0.6000000000000001
2401001001,1.2540263988917033,0,1,2,5,1.2
2401001002,0.0,1,1,2,5,1.6
2401001003,0.3866349483538234,1,1,2,5,1.6
2401001004,1.6911283382313453,0,1,2,5,1.2
2401001005,1.750606603071262,0,1,2,5,1.2
2401001006,2.1508226314096826,0,1,2,5,1.2
2401201001,7.862954981372017,0,0,1,3,0.5
2401401001,1.8162222549073308,0,1,3,10,1.9
2401401003,0.0,1,1,3,10,2.3000000000000003
2401401004,0.66417316783283,1,1,3,10,2.3000000000000003
2401401007,0.7910519773222825,1,1,3,10,2.3000000000000003
2401501001,0.0,1,1,2,18,2.9000000000000004
2401501002,5.213146783616328,0,0,2,14,1.8000000000000003
2401601001,9.740039109041634,0,0,1,7,0.9000000000000001
2401701001,5.249434222151782,0,0,1,17,1.9000000000000001
2401801001,10.740524232409467,0,0,1,3,0.5
2402001001,12.786284708543267,0,0,1,3,0.5
2402101001,0.0,1,1,1,4,1.3
2402201001,8.032434327230467,0,0,6,9,2.0999999999999996
2402301001,12.759574337731642,0,0,2,4,0.8
2402401001,15.35155723935387,0,0,0,3,0.30000000000000004
2402501001,9.93620235235641,0,0,1,3,0.5
2402701001,8.238303097321419,0,0,7,12,2.6
2402801001,12.793907944664426,0,0,1,18,2.0
2402901001,0.0,1,1,2,2,1.3
2403001001,5.242690814060395,0,0,7,11,2.5
2403001003,7.173301586542269,0,0,5,11,2.1
2403101001,7.725798562957563,0,0,1,2,0.4
2403201001,16.25347639546453,0,0,0,2,0.2
2403301001,14.180955559625348,0,0,1,18,2.0
2403601001,12.173889540881598,0,0,1,4,0.6000000000000001
2403701001,13.901978878727338,0,0,1,2,0.4
2403801002,3.8639864283309437,0,1,7,11,2.8
2403901001,10.597111892261909,0,0,1,19,2.1
2403901002,10.64848838913397,0,0,2,19,2.3000000000000003
2404001001,10.236999911997925,0,0,1,17,1.9000000000000001
2404101001,7.421347970488544,0,0,3,8,1.4
2404201001,11.099489089267802,0,0,1,1,0.3
2404301001,20.7695435831497,0,0,0,6,0.6000000000000001
2404401001,13.119360390260765,0,0,1,4,0.6000000000000001
2404601001,14.100570962331632,0,0,1,5,0.7
2404701001,0.0,1,1,1,4,1.3
2405001001,15.450927641091083,0,0,0,3,0.30000000000000004
2405101001,18.863787673848787,0,0,0,2,0.2
2405201001,13.963994179561901,0,0,1,4,0.6000000000000001
2405301001,6.901786048895019,0,0,2,6,1.0
2405401001,13.107893425564338,0,0,1,3,0.5
2405501001,11.925627901373032,0,0,5,19,2.9000000000000004
2405601001,0.0,1,1,1,4,1.3
2405601002,9.729153791360682,0,0,1,4,0.6000000000000001
2405801001,11.825614817087175,0,0,2,18,2.2
2406001001,9.242241186934308,0,0,3,4,0.9999999999999999
2406201001,9.762695792168854,0,0,1,18,2.0
2406301001,20.576286787014354,0,0,0,4,0.4
2406401001,6.750966549988145,0,0,8,11,2.7
2406501001,9.966100660950437,0,0,14,20,4.800000000000001
2406501002,13.84188742970263,0,0,3,21,2.7
2406601001,13.515005615469464,0,0,1,5,0.7
2406701001,20.708090631730045,0,0,0,2,0.2
2406801001,13.02275942313235,0,0,2,4,0.8
2406901001,6.900245844653205,0,0,1,4,0.6000000000000001
2407001001,0.0,1,2,3,10,2.6
2407001002,2.3996380972257727,0,1,3,10,1.9
2407001003,3.50916163756481,0,1,3,11,2.0
2407001004,2.5503843756506295,0,1,3,10,1.9
2407101001,6.727471654096263,0,0,2,9,1.3
2407301001,7.419486317693206,0,0,1,17,1.9000000000000001
2407401001,13.077644610413824,0,0,1,2,0.4
2407701001,8.329353970747103,0,0,1,4,0.6000000000000001
2407801001,19.087333500729002,0,0,0,2,0.2
2407901001,18.589268245970953,0,0,0,18,1.8
2408001001,2.9636105480687114,0,1,1,2,0.7
2408101001,11.209789916621045,0,0,2,16,2.0
2408301001,15.615982920168866,0,0,0,5,0.5
2408401001,17.545254676042028,0,0,0,4,0.4
2408601001,12.11477540907103,0,0,1,4,0.6000000000000001
2408701001,3.3229848733924716,0,1,2,5,1.2
2408801001,14.747418931182757,0,0,1,4,0.6000000000000001
2408901001,0.6238326267171542,4,13,15,18,10.299999999999999
2408901002,0.8084970026064371,2,14,15,18,9.8
2408901003,0.8563241237060633,3,13,15,18,9.9
2408901004,0.9840201643994593,1,13,15,18,9.1
2408901005,1.0328975916565546,0,13,15,18,8.700000000000001
2408901006,0.9444492951867638,2,13,15,18,9.5
2408902001,0.5597131266640364,3,13,15,18,9.9
2408902002,0.33868374601327916,4,14,15,18,10.600000000000001
2408902003,0.42330889702695557,2,14,15,18,9.8
2408902004,0.6287899211266873,2,14,15,18,9.8
2408902005,0.6699079452556987,2,14,15,18,9.8
2408902006,0.3059045406217094,4,13,15,18,10.299999999999999
2408902007,0.3464509690135439,4,14,15,18,10.600000000000001
2408902008,0.43099019562537505,3,14,15,18,10.200000000000001
2408902009,0.6929842759715175,3,14,15,18,10.200000000000001
2408902010,0.6175233113613059,2,14,15,18,9.8
2408903001,0.3713808137246744,3,14,15,18,10.200000000000001
2408903002,0.6784603977566032,2,14,15,18,9.8
2408903003,1.949716196791612,0,14,15,19,9.100000000000001
2408903004,0.3023225543429757,4,13,15,18,10.299999999999999
2408903005,0.0,3,13,15,18,9.9
2408903006,0.4808891606673007,1,13,15,18,9.1
2408903007,0.7858302466854534,1,13,15,18,9.1
2408903008,1.176316286268063,0,14,15,18,9.000000000000002
2408903009,0.7831684278290493,3,14,15,18,10.200000000000001
2408903010,0.1833005058458761,4,14,15,18,10.600000000000001
2408903011,0.20345235610651669,3,14,15,18,10.200000000000001
2408903012,0.2827806229127149,2,13,15,18,9.5
2408903013,0.5176320817516078,3,14,15,18,10.200000000000001
2408903014,0.5079056294414398,3,14,15,18,10.200000000000001
2408903015,1.6376748618343127,0,14,15,19,9.100000000000001
2408903016,0.5346149251925338,3,14,15,18,10.200000000000001
2408903017,0.0,4,14,15,18,10.600000000000001
2408903018,1.051808729545617,0,14,15,18,9.000000000000002
2408903019,0.868497206189057,2,14,15,18,9.8
2408903020,1.2041465883933966,0,13,15,17,8.6
2408903021,1.1087580257241991,0,14,15,19,9.100000000000001
2408904001,0.22159000459331485,4,13,15,18,10.299999999999999
2408904002,0.493123748352169,4,13,15,18,10.299999999999999
2408904003,0.4419916340035342,4,13,15,18,10.299999999999999
2408904004,0.33828983274334395,4,13,15,18,10.299999999999999
2408904005,0.8150938355169469,1,13,15,17,8.999999999999998
2408904006,0.0,4,13,15,18,10.299999999999999
2408904007,0.4238705498293995,4,13,15,18,10.299999999999999
2408904008,0.49279747253251943,4,13,15,18,10.299999999999999
2408904009,0.40191361254013985,4,13,15,18,10.299999999999999
2408904010,0.3564053081157354,4,13,15,18,10.299999999999999
2408904011,0.14723705710613436,4,13,15,18,10.299999999999999
2408904012,0.2781796678922957,4,13,15,18,10.299999999999999
2408904013,0.0,2,13,15,18,9.5
2408904014,0.23440296126240986,4,13,15,18,10.299999999999999
2408904015,1.0554517825527863,0,12,15,17,8.299999999999999
2408905001,0.5787759476787037,3,13,15,18,9.9
2408905002,0.6784171114332631,1,12,15,18,8.8
2408905003,0.540504943547224,2,13,15,18,9.5
2408905004,0.6258786090994792,3,13,15,18,9.9
2408905005,0.4146180195354048,3,13,15,18,9.9
2408905006,0.5440570417990774,1,12,15,18,8.8
2408905007,0.5140847014967124,3,13,15,18,9.9
2408905008,0.38372825307467984,2,12,15,18,9.200000000000001
2408905009,0.25359390191940695,1,12,15,18,8.8
2408905010,0.48350682814947954,2,13,15,18,9.5
2408905011,0.45006999776597323,1,12,15,18,8.8
2408906001,0.8773444585071789,1,12,15,18,8.8
2408906002,0.3558806804445288,1,12,15,18,8.8
2408906008,0.6044294668286186,1,12,15,18,8.8
2408906012,0.8603928663918302,1,13,15,18,9.1
2408906013,0.59602840997154,1,12,15,18,8.8
2408906014,0.45147853651336134,1,12,15,18,8.8
2408906015,0.2970302138914124,1,12,15,18,8.8
2408906016,0.3878200953801237,1,12,15,18,8.8
2408907001,0.2918231543868173,4,13,15,18,10.299999999999999
2408907002,0.3355572885568725,3,14,15,18,10.200000000000001
2408907003,0.48479744165228944,3,14,15,18,10.200000000000001
2408907004,0.0,4,14,15,18,10.600000000000001
2408907005,0.7066850650032982,1,14,15,19,9.500000000000002
2408907006,0.3591903236483737,4,14,15,18,10.600000000000001
2408907007,0.0,1,14,15,19,9.500000000000002
2408907008,0.1802602090273179,3,14,15,18,10.200000000000001
2408907010,0.2665208001393475,3,14,15,18,10.200000000000001
2408907011,0.6439667813551719,3,14,15,18,10.200000000000001
2408907012,0.5108394484827412,3,14,15,18,10.200000000000001
2408907013,0.5018270095543788,4,15,15,18,10.9
2408908001,1.7980200766577112,0,9,15,17,7.3999999999999995
2408909001,1.6053752634864937,0,14,15,18,9.000000000000002
2408909002,2.839988800997775,0,10,15,18,7.8
2408909003,1.5829789529667768,0,13,15,18,8.700000000000001
2408910001,0.34216210245186496,3,13,15,18,9.9
2408910002,0.3236447547964271,2,13,15,18,9.5
2408910003,0.9208366162773622,1,13,15,17,8.999999999999998
2408910004,0.49974410841199773,3,13,15,18,9.9
2408910005,0.898305665874672,1,13,15,17,8.999999999999998
2408910006,0.772357883826794,2,12,15,17,9.1
2408910007,0.6525294841390351,2,12,15,17,9.1
2409001001,24.151216244883933,0,0,0,8,0.8
2409101001,14.414727891995845,0,0,1,4,0.6000000000000001
2409201001,15.434113187467329,0,0,0,18,1.8
2409301001,14.424916534474926,0,0,1,4,0.6000000000000001
2409401001,0.0,1,1,1,17,2.6
2409501001,6.075583523027589,0,0,7,17,3.1
2409601001,17.267944667441355,0,0,0,3,0.30000000000000004
2409701001,10.317233252103401,0,0,1,3,0.5
2409801001,0.0,1,1,1,16,2.5
2409901001,10.197125350068841,0,0,1,3,0.5
2410101001,15.298841990420454,0,0,0,5,0.5
2410201001,9.812339592738937,0,0,2,10,1.4
2410301001,16.63808431480211,0,0,0,3,0.30000000000000004
2410401001,10.050422527926397,0,0,1,17,1.9000000000000001
2410501001,7.674196547167939,0,0,15,19,4.9
2410601001,18.202721705935016,0,0,0,1,0.1
2410701001,5.290638273437195,0,0,1,4,0.6000000000000001
2410801001,4.131499050622328,0,1,1,5,1.0
2411201001,12.898860815651066,0,0,1,4,0.6000000000000001
2411301001,8.388131318766291,0,0,1,4,0.6000000000000001
2411401001,16.557779242787213,0,0,0,2,0.2
2411401002,12.075064406287185,0,0,1,3,0.5
2411401003,9.61508554015827,0,0,1,18,2.0
2411501001,0.38481092288716356,2,4,5,12,4.2
2411501002,0.2473319265212242,2,4,5,12,4.2
2411501003,0.614460610200873,1,4,5,12,3.8
2411501004,0.3192572257180637,1,4,5,12,3.8
2411501005,0.0,2,4,5,12,4.2
2411501007,0.36023025690093935,2,4,5,12,4.2
2411501008,0.5081686218368076,2,4,5,12,4.2
2411501009,0.7298024022444864,2,4,5,12,4.2
2411501010,1.2495729836007365,0,4,5,12,3.4
2411501011,0.6950863011041407,2,4,5,12,4.2
2411501012,0.27209675116922144,2,4,5,12,4.2
2411502001,0.589928031531796,1,4,5,12,3.8
2411502002,0.36430467259293675,2,4,5,12,4.2
2411502003,0.5381016055329839,1,4,5,12,3.8
2411502004,0.6985041416208774,1,4,5,12,3.8
2411502005,0.6992157399150319,1,4,5,12,3.8
2411502006,0.37185348408693264,2,4,5,12,4.2
2411502007,0.43359885849707813,1,4,5,12,3.8
2411502008,0.8669924363966077,1,4,5,12,3.8
2411502009,0.19235146378314508,2,4,5,12,4.2
2411502010,0.344203619277295,1,4,5,12,3.8
2411502011,0.9073433695005988,1,4,5,12,3.8
2411502012,0.9527631104882842,1,4,5,12,3.8
2411502013,0.6119657055286424,2,4,5,12,4.2
2411502014,0.0,2,4,5,12,4.2
2411502015,1.0578691864934855,0,4,5,12,3.4
2411502016,1.4198137047001926,0,4,5,12,3.4
2411502017,1.1936387545155607,0,4,5,12,3.4
2411503001,0.0,2,4,5,12,4.2
2411503002,0.8596211599662452,2,4,5,12,4.2
2411503003,0.5487158765896594,2,4,5,12,4.2
2411503004,1.3438508841127337,0,4,5,12,3.4
2411503005,0.8477764565412249,2,4,5,12,4.2
2411503006,0.7013572376184881,2,4,5,12,4.2
2411503007,5.040881777177496,0,0,6,11,2.3
2411504002,4.176359002464319,0,2,5,12,2.8
2411505001,1.919203516104714,0,4,5,12,3.4
2411505002,3.8216480730167235,0,4,5,12,3.4
2411505003,3.21093076900054,0,4,5,12,3.4
2411505004,1.5909817882104635,0,4,5,12,3.4
2411505005,4.931927842317745,0,1,8,12,3.1
2411505006,1.555824162813457,0,4,5,12,3.4
2411506001,10.355460544121112,0,0,4,11,1.9
2411601001,22.070359081336104,0,0,0,1,0.1
2411701001,18.775032577313098,0,0,0,5,0.5
2411801001,7.978337506644657,0,0,1,4,0.6000000000000001
2411901001,8.131732236563302,0,0,6,10,2.1999999999999997
2412001001,9.073693226764057,0,0,2,4,0.8
2412101001,13.952333369092644,0,0,1,4,0.6000000000000001
2412201001,0.0,1,1,1,7,1.6
2412301001,17.135045616273413,0,0,0,4,0.4
2412401001,11.471378464791382,0,0,1,5,0.7
2412501001,10.611175817130029,0,0,1,5,0.7
2412701001,3.827269079148781,0,1,2,5,1.2
2412901001,8.854413518789954,0,0,2,4,0.8
2413001001,0.0,1,1,1,4,1.3
2413101001,9.633426154315584,0,0,2,5,0.9
2413201001,12.2190362126163,0,0,1,3,0.5
2413301001,12.308554380414288,0,0,1,18,2.0
2413401001,10.254279075794306,0,0,1,18,2.0
2413401002,10.012409066918512,0,0,1,18,2.0
2413401003,11.104044054212693,0,0,1,17,1.9000000000000001
2413601001,12.58848814997767,0,0,2,4,0.8
2413701001,6.108450827388172,0,0,2,5,0.9
2413901001,10.552053904368863,0,0,1,2,0.4
2413901002,0.0,1,1,1,2,1.1
2414101001,14.387037088472823,0,0,1,5,0.7
2414201001,0.0,1,10,15,19,8.299999999999999
2414201002,1.5422502345773972,0,13,15,19,8.8
2414201003,5.644694885535391,0,0,15,19,4.9
2414202001,0.5859532188113795,3,14,15,18,10.200000000000001
2414202002,0.6434049854036294,1,14,15,19,9.500000000000002
2414202003,0.39706543232770847,4,14,15,18,10.600000000000001
2414202004,0.0,3,14,15,18,10.200000000000001
2414202005,0.0,1,14,15,19,9.500000000000002
2414202006,0.2785358957239789,4,14,15,18,10.600000000000001
2414202007,0.3207742998669511,4,14,15,18,10.600000000000001
2414202008,0.0,1,14,15,19,9.500000000000002
2414202009,0.2749231548404103,4,14,15,18,10.600000000000001
2414202010,1.1980164518535643,0,11,15,20,8.3
2414202011,0.0,3,14,15,18,10.200000000000001
2414202012,0.6165332205381368,4,14,15,18,10.600000000000001
2414202013,0.4666807903494822,4,14,15,19,10.700000000000001
2414203001,0.536933577783899,4,14,15,18,10.600000000000001
2414203002,0.48778006886157194,3,14,15,18,10.200000000000001
2414203003,0.0,1,14,15,19,9.500000000000002
2414301001,5.183234906243426,0,0,8,11,2.7
2414401001,10.353426911027961,0,0,4,4,1.2
2414501001,12.207640831620283,0,0,1,3,0.5
2414601001,15.969273486724209,0,0,0,5,0.5
2414801001,3.0817313621265807,0,1,2,5,1.2
2414801002,4.0835795227940626,0,1,2,5,1.2
2414901001,7.913578046925595,0,0,1,4,0.6000000000000001
2415001001,7.777365418771886,0,0,1,20,2.2
2415101001,13.31767715037137,0,0,1,19,2.1
2415201001,14.248922046366323,0,0,1,7,0.9000000000000001
2415301001,16.2836826010726,0,0,0,3,0.30000000000000004
2415401001,6.328267691775858,0,0,1,6,0.8
2415501001,7.471632307797625,0,0,3,5,1.0999999999999999
2415601001,19.61492408041538,0,0,0,2,0.2
2415701001,0.0,1,1,2,8,1.9000000000000001
2415701002,1.69027108641031,0,1,2,14,2.1
2415801001,5.586357017107347,0,0,1,18,2.0
2415901001,4.80455643345805,0,1,1,19,2.4
2416001001,5.720314622884059,0,0,1,18,2.0
2416101001,6.895717952988649,0,0,1,5,0.7
2416301002,6.16913073102091,0,0,15,18,4.8
2416301003,4.222403761679881,0,2,15,19,5.5
2416401001,15.87414984534528,0,0,0,2,0.2
2416601001,4.126698947364057,0,1,2,5,1.2
2416701001,0.0,1,1,1,5,1.4
2416801001,9.05488588976507,0,0,1,4,0.6000000000000001
2416901001,0.0,1,1,4,11,2.6
2416901002,2.3473938702617683,0,1,4,12,2.3
2417001001,0.0,1,1,2,8,1.9000000000000001
2417201001,19.713866657383022,0,0,0,1,0.1
2417301001,5.582471518050407,0,0,1,20,2.2
2417401001,4.264299911764578,0,1,2,15,2.2
2417601001,6.54134882927785,0,0,2,5,0.9
2417701001,14.078613529077652,0,0,1,2,0.4
2417801001,12.490296014196025,0,0,1,2,0.4
2418001001,13.607893263684948,0,0,1,9,1.1
2418101001,20.861140913498534,0,0,0,3,0.30000000000000004
2418101002,21.394391615368672,0,0,0,3,0.30000000000000004
2418201001,6.233546934186988,0,0,2,5,0.9
2418301001,9.949900282508485,0,0,2,4,0.8
2418401001,13.338682660629567,0,0,1,4,0.6000000000000001
2418501001,9.415321468906894,0,0,1,5,0.7
2418701001,11.164007323437861,0,0,1,20,2.2
2418801001,0.0,1,1,1,3,1.2
2418801002,3.2311061948852897,0,1,1,3,0.8
2418801003,2.970034669560439,0,1,1,3,0.8
2418901001,4.878422878621577,0,1,15,19,5.2
2418901002,0.0,1,8,15,19,7.700000000000001
2418901003,0.7476427449966285,1,9,15,19,8.0
2418901005,0.4645054512429282,1,9,15,19,8.0
2419001001,16.4104021980832,0,0,0,3,0.30000000000000004
2419101001,13.405915675717132,0,0,1,3,0.5
2419401001,7.041286436718592,0,0,1,4,0.6000000000000001
2419601001,0.0,1,2,3,10,2.6
2419601002,7.933480844977198,0,0,2,9,1.3
2419701001,11.335423252457328,0,0,15,19,4.9
2419801001,15.673338170653167,0,0,0,4,0.4
2419901001,12.168944117956496,0,0,1,8,1.0
2420201001,0.46473778579313035,1,1,2,2,1.3
2420201002,0.0,1,1,2,2,1.3
2420201003,0.6276622761923986,1,1,2,2,1.3
2420201004,0.24952392640800686,1,1,2,2,1.3
2420201005,2.891269806637734,0,1,1,2,0.7
2420201006,0.4399488935720295,1,1,2,2,1.3
2420202001,3.0901581634443067,0,1,1,3,0.8
2420202002,6.482539402108584,0,0,2,2,0.6
2420203001,5.656965036327873,0,0,2,2,0.6
2420203002,4.8639750168579825,0,1,1,2,0.7
2420301001,5.321530965170042,0,0,1,3,0.5
2420501001,10.61787465828165,0,0,3,19,2.5
2420701001,8.528271911027176,0,0,1,3,0.5
2421001001,10.618158777689175,0,0,1,6,0.8
2421101001,15.054596058656513,0,0,0,4,0.4
2421201001,10.868100704440018,0,0,2,18,2.2
2421301001,25.051783960855467,0,0,0,4,0.4
2421401001,13.012567967227882,0,0,2,4,0.8
2421501001,13.573661305666594,0,0,1,3,0.5
2421601001,9.688526619495379,0,0,1,5,0.7
2421701001,11.936865992207553,0,0,1,4,0.6000000000000001
2421801001,8.96958565463944,0,0,1,18,2.0
2421901001,6.293603317784826,0,0,2,4,0.8
2422101001,15.521760560868197,0,0,0,3,0.30000000000000004
2422201001,3.196227669691468,0,1,15,18,5.1
2422201002,1.6274658028436826,0,11,15,18,8.1
2422201003,1.2298395086985563,0,10,15,17,7.7
2422201004,1.6752143744543408,0,12,15,17,8.299999999999999
2422201005,0.7135187547815212,1,10,15,17,8.1
2422201006,0.0,1,6,15,17,6.8999999999999995
2422201007,2.6650754649794313,0,10,15,19,7.9
2422202001,3.154812960258674,0,1,15,17,5.0
2422202002,2.0583162411211444,0,11,15,17,8.0
2422202003,1.6123140123665067,0,12,15,17,8.299999999999999
2422202004,2.155513075538308,0,11,15,17,8.0
2422301001,8.026974086916407,0,0,3,5,1.0999999999999999
2422301002,7.306165992579866,0,0,3,10,1.6
2422401001,4.078794661986443,0,1,2,8,1.5
2422501001,5.368705199765698,0,0,1,17,1.9000000000000001
2422601001,24.151229068424524,0,0,0,4,0.4
2422701001,8.883461206646363,0,0,16,18,5.0
2422801001,8.727535090483277,0,0,3,5,1.0999999999999999
2422901001,17.217090887176894,0,0,0,3,0.30000000000000004
2423001001,9.215959740755537,0,0,2,5,0.9
2490101001,20.973708869329485,0,0,0,2,0.2
2490201001,12.157151427568573,0,0,1,3,0.5
3400101001,5.559630741564128,0,0,1,8,1.0
3400301001,6.270249246699478,0,0,2,5,0.9
3400401001,0.3032343965758832,1,1,1,3,1.2
3400401002,0.0,1,1,1,3,1.2
3400402001,0.6571500187268947,1,1,1,3,1.2
3400402002,0.9736876229089864,1,1,1,3,1.2
3400402003,4.254644308020633,0,1,1,3,0.8
3400403001,1.5843493446240573,0,1,1,3,0.8
3400501001,13.846661291703793,0,0,2,5,0.9
3400601001,17.365528299971825,0,0,0,8,0.8
3400901001,13.908333905823559,0,0,1,9,1.1
3401001001,17.645455781930906,0,0,0,32,3.2
3401101001,10.344917691467096,0,0,1,9,1.1
3401201001,21.28078028659552,0,0,0,4,0.4
3401501001,8.417439428387947,0,0,2,7,1.1
3401701001,0.0,1,1,2,10,2.1
3401801001,8.09878147693415,0,0,5,9,1.9
3401901001,6.736211983337305,0,0,1,8,1.0
3402001001,13.812870200564078,0,0,1,3,0.5
3402201001,13.58913466173668,0,0,1,6,0.8
3402301001,9.422789074741896,0,0,5,8,1.8
3402301002,8.093859394002733,0,0,5,7,1.7
3402301003,7.52193457144802,0,0,5,7,1.7
3402301005,8.116570104231474,0,0,5,7,1.7
3402301006,8.135353394009556,0,0,5,7,1.7
3402401001,12.597378334283354,0,0,1,9,1.1
3402501001,14.876963998036594,0,0,1,5,0.7
3402701001,10.673156231022224,0,0,1,2,0.4
3402801001,20.36285964618034,0,0,0,5,0.5
3402901001,8.619967802232317,0,0,4,10,1.8
3403101001,9.517348373134105,0,0,2,3,0.7
3403201001,19.80489240865538,0,0,0,2,0.2
3403301001,7.419952243177488,0,0,1,9,1.1
3403401001,11.714101638457764,0,0,2,6,1.0
3403501001,9.216704557508272,0,0,1,4,0.6000000000000001
3403601001,16.399587473716785,0,0,0,2,0.2
3403701001,16.769948986982904,0,0,0,4,0.4
3403801001,8.649801411590953,0,0,1,4,0.6000000000000001
3403901001,12.341560769035127,0,0,1,5,0.7
3404101001,6.0416018859508105,0,0,1,4,0.6000000000000001
3404201001,6.330005508205386,0,0,2,4,0.8
3404501001,4.364341808146694,0,1,1,5,1.0
3404601001,5.388011106157982,0,0,2,7,1.1
3404701001,3.5192436564696234,0,1,1,4,0.9
3404701002,0.0,1,1,1,6,1.5
3404801001,7.965389309974062,0,0,2,3,0.7
3404901001,11.113015701932305,0,0,1,3,0.5
3405001001,19.946501542694907,0,0,0,3,0.30000000000000004
3405101001,19.659992827728562,0,0,0,6,0.6000000000000001
3405201001,11.10067666908994,0,0,1,5,0.7
3405301001,7.936905049290112,0,0,1,9,1.1
3405501001,15.9854636775584,0,0,0,4,0.4
3405601001,0.0,1,1,1,3,1.2
3405601002,1.135456812262502,0,1,1,3,0.8
3405601003,5.59304525252343,0,0,1,3,0.5
3405701001,11.319247701689799,0,0,1,7,0.9000000000000001
3405801001,23.49947078533565,0,0,0,2,0.2
3405901001,16.019863341861644,0,0,0,5,0.5
3406001001,11.558377874498918,0,0,1,4,0.6000000000000001
3406101001,17.884776739811358,0,0,0,6,0.6000000000000001
3406201001,17.41814660667307,0,0,0,3,0.30000000000000004
3406301001,8.224085115080186,0,0,2,7,1.1
3406601001,11.143806686892116,0,0,1,31,3.3
3406701001,4.711403548469997,0,1,1,3,0.8
3406801001,14.71575721535009,0,0,1,6,0.8
3406901001,4.867458738672784,0,1,5,10,2.3
3406901002,0.0,1,1,1,28,3.7
3407001001,16.430334238306436,0,0,0,4,0.4
3407101001,9.300486675450948,0,0,3,4,0.9999999999999999
3407201001,11.352492021155047,0,0,2,9,1.3
3407301001,11.864576982770282,0,0,1,3,0.5
3407401001,13.600698827499711,0,0,2,8,1.2000000000000002
3407601001,12.588786687083223,0,0,2,8,1.2000000000000002
3407701001,6.188449665898216,0,0,4,8,1.6
3407901001,4.102507843684488,0,1,4,9,2.0
3408001001,0.17410491627953317,1,1,1,4,1.3
3408002001,0.6055881907838307,1,1,1,4,1.3
3408002002,0.0,1,1,1,4,1.3
3408002003,1.2934944412023062,0,1,1,3,0.8
3408101001,8.93515196728703,0,0,2,4,0.8
3408201001,24.747126565347255,0,0,0,3,0.30000000000000004
3408301001,5.8762660051506375,0,0,1,5,0.7
3408301002,0.0,1,1,2,5,1.6
3408401001,7.890966805469597,0,0,1,7,0.9000000000000001
3408601001,12.80653688596976,0,0,4,7,1.5
3408701001,6.077277800603179,0,0,1,8,1.0
3408801001,7.51992844292614,0,0,4,9,1.7
3408901001,13.574647839499375,0,0,2,6,1.0
3409101001,15.937609546373498,0,0,0,3,0.30000000000000004
3409201001,8.786188295516975,0,0,2,5,0.9
3409301001,13.79876316086353,0,0,1,5,0.7
3409401001,17.342003327283788,0,0,0,4,0.4
3409601001,6.159474914895973,0,0,2,8,1.2000000000000002
3409801001,6.471249994528059,0,0,5,8,1.8
3409901001,10.080020057991124,0,0,2,9,1.3
3410001001,3.8303054989255414,0,1,1,4,0.9
3410101001,7.479883488924011,0,0,1,6,0.8
3410201001,13.156706866178885,0,0,1,8,1.0
3410301001,13.352146538258136,0,0,2,6,1.0
3410401001,10.624481461034689,0,0,1,6,0.8
3410601001,10.920823250746563,0,0,2,3,0.7
3410701001,19.59491018602968,0,0,0,4,0.4
3410801001,10.858841320705483,0,0,5,9,1.9
3410901001,9.734880605919555,0,0,1,5,0.7
3411001001,8.11307465150021,0,0,2,2,0.6
3411201001,8.36653002356796,0,0,1,4,0.6000000000000001
3411301001,14.205693481321802,0,0,1,6,0.8
3411401001,14.241728203520914,0,0,1,3,0.5
3411601001,6.135628006064421,0,0,2,6,1.0
3412001001,0.30929355845716244,3,4,4,8,4.0
3412001003,0.14959395242605006,2,4,4,8,3.6
3412001004,0.0,2,4,4,8,3.6
3412001005,0.12362386015569524,3,4,4,8,4.0
3412002001,0.47099608934605675,1,4,4,8,3.1999999999999997
3412002002,0.3062683862237405,2,4,4,8,3.6
3412002003,5.871277601210236,0,0,5,9,1.9
3412003001,0.5611414776251761,2,4,4,8,3.6
3412003002,0.5892190269437731,2,4,4,8,3.6
3412003004,0.7220042633186483,2,4,4,8,3.6
3412003005,0.7126725831004572,1,4,4,8,3.1999999999999997
3412004001,0.7434161570203892,2,4,4,8,3.6
3412004002,0.9042825755665866,2,4,4,8,3.6
3412004003,1.0240139468658183,0,4,4,8,2.8
3412004004,0.788601057302543,1,4,4,8,3.1999999999999997
3412004005,0.0,1,4,4,9,3.3
3412004006,1.0687395841560527,0,4,4,8,2.8
3412004007,1.1864575335636358,0,4,4,8,2.8
3412004008,1.0257645825435875,0,4,4,8,2.8
3412004009,0.9799847343938262,1,4,4,8,3.1999999999999997
3412005001,0.34371349197123763,2,4,4,8,3.6
3412005002,0.28676305843395455,2,4,4,8,3.6
3412005003,0.293349474830117,3,4,4,8,4.0
3412005004,0.9223506199991026,1,4,4,8,3.1999999999999997
3412005005,0.34056239062667676,2,4,4,8,3.6
3412005006,0.4569232479102817,3,4,4,8,4.0
3412005007,0.0,1,4,4,8,3.1999999999999997
3412005008,0.20398416098034233,2,4,4,8,3.6
3412005009,0.5231744817594456,3,4,4,8,4.0
3412005010,0.7384456793885589,3,4,4,8,4.0
3412005011,1.0631024796626078,0,4,4,8,2.8
3412005012,0.4135637201776854,2,4,4,8,3.6
3412005013,1.5584191653953614,0,4,4,8,2.8
3412005014,0.7694567076858472,1,4,4,8,3.1999999999999997
3412005015,0.5514279359248364,3,4,4,8,4.0
3412006001,0.4167744827202084,1,4,4,8,3.1999999999999997
3412006002,0.5895430331436615,1,4,4,8,3.1999999999999997
3412006003,1.7859240869375363,0,4,4,8,2.8
3412006004,0.8275085581962102,1,4,4,8,3.1999999999999997
3412006006,0.8245880087323142,1,4,4,8,3.1999999999999997
3412006007,0.3584841354199592,1,4,4,8,3.1999999999999997
3412007001,1.1035837323848394,0,4,5,8,3.0
3412007002,0.7227090592336924,2,4,4,8,3.6
3412007003,0.9034934796038611,1,4,5,8,3.3999999999999995
3412007004,2.1044245974184763,0,3,5,8,2.7
3412007005,0.25094478235995005,2,4,4,8,3.6
3412007006,0.4660350932146844,2,4,4,8,3.6
3412007007,0.29217969848821135,2,4,4,8,3.6
3412007008,0.6361611148264115,1,4,4,8,3.1999999999999997
3412007009,0.7428394053218546,1,4,4,8,3.1999999999999997
3412007010,0.0,2,4,4,8,3.6
3412007011,0.3841296118369347,2,4,4,8,3.6
3412007012,1.0542333855098038,0,4,5,8,3.0
3412007013,0.3289021931336906,2,4,4,8,3.6
3412007014,0.5442460312285967,2,4,4,8,3.6
3412007015,0.5365173051388831,2,4,4,8,3.6
3412007016,0.43397829347084327,2,4,4,8,3.6
3412007017,0.6698094137307965,1,4,4,8,3.1999999999999997
3412007018,0.9660639524490209,1,4,5,8,3.3999999999999995
3412007019,1.6164990907868189,0,4,5,8,3.0
3412007020,0.4420477200205658,1,4,4,8,3.1999999999999997
3412101001,12.670786314453549,0,0,1,4,0.6000000000000001
3412201001,8.066236262949296,0,0,1,4,0.6000000000000001
3412301001,0.0,1,1,1,8,1.7000000000000002
3412301002,6.830954303201197,0,0,1,8,1.0
3412401001,14.60548290823139,0,0,1,4,0.6000000000000001
3412501001,14.912530855794861,0,0,1,9,1.1
3412601001,4.753988975538865,0,1,1,3,0.8
3412701001,7.326859247530682,0,0,1,9,1.1
3412901001,14.093592225273575,0,0,1,2,0.4
3413001001,11.6000643310224,0,0,1,10,1.2
3413101001,14.087259985822781,0,0,1,5,0.7
3413201001,12.42654429255193,0,0,1,10,1.2
3413301001,13.408560285983015,0,0,1,25,2.7
3413401001,10.037740054742278,0,0,1,3,0.5
3413501001,7.68694002471364,0,0,1,3,0.5
3413601001,9.00255576934377,0,0,1,2,0.4
3413701001,14.469661199802044,0,0,1,5,0.7
3413901001,14.200795390590558,0,0,1,4,0.6000000000000001
3414001001,20.658904601098488,0,0,0,5,0.5
3414101001,9.862662885926023,0,0,2,7,1.1
3414301001,8.394895454813387,0,0,1,3,0.5
3414601001,11.306754927253042,0,0,4,7,1.5
3414701001,9.854559937440373,0,0,1,4,0.6000000000000001
3414901001,9.566891302327685,0,0,1,6,0.8
3415101001,12.983681061035997,0,0,1,3,0.5
3415201001,9.497355775877299,0,0,1,9,1.1
3415401001,19.883706264930726,0,0,0,5,0.5
3415501001,13.614542386402166,0,0,3,9,1.5
3415601001,11.313681394684187,0,0,2,4,0.8
3415701001,0.6134608190665319,1,1,1,2,1.1
3415701002,0.0,1,1,1,2,1.1
3415701003,5.432354654003988,0,0,1,3,0.5
3415801001,10.3548460426707,0,0,2,2,0.6
3415901001,12.806770066023812,0,0,2,9,1.3
3416001001,10.483373711396995,0,0,1,2,0.4
3416101001,3.3734196348850447,0,1,2,5,1.2
3416301001,5.149241401765337,0,0,2,7,1.1
3416501001,17.07498516517035,0,0,0,6,0.6000000000000001
3416701001,10.822844369306765,0,0,4,14,2.2
3416801001,4.796882872149319,0,1,3,5,1.4
3416901001,8.000742207534069,0,0,1,3,0.5
3417001001,12.070938436594957,0,0,1,3,0.5
3417101001,10.14450227229376,0,0,1,2,0.4
3417401001,6.881047976288114,0,0,1,10,1.2
3417501001,12.052331031289096,0,0,2,4,0.8
3417601001,12.268695284569512,0,0,1,6,0.8
3417701001,10.293604892928117,0,0,6,7,1.9
3417801001,14.55335765470472,0,0,1,4,0.6000000000000001
3417901001,15.062789286391215,0,0,0,3,0.30000000000000004
3418001001,8.134735935005917,0,0,1,10,1.2
3418101001,7.417547894790205,0,0,4,7,1.5
3418201001,0.0,1,1,2,8,1.9000000000000001
3418401001,13.78732530899301,0,0,1,10,1.2
3418501001,17.001993547288176,0,0,0,3,0.30000000000000004
3418601001,8.025997404826366,0,0,2,6,1.0
3418901001,9.673028630816638,0,0,5,8,1.8
3419001001,11.584145225304312,0,0,1,3,0.5
3419201001,8.519067906254524,0,0,1,6,0.8
3419601001,16.759590856794354,0,0,0,7,0.7000000000000001
3420101001,21.576426338869158,0,0,0,5,0.5
3420201001,11.257178800349509,0,0,1,4,0.6000000000000001
3420401001,12.761792090488287,0,0,2,4,0.8
3420501001,20.30557008494217,0,0,0,3,0.30000000000000004
3420601001,10.00565346836621,0,0,1,4,0.6000000000000001
3420801001,16.424418705296798,0,0,0,5,0.5
3421001001,12.482568473011908,0,0,2,3,0.7
3421101001,7.5985061549363335,0,0,2,7,1.1
3421301001,4.633025477276178,0,1,2,8,1.5
3421401001,7.456916757885016,0,0,1,3,0.5
3421501001,3.827996607475935,0,1,1,6,1.1
3421601001,15.952171079361081,0,0,0,6,0.6000000000000001
3421701001,3.958569334291822,0,3,4,8,2.4999999999999996
3421801001,2.6702620256548033,0,1,1,3,0.8
3422001001,10.684569024491717,0,0,4,8,1.6
3422101001,6.321422286046939,0,0,6,8,1.9999999999999998
3422201001,12.71845985073837,0,0,1,5,0.7
3422301001,12.959659714609728,0,0,2,5,0.9
3422401001,7.799680731394239,0,0,2,6,1.0
3422501001,6.284262032343756,0,0,5,9,1.9
3422501002,6.684979793595795,0,0,5,9,1.9
3422501003,7.094444729754466,0,0,5,8,1.8
3422501004,4.532011198638904,0,1,5,8,2.0999999999999996
3422701001,7.923446540725594,0,0,1,6,0.8
3422801001,17.894572684820282,0,0,0,5,0.5
3422901001,8.740698714802058,0,0,2,5,0.9
3423001001,6.792617616393806,0,0,1,6,0.8
3423101001,12.634719933703472,0,0,1,4,0.6000000000000001
3423201001,0.0,1,1,2,5,1.6
3423301001,11.193457806361808,0,0,2,6,1.0
3423401001,16.10153556154009,0,0,0,5,0.5
3423601001,9.848737487005804,0,0,1,4,0.6000000000000001
3423701001,7.564964201325045,0,0,5,10,2.0
3423801001,9.614757267280988,0,0,1,7,0.9000000000000001
3424001001,11.9061149743914,0,0,2,10,1.4
3424101001,8.118526627808988,0,0,1,5,0.7
3424201001,8.988394819297913,0,0,1,4,0.6000000000000001
3424301001,7.488554595788797,0,0,2,8,1.2000000000000002
3424501001,12.115662434523887,0,0,1,2,0.4
3424601001,10.163086471654875,0,0,2,6,1.0
3490101001,0.0,1,1,2,5,1.6
3490201001,9.394301670110467,0,0,1,6,0.8
3490301001,14.888491472276934,0,0,1,5,0.7
3490401001,15.655556081982718,0,0,0,2,0.2
3700101001,5.752321694720248,0,0,1,2,0.4
3700201001,21.469995946019964,0,0,0,2,0.2
3700301001,31.94155986767442,0,0,0,0,0.0
3700401001,17.684325545675485,0,0,0,2,0.2
3700501001,20.5231729736428,0,0,0,2,0.2
3700601001,28.41485003783221,0,0,0,2,0.2
3700701001,21.390755652692086,0,0,0,4,0.4
3700801001,0.0,1,1,1,13,2.2
3700801002,4.766881392910011,0,1,1,13,1.8000000000000003
3700801003,3.224931690829597,0,1,1,13,1.8000000000000003
3700901001,19.217895998292025,0,0,0,3,0.30000000000000004
3701001001,20.396603414426274,0,0,0,2,0.2
3701101001,30.430522399630046,0,0,0,0,0.0
3701201001,12.719435805072512,0,0,2,13,1.7000000000000002
3701301001,10.587583103579037,0,0,1,3,0.5
3701401001,29.13761971828134,0,0,0,2,0.2
3701501001,25.28572413606403,0,0,0,2,0.2
3701601001,8.95555166362821,0,0,11,14,3.5999999999999996
3701701001,6.218490679303186,0,0,1,12,1.4000000000000001
3701801001,5.376211053885504,0,0,1,2,0.4
3701901001,18.020626984552873,0,0,0,13,1.3
3702001001,13.910163354096891,0,0,3,14,2.0
3702101001,6.8659922013468275,0,0,1,13,1.5000000000000002
3702201001,3.7081670421738426,0,1,1,4,0.9
3702301001,4.7073040750109625,0,1,11,12,3.7
3702401001,4.487945973542912,0,1,1,5,1.0
3702501001,20.40890763473467,0,0,0,1,0.1
3702601001,12.2885859379332,0,0,1,4,0.6000000000000001
3702701001,15.880046271869288,0,0,0,13,1.3
3702801001,25.654323246367245,0,0,0,4,0.4
3702901001,13.839265337799308,0,0,1,5,0.7
3703001001,8.466670415614137,0,0,1,13,1.5000000000000002
3703101001,21.20135267531279,0,0,0,14,1.4000000000000001
3703201001,6.342384726104719,0,0,12,12,3.5999999999999996
3703301001,13.436469797323635,0,0,1,13,1.5000000000000002
3703401001,16.404064058985487,0,0,0,13,1.3
3703501001,18.047890708354526,0,0,0,4,0.4
3703601001,11.498732404712992,0,0,2,3,0.7
3703701001,14.808041199396525,0,0,2,2,0.6
3703801001,17.125349108074143,0,0,0,14,1.4000000000000001
3703901001,25.85987622424936,0,0,0,4,0.4
3704001001,12.702520405062465,0,0,1,13,1.5000000000000002
3704101001,8.983355941708291,0,0,2,3,0.7
3704201001,7.023207174252398,0,0,2,2,0.6
3704401001,21.073882637888598,0,0,0,2,0.2
3704501001,9.628150325017252,0,0,2,2,0.6
3704601003,0.3609570598068962,1,1,1,4,1.3
3704602001,0.0,1,1,1,4,1.3
3704602002,0.35406718401902276,1,1,1,4,1.3
3704603001,0.5088488184005598,1,1,1,4,1.3
3704603002,0.8270522749735794,1,1,1,4,1.3
3704603003,0.5467557994707077,1,1,1,4,1.3
3704604001,0.9698985929655054,1,1,1,4,1.3
3704604002,1.131479110130083,0,1,1,4,0.9
3704604003,0.5560826719305786,1,1,1,4,1.3
3704604004,1.296685035961023,0,1,1,4,0.9
3704604005,1.4009219789524359,0,1,1,4,0.9
3704701001,15.760119744244705,0,0,0,14,1.4000000000000001
3704901001,20.223492411367708,0,0,0,2,0.2
3705001001,9.646149257092418,0,0,1,2,0.4
3705101001,9.027957069002515,0,0,1,4,0.6000000000000001
3705201001,21.64011157307173,0,0,0,3,0.30000000000000004
3705401001,11.820235152391676,0,0,2,2,0.6
3705501001,14.56464005958978,0,0,2,2,0.6
3705601001,33.9776233827845,0,0,0,0,0.0
3705701001,4.830141365497892,0,1,1,4,0.9
3705801001,13.38667202937836,0,0,2,3,0.7
3705901001,23.592803231021325,0,0,0,3,0.30000000000000004
3706001001,11.55273974878109,0,0,1,13,1.5000000000000002
3706101001,10.63656628320642,0,0,1,2,0.4
3706201001,16.341519498533778,0,0,0,14,1.4000000000000001
3706301001,6.932251193148632,0,0,1,5,0.7
3706501001,18.199559759042874,0,0,0,2,0.2
3706701001,3.192360263459953,0,10,11,13,6.5
3706701002,5.840755069805109,0,0,11,13,3.5
3706801001,11.284648722874953,0,0,1,2,0.4
3706901001,9.834268562363334,0,0,12,13,3.6999999999999997
3707001001,6.91573029976027,0,0,12,13,3.6999999999999997
3707101001,5.488927222421934,0,0,1,4,0.6000000000000001
3707201001,18.013699503164467,0,0,0,12,1.2000000000000002
3707301001,12.477730643763225,0,0,9,13,3.0999999999999996
3707401001,13.769723586198678,0,0,2,2,0.6
3707701001,10.482075960103183,0,0,1,4,0.6000000000000001
3707801001,6.213240698381,0,0,1,3,0.5
3707901001,22.121662021757672,0,0,0,12,1.2000000000000002
3708001001,4.247879588295744,0,1,1,4,0.9
3708101001,14.217977097814636,0,0,1,5,0.7
3708201001,21.37723388416867,0,0,0,4,0.4
3708301001,5.891982432041092,0,0,1,3,0.5
3708501001,2.171781297222533,0,10,12,12,6.6
3708501002,2.192672756238578,0,10,12,12,6.6
3708501003,1.8719126594071007,0,11,12,12,6.8999999999999995
3708501004,4.705500770604645,0,1,12,12,3.9
3708601001,8.686699445393163,0,0,2,2,0.6
3708701001,9.24371914869738,0,0,11,13,3.5
3708801001,14.842310138067305,0,0,1,2,0.4
3708901001,9.721590748426339,0,0,2,4,0.8
3709001001,13.204144402588101,0,0,1,3,0.5
3709101001,31.641377365236437,0,0,0,0,0.0
3709201001,8.180579623683897,0,0,11,13,3.5
3709601001,15.439829591315387,0,0,0,2,0.2
3709701001,19.52970640842098,0,0,0,3,0.30000000000000004
3709801001,16.091402995713906,0,0,0,3,0.30000000000000004
3709901001,10.470447093596253,0,0,2,2,0.6
3710001001,23.31363046605436,0,0,0,2,0.2
3710101001,14.359249410720762,0,0,2,2,0.6
3710201001,15.480720835852987,0,0,0,1,0.1
3710301001,9.151009144879819,0,0,1,5,0.7
3710401001,10.117831164702757,0,0,2,3,0.7
3710601001,16.134482498372332,0,0,0,3,0.30000000000000004
3710701001,0.31251381121373745,2,2,2,2,2.0
3710701002,0.0,2,2,2,2,2.0
3710702001,7.081683304265995,0,0,2,2,0.6
3710702002,0.8102798753544603,2,2,2,2,2.0
3710702003,7.094871582977258,0,0,2,2,0.6
3710702004,6.861435095143741,0,0,2,2,0.6
3710702005,3.6830787191401786,0,2,2,2,1.2
3710702006,13.214268571764185,0,0,2,3,0.7
3710702007,6.46404890498299,0,0,2,2,0.6
3710702008,1.145350856467065,0,2,2,2,1.2
3710703001,2.882325820918654,0,2,2,2,1.2
3710801001,11.83820834212906,0,0,2,13,1.7000000000000002
3710901001,16.108769163362982,0,0,0,3,0.30000000000000004
3711001001,13.836404116686246,0,0,1,13,1.5000000000000002
3711201001,12.572698624255175,0,0,2,4,0.8
3711301001,16.549470122585245,0,0,0,2,0.2
3711401001,22.64763241507798,0,0,0,4,0.4
3711501001,18.333890367943564,0,0,0,3,0.30000000000000004
3711601001,11.640093078461549,0,0,1,1,0.3
3711701001,4.966866548194457,0,1,11,13,3.8000000000000003
3711801001,8.85878813771909,0,0,1,14,1.6
3711901001,8.909996200316208,0,0,2,2,0.6
3712001001,15.229384995887125,0,0,0,3,0.30000000000000004
3712101001,9.412992789368918,0,0,1,13,1.5000000000000002
3712201001,9.536484006865102,0,0,1,13,1.5000000000000002
3712301001,10.162225049285562,0,0,2,2,0.6
3712401001,9.171855715038843,0,0,2,4,0.8
3712501001,4.825604780018587,0,1,2,4,1.0999999999999999
3712601001,13.755590831213516,0,0,2,3,0.7
3712701001,19.93158158533981,0,0,0,2,0.2
3712801001,14.824707981417378,0,0,1,12,1.4000000000000001
3712901001,8.642245165088271,0,0,11,13,3.5
3713001001,16.210444240949364,0,0,0,13,1.3
3713101001,13.824864313296306,0,0,1,4,0.6000000000000001
3713201001,38.122231020068384,0,0,0,0,0.0
3713301001,7.469038259630116,0,0,2,4,0.8
3713401001,17.428821484122057,0,0,0,14,1.4000000000000001
3713501001,17.683825597153234,0,0,0,3,0.30000000000000004
3713601001,22.639844128620368,0,0,0,2,0.2
3713701001,22.016360976505496,0,0,0,4,0.4
3713801001,5.499579087861548,0,0,1,4,0.6000000000000001
3713901001,5.810800662850071,0,0,1,4,0.6000000000000001
3714001001,21.8009509286723,0,0,0,2,0.2
3714101001,14.81789116415275,0,0,1,2,0.4
3714201001,11.806841436871887,0,0,8,13,2.9
3714301001,17.054907804329307,0,0,0,3,0.30000000000000004
3714401001,14.208554671904917,0,0,1,12,1.4000000000000001
3714501001,14.131904283728863,0,0,2,2,0.6
3714601001,12.724650381455666,0,0,1,3,0.5
3714701001,9.530091431025685,0,0,1,4,0.6000000000000001
3714801001,7.414765964552426,0,0,1,13,1.5000000000000002
3714901001,25.72118742453453,0,0,0,4,0.4
3715001001,10.804571623437049,0,0,1,3,0.5
3715101001,17.4641281257403,0,0,0,12,1.2000000000000002
3715201001,12.351008895587329,0,0,10,14,3.4
3715401001,5.868413589712472,0,0,2,2,0.6
3715501001,5.55399813249814,0,0,1,5,0.7
3715601001,1.9515314111277993,0,1,1,5,1.0
3715601002,0.0,1,1,1,4,1.3
3715601003,3.7104532259867877,0,1,1,3,0.8
3715701001,17.639188007396488,0,0,0,2,0.2
3715801001,21.53870744580663,0,0,0,3,0.30000000000000004
3715901001,4.978066994707989,0,1,1,4,0.9
3716001001,29.76012269824314,0,0,0,2,0.2
3716101001,11.466906388723002,0,0,1,3,0.5
3716201001,21.837048499981073,0,0,0,3,0.30000000000000004
3716301001,6.637543839330155,0,0,1,4,0.6000000000000001
3716401001,13.832156158400718,0,0,1,14,1.6
3716501001,17.305499819188974,0,0,0,3,0.30000000000000004
3716601001,16.851827576557035,0,0,0,2,0.2
3716701001,11.924195347561383,0,0,1,12,1.4000000000000001
3716801001,18.314337202661545,0,0,0,2,0.2
3716901001,17.269251289390464,0,0,0,4,0.4
3717001001,0.0,1,1,1,2,1.1
3717101001,10.05144109041064,0,0,2,4,0.8
3717201001,0.0,1,1,1,4,1.3
3717301001,23.744869978654204,0,0,0,2,0.2
3717302001,23.843929305790216,0,0,0,2,0.2
3717401001,9.958483961877567,0,0,1,3,0.5
3717501001,8.18751624055736,0,0,10,13,3.3
3717601001,17.826069313270605,0,0,0,3,0.30000000000000004
3717701001,14.628929023033402,0,0,1,4,0.6000000000000001
3717801001,16.271702585805507,0,0,0,4,0.4
3717901001,8.366796214721974,0,0,1,3,0.5
3718001001,21.333031997410767,0,0,0,4,0.4
3718101001,18.164171145599997,0,0,0,2,0.2
3718201001,7.913410960988342,0,0,1,13,1.5000000000000002
3718301001,18.8773929619458,0,0,0,3,0.30000000000000004
3718401001,25.24504244679548,0,0,0,2,0.2
3718501001,8.329889246370952,0,0,11,13,3.5
3718601001,16.917914846344573,0,0,0,12,1.2000000000000002
3718701001,23.437066744941546,0,0,0,13,1.3
3718801001,15.434429796565984,0,0,0,5,0.5
3718901001,17.088268007716046,0,0,0,6,0.6000000000000001
3719001001,28.243711144132924,0,0,0,2,0.2
3719101001,18.08060291449561,0,0,0,2,0.2
3719201001,7.509003178023713,0,0,12,12,3.5999999999999996
3719301001,13.834158233891339,0,0,1,4,0.6000000000000001
3719401001,14.845984618340006,0,0,1,3,0.5
3719501001,12.160154874463242,0,0,1,4,0.6000000000000001
3719601001,16.479539733029096,0,0,0,3,0.30000000000000004
3719701001,5.940468090316522,0,0,2,4,0.8
3719801001,18.449730500783524,0,0,0,4,0.4
3719901001,21.2105863536612,0,0,0,4,0.4
3720001001,10.596435654467776,0,0,1,3,0.5
3720101001,11.043462015295969,0,0,1,3,0.5
3720201001,6.925012094784167,0,0,11,13,3.5
3720301001,17.757347828045134,0,0,0,14,1.4000000000000001
3720401001,17.055470401378585,0,0,0,3,0.30000000000000004
3720501001,15.310864961812818,0,0,0,13,1.3
3720601001,15.943016093481909,0,0,0,13,1.3
3720701001,7.5813156651077325,0,0,11,13,3.5
3720801001,5.169296269369383,0,0,2,2,0.6
3720901001,11.06945356138595,0,0,12,12,3.5999999999999996
3721101001,13.598166211240223,0,0,1,3,0.5
3721201001,5.4560456273396465,0,0,1,4,0.6000000000000001
3721301001,9.15888176400206,0,0,2,5,0.9
3721401001,14.624100589689071,0,0,1,2,0.4
3721501001,5.523526191624584,0,0,1,4,0.6000000000000001
3721601001,8.563477807955419,0,0,1,14,1.6
3721701001,5.466538994329615,0,0,1,4,0.6000000000000001
3721801001,12.575493280793227,0,0,2,4,0.8
3721901001,7.619753130015421,0,0,2,3,0.7
3722101001,41.67876224560812,0,0,0,0,0.0
3722201001,14.002881666846852,0,0,1,12,1.4000000000000001
3722301001,19.776862345279888,0,0,0,2,0.2
3722401001,13.948518756755771,0,0,1,13,1.5000000000000002
3722501001,13.939216656549373,0,0,1,13,1.5000000000000002
3722601001,12.13213806756047,0,0,1,11,1.3
3722801001,13.292359504456392,0,0,1,3,0.5
3722901001,15.189680739368121,0,0,0,12,1.2000000000000002
3723001001,10.493526689316928,0,0,11,13,3.5
3723101001,10.205391663235979,0,0,1,10,1.2
3723201001,8.504171151084998,0,0,1,3,0.5
3723301001,8.966358054766948,0,0,2,2,0.6
3723401001,37.66418509830603,0,0,0,0,0.0
3723501001,17.974000795817908,0,0,0,2,0.2
3723601001,10.845089803905521,0,0,1,13,1.5000000000000002
3723701001,14.948339060214419,0,0,1,5,0.7
3723801001,12.684222344337979,0,0,10,13,3.3
3723901001,18.8005335053891,0,0,0,14,1.4000000000000001
3724001001,5.755538313566436,0,0,12,12,3.5999999999999996
3724101001,23.56767933664951,0,0,0,3,0.30000000000000004
3724201001,14.618083670737366,0,0,1,3,0.5
3724301001,20.273936204363714,0,0,0,2,0.2
3724401001,9.360918086702496,0,0,1,3,0.5
3724501001,34.418246669111355,0,0,0,0,0.0
3724601001,2.3499814895865603,0,1,1,4,0.9
3724601002,3.328085122561674,0,1,1,4,0.9
3724602001,0.0,1,1,1,4,1.3
3724602002,2.696440972971374,0,1,1,4,0.9
3724701001,11.454109182618707,0,0,2,13,1.7000000000000002
3724801001,5.088241737572431,0,0,2,2,0.6
3724901001,9.547972765642983,0,0,2,3,0.7
3725001001,26.189468259347365,0,0,0,2,0.2
3725101001,8.788559578943946,0,0,2,4,0.8
3725201001,15.997252997210161,0,0,0,4,0.4
3725301001,12.609770459612779,0,0,9,12,3.0
3725401001,19.361130842481284,0,0,0,14,1.4000000000000001
3725501001,6.619501347188424,0,0,1,4,0.6000000000000001
3725601001,15.348459511479065,0,0,0,3,0.30000000000000004
3725701001,8.999583021043318,0,0,2,2,0.6
3725801001,24.26987613315276,0,0,0,2,0.2
3725901001,8.653394968619853,0,0,2,4,0.8
3726001001,9.301183841437394,0,0,1,4,0.6000000000000001
3726101001,14.452140438959788,0,0,1,4,0.6000000000000001
3726201001,17.415803259279876,0,0,0,3,0.30000000000000004
3726301001,6.486354326783844,0,0,1,4,0.6000000000000001
3726401001,30.98369214173622,0,0,0,0,0.0
3726501001,11.534374469507883,0,0,2,3,0.7
3726601001,28.806171801513102,0,0,0,2,0.2
3726701001,23.18908432792162,0,0,0,5,0.5
3726801001,7.163868573716468,0,0,2,2,0.6
3726901001,25.526068834057064,0,0,0,2,0.2
3727001001,24.34241074531081,0,0,0,12,1.2000000000000002
3727101001,19.33521999544654,0,0,0,12,1.2000000000000002
3727201001,9.787817112996835,0,0,2,2,0.6
3727301001,8.892360962520211,0,0,1,2,0.4
3727401001,0.40229693505029857,5,11,11,12,8.7
3727401002,0.6920257013364921,5,11,11,12,8.7
3727401003,0.7279750841983001,4,11,11,12,8.299999999999999
3727401004,0.5053669549837229,5,11,11,12,8.7
3727401005,0.45080628676498613,5,11,11,12,8.7
3727401006,0.0,5,11,11,12,8.7
3727401007,0.0,5,11,11,12,8.7
3727401008,0.2005128468267113,5,11,11,12,8.7
3727401009,0.27417772636910775,4,11,11,12,8.299999999999999
3727401010,0.4285639695537983,6,11,11,12,9.1
3727401011,0.40710613160064785,7,11,11,12,9.5
3727401012,0.27423289964105924,5,11,11,12,8.7
3727402001,0.6549511208869307,4,11,11,12,8.299999999999999
3727402002,0.47316206307983555,5,11,11,12,8.7
3727402003,0.39694754902602863,4,11,11,12,8.299999999999999
3727402004,0.6477883802464858,2,11,11,12,7.499999999999999
3727402005,0.34711722152045577,1,11,11,12,7.1
3727402006,0.48720777530644044,1,11,11,12,7.1
3727402007,0.15525411005391548,1,11,11,12,7.1
3727402008,0.2585253558846249,1,11,11,12,7.1
3727402009,0.4207122225435183,4,11,11,12,8.299999999999999
3727402010,0.4452765057085091,2,11,11,12,7.499999999999999
3727402011,0.0,1,11,11,12,7.1
3727402012,0.3346163900668502,3,11,11,12,7.8999999999999995
3727402013,0.3004015424226818,1,11,11,12,7.1
3727402014,0.6063163439966801,4,11,11,12,8.299999999999999
3727402015,0.21169892746671293,1,11,11,12,7.1
3727402016,0.5238311428917936,1,11,11,12,7.1
3727402017,0.18909674946825283,1,11,11,12,7.1
3727402018,1.197332642146084,0,11,11,12,6.699999999999999
3727402019,1.3693447118430409,0,10,11,13,6.5
3727402020,0.5715192047686269,1,11,11,12,7.1
3727403001,0.8765709394158414,1,11,11,12,7.1
3727403002,0.5556391712523375,5,11,11,12,8.7
3727403003,0.0,1,11,11,12,7.1
3727403004,0.3035270891895716,5,11,11,12,8.7
3727403005,0.49256364576560213,1,11,11,12,7.1
3727403006,0.902394085718282,1,11,11,12,7.1
3727403007,0.9619076283065999,1,11,11,12,7.1
3727403008,0.30604296201171344,1,11,11,12,7.1
3727403009,0.90937577628536,3,11,11,12,7.8999999999999995
3727403010,1.507730034939068,0,11,11,12,6.699999999999999
3727403011,1.0485799438032617,0,11,11,12,6.699999999999999
3727403012,0.18686129517098227,1,11,11,12,7.1
3727403013,2.202409648187451,0,8,11,12,5.799999999999999
3727403014,0.6715098094715551,1,11,11,12,7.1
3727403015,0.42362276879224076,1,11,11,12,7.1
3727403016,0.8776254907987615,1,11,11,12,7.1
3727403017,0.0,1,11,11,12,7.1
3727403018,0.7881067891187113,1,11,11,12,7.1
3727403019,0.870634575094204,4,11,11,12,8.299999999999999
3727403020,1.7987124052378407,0,11,11,12,6.699999999999999
3727404001,0.45378172074526113,7,11,11,12,9.5
3727404002,0.25244258466905756,2,11,11,12,7.499999999999999
3727404003,0.16983218464511088,6,11,11,12,9.1
3727404004,0.0,6,11,11,12,9.1
3727404005,0.2566964309523171,5,11,11,12,8.7
3727404006,0.2189429516013608,5,11,11,12,8.7
3727404008,0.5293934163984093,2,11,11,12,7.499999999999999
3727404009,0.4470894346396262,1,11,11,12,7.1
3727404010,0.2059112031142811,1,11,11,12,7.1
3727404011,0.33861384164347175,2,11,11,12,7.499999999999999
3727404012,0.6804344161582827,3,11,11,13,8.0
3727404013,0.0,2,11,11,12,7.499999999999999
3727404014,0.3952503283306492,2,11,11,12,7.499999999999999
3727404016,0.37022107616988054,4,11,11,12,8.299999999999999
3727404017,0.7479687162581468,4,11,11,12,8.299999999999999
3727404018,0.3046900750520294,2,11,11,12,7.499999999999999
3727404019,0.23242400492597556,2,11,11,13,7.6
3727404020,0.535940255260156,4,11,11,12,8.299999999999999
3727404021,0.24658043972935176,1,11,11,13,7.2
3727404022,0.6233998991378362,1,11,11,13,7.2
3727404023,1.157839365651311,0,10,11,13,6.5
3727404024,2.1564303491768015,0,11,11,12,6.699999999999999
3727404025,0.6743004009308287,1,11,11,12,7.1
3727405001,0.6103654418919419,4,11,11,12,8.299999999999999
3727405002,0.4604087317571204,3,11,11,12,7.8999999999999995
3727405003,0.5638756853126184,3,11,11,12,7.8999999999999995
3727405004,0.5360557818467054,3,11,11,12,7.8999999999999995
3727405006,0.4375946551324927,4,11,11,12,8.299999999999999
3727405007,0.6191158852012161,4,11,11,12,8.299999999999999
3727405008,1.202571535275767,0,10,11,13,6.5
3727405009,0.2519816762681197,2,11,11,13,7.6
3727405010,0.4368007154958907,2,11,11,13,7.6
3727405011,0.7079544116388652,3,10,11,13,7.7
3727405012,0.0,2,11,11,13,7.6
3727405013,0.5273996004449356,2,10,11,13,7.3
3727405014,0.7040328318707767,2,10,11,13,7.3
3727405015,0.32541695874340776,2,11,11,13,7.6
3727405016,0.6558133608112776,2,10,11,13,7.3
3727405017,0.22863869083378746,2,11,11,13,7.6
3727405018,0.47167186824193097,2,11,11,13,7.6
3727405019,0.35100795361582576,3,11,11,12,7.8999999999999995
3727405020,0.8754650416267981,2,10,11,13,7.3
3727405022,0.6343282217922163,2,10,11,13,7.3
3727405025,0.8826116837474556,2,10,11,13,7.3
3727405026,0.3076637463191069,2,11,11,13,7.6
3727406001,0.2357382748384418,2,11,11,12,7.499999999999999
3727406002,0.3489849353584019,3,11,11,12,7.8999999999999995
3727406003,0.5209558588762444,4,11,11,12,8.299999999999999
3727406004,0.5959256501908335,4,11,11,12,8.299999999999999
3727406005,0.38491170799463215,3,11,11,12,7.8999999999999995
3727406006,0.3426931036635363,3,11,11,12,7.8999999999999995
3727406007,0.22043950037363985,3,11,11,12,7.8999999999999995
3727406008,0.46472824949860014,3,11,11,13,8.0
3727406009,0.7017892754820105,3,11,11,13,8.0
3727406010,0.5658083694955386,3,11,11,12,7.8999999999999995
3727406011,0.4460571106742345,1,11,11,12,7.1
3727406012,0.5139243265613509,3,11,11,12,7.8999999999999995
3727406013,0.4787835125822381,3,11,11,12,7.8999999999999995
3727406014,0.23889535227980127,2,11,11,13,7.6
3727406015,0.5433558942557821,3,11,11,13,8.0
3727406016,0.6046916617053757,4,11,11,12,8.299999999999999
3727406017,0.6750324614075929,3,11,11,13,8.0
3727406019,1.0526655600185217,0,10,11,13,6.5
3727406020,1.8768592479811252,0,10,11,13,6.5
3727406021,1.0489065841531713,0,10,11,13,6.5
3727406022,0.5119042855879811,3,11,11,13,8.0
3727406023,0.7417448954592913,1,10,11,13,6.8999999999999995
3727501001,17.19299909703149,0,0,0,2,0.2
3727601001,11.463514011848988,0,0,1,4,0.6000000000000001
3727701001,8.861060095107733,0,0,1,6,0.8
3727801001,7.219793348585833,0,0,11,13,3.5
3727901001,17.538609941878477,0,0,0,3,0.30000000000000004
3728001001,10.682697270299252,0,0,2,2,0.6
3728101001,12.356257228125664,0,0,1,2,0.4
3728201001,6.724610137156025,0,0,2,4,0.8
3728301001,21.353069741866914,0,0,0,3,0.30000000000000004
3728401001,8.342143387825702,0,0,1,4,0.6000000000000001
3728501001,29.63469447866291,0,0,0,4,0.4
3728601001,14.822771966049803,0,0,1,2,0.4
3728701001,3.754855690214153,0,1,1,4,0.9
3728801001,12.519904586606032,0,0,10,14,3.4
3728901001,11.980158447495333,0,0,1,2,0.4
3729001001,16.254032219049286,0,0,0,12,1.2000000000000002
3729101001,16.609071562682153,0,0,0,14,1.4000000000000001
3729201001,12.509230326721667,0,0,1,12,1.4000000000000001
3729301001,19.402891395397354,0,0,0,3,0.30000000000000004
3729401001,2.2514152704056856,0,10,12,12,6.6
3729401002,2.483515251532711,0,10,12,12,6.6
3729401003,2.742092851797693,0,9,12,12,6.299999999999999
3729401004,3.516990939221665,0,8,12,12,6.0
3729401005,2.5200022943833953,0,10,12,12,6.6
3729401006,3.516926461551702,0,5,12,12,5.1
3729401007,4.311702280234015,0,2,12,12,4.2
3729401008,1.312693116521292,0,11,11,12,6.699999999999999
3729401009,3.1834994705605464,0,9,12,12,6.299999999999999
3729601001,13.966739675921197,0,0,1,3,0.5
3729701001,10.163019419603623,0,0,1,5,0.7
3729801001,10.047006031828024,0,0,1,4,0.6000000000000001
3729901001,14.071199005527385,0,0,1,2,0.4
3730001001,10.643323898719387,0,0,2,4,0.8
3730101001,22.784281901874426,0,0,0,4,0.4
3730201001,27.085745970561167,0,0,0,2,0.2
3730301001,21.681902861265762,0,0,0,2,0.2
3730401001,8.457689105887404,0,0,1,2,0.4
3730501001,12.041016357327038,0,0,1,3,0.5
3730601001,17.579197346995432,0,0,0,3,0.30000000000000004
3730701001,20.917990317777168,0,0,0,3,0.30000000000000004
3730901001,9.31916685830047,0,0,1,4,0.6000000000000001
3731001001,13.368993907178169,0,0,1,13,1.5000000000000002
3731101001,33.74021872657088,0,0,0,0,0.0
3731201001,11.308880185465057,0,0,2,5,0.9
3731301001,23.04831581554926,0,0,0,2,0.2
3731401001,23.054761344011535,0,0,0,7,0.7000000000000001
3731501001,13.272158750813407,0,0,1,4,0.6000000000000001
3731601001,0.0,1,1,1,2,1.1
3731701001,21.391821973379948,0,0,0,4,0.4
3731801001,10.517292080077139,0,0,1,12,1.4000000000000001
3731901001,10.428417742489962,0,0,1,4,0.6000000000000001
3732001001,7.290063554955152,0,0,2,2,0.6
3732101001,14.98840223128945,0,0,2,3,0.7
3732201001,4.769191241991723,0,1,11,12,3.7
3732201002,6.380590680767392,0,0,12,12,3.5999999999999996
3732301001,12.379361277758589,0,0,1,12,1.4000000000000001
3732401001,12.49532586876449,0,0,2,11,1.5
3732501001,5.291782148967923,0,0,1,4,0.6000000000000001
3732701001,17.000382790244405,0,0,0,13,1.3
3732801001,26.389539782337145,0,0,0,3,0.30000000000000004
3732901001,14.119517472522128,0,0,1,3,0.5
3733001001,12.294805918696193,0,0,1,5,0.7
3733101001,10.519714203127451,0,0,2,4,0.8
3733201001,7.6974607989904795,0,0,1,4,0.6000000000000001
3733301001,9.165080128134015,0,0,2,4,0.8
3733401001,19.10434287991841,0,0,0,2,0.2
3733501001,21.395403478160055,0,0,0,13,1.3
3733601001,5.960777323991764,0,0,2,12,1.6
3733701001,10.524588956163166,0,0,2,2,0.6
3733801001,14.724913161209722,0,0,1,13,1.5000000000000002
3733901001,6.001972920404845,0,0,1,4,0.6000000000000001
3734001001,12.188082527636425,0,0,2,2,0.6
3734101001,11.377862271415111,0,0,2,4,0.8
3734201001,10.634436821044588,0,0,11,14,3.5999999999999996
3734301001,5.182291872334391,0,0,1,4,0.6000000000000001
3734401001,22.10599545094541,0,0,0,14,1.4000000000000001
3734501001,14.635901100829017,0,0,1,12,1.4000000000000001
3734601001,19.0914645179234,0,0,0,13,1.3
3734701001,13.779066185365224,0,0,5,13,2.3
3734801001,10.821852860059828,0,0,1,13,1.5000000000000002
3734901001,16.85372355797852,0,0,0,2,0.2
3735001001,27.408788936290343,0,0,0,2,0.2
3735101001,17.766360294824707,0,0,0,3,0.30000000000000004
3735201001,5.333871411566002,0,0,3,13,1.9
3735301001,17.861213808898672,0,0,0,3,0.30000000000000004
3735401001,2.599491987913076,0,8,11,13,5.8999999999999995
3735401002,3.585931047632122,0,4,11,13,4.7
3735401003,3.0282486137141187,0,8,11,13,5.8999999999999995
3735401004,2.588824123137786,0,9,11,13,6.199999999999999
3735501001,11.957795645108122,0,0,1,4,0.6000000000000001
3735601001,16.712764256550585,0,0,0,2,0.2
3735701001,26.583040095399724,0,0,0,2,0.2
3735801001,8.415840239137,0,0,1,5,0.7
3735901001,20.19272257510282,0,0,0,2,0.2
3736001001,18.405895263852692,0,0,0,3,0.30000000000000004
3736101001,12.964423375578486,0,0,2,2,0.6
3736201001,4.039822140527717,0,5,11,13,5.0
3736201002,3.583321427991371,0,5,11,13,5.0
3736201003,3.50979062987201,0,6,11,13,5.3
3736201004,3.5924079417945443,0,5,11,13,5.0
3736301001,14.69891751229262,0,0,2,2,0.6
3736401001,24.1980085292686,0,0,0,2,0.2
3736501001,11.772396030414892,0,0,1,12,1.4000000000000001
3736601001,9.00547898800257,0,0,2,3,0.7
3736701001,14.677145555953892,0,0,2,2,0.6
3736801001,18.849646234510228,0,0,0,3,0.30000000000000004
3736901001,12.85033462993732,0,0,1,3,0.5
3737001001,10.650385658900872,0,0,1,4,0.6000000000000001
3737101001,31.681620494227374,0,0,0,0,0.0
3737201001,16.67842773341804,0,0,0,14,1.4000000000000001
3737301001,16.5703953409382,0,0,0,4,0.4
3737401001,14.771293794426727,0,0,1,15,1.7000000000000002
3737501001,18.851603930795942,0,0,0,14,1.4000000000000001
3737601001,0.0,2,2,2,2,2.0
3737601002,3.868308787383062,0,2,2,2,1.2
3737701001,8.411782421075598,0,0,2,2,0.6
3737801001,13.296604975103119,0,0,2,2,0.6
3737901001,16.446605053491737,0,0,0,13,1.3
3738001001,15.293569417448747,0,0,0,12,1.2000000000000002
3738101001,22.905869198848112,0,0,0,2,0.2
3738201001,12.014559069528046,0,0,1,3,0.5
4000101001,13.468039579198617,0,0,3,7,1.2999999999999998
4000201001,13.310739039351603,0,0,3,8,1.4
4000301001,17.3371286212747,0,0,0,6,0.6000000000000001
4000401001,19.198427852648756,0,0,0,5,0.5
4000501001,28.65122915357541,0,0,0,2,0.2
4000601001,6.545527253530252,0,0,4,4,1.2
4000701001,15.008032337707451,0,0,0,10,1.0
4000801001,28.9935333662249,0,0,0,2,0.2
4000901001,20.723697803899743,0,0,0,7,0.7000000000000001
4001001001,15.840957586667663,0,0,0,3,0.30000000000000004
4001201001,25.53318979161931,0,0,0,8,0.8
4001301001,11.317219552734139,0,0,1,5,0.7
4001401001,15.5830955847657,0,0,0,5,0.5
4001501001,15.935055415827536,0,0,0,2,0.2
4001601001,17.775745941797915,0,0,0,4,0.4
4001701001,16.658096339041915,0,0,0,7,0.7000000000000001
4001801001,17.38807220065393,0,0,0,7,0.7000000000000001
4001901001,10.376857012519194,0,0,4,4,1.2
4002001001,4.3206831392685086,0,2,2,4,1.4
4002101001,8.134436693732361,0,0,2,4,0.8
4002201001,18.21784420693059,0,0,0,6,0.6000000000000001
4002401001,33.79197992604763,0,0,0,0,0.0
4002501001,19.07308112034249,0,0,0,4,0.4
4002601001,11.352434611927176,0,0,6,10,2.1999999999999997
4002801001,12.898712711562833,0,0,1,4,0.6000000000000001
4002901001,30.099481932172452,0,0,0,0,0.0
4003001001,28.436996792934334,0,0,0,6,0.6000000000000001
4003101001,5.909717215031997,0,0,6,6,1.7999999999999998
4003201001,21.479119942483834,0,0,0,4,0.4
4003301001,11.064520461265722,0,0,3,8,1.4
4003401001,15.368945253886867,0,0,0,10,1.0
4003501001,11.592858065964519,0,0,3,8,1.4
4003601001,7.384681619701604,0,0,2,4,0.8
4003701001,15.426675101359312,0,0,0,8,0.8
4003901001,25.66204310912848,0,0,0,3,0.30000000000000004
4004001001,0.0,2,2,2,4,2.2
4004001002,4.9312728091689975,0,2,2,4,1.4
4004002001,9.508942437641188,0,0,2,4,0.8
4004101001,14.17569925671906,0,0,2,6,1.0
4004301001,22.44039090069082,0,0,0,3,0.30000000000000004
4004301002,27.00802884053752,0,0,0,6,0.6000000000000001
4004401001,12.377821202183787,0,0,2,4,0.8
4004501001,3.583685868431243,0,2,2,4,1.4
4004601001,16.898581527636857,0,0,0,4,0.4
4004701001,20.169710293205615,0,0,0,4,0.4
4004801001,17.664782603061298,0,0,0,4,0.4
4004901001,7.959087116359023,0,0,4,4,1.2
4005101001,18.864473472888797,0,0,0,3,0.30000000000000004
4005201001,27.11723162918208,0,0,0,5,0.5
4005301001,12.041557863738568,0,0,2,4,0.8
4005401001,15.978517221176043,0,0,0,4,0.4
4005501001,26.99393968103481,0,0,0,3,0.30000000000000004
4005601001,16.302082772593046,0,0,0,3,0.30000000000000004
4005701001,16.306648569862347,0,0,0,7,0.7000000000000001
4005701002,20.433338017177363,0,0,0,6,0.6000000000000001
4005801001,10.883717106001146,0,0,1,3,0.5
4005901001,16.038664981553318,0,0,0,10,1.0
4006001001,10.251337981043227,0,0,4,4,1.2
4006101001,33.9495992899421,0,0,0,0,0.0
4006201001,15.048411120155954,0,0,0,10,1.0
4006301001,0.0,3,3,3,7,3.4
4006301002,0.4239662734353704,3,3,3,7,3.4
4006301003,2.2937757938823755,0,3,3,6,2.0999999999999996
4006302001,0.5366563638752906,3,3,3,6,3.3
4006302002,0.7317841947978104,3,3,3,6,3.3
4006302003,10.928937605533692,0,0,3,6,1.2
4006302004,2.7951747687013975,0,3,3,6,2.0999999999999996
4006501001,10.120280931775124,0,0,4,7,1.5
4006801001,27.62556080869749,0,0,0,2,0.2
4006901001,4.1132601870673495,0,1,1,4,0.9
4007001001,9.736274413778068,0,0,2,4,0.8
4007101001,23.684129841904046,0,0,0,6,0.6000000000000001
4007201001,9.220004149438816,0,0,3,6,1.2
4007301001,22.232367760771865,0,0,0,5,0.5
4007401001,18.5120166928986,0,0,0,6,0.6000000000000001
4007501001,17.37264681579226,0,0,0,8,0.8
4007601001,14.141968373357503,0,0,1,7,0.9000000000000001
4007601002,14.773207201400394,0,0,1,7,0.9000000000000001
4007601003,8.283241377488679,0,0,1,2,0.4
4007601004,11.837463293821852,0,0,1,7,0.9000000000000001
4007602001,14.803542629288357,0,0,1,7,0.9000000000000001
4007602002,14.971116314360637,0,0,1,7,0.9000000000000001
4007602003,20.236018585282967,0,0,0,7,0.7000000000000001
4007603001,19.260684313471955,0,0,0,7,0.7000000000000001
4007604001,18.66307468600721,0,0,0,7,0.7000000000000001
4007701001,6.647613721724616,0,0,6,6,1.7999999999999998
4007801001,10.662296716227164,0,0,1,6,0.8
4007901001,29.38149439881466,0,0,0,2,0.2
4008001001,25.717368887939056,0,0,0,6,0.6000000000000001
4008101001,10.643517221683787,0,0,3,5,1.0999999999999999
4008201001,12.755728908087665,0,0,1,5,0.7
4008301001,19.690248132945527,0,0,0,6,0.6000000000000001
4008401001,10.92701612005439,0,0,1,7,0.9000000000000001
4008601001,22.161420461765474,0,0,0,5,0.5
4008701001,19.486212916110013,0,0,0,6,0.6000000000000001
4008801001,9.835959497999637,0,0,2,4,0.8
4008901001,15.978797732737556,0,0,0,6,0.6000000000000001
4009101001,21.847888841404956,0,0,0,5,0.5
4009201001,18.25434356631329,0,0,0,6,0.6000000000000001
4009301001,11.476253408994593,0,0,2,7,1.1
4009401001,13.203589142174005,0,0,3,7,1.2999999999999998
4009501001,12.830116650667351,0,0,3,4,0.9999999999999999
4009701001,26.011929340486144,0,0,0,4,0.4
4009901001,17.360332729284092,0,0,0,4,0.4
4010001001,18.028103919684305,0,0,0,6,0.6000000000000001
4010101001,7.772834834339322,0,0,3,6,1.2
4010301001,10.772466926847274,0,0,3,6,1.2
4010401001,20.43644010292476,0,0,0,6,0.6000000000000001
4010501001,16.49886217104023,0,0,0,7,0.7000000000000001
4010601001,16.783018486376815,0,0,0,2,0.2
4010701001,7.1723706800362095,0,0,1,5,0.7
4010801001,11.021459421100182,0,0,1,6,0.8
4010901001,33.131841900465474,0,0,0,0,0.0
4011001001,19.026558409059707,0,0,0,5,0.5
4011101001,18.696260304463063,0,0,0,8,0.8
4011201001,2.9999790031680567,0,3,6,6,2.6999999999999997
4011201002,2.9088580991228734,0,3,6,6,2.6999999999999997
4011301001,11.50768046960517,0,0,6,7,1.9
4011501001,22.318317300110273,0,0,0,3,0.30000000000000004
4011801001,20.291912665145308,0,0,0,4,0.4
4011901001,12.854089340486139,0,0,3,7,1.2999999999999998
4012001001,3.850772549784616,0,1,1,4,0.9
4012101001,10.763664540629522,0,0,1,2,0.4
4012201001,16.704824610981067,0,0,0,4,0.4
4012301001,8.152400628102269,0,0,2,4,0.8
4012401001,5.6133411234265855,0,0,5,9,1.9
4012501001,8.315592597232103,0,0,4,4,1.2
4012601001,19.317854875530998,0,0,0,2,0.2
4012701001,12.437133021659067,0,0,1,5,0.7
4012801001,29.60422442454627,0,0,0,5,0.5
4012901001,8.87468379691834,0,0,1,5,0.7
4013001001,13.643373538336894,0,0,2,4,0.8
4013101001,18.992577973865,0,0,0,5,0.5
4013201001,22.369464659111586,0,0,0,3,0.30000000000000004
4013401001,22.76537170727521,0,0,0,5,0.5
4013501001,7.8161780485354475,0,0,1,3,0.5
4013601001,10.1386158456789,0,0,2,7,1.1
4013801001,24.25780769044045,0,0,0,3,0.30000000000000004
4013801002,19.207537970040498,0,0,0,4,0.4
4013901001,17.17697752807137,0,0,0,10,1.0
4014001001,12.710043083140517,0,0,2,3,0.7
4014101001,21.35976438608801,0,0,0,3,0.30000000000000004
4014201001,20.461206839487694,0,0,0,4,0.4
4014301001,21.770251608833696,0,0,0,7,0.7000000000000001
4014401001,22.07770968898311,0,0,0,5,0.5
4014501001,21.62903967528854,0,0,0,6,0.6000000000000001
4014601001,12.742874216239041,0,0,1,3,0.5
4014801001,23.31806155294561,0,0,0,2,0.2
4014901001,13.534856271272258,0,0,3,4,0.9999999999999999
4015001001,7.0105682568508785,0,0,4,4,1.2
4015101001,27.206517781765708,0,0,0,5,0.5
4015201001,15.610107638932403,0,0,0,7,0.7000000000000001
4015401001,28.472864733266302,0,0,0,4,0.4
4015501001,2.6832680626179317,0,3,6,6,2.6999999999999997
4015501002,4.332264524683005,0,5,6,6,3.3
4015601001,9.767636672150456,0,0,4,4,1.2
4015701001,17.532977748496872,0,0,0,10,1.0
4015801001,14.443186173591316,0,0,3,6,1.2
4015901001,16.703934763851116,0,0,0,4,0.4
4016001001,24.17775465520256,0,0,0,5,0.5
4016101001,22.762224729890047,0,0,0,5,0.5
4016201001,0.0,2,2,2,4,2.2
4016301001,5.516103379165273,0,0,2,4,0.8
4016401001,7.164678834961185,0,0,1,3,0.5
4016501001,5.718271244216647,0,0,2,4,0.8
4016601001,6.097647818300806,0,0,2,7,1.1
4016801001,31.779691565761446,0,0,0,0,0.0
4017001001,29.973298636895308,0,0,0,2,0.2
4017101001,32.19765986582045,0,0,0,0,0.0
4017201001,24.07321932687064,0,0,0,2,0.2
4017301001,10.880166987873396,0,0,3,6,1.2
4017401001,15.030750717064377,0,0,0,5,0.5
4017601001,15.181582677141115,0,0,0,6,0.6000000000000001
4017701001,6.976371094781251,0,0,4,8,1.6
4017801001,9.098707436849212,0,0,1,4,0.6000000000000001
4017901001,8.908920317475904,0,0,3,5,1.0999999999999999
4018001001,14.069625804460106,0,0,1,5,0.7
4018101001,0.0,3,3,6,6,3.9
4018101002,3.2834161050350614,0,3,6,6,2.6999999999999997
4018101003,1.3086309424709544,0,3,6,6,2.6999999999999997
4018102001,6.623048599516035,0,0,6,6,1.7999999999999998
4018201001,20.05663796654169,0,0,0,4,0.4
4018301001,18.088465660162058,0,0,0,3,0.30000000000000004
4018401001,4.837134222887431,0,2,4,4,1.7999999999999998
4018501001,19.381748484767616,0,0,0,5,0.5
4018601001,7.706454328461029,0,0,2,4,0.8
4018801001,16.20906486842974,0,0,0,10,1.0
4018901001,15.152801798560903,0,0,0,4,0.4
4019001001,12.740883311302628,0,0,4,10,1.8
4019101001,9.372648661638275,0,0,2,4,0.8
4019201001,16.950385203399854,0,0,0,5,0.5
4019301001,4.635356404969967,0,2,2,4,1.4
4019401001,0.9028098967097821,1,3,6,6,3.1
4019401002,0.7516642787906566,1,3,6,6,3.1
4019401003,0.5130517014403957,1,3,6,6,3.1
4019401004,0.6548776621657152,1,3,6,6,3.1
4019401005,0.4005141735183041,1,3,6,6,3.1
4019402001,0.0,1,3,6,6,3.1
4019402002,0.31748759621361744,1,3,6,6,3.1
4019403001,0.5178095007225356,1,3,6,6,3.1
4019403002,0.6824740801582154,2,3,6,6,3.5
4019403003,0.7070556941355866,3,3,6,6,3.9
4019403004,0.4921732531318159,2,3,6,6,3.5
4019403005,0.299340519294371,1,3,6,6,3.1
4019403006,0.47910727504230627,1,3,6,6,3.1
4019403007,0.4882059837456231,1,3,6,6,3.1
4019403008,0.6855601523131943,3,3,6,6,3.9
4019403009,0.40576821761921583,1,3,6,6,3.1
4019404001,0.7115298991587922,2,3,6,6,3.5
4019404002,0.7017270676843542,2,3,6,6,3.5
4019404003,0.7206395069825211,3,3,6,6,3.9
4019404004,0.5698005183510262,2,3,6,6,3.5
4019404005,0.47997070588493457,1,3,6,6,3.1
4019404006,0.3267267938219173,1,3,6,6,3.1
4019404007,0.4465065547536395,1,3,6,6,3.1
4019404008,0.9213461586761659,1,3,6,6,3.1
4019404009,0.8017960638716337,1,3,6,6,3.1
4019404010,7.317900900994565,0,0,6,6,1.7999999999999998
4019405001,0.555614394720203,2,3,6,6,3.5
4019405002,0.36541773529142346,2,3,6,6,3.5
4019405003,0.40630772887955313,1,3,6,6,3.1
4019405004,0.0,1,3,6,6,3.1
4019405005,0.7609042808044786,1,3,6,6,3.1
4019405006,0.662516454872232,1,3,6,6,3.1
4019405007,1.0293439478883937,0,3,6,6,2.6999999999999997
4019405008,1.4553255095506317,0,3,6,6,2.6999999999999997
4019406001,0.2904945796929829,2,3,6,6,3.5
4019406002,0.0,1,3,6,6,3.1
4019406003,0.23158570485423127,1,3,6,6,3.1
4019406004,0.30858246746059786,1,3,6,6,3.1
4019406005,0.5502919075272296,2,3,6,6,3.5
4019407001,0.977673510145482,1,3,6,6,3.1
4019407002,0.7599128032570245,1,3,6,6,3.1
4019407003,1.29068523781288,0,3,6,6,2.6999999999999997
4019407004,3.03166566737658,0,3,6,6,2.6999999999999997
4019501001,10.236257273107713,0,0,2,4,0.8
4019601001,26.72218463699667,0,0,0,4,0.4
4019801001,13.412898018460663,0,0,2,4,0.8
4019901001,14.362262176647572,0,0,3,10,1.6
4020001001,19.705740333874335,0,0,0,6,0.6000000000000001
4020101001,10.020401464801381,0,0,1,4,0.6000000000000001
4020201001,21.747084779249967,0,0,0,7,0.7000000000000001
4020301001,8.791173095989148,0,0,6,6,1.7999999999999998
4020401001,20.20761838113458,0,0,0,6,0.6000000000000001
4020501001,18.70051787767768,0,0,0,10,1.0
4020601001,18.928035354138228,0,0,0,10,1.0
4020701001,5.375292521413249,0,0,6,6,1.7999999999999998
4020801001,16.058132715017827,0,0,0,10,1.0
4021001001,15.994247599622627,0,0,0,4,0.4
4021101001,18.50855168752736,0,0,0,8,0.8
4021201001,16.850725961538362,0,0,0,3,0.30000000000000004
4021301001,11.078206559873276,0,0,2,10,1.4
4021401001,6.735961158860088,0,0,3,6,1.2
4021501001,19.42348803878686,0,0,0,7,0.7000000000000001
4021601001,8.095649653940164,0,0,3,6,1.2
4021801001,14.128584810547462,0,0,2,4,0.8
4021901001,9.003587470922513,0,0,4,7,1.5
4022001001,8.57695067121838,0,0,4,4,1.2
4022101001,8.567386887427169,0,0,4,4,1.2
4022201001,11.579304719320328,0,0,2,5,0.9
4022301001,19.77343884597153,0,0,0,8,0.8
4022401001,4.317841847341406,0,2,2,4,1.4
4022501001,18.70317367882834,0,0,0,6,0.6000000000000001
4022801001,8.820244133205916,0,0,2,7,1.1
4022901001,17.528125789019523,0,0,0,4,0.4
4023001001,12.124991733547494,0,0,2,7,1.1
4023101001,16.81200899109034,0,0,0,6,0.6000000000000001
4023301001,21.287545937798765,0,0,0,8,0.8
4023401001,18.847135052525392,0,0,0,5,0.5
4090101001,13.565622445025353,0,0,3,7,1.2999999999999998
4090201001,19.0681062002124,0,0,0,6,0.6000000000000001
4090301001,19.236366992208893,0,0,0,7,0.7000000000000001
4090401001,9.863540484845375,0,0,6,6,1.7999999999999998
4090501001,13.465952949517945,0,0,1,5,0.7
4090601001,2.9868891552090084,0,3,6,6,2.6999999999999997
4090601002,1.5328120440233883,0,3,6,6,2.6999999999999997
4200101001,17.21447192371462,0,0,0,6,0.6000000000000001
4200301001,16.11968873844352,0,0,0,1,0.1
4200401001,1.8642235303566785,0,1,1,1,0.6
4200401002,0.0,1,1,1,1,1.0
4200601001,7.664563843247494,0,0,3,5,1.0999999999999999
4200701001,10.809559686409184,0,0,1,3,0.5
4200801001,23.8948594767214,0,0,0,1,0.1
4200901001,10.469850192362713,0,0,1,5,0.7
4201001001,13.647093679880696,0,0,1,4,0.6000000000000001
4201101001,20.547937700871646,0,0,0,6,0.6000000000000001
4201201001,13.678998664315882,0,0,1,4,0.6000000000000001
4201301001,13.174054212481995,0,0,3,5,1.0999999999999999
4201401001,10.396183278615572,0,0,1,4,0.6000000000000001
4201501001,19.098899580081948,0,0,0,2,0.2
4201601001,6.089180621895076,0,0,1,4,0.6000000000000001
4201701001,13.850446057786366,0,0,4,5,1.3
4201801001,21.729311852812767,0,0,0,2,0.2
4201901001,0.0,1,1,1,4,1.3
4202001001,0.0,1,1,1,3,1.2
4202001002,0.6416743043866361,1,1,1,3,1.2
4202001003,1.7307468525229341,0,1,1,2,0.7
4202101001,8.840889965849131,0,0,1,1,0.3
4202201001,11.536470089873804,0,0,1,5,0.7
4202301001,22.864979457344045,0,0,0,2,0.2
4202401001,17.56566954322561,0,0,0,5,0.5
4202601001,10.654850151583288,0,0,1,1,0.3
4202701001,6.401982282243781,0,0,1,4,0.6000000000000001
4202801001,8.789005362267854,0,0,1,4,0.6000000000000001
4202901001,22.147966775295867,0,0,0,2,0.2
4203001001,10.260043223019897,0,0,1,2,0.4
4203101001,17.054861849578973,0,0,0,1,0.1
4203201001,8.793398323708892,0,0,1,2,0.4
4203301001,14.144524476310053,0,0,2,2,0.6
4203401001,15.800068879343899,0,0,0,1,0.1
4203501001,0.0,1,1,1,3,1.2
4203601001,19.039879824811358,0,0,0,4,0.4
4203701001,8.873453012359862,0,0,1,2,0.4
4203801001,13.953072717471906,0,0,1,5,0.7
4203901001,19.870879124486155,0,0,0,2,0.2
4204101001,6.910602751272202,0,0,1,4,0.6000000000000001
4204201001,10.252555860749885,0,0,4,4,1.2
4204301001,0.0,1,1,1,3,1.2
4204301002,0.7806687474606612,1,1,1,3,1.2
4204301003,1.2965412684176951,0,1,1,3,0.8
4204401001,10.887153953577574,0,0,1,4,0.6000000000000001
4204501001,17.990818215381637,0,0,0,4,0.4
4204601001,25.442126803861427,0,0,0,6,0.6000000000000001
4204801001,10.823498679429349,0,0,1,2,0.4
4204901001,14.205724956290048,0,0,4,5,1.3
4205001001,16.902213465127545,0,0,0,2,0.2
4205101001,20.282043919819525,0,0,0,1,0.1
4205201001,19.22107703463485,0,0,0,2,0.2
4205301001,17.219197458318796,0,0,0,2,0.2
4205401001,16.367049090940146,0,0,0,4,0.4
4205501001,4.277743299875147,0,1,1,5,1.0
4205601001,13.618241801789871,0,0,1,4,0.6000000000000001
4205701001,10.603062963440756,0,0,1,1,0.3
4205801001,19.410187742629216,0,0,0,3,0.30000000000000004
4205901001,15.041847986159185,0,0,0,3,0.30000000000000004
4206001001,23.11418673517556,0,0,0,2,0.2
4206101001,18.426203732033166,0,0,0,5,0.5
4206201001,15.944217934689911,0,0,0,1,0.1
4206301001,28.34099814575738,0,0,0,1,0.1
4206401001,22.39229272672038,0,0,0,2,0.2
4206501001,13.662530357450327,0,0,1,4,0.6000000000000001
4206801001,7.342424533099097,0,0,1,2,0.4
4206901001,0.0,1,1,2,3,1.4000000000000001
4207001001,15.989088142479329,0,0,0,3,0.30000000000000004
4207101001,15.574206370999764,0,0,0,5,0.5
4207301001,10.885675440067068,0,0,1,1,0.3
4207501001,7.29193214841822,0,0,1,1,0.3
4207601001,21.000156416427398,0,0,0,1,0.1
4207801001,6.325366746067639,0,0,2,4,0.8
4207901001,14.075194598122609,0,0,1,2,0.4
4208001001,8.47973117258598,0,0,2,4,0.8
4208101001,6.696495238960864,0,0,1,4,0.6000000000000001
4208201001,11.33683550824789,0,0,1,4,0.6000000000000001
4208301001,8.37583115602087,0,0,1,2,0.4
4208401001,14.507193009586569,0,0,1,2,0.4
4208501001,15.223894549777377,0,0,0,3,0.30000000000000004
4208601001,25.435420326477637,0,0,0,1,0.1
4208701001,9.28830234423128,0,0,4,4,1.2
4208801001,21.51068112505864,0,0,0,2,0.2
4208901001,8.313004658040814,0,0,4,4,1.2
4209001001,17.215187691634867,0,0,0,3,0.30000000000000004
4209201001,22.313789386061096,0,0,0,5,0.5
4209301001,15.67618805107754,0,0,0,1,0.1
4209401001,9.947053875682279,0,0,4,4,1.2
4209501001,16.531092197013308,0,0,0,5,0.5
4209601001,0.0,1,1,1,5,1.4
4209701001,9.998207539954553,0,0,2,2,0.6
4209801001,9.181119753219363,0,0,1,5,0.7
4210001001,19.3469825981146,0,0,0,2,0.2
4210301001,22.326762978400286,0,0,0,4,0.4
4210501001,26.398952189225344,0,0,0,1,0.1
4210601001,17.403239829146592,0,0,0,4,0.4
4210701001,23.438643531192184,0,0,0,5,0.5
4210801001,16.101200992006,0,0,0,2,0.2
4211001001,13.46444829913447,0,0,1,2,0.4
4211101001,9.038656926802886,0,0,1,2,0.4
4211301001,20.708118339683384,0,0,0,1,0.1
4211501001,30.328062769134245,0,0,0,0,0.0
4211601001,24.570984782304752,0,0,0,2,0.2
4211701001,7.6141505846610675,0,0,1,3,0.5
4211801001,17.259117195138874,0,0,0,2,0.2
4211901001,24.672504644349193,0,0,0,2,0.2
4212001001,27.11954915390392,0,0,0,2,0.2
4212101001,17.77787087214648,0,0,0,3,0.30000000000000004
4212301001,14.571156680178674,0,0,1,2,0.4
4212401001,21.625789188615656,0,0,0,3,0.30000000000000004
4212501001,15.22284256802755,0,0,0,4,0.4
4212701001,13.337179737719445,0,0,2,3,0.7
4212801001,17.52174245971588,0,0,0,5,0.5
4212901001,6.390099318325124,0,0,1,5,0.7
4213001001,11.666162148158229,0,0,1,5,0.7
4213101001,12.799433355601554,0,0,1,5,0.7
4213201001,18.667518345401273,0,0,0,2,0.2
4213401001,11.698438307925977,0,0,1,2,0.4
4213401002,10.284919530498914,0,0,1,2,0.4
4213501001,15.185249867260081,0,0,0,4,0.4
4213901001,16.274506515627362,0,0,0,2,0.2
4214001001,9.879119493056141,0,0,1,1,0.3
4214101001,10.10369439887704,0,0,1,5,0.7
4214201001,18.999103618782243,0,0,0,4,0.4
4214401001,19.4332701968657,0,0,0,5,0.5
4214501001,11.423034594952414,0,0,2,2,0.6
4214801001,15.544393419189353,0,0,0,1,0.1
4214901001,9.024202482283526,0,0,3,6,1.2
4215101001,5.52202546667286,0,0,1,5,0.7
4215201001,10.73846217961376,0,0,1,2,0.4
4215301001,15.157242236178108,0,0,0,2,0.2
4215401001,9.279583561465504,0,0,3,5,1.0999999999999999
4215501001,17.470399626466232,0,0,0,2,0.2
4215601001,17.602052039057167,0,0,0,1,0.1
4215701001,11.15271016734282,0,0,1,2,0.4
4215801001,18.34336608602344,0,0,0,3,0.30000000000000004
4215901001,5.8014781501179105,0,0,1,5,0.7
4216001001,16.42216008134925,0,0,0,6,0.6000000000000001
4216101001,6.712593208613241,0,0,1,4,0.6000000000000001
4216201001,11.745385856509055,0,0,1,2,0.4
4216201002,17.687151991304493,0,0,0,2,0.2
4216201003,13.258651609047645,0,0,1,3,0.5
4216301001,11.692797000696924,0,0,1,1,0.3
4216401001,0.0,1,1,1,6,1.5
4216501001,23.779525996629765,0,0,0,1,0.1
4216601001,14.284466482430043,0,0,1,1,0.3
4216701001,8.914208244044403,0,0,1,1,0.3
4216801001,8.72358693664611,0,0,1,5,0.7
4217101001,11.324721146935014,0,0,1,2,0.4
4217201001,12.599344826471775,0,0,1,2,0.4
4217301001,0.0,3,3,3,5,3.2
4217301002,0.2628874682811237,3,3,3,5,3.2
4217301003,0.0,3,3,3,5,3.2
4217301004,0.36238566271434414,3,3,3,5,3.2
4217301005,0.637337984956754,3,3,3,5,3.2
4217301006,0.8419922716842373,3,3,3,5,3.2
4217301007,1.5998498194147681,0,3,3,5,1.9999999999999998
4217301008,1.4129910106107308,0,3,3,5,1.9999999999999998
4217302001,0.26950737015357606,3,3,3,5,3.2
4217302002,0.4401425308166526,3,3,3,5,3.2
4217302003,0.43518774604845456,3,3,3,5,3.2
4217302004,0.42666098813892434,3,3,3,5,3.2
4217302005,0.557755095620229,3,3,3,5,3.2
4217302006,1.0455892471643962,0,3,3,5,1.9999999999999998
4217302007,1.0414536266084473,0,3,3,5,1.9999999999999998
4217302008,0.8888195150902278,1,3,3,5,2.4000000000000004
4217302009,0.7602122619382486,1,3,3,5,2.4000000000000004
4217302010,0.7618912941555382,3,3,3,5,3.2
4217302011,2.0160532687764006,0,3,3,5,1.9999999999999998
4217302012,12.333020619607074,0,0,1,7,0.9000000000000001
4217302013,1.0635797040795807,0,3,3,5,1.9999999999999998
4217302014,2.8783974113688013,0,3,3,6,2.0999999999999996
4217303001,14.403843199339297,0,0,1,5,0.7
4217303002,2.2777921298386294,0,3,3,5,1.9999999999999998
4217303003,4.904135432035749,0,2,3,6,1.8
4217401001,13.678323370742104,0,0,1,5,0.7
4217501001,23.32495546923989,0,0,0,6,0.6000000000000001
4217601001,17.254234391247874,0,0,0,5,0.5
4217701001,11.542123984198286,0,0,1,3,0.5
4217801001,13.994881662047831,0,0,1,4,0.6000000000000001
4218101001,13.906167456152533,0,0,1,5,0.7
4218201001,19.710885349617854,0,0,0,2,0.2
4218301001,6.615612382387718,0,0,1,5,0.7
4218401001,17.285032126387335,0,0,0,1,0.1
4218501001,16.76729696773875,0,0,0,4,0.4
4218701001,13.857097996635943,0,0,1,2,0.4
4218801001,17.98255447174729,0,0,0,2,0.2
4218901001,12.805333876341418,0,0,2,4,0.8
4219001001,7.571454779755094,0,0,1,5,0.7
4219101001,8.986129787290382,0,0,1,5,0.7
4219201001,22.14127130921942,0,0,0,6,0.6000000000000001
4219301001,17.725680536190417,0,0,0,2,0.2
4219401001,11.005482199583392,0,0,1,3,0.5
4219501001,11.20159057863792,0,0,1,2,0.4
4219601001,22.482684274625562,0,0,0,2,0.2
4219701001,16.13117234110321,0,0,0,3,0.30000000000000004
4219801001,18.74433414256813,0,0,0,5,0.5
4220001001,12.687889004457983,0,0,1,2,0.4
4220101001,5.887336767233856,0,0,3,5,1.0999999999999999
4220201001,12.379204791369748,0,0,1,2,0.4
4220401001,7.424954172196787,0,0,1,5,0.7
4220501001,16.60228258622097,0,0,0,5,0.5
4220601001,13.723573130531445,0,0,1,2,0.4
4220701001,9.13418856575942,0,0,1,5,0.7
4220801001,20.337709658506792,0,0,0,5,0.5
4220901001,16.365866594222712,0,0,0,1,0.1
4221101001,10.5194950521128,0,0,4,4,1.2
4221201001,16.119581482779193,0,0,0,2,0.2
4221301001,6.6896556324963,0,0,1,1,0.3
4221501001,7.625547380806618,0,0,1,4,0.6000000000000001
4221601001,10.311681650509215,0,0,1,4,0.6000000000000001
4221701001,5.158982166074682,0,0,1,1,0.3
4221801001,22.446717138350987,0,0,0,1,0.1
4221901001,29.80501299561523,0,0,0,1,0.1
4700101001,19.44358023670431,0,0,0,6,0.6000000000000001
4700201001,5.561076385111301,0,0,2,9,1.3
4700301001,19.514687611666563,0,0,0,4,0.4
4700401001,15.20367084653381,0,0,0,5,0.5
4700401002,9.971722729140112,0,0,1,6,0.8
4700501001,7.941059599209536,0,0,3,27,3.3000000000000003
4700601001,3.239264304626739,0,1,2,37,4.4
4700701001,9.04521177964754,0,0,14,35,6.300000000000001
4700701002,8.183838732130058,0,0,19,35,7.300000000000001
4700701003,6.185860830214982,0,0,12,38,6.199999999999999
4700701004,8.416035401752238,0,0,5,35,4.5
4700801001,11.890336709307048,0,0,2,5,0.9
4700901001,25.26555136358335,0,0,0,2,0.2
4701001001,2.9160583505373894,0,5,28,33,10.399999999999999
4701001002,0.3889456682489795,2,14,29,33,14.1
4701001003,0.8397250415997588,1,10,29,33,12.5
4701001004,0.0,2,12,29,33,13.5
4701001005,1.711762833266597,0,7,28,33,11.0
4701001006,0.81265767178454,1,10,29,34,12.6
4701001007,3.1124018922809276,0,3,28,34,9.9
4701001008,2.406152318158158,0,5,28,33,10.399999999999999
4701001009,2.3809781454487777,0,6,28,33,10.7
4701001010,1.8221437576780637,0,7,28,34,11.1
4701001011,1.5244098544162408,0,9,28,33,11.6
4701101001,12.088363936082983,0,0,1,5,0.7
4701201001,9.489159004405478,0,0,3,7,1.2999999999999998
4701301001,17.23601946318154,0,0,0,3,0.30000000000000004
4701401001,20.105548125612867,0,0,0,15,1.5
4701501001,14.961982807727752,0,0,1,3,0.5
4701601001,13.600501620018557,0,0,1,3,0.5
4701701001,10.324894489796643,0,0,1,16,1.8
4701801001,9.001076728551743,0,0,2,32,3.6
4701901001,14.51943436875124,0,0,1,4,0.6000000000000001
4702001001,11.436902367293028,0,0,1,4,0.6000000000000001
4702101001,7.981934091223126,0,0,1,6,0.8
4702201001,6.903479871757175,0,0,2,3,0.7
4702301001,4.764409190923433,0,1,30,35,9.799999999999999
4702301002,5.174384447152908,0,0,30,35,9.5
4702301003,6.619581363079587,0,0,27,35,8.9
4702401001,23.06443697384293,0,0,0,2,0.2
4702501001,12.858867633732356,0,0,1,3,0.5
4702601001,7.041497989051132,0,0,1,3,0.5
4702701001,7.084786333852736,0,0,22,32,7.6
4702701002,3.0833221524261907,0,1,25,32,8.499999999999998
4702801001,12.911404990921259,0,0,1,4,0.6000000000000001
4702901001,10.695706795861957,0,0,1,2,0.4
4703001001,12.274661720085799,0,0,4,4,1.2
4703101001,6.516278607135293,0,0,1,7,0.9000000000000001
4703201001,6.611641973692279,0,0,3,35,4.1
4703301001,6.882305548328811,0,0,1,5,0.7
4703401001,19.048368666639423,0,0,0,2,0.2
4703501001,14.817202874550755,0,0,1,3,0.5
4703601001,12.861697227923072,0,0,1,3,0.5
4703701001,14.87139633075417,0,0,1,4,0.6000000000000001
4703801001,8.490961496376357,0,0,2,5,0.9
4703901001,21.02929744663418,0,0,0,18,1.8
4704001001,22.303722275505685,0,0,0,2,0.2
4704101001,10.215631405027912,0,0,2,32,3.6
4704201001,17.868301251591276,0,0,0,2,0.2
4704301001,12.86365050729607,0,0,1,16,1.8
4704401001,8.40202218787525,0,0,26,32,8.4
4704501001,13.906477382871788,0,0,1,5,0.7
4704601001,11.89278211270822,0,0,1,3,0.5
4704701001,22.563318364751698,0,0,0,3,0.30000000000000004
4704801001,12.670434668694218,0,0,1,3,0.5
4704901001,12.551819324042263,0,0,2,5,0.9
4705001001,0.0,1,1,27,32,9.3
4705001002,5.70451267511882,0,0,16,32,6.4
4705001003,5.512349195780941,0,0,10,36,5.6
4705101001,5.217583686464234,0,0,26,33,8.5
4705201001,3.9171205954286252,0,1,28,34,9.299999999999999
4705201002,1.5001474112776472,0,2,29,35,9.899999999999999
4705201003,0.0,1,4,29,35,10.9
4705201004,2.525055476068615,0,14,30,35,13.7
4705201005,1.171685889605664,0,9,30,35,12.2
4705201006,2.7955198603058506,0,14,30,34,13.6
4705301001,3.8133908853295275,0,1,2,18,2.5
4705401001,15.092223795961987,0,0,0,8,0.8
4705501001,7.447603115520076,0,0,2,36,4.0
4705601001,10.996831148554444,0,0,2,3,0.7
4705701001,6.572010106845782,0,0,2,34,3.8000000000000003
4705801001,7.2904468644604785,0,0,2,3,0.7
4705901001,7.9396036443708695,0,0,1,3,0.5
4706001001,15.292301972637636,0,0,0,3,0.30000000000000004
4706101001,19.30198616794392,0,0,0,12,1.2000000000000002
4706201001,21.371921045868266,0,0,0,2,0.2
4706301001,6.8300393105948585,0,0,1,5,0.7
4706401001,6.429651796571831,0,0,1,3,0.5
4706501001,15.633569179876883,0,0,0,3,0.30000000000000004
4706601001,5.006011308129738,0,0,29,34,9.2
4706701001,12.860050116032012,0,0,1,5,0.7
4706801001,8.738787617111418,0,0,1,6,0.8
4706901001,14.547919017600961,0,0,1,15,1.7000000000000002
4707001001,5.083275949313783,0,0,2,4,0.8
4707101001,4.301310444996458,0,1,13,35,6.3999999999999995
4707301001,6.6749392001811785,0,0,2,5,0.9
4707401001,5.511064528530048,0,0,1,11,1.3
4707501001,0.0,1,1,3,10,2.3000000000000003
4707501002,4.663552012799605,0,1,3,8,1.7
4707502001,6.395726283500957,0,0,1,7,0.9000000000000001
4707502002,2.9456394650097812,0,1,2,8,1.5
4707601001,0.0,1,2,29,34,10.2
4707601002,0.6053258515307889,1,2,29,35,10.299999999999999
4707601003,0.5735423651784124,1,2,29,35,10.299999999999999
4707601004,0.4005780314295995,1,3,29,34,10.5
4707601005,0.5581684644946232,1,4,29,34,10.8
4707601006,2.841945494335561,0,1,30,35,9.799999999999999
4707601007,0.9727213888589132,1,4,29,34,10.8
4707601008,0.6257307486589616,1,3,29,34,10.5
4707601009,1.622231918605593,0,3,29,34,10.1
4707601010,2.5654397137543183,0,1,29,35,9.6
4707601011,0.537579386730523,1,3,29,34,10.5
4707601012,0.5243977308353478,1,3,29,34,10.5
4707601013,0.3723741756490757,1,2,29,34,10.2
4707601014,0.4143220800097303,1,3,29,34,10.5
4707601015,0.34498765265179576,1,2,29,34,10.2
4707601016,2.3555069663284636,0,1,29,35,9.6
4707601017,1.1707591014249876,0,1,29,35,9.6
4707601018,0.5811043561658363,1,4,29,34,10.8
4707701001,10.462895704165447,0,0,1,6,0.8
4707801001,14.357035146900484,0,0,1,5,0.7
4707901001,8.96696834120637,0,0,2,9,1.3
4708001001,7.938708241263571,0,0,1,5,0.7
4708101001,16.37646789039974,0,0,0,5,0.5
4708201001,8.540124007708345,0,0,2,36,4.0
4708301001,2.7735338278710673,0,1,3,32,4.1000000000000005
4708401001,20.184831206361462,0,0,0,3,0.30000000000000004
4708501001,3.463737334207814,0,1,1,7,1.2000000000000002
4708501002,3.505377908288203,0,1,1,7,1.2000000000000002
4708501003,3.505288261398284,0,1,1,7,1.2000000000000002
4708501004,3.500115013268915,0,1,1,7,1.2000000000000002
4708501005,7.316971119898997,0,0,1,7,0.9000000000000001
4708501006,4.710259091238393,0,1,1,7,1.2000000000000002
4708502001,0.0,1,1,2,6,1.7000000000000002
4708502002,3.02529429305841,0,1,1,7,1.2000000000000002
4708502003,2.7772848456521695,0,1,1,7,1.2000000000000002
4708502004,1.823429962559937,0,1,2,6,1.2999999999999998
4708503001,8.376047176818082,0,0,2,8,1.2000000000000002
4708503002,5.778588770998839,0,0,2,8,1.2000000000000002
4708503003,2.2454557315057553,0,1,2,6,1.2999999999999998
4708503004,7.66734705111907,0,0,2,9,1.3
4708601001,0.0,1,1,1,10,1.9
4708601002,7.211727999045969,0,0,1,4,0.6000000000000001
4708602001,6.589330230584168,0,0,1,3,0.5
4708602002,9.822754918701254,0,0,1,4,0.6000000000000001
4708701001,4.582034308485755,0,1,3,27,3.6000000000000005
4708801001,12.02879563993438,0,0,1,4,0.6000000000000001
4708901001,7.3589182865151,0,0,1,3,0.5
4709001001,10.329081575570783,0,0,4,35,4.3
4709001002,6.63419143052466,0,0,3,38,4.4
4709101001,15.820770679084408,0,0,0,3,0.30000000000000004
4709201001,6.788571243924083,0,0,1,9,1.1
4709301001,12.962228849235375,0,0,2,33,3.7
4709401001,14.493294079382773,0,0,1,3,0.5
4709501001,10.89837716857786,0,0,2,9,1.3
4709601001,17.048432783319633,0,0,0,2,0.2
4709701001,21.000147914527048,0,0,0,5,0.5
4709801001,7.668030590678069,0,0,24,32,7.999999999999999
4709901001,8.256811967260417,0,0,1,31,3.3
4710001001,11.118777612871707,0,0,1,4,0.6000000000000001
4710101001,4.0017712958691325,0,1,2,5,1.2
4710101002,0.0,1,1,2,5,1.6
4710201001,11.68414357659878,0,0,2,5,0.9
4710301001,19.367560088614628,0,0,0,21,2.1
4710401001,0.0,1,1,2,6,1.7000000000000002
4710401002,3.9690818145691553,0,1,2,11,1.7999999999999998
4710402001,9.338190271669701,0,0,1,6,0.8
4710402002,4.650412313923234,0,1,1,6,1.1
4710501001,12.572838933520723,0,0,3,32,3.8000000000000003
4710601001,6.0605826189886525,0,0,1,6,0.8
4710901001,16.06344791360499,0,0,0,4,0.4
4711001001,6.37243979747265,0,0,3,37,4.300000000000001
4711101001,9.852708392952735,0,0,3,36,4.2
4711201001,4.387984471666988,0,1,3,10,1.9
4711201002,5.734329720049296,0,0,3,8,1.4
4711301001,14.707187641478265,0,0,1,3,0.5
4711401001,6.215716113880353,0,0,1,5,0.7
4711401002,3.5911108847605107,0,1,1,6,1.1
4711402001,0.0,1,1,1,6,1.5
4711402002,6.08441261813494,0,0,1,5,0.7
4711501001,14.516897558599734,0,0,1,31,3.3
4711601001,13.106566597576563,0,0,1,2,0.4
4711701001,18.58459639457499,0,0,0,30,3.0
4711801001,13.940572650731125,0,0,1,2,0.4
4711901001,15.868205418991819,0,0,0,2,0.2
4712101001,7.91617647713094,0,0,1,6,0.8
4712201001,4.649699164206651,0,1,3,37,4.6000000000000005
4712202001,0.0,1,1,3,36,4.9
4712301001,10.412816728288183,0,0,2,8,1.2000000000000002
4712401001,10.02692662337841,0,0,3,14,2.0
4712501001,12.165629540829846,0,0,1,2,0.4
4712601001,12.414539697210008,0,0,2,4,0.8
4712701001,13.050905521402541,0,0,1,6,0.8
4712801001,18.419855915679705,0,0,0,2,0.2
4712901001,19.2568980913035,0,0,0,9,0.9
4713001001,8.9482105547509,0,0,2,34,3.8000000000000003
4713101001,6.71815786283945,0,0,1,6,0.8
4713201001,11.808478026478356,0,0,1,6,0.8
4713301001,4.844935668924842,0,2,29,33,9.7
4713301002,3.0041021198103803,0,2,29,33,9.7
4713401001,17.381903535940754,0,0,0,3,0.30000000000000004
4713501001,5.402617882436622,0,0,11,33,5.5
4713701001,11.070018856969464,0,0,1,3,0.5
4713801001,11.400272829683768,0,0,1,6,0.8
4713901001,9.751131218665146,0,0,4,6,1.4
4714001001,18.241094830301908,0,0,0,3,0.30000000000000004
4714101001,13.333774109388791,0,0,1,4,0.6000000000000001
4714201001,23.647502716874722,0,0,0,5,0.5
4714301001,12.422935260446282,0,0,2,3,0.7
4714401001,12.865518416217327,0,0,2,33,3.7
4714501001,9.121588852448918,0,0,5,14,2.4
4714601001,4.418045548266005,0,1,3,35,4.4
4714701001,9.289895435489465,0,0,1,4,0.6000000000000001
4714801001,10.649608148717416,0,0,1,2,0.4
4714901001,18.26699880510554,0,0,0,31,3.1
4715001001,9.796292507967477,0,0,1,3,0.5
4715101001,14.729264624182363,0,0,1,21,2.3
4715201001,13.194610477445373,0,0,1,2,0.4
4715301001,10.030938657366434,0,0,2,3,0.7
4715401001,13.50035554623092,0,0,1,34,3.6
4715501001,3.579891699243195,0,8,28,35,11.5
4715501002,4.600710985672642,0,1,29,32,9.3
4715601001,12.651442347022046,0,0,1,6,0.8
4715701001,13.561263113789783,0,0,1,35,3.7
4715801001,6.071287626615768,0,0,3,31,3.7
4715901001,0.0,1,1,2,36,4.7
4716001001,6.912609725999829,0,0,1,5,0.7
4716101001,0.0,1,1,28,33,9.6
4716101002,4.103418797914798,0,1,29,33,9.4
4716101003,3.4842643626478944,0,1,29,33,9.4
4716201001,11.653935494163438,0,0,3,3,0.8999999999999999
4716301001,18.532953821518095,0,0,0,3,0.30000000000000004
4716401001,16.62852227551186,0,0,0,2,0.2
4716501001,5.425399811965523,0,0,1,30,3.2
4716501002,6.787701820430881,0,0,3,13,1.9
4716501003,10.663230223705792,0,0,2,6,1.0
4716502001,0.0,1,1,3,32,4.5
4716502002,2.694302176086556,0,1,3,34,4.3
4716502003,2.670961313676411,0,1,3,32,4.1000000000000005
4716601001,12.291990261976911,0,0,2,6,1.0
4716701001,21.57089599797836,0,0,0,4,0.4
4716801001,18.977387518365404,0,0,0,29,2.9000000000000004
4716901001,25.54897298637942,0,0,0,4,0.4
4717001001,4.297662344830344,0,1,1,5,1.0
4717101001,15.380768136973652,0,0,0,32,3.2
4717201001,9.226272912272886,0,0,3,8,1.4
4717301001,8.316185033864782,0,0,1,34,3.6
4717401001,9.937353623662096,0,0,2,36,4.0
4717501001,0.0,1,1,22,36,8.7
4717501002,2.0413896356622154,0,1,11,36,6.1
4717501003,1.641179196453314,0,1,19,36,7.699999999999999
4717502001,0.30255143016969865,1,1,24,33,8.799999999999999
4717502002,3.0253223026077727,0,1,27,34,9.1
4717502003,2.0135570502906246,0,1,29,33,9.4
4717601001,25.789896030766354,0,0,0,4,0.4
4717701001,20.910126581220005,0,0,0,2,0.2
4717801001,21.224487130030933,0,0,0,4,0.4
4717901001,17.80625812703876,0,0,0,6,0.6000000000000001
4718001001,8.836075593131268,0,0,2,3,0.7
4718101001,1.0833311446023786,0,1,1,17,2.2
4718201001,5.321755835175942,0,0,3,37,4.300000000000001
4718301001,25.15159455381182,0,0,0,3,0.30000000000000004
4718401001,7.504939706335898,0,0,1,34,3.6
4718501001,6.157524549757879,0,0,1,3,0.5
4718601001,0.4644508578290135,2,25,30,34,17.699999999999996
4718601003,0.6067596422622531,2,25,30,34,17.699999999999996
4718601006,0.37546761988631866,2,25,30,34,17.699999999999996
4718601007,0.6919764348310805,2,25,30,34,17.699999999999996
4718602001,0.42612758744348905,4,25,30,34,18.5
4718602002,0.5753249119808115,3,25,30,34,18.099999999999998
4718602004,0.46804990295490234,3,25,30,34,18.099999999999998
4718602005,0.522804479832391,4,25,30,34,18.5
4718602006,0.3006931328998164,3,25,30,34,18.099999999999998
4718602007,0.1942823400592525,3,25,30,34,18.099999999999998
4718602008,0.8069086648604947,4,25,30,34,18.5
4718602009,0.8239208751275918,4,25,30,34,18.5
4718602010,0.8399362348202858,5,25,30,34,18.9
4718602012,0.55750265948209,5,25,30,34,18.9
4718602013,0.5499851768378892,4,25,30,34,18.5
4718602014,0.30326080583044324,4,25,30,34,18.5
4718602015,0.1817101790602549,4,24,30,34,18.2
4718602017,0.0,2,25,30,34,17.699999999999996
4718602019,0.5041611453111244,4,25,30,34,18.5
4718603001,0.1631270925671055,3,25,30,34,18.099999999999998
4718603002,0.24768057254437334,3,25,30,34,18.099999999999998
4718603003,0.0,6,25,30,34,19.299999999999997
4718603004,0.10503101141080055,6,25,30,34,19.299999999999997
4718603005,0.24528784948323912,6,25,30,34,19.299999999999997
4718603007,0.2094372906095942,6,25,30,34,19.299999999999997
4718603008,0.33470385516129986,3,25,30,34,18.099999999999998
4718603009,0.17702565128173017,4,25,30,34,18.5
4718604001,0.4605466230002161,5,25,30,34,18.9
4718604002,0.5320111546508025,5,25,30,34,18.9
4718604003,0.6000219217270014,7,25,30,34,19.699999999999996
4718604004,0.5467987062221433,7,25,30,34,19.699999999999996
4718604005,0.27740034275145814,7,24,30,34,19.4
4718604006,0.420150134293399,7,24,30,34,19.4
4718604007,0.6122383297886339,6,25,30,34,19.299999999999997
4718604008,0.5881419091203324,5,25,30,34,18.9
4718604009,0.6528050842398235,3,25,30,34,18.099999999999998
4718604010,0.6625741849260296,3,25,30,34,18.099999999999998
4718604011,0.7010808928474568,3,25,30,34,18.099999999999998
4718604012,0.4759197143020517,4,25,30,34,18.5
4718604013,0.5404817398073711,6,25,30,34,19.299999999999997
4718604014,0.40720424063690164,6,25,30,34,19.299999999999997
4718604015,0.3424847512851464,4,25,30,34,18.5
4718604016,0.4655731487376603,3,25,30,34,18.099999999999998
4718604017,0.21651056735594615,2,25,30,34,17.699999999999996
4718604018,0.33104267945340843,1,25,30,34,17.299999999999997
4718604020,0.5614463351858288,3,25,30,34,18.099999999999998
4718604021,0.685351634625243,3,25,30,34,18.099999999999998
4718604023,0.6581636923509394,1,25,30,34,17.299999999999997
4718604024,0.7519816604577462,1,25,30,34,17.299999999999997
4718604025,0.8044157567815277,3,25,30,34,18.099999999999998
4718604026,0.9053577304472169,1,25,30,34,17.299999999999997
4718604027,1.1105674134753125,0,26,30,34,17.2
4718604028,0.9166987989731397,3,25,30,34,18.099999999999998
4718604029,1.1761412470701749,0,26,30,34,17.2
4718604030,0.6308050436368676,3,25,30,34,18.099999999999998
4718604032,0.47696145957040553,6,24,30,34,18.999999999999996
4718604033,0.7897116428634331,1,25,30,34,17.299999999999997
4718604034,0.4148397505405451,8,24,30,34,19.8
4718604036,1.0625391854223778,0,25,30,34,16.9
4718604037,0.0,2,25,30,34,17.699999999999996
4718604038,0.0,4,25,30,34,18.5
4718604039,0.640950573957835,6,25,30,34,19.299999999999997
4718604040,2.6679539049788725,0,17,30,34,14.5
4718604041,2.2895158001325875,0,22,30,33,15.9
4718605001,0.5145936524655789,4,25,30,34,18.5
4718605002,0.4161118301793658,4,25,30,34,18.5
4718605004,0.28936810927962847,4,25,30,34,18.5
4718605006,0.5849651386576032,5,25,30,34,18.9
4718605007,0.6856155861797648,5,24,30,34,18.599999999999998
4718606001,0.251623562533922,5,25,30,34,18.9
4718606002,0.3551974123754896,6,25,30,34,19.299999999999997
4718606003,0.38057843048376927,6,25,30,34,19.299999999999997
4718606005,0.32740825600241613,5,24,30,34,18.599999999999998
4718606006,0.23047018843404896,5,24,30,34,18.599999999999998
4718606007,0.15979294263211632,5,24,30,34,18.599999999999998
4718606009,0.20710636286416148,5,24,30,34,18.599999999999998
4718606010,0.30106437605177855,5,24,30,34,18.599999999999998
4718606012,0.3355956454881651,5,24,30,34,18.599999999999998
4718606013,0.15381108565287513,6,24,30,34,18.999999999999996
4718606014,0.24264408283353386,4,24,30,34,18.2
4718606015,0.2009964426146742,7,24,30,34,19.4
4718606016,0.36564980332559316,7,24,30,34,19.4
4718606017,0.0,6,24,30,34,18.999999999999996
4718606018,0.16224435181044136,7,24,30,34,19.4
4718606019,0.2492997123393422,7,24,30,34,19.4
4718606020,0.695984025392317,5,24,30,34,18.599999999999998
4718606021,0.2383871543061008,6,25,30,34,19.299999999999997
4718606022,0.9980902591316142,1,23,30,34,16.7
4718606023,0.5476661572318813,6,23,30,34,18.7
4718606024,0.5568440922948938,5,23,30,34,18.299999999999997
4718606025,0.4774159718026942,5,23,30,34,18.299999999999997
4718606026,0.4945985008905739,5,23,30,34,18.299999999999997
4718606027,0.43030729235538595,6,24,30,34,18.999999999999996
4718606028,0.385381026370843,5,23,30,34,18.299999999999997
4718606029,0.2425976798801729,4,24,30,34,18.2
4718606030,0.0,7,24,30,34,19.4
4718606031,1.4065392499134077,0,14,30,34,13.6
4718606032,0.27809484740819046,6,24,30,34,18.999999999999996
4718606034,0.15276022247466148,5,24,30,34,18.599999999999998
4718606036,0.0,1,17,30,34,14.9
4718606037,0.230103876735508,5,24,30,34,18.599999999999998
4718606038,0.6737897949187759,1,24,30,34,16.999999999999996
4718606039,0.7471495911604925,2,24,30,34,17.4
4718607001,0.3557487056982191,4,24,30,34,18.2
4718607003,0.32716072043022676,5,24,30,34,18.599999999999998
4718607004,0.2121840382861421,5,24,30,34,18.599999999999998
4718607005,0.0,7,24,30,34,19.4
4718607006,0.22422976039185363,5,24,30,34,18.599999999999998
4718607007,0.3429345914904796,4,23,30,34,17.9
4718607008,0.2534152470439888,4,23,30,34,17.9
4718607010,0.4510500739113258,6,23,30,34,18.7
4718607011,0.0,3,22,30,34,17.2
4718607013,0.45292478011604026,6,23,30,34,18.7
4718607014,0.625409613389401,3,22,30,34,17.2
4718607015,0.33071823765654296,4,23,30,34,17.9
4718607016,0.36801067037407065,4,23,30,34,17.9
4718607018,0.16186452366784937,6,24,30,34,18.999999999999996
4718607019,0.4069684279732982,4,23,30,34,17.9
4718607020,0.3045323684457224,4,23,30,34,17.9
4718607021,0.3707935601619216,5,23,30,34,18.299999999999997
4718608001,0.5594169332442874,7,24,30,34,19.4
4718608002,0.3498061063164944,4,24,30,34,18.2
4718608004,0.0,6,22,30,34,18.4
4718608005,0.3380221246826323,5,24,30,34,18.599999999999998
4718608006,0.30016925205839823,4,22,30,34,17.599999999999998
4718608009,0.5061617971983513,4,24,30,34,18.2
4718608012,0.5864607208575447,6,24,30,34,18.999999999999996
4718608013,0.5145910199848689,5,24,30,34,18.599999999999998
4718608014,0.5263091076524484,5,24,30,34,18.599999999999998
4718608015,0.4274701245935693,5,24,30,35,18.7
4718608016,0.3573728364955724,5,24,30,35,18.7
4718608017,0.46677882034510426,4,23,30,35,18.0
4718608018,0.28404745868348963,5,24,30,35,18.7
4718608020,0.3488344758268768,3,24,30,35,17.9
4718608021,0.20860358226245249,5,24,30,35,18.7
4718608023,0.2853573708175591,4,23,30,35,18.0
4718608024,0.0,4,23,29,35,17.8
4718608025,0.4632805762178626,4,22,30,34,17.599999999999998
4718608026,0.36129285245811493,4,22,30,35,17.7
4718608027,0.3116238706500055,4,22,30,35,17.7
4718608028,0.3357139250877743,4,22,30,34,17.599999999999998
4718608030,0.33640990925371334,4,22,30,35,17.7
4718608031,0.0,4,22,30,35,17.7
4718608032,0.0,3,22,30,34,17.2
4718608033,0.2792912818899131,2,21,30,35,16.6
4718608034,0.4649589021924915,2,21,30,35,16.6
4718608035,0.36152702270470266,3,22,30,34,17.2
4718608037,0.3092104902834064,5,22,30,34,17.999999999999996
4718608038,0.44272847412023497,4,22,30,34,17.599999999999998
4718608039,0.2744059473552768,4,22,30,35,17.7
4718609001,0.32244183410601834,3,25,30,34,18.099999999999998
4718609002,0.0,2,25,30,35,17.799999999999997
4718609003,0.35841065266989114,2,25,30,34,17.699999999999996
4718609004,0.5008391413594407,5,25,30,34,18.9
4718609006,0.5525764478639209,5,24,30,34,18.599999999999998
4718609007,0.6984582981036322,5,24,30,34,18.599999999999998
4718609009,0.30300743461429513,2,25,29,35,17.6
4718609010,0.48026481396600695,3,25,29,35,18.0
4718609011,0.45853815632711376,2,24,30,35,17.5
4718610002,0.5585295446358866,3,24,29,35,17.700000000000003
4718610003,0.666260190857711,3,25,29,35,18.0
4718610004,0.7840156115464068,3,25,29,35,18.0
4718610005,0.49263518879500146,2,23,29,35,17.0
4718610007,0.9118981557156224,2,24,29,35,17.3
4718610008,1.0482106338174944,0,24,29,35,16.5
4718610009,0.49646831598643626,3,24,29,35,17.700000000000003
4718610010,0.32843357417778757,1,25,29,35,17.2
4718610011,0.7089194706052357,4,25,30,34,18.5
4718610013,0.5591220496676991,3,25,29,35,18.0
4718610014,0.7601148913316338,3,24,29,35,17.700000000000003
4718610015,0.6610427598848692,3,25,29,35,18.0
4718610016,0.3938187392931485,2,22,29,35,16.700000000000003
4718610017,0.4649224220290913,4,25,29,35,18.400000000000002
4718610018,0.2472811515319225,2,24,29,35,17.3
4718610019,0.43188333921881533,4,24,29,34,18.0
4718610020,0.5533338859308564,3,25,29,35,18.0
4718610021,0.2285125066209628,1,24,29,33,16.699999999999996
4718610022,0.0,2,24,29,33,17.099999999999998
4718610024,1.080329430737103,0,24,29,35,16.5
4718610025,0.5127540075798143,4,25,29,34,18.3
4718610026,0.4765367475159743,3,24,29,35,17.700000000000003
4718610027,0.8159678982286579,1,24,29,33,16.699999999999996
4718610028,0.633604296691495,2,24,29,33,17.099999999999998
4718610029,0.7777141933263805,2,24,29,33,17.099999999999998
4718610030,0.0,2,20,29,33,15.899999999999999
4718610031,0.3091079231844097,3,24,30,33,17.7
4718610032,0.7280054821003579,2,24,29,35,17.3
4718610033,0.6202429284951231,3,24,29,35,17.700000000000003
4718610034,0.0,2,24,29,35,17.3
4718610035,0.9582335234163191,1,24,29,35,16.9
4718610036,0.47092562334400656,3,24,29,35,17.700000000000003
4718610037,0.5407257292329898,2,24,29,33,17.099999999999998
4718610038,0.617481056222811,2,22,29,33,16.5
4718610039,0.9610547383772902,2,24,29,33,17.099999999999998
4718610040,0.6988643249638478,2,24,29,33,17.099999999999998
4718610041,0.573102560475948,2,24,29,33,17.099999999999998
4718610042,0.8820909707438158,1,24,29,34,16.799999999999997
4718610043,0.7668242076671156,1,24,29,33,16.699999999999996
4718610044,0.6770428414250313,1,22,29,34,16.2
4718610045,0.6588164079787022,1,22,29,34,16.2
4718610046,0.0,2,22,29,35,16.700000000000003
4718610047,0.40415616735959603,2,21,29,35,16.400000000000002
4718610048,1.0333472220992386,0,23,29,34,16.099999999999998
4718610049,0.4835743879663951,4,24,29,34,18.0
4718610050,0.7429146505686973,1,20,29,34,15.6
4718610051,0.5632854797629673,1,20,29,34,15.6
4718610052,0.31670006963304204,4,24,29,35,18.1
4718610053,1.0486668731616187,0,24,29,35,16.5
4718610054,0.5456038518772367,1,22,29,33,16.099999999999998
4718610055,0.677994715871081,4,24,29,34,18.0
4718610056,0.6524356177250796,2,24,29,35,17.3
4718611001,0.2228999378786822,3,25,30,34,18.099999999999998
4718611002,0.2512962501505942,3,25,30,34,18.099999999999998
4718611003,0.3878058368762388,4,25,30,34,18.5
4718611004,0.4266015643792597,4,25,30,34,18.5
4718611005,0.4821538025239178,4,25,30,34,18.5
4718611006,0.3989687487036213,3,25,30,34,18.099999999999998
4718611007,0.4624560613346844,4,24,30,34,18.2
4718611008,0.5429388114380015,3,25,30,34,18.099999999999998
4718611009,0.28206939413338283,4,24,30,34,18.2
4718611010,0.4867487857329588,4,24,30,34,18.2
4718611012,0.3697490810144516,3,24,30,33,17.7
4718611013,0.2994652420169657,3,24,30,33,17.7
4718611014,0.118797379072392,2,25,30,34,17.699999999999996
4718611015,0.0,2,24,30,34,17.4
4718611016,0.47095463724286896,3,25,30,34,18.099999999999998
4718611017,0.3681749450185712,4,25,30,34,18.5
4718611018,0.5213105837884142,2,22,30,33,16.7
4718611019,0.2943100848376916,3,25,30,33,18.0
4718611020,0.20197709164820393,3,24,30,33,17.7
4718611021,0.7505231089723347,1,19,29,33,15.2
4718611022,0.48785623557973296,3,25,30,33,18.0
4718611025,0.3870022922912075,3,25,30,33,18.0
4718611026,0.5072735464396094,3,24,30,33,17.7
4718611027,0.5565404635076115,3,22,30,33,17.1
4718611028,0.5568387233066566,3,25,30,34,18.099999999999998
4718611029,0.3798561725526926,3,25,30,34,18.099999999999998
4718611031,1.1946790544287915,0,16,30,33,14.100000000000001
4718611032,0.9394048751720839,1,17,30,33,14.8
4718611033,0.0,1,19,30,33,15.399999999999999
4718611034,0.44645376634157025,1,19,30,33,15.399999999999999
4718611035,0.4175616141980138,1,19,30,33,15.399999999999999
4718611036,0.5038476842496391,2,22,29,33,16.5
4718611037,1.4041541339554844,0,14,30,33,13.5
4718611038,0.5583787041823279,1,19,30,33,15.399999999999999
4718611039,1.2214433511455844,0,13,29,33,13.0
4718611040,0.0,2,24,30,33,17.3
4718611041,1.5904877042239793,0,13,29,33,13.0
4718611042,1.0286947595496132,0,22,30,33,15.9
4718611043,0.8521413061265682,1,18,29,33,14.9
4718612002,3.6480717176396844,0,5,28,34,10.499999999999998
4718612003,6.594431325103718,0,0,26,36,8.8
4718612004,3.131349414955134,0,7,29,35,11.4
4718701001,11.973631257339377,0,0,1,3,0.5
4718801001,15.013645624182626,0,0,0,7,0.7000000000000001
4718901001,9.440747211972582,0,0,1,6,0.8
4719001001,5.82285891164202,0,0,2,32,3.6
4719101001,7.157682411634238,0,0,2,33,3.7
4719201001,5.264225925379197,0,0,1,36,3.8
4719301001,8.35257096916193,0,0,19,36,7.4
4719401001,8.321737259288737,0,0,3,8,1.4
4719501001,7.132268244978176,0,0,3,33,3.9
4719601001,7.681844380827969,0,0,2,3,0.7
4719701001,11.318688499867317,0,0,1,3,0.5
4719801001,9.69518331834217,0,0,2,4,0.8
4719901001,8.278336549845688,0,0,1,4,0.6000000000000001
4720001001,22.61460892156211,0,0,0,3,0.30000000000000004
4720301001,4.917435015433054,0,1,2,5,1.2
4720401001,11.285260147262072,0,0,1,3,0.5
4720501001,17.94185232448748,0,0,0,3,0.30000000000000004
4720601001,24.54354181377265,0,0,0,3,0.30000000000000004
4720701001,18.659019088135864,0,0,0,2,0.2
4720801001,10.874456196078254,0,0,1,3,0.5
4720901001,18.105941110621874,0,0,0,4,0.4
4721001001,15.739532164778307,0,0,0,6,0.6000000000000001
4721101001,15.486542501373044,0,0,0,4,0.4
4721201001,9.137025156420796,0,0,1,31,3.3
4721301001,17.504694108957242,0,0,0,4,0.4
4721401001,0.0,1,1,2,4,1.5
4721501001,21.408720283877276,0,0,0,4,0.4
4721601001,6.907810500052893,0,0,4,34,4.2
4721701001,11.169796148108432,0,0,26,34,8.6
4721701002,7.958259806249285,0,0,28,33,8.9
4721801001,5.096347957287335,0,0,5,37,4.7
4721901001,7.1334319608372105,0,0,1,3,0.5
4722001001,11.662506520986451,0,0,1,3,0.5
4722101001,15.763869779023379,0,0,0,31,3.1
4722201001,8.693234097657077,0,0,1,3,0.5
4722301001,17.084203047024303,0,0,0,3,0.30000000000000004
4722401001,11.711513309684909,0,0,16,32,6.4
4722501001,15.135648090224164,0,0,0,31,3.1
4722601001,14.156127230371292,0,0,1,32,3.4
4722701001,17.7959871044597,0,0,0,2,0.2
4722801001,5.7276836607192125,0,0,2,6,1.0
4722901001,17.47484113717296,0,0,0,3,0.30000000000000004
4723001001,10.615012052003387,0,0,6,33,4.5
4723101001,5.251856550434558,0,0,29,33,9.1
4723101002,3.109932174321287,0,5,29,34,10.7
4723101003,4.322986097778629,0,5,29,35,10.799999999999999
4723101004,2.10372364718184,0,16,29,34,14.0
4723201001,7.833763624564661,0,0,1,7,0.9000000000000001
4900201001,13.223555363343282,0,0,1,4,0.6000000000000001
4900301001,0.0,1,1,1,1,1.0
4900401001,15.808553278848294,0,0,0,5,0.5
4900501001,10.939795735098514,0,0,1,2,0.4
4900601001,12.958962167974363,0,0,5,6,1.6
4900701001,13.590642378534728,0,0,3,6,1.2
4900801001,11.709776762976265,0,0,2,2,0.6
4900901001,12.634666848919894,0,0,5,6,1.6
4901001001,6.09402105761948,0,0,5,7,1.7
4901101001,7.175876031249272,0,0,1,4,0.6000000000000001
4901201001,14.269290611667824,0,0,1,1,0.3
4901301001,9.906535262869824,0,0,1,7,0.9000000000000001
4901401001,22.590819753558232,0,0,0,7,0.7000000000000001
4901501001,15.426070373911333,0,0,0,5,0.5
4901601001,20.85513394974162,0,0,0,7,0.7000000000000001
4901701001,11.714536355700929,0,0,1,2,0.4
4901801001,12.72637512549039,0,0,2,3,0.7
4901901001,8.03654796722804,0,0,1,2,0.4
4902001001,12.039206035640682,0,0,1,2,0.4
4902101001,1.9039645069018352,0,1,1,2,0.7
4902101002,0.217065923871803,1,1,1,2,1.1
4902101003,0.43036322131529037,1,1,1,2,1.1
4902101004,0.5072962081233777,1,1,1,2,1.1
4902101005,1.1051733419135699,0,1,1,2,0.7
4902101006,0.5441855574366787,1,1,1,2,1.1
4902101007,0.49772661603993595,1,1,1,2,1.1
4902102001,0.0,1,1,1,3,1.2
4902102002,0.9432278756728973,1,1,1,3,1.2
4902102003,0.3701508768057136,1,1,1,3,1.2
4902102004,2.1531711290951803,0,1,1,3,0.8
4902102005,1.9399665192676787,0,1,1,2,0.7
4902102006,2.8678361610442487,0,1,1,2,0.7
4902103001,0.2192833047574919,1,1,1,3,1.2
4902103002,0.5086743628856223,1,1,1,3,1.2
4902201001,15.508597950915252,0,0,0,7,0.7000000000000001
4902301001,0.0,1,1,1,2,1.1
4902401001,16.448818150177292,0,0,0,3,0.30000000000000004
4902501001,16.638024396714968,0,0,0,4,0.4
4902601001,15.787895063338736,0,0,0,3,0.30000000000000004
4902701001,6.050562198318132,0,0,1,4,0.6000000000000001
4902801001,12.182352270908673,0,0,1,4,0.6000000000000001
4902901001,14.428280532611838,0,0,1,3,0.5
4903001001,17.120316097752525,0,0,0,4,0.4
4903101001,21.804610971590527,0,0,0,8,0.8
4903201001,8.464011527827704,0,0,1,3,0.5
4903301001,0.0,1,1,1,4,1.3
4903401001,14.18605559989036,0,0,1,2,0.4
4903501001,10.87417225690515,0,0,1,3,0.5
4903601001,21.68347558724227,0,0,0,6,0.6000000000000001
4903701001,14.488382569518178,0,0,1,2,0.4
4903801001,14.418294976508527,0,0,2,7,1.1
4903901001,10.044166187088209,0,0,5,7,1.7
4904001001,16.781248938395,0,0,0,3,0.30000000000000004
4904101001,7.241787076579608,0,0,1,2,0.4
4904201001,16.264682861622557,0,0,0,7,0.7000000000000001
4904301001,18.491291656358978,0,0,0,3,0.30000000000000004
4904401001,11.072697242980812,0,0,5,7,1.7
4904601001,10.646340804401035,0,0,1,2,0.4
4904701001,19.49411139385945,0,0,0,7,0.7000000000000001
4904801001,15.740269548927566,0,0,0,2,0.2
4905001001,12.257972295881537,0,0,1,1,0.3
4905201001,16.73864284848581,0,0,0,4,0.4
4905301001,9.716739586430098,0,0,5,6,1.6
4905401001,19.91549675617361,0,0,0,7,0.7000000000000001
4905501001,7.981658936787983,0,0,1,2,0.4
4905601001,8.252173011115831,0,0,5,5,1.5
4905701001,8.754071648870465,0,0,1,3,0.5
4905801001,16.011373026698738,0,0,0,7,0.7000000000000001
4905901001,14.330936451517028,0,0,1,6,0.8
4906101001,7.526346919493005,0,0,5,6,1.6
4906201001,19.733164299835938,0,0,0,2,0.2
4906301001,10.351138677743771,0,0,1,3,0.5
4906401001,16.716107081376556,0,0,0,1,0.1
4906501001,26.606249370892378,0,0,0,1,0.1
4906601001,8.253338233221879,0,0,2,2,0.6
4906701001,18.830526637502107,0,0,0,3,0.30000000000000004
4906801001,7.948163168951297,0,0,1,3,0.5
4906901001,19.259517464750814,0,0,0,2,0.2
4907101001,15.858129496885006,0,0,0,2,0.2
4907501001,11.960272927399274,0,0,1,4,0.6000000000000001
4907601001,14.047681960687378,0,0,2,6,1.0
4907701001,10.125203688411835,0,0,1,7,0.9000000000000001
4907801001,13.125530295177448,0,0,1,3,0.5
4907901001,12.7698165465382,0,0,1,4,0.6000000000000001
4908001001,11.446567092577927,0,0,1,2,0.4
4908101001,5.335710371942923,0,0,1,1,0.3
4908102001,0.0,1,1,1,3,1.2
4908201001,9.480599970985237,0,0,1,2,0.4
4908301001,14.100987060874457,0,0,1,7,0.9000000000000001
4908401001,14.58337779108047,0,0,1,7,0.9000000000000001
4908501001,18.03290961739643,0,0,0,1,0.1
4908601001,15.383999765758368,0,0,0,7,0.7000000000000001
4908701001,17.5309093867731,0,0,0,2,0.2
4908801001,13.84106021136294,0,0,1,1,0.3
4909001001,14.390758044364953,0,0,3,7,1.2999999999999998
4909101001,20.464985608843673,0,0,0,3,0.30000000000000004
4909201001,9.004914886511779,0,0,1,5,0.7
4909301001,9.459292643884817,0,0,1,2,0.4
4909401001,24.392245598688874,0,0,0,1,0.1
4909501001,8.476357591610187,0,0,5,5,1.5
4909601001,15.837574614518767,0,0,0,7,0.7000000000000001
4909701001,9.509643358997877,0,0,1,2,0.4
4909801001,20.011571303273435,0,0,0,2,0.2
4909901001,14.747933212859179,0,0,1,2,0.4
4910001001,24.712616734432896,0,0,0,1,0.1
4910101001,9.300551261280898,0,0,1,1,0.3
4910201001,10.310545316972684,0,0,1,6,0.8
4910301001,12.097136844026812,0,0,5,7,1.7
4910401001,20.10580210738918,0,0,0,3,0.30000000000000004
4910501001,15.005155327235494,0,0,0,4,0.4
4910701001,17.91576172055249,0,0,0,7,0.7000000000000001
4910801001,24.443519896424768,0,0,0,8,0.8
4910901001,7.425851494825469,0,0,1,3,0.5
4911001001,12.404005892523944,0,0,1,1,0.3
4911101001,20.38851268586631,0,0,0,6,0.6000000000000001
4911201001,21.005752909912957,0,0,0,3,0.30000000000000004
4911301001,11.967085100240459,0,0,1,3,0.5
4911401001,11.822984923280853,0,0,1,7,0.9000000000000001
4911501001,22.341099866400906,0,0,0,6,0.6000000000000001
4911601001,6.621750214845902,0,0,2,2,0.6
4911701001,12.46858408538169,0,0,1,3,0.5
4911801001,10.267379009930853,0,0,1,4,0.6000000000000001
4911901001,9.858209231514826,0,0,5,6,1.6
4912001001,14.879365838277714,0,0,1,2,0.4
4912101001,22.530245238241097,0,0,0,3,0.30000000000000004
4912201001,5.62565297202289,0,0,5,6,1.6
4912301001,16.127768935687904,0,0,0,6,0.6000000000000001
4912401001,10.556543298397871,0,0,1,6,0.8
4912501001,9.800580765815445,0,0,5,7,1.7
4912601001,5.690637616005722,0,0,1,2,0.4
4912701001,6.980523061556819,0,0,5,7,1.7
4912701002,7.47417149124047,0,0,5,7,1.7
4912801001,10.884585154738428,0,0,1,4,0.6000000000000001
4912901001,7.785870226431196,0,0,1,3,0.5
4913001001,12.879884608851915,0,0,2,3,0.7
4913101001,15.527882316280602,0,0,0,2,0.2
4913201001,12.401111948316796,0,0,5,5,1.5
4913301001,13.659255574127602,0,0,1,3,0.5
4913401001,13.453243769084576,0,0,1,3,0.5
4913501001,20.601080776168686,0,0,0,6,0.6000000000000001
4913601001,11.624670425143837,0,0,1,1,0.3
4913701001,12.765123765120086,0,0,1,3,0.5
4913801001,12.273412955452844,0,0,1,1,0.3
4913901001,14.548447863172468,0,0,1,3,0.5
4914101001,21.753418056831038,0,0,0,7,0.7000000000000001
4914201001,15.823635888645057,0,0,0,6,0.6000000000000001
4914301001,6.068557986324101,0,0,1,1,0.3
4914501001,8.011398955562195,0,0,1,1,0.3
4914601001,13.772897804638777,0,0,1,6,0.8
4914701001,7.944338798903831,0,0,1,7,0.9000000000000001
4914801001,13.67379307098082,0,0,5,7,1.7
4914901001,17.649645466120678,0,0,0,7,0.7000000000000001
4915001001,16.013482943360483,0,0,0,3,0.30000000000000004
4915101001,10.45357106949009,0,0,5,6,1.6
4915201001,15.981045266332737,0,0,0,6,0.6000000000000001
4915301001,17.529109602919412,0,0,0,6,0.6000000000000001
4915401001,32.44110780832574,0,0,0,0,0.0
4915501001,17.498722354074054,0,0,0,6,0.6000000000000001
4915601001,11.50227338412596,0,0,1,2,0.4
4915701001,23.997363523578645,0,0,0,2,0.2
4915801001,16.8104119950738,0,0,0,7,0.7000000000000001
4915901001,12.03283911614676,0,0,1,5,0.7
4916001001,17.959043470199752,0,0,0,7,0.7000000000000001
4916201001,26.25780424377878,0,0,0,2,0.2
4916301001,9.050944106546861,0,0,1,7,0.9000000000000001
4916401001,10.250089015674403,0,0,1,2,0.4
4916501001,11.645047197966361,0,0,1,2,0.4
4916601001,0.0,1,1,1,1,1.0
4916701001,9.516460992464015,0,0,2,3,0.7
4916801001,7.098212620402737,0,0,1,1,0.3
4916901001,9.102802184372539,0,0,1,2,0.4
4917001001,14.41370881939006,0,0,2,4,0.8
4917101001,11.965636820608378,0,0,1,3,0.5
4917201001,8.889966200019616,0,0,1,2,0.4
4917301001,6.621446368102411,0,0,1,1,0.3
4917401001,14.659723088919234,0,0,1,1,0.3
4917501001,13.50978551087584,0,0,1,2,0.4
4917601001,15.735259524728901,0,0,0,3,0.30000000000000004
4917701001,18.079037522173476,0,0,0,3,0.30000000000000004
4917801001,4.419303764078285,0,1,5,5,1.7999999999999998
4917901001,8.231515541265953,0,0,1,1,0.3
4918001001,13.226335299203273,0,0,1,2,0.4
4918101001,15.793967357220383,0,0,0,2,0.2
4918301001,16.162858988799428,0,0,0,2,0.2
4918401001,17.26200971257347,0,0,0,2,0.2
4918501001,13.0502752909742,0,0,1,2,0.4
4918601001,22.1826975765196,0,0,0,6,0.6000000000000001
4918701001,6.520637862177633,0,0,1,2,0.4
4918801001,12.297652385423644,0,0,1,2,0.4
4918901001,18.527773755818604,0,0,0,2,0.2
4919001001,7.798929989419467,0,0,1,2,0.4
4919101001,12.313531152876067,0,0,1,7,0.9000000000000001
4919201001,15.037130490271347,0,0,0,3,0.30000000000000004
4919301001,9.13908214025068,0,0,1,3,0.5
4919401001,17.29573659646478,0,0,0,7,0.7000000000000001
4919701001,18.056476884895286,0,0,0,6,0.6000000000000001
4919901001,5.058183790323824,0,0,1,4,0.6000000000000001
4920001001,5.46764768608176,0,0,1,3,0.5
4920101001,5.950281541110612,0,0,2,3,0.7
4920201001,18.984804591758138,0,0,0,6,0.6000000000000001
4920301001,14.268841144633058,0,0,1,4,0.6000000000000001
4920401001,10.753727308822803,0,0,2,3,0.7
4920501001,8.315857091931704,0,0,1,3,0.5
4920601001,7.350041398730424,0,0,1,5,0.7
4920701001,15.696795056962378,0,0,0,3,0.30000000000000004
4920801001,15.338775641206952,0,0,0,3,0.30000000000000004
4920901001,9.482035250088131,0,0,1,1,0.3
4921001001,16.054517566525195,0,0,0,7,0.7000000000000001
4921401001,0.0,1,1,1,2,1.1
4921601001,8.580207636918875,0,0,1,2,0.4
4921901001,0.661766655118964,1,1,1,7,1.6
4921901002,0.4703913542064938,1,1,1,6,1.5
4921901003,0.0,1,1,1,4,1.3
4921902001,0.8642815796606746,1,1,1,7,1.6
4921902002,1.413681807150697,0,1,1,6,1.1
4921902003,9.124697116961684,0,0,1,6,0.8
4921902004,1.124937339710863,0,1,1,6,1.1
4921903001,7.743695133198799,0,0,1,6,0.8
4922001001,10.293747719918384,0,0,1,5,0.7
4922101001,18.15766897339177,0,0,0,2,0.2
4922201001,13.788893339120227,0,0,3,6,1.2
4922301001,12.968977542940872,0,0,1,1,0.3
4922401001,16.8944836622738,0,0,0,1,0.1
4922501001,13.316922268228865,0,0,2,3,0.7
4922601001,17.1453088558143,0,0,0,3,0.30000000000000004
4922701001,3.441612655463687,0,5,5,5,3.0
4922801001,11.851455115603763,0,0,1,7,0.9000000000000001
4922901001,13.022229254005286,0,0,1,3,0.5
4923001001,19.076572482592145,0,0,0,3,0.30000000000000004
4923101001,10.176626460659879,0,0,1,3,0.5
4923201001,17.258276101830365,0,0,0,2,0.2
4923301001,17.528227902282442,0,0,0,2,0.2
4923401001,17.24111551988988,0,0,0,7,0.7000000000000001
4923501001,16.948678350977058,0,0,0,2,0.2
4923601001,12.099056862656289,0,0,1,2,0.4
4923701001,25.26317355822037,0,0,0,8,0.8
4923801001,7.119672606647985,0,0,1,2,0.4
4923901001,15.858343762810074,0,0,0,3,0.30000000000000004
4924001001,20.8969334887118,0,0,0,2,0.2
4924101001,6.380868590143605,0,0,1,1,0.3
4924201001,16.146564498423775,0,0,0,2,0.2
4924301001,14.913552726012004,0,0,1,5,0.7
4924401001,12.785951514909975,0,0,1,4,0.6000000000000001
4924501001,12.557837497553983,0,0,5,6,1.6
4924601001,18.668516746058824,0,0,0,6,0.6000000000000001
4924701001,18.14742134035883,0,0,0,6,0.6000000000000001
4924801001,15.110918526684353,0,0,0,2,0.2
4924901001,10.764789421323455,0,0,1,4,0.6000000000000001
4925001001,0.0,1,1,1,2,1.1
4925101001,17.00951587573275,0,0,0,7,0.7000000000000001
4925201001,9.613144260015268,0,0,1,2,0.4
4925501001,5.008548029072562,0,0,1,1,0.3
4925601001,9.64641938141948,0,0,1,3,0.5
4925701001,5.309437618996461,0,0,1,2,0.4
4925801001,17.273772919873554,0,0,0,7,0.7000000000000001
4925901001,8.840003546983496,0,0,2,3,0.7
4926001001,17.80791150347565,0,0,0,2,0.2
4926101001,5.170661992356505,0,0,5,6,1.6
4926201001,24.00838722238266,0,0,0,4,0.4
4926301001,12.394680993295063,0,0,1,2,0.4
4926401001,17.10387445146207,0,0,0,1,0.1
4926501001,21.584520979461548,0,0,0,2,0.2
4926601001,6.349309186459648,0,0,1,2,0.4
4926701001,6.260131180395827,0,0,1,4,0.6000000000000001
4926801001,21.0157051861452,0,0,0,3,0.30000000000000004
4926901001,14.234427417641975,0,0,1,6,0.8
4927001001,7.477182545746374,0,0,1,2,0.4
4927101001,10.770892731169823,0,0,1,3,0.5
4927201001,15.74270829365208,0,0,0,3,0.30000000000000004
4927301001,12.414550423703448,0,0,1,2,0.4
4927501001,0.0,2,5,5,5,3.8
4927501002,0.24604722625137754,3,5,5,5,4.2
4927501003,0.0,2,5,5,5,3.8
4927501004,0.34797150926015197,3,5,5,6,4.3
4927501005,0.30627529159596856,2,5,5,6,3.9
4927501006,0.7507323191893934,1,5,5,6,3.5
4927501007,0.6514213818292515,4,5,5,6,4.699999999999999
4927501008,0.4894476113816182,4,5,5,6,4.699999999999999
4927501009,0.699403483254979,4,5,5,6,4.699999999999999
4927501010,0.3865876511899159,3,5,5,5,4.2
4927501011,0.5064216392089048,4,5,5,6,4.699999999999999
4927501012,0.0,2,5,5,6,3.9
4927501013,0.688378377822234,4,5,5,6,4.699999999999999
4927501014,0.28473018013532725,1,5,5,6,3.5
4927501015,0.3426931142805018,2,5,5,6,3.9
4927502001,0.22952913262790678,2,5,5,6,3.9
4927502002,0.4086440073570695,2,5,5,5,3.8
4927502003,0.6605583207237453,2,5,5,6,3.9
4927502004,0.35878006881227753,2,5,5,6,3.9
4927502005,0.6133391658435465,4,5,5,6,4.699999999999999
4927502006,0.4186285167436681,3,5,5,6,4.3
4927502007,0.336220572772433,2,5,5,6,3.9
4927502008,0.340513580692719,2,5,5,6,3.9
4927502009,0.5253980902763364,3,5,5,6,4.3
4927502010,0.0,2,5,5,6,3.9
4927502011,0.7049255003308025,2,5,5,6,3.9
4927502012,0.6760828654402762,3,5,5,6,4.3
4927502013,0.44142919809838765,2,5,5,6,3.9
4927502014,0.29738820128356486,2,5,5,6,3.9
4927502015,0.4197541544118584,1,5,5,6,3.5
4927502016,0.9216744642817454,2,5,5,6,3.9
4927502017,4.200119927309805,0,2,5,6,2.1999999999999997
4927503001,0.9011359305721148,1,5,5,6,3.5
4927503002,1.2598054991275698,0,5,5,5,3.0
4927503003,4.102776073827409,0,3,5,6,2.5
4927503004,2.3667188498419214,0,5,5,6,3.1
4927504001,0.29405627978727467,2,5,5,5,3.8
4927504002,0.7424494570492473,1,5,5,5,3.4
4927504003,0.5420458206675138,2,5,5,5,3.8
4927504004,9.152313710171681,0,0,5,6,1.6
4927504005,0.4149831699593355,2,5,5,5,3.8
4927505001,0.6550941714145101,3,5,5,5,4.2
4927505003,0.4902032351875591,3,5,5,5,4.2
4927505004,1.2451164175110991,0,5,5,5,3.0
4927505005,0.479513261437471,3,5,5,5,4.2
4927505006,1.6214275424078972,0,5,5,6,3.1
4927505007,0.0,1,5,5,5,3.4
4927505008,0.3470003391946852,2,5,5,5,3.8
4927505009,0.8454627441496452,1,5,5,5,3.4
2408907009,0.3791701262765047,4,13,15,18,10.299999999999999
2416301001,5.661155325038442,0,0,15,19,4.9
2416301004,3.8604127292944814,0,3,15,19,5.8
2417901001,8.271427975646569,0,0,2,4,0.8
2419301001,8.976764772413139,0,0,2,14,1.8000000000000003
2401901001,6.007941478596892,0,0,3,11,1.7
2416901003,6.119055278742383,0,0,3,12,1.7999999999999998
2408201001,4.522135700922754,0,1,2,15,2.2
2402601001,10.741333599813622,0,0,2,18,2.2
2401401005,1.7866798526485643,0,1,3,10,1.9
2401401002,1.4228733878092583,0,1,3,10,1.9
2417001002,6.86591029748014,0,0,2,8,1.2000000000000002
2401401006,4.291800294496411,0,1,3,10,1.9
2404901001,5.437152452138053,0,0,7,10,2.4000000000000004
2403001004,5.264498850059941,0,0,7,11,2.5
2403001002,3.6320311885480656,0,1,7,11,2.8
2403401002,4.32798790978773,0,1,7,11,2.8
2406101001,13.335789147635557,0,0,5,17,2.7
2407601001,11.333052633032894,0,0,3,19,2.5
2410901001,10.038960349662442,0,0,1,6,0.8
2411001001,14.270174178618706,0,0,2,6,1.0
2410001001,10.873589945921895,0,0,5,10,2.0
2411504001,2.5588385564461738,0,4,5,12,3.4
2403401003,6.552967799151962,0,0,7,12,2.6
2403401001,4.396553925664889,0,1,6,11,2.6
2411505007,4.016071958202795,0,3,6,12,3.3
0501906006,1.0763533717257108,0,4,4,7,2.7
2405701001,8.169852545066558,0,0,6,11,2.3
2411501006,3.057937040502825,0,2,7,12,3.2
2408906005,0.3002242416348696,1,12,15,18,8.8
2408906004,0.21142493679164304,1,12,15,18,8.8
2408906006,0.0,1,12,15,18,8.8
2408906010,0.2511418358092725,1,12,15,18,8.8
2408906003,0.6687613981750581,1,12,15,18,8.8
2408906007,1.1191993271245675,0,12,15,18,8.4
2408906011,0.8160118154317583,1,12,15,18,8.8
2420101001,14.191914704151484,0,0,1,18,2.0
2408908002,2.511902926256466,0,9,15,18,7.499999999999999
2417501001,7.0174470482551845,0,0,16,17,4.8999999999999995
4718607022,2.539560566948512,0,15,29,34,13.7
4718608036,1.6497464606374634,0,19,30,35,15.2
4202501001,0.0,1,1,1,1,1.0
4202501002,12.067162592235967,0,0,1,1,0.3
4718610001,0.9974199415471547,1,20,29,35,15.7
2416501001,11.073895673132204,0,0,3,8,1.4
2420901001,0.0,1,1,2,10,2.1
2420901002,10.084193182204604,0,0,3,9,1.5
2405901001,5.326929369728486,0,0,2,9,1.3
4718612001,13.269021339504567,0,0,10,33,5.300000000000001
4718610006,1.0428291487925403,0,22,29,35,15.899999999999999
2401101001,14.554855333969549,0,0,1,3,0.5
2417101001,6.720968011285614,0,0,1,10,1.2
2403801001,0.0,1,1,6,11,3.0
2420601001,4.051919822240658,0,1,6,10,2.5
2416201001,5.153873408865861,0,0,15,19,4.9
2418901004,0.6687848599560278,1,5,15,19,6.800000000000001
0501401001,0.0,1,1,2,5,1.6
0501401002,2.06895031714331,0,1,2,4,1.0999999999999999
3408001002,3.567882983603011,0,1,1,5,1.0
3419901001,13.2440436806728,0,0,1,4,0.6000000000000001
3704601001,0.7447829293513905,1,1,1,4,1.3
3727405005,0.601662120730082,4,11,11,12,8.299999999999999
3729401010,1.3010742816033711,0,11,11,12,6.699999999999999
2408906009,0.4383620520324552,1,12,15,18,8.8
2408906017,0.8880342730864809,1,12,15,18,8.8
