CUSEC;dist_min_ceas_km;disp_ponderada_ceas;dist_min_especializada_km;disp_ponderada_especializada;dist_min_primaria_km;disp_ponderada_primaria;dist_min_INFANTIL_Y_PRIMARIA_km;disp_ponderada_INFANTIL_Y_PRIMARIA;dist_min_ADULTOS_E_IDIOMAS_km;disp_ponderada_ADULTOS_E_IDIOMAS;dist_min_SECUNDARIA_Y_BACHILLERATO_km;disp_ponderada_SECUNDARIA_Y_BACHILLERATO;dist_min_EDUCACIÓN_ESPECIAL_km;disp_ponderada_EDUCACIÓN_ESPECIAL;dist_min_FORMACIÓN_PROFESIONAL_km;disp_ponderada_FORMACIÓN_PROFESIONAL;dist_min_BUS_km;disp_ponderada_BUS;dist_min_RAIL_km;disp_ponderada_RAIL;n_lineas_bus;n_lineas_rail;n_lineas_total;dist_min_INCLUSIÓN_SOCIAL_km;disp_ponderada_INCLUSIÓN_SOCIAL;dist_min_POBLACIÓN_GENERAL_km;disp_ponderada_POBLACIÓN_GENERAL;dist_min_TOXICOMANÍAS_Y_ADICCIONES_km;disp_ponderada_TOXICOMANÍAS_Y_ADICCIONES;dist_min_PERSONAS_CON_DISCAPACIDAD_km;disp_ponderada_PERSONAS_CON_DISCAPACIDAD;dist_min_FAMILIA_km;disp_ponderada_FAMILIA;dist_min_MUJER_km;disp_ponderada_MUJER;dist_min_INFANCIA_Y_JUVENTUD_km;disp_ponderada_INFANCIA_Y_JUVENTUD;dist_min_VOLUNTARIADO_km;disp_ponderada_VOLUNTARIADO;dist_min_PERSONAS_MAYORES_km;disp_ponderada_PERSONAS_MAYORES
0500101001;5,689;0,500;27,566;0,100;12,416;0,800;5,689;2,958;15,854;0,200;12,416;1,040;34,061;0,000;27,948;0,120;24,678;1,100;12,416;0,500;0;0;0;27,566;0,100;31,589;0,000;32,936;0,000;32,936;0,000;32,936;0,000;18,017;0,100;32,936;0,000;32,936;0,000;17,898;0,200
0500201001;6,278;1,200;36,403;0,000;6,210;0,700;0,000;4,368;6,278;0,400;0,000;2,310;40,337;0,000;36,877;0,000;35,680;0,000;35,595;0,000;0;0;0;16,090;0,100;41,964;0,000;13,620;0,300;41,964;0,000;41,964;0,000;41,964;0,000;41,964;0,000;41,964;0,000;6,278;0,700
0500201002;0,000;2,100;34,804;0,000;4,415;1,400;4,415;4,396;8,490;0,400;4,415;1,890;33,990;0,000;33,990;0,000;29,510;0,200;29,030;0,100;0;0;0;13,292;0,300;35,691;0,000;7,589;0,300;35,691;0,000;35,691;0,000;35,691;0,000;35,691;0,000;35,691;0,000;8,490;0,800
0500501001;7,867;1,000;24,921;0,300;4,690;1,800;4,690;5,450;25,573;0,400;11,828;1,378;27,353;0,156;23,717;0,220;4,690;5,700;4,690;1,700;0;0;0;24,921;0,200;25,150;0,100;25,150;0,100;25,150;0,100;25,150;0,100;9,933;0,400;25,150;0,100;25,150;0,100;11,828;0,600
0500701001;7,358;0,900;29,082;0,100;7,358;0,900;7,401;2,894;7,358;0,400;7,358;1,326;66,221;0,000;28,538;0,130;19,250;1,200;60,063;0,000;0;0;0;9,205;0,400;67,102;0,000;63,813;0,000;9,205;0,300;67,102;0,000;9,205;0,300;66,279;0,000;67,102;0,000;26,544;0,100
0500801001;8,006;0,600;28,317;0,100;9,068;0,900;6,010;3,192;7,485;0,400;7,485;1,196;45,589;0,000;28,658;0,250;24,868;0,500;9,068;0,600;0;0;0;40,393;0,000;34,847;0,000;43,753;0,000;43,753;0,000;34,847;0,000;15,633;0,100;43,753;0,000;43,753;0,000;0,000;1,700
0501001001;8,040;0,800;31,381;0,000;8,040;0,800;6,069;2,178;11,395;0,300;8,040;1,066;62,556;0,000;30,851;0,000;18,374;1,000;55,016;0,000;0;0;0;12,980;0,300;63,559;0,000;61,143;0,000;12,980;0,300;63,559;0,000;12,980;0,300;62,455;0,000;63,559;0,000;25,374;0,100
0501201001;4,054;0,800;32,241;0,000;4,054;1,200;4,054;2,828;31,791;0,000;26,304;0,156;32,995;0,000;26,803;0,120;25,707;0,600;28,947;0,100;0;0;0;31,803;0,000;31,803;0,000;31,803;0,000;31,803;0,000;31,803;0,000;31,803;0,000;31,803;0,000;31,803;0,000;4,260;0,800
0501301001;7,610;1,200;5,715;0,300;5,715;1,200;0,000;3,474;5,715;0,300;7,610;0,520;53,008;0,000;7,610;0,390;46,595;0,000;53,974;0,000;0;0;0;39,246;0,000;53,188;0,000;37,198;0,000;39,246;0,000;53,188;0,000;39,246;0,000;53,188;0,000;53,188;0,000;8,578;0,700
0501401001;0,000;1,600;1,897;0,600;1,897;1,400;0,000;3,848;1,897;0,600;0,000;1,690;59,153;0,000;0,000;1,300;52,800;0,000;60,190;0,000;0;0;0;41,472;0,000;59,505;0,000;40,819;0,000;41,472;0,000;59,505;0,000;41,472;0,000;59,505;0,000;59,505;0,000;15,919;0,300
0501401002;2,069;1,100;3,090;0,600;3,090;1,400;2,069;3,084;3,090;0,600;2,069;1,170;60,614;0,000;2,069;0,780;52,150;0,000;61,629;0,000;0;0;0;39,740;0,000;60,911;0,000;42,732;0,000;39,740;0,000;60,911;0,000;39,740;0,000;60,911;0,000;60,911;0,000;16,023;0,200
0501402001;2,276;1,400;1,685;0,600;1,685;1,600;2,276;3,424;1,685;0,600;2,276;1,170;58,739;0,000;2,276;0,780;51,356;0,000;59,743;0,000;0;0;0;39,394;0,000;59,008;0,000;41,325;0,000;39,394;0,000;59,008;0,000;39,394;0,000;59,008;0,000;59,008;0,000;14,075;0,500
0501402002;1,897;1,400;0,000;1,000;0,000;2,000;1,897;3,312;0,000;1,000;1,897;0,910;57,552;0,000;1,897;0,780;51,181;0,000;58,573;0,000;0;0;0;40,860;0,000;57,867;0,000;39,755;0,000;40,860;0,000;57,867;0,000;40,860;0,000;57,867;0,000;57,867;0,000;14,079;0,500
0501403001;4,887;1,100;6,649;0,300;6,649;0,900;4,238;3,044;6,649;0,300;4,887;1,170;64,012;0,000;4,887;0,780;54,429;0,000;65,055;0,000;0;0;0;41,301;0,000;64,379;0,000;45,145;0,000;41,301;0,000;64,379;0,000;41,301;0,000;64,379;0,000;64,379;0,000;15,099;0,200
0501501001;13,235;0,600;40,525;0,000;13,235;0,700;9,579;2,238;27,419;0,200;13,235;1,040;46,752;0,000;40,115;0,000;21,737;1,300;36,369;0,000;0;0;0;29,056;0,100;48,166;0,000;45,183;0,000;29,056;0,100;48,166;0,000;29,056;0,100;46,092;0,000;47,975;0,000;24,077;0,200
0501601001;0,000;1,300;27,357;0,100;6,637;1,200;3,161;4,260;3,161;0,800;3,161;2,106;49,134;0,000;20,653;0,250;32,503;0,000;6,637;0,400;0;0;0;43,324;0,000;33,857;0,000;47,511;0,000;47,511;0,000;33,857;0,000;21,371;0,100;47,511;0,000;47,511;0,000;3,609;1,000
0501602001;3,609;1,000;28,637;0,100;5,579;1,100;2,912;4,488;2,912;0,700;2,912;1,846;46,461;0,000;24,083;0,250;28,901;0,100;5,579;0,400;0;0;0;40,843;0,000;35,203;0,000;44,763;0,000;44,763;0,000;35,203;0,000;17,960;0,100;44,763;0,000;44,763;0,000;0,000;1,700
0501602002;3,161;0,900;30,305;0,000;3,519;1,300;0,000;4,986;0,000;1,100;0,000;2,756;46,021;0,000;21,934;0,120;30,744;0,000;3,519;0,600;0;0;0;40,180;0,000;36,834;0,000;44,418;0,000;44,418;0,000;36,834;0,000;18,798;0,100;44,418;0,000;44,418;0,000;2,912;1,000
0501602003;4,003;1,000;29,854;0,100;4,340;1,200;2,151;4,372;2,151;0,700;2,151;2,236;45,466;0,000;23,945;0,120;28,817;0,100;4,340;0,700;0;0;0;39,789;0,000;36,417;0,000;43,794;0,000;43,794;0,000;36,417;0,000;17,368;0,100;43,794;0,000;43,794;0,000;1,260;1,000
0501602004;6,395;0,600;32,785;0,000;2,253;1,400;0,000;5,422;3,391;0,700;2,253;2,106;42,751;0,000;24,723;0,120;27,978;0,400;2,253;0,800;0;0;0;36,991;0,000;39,349;0,000;41,118;0,000;41,118;0,000;39,349;0,000;15,515;0,100;41,118;0,000;41,118;0,000;4,154;1,000
0501602005;6,637;0,600;33,799;0,000;0,000;1,800;0,000;4,898;3,519;0,700;0,000;2,626;42,809;0,000;23,089;0,120;29,363;0,300;0,000;1,200;0;15;15;36,869;0,000;40,336;0,000;41,259;0,000;41,259;0,000;40,336;0,000;16,814;0,100;41,259;0,000;41,259;0,000;5,579;0,700
0501701001;14,390;0,900;18,151;0,300;3,277;1,500;3,277;5,252;18,505;0,200;17,945;0,806;20,285;0,156;16,846;0,220;0,000;6,900;3,277;1,600;2;0;2;18,082;0,200;18,082;0,200;18,082;0,100;18,082;0,100;18,082;0,100;13,216;0,400;18,082;0,100;18,082;0,100;18,082;0,300
0501801001;10,011;0,700;31,448;0,000;10,011;0,700;8,727;2,122;11,094;0,300;10,011;0,936;66,036;0,000;31,992;0,000;21,147;0,700;57,725;0,000;0;0;0;12,921;0,300;65,343;0,000;60,286;0,000;12,921;0,300;65,343;0,000;12,921;0,300;65,343;0,000;65,343;0,000;23,306;0,100
0501901001;0,000;3,500;1,052;1,500;0,613;3,900;0,463;15,070;0,463;1,600;0,411;3,900;2,224;0,936;2,224;0,960;0,000;26,800;1,515;1,500;2;0;2;0,000;1,300;0,000;1,300;0,000;1,100;0,000;1,000;0,000;1,000;0,000;1,100;0,000;1,000;0,000;1,000;0,000;1,200
0501901002;4,889;1,800;6,986;0,900;6,334;2,100;0,000;9,336;6,338;0,600;5,862;1,690;8,163;0,468;5,572;0,660;0,000;13,700;4,997;1,800;6;0;6;5,939;0,600;5,939;0,400;5,939;0,300;5,939;0,300;5,939;0,300;5,939;0,400;5,939;0,300;5,939;0,300;5,939;0,400
0501902001;0,503;3,500;0,705;1,900;0,243;3,900;0,243;16,574;0,493;1,600;0,550;4,940;1,798;0,936;1,798;0,960;0,000;29,100;1,019;1,800;8;0;8;0,503;1,300;0,503;1,300;0,503;1,100;0,503;1,000;0,503;1,000;0,503;1,100;0,503;1,000;0,503;1,000;0,503;1,200
0501902002;0,985;3,100;0,468;2,300;0,468;4,700;0,000;17,154;0,950;2,000;0,000;4,940;1,427;0,936;1,427;0,960;0,000;29,000;0,468;2,400;6;0;6;1,061;0,900;1,061;0,900;1,061;0,700;1,061;0,600;1,061;0,600;1,061;0,700;1,061;0,600;1,061;0,600;1,061;0,800
0501903001;0,411;3,000;1,245;1,500;0,474;3,900;0,474;15,070;0,806;1,600;0,000;3,900;2,342;0,936;2,342;0,960;0,000;26,400;1,394;1,500;7;0;7;0,411;1,300;0,411;1,300;0,411;1,100;0,411;1,000;0,411;1,000;0,411;1,100;0,411;1,000;0,411;1,000;0,411;1,200
0501903002;0,000;2,500;3,580;1,500;4,331;2,500;0,000;12,096;4,891;0,900;4,086;2,470;6,020;0,468;6,020;0,660;0,000;19,900;4,678;1,600;4;0;4;3,580;1,200;4,459;0,900;4,459;0,600;4,459;0,600;4,459;0,600;4,459;0,700;4,459;0,600;4,459;0,600;4,459;0,700
0501904001;6,126;1,600;6,406;0,900;5,896;2,000;2,583;7,836;6,438;0,700;6,126;1,790;6,428;0,468;5,193;0,660;0,000;13,000;7,392;1,000;4;0;4;6,794;0,600;6,794;0,400;6,794;0,400;6,794;0,300;6,794;0,300;6,794;0,300;6,794;0,300;6,794;0,300;6,794;0,600
0501904002;0,367;3,900;0,665;1,900;0,726;3,900;0,000;15,614;0,000;1,600;0,665;5,460;1,851;0,936;1,851;0,960;0,000;27,600;1,416;1,500;4;0;4;0,463;1,300;0,463;1,300;0,463;1,100;0,463;1,000;0,463;1,000;0,463;1,100;0,463;1,000;0,463;1,000;0,463;1,200
0501904003;0,294;3,700;0,775;1,900;0,983;4,000;0,142;14,396;0,303;1,600;0,775;4,420;1,910;0,936;1,910;1,320;0,142;25,300;1,669;1,500;0;0;0;0,680;1,300;0,680;1,300;0,680;1,100;0,680;1,000;0,680;1,000;0,680;1,100;0,680;1,000;0,680;1,000;0,680;1,200
0501904004;0,000;3,700;0,504;1,900;0,708;4,400;0,211;14,876;0,367;1,600;0,504;4,420;1,616;0,936;1,616;0,960;0,000;26,400;1,476;1,800;2;0;2;0,829;1,300;0,829;1,300;0,829;1,100;0,829;1,000;0,829;1,000;0,829;1,100;0,829;1,000;0,829;1,000;0,829;1,200
0501904005;0,315;3,300;0,000;1,900;0,571;4,400;0,000;15,276;0,665;1,600;0,000;4,940;1,187;0,936;1,187;0,960;0,000;27,700;1,041;2,000;6;0;6;1,052;0,900;1,052;0,900;1,052;0,700;1,052;0,600;1,052;0,600;1,052;0,700;1,052;0,600;1,052;0,600;1,052;0,800
0501904006;0,370;3,900;0,313;1,900;0,680;4,300;0,000;15,614;0,370;1,600;0,313;5,460;1,496;0,936;1,496;0,960;0,000;28,900;1,119;2,000;1;0;1;0,740;1,300;0,740;1,300;0,740;1,100;0,740;1,000;0,740;1,000;0,740;1,100;0,740;1,000;0,740;1,000;0,740;1,200
0501904008;0,256;3,300;0,571;1,900;0,000;4,000;0,571;13,916;1,045;1,200;0,256;4,420;1,031;0,936;1,031;0,960;0,000;24,900;1,497;2,000;4;0;4;1,499;0,900;1,499;0,900;1,499;0,700;1,499;0,600;1,499;0,600;1,499;0,600;1,499;0,600;1,499;0,600;1,499;0,800
0501904009;0,211;3,700;0,715;1,900;0,855;4,000;0,000;14,396;0,391;1,600;0,715;4,420;1,809;0,936;1,809;1,320;0,000;25,300;1,668;1,500;3;0;3;0,809;1,300;0,809;1,300;0,809;1,100;0,809;1,000;0,809;1,000;0,809;1,100;0,809;1,000;0,809;1,000;0,809;1,200
0501904010;0,000;3,300;0,315;1,900;0,256;4,000;0,315;14,796;0,853;1,600;0,000;4,940;1,061;0,936;1,061;0,960;0,000;26,500;1,278;2,000;3;0;3;1,290;0,900;1,290;0,900;1,290;0,700;1,290;0,600;1,290;0,600;1,290;0,700;1,290;0,600;1,290;0,600;1,290;0,800
0501904011;1,061;2,500;1,187;1,500;0,000;4,500;0,000;13,632;0,863;1,600;1,061;3,640;0,000;1,560;0,000;1,360;0,000;23,000;1,348;2,100;5;0;5;2,224;0,900;2,224;0,900;2,224;0,700;2,224;0,600;2,224;0,600;2,224;0,600;2,224;0,600;2,224;0,600;2,224;0,800
0501904012;3,490;2,400;3,721;1,500;2,618;3,600;2,618;11,848;3,302;1,300;3,490;3,840;2,618;0,936;2,618;0,960;0,000;21,800;3,657;2,100;2;0;2;4,769;0,900;4,769;0,900;4,769;0,700;4,769;0,600;4,769;0,600;4,769;0,600;4,769;0,600;4,769;0,600;4,769;0,800
0501904013;5,482;1,700;5,793;0,900;5,228;2,000;4,174;7,976;6,028;0,700;5,482;1,920;5,459;0,468;5,459;0,660;0,000;13,400;6,645;1,200;2;0;2;6,456;0,600;6,456;0,400;6,456;0,400;6,456;0,300;6,456;0,300;6,456;0,300;6,456;0,300;6,456;0,300;6,456;0,500
0501904014;4,670;2,000;4,983;1,200;4,363;2,700;4,363;8,404;5,223;0,700;4,670;2,930;4,363;0,936;4,363;0,960;0,000;15,200;5,665;1,300;2;0;2;5,833;0,600;5,833;0,600;5,833;0,400;5,833;0,300;5,833;0,300;5,833;0,300;5,833;0,300;5,833;0,300;5,833;0,500
0501905001;0,580;3,900;0,324;2,300;0,570;4,700;0,213;17,054;0,537;1,600;0,324;5,460;1,422;0,936;1,422;0,960;0,000;30,500;0,907;2,400;2;0;2;0,810;1,300;0,810;1,300;0,810;1,100;0,810;1,000;0,810;1,000;0,810;1,100;0,810;1,000;0,810;1,000;0,810;1,200
0501905002;0,754;3,900;0,451;2,300;0,557;4,300;0,245;16,674;0,764;1,600;0,245;4,940;1,343;0,936;1,343;0,960;0,000;29,400;0,666;2,400;2;0;2;0,966;1,300;0,966;1,300;0,966;1,100;0,966;1,000;0,966;1,000;0,966;1,100;0,966;1,000;0,966;1,000;0,966;1,200
0501905003;0,954;3,100;0,324;2,300;0,324;4,600;0,310;16,674;0,645;1,600;0,310;4,940;1,160;0,936;1,160;0,960;0,000;28,600;0,324;2,500;2;0;2;1,345;0,900;1,345;0,900;1,345;0,700;1,345;0,600;1,345;0,600;1,345;0,700;1,345;0,600;1,345;0,600;1,345;0,800
0501905004;1,294;2,400;0,626;1,900;0,000;4,700;0,000;14,262;0,000;1,600;0,950;4,030;0,863;1,560;0,863;1,360;0,000;23,900;0,626;2,500;4;0;4;1,987;0,900;1,987;0,900;1,987;0,700;1,987;0,600;1,987;0,600;1,987;0,600;1,987;0,600;1,987;0,600;1,987;0,800
0501905005;0,721;2,800;0,615;2,300;0,583;5,000;0,583;15,246;0,583;1,600;0,615;4,940;0,787;1,560;0,787;1,360;0,000;26,700;0,664;2,500;4;0;4;1,522;0,900;1,522;0,900;1,522;0,700;1,522;0,600;1,522;0,600;1,522;0,700;1,522;0,600;1,522;0,600;1,522;0,800
0501905006;3,026;2,500;2,837;1,500;1,964;3,600;1,964;12,646;2,219;1,300;3,026;3,970;1,964;0,936;1,964;0,960;0,000;22,100;2,063;2,100;5;0;5;4,115;0,900;4,115;0,900;4,115;0,700;4,115;0,600;4,115;0,600;4,115;0,600;4,115;0,600;4,115;0,600;4,115;0,800
0501906001;0,613;3,500;0,893;2,300;0,000;4,300;0,000;17,298;0,726;1,600;0,474;4,940;1,900;0,936;1,900;0,960;0,000;29,600;0,935;2,200;6;0;6;0,613;1,300;0,613;1,300;0,613;1,100;0,613;1,000;0,613;1,000;0,613;1,100;0,613;1,000;0,613;1,000;0,613;1,200
0501906002;1,278;2,700;0,000;1,900;0,000;4,600;0,000;15,570;0,626;1,600;0,468;3,900;1,348;0,936;1,348;0,960;0,000;27,400;0,000;2,500;8;21;29;1,515;0,900;1,515;0,900;1,515;0,700;1,515;0,600;1,515;0,600;1,515;0,700;1,515;0,600;1,515;0,600;1,515;0,800
0501906003;4,468;2,200;3,699;1,500;3,261;3,500;3,261;11,676;3,261;1,000;4,146;3,580;3,521;0,936;3,521;0,960;0,000;20,900;0,000;2,500;1;4;5;5,207;0,600;5,207;0,600;5,207;0,400;5,207;0,300;5,207;0,300;5,207;0,300;5,207;0,300;5,207;0,300;5,207;0,500
0501906004;0,832;3,100;0,790;1,900;0,230;4,300;0,219;16,674;0,947;1,600;0,473;4,420;1,899;0,936;1,899;0,960;0,000;28,800;0,790;2,200;5;0;5;0,832;1,300;0,832;1,300;0,832;1,100;0,832;1,000;0,832;1,000;0,832;1,100;0,832;1,000;0,832;1,000;0,832;1,200
0501906005;0,849;3,100;0,957;1,900;0,349;4,300;0,000;15,714;1,062;1,200;0,534;4,420;2,116;0,936;2,116;0,960;0,000;28,000;0,957;2,200;3;0;3;0,849;1,300;0,849;1,300;0,849;1,100;0,849;1,000;0,849;1,000;0,849;1,100;0,849;1,000;0,849;1,000;0,849;1,200
0501906006;1,076;2,700;0,774;1,900;0,505;4,300;0,000;15,714;1,229;1,200;0,626;4,420;2,026;0,936;2,026;0,960;0,000;27,600;0,774;2,400;2;0;2;1,076;0,900;1,076;0,900;1,076;0,700;1,076;0,600;1,076;0,600;1,076;0,700;1,076;0,600;1,076;0,600;1,076;0,800
0501906008;1,424;2,700;1,175;1,800;0,964;3,800;0,000;14,714;1,679;1,200;1,042;3,380;2,499;0,936;2,499;0,960;0,000;25,200;1,175;1,800;8;0;8;1,424;1,200;1,424;0,900;1,424;0,700;1,424;0,600;1,424;0,600;1,424;0,700;1,424;0,600;1,424;0,600;1,424;0,800
0501906009;0,939;3,100;0,591;2,300;0,344;4,300;0,236;17,298;0,937;1,600;0,236;4,940;1,663;0,936;1,663;0,960;0,000;29,400;0,591;2,400;7;0;7;0,939;1,300;0,939;1,300;0,939;1,100;0,939;1,000;0,939;1,000;0,939;1,100;0,939;1,000;0,939;1,000;0,939;1,200
0501906010;1,202;2,700;0,545;1,900;0,545;4,200;0,232;15,714;1,171;1,200;0,494;4,420;1,832;0,936;1,832;0,960;0,000;27,800;0,545;2,400;4;0;4;1,202;0,900;1,202;0,900;1,202;0,700;1,202;0,600;1,202;0,600;1,202;0,700;1,202;0,600;1,202;0,600;1,202;0,800
0501906011;13,587;1,600;10,577;0,900;12,318;2,300;10,732;7,400;12,318;0,800;13,088;2,540;12,685;0,468;12,685;0,420;0,000;13,600;8,536;1,400;4;0;4;10,577;0,700;0,000;1,300;14,109;0,300;14,109;0,300;14,109;0,300;14,109;0,300;14,109;0,300;14,109;0,300;14,109;0,500
0501906012;2,097;2,700;1,502;1,800;1,502;3,300;0,674;13,274;2,023;1,200;1,647;3,380;2,839;0,936;2,839;0,960;0,000;22,700;1,502;2,100;11;0;11;2,097;1,200;2,097;0,900;2,097;0,700;2,097;0,600;2,097;0,600;2,097;0,700;2,097;0,600;2,097;0,600;2,097;0,800
0501906013;3,580;1,600;0,000;1,600;5,507;1,900;3,580;8,486;5,808;0,600;5,783;1,950;6,664;0,468;6,664;0,660;0,000;15,100;5,507;1,300;9;0;9;0,000;1,300;6,246;0,600;6,246;0,300;6,246;0,300;6,246;0,300;6,246;0,400;6,246;0,300;6,246;0,300;6,246;0,400
0501906014;2,080;2,600;0,808;2,200;0,808;3,800;0,808;13,214;1,053;1,200;1,226;3,510;1,915;0,936;1,915;0,960;0,000;23,400;0,808;2,500;5;0;5;2,162;1,200;2,162;0,900;2,162;0,700;2,162;0,600;2,162;0,600;2,162;0,700;2,162;0,600;2,162;0,600;2,162;0,800
0502101001;1,917;0,900;20,375;0,100;1,917;1,000;0,000;3,704;1,917;0,700;1,917;1,482;66,197;0,000;19,828;0,130;15,601;1,400;65,340;0,000;0;0;0;0,000;1,100;66,763;0,000;64,993;0,000;0,000;1,000;66,763;0,000;0,000;1,000;66,666;0,000;66,763;0,000;28,207;0,100
0502101002;0,000;1,300;22,270;0,100;0,000;1,300;1,917;3,080;0,000;1,100;0,000;2,106;66,556;0,000;21,724;0,130;16,730;1,300;64,568;0,000;0;0;0;1,917;0,700;67,187;0,000;65,319;0,000;1,917;0,600;67,187;0,000;1,917;0,600;66,942;0,000;67,187;0,000;30,121;0,000
0502201001;12,025;1,500;19,592;0,300;9,325;1,400;9,325;5,504;12,582;0,600;11,388;2,090;18,568;0,156;18,568;0,220;15,133;4,100;12,234;0,800;0;0;0;18,982;0,300;20,406;0,200;11,388;0,400;20,603;0,100;20,603;0,100;20,603;0,100;20,603;0,100;20,603;0,100;14,230;0,700
0502201002;8,125;1,700;28,648;0,200;0,000;2,200;0,000;6,084;8,125;0,800;7,398;2,220;27,682;0,156;27,682;0,100;23,948;3,200;20,759;0,500;0;0;0;11,122;0,400;29,233;0,200;7,398;0,400;29,627;0,100;29,627;0,100;29,627;0,100;29,627;0,100;29,627;0,100;14,235;0,700
0502301001;9,199;0,700;25,162;0,100;10,576;1,300;9,199;3,742;18,023;0,300;14,754;1,118;50,472;0,000;25,454;0,130;22,153;0,700;19,859;0,900;0;0;0;46,238;0,000;31,056;0,000;48,417;0,000;48,417;0,000;31,056;0,000;19,981;0,100;48,417;0,000;48,417;0,000;10,796;0,800
0502401001;10,917;0,800;11,648;0,300;10,268;1,100;9,110;4,846;10,770;0,600;10,917;1,534;61,941;0,000;11,107;0,390;7,804;4,000;64,700;0,000;0;0;0;9,110;0,700;62,215;0,000;60,899;0,000;9,110;0,300;62,215;0,000;9,110;0,300;62,215;0,000;62,215;0,000;20,296;0,100
0502501001;8,922;0,600;41,103;0,000;8,922;0,700;8,922;1,770;26,924;0,100;8,922;0,624;52,674;0,000;41,913;0,000;24,323;0,500;38,951;0,000;0;0;0;28,114;0,100;53,649;0,000;51,086;0,000;28,114;0,100;53,649;0,000;28,114;0,100;51,917;0,000;53,649;0,000;20,560;0,200
0502601001;6,660;0,600;27,214;0,100;9,451;1,100;5,438;3,336;21,812;0,300;12,973;0,858;50,684;0,000;27,249;0,130;19,195;0,700;20,214;1,000;0;0;0;46,894;0,000;32,697;0,000;48,566;0,000;48,566;0,000;32,697;0,000;20,884;0,100;48,566;0,000;48,566;0,000;12,973;0,800
0502701001;13,207;0,800;15,071;0,300;8,771;1,200;7,739;4,756;17,467;0,300;16,750;1,066;19,007;0,156;17,470;0,220;5,920;6,000;7,739;1,100;0;0;0;15,071;0,200;17,006;0,200;17,006;0,100;17,006;0,100;17,006;0,100;11,720;0,400;17,006;0,100;17,006;0,100;17,006;0,400
0502901001;12,880;0,800;34,508;0,000;5,530;0,900;5,530;3,510;20,844;0,200;5,530;0,858;42,471;0,000;34,771;0,000;12,880;1,100;12,880;0,900;0;0;0;38,884;0,000;40,338;0,000;40,338;0,000;40,338;0,000;40,338;0,000;13,407;0,300;40,338;0,000;40,338;0,000;5,530;0,800
0503001001;8,443;1,500;4,867;1,200;8,941;2,000;8,443;7,130;8,941;0,600;9,365;2,050;9,639;0,468;9,639;0,420;0,000;14,200;6,874;1,500;2;0;2;4,867;0,900;6,261;0,600;10,168;0,300;10,168;0,300;10,168;0,300;10,168;0,400;10,168;0,300;10,168;0,300;10,168;0,400
0503301001;12,786;0,800;40,408;0,000;10,908;1,000;9,957;2,974;9,957;0,300;13,211;0,702;41,581;0,000;35,979;0,000;5,762;2,200;5,572;1,100;0;0;0;39,437;0,000;39,437;0,000;39,437;0,000;39,437;0,000;39,437;0,000;27,448;0,100;39,437;0,000;39,437;0,000;17,575;0,200
0503401001;7,988;0,600;16,653;0,100;4,493;1,300;5,794;3,850;17,662;0,200;19,305;0,676;60,587;0,000;16,390;0,130;27,742;0,300;11,876;1,200;0;0;0;53,637;0,000;21,651;0,100;58,614;0,000;56,035;0,000;21,651;0,100;30,604;0,000;56,035;0,000;58,614;0,000;18,965;0,400
0503501001;5,376;0,900;19,640;0,300;17,591;1,100;5,376;3,988;21,043;0,300;17,591;1,196;25,951;0,156;25,951;0,220;18,776;4,600;17,007;0,600;0;0;0;19,640;0,200;24,689;0,200;24,689;0,100;24,689;0,100;24,689;0,100;14,082;0,400;24,689;0,100;24,689;0,100;22,203;0,400
0503601001;13,142;0,800;25,307;0,300;12,960;1,000;9,276;4,260;15,733;0,300;12,960;1,196;30,700;0,000;30,204;0,000;16,585;3,600;12,960;0,800;0;0;0;25,307;0,200;28,966;0,100;28,966;0,100;28,966;0,100;28,966;0,100;6,000;0,400;28,966;0,100;28,966;0,100;15,107;0,400
0503701001;11,280;0,700;28,644;0,100;11,280;0,700;12,801;1,686;11,280;0,400;11,280;0,884;73,162;0,000;29,071;0,130;27,434;0,300;68,781;0,000;0;0;0;12,801;0,300;72,645;0,000;63,513;0,000;12,801;0,300;72,645;0,000;12,801;0,300;72,645;0,000;72,645;0,000;20,925;0,200
0503801001;11,496;0,500;38,574;0,000;11,496;0,600;11,496;1,804;30,765;0,000;11,496;0,468;49,235;0,000;40,304;0,000;29,967;0,100;37,054;0,000;0;0;0;32,160;0,000;48,013;0,000;48,013;0,000;32,160;0,000;48,013;0,000;32,160;0,000;48,013;0,000;48,013;0,000;14,750;0,400
0503901001;11,871;0,900;23,219;0,300;6,298;1,400;6,298;4,468;22,555;0,300;18,747;0,806;24,400;0,156;19,131;0,220;6,298;5,600;6,298;1,100;0;0;0;22,228;0,200;22,228;0,100;22,228;0,100;22,228;0,100;22,228;0,100;18,927;0,200;22,228;0,100;22,228;0,100;18,747;0,300
0504001001;12,840;1,300;15,360;0,300;7,249;1,300;7,249;6,432;14,697;0,400;14,308;0,936;16,547;0,156;11,980;0,460;0,000;8,800;7,249;1,100;2;0;2;14,336;0,400;14,336;0,400;14,336;0,300;14,336;0,300;14,336;0,300;14,336;0,400;14,336;0,300;14,336;0,300;14,336;0,500
0504101001;0,000;2,300;29,865;0,100;0,000;1,700;0,000;4,982;20,438;0,200;8,727;1,010;29,415;0,156;28,466;0,220;23,903;1,100;29,862;0,100;0;0;0;25,132;0,100;30,501;0,000;8,727;0,300;30,501;0,000;30,501;0,000;30,501;0,000;30,501;0,000;30,501;0,000;7,550;0,800
0504201001;14,328;0,700;30,591;0,000;10,491;0,700;9,005;3,250;16,770;0,100;10,491;0,728;34,959;0,000;32,976;0,000;14,328;1,200;14,328;0,700;0;0;0;30,591;0,000;32,953;0,000;32,953;0,000;32,953;0,000;32,953;0,000;4,334;0,600;32,953;0,000;32,953;0,000;10,491;0,700
0504301001;10,486;0,600;31,467;0,000;8,509;1,100;4,887;3,480;21,872;0,200;8,509;0,858;46,492;0,000;31,583;0,000;15,808;0,800;15,808;1,000;0;0;0;42,919;0,000;37,078;0,000;44,353;0,000;44,353;0,000;37,078;0,000;17,286;0,100;44,353;0,000;44,353;0,000;8,509;0,800
0504401001;18,777;0,400;43,467;0,000;14,242;0,700;18,165;1,718;21,753;0,200;17,787;0,572;44,492;0,000;38,111;0,000;20,750;0,800;21,085;0,300;0;0;0;42,714;0,000;42,714;0,000;42,714;0,000;42,714;0,000;42,714;0,000;40,640;0,000;42,714;0,000;42,714;0,000;20,052;0,200
0504501001;14,663;1,000;26,258;0,300;12,972;1,000;11,114;4,372;18,798;0,200;12,972;1,248;30,701;0,000;28,953;0,120;13,106;4,400;13,106;1,000;0;0;0;26,258;0,200;28,723;0,100;28,723;0,100;28,723;0,100;28,723;0,100;0,000;1,100;28,723;0,100;28,723;0,100;12,972;0,600
0504601001;14,316;0,700;31,782;0,000;9,119;0,900;9,119;3,510;17,262;0,200;9,119;0,858;43,584;0,000;32,198;0,000;16,255;0,900;16,255;0,800;0;0;0;39,503;0,000;37,835;0,000;41,513;0,000;41,513;0,000;37,835;0,000;13,324;0,300;41,513;0,000;41,513;0,000;9,119;1,000
0504701001;6,422;0,800;15,037;0,100;6,422;0,700;0,000;2,908;15,037;0,100;0,000;1,690;72,479;0,000;13,654;0,390;52,222;0,000;73,474;0,000;0;0;0;37,601;0,000;72,723;0,000;54,351;0,000;37,601;0,000;72,723;0,000;37,601;0,000;72,723;0,000;72,723;0,000;6,422;0,400
0504703001;0,000;1,300;19,980;0,100;0,000;1,300;6,422;1,184;19,980;0,100;6,422;0,520;76,505;0,000;18,934;0,130;48,337;0,000;77,438;0,000;0;0;0;33,070;0,000;76,599;0,000;59,719;0,000;33,070;0,000;76,599;0,000;33,070;0,000;76,599;0,000;76,599;0,000;0,000;1,100
0504703002;8,170;0,700;19,034;0,100;8,170;0,700;11,614;1,440;19,034;0,200;11,614;0,676;72,203;0,000;18,740;0,130;40,721;0,000;73,041;0,000;0;0;0;25,991;0,100;72,091;0,000;57,903;0,000;25,991;0,100;72,091;0,000;25,991;0,100;72,091;0,000;72,091;0,000;8,170;0,400
0504703003;8,677;0,800;12,487;0,300;8,677;0,900;5,810;1,816;12,487;0,300;7,430;0,780;67,909;0,000;11,977;0,390;45,744;0,000;68,826;0,000;0;0;0;31,858;0,000;67,971;0,000;51,990;0,000;31,858;0,000;67,971;0,000;31,858;0,000;67,971;0,000;67,971;0,000;8,677;0,400
0504801001;10,778;0,600;36,452;0,000;3,422;1,200;3,422;3,456;20,772;0,200;3,422;1,326;41,967;0,000;36,618;0,000;10,778;1,300;10,778;1,200;0;0;0;38,750;0,000;39,799;0,000;39,799;0,000;39,799;0,000;39,799;0,000;14,153;0,300;39,799;0,000;39,799;0,000;3,422;0,900
0504901001;5,568;1,500;8,103;0,900;9,401;2,200;0,000;8,944;9,749;0,600;9,018;1,846;11,268;0,468;10,506;0,660;4,997;12,400;0,000;2,200;0;2;2;8,103;0,600;9,286;0,400;9,286;0,300;9,286;0,300;9,286;0,300;9,286;0,400;9,286;0,300;9,286;0,300;9,286;0,400
0505101001;4,274;0,900;18,085;0,100;4,274;1,000;2,360;3,180;4,274;0,700;4,274;1,482;66,004;0,000;17,539;0,130;14,086;1,700;66,511;0,000;0;0;0;2,360;0,700;66,488;0,000;64,844;0,000;2,360;0,600;66,488;0,000;2,360;0,600;66,488;0,000;66,488;0,000;25,847;0,100
0505201001;14,854;0,500;34,313;0,000;14,854;0,600;14,854;1,544;33,862;0,000;14,854;0,468;44,068;0,000;36,132;0,000;35,519;0,000;37,347;0,000;0;0;0;35,462;0,000;43,017;0,000;43,017;0,000;35,462;0,000;43,017;0,000;35,462;0,000;43,017;0,000;43,017;0,000;8,887;0,400
0505301001;10,148;1,400;10,913;0,900;10,747;2,000;6,723;7,618;10,308;0,600;10,340;1,560;11,971;0,468;5,769;0,660;6,723;12,100;10,948;1,300;0;0;0;10,148;0,600;10,148;0,400;10,148;0,300;10,148;0,300;10,148;0,300;10,148;0,400;10,148;0,300;10,148;0,300;10,148;0,500
0505401001;0,000;2,100;27,696;0,100;9,828;1,100;0,000;4,484;15,948;0,300;9,715;1,400;38,855;0,000;28,426;0,130;33,592;0,000;37,468;0,000;0;0;0;24,514;0,100;40,078;0,000;13,969;0,300;40,078;0,000;40,078;0,000;40,078;0,000;40,078;0,000;40,078;0,000;0,000;1,300
0505501001;5,955;1,200;36,617;0,000;3,089;1,100;3,089;4,136;6,351;0,600;3,089;2,090;35,675;0,000;35,675;0,000;31,795;0,000;28,461;0,100;0;0;0;7,423;0,300;36,989;0,000;11,578;0,300;37,581;0,000;37,581;0,000;37,581;0,000;37,581;0,000;37,581;0,000;6,351;0,600
0505601001;10,747;0,600;22,576;0,100;10,940;0,900;10,747;3,060;16,285;0,200;16,285;0,676;52,089;0,000;23,025;0,130;25,057;0,500;18,569;0,800;0;0;0;47,562;0,000;28,676;0,100;50,085;0,000;50,085;0,000;28,676;0,100;21,401;0,100;50,085;0,000;50,085;0,000;9,653;0,800
0505701001;0,000;2,000;28,841;0,200;2,855;1,700;2,855;4,448;5,529;0,600;2,855;2,420;27,745;0,156;27,745;0,100;23,918;3,600;15,870;0,500;0;0;0;12,893;0,400;23,918;0,200;18,748;0,200;29,960;0,100;29,960;0,100;29,960;0,100;29,960;0,100;29,960;0,100;7,607;0,500
0505702001;0,301;1,900;28,891;0,200;2,605;1,700;2,605;4,292;5,779;0,600;2,605;2,420;27,804;0,156;27,804;0,100;23,835;3,400;15,689;0,500;0;0;0;13,082;0,300;23,835;0,100;19,042;0,100;30,021;0,000;30,021;0,000;30,021;0,000;30,021;0,000;30,021;0,000;7,387;0,400
0505702002;2,855;1,200;30,809;0,000;0,000;1,600;0,000;3,426;7,137;0,400;0,000;2,550;29,771;0,156;29,771;0,100;24,857;0,800;14,892;0,600;0;0;0;13,506;0,300;24,857;0,100;21,450;0,100;31,994;0,000;31,994;0,000;31,994;0,000;31,994;0,000;31,994;0,000;7,378;0,400
0505801001;13,042;0,900;25,778;0,100;13,042;0,900;13,176;2,138;25,778;0,100;24,271;0,286;37,642;0,000;27,673;0,130;31,411;0,000;38,305;0,000;0;0;0;37,196;0,000;37,196;0,000;32,463;0,000;37,196;0,000;37,196;0,000;37,196;0,000;37,196;0,000;37,196;0,000;9,663;0,800
0505901001;11,721;0,800;25,647;0,300;4,118;1,900;0,000;5,230;25,024;0,300;24,971;0,676;26,731;0,156;20,504;0,220;13,378;5,000;14,499;0,800;0;0;0;24,824;0,200;24,824;0,100;24,824;0,100;24,824;0,100;24,824;0,100;24,824;0,200;24,824;0,100;24,824;0,100;19,076;0,300
0506001001;12,377;0,800;35,819;0,000;7,045;1,000;4,414;4,010;16,966;0,200;7,045;1,014;46,084;0,000;35,717;0,000;10,381;1,700;12,821;1,300;0;0;0;43,262;0,000;41,023;0,000;43,885;0,000;43,885;0,000;41,023;0,000;19,278;0,100;43,885;0,000;43,885;0,000;7,045;0,600
0506101001;5,000;1,500;5,506;0,900;5,401;1,900;2,736;8,276;5,005;0,600;5,312;1,690;6,423;0,468;0,000;1,500;4,796;12,300;6,422;1,300;0;0;0;5,000;0,600;5,000;0,400;5,000;0,400;5,000;0,300;5,000;0,300;5,000;0,400;5,000;0,300;5,000;0,300;5,000;0,500
0506201001;4,610;1,100;31,358;0,000;5,115;1,000;4,610;3,680;22,026;0,200;5,115;0,858;34,053;0,000;30,404;0,000;4,610;2,400;4,610;1,500;0;0;0;31,358;0,000;31,856;0,000;31,856;0,000;31,856;0,000;31,856;0,000;10,415;0,300;31,856;0,000;31,856;0,000;5,115;0,600
0506301001;9,221;0,600;39,181;0,000;9,221;0,600;6,642;2,182;25,072;0,100;9,221;0,754;50,524;0,000;38,738;0,000;20,862;1,100;39,779;0,000;0;0;0;26,076;0,100;51,881;0,000;48,974;0,000;26,076;0,100;51,881;0,000;26,076;0,100;49,941;0,000;51,819;0,000;24,250;0,200
0506401001;10,600;0,700;31,920;0,000;6,480;1,000;6,480;3,334;20,150;0,200;6,480;0,858;35,658;0,000;32,959;0,000;10,600;1,600;10,600;1,000;0;0;0;31,920;0,000;33,553;0,000;33,553;0,000;33,553;0,000;33,553;0,000;6,759;0,300;33,553;0,000;33,553;0,000;6,480;0,800
0506501001;0,000;1,400;32,529;0,000;7,399;1,100;0,000;4,170;18,691;0,100;7,399;0,884;34,361;0,000;29,994;0,120;0,000;3,000;0,000;2,000;2;2;4;32,138;0,000;32,138;0,000;32,138;0,000;32,138;0,000;32,138;0,000;14,663;0,300;32,138;0,000;32,138;0,000;7,399;0,600
0506601001;9,526;1,200;9,123;0,300;9,123;1,400;5,047;3,154;9,123;0,300;10,845;0,520;48,483;0,000;10,845;0,390;42,098;0,000;49,489;0,000;0;0;0;43,324;0,000;48,764;0,000;32,160;0,000;43,324;0,000;48,764;0,000;43,324;0,000;48,764;0,000;48,764;0,000;9,526;0,700
0506701001;15,013;0,600;23,104;0,300;7,457;1,400;4,063;4,438;22,456;0,300;22,298;0,676;24,241;0,156;18,319;0,220;9,618;5,300;10,540;0,900;0;0;0;22,202;0,200;22,202;0,100;22,202;0,100;22,202;0,100;22,202;0,100;22,202;0,200;22,202;0,100;22,202;0,100;22,202;0,300
0506901001;15,402;0,400;34,204;0,000;9,890;0,900;8,235;3,044;15,418;0,200;9,890;0,988;38,578;0,000;36,340;0,000;15,402;0,800;14,931;0,700;0;0;0;34,204;0,000;36,564;0,000;36,564;0,000;36,564;0,000;36,564;0,000;7,948;0,300;36,564;0,000;36,564;0,000;9,657;1,000
0507001001;6,484;0,800;24,012;0,100;10,850;1,100;7,904;3,676;7,904;0,600;7,904;1,586;50,131;0,000;25,095;0,250;28,858;0,100;10,850;0,700;0;0;0;44,818;0,000;30,575;0,000;48,322;0,000;48,322;0,000;30,575;0,000;20,302;0,100;48,322;0,000;48,322;0,000;4,669;1,000
0507201001;8,927;0,400;35,419;0,000;2,831;1,200;2,831;3,708;6,032;0,400;2,831;1,716;41,540;0,000;22,607;0,120;29,321;0,100;2,831;0,600;0;0;0;35,419;0,000;40,092;0,000;40,092;0,000;40,092;0,000;40,092;0,000;17,393;0,100;40,092;0,000;40,092;0,000;8,383;0,700
0507301001;12,302;0,700;40,316;0,000;10,692;1,100;6,730;4,102;10,729;0,300;10,692;1,144;47,488;0,000;39,993;0,000;5,992;1,900;10,398;1,500;0;0;0;45,264;0,000;45,034;0,000;45,264;0,000;45,264;0,000;45,034;0,000;23,663;0,100;45,264;0,000;45,264;0,000;10,692;0,700
0507401001;7,399;0,600;36,217;0,000;0,000;1,600;0,000;4,150;19,931;0,200;0,000;1,950;39,115;0,000;35,519;0,000;7,399;1,500;7,399;1,200;0;0;0;36,217;0,000;36,925;0,000;36,925;0,000;36,925;0,000;36,925;0,000;12,972;0,300;36,925;0,000;36,925;0,000;0,000;1,300
0507501001;7,309;1,300;36,316;0,000;9,761;0,700;4,862;3,328;7,309;0,400;4,862;1,400;45,196;0,000;36,543;0,000;40,539;0,000;40,162;0,000;0;0;0;18,313;0,100;46,826;0,000;18,482;0,100;46,826;0,000;46,826;0,000;46,826;0,000;46,826;0,000;46,826;0,000;7,309;0,700
0507601001;5,544;1,400;5,960;0,900;5,604;2,000;0,000;8,306;5,722;0,600;5,764;1,690;6,454;0,468;2,736;1,020;2,583;12,500;6,999;1,200;0;0;0;5,935;0,600;5,935;0,400;5,935;0,400;5,935;0,300;5,935;0,300;5,935;0,300;5,935;0,300;5,935;0,300;5,935;0,600
0507701001;14,220;0,700;34,352;0,000;7,521;0,800;7,521;3,242;17,752;0,200;7,521;0,858;40,975;0,000;34,799;0,000;14,220;1,100;14,220;0,800;0;0;0;36,976;0,000;38,896;0,000;38,896;0,000;38,896;0,000;38,896;0,000;10,911;0,300;38,896;0,000;38,896;0,000;7,521;0,800
0507801001;12,056;0,600;28,652;0,100;11,738;1,200;9,517;3,692;16,843;0,200;11,738;0,858;46,635;0,000;29,046;0,130;19,057;0,800;18,063;0,900;0;0;0;42,431;0,000;34,678;0,000;44,580;0,000;44,580;0,000;34,678;0,000;16,181;0,100;44,580;0,000;44,580;0,000;9,358;1,000
0507901001;14,878;0,800;19,433;0,300;10,525;1,500;6,503;4,290;18,792;0,200;18,675;0,676;20,555;0,156;14,552;0,460;7,243;5,400;10,793;0,800;0;0;0;18,558;0,200;18,558;0,100;18,558;0,100;18,558;0,100;18,558;0,100;18,558;0,200;18,558;0,100;18,558;0,100;18,558;0,400
0508001001;15,772;0,300;38,622;0,000;9,115;0,700;13,116;1,758;20,930;0,100;19,622;0,442;39,673;0,000;33,337;0,000;18,616;0,900;17,605;0,400;0;0;0;37,837;0,000;37,837;0,000;37,837;0,000;37,837;0,000;37,837;0,000;35,884;0,000;37,837;0,000;37,837;0,000;18,962;0,200
0508101001;11,574;0,800;25,516;0,100;11,574;0,900;15,059;1,538;25,516;0,100;18,929;0,286;42,370;0,000;27,388;0,130;36,260;0,000;42,955;0,000;0;0;0;37,014;0,000;41,777;0,000;37,723;0,000;37,014;0,000;41,777;0,000;37,014;0,000;41,777;0,000;41,777;0,000;10,308;0,700
0508201001;8,727;1,300;18,984;0,100;10,722;1,300;3,497;4,222;18,984;0,200;17,674;0,520;44,048;0,000;19,700;0,130;38,188;0,000;44,651;0,000;0;0;0;33,151;0,000;44,939;0,000;21,746;0,100;44,939;0,000;44,939;0,000;44,939;0,000;44,939;0,000;44,939;0,000;8,727;0,600
0508301001;9,699;1,500;10,055;0,700;9,613;2,000;4,358;8,226;9,928;0,600;9,813;1,690;10,297;0,468;6,672;0,660;4,059;11,700;11,088;1,000;0;0;0;10,194;0,400;10,194;0,400;10,194;0,400;10,194;0,300;10,194;0,300;10,194;0,300;10,194;0,300;10,194;0,300;10,194;0,600
0508401001;9,769;0,600;15,274;0,100;9,769;0,900;8,413;3,814;9,769;0,600;9,769;1,274;58,889;0,000;14,763;0,390;7,377;3,600;61,597;0,000;0;0;0;8,463;0,700;59,301;0,000;57,772;0,000;8,463;0,300;59,301;0,000;8,463;0,300;59,301;0,000;59,301;0,000;24,357;0,100
0508501001;10,944;0,400;19,026;0,100;10,944;0,500;9,836;2,100;10,944;0,400;10,944;0,858;73,915;0,000;18,555;0,130;18,555;1,300;75,124;0,000;0;0;0;9,836;0,400;74,273;0,000;72,819;0,000;9,836;0,300;74,273;0,000;9,836;0,300;74,273;0,000;74,273;0,000;24,087;0,100
0508601001;8,913;0,700;44,228;0,000;6,997;0,900;4,906;3,630;5,664;0,300;8,913;1,144;45,413;0,000;40,160;0,000;0,000;3,400;6,062;1,300;2;0;2;43,221;0,000;43,221;0,000;43,221;0,000;43,221;0,000;43,221;0,000;27,172;0,100;43,221;0,000;43,221;0,000;15,432;0,200
0508701001;14,120;1,100;15,872;0,300;12,445;1,300;8,156;5,116;19,630;0,300;18,852;1,066;20,939;0,156;20,535;0,220;9,979;5,800;10,117;1,100;0;0;0;15,872;0,200;19,170;0,200;19,170;0,100;19,170;0,100;19,170;0,100;10,576;0,400;19,170;0,100;19,170;0,100;19,170;0,400
0508801001;10,804;0,900;26,464;0,300;8,244;1,400;7,120;4,368;23,449;0,300;18,128;0,962;27,637;0,156;22,128;0,220;6,433;5,400;9,065;1,200;0;0;0;25,493;0,200;25,493;0,100;25,493;0,100;25,493;0,100;25,493;0,100;20,642;0,200;25,493;0,100;25,493;0,100;18,128;0,300
0508901001;5,089;1,000;5,145;0,300;5,145;1,100;5,089;2,416;5,145;0,300;5,089;0,780;61,311;0,000;5,089;0,390;48,976;0,000;62,279;0,000;0;0;0;36,491;0,000;61,493;0,000;44,605;0,000;36,491;0,000;61,493;0,000;36,491;0,000;61,493;0,000;61,493;0,000;14,772;0,400
0509001001;10,013;0,700;29,963;0,100;7,660;1,000;7,660;3,366;11,177;0,400;7,660;1,326;36,173;0,000;26,815;0,120;25,378;0,700;7,660;0,600;0;0;0;29,963;0,100;34,795;0,000;34,795;0,000;34,795;0,000;34,795;0,000;14,946;0,300;34,795;0,000;34,795;0,000;12,943;0,500
0509201001;11,989;0,900;18,373;0,300;14,446;1,200;10,547;4,464;22,351;0,300;19,295;1,066;23,788;0,156;23,655;0,220;12,415;5,200;13,194;1,100;0;0;0;18,373;0,200;22,102;0,200;22,102;0,100;22,102;0,100;22,102;0,100;9,139;0,400;22,102;0,100;22,102;0,100;21,668;0,400
0509301001;14,552;1,100;14,256;0,700;13,494;1,900;8,278;5,740;13,685;0,500;14,552;2,150;13,494;0,468;13,494;0,420;8,536;9,600;0,000;2,100;0;17;17;15,496;0,300;8,536;0,400;15,643;0,200;15,643;0,100;15,643;0,100;15,643;0,100;15,643;0,100;15,643;0,100;11,334;0,500
0509401001;8,637;0,500;34,248;0,000;10,586;0,900;8,637;2,420;15,609;0,100;15,282;0,442;35,426;0,000;29,970;0,120;8,637;2,100;5,347;1,200;0;0;0;33,264;0,000;33,264;0,000;33,264;0,000;33,264;0,000;33,264;0,000;22,711;0,100;33,264;0,000;33,264;0,000;15,282;0,300
0509501001;5,380;1,000;40,526;0,000;9,425;0,700;7,268;2,568;5,380;0,400;7,268;1,140;46,347;0,000;40,706;0,000;41,979;0,000;40,095;0,000;0;0;0;15,837;0,100;48,104;0,000;20,061;0,100;48,104;0,000;48,104;0,000;48,104;0,000;48,104;0,000;48,104;0,000;5,380;0,400
0509601001;9,953;0,900;27,539;0,200;9,953;1,100;5,232;4,290;27,265;0,200;27,343;0,650;27,978;0,156;22,730;0,220;21,889;3,400;28,577;0,100;0;0;0;27,422;0,100;27,422;0,100;27,422;0,200;27,422;0,100;27,422;0,100;27,422;0,100;27,422;0,100;27,422;0,100;9,537;0,900
0509701001;9,225;0,800;25,941;0,100;9,225;0,900;0,000;4,384;9,225;0,400;9,225;1,326;59,003;0,000;25,426;0,130;12,430;1,800;55,349;0,000;0;0;0;10,074;0,400;59,831;0,000;57,672;0,000;10,074;0,300;59,831;0,000;10,074;0,300;59,147;0,000;59,831;0,000;31,442;0,000
0509901001;6,393;0,500;28,567;0,100;8,571;1,000;6,393;3,874;21,210;0,200;20,443;0,416;48,778;0,000;27,810;0,130;18,021;0,900;9,397;1,700;0;0;0;45,799;0,000;32,229;0,000;46,388;0,000;46,388;0,000;32,229;0,000;31,562;0,000;45,799;0,000;46,388;0,000;9,940;0,600
0510001001;7,024;1,100;5,590;0,300;5,590;1,200;4,253;3,000;5,590;0,300;7,024;0,676;56,825;0,000;7,024;0,390;47,137;0,000;57,758;0,000;0;0;0;35,897;0,000;56,927;0,000;41,450;0,000;35,897;0,000;56,927;0,000;35,897;0,000;56,927;0,000;56,927;0,000;9,796;0,400
0510101001;12,592;0,900;21,515;0,100;12,592;0,800;5,630;2,562;21,515;0,100;23,316;0,260;37,019;0,000;23,316;0,130;30,591;0,000;37,915;0,000;0;0;0;37,049;0,000;37,049;0,000;26,341;0,100;37,049;0,000;37,049;0,000;37,049;0,000;37,049;0,000;37,049;0,000;12,592;0,800
0510201001;9,926;1,000;31,807;0,000;7,705;1,000;6,531;3,058;14,841;0,400;0,000;2,600;31,011;0,000;31,011;0,000;22,992;1,200;8,028;0,800;0;0;0;20,692;0,200;22,992;0,100;28,501;0,100;33,182;0,000;33,182;0,000;33,182;0,000;33,182;0,000;33,182;0,000;6,531;0,400
0510201002;7,607;1,300;25,513;0,300;7,378;1,500;0,000;5,450;13,110;0,700;6,531;2,420;24,655;0,156;24,655;0,100;17,877;4,200;8,503;1,100;0;0;0;20,438;0,400;17,877;0,200;23,991;0,200;26,849;0,100;26,849;0,100;26,849;0,100;26,849;0,100;26,849;0,100;0,000;1,300
0510301001;6,134;0,800;31,693;0,000;6,134;0,800;5,246;2,196;14,404;0,300;6,134;1,066;57,863;0,000;31,190;0,000;16,174;1,300;50,648;0,000;0;0;0;15,611;0,100;58,911;0,000;56,433;0,000;15,611;0,100;58,911;0,000;15,611;0,100;57,709;0,000;58,911;0,000;27,700;0,200
0510401001;7,684;0,900;18,972;0,100;7,684;1,000;5,411;2,120;18,972;0,200;15,989;0,572;53,644;0,000;20,540;0,130;35,933;0,000;54,323;0,000;0;0;0;28,025;0,100;53,219;0,000;44,865;0,000;28,025;0,100;53,219;0,000;28,025;0,100;53,219;0,000;53,219;0,000;7,684;0,500
0510501001;5,601;0,800;13,602;0,300;5,601;1,100;0,000;2,608;13,602;0,400;15,138;0,572;54,668;0,000;15,138;0,130;40,165;0,000;55,457;0,000;0;0;0;30,592;0,000;54,459;0,000;43,154;0,000;30,592;0,000;54,459;0,000;30,592;0,000;54,459;0,000;54,459;0,000;5,601;0,500
0510601001;6,289;0,900;18,466;0,100;6,289;0,900;9,824;2,998;18,466;0,100;20,362;0,286;42,954;0,000;20,362;0,130;36,564;0,000;43,756;0,000;0;0;0;39,802;0,000;42,778;0,000;33,110;0,000;39,802;0,000;42,778;0,000;39,802;0,000;42,778;0,000;42,778;0,000;6,289;0,600
0510701001;11,681;0,500;35,066;0,000;6,623;0,900;10,089;2,070;24,267;0,100;23,746;0,442;36,083;0,000;29,695;0,120;20,507;0,900;19,159;0,400;0;0;0;34,325;0,000;34,325;0,000;34,325;0,000;34,325;0,000;34,325;0,000;34,325;0,000;34,325;0,000;34,325;0,000;15,649;0,200
0510801001;7,797;0,600;17,589;0,100;7,797;0,700;6,809;3,302;7,797;0,400;7,797;1,014;59,624;0,000;17,067;0,130;9,214;2,800;61,077;0,000;0;0;0;6,809;0,500;60,129;0,000;58,456;0,000;6,809;0,300;60,129;0,000;6,809;0,300;60,129;0,000;60,129;0,000;26,542;0,100
0510901001;14,044;0,600;31,488;0,000;12,403;1,000;7,449;3,392;12,988;0,300;12,403;1,248;42,575;0,000;32,155;0,000;18,864;0,800;13,446;0,600;0;0;0;37,971;0,000;37,817;0,000;40,599;0,000;40,599;0,000;37,817;0,000;11,876;0,300;40,599;0,000;40,599;0,000;6,103;1,000
0511001001;6,256;1,000;12,904;0,300;0,000;1,800;0,000;3,274;12,904;0,300;12,607;0,650;54,577;0,000;12,607;0,390;48,592;0,000;55,335;0,000;0;0;0;41,562;0,000;55,374;0,000;32,207;0,000;53,735;0,000;55,374;0,000;53,735;0,000;55,374;0,000;55,374;0,000;18,474;0,300
0511201001;5,050;0,600;20,005;0,100;5,050;0,700;4,600;3,570;5,050;0,400;5,050;1,014;61,642;0,000;19,470;0,130;11,682;2,000;61,266;0,000;0;0;0;4,600;0,700;62,235;0,000;60,427;0,000;4,600;0,600;62,235;0,000;4,600;0,600;62,087;0,000;62,235;0,000;28,673;0,100
0511301001;3,729;0,900;25,679;0,100;3,729;1,000;5,426;2,226;3,729;0,700;3,729;1,482;69,268;0,000;25,134;0,130;20,043;1,300;65,380;0,000;0;0;0;5,426;0,400;69,984;0,000;67,987;0,000;5,426;0,300;69,984;0,000;5,426;0,300;69,540;0,000;69,984;0,000;28,329;0,100
0511401001;4,061;1,100;20,664;0,100;0,000;2,000;4,061;5,290;21,138;0,300;22,004;0,806;56,912;0,000;20,177;0,130;25,054;0,700;11,525;1,700;0;0;0;53,936;0,000;25,126;0,100;54,422;0,000;54,422;0,000;25,126;0,100;30,144;0,000;53,936;0,000;54,422;0,000;18,506;0,400
0511402001;0,000;1,400;24,556;0,100;4,061;1,600;0,000;5,498;24,891;0,300;18,361;0,806;55,129;0,000;24,151;0,130;21,189;0,700;14,218;1,400;0;0;0;52,151;0,000;29,168;0,100;52,763;0,000;52,763;0,000;29,168;0,100;27,501;0,100;52,151;0,000;52,763;0,000;15,834;0,400
0511501001;8,943;0,700;15,320;0,300;13,269;1,600;8,943;4,562;21,096;0,300;13,269;1,560;21,938;0,156;21,938;0,220;10,641;6,200;17,215;0,800;0;0;0;15,320;0,200;17,045;0,200;21,479;0,100;21,479;0,100;21,479;0,100;21,479;0,200;21,479;0,100;21,479;0,100;21,479;0,100
0511601001;5,373;0,700;38,445;0,000;5,373;0,600;5,373;2,282;22,478;0,100;5,373;0,754;54,233;0,000;37,974;0,000;20,932;0,900;43,048;0,000;0;0;0;23,670;0,100;55,548;0,000;52,697;0,000;23,670;0,100;55,548;0,000;23,670;0,100;53,702;0,000;55,548;0,000;23,443;0,200
0511701001;7,966;0,600;31,655;0,000;10,757;1,200;0,000;4,080;19,374;0,200;10,757;1,014;49,815;0,000;31,477;0,000;14,248;1,100;17,147;1,000;0;0;0;46,659;0,000;36,720;0,000;47,635;0,000;47,635;0,000;36,720;0,000;21,652;0,100;47,635;0,000;47,635;0,000;10,757;0,600
0511801001;13,877;0,500;41,795;0,000;11,544;1,000;11,019;2,558;11,019;0,300;13,325;1,144;42,946;0,000;37,068;0,000;8,637;1,900;9,532;0,900;0;0;0;40,865;0,000;40,865;0,000;40,865;0,000;40,865;0,000;40,865;0,000;31,108;0,000;40,865;0,000;40,865;0,000;21,557;0,300
0511901001;9,258;0,500;32,209;0,000;5,194;0,900;7,783;2,260;26,225;0,100;26,458;0,442;33,211;0,000;26,809;0,120;19,609;1,100;19,903;0,500;0;0;0;31,489;0,000;31,489;0,000;31,489;0,000;31,489;0,000;31,489;0,000;31,489;0,000;31,489;0,000;31,489;0,000;14,370;0,400
0512001001;11,375;1,500;13,239;0,900;9,821;2,100;6,661;8,104;12,574;0,600;12,267;1,716;14,421;0,468;9,494;0,660;2,572;11,700;8,413;1,300;0;0;0;12,248;0,600;12,248;0,400;12,248;0,300;12,248;0,300;12,248;0,300;12,248;0,400;12,248;0,300;12,248;0,300;12,248;0,500
0512101001;7,348;1,500;8,288;0,900;7,888;2,000;2,941;8,068;7,629;0,600;7,430;1,560;9,453;0,468;4,593;1,020;2,941;12,700;7,430;1,400;0;0;0;7,348;0,600;7,348;0,400;7,348;0,300;7,348;0,300;7,348;0,300;7,348;0,400;7,348;0,300;7,348;0,300;7,348;0,500
0512201001;17,686;0,400;44,210;0,000;17,686;0,500;14,368;1,714;24,024;0,100;17,686;0,572;43,552;0,000;43,828;0,000;22,578;1,200;31,599;0,000;0;0;0;33,759;0,000;45,116;0,000;41,937;0,000;33,759;0,000;45,116;0,000;33,759;0,000;42,667;0,000;44,558;0,000;21,079;0,200
0512301001;11,649;1,500;8,077;0,900;12,175;2,200;11,649;6,986;12,175;0,700;12,652;2,310;12,830;0,468;12,830;0,420;0,000;14,000;9,795;1,300;2;0;2;8,077;0,700;5,235;0,600;13,482;0,300;13,482;0,300;13,482;0,300;13,482;0,300;13,482;0,300;13,482;0,300;13,482;0,500
0512401001;13,235;0,800;15,956;0,100;13,235;0,900;4,491;4,516;13,235;0,600;11,855;1,274;54,869;0,000;15,512;0,130;4,491;4,100;57,583;0,000;0;0;0;12,184;0,500;55,270;0,000;53,761;0,000;12,184;0,300;55,270;0,000;12,184;0,300;55,270;0,000;55,270;0,000;25,308;0,100
0512501001;10,853;0,600;31,033;0,000;10,853;0,700;9,551;2,494;31,033;0,000;27,726;0,156;32,295;0,000;26,979;0,120;26,210;0,400;32,882;0,000;0;0;0;31,713;0,000;31,713;0,000;30,560;0,000;31,713;0,000;31,713;0,000;31,713;0,000;31,713;0,000;31,713;0,000;7,044;0,500
0512601001;5,628;0,600;37,417;0,000;5,628;0,600;5,628;1,640;24,652;0,100;5,628;0,624;54,914;0,000;39,005;0,000;24,500;0,200;42,411;0,000;0;0;0;26,013;0,100;53,778;0,000;53,778;0,000;26,013;0,100;53,778;0,000;26,013;0,100;53,778;0,000;53,778;0,000;19,883;0,200
0512701001;5,244;1,100;22,452;0,100;12,268;1,100;0,000;4,742;20,754;0,200;14,478;0,780;41,639;0,000;23,194;0,130;35,966;0,000;41,574;0,000;0;0;0;29,727;0,100;42,650;0,000;18,434;0,100;42,650;0,000;42,650;0,000;42,650;0,000;42,650;0,000;42,650;0,000;5,244;0,600
0512801001;7,730;1,400;7,827;0,900;12,032;2,000;0,000;8,272;12,618;0,600;11,812;1,976;13,583;0,468;13,583;0,660;7,730;12,400;5,468;1,400;0;0;0;7,827;0,600;12,189;0,400;12,189;0,300;12,189;0,300;12,189;0,300;12,189;0,400;12,189;0,300;12,189;0,300;12,189;0,400
0512901001;10,959;0,500;36,637;0,000;10,959;0,600;5,627;2,582;24,156;0,200;10,959;0,754;48,420;0,000;36,213;0,000;18,024;1,500;40,414;0,000;0;0;0;24,947;0,100;49,676;0,000;46,909;0,000;24,947;0,100;49,676;0,000;24,947;0,100;47,993;0,000;49,676;0,000;25,835;0,200
0513001001;14,764;1,200;15,127;0,300;14,688;1,200;7,961;4,970;14,983;0,400;14,887;0,910;15,363;0,156;11,268;0,460;9,023;5,800;16,161;0,500;0;0;0;15,233;0,200;15,233;0,200;15,233;0,200;15,233;0,100;15,233;0,100;15,233;0,100;15,233;0,100;15,233;0,100;12,893;0,600
0513101001;16,392;0,300;34,566;0,000;5,192;0,700;9,121;1,978;19,149;0,100;21,060;0,442;35,677;0,000;29,545;0,120;15,101;1,000;12,747;0,700;0;0;0;33,700;0,000;33,700;0,000;33,700;0,000;33,700;0,000;33,700;0,000;29,780;0,100;33,700;0,000;33,700;0,000;21,675;0,200
0513201001;0,000;1,700;6,668;0,300;0,000;1,900;6,256;2,894;6,668;0,300;6,603;0,520;55,319;0,000;6,603;0,390;49,095;0,000;56,431;0,000;0;0;0;46,320;0,000;55,877;0,000;35,190;0,000;47,480;0,000;55,877;0,000;47,480;0,000;55,877;0,000;55,877;0,000;17,949;0,400
0513301001;11,494;1,100;14,139;0,500;7,327;1,400;6,049;5,768;15,048;0,200;14,420;1,066;16,756;0,156;14,181;0,460;4,060;8,200;6,049;1,200;0;0;0;14,139;0,600;14,605;0,400;14,605;0,300;14,605;0,300;14,605;0,300;14,605;0,600;14,605;0,300;14,605;0,300;14,605;0,400
0513401001;8,593;0,600;18,724;0,100;7,062;1,000;8,593;3,420;20,248;0,200;20,248;0,676;56,927;0,000;18,898;0,130;27,694;0,300;16,537;0,800;0;0;0;52,506;0,000;24,462;0,100;54,898;0,000;54,898;0,000;24,462;0,100;26,290;0,100;54,898;0,000;54,898;0,000;14,309;0,600
0513501001;0,000;1,600;28,388;0,200;0,000;2,000;0,000;4,974;27,918;0,200;28,206;0,520;29,180;0,156;22,916;0,220;21,742;3,600;25,320;0,500;0;0;0;27,911;0,100;27,911;0,100;27,911;0,100;27,911;0,100;27,911;0,100;27,911;0,100;27,911;0,100;27,911;0,100;7,741;0,600
0513601001;12,421;0,900;29,764;0,100;0,000;1,800;4,118;3,908;23,936;0,200;24,933;0,962;30,849;0,000;24,614;0,120;14,418;3,300;15,845;0,500;0;0;0;28,938;0,100;28,938;0,100;28,938;0,100;28,938;0,100;28,938;0,100;28,879;0,200;28,938;0,100;28,938;0,100;18,854;0,300
0513801001;9,891;0,900;18,803;0,300;9,891;1,100;0,000;5,132;18,389;0,200;18,676;0,650;19,507;0,156;13,462;0,460;14,415;4,400;19,790;0,500;0;0;0;18,438;0,200;18,438;0,100;18,438;0,200;18,438;0,100;18,438;0,100;18,438;0,100;18,438;0,100;18,438;0,100;15,822;0,300
0513901001;5,553;0,900;27,710;0,300;6,404;1,600;5,553;4,836;22,647;0,300;12,249;1,118;29,073;0,156;24,505;0,220;0,000;5,900;5,553;1,200;2;0;2;26,850;0,200;26,850;0,100;26,850;0,100;26,850;0,100;26,850;0,100;14,709;0,400;26,850;0,100;26,850;0,100;12,249;0,500
0514001001;6,907;1,100;27,709;0,300;8,406;1,300;6,907;4,642;25,343;0,300;8,537;1,378;30,620;0,000;27,278;0,120;6,907;4,500;6,907;1,300;0;0;0;27,709;0,200;28,441;0,100;28,441;0,100;28,441;0,100;28,441;0,100;7,995;0,400;28,441;0,100;28,441;0,100;8,537;0,600
0514101001;10,073;1,500;10,587;0,700;10,449;1,900;5,790;7,616;10,092;0,600;10,367;1,690;11,455;0,468;5,087;0,660;8,017;11,700;11,508;1,200;0;0;0;10,073;0,400;10,073;0,400;10,073;0,400;10,073;0,300;10,073;0,300;10,073;0,400;10,073;0,300;10,073;0,300;10,073;0,500
0514201001;8,653;0,500;40,719;0,000;6,184;0,900;6,184;3,142;13,855;0,300;6,184;0,754;42,906;0,000;38,644;0,000;5,573;2,000;8,462;1,000;0;0;0;40,685;0,000;40,685;0,000;40,685;0,000;40,685;0,000;40,685;0,000;19,035;0,100;40,685;0,000;40,685;0,000;6,184;0,600
0514301001;6,322;0,600;31,145;0,000;6,322;0,700;6,322;2,314;30,774;0,000;27,118;0,156;31,756;0,000;25,922;0,120;26,100;0,500;31,273;0,000;0;0;0;30,856;0,000;30,856;0,000;30,856;0,000;30,856;0,000;30,856;0,000;30,856;0,000;30,856;0,000;30,856;0,000;3,728;0,800
0514401001;16,053;0,300;32,965;0,000;16,053;0,400;8,763;2,430;24,479;0,200;16,053;0,572;44,205;0,000;32,596;0,000;14,043;2,100;41,459;0,000;0;0;0;24,809;0,100;45,263;0,000;42,778;0,000;24,809;0,100;45,263;0,000;24,809;0,100;44,077;0,000;45,263;0,000;22,145;0,100
0514501001;10,080;0,800;22,654;0,300;7,566;1,300;3,800;4,198;22,057;0,200;22,087;0,676;23,687;0,156;17,334;0,220;12,214;4,500;15,244;0,600;0;0;0;21,900;0,200;21,900;0,100;21,900;0,100;21,900;0,100;21,900;0,100;21,900;0,200;21,900;0,100;21,900;0,100;17,803;0,400
0514701001;7,595;0,800;38,284;0,000;12,041;1,100;7,595;3,156;11,723;0,300;12,041;1,014;39,471;0,000;34,359;0,000;4,520;2,500;0,000;1,800;0;2;2;37,268;0,000;37,268;0,000;37,268;0,000;37,268;0,000;37,268;0,000;22,165;0,100;37,268;0,000;37,268;0,000;12,041;0,400
0514801001;7,016;0,800;28,432;0,200;7,016;1,100;6,815;3,650;28,093;0,200;28,264;0,520;28,986;0,156;23,333;0,220;23,180;3,100;29,455;0,100;0;0;0;28,201;0,100;28,201;0,100;28,201;0,100;28,201;0,100;28,201;0,100;28,201;0,100;28,201;0,100;28,201;0,100;6,902;0,600
0514901001;8,783;1,000;27,576;0,300;8,818;1,200;8,783;4,542;23,529;0,300;8,818;1,248;30,921;0,000;27,982;0,120;8,783;4,200;8,783;1,100;0;0;0;27,576;0,200;28,781;0,100;28,781;0,100;28,781;0,100;28,781;0,100;5,916;0,400;28,781;0,100;28,781;0,100;8,818;0,600
0515101001;15,033;0,300;29,922;0,100;15,033;0,500;15,033;1,352;29,922;0,100;15,033;0,156;44,210;0,000;31,747;0,000;36,716;0,000;41,086;0,000;0;0;0;34,686;0,000;43,362;0,000;42,303;0,000;34,686;0,000;43,362;0,000;34,686;0,000;43,362;0,000;43,362;0,000;9,432;0,500
0515201001;10,257;0,600;34,217;0,000;6,713;1,000;0,000;4,530;7,810;0,400;6,713;1,326;39,950;0,000;29,516;0,120;23,181;0,600;6,713;0,700;0;0;0;34,572;0,000;38,181;0,000;38,181;0,000;38,181;0,000;38,181;0,000;11,114;0,300;38,181;0,000;38,181;0,000;6,010;0,700
0515301001;10,359;0,600;22,165;0,100;10,359;0,700;9,796;1,956;10,359;0,400;10,359;0,884;75,383;0,000;21,683;0,130;21,374;1,200;74,926;0,000;0;0;0;9,796;0,400;75,832;0,000;74,237;0,000;9,796;0,300;75,832;0,000;9,796;0,300;75,832;0,000;75,832;0,000;27,339;0,200
0515401001;8,255;0,800;21,708;0,100;8,255;0,900;12,824;2,438;21,708;0,100;21,842;0,286;42,418;0,000;23,599;0,130;36,125;0,000;43,122;0,000;0;0;0;38,374;0,000;42,047;0,000;35,052;0,000;38,374;0,000;42,047;0,000;38,374;0,000;42,047;0,000;42,047;0,000;8,255;0,700
0515501001;6,688;0,600;30,246;0,000;6,688;0,600;6,688;1,810;24,287;0,100;6,688;0,624;52,963;0,000;31,853;0,000;28,636;0,100;46,246;0,000;0;0;0;25,974;0,100;52,085;0,000;49,946;0,000;25,974;0,100;52,085;0,000;25,974;0,100;52,085;0,000;52,085;0,000;17,424;0,200
0515601001;7,751;1,400;38,498;0,000;10,154;1,000;6,393;2,928;7,751;0,600;7,751;1,440;37,434;0,000;37,434;0,000;34,115;0,000;27,797;0,300;0;0;0;0,000;1,000;36,180;0,000;17,386;0,100;39,524;0,000;39,524;0,000;39,524;0,000;39,524;0,000;39,524;0,000;11,013;0,500
0515701001;16,115;0,700;28,061;0,100;16,115;0,800;7,426;2,742;28,061;0,100;23,640;0,260;30,613;0,000;26,391;0,250;24,200;0,600;31,463;0,000;0;0;0;30,551;0,000;30,551;0,000;23,640;0,100;30,551;0,000;30,551;0,000;30,551;0,000;30,551;0,000;30,551;0,000;9,541;0,800
0515801001;8,646;1,300;21,243;0,300;8,646;1,400;0,000;6,060;21,483;0,400;9,007;1,400;20,773;0,156;20,187;0,220;15,408;3,800;22,043;0,400;0;0;0;21,904;0,300;21,904;0,200;9,007;0,400;21,904;0,100;21,904;0,100;21,904;0,100;21,904;0,100;21,904;0,100;7,913;0,800
0515901001;12,510;0,600;27,492;0,100;12,510;0,700;12,740;1,826;12,510;0,400;12,510;1,014;78,934;0,000;27,008;0,130;26,547;0,700;76,049;0,000;0;0;0;12,740;0,400;79,502;0,000;72,541;0,000;12,740;0,300;79,502;0,000;12,740;0,300;79,383;0,000;79,502;0,000;22,865;0,100
0516001001;12,331;0,900;22,878;0,100;12,331;1,000;0,000;4,098;22,878;0,100;20,958;0,520;34,675;0,000;24,487;0,130;28,313;0,200;35,704;0,000;0;0;0;35,025;0,000;35,025;0,000;20,958;0,100;35,025;0,000;35,025;0,000;35,025;0,000;35,025;0,000;35,025;0,000;9,214;0,600
0516101001;11,758;0,900;20,886;0,300;9,638;1,200;0,000;5,150;20,821;0,400;9,638;1,830;20,835;0,156;20,835;0,220;10,732;5,300;0,000;1,900;0;17;17;20,886;0,400;10,732;0,400;22,803;0,200;22,803;0,100;22,803;0,100;22,803;0,100;22,803;0,100;22,803;0,100;8,503;0,500
0516201001;13,900;0,800;19,847;0,100;13,900;0,800;8,689;1,564;19,847;0,200;16,908;0,572;61,605;0,000;20,877;0,130;32,742;0,000;61,069;0,000;0;0;0;21,990;0,100;61,191;0,000;51,712;0,000;21,990;0,100;61,191;0,000;21,990;0,100;61,191;0,000;61,191;0,000;13,900;0,500
0516301001;5,026;1,400;29,521;0,100;5,026;1,400;4,097;5,504;16,426;0,400;4,097;2,050;28,892;0,156;28,892;0,220;23,860;1,900;27,122;0,200;0;0;0;20,155;0,100;30,288;0,000;4,097;0,600;30,288;0,000;30,288;0,000;30,288;0,000;30,288;0,000;30,288;0,000;10,417;0,800
0516301002;7,589;1,500;27,496;0,200;7,398;1,500;0,000;6,520;15,518;0,400;0,000;2,930;26,745;0,156;26,745;0,220;22,065;3,300;23,554;0,400;0;0;0;17,386;0,200;28,346;0,100;0,000;1,100;28,346;0,100;28,346;0,100;28,346;0,100;28,346;0,100;28,346;0,100;13,969;0,900
0516401001;12,595;0,900;26,149;0,100;12,595;1,000;3,729;3,458;26,149;0,100;20,688;0,520;31,512;0,000;27,823;0,250;25,104;0,300;32,489;0,000;0;0;0;31,738;0,000;31,738;0,000;20,688;0,100;31,738;0,000;31,738;0,000;31,738;0,000;31,738;0,000;31,738;0,000;7,255;0,600
0516501001;0,000;1,700;14,079;0,300;0,000;1,900;5,601;2,394;14,079;0,300;15,919;0,416;49,208;0,000;15,919;0,130;42,807;0,000;50,023;0,000;0;0;0;35,356;0,000;49,057;0,000;37,819;0,000;35,356;0,000;49,057;0,000;35,356;0,000;49,057;0,000;49,057;0,000;0,000;1,400
0516601001;7,550;1,300;26,209;0,200;7,550;1,400;7,550;5,004;26,279;0,400;14,142;1,270;26,033;0,156;23,624;0,220;19,842;3,400;27,151;0,300;0;0;0;26,635;0,100;26,635;0,100;14,142;0,400;26,635;0,100;26,635;0,100;26,635;0,100;26,635;0,100;26,635;0,100;0,000;1,500
0516701001;8,727;1,200;23,216;0,100;8,727;1,000;5,568;3,858;23,216;0,200;17,354;0,520;35,499;0,000;24,547;0,130;29,391;0,100;36,650;0,000;0;0;0;32,688;0,000;36,185;0,000;17,354;0,100;36,185;0,000;36,185;0,000;36,185;0,000;36,185;0,000;36,185;0,000;9,590;0,900
0516801001;0,000;1,200;30,626;0,000;2,158;1,100;2,158;3,382;14,773;0,400;2,158;1,830;31,942;0,000;31,942;0,000;12,743;2,100;5,962;1,200;0;0;0;14,773;0,300;20,078;0,100;33,729;0,000;33,729;0,000;33,729;0,000;33,729;0,000;33,729;0,000;33,729;0,000;14,773;0,500
0516801002;2,158;0,800;28,577;0,100;0,000;1,700;0,000;3,978;15,947;0,300;0,000;2,350;29,796;0,156;29,796;0,100;12,269;2,500;4,894;1,500;0;0;0;15,947;0,200;18,012;0,100;31,593;0,000;31,593;0,000;31,593;0,000;31,593;0,000;31,593;0,000;31,593;0,000;13,855;0,500
0516802001;5,546;0,900;25,295;0,300;3,394;1,500;0,000;5,270;17,940;0,400;3,394;2,350;26,403;0,156;26,403;0,100;11,975;5,500;5,234;1,500;0;0;0;17,940;0,300;14,719;0,400;28,207;0,100;28,207;0,100;28,207;0,100;28,207;0,100;28,207;0,100;28,207;0,100;12,184;0,600
0516802002;5,962;0,500;28,976;0,200;4,894;1,500;4,894;3,322;20,675;0,300;4,894;2,090;29,080;0,156;29,080;0,100;16,777;2,600;0,000;1,900;0;17;17;20,675;0,300;18,544;0,100;31,063;0,000;31,063;0,000;31,063;0,000;31,063;0,000;31,063;0,000;31,063;0,000;9,485;0,400
0516901001;7,020;1,400;28,223;0,200;7,020;1,200;6,127;4,434;27,214;0,300;15,208;0,780;29,747;0,156;27,287;0,350;23,560;1,100;30,868;0,000;0;0;0;30,352;0,000;30,352;0,000;15,208;0,100;30,352;0,000;30,352;0,000;30,352;0,000;30,352;0,000;30,352;0,000;3,718;1,200
0517001001;4,370;0,900;20,985;0,100;4,370;0,900;3,770;2,880;4,370;0,700;4,370;1,482;69,848;0,000;20,451;0,130;18,146;1,300;68,901;0,000;0;0;0;3,770;0,700;70,381;0,000;68,661;0,000;3,770;0,600;70,381;0,000;3,770;0,600;70,355;0,000;70,381;0,000;27,923;0,100
0517101001;11,128;1,100;11,128;0,300;9,791;1,300;8,423;5,414;10,159;0,600;10,677;1,950;57,115;0,000;10,677;0,390;2,780;4,600;59,894;0,000;0;0;0;10,622;0,700;57,333;0,000;56,108;0,000;12,985;0,300;57,333;0,000;12,985;0,300;57,333;0,000;57,333;0,000;20,473;0,200
0517201001;13,811;1,200;14,262;0,500;13,950;1,500;5,169;5,942;13,934;0,400;14,093;1,690;14,825;0,468;9,306;0,660;9,328;9,100;15,287;0,500;0;0;0;14,059;0,400;14,059;0,400;14,059;0,400;14,059;0,300;14,059;0,300;14,059;0,300;14,059;0,300;14,059;0,300;14,059;0,500
0517301001;15,637;0,600;12,118;0,500;8,612;1,100;8,612;4,090;16,417;0,300;8,612;1,270;17,063;0,156;17,063;0,220;0,000;8,500;13,953;0,900;2;0;2;12,118;0,500;7,223;0,400;17,715;0,100;17,715;0,100;17,715;0,100;17,715;0,100;17,715;0,100;17,715;0,100;17,715;0,300
0517401001;11,567;0,600;32,753;0,000;5,088;1,000;5,088;3,236;8,554;0,400;5,088;1,326;38,924;0,000;24,524;0,120;27,405;0,200;5,088;0,500;0;0;0;32,753;0,000;37,514;0,000;37,514;0,000;37,514;0,000;37,514;0,000;16,117;0,100;37,514;0,000;37,514;0,000;10,589;0,700
0517501001;16,432;0,700;19,783;0,300;10,346;1,200;10,346;4,084;22,807;0,300;17,781;0,936;24,280;0,156;22,923;0,220;8,913;5,400;10,346;1,100;0;0;0;19,783;0,200;22,344;0,200;22,344;0,100;22,344;0,100;22,344;0,100;6,486;0,400;22,344;0,100;22,344;0,100;17,781;0,400
0517601001;13,766;1,500;14,686;0,500;13,766;1,500;5,003;6,064;14,190;0,400;14,449;1,300;15,545;0,156;9,186;0,460;11,542;8,400;15,606;0,700;0;0;0;14,163;0,400;14,163;0,400;14,163;0,300;14,163;0,300;14,163;0,300;14,163;0,300;14,163;0,300;14,163;0,300;14,163;0,500
0517701001;5,828;0,700;24,552;0,200;12,850;1,200;5,828;3,984;16,346;0,300;12,850;1,326;30,824;0,000;30,824;0,000;21,703;3,500;12,850;0,700;0;0;0;24,552;0,200;29,508;0,200;29,508;0,100;29,508;0,100;29,508;0,100;13,752;0,400;29,508;0,100;29,508;0,100;17,747;0,400
0517801001;4,439;1,000;23,008;0,100;8,382;1,300;7,298;4,084;7,298;0,600;7,298;1,686;52,493;0,000;22,071;0,250;33,057;0,000;10,802;0,600;0;0;0;46,882;0,000;29,536;0,100;50,783;0,000;50,783;0,000;29,536;0,100;23,539;0,100;50,783;0,000;50,783;0,000;6,040;0,700
0517901001;11,196;1,000;25,536;0,300;9,475;1,300;9,475;4,832;22,607;0,400;11,261;1,248;29,248;0,156;26,749;0,220;9,475;4,700;9,475;1,000;0;0;0;25,536;0,200;27,155;0,100;27,155;0,100;27,155;0,100;27,155;0,100;4,023;0,700;27,155;0,100;27,155;0,100;11,261;0,600
0518001001;7,488;0,900;29,795;0,100;10,177;1,200;7,488;4,420;19,965;0,200;14,883;1,274;30,979;0,000;25,711;0,120;4,927;4,800;7,488;1,100;0;0;0;28,797;0,100;28,797;0,100;28,797;0,100;28,797;0,100;28,797;0,100;19,575;0,200;28,797;0,100;28,797;0,100;14,883;0,500
0518101001;20,240;0,300;48,568;0,000;20,240;0,500;19,088;1,488;27,955;0,200;20,240;0,572;47,270;0,000;43,089;0,000;27,707;0,400;27,707;0,200;0;0;0;39,144;0,000;47,912;0,000;45,595;0,000;39,144;0,000;47,912;0,000;39,144;0,000;45,953;0,000;47,826;0,000;19,762;0,200
0518201001;9,122;1,100;15,010;0,100;6,226;1,000;6,226;3,038;15,010;0,200;15,488;0,650;48,351;0,000;15,488;0,130;42,376;0,000;49,309;0,000;0;0;0;37,242;0,000;49,155;0,000;26,432;0,100;49,155;0,000;49,155;0,000;49,155;0,000;49,155;0,000;49,155;0,000;13,150;0,600
0518301001;17,044;0,500;28,856;0,100;12,472;1,000;6,809;3,382;14,424;0,300;12,472;1,248;33,823;0,000;32,621;0,000;17,439;1,000;12,472;0,700;0;0;0;28,856;0,100;31,952;0,000;31,952;0,000;31,952;0,000;31,952;0,000;4,381;0,600;31,952;0,000;31,952;0,000;11,834;0,900
0518401001;7,776;0,400;27,453;0,100;9,691;0,800;7,496;3,112;8,881;0,300;8,395;1,140;35,840;0,000;33,073;0,000;8,078;2,400;12,791;1,500;0;0;0;8,881;0,400;26,029;0,100;34,045;0,000;34,045;0,000;33,073;0,000;33,934;0,000;33,934;0,000;34,045;0,000;8,881;0,500
0518501001;11,344;0,800;12,441;0,500;12,488;1,300;4,993;5,468;16,053;0,300;15,273;1,066;17,358;0,156;17,135;0,220;9,460;6,400;6,642;1,200;0;0;0;12,441;0,400;15,593;0,200;15,593;0,100;15,593;0,100;15,593;0,100;13,824;0,400;15,593;0,100;15,593;0,100;15,593;0,400
0518601001;0,000;1,200;34,733;0,000;0,000;1,200;0,000;2,646;19,348;0,100;0,000;1,846;58,834;0,000;36,169;0,000;21,950;0,500;47,862;0,000;0;0;0;20,825;0,100;57,836;0,000;56,634;0,000;20,825;0,100;57,836;0,000;20,825;0,100;57,836;0,000;57,836;0,000;23,073;0,200
0518701001;5,299;1,500;32,675;0,000;7,913;1,200;0,000;4,928;13,086;0,400;7,715;1,400;34,925;0,000;33,500;0,000;29,891;0,100;32,510;0,000;0;0;0;20,029;0,100;36,323;0,000;8,962;0,300;36,323;0,000;36,323;0,000;36,323;0,000;36,323;0,000;36,323;0,000;5,299;0,700
0518702001;5,108;1,500;34,573;0,000;7,509;1,200;3,632;4,748;9,580;0,400;4,116;1,790;37,103;0,000;35,236;0,000;32,266;0,000;33,441;0,000;0;0;0;17,575;0,100;38,631;0,000;10,431;0,300;38,631;0,000;38,631;0,000;38,631;0,000;38,631;0,000;38,631;0,000;6,947;0,700
0518801001;6,175;0,500;34,452;0,000;6,175;0,600;6,175;1,444;33,999;0,000;24,190;0,156;35,209;0,000;29,008;0,120;27,615;0,200;30,543;0,000;0;0;0;34,008;0,000;34,008;0,000;34,008;0,000;34,008;0,000;34,008;0,000;34,008;0,000;34,008;0,000;34,008;0,000;3,824;0,800
0518901001;7,751;1,000;8,978;0,300;8,978;1,100;0,000;2,856;8,978;0,300;6,119;0,780;66,359;0,000;7,751;0,390;51,183;0,000;67,355;0,000;0;0;0;37,594;0,000;66,607;0,000;48,571;0,000;37,594;0,000;66,607;0,000;37,594;0,000;66,607;0,000;66,607;0,000;11,216;0,400
0519001001;11,966;1,000;11,674;0,500;16,251;1,000;4,244;5,204;16,848;0,300;16,043;1,066;17,755;0,156;17,755;0,220;11,674;6,400;9,083;1,000;0;0;0;11,674;0,400;16,424;0,200;16,424;0,100;16,424;0,100;16,424;0,100;16,201;0,200;16,424;0,100;16,424;0,100;16,424;0,400
0519101001;7,741;0,500;34,588;0,000;7,741;0,600;7,741;1,844;34,193;0,000;23,596;0,156;35,240;0,000;29,283;0,120;29,415;0,200;33,022;0,000;0;0;0;34,253;0,000;34,253;0,000;34,253;0,000;34,253;0,000;34,253;0,000;34,253;0,000;34,253;0,000;34,253;0,000;0,000;1,200
0519201001;13,923;0,400;17,127;0,100;13,923;0,500;11,877;1,900;13,923;0,400;13,923;0,728;74,591;0,000;16,709;0,130;16,709;1,200;77,354;0,000;0;0;0;12,566;0,400;74,840;0,000;73,556;0,000;12,566;0,300;74,840;0,000;12,566;0,300;74,840;0,000;74,840;0,000;21,188;0,100
0519301001;6,978;0,600;31,533;0,000;10,960;0,900;3,976;3,594;18,037;0,200;14,094;0,884;51,095;0,000;31,119;0,000;14,255;1,100;15,775;0,900;0;0;0;48,143;0,000;36,076;0,000;48,955;0,000;48,955;0,000;36,076;0,000;25,559;0,100;48,143;0,000;48,955;0,000;11,405;0,800
0519401001;14,618;0,900;20,043;0,300;7,528;1,100;7,528;4,444;22,267;0,300;16,452;0,936;23,864;0,156;21,777;0,220;6,439;5,700;7,528;1,300;0;0;0;20,043;0,200;21,809;0,200;21,809;0,100;21,809;0,100;21,809;0,100;7,201;0,400;21,809;0,100;21,809;0,100;16,452;0,400
0519501001;12,953;1,600;13,254;0,700;12,706;2,100;8,592;7,788;13,380;0,700;12,953;2,180;13,019;0,468;11,603;0,660;7,024;10,300;14,166;0,800;0;0;0;13,764;0,400;13,764;0,400;13,764;0,400;13,764;0,300;13,764;0,300;13,764;0,300;13,764;0,300;13,764;0,300;13,026;0,900
0519601001;4,337;0,800;36,845;0,000;6,406;0,700;4,337;3,006;15,046;0,100;6,406;0,754;38,684;0,000;34,228;0,000;4,337;2,300;4,337;1,300;0;0;0;36,460;0,000;36,460;0,000;36,460;0,000;36,460;0,000;36,460;0,000;17,339;0,100;36,460;0,000;36,460;0,000;6,406;0,600
0519701001;10,037;1,400;10,496;0,700;10,210;2,000;4,716;7,706;10,146;0,600;10,340;1,690;11,118;0,468;5,522;0,660;6,211;11,600;11,513;0,900;0;0;0;10,260;0,400;10,260;0,400;10,260;0,400;10,260;0,300;10,260;0,300;10,260;0,300;10,260;0,300;10,260;0,300;10,260;0,500
0519801001;9,618;0,700;41,928;0,000;10,725;1,100;6,644;3,356;9,319;0,300;11,013;1,014;43,276;0,000;38,397;0,000;0,000;3,200;4,520;1,500;2;0;2;41,058;0,000;41,058;0,000;41,058;0,000;41,058;0,000;41,058;0,000;22,991;0,100;41,058;0,000;41,058;0,000;11,013;0,500
0519901001;8,268;0,900;8,268;0,300;6,872;1,300;7,360;5,162;7,360;0,600;7,735;1,690;61,250;0,000;7,735;0,390;4,913;4,300;64,050;0,000;0;0;0;7,778;0,700;61,393;0,000;60,284;0,000;12,535;0,300;61,393;0,000;12,535;0,300;61,393;0,000;61,393;0,000;17,196;0,200
0520001001;3,898;0,900;35,357;0,000;3,898;0,900;3,814;2,864;18,741;0,100;3,898;1,222;55,967;0,000;34,870;0,000;18,599;1,100;46,608;0,000;0;0;0;19,954;0,100;57,160;0,000;54,477;0,000;19,954;0,100;57,160;0,000;19,954;0,100;55,610;0,000;57,160;0,000;26,075;0,200
0520101001;9,477;1,200;21,265;0,300;10,394;1,300;4,280;4,774;14,415;0,500;10,394;2,160;20,388;0,156;20,388;0,220;14,507;4,500;7,189;1,100;0;0;0;22,129;0,300;14,507;0,400;22,352;0,200;22,588;0,100;22,588;0,100;22,588;0,100;22,588;0,100;22,588;0,100;4,280;0,700
0520401001;0,000;1,500;22,382;0,300;12,899;1,300;0,000;4,912;21,160;0,300;17,654;1,170;28,983;0,156;28,983;0,100;19,567;4,600;17,654;0,500;0;0;0;22,382;0,200;25,908;0,200;28,032;0,100;28,032;0,100;28,032;0,100;18,736;0,200;28,032;0,100;28,032;0,100;22,935;0,300
0520501001;14,935;0,800;16,264;0,300;12,795;1,500;9,255;4,790;15,646;0,200;15,619;0,676;17,342;0,156;11,143;0,460;7,127;5,400;12,795;1,000;0;0;0;15,457;0,200;15,457;0,200;15,457;0,100;15,457;0,100;15,457;0,100;15,457;0,200;15,457;0,100;15,457;0,100;15,457;0,400
0520601001;7,136;1,300;4,965;1,200;10,429;2,000;4,888;7,430;10,763;0,600;10,571;1,950;11,622;0,468;11,622;0,420;4,965;12,800;8,511;1,200;0;0;0;4,965;0,900;10,982;0,600;10,982;0,300;10,982;0,300;10,982;0,300;10,982;0,400;10,982;0,300;10,982;0,300;10,982;0,400
0520701001;8,955;1,000;12,261;0,300;8,955;1,100;0,000;4,334;12,261;0,300;13,448;0,780;46,388;0,000;13,448;0,390;40,148;0,000;47,492;0,000;0;0;0;40,612;0,000;46,927;0,000;27,508;0,100;46,927;0,000;46,927;0,000;46,927;0,000;46,927;0,000;46,927;0,000;15,097;0,300
0520801001;11,932;0,900;20,570;0,100;11,343;1,100;11,932;3,480;15,763;0,200;15,763;0,806;53,677;0,000;21,123;0,130;27,311;0,200;18,381;0,700;0;0;0;48,983;0,000;26,786;0,100;51,704;0,000;51,704;0,000;26,786;0,100;22,982;0,100;51,704;0,000;51,704;0,000;9,881;0,800
0520901001;15,943;0,300;37,790;0,000;9,008;0,700;12,745;1,958;15,336;0,100;17,447;0,442;38,924;0,000;32,917;0,000;11,968;1,400;10,490;0,700;0;0;0;36,889;0,000;36,889;0,000;36,889;0,000;36,889;0,000;36,889;0,000;30,017;0,000;36,889;0,000;36,889;0,000;22,151;0,300
0521001001;12,493;0,900;20,651;0,300;4,478;1,500;4,478;5,168;21,962;0,300;15,600;0,936;23,670;0,156;20,784;0,220;4,204;6,300;4,478;1,600;0;0;0;20,651;0,200;21,519;0,100;21,519;0,100;21,519;0,100;21,519;0,100;9,082;0,400;21,519;0,100;21,519;0,100;15,600;0,400
0521101001;12,337;1,400;20,209;0,300;10,237;1,300;6,050;4,744;16,767;0,400;7,302;1,500;19,446;0,156;19,446;0,220;14,864;4,100;17,537;0,500;0;0;0;21,073;0,300;21,073;0,200;7,302;0,400;21,073;0,100;21,073;0,100;21,073;0,100;21,073;0,100;21,073;0,100;13,875;0,700
0521201001;10,567;1,100;23,852;0,200;10,567;1,200;8,307;4,690;23,863;0,200;16,073;0,910;23,786;0,156;20,862;0,220;17,446;3,600;24,830;0,300;0;0;0;24,192;0,100;24,192;0,100;16,073;0,200;24,192;0,100;24,192;0,100;24,192;0,100;24,192;0,100;24,192;0,100;3,265;1,000
0521301001;5,774;0,500;31,312;0,000;5,774;0,800;5,774;2,110;29,870;0,100;29,634;0,312;32,238;0,000;25,821;0,120;21,821;0,900;23,470;0,300;0;0;0;30,684;0,000;30,684;0,000;30,684;0,000;30,684;0,000;30,684;0,000;30,684;0,000;30,684;0,000;30,684;0,000;10,838;0,400
0521401001;2,546;0,900;23,222;0,100;2,546;1,000;3,822;3,180;2,546;0,700;2,546;1,482;64,589;0,000;22,678;0,130;15,334;1,500;62,028;0,000;0;0;0;3,822;0,700;65,278;0,000;63,323;0,000;3,822;0,600;65,278;0,000;3,822;0,600;64,904;0,000;65,278;0,000;31,480;0,000
0521501001;10,005;1,000;23,768;0,100;10,005;1,000;11,257;2,020;23,768;0,200;14,523;0,754;48,282;0,000;25,528;0,130;36,258;0,000;47,929;0,000;0;0;0;31,281;0,000;47,682;0,000;42,508;0,000;31,281;0,000;47,682;0,000;31,281;0,000;47,682;0,000;47,682;0,000;10,005;0,500
0521601001;6,319;0,900;15,357;0,100;6,319;0,900;6,098;3,154;15,357;0,100;17,231;0,416;43,895;0,000;17,231;0,130;37,467;0,000;44,788;0,000;0;0;0;41,555;0,000;43,914;0,000;31,504;0,000;41,555;0,000;43,914;0,000;41,555;0,000;43,914;0,000;43,914;0,000;6,319;0,600
0521701001;5,576;0,600;33,914;0,000;5,576;0,600;5,576;1,610;24,769;0,100;5,576;0,624;53,297;0,000;35,527;0,000;26,844;0,100;43,818;0,000;0;0;0;26,307;0,100;52,278;0,000;52,049;0,000;26,307;0,100;52,278;0,000;26,307;0,100;52,278;0,000;52,278;0,000;18,058;0,200
0521801001;23,740;0,400;45,364;0,000;20,035;0,500;15,217;1,388;22,895;0,200;16,190;0,572;43,272;0,000;43,187;0,000;22,508;0,900;22,508;0,300;0;0;0;41,582;0,000;44,576;0,000;41,582;0,000;43,447;0,000;44,821;0,000;41,745;0,000;41,745;0,000;43,592;0,000;22,980;0,200
0521901001;13,311;0,900;22,992;0,300;15,274;0,900;11,723;4,144;18,339;0,300;15,552;0,936;28,231;0,156;27,611;0,220;14,157;4,300;15,274;0,700;0;0;0;22,992;0,200;26,459;0,100;26,459;0,100;26,459;0,100;26,459;0,100;5,503;0,400;26,459;0,100;26,459;0,100;17,417;0,400
0522001001;11,296;0,900;21,350;0,300;0,000;1,900;0,000;6,136;21,298;0,300;16,389;0,806;23,113;0,156;19,139;0,220;0,000;6,800;0,000;2,000;2;2;4;20,893;0,200;20,893;0,100;20,893;0,100;20,893;0,100;20,893;0,100;13,106;0,400;20,893;0,100;20,893;0,100;16,389;0,300
0522101001;0,895;1,700;7,423;0,300;0,895;1,900;5,608;3,014;7,423;0,300;7,459;0,650;54,629;0,000;7,459;0,390;48,424;0,000;55,749;0,000;0;0;0;45,426;0,000;55,210;0,000;34,332;0,000;48,161;0,000;55,210;0,000;48,161;0,000;55,210;0,000;55,210;0,000;18,131;0,400
0522201001;14,203;1,300;15,250;0,300;14,154;1,900;13,694;5,364;14,770;0,600;15,001;1,630;14,154;0,468;14,154;0,420;11,262;6,300;7,971;1,000;0;0;0;16,290;0,300;15,689;0,200;15,773;0,200;16,290;0,100;16,290;0,100;16,290;0,100;16,290;0,100;16,290;0,100;13,694;0,700
0522401001;7,036;0,900;21,462;0,300;7,036;1,300;2,883;4,412;21,018;0,200;21,350;0,520;22,214;0,156;16,040;0,220;17,087;4,100;22,240;0,600;0;0;0;21,039;0,200;21,039;0,100;21,039;0,100;21,039;0,100;21,039;0,100;21,039;0,100;21,039;0,100;21,039;0,100;13,393;0,500
0522501001;7,706;0,500;32,991;0,000;7,706;0,500;0,000;3,226;18,642;0,100;7,706;0,754;52,853;0,000;32,528;0,000;15,391;1,500;45,948;0,000;0;0;0;19,538;0,100;53,965;0,000;51,398;0,000;19,538;0,100;53,965;0,000;19,538;0,100;52,622;0,000;53,965;0,000;28,985;0,100
0522601001;5,815;0,900;26,739;0,100;5,815;0,900;5,352;2,894;5,815;0,400;5,815;1,326;64,353;0,000;26,197;0,130;16,703;1,300;59,647;0,000;0;0;0;7,449;0,400;65,172;0,000;63,024;0,000;7,449;0,300;65,172;0,000;7,449;0,300;64,498;0,000;65,172;0,000;29,001;0,100
0522701001;4,654;1,500;40,083;0,000;4,717;1,100;0,000;4,136;4,654;0,900;4,717;1,830;39,116;0,000;39,116;0,000;35,363;0,000;31,260;0,000;0;0;0;6,393;0,300;39,792;0,000;15,229;0,100;41,061;0,000;41,061;0,000;41,061;0,000;41,061;0,000;41,061;0,000;4,654;0,900
0522801001;4,742;0,800;31,187;0,000;4,742;0,800;4,742;2,122;16,609;0,100;4,742;1,092;60,587;0,000;32,504;0,000;22,937;0,400;52,451;0,000;0;0;0;18,309;0,100;59,737;0,000;56,241;0,000;18,309;0,100;59,737;0,000;18,309;0,100;59,737;0,000;59,737;0,000;20,717;0,200
0522901001;11,654;1,000;11,029;0,500;16,149;0,900;4,816;4,928;16,616;0,300;16,006;0,910;17,475;0,156;17,475;0,220;11,029;6,400;10,225;1,000;0;0;0;11,029;0,400;16,405;0,200;16,405;0,100;16,405;0,100;16,405;0,100;16,405;0,200;16,405;0,100;16,405;0,100;16,405;0,100
0523001001;9,957;0,900;23,378;0,300;2,743;1,700;2,743;4,936;22,720;0,300;16,009;0,676;24,563;0,156;20,037;0,220;2,743;6,200;2,743;1,400;0;0;0;22,341;0,200;22,341;0,100;22,341;0,100;22,341;0,100;22,341;0,100;14,950;0,400;22,341;0,100;22,341;0,100;16,009;0,300
0523101001;14,838;0,600;32,274;0,000;11,419;0,900;4,831;3,406;12,599;0,300;11,419;1,248;37,167;0,000;34,344;0,000;18,397;0,800;11,419;0,700;0;0;0;32,274;0,000;35,268;0,000;35,268;0,000;35,268;0,000;35,268;0,000;6,928;0,300;35,268;0,000;35,268;0,000;8,709;0,900
0523201001;7,693;1,500;8,179;0,900;7,977;1,900;3,129;8,016;7,749;0,600;8,069;1,690;8,955;0,468;2,876;1,020;5,476;12,000;9,154;1,300;0;0;0;7,800;0,600;7,800;0,400;7,800;0,400;7,800;0,300;7,800;0,300;7,800;0,300;7,800;0,300;7,800;0,300;7,800;0,500
0523301001;11,960;1,100;18,754;0,100;12,953;0,900;6,573;3,462;18,754;0,200;20,047;0,520;39,890;0,000;20,047;0,130;33,715;0,000;41,019;0,000;0;0;0;35,673;0,000;40,508;0,000;21,332;0,100;40,508;0,000;40,508;0,000;40,508;0,000;40,508;0,000;40,508;0,000;11,960;0,900
0523401001;7,856;0,900;26,149;0,300;5,685;1,600;5,685;4,780;23,855;0,300;14,696;1,118;27,336;0,156;22,501;0,220;2,447;5,800;5,685;1,300;0;0;0;25,123;0,200;25,123;0,100;25,123;0,100;25,123;0,100;25,123;0,100;16,239;0,200;25,123;0,100;25,123;0,100;14,696;0,500
0523501001;9,946;0,800;23,643;0,100;13,433;1,200;10,932;3,962;10,932;0,500;10,932;1,586;50,139;0,000;24,491;0,250;26,552;0,200;13,433;0,900;0;0;0;45,139;0,000;30,109;0,000;48,242;0,000;48,242;0,000;30,109;0,000;19,687;0,100;48,242;0,000;48,242;0,000;5,093;0,700
0523601001;11,909;0,700;12,070;0,300;11,032;1,000;8,671;3,788;11,536;0,600;11,567;1,378;68,050;0,000;11,567;0,390;11,317;2,400;70,825;0,000;0;0;0;10,057;0,700;68,269;0,000;67,036;0,000;10,057;0,300;68,269;0,000;10,057;0,300;68,269;0,000;68,269;0,000;18,546;0,100
0523701001;13,231;0,900;28,690;0,200;4,518;1,700;5,137;4,368;22,295;0,300;20,614;0,962;29,834;0,156;23,934;0,220;9,912;4,800;12,621;1,200;0;0;0;27,775;0,100;27,775;0,100;27,775;0,100;27,775;0,100;27,775;0,100;24,461;0,200;27,775;0,100;27,775;0,100;20,614;0,300
0523801001;11,008;1,000;22,314;0,300;11,008;1,200;0,000;5,002;22,047;0,200;22,116;0,650;22,747;0,156;17,575;0,220;16,679;3,900;23,352;0,400;0;0;0;22,213;0,200;22,213;0,100;22,213;0,200;22,213;0,100;22,213;0,100;22,213;0,100;22,213;0,100;22,213;0,100;13,011;0,900
0523901001;15,601;0,900;21,034;0,300;15,601;1,000;5,277;4,354;20,920;0,200;20,088;0,650;21,199;0,156;17,213;0,220;14,786;3,900;22,062;0,400;0;0;0;21,183;0,200;21,183;0,100;20,088;0,200;21,183;0,100;21,183;0,100;21,183;0,100;21,183;0,100;21,183;0,100;8,391;0,700
0524001001;4,415;2,000;37,973;0,000;0,000;1,500;0,000;5,060;4,505;0,900;0,000;2,610;37,087;0,000;37,087;0,000;32,905;0,000;30,746;0,000;0;0;0;10,154;0,300;38,904;0,000;11,552;0,300;38,904;0,000;38,904;0,000;38,904;0,000;38,904;0,000;38,904;0,000;4,505;1,100
0524002001;0,000;1,700;42,456;0,000;4,505;1,100;4,505;3,636;0,000;1,100;4,505;1,530;41,561;0,000;41,561;0,000;37,409;0,000;34,803;0,000;0;0;0;11,013;0,300;43,328;0,000;15,948;0,100;43,392;0,000;43,392;0,000;43,392;0,000;43,392;0,000;43,392;0,000;0,000;1,300
0524101001;2,309;1,800;33,442;0,000;8,148;1,100;2,309;3,438;2,309;0,900;2,309;1,870;32,349;0,000;32,349;0,000;29,227;0,300;22,344;0,300;0;0;0;5,462;0,300;30,717;0,000;15,441;0,100;34,479;0,000;34,479;0,000;34,479;0,000;34,479;0,000;34,479;0,000;14,791;0,600
0524101002;0,000;1,800;31,535;0,000;7,137;1,100;0,000;4,158;0,000;1,100;0,000;2,470;30,424;0,000;30,424;0,000;27,445;0,700;20,101;0,400;0;0;0;7,751;0,300;28,441;0,100;15,518;0,100;32,578;0,000;32,578;0,000;32,578;0,000;32,578;0,000;32,578;0,000;13,110;0,600
0524201001;12,361;0,800;28,397;0,100;8,845;0,900;6,900;3,430;11,893;0,300;8,845;1,196;34,141;0,000;30,985;0,000;20,916;1,100;8,845;0,600;0;0;0;28,397;0,100;32,525;0,000;32,525;0,000;32,525;0,000;32,525;0,000;9,581;0,300;32,525;0,000;32,525;0,000;12,470;0,700
0524301001;11,292;1,000;8,490;0,900;13,926;2,000;8,092;6,550;14,139;0,400;13,928;1,950;14,962;0,468;14,962;0,420;5,802;11,400;12,657;1,300;0;0;0;8,490;0,600;11,032;0,600;14,736;0,300;14,736;0,300;14,736;0,300;14,736;0,400;14,736;0,300;14,736;0,300;14,736;0,400
0524401001;5,400;0,600;24,080;0,100;5,400;0,700;5,885;2,356;5,400;0,400;5,400;1,014;71,922;0,000;23,548;0,130;21,122;1,300;69,383;0,000;0;0;0;5,885;0,400;72,531;0,000;70,694;0,000;5,885;0,300;72,531;0,000;5,885;0,300;72,329;0,000;72,531;0,000;27,489;0,100
0524501001;8,506;1,700;8,396;0,900;7,468;2,000;7,468;7,324;7,788;0,700;8,506;2,410;7,468;0,468;7,468;0,660;5,309;12,200;5,458;1,400;0;0;0;9,674;0,600;9,185;0,600;9,674;0,400;9,674;0,300;9,674;0,300;9,674;0,300;9,674;0,300;9,674;0,300;9,674;0,500
0524601001;12,594;0,500;41,726;0,000;12,594;0,600;12,594;1,604;31,323;0,000;12,594;0,624;50,687;0,000;43,439;0,000;28,735;0,100;35,669;0,000;0;0;0;32,576;0,000;49,356;0,000;49,356;0,000;32,576;0,000;49,356;0,000;32,576;0,000;49,356;0,000;49,356;0,000;17,040;0,200
0524701001;4,861;1,200;23,531;0,300;4,861;1,600;4,861;4,580;23,059;0,200;23,345;0,520;24,334;0,156;18,056;0,220;17,703;4,100;22,185;0,600;0;0;0;23,050;0,200;23,050;0,100;23,050;0,100;23,050;0,100;23,050;0,100;23,050;0,100;23,050;0,100;23,050;0,100;11,921;0,500
0524901001;7,142;0,600;18,345;0,100;7,142;0,600;5,817;2,512;7,142;0,400;7,142;1,014;70,277;0,000;17,825;0,130;16,783;1,300;71,027;0,000;0;0;0;5,817;0,400;70,699;0,000;69,148;0,000;5,817;0,300;70,699;0,000;5,817;0,300;70,699;0,000;70,699;0,000;24,818;0,100
0525101001;9,359;0,500;37,177;0,000;9,359;0,900;9,359;1,200;31,046;0,000;23,801;0,312;38,049;0,000;31,671;0,000;27,585;0,400;26,860;0,200;0;0;0;36,606;0,000;36,606;0,000;36,606;0,000;36,606;0,000;36,606;0,000;36,606;0,000;36,606;0,000;36,606;0,000;9,208;0,400
0525201001;7,882;0,800;27,281;0,200;4,856;1,700;4,147;4,338;26,698;0,300;26,763;0,676;28,286;0,156;21,887;0,220;16,688;4,200;18,572;0,600;0;0;0;26,561;0,100;26,561;0,100;26,561;0,100;26,561;0,100;26,561;0,100;26,561;0,100;26,561;0,100;26,561;0,100;14,991;0,600
0525301001;8,614;0,900;15,555;0,300;18,592;1,100;8,299;4,288;20,898;0,300;20,093;1,196;21,772;0,156;21,772;0,220;15,555;5,000;12,889;0,900;0;0;0;15,555;0,200;20,475;0,200;20,475;0,100;20,475;0,100;20,475;0,100;14,554;0,400;20,475;0,100;20,475;0,100;20,475;0,400
0525401001;5,340;0,800;17,047;0,300;15,385;1,000;5,340;3,902;22,780;0,300;18,460;1,040;23,643;0,156;23,643;0,220;15,497;5,100;16,364;0,600;0;0;0;17,047;0,200;21,246;0,200;22,706;0,100;22,706;0,100;22,706;0,100;18,249;0,200;22,706;0,100;22,706;0,100;22,706;0,300
0525601001;14,338;0,900;19,462;0,300;4,901;1,600;4,901;5,036;18,798;0,200;18,434;0,676;20,649;0,156;15,745;0,220;4,158;6,400;4,901;1,500;0;0;0;18,449;0,200;18,449;0,100;18,449;0,100;18,449;0,100;18,449;0,100;17,921;0,200;18,449;0,100;18,449;0,100;18,449;0,300
0525701001;14,659;0,500;30,005;0,000;14,659;0,600;14,659;1,664;30,005;0,000;14,659;0,468;44,559;0,000;31,823;0,000;36,340;0,000;41,171;0,000;0;0;0;34,343;0,000;43,704;0,000;42,670;0,000;34,343;0,000;43,704;0,000;34,343;0,000;43,704;0,000;43,704;0,000;9,731;0,500
0525801001;9,590;0,900;21,392;0,300;15,665;1,100;9,590;4,188;18,858;0,300;15,665;1,196;27,166;0,156;27,166;0,220;16,018;4,500;15,665;0,600;0;0;0;21,392;0,200;25,594;0,200;25,594;0,100;25,594;0,100;25,594;0,100;9,299;0,400;25,594;0,100;25,594;0,100;19,384;0,400
0525901001;12,702;0,800;27,054;0,100;14,261;0,900;9,820;4,214;12,684;0,400;12,684;1,066;46,990;0,000;27,712;0,130;22,213;0,700;14,261;1,000;0;0;0;42,302;0,000;33,375;0,000;45,025;0,000;45,025;0,000;33,375;0,000;16,303;0,100;45,025;0,000;45,025;0,000;5,255;0,800
0526001001;14,541;0,500;40,892;0,000;14,541;0,600;14,541;1,374;33,891;0,000;17,718;0,312;43,692;0,000;37,379;0,000;32,363;0,000;31,505;0,000;0;0;0;38,444;0,000;42,356;0,000;42,356;0,000;38,444;0,000;42,356;0,000;38,444;0,000;42,356;0,000;42,356;0,000;10,910;0,400
0526101001;8,809;0,800;29,661;0,100;8,809;0,900;3,995;3,452;14,704;0,400;8,809;1,326;55,088;0,000;29,178;0,130;13,143;1,900;49,864;0,000;0;0;0;15,553;0,200;56,067;0,000;53,690;0,000;15,553;0,100;56,067;0,000;15,553;0,100;55,037;0,000;56,067;0,000;31,013;0,000
0526201001;11,379;1,000;14,067;0,300;11,379;1,100;0,000;3,682;14,067;0,300;15,695;0,520;43,485;0,000;15,695;0,130;37,117;0,000;44,508;0,000;0;0;0;42,243;0,000;43,812;0,000;27,531;0,100;43,812;0,000;43,812;0,000;43,812;0,000;43,812;0,000;43,812;0,000;11,379;0,600
0526301001;9,954;0,500;33,839;0,000;9,954;0,600;9,954;1,564;33,839;0,000;21,360;0,156;37,480;0,000;31,560;0,000;31,676;0,000;35,143;0,000;0;0;0;36,522;0,000;36,522;0,000;36,522;0,000;36,522;0,000;36,522;0,000;36,522;0,000;36,522;0,000;36,522;0,000;2,314;0,800
0526401001;4,015;1,300;28,831;0,300;7,986;1,200;4,015;5,288;22,705;0,300;8,594;1,248;31,051;0,000;27,088;0,120;4,015;4,800;4,015;1,600;0;0;0;28,831;0,200;28,835;0,100;28,835;0,100;28,835;0,100;28,835;0,100;11,400;0,400;28,835;0,100;28,835;0,100;8,594;0,700
0526501001;4,998;1,000;32,408;0,000;11,645;1,100;4,998;3,634;17,532;0,100;12,169;0,754;33,595;0,000;28,554;0,120;4,998;2,600;4,998;1,500;0;0;0;31,390;0,000;31,390;0,000;31,390;0,000;31,390;0,000;31,390;0,000;18,782;0,100;31,390;0,000;31,390;0,000;12,169;0,500
0526601001;15,024;0,200;45,460;0,000;15,024;0,400;13,637;1,478;28,215;0,100;15,024;0,442;47,761;0,000;45,042;0,000;26,311;0,600;32,977;0,000;0;0;0;33,119;0,000;49,364;0,000;46,134;0,000;33,119;0,000;49,364;0,000;33,119;0,000;46,800;0,000;48,691;0,000;21,556;0,200
0526701001;17,400;0,600;21,700;0,100;17,400;0,600;12,006;1,444;17,453;0,200;17,453;0,572;65,247;0,000;22,477;0,130;31,350;0,000;63,810;0,000;0;0;0;19,294;0,100;64,820;0,000;55,152;0,000;19,294;0,100;64,820;0,000;19,294;0,100;64,820;0,000;64,820;0,000;17,400;0,200
0590101001;10,617;0,800;19,798;0,100;10,617;0,800;6,587;1,664;19,798;0,200;15,058;0,572;57,128;0,000;21,160;0,130;33,593;0,000;56,874;0,000;0;0;0;24,758;0,100;56,676;0,000;48,219;0,000;24,758;0,100;56,676;0,000;24,758;0,100;56,676;0,000;56,676;0,000;10,617;0,500
0590201001;17,515;0,700;16,104;0,300;5,786;1,200;5,786;4,666;19,790;0,300;5,786;1,660;20,340;0,156;20,340;0,220;0,000;8,000;13,551;1,200;2;0;2;16,104;0,300;8,548;0,400;21,288;0,100;21,288;0,100;21,288;0,100;21,288;0,100;21,288;0,100;21,288;0,100;20,554;0,400
0590301001;22,026;0,400;43,592;0,000;21,890;0,500;13,389;2,008;21,890;0,200;19,043;0,672;41,354;0,000;41,775;0,000;21,890;1,400;26,793;0,100;0;0;0;38,560;0,000;42,891;0,000;39,695;0,000;38,560;0,000;43,091;0,000;38,560;0,000;40,189;0,000;42,074;0,000;19,598;0,200
0590401001;11,636;0,900;28,095;0,100;11,636;0,900;12,679;2,198;11,636;0,400;11,636;1,196;67,311;0,000;28,955;0,130;24,798;0,400;61,883;0,000;0;0;0;13,546;0,300;66,680;0,000;59,533;0,000;13,546;0,300;66,680;0,000;13,546;0,300;66,680;0,000;66,680;0,000;21,851;0,200
0590501001;4,297;1,500;27,407;0,100;4,297;1,200;4,297;4,422;22,600;0,300;12,897;0,880;32,507;0,000;28,651;0,130;26,659;0,300;33,720;0,000;0;0;0;28,579;0,100;33,398;0,000;12,897;0,300;33,398;0,000;33,398;0,000;33,398;0,000;33,398;0,000;33,398;0,000;7,773;0,900
0900101001;9,901;0,800;28,147;0,100;17,978;0,500;9,901;1,788;25,090;0,100;23,982;0,260;31,867;0,000;30,786;0,000;9,901;3,000;23,982;0,200;0;0;0;9,901;0,400;30,446;0,000;30,169;0,000;9,901;0,400;30,169;0,000;30,169;0,000;30,446;0,000;30,446;0,000;30,446;0,000
0900301001;6,879;1,300;12,870;0,600;13,303;1,200;11,384;4,652;12,870;0,800;12,921;1,510;13,446;0,468;14,350;0,300;12,870;0,600;63,474;0,000;0;0;0;13,516;0,500;13,516;0,300;13,516;0,300;13,516;0,600;13,516;0,300;13,516;0,600;69,633;0,000;39,595;0,000;13,516;0,300
0900601001;9,371;1,100;23,648;0,100;9,371;1,100;9,371;1,936;26,383;0,100;18,598;0,490;46,263;0,000;43,550;0,000;10,768;1,100;27,222;0,100;0;0;0;23,485;0,200;44,823;0,000;44,396;0,000;23,485;0,200;44,396;0,000;44,396;0,000;44,823;0,000;44,823;0,000;34,650;0,000
0900701001;5,632;1,000;29,442;0,100;4,229;1,200;4,229;2,488;5,632;0,300;7,385;0,520;40,453;0,000;31,288;0,000;7,385;0,400;7,385;0,400;0;0;0;28,100;0,100;33,696;0,000;33,696;0,000;28,100;0,100;33,696;0,000;33,696;0,000;39,081;0,000;39,081;0,000;33,696;0,000
0900901001;7,778;2,200;9,776;0,600;8,151;3,700;4,943;12,700;9,896;0,900;6,966;2,680;10,218;0,468;0,000;1,690;3,173;36,400;13,208;0,400;0;0;0;8,151;3,000;9,464;1,200;8,151;1,200;8,151;1,800;8,151;1,200;8,151;1,300;8,151;1,200;9,464;0,600;11,571;0,300
0901001001;9,766;1,100;29,212;0,100;9,032;1,400;6,396;3,536;9,766;0,400;6,396;1,110;31,214;0,000;30,431;0,000;6,396;5,400;6,396;0,500;0;0;0;25,305;0,400;29,459;0,100;21,192;0,200;27,467;0,200;28,568;0,100;28,568;0,100;30,024;0,000;30,024;0,000;30,024;0,000
0901101001;20,708;0,200;24,041;0,100;0,000;1,500;8,472;0,780;34,603;0,000;23,316;0,130;63,081;0,000;62,161;0,000;21,355;0,500;28,712;0,100;0;0;0;23,316;0,100;61,979;0,000;54,774;0,000;23,316;0,100;61,979;0,000;61,979;0,000;61,979;0,000;61,979;0,000;0,000;1,000
0901201001;28,963;0,100;31,100;0,000;9,076;0,800;10,746;0,780;30,213;0,000;30,437;0,000;69,934;0,000;69,070;0,000;29,371;0,100;25,680;0,200;0;0;0;30,286;0,000;68,922;0,000;47,422;0,000;30,437;0,000;68,922;0,000;68,922;0,000;68,922;0,000;68,922;0,000;9,076;0,300
0901301001;6,695;1,200;12,164;0,300;14,234;1,100;6,695;3,636;13,801;0,700;14,404;0,950;58,001;0,000;12,535;0,390;15,144;0,200;6,695;0,600;0;0;0;13,474;0,300;13,474;0,300;13,474;0,300;13,474;0,300;13,474;0,300;13,474;0,300;56,777;0,000;56,777;0,000;13,474;0,300
0901401001;9,943;0,800;18,396;0,100;9,943;0,900;9,943;1,348;38,913;0,000;17,842;0,360;49,181;0,000;48,135;0,000;0,000;1,700;39,166;0,000;2;0;2;17,842;0,200;47,852;0,000;47,852;0,000;17,842;0,200;47,852;0,000;47,852;0,000;47,852;0,000;47,852;0,000;21,355;0,100
0901601001;5,586;1,200;6,298;0,300;9,730;1,300;5,586;3,636;9,373;0,700;10,043;0,950;62,626;0,000;7,715;0,390;10,485;0,400;5,586;0,800;0;0;0;10,567;0,300;10,567;0,300;10,567;0,300;10,567;0,300;10,567;0,300;10,567;0,300;61,347;0,000;61,347;0,000;10,567;0,300
0901701001;6,403;0,800;21,444;0,200;6,403;0,800;5,923;2,904;21,444;0,300;6,134;0,850;21,459;0,156;22,672;0,100;21,444;0,300;44,270;0,000;0;0;0;21,959;0,200;21,959;0,100;21,959;0,100;6,403;0,400;21,959;0,100;6,403;0,400;52,888;0,000;44,481;0,000;21,959;0,100
0901801001;0,409;2,400;0,469;2,000;0,469;1,900;0,313;9,156;0,313;2,100;0,420;2,120;1,101;0,936;1,365;0,600;0,713;1,500;63,989;0,000;0;0;0;0,709;1,200;0,709;1,000;0,709;1,100;0,709;1,200;0,709;1,000;0,709;1,200;74,832;0,000;26,751;0,100;0,709;1,100
0901801002;0,467;2,400;0,000;2,000;0,561;1,900;0,438;9,660;0,000;2,100;1,115;2,110;0,643;1,560;1,583;0,600;0,000;1,500;63,278;0,000;5;0;5;0,687;1,200;0,687;1,000;0,687;1,100;0,687;1,200;0,687;1,000;0,687;1,200;74,317;0,000;27,031;0,100;0,687;1,100
0901801003;0,715;2,000;0,659;2,000;0,827;1,900;0,334;9,156;0,576;2,100;0,698;2,120;1,265;0,936;1,848;0,600;0,659;1,500;63,784;0,000;0;0;0;1,066;0,800;1,066;0,600;1,066;0,700;1,066;0,800;1,066;0,600;1,066;0,800;74,640;0,000;27,263;0,100;1,066;0,700
0901801004;0,974;2,000;0,991;1,600;1,072;1,500;0,000;9,156;0,836;2,100;0,617;2,120;1,580;0,936;2,017;0,600;0,991;1,500;64,067;0,000;0;0;0;1,320;0,800;1,320;0,600;1,320;0,700;1,320;0,800;1,320;0,600;1,320;0,800;74,841;0,000;27,344;0,100;1,320;0,700
0901801005;0,820;2,000;0,858;1,600;0,858;1,900;0,000;9,056;0,733;1,700;0,000;2,120;1,514;0,936;1,543;0,600;1,115;1,400;64,390;0,000;0;0;0;1,077;0,800;1,077;0,600;1,077;0,700;1,077;0,800;1,077;0,600;1,077;0,800;75,221;0,000;26,745;0,100;1,077;0,700
0901801006;1,198;1,600;1,243;1,200;1,243;1,500;0,389;8,576;1,098;1,300;0,389;2,120;1,891;0,936;1,882;0,600;1,440;1,400;64,678;0,000;0;0;0;1,465;0,800;1,465;0,600;1,465;0,700;1,465;0,800;1,465;0,600;1,465;0,800;75,507;0,000;26,909;0,100;1,465;0,700
0901801007;0,119;2,400;0,000;2,000;0,000;1,900;0,251;10,284;0,251;2,100;0,858;2,510;0,671;1,560;1,065;0,600;0,561;1,500;63,678;0,000;0;0;0;0,248;1,200;0,248;1,000;0,248;1,100;0,248;1,200;0,248;1,000;0,248;1,200;74,368;0,000;26,524;0,100;0,248;1,100
0901801008;0,140;2,400;0,251;2,000;0,251;1,900;0,000;10,140;0,000;2,100;0,733;2,510;0,797;1,560;1,303;0,600;0,438;1,500;63,693;0,000;0;0;0;0,491;1,200;0,491;1,000;0,491;1,100;0,491;1,200;0,491;1,000;0,491;1,200;74,541;0,000;26,755;0,100;0,491;1,100
0901801009;0,000;2,400;0,119;2,000;0,119;1,900;0,140;10,764;0,140;2,100;0,820;2,510;0,694;1,560;1,183;0,600;0,467;1,500;63,654;0,000;0;0;0;0,351;1,200;0,351;1,000;0,351;1,100;0,351;1,200;0,351;1,000;0,351;1,200;74,425;0,000;26,642;0,100;0,351;1,100
0901802001;0,691;2,400;0,643;2,000;0,671;1,900;0,000;9,444;0,643;2,100;1,418;2,110;0,000;1,560;1,259;0,600;0,643;1,500;63,038;0,000;0;0;0;0,538;1,200;0,538;1,000;0,538;1,100;0,538;1,200;0,538;1,000;0,538;1,200;73,748;0,000;26,559;0,100;0,538;1,100
0901802002;0,482;2,400;0,698;2,000;0,698;2,300;0,283;9,444;0,892;2,100;1,114;2,110;0,324;1,560;0,970;1,000;0,892;1,500;63,186;0,000;0;0;0;0,474;1,200;0,474;1,000;0,474;1,100;0,474;1,200;0,474;1,000;0,474;1,200;73,673;0,000;26,236;0,100;0,474;1,100
0901802003;0,283;2,400;0,248;2,000;0,248;2,300;0,491;9,804;0,491;2,100;1,077;2,110;0,538;1,560;0,896;1,000;0,687;1,500;63,576;0,000;0;0;0;0,000;1,200;0,000;1,000;0,000;1,100;0,000;1,200;0,000;1,000;0,000;1,200;74,145;0,000;26,347;0,100;0,000;1,100
0901802004;0,000;2,400;0,494;2,000;0,494;2,300;0,423;10,068;0,745;2,100;0,808;2,120;0,691;1,560;0,620;1,000;0,968;1,500;63,668;0,000;0;0;0;0,283;1,200;0,283;1,000;0,283;1,100;0,283;1,200;0,283;1,000;0,283;1,200;74,042;0,000;26,065;0,100;0,283;1,100
0901802005;4,949;1,300;4,547;1,200;4,988;1,100;0,000;7,088;4,547;1,200;0,000;2,030;4,395;0,936;5,540;0,300;4,547;1,000;58,747;0,000;0;0;0;4,926;0,700;4,926;0,600;4,926;0,700;4,926;0,800;4,926;0,600;4,926;0,800;69,974;0,000;29,226;0,100;4,926;0,700
0901803001;0,271;2,400;0,664;1,600;0,588;2,300;0,593;10,068;0,901;1,700;0,603;2,120;0,962;1,560;0,402;1,000;1,195;1,100;63,907;0,000;0;0;0;0,516;1,200;0,516;1,000;0,516;1,100;0,516;1,200;0,516;1,000;0,516;1,200;74,142;0,000;25,860;0,100;0,516;1,100
0901803002;0,368;2,400;0,844;1,600;0,358;2,300;0,443;9,588;1,091;1,300;0,443;2,120;0,993;1,560;0,267;1,000;1,336;1,100;63,811;0,000;0;0;0;0,650;1,200;0,650;1,000;0,650;1,100;0,650;1,200;0,650;1,000;0,650;1,200;73,932;0,000;25,697;0,100;0,650;1,100
0901803003;0,808;2,000;1,264;1,200;0,443;1,900;0,000;8,604;1,503;1,300;0,000;2,120;1,418;0,936;0,201;1,000;1,775;1,100;64,048;0,000;0;0;0;1,089;0,800;1,089;0,600;1,089;0,700;1,089;0,800;1,089;0,600;1,089;0,800;73,871;0,000;25,263;0,100;1,089;0,700
0901803004;0,638;2,000;1,131;1,200;0,000;1,900;0,443;8,604;1,383;1,300;0,443;2,120;1,082;0,936;0,417;1,000;1,556;1,100;63,611;0,000;0;0;0;0,903;1,200;0,903;1,000;0,903;1,100;0,903;1,200;0,903;1,000;0,903;1,200;73,587;0,000;25,494;0,100;0,903;1,100
0901803005;4,054;1,700;4,525;0,900;3,476;1,500;3,261;7,264;4,764;1,000;3,261;1,720;4,546;0,936;3,462;0,600;5,017;1,000;65,015;0,000;0;0;0;4,337;0,800;4,337;0,600;4,337;0,700;4,337;0,900;4,337;0,600;4,337;0,900;72,582;0,000;22,018;0,100;4,337;0,700
0901803006;0,578;2,000;0,964;1,600;0,580;2,300;0,362;8,964;1,187;1,300;0,362;2,120;1,260;0,936;0,192;1,000;1,506;1,400;64,121;0,000;0;0;0;0,831;1,200;0,831;1,000;0,831;1,100;0,831;1,200;0,831;1,000;0,831;1,200;74,156;0,000;25,568;0,100;0,831;1,100
0901803007;0,620;2,000;1,065;1,200;0,417;1,900;0,201;8,964;1,303;1,300;0,201;2,120;1,259;0,936;0,000;1,000;1,583;1,100;64,010;0,000;0;0;0;0,896;1,200;0,896;1,000;0,896;1,100;0,896;1,200;0,896;1,000;0,896;1,200;73,970;0,000;25,460;0,100;0,896;1,100
0901803008;0,423;2,400;0,821;1,600;0,478;2,300;0,000;9,588;1,058;1,300;0,856;2,510;0,607;1,560;0,733;1,000;1,134;1,100;63,326;0,000;0;0;0;0,573;1,200;0,573;1,000;0,573;1,100;0,573;1,200;0,573;1,000;0,573;1,200;73,620;0,000;25,956;0,100;0,573;1,100
0901901001;11,788;0,500;22,848;0,200;11,788;0,900;6,000;2,832;23,073;0,300;21,594;0,460;22,926;0,156;21,789;0,100;13,337;1,400;64,720;0,000;0;0;0;3,982;0,700;22,683;0,100;3,982;0,700;3,982;1,000;22,683;0,100;3,982;1,000;71,304;0,000;3,982;0,600;3,982;0,700
0902001001;8,601;0,500;33,464;0,000;8,601;0,600;8,601;1,624;33,715;0,000;21,539;0,260;33,257;0,000;32,456;0,000;8,800;1,900;61,169;0,000;0;0;0;12,769;0,300;33,237;0,000;12,769;0,300;8,601;0,600;33,237;0,000;8,601;0,600;57,969;0,000;12,769;0,300;12,769;0,300
0902101001;6,754;0,700;28,859;0,200;6,754;0,800;6,754;2,196;29,108;0,200;27,090;0,460;28,722;0,156;27,820;0,100;13,590;2,000;65,665;0,000;0;0;0;7,454;0,400;28,644;0,100;7,454;0,400;6,754;0,700;28,644;0,100;6,754;0,700;62,384;0,000;7,454;0,300;7,454;0,400
0902201001;8,831;0,600;25,278;0,200;8,831;0,700;8,831;2,436;25,524;0,200;24,026;0,460;25,181;0,156;24,227;0,100;17,476;1,300;66,643;0,000;0;0;0;5,251;0,400;25,070;0,100;5,251;0,400;5,251;0,700;25,070;0,100;5,251;0,700;64,823;0,000;5,251;0,300;5,251;0,400
0902301001;10,231;2,300;12,217;0,400;10,563;3,600;0,000;12,268;11,998;0,900;9,004;2,680;12,051;0,468;4,980;1,290;8,147;34,300;15,655;0,200;0;0;0;10,563;3,200;11,254;1,200;10,563;1,200;10,563;1,600;10,563;1,200;10,563;1,300;10,563;1,200;11,658;0,600;13,505;0,300
0902401001;9,490;1,000;42,412;0,000;9,490;1,000;9,490;2,340;43,084;0,000;9,490;0,650;43,719;0,000;36,524;0,000;9,490;2,600;13,345;1,000;0;0;0;9,490;0,300;42,683;0,000;41,620;0,000;39,121;0,000;41,620;0,000;41,620;0,000;41,620;0,000;42,683;0,000;32,625;0,000
0902501001;31,595;0,000;31,595;0,000;10,587;0,600;10,587;0,468;33,133;0,000;30,997;0,000;74,578;0,000;73,701;0,000;31,189;0,000;29,300;0,100;0;0;0;30,997;0,000;73,546;0,000;48,019;0,000;30,997;0,000;73,546;0,000;73,546;0,000;73,546;0,000;73,546;0,000;12,484;0,300
0902601001;19,290;0,800;21,154;0,200;18,786;1,500;9,099;4,816;19,668;0,400;18,954;1,110;21,220;0,156;20,909;0,330;9,099;12,800;21,154;0,200;0;0;0;9,099;1,200;19,758;0,400;8,959;0,700;18,900;0,600;18,900;0,400;18,900;0,400;20,606;0,400;20,606;0,200;20,606;0,100
0902701001;16,333;0,900;24,602;0,200;16,333;1,500;14,786;4,208;18,082;0,400;14,786;1,370;25,769;0,156;25,179;0,230;14,786;12,300;14,786;0,400;0;0;0;17,014;1,000;24,088;0,400;13,508;0,700;23,177;0,700;23,177;0,400;23,177;0,400;24,806;0,400;24,806;0,200;24,806;0,100
0902901001;13,501;1,300;14,829;0,400;13,256;2,900;10,050;8,020;14,152;0,600;13,151;1,770;15,882;0,156;15,289;0,330;9,587;23,300;14,829;0,400;0;0;0;12,340;2,000;14,196;0,800;13,285;0,900;13,285;1,100;13,285;0,800;13,285;0,800;14,918;0,600;14,918;0,400;14,918;0,300
0903001001;17,523;0,800;19,470;0,200;17,698;1,300;10,375;4,796;18,114;0,300;17,633;0,980;18,164;0,156;18,486;0,330;10,375;13,500;21,272;0,100;0;0;0;9,236;1,500;17,531;0,400;18,148;0,500;17,531;0,600;18,148;0,400;13,972;0,700;18,164;0,400;18,741;0,200;18,968;0,100
0903201001;7,970;0,400;38,255;0,000;7,970;0,500;6,613;1,868;38,255;0,000;10,110;0,390;37,816;0,000;33,220;0,000;26,024;0,300;29,951;0,100;0;0;0;10,110;0,800;38,312;0,000;38,312;0,000;33,480;0,000;38,312;0,000;18,906;0,100;40,128;0,000;41,181;0,000;14,576;0,300
0903301001;12,947;0,700;22,073;0,200;12,947;0,600;10,836;2,760;22,073;0,200;18,800;0,590;21,534;0,156;21,903;0,100;22,073;0,200;46,974;0,000;0;0;0;21,967;0,300;21,967;0,100;21,967;0,100;21,967;0,200;21,967;0,100;21,967;0,300;52,367;0,000;30,160;0,000;21,967;0,100
0903401001;13,432;0,700;33,275;0,000;9,338;0,600;8,687;2,992;33,665;0,000;28,154;0,260;34,142;0,000;24,438;0,100;0,000;3,800;4,842;0,800;2;0;2;13,432;0,600;33,214;0,000;31,910;0,000;31,910;0,000;31,910;0,000;31,910;0,000;31,910;0,000;33,214;0,000;22,939;0,100
0903501001;15,327;0,500;15,820;0,200;14,689;0,700;11,212;2,848;16,072;0,200;14,646;0,530;15,580;0,156;14,839;0,300;15,950;0,600;63,851;0,000;0;0;0;13,756;0,400;15,588;0,100;13,756;0,400;13,756;0,500;15,588;0,100;13,756;0,500;64,284;0,000;13,756;0,300;13,756;0,400
0903601001;5,380;0,800;30,693;0,000;7,657;0,800;4,793;2,124;5,380;0,300;4,793;1,170;38,890;0,000;31,609;0,000;4,793;0,600;4,793;0,700;0;0;0;31,762;0,000;32,590;0,000;25,492;0,100;32,590;0,000;32,590;0,000;32,590;0,000;37,702;0,000;37,702;0,000;32,590;0,000
0903701001;19,270;0,300;47,979;0,000;13,752;0,600;13,752;1,192;40,844;0,000;19,270;0,390;46,994;0,000;47,025;0,000;19,270;1,100;39,062;0,000;0;0;0;29,070;0,100;45,918;0,000;19,019;0,100;45,124;0,000;45,198;0,000;44,610;0,000;46,821;0,000;46,821;0,000;46,821;0,000
0903801001;7,362;0,500;44,587;0,000;7,362;0,500;7,362;1,504;42,825;0,000;7,362;0,520;43,193;0,000;43,627;0,000;0,000;3,800;45,872;0,000;2;0;2;26,606;0,200;42,646;0,000;26,867;0,100;25,832;0,100;42,663;0,000;25,832;0,200;43,193;0,000;31,641;0,000;31,641;0,000
0903901001;9,187;0,400;46,751;0,000;9,187;0,500;9,187;1,312;42,326;0,000;9,187;0,520;45,260;0,000;45,525;0,000;9,187;2,200;45,480;0,000;0;0;0;27,355;0,100;44,516;0,000;20,655;0,100;35,552;0,000;43,940;0,000;35,552;0,000;45,260;0,000;42,602;0,000;42,602;0,000
0904101001;7,394;1,100;30,565;0,000;5,948;0,800;5,948;2,864;30,794;0,000;22,039;0,260;31,164;0,000;20,978;0,100;2,409;4,400;5,978;0,400;0;0;0;7,394;0,900;30,351;0,000;29,022;0,100;29,022;0,100;29,022;0,100;27,530;0,200;29,022;0,100;30,351;0,000;18,573;0,100
0904301001;8,376;1,000;30,473;0,000;8,376;0,900;8,376;2,020;11,914;0,300;13,480;0,520;42,678;0,000;32,745;0,000;13,480;0,600;13,480;0,400;0;0;0;26,785;0,100;35,809;0,000;35,809;0,000;26,785;0,100;35,809;0,000;35,809;0,000;41,250;0,000;41,250;0,000;35,809;0,000
0904401001;18,620;0,900;19,940;0,200;18,351;1,500;13,611;4,796;19,250;0,400;18,270;1,110;20,968;0,156;20,401;0,230;13,611;12,800;18,360;0,200;0;0;0;13,611;1,200;19,300;0,400;13,670;0,700;18,390;0,700;18,390;0,400;18,390;0,400;20,034;0,400;20,034;0,200;20,034;0,100
0904501001;17,862;0,400;40,184;0,000;17,862;0,500;17,862;0,880;27,566;0,100;18,909;0,130;43,139;0,000;42,433;0,000;26,806;0,400;20,732;0,400;0;0;0;24,880;0,400;42,374;0,000;42,374;0,000;26,806;0,100;42,374;0,000;42,374;0,000;42,374;0,000;42,374;0,000;25,255;0,100
0904601001;7,757;0,500;32,612;0,000;7,757;0,700;7,757;1,368;22,377;0,100;7,757;0,520;49,440;0,000;31,873;0,000;22,462;0,100;22,462;0,200;0;0;0;30,318;0,000;30,318;0,000;25,500;0,100;30,318;0,000;30,318;0,000;30,318;0,000;48,584;0,000;48,584;0,000;30,318;0,000
0904701001;5,428;0,700;32,997;0,000;8,575;0,600;5,428;2,524;33,198;0,000;21,822;0,130;33,549;0,000;23,337;0,100;3,892;2,600;8,179;0,400;0;0;0;5,428;0,800;32,758;0,000;31,432;0,000;31,432;0,000;31,432;0,000;28,084;0,100;31,432;0,000;32,758;0,000;16,117;0,100
0904801001;0,000;1,200;34,489;0,000;0,000;1,400;0,000;2,616;16,862;0,100;0,000;1,430;41,996;0,000;34,407;0,000;16,065;0,200;16,065;0,200;0;0;0;29,871;0,100;33,821;0,000;20,193;0,100;33,821;0,000;33,821;0,000;33,821;0,000;41,087;0,000;41,087;0,000;33,821;0,000
0904801002;0,380;1,200;34,190;0,000;0,380;1,400;0,380;2,460;16,504;0,100;0,380;1,430;42,000;0,000;34,130;0,000;15,740;0,100;15,740;0,200;0;0;0;30,016;0,000;33,581;0,000;20,423;0,100;33,581;0,000;33,581;0,000;33,581;0,000;41,080;0,000;41,080;0,000;33,581;0,000
0905001001;27,316;0,400;24,684;0,100;15,797;0,700;15,797;1,432;27,316;0,200;26,968;0,360;82,036;0,000;26,745;0,130;26,503;0,100;24,813;0,300;0;0;0;30,707;0,000;30,707;0,000;30,707;0,000;30,707;0,000;30,707;0,000;30,707;0,000;80,611;0,000;80,611;0,000;30,707;0,000
0905101001;5,669;1,300;13,833;0,600;5,669;0,900;5,669;4,288;13,833;0,700;5,295;1,310;14,052;0,468;15,309;0,100;13,833;0,500;53,575;0,000;0;0;0;14,464;0,400;14,464;0,300;14,464;0,300;5,669;0,600;14,464;0,300;5,669;0,600;61,474;0,000;39,697;0,000;14,464;0,300
0905201001;8,642;1,300;23,329;0,100;9,586;1,200;9,586;3,040;8,642;0,500;11,819;0,750;46,714;0,000;25,325;0,130;11,819;0,400;11,819;0,700;0;0;0;28,042;0,100;28,042;0,100;28,042;0,100;28,042;0,100;28,042;0,100;28,042;0,100;45,350;0,000;45,350;0,000;28,042;0,100
0905401001;10,243;1,000;9,273;0,300;13,371;1,600;10,243;3,672;13,795;0,700;14,204;0,690;65,789;0,000;12,244;0,390;14,005;0,300;10,243;0,700;0;0;0;16,730;0,100;16,730;0,100;16,730;0,100;16,730;0,100;16,730;0,100;16,730;0,100;64,424;0,000;64,424;0,000;16,730;0,100
0905501001;13,404;0,600;24,823;0,200;9,721;1,000;6,294;2,988;21,394;0,400;21,394;0,590;25,019;0,156;23,802;0,100;9,721;1,500;61,335;0,000;0;0;0;6,485;0,500;24,694;0,100;6,485;0,400;6,485;0,700;24,694;0,100;6,485;0,700;75,808;0,000;6,485;0,300;6,485;0,400
0905601001;3,445;1,000;32,332;0,000;3,326;0,900;0,000;2,860;3,445;0,600;0,000;1,430;36,543;0,000;33,629;0,000;0,000;1,100;0,000;1,100;2;12;14;28,860;0,100;34,787;0,000;27,098;0,100;28,860;0,100;33,923;0,000;33,923;0,000;35,270;0,000;35,270;0,000;35,163;0,000
0905601002;0,000;1,300;28,998;0,100;3,427;1,000;3,427;2,436;0,000;1,000;3,445;0,910;39,869;0,000;30,380;0,000;3,445;0,600;3,445;0,700;0;0;0;30,907;0,000;32,089;0,000;29,994;0,100;30,907;0,000;32,089;0,000;32,089;0,000;38,578;0,000;38,578;0,000;32,089;0,000
0905601003;3,427;1,100;31,609;0,000;0,000;1,500;0,000;3,316;3,427;0,600;3,326;0,910;37,455;0,000;33,167;0,000;3,326;0,700;3,326;0,700;0;0;0;27,509;0,100;35,108;0,000;30,121;0,000;27,509;0,100;34,879;0,000;34,879;0,000;36,124;0,000;36,124;0,000;35,108;0,000
0905601004;2,611;1,000;27,983;0,100;3,642;1,100;3,642;2,232;2,611;0,600;5,514;0,520;41,089;0,000;29,580;0,130;5,514;0,300;5,514;0,400;0;0;0;30,550;0,000;31,629;0,000;31,629;0,000;30,550;0,000;31,629;0,000;31,629;0,000;39,762;0,000;39,762;0,000;31,629;0,000
0905701001;6,687;1,100;4,802;0,600;7,084;1,300;6,845;3,636;6,687;0,700;7,344;0,950;64,973;0,000;5,187;0,390;7,923;0,400;7,923;0,800;0;0;0;7,586;0,300;7,586;0,300;7,586;0,300;7,586;0,300;7,586;0,300;7,586;0,300;63,714;0,000;63,714;0,000;7,586;0,300
0905801001;7,859;2,400;9,107;0,600;7,739;3,800;3,703;13,172;9,487;0,900;7,102;2,810;9,978;0,468;3,173;1,290;0,000;37,700;12,231;0,400;2;0;2;7,739;3,100;9,036;1,200;7,739;1,200;7,739;1,900;7,739;1,200;7,739;1,300;7,739;1,200;9,036;0,600;11,118;0,300
0905901001;0,281;5,000;1,134;1,200;0,588;8,500;0,425;23,044;0,503;2,200;0,498;5,620;0,787;1,560;0,159;2,080;0,159;81,400;4,174;0,700;0;0;0;0,411;6,800;0,411;3,200;0,802;2,900;0,411;4,200;0,411;2,800;0,411;2,900;0,787;3,200;0,411;1,600;2,097;0,600
0905901002;0,291;4,600;0,993;1,600;0,550;8,500;0,469;22,644;0,469;2,200;0,578;5,620;0,891;1,560;0,000;2,080;0,000;81,000;4,129;0,700;1;0;1;0,256;6,800;0,256;3,200;0,816;2,900;0,256;4,200;0,256;2,800;0,256;2,900;0,816;3,200;0,256;1,600;2,126;0,600
0905902001;0,253;4,200;1,234;1,200;0,375;8,500;0,215;23,268;0,443;2,200;0,684;5,620;0,498;1,560;0,410;2,080;0,000;83,800;4,024;0,700;17;0;17;0,498;6,800;0,607;3,200;0,612;2,900;0,607;4,200;0,607;2,800;0,607;2,900;0,498;3,200;0,607;1,600;1,856;0,600
0905902002;0,208;4,200;1,110;1,200;0,522;7,700;0,000;22,868;0,278;2,200;0,882;5,620;0,437;1,560;0,485;2,080;0,000;83,400;3,810;0,700;14;0;14;0,400;6,800;0,600;3,200;0,400;2,900;0,600;4,200;0,600;2,800;0,600;2,900;0,400;3,200;0,600;1,600;1,673;0,600
0905902003;0,339;4,200;1,061;1,200;0,662;8,100;0,188;22,868;0,257;2,200;1,068;5,100;0,432;1,560;0,629;2,080;0,000;83,000;3,623;0,700;6;0;6;0,212;6,400;0,685;2,800;0,212;2,900;0,685;3,800;0,685;2,800;0,685;2,900;0,212;3,200;0,685;1,600;1,502;0,600
0905902004;0,000;4,200;0,981;1,600;0,627;8,100;0,208;22,868;0,229;2,200;0,777;5,620;0,641;1,560;0,291;2,080;0,000;82,200;3,894;0,700;1;0;1;0,395;6,800;0,395;3,200;0,531;2,900;0,395;4,200;0,395;2,800;0,395;2,900;0,531;3,200;0,395;1,600;1,838;0,600
0905902005;0,229;4,200;0,834;1,600;0,794;8,100;0,000;22,868;0,000;2,200;1,002;5,100;0,674;1,560;0,469;2,080;0,229;81,800;3,672;0,700;0;0;0;0,375;6,400;0,451;2,800;0,375;2,900;0,451;3,800;0,451;2,800;0,451;2,900;0,375;3,200;0,451;1,600;1,678;0,600
0905903001;0,598;5,000;1,162;1,200;0,277;8,500;0,738;23,404;0,780;2,200;0,404;5,620;1,149;0,936;0,313;2,080;0,000;78,800;4,423;0,700;1;0;1;0,444;5,600;0,444;2,800;1,093;2,500;0,444;3,800;0,444;2,800;0,444;2,900;1,093;2,400;0,444;1,600;2,436;0,600
0905903002;0,358;5,000;1,181;1,200;0,000;8,500;0,548;22,592;0,990;2,200;0,580;5,620;1,421;0,936;0,550;2,080;0,000;77,700;4,563;0,700;4;0;4;0,575;6,000;0,575;2,800;0,821;2,900;0,575;4,200;0,575;3,200;0,575;3,300;0,821;2,800;0,575;1,600;2,666;0,600
0905903003;0,325;4,200;0,874;1,600;0,548;8,100;0,000;21,752;1,116;1,800;1,114;5,100;1,713;0,936;0,846;2,080;0,000;75,400;4,361;0,700;2;0;2;0,681;6,000;0,681;2,800;0,807;2,800;0,681;4,200;0,681;3,200;0,681;3,300;0,807;2,800;0,681;1,600;2,733;0,600
0905903004;0,594;4,200;1,208;1,200;0,679;8,100;0,211;21,176;1,606;1,800;1,520;5,100;2,210;0,936;1,337;1,680;0,000;72,400;4,650;0,700;4;0;4;0,679;5,600;1,178;2,400;0,679;2,800;0,679;3,800;0,679;2,800;0,679;2,900;0,679;2,800;1,178;1,200;3,187;0,600
0905903005;3,600;3,000;3,367;0,900;3,568;5,300;0,000;17,332;4,179;1,200;4,497;3,850;4,851;0,936;4,150;1,680;0,000;53,500;5,200;0,400;3;0;3;3,568;4,200;3,911;1,500;3,568;1,800;3,568;2,800;3,568;1,800;3,568;1,900;3,568;2,100;3,911;0,900;5,152;0,300
0905903006;0,981;4,200;0,000;1,600;1,181;7,300;0,834;21,284;0,834;2,200;1,543;5,100;1,493;0,936;0,993;2,080;0,000;74,600;3,488;0,700;4;0;4;0,746;5,600;0,746;2,800;1,050;2,500;0,746;3,800;0,746;2,800;0,746;2,900;1,050;2,400;0,746;1,600;2,054;0,600
0905903007;0,000;4,200;1,164;1,200;0,358;8,100;0,325;22,112;1,221;1,800;0,928;5,620;1,734;0,936;0,843;2,080;0,000;74,600;4,637;0,700;3;0;3;0,563;6,000;0,771;2,800;0,563;2,800;0,563;4,200;0,563;3,200;0,563;3,300;0,563;2,800;0,771;1,600;2,890;0,600
0905903008;0,437;4,200;1,048;1,200;0,698;8,100;0,000;20,816;1,397;1,800;1,343;5,100;2,000;0,936;1,129;1,680;0,211;73,200;4,519;0,700;0;0;0;0,698;6,000;0,967;2,800;0,698;2,800;0,698;4,200;0,698;3,200;0,698;3,300;0,698;2,800;0,967;1,600;2,991;0,600
0905903009;1,115;3,800;1,421;1,200;1,105;6,700;0,697;20,348;2,003;1,800;2,038;4,410;2,645;0,936;1,804;1,680;0,000;68,100;4,675;0,700;4;0;4;1,105;4,900;1,612;2,400;1,105;2,100;1,105;3,100;1,105;2,100;1,105;2,200;1,105;2,400;1,612;1,200;3,473;0,600
0905903010;0,844;4,200;0,949;1,600;1,076;7,300;0,421;20,816;1,537;1,800;1,703;5,100;2,191;0,936;1,384;1,680;0,000;70,800;4,299;0,700;1;0;1;1,076;5,200;1,169;2,400;1,076;2,400;1,076;3,400;1,076;2,400;1,076;2,500;1,076;2,400;1,169;1,200;2,996;0,600
0905903011;1,049;3,800;0,557;1,600;1,231;7,300;0,727;21,284;1,300;1,800;1,738;5,100;1,974;0,936;1,290;1,680;0,000;71,800;3,844;0,700;2;0;2;1,039;5,200;1,039;2,400;1,435;2,400;1,039;3,400;1,039;2,400;1,039;2,500;1,435;2,400;1,039;1,200;2,605;0,600
0905904001;0,480;4,200;0,506;1,600;0,939;7,700;0,335;22,644;0,335;2,200;1,137;5,100;1,006;0,936;0,560;2,080;0,000;79,800;3,625;0,700;1;0;1;0,373;6,000;0,373;2,800;0,627;2,900;0,373;3,800;0,373;2,800;0,373;2,900;0,627;2,800;0,373;1,600;1,837;0,600
0905904002;0,775;4,200;0,822;1,600;0,607;7,700;0,394;23,492;0,550;2,200;0,874;5,620;0,902;1,560;0,874;2,200;0,000;79,400;3,122;0,700;1;0;1;0,394;6,400;0,916;2,800;0,394;2,900;0,916;3,800;0,916;2,800;0,916;2,900;0,394;3,200;0,916;1,600;1,270;0,600
0905904003;0,395;4,600;0,746;1,600;0,575;8,100;0,451;23,124;0,451;2,200;0,800;5,620;1,036;0,936;0,256;2,080;0,000;79,400;3,997;0,700;1;0;1;0,000;6,000;0,000;2,800;0,826;2,900;0,000;3,800;0,000;2,800;0,000;2,900;0,826;2,800;0,000;1,600;2,121;0,600
0905904004;0,518;4,600;0,819;1,600;0,373;7,700;0,457;22,164;0,705;2,200;0,774;5,620;1,261;0,936;0,391;2,080;0,000;78,300;4,196;0,700;1;0;1;0,254;5,600;0,254;2,800;1,077;2,500;0,254;3,800;0,254;2,800;0,254;2,900;1,077;2,400;0,254;1,600;2,373;0,600
0905905001;0,455;4,200;0,811;1,600;0,842;8,100;0,233;22,868;0,233;2,200;1,063;5,100;0,703;1,560;0,701;2,080;0,000;81,400;3,440;0,700;3;0;3;0,243;6,400;0,645;2,800;0,243;2,900;0,645;3,800;0,645;2,800;0,645;2,900;0,243;3,200;0,645;1,600;1,478;0,600
0905905002;0,557;4,600;0,898;1,600;0,713;8,100;0,167;23,972;0,350;2,600;0,930;6,140;0,675;1,560;0,819;2,600;0,000;81,000;3,341;0,700;3;0;3;0,167;6,400;0,777;2,800;0,167;2,900;0,777;3,800;0,777;2,800;0,777;2,900;0,167;3,200;0,777;1,600;1,345;0,600
0905905003;0,664;4,200;1,419;1,200;0,236;8,500;0,422;22,612;0,664;2,200;0,422;6,140;1,271;0,936;0,422;2,200;0,000;76,600;2,510;0,700;5;0;5;0,665;6,000;0,665;2,800;0,665;3,300;0,665;3,800;0,665;2,800;0,665;2,900;0,665;3,200;0,665;1,600;0,665;1,000
0905905004;0,699;4,600;0,995;1,600;0,559;7,700;0,210;23,972;0,502;2,600;0,777;6,140;0,697;1,560;0,777;2,600;0,119;81,000;3,212;0,700;0;0;0;0,210;6,400;0,932;2,800;0,210;2,900;0,932;3,800;0,932;2,800;0,932;2,900;0,210;3,200;0,932;1,600;1,191;0,600
0905905005;0,531;4,600;1,050;1,200;0,723;8,100;0,000;23,972;0,375;2,600;0,895;6,140;0,511;1,560;0,816;2,600;0,167;81,800;3,413;0,700;0;0;0;0,000;6,400;0,826;2,800;0,000;2,900;0,826;3,800;0,826;2,800;0,826;2,900;0,000;3,200;0,826;1,600;1,311;0,600
0905905006;0,440;4,200;1,208;1,200;0,588;8,100;0,228;22,868;0,404;2,200;1,009;5,100;0,287;1,560;0,725;2,080;0,149;83,400;3,639;0,700;0;0;0;0,254;6,800;0,814;3,200;0,254;2,900;0,814;4,200;0,814;2,800;0,814;2,900;0,254;3,200;0,814;1,600;1,442;0,600
0905905007;0,653;4,600;1,474;1,200;0,714;8,500;0,000;23,972;0,653;2,600;0,653;6,140;0,347;1,560;0,735;2,200;0,164;83,000;3,430;0,700;0;0;0;0,347;6,000;1,111;2,400;0,425;2,900;1,111;3,400;1,111;2,400;1,111;2,500;0,347;3,200;1,111;1,200;1,111;0,600
0905905008;0,603;4,200;1,724;1,200;0,765;8,500;0,250;23,612;0,603;2,600;0,603;6,140;0,442;1,560;0,763;2,200;0,000;81,500;3,481;0,700;4;0;4;0,442;6,000;1,075;2,400;0,675;2,900;1,075;3,400;1,075;2,400;1,075;2,500;0,442;3,200;1,075;1,200;1,075;0,600
0905905009;0,808;4,200;1,880;1,200;0,773;8,100;0,439;23,132;0,808;2,200;0,808;6,140;0,447;1,560;0,991;2,200;0,000;79,900;3,703;0,700;4;0;4;0,447;6,000;1,040;2,400;0,835;2,900;1,040;3,400;1,271;2,400;1,271;2,500;0,447;3,200;1,271;1,200;1,271;0,600
0905905010;0,609;4,200;2,072;1,200;0,645;8,100;0,605;21,772;0,609;2,200;0,609;6,140;0,766;1,560;0,840;2,200;0,000;78,200;3,482;0,600;3;0;3;0,766;5,600;1,017;2,400;1,021;2,500;1,021;3,400;1,021;2,400;1,021;2,500;0,766;2,800;1,021;1,200;1,021;0,600
0905905011;0,757;4,600;2,268;1,200;0,735;8,100;0,757;21,772;0,757;2,600;0,757;6,140;0,920;1,560;0,998;2,200;0,000;78,200;3,577;0,600;4;0;4;0,920;6,000;0,943;2,800;1,121;2,500;1,121;3,400;1,121;2,400;1,121;2,500;0,920;2,800;1,121;1,200;1,121;0,600
0905905012;0,805;4,200;1,790;1,200;0,600;8,900;0,588;23,156;0,805;2,200;0,588;6,140;1,626;0,936;0,588;2,200;0,000;75,600;2,144;0,600;5;0;5;0,523;5,600;0,523;2,800;0,523;2,900;0,523;3,800;0,523;2,800;0,523;2,900;0,523;2,800;0,523;1,600;0,523;1,000
0905905013;0,000;4,200;1,823;1,200;0,253;9,300;0,000;23,132;0,000;2,200;0,000;6,140;0,988;1,560;0,245;2,200;0,245;80,600;2,898;0,600;0;0;0;0,473;6,800;0,473;3,200;0,473;3,300;0,473;3,800;0,473;2,800;0,473;2,900;0,473;3,600;0,473;1,600;0,473;1,000
0905905014;1,486;3,200;3,234;1,200;1,316;6,400;0,795;18,844;2,382;1,800;1,152;4,320;4,110;0,936;3,300;1,680;0,000;64,900;3,234;0,600;2;0;2;1,545;4,900;2,358;2,400;1,545;2,200;1,545;3,100;1,545;2,100;1,545;2,200;2,901;2,100;2,901;1,200;2,901;0,600
0905905015;0,748;4,600;1,502;1,200;0,643;8,100;0,164;23,972;0,724;2,600;0,801;6,140;0,188;1,560;0,897;2,200;0,000;82,600;3,593;0,700;4;0;4;0,188;6,000;1,016;2,400;0,462;2,900;1,016;3,400;1,132;2,400;1,132;2,500;0,188;3,200;1,132;1,200;1,266;0,600
0905905016;0,727;4,600;1,167;1,200;0,541;8,500;0,198;23,972;0,570;2,600;0,697;6,140;0,562;1,560;0,697;2,200;0,000;81,400;3,256;0,700;4;0;4;0,198;6,000;1,020;2,400;0,198;2,900;1,020;3,400;1,020;2,400;1,020;2,500;0,198;3,200;1,020;1,200;1,113;0,600
0905905017;0,245;4,200;1,680;1,200;0,294;8,900;0,000;23,012;0,245;2,200;0,000;6,140;1,083;0,936;0,000;2,200;0,000;79,700;2,718;0,600;5;0;5;0,417;6,000;0,417;2,800;0,417;3,300;0,417;3,800;0,417;2,800;0,417;2,900;0,417;3,200;0,417;1,600;0,417;1,000
0905905018;0,632;4,600;1,259;1,200;0,719;8,100;0,209;23,972;0,536;2,600;0,800;6,140;0,355;1,560;0,823;2,600;0,000;82,600;3,447;0,700;4;0;4;0,209;6,400;0,979;2,800;0,209;2,900;0,979;3,800;0,979;2,800;0,979;2,900;0,209;3,200;0,979;1,600;1,228;0,600
0905905019;0,400;4,200;1,527;1,200;0,489;8,500;0,269;23,972;0,400;2,600;0,400;6,140;0,617;1,560;0,466;2,200;0,000;81,800;3,172;0,700;4;0;4;0,544;6,400;0,845;2,800;0,544;3,300;0,845;3,800;0,845;2,800;0,845;2,900;0,544;3,600;0,845;1,600;0,845;1,000
0905905020;0,744;4,600;1,085;1,200;0,331;8,100;0,465;23,972;0,744;2,600;0,599;6,140;0,901;1,560;0,599;2,200;0,000;79,800;2,949;0,700;2;0;2;0,465;6,400;0,993;2,800;0,465;3,300;0,993;3,800;0,993;2,800;0,993;2,900;0,465;3,600;0,993;1,600;0,993;1,000
0905905021;0,754;4,600;1,078;1,200;0,441;7,700;0,299;23,972;0,620;2,600;0,660;6,140;0,737;1,560;0,660;2,200;0,000;79,800;3,114;0,700;4;0;4;0,299;6,000;1,051;2,400;0,299;2,900;1,051;3,400;1,051;2,400;1,051;2,500;0,299;3,200;1,051;1,200;1,073;0,600
0905905022;0,630;4,600;1,201;1,200;0,359;8,100;0,366;23,972;0,630;2,600;0,546;6,140;0,726;1,560;0,546;2,200;0,000;81,800;3,073;0,700;4;0;4;0,366;6,400;0,962;2,800;0,366;3,300;0,962;3,800;0,962;2,800;0,962;2,900;0,366;3,600;0,962;1,600;0,962;1,000
0905905023;0,490;4,200;1,334;1,200;0,262;8,500;0,404;23,972;0,490;2,600;0,404;6,140;0,780;1,560;0,404;2,200;0,145;81,400;2,992;0,700;0;0;0;0,495;6,400;0,821;2,800;0,495;3,300;0,821;3,800;0,821;2,800;0,821;2,900;0,495;3,600;0,821;1,600;0,821;1,000
0905905024;0,410;4,600;2,215;1,200;0,234;9,300;0,410;23,132;0,410;2,600;0,410;6,540;1,171;0,936;0,631;2,200;0,000;79,400;3,040;0,600;7;0;7;0,602;6,000;0,602;3,200;0,602;2,900;0,602;3,800;0,602;2,800;0,602;2,900;0,602;2,800;0,602;1,600;0,602;1,000
0905905025;0,586;4,600;1,376;1,200;0,555;8,500;0,170;23,972;0,586;2,600;0,586;6,140;0,488;1,560;0,617;2,200;0,189;82,200;3,280;0,700;0;0;0;0,361;6,000;1,016;2,400;0,361;2,900;1,016;3,400;1,016;2,400;1,016;2,500;0,361;3,200;1,016;1,200;1,016;0,600
0905905026;0,641;4,600;1,493;1,200;0,455;7,700;0,247;23,348;0,674;2,600;0,988;5,620;0,000;1,560;0,891;2,080;0,134;82,600;3,768;0,700;0;0;0;0,000;6,400;0,836;2,800;0,511;2,900;0,836;3,800;1,036;2,400;1,036;2,500;0,000;3,200;1,036;1,200;1,454;0,600
0905905027;0,407;4,200;1,325;1,200;0,363;7,700;0,000;22,868;0,490;2,200;0,916;5,620;0,247;1,560;0,645;2,080;0,000;83,800;3,864;0,700;3;0;3;0,247;6,800;0,772;3,200;0,477;2,900;0,772;4,200;0,802;2,800;0,802;2,900;0,247;3,200;0,802;1,600;1,629;0,600
0905905028;0,634;4,200;1,543;1,200;0,326;7,700;0,228;22,868;0,711;2,200;1,027;5,100;0,134;1,560;0,854;2,080;0,000;82,200;3,902;0,700;5;0;5;0,134;6,400;0,702;2,800;0,612;2,900;0,702;3,800;1,026;2,400;1,026;2,500;0,134;3,200;1,026;1,200;1,582;0,600
0905905029;0,454;4,200;1,642;1,200;0,652;8,900;0,226;23,972;0,454;2,600;0,454;6,140;0,537;1,560;0,589;2,200;0,000;82,200;3,307;0,700;6;0;6;0,537;6,400;0,925;2,800;0,615;3,300;0,925;3,800;0,925;2,800;0,925;2,900;0,537;3,600;0,925;1,600;0,925;1,000
0905905030;0,473;4,200;2,054;1,200;0,262;9,300;0,417;23,756;0,473;2,200;0,417;6,540;1,454;0,936;0,417;2,200;0,000;78,600;2,461;0,600;1;0;1;0,000;6,000;0,000;3,200;0,000;2,900;0,000;3,800;0,000;2,800;0,000;2,900;0,000;2,800;0,000;1,600;0,000;1,000
0905905031;0,681;4,200;2,007;1,200;0,522;9,300;0,533;23,636;0,681;2,200;0,533;6,140;1,616;0,936;0,533;2,200;0,000;76,500;2,219;0,600;7;0;7;0,270;5,600;0,270;2,800;0,270;2,900;0,270;3,800;0,270;2,800;0,270;2,900;0,270;2,800;0,270;1,600;0,270;1,000
0905905032;0,499;4,200;1,396;1,200;0,000;8,500;0,294;22,612;0,499;2,200;0,294;6,140;1,042;0,936;0,294;2,200;0,000;79,000;2,730;0,700;6;0;6;0,664;6,000;0,664;2,800;0,664;3,300;0,664;3,800;0,664;2,800;0,664;2,900;0,664;3,200;0,664;1,600;0,664;1,000
0905905033;0,977;4,200;2,053;1,200;0,544;8,900;0,200;22,184;1,081;1,800;0,586;5,110;2,069;0,936;1,034;1,680;0,000;76,200;2,053;0,600;5;0;5;0,623;6,000;0,623;3,200;0,623;2,900;0,623;3,800;0,623;2,800;0,623;2,900;0,623;2,800;0,623;1,600;0,623;1,000
0905905034;0,684;4,200;1,790;1,200;0,823;8,500;0,323;23,132;0,684;2,200;0,684;6,140;0,432;1,560;0,856;2,200;0,100;81,100;3,571;0,700;0;0;0;0,432;6,000;1,128;2,400;0,739;2,900;1,128;3,400;1,153;2,400;1,153;2,500;0,432;3,200;1,153;1,200;1,153;0,600
0905905035;1,299;3,200;2,589;1,200;0,811;6,800;0,652;18,844;2,318;1,800;1,062;4,320;3,936;0,936;3,014;1,680;0,000;66,600;2,589;0,600;3;0;3;1,626;4,900;2,250;2,400;1,626;2,200;1,626;3,100;1,626;2,100;1,626;2,200;2,599;2,100;2,599;1,200;2,599;0,600
0905905036;0,634;4,600;1,352;1,200;0,658;8,100;0,192;23,972;0,584;2,600;0,835;6,140;0,232;1,560;0,892;2,600;0,000;83,400;3,550;0,700;3;0;3;0,232;6,000;1,006;2,400;0,314;2,900;1,006;3,400;1,006;2,400;1,006;2,500;0,232;3,200;1,006;1,200;1,284;0,600
0905905037;0,884;4,600;1,713;1,200;0,598;7,700;0,353;22,988;0,884;2,600;0,884;5,620;0,248;1,560;1,029;1,680;0,000;81,100;3,746;0,700;8;0;8;0,248;6,400;0,910;2,800;0,686;2,900;0,910;3,800;1,284;2,400;1,284;2,500;0,248;3,200;1,284;1,200;1,357;0,600
0905905038;2,574;3,500;0,000;1,600;2,046;7,000;1,774;18,868;2,898;1,800;2,514;4,710;3,768;0,936;2,718;1,680;0,000;67,500;0,000;1,000;16;45;61;2,461;4,900;2,461;2,400;2,461;2,200;2,461;3,100;2,461;2,100;2,461;2,100;2,461;2,100;2,461;1,200;2,461;0,600
0905905039;0,253;4,600;2,070;1,200;0,000;9,300;0,253;23,756;0,253;2,600;0,253;6,540;1,187;0,936;0,423;2,200;0,000;81,800;2,844;0,600;3;0;3;0,386;6,000;0,386;3,200;0,386;2,900;0,386;3,800;0,386;2,800;0,386;2,900;0,386;2,800;0,386;1,600;0,386;1,000
0905905040;0,467;4,600;2,129;1,200;0,433;9,300;0,467;22,652;0,467;2,600;0,467;6,140;0,944;1,560;0,711;2,200;0,000;80,600;3,278;0,600;3;0;3;0,814;6,400;0,814;3,200;0,818;2,900;0,818;3,800;0,818;2,800;0,818;2,900;0,818;3,200;0,818;1,600;0,818;1,000
0905905041;0,791;4,200;2,187;1,200;0,399;8,900;0,000;22,808;0,979;2,200;0,389;5,110;2,106;0,936;1,119;1,680;0,000;78,200;2,187;0,600;8;0;8;0,702;6,000;0,702;3,200;0,702;2,900;0,702;3,800;0,702;2,800;0,702;2,900;0,702;2,800;0,702;1,600;0,702;1,000
0905905042;0,916;4,200;1,747;1,200;0,861;8,500;0,381;22,184;1,444;1,800;0,769;5,110;2,522;0,936;1,473;1,680;0,000;74,400;1,747;0,600;4;0;4;1,070;5,200;1,070;2,400;1,070;2,500;1,070;3,400;1,070;2,400;1,070;2,500;1,070;2,400;1,070;1,200;1,070;0,600
0905905043;1,168;3,800;1,774;1,200;0,821;8,500;0,000;22,184;1,247;1,800;0,851;5,110;2,221;0,936;1,147;1,680;0,000;73,900;1,774;0,600;5;0;5;0,774;5,600;0,774;2,800;0,774;2,900;0,774;3,800;0,774;2,800;0,774;2,900;0,774;2,800;0,774;1,600;0,774;1,000
0905905044;0,461;4,600;2,218;1,200;0,000;9,300;0,260;23,756;0,461;2,600;0,461;6,540;1,429;0,936;0,538;2,200;0,246;80,600;2,648;0,600;0;0;0;0,262;6,000;0,262;3,200;0,262;2,900;0,262;3,800;0,262;2,800;0,262;2,900;0,262;2,800;0,262;1,600;0,262;1,000
0905905045;0,715;4,600;2,472;1,200;0,000;8,900;0,000;24,380;0,647;2,600;0,517;6,540;1,662;0,936;0,793;2,200;0,000;80,500;2,595;0,600;7;0;7;0,447;6,000;0,447;3,200;0,447;2,900;0,447;3,800;0,447;2,800;0,447;2,900;0,447;2,800;0,447;1,600;0,447;1,000
0905905046;1,187;3,200;3,032;1,200;1,053;6,400;0,496;19,144;2,104;1,800;0,857;5,230;3,821;0,936;3,000;1,680;0,000;67,200;3,032;0,600;2;0;2;1,292;4,900;2,072;2,400;1,292;2,200;1,292;3,100;1,292;2,100;1,292;2,200;2,601;2,100;2,601;1,200;2,601;0,600
0905905047;0,772;4,200;2,046;1,200;0,000;7,400;0,657;19,804;1,766;1,800;0,775;5,230;3,226;0,936;2,248;1,680;0,000;70,600;2,046;0,600;3;0;3;1,346;4,900;1,659;2,400;1,346;2,200;1,346;3,100;1,346;2,100;1,346;2,200;1,831;2,100;1,831;1,200;1,831;0,600
0905905048;3,374;2,600;4,329;0,900;2,965;5,700;2,664;14,608;4,308;1,200;3,060;3,540;6,024;0,468;5,158;0,790;0,000;51,400;4,329;0,600;3;0;3;3,466;3,700;4,279;1,800;3,466;1,900;3,466;2,500;3,466;1,800;3,466;1,800;4,746;1,500;4,746;0,900;4,746;0,600
0905905049;0,372;4,200;2,792;1,200;0,913;8,900;0,521;21,404;0,468;2,200;1,076;5,100;1,496;0,936;1,310;1,680;0,000;78,500;3,557;0,600;3;0;3;0,592;5,600;0,592;2,800;1,242;2,500;1,242;3,400;1,242;2,400;1,242;2,500;1,242;2,400;1,242;1,200;1,242;0,600
0905905050;1,031;3,800;1,904;1,200;0,688;8,500;0,155;22,184;1,196;1,800;0,697;5,110;2,181;0,936;1,125;1,680;0,000;75,000;1,904;0,600;5;0;5;0,727;5,600;0,727;2,800;0,727;2,900;0,727;3,800;0,727;2,800;0,727;2,900;0,727;2,800;0,727;1,600;0,727;1,000
0905905051;0,644;4,200;1,930;1,200;0,502;8,100;0,649;22,408;1,436;1,800;0,733;5,630;2,755;0,936;1,753;1,680;0,000;74,500;1,930;0,600;3;0;3;1,280;5,200;1,303;2,400;1,280;2,500;1,280;3,400;1,280;2,400;1,280;2,500;1,337;2,400;1,337;1,200;1,337;0,600
0905905052;1,059;3,200;2,339;1,200;0,487;7,400;0,539;19,144;2,090;1,800;0,889;5,230;3,656;0,936;2,710;1,680;0,000;68,500;2,339;0,600;3;0;3;1,485;4,900;2,008;2,400;1,485;2,200;1,485;3,100;1,485;2,100;1,485;2,200;2,294;2,100;2,294;1,200;2,294;0,600
0905906001;0,479;4,600;1,360;1,200;0,493;8,500;0,560;22,644;0,708;2,200;0,325;5,620;0,820;1,560;0,369;2,080;0,000;80,200;4,362;0,700;24;0;24;0,625;6,800;0,625;3,200;0,959;2,900;0,625;4,200;0,625;2,800;0,625;2,900;0,820;3,200;0,625;1,600;2,215;0,600
0905906002;0,583;4,600;1,540;1,200;0,400;8,500;0,517;22,524;0,882;2,200;0,254;5,620;0,891;1,560;0,548;2,080;0,183;78,600;4,516;0,700;0;0;0;0,509;6,400;0,509;3,200;1,105;2,500;0,509;4,200;0,801;2,800;0,801;2,900;0,891;2,800;0,801;1,600;2,324;0,600
0905906003;0,617;5,000;1,349;1,200;0,463;8,500;0,752;22,924;0,834;2,200;0,194;5,620;1,056;0,936;0,391;2,080;0,000;79,500;4,506;0,700;6;0;6;0,606;6,000;0,606;3,200;1,138;2,500;0,606;4,200;0,606;2,800;0,606;2,900;1,056;2,400;0,606;1,600;2,424;0,600
0905906004;0,495;5,000;1,543;1,200;0,301;8,500;0,594;22,044;1,002;1,800;0,000;5,620;1,128;0,936;0,578;2,080;0,000;78,000;4,671;0,700;8;0;8;0,717;6,000;0,717;3,200;1,268;2,500;0,717;4,200;0,800;2,800;0,800;2,900;1,128;2,400;0,800;1,600;2,539;0,600
0905906005;0,399;4,600;1,781;1,200;0,267;8,500;0,277;22,044;1,111;1,800;0,348;5,620;1,017;0,936;0,788;2,080;0,000;77,500;4,716;0,700;7;0;7;0,391;5,600;0,391;2,800;1,304;2,500;0,391;3,800;1,040;2,400;1,040;2,500;1,017;2,400;1,040;1,200;2,470;0,600
0905906006;1,915;3,800;3,868;0,900;2,083;7,000;1,812;20,092;3,134;1,800;2,372;5,230;2,729;0,936;2,876;1,680;0,819;67,600;6,418;0,400;0;0;0;1,967;5,300;1,967;2,400;3,199;2,500;1,967;3,400;3,129;2,400;3,129;2,500;2,729;2,400;3,129;1,200;3,968;0,600
0905906007;0,197;4,200;1,844;1,200;0,000;8,500;0,373;21,164;1,265;1,800;0,301;5,620;1,266;0,936;0,870;2,080;0,000;75,700;4,915;0,700;3;0;3;0,639;5,600;0,639;2,800;1,403;2,500;0,639;3,800;1,099;2,400;1,099;2,500;1,266;2,400;1,099;1,200;2,713;0,600
0905906008;1,268;3,800;3,299;0,900;1,465;7,000;1,373;20,092;2,710;1,800;1,761;4,840;2,526;0,936;2,334;1,680;0,541;67,300;6,289;0,400;0;0;0;1,691;5,300;1,691;2,400;2,359;2,500;1,691;3,400;2,359;2,400;2,359;2,500;2,359;2,400;2,560;1,200;3,945;0,600
0905906009;0,000;4,200;2,037;0,900;0,197;8,500;0,357;21,164;1,458;1,800;0,495;5,620;1,416;0,936;1,066;1,680;0,197;74,000;5,099;0,400;0;0;0;0,703;5,600;0,703;2,800;1,479;2,500;0,703;3,800;1,294;2,400;1,294;2,500;1,416;2,400;1,294;1,200;2,869;0,600
0905906010;0,152;4,200;2,088;0,900;0,265;8,100;0,220;20,804;1,459;1,800;0,557;5,620;1,348;0,936;1,101;1,680;0,265;73,600;5,068;0,400;0;0;0;0,586;5,600;0,586;2,800;1,624;2,500;0,586;3,800;1,342;2,400;1,342;2,500;1,348;2,400;1,342;1,200;2,801;0,600
0905906011;0,357;4,200;2,057;1,200;0,373;8,100;0,000;20,804;1,365;1,800;0,594;5,620;1,170;0,936;1,064;1,680;0,277;75,000;4,919;0,700;0;0;0;0,372;5,600;0,372;2,800;1,522;2,500;0,372;3,800;1,317;2,400;1,317;2,500;1,170;2,400;1,317;1,200;2,617;0,600
0905906012;0,809;4,200;2,840;0,900;0,998;7,400;0,844;20,492;2,202;1,800;1,299;5,230;1,987;0,936;1,855;1,680;0,000;69,100;5,752;0,400;1;0;1;1,151;5,300;1,151;2,400;2,125;2,500;1,151;3,400;2,094;2,400;2,094;2,500;1,987;2,400;2,094;1,200;3,404;0,600
0905907001;0,532;4,600;1,496;1,200;0,251;8,500;0,458;23,268;0,744;2,200;0,501;5,620;0,640;1,560;0,551;2,080;0,000;80,600;4,311;0,700;4;0;4;0,449;6,800;0,449;3,200;0,901;2,900;0,449;4,200;0,800;2,800;0,800;2,900;0,640;3,200;0,800;1,600;2,081;0,600
0905907002;0,627;4,600;1,607;1,200;0,000;8,100;0,363;23,268;0,794;2,200;0,744;5,620;0,455;1,560;0,741;2,080;0,251;81,800;4,207;0,700;0;0;0;0,409;6,800;0,409;3,200;0,840;2,900;0,409;4,200;0,968;2,800;0,968;2,900;0,455;3,200;0,968;1,600;1,908;0,600
0905907003;1,025;3,800;1,931;1,200;0,539;7,700;0,622;22,028;1,102;1,800;1,137;5,100;0,443;1,560;1,223;1,680;0,000;78,700;4,023;0,700;2;0;2;0,443;6,400;0,725;2,800;0,946;2,900;0,725;3,800;1,413;2,400;1,413;2,500;0,443;3,200;1,413;1,200;1,604;0,600
0905907004;0,672;4,600;1,802;1,200;0,325;8,100;0,393;21,684;1,040;1,800;0,595;5,620;0,777;1,560;0,842;2,080;0,000;79,000;4,531;0,700;4;0;4;0,149;6,000;0,149;2,800;1,148;2,500;0,149;3,800;1,096;2,400;1,096;2,500;0,777;2,800;1,096;1,200;2,225;0,600
0905907005;0,703;4,600;1,944;1,200;0,409;8,100;0,372;21,324;1,170;1,800;0,717;5,620;0,836;1,560;0,991;2,080;0,149;76,800;4,604;0,700;0;0;0;0,000;6,000;0,000;2,800;1,249;2,500;0,000;3,800;1,244;2,400;1,244;2,500;0,836;2,800;1,244;1,200;2,263;0,600
0905907006;1,190;3,800;2,149;1,200;0,587;7,700;0,827;21,548;1,316;1,800;1,230;5,100;0,719;1,560;1,328;1,680;0,000;76,400;4,354;0,700;3;0;3;0,553;6,000;0,553;2,800;1,229;2,500;0,553;3,800;1,552;2,400;1,552;2,500;0,719;2,800;1,552;1,200;1,925;0,600
0905907007;2,469;3,800;4,757;0,900;2,421;7,000;0,000;19,996;2,615;1,800;2,575;4,710;3,265;0,936;3,577;1,680;0,000;67,800;5,760;0,300;6;0;6;2,690;5,100;2,776;2,400;2,690;2,200;2,690;3,100;2,690;2,100;2,690;2,200;3,265;2,100;3,554;1,200;3,554;0,600
0905907008;1,239;3,800;2,202;1,200;0,770;7,700;0,864;21,148;1,239;1,800;1,239;5,100;0,710;1,560;1,438;1,680;0,000;75,600;4,136;0,700;5;0;5;0,710;6,000;0,845;2,800;1,202;2,500;0,845;3,800;1,681;2,400;1,681;2,500;0,710;2,800;1,681;1,200;1,684;0,600
0905907009;0,536;4,600;1,716;1,200;0,398;8,500;0,356;22,044;1,009;1,800;0,401;5,620;0,880;1,560;0,730;2,080;0,000;78,600;4,589;0,700;1;0;1;0,319;6,400;0,319;3,200;1,180;2,500;0,319;4,200;0,986;2,800;0,986;2,900;0,880;2,800;0,986;1,600;2,334;0,600
0905907010;2,415;3,800;4,171;0,900;2,545;7,000;1,896;20,044;3,296;1,800;2,800;5,230;2,837;0,936;3,214;1,680;0,000;67,900;6,307;0,400;1;0;1;2,229;5,300;2,229;2,400;3,343;2,500;2,229;3,400;3,470;2,400;3,470;2,500;2,837;2,400;3,470;1,200;3,851;0,600
0905908001;0,145;4,200;2,017;0,900;0,242;8,100;0,500;21,164;1,489;1,800;0,494;5,620;1,507;0,936;1,071;1,680;0,179;74,300;5,150;0,400;0;0;0;0,834;5,600;0,834;2,800;1,350;2,500;0,834;3,800;1,283;2,400;1,283;2,500;1,350;2,400;1,283;1,200;2,956;0,600
0905908002;0,320;4,200;2,059;0,900;0,400;8,100;0,677;21,164;1,593;1,800;0,593;5,620;1,663;0,936;1,152;1,680;0,000;73,900;5,263;0,400;2;0;2;1,012;5,200;1,012;2,400;1,230;2,500;1,012;3,400;1,230;2,400;1,230;2,500;1,230;2,400;1,343;1,200;3,104;0,600
0905908003;1,936;3,700;3,213;0,900;1,593;6,100;0,000;18,124;3,057;1,800;0,000;4,760;3,275;0,936;2,588;1,680;0,000;58,800;6,664;0,400;6;0;6;1,593;4,700;2,639;2,100;1,593;2,100;1,593;3,100;1,593;2,100;1,593;2,200;1,593;2,400;2,677;1,200;4,684;0,600
0905908004;0,444;4,200;1,586;0,900;0,440;8,500;0,769;21,644;1,481;1,800;0,836;5,620;1,866;0,936;1,031;1,680;0,000;74,000;5,028;0,400;2;0;2;0,440;5,600;1,062;2,400;0,440;2,900;0,440;3,800;0,440;2,800;0,440;2,900;0,440;2,800;1,062;1,200;3,155;0,600
0905908005;2,322;3,500;3,102;0,900;1,852;5,300;2,125;17,200;3,508;1,500;2,202;4,240;4,056;0,936;3,165;1,680;0,000;56,400;6,384;0,400;5;0;5;1,852;4,300;3,062;1,800;1,852;1,800;1,852;2,800;1,852;1,800;1,852;1,900;1,852;2,100;3,062;0,900;5,113;0,300
0905908006;0,652;4,600;1,612;1,200;0,435;8,500;0,938;22,032;1,299;1,800;0,469;5,620;1,568;0,936;0,829;2,080;0,000;76,200;4,944;0,700;8;0;8;0,831;6,000;0,951;2,800;0,831;2,900;0,831;4,200;0,831;3,200;0,831;3,300;0,831;2,800;0,951;1,600;2,931;0,600
0905908007;0,139;4,200;2,131;0,900;0,316;7,700;0,474;21,164;1,581;1,800;0,597;5,620;1,555;0,936;1,175;1,680;0,235;73,600;5,231;0,400;0;0;0;0,833;5,600;0,833;2,800;1,453;2,500;0,833;3,800;1,393;2,400;1,393;2,500;1,453;2,400;1,393;1,200;3,008;0,600
0905908008;0,554;4,200;2,277;0,900;0,669;7,400;0,902;20,696;1,856;1,800;0,860;5,620;1,935;0,936;1,406;1,680;0,000;71,000;5,528;0,400;2;0;2;1,241;5,200;1,257;2,400;1,241;2,500;1,241;3,400;1,241;2,400;1,241;2,500;1,241;2,400;1,581;1,200;3,378;0,600
0905908009;2,954;2,900;4,980;0,900;3,150;4,900;2,739;16,372;4,390;1,200;2,739;3,460;4,148;0,936;4,020;1,290;2,191;54,200;7,913;0,400;0;0;0;3,317;4,400;3,317;1,800;3,871;1,900;3,317;2,800;3,871;1,800;3,871;1,900;3,871;2,100;4,244;0,900;5,508;0,300
0905908010;0,984;3,900;1,945;0,900;0,506;6,800;0,898;20,308;2,197;1,800;1,649;4,410;2,712;0,936;1,824;1,680;0,000;66,000;5,404;0,400;5;0;5;0,506;5,300;1,747;2,400;0,506;2,500;0,506;3,500;0,506;2,500;0,506;2,600;0,506;2,800;1,747;1,200;3,849;0,600
0905908011;0,563;4,200;1,680;0,900;0,000;7,800;0,698;21,176;1,775;1,800;1,268;4,710;2,241;0,936;1,366;1,680;0,000;70,100;5,168;0,400;5;0;5;0,000;5,600;1,328;2,400;0,000;2,800;0,000;3,800;0,000;2,800;0,000;2,900;0,000;2,800;1,328;1,200;3,450;0,600
0905909001;0,307;5,000;2,808;1,200;0,424;9,700;0,424;23,768;0,161;2,600;0,570;6,030;1,758;0,936;1,152;1,680;0,080;83,000;3,008;0,600;0;0;0;0,000;6,400;0,000;3,200;0,904;3,300;0,904;4,200;0,904;3,200;0,904;3,300;0,904;2,800;0,904;1,600;0,904;1,000
0905909002;0,276;4,600;2,888;1,200;0,460;9,700;0,460;23,288;0,137;2,200;0,567;5,510;1,826;0,936;1,232;1,680;0,000;82,600;3,038;0,600;3;0;3;0,080;6,400;0,080;3,200;0,836;3,300;0,836;4,200;0,836;3,200;0,836;3,300;0,978;2,800;0,978;1,600;0,978;1,000
0905909003;0,473;4,600;2,891;1,200;0,331;8,900;0,000;23,132;0,577;2,200;0,424;6,030;2,289;0,936;1,584;1,680;0,000;80,400;2,891;0,600;3;0;3;0,464;6,000;0,533;2,800;0,464;2,900;0,464;3,800;0,464;2,800;0,464;2,900;1,246;2,400;1,246;1,200;1,246;0,600
0905909004;0,164;4,600;2,700;1,200;0,396;9,300;0,314;23,276;0,883;2,200;0,420;6,030;2,546;0,936;1,753;1,680;0,135;81,300;2,700;0,600;0;0;0;0,513;6,000;0,816;2,800;0,513;2,900;0,513;3,800;0,513;2,800;0,513;2,900;1,375;2,400;1,375;1,200;1,375;0,600
0905909005;0,296;4,600;2,825;1,200;0,275;8,900;0,213;23,276;0,790;2,200;0,455;6,030;2,493;0,936;1,747;1,680;0,000;80,900;2,825;0,600;1;0;1;0,402;6,000;0,743;2,800;0,402;2,900;0,402;3,800;0,402;2,800;0,402;2,900;1,387;2,400;1,387;1,200;1,387;0,600
0905909006;0,705;4,200;3,582;1,200;0,661;8,100;0,271;20,524;0,832;2,200;0,750;5,110;2,270;0,936;2,038;1,680;0,000;76,400;3,891;0,600;5;0;5;0,888;6,000;0,982;2,800;0,888;2,900;0,888;3,800;0,888;2,800;0,888;2,900;1,868;2,400;1,868;1,200;1,868;0,600
0905909007;0,000;4,200;2,951;1,200;0,729;9,700;0,476;23,132;0,146;2,200;0,769;5,900;1,770;0,936;1,348;1,680;0,000;81,700;3,312;0,600;4;0;4;0,307;6,000;0,307;2,800;0,895;2,900;0,895;3,800;0,895;2,800;0,895;2,900;1,164;2,400;1,164;1,200;1,164;0,600
0905909008;0,267;4,200;3,216;1,200;0,633;8,500;0,315;22,108;0,369;2,200;0,578;5,510;2,009;0,936;1,612;1,680;0,000;79,200;3,444;0,600;4;0;4;0,510;6,000;0,510;2,800;0,719;2,900;0,719;3,800;0,719;2,800;0,719;2,900;1,408;2,400;1,408;1,200;1,408;0,600
0905909009;0,568;4,600;3,212;1,200;0,272;8,500;0,322;22,108;0,563;2,200;0,213;6,030;2,324;0,936;1,754;1,680;0,000;79,700;3,212;0,600;2;0;2;0,327;6,000;0,610;2,800;0,327;2,900;0,327;3,800;0,327;2,800;0,327;2,900;1,463;2,400;1,463;1,200;1,463;0,600
0905909010;0,279;4,600;3,002;1,200;0,521;9,700;0,394;23,288;0,183;2,200;0,573;5,510;1,929;0,936;1,345;1,680;0,000;82,000;3,074;0,600;3;0;3;0,194;6,000;0,194;2,800;0,725;2,900;0,725;3,800;0,725;2,800;0,725;2,900;1,081;2,400;1,081;1,200;1,081;0,600
0905909011;0,381;4,600;3,168;1,200;0,446;8,900;0,322;22,508;0,360;2,200;0,417;6,030;2,122;0,936;1,562;1,680;0,124;80,400;3,168;0,600;0;0;0;0,411;6,000;0,411;2,800;0,526;2,900;0,526;3,800;0,526;2,800;0,526;2,900;1,288;2,400;1,288;1,200;1,288;0,600
0905909012;0,536;4,600;3,096;1,200;0,000;8,500;0,331;22,732;0,797;2,200;0,191;6,030;2,556;0,936;1,907;1,680;0,000;80,100;3,096;0,600;5;0;5;0,136;6,000;0,806;2,800;0,136;2,900;0,136;3,800;0,136;2,800;0,136;2,900;1,576;2,400;1,576;1,200;1,576;0,600
0905909013;0,462;4,600;2,867;1,200;0,322;9,700;0,322;23,288;0,328;2,200;0,377;5,510;1,940;0,936;1,244;1,680;0,000;82,400;2,867;0,600;1;0;1;0,212;6,400;0,212;3,200;0,786;3,300;0,786;4,200;0,786;3,200;0,786;3,300;0,936;2,800;0,936;1,600;0,936;1,000
0905909014;0,410;4,600;2,984;1,200;0,166;8,500;0,385;22,252;0,921;2,200;0,344;6,030;2,665;0,936;1,962;1,680;0,000;79,000;2,984;0,600;1;0;1;0,231;6,000;0,907;2,800;0,231;2,900;0,231;3,800;0,231;2,800;0,231;2,900;1,609;2,400;1,609;1,200;1,609;0,600
0905909015;0,000;4,200;2,574;1,200;0,536;8,900;0,473;22,252;1,031;1,800;0,350;6,030;2,655;0,936;1,816;1,680;0,000;79,700;2,574;0,600;5;0;5;0,638;6,000;0,952;2,800;0,638;2,900;0,638;3,800;0,638;2,800;0,638;2,900;1,423;2,400;1,423;1,200;1,423;0,600
0905909016;3,921;2,600;5,649;0,600;3,702;5,100;3,303;14,920;4,584;1,200;3,571;3,540;6,337;0,468;5,701;0,790;0,000;50,000;5,649;0,300;6;0;6;3,707;3,600;4,619;1,500;3,707;1,600;3,707;2,200;3,707;1,500;3,707;1,600;5,332;1,200;5,332;0,600;5,332;0,300
0905909017;0,467;5,000;2,714;1,200;0,275;9,300;0,275;23,144;0,322;2,600;0,475;6,030;1,740;0,936;1,042;1,680;0,000;82,600;2,856;0,600;1;0;1;0,163;6,400;0,163;3,200;0,760;3,300;0,760;4,200;0,760;3,200;0,760;3,300;0,760;2,800;0,760;1,600;0,760;1,000
0905909018;0,379;4,200;3,328;1,200;0,538;8,500;0,307;22,108;0,473;2,200;0,511;5,510;2,115;0,936;1,722;1,680;0,077;79,600;3,497;0,600;0;0;0;0,607;6,000;0,607;2,800;0,656;2,900;0,656;3,800;0,656;2,800;0,656;2,900;1,509;2,400;1,509;1,200;1,509;0,600
0905909019;0,520;4,200;3,471;1,200;0,413;8,100;0,252;21,148;0,604;2,200;0,427;5,110;2,257;0,936;1,856;1,680;0,089;79,200;3,545;0,600;0;0;0;0,573;6,000;0,725;2,800;0,573;2,900;0,573;3,800;0,573;2,800;0,573;2,900;1,629;2,400;1,629;1,200;1,629;0,600
0905909020;0,146;4,200;2,884;1,200;0,583;9,700;0,577;23,756;0,000;2,200;0,705;5,900;1,762;0,936;1,253;1,680;0,137;82,100;3,166;0,600;0;0;0;0,161;6,000;0,161;2,800;0,885;2,900;0,885;3,800;0,885;2,800;0,885;2,900;1,039;2,400;1,039;1,200;1,039;0,600
0905909021;0,360;4,600;3,283;1,200;0,505;8,900;0,460;22,508;0,399;2,200;0,415;5,510;2,130;0,936;1,645;1,680;0,000;80,400;3,323;0,600;3;0;3;0,498;6,000;0,498;2,800;0,550;2,900;0,550;3,800;0,550;2,800;0,550;2,900;1,399;2,400;1,399;1,200;1,399;0,600
0905909022;0,415;4,600;2,980;1,200;0,477;9,700;0,261;23,132;0,318;2,200;0,467;6,030;2,038;0,936;1,394;1,680;0,000;82,000;2,980;0,600;4;0;4;0,280;6,000;0,280;2,800;0,642;2,900;0,642;3,800;0,642;2,800;0,642;2,900;1,096;2,400;1,096;1,200;1,096;0,600
0905909023;0,429;4,200;2,964;1,200;0,352;7,800;0,573;21,772;1,121;1,800;0,251;6,030;2,860;0,936;2,129;1,680;0,000;77,100;2,964;0,600;5;0;5;0,357;5,300;1,102;2,400;0,357;2,600;0,357;3,500;0,357;2,500;0,357;2,600;1,763;2,100;1,763;1,200;1,763;0,600
0905909024;0,866;4,600;3,473;1,200;0,000;8,100;0,268;21,148;0,902;2,200;0,202;5,630;2,635;0,936;2,124;1,680;0,000;77,700;3,473;0,600;4;0;4;0,274;6,000;0,973;2,800;0,274;2,900;0,274;3,800;0,274;2,800;0,274;2,900;1,837;2,400;1,837;1,200;1,837;0,600
0905909025;0,589;4,600;3,416;1,200;0,278;8,100;0,261;21,628;0,634;2,200;0,245;6,030;2,357;0,936;1,874;1,680;0,000;79,600;3,416;0,600;2;0;2;0,392;6,000;0,723;2,800;0,392;2,900;0,392;3,800;0,392;2,800;0,392;2,900;1,612;2,400;1,612;1,200;1,612;0,600
0905909026;0,450;4,600;3,059;1,200;0,410;8,900;0,217;23,132;0,393;2,200;0,431;6,030;2,146;0,936;1,530;1,680;0,138;80,800;3,059;0,600;0;0;0;0,399;6,000;0,399;2,800;0,513;2,900;0,513;3,800;0,513;2,800;0,513;2,900;1,234;2,400;1,234;1,200;1,234;0,600
0905909027;0,501;4,600;3,163;1,200;0,324;8,900;0,277;22,508;0,483;2,200;0,299;6,030;2,246;0,936;1,666;1,680;0,000;80,400;3,163;0,600;2;0;2;0,402;6,000;0,522;2,800;0,402;2,900;0,402;3,800;0,402;2,800;0,402;2,900;1,376;2,400;1,376;1,200;1,376;0,600
0905909028;0,638;4,600;3,210;1,200;0,136;8,100;0,464;22,252;0,885;2,200;0,147;6,030;2,647;0,936;2,030;1,680;0,136;79,300;3,210;0,600;0;0;0;0,000;6,000;0,912;2,800;0,000;2,900;0,000;3,800;0,000;2,800;0,000;2,900;1,706;2,400;1,706;1,200;1,706;0,600
0905909029;0,236;4,600;3,108;1,200;0,591;9,300;0,437;22,508;0,228;2,200;0,550;5,510;1,984;0,936;1,466;1,680;0,149;80,800;3,211;0,600;0;0;0;0,318;6,000;0,318;2,800;0,667;2,900;0,667;3,800;0,667;2,800;0,667;2,900;1,221;2,400;1,221;1,200;1,221;0,600
0905909030;0,217;4,600;3,038;1,200;0,606;9,700;0,440;23,132;0,167;2,200;0,609;5,510;1,930;0,936;1,393;1,680;0,087;82,000;3,161;0,600;0;0;0;0,244;6,000;0,244;2,800;0,718;2,900;0,718;3,800;0,718;2,800;0,718;2,900;1,147;2,400;1,147;1,200;1,147;0,600
0905909031;0,655;4,600;3,388;1,200;0,214;8,100;0,273;21,628;0,688;2,200;0,170;6,030;2,425;0,936;1,917;1,680;0,079;79,600;3,388;0,600;0;0;0;0,316;6,000;0,764;2,800;0,316;2,900;0,316;3,800;0,316;2,800;0,316;2,900;1,641;2,400;1,641;1,200;1,641;0,600
0905909032;0,342;4,600;2,702;1,200;0,435;9,300;0,435;23,612;0,211;2,600;0,628;6,420;1,650;0,936;1,053;1,680;0,161;81,700;3,009;0,600;0;0;0;0,111;6,000;0,111;3,200;0,828;2,900;0,828;3,800;0,828;2,800;0,828;2,900;0,828;2,800;0,828;1,600;0,828;1,000
0905909033;0,455;4,600;3,025;1,200;0,092;8,500;0,340;22,252;0,855;2,200;0,278;6,030;2,605;0,936;1,923;1,680;0,000;79,000;3,025;0,600;3;0;3;0,186;6,000;0,849;2,800;0,186;2,900;0,186;3,800;0,186;2,800;0,186;2,900;1,580;2,400;1,580;1,200;1,580;0,600
0905909034;0,193;4,600;2,759;1,200;0,691;9,300;0,615;23,612;0,198;2,600;0,864;6,420;1,584;0,936;1,172;1,680;0,000;80,900;3,269;0,600;2;0;2;0,294;5,600;0,294;2,800;1,023;2,500;1,023;3,400;1,023;2,400;1,023;2,500;1,023;2,400;1,023;1,200;1,023;0,600
0905909035;0,771;4,200;3,661;1,200;0,268;8,100;0,000;21,148;0,848;2,200;0,401;5,110;2,503;0,936;2,101;1,680;0,000;77,800;3,661;0,600;3;0;3;0,521;6,000;0,958;2,800;0,521;2,900;0,521;3,800;0,521;2,800;0,521;2,900;1,858;2,400;1,858;1,200;1,858;0,600
0905909036;0,453;4,200;3,400;1,200;0,501;8,100;0,295;21,148;0,551;2,200;0,502;5,110;2,174;0,936;1,798;1,680;0,000;79,200;3,557;0,600;2;0;2;0,649;6,000;0,684;2,800;0,649;2,900;0,649;3,800;0,649;2,800;0,649;2,900;1,586;2,400;1,586;1,200;1,586;0,600
0905909037;0,726;4,600;3,280;1,200;0,191;8,100;0,401;21,628;0,775;2,200;0,000;6,030;2,533;0,936;1,961;1,680;0,000;78,900;3,280;0,600;1;0;1;0,147;6,000;0,822;2,800;0,147;2,900;0,147;3,800;0,147;2,800;0,147;2,900;1,658;2,400;1,658;1,200;1,658;0,600
0905909038;0,729;5,000;2,584;1,200;0,000;9,300;0,000;23,288;0,583;2,600;0,281;5,630;1,880;0,936;1,035;1,680;0,000;82,200;2,584;0,600;5;0;5;0,424;6,000;0,424;3,200;0,671;2,900;0,671;3,800;0,671;2,800;0,671;2,900;0,671;2,800;0,671;1,600;0,671;1,000
0905909039;0,360;4,600;2,668;1,200;0,469;9,300;0,223;22,028;0,689;2,200;0,236;6,030;2,300;0,936;1,504;1,680;0,223;81,600;2,668;0,600;0;0;0;0,596;6,000;0,596;2,800;0,636;2,900;0,636;3,800;0,636;2,800;0,636;2,900;1,134;2,400;1,134;1,200;1,134;0,600
0905909040;0,350;4,200;2,753;1,200;0,569;8,200;0,418;21,148;1,271;1,800;0,000;6,030;2,964;0,936;2,160;1,680;0,251;76,300;2,753;0,600;0;0;0;0,601;5,300;1,224;2,400;0,601;2,600;0,601;3,500;0,601;2,500;0,601;2,600;1,771;2,100;1,771;1,200;1,771;0,600
0905909041;0,710;4,200;2,701;1,200;0,657;7,800;0,000;19,444;1,688;1,800;0,418;5,230;3,362;0,936;2,512;1,680;0,000;72,400;2,701;0,600;2;0;2;0,977;5,300;1,635;2,400;0,977;2,600;0,977;3,500;0,977;2,500;0,977;2,600;2,109;2,100;2,109;1,200;2,109;0,600
0905909042;0,516;4,600;2,514;1,200;0,281;9,300;0,000;22,808;0,705;2,200;0,000;6,030;2,159;0,936;1,300;1,680;0,000;82,400;2,514;0,600;5;0;5;0,570;6,400;0,570;3,200;0,868;3,300;0,868;4,200;0,868;3,200;0,868;3,300;0,915;2,800;0,915;1,600;0,915;1,000
0905909043;0,358;4,200;2,389;1,200;0,437;7,800;0,477;21,772;1,386;1,800;0,365;5,630;2,963;0,936;2,062;1,680;0,000;75,100;2,389;0,600;1;0;1;0,910;5,300;1,299;2,400;0,910;2,600;0,910;3,500;0,910;2,500;0,910;2,600;1,653;2,100;1,653;1,200;1,653;0,600
0905909044;0,476;4,200;3,310;1,200;0,776;8,100;0,000;21,148;0,617;2,200;0,797;5,110;2,005;0,936;1,779;1,680;0,271;77,600;3,753;0,600;0;0;0;0,776;6,000;0,776;2,800;0,944;2,900;0,944;3,800;0,944;2,800;0,944;2,900;1,632;2,400;1,632;1,200;1,632;0,600
0906001001;10,992;1,300;21,534;0,100;12,103;1,200;10,992;2,800;12,547;0,500;15,687;0,490;49,929;0,000;23,839;0,130;15,687;0,300;10,992;0,500;0;0;0;27,046;0,100;27,046;0,100;27,046;0,100;27,046;0,100;27,046;0,100;27,046;0,100;48,543;0,000;48,543;0,000;27,046;0,100
0906101001;16,096;0,500;20,440;0,200;16,096;0,400;4,416;3,104;20,440;0,200;16,322;0,590;20,034;0,156;20,753;0,100;20,440;0,200;44,238;0,000;0;0;0;20,543;0,300;20,543;0,100;20,543;0,100;19,222;0,200;20,543;0,100;19,222;0,200;55,989;0,000;34,592;0,000;20,543;0,200
0906201001;12,807;0,600;47,295;0,000;12,807;0,600;12,807;1,788;38,873;0,000;12,807;0,650;47,134;0,000;46,264;0,000;4,265;3,700;58,486;0,000;0;0;0;23,133;0,100;47,076;0,000;23,133;0,100;15,450;0,200;47,076;0,000;15,450;0,200;58,913;0,000;23,133;0,100;23,133;0,100
0906301001;3,383;2,000;13,512;0,400;11,401;2,600;8,163;8,864;13,813;0,500;11,144;1,630;14,245;0,468;4,628;1,030;3,114;26,400;15,133;0,200;0;0;0;12,040;2,400;13,363;0,800;12,040;0,800;12,040;1,200;12,040;0,800;12,040;0,900;12,040;1,000;13,363;0,400;15,476;0,100
0906401001;12,140;0,700;24,747;0,200;12,140;0,800;12,140;2,380;24,999;0,200;23,555;0,460;24,525;0,156;23,750;0,100;17,547;1,300;63,783;0,000;0;0;0;10,096;0,400;24,518;0,100;10,096;0,400;10,096;0,700;24,518;0,100;10,096;0,700;60,472;0,000;10,096;0,300;10,096;0,400
0906501001;5,500;1,000;7,240;0,600;7,471;0,900;4,633;5,288;7,228;0,700;6,813;1,250;7,883;0,468;8,356;0,300;7,240;0,800;66,389;0,000;0;0;0;7,717;0,400;7,717;0,300;7,717;0,300;7,717;0,400;7,717;0,300;7,717;0,400;74,850;0,000;32,725;0,000;7,717;0,300
0906601001;14,616;0,300;34,911;0,000;14,616;0,400;11,528;1,368;33,036;0,000;14,616;0,390;33,489;0,000;33,967;0,000;5,915;2,100;36,046;0,000;0;0;0;17,888;0,200;32,980;0,000;18,841;0,100;32,837;0,000;32,837;0,000;21,882;0,100;33,489;0,000;34,008;0,000;34,008;0,000
0906701001;9,494;1,100;49,433;0,000;6,473;1,100;3,706;3,708;21,753;0,100;9,494;1,300;48,684;0,000;49,319;0,000;0,000;5,300;44,663;0,000;1;0;1;35,149;0,000;49,606;0,000;35,149;0,000;27,738;0,100;50,426;0,000;27,738;0,100;50,426;0,000;35,149;0,000;35,149;0,000
0906801001;7,192;1,200;23,959;0,100;7,192;1,100;7,192;2,092;25,299;0,100;18,248;0,490;47,513;0,000;41,265;0,000;11,580;0,900;26,414;0,200;0;0;0;23,871;0,200;45,097;0,000;45,097;0,000;23,871;0,200;45,097;0,000;45,097;0,000;46,066;0,000;46,066;0,000;36,482;0,000
0907001001;11,211;0,600;42,973;0,000;11,211;0,600;11,211;1,192;43,224;0,000;11,211;0,650;42,688;0,000;42,015;0,000;6,162;3,100;53,614;0,000;0;0;0;23,094;0,100;42,736;0,000;23,094;0,100;17,108;0,200;42,736;0,000;17,108;0,200;50,713;0,000;23,094;0,100;23,094;0,100
0907101001;13,083;1,000;26,685;0,100;15,028;1,200;13,083;3,112;18,450;0,300;17,022;0,720;30,157;0,000;29,090;0,130;13,083;7,900;17,022;0,200;0;0;0;13,083;0,800;28,650;0,200;28,042;0,300;13,083;0,600;28,042;0,200;28,042;0,200;28,703;0,200;28,703;0,100;28,703;0,100
0907201001;9,094;1,900;10,900;0,600;9,016;3,700;4,958;11,928;9,280;0,900;9,193;2,680;9,501;0,468;9,950;0,990;4,958;35,900;12,428;0,300;0;0;0;8,964;3,000;8,964;1,200;9,290;1,300;8,964;1,600;9,290;1,200;9,290;1,300;9,501;1,200;10,171;0,600;10,171;0,300
0907301001;4,948;2,300;6,907;0,600;5,122;3,700;3,846;12,988;6,050;0,900;5,346;2,680;5,673;0,468;5,918;0,990;2,861;38,400;9,143;0,400;0;0;0;4,981;3,400;4,981;1,500;6,170;1,300;4,981;2,200;6,172;1,200;6,172;1,300;5,673;1,200;6,172;0,600;6,699;0,300
0907401001;5,395;2,000;8,070;0,600;4,776;3,900;3,190;12,856;5,508;0,900;4,976;2,850;6,763;0,468;6,734;0,790;0,000;39,600;8,070;0,300;2;0;2;4,991;3,300;5,640;1,200;4,991;1,600;4,991;2,200;4,991;1,500;4,991;1,600;6,544;1,200;6,544;0,600;6,544;0,300
0907501001;10,059;2,200;11,671;0,600;9,721;3,900;6,749;10,444;10,622;1,000;9,711;2,550;12,319;0,468;11,804;0,790;6,153;35,000;11,671;0,400;0;0;0;9,777;3,000;10,681;1,200;9,777;1,300;9,777;1,700;9,777;1,200;9,777;1,200;11,452;1,200;11,452;0,600;11,452;0,300
0907601001;7,833;0,800;33,956;0,000;9,028;0,800;5,707;1,920;7,833;0,300;5,707;0,780;36,024;0,000;34,797;0,000;5,707;0,500;5,707;0,400;0;0;0;28,424;0,100;34,278;0,000;22,325;0,100;32,154;0,000;33,377;0,000;33,377;0,000;34,878;0,000;34,878;0,000;34,878;0,000
0907701001;9,401;1,100;19,147;0,100;12,980;1,200;9,401;2,800;15,231;0,300;18,479;0,490;52,955;0,000;21,614;0,130;18,479;0,200;9,401;0,500;0;0;0;25,098;0,100;25,098;0,100;25,098;0,100;25,098;0,100;25,098;0,100;25,098;0,100;51,568;0,000;51,568;0,000;25,098;0,100
0907801001;10,068;0,400;40,913;0,000;10,068;0,500;10,068;1,504;39,165;0,000;10,068;0,390;39,521;0,000;39,952;0,000;0,000;3,500;42,220;0,000;2;0;2;23,279;0,200;38,971;0,000;24,312;0,100;28,898;0,100;39,011;0,000;24,358;0,200;39,521;0,000;34,289;0,000;34,289;0,000
0907901001;14,099;1,300;26,410;0,200;13,086;1,700;7,029;5,272;27,039;0,300;20,812;0,880;27,654;0,156;20,310;0,330;9,209;12,200;10,810;0,500;0;0;0;21,937;1,100;26,623;0,400;25,506;0,300;24,007;0,500;25,506;0,300;25,506;0,300;25,506;0,400;26,623;0,200;28,432;0,100
0908201001;8,901;0,700;28,903;0,100;8,901;0,800;8,901;1,708;20,656;0,300;8,901;0,750;50,847;0,000;28,195;0,130;21,280;0,100;21,280;0,200;0;0;0;26,754;0,100;26,754;0,100;26,754;0,200;26,754;0,100;26,754;0,100;26,754;0,100;49,911;0,000;49,911;0,000;26,754;0,100
0908301001;11,435;1,100;26,893;0,200;10,068;1,500;7,990;4,216;11,435;0,600;7,990;1,110;28,969;0,156;28,166;0,230;7,990;10,000;7,990;0,500;0;0;0;23,991;0,900;27,212;0,400;20,961;0,400;25,394;0,500;26,327;0,300;26,327;0,300;27,757;0,300;27,757;0,200;27,757;0,100
0908401001;7,884;0,600;51,157;0,000;7,884;0,600;7,884;1,788;38,383;0,000;7,884;0,650;50,947;0,000;50,149;0,000;3,981;3,700;57,700;0,000;0;0;0;28,011;0,100;50,930;0,000;28,011;0,100;20,498;0,200;50,930;0,000;20,498;0,200;55,235;0,000;28,011;0,100;28,011;0,100
0908501001;0,000;2,000;6,696;0,600;7,221;1,000;6,050;4,752;6,696;0,800;6,050;1,510;7,158;0,468;8,277;0,300;6,696;0,700;60,889;0,000;0;0;0;7,382;0,400;7,382;0,300;7,382;0,300;7,382;0,600;7,382;0,300;7,382;0,600;69,758;0,000;33,716;0,000;7,382;0,300
0908601001;8,504;2,000;11,196;0,600;7,940;3,600;0,000;11,644;8,626;0,900;8,142;2,550;9,716;0,468;9,821;0,790;0,000;36,900;11,260;0,300;2;0;2;8,164;3,000;8,767;1,200;8,164;1,300;8,164;1,700;8,164;1,200;8,164;1,300;9,666;1,200;9,666;0,600;9,666;0,300
0908801001;3,365;1,200;39,426;0,000;7,823;1,000;7,823;2,184;26,984;0,100;7,823;1,040;52,565;0,000;49,092;0,000;3,365;2,000;3,365;1,600;0;0;0;12,820;0,700;51,616;0,000;45,019;0,000;45,329;0,000;50,993;0,000;39,072;0,000;50,993;0,000;51,616;0,000;42,121;0,000
0909001001;15,222;0,700;40,226;0,000;15,222;0,500;5,096;1,716;40,830;0,000;15,222;0,260;41,430;0,000;33,342;0,000;10,741;2,300;16,553;0,800;0;0;0;15,222;0,200;40,405;0,000;39,249;0,000;37,814;0,000;39,249;0,000;39,249;0,000;39,249;0,000;40,405;0,000;33,877;0,000
0909101001;19,280;0,700;36,717;0,000;16,286;0,600;0,000;3,120;37,263;0,000;19,661;0,260;37,833;0,000;29,195;0,100;8,687;2,900;11,530;0,900;0;0;0;19,661;0,300;36,826;0,000;35,613;0,000;35,016;0,000;35,613;0,000;35,613;0,000;35,613;0,000;36,826;0,000;30,521;0,000
0909301001;6,400;2,000;12,398;0,400;10,743;3,300;4,028;12,100;12,451;0,900;9,441;2,220;12,716;0,468;2,737;1,290;5,366;32,300;15,859;0,200;0;0;0;10,743;2,800;12,033;1,200;10,743;1,000;10,743;1,400;10,743;1,000;10,743;1,100;10,743;1,200;12,033;0,600;14,111;0,300
0909401001;14,306;0,500;37,062;0,000;14,306;0,500;8,640;1,292;37,155;0,000;17,879;0,260;36,528;0,000;36,365;0,000;13,560;1,000;43,378;0,000;0;0;0;17,249;0,300;36,819;0,000;30,946;0,000;29,655;0,100;36,819;0,000;14,363;0,400;39,616;0,000;30,946;0,000;30,946;0,000
0909501001;4,978;1,400;21,128;0,200;5,165;1,600;5,165;5,492;21,530;0,300;19,037;1,110;22,019;0,156;12,603;0,530;0,000;15,500;7,386;0,500;2;0;2;17,605;1,300;21,080;0,400;19,782;0,400;19,782;0,600;19,782;0,400;19,782;0,500;19,782;0,400;21,080;0,200;23,155;0,200
0909801001;10,546;0,900;23,948;0,100;10,546;0,800;10,546;1,864;13,954;0,500;10,546;0,750;49,038;0,000;23,954;0,130;15,446;0,200;15,446;0,300;0;0;0;23,721;0,100;23,721;0,100;23,721;0,100;23,721;0,100;23,721;0,100;23,721;0,100;47,943;0,000;47,943;0,000;23,721;0,100
0910001001;14,249;1,100;26,773;0,200;14,249;1,600;12,756;4,004;15,952;0,400;12,756;1,500;28,080;0,156;27,459;0,230;12,756;11,400;12,756;0,400;0;0;0;19,315;0,900;26,382;0,400;14,710;0,600;25,470;0,500;25,470;0,300;25,470;0,300;27,079;0,300;27,079;0,200;27,079;0,100
0910101001;7,020;1,200;27,985;0,100;6,872;1,100;6,872;4,020;28,080;0,200;16,846;0,650;28,355;0,156;18,209;0,330;7,814;9,400;10,020;0,400;0;0;0;7,020;1,400;27,656;0,300;26,352;0,300;26,352;0,400;26,352;0,300;22,032;0,400;26,352;0,400;27,656;0,200;18,281;0,200
0910201001;4,043;1,300;24,039;0,100;4,043;1,600;4,043;2,772;26,191;0,100;16,573;0,490;54,801;0,000;34,838;0,000;15,158;0,600;24,820;0,200;0;0;0;24,228;0,100;39,003;0,000;39,003;0,000;24,228;0,100;39,003;0,000;39,003;0,000;53,347;0,000;53,347;0,000;39,003;0,000
0910301001;9,947;0,800;26,559;0,200;9,947;0,600;10,203;2,528;26,559;0,200;18,920;0,590;26,110;0,156;26,725;0,100;26,559;0,100;40,069;0,000;0;0;0;18,920;0,500;26,601;0,100;26,601;0,100;24,607;0,200;26,601;0,100;24,607;0,300;49,663;0,000;37,091;0,000;23,287;0,200
0910401001;11,894;0,600;27,046;0,200;11,894;0,600;15,739;2,028;27,080;0,200;20,317;0,460;26,470;0,156;26,519;0,100;23,506;0,600;46,825;0,000;0;0;0;20,317;0,500;26,809;0,100;26,809;0,200;26,809;0,300;26,809;0,100;21,521;0,400;47,764;0,000;27,433;0,100;26,809;0,200
0910501001;20,321;0,400;30,337;0,000;20,321;0,400;15,957;1,624;30,551;0,000;25,715;0,490;29,907;0,156;29,533;0,100;17,537;0,900;52,983;0,000;0;0;0;20,936;0,300;30,089;0,000;20,936;0,100;20,321;0,200;30,089;0,000;20,321;0,300;49,419;0,000;20,936;0,100;20,936;0,100
0910801001;14,736;1,100;16,703;0,200;14,931;1,600;7,059;5,860;16,190;0,300;13,748;1,240;15,965;0,156;11,969;0,530;13,579;14,300;19,722;0,200;0;0;0;7,533;1,500;15,136;0,400;15,296;0,500;15,136;0,600;15,296;0,400;10,951;0,700;15,296;0,400;15,996;0,200;17,287;0,100
0910901001;20,999;0,200;25,631;0,100;0,000;1,300;0,000;2,368;20,956;0,200;20,732;0,230;92,304;0,000;23,344;0,130;20,643;0,100;12,100;0,400;0;0;0;20,999;0,100;20,999;0,100;20,999;0,100;20,999;0,100;20,999;0,100;20,999;0,100;91,114;0,000;91,114;0,000;20,999;0,100
0911001001;12,647;0,500;42,983;0,000;12,647;0,500;9,552;1,404;41,510;0,000;12,647;0,520;41,662;0,000;41,658;0,000;4,659;2,700;44,637;0,000;0;0;0;22,995;0,400;41,042;0,000;29,166;0,200;25,200;0,200;41,456;0,000;23,018;0,300;41,662;0,000;29,928;0,100;29,928;0,100
0911201001;7,820;0,600;26,524;0,200;7,820;0,800;7,820;2,748;26,141;0,300;25,263;0,590;26,559;0,156;25,460;0,100;16,168;1,200;62,354;0,000;0;0;0;0,000;1,100;26,347;0,100;0,000;1,100;0,000;1,400;26,347;0,100;0,000;1,400;69,719;0,000;0,000;1,000;0,000;1,100
0911301001;20,934;0,200;35,556;0,000;20,934;0,200;0,000;2,368;34,504;0,000;20,855;0,260;34,362;0,000;32,967;0,000;6,471;1,800;37,670;0,000;0;0;0;13,765;0,500;33,659;0,000;28,866;0,100;32,252;0,000;34,583;0,000;13,467;0,300;34,362;0,000;34,811;0,000;35,300;0,000
0911401001;20,434;0,800;22,458;0,200;20,623;1,400;13,124;5,024;21,549;0,300;18,531;0,980;21,299;0,156;20,392;0,330;10,916;13,000;24,704;0,100;0;0;0;5,014;1,600;20,577;0,400;21,460;0,500;20,577;0,600;21,460;0,400;9,474;0,700;21,299;0,400;21,712;0,200;22,296;0,100
0911501001;6,851;1,100;18,090;0,100;14,028;1,000;6,851;2,488;12,109;0,500;15,545;0,490;51,470;0,000;20,069;0,130;15,545;0,200;6,851;0,500;0;0;0;22,862;0,100;22,862;0,100;22,862;0,100;22,862;0,100;22,862;0,100;22,862;0,100;50,130;0,000;50,130;0,000;22,862;0,100
0911701001;4,402;1,200;20,575;0,200;4,402;1,100;4,402;3,072;16,898;0,300;4,820;1,500;20,903;0,156;22,131;0,100;17,156;0,300;53,165;0,000;0;0;0;17,156;0,200;21,246;0,100;21,246;0,100;4,402;0,700;21,246;0,100;4,402;0,700;57,656;0,000;47,045;0,000;21,246;0,200
0911901001;22,069;0,900;26,702;0,200;22,069;1,400;8,907;4,436;25,771;0,300;17,919;1,110;25,541;0,156;24,262;0,330;7,959;12,900;28,930;0,100;0;0;0;6,057;1,400;24,820;0,400;25,525;0,500;24,820;0,500;25,694;0,400;8,648;0,700;25,541;0,400;25,956;0,200;26,530;0,100
0912001001;4,110;1,500;8,771;0,300;13,270;1,300;4,110;4,104;13,013;0,700;13,664;0,820;61,168;0,000;11,249;0,390;13,809;0,400;4,110;1,100;0;0;0;14,975;0,300;14,975;0,300;14,975;0,300;14,975;0,300;14,975;0,300;14,975;0,300;59,838;0,000;59,838;0,000;14,975;0,300
0912201001;14,754;0,500;30,878;0,000;14,754;0,600;14,754;1,248;31,127;0,000;23,382;0,230;30,551;0,000;29,958;0,100;13,937;1,300;56,749;0,000;0;0;0;16,351;0,100;30,636;0,000;16,351;0,100;14,754;0,400;30,636;0,000;14,754;0,500;53,385;0,000;16,351;0,100;16,351;0,100
0912301001;7,521;0,400;33,449;0,000;7,521;0,700;7,521;1,728;16,082;0,100;7,521;0,780;34,475;0,000;33,933;0,000;13,842;0,800;13,842;0,300;0;0;0;23,064;0,100;32,825;0,000;14,855;0,300;31,917;0,000;31,917;0,000;31,917;0,000;33,569;0,000;33,569;0,000;33,569;0,000
0912401001;0,000;1,300;19,346;0,100;0,000;1,400;0,000;2,184;64,410;0,000;0,000;1,790;85,827;0,000;70,331;0,000;19,346;0,300;59,535;0,000;0;0;0;19,622;0,100;74,878;0,000;74,878;0,000;19,622;0,100;74,878;0,000;74,878;0,000;84,489;0,000;84,489;0,000;31,831;0,000
0912501001;0,000;1,800;16,894;0,200;8,024;1,600;8,024;6,596;17,195;0,300;14,500;1,370;17,624;0,156;7,778;0,530;0,000;15,600;11,824;0,400;2;0;2;15,422;1,300;16,746;0,400;15,422;0,400;15,422;0,600;15,422;0,400;15,422;0,500;15,422;0,400;16,746;0,200;18,860;0,100
0912701001;5,825;0,600;29,170;0,200;5,825;0,500;15,391;1,732;29,170;0,200;15,443;0,490;28,639;0,156;29,025;0,100;28,188;0,300;40,635;0,000;0;0;0;15,443;0,500;29,078;0,100;29,078;0,100;29,078;0,100;29,078;0,100;19,942;0,200;45,454;0,000;34,815;0,000;25,557;0,200
0912801001;5,615;2,100;12,186;0,400;10,945;3,400;5,461;10,720;12,649;0,900;10,430;2,150;13,183;0,468;5,512;0,990;0,000;31,000;15,080;0,200;2;0;2;10,945;2,800;12,203;1,200;10,945;1,000;10,945;1,600;10,945;1,000;10,945;1,100;10,945;1,200;12,203;0,600;14,232;0,300
0912901001;15,951;0,200;47,008;0,000;6,900;0,500;6,900;0,780;32,647;0,000;15,951;0,260;46,796;0,000;46,229;0,000;28,824;0,100;31,361;0,000;0;0;0;30,138;0,000;44,380;0,000;18,635;0,100;44,380;0,000;44,380;0,000;44,380;0,000;46,326;0,000;46,326;0,000;44,380;0,000
0913001001;4,943;0,800;33,897;0,000;4,943;1,000;4,943;1,836;20,707;0,100;4,943;0,910;46,449;0,000;33,392;0,000;20,416;0,100;20,416;0,200;0;0;0;32,172;0,000;32,172;0,000;22,811;0,100;32,172;0,000;32,172;0,000;32,172;0,000;45,595;0,000;45,595;0,000;32,172;0,000
0913101001;5,434;1,000;5,512;0,600;5,448;0,800;4,274;5,392;5,560;0,700;4,968;1,420;6,099;0,468;5,051;0,300;0,000;1,700;69,059;0,000;4;0;4;5,566;0,500;5,566;0,300;5,566;0,400;5,566;0,500;5,566;0,300;5,566;0,500;77,801;0,000;23,971;0,100;5,566;0,400
0913201001;5,192;0,800;29,701;0,100;5,192;0,500;5,192;1,452;13,026;0,300;5,192;0,780;43,808;0,000;29,826;0,130;13,145;0,300;13,145;0,400;0;0;0;29,633;0,100;29,633;0,100;24,573;0,200;29,633;0,100;29,633;0,100;29,633;0,100;42,774;0,000;42,774;0,000;29,633;0,100
0913301001;16,863;0,900;17,619;0,200;16,524;1,500;14,853;4,916;17,675;0,400;16,524;1,110;19,437;0,156;18,676;0,330;13,149;13,100;17,433;0,200;0;0;0;16,770;1,100;17,686;0,400;16,790;0,500;16,790;0,700;16,790;0,400;16,790;0,400;18,273;0,400;18,273;0,200;18,273;0,100
0913401001;8,378;1,000;25,023;0,100;6,416;1,400;6,416;2,524;22,751;0,200;22,673;0,360;56,022;0,000;27,895;0,130;22,119;0,400;18,092;0,200;0;0;0;30,675;0,000;32,040;0,000;32,040;0,000;30,675;0,000;32,040;0,000;32,040;0,000;54,580;0,000;54,580;0,000;32,040;0,000
0913501001;9,291;1,100;20,527;0,100;11,866;1,000;9,291;2,728;10,290;0,500;13,669;0,750;49,234;0,000;22,513;0,130;13,669;0,400;9,291;0,700;0;0;0;25,262;0,100;25,262;0,100;25,262;0,100;25,262;0,100;25,262;0,100;25,262;0,100;47,884;0,000;47,884;0,000;25,262;0,100
0913601001;8,037;0,900;15,329;0,200;8,037;0,800;8,037;2,544;15,329;0,300;8,048;1,110;15,755;0,156;16,912;0,100;15,329;0,300;57,889;0,000;0;0;0;16,015;0,200;16,015;0,100;16,015;0,100;8,037;0,400;16,015;0,100;8,037;0,400;63,688;0,000;42,285;0,000;16,015;0,100
0913701001;8,536;1,000;8,540;0,600;8,540;0,900;4,033;5,188;8,470;0,700;7,741;1,120;9,209;0,468;8,530;0,300;4,379;1,300;72,004;0,000;0;0;0;8,694;0,500;8,694;0,300;8,694;0,400;8,694;0,500;8,694;0,300;8,694;0,500;82,009;0,000;26,952;0,100;8,694;0,400
0913801001;8,339;0,900;18,198;0,200;8,339;1,000;8,339;2,560;18,008;0,300;8,536;0,850;18,642;0,156;19,780;0,100;18,198;0,300;58,011;0,000;0;0;0;18,885;0,200;18,885;0,100;18,885;0,100;8,339;0,400;18,885;0,100;8,339;0,400;62,518;0,000;45,192;0,000;18,885;0,200
0913901001;8,899;0,900;15,410;0,200;11,619;1,000;11,619;3,096;15,410;0,400;11,664;1,110;15,937;0,156;16,955;0,100;15,410;0,300;61,507;0,000;0;0;0;16,083;0,300;16,083;0,100;16,083;0,100;11,619;0,400;16,083;0,100;11,619;0,400;66,761;0,000;42,377;0,000;16,083;0,100
0914001001;15,705;0,400;18,206;0,200;16,901;0,700;10,006;2,364;16,958;0,300;17,539;0,746;18,836;0,156;19,024;0,100;17,326;0,300;71,184;0,000;0;0;0;16,958;0,200;18,565;0,100;18,565;0,100;18,565;0,200;18,565;0,100;18,565;0,200;68,987;0,000;40,462;0,000;18,565;0,100
0914101001;4,381;1,600;4,430;1,200;4,430;1,200;0,000;6,848;4,273;1,300;3,573;1,420;5,070;0,468;4,876;0,600;4,274;1,400;67,292;0,000;0;0;0;4,648;0,800;4,648;0,600;4,648;0,700;4,648;0,800;4,648;0,600;4,648;0,800;77,313;0,000;28,102;0,100;4,648;0,700
0914301001;13,189;1,200;25,113;0,200;10,100;1,600;10,100;4,244;13,189;0,600;10,584;1,240;27,986;0,156;27,015;0,230;10,584;11,800;10,584;0,400;0;0;0;18,509;0,900;26,282;0,400;25,500;0,400;18,509;0,600;25,500;0,300;25,500;0,300;26,600;0,300;26,600;0,200;26,600;0,100
0914401001;11,244;0,600;43,719;0,000;11,244;0,600;11,244;1,744;36,534;0,000;16,244;0,390;43,592;0,000;42,676;0,000;0,000;3,900;57,603;0,000;1;0;1;18,993;0,100;43,506;0,000;18,993;0,100;11,244;0,400;43,506;0,000;11,244;0,400;61,209;0,000;18,993;0,100;18,993;0,100
0914801001;11,152;0,900;34,992;0,000;11,152;1,000;8,249;2,496;35,765;0,000;11,152;0,910;36,435;0,000;31,563;0,000;5,193;2,000;20,609;0,500;0;0;0;11,152;0,400;35,426;0,000;34,600;0,000;30,299;0,000;34,600;0,000;34,600;0,000;34,600;0,000;35,426;0,000;36,788;0,000
0914901001;5,397;1,100;24,526;0,100;7,171;1,000;7,171;2,728;5,397;0,500;8,765;0,750;44,625;0,000;26,207;0,130;8,765;0,400;8,765;0,700;0;0;0;28,436;0,100;28,436;0,100;28,436;0,100;28,436;0,100;28,436;0,100;28,436;0,100;43,295;0,000;43,295;0,000;28,436;0,100
0915101001;11,170;0,900;11,458;0,600;10,732;0,800;0,000;5,492;11,458;0,600;9,035;1,120;10,878;0,468;11,124;0,300;11,458;0,500;55,449;0,000;0;0;0;11,269;0,400;11,269;0,300;11,269;0,400;11,269;0,500;11,269;0,300;11,269;0,500;62,875;0,000;24,933;0,100;11,269;0,400
0915201001;9,866;1,300;11,802;0,600;11,046;1,100;7,283;4,712;11,802;0,600;7,283;1,510;11,678;0,468;12,806;0,300;11,802;0,500;51,676;0,000;0;0;0;12,208;0,300;12,208;0,300;12,208;0,300;11,046;0,600;12,208;0,300;11,046;0,600;62,803;0,000;34,438;0,000;12,208;0,300
0915401001;7,039;0,600;48,437;0,000;7,039;0,600;7,039;1,588;42,362;0,000;7,039;0,650;48,190;0,000;47,451;0,000;0,000;4,100;55,077;0,000;1;0;1;26,571;0,100;48,204;0,000;26,571;0,100;19,509;0,200;48,204;0,000;19,509;0,200;52,464;0,000;26,571;0,100;26,571;0,100
0915501001;9,928;0,900;15,985;0,200;11,949;1,000;13,668;2,756;15,985;0,400;14,265;0,850;16,564;0,156;17,457;0,100;15,985;0,300;64,100;0,000;0;0;0;16,628;0,300;16,628;0,100;16,628;0,100;14,206;0,400;16,628;0,100;14,206;0,400;68,998;0,000;42,632;0,000;16,628;0,100
0915901001;14,727;1,100;28,382;0,100;12,083;1,200;8,600;4,380;28,969;0,100;21,825;0,520;29,563;0,156;21,579;0,200;8,939;8,400;8,939;0,600;0;0;0;21,825;0,900;28,541;0,200;27,372;0,200;26,421;0,400;27,372;0,200;27,372;0,200;27,372;0,300;28,541;0,100;30,424;0,000
0916001001;6,796;1,100;11,731;0,600;12,090;1,000;8,866;4,340;11,731;0,800;11,585;1,250;12,350;0,468;13,087;0,300;11,731;0,800;65,566;0,000;0;0;0;12,322;0,500;12,322;0,300;12,322;0,300;12,322;0,400;12,322;0,300;12,322;0,400;72,174;0,000;37,910;0,000;12,322;0,300
0916201001;16,132;0,800;18,167;0,200;16,324;1,400;11,550;5,432;17,471;0,300;15,747;0,980;17,074;0,156;16,041;0,330;13,568;13,400;20,594;0,100;0;0;0;6,331;1,600;16,323;0,400;17,096;0,500;16,323;0,600;17,096;0,400;11,093;0,700;17,074;0,400;17,421;0,200;18,153;0,100
0916301001;7,198;0,900;48,021;0,000;7,198;0,900;7,198;2,616;31,440;0,000;7,198;0,780;48,013;0,000;46,957;0,000;0,000;4,400;48,384;0,000;1;0;1;21,600;0,100;47,834;0,000;21,600;0,100;14,452;0,400;47,834;0,000;14,452;0,400;58,836;0,000;21,600;0,100;21,600;0,100
0916401001;16,114;0,400;17,667;0,200;16,114;0,400;7,978;2,224;17,912;0,200;16,412;0,330;17,589;0,156;16,613;0,100;14,590;0,900;67,947;0,000;0;0;0;9,639;0,400;17,463;0,100;9,639;0,400;9,639;0,500;17,463;0,100;9,639;0,500;67,238;0,000;9,639;0,300;9,639;0,400
0916601001;8,516;1,200;24,226;0,200;8,516;1,600;8,516;4,784;25,981;0,300;8,516;1,240;26,571;0,156;26,051;0,330;18,278;12,300;24,226;0,100;0;0;0;8,616;1,200;25,875;0,400;25,817;0,400;18,278;0,700;25,817;0,400;25,817;0,400;25,817;0,400;25,875;0,200;26,083;0,100
0916701001;9,084;1,200;18,228;0,200;13,056;1,700;9,610;6,016;18,871;0,300;17,268;1,110;19,494;0,156;13,042;0,530;7,543;14,100;13,816;0,400;0;0;0;17,372;1,200;18,460;0,400;17,372;0,400;16,100;0,600;17,372;0,400;17,372;0,400;17,372;0,400;18,460;0,200;20,244;0,100
0916801001;6,942;1,000;17,245;0,200;6,942;0,800;6,942;3,144;17,245;0,300;6,441;1,110;17,224;0,156;18,419;0,100;17,245;0,300;47,333;0,000;0;0;0;17,734;0,200;17,734;0,100;17,734;0,100;6,942;0,400;17,734;0,100;6,942;0,400;57,088;0,000;40,240;0,000;17,734;0,100
0916901001;14,933;0,500;38,327;0,000;14,933;0,500;6,471;1,524;36,851;0,000;14,933;0,520;37,004;0,000;37,186;0,000;0,000;2,900;39,980;0,000;2;0;2;18,898;0,300;36,386;0,000;25,875;0,100;29,769;0,100;36,801;0,000;19,534;0,200;37,004;0,000;34,198;0,000;34,198;0,000
0917001001;6,999;1,300;13,300;0,600;7,091;1,100;7,091;4,328;13,300;0,700;6,881;1,310;13,633;0,468;14,857;0,300;13,300;0,500;56,105;0,000;0;0;0;13,971;0,400;13,971;0,300;13,971;0,300;7,091;0,600;13,971;0,300;7,091;0,600;63,296;0,000;39,906;0,000;13,971;0,300
0917201001;9,814;1,100;20,274;0,200;18,142;1,400;7,335;4,672;22,955;0,300;18,142;0,980;23,555;0,156;22,725;0,330;9,814;12,600;20,274;0,100;0;0;0;7,335;1,400;22,603;0,400;22,603;0,400;9,814;0,900;22,603;0,400;22,603;0,400;22,603;0,400;22,603;0,200;22,603;0,100
0917301001;10,930;0,600;59,628;0,000;12,885;0,700;12,885;1,552;29,283;0,100;10,930;0,780;58,206;0,000;58,376;0,000;12,885;2,000;51,928;0,000;0;0;0;40,121;0,000;57,319;0,000;31,410;0,000;38,512;0,000;56,675;0,000;38,512;0,000;58,206;0,000;46,277;0,000;46,277;0,000
0917401001;0,000;1,200;33,688;0,000;0,000;1,400;0,000;2,680;28,688;0,100;20,816;0,390;33,650;0,000;32,625;0,000;11,244;2,600;58,950;0,000;0;0;0;7,820;0,300;33,494;0,000;7,820;0,300;0,000;1,300;33,494;0,000;0,000;1,300;66,421;0,000;7,820;0,300;7,820;0,300
0917501001;16,445;0,500;41,084;0,000;16,445;0,600;16,445;1,248;20,783;0,100;16,445;0,520;46,901;0,000;46,396;0,000;18,647;0,500;15,489;0,500;0;0;0;18,647;0,400;46,182;0,000;46,060;0,000;35,066;0,000;46,060;0,000;46,060;0,000;46,060;0,000;46,182;0,000;32,444;0,000
0917601001;7,558;2,100;7,500;0,600;6,972;3,700;6,871;10,612;8,558;1,000;7,287;2,680;10,189;0,468;9,214;0,790;4,350;36,400;7,500;0,400;0;0;0;7,763;2,700;8,504;1,200;7,763;1,300;7,763;1,900;7,763;1,200;7,763;1,200;8,799;1,200;8,799;0,600;8,799;0,300
0917701001;16,949;0,700;19,583;0,200;16,383;1,400;0,000;6,256;17,072;0,300;16,584;0,980;18,092;0,156;18,258;0,330;0,000;14,300;19,650;0,100;2;0;2;0,000;1,900;17,213;0,400;11,557;0,700;16,603;0,600;16,603;0,400;16,603;0,500;18,092;0,400;18,111;0,200;18,111;0,100
0917801001;10,775;0,700;26,514;0,100;10,775;0,800;10,775;1,864;20,459;0,300;10,775;0,750;52,437;0,000;25,761;0,130;21,474;0,200;21,262;0,300;0;0;0;24,302;0,100;24,302;0,100;24,302;0,100;24,302;0,100;24,302;0,100;24,302;0,100;51,462;0,000;51,462;0,000;24,302;0,100
0917901001;7,216;0,400;35,020;0,000;7,216;0,400;9,800;1,892;35,020;0,000;12,374;0,390;34,585;0,000;35,225;0,000;28,852;0,200;32,953;0,000;0;0;0;12,374;0,800;35,082;0,000;35,082;0,000;30,588;0,000;35,082;0,000;20,502;0,100;42,910;0,000;43,930;0,000;16,280;0,100
0918001001;10,684;1,200;24,283;0,200;9,749;1,700;9,749;5,584;24,847;0,300;22,847;1,110;25,429;0,156;17,349;0,330;6,366;13,900;8,343;0,500;0;0;0;21,395;1,200;24,414;0,400;23,223;0,400;22,748;0,600;23,223;0,400;23,223;0,400;23,223;0,400;24,414;0,200;26,332;0,100
0918101001;14,712;1,200;18,361;0,200;15,192;1,500;8,957;6,200;19,143;0,300;15,192;1,110;19,815;0,156;16,445;0,330;11,298;14,100;19,548;0,200;0;0;0;12,843;1,300;18,814;0,400;18,044;0,400;13,976;0,900;18,044;0,400;18,044;0,400;18,044;0,400;18,814;0,200;20,147;0,100
0918201001;15,659;0,800;39,961;0,000;14,532;0,800;7,421;2,340;39,525;0,000;16,167;0,260;39,661;0,000;36,487;0,000;14,120;2,600;14,532;1,100;0;0;0;16,167;0,300;38,085;0,000;38,085;0,000;39,661;0,000;38,085;0,000;38,085;0,000;38,085;0,000;38,085;0,000;30,476;0,000
0918301001;9,004;0,400;41,236;0,000;9,004;0,500;9,004;1,192;39,030;0,000;9,004;0,520;39,760;0,000;40,128;0,000;8,802;2,300;41,832;0,000;0;0;0;22,385;0,200;39,182;0,000;18,392;0,100;34,483;0,000;38,684;0,000;30,474;0,000;39,760;0,000;40,050;0,000;40,050;0,000
0918401001;8,759;0,300;40,594;0,000;8,759;0,500;8,759;1,504;38,622;0,000;8,759;0,390;39,154;0,000;39,641;0,000;4,069;2,800;41,578;0,000;0;0;0;22,798;0,200;38,673;0,000;21,165;0,100;31,474;0,000;38,378;0,000;26,829;0,100;39,154;0,000;37,348;0,000;37,348;0,000
0918901001;12,938;0,900;17,166;0,100;12,938;1,000;12,938;1,248;54,655;0,000;12,938;1,080;80,717;0,000;53,421;0,000;14,121;0,600;48,903;0,000;0;0;0;17,907;0,100;57,951;0,000;57,951;0,000;17,907;0,100;57,951;0,000;57,951;0,000;79,291;0,000;79,291;0,000;39,977;0,000
0919001001;24,552;0,200;29,558;0,100;12,681;0,600;12,681;0,936;32,195;0,000;24,552;0,130;84,950;0,000;31,633;0,000;31,367;0,000;28,906;0,100;0;0;0;35,581;0,000;35,581;0,000;35,581;0,000;35,581;0,000;35,581;0,000;35,581;0,000;83,513;0,000;83,513;0,000;35,581;0,000
0919101001;18,591;0,500;31,081;0,000;18,591;1,000;10,766;3,600;29,290;0,200;18,591;0,980;29,675;0,156;30,128;0,000;3,878;9,100;32,339;0,000;0;0;0;14,908;0,900;29,143;0,200;18,126;0,200;29,130;0,200;29,130;0,100;18,887;0,200;29,675;0,100;30,246;0,000;30,246;0,000
0919201001;17,386;0,600;21,238;0,100;7,537;1,000;7,537;2,056;25,357;0,200;25,487;0,460;69,731;0,000;24,081;0,130;25,158;0,200;21,342;0,300;0;0;0;28,619;0,100;28,619;0,100;28,619;0,100;28,619;0,100;28,619;0,100;28,619;0,100;68,299;0,000;68,299;0,000;28,619;0,100
0919401001;9,625;0,500;32,404;0,000;9,625;0,400;0,000;3,080;32,051;0,000;0,000;1,430;31,962;0,000;24,607;0,100;23,843;1,400;26,797;0,100;0;0;0;0,000;1,700;31,128;0,000;30,812;0,000;30,812;0,000;30,812;0,000;9,311;0,300;30,812;0,000;31,772;0,000;21,044;0,100
0919401002;0,000;1,100;34,961;0,000;0,000;1,000;9,625;1,556;34,961;0,000;9,625;0,390;34,438;0,000;34,121;0,000;26,857;0,200;35,169;0,000;0;0;0;9,625;0,600;34,882;0,000;34,882;0,000;34,503;0,000;34,882;0,000;15,121;0,100;39,933;0,000;39,321;0,000;22,545;0,100
0919501001;11,491;1,000;33,791;0,000;11,491;0,900;11,491;2,020;14,760;0,300;14,750;0,390;37,142;0,000;36,092;0,000;14,750;0,700;14,750;0,400;0;0;0;20,028;0,100;35,566;0,000;34,900;0,000;20,028;0,100;34,900;0,000;34,900;0,000;35,694;0,000;35,694;0,000;35,694;0,000
0919601001;19,948;0,900;23,678;0,200;19,948;1,400;13,555;5,300;23,073;0,300;13,555;1,240;22,746;0,156;19,450;0,330;14,015;12,600;26,405;0,100;0;0;0;0,000;2,400;21,949;0,400;22,412;0,500;21,949;0,500;22,412;0,400;4,831;1,000;22,412;0,400;22,944;0,200;23,944;0,100
0919701001;18,190;0,900;22,858;0,200;18,627;1,400;10,007;5,308;22,427;0,300;10,007;1,240;22,273;0,156;16,283;0,330;18,190;12,900;25,391;0,200;0;0;0;6,233;1,700;21,437;0,400;21,340;0,400;21,340;0,600;21,340;0,400;6,198;0,700;21,340;0,400;22,187;0,200;23,648;0,200
0919801001;6,622;0,800;29,602;0,100;10,993;0,800;6,622;3,468;29,583;0,100;12,968;0,650;29,772;0,156;19,965;0,200;11,482;6,300;14,165;0,400;0;0;0;6,347;1,500;29,036;0,200;27,930;0,200;27,930;0,300;27,930;0,200;19,168;0,300;27,930;0,300;29,184;0,100;16,155;0,100
0919901001;6,173;0,900;24,734;0,200;6,173;1,000;6,173;2,760;14,557;0,500;6,706;1,110;25,024;0,156;26,268;0,100;13,535;0,500;49,211;0,000;0;0;0;13,535;0,400;25,394;0,100;25,394;0,100;6,173;0,400;25,394;0,100;6,173;0,400;53,544;0,000;50,859;0,000;25,394;0,200
0920001001;19,384;0,300;31,910;0,000;19,384;0,200;6,933;1,828;30,409;0,000;19,384;0,260;30,577;0,000;30,930;0,000;0,000;3,500;33,537;0,000;2;0;2;14,015;0,600;29,967;0,100;21,934;0,100;29,967;0,100;30,357;0,000;15,977;0,100;30,577;0,000;31,186;0,000;31,307;0,000
0920101001;12,414;0,500;39,342;0,000;12,414;0,600;12,414;1,624;39,593;0,000;15,418;0,260;39,104;0,000;38,351;0,000;4,261;2,900;57,676;0,000;0;0;0;18,358;0,100;39,110;0,000;18,358;0,100;12,414;0,400;39,110;0,000;12,414;0,400;54,664;0,000;18,358;0,100;18,358;0,100
0920201001;8,555;1,200;22,683;0,200;8,555;1,700;8,555;5,528;23,513;0,300;8,555;1,370;24,176;0,156;22,814;0,330;16,261;12,700;22,929;0,200;0;0;0;10,808;1,300;23,272;0,400;22,796;0,400;16,751;0,700;22,796;0,400;22,796;0,400;22,796;0,400;23,272;0,200;24,145;0,100
0920601001;6,902;1,300;23,063;0,200;3,874;1,900;3,874;5,888;23,235;0,300;19,522;0,980;23,569;0,156;13,352;0,530;6,782;14,200;8,674;0,500;0;0;0;12,303;1,400;22,798;0,400;21,475;0,400;21,475;0,600;21,475;0,400;21,475;0,500;21,475;0,400;22,798;0,200;23,704;0,200
0920801001;19,204;0,800;29,611;0,100;19,204;1,300;6,692;4,160;28,843;0,300;16,240;1,110;28,512;0,156;26,376;0,330;8,587;11,500;31,988;0,000;0;0;0;7,074;1,400;27,765;0,400;28,343;0,500;27,765;0,500;28,515;0,400;7,523;0,700;28,512;0,400;28,865;0,200;29,562;0,100
0920901001;3,216;1,600;7,888;0,300;3,216;1,900;0,000;3,588;42,190;0,000;0,000;2,550;64,205;0,000;48,930;0,000;3,713;1,600;40,698;0,000;0;0;0;8,283;0,300;53,370;0,000;53,370;0,000;8,283;0,300;53,370;0,000;53,370;0,000;62,788;0,000;62,788;0,000;30,185;0,000
0920901002;0,000;1,700;6,492;0,300;0,000;2,000;3,216;2,496;45,251;0,000;0,000;2,430;67,258;0,000;50,774;0,000;1,038;1,600;43,098;0,000;0;0;0;7,107;0,300;55,257;0,000;55,257;0,000;7,107;0,300;55,257;0,000;55,257;0,000;65,846;0,000;65,846;0,000;30,190;0,000
0920901003;8,513;1,000;14,596;0,300;8,513;1,400;9,780;2,184;45,511;0,000;8,513;1,080;72,065;0,000;45,775;0,000;9,389;0,900;39,999;0,000;0;0;0;15,300;0,100;50,320;0,000;50,320;0,000;15,300;0,100;50,320;0,000;50,320;0,000;70,625;0,000;70,625;0,000;38,593;0,000
0920901004;1,038;1,400;5,464;0,300;1,038;1,800;3,713;2,652;45,897;0,000;1,038;2,030;67,318;0,000;51,774;0,000;0,000;2,000;44,009;0,000;2;0;2;6,091;0,300;56,253;0,000;56,253;0,000;6,091;0,300;56,253;0,000;56,253;0,000;65,912;0,000;65,912;0,000;29,244;0,100
0920901005;1,868;1,300;7,379;0,300;1,868;1,600;4,868;2,496;46,425;0,000;1,868;2,030;69,047;0,000;50,863;0,000;2,347;1,600;43,616;0,000;0;0;0;8,076;0,300;55,371;0,000;55,371;0,000;8,076;0,300;55,371;0,000;55,371;0,000;67,633;0,000;67,633;0,000;31,372;0,000
0921101001;0,000;1,800;45,967;0,000;0,000;1,700;0,000;3,120;39,724;0,000;0,000;1,690;47,389;0,000;41,768;0,000;0,000;3,100;10,787;1,300;2;0;2;0,000;1,100;46,369;0,000;45,484;0,000;41,443;0,000;45,484;0,000;41,386;0,000;45,484;0,000;46,369;0,000;34,313;0,000
0921301001;5,857;0,900;15,973;0,100;5,857;1,100;5,857;1,716;36,042;0,000;8,088;0,950;62,469;0,000;40,844;0,000;11,185;0,900;32,833;0,000;0;0;0;16,367;0,100;45,282;0,000;45,282;0,000;16,367;0,100;45,282;0,000;45,282;0,000;61,023;0,000;61,023;0,000;37,308;0,000
0921401001;10,464;0,700;15,861;0,100;10,464;0,900;10,464;1,404;59,848;0,000;10,464;0,880;82,402;0,000;60,302;0,000;15,211;0,400;55,076;0,000;0;0;0;16,472;0,100;64,844;0,000;64,844;0,000;16,472;0,100;64,844;0,000;64,844;0,000;81,006;0,000;81,006;0,000;35,817;0,000
0921501001;9,062;0,700;13,114;0,300;9,062;0,900;9,062;1,248;56,562;0,000;9,062;1,010;77,583;0,000;68,623;0,000;13,069;0,900;51,320;0,000;0;0;0;13,089;0,300;73,135;0,000;73,060;0,000;13,089;0,300;73,135;0,000;73,135;0,000;76,273;0,000;76,273;0,000;23,098;0,100
0921601001;16,585;0,300;17,872;0,100;7,650;0,700;7,650;0,936;47,898;0,000;16,585;0,490;75,379;0,000;74,387;0,000;17,592;0,500;42,951;0,000;0;0;0;17,477;0,100;74,152;0,000;64,073;0,000;17,477;0,100;74,152;0,000;74,152;0,000;74,152;0,000;74,152;0,000;15,779;0,100
0921701001;12,874;1,100;13,135;0,300;12,874;1,400;10,074;2,028;36,877;0,000;10,074;1,080;54,532;0,000;49,992;0,000;0,000;2,200;37,911;0,000;2;0;2;12,884;0,300;53,133;0,000;52,937;0,000;12,884;0,300;52,937;0,000;52,937;0,000;53,133;0,000;53,133;0,000;26,499;0,100
0921801001;9,165;1,000;9,221;0,600;9,221;1,000;0,000;5,968;9,051;0,700;8,367;1,120;9,847;0,468;9,666;0,300;7,321;0,800;71,031;0,000;0;0;0;9,444;0,400;9,444;0,300;9,444;0,300;9,444;0,400;9,444;0,300;9,444;0,400;78,943;0,000;30,857;0,000;9,444;0,300
0921901001;0,000;1,900;4,594;0,600;0,446;2,800;0,370;6,988;0,000;2,000;0,672;1,780;71,624;0,000;1,764;0,780;1,393;0,600;1,393;1,200;0;0;0;3,423;0,600;3,423;0,600;3,423;0,600;3,423;0,600;3,423;0,600;3,423;0,600;70,372;0,000;70,372;0,000;3,423;0,600
0921901002;1,020;1,500;3,594;0,600;1,156;2,000;0,881;6,028;1,020;1,200;1,578;1,380;71,144;0,000;0,993;1,300;1,784;0,600;1,784;1,000;0;0;0;4,316;0,600;4,316;0,600;4,316;0,600;4,316;0,600;4,316;0,600;4,316;0,600;69,883;0,000;69,883;0,000;4,316;0,600
0921902001;0,370;1,900;4,468;0,600;0,276;2,800;0,000;7,612;0,370;2,000;0,702;2,300;71,807;0,000;1,779;0,780;1,115;0,600;1,115;1,200;0;0;0;3,762;0,600;3,762;0,600;3,762;0,600;3,762;0,600;3,762;0,600;3,762;0,600;70,552;0,000;70,552;0,000;3,762;0,600
0921902002;0,590;1,900;4,318;0,600;0,436;2,800;0,232;7,612;0,590;2,000;0,879;2,300;71,832;0,000;1,732;0,780;1,063;0,600;1,063;1,200;0;0;0;3,993;0,600;3,993;0,600;3,993;0,600;3,993;0,600;3,993;0,600;3,993;0,600;70,575;0,000;70,575;0,000;3,993;0,600
0921902003;0,733;1,900;4,200;0,600;0,582;2,800;0,385;7,132;0,733;1,600;0,988;1,900;71,819;0,000;1,687;0,780;1,086;0,600;1,086;1,200;0;0;0;4,145;0,600;4,145;0,600;4,145;0,600;4,145;0,600;4,145;0,600;4,145;0,600;70,560;0,000;70,560;0,000;4,145;0,600
0921902004;0,844;1,900;4,104;0,600;0,700;2,800;0,504;7,132;0,844;1,600;1,076;1,380;71,800;0,000;1,654;0,780;1,126;0,600;1,126;1,200;0;0;0;4,262;0,600;4,262;0,600;4,262;0,600;4,262;0,600;4,262;0,600;4,262;0,600;70,540;0,000;70,540;0,000;4,262;0,600
0921902005;0,798;1,700;4,344;0,600;0,532;2,800;0,427;7,924;0,798;2,000;0,834;2,300;72,009;0,000;1,876;0,780;0,897;1,000;0,897;1,400;0;0;0;4,164;0,600;4,164;0,600;4,164;0,600;4,164;0,600;4,164;0,600;4,164;0,600;70,750;0,000;70,750;0,000;4,164;0,600
0921902006;1,495;1,300;4,577;0,600;0,976;2,400;0,000;5,940;1,378;1,200;0,970;1,900;72,625;0,000;2,473;0,780;0,611;1,000;0,611;1,400;0;0;0;4,700;0,600;4,700;0,600;4,700;0,600;4,700;0,600;4,700;0,600;4,700;0,600;71,362;0,000;71,362;0,000;4,700;0,600
0921902007;0,941;1,700;4,458;0,600;0,600;3,200;0,560;7,924;0,941;2,000;0,740;2,300;72,200;0,000;2,060;0,780;0,718;1,000;0,718;1,400;0;0;0;4,242;0,600;4,242;0,600;4,242;0,600;4,242;0,600;4,242;0,600;4,242;0,600;70,941;0,000;70,941;0,000;4,242;0,600
0921903001;0,458;1,700;4,645;0,600;0,099;3,200;0,203;7,300;0,458;2,000;0,541;2,300;72,001;0,000;1,982;0,780;0,945;1,000;0,945;1,400;0;0;0;3,729;0,600;3,729;0,600;3,729;0,600;3,729;0,600;3,729;0,600;3,729;0,600;70,747;0,000;70,747;0,000;3,729;0,600
0921903002;0,670;1,700;4,663;0,600;0,262;3,200;0,304;7,924;0,621;2,000;0,532;2,300;72,162;0,000;2,092;0,780;0,752;1,000;0,752;1,400;0;0;0;3,895;0,600;3,895;0,600;3,895;0,600;3,895;0,600;3,895;0,600;3,895;0,600;70,907;0,000;70,907;0,000;3,895;0,600
0921903003;0,446;1,700;4,737;0,600;0,000;3,200;0,276;7,300;0,443;2,000;0,443;2,300;72,036;0,000;2,050;0,780;0,947;1,000;0,947;1,400;0;0;0;3,645;0,600;3,645;0,600;3,645;0,600;3,645;0,600;3,645;0,600;3,645;0,600;70,783;0,000;70,783;0,000;3,645;0,600
0921903004;0,672;1,700;5,169;0,300;0,367;3,200;0,000;7,300;0,000;2,000;0,000;2,300;72,261;0,000;2,420;0,780;1,009;0,600;1,009;1,000;0;0;0;3,323;0,600;3,323;0,600;3,323;0,600;3,323;0,600;3,323;0,600;3,323;0,600;71,012;0,000;71,012;0,000;3,323;0,600
0921903005;0,938;1,700;4,650;0,600;0,466;3,200;0,466;7,924;0,829;2,000;0,551;2,300;72,336;0,000;2,214;0,780;0,561;1,000;0,561;1,400;0;0;0;4,141;0,600;4,141;0,600;4,141;0,600;4,141;0,600;4,141;0,600;4,141;0,600;71,078;0,000;71,078;0,000;4,141;0,600
0921903006;0,919;1,700;4,802;0,600;0,335;3,200;0,335;7,924;0,701;2,000;0,389;2,300;72,415;0,000;2,319;0,780;0,490;1,000;0,490;1,400;0;0;0;4,023;0,600;4,023;0,600;4,023;0,600;4,023;0,600;4,023;0,600;4,023;0,600;71,158;0,000;71,158;0,000;4,023;0,600
0921903007;0,874;1,700;5,094;0,300;0,162;3,200;0,162;7,300;0,403;2,000;0,143;2,300;72,490;0,000;2,490;0,780;0,608;1,000;0,608;1,400;0;0;0;3,707;0,600;3,707;0,600;3,707;0,600;3,707;0,600;3,707;0,600;3,707;0,600;71,237;0,000;71,237;0,000;3,707;0,600
0921903008;1,017;1,300;5,178;0,300;0,243;3,200;0,106;7,924;0,516;1,600;0,000;2,300;72,630;0,000;2,614;0,780;0,500;1,000;0,500;1,400;0;0;0;3,779;0,600;3,779;0,600;3,779;0,600;3,779;0,600;3,779;0,600;3,779;0,600;71,377;0,000;71,377;0,000;3,779;0,600
0921903009;1,113;1,300;4,968;0,600;0,383;3,200;0,364;7,924;0,780;1,600;0,325;2,300;72,633;0,000;2,532;0,780;0,280;1,000;0,280;1,400;0;0;0;4,087;0,600;4,087;0,600;4,087;0,600;4,087;0,600;4,087;0,600;4,087;0,600;71,376;0,000;71,376;0,000;4,087;0,600
0921903010;1,393;1,300;5,114;0,300;0,398;3,200;0,477;7,044;1,009;1,200;0,500;1,900;72,895;0,000;2,773;0,780;0,000;1,000;0,000;1,400;2;59;61;4,269;0,600;4,269;0,600;4,269;0,600;4,269;0,600;4,269;0,600;4,269;0,600;71,638;0,000;71,638;0,000;4,269;0,600
0921903011;1,116;1,300;5,272;0,300;0,148;3,200;0,000;7,300;0,580;1,600;0,106;2,300;72,733;0,000;2,719;0,780;0,477;1,000;0,477;1,400;0;0;0;3,792;0,600;3,792;0,600;3,792;0,600;3,792;0,600;3,792;0,600;3,792;0,600;71,481;0,000;71,481;0,000;3,792;0,600
0921903012;1,260;1,300;5,343;0,300;0,000;3,200;0,148;7,524;0,724;1,600;0,243;2,300;72,872;0,000;2,836;0,780;0,398;1,000;0,398;1,400;0;0;0;3,892;0,600;3,892;0,600;3,892;0,600;3,892;0,600;3,892;0,600;3,892;0,600;71,619;0,000;71,619;0,000;3,892;0,600
0921903013;1,418;1,300;5,313;0,300;0,231;3,200;0,359;7,524;0,937;1,600;0,426;2,300;72,992;0,000;2,905;0,780;0,224;1,000;0,224;1,400;0;0;0;4,120;0,600;4,120;0,600;4,120;0,600;4,120;0,600;4,120;0,600;4,120;0,600;71,737;0,000;71,737;0,000;4,120;0,600
0921903014;1,491;1,300;5,583;0,300;0,255;2,800;0,380;6,900;0,904;1,600;0,486;2,300;73,112;0,000;3,091;0,780;0,531;1,000;0,531;1,400;0;0;0;3,915;0,600;3,915;0,600;3,915;0,600;3,915;0,600;3,915;0,600;3,915;0,600;71,860;0,000;71,860;0,000;3,915;0,600
0921903015;0,560;1,700;4,560;0,600;0,229;3,200;0,224;7,924;0,560;2,000;0,658;2,300;72,018;0,000;1,954;0,780;0,893;1,000;0,893;1,400;0;0;0;3,867;0,600;3,867;0,600;3,867;0,600;3,867;0,600;3,867;0,600;3,867;0,600;70,763;0,000;70,763;0,000;3,867;0,600
0921903016;0,721;1,700;4,959;0,600;0,000;3,200;0,000;7,300;0,367;2,000;0,300;2,300;72,330;0,000;2,331;0,780;0,706;1,000;0,706;1,400;0;0;0;3,689;0,600;3,689;0,600;3,689;0,600;3,689;0,600;3,689;0,600;3,689;0,600;71,077;0,000;71,077;0,000;3,689;0,600
0921903017;1,193;1,300;4,812;0,600;0,579;3,200;0,431;7,924;0,962;1,600;0,540;2,300;72,603;0,000;2,468;0,780;0,314;1,000;0,314;1,400;0;0;0;4,282;0,600;4,282;0,600;4,282;0,600;4,282;0,600;4,282;0,600;4,282;0,600;71,344;0,000;71,344;0,000;4,282;0,600
0921903018;1,299;1,300;5,516;0,300;0,212;3,200;0,244;6,900;0,687;1,600;0,343;2,300;72,922;0,000;2,948;0,780;0,605;1,000;0,605;1,400;0;0;0;3,724;0,600;3,724;0,600;3,724;0,600;3,724;0,600;3,724;0,600;3,724;0,600;71,671;0,000;71,671;0,000;3,724;0,600
0921904001;4,594;1,300;0,000;1,000;4,737;1,700;4,468;4,332;4,594;1,000;5,169;0,690;68,865;0,000;2,972;0,780;5,114;0,300;5,114;0,700;0;0;0;7,479;0,300;7,479;0,300;7,479;0,300;7,479;0,300;7,479;0,300;7,479;0,300;67,576;0,000;67,576;0,000;7,479;0,300
0921904002;0,000;1,700;7,479;0,300;3,645;1,900;0,000;5,784;3,323;1,200;3,323;1,380;71,447;0,000;4,547;0,780;4,269;0,600;4,269;0,800;0;0;0;0,000;1,000;0,000;1,000;0,000;1,000;0,000;1,000;0,000;1,000;0,000;1,000;70,233;0,000;70,233;0,000;0,000;1,000
0921904003;1,764;1,500;2,972;0,600;2,050;2,000;1,779;5,628;1,764;1,200;2,420;1,380;70,155;0,000;0,000;1,300;2,773;0,600;2,773;1,000;0;0;0;4,547;0,600;4,547;0,600;4,547;0,600;4,547;0,600;4,547;0,600;4,547;0,600;68,893;0,000;68,893;0,000;4,547;0,600
0922001001;6,135;0,900;15,613;0,100;13,684;1,000;6,135;2,488;16,684;0,300;20,087;0,490;55,503;0,000;18,054;0,130;20,087;0,200;6,135;0,500;0;0;0;21,555;0,100;21,555;0,100;21,555;0,100;21,555;0,100;21,555;0,100;21,555;0,100;54,138;0,000;54,138;0,000;21,555;0,100
0922101001;8,303;1,900;10,320;0,600;8,489;3,700;7,151;11,668;9,576;0,900;8,224;2,680;9,170;0,468;9,327;0,990;6,391;36,100;12,681;0,400;0;0;0;8,437;3,300;8,437;1,200;9,399;1,300;8,437;1,600;9,399;1,200;9,399;1,300;9,170;1,200;9,575;0,600;10,236;0,300
0922301001;7,385;0,700;54,340;0,000;7,385;1,000;7,385;2,176;35,876;0,000;7,385;0,780;52,861;0,000;53,210;0,000;7,385;2,900;53,757;0,000;0;0;0;35,281;0,000;52,247;0,000;29,245;0,100;29,450;0,100;51,727;0,000;29,450;0,100;52,861;0,000;36,983;0,000;36,983;0,000
0922401001;18,095;1,000;18,630;0,200;16,297;1,600;15,573;4,712;18,801;0,400;15,573;1,110;21,158;0,156;20,248;0,230;15,138;12,200;15,573;0,200;0;0;0;18,095;1,100;19,417;0,400;18,587;0,500;18,095;0,700;18,587;0,400;18,587;0,400;19,831;0,400;19,831;0,200;19,831;0,100
0922501001;12,472;0,700;51,694;0,000;12,446;0,900;9,897;2,064;34,794;0,000;12,472;0,780;51,544;0,000;50,658;0,000;6,024;3,800;56,432;0,000;0;0;0;27,086;0,100;51,477;0,000;27,086;0,100;19,291;0,200;51,477;0,000;19,291;0,200;60,035;0,000;27,086;0,100;27,086;0,100
0922601001;17,499;0,200;53,923;0,000;17,821;0,300;17,821;0,688;35,278;0,000;17,499;0,260;52,718;0,000;52,819;0,000;17,821;1,100;45,400;0,000;0;0;0;34,649;0,000;51,735;0,000;25,269;0,100;41,791;0,000;51,051;0,000;41,791;0,000;52,638;0,000;49,368;0,000;49,368;0,000
0922701001;8,500;1,100;24,300;0,200;16,062;1,400;8,500;4,396;27,112;0,300;21,362;0,980;27,810;0,156;26,896;0,230;8,500;12,000;24,300;0,100;0;0;0;8,500;1,400;26,721;0,400;26,721;0,400;8,500;0,900;26,721;0,400;26,721;0,400;26,721;0,400;26,721;0,200;26,721;0,100
0922801001;11,361;0,700;15,472;0,200;14,266;0,900;9,727;2,804;15,472;0,400;15,092;0,746;16,114;0,156;16,635;0,100;15,472;0,300;69,572;0,000;0;0;0;15,980;0,200;15,980;0,100;15,980;0,100;15,980;0,200;15,980;0,100;15,980;0,200;71,500;0,000;40,375;0,000;15,980;0,100
0922901001;9,219;0,900;23,215;0,200;9,219;1,200;9,219;2,760;13,071;0,500;9,652;1,110;23,638;0,156;24,798;0,100;14,788;0,500;54,553;0,000;0;0;0;14,788;0,400;23,901;0,100;23,901;0,100;9,219;0,400;23,901;0,100;9,219;0,400;59,008;0,000;50,149;0,000;23,901;0,200
0923001001;5,409;0,900;27,206;0,100;5,409;1,300;5,409;2,304;15,575;0,100;17,891;0,360;48,195;0,000;29,746;0,130;17,891;0,300;17,450;0,200;0;0;0;31,271;0,000;33,272;0,000;33,272;0,000;31,271;0,000;33,272;0,000;33,272;0,000;46,762;0,000;46,762;0,000;33,272;0,000
0923101001;11,869;0,400;32,967;0,000;11,869;0,400;13,098;1,236;33,033;0,000;17,772;0,130;32,413;0,000;32,382;0,000;17,786;0,600;44,540;0,000;0;0;0;17,772;0,400;32,726;0,000;29,467;0,100;29,314;0,200;32,726;0,000;16,600;0,300;42,614;0,000;29,467;0,100;29,467;0,100
0923201001;5,626;0,600;51,910;0,000;9,868;0,600;9,704;1,948;20,176;0,100;5,626;0,780;52,232;0,000;52,237;0,000;9,704;2,600;52,841;0,000;0;0;0;47,581;0,000;52,392;0,000;40,441;0,000;39,794;0,000;53,354;0,000;39,794;0,000;53,354;0,000;47,581;0,000;47,581;0,000
0923501001;9,827;0,800;23,245;0,200;9,827;0,800;7,486;3,060;23,245;0,300;9,556;0,850;23,176;0,156;24,335;0,100;23,245;0,300;41,297;0,000;0;0;0;23,698;0,200;23,698;0,100;23,698;0,100;9,827;0,400;23,698;0,100;9,827;0,400;51,255;0,000;44,699;0,000;23,698;0,200
0923601001;8,828;1,300;25,392;0,200;2,577;1,900;2,577;5,528;25,596;0,300;20,357;0,980;25,951;0,156;15,747;0,330;6,576;13,600;6,751;0,500;0;0;0;10,559;1,600;25,155;0,400;23,828;0,400;23,828;0,600;23,828;0,400;23,828;0,500;23,828;0,400;25,155;0,200;22,105;0,200
0923801001;0,000;1,900;29,025;0,100;0,000;2,000;0,000;3,496;20,020;0,100;21,836;0,490;48,542;0,000;34,211;0,000;17,910;0,700;21,836;0,200;0;0;0;29,081;0,200;37,969;0,000;37,969;0,000;29,081;0,200;37,969;0,000;37,969;0,000;47,091;0,000;47,091;0,000;37,969;0,000
0923901001;17,319;0,500;18,028;0,200;17,319;0,400;6,591;2,916;18,028;0,200;15,188;0,590;17,457;0,156;17,713;0,100;18,028;0,300;51,032;0,000;0;0;0;17,857;0,300;17,857;0,100;17,857;0,200;17,857;0,300;17,857;0,100;17,857;0,300;56,291;0,000;26,659;0,100;17,857;0,200
0924101001;7,251;2,000;9,041;0,600;6,869;3,700;5,331;10,924;7,771;0,900;6,907;2,680;9,456;0,468;8,967;0,790;3,407;37,100;9,041;0,400;0;0;0;6,937;3,000;7,835;1,200;6,937;1,300;6,937;1,700;6,937;1,200;6,937;1,300;8,626;1,200;8,626;0,600;8,626;0,300
0924201001;7,089;0,800;39,195;0,000;7,089;0,800;7,089;2,340;39,933;0,000;7,089;0,650;40,594;0,000;34,703;0,000;5,765;2,000;16,316;0,600;0;0;0;7,089;0,300;39,566;0,000;38,638;0,000;35,017;0,000;38,638;0,000;38,638;0,000;38,638;0,000;39,566;0,000;38,195;0,000
0924301001;5,997;0,800;41,008;0,000;5,997;0,700;5,997;1,872;37,988;0,000;5,997;0,650;42,461;0,000;37,655;0,000;5,997;1,800;14,816;0,800;0;0;0;5,997;0,400;41,458;0,000;40,656;0,000;36,101;0,000;40,656;0,000;40,656;0,000;40,656;0,000;41,458;0,000;40,165;0,000
0924401001;14,142;0,900;26,382;0,100;14,142;0,900;14,142;1,624;27,428;0,100;22,743;0,490;41,465;0,000;40,385;0,000;11,685;1,200;27,519;0,100;0;0;0;18,797;0,200;40,047;0,000;39,766;0,000;18,797;0,200;39,766;0,000;39,766;0,000;40,047;0,000;40,047;0,000;32,785;0,000
0924601001;10,627;0,900;57,152;0,000;6,440;0,900;4,551;2,520;28,779;0,100;10,627;1,040;56,846;0,000;56,105;0,000;0,000;5,200;52,495;0,000;1;0;1;31,809;0,000;56,941;0,000;31,809;0,000;24,010;0,100;56,941;0,000;24,010;0,100;58,562;0,000;31,809;0,000;31,809;0,000
0924701001;10,393;1,000;43,543;0,000;10,393;1,300;10,393;2,808;42,896;0,000;10,393;0,780;43,194;0,000;39,043;0,000;10,393;2,900;11,341;1,200;0;0;0;10,393;0,300;41,363;0,000;41,363;0,000;42,075;0,000;41,363;0,000;41,363;0,000;41,363;0,000;41,363;0,000;29,582;0,100
0924801001;23,296;0,700;25,674;0,200;22,843;1,400;7,147;4,336;23,431;0,300;23,045;0,980;24,191;0,156;24,536;0,330;7,147;12,600;26,242;0,100;0;0;0;7,147;1,200;23,583;0,400;11,347;0,700;23,086;0,500;23,086;0,400;22,407;0,500;24,191;0,400;24,453;0,200;24,453;0,100
0924901001;7,872;1,100;28,864;0,100;4,669;1,100;4,669;3,892;29,073;0,100;20,906;0,390;29,430;0,156;19,226;0,200;3,829;8,200;6,188;0,400;0;0;0;7,872;1,300;28,632;0,200;27,305;0,200;27,305;0,300;27,305;0,200;25,988;0,300;27,305;0,300;28,632;0,100;19,359;0,100
0925001001;8,024;1,200;24,912;0,200;0,000;2,200;0,000;6,152;25,196;0,300;22,437;0,980;25,607;0,156;15,553;0,330;4,842;14,000;4,842;0,800;0;0;0;12,454;1,400;24,748;0,400;23,421;0,400;23,421;0,600;23,421;0,400;23,421;0,500;23,421;0,400;24,748;0,200;23,992;0,200
0925101001;0,000;1,800;11,366;0,300;15,263;0,800;0,000;3,468;14,922;0,500;15,594;0,490;57,648;0,000;13,225;0,390;15,974;0,200;0,000;1,300;0;4;4;16,096;0,100;16,096;0,100;16,096;0,100;16,096;0,100;16,096;0,100;16,096;0,100;56,340;0,000;56,340;0,000;16,096;0,100
0925301001;12,129;1,000;13,089;0,600;13,118;1,100;4,363;4,744;12,918;0,700;12,295;1,016;13,692;0,468;13,712;0,300;11,676;0,800;72,842;0,000;0;0;0;13,357;0,400;13,357;0,300;13,357;0,300;13,357;0,400;13,357;0,300;13,357;0,400;74,583;0,000;34,945;0,000;13,357;0,300
0925501001;11,810;1,000;18,919;0,100;7,926;1,200;7,926;2,956;20,240;0,300;23,405;0,490;56,950;0,000;21,722;0,130;23,405;0,300;11,810;0,500;0;0;0;25,756;0,100;25,756;0,100;25,756;0,100;25,756;0,100;25,756;0,100;25,756;0,100;55,539;0,000;55,539;0,000;25,756;0,100
0925601001;7,516;0,700;26,200;0,200;7,516;0,800;0,000;3,404;20,768;0,300;7,691;0,850;26,309;0,156;27,557;0,100;17,731;0,200;43,067;0,000;0;0;0;17,731;0,200;26,776;0,100;26,776;0,100;7,516;0,400;26,776;0,100;7,516;0,400;48,745;0,000;50,235;0,000;26,776;0,100
0925701001;8,724;1,200;23,989;0,200;8,724;1,700;7,403;5,528;24,808;0,300;8,724;1,370;25,479;0,156;23,068;0,330;13,644;12,800;23,573;0,200;0;0;0;13,334;1,300;24,532;0,400;23,936;0,400;18,475;0,700;23,936;0,400;23,936;0,400;23,936;0,400;24,532;0,200;25,578;0,100
0925801001;12,775;0,800;37,306;0,000;17,019;0,500;6,506;2,184;37,125;0,000;21,955;0,130;37,068;0,000;34,547;0,000;11,083;2,000;15,460;0,800;0;0;0;21,955;0,300;35,823;0,000;35,823;0,000;37,068;0,000;35,823;0,000;35,823;0,000;35,823;0,000;35,823;0,000;28,679;0,100
0925901001;13,639;1,700;13,285;0,600;13,567;2,800;7,021;9,132;14,119;0,700;14,520;2,020;14,771;0,468;14,158;0,790;7,333;26,800;13,456;0,400;0;0;0;7,021;2,200;13,910;0,800;13,567;1,000;7,333;1,500;13,567;1,000;13,567;1,000;13,567;1,200;13,910;0,600;14,670;0,300
0926101001;17,724;0,400;18,546;0,200;11,243;0,700;0,000;3,612;18,743;0,400;17,354;0,460;18,759;0,156;17,533;0,100;7,521;1,400;67,357;0,000;0;0;0;9,909;0,500;18,421;0,100;9,909;0,400;9,909;0,500;18,421;0,100;9,909;0,500;75,094;0,000;9,909;0,300;9,909;0,400
0926201001;8,003;0,700;38,199;0,000;18,364;0,400;8,003;1,704;38,532;0,000;23,392;0,130;38,259;0,000;33,084;0,000;8,975;1,400;11,584;0,400;0;0;0;8,003;0,700;38,259;0,000;38,259;0,000;38,259;0,000;38,542;0,000;31,850;0,000;36,955;0,000;38,542;0,000;6,971;0,300
0926501001;10,732;1,000;33,990;0,000;7,733;0,900;7,733;2,020;10,732;0,300;10,806;0,520;37,123;0,000;36,109;0,000;10,806;0,700;10,806;0,400;0;0;0;22,413;0,100;35,471;0,000;34,738;0,000;22,413;0,100;34,738;0,000;34,738;0,000;35,699;0,000;35,699;0,000;35,699;0,000
0926601001;19,599;0,200;37,054;0,000;12,721;0,500;12,721;1,212;34,761;0,000;19,599;0,260;35,917;0,000;35,985;0,000;17,929;0,900;33,913;0,000;0;0;0;17,929;0,100;34,892;0,000;8,837;0,300;34,197;0,000;34,197;0,000;34,197;0,000;35,796;0,000;35,796;0,000;35,796;0,000
0926701001;9,354;0,600;26,947;0,200;9,354;0,500;15,495;1,716;26,947;0,200;18,535;0,460;26,372;0,156;26,590;0,100;26,072;0,300;44,522;0,000;0;0;0;18,535;0,400;26,764;0,100;26,764;0,100;26,764;0,100;26,764;0,100;21,276;0,200;47,383;0,000;30,402;0,000;26,764;0,100
0926801001;12,053;0,800;42,193;0,000;12,053;0,800;12,053;1,936;39,411;0,000;14,473;0,650;42,004;0,000;41,174;0,000;0,000;4,100;60,114;0,000;1;0;1;19,176;0,100;41,969;0,000;19,176;0,100;12,053;0,400;41,969;0,000;12,053;0,400;57,243;0,000;19,176;0,100;19,176;0,100
0926901001;4,688;0,800;44,619;0,000;4,688;0,900;4,688;1,816;42,566;0,000;4,688;0,910;43,166;0,000;43,614;0,000;4,688;2,800;45,472;0,000;0;0;0;26,352;0,200;42,711;0,000;23,156;0,100;29,729;0,100;42,285;0,000;29,729;0,100;43,166;0,000;36,183;0,000;36,183;0,000
0927001001;15,780;0,500;24,092;0,200;15,780;0,400;13,231;2,460;24,186;0,200;22,264;0,460;23,558;0,156;23,471;0,100;24,186;0,700;50,811;0,000;0;0;0;23,667;0,400;23,849;0,100;23,667;0,200;23,667;0,300;23,849;0,100;23,667;0,400;51,379;0,000;23,667;0,100;23,667;0,200
0927201001;13,334;0,700;31,557;0,000;13,334;0,700;13,334;1,468;22,531;0,100;22,301;0,260;37,485;0,000;36,402;0,000;16,353;0,600;22,301;0,100;0;0;0;16,353;0,100;36,041;0,000;35,594;0,000;16,353;0,100;35,594;0,000;35,594;0,000;36,041;0,000;36,041;0,000;36,041;0,000
0927301001;6,870;0,700;31,259;0,000;6,118;0,600;3,451;2,188;6,870;0,300;3,451;0,910;33,466;0,000;32,638;0,000;3,451;1,800;3,451;0,700;0;0;0;27,642;0,200;31,708;0,000;24,011;0,100;27,642;0,100;30,831;0,000;30,831;0,000;32,226;0,000;32,226;0,000;32,226;0,000
0927401001;11,402;0,400;40,578;0,000;0,000;1,400;0,000;2,460;27,096;0,100;11,402;0,520;40,606;0,000;40,338;0,000;24,810;0,200;25,404;0,100;0;0;0;24,810;0,100;39,186;0,000;13,329;0,300;38,337;0,000;38,337;0,000;38,337;0,000;40,043;0,000;40,043;0,000;40,043;0,000
0927501001;8,943;1,300;22,551;0,200;8,404;1,600;8,404;5,420;22,558;0,300;15,331;0,980;22,772;0,156;12,883;0,530;8,943;14,000;13,096;0,500;0;0;0;12,712;1,600;22,054;0,400;20,884;0,400;20,884;0,600;20,884;0,400;17,989;0,500;20,884;0,400;22,152;0,200;23,201;0,200
0927601001;14,755;0,500;17,233;0,100;12,100;1,200;12,100;2,736;14,187;0,600;13,742;0,690;86,065;0,000;16,027;0,130;13,393;0,300;0,000;1,400;0;11;11;16,109;0,100;16,109;0,100;16,109;0,100;16,109;0,100;16,109;0,100;16,109;0,100;84,786;0,000;84,786;0,000;16,109;0,100
0927701001;16,378;0,200;35,272;0,000;16,378;0,200;4,613;1,744;34,582;0,000;16,552;0,260;34,207;0,000;31,446;0,000;10,745;1,300;37,718;0,000;0;0;0;12,023;0,600;33,449;0,000;32,386;0,000;33,449;0,000;34,127;0,000;10,245;0,300;34,127;0,000;34,527;0,000;35,284;0,000
0927901001;9,500;0,900;9,971;0,600;8,913;0,900;8,707;4,828;10,209;0,700;8,707;1,120;9,969;0,468;8,907;0,300;8,778;1,000;67,060;0,000;0;0;0;9,782;0,500;9,782;0,300;9,782;0,400;9,782;0,600;9,782;0,300;9,782;0,600;70,825;0,000;16,599;0,100;9,782;0,400
0928001001;7,656;1,000;32,575;0,000;4,822;1,200;4,822;2,488;7,656;0,300;8,062;0,520;37,884;0,000;34,476;0,000;8,062;0,500;8,062;0,400;0;0;0;24,849;0,100;36,187;0,000;33,945;0,000;24,849;0,100;35,411;0,000;35,411;0,000;36,488;0,000;36,488;0,000;36,488;0,000
0928101001;11,579;1,100;11,451;0,600;11,381;0,800;4,928;4,868;11,451;0,600;7,466;1,120;11,046;0,468;11,797;0,300;11,451;0,500;52,517;0,000;0;0;0;11,558;0,400;11,558;0,300;11,558;0,400;11,558;0,500;11,558;0,300;11,558;0,500;63,849;0,000;29,725;0,100;11,558;0,400
0928301001;8,545;1,200;24,356;0,100;8,545;1,400;8,545;3,112;13,977;0,500;16,714;0,620;49,083;0,000;26,814;0,130;16,714;0,300;14,310;0,500;0;0;0;30,228;0,000;30,228;0,000;30,228;0,000;30,228;0,000;30,228;0,000;30,228;0,000;47,669;0,000;47,669;0,000;30,228;0,000
0928701001;10,798;2,300;8,581;0,600;10,048;3,700;7,624;10,920;11,478;0,900;10,807;2,680;12,309;0,468;11,290;0,790;0,000;37,200;8,581;0,300;2;0;2;10,767;3,100;11,041;1,200;11,041;1,200;7,624;2,100;11,041;1,200;11,041;1,200;11,041;1,200;11,041;0,600;11,041;0,300
0928801001;12,455;1,500;13,036;0,400;12,053;3,100;11,747;8,572;13,327;0,800;12,126;2,290;15,079;0,156;14,253;0,590;8,943;27,200;13,036;0,400;0;0;0;12,449;1,700;13,321;0,800;12,449;0,900;12,449;1,100;12,449;0,800;12,449;0,800;13,843;0,600;13,843;0,400;13,843;0,300
0928901001;4,346;0,900;53,063;0,000;0,000;1,300;0,000;3,480;23,076;0,100;4,346;1,170;52,690;0,000;53,107;0,000;0,000;4,400;50,255;0,000;1;0;1;37,870;0,000;53,349;0,000;37,870;0,000;30,129;0,000;54,228;0,000;30,129;0,000;54,228;0,000;37,870;0,000;37,870;0,000
0928901002;0,000;1,500;51,630;0,000;4,346;1,100;4,346;2,856;20,636;0,100;0,000;1,950;51,551;0,000;51,794;0,000;4,346;3,900;50,680;0,000;0;0;0;42,214;0,000;52,000;0,000;41,719;0,000;34,466;0,000;52,918;0,000;34,466;0,000;52,918;0,000;42,214;0,000;42,214;0,000
0929201001;12,915;1,200;24,651;0,200;10,813;1,800;9,572;4,520;12,915;0,600;9,572;1,240;26,972;0,156;26,113;0,230;9,572;12,100;9,572;0,400;0;0;0;22,382;1,000;25,216;0,400;22,350;0,500;22,382;0,700;24,354;0,400;24,354;0,400;25,698;0,400;25,698;0,200;25,698;0,100
0929401001;2,889;0,700;37,118;0,000;2,889;0,700;7,694;1,712;37,118;0,000;7,694;0,390;36,615;0,000;32,286;0,000;27,922;0,300;32,400;0,000;0;0;0;7,694;0,800;37,074;0,000;37,074;0,000;35,320;0,000;37,074;0,000;14,772;0,300;38,460;0,000;39,396;0,000;20,023;0,100
0929501001;19,545;0,300;37,797;0,000;19,545;0,300;8,051;1,192;37,968;0,000;21,796;0,260;37,326;0,000;37,050;0,000;10,298;1,700;45,462;0,000;0;0;0;20,304;0,300;37,549;0,000;27,712;0,100;25,394;0,200;37,549;0,000;18,385;0,300;42,060;0,000;27,712;0,100;27,712;0,100
0929701001;11,646;2,300;11,747;0,600;11,369;3,400;3,484;11,032;12,511;0,900;11,830;2,220;13,180;0,468;10,830;0,990;6,085;32,800;13,269;0,400;0;0;0;11,369;2,600;12,168;1,200;11,369;1,000;8,472;1,700;11,369;1,000;11,369;1,000;11,369;1,200;12,168;0,600;13,600;0,300
0929801001;8,457;1,200;22,276;0,100;11,843;1,200;11,085;3,040;8,457;0,500;11,085;1,010;47,195;0,000;23,154;0,130;11,085;0,400;11,085;0,700;0;0;0;24,258;0,100;24,258;0,100;24,258;0,100;24,258;0,100;24,258;0,100;24,258;0,100;45,976;0,000;45,976;0,000;24,258;0,100
0930101001;6,149;2,100;4,054;0,900;5,397;3,700;5,736;11,824;6,934;0,900;6,156;2,680;7,822;0,468;6,766;0,790;0,000;37,900;4,054;0,600;4;0;4;6,480;2,900;6,480;1,200;6,480;1,200;6,144;1,900;6,480;1,200;6,480;1,200;6,480;1,200;6,480;0,600;6,480;0,300
0930201001;11,784;0,900;47,986;0,000;11,784;0,900;11,046;2,064;35,726;0,000;11,784;0,780;47,900;0,000;46,931;0,000;0,000;4,300;53,233;0,000;1;0;1;22,356;0,100;47,781;0,000;22,356;0,100;14,578;0,400;47,781;0,000;14,578;0,400;62,485;0,000;22,356;0,100;22,356;0,100
0930301001;14,315;0,500;33,747;0,000;7,118;0,800;7,118;1,644;26,595;0,100;14,315;0,650;33,607;0,000;33,379;0,000;17,755;0,900;24,152;0,100;0;0;0;17,755;0,100;32,228;0,000;6,468;0,300;31,395;0,000;31,395;0,000;31,395;0,000;33,096;0,000;33,096;0,000;33,096;0,000
0930401001;8,013;2,000;12,177;0,600;11,259;3,200;3,880;10,564;12,790;0,700;11,158;2,020;13,402;0,468;7,859;0,990;2,939;30,800;14,582;0,400;0;0;0;11,259;2,700;12,372;1,200;11,259;1,000;11,183;1,700;11,259;1,000;11,259;1,100;11,259;1,200;12,372;0,600;14,214;0,300
0930601001;12,326;0,700;29,964;0,100;11,721;1,300;7,626;2,028;11,721;0,300;14,107;1,170;57,415;0,000;56,756;0,000;7,626;0,900;7,626;1,400;0;0;0;7,626;0,700;56,624;0,000;35,222;0,000;46,767;0,000;56,363;0,000;47,335;0,000;56,363;0,000;56,624;0,000;37,262;0,000
0930701001;10,520;0,600;31,105;0,000;10,520;0,500;10,520;1,212;23,896;0,100;10,520;0,520;52,365;0,000;30,140;0,000;24,339;0,100;24,339;0,200;0;0;0;28,266;0,100;28,266;0,100;28,266;0,200;28,266;0,100;28,266;0,100;28,266;0,100;51,497;0,000;51,497;0,000;28,266;0,100
0930801001;7,546;0,700;28,065;0,100;7,546;0,800;7,546;1,864;17,889;0,300;7,546;0,750;49,001;0,000;27,634;0,130;18,551;0,200;18,551;0,300;0;0;0;26,633;0,100;26,633;0,100;26,633;0,200;26,633;0,100;26,633;0,100;26,633;0,100;48,021;0,000;48,021;0,000;26,633;0,100
0930901001;5,969;0,800;46,802;0,000;6,270;0,800;4,233;2,988;17,069;0,100;5,969;1,040;46,472;0,000;46,860;0,000;0,000;4,800;44,793;0,000;1;0;1;41,056;0,000;47,098;0,000;41,056;0,000;33,567;0,000;47,982;0,000;33,567;0,000;47,982;0,000;41,056;0,000;41,056;0,000
0931001001;8,814;0,900;28,618;0,100;6,489;1,300;5,683;3,224;8,814;0,400;5,683;0,850;31,098;0,000;30,209;0,000;5,683;6,000;5,683;0,500;0;0;0;23,839;0,500;29,348;0,200;25,306;0,300;23,839;0,300;28,501;0,200;28,501;0,200;29,792;0,100;29,792;0,100;29,792;0,100
0931101001;18,657;0,300;39,422;0,000;18,657;0,300;4,040;1,660;38,275;0,000;18,657;0,260;38,199;0,000;37,005;0,000;5,063;1,800;41,440;0,000;0;0;0;17,786;0,300;37,512;0,000;30,364;0,000;28,289;0,100;38,339;0,000;17,171;0,200;38,199;0,000;31,700;0,000;31,700;0,000
0931201001;7,261;0,600;47,241;0,000;7,261;0,600;7,261;1,192;46,528;0,000;7,261;0,650;46,852;0,000;46,313;0,000;3,845;3,200;49,592;0,000;0;0;0;28,187;0,200;46,288;0,000;28,187;0,100;22,120;0,200;46,384;0,000;22,120;0,300;46,852;0,000;28,187;0,100;28,187;0,100
0931401001;20,047;0,800;21,928;0,200;19,806;1,300;8,451;4,852;20,192;0,300;19,997;1,110;20,528;0,156;20,973;0,330;8,451;13,300;23,276;0,100;0;0;0;8,451;1,500;19,990;0,400;17,317;0,500;19,990;0,600;20,074;0,400;16,446;0,500;20,528;0,400;21,132;0,200;21,132;0,100
0931501001;12,075;2,100;14,112;0,400;12,270;3,600;8,086;11,428;13,465;0,900;11,577;2,680;13,105;0,468;12,144;0,990;10,427;33,900;16,732;0,200;0;0;0;9,681;3,300;12,322;1,200;12,963;1,300;12,322;1,600;12,963;1,200;12,963;1,500;12,963;1,200;13,369;0,600;14,272;0,300
0931601001;12,390;0,600;36,257;0,000;16,387;0,400;12,390;2,228;36,428;0,000;30,260;0,000;36,173;0,000;31,926;0,000;3,646;2,700;8,886;1,000;0;0;0;12,390;0,500;35,727;0,000;35,727;0,000;36,173;0,000;35,727;0,000;35,727;0,000;35,727;0,000;35,727;0,000;17,331;0,100
0931701001;7,558;0,800;44,111;0,000;9,385;0,800;9,385;1,716;30,620;0,000;9,385;0,910;48,195;0,000;44,416;0,000;7,558;1,400;7,558;0,900;0;0;0;9,385;0,400;47,230;0,000;46,562;0,000;41,159;0,000;46,562;0,000;42,166;0,000;46,562;0,000;47,230;0,000;41,675;0,000
0931801001;15,557;0,300;44,209;0,000;15,181;0,400;15,181;1,036;41,507;0,000;15,557;0,390;42,923;0,000;43,043;0,000;15,557;1,100;39,341;0,000;0;0;0;24,840;0,100;41,967;0,000;16,041;0,100;41,299;0,000;41,299;0,000;39,163;0,000;42,870;0,000;42,870;0,000;42,870;0,000
0932101001;0,000;1,600;19,495;0,200;0,000;1,400;0,000;3,796;19,495;0,300;0,534;1,760;19,700;0,156;20,958;0,100;19,495;0,300;49,895;0,000;0;0;0;19,688;0,200;20,121;0,100;20,121;0,100;0,000;1,100;20,121;0,100;0,000;1,100;56,207;0,000;44,981;0,000;20,121;0,100
0932101002;0,534;1,600;19,097;0,200;0,534;1,400;0,534;3,796;19,097;0,300;0,000;1,760;19,291;0,156;20,550;0,100;19,097;0,300;49,845;0,000;0;0;0;19,717;0,200;19,717;0,100;19,717;0,100;0,534;1,100;19,717;0,100;0,534;1,100;56,423;0,000;44,493;0,000;19,717;0,100
0932301001;13,113;0,900;30,381;0,000;9,747;0,800;9,747;1,864;13,113;0,300;12,201;0,520;33,605;0,000;32,574;0,000;12,201;1,500;12,201;0,400;0;0;0;18,690;0,100;31,983;0,000;31,278;0,000;18,690;0,100;31,278;0,000;31,278;0,000;32,169;0,000;32,169;0,000;32,169;0,000
0932501001;13,295;0,500;42,771;0,000;16,964;0,400;10,612;1,692;42,771;0,000;16,782;0,130;42,431;0,000;35,306;0,000;19,883;0,600;22,469;0,200;0;0;0;9,710;0,700;42,957;0,000;42,957;0,000;33,712;0,000;42,957;0,000;26,093;0,100;43,019;0,000;44,213;0,000;5,726;0,300
0932601001;8,335;2,100;9,228;0,600;8,002;3,700;7,636;10,924;9,167;1,000;7,998;2,680;10,927;0,468;10,148;0,790;4,735;36,600;9,228;0,400;0;0;0;8,284;3,000;9,171;1,200;8,284;1,300;8,284;1,900;8,284;1,200;8,284;1,200;9,744;1,200;9,744;0,600;9,744;0,300
0932701001;13,876;1,300;23,247;0,200;13,924;1,800;13,876;4,792;17,242;0,400;15,002;1,110;26,496;0,156;25,459;0,230;13,876;12,400;15,002;0,200;0;0;0;13,876;1,300;24,890;0,400;24,204;0,400;13,876;0,900;24,204;0,400;24,204;0,400;25,056;0,400;25,056;0,200;25,056;0,100
0932801001;12,944;1,000;20,602;0,100;12,944;1,100;12,944;1,816;30,224;0,000;16,501;0,360;47,718;0,000;46,638;0,000;7,476;1,000;30,954;0,000;0;0;0;20,360;0,200;46,298;0,000;46,003;0,000;20,360;0,200;46,003;0,000;46,003;0,000;46,298;0,000;46,298;0,000;30,791;0,000
0932901001;7,573;1,000;28,347;0,100;7,573;0,900;7,573;1,780;21,797;0,100;22,502;0,490;43,029;0,000;41,197;0,000;15,532;0,700;22,502;0,200;0;0;0;22,418;0,200;41,578;0,000;41,020;0,000;22,418;0,200;41,020;0,000;41,020;0,000;41,578;0,000;41,578;0,000;38,714;0,000
0933001001;0,000;1,300;49,280;0,000;0,000;1,300;0,000;2,404;42,732;0,000;0,000;1,560;47,830;0,000;48,288;0,000;0,000;3,600;50,157;0,000;2;0;2;31,024;0,000;47,367;0,000;27,272;0,100;26,525;0,100;46,969;0,000;26,525;0,100;47,830;0,000;33,446;0,000;33,446;0,000
0933201001;7,137;1,900;9,167;0,600;7,333;3,700;5,087;11,668;8,556;0,900;6,613;2,680;8,249;0,468;8,202;0,990;5,752;36,200;11,964;0,400;0;0;0;7,440;3,100;7,440;1,200;7,984;1,300;7,440;1,600;7,984;1,200;7,984;1,300;7,984;1,200;8,430;0,600;9,510;0,300
0933401001;7,162;0,800;32,014;0,000;3,739;1,000;3,739;2,176;7,162;0,300;5,955;0,520;34,820;0,000;33,866;0,000;5,955;0,800;5,955;0,400;0;0;0;23,780;0,100;33,101;0,000;30,447;0,000;23,780;0,100;32,299;0,000;32,299;0,000;33,450;0,000;33,450;0,000;33,450;0,000
0933501001;18,877;0,700;21,376;0,200;18,246;1,400;2,630;5,320;18,992;0,300;18,445;0,980;20,141;0,156;20,211;0,330;2,630;13,400;21,376;0,100;0;0;0;2,630;1,500;19,125;0,400;8,961;0,700;18,448;0,600;18,448;0,400;18,448;0,500;20,029;0,400;20,029;0,200;20,029;0,100
0933701001;13,935;0,800;14,332;0,600;13,463;1,100;4,219;4,744;14,532;0,800;13,136;0,860;14,540;0,468;13,316;0,300;7,396;1,400;71,531;0,000;0;0;0;13,143;0,700;14,205;0,300;13,143;0,600;13,143;0,700;14,205;0,300;13,143;0,700;74,336;0,000;13,143;0,300;13,143;0,600
0933801001;7,082;2,400;7,692;0,600;6,621;3,800;2,501;13,072;8,230;0,900;6,471;2,810;8,812;0,468;5,212;0,990;0,000;38,300;10,486;0,400;2;0;2;6,621;3,000;7,796;1,200;6,621;1,200;6,621;1,900;6,621;1,200;6,621;1,300;6,621;1,200;7,796;0,600;9,747;0,300
0933901001;8,807;0,900;25,684;0,200;8,807;1,000;8,807;3,272;11,706;0,500;8,286;1,110;26,047;0,156;27,255;0,100;11,931;0,400;50,757;0,000;0;0;0;11,931;0,400;26,363;0,100;26,363;0,100;8,807;0,400;26,363;0,100;8,807;0,400;55,219;0,000;52,327;0,000;23,978;0,200
0934001001;12,647;0,300;38,382;0,000;12,647;0,500;12,647;1,212;36,072;0,000;12,647;0,390;36,896;0,000;37,204;0,000;11,058;2,200;38,791;0,000;0;0;0;19,199;0,200;36,221;0,000;14,734;0,300;35,680;0,000;35,680;0,000;30,013;0,000;36,896;0,000;37,102;0,000;37,102;0,000
0934301001;9,601;0,500;33,163;0,000;9,601;0,400;1,565;2,600;32,842;0,000;1,565;0,910;32,781;0,000;25,079;0,100;23,535;1,100;26,081;0,100;0;0;0;1,565;1,100;31,949;0,000;31,549;0,000;31,549;0,000;31,549;0,000;10,854;0,300;31,549;0,000;32,548;0,000;19,480;0,100
0934501001;12,084;0,700;12,095;0,600;12,095;0,800;8,318;4,332;12,100;0,900;11,430;0,730;12,722;0,468;11,745;0,300;6,711;1,000;75,750;0,000;0;0;0;12,184;0,700;12,184;0,300;12,184;0,400;12,184;0,400;12,184;0,300;12,184;0,400;83,498;0,000;24,300;0,100;12,184;0,400
0934601001;16,109;0,200;40,980;0,000;4,719;0,800;4,719;1,524;31,440;0,000;16,109;0,390;40,572;0,000;40,428;0,000;23,639;0,600;29,533;0,100;0;0;0;23,639;0,100;39,284;0,000;12,205;0,300;38,482;0,000;38,482;0,000;38,482;0,000;40,169;0,000;40,169;0,000;40,169;0,000
0934701001;7,771;1,200;6,194;0,300;10,931;1,300;7,771;3,636;10,775;0,700;11,362;0,820;64,963;0,000;9,083;0,390;11,269;0,400;7,771;0,800;0;0;0;13,382;0,300;13,382;0,300;13,382;0,300;13,382;0,300;13,382;0,300;13,382;0,300;63,629;0,000;63,629;0,000;13,382;0,300
0934801001;10,097;0,500;32,845;0,000;10,097;0,400;7,509;2,420;32,328;0,000;7,509;0,520;32,087;0,000;26,796;0,100;17,983;1,000;33,123;0,000;0;0;0;7,509;0,900;31,262;0,000;31,422;0,000;31,262;0,000;31,422;0,000;5,338;0,300;31,422;0,000;32,139;0,000;28,114;0,100
0935001001;0,000;1,400;34,990;0,000;12,454;0,600;0,000;3,448;35,069;0,000;17,872;0,130;35,330;0,000;25,216;0,100;8,988;1,900;13,357;0,400;0;0;0;0,000;1,500;34,642;0,000;33,350;0,000;33,350;0,000;33,350;0,000;25,293;0,100;33,350;0,000;34,648;0,000;11,558;0,300
0935101001;16,964;0,900;21,773;0,200;15,321;1,500;13,521;4,484;16,964;0,400;13,521;1,370;23,616;0,156;22,859;0,230;13,521;12,300;13,521;0,400;0;0;0;19,079;1,000;21,865;0,400;18,201;0,500;20,968;0,700;20,968;0,400;20,968;0,400;22,456;0,400;22,456;0,200;22,456;0,100
0935201001;19,931;0,500;24,459;0,200;19,931;0,400;15,234;1,948;24,680;0,200;23,481;0,460;24,037;0,156;23,649;0,100;21,824;1,000;55,645;0,000;0;0;0;18,314;0,300;24,212;0,100;18,314;0,200;18,314;0,300;24,212;0,100;18,314;0,400;54,012;0,000;18,314;0,100;18,314;0,200
0935301001;5,061;1,100;16,423;0,100;15,230;0,800;5,061;2,176;12,862;0,500;16,291;0,490;52,633;0,000;18,183;0,130;16,291;0,200;5,061;0,500;0;0;0;20,718;0,100;20,718;0,100;20,718;0,100;20,718;0,100;20,718;0,100;20,718;0,100;51,318;0,000;51,318;0,000;20,718;0,100
0935401001;14,675;1,200;22,756;0,200;12,220;1,800;11,461;4,676;14,675;0,600;11,461;1,370;25,253;0,156;24,354;0,230;11,461;12,300;11,461;0,400;0;0;0;20,117;1,000;23,506;0,400;22,666;0,500;20,117;0,700;22,666;0,400;22,666;0,400;23,938;0,400;23,938;0,200;23,938;0,100
0935501001;16,908;0,500;18,245;0,200;16,908;0,400;6,780;3,000;18,245;0,200;14,558;0,850;17,765;0,156;18,316;0,100;18,245;0,200;47,710;0,000;0;0;0;18,241;0,200;18,241;0,100;18,241;0,100;18,241;0,200;18,241;0,100;18,241;0,200;56,724;0,000;30,808;0,000;18,241;0,100
0935601001;18,996;0,300;38,128;0,000;18,996;0,300;9,990;1,092;38,348;0,000;18,996;0,260;37,705;0,000;37,312;0,000;9,878;1,600;47,645;0,000;0;0;0;23,208;0,300;37,880;0,000;25,435;0,100;22,404;0,200;37,880;0,000;21,684;0,300;44,351;0,000;25,435;0,100;25,435;0,100
0935801001;16,362;0,300;38,360;0,000;16,362;0,300;14,226;1,192;38,607;0,000;16,362;0,130;38,010;0,000;37,461;0,000;11,098;2,200;51,473;0,000;0;0;0;22,178;0,200;38,116;0,000;22,178;0,100;18,115;0,200;38,116;0,000;18,115;0,300;48,307;0,000;22,178;0,100;22,178;0,100
0936001001;7,066;0,400;39,896;0,000;5,376;0,700;5,376;1,368;23,793;0,100;7,066;0,520;43,258;0,000;39,433;0,000;22,666;0,200;22,666;0,100;0;0;0;28,704;0,100;38,202;0,000;17,620;0,100;38,202;0,000;38,202;0,000;38,202;0,000;42,547;0,000;42,547;0,000;38,202;0,000
0936101001;12,276;0,500;34,561;0,000;12,276;0,600;12,276;1,036;30,029;0,000;26,644;0,130;47,130;0,000;46,302;0,000;20,788;0,400;22,864;0,200;0;0;0;27,391;0,200;46,177;0,000;46,177;0,000;27,391;0,100;46,177;0,000;46,177;0,000;46,177;0,000;46,177;0,000;17,702;0,100
0936201001;9,709;2,300;11,670;0,600;9,904;3,800;4,552;11,872;11,166;0,900;8,738;2,680;10,960;0,468;8,346;0,990;8,691;36,200;14,725;0,400;0;0;0;10,127;3,200;10,127;1,200;10,272;1,300;10,127;1,600;10,272;1,200;10,272;1,300;10,272;1,200;10,966;0,600;12,308;0,300
0936301001;13,868;1,200;27,054;0,200;13,868;1,500;0,000;5,620;27,803;0,300;13,868;1,140;28,467;0,156;23,321;0,330;7,003;10,300;17,835;0,500;0;0;0;18,930;0,900;27,445;0,400;26,554;0,300;22,928;0,500;26,554;0,300;26,554;0,300;26,554;0,400;27,445;0,200;28,920;0,100
0936501001;9,891;0,700;15,077;0,200;13,151;0,800;11,189;2,924;15,077;0,400;14,911;0,790;15,698;0,156;16,421;0,100;15,077;0,400;66,696;0,000;0;0;0;15,664;0,300;15,664;0,100;15,664;0,100;15,664;0,200;15,664;0,100;15,664;0,200;72,020;0,000;41,065;0,000;15,664;0,100
0936601001;8,801;0,300;32,982;0,000;8,801;0,300;14,728;1,080;32,996;0,000;15,287;0,130;32,395;0,000;32,484;0,000;20,018;0,500;42,078;0,000;0;0;0;15,287;0,300;32,748;0,000;31,800;0,000;31,800;0,000;32,748;0,000;15,511;0,100;41,749;0,000;31,800;0,000;31,345;0,000
0936801001;9,099;0,900;33,838;0,000;9,099;0,900;9,099;2,616;34,644;0,000;9,099;0,910;35,317;0,000;31,691;0,000;9,238;1,900;20,460;0,500;0;0;0;13,995;0,500;34,345;0,000;33,659;0,000;28,493;0,100;33,659;0,000;33,659;0,000;33,659;0,000;34,345;0,000;35,497;0,000
0936901001;14,811;0,700;18,716;0,200;14,811;0,600;0,000;4,056;18,716;0,200;14,266;1,110;18,424;0,156;19,344;0,100;18,716;0,200;44,695;0,000;0;0;0;18,958;0,200;18,958;0,100;18,958;0,100;14,811;0,400;18,958;0,100;14,811;0,400;58,235;0,000;36,511;0,000;18,958;0,200
0937201001;7,465;2,100;4,896;0,900;6,865;3,800;3,100;12,100;7,513;0,900;7,285;2,680;8,148;0,468;7,285;0,790;0,000;38,200;4,896;0,600;2;0;2;7,162;2,900;7,162;1,200;7,162;1,200;3,100;2,200;7,162;1,200;7,162;1,200;7,162;1,200;7,162;0,600;7,162;0,300
0937301001;10,363;0,700;38,104;0,000;10,974;0,800;10,974;1,716;22,074;0,100;10,974;0,780;50,249;0,000;48,271;0,000;10,363;1,300;10,363;1,100;0;0;0;12,131;0,500;49,370;0,000;43,614;0,000;42,467;0,000;48,928;0,000;45,336;0,000;48,928;0,000;49,370;0,000;43,886;0,000
0937401001;9,116;1,200;21,477;0,200;9,116;1,700;7,681;5,528;22,600;0,300;9,116;1,370;23,237;0,156;22,673;0,330;15,272;12,600;21,477;0,200;0;0;0;7,681;1,300;22,421;0,400;22,143;0,400;15,272;0,700;22,143;0,400;22,143;0,400;22,143;0,400;22,421;0,200;22,994;0,100
0937501001;9,519;1,300;25,090;0,200;6,249;1,700;6,249;5,996;25,558;0,300;23,229;1,240;26,086;0,156;17,029;0,330;4,548;14,100;4,803;0,800;0;0;0;17,667;1,300;25,111;0,400;23,845;0,400;23,845;0,600;23,845;0,400;23,845;0,400;23,845;0,400;25,111;0,200;27,139;0,200
0937701001;8,437;2,300;8,715;0,600;8,099;3,800;0,000;13,696;9,416;0,900;8,411;2,680;10,067;0,468;7,853;0,990;2,742;37,100;10,807;0,400;0;0;0;8,099;3,000;9,034;1,200;8,099;1,200;7,433;1,900;8,099;1,200;8,099;1,300;8,099;1,200;9,034;0,600;10,688;0,300
0937801001;17,767;0,300;33,748;0,000;17,767;0,300;11,705;1,292;33,910;0,000;22,943;0,260;33,269;0,000;33,015;0,000;14,377;1,100;48,394;0,000;0;0;0;22,563;0,300;33,500;0,000;25,441;0,100;24,224;0,200;33,500;0,000;19,881;0,300;44,807;0,000;25,441;0,100;25,441;0,100
0938001001;13,740;0,700;19,916;0,200;13,740;0,600;2,004;3,616;19,916;0,200;13,280;0,850;19,672;0,156;20,657;0,100;19,916;0,200;43,367;0,000;0;0;0;20,209;0,200;20,209;0,100;20,209;0,100;13,740;0,400;20,209;0,100;13,740;0,400;56,362;0,000;38,487;0,000;20,209;0,200
0938101001;16,746;0,200;34,052;0,000;16,746;0,300;14,795;1,368;31,707;0,000;16,746;0,260;32,562;0,000;32,848;0,000;12,879;1,800;34,402;0,000;0;0;0;14,795;0,400;31,855;0,000;11,420;0,300;31,302;0,000;31,302;0,000;27,770;0,100;32,562;0,000;32,739;0,000;32,739;0,000
0938201001;6,481;1,200;24,115;0,200;6,481;1,700;6,481;5,408;25,215;0,300;6,481;1,370;25,855;0,156;25,279;0,330;17,909;12,500;24,115;0,200;0;0;0;9,950;1,300;25,029;0,400;24,725;0,400;17,909;0,700;24,725;0,400;24,725;0,400;24,725;0,400;25,029;0,200;25,626;0,100
0938401001;11,330;0,700;35,589;0,000;11,330;0,400;0,000;2,688;35,365;0,000;6,431;0,390;35,385;0,000;26,784;0,100;20,902;0,900;24,049;0,200;0;0;0;5,072;1,000;34,572;0,000;33,929;0,000;33,929;0,000;33,929;0,000;15,639;0,100;33,929;0,000;35,031;0,000;14,615;0,300
0938601001;15,121;0,900;27,629;0,100;15,121;1,400;9,311;5,060;27,089;0,300;9,311;1,240;26,827;0,156;22,128;0,330;15,977;12,300;30,555;0,000;0;0;0;4,831;2,000;26,007;0,400;26,244;0,400;26,007;0,500;26,244;0,400;0,000;1,400;26,244;0,400;26,914;0,200;28,101;0,100
0938701001;8,324;1,100;11,240;0,600;11,455;0,800;5,739;4,340;11,215;0,800;10,767;1,250;11,884;0,468;12,307;0,300;11,240;0,700;68,561;0,000;0;0;0;11,702;0,400;11,702;0,300;11,702;0,300;11,702;0,400;11,702;0,300;11,702;0,400;75,613;0,000;35,997;0,000;11,702;0,300
0938801001;23,712;0,800;26,012;0,200;23,712;1,400;11,354;4,648;24,311;0,300;23,712;1,110;24,624;0,156;25,051;0,330;6,439;13,100;27,398;0,100;0;0;0;11,354;1,500;24,070;0,400;17,792;0,500;24,070;0,500;24,196;0,400;16,287;0,500;24,624;0,400;25,247;0,200;25,247;0,100
0938901001;7,185;0,600;40,083;0,000;19,379;0,400;7,185;1,768;40,048;0,000;16,124;0,130;40,220;0,000;30,460;0,000;14,305;1,000;19,250;0,200;0;0;0;6,073;0,800;39,472;0,000;38,408;0,000;38,408;0,000;38,408;0,000;25,012;0,100;38,408;0,000;39,654;0,000;5,808;0,300
0939001001;18,212;0,600;28,910;0,200;18,212;0,500;0,000;3,308;28,910;0,200;17,940;0,490;28,689;0,156;29,696;0,100;28,910;0,100;34,387;0,000;0;0;0;24,075;0,400;29,227;0,100;29,227;0,100;18,212;0,200;29,227;0,100;18,212;0,200;48,076;0,000;46,293;0,000;19,175;0,200
0939101001;16,904;0,400;32,478;0,000;16,904;0,400;8,034;1,644;29,543;0,100;16,864;0,390;32,403;0,000;33,555;0,000;25,119;0,100;32,992;0,000;0;0;0;25,119;0,200;32,927;0,000;32,927;0,000;16,904;0,100;32,927;0,000;16,904;0,100;42,170;0,000;47,382;0,000;20,702;0,100
0939201001;4,071;0,800;36,867;0,000;4,071;1,000;4,071;2,232;15,792;0,100;4,071;1,170;37,932;0,000;37,153;0,000;14,214;0,400;14,214;0,400;0;0;0;26,238;0,100;36,277;0,000;17,261;0,100;35,368;0,000;35,368;0,000;35,368;0,000;37,018;0,000;37,018;0,000;36,926;0,000
0939401001;0,000;1,600;20,829;0,100;0,000;2,000;0,000;3,588;30,201;0,000;13,104;0,620;58,151;0,000;36,704;0,000;13,853;0,700;27,663;0,100;0;0;0;21,098;0,100;41,022;0,000;41,022;0,000;21,098;0,100;41,022;0,000;41,022;0,000;56,698;0,000;56,698;0,000;40,072;0,000
0939501001;6,450;0,500;32,286;0,000;6,450;0,600;6,450;1,036;36,486;0,000;26,995;0,130;42,682;0,000;41,782;0,000;16,127;0,300;29,328;0,100;0;0;0;21,486;0,200;41,614;0,000;41,614;0,000;21,486;0,100;41,614;0,000;41,614;0,000;41,614;0,000;41,614;0,000;20,464;0,100
0939601001;15,949;0,500;16,421;0,200;15,328;0,500;8,875;2,480;16,664;0,200;15,399;0,460;16,035;0,156;15,572;0,100;16,676;0,600;59,938;0,000;0;0;0;16,174;0,200;16,174;0,100;16,174;0,200;16,174;0,300;16,174;0,100;16,174;0,300;60,991;0,000;17,013;0,100;16,174;0,200
0939801001;14,637;0,500;28,488;0,100;15,548;0,200;14,349;1,632;31,147;0,000;17,481;0,130;31,725;0,000;30,916;0,000;14,637;1,000;28,488;0,100;0;0;0;14,349;0,600;30,803;0,000;30,803;0,000;14,637;0,400;30,803;0,000;30,803;0,000;30,803;0,000;30,803;0,000;30,803;0,000
0940001001;10,336;0,800;10,514;0,600;10,185;0,800;9,159;4,432;10,605;0,700;9,745;0,860;11,026;0,468;9,841;0,300;5,201;1,100;73,423;0,000;0;0;0;10,520;0,500;10,520;0,300;10,520;0,400;10,520;0,500;10,520;0,300;10,520;0,500;79,559;0,000;20,696;0,100;10,520;0,400
0940301001;16,764;0,500;22,854;0,200;16,764;0,500;15,286;1,912;23,102;0,200;21,759;0,330;22,522;0,156;21,943;0,100;20,699;1,100;59,734;0,000;0;0;0;14,328;0,400;22,612;0,100;14,328;0,400;14,328;0,500;22,612;0,100;14,328;0,500;57,841;0,000;14,328;0,300;14,328;0,400
0940501001;11,195;1,100;21,490;0,200;9,750;1,000;11,195;2,560;14,953;0,500;11,514;1,110;21,978;0,156;23,058;0,100;17,726;0,300;58,229;0,000;0;0;0;17,726;0,200;22,172;0,100;22,172;0,100;11,195;0,400;22,172;0,100;11,195;0,400;62,418;0,000;48,518;0,000;22,172;0,200
0940601001;17,452;0,900;19,720;0,200;17,972;1,400;9,142;5,348;19,236;0,300;13,542;1,240;19,035;0,156;14,114;0,530;16,693;12,800;22,799;0,200;0;0;0;5,681;1,700;18,202;0,400;18,267;0,400;18,202;0,600;18,267;0,400;8,127;0,700;18,267;0,400;19,025;0,200;20,375;0,100
0940701001;14,765;0,500;36,921;0,000;4,970;1,100;4,970;2,112;28,687;0,100;14,765;0,650;36,639;0,000;36,455;0,000;20,172;0,800;26,489;0,100;0;0;0;20,172;0,100;35,307;0,000;8,615;0,300;34,490;0,000;34,490;0,000;34,490;0,000;36,185;0,000;36,185;0,000;36,185;0,000
0940801001;7,959;1,100;21,104;0,100;10,911;1,100;10,126;2,884;7,959;0,500;11,233;0,750;47,776;0,000;22,424;0,130;11,233;0,400;10,126;0,700;0;0;0;24,200;0,100;24,200;0,100;24,200;0,100;24,200;0,100;24,200;0,100;24,200;0,100;46,499;0,000;46,499;0,000;24,200;0,100
0940901001;11,244;0,700;11,244;0,300;11,244;1,300;11,244;1,560;47,332;0,000;10,489;0,750;61,821;0,000;60,801;0,000;10,749;1,300;41,002;0,000;0;0;0;10,489;0,300;60,543;0,000;60,543;0,000;10,489;0,300;60,543;0,000;60,543;0,000;60,543;0,000;60,543;0,000;13,273;0,300
0941001001;0,000;1,200;30,104;0,000;0,000;1,500;0,000;2,340;55,256;0,000;0,000;1,660;91,750;0,000;54,355;0,000;26,760;0,100;52,959;0,000;0;0;0;30,845;0,000;58,676;0,000;58,676;0,000;30,845;0,000;58,676;0,000;58,676;0,000;90,306;0,000;90,306;0,000;52,518;0,000
0941002001;6,355;0,600;24,763;0,100;6,355;0,700;6,355;1,092;57,718;0,000;6,355;0,880;88,595;0,000;56,662;0,000;22,110;0,300;53,791;0,000;0;0;0;25,480;0,100;61,106;0,000;61,106;0,000;25,480;0,100;61,106;0,000;61,106;0,000;87,165;0,000;87,165;0,000;46,471;0,000
0941003001;6,181;0,300;35,612;0,000;6,181;0,600;6,181;0,936;53,461;0,000;6,181;0,390;95,109;0,000;52,731;0,000;31,843;0,000;50,123;0,000;0;0;0;36,363;0,000;56,878;0,000;56,878;0,000;36,363;0,000;56,878;0,000;56,878;0,000;93,657;0,000;93,657;0,000;56,878;0,000
0941101001;11,196;0,800;30,703;0,000;11,196;1,000;9,210;2,196;12,058;0,300;9,210;1,010;32,257;0,000;31,581;0,000;9,210;2,800;9,210;0,400;0;0;0;23,766;0,200;30,533;0,000;17,944;0,200;29,624;0,100;29,624;0,100;29,624;0,100;31,190;0,000;31,190;0,000;31,190;0,000
0941201001;11,578;1,000;22,624;0,100;0,000;2,200;0,000;3,772;27,166;0,300;23,335;0,460;62,374;0,000;25,595;0,130;25,400;0,300;18,714;0,200;0;0;0;30,039;0,000;30,039;0,000;30,039;0,000;30,039;0,000;30,039;0,000;30,039;0,000;60,935;0,000;60,935;0,000;30,039;0,000
0941301001;21,011;0,400;21,011;0,100;0,000;1,700;0,000;2,184;40,542;0,000;20,410;0,490;70,419;0,000;69,465;0,000;20,603;0,500;35,392;0,000;0;0;0;20,410;0,100;69,258;0,000;58,015;0,000;20,410;0,100;69,258;0,000;69,258;0,000;69,258;0,000;69,258;0,000;8,472;0,300
0941401001;12,287;0,800;54,640;0,000;12,287;0,900;12,287;1,708;34,331;0,000;12,287;1,040;53,147;0,000;53,379;0,000;12,287;2,300;50,081;0,000;0;0;0;35,146;0,000;52,351;0,000;27,386;0,100;35,284;0,000;51,749;0,000;35,284;0,000;53,147;0,000;42,878;0,000;42,878;0,000
0941501001;16,549;0,400;37,117;0,000;15,940;0,700;15,940;0,936;15,940;0,100;20,392;0,390;52,959;0,000;52,364;0,000;15,835;0,300;9,293;0,700;0;0;0;16,549;0,200;52,312;0,000;41,706;0,000;38,381;0,000;52,312;0,000;52,312;0,000;52,312;0,000;52,312;0,000;26,603;0,100
0941601001;14,148;0,500;17,313;0,100;9,853;1,100;13,740;1,248;41,993;0,000;16,558;0,360;57,436;0,000;56,448;0,000;11,763;0,700;35,416;0,000;0;0;0;16,558;0,100;56,217;0,000;56,217;0,000;16,558;0,100;56,217;0,000;56,217;0,000;56,217;0,000;56,217;0,000;9,853;0,300
0941701001;13,786;0,800;36,543;0,000;16,825;0,600;10,040;2,540;36,638;0,000;28,516;0,130;36,397;0,000;32,207;0,000;6,951;2,600;11,160;1,100;0;0;0;15,895;0,400;35,630;0,000;35,630;0,000;36,397;0,000;35,630;0,000;35,630;0,000;35,630;0,000;35,630;0,000;21,733;0,100
0941801001;6,989;0,600;39,233;0,000;14,859;0,500;6,989;2,036;39,483;0,000;24,755;0,130;39,217;0,000;29,746;0,100;3,419;2,300;11,242;0,600;0;0;0;6,989;0,700;39,115;0,000;37,851;0,000;37,851;0,000;37,851;0,000;32,272;0,000;37,851;0,000;39,115;0,000;12,385;0,300
0941901001;8,027;1,000;16,340;0,100;17,753;0,800;8,027;2,176;14,515;0,500;17,402;0,490;53,591;0,000;16,929;0,130;17,402;0,200;8,027;0,500;0;0;0;17,858;0,100;17,858;0,100;17,858;0,100;17,858;0,100;17,858;0,100;17,858;0,100;52,375;0,000;52,375;0,000;17,858;0,100
0942101001;17,145;0,400;17,383;0,200;9,376;0,700;7,521;2,520;17,501;0,400;16,476;0,460;17,834;0,156;16,599;0,100;0,000;1,900;68,979;0,000;4;0;4;17,034;0,300;17,357;0,100;17,034;0,200;17,034;0,300;17,357;0,100;17,034;0,300;81,695;0,000;17,034;0,100;17,034;0,200
0942201001;9,332;1,200;25,548;0,100;9,252;1,000;9,252;2,488;9,332;0,400;12,049;0,520;45,448;0,000;27,677;0,130;12,049;0,400;12,049;0,600;0;0;0;30,564;0,000;30,564;0,000;30,564;0,000;30,564;0,000;30,564;0,000;30,564;0,000;44,058;0,000;44,058;0,000;30,564;0,000
0942301001;7,817;1,000;27,771;0,100;7,041;0,900;7,041;2,020;7,817;0,300;10,081;0,520;42,897;0,000;29,797;0,130;10,081;0,500;10,081;0,400;0;0;0;29,340;0,100;32,500;0,000;32,500;0,000;29,340;0,100;32,500;0,000;32,500;0,000;41,508;0,000;41,508;0,000;32,500;0,000
0942401001;7,277;0,600;31,583;0,000;7,277;0,700;7,277;1,524;21,255;0,100;7,277;0,520;49,198;0,000;30,914;0,000;21,442;0,100;21,442;0,200;0;0;0;29,481;0,100;29,481;0,100;25,816;0,200;29,481;0,100;29,481;0,100;29,481;0,100;48,313;0,000;48,313;0,000;29,481;0,100
0942501001;9,707;0,900;53,139;0,000;5,569;0,900;0,000;3,868;25,102;0,100;9,707;1,040;52,379;0,000;53,022;0,000;0,000;5,600;47,998;0,000;1;0;1;32,945;0,000;53,311;0,000;32,945;0,000;25,328;0,100;54,129;0,000;25,328;0,100;54,129;0,000;32,945;0,000;32,945;0,000
0942701001;0,000;1,400;30,592;0,000;0,000;1,200;0,000;3,460;31,614;0,000;0,000;1,560;32,261;0,000;31,362;0,000;17,449;1,700;25,141;0,200;0;0;0;16,101;0,400;31,412;0,000;31,050;0,000;24,383;0,200;31,050;0,000;31,050;0,000;31,050;0,000;31,412;0,000;32,074;0,000
0942701002;4,440;1,000;33,575;0,000;4,440;0,900;4,440;2,248;32,472;0,000;4,440;1,040;35,557;0,000;35,017;0,000;21,066;0,900;24,206;0,300;0;0;0;18,316;0,400;34,764;0,000;34,513;0,000;27,442;0,200;34,513;0,000;34,513;0,000;34,513;0,000;34,764;0,000;35,240;0,000
0942801001;9,596;0,700;28,896;0,200;9,596;1,000;3,304;2,884;18,464;0,300;9,909;0,750;29,048;0,156;30,304;0,000;14,838;0,400;42,661;0,000;0;0;0;14,838;0,400;29,496;0,100;29,496;0,100;9,596;0,400;29,496;0,100;9,596;0,400;46,825;0,000;52,818;0,000;29,496;0,200
0942901001;17,960;0,900;23,028;0,200;17,141;1,500;14,787;4,328;18,176;0,400;14,787;1,370;24,361;0,156;23,727;0,230;14,787;12,300;14,787;0,400;0;0;0;16,938;1,000;22,656;0,400;14,718;0,700;21,744;0,700;21,744;0,400;21,744;0,400;23,345;0,400;23,345;0,200;23,345;0,100
0943001001;12,452;0,300;36,889;0,000;12,452;0,400;12,452;1,368;34,932;0,000;12,452;0,390;35,451;0,000;35,944;0,000;5,480;2,300;37,900;0,000;0;0;0;19,297;0,200;34,967;0,000;18,875;0,100;34,290;0,000;34,697;0,000;24,126;0,100;35,451;0,000;35,918;0,000;35,918;0,000
0943101001;11,024;0,600;30,790;0,000;11,024;1,100;11,024;2,472;19,476;0,200;11,024;0,850;31,464;0,000;31,010;0,000;16,832;4,200;16,832;0,100;0;0;0;18,979;0,300;29,877;0,100;10,771;0,400;28,981;0,100;28,981;0,100;28,981;0,100;30,667;0,000;30,667;0,000;30,667;0,000
0943201001;15,121;0,300;34,176;0,000;15,121;0,300;7,156;1,500;34,176;0,000;19,733;0,390;33,863;0,000;34,738;0,000;28,594;0,200;29,707;0,100;0;0;0;16,919;0,300;34,394;0,000;34,394;0,000;25,343;0,100;34,394;0,000;25,343;0,200;47,172;0,000;48,043;0,000;13,329;0,300
0943301001;7,629;0,400;40,558;0,000;3,782;1,000;3,782;1,836;23,675;0,100;7,629;0,520;40,935;0,000;40,571;0,000;22,210;0,200;22,210;0,100;0;0;0;26,245;0,100;39,424;0,000;15,184;0,100;38,547;0,000;38,547;0,000;38,547;0,000;40,250;0,000;40,250;0,000;40,145;0,000
0943401001;4,458;2,900;5,964;0,600;4,322;4,600;0,000;14,240;5,762;0,900;2,750;3,460;5,872;0,468;4,943;1,290;2,750;42,500;9,405;0,400;0;0;0;4,322;3,400;5,117;1,200;4,322;1,500;4,322;2,200;4,322;1,500;4,322;1,600;4,322;1,500;5,409;0,600;7,321;0,300
0943701001;7,817;0,500;34,992;0,000;16,313;0,300;5,072;2,044;34,885;0,000;10,635;0,390;35,002;0,000;25,610;0,100;16,173;0,900;19,633;0,200;0;0;0;0,000;1,700;34,225;0,000;33,312;0,000;33,312;0,000;33,312;0,000;19,123;0,100;33,312;0,000;34,511;0,000;11,750;0,300
0943801001;4,036;1,500;5,464;0,600;6,006;1,000;2,314;5,624;5,464;0,600;2,314;1,900;5,579;0,468;6,835;0,300;5,464;0,700;58,568;0,000;0;0;0;6,037;0,300;6,037;0,300;6,037;0,300;6,037;0,600;6,037;0,300;6,037;0,600;68,915;0,000;31,379;0,000;6,037;0,300
0943901001;4,683;2,600;5,431;0,600;4,187;4,400;0,000;15,232;5,873;0,900;3,977;3,200;6,415;0,468;5,193;0,990;2,365;41,700;8,537;0,400;0;0;0;4,187;3,200;5,427;1,200;4,187;1,500;4,187;2,200;4,187;1,500;4,187;1,600;4,187;1,500;5,427;0,600;7,465;0,300
0944001001;16,557;0,600;16,987;0,200;15,983;0,500;7,181;2,516;17,132;0,200;15,807;0,460;16,493;0,156;16,296;0,100;17,132;0,400;56,628;0,000;0;0;0;16,740;0,200;16,740;0,100;16,740;0,200;16,740;0,400;16,740;0,100;16,740;0,400;58,627;0,000;20,439;0,100;16,740;0,200
0944101001;9,024;1,400;25,554;0,200;3,516;1,900;3,516;6,308;25,941;0,300;23,395;1,110;26,419;0,156;16,798;0,330;2,948;14,000;2,948;0,800;0;0;0;14,844;1,500;25,490;0,400;24,186;0,400;24,186;0,600;24,186;0,400;24,186;0,500;24,186;0,400;25,490;0,200;26,159;0,200
0944201001;9,951;0,600;31,642;0,000;9,951;0,500;4,248;2,576;31,194;0,000;4,248;0,910;31,018;0,000;24,820;0,100;20,648;1,600;29,832;0,100;0;0;0;4,248;1,300;30,183;0,000;30,136;0,000;30,136;0,000;30,136;0,000;5,707;0,300;30,136;0,000;30,963;0,000;25,214;0,100
0944301001;14,471;1,100;27,152;0,100;14,471;1,600;5,308;4,948;26,782;0,300;5,308;1,240;26,680;0,156;19,688;0,330;19,930;12,200;24,947;0,100;0;0;0;5,308;1,900;25,844;0,400;25,576;0,400;25,576;0,500;25,576;0,400;6,630;0,700;25,576;0,400;26,511;0,200;24,393;0,200
0944401001;10,267;0,800;37,821;0,000;10,267;0,800;10,267;2,340;37,052;0,000;10,267;0,910;39,295;0,000;35,260;0,000;9,722;1,600;16,698;0,500;0;0;0;10,267;0,500;38,313;0,000;37,593;0,000;32,572;0,000;37,593;0,000;37,593;0,000;37,593;0,000;38,313;0,000;39,510;0,000
0944501001;5,849;0,500;35,089;0,000;5,849;0,700;5,849;1,884;15,600;0,100;5,849;0,780;36,160;0,000;35,608;0,000;13,673;0,600;13,673;0,400;0;0;0;24,714;0,100;34,503;0,000;16,168;0,100;33,594;0,000;33,594;0,000;33,594;0,000;35,242;0,000;35,242;0,000;35,242;0,000
0944601001;14,033;0,800;35,650;0,000;17,119;0,400;12,389;2,540;35,785;0,000;30,950;0,000;35,537;0,000;32,657;0,000;5,439;2,400;9,196;1,000;0;0;0;14,382;0,500;34,939;0,000;34,939;0,000;35,537;0,000;34,939;0,000;34,939;0,000;34,939;0,000;34,939;0,000;19,411;0,100
0944701001;20,329;0,700;29,850;0,100;20,329;1,400;10,765;3,940;27,537;0,300;20,329;0,980;28,363;0,156;28,667;0,230;10,765;11,900;30,274;0,000;0;0;0;10,765;1,200;27,686;0,400;10,381;0,700;27,152;0,500;27,152;0,400;25,027;0,500;28,363;0,400;28,566;0,200;28,566;0,100
0944801001;12,434;1,100;19,511;0,200;15,429;1,400;7,318;5,348;19,252;0,300;13,197;1,240;19,254;0,156;11,437;0,530;12,434;13,200;20,255;0,200;0;0;0;11,204;1,700;18,438;0,400;17,869;0,400;17,869;0,600;17,869;0,400;11,950;0,700;17,869;0,400;18,930;0,200;20,701;0,200
0944901001;13,911;1,200;19,376;0,200;15,798;1,500;7,687;5,528;20,131;0,300;15,798;1,110;20,798;0,156;16,519;0,330;11,153;14,100;17,882;0,200;0;0;0;14,677;1,300;19,779;0,400;18,921;0,400;15,441;0,700;18,921;0,400;18,921;0,400;18,921;0,400;19,779;0,200;21,234;0,100
0945001001;7,848;0,600;46,388;0,000;7,848;0,600;7,848;1,192;45,766;0,000;7,848;0,650;46,106;0,000;45,428;0,000;3,404;3,500;52,839;0,000;0;0;0;25,931;0,100;46,151;0,000;25,931;0,100;19,450;0,200;46,151;0,000;19,450;0,200;50,100;0,000;25,931;0,100;25,931;0,100
0945101001;9,095;1,000;9,567;0,600;8,474;1,000;6,022;4,928;9,811;0,600;8,554;1,120;9,192;0,468;8,724;0,300;9,831;0,800;61,418;0,000;0;0;0;9,321;0,400;9,321;0,300;9,321;0,400;9,321;0,600;9,321;0,300;9,321;0,600;66,448;0,000;19,861;0,100;9,321;0,400
0945401001;2,977;1,200;14,168;0,300;17,586;0,800;2,977;2,644;15,472;0,300;18,538;0,490;55,154;0,000;16,155;0,130;18,890;0,200;2,977;0,800;0;0;0;19,071;0,100;19,071;0,100;19,071;0,100;19,071;0,100;19,071;0,100;19,071;0,100;53,829;0,000;53,829;0,000;19,071;0,100
0945501001;17,072;0,600;32,054;0,000;12,243;0,700;4,710;3,480;32,588;0,000;21,919;0,260;33,153;0,000;24,495;0,100;6,931;2,900;7,820;0,600;0;0;0;20,081;0,300;32,150;0,000;30,928;0,000;30,583;0,000;30,928;0,000;30,928;0,000;30,928;0,000;32,150;0,000;29,869;0,100
0945601001;11,824;1,100;28,477;0,100;4,842;1,200;4,842;4,480;28,854;0,100;26,272;0,520;29,323;0,156;19,597;0,200;0,000;9,600;0,000;1,100;2;8;10;13,357;1,100;28,403;0,200;27,094;0,200;27,094;0,400;27,094;0,200;27,094;0,200;27,094;0,300;28,403;0,100;24,277;0,100
0945801001;7,234;2,200;9,067;0,600;7,419;3,700;3,482;12,700;8,676;0,900;5,962;2,680;8,592;0,468;5,879;0,990;5,962;36,400;12,332;0,400;0;0;0;7,545;3,000;7,761;1,200;7,545;1,200;7,545;1,600;7,545;1,200;7,545;1,300;7,545;1,200;8,410;0,600;10,018;0,300
0946001001;12,852;0,800;33,697;0,000;12,852;0,700;7,003;2,772;34,416;0,000;12,852;0,520;35,070;0,000;28,945;0,100;0,000;2,900;18,424;0,500;2;0;2;12,852;0,400;34,038;0,000;33,069;0,000;29,883;0,100;33,069;0,000;33,069;0,000;33,069;0,000;34,038;0,000;35,617;0,000
0946301001;20,193;0,800;29,116;0,200;13,329;1,600;11,557;4,032;27,129;0,400;20,193;1,110;28,467;0,156;28,379;0,230;11,557;11,200;27,098;0,200;0;0;0;11,557;1,100;27,245;0,400;0,000;1,300;26,473;0,400;26,473;0,300;26,473;0,300;28,140;0,300;28,140;0,200;28,140;0,100
0946401001;13,344;0,700;22,023;0,200;13,344;0,600;4,516;3,304;22,023;0,200;12,943;0,980;21,819;0,156;22,852;0,100;22,023;0,200;41,301;0,000;0;0;0;22,357;0,300;22,357;0,100;22,357;0,100;13,344;0,400;22,357;0,100;13,344;0,400;53,831;0,000;41,026;0,000;22,357;0,200
0946601001;12,655;1,300;25,667;0,200;13,390;1,600;9,748;5,812;25,511;0,300;9,748;1,240;25,594;0,156;16,605;0,330;14,310;12,400;17,697;0,200;0;0;0;9,513;1,800;24,804;0,400;23,991;0,400;23,991;0,500;23,991;0,400;13,650;0,700;23,991;0,400;25,152;0,200;21,015;0,200
0946701001;6,452;0,600;35,810;0,000;11,082;0,500;6,452;2,248;36,037;0,000;24,003;0,130;36,404;0,000;26,210;0,100;3,051;2,500;9,522;0,600;0;0;0;6,452;0,700;35,594;0,000;34,266;0,000;34,266;0,000;34,266;0,000;30,728;0,000;34,266;0,000;35,594;0,000;15,247;0,100
0947101001;4,904;2,300;4,469;0,900;4,215;3,900;4,288;11,476;5,934;0,900;4,699;3,070;7,422;0,468;6,389;0,790;2,465;40,900;4,469;0,700;0;0;0;5,256;2,800;5,850;1,200;5,256;1,300;5,256;1,900;5,256;1,200;5,256;1,200;5,983;1,200;5,983;0,600;5,983;0,300
0947201001;9,260;0,800;31,212;0,000;6,304;0,500;6,304;2,956;31,500;0,000;24,445;0,260;31,910;0,000;21,833;0,100;0,000;4,300;4,385;0,700;2;0;2;9,260;0,600;31,052;0,000;29,725;0,100;29,725;0,100;29,725;0,100;29,725;0,200;29,725;0,100;31,052;0,000;19,914;0,100
0947301001;5,678;0,800;28,943;0,200;5,678;0,800;5,678;2,884;29,765;0,100;5,678;0,780;30,435;0,000;27,882;0,200;12,163;4,700;25,329;0,400;0;0;0;16,930;0,500;29,496;0,100;28,916;0,200;23,251;0,300;28,916;0,200;28,916;0,200;28,916;0,200;29,496;0,100;30,499;0,000
0947601001;20,094;0,700;29,195;0,100;20,094;1,400;11,630;4,372;27,159;0,300;20,094;0,980;27,741;0,156;28,195;0,230;7,588;12,600;30,098;0,000;0;0;0;11,630;1,200;27,289;0,400;14,352;0,700;26,901;0,500;26,901;0,400;21,050;0,500;27,741;0,400;28,155;0,200;28,155;0,100
0947801001;6,781;0,400;44,909;0,000;6,781;0,500;6,781;1,192;42,661;0,000;6,781;0,520;43,429;0,000;43,774;0,000;6,781;2,400;45,424;0,000;0;0;0;25,879;0,100;42,812;0,000;20,785;0,100;33,230;0,000;42,294;0,000;33,230;0,000;43,429;0,000;39,992;0,000;39,992;0,000
0948001001;12,951;1,000;29,422;0,100;14,929;0,800;5,896;3,568;29,200;0,100;5,896;0,650;29,225;0,156;20,691;0,200;18,646;7,000;20,904;0,100;0;0;0;5,896;1,500;28,413;0,200;27,762;0,200;27,762;0,300;27,762;0,200;12,376;0,500;27,762;0,300;28,865;0,100;18,912;0,100
0948201001;4,454;1,200;40,271;0,000;8,841;1,000;8,841;2,028;27,345;0,100;8,841;1,040;51,444;0,000;48,010;0,000;4,454;2,000;4,454;1,600;0;0;0;12,380;0,700;50,496;0,000;45,864;0,000;44,203;0,000;49,876;0,000;40,101;0,000;49,876;0,000;50,496;0,000;42,516;0,000
0948301001;11,045;0,800;11,444;0,600;10,575;0,800;7,107;4,120;11,645;0,700;10,247;0,730;11,651;0,468;10,427;0,300;8,298;1,100;70,736;0,000;0;0;0;11,316;0,500;11,316;0,300;11,316;0,400;11,316;0,500;11,316;0,300;11,316;0,500;74,055;0,000;15,678;0,100;11,316;0,400
0948501001;8,436;1,100;20,825;0,100;10,789;1,000;9,494;2,728;8,436;0,500;11,877;0,750;48,173;0,000;22,459;0,130;11,877;0,400;9,494;0,700;0;0;0;24,696;0,100;24,696;0,100;24,696;0,100;24,696;0,100;24,696;0,100;24,696;0,100;46,859;0,000;46,859;0,000;24,696;0,100
0990101001;12,210;0,400;34,590;0,000;12,210;0,300;9,213;1,588;33,995;0,000;12,026;0,390;33,675;0,000;29,571;0,100;14,660;0,700;37,334;0,000;0;0;0;10,930;0,900;32,875;0,000;33,291;0,000;32,875;0,000;33,291;0,000;7,464;0,300;33,291;0,000;33,859;0,000;32,271;0,000
0990201001;14,700;1,200;15,740;0,200;16,101;1,400;0,000;6,796;17,820;0,300;16,101;0,980;18,366;0,156;17,742;0,330;10,067;13,700;15,740;0,100;0;0;0;0,000;2,100;17,732;0,400;17,732;0,400;10,067;1,100;17,732;0,400;17,732;0,400;17,732;0,400;17,732;0,200;17,732;0,100
0990301001;0,757;1,700;0,757;1,000;0,757;2,000;0,757;2,964;48,886;0,000;0,000;2,120;66,628;0,000;57,211;0,000;0,264;2,700;48,761;0,000;0;0;0;0,000;1,000;61,647;0,000;61,647;0,000;0,000;1,000;61,647;0,000;61,647;0,000;65,262;0,000;65,262;0,000;23,316;0,100
0990301002;0,000;1,700;0,000;1,000;0,000;2,000;0,000;2,964;48,884;0,000;0,757;2,120;67,075;0,000;56,806;0,000;0,000;2,700;48,488;0,000;2;0;2;0,757;1,000;61,253;0,000;61,253;0,000;0,757;1,000;61,253;0,000;61,253;0,000;65,704;0,000;65,704;0,000;24,041;0,100
0990301003;0,495;1,700;0,495;1,000;0,495;2,000;0,495;2,964;48,907;0,000;0,264;2,120;66,801;0,000;57,089;0,000;0,000;2,700;48,686;0,000;2;0;2;0,264;1,000;61,529;0,000;61,529;0,000;0,264;1,000;61,529;0,000;61,529;0,000;65,434;0,000;65,434;0,000;23,561;0,100
0990401001;11,784;1,200;13,620;0,400;13,769;1,900;11,784;6,052;15,490;0,400;14,243;1,640;16,954;0,156;15,900;0,330;9,146;18,400;13,620;0,400;0;0;0;11,784;1,500;15,407;0,400;14,782;0,700;11,784;1,100;14,782;0,600;14,782;0,600;15,504;0,400;15,504;0,200;15,504;0,100
0990501001;0,000;1,300;27,261;0,100;0,000;1,400;0,000;2,440;41,998;0,000;26,612;0,260;43,311;0,000;42,331;0,000;9,943;0,800;35,104;0,000;0;0;0;20,325;0,300;42,107;0,000;42,107;0,000;20,325;0,200;42,107;0,000;42,107;0,000;42,107;0,000;42,107;0,000;20,708;0,100
0990601001;0,000;1,900;19,968;0,200;20,325;1,600;0,000;5,768;22,858;0,300;21,923;1,110;23,729;0,156;22,686;0,230;0,000;13,400;19,968;0,200;4;0;4;0,000;2,100;22,407;0,400;22,407;0,400;0,000;1,600;22,407;0,400;22,407;0,400;22,407;0,400;22,407;0,200;22,407;0,100
0990701001;7,740;2,100;6,218;0,600;7,561;3,800;0,000;12,940;7,759;0,900;7,774;2,680;8,320;0,468;7,774;0,990;0,000;38,000;6,218;0,400;2;0;2;7,706;2,900;7,706;1,200;7,809;1,200;0,000;2,600;7,706;1,200;7,706;1,200;7,809;1,200;7,706;0,600;7,820;0,300
0990801001;14,761;0,600;28,914;0,100;0,000;1,700;0,000;2,652;40,761;0,000;14,761;0,750;81,372;0,000;39,778;0,000;23,820;0,300;38,323;0,000;0;0;0;29,638;0,100;44,167;0,000;44,167;0,000;29,638;0,100;44,167;0,000;44,167;0,000;79,918;0,000;79,918;0,000;44,167;0,000
2400101001;10,856;0,500;35,161;0,000;10,856;0,500;10,856;1,560;34,577;0,000;19,730;0,130;61,771;0,000;58,984;0,000;34,683;0,000;19,730;0,500;0;0;0;35,161;0,000;60,505;0,000;35,161;0,000;60,505;0,000;60,505;0,000;60,505;0,000;60,505;0,000;60,505;0,000;35,161;0,000
2400201001;11,856;0,600;24,083;0,200;11,856;0,800;3,370;5,238;24,878;0,100;12,189;0,780;41,173;0,000;43,323;0,000;0,000;5,600;29,316;0,100;2;0;2;11,856;0,600;23,303;0,100;24,591;0,100;24,591;0,100;43,232;0,000;43,232;0,000;23,303;0,100;43,232;0,000;23,303;0,200
2400301001;16,915;0,500;18,313;0,300;14,563;0,800;0,000;5,838;22,106;0,100;18,313;0,520;38,039;0,000;54,691;0,000;15,613;1,900;30,541;0,000;0;0;0;16,915;0,200;45,142;0,000;21,758;0,100;21,758;0,100;54,705;0,000;37,944;0,000;45,142;0,000;54,705;0,000;16,915;0,100
2400401001;18,732;0,300;18,732;0,100;18,732;0,400;14,449;1,568;17,657;0,100;14,449;0,780;46,374;0,000;45,520;0,000;14,125;1,200;7,129;1,400;0;0;0;18,732;0,200;46,641;0,000;18,732;0,100;46,641;0,000;46,641;0,000;27,453;0,100;46,641;0,000;46,641;0,000;18,732;0,100
2400501001;19,160;0,400;18,692;0,300;18,864;0,700;7,086;4,778;19,513;0,100;19,682;0,650;44,120;0,000;48,278;0,000;7,966;3,700;33,317;0,000;0;0;0;19,160;0,300;31,911;0,000;19,160;0,100;19,160;0,100;48,233;0,000;43,657;0,000;31,911;0,000;48,233;0,000;22,446;0,100
2400601001;16,320;2,000;15,786;0,500;15,126;1,200;5,342;7,522;17,596;0,300;14,752;2,302;17,037;0,156;19,109;0,200;0,000;16,100;10,307;1,700;2;0;2;16,453;0,800;16,453;0,200;16,453;0,200;16,453;0,200;19,032;0,100;19,032;0,100;16,453;0,300;19,032;0,100;19,032;0,200
2400701001;7,873;2,600;9,397;0,300;5,386;2,600;4,428;11,772;13,271;0,700;7,003;3,770;9,397;0,468;12,324;0,660;5,386;4,000;13,374;1,300;0;0;0;12,851;1,200;14,257;0,300;12,851;0,600;12,851;0,900;14,257;0,300;5,386;0,600;12,851;0,600;91,510;0,000;13,333;0,300
2400801001;0,971;1,700;6,605;0,400;0,000;1,800;0,399;6,252;0,399;1,000;0,971;2,548;1,481;0,936;41,460;0,000;1,339;5,100;0,817;2,800;0;0;0;0,399;1,400;39,360;0,000;0,399;1,000;0,399;1,000;42,873;0,000;0,399;1,000;35,804;0,000;42,873;0,000;21,246;0,100
2400801002;1,317;1,300;6,272;0,400;0,399;1,800;0,000;6,252;0,000;1,000;1,317;2,028;1,279;0,936;41,082;0,000;1,041;5,100;0,843;2,800;0;0;0;0,000;1,400;39,538;0,000;0,000;1,000;0,000;1,000;43,039;0,000;0,000;1,000;35,896;0,000;43,039;0,000;21,638;0,100
2400802001;2,310;1,200;6,226;0,400;1,339;1,400;0,000;6,096;1,041;0,600;2,310;2,028;1,966;0,936;40,689;0,000;0,000;5,500;0,943;2,800;4;0;4;1,041;1,000;39,166;0,000;1,041;0,600;1,041;0,600;42,633;0,000;1,041;0,600;35,313;0,000;42,633;0,000;22,469;0,100
2400802002;7,032;0,800;0,000;1,100;0,000;1,600;6,226;3,492;6,272;0,400;7,032;1,066;5,243;0,468;35,081;0,000;6,226;2,900;6,953;1,700;0;0;0;6,272;0,500;38,525;0,000;6,272;0,300;6,272;0,300;38,525;0,000;6,272;0,300;39,118;0,000;48,528;0,000;26,458;0,100
2400802003;1,798;1,100;5,243;0,400;1,481;1,200;1,279;5,116;1,279;0,600;1,798;1,456;0,000;1,560;40,244;0,000;1,966;4,500;2,120;1,900;0;0;0;1,279;0,800;40,814;0,000;1,279;0,600;1,279;0,600;43,762;0,000;1,279;0,600;37,159;0,000;44,317;0,000;21,947;0,100
2400803001;1,657;1,200;6,953;0,400;0,817;1,800;0,843;6,720;0,843;1,000;1,657;2,028;2,120;0,936;41,585;0,000;0,943;5,500;0,000;2,800;0;17;17;0,843;1,400;38,707;0,000;0,843;1,000;0,843;1,000;42,203;0,000;0,843;1,000;35,055;0,000;42,203;0,000;21,553;0,100
2400803002;0,000;1,700;7,032;0,400;0,971;1,800;1,317;5,628;1,317;0,600;0,000;2,548;1,798;0,936;42,040;0,000;2,310;5,100;1,657;2,400;0;0;0;1,317;1,000;39,524;0,000;1,317;0,600;1,317;0,600;43,069;0,000;1,317;0,600;36,185;0,000;43,069;0,000;20,367;0,100
2400901001;14,814;0,600;27,526;0,100;14,814;0,600;6,247;2,736;32,089;0,000;14,814;0,780;27,526;0,156;31,610;0,000;9,252;1,200;21,526;0,200;0;0;0;31,365;0,000;33,144;0,000;31,365;0,000;31,365;0,000;33,144;0,000;20,910;0,100;31,365;0,000;111,396;0,000;32,053;0,000
2401001001;1,254;1,200;2,843;0,700;2,843;1,300;1,254;6,130;22,528;0,100;2,843;1,586;22,885;0,156;42,438;0,000;0,000;5,600;15,448;0,500;2;0;2;1,254;0,800;38,784;0,000;22,528;0,100;22,528;0,100;42,510;0,000;22,528;0,100;38,784;0,000;42,510;0,000;1,254;0,600
2401001002;0,000;1,600;1,691;0,700;1,691;1,300;0,000;6,610;21,638;0,100;1,691;1,586;21,947;0,156;43,066;0,000;1,254;5,400;14,713;0,700;0;0;0;0,000;1,200;39,403;0,000;21,638;0,100;21,638;0,100;43,145;0,000;21,638;0,100;39,403;0,000;43,145;0,000;0,000;1,000
2401001003;0,387;1,600;2,060;0,700;2,060;1,300;0,387;6,610;22,024;0,100;2,060;1,586;22,331;0,156;43,194;0,000;1,048;5,200;15,089;0,500;0;0;0;0,387;1,200;39,534;0,000;22,024;0,100;22,024;0,100;43,271;0,000;22,024;0,100;39,534;0,000;43,271;0,000;0,387;1,000
2401001004;1,691;1,200;0,000;1,100;0,000;1,500;1,691;6,330;20,011;0,100;0,000;2,366;20,296;0,156;43,103;0,000;2,843;4,800;13,031;0,900;0;0;0;1,691;0,800;39,431;0,000;20,011;0,100;20,011;0,100;43,191;0,000;20,011;0,100;39,431;0,000;43,191;0,000;1,691;0,600
2401001005;1,751;1,200;2,448;0,700;2,448;1,100;0,000;6,442;22,182;0,100;2,448;1,586;22,395;0,156;44,817;0,000;2,614;4,500;15,005;0,500;0;0;0;1,751;0,800;41,154;0,000;22,182;0,100;22,182;0,100;44,895;0,000;22,182;0,100;41,154;0,000;44,895;0,000;1,751;0,600
2401001006;2,151;1,200;3,790;0,700;3,790;1,300;2,151;6,442;23,785;0,100;3,790;1,586;24,083;0,156;43,808;0,000;1,645;4,800;16,813;0,500;0;0;0;2,151;0,800;40,164;0,000;23,785;0,100;23,785;0,100;43,875;0,000;23,785;0,100;40,164;0,000;43,875;0,000;2,151;0,600
2401101001;14,555;0,500;28,493;0,100;14,555;0,500;7,404;2,490;32,754;0,000;14,555;0,780;28,493;0,156;32,823;0,000;14,555;1,000;18,633;0,200;0;0;0;31,863;0,000;33,717;0,000;31,863;0,000;31,863;0,000;33,717;0,000;22,835;0,100;31,863;0,000;116,391;0,000;32,629;0,000
2401201001;7,863;0,500;33,104;0,000;7,863;0,900;7,863;2,540;35,169;0,000;11,198;0,650;38,180;0,000;35,868;0,000;27,534;0,300;11,198;0,800;0;0;0;27,534;0,100;36,144;0,000;36,144;0,000;36,144;0,000;36,144;0,000;36,144;0,000;27,534;0,100;36,144;0,000;36,144;0,000
2401401001;1,816;1,800;21,565;0,200;1,816;1,700;1,816;7,190;3,123;0,800;1,816;2,080;21,565;0,156;9,984;0,460;2,158;3,500;3,123;1,500;0;0;0;18,311;0,400;18,311;0,100;18,816;0,200;18,999;0,300;18,311;0,100;19,628;0,200;18,816;0,200;67,507;0,000;18,999;0,100
2401401002;1,423;1,800;19,781;0,200;1,423;1,700;1,091;7,850;1,091;0,800;1,423;2,080;19,781;0,156;8,392;0,460;0,000;4,100;1,091;1,600;2;0;2;16,290;0,400;16,290;0,100;16,809;0,200;17,018;0,300;16,290;0,100;17,668;0,200;16,809;0,200;68,914;0,000;17,018;0,100
2401401003;0,000;2,200;19,769;0,200;0,000;2,100;0,000;8,174;1,787;0,800;0,000;2,600;19,769;0,156;8,170;0,460;0,791;4,400;1,787;1,600;0;0;0;16,634;0,400;16,634;0,100;17,126;0,200;17,290;0,300;16,634;0,100;17,904;0,200;17,126;0,200;69,301;0,000;17,290;0,100
2401401004;0,664;2,200;19,279;0,200;0,664;2,100;0,664;8,474;1,135;0,800;0,664;2,600;19,279;0,156;7,736;0,460;0,446;4,400;1,135;1,600;0;0;0;16,045;0,400;16,045;0,100;16,544;0,200;16,718;0,300;16,045;0,100;17,342;0,200;16,544;0,200;69,638;0,000;16,718;0,100
2401401005;1,787;1,800;18,691;0,200;1,787;1,700;0,000;9,182;0,000;1,200;1,787;2,080;18,691;0,156;7,335;0,660;1,091;3,700;0,000;2,100;0;17;17;15,225;0,400;15,225;0,100;15,740;0,200;15,942;0,300;15,225;0,100;16,587;0,200;15,740;0,200;69,970;0,000;15,942;0,100
2401401006;4,292;1,800;18,828;0,100;4,292;1,600;4,292;7,438;5,453;0,500;4,292;2,080;18,828;0,156;7,492;0,460;0,000;4,100;5,453;1,400;2;0;2;16,884;0,400;16,884;0,100;17,274;0,200;17,295;0,300;16,884;0,100;17,780;0,200;17,274;0,200;71,948;0,000;17,295;0,100
2401401007;0,791;2,200;18,985;0,200;0,791;2,100;0,791;8,630;1,327;0,800;0,791;2,600;18,985;0,156;7,402;0,460;0,000;4,400;1,327;1,700;2;0;2;15,849;0,400;15,849;0,100;16,340;0,200;16,501;0,300;15,849;0,100;17,114;0,200;16,340;0,200;70,016;0,000;16,501;0,100
2401501001;0,000;2,900;19,594;0,700;0,000;2,400;4,522;8,816;13,915;0,600;0,000;4,096;15,192;0,312;28,940;0,100;0,000;16,700;4,805;2,300;4;0;4;4,522;1,400;25,628;0,200;13,915;0,500;13,915;0,500;29,126;0,100;13,915;0,400;22,471;0,300;29,126;0,100;22,482;0,200
2401501002;5,213;1,800;17,354;0,200;5,213;1,400;5,073;6,548;12,782;0,400;5,213;2,314;13,995;0,468;31,254;0,000;5,073;6,700;9,599;1,900;0;0;0;9,464;0,900;28,242;0,100;12,782;0,400;12,782;0,400;31,466;0,000;12,782;0,300;23,415;0,200;31,466;0,000;26,429;0,100
2401601001;9,740;0,800;21,427;0,100;9,740;1,300;0,000;5,694;19,744;0,200;9,740;1,300;21,427;0,156;21,275;0,220;19,816;1,100;17,446;0,400;0;0;0;18,939;0,400;19,557;0,100;19,394;0,200;18,939;0,300;19,557;0,100;19,556;0,200;19,394;0,200;93,874;0,000;19,652;0,100
2401701001;5,249;1,900;19,507;0,400;4,984;1,600;4,984;7,526;27,987;0,300;5,249;2,042;27,675;0,156;29,388;0,100;4,984;13,500;18,799;0,800;0;0;0;17,957;0,500;26,097;0,200;26,097;0,200;26,097;0,200;29,377;0,100;29,377;0,100;26,097;0,200;29,377;0,100;18,525;0,200
2401801001;10,741;0,500;38,684;0,000;10,741;0,700;7,236;1,448;41,200;0,000;14,789;0,520;40,170;0,000;41,801;0,000;5,373;2,600;7,236;1,200;0;0;0;19,465;0,300;27,032;0,100;41,880;0,000;41,880;0,000;41,880;0,000;36,471;0,000;27,032;0,100;41,880;0,000;20,743;0,200
2401901001;6,008;1,600;19,117;0,100;6,486;1,400;4,931;7,396;19,256;0,300;6,486;1,950;19,117;0,156;15,275;0,220;14,374;1,900;15,275;0,600;0;0;0;20,922;0,400;21,363;0,100;20,922;0,200;20,922;0,300;21,363;0,100;17,974;0,200;20,922;0,200;84,038;0,000;20,969;0,100
2402001001;12,786;0,500;22,793;0,100;12,786;0,500;12,386;1,512;23,027;0,100;22,188;0,130;73,416;0,000;71,203;0,000;22,188;0,200;20,927;0,400;0;0;0;22,793;0,100;72,674;0,000;22,793;0,200;72,674;0,000;72,674;0,000;53,445;0,000;72,674;0,000;72,674;0,000;22,793;0,100
2402101001;0,000;1,300;38,008;0,000;0,000;1,500;0,000;3,688;36,908;0,000;0,000;1,430;42,252;0,000;39,380;0,000;36,018;0,000;0,000;3,000;0;2;2;36,018;0,000;40,899;0,000;38,008;0,000;40,899;0,000;40,899;0,000;40,899;0,000;40,899;0,000;40,899;0,000;38,008;0,000
2402201001;8,032;1,800;12,348;0,300;8,032;2,100;5,286;10,096;13,447;0,700;8,032;2,990;12,348;0,468;14,530;0,420;12,348;2,900;5,286;1,100;0;0;0;12,670;1,200;13,825;0,300;12,670;0,600;12,670;0,900;13,825;0,300;12,670;0,600;12,670;0,600;96,418;0,000;13,213;0,300
2402301001;12,760;0,800;6,350;0,300;6,350;0,900;11,207;3,308;11,685;0,400;12,760;0,936;11,005;0,468;29,511;0,120;0,000;3,600;8,489;1,800;2;0;2;11,685;0,400;33,891;0,000;11,685;0,300;11,685;0,300;33,891;0,000;11,685;0,300;34,491;0,000;50,898;0,000;32,742;0,000
2402401001;15,352;0,300;31,821;0,000;15,352;0,500;0,000;2,272;34,280;0,000;15,352;0,390;33,258;0,000;34,744;0,000;9,789;2,400;0,000;1,700;0;6;6;13,115;0,500;30,339;0,000;34,892;0,000;34,892;0,000;34,892;0,000;34,892;0,000;30,339;0,000;34,892;0,000;27,923;0,100
2402501001;9,936;0,500;33,929;0,000;9,936;0,500;9,936;1,660;33,622;0,000;27,193;0,130;68,746;0,000;66,063;0,000;33,379;0,000;26,808;0,200;0;0;0;33,929;0,000;67,583;0,000;33,929;0,000;67,583;0,000;67,583;0,000;64,624;0,000;67,583;0,000;67,583;0,000;33,929;0,000
2402601001;10,741;2,200;17,330;0,700;9,693;1,700;6,912;9,026;21,195;0,400;6,919;3,004;22,320;0,312;25,995;0,200;0,000;16,900;6,916;1,800;2;0;2;7,301;0,900;22,322;0,200;21,195;0,300;21,195;0,300;26,103;0,100;21,195;0,200;22,322;0,300;26,103;0,100;17,551;0,200
2402701001;8,238;2,300;5,446;0,300;7,026;2,200;0,000;12,794;7,950;0,700;5,446;3,250;5,446;0,468;6,771;0,660;3,953;4,000;8,725;1,400;0;0;0;7,783;1,200;8,818;0,300;7,783;0,600;7,783;0,900;8,818;0,300;7,026;0,600;7,783;0,600;86,659;0,000;8,071;0,300
2402801001;12,794;2,000;18,523;0,500;12,794;1,300;9,425;6,602;20,810;0,300;10,493;2,016;20,037;0,156;22,329;0,200;5,959;14,200;7,964;1,600;0;0;0;12,794;0,900;20,372;0,200;20,372;0,200;20,372;0,200;22,196;0,100;22,196;0,100;20,372;0,300;22,196;0,100;22,196;0,100
2402901001;0,000;1,300;12,939;0,300;12,208;1,000;0,000;2,908;13,021;0,300;13,021;0,520;58,240;0,000;49,149;0,000;37,382;0,000;37,382;0,000;0;0;0;54,200;0,000;58,518;0,000;57,898;0,000;13,021;0,300;58,518;0,000;13,021;0,300;54,200;0,000;63,912;0,000;58,751;0,000
2403001001;5,243;2,200;6,618;0,300;0,000;2,900;1,618;12,618;11,179;0,700;1,618;3,640;6,618;0,468;10,756;0,420;0,000;5,700;8,140;1,100;2;0;2;10,463;1,200;12,234;0,300;10,463;0,600;10,463;0,900;12,234;0,300;0,000;1,300;10,463;0,600;93,559;0,000;11,144;0,300
2403001002;3,632;2,500;6,382;0,300;1,618;2,500;0,000;12,986;10,917;0,700;0,000;4,160;6,382;0,468;10,697;0,420;0,000;5,600;6,647;1,100;2;0;2;10,123;1,200;11,957;0,300;10,123;0,600;10,123;0,900;11,957;0,300;1,618;0,900;10,123;0,600;94,152;0,000;10,848;0,300
2403001003;7,173;1,800;10,548;0,300;4,153;2,100;0,000;10,106;15,024;0,300;5,329;2,730;10,548;0,468;14,418;0,420;3,504;4,100;10,273;0,900;0;0;0;14,381;0,600;16,075;0,100;14,381;0,400;14,381;0,500;16,075;0,100;4,153;0,900;14,381;0,400;95,676;0,000;15,017;0,100
2403001004;5,264;2,200;8,810;0,300;2,495;2,500;2,522;11,690;13,373;0,700;2,522;3,640;8,810;0,468;13,070;0,420;0,000;5,100;6,879;1,100;2;0;2;12,600;1,200;14,419;0,300;12,600;0,600;12,600;0,900;14,419;0,300;2,495;0,900;12,600;0,600;96,050;0,000;13,315;0,300
2403101001;7,726;0,400;43,046;0,000;7,726;0,500;7,726;1,292;45,498;0,000;9,618;0,520;44,478;0,000;45,904;0,000;7,579;2,000;7,726;1,200;0;0;0;21,441;0,100;30,025;0,000;46,090;0,000;46,090;0,000;46,090;0,000;31,677;0,000;30,025;0,000;46,090;0,000;17,327;0,100
2403201001;16,253;0,200;21,250;0,200;8,117;0,700;7,086;3,626;21,891;0,100;8,724;0,650;48,635;0,000;50,895;0,000;7,086;2,800;35,255;0,000;0;0;0;16,253;0,300;16,663;0,100;21,717;0,100;21,717;0,100;47,137;0,000;50,773;0,000;16,663;0,100;50,773;0,000;16,663;0,100
2403301001;14,181;2,000;14,678;0,700;14,181;1,300;9,993;7,854;17,010;0,300;14,181;2,276;16,213;0,156;18,523;0,200;5,264;15,000;5,223;2,000;0;0;0;16,569;0,800;16,734;0,200;16,734;0,200;16,734;0,200;18,381;0,100;18,381;0,100;16,734;0,300;18,381;0,100;18,381;0,100
2403401001;4,397;2,300;2,605;0,600;4,181;2,500;2,605;13,746;6,453;0,700;2,605;4,030;2,605;0,936;6,628;0,660;2,605;5,300;6,426;1,300;0;0;0;5,570;1,200;7,430;0,300;5,570;0,600;5,570;0,900;7,430;0,300;5,570;0,600;5,570;0,600;90,777;0,000;6,333;0,300
2403401002;4,328;2,500;4,063;0,600;2,697;2,500;2,355;12,930;8,626;0,700;2,355;4,030;4,063;0,936;8,351;0,660;0,000;6,000;7,884;1,300;2;0;2;7,864;1,200;9,674;0,300;7,864;0,600;7,864;0,900;9,674;0,300;2,697;0,900;7,864;0,600;91,882;0,000;8,571;0,300
2403401003;6,553;2,300;2,559;0,600;4,523;2,500;0,000;13,522;6,863;0,700;2,559;4,030;2,559;0,936;6,282;0,660;0,000;5,800;7,303;1,400;2;0;2;6,263;1,200;7,911;0,300;6,263;0,600;6,263;0,900;7,911;0,300;4,523;0,900;6,263;0,600;89,351;0,000;6,866;0,300
2403601001;12,174;0,600;31,060;0,000;12,174;0,600;12,174;2,234;34,618;0,000;12,174;0,780;31,060;0,000;32,498;0,000;16,251;0,700;31,934;0,000;0;0;0;34,333;0,000;35,520;0,000;34,333;0,000;34,333;0,000;35,520;0,000;26,051;0,100;34,333;0,000;100,625;0,000;34,718;0,000
2403701001;13,902;0,400;38,449;0,000;13,902;0,600;10,531;2,172;41,178;0,000;17,528;0,390;43,085;0,000;39,809;0,000;37,231;0,000;12,767;1,600;0;0;0;35,882;0,000;41,033;0,000;41,033;0,000;41,033;0,000;41,033;0,000;41,033;0,000;39,147;0,000;41,033;0,000;41,033;0,000
2403801001;0,000;2,700;6,891;0,300;5,243;2,200;0,000;12,598;10,772;0,700;3,632;3,640;6,891;0,468;11,024;0,420;3,632;4,100;3,864;1,700;0;0;0;9,865;1,200;11,702;0,300;9,865;0,600;9,865;0,900;11,702;0,300;5,243;0,600;9,865;0,600;95,171;0,000;10,631;0,300
2403801002;3,864;2,500;9,210;0,300;9,107;2,400;0,000;12,342;11,987;0,700;7,495;3,510;9,210;0,468;12,652;0,420;7,495;3,300;0,000;2,100;0;1;1;11,075;1,200;12,717;0,300;11,075;0,600;11,075;0,900;12,717;0,300;9,107;0,600;11,075;0,600;96,483;0,000;11,791;0,300
2403901001;10,597;2,100;23,128;0,600;10,597;1,500;0,000;9,484;21,789;0,400;0,000;3,524;22,989;0,312;24,198;0,200;0,000;15,100;11,520;1,800;4;0;4;14,658;0,800;21,740;0,200;21,740;0,300;21,740;0,300;24,435;0,100;21,789;0,200;15,182;0,300;24,435;0,100;24,435;0,100
2403901002;10,648;2,300;19,844;0,600;10,648;1,600;0,000;9,440;19,278;0,400;4,038;3,316;21,432;0,312;20,646;0,200;0,000;15,900;9,788;1,900;4;0;4;12,392;1,100;17,976;0,200;17,976;0,300;17,976;0,300;20,874;0,100;20,874;0,200;12,392;0,500;20,874;0,100;20,874;0,100
2404001001;10,237;1,900;23,728;0,400;9,056;1,900;9,056;6,556;25,993;0,300;9,056;2,146;28,923;0,156;26,389;0,200;19,324;9,600;9,056;2,200;0;0;0;19,324;0,400;26,814;0,200;26,814;0,200;26,814;0,200;26,814;0,100;26,814;0,100;19,324;0,300;26,814;0,100;26,814;0,100
2404101001;7,421;1,300;15,315;0,100;7,421;1,200;6,327;6,194;17,336;0,200;7,421;1,820;15,315;0,156;18,250;0,220;13,531;2,000;6,327;0,800;0;0;0;16,483;0,400;17,863;0,100;16,483;0,200;16,483;0,300;17,863;0,100;15,144;0,200;16,483;0,200;100,974;0,000;17,113;0,100
2404201001;11,099;0,300;31,166;0,000;10,025;0,900;8,514;2,710;31,796;0,000;13,960;0,780;43,311;0,000;45,655;0,000;10,025;3,300;27,771;0,200;0;0;0;10,025;0,600;10,025;0,300;31,630;0,000;31,630;0,000;45,496;0,000;45,496;0,000;10,025;0,300;45,496;0,000;10,025;0,300
2404301001;20,770;0,500;26,265;0,100;12,355;1,100;11,062;3,710;22,687;0,200;20,770;0,780;26,265;0,156;24,241;0,220;23,086;0,800;22,146;0,400;0;0;0;22,146;0,400;22,186;0,100;22,332;0,200;22,146;0,300;22,186;0,100;23,095;0,100;22,332;0,200;85,007;0,000;22,813;0,100
2404401001;13,119;0,600;15,835;0,200;15,835;0,500;9,220;1,968;16,568;0,100;15,720;0,546;15,602;0,156;43,728;0,000;17,517;1,400;12,287;0,700;0;0;0;16,568;0,300;43,911;0,000;16,568;0,100;16,568;0,100;43,911;0,000;16,568;0,100;44,434;0,000;56,535;0,000;20,383;0,100
2404601001;14,101;0,700;14,318;0,300;13,778;0,900;8,976;4,132;29,464;0,100;14,318;0,910;29,170;0,156;57,140;0,000;14,707;1,200;22,012;0,400;0;0;0;14,101;0,400;53,483;0,000;29,464;0,100;29,464;0,100;57,214;0,000;29,464;0,100;53,483;0,000;57,214;0,000;14,101;0,300
2404701001;0,000;1,300;25,029;0,200;19,714;0,700;0,000;3,060;29,558;0,100;25,029;0,390;28,656;0,156;51,521;0,000;26,885;0,300;24,168;0,100;0;0;0;25,798;0,200;49,675;0,000;29,558;0,100;29,558;0,100;49,675;0,000;29,558;0,100;50,108;0,000;66,988;0,000;25,798;0,100
2404901001;5,437;2,100;16,638;0,200;5,437;2,000;0,000;10,428;3,653;1,200;5,437;2,730;16,638;0,156;6,615;0,660;4,449;4,100;3,653;1,900;0;0;0;12,454;1,200;12,454;0,300;13,013;0,600;13,306;0,900;12,454;0,300;14,013;0,400;13,013;0,600;71,685;0,000;13,306;0,300
2405001001;15,451;0,300;36,362;0,000;15,451;0,500;10,866;1,548;39,005;0,000;21,057;0,390;37,974;0,000;40,168;0,000;0,000;4,000;10,866;0,800;2;0;2;19,497;0,300;19,497;0,100;39,934;0,000;39,934;0,000;39,934;0,000;39,934;0,000;19,497;0,100;39,934;0,000;19,497;0,200
2405101001;18,864;0,200;31,247;0,000;19,347;0,400;11,727;1,180;30,596;0,000;13,463;0,650;48,733;0,000;49,006;0,000;15,006;1,600;21,602;0,700;0;0;0;20,968;0,200;47,510;0,000;31,247;0,000;49,715;0,000;49,715;0,000;18,864;0,100;46,448;0,000;49,715;0,000;28,496;0,100
2405201001;13,964;0,600;19,446;0,100;13,964;0,700;7,386;1,936;18,180;0,100;7,386;0,650;43,566;0,000;42,262;0,000;17,487;0,500;0,000;2,400;0;2;2;19,446;0,200;43,518;0,000;19,446;0,100;43,518;0,000;43,518;0,000;34,434;0,000;43,518;0,000;43,518;0,000;19,446;0,100
2405301001;6,902;1,000;8,589;0,300;8,589;1,000;6,062;5,690;28,442;0,100;8,589;1,326;28,800;0,156;44,096;0,000;4,195;4,600;20,292;0,500;0;0;0;6,902;0,600;40,532;0,000;28,442;0,100;28,442;0,100;44,135;0,000;28,442;0,100;40,532;0,000;44,135;0,000;6,902;0,300
2405401001;13,108;0,500;12,604;0,600;13,005;1,100;2,712;5,562;13,364;0,300;13,546;1,040;52,767;0,000;54,878;0,000;0,000;4,200;40,983;0,000;2;0;2;13,108;0,500;26,192;0,100;13,108;0,300;13,108;0,300;49,881;0,000;53,696;0,000;26,192;0,100;54,797;0,000;26,192;0,100
2405501001;11,926;2,900;16,312;0,500;13,050;1,700;4,092;8,944;16,099;0,400;6,817;3,186;18,546;0,312;17,456;0,200;0,000;15,400;13,219;1,900;1;0;1;8,463;0,900;15,218;0,200;15,218;0,300;15,218;0,300;17,698;0,100;17,698;0,200;8,463;0,500;17,698;0,100;17,698;0,100
2405601001;0,000;1,300;21,021;0,100;0,000;1,400;6,108;2,404;19,898;0,100;9,729;0,650;48,304;0,000;46,178;0,000;20,832;0,400;7,978;2,100;0;0;0;21,021;0,100;47,632;0,000;21,021;0,100;47,632;0,000;47,632;0,000;45,920;0,000;47,632;0,000;47,632;0,000;21,021;0,100
2405601002;9,729;0,600;23,763;0,100;9,729;0,700;0,000;3,340;22,474;0,100;0,000;1,560;40,389;0,000;38,624;0,000;22,758;0,400;0,000;2,800;0;2;2;23,763;0,200;39,999;0,000;23,763;0,100;39,999;0,000;39,999;0,000;39,999;0,000;39,999;0,000;39,999;0,000;23,763;0,100
2405701001;8,170;2,000;11,666;0,300;8,170;2,200;6,615;10,726;7,335;0,900;8,170;3,120;11,666;0,468;0,000;1,500;0,000;4,800;0,000;2,000;2;5;7;9,419;1,200;9,419;0,300;9,791;0,600;9,803;0,900;9,419;0,300;10,294;0,400;9,791;0,600;77,304;0,000;9,803;0,300
2405801001;11,826;2,200;19,287;0,500;11,826;1,600;11,826;6,258;21,867;0,300;11,826;2,146;20,934;0,156;23,291;0,200;10,121;13,600;5,956;1,600;0;0;0;13,428;0,900;22,205;0,300;22,205;0,200;22,205;0,200;23,105;0,100;23,105;0,100;22,205;0,300;23,105;0,100;23,105;0,200
2405901001;5,327;1,200;17,262;0,100;5,327;1,200;0,000;6,592;21,302;0,200;5,327;1,690;17,262;0,156;21,513;0,220;5,327;2,400;6,941;0,800;0;0;0;20,393;0,400;22,225;0,100;20,393;0,200;20,393;0,300;22,225;0,100;12,532;0,400;20,393;0,200;105,566;0,000;21,159;0,100
2406001001;9,242;1,000;27,632;0,100;9,242;1,000;9,883;2,284;26,721;0,100;12,707;0,650;51,703;0,000;49,169;0,000;27,294;0,200;12,707;1,300;0;0;0;27,632;0,100;50,679;0,000;27,632;0,100;50,679;0,000;50,679;0,000;50,679;0,000;50,679;0,000;50,679;0,000;27,632;0,100
2406101001;13,336;2,700;12,573;0,900;9,651;2,200;0,000;10,460;14,978;0,500;8,847;2,346;17,814;0,156;15,166;0,200;10,188;16,100;9,889;3,700;0;0;0;9,798;0,900;15,668;0,200;15,668;0,200;15,668;0,200;15,668;0,100;15,668;0,100;10,188;0,500;15,668;0,100;15,668;0,100
2406201001;9,763;2,000;21,485;0,500;9,763;1,400;8,538;6,614;23,816;0,300;7,615;1,886;23,023;0,156;25,330;0,200;8,538;13,700;9,982;1,300;0;0;0;9,763;0,700;23,433;0,300;23,433;0,200;23,433;0,200;25,190;0,100;25,190;0,100;23,433;0,300;25,190;0,100;25,190;0,200
2406301001;20,576;0,400;28,574;0,100;10,343;0,700;10,991;1,960;27,341;0,100;10,991;0,780;34,884;0,000;33,904;0,000;23,620;1,000;9,438;1,600;0;0;0;13,746;0,500;35,056;0,000;28,574;0,100;35,056;0,000;35,056;0,000;35,056;0,000;35,056;0,000;35,056;0,000;28,574;0,100
2406401001;6,751;2,400;10,498;0,300;6,751;2,600;0,000;12,798;11,287;0,900;6,751;3,640;10,498;0,468;6,884;0,660;6,884;4,300;6,884;1,200;0;0;0;11,487;1,200;11,794;0,300;11,532;0,600;11,487;0,900;11,794;0,300;11,532;0,600;11,532;0,600;82,525;0,000;11,487;0,300
2406501001;9,966;4,800;12,086;1,200;10,290;2,900;6,117;12,286;12,588;0,900;9,966;4,644;12,544;0,468;13,824;0,400;0,000;32,600;6,117;2,300;6;0;6;10,290;1,200;10,290;0,600;10,290;0,600;10,290;0,600;13,864;0,300;13,864;0,300;10,290;0,700;13,864;0,300;13,864;0,400
2406501002;13,842;2,700;18,057;0,600;12,154;1,800;6,918;10,030;18,193;0,400;13,640;3,446;18,312;0,312;19,254;0,200;0,000;17,400;10,023;2,100;2;0;2;13,045;1,100;15,586;0,200;15,586;0,300;15,586;0,300;19,338;0,100;19,338;0,200;15,586;0,300;19,338;0,100;19,338;0,200
2406601001;13,515;0,700;14,854;0,400;14,384;1,000;8,034;2,656;14,582;0,300;13,515;1,196;13,856;0,468;46,300;0,000;15,461;1,700;8,885;0,800;0;0;0;14,582;0,500;47,124;0,000;14,582;0,300;14,582;0,300;47,124;0,000;14,582;0,300;47,472;0,000;52,730;0,000;16,339;0,100
2406701001;20,708;0,200;34,441;0,000;0,000;1,300;0,000;2,674;28,453;0,100;20,708;0,260;34,441;0,000;33,630;0,000;32,254;0,000;25,423;0,200;0;0;0;31,323;0,000;31,714;0,000;31,681;0,000;31,323;0,000;31,714;0,000;32,093;0,000;31,681;0,000;95,857;0,000;32,040;0,000
2406801001;13,023;0,800;31,443;0,000;13,023;0,900;7,696;2,696;30,176;0,000;8,307;0,780;35,435;0,000;33,212;0,000;27,997;0,200;0,000;2,800;0;2;2;25,906;0,200;34,679;0,000;31,443;0,000;34,679;0,000;34,679;0,000;34,679;0,000;34,679;0,000;34,679;0,000;31,443;0,000
2406901001;6,900;0,600;50,067;0,000;5,623;0,900;6,900;1,448;49,623;0,000;9,434;0,780;50,990;0,000;46,566;0,000;6,900;1,800;4,159;1,700;0;0;0;27,799;0,100;32,121;0,000;48,690;0,000;48,894;0,000;48,690;0,000;28,955;0,100;23,946;0,100;48,690;0,000;5,623;0,400
2407001001;0,000;2,500;21,119;0,100;0,000;2,000;0,000;8,160;23,905;0,300;0,000;2,730;21,119;0,156;20,474;0,220;14,802;1,700;20,474;0,500;0;0;0;23,806;0,400;24,684;0,100;23,806;0,200;23,806;0,300;24,684;0,100;17,870;0,200;23,806;0,200;90,302;0,000;24,046;0,100
2407001002;2,400;1,800;21,615;0,100;2,400;1,700;2,400;7,068;23,974;0,300;2,400;2,340;21,615;0,156;19,630;0,220;17,095;1,500;19,630;0,500;0;0;0;23,999;0,400;24,710;0,100;23,999;0,200;23,999;0,300;24,710;0,100;19,039;0,200;23,999;0,200;88,064;0,000;24,165;0,100
2407001003;3,509;1,900;23,330;0,100;3,509;1,800;3,509;7,068;24,939;0,400;3,509;2,470;23,330;0,156;20,949;0,220;18,282;1,500;20,949;0,500;0;0;0;25,662;0,400;26,335;0,100;25,662;0,200;25,662;0,400;26,335;0,100;20,765;0,300;25,662;0,200;87,972;0,000;25,813;0,100
2407001004;2,550;1,800;22,381;0,100;2,550;1,700;2,550;7,068;24,622;0,300;2,550;2,340;22,381;0,156;20,374;0,220;17,353;1,500;20,374;0,500;0;0;0;24,781;0,400;25,496;0,100;24,781;0,200;24,781;0,300;25,496;0,100;19,721;0,200;24,781;0,200;88,329;0,000;24,949;0,100
2407101001;6,727;1,200;26,369;0,200;7,879;1,300;6,727;5,690;9,300;0,500;7,879;1,300;27,567;0,156;15,906;0,220;6,727;2,500;6,727;1,200;0;0;0;24,492;0,400;24,492;0,100;24,993;0,200;25,166;0,300;24,492;0,100;25,784;0,100;24,993;0,200;62,425;0,000;25,166;0,100
2407301001;7,419;1,900;24,682;0,300;7,419;1,500;5,371;6,150;26,868;0,300;4,621;2,146;26,147;0,156;28,395;0,200;5,371;13,700;13,922;1,200;0;0;0;7,419;0,700;26,172;0,300;26,172;0,200;26,172;0,200;28,277;0,100;28,277;0,100;26,172;0,300;28,277;0,100;27,443;0,200
2407401001;13,078;0,400;25,961;0,200;10,089;1,100;6,789;3,682;26,597;0,100;10,905;0,650;45,853;0,000;48,160;0,000;10,601;3,500;31,894;0,000;0;0;0;13,052;0,700;13,052;0,300;26,427;0,100;26,427;0,100;48,006;0,000;48,021;0,000;13,052;0,300;48,021;0,000;13,052;0,300
2407601001;11,333;2,500;13,424;0,900;9,861;2,100;10,269;9,424;16,040;0,300;10,269;2,276;17,545;0,156;14,269;0,400;12,163;14,100;0,000;4,900;0;2;2;11,370;0,700;15,608;0,200;15,608;0,200;15,608;0,200;15,608;0,100;15,608;0,100;15,608;0,300;15,608;0,100;15,608;0,100
2407701001;8,329;0,600;41,854;0,000;8,329;0,800;8,329;1,604;44,446;0,000;16,174;0,390;43,410;0,000;45,312;0,000;0,000;3,200;8,329;1,300;2;0;2;22,492;0,300;22,492;0,100;45,246;0,000;45,246;0,000;45,246;0,000;38,847;0,000;22,492;0,200;45,246;0,000;17,654;0,200
2407801001;19,087;0,200;26,491;0,200;6,150;0,900;0,000;4,106;26,973;0,100;6,965;0,650;51,697;0,000;50,748;0,000;9,528;2,500;35,996;0,000;0;0;0;9,528;0,500;9,528;0,300;26,892;0,100;26,892;0,100;41,398;0,000;53,879;0,000;9,528;0,300;53,879;0,000;9,528;0,300
2407901001;18,589;1,800;24,292;0,500;0,000;2,200;11,514;5,116;24,634;0,300;17,061;1,470;24,631;0,156;23,564;0,200;14,897;9,900;15,620;2,100;0;0;0;11,514;0,700;24,731;0,200;24,731;0,200;24,731;0,200;24,731;0,100;24,731;0,100;24,731;0,200;24,731;0,100;24,731;0,100
2408001001;2,964;0,700;52,291;0,000;2,964;1,100;2,964;1,860;51,338;0,000;10,368;0,520;53,790;0,000;49,582;0,000;2,964;2,200;0,000;2,100;0;6;6;28,458;0,100;28,458;0,100;51,678;0,000;51,783;0,000;51,678;0,000;31,918;0,000;23,085;0,200;51,678;0,000;7,198;0,400
2408101001;11,210;2,000;23,318;0,400;11,210;1,600;13,640;5,842;25,922;0,300;10,938;2,016;24,973;0,156;27,325;0,200;9,564;12,900;9,865;1,400;0;0;0;11,210;0,800;25,368;0,300;26,331;0,200;26,331;0,200;27,133;0,100;27,133;0,100;25,368;0,300;27,133;0,100;25,368;0,200
2408201001;4,522;2,200;17,348;0,500;4,522;1,900;0,000;9,798;14,338;0,600;2,891;3,732;15,538;0,312;29,707;0,100;0,000;15,400;2,891;2,500;6;0;6;0,000;1,700;26,180;0,200;14,338;0,500;14,338;0,500;29,864;0,100;14,338;0,400;24,609;0,300;29,864;0,100;18,229;0,200
2408301001;15,616;0,500;28,663;0,100;0,000;1,400;0,000;3,702;19,189;0,200;17,508;0,520;35,427;0,000;24,608;0,120;13,405;1,000;13,405;0,700;0;0;0;33,838;0,000;33,838;0,000;34,277;0,000;23,061;0,100;33,838;0,000;23,061;0,100;34,277;0,000;59,029;0,000;34,354;0,000
2408401001;17,545;0,400;41,387;0,000;7,584;0,900;7,584;1,834;41,945;0,000;20,353;0,520;44,375;0,000;46,711;0,000;0,000;3,900;21,795;0,600;2;0;2;7,584;0,400;7,584;0,300;41,822;0,000;41,822;0,000;46,509;0,000;46,509;0,000;7,584;0,400;46,509;0,000;7,584;0,400
2408601001;12,115;0,600;42,737;0,000;12,115;0,800;12,115;1,604;45,385;0,000;21,597;0,520;44,357;0,000;46,567;0,000;6,051;2,800;12,115;1,100;0;0;0;16,443;0,300;16,443;0,100;46,335;0,000;46,335;0,000;46,335;0,000;44,394;0,000;16,443;0,200;46,335;0,000;16,443;0,200
2408701001;3,323;1,200;13,057;0,300;5,013;0,900;3,323;6,618;28,998;0,100;3,323;1,716;29,727;0,156;35,159;0,000;5,013;5,600;16,863;0,700;0;0;0;11,862;0,600;31,675;0,000;28,998;0,100;28,998;0,100;35,180;0,000;28,998;0,100;31,675;0,000;35,180;0,000;11,862;0,300
2408801001;14,747;0,600;23,242;0,300;15,443;0,700;0,000;6,326;26,103;0,100;14,429;1,300;39,379;0,000;41,350;0,000;6,784;4,300;29,434;0,200;0;0;0;15,443;0,400;29,987;0,100;25,765;0,100;25,765;0,100;41,297;0,000;41,297;0,000;29,987;0,100;41,297;0,000;21,637;0,200
2408901001;0,624;10,300;0,906;3,800;0,906;6,200;0,265;27,358;0,265;2,200;0,271;9,334;1,829;0,936;0,529;1,600;0,244;73,300;0,529;6,500;0;0;0;0,390;2,700;0,390;1,600;0,390;1,600;0,390;1,600;0,390;1,000;0,390;1,000;0,390;1,900;0,390;1,000;0,390;1,000
2408901002;0,808;9,800;0,622;3,400;0,622;5,800;0,495;26,398;0,616;2,600;0,378;9,334;1,931;0,936;0,591;1,600;0,207;71,600;0,591;6,400;0;0;0;0,619;2,700;0,619;1,600;0,619;1,600;0,619;1,600;0,619;1,000;0,619;1,000;0,619;1,900;0,619;1,000;0,619;1,000
2408901003;0,856;9,900;0,864;3,800;0,864;6,200;0,363;26,878;0,363;2,600;0,448;8,814;1,672;0,936;0,715;1,600;0,000;73,300;0,715;6,400;7;0;7;0,624;2,700;0,624;1,600;0,624;1,600;0,624;1,600;0,624;1,000;0,624;1,000;0,624;1,900;0,624;1,000;0,624;1,000
2408901004;0,984;9,100;0,896;3,800;0,896;6,200;0,142;25,930;0,651;2,600;0,354;8,814;1,648;0,936;0,954;1,600;0,000;70,400;0,351;6,100;1;0;1;0,939;2,700;0,939;1,600;0,939;1,600;0,939;1,600;0,939;1,000;0,939;1,000;0,939;1,900;0,939;1,000;0,939;1,000
2408901005;1,033;8,700;0,796;3,400;0,796;5,800;0,254;25,930;0,670;2,600;0,471;8,814;1,739;0,936;0,834;1,600;0,000;70,000;0,417;6,100;2;0;2;0,831;2,700;0,831;1,600;0,831;1,600;0,831;1,600;0,831;1,000;0,831;1,000;0,831;1,900;0,831;1,000;0,831;1,000
2408901006;0,944;9,500;0,614;3,400;0,614;5,800;0,425;25,450;0,787;2,600;0,580;8,814;1,927;0,936;0,767;1,600;0,000;69,600;0,421;6,100;4;0;4;0,823;2,700;0,823;1,600;0,823;1,600;0,823;1,600;0,823;1,000;0,823;1,000;0,823;1,900;0,823;1,000;0,823;1,000
2408902001;0,560;9,900;0,701;3,400;0,701;5,700;0,432;26,722;0,515;2,200;0,000;8,934;2,095;0,936;0,268;1,600;0,000;72,000;0,268;6,500;11;0;11;0,244;2,700;0,244;1,600;0,244;1,600;0,244;1,600;0,244;1,000;0,244;1,000;0,244;1,900;0,244;1,000;0,244;1,000
2408902002;0,339;10,600;0,481;3,400;0,481;6,100;0,599;25,762;0,787;2,200;0,273;8,934;2,336;0,936;0,186;1,600;0,000;70,300;0,186;6,100;1;0;1;0,397;2,700;0,397;1,600;0,397;1,600;0,397;1,600;0,397;1,000;0,397;1,000;0,397;1,900;0,397;1,000;0,397;1,000
2408902003;0,423;9,800;0,178;3,400;0,178;6,500;0,748;25,986;0,864;2,200;0,601;8,934;2,553;0,936;0,504;1,600;0,000;70,300;0,504;6,000;2;0;2;0,742;2,700;0,742;1,600;0,742;1,600;0,742;1,600;0,742;1,000;0,742;1,000;0,742;1,900;0,742;1,000;0,742;1,000
2408902004;0,629;9,800;0,593;3,400;0,593;5,800;0,577;26,398;0,577;2,200;0,185;9,334;2,051;0,936;0,389;1,600;0,185;70,800;0,389;6,500;0;0;0;0,428;2,700;0,428;1,600;0,428;1,600;0,428;1,600;0,428;1,000;0,428;1,000;0,428;1,900;0,428;1,000;0,428;1,000
2408902005;0,670;9,800;0,361;3,400;0,361;5,800;0,703;25,918;0,841;2,200;0,450;9,334;2,180;0,936;0,547;1,600;0,000;69,600;0,547;6,400;3;0;3;0,680;2,700;0,680;1,600;0,680;1,600;0,680;1,600;0,680;1,000;0,680;1,000;0,680;1,900;0,680;1,000;0,680;1,000
2408902006;0,306;10,300;0,656;3,400;0,656;6,100;0,442;25,762;0,746;2,200;0,257;9,454;2,358;0,936;0,000;1,600;0,000;70,000;0,000;6,100;7;2;9;0,257;2,700;0,257;1,600;0,257;1,600;0,257;1,600;0,257;1,000;0,257;1,000;0,257;1,900;0,257;1,000;0,257;1,000
2408902007;0,346;10,600;0,328;3,400;0,328;6,100;0,757;25,762;0,925;2,200;0,418;8,934;2,426;0,936;0,328;1,600;0,000;71,100;0,328;6,100;2;0;2;0,557;2,700;0,557;1,600;0,557;1,600;0,557;1,600;0,557;1,000;0,557;1,000;0,557;1,900;0,557;1,000;0,557;1,000
2408902008;0,431;10,200;0,000;3,400;0,000;6,600;0,701;25,662;0,728;2,200;0,701;8,934;2,534;0,936;0,656;1,600;0,000;70,300;0,656;6,400;1;0;1;0,876;2,700;0,876;1,600;0,876;1,600;0,876;1,600;0,876;1,000;0,876;1,000;0,876;1,900;0,876;1,000;0,876;1,000
2408902009;0,693;10,200;0,479;3,400;0,479;5,800;0,626;25,918;0,719;2,200;0,363;9,334;2,078;0,936;0,515;1,600;0,124;70,000;0,515;6,400;0;0;0;0,604;2,700;0,604;1,600;0,604;1,600;0,604;1,600;0,604;1,000;0,604;1,000;0,604;1,900;0,604;1,000;0,604;1,000
2408902010;0,618;9,800;0,222;3,400;0,222;6,600;0,830;26,398;0,912;2,600;0,530;8,934;2,317;0,936;0,562;1,600;0,139;70,000;0,562;6,400;0;0;0;0,739;2,700;0,739;1,600;0,739;1,600;0,739;1,600;0,739;1,000;0,739;1,000;0,739;1,900;0,739;1,000;0,739;1,000
2408903001;0,371;10,200;0,338;3,400;0,338;6,500;0,630;25,986;0,860;2,200;0,522;9,334;2,758;0,936;0,577;1,600;0,000;70,300;0,577;6,100;3;0;3;0,833;2,700;0,833;1,600;0,833;1,600;0,833;1,600;0,833;1,000;0,833;1,000;0,833;1,900;0,833;1,000;0,833;1,000
2408903002;0,678;9,800;1,018;2,700;0,516;5,700;0,635;25,478;1,250;1,800;0,635;8,414;3,378;0,936;1,035;1,200;0,000;66,700;0,680;6,300;2;0;2;1,258;2,600;1,258;1,200;1,258;1,200;1,258;1,200;1,258;0,600;1,258;0,600;1,258;1,500;1,258;0,600;1,258;0,600
2408903003;1,950;9,100;0,000;3,100;2,160;5,100;0,000;23,516;2,734;1,800;1,707;7,494;5,255;0,468;2,892;1,200;0,000;56,800;2,009;6,200;2;0;2;2,836;2,100;3,095;0,900;3,095;0,900;3,095;0,900;3,095;0,600;3,095;0,600;3,095;1,200;3,095;0,600;3,095;0,600
2408903004;0,302;10,300;0,896;3,400;0,671;6,100;0,557;25,262;1,035;1,800;0,188;9,454;2,681;0,936;0,383;1,600;0,000;68,800;0,383;6,500;2;0;2;0,496;2,700;0,496;1,600;0,496;1,600;0,496;1,600;0,496;1,000;0,496;1,000;0,496;1,900;0,496;1,000;0,496;1,000
2408903005;0,000;9,900;1,175;3,000;0,677;5,700;0,890;24,634;1,405;1,800;0,388;8,934;3,054;0,936;0,769;1,600;0,000;67,200;0,283;7,500;3;0;3;0,873;2,600;0,873;1,600;0,873;1,600;0,873;1,600;0,873;1,000;0,873;1,000;0,873;1,900;0,873;1,000;0,873;1,000
2408903006;0,481;9,100;0,761;3,100;0,922;5,400;0,748;24,544;1,866;1,800;0,850;8,534;3,511;0,936;1,082;1,200;0,000;63,400;0,205;7,100;4;0;4;1,345;2,500;1,345;1,200;1,345;1,200;1,345;1,200;1,345;0,600;1,345;0,600;1,345;1,500;1,345;0,600;1,345;0,600
2408903007;0,786;9,100;0,805;3,100;0,992;5,100;0,426;24,664;2,079;1,800;0,992;8,014;3,700;0,936;0,888;1,600;0,000;61,300;0,000;7,100;4;2;6;1,590;2,200;1,590;0,900;1,590;0,900;1,590;0,900;1,590;0,600;1,590;0,600;1,590;1,200;1,590;0,600;1,590;0,600
2408903008;1,176;9,000;0,000;3,100;1,532;4,700;0,000;24,184;2,258;1,800;1,331;7,494;4,228;0,936;1,693;1,200;0,000;59,300;0,805;6,700;5;0;5;2,043;2,200;2,043;0,900;2,043;0,900;2,043;0,900;2,043;0,600;2,043;0,600;2,043;1,200;2,043;0,600;2,043;0,600
2408903009;0,783;10,200;0,933;3,100;0,327;6,100;0,465;25,478;1,061;1,800;0,465;8,414;3,383;0,936;1,086;1,200;0,000;66,700;0,890;6,100;4;0;4;1,327;2,600;1,327;1,200;1,327;1,200;1,327;1,200;1,327;0,600;1,327;0,600;1,327;1,500;1,327;0,600;1,327;0,600
2408903010;0,183;10,600;0,689;3,400;0,689;6,500;0,510;25,662;0,890;2,200;0,275;9,454;2,514;0,936;0,160;1,600;0,000;71,100;0,160;6,500;4;0;4;0,367;2,700;0,367;1,600;0,367;1,600;0,367;1,600;0,367;1,000;0,367;1,000;0,367;1,900;0,367;1,000;0,367;1,000
2408903011;0,203;10,200;0,794;3,400;0,794;6,500;0,718;24,782;1,156;1,800;0,000;9,454;2,788;0,936;0,434;1,600;0,000;69,100;0,434;6,500;4;0;4;0,619;2,700;0,619;1,600;0,619;1,600;0,619;1,600;0,619;1,000;0,619;1,000;0,619;1,900;0,619;1,000;0,619;1,000
2408903012;0,283;9,500;0,907;3,400;0,827;5,700;0,907;24,904;1,683;1,800;0,645;8,534;3,332;0,936;1,048;1,200;0,000;66,100;0,000;7,100;2;2;4;1,155;2,500;1,155;1,200;1,155;1,200;1,155;1,200;1,155;0,600;1,155;0,600;1,155;1,500;1,155;0,600;1,155;0,600
2408903013;0,518;10,200;0,652;3,400;0,291;6,500;0,563;26,198;0,946;2,200;0,548;8,414;3,083;0,936;0,808;1,600;0,000;69,700;0,808;6,500;3;0;3;1,058;2,300;1,058;1,200;1,058;1,200;1,058;1,200;1,058;0,600;1,058;0,600;1,058;1,500;1,058;0,600;1,058;0,600
2408903014;0,508;10,200;0,751;3,400;0,387;6,100;0,675;26,198;1,069;1,800;0,491;8,414;3,127;0,936;0,811;1,600;0,124;70,100;0,781;6,500;0;0;0;1,052;2,600;1,052;1,200;1,052;1,200;1,052;1,200;1,052;0,600;1,052;0,600;1,052;1,500;1,052;0,600;1,052;0,600
2408903015;1,638;9,100;0,680;3,100;2,019;5,100;0,680;23,256;2,655;1,800;1,723;7,494;5,443;0,468;3,135;1,200;0,000;57,000;2,455;5,900;4;0;4;2,836;2,200;3,361;0,900;3,361;0,900;3,361;0,900;3,361;0,600;3,361;0,600;3,361;1,200;3,361;0,600;3,361;0,600
2408903016;0,535;10,200;0,703;3,400;0,000;6,900;0,299;26,198;0,736;2,200;0,513;8,414;3,225;0,936;1,047;1,200;0,000;67,600;1,047;5,700;5;0;5;1,303;2,500;1,303;1,200;1,303;1,200;1,303;1,200;1,303;0,600;1,303;0,600;1,303;1,500;1,303;0,600;1,303;0,600
2408903017;0,000;10,600;0,601;3,400;0,601;6,500;0,693;25,262;1,052;1,800;0,203;9,454;2,654;0,936;0,306;1,600;0,000;70,700;0,306;6,500;7;0;7;0,544;2,700;0,544;1,600;0,544;1,600;0,544;1,600;0,544;1,000;0,544;1,000;0,544;1,900;0,544;1,000;0,544;1,000
2408903018;1,052;9,000;1,041;2,700;0,563;5,700;0,320;25,248;1,240;1,800;0,320;7,894;3,699;0,936;1,391;1,200;0,000;62,600;0,996;6,300;4;0;4;1,626;2,500;1,626;1,200;1,626;1,200;1,626;1,200;1,626;0,600;1,626;0,600;1,626;1,500;1,626;0,600;1,626;0,600
2408903019;0,868;9,800;1,213;2,700;0,513;6,100;0,000;25,248;1,036;1,800;0,000;7,894;3,738;0,936;1,515;1,200;0,000;63,800;1,294;5,700;4;0;4;1,765;2,500;1,765;1,200;1,765;1,200;1,765;1,200;1,765;0,600;1,765;0,600;1,765;1,500;1,765;0,600;1,765;0,600
2408903020;1,204;8,600;0,780;3,100;1,379;4,600;0,000;24,184;2,498;1,800;1,379;7,338;4,108;0,936;1,090;1,200;0,000;58,900;0,426;7,100;1;0;1;2,015;2,200;2,015;0,900;2,015;0,900;2,015;0,900;2,015;0,600;2,015;0,600;2,015;1,200;2,015;0,600;2,015;0,600
2408903021;1,109;9,100;0,948;3,100;0,959;5,800;0,517;24,780;1,552;1,800;0,517;7,894;4,127;0,936;1,811;1,200;0,000;61,400;1,257;5,900;1;0;1;2,040;2,500;2,040;1,200;2,040;1,200;2,040;1,200;2,040;0,600;2,040;0,600;2,040;1,500;2,040;0,600;2,040;0,600
2408904001;0,222;10,300;1,079;3,000;0,671;5,700;0,000;26,042;0,539;2,200;0,204;9,454;2,176;0,936;0,442;1,600;0,222;69,900;0,442;6,100;0;0;0;0,204;2,600;0,204;1,600;0,204;1,600;0,204;1,600;0,204;1,000;0,204;1,000;0,204;1,900;0,204;1,000;0,204;1,000
2408904002;0,493;10,300;1,540;3,000;0,000;5,400;0,493;25,642;1,176;1,800;0,000;8,934;2,736;0,936;0,710;2,000;0,000;67,100;0,775;7,500;1;0;1;0,812;2,600;0,812;1,600;0,812;1,600;0,812;1,600;0,812;1,000;0,812;1,000;0,812;1,900;0,812;1,000;0,812;1,000
2408904003;0,442;10,300;0,985;3,400;0,556;6,100;0,369;25,562;0,881;2,200;0,362;9,454;2,529;0,936;0,366;1,600;0,000;69,100;0,366;6,500;3;0;3;0,362;2,600;0,362;1,600;0,362;1,600;0,362;1,600;0,362;1,000;0,362;1,000;0,362;1,900;0,362;1,000;0,362;1,000
2408904004;0,338;10,300;1,128;3,000;0,448;5,700;0,564;25,162;1,095;1,800;0,390;9,454;2,739;0,936;0,566;1,600;0,000;68,700;0,566;6,900;3;0;3;0,588;2,600;0,588;1,600;0,588;1,600;0,588;1,600;0,588;1,000;0,588;1,000;0,588;1,900;0,588;1,000;0,588;1,000
2408904005;0,815;9,000;1,130;2,700;0,775;5,000;0,564;24,184;1,930;1,800;0,775;7,858;3,511;0,936;0,564;1,600;0,000;61,400;0,000;7,100;4;4;8;1,487;2,200;1,487;0,900;1,487;0,900;1,487;0,900;1,487;0,600;1,487;0,600;1,487;1,200;1,487;0,600;1,487;0,600
2408904006;0,000;10,300;1,258;3,000;0,607;5,400;0,222;26,666;0,579;2,200;0,424;9,454;2,142;0,936;0,662;1,600;0,000;69,100;0,662;6,100;2;0;2;0,424;2,600;0,424;1,600;0,424;1,600;0,424;1,600;0,424;1,000;0,424;1,000;0,424;1,900;0,424;1,000;0,424;1,000
2408904007;0,424;10,300;0,876;3,400;0,812;6,100;0,204;26,142;0,540;2,200;0,000;9,454;2,186;0,936;0,257;1,600;0,244;71,200;0,257;6,100;0;0;0;0,000;2,700;0,000;1,600;0,000;1,600;0,000;1,600;0,000;1,000;0,000;1,000;0,000;1,900;0,000;1,000;0,000;1,000
2408904008;0,493;10,300;1,141;3,000;0,400;5,400;0,412;25,562;0,950;2,200;0,400;9,454;2,587;0,936;0,520;1,600;0,157;67,900;0,520;6,500;0;0;0;0,473;2,600;0,473;1,600;0,473;1,600;0,473;1,600;0,473;1,000;0,473;1,000;0,473;1,900;0,473;1,000;0,473;1,000
2408904009;0,402;10,300;1,247;3,000;0,323;5,400;0,576;25,642;1,114;1,800;0,323;9,454;2,745;0,936;0,661;2,000;0,000;67,900;0,626;7,500;3;0;3;0,640;2,600;0,640;1,600;0,640;1,600;0,640;1,600;0,640;1,000;0,640;1,000;0,640;1,900;0,640;1,000;0,640;1,000
2408904010;0,356;10,300;1,332;3,000;0,266;5,400;0,356;26,042;0,919;2,200;0,266;9,454;2,511;0,936;0,685;2,000;0,000;67,100;0,685;6,500;2;0;2;0,553;2,600;0,553;1,600;0,553;1,600;0,553;1,600;0,553;1,000;0,553;1,000;0,553;1,900;0,553;1,000;0,553;1,000
2408904011;0,147;10,300;1,179;3,000;0,543;5,700;0,761;25,474;1,287;1,800;0,387;9,454;2,934;0,936;0,698;1,600;0,147;68,300;0,400;7,500;0;0;0;0,767;2,600;0,767;1,600;0,767;1,600;0,767;1,600;0,767;1,000;0,767;1,000;0,767;1,900;0,767;1,000;0,767;1,000
2408904012;0,278;10,300;1,282;3,000;0,399;5,400;0,722;25,642;1,259;1,800;0,399;9,454;2,895;0,936;0,747;2,000;0,154;67,500;0,475;7,500;0;0;0;0,766;2,600;0,766;1,600;0,766;1,600;0,766;1,600;0,766;1,000;0,766;1,000;0,766;1,900;0,766;1,000;0,766;1,000
2408904013;0,000;9,500;1,397;3,000;0,493;5,400;0,000;26,666;0,797;2,200;0,493;8,934;2,261;0,936;0,882;1,600;0,000;65,900;0,882;6,100;1;0;1;0,664;2,600;0,664;1,600;0,664;1,600;0,664;1,600;0,664;1,000;0,664;1,000;0,664;1,900;0,664;1,000;0,664;1,000
2408904014;0,234;10,300;1,226;3,000;0,492;5,400;0,879;25,464;1,415;1,800;0,492;8,934;3,053;0,936;0,875;2,000;0,000;65,900;0,338;7,500;3;0;3;0,916;2,600;0,916;1,600;0,916;1,600;0,916;1,600;0,916;1,000;0,916;1,000;0,916;1,900;0,916;1,000;0,916;1,000
2408904015;1,055;8,300;1,693;3,000;0,710;5,000;0,000;23,004;1,836;1,800;0,710;7,468;3,282;0,936;0,000;1,600;0,000;60,500;0,564;6,700;4;0;4;1,521;1,900;1,521;0,900;1,521;0,900;1,521;0,900;1,521;0,600;1,521;0,600;1,521;1,200;1,521;0,600;1,521;0,600
2408905001;0,579;9,900;0,767;3,400;0,767;5,700;0,000;27,202;0,000;2,600;0,515;8,814;1,649;0,936;0,746;1,600;0,350;72,400;0,746;6,100;0;0;0;0,540;2,700;0,540;1,600;0,540;1,600;0,540;1,600;0,540;1,000;0,540;1,000;0,540;1,900;0,540;1,000;0,540;1,000
2408905002;0,678;8,800;0,678;3,400;0,678;5,500;0,662;24,266;1,220;1,800;0,697;7,624;0,662;1,560;2,114;1,200;0,000;64,000;1,905;5,300;4;0;4;1,895;2,200;1,895;1,200;1,895;1,200;1,895;1,200;1,895;0,600;1,895;0,600;1,895;1,500;1,895;0,600;1,895;0,600
2408905003;0,541;9,500;0,541;3,400;0,541;5,800;0,244;26,878;0,244;2,600;0,705;8,814;1,412;0,936;0,957;1,600;0,157;71,300;0,957;6,100;0;0;0;0,774;2,700;0,774;1,600;0,774;1,600;0,774;1,600;0,774;1,000;0,774;1,000;0,774;1,900;0,774;1,000;0,774;1,000
2408905004;0,626;9,900;0,634;3,400;0,634;5,400;0,136;27,202;0,231;2,200;0,723;9,334;1,520;0,936;0,952;1,600;0,136;70,800;0,952;6,100;0;0;0;0,723;2,700;0,723;1,600;0,723;1,600;0,723;1,600;0,723;1,000;0,723;1,000;0,723;1,900;0,723;1,000;0,723;1,000
2408905005;0,415;9,900;0,415;3,400;0,415;5,500;0,131;26,890;0,475;2,600;0,775;8,944;1,281;0,936;1,214;1,200;0,000;70,900;1,214;5,700;2;0;2;0,990;2,700;0,990;1,600;0,990;1,600;0,990;1,600;0,990;1,000;0,990;1,000;0,990;1,900;0,990;1,000;0,990;1,000
2408905006;0,544;8,800;0,544;3,400;0,544;5,500;0,544;25,506;0,908;2,200;0,363;7,624;1,149;0,936;1,628;1,200;0,000;66,700;1,628;5,400;2;0;2;1,388;2,200;1,388;1,200;1,388;1,200;1,388;1,200;1,388;0,600;1,388;0,600;1,388;1,500;1,388;0,600;1,388;0,600
2408905007;0,514;9,900;0,514;3,400;0,514;5,500;0,000;26,890;0,350;2,600;0,859;8,944;1,395;0,936;1,085;1,200;0,000;70,500;1,085;5,700;1;0;1;0,859;2,700;0,859;1,600;0,859;1,600;0,859;1,600;0,859;1,000;0,859;1,000;0,859;1,900;0,859;1,000;0,859;1,000
2408905008;0,384;9,200;0,384;3,400;0,384;5,500;0,258;25,942;0,389;2,600;0,706;8,424;1,260;0,936;1,114;1,200;0,000;70,100;1,059;5,400;1;0;1;0,927;2,700;0,927;1,600;0,927;1,600;0,927;1,600;0,927;1,000;0,927;1,000;0,927;1,900;0,927;1,000;0,927;1,000
2408905009;0,254;8,800;0,254;3,400;0,254;5,500;0,254;25,462;0,620;2,600;0,745;8,024;1,103;0,936;1,365;1,200;0,000;68,600;1,341;5,400;2;0;2;1,150;2,300;1,150;1,200;1,150;1,200;1,150;1,200;1,150;0,600;1,150;0,600;1,150;1,500;1,150;0,600;1,150;0,600
2408905010;0,484;9,500;0,484;3,400;0,484;5,400;0,306;25,818;0,653;2,200;0,570;7,624;1,265;0,936;1,372;1,200;0,000;68,200;1,372;5,700;4;0;4;1,134;2,200;1,134;1,200;1,134;1,200;1,134;1,200;1,134;0,600;1,134;0,600;1,134;1,500;1,134;0,600;1,134;0,600
2408905011;0,450;8,800;0,450;3,400;0,450;5,500;0,450;25,106;1,004;1,800;0,482;7,624;0,936;1,560;1,745;1,200;0,215;65,900;1,696;5,400;0;0;0;1,517;2,200;1,517;1,200;1,517;1,200;1,517;1,200;1,517;0,600;1,517;0,600;1,517;1,500;1,517;0,600;1,517;0,600
2408906001;0,877;8,800;0,877;3,400;0,877;5,800;0,000;25,930;0,509;2,600;0,218;8,414;1,509;0,936;1,067;1,200;0,000;68,500;0,392;5,700;3;0;3;1,026;2,300;1,026;1,200;1,026;1,200;1,026;1,200;1,026;0,600;1,026;0,600;1,026;1,500;1,026;0,600;1,026;0,600
2408906002;0,356;8,800;0,356;3,400;0,356;5,800;0,356;25,462;0,373;2,600;0,461;7,504;1,044;0,936;1,331;1,200;0,000;68,600;0,901;5,700;1;0;1;1,188;2,300;1,188;1,200;1,188;1,200;1,188;1,200;1,188;0,600;1,188;0,600;1,188;1,500;1,188;0,600;1,188;0,600
2408906003;0,669;8,800;0,669;3,400;0,669;5,800;0,509;25,570;0,000;2,600;0,308;7,894;1,036;0,936;1,528;1,200;0,000;67,800;0,750;5,700;6;0;6;1,436;2,300;1,436;1,200;1,436;1,200;1,436;1,200;1,436;0,600;1,436;0,600;1,436;1,500;1,436;0,600;1,436;0,600
2408906004;0,211;8,800;0,211;3,400;0,211;5,500;0,211;26,086;0,458;2,600;0,628;7,504;0,875;1,560;1,484;1,200;0,000;68,600;1,081;5,300;1;0;1;1,322;2,300;1,322;1,200;1,322;1,200;1,322;1,200;1,322;0,600;1,322;0,600;1,322;1,500;1,322;0,600;1,322;0,600
2408906005;0,300;8,800;0,300;3,400;0,300;5,500;0,300;25,726;0,471;2,600;0,711;7,504;0,704;1,560;1,660;1,200;0,000;68,200;1,174;5,300;4;0;4;1,500;2,300;1,500;1,200;1,500;1,200;1,500;1,200;1,500;0,600;1,500;0,600;1,500;1,500;1,500;0,600;1,500;0,600
2408906006;0,000;8,800;0,000;3,400;0,000;5,500;0,000;26,086;0,669;2,600;0,816;8,024;0,888;1,560;1,498;1,200;0,000;69,000;1,255;5,300;6;0;6;1,307;2,300;1,307;1,200;1,307;1,200;1,307;1,200;1,307;0,600;1,307;0,600;1,307;1,500;1,307;0,600;1,307;0,600
2408906007;1,119;8,400;1,119;2,700;1,119;5,400;0,764;22,794;0,736;2,200;1,009;7,104;0,764;1,560;2,264;1,200;0,000;60,800;1,347;4,900;3;0;3;2,166;2,300;2,166;1,200;2,166;1,200;2,166;1,200;2,166;0,600;2,166;0,600;2,166;1,500;2,166;0,600;2,166;0,600
2408906008;0,604;8,800;0,604;3,400;0,604;5,800;0,295;25,930;0,299;2,600;0,222;8,414;1,224;0,936;1,235;1,200;0,000;68,600;0,652;5,700;4;0;4;1,137;2,300;1,137;1,200;1,137;1,200;1,137;1,200;1,137;0,600;1,137;0,600;1,137;1,500;1,137;0,600;1,137;0,600
2408906009;0,438;8,800;0,438;3,400;0,438;5,500;0,438;25,326;0,479;2,200;0,759;7,504;0,596;1,560;1,788;1,200;0,000;67,400;1,219;5,300;2;0;2;1,636;2,300;1,636;1,200;1,636;1,200;1,636;1,200;1,636;0,600;1,636;0,600;1,636;1,500;1,636;0,600;1,636;0,600
2408906010;0,251;8,800;0,251;3,400;0,251;5,500;0,251;25,206;0,791;2,200;0,846;8,024;0,676;1,560;1,746;1,200;0,000;67,200;1,455;5,300;4;0;4;1,549;2,300;1,549;1,200;1,549;1,200;1,549;1,200;1,549;0,600;1,549;0,600;1,549;1,500;1,549;0,600;1,549;0,600
2408906011;0,816;8,800;0,816;3,400;0,816;5,800;0,218;25,930;0,308;2,600;0,000;7,894;1,337;0,936;1,280;1,200;0,000;67,800;0,463;5,700;4;0;4;1,224;2,300;1,224;1,200;1,224;1,200;1,224;1,200;1,224;0,600;1,224;0,600;1,224;1,500;1,224;0,600;1,224;0,600
2408906012;0,860;9,100;0,922;3,400;0,922;5,800;0,392;25,194;0,750;2,200;0,463;8,934;1,786;0,936;1,188;1,200;0,000;67,100;0,000;5,700;23;59;82;1,229;2,300;1,229;1,200;1,229;1,200;1,229;1,200;1,229;0,600;1,229;0,600;1,229;1,500;1,229;0,600;1,229;0,600
2408906013;0,596;8,800;0,596;3,400;0,596;5,800;0,322;26,410;0,494;2,600;0,390;8,814;1,350;0,936;1,041;1,200;0,000;70,100;0,713;5,700;4;0;4;0,925;2,700;0,925;1,600;0,925;1,600;0,925;1,600;0,925;1,000;0,925;1,000;0,925;1,900;0,925;1,000;0,925;1,000
2408906014;0,451;8,800;0,451;3,400;0,451;5,800;0,451;25,726;0,246;2,600;0,503;7,504;0,849;1,560;1,578;1,200;0,000;69,000;0,965;5,700;4;0;4;1,448;2,300;1,448;1,200;1,448;1,200;1,448;1,200;1,448;0,600;1,448;0,600;1,448;1,500;1,448;0,600;1,448;0,600
2408906015;0,297;8,800;0,297;3,400;0,297;5,800;0,297;25,462;0,528;2,600;0,608;8,024;1,134;0,936;1,225;1,200;0,000;69,800;1,006;5,300;3;0;3;1,055;2,300;1,055;1,200;1,055;1,200;1,055;1,200;1,055;0,600;1,055;0,600;1,055;1,500;1,055;0,600;1,055;0,600
2408906016;0,388;8,800;0,388;3,400;0,388;5,800;0,388;25,726;0,348;2,600;0,603;7,504;0,764;1,560;1,630;1,200;0,000;68,600;1,066;5,300;1;0;1;1,486;2,300;1,486;1,200;1,486;1,200;1,486;1,200;1,486;0,600;1,486;0,600;1,486;1,500;1,486;0,600;1,486;0,600
2408906017;0,888;8,800;0,888;3,100;0,888;5,500;0,000;23,430;1,036;1,800;1,337;7,104;0,000;1,560;2,358;1,200;0,000;61,800;1,786;5,000;3;0;3;2,186;2,300;2,186;1,200;2,186;1,200;2,186;1,200;2,186;0,600;2,186;0,600;2,186;1,500;2,186;0,600;2,186;0,600
2408907001;0,292;10,300;0,307;3,400;0,307;6,600;0,649;25,818;0,488;2,200;0,900;8,534;2,605;0,936;0,957;1,600;0,126;68,700;0,872;6,100;0;0;0;1,165;2,300;1,165;1,200;1,165;1,200;1,165;1,200;1,165;0,600;1,165;0,600;1,165;1,500;1,165;0,600;1,165;0,600
2408907002;0,336;10,200;0,542;3,400;0,337;6,600;0,665;25,718;0,337;2,200;0,776;8,482;2,720;0,936;1,195;1,200;0,000;65,900;0,944;5,700;3;0;3;1,401;2,200;1,401;1,200;1,401;1,200;1,401;1,200;1,401;0,600;1,401;0,600;1,401;1,500;1,401;0,600;1,401;0,600
2408907003;0,485;10,200;1,147;3,000;1,027;5,400;0,000;24,410;1,027;1,800;0,000;8,612;2,368;0,936;1,680;1,200;0,000;61,600;0,729;5,800;1;0;1;1,803;2,200;1,803;1,200;1,803;1,200;1,803;1,200;1,803;0,600;1,803;0,600;1,803;1,500;1,803;0,600;1,803;0,600
2408907004;0,000;10,600;0,431;3,400;0,321;7,000;0,359;26,042;0,321;2,200;0,964;7,894;2,889;0,936;1,052;1,200;0,000;66,900;1,052;5,600;6;0;6;1,290;2,200;1,290;1,200;1,290;1,200;1,290;1,200;1,290;0,600;1,290;0,600;1,290;1,500;1,290;0,600;1,290;0,600
2408907005;0,707;9,500;1,262;2,700;1,076;5,400;0,931;24,300;1,736;1,800;0,931;7,894;4,648;0,936;2,443;1,200;0,000;60,200;2,035;5,900;3;0;3;2,691;2,500;2,691;1,200;2,691;1,200;2,691;1,200;2,691;0,600;2,691;0,600;2,691;1,500;2,691;0,600;2,691;0,600
2408907006;0,359;10,600;0,701;3,400;0,299;6,900;0,000;26,198;0,458;2,200;0,612;7,894;3,222;0,936;1,206;1,200;0,000;66,400;1,206;5,600;3;0;3;1,461;2,200;1,461;1,200;1,461;1,200;1,461;1,200;1,461;0,600;1,461;0,600;1,461;1,500;1,461;0,600;1,461;0,600
2408907007;0,000;9,500;1,555;3,000;1,511;5,400;0,485;24,006;1,267;1,800;0,485;8,742;2,140;0,936;2,000;1,200;0,000;60,100;0,860;5,400;2;0;2;1,723;2,300;1,723;1,200;1,723;1,200;1,723;1,200;2,076;0,600;2,076;0,600;1,723;1,500;2,076;0,600;2,076;0,600
2408907008;0,180;10,200;0,728;3,400;0,000;7,000;0,440;25,406;0,000;2,200;1,027;7,962;3,055;0,936;1,368;1,200;0,149;64,100;1,280;5,300;0;0;0;1,601;2,200;1,601;1,200;1,601;1,200;1,601;1,200;1,601;0,600;1,601;0,600;1,601;1,500;1,601;0,600;1,601;0,600
2408907009;0,379;10,300;0,213;3,400;0,213;6,600;0,720;25,818;0,610;2,200;0,843;8,534;2,510;0,936;0,844;1,600;0,000;69,100;0,809;6,100;2;0;2;1,044;2,300;1,044;1,200;1,044;1,200;1,044;1,200;1,044;0,600;1,044;0,600;1,044;1,500;1,044;0,600;1,044;0,600
2408907010;0,267;10,200;0,697;3,400;0,149;7,000;0,310;25,886;0,149;2,200;0,891;8,362;3,113;0,936;1,310;1,200;0,000;65,300;1,310;5,300;3;0;3;1,552;2,200;1,552;1,200;1,552;1,200;1,552;1,200;1,552;0,600;1,552;0,600;1,552;1,500;1,552;0,600;1,552;0,600
2408907011;0,644;10,200;1,204;2,700;0,427;6,500;0,292;25,478;0,853;2,200;0,292;7,894;3,735;0,936;1,621;1,200;0,000;63,800;1,552;5,600;3;0;3;1,878;2,500;1,878;1,200;1,878;1,200;1,878;1,200;1,878;0,600;1,878;0,600;1,878;1,500;1,878;0,600;1,878;0,600
2408907012;0,511;10,200;0,628;3,400;0,537;6,200;0,569;25,818;0,537;2,200;0,569;8,482;2,549;0,936;1,244;1,200;0,000;65,900;0,764;5,700;4;0;4;1,422;2,300;1,422;1,200;1,422;1,200;1,422;1,200;1,422;0,600;1,422;0,600;1,422;1,500;1,422;0,600;1,422;0,600
2408907013;0,502;10,900;0,900;3,100;0,409;7,000;0,000;25,994;0,440;2,200;0,614;8,362;3,390;0,936;1,433;1,200;0,000;65,800;1,433;5,600;2;0;2;1,687;2,200;1,687;1,200;1,687;1,200;1,687;1,200;1,687;0,600;1,687;0,600;1,687;1,500;1,687;0,600;1,687;0,600
2408908001;1,798;7,400;1,798;2,700;1,798;4,600;1,664;21,250;2,287;1,800;1,096;6,948;1,700;0,936;2,975;1,200;0,000;56,700;2,975;5,300;1;0;1;2,722;1,900;2,722;0,900;2,722;0,900;2,722;0,900;2,722;0,600;2,722;0,600;2,722;1,200;2,722;0,600;2,722;0,600
2408908002;2,512;7,500;0,000;2,800;2,512;4,700;0,000;20,298;2,658;1,800;2,588;7,064;1,659;0,936;4,006;1,200;0,000;53,700;3,390;4,300;1;0;1;3,819;2,300;3,819;1,200;3,819;1,200;3,819;1,200;3,819;0,600;3,819;0,600;3,819;1,500;3,819;0,600;3,819;0,600
2408909001;1,605;9,000;3,135;2,400;0,000;5,700;0,000;21,650;2,782;1,800;2,000;8,222;3,492;0,936;3,676;0,900;0,000;57,000;2,583;4,600;10;0;10;0,000;2,600;0,000;1,600;0,000;1,600;0,000;1,600;3,781;0,600;3,781;0,600;0,000;1,900;3,781;0,600;3,781;0,600
2408909002;2,840;7,800;1,976;2,400;2,947;4,700;0,000;21,022;2,740;1,800;2,981;7,194;2,308;0,936;4,260;0,900;0,000;53,500;3,207;4,400;1;0;1;2,947;2,300;2,947;1,200;2,947;1,200;2,947;1,200;4,176;0,600;4,176;0,600;2,947;1,500;4,176;0,600;4,176;0,600
2408909003;1,583;8,700;2,548;2,400;1,678;5,300;1,377;21,162;1,989;1,800;2,068;7,962;2,138;0,936;3,344;1,200;0,000;58,100;2,174;5,100;3;0;3;1,678;2,300;1,678;1,200;1,678;1,200;1,678;1,200;3,332;0,600;3,332;0,600;1,678;1,500;3,332;0,600;3,332;0,600
2408910001;0,342;9,900;0,927;3,400;0,927;5,800;0,364;27,146;0,364;2,200;0,586;8,934;1,804;0,936;0,842;1,600;0,000;68,700;0,842;6,100;2;0;2;0,586;2,600;0,586;1,600;0,586;1,600;0,586;1,600;0,586;1,000;0,586;1,000;0,586;1,900;0,586;1,000;0,586;1,000
2408910002;0,324;9,500;1,101;3,000;0,816;5,400;0,324;26,198;0,622;2,200;0,735;8,544;1,949;0,936;0,988;1,600;0,000;67,100;0,988;6,100;1;0;1;0,735;2,600;0,735;1,600;0,735;1,600;0,735;1,600;0,735;1,000;0,735;1,000;0,735;1,900;0,735;1,000;0,735;1,000
2408910003;0,921;9,000;1,191;3,000;1,191;4,900;0,278;25,318;1,149;1,800;0,524;7,468;1,825;0,936;1,634;1,200;0,278;63,200;1,672;5,700;0;0;0;1,416;2,200;1,416;1,200;1,416;1,200;1,416;1,200;1,416;0,600;1,416;0,600;1,416;1,500;1,416;0,600;1,416;0,600
2408910004;0,500;9,900;0,917;3,400;0,917;5,400;0,443;26,678;0,560;2,200;0,820;8,544;1,754;0,936;1,077;1,200;0,000;66,300;1,077;5,700;2;0;2;0,820;2,600;0,820;1,600;0,820;1,600;0,820;1,600;0,820;1,000;0,820;1,000;0,820;1,900;0,820;1,000;0,820;1,000
2408910005;0,898;9,000;0,898;3,400;0,898;5,300;0,802;25,318;1,204;1,800;0,000;7,468;1,346;0,936;1,879;1,200;0,000;62,500;1,879;5,700;1;0;1;1,627;2,200;1,627;1,200;1,627;1,200;1,627;1,200;1,627;0,600;1,627;0,600;1,627;1,500;1,627;0,600;1,627;0,600
2408910006;0,772;9,100;1,392;3,000;1,154;4,900;0,000;24,478;1,199;1,800;0,802;7,468;2,082;0,936;1,365;1,200;0,000;62,400;1,606;5,700;2;0;2;1,358;2,200;1,358;1,200;1,358;1,200;1,358;1,200;1,358;0,600;1,358;0,600;1,358;1,500;1,358;0,600;1,358;0,600
2408910007;0,653;9,100;1,804;3,000;0,784;5,000;0,558;24,598;1,382;1,800;0,784;7,468;2,577;0,936;0,812;1,600;0,000;61,700;1,277;5,900;2;0;2;1,314;1,900;1,314;0,900;1,314;0,900;1,314;0,900;1,314;0,600;1,314;0,600;1,314;1,200;1,314;0,600;1,314;0,600
2409001001;24,151;0,700;21,658;0,100;13,869;1,100;18,381;3,230;24,794;0,400;24,887;0,780;25,899;0,156;26,678;0,220;18,381;1,000;24,151;0,700;0;0;0;24,887;0,500;24,887;0,100;25,348;0,300;25,541;0,400;24,887;0,100;26,566;0,200;25,348;0,200;70,123;0,000;25,930;0,100
2409101001;14,415;0,600;16,871;0,200;16,615;0,400;14,415;1,768;20,061;0,100;19,630;0,260;18,853;0,156;38,002;0,000;20,188;1,000;18,174;0,500;0;0;0;20,061;0,200;37,225;0,000;20,061;0,100;20,061;0,100;37,225;0,000;20,061;0,100;37,721;0,000;62,231;0,000;27,875;0,100
2409201001;15,434;1,800;23,135;0,600;15,434;1,400;4,973;7,356;23,428;0,400;4,973;2,692;26,098;0,312;24,741;0,200;4,973;13,000;16,455;1,800;0;0;0;14,786;0,800;22,907;0,200;22,907;0,300;22,907;0,300;24,993;0,100;24,993;0,200;14,786;0,500;24,993;0,100;24,993;0,100
2409301001;14,425;0,600;11,562;0,300;11,562;0,900;12,142;3,328;13,109;0,400;14,425;0,936;13,275;0,468;33,401;0,000;8,489;3,000;0,000;2,400;0;5;5;13,109;0,400;39,412;0,000;13,109;0,300;13,109;0,300;39,412;0,000;13,109;0,300;35,114;0,000;44,379;0,000;34,386;0,000
2409401001;0,000;2,600;16,470;0,500;0,000;2,000;0,000;6,546;18,950;0,300;0,000;2,666;17,923;0,156;19,591;0,200;0,000;13,100;5,720;1,700;6;0;6;13,608;1,100;19,621;0,200;19,621;0,200;19,621;0,200;19,621;0,100;19,621;0,100;19,621;0,300;19,621;0,100;19,621;0,100
2409501001;6,076;3,100;10,717;1,100;6,076;2,200;6,076;10,110;13,310;0,700;6,076;3,456;12,273;0,468;14,399;0,600;0,000;27,400;5,804;2,500;2;0;2;11,147;1,300;14,165;0,600;14,165;0,600;14,165;0,600;14,165;0,300;14,165;0,300;14,165;0,700;14,165;0,300;14,165;0,300
2409601001;17,268;0,300;41,053;0,000;17,268;0,300;8,215;1,092;40,380;0,000;18,451;0,130;60,537;0,000;57,580;0,000;40,605;0,000;18,451;0,300;0;0;0;41,053;0,000;59,089;0,000;41,053;0,000;59,089;0,000;59,089;0,000;59,089;0,000;59,089;0,000;59,089;0,000;41,053;0,000
2409701001;10,317;0,500;29,902;0,100;10,317;0,700;12,863;2,354;32,524;0,000;11,796;0,650;31,560;0,000;33,904;0,000;5,977;4,100;13,356;0,700;0;0;0;10,317;0,500;18,973;0,100;32,996;0,000;32,996;0,000;33,706;0,000;33,706;0,000;18,973;0,100;33,706;0,000;18,973;0,100
2409801001;0,000;2,500;25,547;0,400;0,000;2,300;0,000;7,096;28,217;0,300;11,104;1,730;29,797;0,156;26,522;0,200;24,292;8,900;0,000;3,800;0;2;2;23,242;0,400;27,852;0,100;27,852;0,100;27,852;0,100;27,852;0,100;27,852;0,100;27,852;0,200;27,852;0,100;27,852;0,100
2409901001;10,197;0,500;37,008;0,000;10,197;0,900;10,842;2,346;39,081;0,000;12,983;0,650;38,654;0,000;41,011;0,000;7,371;3,500;20,900;0,500;0;0;0;10,197;0,600;11,669;0,300;38,901;0,000;38,901;0,000;40,827;0,000;40,827;0,000;11,669;0,300;40,827;0,000;11,669;0,300
2410001001;10,874;1,700;16,245;0,200;10,978;2,100;6,006;8,912;9,582;0,900;10,874;2,470;16,245;0,156;10,273;0,660;9,089;3,300;9,582;1,400;0;0;0;10,874;1,200;10,874;0,300;11,469;0,600;11,951;0,900;10,874;0,300;12,725;0,400;11,469;0,600;73,405;0,000;11,960;0,300
2410101001;15,299;0,500;20,363;0,100;12,512;0,800;12,512;2,462;15,693;0,100;15,693;0,390;43,697;0,000;36,257;0,000;22,247;0,300;22,247;0,200;0;0;0;43,477;0,000;45,650;0,000;43,477;0,000;15,693;0,100;45,650;0,000;15,693;0,100;46,044;0,000;57,245;0,000;46,057;0,000
2410201001;9,812;1,300;25,315;0,100;9,812;1,600;8,299;6,496;11,652;0,600;9,812;1,950;25,315;0,156;14,592;0,460;7,293;2,400;11,652;1,000;0;0;0;24,006;0,400;24,006;0,100;24,358;0,200;24,326;0,400;24,006;0,100;24,751;0,300;24,358;0,200;69,178;0,000;24,326;0,100
2410301001;16,638;0,300;28,768;0,100;16,638;0,300;11,813;1,946;32,486;0,000;16,638;0,520;28,768;0,156;32,881;0,000;16,638;0,800;17,907;0,200;0;0;0;31,563;0,000;33,325;0,000;31,563;0,000;31,563;0,000;33,325;0,000;24,344;0,100;31,563;0,000;117,040;0,000;32,317;0,000
2410401001;10,050;1,900;24,076;0,500;10,050;1,400;10,050;6,644;24,971;0,300;10,509;2,172;27,890;0,156;26,172;0,200;10,509;11,800;21,944;1,900;0;0;0;15,956;0,500;25,052;0,200;25,052;0,200;25,052;0,200;26,430;0,100;26,430;0,100;15,956;0,300;26,430;0,100;26,430;0,100
2410501001;7,674;4,900;6,296;1,500;6,859;2,900;0,000;15,110;7,836;0,900;8,062;4,514;7,345;0,468;9,341;0,600;0,000;33,700;3,799;3,500;3;0;3;6,859;1,600;6,859;0,600;6,859;0,600;6,859;0,600;9,272;0,300;9,272;0,300;6,859;0,700;9,272;0,300;9,272;0,300
2410601001;18,203;0,100;41,735;0,000;18,203;0,100;10,524;0,780;41,516;0,000;32,701;0,000;74,889;0,000;72,064;0,000;41,168;0,000;32,701;0,000;0;0;0;41,735;0,000;73,584;0,000;41,735;0,000;73,584;0,000;73,584;0,000;72,598;0,000;73,584;0,000;73,584;0,000;41,735;0,000
2410701001;5,291;0,600;27,240;0,200;5,291;0,900;8,503;3,470;29,716;0,100;5,483;0,910;28,847;0,156;31,197;0,000;5,291;6,400;14,352;0,600;0;0;0;5,291;0,500;22,042;0,200;29,636;0,100;29,636;0,100;31,033;0,000;31,033;0,000;22,042;0,200;31,033;0,000;22,042;0,100
2410801001;4,131;1,000;2,542;0,700;2,542;1,100;4,053;5,334;18,210;0,100;2,542;1,586;18,381;0,156;44,357;0,000;5,015;3,900;10,960;0,900;0;0;0;4,131;0,800;40,681;0,000;18,210;0,100;18,210;0,100;44,457;0,000;18,210;0,100;40,681;0,000;44,457;0,000;4,131;0,600
2410901001;10,039;0,800;14,531;0,300;9,790;1,000;0,000;4,534;10,039;0,400;7,598;1,170;38,859;0,000;30,782;0,000;24,726;0,300;29,724;0,100;0;0;0;39,486;0,000;39,514;0,000;39,681;0,000;10,039;0,300;39,514;0,000;10,039;0,300;39,681;0,000;74,978;0,000;39,486;0,000
2411001001;14,270;1,000;23,161;0,100;14,270;1,100;0,000;5,286;19,075;0,200;14,270;1,170;30,504;0,000;23,819;0,120;19,155;0,900;23,819;0,300;0;0;0;31,645;0,000;31,819;0,000;31,745;0,000;19,075;0,100;31,819;0,000;19,075;0,200;31,745;0,000;79,461;0,000;31,645;0,000
2411201001;12,899;0,600;29,309;0,100;12,899;0,600;12,899;2,318;27,620;0,100;12,899;0,780;34,016;0,000;32,011;0,000;23,824;0,100;32,011;0,000;0;0;0;36,618;0,000;37,392;0,000;36,618;0,000;27,620;0,100;37,392;0,000;27,620;0,100;36,618;0,000;93,597;0,000;36,817;0,000
2411301001;8,388;0,600;20,696;0,100;9,150;0,600;0,000;6,106;32,505;0,000;8,388;1,196;32,088;0,000;33,961;0,000;6,771;5,500;23,249;0,400;0;0;0;15,066;0,300;30,848;0,000;30,848;0,000;30,848;0,000;33,925;0,000;33,925;0,000;30,848;0,000;33,925;0,000;19,373;0,100
2411401001;16,558;0,200;30,383;0,000;0,000;1,600;0,000;3,676;32,921;0,000;0,000;1,690;35,629;0,000;32,724;0,000;27,509;0,200;0,000;2,400;0;3;3;27,509;0,200;33,448;0,000;33,448;0,000;33,448;0,000;33,448;0,000;33,448;0,000;27,509;0,100;33,448;0,000;33,448;0,000
2411401002;12,075;0,500;31,076;0,000;7,431;1,100;0,000;3,596;33,780;0,000;7,431;0,910;36,125;0,000;32,959;0,000;29,960;0,100;6,221;2,100;0;0;0;28,305;0,100;33,963;0,000;33,963;0,000;33,963;0,000;33,963;0,000;33,963;0,000;30,181;0,000;33,963;0,000;33,963;0,000
2411401003;9,615;2,000;24,855;0,400;5,034;1,900;5,407;6,280;27,559;0,300;5,407;2,146;29,911;0,156;26,755;0,200;23,740;9,200;0,000;3,800;0;3;3;22,086;0,500;27,746;0,200;27,746;0,200;27,746;0,200;27,746;0,100;27,746;0,100;24,250;0,300;27,746;0,100;27,746;0,100
2411501001;0,385;3,600;5,336;0,300;0,139;4,000;0,139;18,530;0,473;2,100;0,385;5,590;5,336;0,468;1,679;0,960;1,157;4,600;1,204;1,500;0;0;0;0,385;3,200;0,385;1,000;0,585;1,600;0,906;2,200;0,385;1,000;1,672;0,900;0,585;1,600;83,866;0,000;0,906;1,000
2411501002;0,247;3,600;5,449;0,300;0,000;4,000;0,000;18,530;0,553;2,100;0,247;5,590;5,449;0,468;1,816;0,960;1,251;4,600;1,194;1,500;0;0;0;0,247;3,200;0,247;1,000;0,578;1,600;0,982;2,200;0,247;1,000;1,748;0,900;0,578;1,600;83,820;0,000;0,982;1,000
2411501003;0,614;3,200;6,235;0,300;0,820;3,600;0,000;16,858;1,325;1,500;0,614;5,070;6,235;0,468;2,576;0,960;2,014;4,400;1,634;1,700;0;0;0;0,614;2,800;0,614;1,000;1,164;1,200;1,634;1,800;0,614;1,000;2,450;0,900;1,164;1,200;83,330;0,000;1,714;0,600
2411501004;0,319;3,200;5,940;0,300;0,513;3,600;0,000;16,546;1,028;1,300;0,319;5,070;5,940;0,468;2,286;0,960;1,722;4,600;1,432;1,500;0;0;0;0,319;2,800;0,319;1,000;0,904;1,600;1,429;1,800;0,319;1,000;2,178;0,900;0,904;1,600;83,512;0,000;1,429;0,600
2411501005;0,000;3,600;5,623;0,300;0,247;3,600;0,247;18,050;0,711;1,700;0,000;5,590;5,623;0,468;2,064;0,960;1,404;4,600;1,170;1,500;0;0;0;0,000;2,800;0,000;1,000;0,600;1,600;1,110;1,800;0,000;1,000;1,862;0,900;0,600;1,600;83,785;0,000;1,110;0,600
2411501006;3,058;2,900;6,912;0,300;2,930;3,300;2,650;14,674;3,246;1,500;3,058;5,070;6,912;0,468;2,650;0,960;0,000;5,400;4,085;1,500;2;0;2;3,058;2,400;3,058;0,600;3,473;1,200;3,591;1,800;3,058;0,600;4,220;0,900;3,473;1,200;81,512;0,000;3,591;0,600
2411501007;0,360;3,600;5,680;0,300;0,288;3,600;0,288;17,882;0,824;1,900;0,360;5,590;5,680;0,468;1,877;0,960;1,511;4,600;1,472;1,700;0;0;0;0,360;2,800;0,360;1,000;0,861;1,600;1,257;1,800;0,360;1,000;2,024;0,900;0,861;1,600;83,532;0,000;1,257;0,600
2411501008;0,508;3,600;5,073;0,300;0,530;4,000;0,000;16,946;0,508;2,100;0,508;5,590;5,073;0,468;1,287;0,960;1,019;4,600;1,372;1,500;0;0;0;0,777;3,200;0,777;1,000;0,807;1,600;0,861;2,200;0,777;1,000;1,575;0,900;0,807;1,600;83,931;0,000;0,861;1,000
2411501009;0,730;3,600;5,343;0,300;0,503;4,000;0,290;17,738;0,738;2,300;0,730;5,590;5,343;0,468;1,408;0,960;1,307;4,600;1,569;1,700;0;0;0;0,730;2,800;0,730;1,000;0,964;1,600;1,131;1,800;0,730;1,000;1,860;0,900;0,964;1,600;83,645;0,000;1,131;0,600
2411501010;1,250;2,800;6,469;0,300;1,246;3,200;1,047;15,274;1,762;1,500;1,250;4,550;6,469;0,468;2,322;0,960;2,021;4,600;2,415;1,700;0;0;0;1,250;2,400;1,250;0,600;1,816;1,200;2,194;1,800;1,250;0,600;2,955;0,900;1,816;1,200;82,576;0,000;2,194;0,600
2411501011;0,695;3,600;5,496;0,300;0,848;3,600;0,555;17,650;0,889;1,700;0,695;5,590;5,496;0,468;2,476;0,960;1,370;4,600;0,675;1,900;0;0;0;0,675;3,200;0,695;1,000;0,530;1,600;0,675;2,200;0,695;1,000;1,647;0,900;0,530;1,600;84,328;0,000;1,061;0,600
2411501012;0,272;3,600;5,817;0,300;0,368;3,600;0,203;17,882;0,917;1,900;0,272;5,590;5,817;0,468;2,090;0,960;1,616;4,600;1,442;1,700;0;0;0;0,272;2,800;0,272;1,000;0,864;1,600;1,338;1,800;0,272;1,000;2,101;0,900;0,864;1,600;83,515;0,000;1,338;0,600
2411502001;0,590;3,200;4,710;0,600;0,511;4,000;0,000;17,726;0,511;2,100;0,590;5,980;4,710;0,936;1,007;0,960;0,792;5,300;1,405;1,700;0;0;0;0,750;2,800;1,106;0,600;0,953;1,600;0,750;2,200;1,106;0,600;1,345;0,900;0,953;1,600;84,199;0,000;0,750;1,000
2411502002;0,364;3,600;5,103;0,300;0,578;4,000;0,351;18,698;0,364;2,100;0,364;6,110;5,103;0,468;1,955;0,960;0,898;5,000;0,620;2,100;0;0;0;0,583;3,600;0,600;1,000;0,000;1,600;0,583;2,600;0,600;1,000;1,287;0,900;0,000;1,600;84,378;0,000;0,583;1,000
2411502003;0,538;3,200;4,695;0,600;0,533;4,000;0,268;18,206;0,533;2,100;0,538;6,500;4,695;0,936;1,940;0,960;0,587;5,300;0,397;2,100;0;0;0;0,324;3,600;1,051;0,600;0,453;2,000;0,324;3,000;1,051;0,600;0,853;1,300;0,453;2,000;84,814;0,000;0,324;1,000
2411502004;0,699;3,200;4,400;0,600;0,528;3,600;0,000;17,926;0,528;2,100;0,379;6,500;4,400;0,936;1,846;0,960;0,379;5,300;0,584;2,100;0;0;0;0,296;3,600;1,313;0,600;0,561;2,000;0,296;3,000;1,313;0,600;0,561;1,300;0,561;2,000;85,030;0,000;0,296;1,000
2411502005;0,699;3,200;4,222;0,600;0,379;3,600;0,379;18,406;0,379;2,100;0,000;6,500;4,222;0,936;1,486;0,960;0,000;5,300;0,947;2,100;4;0;4;0,315;3,600;1,404;0,600;0,560;2,000;0,315;3,000;1,404;0,600;0,560;1,300;0,560;2,000;84,950;0,000;0,315;1,000
2411502006;0,372;3,600;4,892;0,600;0,514;4,000;0,243;18,686;0,372;2,100;0,372;7,020;4,892;0,936;1,907;0,960;0,709;5,300;0,496;2,100;0;0;0;0,397;3,600;0,817;1,000;0,222;1,600;0,397;2,600;0,817;1,000;1,067;0,900;0,222;1,600;84,582;0,000;0,397;1,000
2411502007;0,434;3,200;4,527;0,600;0,239;4,000;0,296;19,086;0,239;2,100;0,315;6,500;4,527;0,936;1,623;0,960;0,315;5,300;0,719;2,100;0;0;0;0,000;3,600;1,110;0,600;0,583;2,000;0,000;3,000;1,110;0,600;0,767;1,300;0,583;2,000;84,759;0,000;0,000;1,000
2411502008;0,867;3,200;4,869;0,600;0,928;3,600;0,271;17,626;0,867;2,100;0,678;6,500;4,869;0,936;2,337;0,960;0,947;5,300;0,000;2,100;0;18;18;0,000;3,200;1,170;0,600;0,620;1,600;0,000;2,600;1,170;0,600;1,042;0,900;0,620;1,600;84,944;0,000;0,719;1,000
2411502009;0,192;3,600;4,744;0,600;0,180;4,000;0,192;18,686;0,180;2,100;0,192;6,500;4,744;0,936;1,431;0,960;0,558;5,300;0,952;2,100;0;0;0;0,359;3,600;0,888;1,000;0,538;1,600;0,359;2,600;0,888;1,000;1,094;0,900;0,538;1,600;84,414;0,000;0,359;1,000
2411502010;0,344;3,200;4,571;0,600;0,000;4,000;0,344;19,086;0,000;2,100;0,344;6,500;4,571;0,936;1,411;0,960;0,379;5,300;0,928;2,100;0;0;0;0,239;3,600;1,055;0,600;0,634;2,000;0,239;3,000;1,055;0,600;0,923;1,300;0,634;2,000;84,582;0,000;0,239;1,000
2411502011;0,907;3,200;4,184;0,600;0,618;3,600;0,527;18,406;0,618;2,100;0,606;5,980;4,184;0,936;0,881;1,360;0,606;5,300;1,500;1,700;0;0;0;0,783;2,800;1,562;0,600;1,046;1,200;0,783;2,200;1,562;0,600;1,046;0,900;1,046;1,200;84,648;0,000;0,783;1,000
2411502012;0,953;3,200;4,615;0,600;0,917;3,600;0,452;18,026;0,917;2,100;0,421;6,500;4,615;0,936;2,290;0,960;0,830;5,300;0,262;2,100;0;0;0;0,262;3,600;1,376;0,600;0,791;2,000;0,262;3,000;1,376;0,600;0,809;1,300;0,791;2,000;85,161;0,000;0,681;1,000
2411502013;0,612;3,600;4,942;0,600;0,735;4,000;0,000;17,806;0,612;2,100;0,612;7,020;4,942;0,936;2,140;0,960;0,852;5,300;0,271;2,100;0;0;0;0,271;3,600;0,921;1,000;0,351;1,600;0,271;2,600;0,921;1,000;1,094;0,900;0,351;1,600;84,706;0,000;0,567;1,000
2411502014;0,000;3,600;4,912;0,600;0,344;4,000;0,000;18,686;0,000;2,100;0,000;6,500;4,912;0,936;1,591;0,960;0,699;5,300;0,867;2,100;0;0;0;0,434;3,600;0,711;1,000;0,364;1,600;0,434;2,600;0,711;1,000;1,200;0,900;0,364;1,600;84,333;0,000;0,434;1,000
2411502015;1,058;2,800;3,849;0,600;0,569;4,000;0,000;17,446;0,923;1,700;0,423;5,980;3,849;0,936;1,895;0,960;0,560;5,300;1,042;1,700;0;0;0;0,000;3,200;1,862;0,600;0,000;1,600;0,000;2,600;1,862;0,600;0,000;1,300;0,000;1,600;85,505;0,000;0,767;1,000
2411502016;1,420;2,800;3,494;0,600;0,843;3,600;0,538;16,822;1,082;1,300;0,728;5,980;3,494;0,936;1,571;0,960;0,728;5,700;1,524;1,700;0;0;0;0,538;2,800;2,129;0,600;0,538;1,600;0,538;2,200;2,129;0,600;0,538;1,300;0,538;1,600;85,512;0,000;1,038;0,600
2411502017;1,194;2,800;3,766;0,600;0,853;3,600;0,785;17,302;0,853;1,700;0,610;5,460;3,766;0,936;1,148;0,960;0,610;5,300;1,549;1,700;0;0;0;0,785;3,200;1,896;0,600;0,785;1,600;0,785;2,600;1,896;0,600;0,785;1,300;0,785;1,600;85,093;0,000;0,908;1,000
2411503001;0,000;3,200;4,016;0,600;0,701;3,600;0,549;16,866;1,806;1,300;0,860;5,460;4,016;0,936;2,952;0,960;1,529;4,600;1,283;1,700;0;0;0;1,058;2,400;2,438;0,600;1,058;1,200;1,058;1,800;2,438;0,600;1,058;0,900;1,058;1,200;86,222;0,000;1,579;0,600
2411503002;0,860;3,200;4,193;0,600;0,704;4,000;0,423;18,226;0,946;1,700;0,000;5,980;4,193;0,936;2,168;0,960;0,693;5,300;0,678;2,100;0;0;0;0,423;3,600;1,682;0,600;0,423;1,600;0,423;3,000;1,682;0,600;0,423;1,300;0,423;1,600;85,441;0,000;0,721;1,000
2411503003;0,549;3,200;3,498;0,600;0,313;3,600;0,000;17,666;1,774;1,300;0,918;5,460;3,498;0,936;2,696;0,960;1,408;4,600;1,537;1,700;0;0;0;0,872;2,800;2,600;0,600;0,872;1,600;0,872;2,200;2,600;0,600;0,872;1,300;0,872;1,600;86,342;0,000;1,583;0,600
2411503004;1,344;2,800;2,777;0,600;0,778;3,600;0,000;17,546;2,664;1,300;1,874;4,940;2,777;0,936;3,331;0,960;1,587;4,600;2,498;1,700;0;0;0;1,741;2,400;3,552;0,600;1,741;1,200;1,741;1,800;3,552;0,600;1,741;0,900;1,741;1,200;87,243;0,000;2,499;0,600
2411503005;0,848;3,200;3,393;0,600;1,021;3,200;0,615;17,066;2,474;1,300;1,574;4,940;3,393;0,936;3,384;0,960;1,879;4,600;2,110;1,700;0;0;0;1,582;2,400;3,238;0,600;1,582;1,200;1,582;1,800;3,238;0,600;1,582;0,900;1,582;1,200;87,013;0,000;2,273;0,600
2411503006;0,701;3,200;3,540;0,600;0,000;3,600;0,313;17,266;1,486;1,300;0,704;5,460;3,540;0,936;2,386;0,960;1,129;4,900;1,370;1,700;0;0;0;0,569;2,800;2,364;0,600;0,569;1,600;0,569;2,200;2,364;0,600;0,569;1,300;0,569;1,600;86,066;0,000;1,309;0,600
2411503007;5,041;2,000;5,016;0,300;4,940;2,500;4,248;11,462;6,782;0,700;5,016;3,250;5,016;0,468;7,578;0,420;5,016;3,600;5,251;1,100;0;0;0;5,886;1,200;7,472;0,300;5,886;0,600;5,886;0,900;7,472;0,300;5,886;0,600;5,886;0,600;91,232;0,000;6,577;0,300
2411504001;2,559;2,800;7,272;0,300;2,799;3,300;2,257;15,418;3,008;1,300;2,559;4,550;7,272;0,468;4,576;0,960;3,442;4,100;2,536;1,500;0;0;0;2,536;2,400;2,559;0,600;2,653;1,200;2,536;1,800;2,559;0,600;3,560;0,900;2,653;1,200;84,114;0,000;3,152;0,600
2411504002;4,176;2,200;7,232;0,300;4,863;2,400;0,000;11,874;5,652;0,700;4,867;3,380;7,232;0,468;7,030;0,420;5,544;3,500;4,787;1,500;0;0;0;4,787;1,500;5,710;0,300;5,196;0,600;4,787;1,200;5,710;0,300;5,196;0,600;5,196;0,600;88,111;0,000;5,447;0,300
2411505001;1,919;2,800;2,711;0,600;0,827;3,600;0,827;16,422;1,862;1,300;1,524;4,940;2,711;0,936;1,906;0,960;0,000;5,300;2,291;1,700;2;0;2;1,254;2,400;2,916;0,600;1,254;1,200;1,254;1,800;2,916;0,600;1,254;0,900;1,254;1,200;86,054;0,000;1,836;0,600
2411505002;3,822;2,800;1,128;0,600;2,276;3,200;1,128;15,790;3,922;1,300;1,128;4,940;1,128;0,936;3,426;0,960;1,128;5,200;4,406;1,700;0;0;0;3,366;2,400;4,969;0,600;3,366;1,200;3,366;1,800;4,969;0,600;3,366;0,900;3,366;1,200;87,232;0,000;3,932;0,600
2411505003;3,211;2,800;3,160;0,600;2,706;3,200;1,816;16,458;2,925;1,300;2,789;4,940;3,160;0,936;1,816;0,960;1,954;5,200;3,735;1,700;0;0;0;2,880;2,400;3,807;0,600;2,880;1,200;2,880;1,800;3,807;0,600;2,880;0,900;2,880;1,200;85,176;0,000;3,057;0,600
2411505004;1,591;2,800;4,344;0,600;1,411;3,200;0,000;16,734;1,411;1,500;1,486;4,940;4,344;0,936;0,000;1,360;1,486;4,900;2,337;1,900;0;0;0;1,623;2,400;2,064;0,600;1,895;1,200;1,623;1,800;2,064;0,600;1,895;0,900;1,895;1,200;84,161;0,000;1,623;0,600
2411505005;4,932;2,800;5,644;0,300;4,785;2,700;3,375;13,798;4,785;1,500;4,841;4,290;5,644;0,468;3,375;0,960;3,457;5,200;5,712;1,400;0;0;0;4,998;1,500;5,249;0,300;5,159;0,600;4,998;1,200;5,249;0,300;5,159;0,600;5,159;0,600;83,058;0,000;4,998;0,600
2411505006;1,556;2,800;2,508;0,600;0,000;3,600;0,000;16,622;2,272;1,300;1,707;4,940;2,508;0,936;2,671;0,960;0,827;5,000;2,384;1,700;0;0;0;1,415;2,400;3,271;0,600;1,415;1,200;1,415;1,800;3,271;0,600;1,415;0,900;1,415;1,200;86,746;0,000;2,163;0,600
2411505007;4,016;2,700;0,000;1,000;2,508;3,100;0,000;15,706;4,571;1,300;0,000;5,330;0,000;1,560;4,344;0,960;0,000;5,800;4,869;1,700;3;0;3;3,849;2,100;5,623;0,300;3,849;0,900;3,849;1,800;5,623;0,300;3,849;0,900;3,849;0,900;88,323;0,000;4,527;0,600
2411506001;10,355;1,600;15,529;0,100;10,593;1,900;9,796;8,274;10,999;0,700;10,355;2,340;15,529;0,156;12,365;0,420;11,573;2,300;10,743;0,800;0;0;0;10,355;1,200;10,355;0,300;10,695;0,600;10,743;0,900;10,355;0,300;11,784;0,400;10,695;0,600;80,105;0,000;11,262;0,300
2411601001;22,070;0,100;41,426;0,000;22,070;0,100;0,000;1,716;41,534;0,000;40,823;0,000;83,044;0,000;80,370;0,000;40,823;0,000;37,368;0,000;0;0;0;41,426;0,000;81,890;0,000;41,426;0,000;81,890;0,000;81,890;0,000;72,235;0,000;81,890;0,000;81,890;0,000;41,426;0,000
2411701001;18,775;0,500;18,914;0,300;18,914;0,800;6,696;4,746;19,670;0,100;20,320;0,780;40,708;0,000;51,218;0,000;14,662;2,700;31,906;0,000;0;0;0;18,775;0,300;38,507;0,000;19,300;0,100;19,300;0,100;51,204;0,000;40,413;0,000;38,507;0,000;51,204;0,000;18,775;0,100
2411801001;7,978;0,600;15,221;0,100;7,978;0,700;6,345;2,560;13,955;0,300;8,809;0,650;49,058;0,000;47,375;0,000;14,821;0,700;0,000;2,600;0;2;2;15,221;0,100;48,734;0,000;15,221;0,100;48,734;0,000;48,734;0,000;37,943;0,000;48,734;0,000;48,734;0,000;15,221;0,100
2411901001;8,132;1,900;10,278;0,300;8,770;2,200;4,168;10,366;9,776;0,700;8,907;3,120;10,278;0,468;11,070;0,420;9,597;3,200;7,685;1,100;0;0;0;8,911;1,200;9,873;0,300;9,187;0,600;8,911;0,900;9,873;0,300;9,187;0,600;9,187;0,600;91,517;0,000;9,538;0,300
2412001001;9,074;0,800;16,024;0,100;9,074;0,800;8,038;2,248;15,424;0,100;15,562;0,390;59,397;0,000;57,304;0,000;15,562;0,400;8,038;1,200;0;0;0;16,024;0,100;58,753;0,000;16,024;0,100;58,753;0,000;58,753;0,000;45,950;0,000;58,753;0,000;58,753;0,000;16,024;0,100
2412101001;13,952;0,600;44,872;0,000;13,952;0,600;0,000;2,652;44,020;0,000;13,952;0,390;54,386;0,000;51,306;0,000;44,499;0,000;13,952;0,800;0;0;0;44,872;0,000;52,790;0,000;44,872;0,000;52,790;0,000;52,790;0,000;52,790;0,000;52,790;0,000;52,790;0,000;44,872;0,000
2412201001;0,000;1,500;20,342;0,100;0,000;1,700;0,000;5,620;20,926;0,200;0,000;2,210;20,342;0,156;22,139;0,100;20,196;1,000;12,701;0,700;0;0;0;20,103;0,400;21,115;0,100;20,245;0,200;20,103;0,300;21,115;0,100;20,245;0,200;20,245;0,200;101,420;0,000;20,687;0,100
2412301001;17,135;0,400;23,819;0,100;17,135;0,500;13,292;2,604;22,785;0,100;13,292;0,806;23,534;0,156;35,979;0,000;13,292;2,300;13,157;1,200;0;0;0;22,785;0,300;34,099;0,000;22,785;0,100;22,785;0,100;36,231;0,000;22,785;0,100;25,960;0,100;36,231;0,000;36,231;0,000
2412401001;11,471;0,700;12,897;0,500;12,897;0,800;5,451;4,874;27,092;0,100;12,897;0,910;32,828;0,000;50,472;0,000;10,299;2,900;25,357;0,200;0;0;0;11,471;0,500;46,423;0,000;26,734;0,100;26,734;0,100;50,503;0,000;32,678;0,000;46,423;0,000;50,503;0,000;11,471;0,300
2412501001;10,611;0,700;14,459;0,400;14,459;0,900;0,000;4,124;22,202;0,100;14,459;0,910;21,620;0,156;52,910;0,000;16,470;1,400;15,457;0,400;0;0;0;15,330;0,300;52,753;0,000;22,202;0,100;22,202;0,100;52,753;0,000;22,202;0,100;52,529;0,000;56,588;0,000;15,330;0,100
2412701001;3,827;1,200;5,379;0,400;5,379;1,000;3,827;6,086;24,563;0,100;5,379;1,326;24,998;0,156;41,397;0,000;0,000;5,800;16,145;0,500;2;0;2;3,827;0,800;37,774;0,000;24,563;0,100;24,563;0,100;41,455;0,000;24,563;0,100;37,774;0,000;41,455;0,000;3,827;0,600
2412901001;8,854;0,800;33,802;0,000;8,854;0,800;8,854;2,184;32,879;0,000;8,854;0,520;50,613;0,000;47,844;0,000;33,468;0,000;8,854;1,200;0;0;0;33,802;0,000;49,365;0,000;33,802;0,000;49,365;0,000;49,365;0,000;49,365;0,000;49,365;0,000;49,365;0,000;33,802;0,000
2413001001;0,000;1,300;24,705;0,100;0,000;1,300;0,000;2,872;24,248;0,100;23,415;0,390;62,450;0,000;60,015;0,000;24,193;0,200;16,883;0,800;0;0;0;24,705;0,100;61,516;0,000;24,705;0,100;61,516;0,000;61,516;0,000;55,004;0,000;61,516;0,000;61,516;0,000;24,705;0,100
2413101001;9,633;0,900;7,981;0,400;7,981;0,900;7,533;5,476;12,048;0,300;7,981;1,586;12,315;0,468;42,287;0,000;6,065;4,900;5,209;1,400;0;0;0;9,633;0,900;38,653;0,000;12,048;0,300;12,048;0,300;42,418;0,000;12,048;0,300;37,900;0,000;42,418;0,000;9,633;0,300
2413201001;12,219;0,500;32,133;0,000;12,219;0,700;0,000;2,902;28,690;0,100;25,422;0,390;39,639;0,000;43,157;0,000;23,036;0,400;23,036;0,300;0;0;0;33,225;0,000;42,578;0,000;39,018;0,000;28,690;0,100;43,409;0,000;28,690;0,100;33,225;0,000;43,409;0,000;43,409;0,000
2413301001;12,309;2,000;16,955;0,500;12,309;1,500;8,519;7,144;18,466;0,300;14,690;2,042;21,517;0,156;19,467;0,200;10,004;11,700;16,327;1,500;0;0;0;10,004;1,000;19,307;0,200;19,307;0,200;19,307;0,200;19,716;0,100;19,716;0,100;10,004;0,500;19,716;0,100;19,716;0,100
2413401001;10,254;2,000;20,373;0,500;0,713;2,600;1,048;7,108;23,075;0,300;1,048;2,536;25,445;0,156;22,308;0,200;19,264;9,700;0,000;3,900;0;3;3;17,601;0,500;23,276;0,200;23,276;0,200;23,276;0,200;23,276;0,100;23,276;0,100;20,019;0,300;23,276;0,100;23,276;0,100
2413401002;10,012;2,000;19,833;0,500;0,000;2,600;1,095;7,228;22,544;0,300;1,095;2,536;24,877;0,156;21,724;0,200;18,711;9,800;0,713;3,600;0;0;0;17,078;0,500;22,713;0,200;22,713;0,200;22,713;0,200;22,713;0,100;22,713;0,100;19,718;0,300;22,713;0,100;22,713;0,100
2413401003;11,104;1,900;19,513;0,500;1,095;2,100;0,000;7,852;22,202;0,300;0,000;3,056;24,621;0,156;21,513;0,200;18,424;9,900;1,048;3,100;0;0;0;16,723;0,500;22,445;0,200;22,445;0,200;22,445;0,200;22,445;0,100;22,445;0,100;18,988;0,300;22,445;0,100;22,445;0,100
2413601001;12,588;0,800;14,279;0,500;14,279;0,800;9,486;5,370;26,675;0,100;13,692;1,170;34,419;0,000;45,304;0,000;9,481;3,300;24,859;0,200;0;0;0;12,588;0,600;40,496;0,000;26,305;0,100;26,305;0,100;45,311;0,000;34,020;0,000;40,496;0,000;45,311;0,000;12,588;0,300
2413701001;6,108;0,900;26,696;0,100;6,108;1,000;0,000;3,432;25,514;0,100;8,668;0,910;43,086;0,000;40,795;0,000;26,561;0,300;7,696;2,200;0;0;0;26,696;0,100;42,275;0,000;26,696;0,100;42,275;0,000;42,275;0,000;42,275;0,000;42,275;0,000;42,275;0,000;26,696;0,100
2413901001;10,552;0,400;44,118;0,000;10,552;0,500;10,552;1,236;43,583;0,000;0,000;1,430;52,478;0,000;53,559;0,000;6,993;1,900;10,368;0,900;0;0;0;26,818;0,200;37,402;0,000;44,118;0,000;53,916;0,000;53,916;0,000;22,799;0,100;33,117;0,000;53,916;0,000;15,047;0,100
2413901002;0,000;1,100;49,354;0,000;0,000;1,500;0,000;2,484;51,891;0,000;10,552;0,520;50,858;0,000;52,476;0,000;0,000;2,500;0,000;2,200;2;8;10;27,065;0,200;27,065;0,100;52,594;0,000;52,594;0,000;52,594;0,000;33,002;0,000;24,360;0,200;52,594;0,000;10,006;0,400
2414101001;14,387;0,700;13,969;0,700;14,034;1,200;9,422;6,262;14,755;0,300;16,167;0,780;46,175;0,000;53,897;0,000;9,661;3,300;36,867;0,000;0;0;0;14,387;0,500;34,918;0,000;14,387;0,300;14,387;0,300;53,860;0,000;45,858;0,000;34,918;0,000;53,860;0,000;24,230;0,100
2414201001;0,000;8,300;4,390;2,400;1,328;4,900;1,542;18,698;3,663;1,200;1,542;6,322;6,398;0,468;5,010;0,600;0,000;44,000;4,701;3,800;4;0;4;3,810;1,900;3,810;0,900;3,810;0,900;3,810;0,900;5,254;0,300;5,254;0,300;3,810;1,200;5,254;0,300;5,254;0,300
2414201002;1,542;8,800;2,900;2,400;2,291;5,200;0,000;20,716;2,929;1,800;0,000;8,222;5,953;0,468;4,118;0,900;1,542;50,800;3,966;5,100;0;0;0;4,208;2,500;4,208;1,200;4,208;1,200;4,208;1,200;4,375;0,600;4,375;0,600;4,208;1,500;4,375;0,600;4,375;0,600
2414201003;5,645;4,900;8,358;1,500;6,819;3,000;3,759;14,676;9,016;0,900;6,110;4,514;11,962;0,468;10,226;0,600;0,000;32,000;9,969;3,500;4;0;4;0,000;2,100;9,385;0,600;9,385;0,600;9,385;0,600;10,483;0,300;10,483;0,300;0,000;1,600;10,483;0,300;10,483;0,300
2414202001;0,586;10,200;1,812;3,000;1,173;5,400;0,000;22,814;1,173;1,800;1,173;8,092;3,535;0,936;2,466;1,200;0,586;59,400;1,863;5,000;0;0;0;1,877;2,200;1,877;1,200;1,877;1,200;1,877;1,200;2,667;0,600;2,667;0,600;1,877;1,500;2,667;0,600;2,667;0,600
2414202002;0,643;9,500;2,592;2,700;1,476;5,500;1,227;22,238;1,865;1,800;1,435;8,092;4,699;0,936;3,216;1,200;0,643;58,800;2,951;5,100;0;0;0;2,803;2,200;2,803;1,200;2,803;1,200;2,803;1,200;3,458;0,600;3,458;0,600;2,803;1,500;3,458;0,600;3,458;0,600
2414202003;0,397;10,600;1,148;2,700;0,390;6,600;0,440;25,526;0,441;2,200;0,996;8,362;3,479;0,936;1,762;1,200;0,440;62,600;1,696;5,300;0;0;0;2,005;2,200;2,005;1,200;2,005;1,200;2,005;1,200;2,005;0,600;2,005;0,600;2,005;1,500;2,005;0,600;2,005;0,600
2414202004;0,000;10,200;1,050;3,000;0,502;5,800;0,690;26,354;0,502;2,200;0,690;8,612;2,980;0,936;1,702;1,200;0,508;62,200;1,213;5,400;0;0;0;1,902;2,200;1,902;1,200;1,902;1,200;1,902;1,200;1,902;0,600;1,902;0,600;1,902;1,500;1,902;0,600;1,902;0,600
2414202005;0,000;9,500;2,101;2,700;1,229;5,500;0,586;23,078;1,383;1,800;1,706;8,092;4,073;0,936;2,750;1,200;0,000;59,100;2,347;5,100;5;0;5;2,310;2,200;2,310;1,200;2,310;1,200;2,310;1,200;2,977;0,600;2,977;0,600;2,310;1,500;2,977;0,600;2,977;0,600
2414202006;0,279;10,600;1,141;3,000;0,419;6,200;0,627;26,042;0,419;2,200;1,102;8,092;3,336;0,936;1,786;1,200;0,508;62,200;1,552;5,400;0;0;0;2,017;2,200;2,017;1,200;2,017;1,200;2,017;1,200;2,017;0,600;2,017;0,600;2,017;1,500;2,017;0,600;2,017;0,600
2414202007;0,321;10,600;1,273;3,000;0,594;6,200;0,584;25,994;0,594;2,200;0,985;8,612;3,300;0,936;1,928;1,200;0,713;62,200;1,533;5,400;0;0;0;2,146;2,200;2,146;1,200;2,146;1,200;2,146;1,200;2,146;0,600;2,146;0,600;2,146;1,500;2,146;0,600;2,146;0,600
2414202008;0,000;9,500;2,882;2,700;1,198;5,400;0,000;21,746;2,239;1,800;2,089;8,222;4,325;0,936;3,533;0,900;1,063;57,500;2,816;5,000;0;0;0;1,605;2,200;1,605;1,200;1,605;1,200;1,605;1,200;3,728;0,600;3,728;0,600;1,605;1,500;3,728;0,600;3,728;0,600
2414202009;0,275;10,600;1,124;3,000;0,728;5,800;0,439;24,890;0,728;2,200;0,439;8,612;2,786;0,936;1,750;1,200;0,439;61,800;1,063;5,400;0;0;0;1,924;2,200;1,924;1,200;1,924;1,200;1,924;1,200;1,924;0,600;1,924;0,600;1,924;1,500;1,924;0,600;1,924;0,600
2414202010;1,198;8,300;3,920;2,100;0,000;5,300;1,198;19,478;3,220;1,800;1,711;7,442;5,523;0,468;4,575;0,900;1,328;49,000;3,978;4,400;0;0;0;2,566;2,200;2,566;1,200;2,566;1,200;2,566;1,200;4,791;0,600;4,791;0,600;2,566;1,500;4,791;0,600;4,791;0,600
2414202011;0,000;10,200;0,871;3,400;0,180;7,000;0,562;26,198;0,180;2,200;0,945;8,482;3,088;0,936;1,522;1,200;0,317;63,300;1,303;5,300;0;0;0;1,747;2,200;1,747;1,200;1,747;1,200;1,747;1,200;1,747;0,600;1,747;0,600;1,747;1,500;1,747;0,600;1,747;0,600
2414202012;0,617;10,600;1,452;2,700;0,563;6,200;0,762;25,682;0,726;2,200;1,264;8,092;3,678;0,936;2,081;1,200;0,717;61,100;1,895;5,400;0;0;0;2,321;2,200;2,321;1,200;2,321;1,200;2,321;1,200;2,321;0,600;2,321;0,600;2,321;1,500;2,321;0,600;2,321;0,600
2414202013;0,467;10,700;1,777;2,700;0,767;5,900;0,777;24,014;1,051;1,800;1,486;8,092;3,960;0,936;2,405;1,200;0,467;59,200;2,186;5,400;0;0;0;2,643;2,200;2,643;1,200;2,643;1,200;2,643;1,200;2,645;0,600;2,645;0,600;2,643;1,500;2,645;0,600;2,645;0,600
2414203001;0,537;10,600;1,117;2,700;0,216;6,600;0,268;25,526;0,500;2,200;0,767;8,362;3,548;0,936;1,685;1,200;0,268;62,200;1,685;5,300;0;0;0;1,937;2,200;1,937;1,200;1,937;1,200;1,937;1,200;1,937;0,600;1,937;0,600;1,937;1,500;1,937;0,600;1,937;0,600
2414203002;0,488;10,200;1,303;2,700;0,000;6,600;0,409;25,166;0,715;2,200;0,720;8,362;3,759;0,936;1,840;1,200;0,409;61,500;1,840;5,300;0;0;0;2,095;2,500;2,095;1,200;2,095;1,200;2,095;1,200;2,095;0,600;2,095;0,600;2,095;1,500;2,095;0,600;2,095;0,600
2414203003;0,000;9,500;1,761;2,700;0,488;5,800;0,863;24,686;1,203;1,800;0,868;8,362;4,243;0,936;2,246;1,200;0,000;59,900;2,162;5,300;3;0;3;2,504;2,500;2,504;1,200;2,504;1,200;2,504;1,200;2,504;0,600;2,504;0,600;2,504;1,500;2,504;0,600;2,504;0,600
2414301001;5,183;2,400;11,072;0,300;9,375;2,300;5,183;10,952;13,797;0,700;9,959;3,380;11,072;0,468;12,312;0,660;8,935;3,900;12,312;1,000;0;0;0;13,670;1,200;14,614;0,300;13,670;0,600;13,670;0,900;14,614;0,300;9,375;0,600;13,670;0,600;87,741;0,000;13,931;0,300
2414401001;10,353;1,200;9,266;0,400;9,266;1,300;5,487;6,390;13,837;0,300;5,487;2,158;14,609;0,468;36,313;0,000;0,000;7,300;5,487;1,700;2;0;2;8,233;0,900;32,665;0,000;13,837;0,300;13,837;0,300;36,438;0,000;13,837;0,300;32,378;0,000;36,438;0,000;10,353;0,300
2414501001;12,208;0,500;24,872;0,100;0,000;1,400;12,208;1,452;25,164;0,100;25,164;0,390;58,369;0,000;56,062;0,000;41,019;0,000;25,599;0,200;0;0;0;47,490;0,000;56,341;0,000;56,341;0,000;25,164;0,100;56,341;0,000;25,164;0,100;47,490;0,000;56,341;0,000;56,341;0,000
2414601001;15,969;0,500;16,811;0,300;10,374;0,800;7,707;4,260;28,055;0,100;16,811;0,520;34,355;0,000;57,715;0,000;16,093;1,100;26,957;0,100;0;0;0;15,969;0,200;52,789;0,000;27,739;0,100;27,739;0,100;57,761;0,000;34,501;0,000;52,789;0,000;57,761;0,000;15,969;0,100
2414801001;3,082;1,200;9,683;0,400;3,118;1,400;0,000;6,408;3,418;0,600;3,082;2,028;4,586;0,936;39,821;0,000;0,000;5,900;1,142;2,600;4;0;4;3,418;1,000;36,449;0,000;3,418;0,600;3,418;0,600;40,002;0,000;3,418;0,600;33,248;0,000;40,002;0,000;19,590;0,100
2414801002;4,084;1,200;10,316;0,400;3,932;1,400;1,142;5,884;4,165;0,600;4,084;2,028;5,410;0,468;38,811;0,000;1,142;5,400;0,000;3,000;0;3;3;4,165;1,000;35,460;0,000;4,165;0,600;4,165;0,600;38,994;0,000;4,165;0,600;32,146;0,000;38,994;0,000;20,068;0,100
2414901001;7,914;0,600;27,875;0,100;7,914;0,800;5,492;4,278;33,082;0,000;6,041;1,040;32,465;0,000;34,604;0,000;0,000;6,000;21,234;0,400;2;0;2;7,914;0,500;26,512;0,100;31,993;0,000;31,993;0,000;34,515;0,000;34,515;0,000;26,512;0,100;34,515;0,000;26,497;0,200
2415001001;7,777;2,200;19,905;0,600;6,104;1,500;5,870;9,498;23,009;0,400;7,777;2,692;22,913;0,312;24,258;0,200;0,000;16,600;13,452;1,800;2;0;2;14,544;1,100;20,706;0,200;20,706;0,300;20,706;0,300;24,297;0,100;24,297;0,200;20,706;0,300;24,297;0,100;19,499;0,200
2415101001;13,318;2,100;20,008;0,500;13,318;1,700;7,951;6,172;21,420;0,300;18,395;1,886;22,464;0,156;19,634;0,200;16,512;9,900;7,951;3,100;0;0;0;16,512;0,600;21,155;0,200;21,155;0,200;21,155;0,200;21,155;0,100;21,155;0,100;21,155;0,300;21,155;0,100;21,155;0,100
2415201001;14,249;0,800;13,051;0,300;13,051;1,100;10,603;3,612;18,833;0,400;19,830;0,780;18,174;0,156;23,932;0,220;10,351;2,000;14,249;1,100;0;0;0;19,292;0,500;25,870;0,100;19,292;0,300;19,292;0,400;25,870;0,100;19,292;0,200;26,451;0,200;60,945;0,000;26,976;0,100
2415301001;16,284;0,300;30,476;0,000;16,284;0,400;11,869;1,778;33,134;0,000;16,284;0,390;32,117;0,000;34,377;0,000;0,000;4,200;10,611;0,900;4;0;4;16,291;0,300;20,967;0,100;34,103;0,000;34,103;0,000;34,153;0,000;34,153;0,000;20,967;0,100;34,153;0,000;20,967;0,100
2415401001;6,328;0,800;7,354;0,300;7,354;0,800;0,000;5,930;26,602;0,100;7,354;1,066;26,699;0,156;48,570;0,000;6,434;3,400;19,205;0,500;0;0;0;6,328;0,500;44,938;0,000;26,602;0,100;26,602;0,100;48,631;0,000;26,602;0,100;44,938;0,000;48,631;0,000;6,328;0,300
2415501001;7,472;1,100;6,115;0,400;6,115;0,900;4,216;5,990;14,675;0,300;6,115;1,846;15,182;0,156;39,562;0,000;3,565;6,000;8,736;1,400;0;0;0;7,472;0,900;35,899;0,000;14,675;0,300;14,675;0,300;39,678;0,000;14,675;0,300;35,898;0,000;39,678;0,000;7,472;0,300
2415601001;19,615;0,200;35,093;0,000;19,615;0,400;8,914;1,336;37,172;0,000;17,040;0,390;36,286;0,000;37,029;0,000;17,420;1,200;8,914;1,000;0;0;0;9,791;0,300;37,530;0,000;37,530;0,000;37,530;0,000;37,530;0,000;32,295;0,000;37,530;0,000;37,530;0,000;29,320;0,100
2415701001;0,000;1,900;14,321;0,400;1,690;1,400;0,000;8,458;28,010;0,100;0,000;2,782;28,851;0,156;31,940;0,000;1,690;7,300;14,925;0,900;0;0;0;13,430;0,700;28,429;0,100;28,010;0,200;28,010;0,200;31,967;0,000;28,010;0,100;28,429;0,100;31,967;0,000;13,430;0,300
2415701002;1,690;2,100;15,207;0,400;0,000;2,000;0,000;9,082;27,650;0,300;1,690;2,362;28,546;0,312;30,310;0,000;0,000;11,500;14,140;1,000;2;0;2;14,459;0,700;26,784;0,100;26,784;0,200;26,784;0,200;30,341;0,000;27,650;0,100;26,784;0,100;30,341;0,000;14,459;0,300
2415801001;5,586;2,000;23,871;0,500;5,586;1,500;5,586;6,248;25,376;0,300;16,190;1,782;28,424;0,156;26,389;0,200;15,462;10,200;18,095;1,700;0;0;0;16,741;0,400;26,115;0,200;26,115;0,200;26,115;0,200;26,639;0,100;26,639;0,100;16,741;0,300;26,639;0,100;26,639;0,100
2415901001;4,805;2,400;21,332;0,700;4,805;1,800;0,000;10,386;18,119;0,400;4,805;3,342;19,375;0,312;25,152;0,200;0,000;17,300;0,000;2,800;4;3;7;4,701;1,200;21,681;0,200;18,119;0,300;18,119;0,300;25,318;0,100;18,119;0,200;19,937;0,300;25,318;0,100;22,011;0,200
2416001001;5,720;2,000;21,319;0,500;5,720;1,400;5,720;5,722;23,912;0,300;5,720;1,756;22,876;0,156;24,870;0,200;0,000;13,100;0,000;2,600;4;2;6;14,890;0,700;24,737;0,200;24,737;0,200;24,737;0,200;24,737;0,100;24,737;0,100;24,737;0,200;24,737;0,100;24,737;0,100
2416101001;6,896;0,700;7,258;0,400;7,258;0,900;7,510;3,160;7,510;0,300;6,896;0,936;6,434;0,468;40,246;0,000;8,388;2,700;6,755;1,400;0;0;0;7,510;0,500;42,384;0,000;7,510;0,300;7,510;0,300;42,384;0,000;7,510;0,300;42,957;0,000;49,574;0,000;20,643;0,100
2416201001;5,154;4,900;6,335;1,500;4,276;3,200;0,000;16,322;6,478;0,900;5,154;4,644;6,509;0,468;7,713;0,600;0,000;35,200;0,000;4,200;4;3;7;4,276;2,000;4,276;0,900;4,276;0,900;4,276;0,900;7,748;0,300;7,748;0,300;4,276;1,200;7,748;0,300;7,748;0,300
2416301001;5,661;4,900;6,089;1,500;6,979;3,000;0,000;14,524;7,798;0,900;5,105;4,384;10,838;0,468;8,668;0,600;3,759;30,900;7,431;3,700;0;0;0;3,759;2,000;8,911;0,600;8,911;0,600;8,911;0,600;8,911;0,300;8,911;0,300;3,759;1,200;8,911;0,300;8,911;0,300
2416301002;6,169;4,800;6,131;1,500;8,229;3,200;5,215;13,896;8,835;0,900;7,516;4,488;11,276;0,468;8,291;0,600;5,060;29,900;3,435;4,200;0;0;0;3,381;1,800;9,091;0,600;9,091;0,600;9,091;0,600;9,091;0,300;9,091;0,300;8,973;0,900;9,091;0,300;9,091;0,300
2416301003;4,222;5,500;2,836;2,100;4,856;3,700;2,836;17,676;5,480;0,900;4,287;5,074;8,083;0,468;5,390;0,600;2,019;36,100;3,478;5,700;0;0;0;0,000;2,200;5,907;0,600;5,907;0,600;5,907;0,600;5,907;0,300;5,907;0,300;5,907;0,900;5,907;0,300;5,907;0,300
2416301004;3,860;5,800;3,235;2,100;4,346;3,700;2,759;17,008;5,060;0,900;2,759;5,074;8,054;0,468;5,828;0,600;2,744;36,400;5,069;3,700;0;0;0;2,285;1,900;6,066;0,600;6,066;0,600;6,066;0,600;6,066;0,300;6,066;0,300;5,454;0,900;6,066;0,300;6,066;0,300
2416401001;15,874;0,200;33,761;0,000;10,868;0,600;14,732;1,348;32,665;0,000;16,658;0,260;47,592;0,000;45,232;0,000;36,231;0,000;16,658;0,400;0;0;0;36,933;0,000;45,543;0,000;45,543;0,000;32,665;0,000;45,543;0,000;32,665;0,000;36,933;0,000;45,543;0,000;45,543;0,000
2416501001;11,074;1,300;19,521;0,100;11,074;1,100;6,153;5,326;22,772;0,200;11,074;1,560;19,521;0,156;23,345;0,100;11,074;1,500;8,731;0,700;0;0;0;21,853;0,400;23,527;0,100;21,853;0,200;21,853;0,300;23,527;0,100;16,521;0,200;21,853;0,200;107,298;0,000;22,583;0,100
2416601001;4,127;1,200;3,573;0,700;3,573;1,200;0,000;6,538;18,891;0,100;3,573;1,976;19,388;0,156;39,579;0,000;0,000;6,200;11,219;0,900;2;0;2;4,127;1,000;35,904;0,000;18,891;0,100;18,891;0,100;39,670;0,000;18,891;0,100;35,904;0,000;39,670;0,000;4,127;0,600
2416701001;0,000;1,400;29,096;0,100;0,000;1,400;0,000;3,540;30,746;0,000;16,558;0,676;33,800;0,000;31,704;0,000;20,555;1,600;16,558;0,700;0;0;0;22,258;0,200;31,605;0,000;31,605;0,000;31,605;0,000;31,950;0,000;31,950;0,000;22,258;0,100;31,950;0,000;31,950;0,000
2416801001;9,055;0,600;27,426;0,300;9,055;0,900;0,000;5,438;28,224;0,100;8,973;0,910;37,857;0,000;40,022;0,000;0,000;5,900;25,965;0,200;2;0;2;9,055;0,600;23,485;0,100;27,933;0,100;27,933;0,100;39,927;0,000;39,927;0,000;23,485;0,100;39,927;0,000;23,485;0,200
2416901001;0,000;2,500;17,206;0,100;0,000;2,300;0,000;9,090;12,552;0,500;0,000;3,120;17,206;0,156;9,669;0,460;7,646;2,800;9,669;1,100;0;0;0;17,603;0,400;17,673;0,100;17,791;0,200;17,603;0,300;17,673;0,100;17,791;0,200;17,791;0,200;78,474;0,000;17,603;0,100
2416901002;2,347;2,200;19,553;0,100;2,347;2,000;0,000;9,420;13,382;0,600;2,347;2,730;19,553;0,156;11,597;0,460;8,069;2,600;11,597;1,100;0;0;0;19,896;0,400;19,933;0,100;20,102;0,200;19,896;0,400;19,933;0,100;20,102;0,300;20,102;0,200;77,396;0,000;19,896;0,100
2416901003;6,119;1,700;22,278;0,100;6,119;1,500;0,000;7,790;17,838;0,400;6,119;2,080;22,278;0,156;15,788;0,220;12,461;1,900;15,788;0,400;0;0;0;23,311;0,400;23,492;0,100;23,413;0,200;23,311;0,400;23,492;0,100;22,180;0,300;23,413;0,200;79,707;0,000;23,311;0,100
2417001001;0,000;1,800;19,957;0,200;10,053;1,100;0,000;6,470;10,422;0,600;10,053;1,300;24,604;0,312;17,740;0,220;0,000;3,600;0,000;2,100;2;5;7;24,615;0,500;24,615;0,100;25,170;0,300;25,170;0,400;24,615;0,100;25,170;0,200;25,186;0,200;59,612;0,000;25,499;0,100
2417001002;6,866;1,100;20,645;0,200;9,235;1,200;0,000;5,922;8,355;0,600;9,235;1,300;24,062;0,312;14,441;0,460;0,000;3,600;6,866;1,300;2;0;2;19,246;0,500;19,246;0,100;19,842;0,300;20,245;0,400;19,246;0,100;20,999;0,300;19,842;0,200;64,556;0,000;20,245;0,100
2417101001;6,721;1,100;20,546;0,100;6,721;1,300;6,721;5,594;25,079;0,200;6,721;1,820;20,546;0,156;24,836;0,100;6,721;2,100;13,189;0,500;0;0;0;24,270;0,400;26,114;0,100;24,270;0,200;24,270;0,300;26,114;0,100;14,170;0,400;24,270;0,200;107,150;0,000;25,005;0,100
2417201001;19,714;0,100;32,148;0,000;0,000;1,200;18,682;0,854;32,429;0,000;32,429;0,000;35,086;0,000;36,074;0,000;32,136;0,000;26,791;0,100;0;0;0;34,042;0,000;34,042;0,000;34,337;0,000;34,310;0,000;34,042;0,000;35,335;0,000;34,337;0,000;78,841;0,000;34,886;0,000
2417301001;5,582;2,200;22,402;0,700;5,582;1,600;0,000;9,008;17,564;0,400;5,024;2,874;18,814;0,312;26,220;0,200;0,000;15,500;7,417;2,200;4;0;4;9,792;0,900;23,273;0,200;17,564;0,300;17,564;0,300;26,434;0,100;17,564;0,200;18,398;0,300;26,434;0,100;26,434;0,200
2417401001;4,264;2,200;13,794;0,600;3,278;1,900;0,000;9,230;24,479;0,400;4,264;2,752;25,405;0,312;29,997;0,100;3,278;12,500;10,862;1,300;0;0;0;12,708;1,000;26,375;0,100;24,479;0,200;24,479;0,200;30,055;0,000;24,479;0,100;26,375;0,200;30,055;0,000;13,385;0,300
2417501001;7,017;4,900;7,720;1,500;7,410;3,000;0,000;14,056;7,819;0,900;6,823;4,228;7,854;0,468;6,943;0,600;0,000;31,200;7,017;3,700;2;0;2;0,000;2,100;7,954;0,600;7,954;0,600;7,954;0,600;7,954;0,300;7,954;0,300;7,954;0,700;7,954;0,300;7,954;0,300
2417601001;6,541;0,900;7,744;0,300;7,744;1,000;6,500;5,734;25,117;0,100;7,141;1,586;25,703;0,156;38,303;0,000;0,000;6,300;14,881;0,700;2;0;2;6,541;0,600;34,700;0,000;25,117;0,100;25,117;0,100;38,354;0,000;25,117;0,100;34,700;0,000;38,354;0,000;6,541;0,300
2417701001;14,079;0,400;41,909;0,000;14,079;0,600;11,936;1,972;44,421;0,000;14,079;0,650;45,829;0,000;42,601;0,000;40,648;0,000;11,034;1,500;0;0;0;39,729;0,000;44,006;0,000;44,006;0,000;44,006;0,000;44,006;0,000;44,006;0,000;44,006;0,000;44,006;0,000;44,006;0,000
2417801001;12,490;0,400;29,014;0,200;10,347;1,100;6,638;3,406;29,630;0,100;12,456;0,650;45,059;0,000;47,394;0,000;10,347;3,600;30,008;0,000;0;0;0;10,347;0,700;10,347;0,300;29,472;0,100;29,472;0,100;47,241;0,000;47,241;0,000;10,347;0,300;47,241;0,000;10,347;0,300
2417901001;8,271;0,800;31,669;0,000;8,271;1,000;6,616;2,872;33,908;0,000;11,397;0,780;35,241;0,000;32,074;0,000;30,415;0,000;0,000;3,100;0;2;2;29,730;0,100;33,526;0,000;33,526;0,000;33,526;0,000;33,526;0,000;33,526;0,000;33,526;0,000;33,526;0,000;33,526;0,000
2418001001;13,608;1,100;26,783;0,400;11,514;1,000;0,000;4,748;28,452;0,200;13,608;1,370;27,776;0,156;28,073;0,200;13,578;9,000;13,115;1,900;0;0;0;0,000;1,200;28,753;0,100;28,753;0,100;28,753;0,100;28,753;0,100;28,753;0,100;28,753;0,100;28,753;0,100;28,753;0,100
2418101001;20,861;0,300;20,512;0,200;0,865;1,600;6,965;3,240;20,890;0,100;0,000;1,690;56,718;0,000;48,418;0,000;11,876;2,200;42,444;0,000;0;0;0;15,949;0,300;15,949;0,100;20,861;0,100;20,861;0,100;38,485;0,000;58,881;0,000;15,949;0,100;58,881;0,000;15,949;0,100
2418101002;21,394;0,300;21,034;0,200;0,000;1,600;6,150;3,084;21,435;0,100;0,865;1,690;55,923;0,000;48,907;0,000;11,752;2,200;41,579;0,000;0;0;0;15,255;0,300;15,255;0,100;21,394;0,100;21,394;0,100;39,029;0,000;58,087;0,000;15,255;0,100;58,087;0,000;15,255;0,100
2418201001;6,234;0,900;11,745;0,600;7,202;1,100;7,052;4,408;7,546;0,300;6,234;1,586;7,505;0,468;44,155;0,000;7,052;4,200;0,000;2,200;0;3;3;7,546;0,900;40,611;0,000;7,546;0,300;7,546;0,300;44,310;0,000;7,546;0,300;38,660;0,000;44,310;0,000;14,713;0,300
2418301001;9,950;0,800;11,124;0,300;9,950;0,800;0,000;3,580;10,060;0,300;10,903;0,910;55,262;0,000;53,497;0,000;10,903;0,900;0,000;2,800;0;2;2;11,124;0,300;54,877;0,000;11,124;0,300;54,877;0,000;54,877;0,000;38,673;0,000;54,877;0,000;54,877;0,000;11,124;0,300
2418401001;13,339;0,600;30,532;0,000;13,339;0,700;8,743;2,248;30,290;0,000;19,558;0,416;30,932;0,000;39,475;0,000;16,362;1,100;16,362;0,600;0;0;0;29,251;0,100;38,220;0,000;30,290;0,000;30,290;0,000;39,732;0,000;30,290;0,000;29,251;0,100;39,732;0,000;39,732;0,000
2418501001;9,415;0,700;6,735;0,400;6,735;0,900;9,638;2,904;9,638;0,300;9,415;0,806;8,387;0,468;37,153;0,000;10,295;2,600;10,247;1,400;0;0;0;9,638;0,500;39,000;0,000;9,638;0,300;9,638;0,300;39,000;0,000;9,638;0,300;39,569;0,000;52,469;0,000;23,855;0,100
2418701001;11,164;2,200;19,254;0,600;9,866;1,500;0,000;9,190;20,563;0,300;11,164;2,432;20,220;0,156;21,986;0,200;0,000;16,200;14,530;1,500;2;0;2;18,791;0,800;18,791;0,200;18,791;0,200;18,791;0,200;21,965;0,100;21,965;0,100;18,791;0,300;21,965;0,100;21,965;0,200
2418801001;0,000;1,200;31,233;0,000;0,000;1,400;3,231;3,402;33,578;0,000;2,970;1,170;32,780;0,000;35,092;0,000;0,000;4,900;19,003;0,400;2;0;2;0,000;1,100;20,185;0,100;33,152;0,000;33,152;0,000;34,951;0,000;34,951;0,000;20,185;0,100;34,951;0,000;20,185;0,100
2418801002;3,231;0,800;32,197;0,000;3,231;1,000;0,000;4,262;32,955;0,000;5,091;0,780;35,592;0,000;37,879;0,000;3,231;4,500;22,121;0,200;0;0;0;3,231;0,700;19,234;0,100;32,701;0,000;32,701;0,000;37,748;0,000;37,748;0,000;19,234;0,100;37,748;0,000;19,234;0,100
2418801003;2,970;0,800;29,016;0,100;2,970;1,000;5,091;3,586;31,280;0,000;0,000;1,690;30,523;0,000;32,803;0,000;2,970;5,100;17,388;0,400;0;0;0;2,970;0,700;23,154;0,100;30,697;0,000;30,697;0,000;32,674;0,000;32,674;0,000;23,154;0,100;32,674;0,000;23,154;0,100
2418901001;4,878;5,200;10,354;1,500;6,467;2,900;7,483;15,238;9,674;0,900;4,878;5,242;11,472;0,468;11,009;0,600;0,000;33,500;7,644;3,300;6;0;6;6,905;1,400;7,984;0,600;7,984;0,600;7,984;0,600;11,210;0,300;11,210;0,300;6,905;0,900;11,210;0,300;11,210;0,300
2418901002;0,000;7,700;5,487;1,500;1,711;4,100;2,608;17,042;4,824;1,200;0,000;6,386;6,699;0,468;6,140;0,600;0,748;36,800;5,154;3,400;0;0;0;3,293;1,900;3,293;0,900;3,293;0,900;3,293;0,900;6,336;0,300;6,336;0,300;3,293;1,200;6,336;0,300;6,336;0,300
2418901003;0,748;8,000;4,928;1,800;1,470;4,700;2,062;17,522;4,301;1,200;0,748;6,386;5,992;0,468;5,574;0,600;0,000;39,000;4,679;4,000;5;0;5;2,556;1,900;2,556;0,900;2,556;0,900;2,556;0,900;5,755;0,300;5,755;0,300;2,556;1,200;5,755;0,300;5,755;0,300
2418901004;0,669;6,800;5,982;1,500;2,335;3,500;3,107;16,466;5,345;0,900;0,669;5,996;7,001;0,468;6,629;0,600;1,057;34,400;4,744;3,700;0;0;0;3,524;1,900;3,524;0,900;3,524;0,900;3,524;0,900;6,812;0,300;6,812;0,300;3,524;1,200;6,812;0,300;6,812;0,300
2418901005;0,465;8,000;5,023;1,500;1,288;4,100;2,144;17,522;4,361;1,200;0,465;6,686;6,265;0,468;5,676;0,600;0,476;38,400;4,919;3,700;0;0;0;2,897;1,900;2,897;0,900;2,897;0,900;2,897;0,900;5,872;0,300;5,872;0,300;2,897;1,200;5,872;0,300;5,872;0,300
2419001001;16,410;0,300;36,391;0,000;14,976;0,800;14,976;1,678;39,047;0,000;18,607;0,520;38,044;0,000;40,340;0,000;0,000;4,200;15,808;0,600;2;0;2;14,976;0,500;14,976;0,300;39,830;0,000;39,830;0,000;40,124;0,000;40,124;0,000;14,976;0,300;40,124;0,000;14,976;0,400
2419101001;13,406;0,500;37,383;0,000;13,406;0,700;9,789;1,760;40,006;0,000;20,460;0,390;38,971;0,000;41,034;0,000;0,000;3,900;9,789;1,000;2;0;2;21,013;0,300;21,013;0,100;40,875;0,000;40,875;0,000;40,875;0,000;40,875;0,000;21,013;0,100;40,875;0,000;21,013;0,200
2419301001;8,977;1,800;26,624;0,400;8,977;1,600;0,000;6,812;28,461;0,300;13,309;1,860;29,673;0,156;26,630;0,200;24,311;8,500;0,000;4,100;0;2;2;24,311;0,300;28,128;0,100;28,128;0,100;28,128;0,100;28,128;0,100;28,128;0,100;28,128;0,100;28,128;0,100;28,128;0,100
2419401001;7,041;0,600;30,213;0,000;7,041;1,100;5,975;3,484;32,946;0,000;12,070;0,910;34,923;0,000;31,656;0,000;29,004;0,100;7,041;2,500;0;0;0;27,622;0,100;32,846;0,000;32,846;0,000;32,846;0,000;32,846;0,000;32,846;0,000;30,950;0,000;32,846;0,000;32,846;0,000
2419601001;0,000;2,500;16,142;0,100;4,980;1,800;0,000;8,840;18,977;0,300;4,980;2,470;16,142;0,156;16,389;0,220;13,258;2,700;16,389;0,500;0;0;0;18,852;0,400;19,782;0,100;18,852;0,200;18,852;0,300;19,782;0,100;13,258;0,400;18,852;0,200;89,232;0,000;19,112;0,100
2419601002;7,933;1,200;22,429;0,100;7,933;1,000;7,933;4,940;26,245;0,200;7,933;1,430;22,429;0,156;25,202;0,220;8,451;1,500;23,112;0,400;0;0;0;25,873;0,400;27,198;0,100;25,873;0,200;25,873;0,300;27,198;0,100;17,156;0,200;25,873;0,200;98,045;0,000;26,322;0,100
2419701001;11,335;4,900;8,972;1,300;10,951;3,100;4,422;13,586;11,213;0,900;11,490;4,514;10,450;0,468;12,733;0,600;4,422;32,600;6,773;2,900;0;0;0;10,951;1,400;10,951;0,600;10,951;0,600;10,951;0,600;12,601;0,300;12,601;0,300;10,951;0,700;12,601;0,300;12,601;0,300
2419801001;15,673;0,400;29,655;0,100;15,673;0,300;0,000;3,166;34,184;0,000;15,673;0,520;29,655;0,156;33,946;0,000;14,000;1,000;21,594;0,200;0;0;0;33,368;0,000;35,216;0,000;33,368;0,000;33,368;0,000;35,216;0,000;23,260;0,100;33,368;0,000;115,737;0,000;34,106;0,000
2419901001;12,169;1,000;28,517;0,200;12,169;0,900;6,949;4,580;29,768;0,100;12,169;1,370;30,691;0,000;28,026;0,200;24,044;5,100;0,000;3,700;0;2;2;24,044;0,400;29,544;0,100;29,544;0,100;29,544;0,100;29,544;0,100;29,544;0,100;29,544;0,100;29,544;0,100;29,544;0,100
2420101001;14,192;2,000;16,880;0,500;9,299;1,500;10,130;6,596;17,236;0,300;16,456;1,756;17,698;0,156;15,805;0,200;10,130;10,600;14,091;3,000;0;0;0;10,130;0,800;17,188;0,200;17,188;0,200;17,188;0,200;17,188;0,100;17,188;0,100;17,188;0,300;17,188;0,100;17,188;0,100
2420201001;0,465;1,300;5,696;0,300;0,666;1,500;0,275;3,924;0,465;1,000;0,465;2,080;48,921;0,000;40,122;0,000;33,442;0,000;35,704;0,000;0;0;0;49,176;0,000;49,176;0,000;49,408;0,000;0,465;1,000;49,176;0,000;0,465;1,000;49,408;0,000;71,700;0,000;49,239;0,000
2420201002;0,000;1,300;5,657;0,300;0,250;1,500;0,440;3,924;0,000;1,000;0,000;2,080;48,667;0,000;39,940;0,000;33,301;0,000;35,856;0,000;0;0;0;48,968;0,000;48,968;0,000;49,196;0,000;0,000;1,000;48,968;0,000;0,000;1,000;49,196;0,000;72,098;0,000;49,022;0,000
2420201003;0,628;1,300;5,668;0,300;0,482;1,500;1,018;3,404;0,628;1,000;0,628;2,080;48,326;0,000;39,697;0,000;33,115;0,000;36,067;0,000;0;0;0;48,690;0,000;48,690;0,000;48,912;0,000;0,628;1,000;48,690;0,000;0,628;1,000;48,912;0,000;72,635;0,000;48,731;0,000
2420201004;0,250;1,300;5,828;0,300;0,000;1,500;0,542;3,924;0,250;1,000;0,250;2,080;48,424;0,000;39,709;0,000;33,081;0,000;35,751;0,000;0;0;0;48,732;0,000;48,732;0,000;48,959;0,000;0,250;1,000;48,732;0,000;0,250;1,000;48,959;0,000;72,161;0,000;48,785;0,000
2420201005;2,891;0,700;4,530;0,600;2,857;1,400;0,000;3,726;2,891;0,600;2,484;1,560;48,850;0,000;40,640;0,000;34,280;0,000;38,241;0,000;0;0;0;49,469;0,000;49,480;0,000;49,673;0,000;2,891;0,600;49,480;0,000;2,891;0,600;49,673;0,000;74,983;0,000;49,469;0,000
2420201006;0,440;1,300;5,937;0,300;0,542;1,500;0,000;3,924;0,440;1,000;0,440;2,080;48,651;0,000;39,847;0,000;33,168;0,000;35,498;0,000;0;0;0;48,901;0,000;48,901;0,000;49,134;0,000;0,440;1,000;48,901;0,000;0,440;1,000;49,134;0,000;71,660;0,000;48,965;0,000
2420202001;3,090;0,800;6,970;0,300;2,878;1,200;2,484;3,066;3,090;0,600;0,000;2,210;46,455;0,000;38,163;0,000;31,797;0,000;36,275;0,000;0;0;0;47,023;0,000;47,024;0,000;47,224;0,000;3,090;0,600;47,024;0,000;3,090;0,600;47,224;0,000;74,312;0,000;47,023;0,000
2420202002;6,483;0,600;9,932;0,300;6,604;0,800;6,066;2,584;6,483;0,300;6,483;0,780;50,816;0,000;41,095;0,000;32,415;0,000;32,415;0,000;0;0;0;50,412;0,000;50,412;0,000;50,709;0,000;6,483;0,300;50,412;0,000;6,483;0,300;50,709;0,000;65,824;0,000;50,606;0,000
2420203001;5,657;0,600;0,000;1,000;0,000;1,500;0,000;3,538;5,657;0,300;5,657;0,780;53,379;0,000;45,118;0,000;38,669;0,000;41,300;0,000;0;0;0;53,991;0,000;53,994;0,000;54,193;0,000;5,657;0,300;53,994;0,000;5,657;0,300;54,193;0,000;75,368;0,000;53,991;0,000
2420203002;4,864;0,700;6,365;0,300;4,737;1,100;2,413;2,546;4,864;0,600;2,562;1,560;47,272;0,000;39,442;0,000;33,325;0,000;38,224;0,000;0;0;0;48,066;0,000;48,122;0,000;48,240;0,000;4,864;0,600;48,122;0,000;4,864;0,600;48,240;0,000;76,751;0,000;48,066;0,000
2420301001;5,322;0,500;33,456;0,000;5,322;0,900;4,513;3,546;34,164;0,000;8,250;0,780;37,607;0,000;39,943;0,000;5,322;4,300;23,273;0,300;0;0;0;5,322;0,600;14,990;0,300;33,947;0,000;33,947;0,000;39,790;0,000;39,790;0,000;14,990;0,300;39,790;0,000;14,990;0,300
2420501001;10,618;2,500;18,023;0,600;10,618;1,600;0,000;9,814;17,408;0,400;10,618;3,186;18,568;0,312;18,659;0,200;0,000;17,000;6,493;2,200;5;0;5;11,083;1,200;15,195;0,200;15,195;0,300;15,195;0,300;18,825;0,100;18,825;0,200;14,215;0,500;18,825;0,100;18,825;0,200
2420601001;4,052;2,200;10,928;0,300;6,811;2,100;0,000;11,418;14,602;0,700;6,647;3,120;10,928;0,468;14,975;0,420;6,647;3,200;0,000;2,100;0;1;1;13,681;1,000;15,473;0,100;13,681;0,600;13,681;0,900;15,473;0,100;8,140;0,600;13,681;0,600;99,133;0,000;14,441;0,300
2420701001;8,528;0,500;28,026;0,200;8,528;0,700;3,099;4,462;30,741;0,000;7,445;0,780;34,967;0,000;37,104;0,000;0,000;5,700;23,582;0,200;2;0;2;8,528;0,500;25,520;0,100;30,436;0,000;30,436;0,000;37,016;0,000;37,016;0,000;25,520;0,100;37,016;0,000;25,520;0,200
2420901001;0,000;2,000;14,179;0,300;0,000;2,000;0,000;7,686;18,627;0,200;0,000;2,990;14,179;0,468;18,519;0,220;0,000;3,500;6,811;0,800;2;0;2;17,782;0,400;19,641;0,100;17,782;0,200;17,782;0,300;19,641;0,100;8,282;0,400;17,782;0,200;101,840;0,000;18,533;0,100
2420901002;10,084;1,400;19,461;0,100;10,084;1,400;8,915;6,136;23,911;0,200;10,084;1,950;19,461;0,156;23,237;0,220;0,000;2,900;16,476;0,400;2;0;2;23,287;0,400;24,958;0,100;23,287;0,200;23,287;0,300;24,958;0,100;12,991;0,400;23,287;0,200;102,179;0,000;23,912;0,100
2421001001;10,618;0,800;19,207;0,100;13,405;0,900;10,618;2,864;20,349;0,200;19,470;0,676;22,137;0,156;27,604;0,120;0,000;2,800;0,000;2,100;2;8;10;22,161;0,100;35,128;0,000;22,161;0,100;22,161;0,100;35,128;0,000;22,161;0,100;35,688;0,000;49,973;0,000;35,975;0,000
2421101001;15,055;0,400;20,692;0,200;15,055;0,600;6,750;4,778;21,486;0,100;15,556;0,520;44,432;0,000;46,560;0,000;0,000;4,900;32,707;0,000;2;0;2;15,055;0,400;24,009;0,100;21,199;0,100;21,199;0,100;46,475;0,000;46,475;0,000;24,009;0,100;46,475;0,000;24,009;0,200
2421201001;10,868;2,200;25,837;0,400;10,868;1,600;0,000;7,940;27,675;0,300;7,976;2,176;27,114;0,156;29,186;0,100;0,000;14,100;17,354;0,700;2;0;2;10,868;0,700;26,438;0,200;26,438;0,200;26,438;0,200;29,111;0,100;29,111;0,100;26,438;0,200;29,111;0,100;25,236;0,200
2421301001;25,052;0,400;30,416;0,000;16,924;0,500;11,531;1,648;29,392;0,100;20,256;0,520;38,643;0,000;38,500;0,000;23,507;1,400;15,395;0,900;0;0;0;11,531;0,300;39,366;0,000;30,416;0,000;39,366;0,000;39,366;0,000;29,336;0,100;39,366;0,000;39,366;0,000;30,416;0,000
2421401001;13,013;0,800;15,524;0,100;13,013;0,900;11,416;3,784;13,786;0,300;12,583;1,378;14,586;0,468;36,728;0,000;11,416;4,000;7,435;1,600;0;0;0;13,786;0,500;34,107;0,000;13,786;0,300;13,786;0,300;36,960;0,000;13,786;0,300;27,699;0,100;36,960;0,000;32,397;0,000
2421501001;13,574;0,500;41,372;0,000;13,574;0,700;12,913;1,604;40,627;0,000;8,425;0,650;44,403;0,000;45,346;0,000;13,574;2,100;12,913;0,900;0;0;0;18,396;0,100;37,001;0,000;41,372;0,000;45,763;0,000;45,763;0,000;26,543;0,100;37,001;0,000;45,763;0,000;21,624;0,100
2421601001;9,689;0,700;8,355;0,400;8,355;0,800;7,248;3,752;17,104;0,100;8,355;0,936;16,855;0,156;49,250;0,000;10,795;2,700;9,650;0,700;0;0;0;9,689;0,500;45,588;0,000;17,104;0,100;17,104;0,100;49,367;0,000;17,104;0,100;45,321;0,000;49,367;0,000;9,689;0,300
2421701001;11,937;0,600;27,151;0,200;11,937;0,800;8,959;3,066;29,784;0,100;11,937;0,780;28,751;0,156;30,914;0,000;4,794;6,600;6,226;1,200;0;0;0;17,956;0,400;25,751;0,100;30,690;0,000;30,690;0,000;30,690;0,000;30,690;0,000;25,751;0,100;30,690;0,000;25,751;0,100
2421801001;8,970;2,000;13,474;0,700;8,970;1,400;8,970;6,862;16,097;0,300;8,970;1,886;15,132;0,156;17,477;0,200;5,804;14,100;0,000;2,500;0;6;6;16,326;0,700;16,720;0,200;16,720;0,200;16,720;0,200;17,281;0,100;17,281;0,100;16,720;0,300;17,281;0,100;17,281;0,100
2421901001;6,294;0,800;7,514;0,400;5,334;1,100;4,018;4,204;5,059;0,300;6,294;1,248;5,721;0,468;39,361;0,000;4,018;4,600;4,686;1,900;0;0;0;5,059;0,700;37,999;0,000;5,059;0,300;5,059;0,300;41,307;0,000;5,059;0,300;33,299;0,000;41,307;0,000;25,836;0,100
2422101001;15,522;0,300;15,025;0,200;11,752;0,800;0,000;5,338;15,754;0,100;11,876;0,780;51,170;0,000;53,323;0,000;0,000;4,100;38,977;0,000;2;0;2;15,522;0,300;23,618;0,100;15,522;0,100;15,522;0,100;49,275;0,000;53,232;0,000;23,618;0,100;53,232;0,000;23,618;0,100
2422201001;3,196;5,100;4,880;1,800;6,455;3,000;3,196;15,688;7,464;0,900;6,444;4,228;9,185;0,468;5,926;0,600;3,627;30,700;0,000;5,300;0;2;2;3,478;1,800;7,127;0,600;7,127;0,600;7,127;0,600;7,127;0,300;7,127;0,300;7,127;0,900;7,127;0,300;7,127;0,300
2422201002;1,627;8,100;1,717;2,700;2,973;4,700;0,648;23,256;3,965;1,500;2,973;7,338;5,703;0,468;2,571;1,200;1,143;53,200;0,648;6,600;0;0;0;3,043;2,200;3,585;0,900;3,585;0,900;3,585;0,900;3,585;0,600;3,585;0,600;3,585;1,200;3,585;0,600;3,585;0,600
2422201003;1,230;7,700;1,773;2,700;2,661;4,600;0,000;22,752;3,823;1,800;2,661;6,948;5,389;0,468;2,147;1,200;1,359;55,000;0,000;6,600;0;2;2;3,363;2,200;3,363;0,900;3,363;0,900;3,363;0,900;3,363;0,600;3,363;0,600;3,363;1,200;3,363;0,600;3,363;0,600
2422201004;1,675;8,300;1,027;2,700;1,814;4,600;0,472;23,968;2,956;1,800;1,814;7,338;4,551;0,936;1,405;1,200;0,472;57,300;0,888;7,000;0;0;0;2,482;2,200;2,482;0,900;2,482;0,900;2,482;0,900;2,482;0,600;2,482;0,600;2,482;1,200;2,482;0,600;2,482;0,600
2422201005;0,714;8,100;2,279;2,700;2,939;4,600;0,000;22,908;4,115;1,500;2,939;6,558;5,620;0,468;2,338;1,200;1,758;52,900;0,550;7,100;0;0;0;3,692;2,200;3,692;0,900;3,692;0,900;3,692;0,900;3,692;0,600;3,692;0,600;3,692;1,200;3,692;0,600;3,692;0,600
2422201006;0,000;6,900;2,988;2,400;3,584;3,700;0,000;21,564;4,757;1,200;3,584;6,258;6,212;0,468;2,943;1,200;2,464;46,500;0,000;6,400;0;2;2;4,222;2,200;4,359;0,900;4,359;0,900;4,359;0,900;4,359;0,600;4,359;0,600;4,359;1,200;4,359;0,600;4,359;0,600
2422201007;2,665;7,900;1,261;2,400;3,319;4,600;1,261;22,428;3,951;1,500;2,916;6,934;6,216;0,468;3,376;1,200;0,000;50,700;1,785;6,300;1;0;1;2,019;2,100;4,032;0,900;4,032;0,900;4,032;0,900;4,032;0,600;4,032;0,600;4,032;1,200;4,032;0,600;4,032;0,600
2422202001;3,155;5,000;6,103;1,500;6,315;2,800;3,155;15,220;7,410;0,900;6,315;4,098;8,582;0,468;5,607;0,600;5,484;29,900;3,155;4,800;0;0;0;5,939;1,600;7,128;0,600;7,128;0,600;7,128;0,600;7,128;0,300;7,128;0,300;7,128;0,900;7,128;0,300;7,128;0,300
2422202002;2,058;8,000;2,897;3,000;2,127;4,600;0,000;22,644;2,708;1,800;2,108;6,948;3,448;0,936;1,716;1,200;1,411;56,600;2,273;5,900;0;0;0;2,723;1,900;2,723;0,900;2,723;0,900;2,723;0,900;2,723;0,600;2,723;0,600;2,723;1,200;2,723;0,600;2,723;0,600
2422202003;1,612;8,300;2,203;3,000;1,383;4,600;0,553;23,628;2,408;1,800;1,383;6,948;3,679;0,936;0,707;1,600;0,707;57,400;1,160;5,900;0;0;0;2,175;1,900;2,175;0,900;2,175;0,900;2,175;0,900;2,175;0,600;2,175;0,600;2,175;1,200;2,175;0,600;2,175;0,600
2422202004;2,156;8,000;2,566;2,700;1,934;4,600;0,000;22,428;2,947;1,800;1,934;6,948;4,148;0,936;1,246;1,200;1,246;56,600;1,629;5,900;0;0;0;2,727;1,900;2,727;0,900;2,727;0,900;2,727;0,900;2,727;0,600;2,727;0,600;2,727;1,200;2,727;0,600;2,727;0,600
2422301001;8,027;1,100;13,644;0,400;8,027;1,100;3,196;6,282;11,383;0,300;3,196;2,444;12,417;0,468;34,337;0,000;0,000;7,800;3,196;2,000;6;0;6;4,776;1,300;30,771;0,000;11,383;0,300;11,383;0,300;34,487;0,000;11,383;0,300;29,377;0,100;34,487;0,000;14,794;0,300
2422301002;7,306;1,600;14,481;0,400;7,306;1,500;0,000;8,478;14,351;0,300;0,000;3,484;15,444;0,156;31,418;0,000;0,000;9,000;0,000;2,400;4;8;12;2,891;1,200;27,819;0,100;14,351;0,400;14,351;0,400;31,560;0,000;14,351;0,300;26,973;0,200;31,560;0,000;15,340;0,100
2422401001;4,079;1,500;16,756;0,200;4,079;1,400;3,919;6,304;10,687;0,300;4,079;2,652;11,930;0,468;32,514;0,000;0,000;8,200;5,359;1,800;6;0;6;3,919;1,200;29,097;0,100;10,687;0,400;10,687;0,400;32,688;0,000;10,687;0,300;26,464;0,200;32,688;0,000;19,338;0,100
2422501001;5,369;1,900;13,422;0,700;5,369;1,500;5,369;6,870;15,534;0,300;5,369;2,016;14,598;0,468;15,568;0,200;0,000;14,800;11,044;1,900;2;0;2;9,854;1,100;15,919;0,200;15,919;0,200;15,919;0,200;15,919;0,100;15,919;0,100;15,919;0,300;15,919;0,100;15,919;0,100
2422601001;24,151;0,400;29,090;0,100;22,161;0,500;15,987;1,412;28,219;0,100;18,781;0,650;43,560;0,000;43,549;0,000;20,510;1,600;17,401;1,100;0;0;0;15,987;0,200;44,368;0,000;29,090;0,100;44,368;0,000;44,368;0,000;24,151;0,100;44,368;0,000;44,368;0,000;29,090;0,100
2422701001;8,883;5,000;6,409;1,500;8,883;3,000;6,409;13,806;9,065;0,900;8,715;4,358;8,064;0,468;10,379;0,600;4,971;32,100;7,165;3,200;0;0;0;10,028;1,300;10,155;0,600;10,155;0,600;10,155;0,600;10,172;0,300;10,172;0,300;10,155;0,700;10,172;0,300;10,172;0,300
2422801001;8,728;1,100;9,030;0,400;8,649;1,100;5,489;5,654;19,347;0,100;7,614;2,184;20,151;0,156;34,090;0,000;0,000;7,400;7,614;1,200;2;0;2;9,211;0,700;30,416;0,000;19,347;0,100;19,347;0,100;34,182;0,000;19,347;0,100;30,416;0,000;34,182;0,000;9,211;0,300
2422901001;17,217;0,300;26,329;0,100;17,781;0,400;11,692;1,768;25,712;0,100;17,781;0,520;50,646;0,000;50,612;0,000;14,569;1,800;19,989;0,900;0;0;0;23,040;0,300;51,444;0,000;26,329;0,100;51,444;0,000;51,444;0,000;17,217;0,100;51,104;0,000;51,444;0,000;26,329;0,100
2423001001;9,216;0,900;16,166;0,300;10,797;0,900;6,886;5,574;29,738;0,100;9,216;0,936;34,914;0,000;39,649;0,000;9,224;5,100;22,969;0,300;0;0;0;14,597;0,600;36,332;0,000;29,375;0,100;29,375;0,100;39,640;0,000;34,302;0,000;36,332;0,000;39,640;0,000;14,597;0,300
2490101001;20,974;0,200;39,664;0,000;10,356;0,700;0,000;3,108;42,309;0,000;10,356;0,520;44,831;0,000;41,755;0,000;37,615;0,000;0,000;1,900;0;3;3;36,842;0,000;42,649;0,000;42,649;0,000;42,649;0,000;42,649;0,000;42,649;0,000;37,615;0,000;42,649;0,000;42,649;0,000
2490201001;12,157;0,500;23,448;0,200;12,157;1,000;6,725;4,414;24,184;0,100;13,553;1,040;43,797;0,000;46,025;0,000;4,727;4,400;30,914;0,000;0;0;0;12,157;0,500;19,012;0,100;23,947;0,100;23,947;0,100;45,913;0,000;45,913;0,000;19,012;0,100;45,913;0,000;19,012;0,100
3400101001;5,560;1,000;24,147;0,200;5,560;1,500;5,560;4,172;24,953;0,330;12,950;1,430;27,833;0,156;24,147;0,250;18,530;4,600;12,950;0,800;0;0;0;25,370;0,400;25,871;0,400;25,871;0,300;25,871;0,200;25,871;0,300;25,871;0,200;16,219;0,500;26,626;0,100;19,457;0,800
3400301001;6,270;0,900;47,555;0,000;6,270;1,000;6,270;2,284;41,527;0,000;13,436;0,780;48,917;0,000;45,102;0,000;6,270;3,100;5,487;1,000;0;0;0;13,436;0,600;46,504;0,000;46,504;0,000;48,049;0,000;46,504;0,000;28,393;0,100;46,504;0,000;46,504;0,000;24,845;0,100
3400401001;0,303;1,200;20,361;0,100;0,000;2,500;0,872;2,808;0,872;1,000;3,952;1,040;68,528;0,000;68,030;0,000;1,274;1,000;1,274;1,900;0;0;0;0,303;1,300;67,798;0,000;24,907;0,100;55,185;0,000;67,648;0,000;49,659;0,000;67,648;0,000;67,798;0,000;35,124;0,000
3400401002;0,000;1,200;20,635;0,100;0,303;2,500;0,657;2,808;0,657;1,000;4,255;1,040;68,336;0,000;67,835;0,000;0,974;1,400;0,974;2,300;0;0;0;0,000;1,300;67,608;0,000;25,160;0,100;54,929;0,000;67,463;0,000;49,913;0,000;67,463;0,000;67,608;0,000;34,832;0,000
3400402001;0,657;1,200;21,215;0,100;0,000;2,500;0,000;2,808;0,000;1,000;4,704;1,040;67,679;0,000;67,179;0,000;0,897;1,400;0,897;2,300;0;0;0;0,657;1,300;66,952;0,000;25,777;0,100;54,316;0,000;66,806;0,000;49,955;0,000;66,806;0,000;66,952;0,000;34,603;0,000
3400402002;0,974;1,200;21,442;0,100;0,897;2,100;0,897;2,808;0,897;1,000;5,207;0,650;67,863;0,000;67,351;0,000;0,000;1,400;0,000;2,300;2;7;9;0,974;1,300;67,145;0,000;25,881;0,100;54,212;0,000;67,017;0,000;50,808;0,000;67,017;0,000;67,145;0,000;33,864;0,000
3400402003;4,255;0,800;16,749;0,100;3,952;1,700;4,704;2,340;4,704;0,600;0,000;1,560;71,286;0,000;70,781;0,000;5,207;0,700;2,680;1,600;0;0;0;4,255;0,900;70,527;0,000;21,571;0,100;58,687;0,000;70,322;0,000;46,566;0,000;70,322;0,000;70,527;0,000;38,878;0,000
3400403001;1,584;0,800;19,229;0,100;1,281;1,700;2,034;2,184;2,034;0,600;2,680;1,040;69,317;0,000;68,831;0,000;2,552;1,000;0,000;2,300;0;2;2;1,584;0,900;68,576;0,000;23,874;0,100;56,251;0,000;68,406;0,000;48,572;0,000;68,406;0,000;68,576;0,000;36,370;0,000
3400501001;13,847;0,900;26,038;0,100;8,670;1,300;0,000;3,276;13,543;0,300;8,670;1,170;62,152;0,000;60,401;0,000;0,000;1,800;0,000;2,100;2;2;4;0,000;1,500;61,297;0,000;31,583;0,000;53,453;0,000;60,903;0,000;39,847;0,000;60,903;0,000;61,297;0,000;44,244;0,000
3400601001;17,366;0,800;25,053;0,200;5,393;1,500;5,393;6,590;20,419;0,430;16,392;1,040;25,569;0,156;25,795;0,120;17,366;4,600;16,590;0,800;0;0;0;25,569;0,400;25,569;0,400;25,569;0,300;25,569;0,200;26,878;0,300;27,497;0,200;21,487;0,500;28,189;0,100;25,569;0,400
3400901001;13,908;1,100;25,102;0,200;8,336;1,400;8,336;4,896;23,824;0,230;13,908;1,170;24,624;0,156;20,725;0,250;3,893;7,300;3,893;2,300;0;0;0;13,117;0,700;22,157;0,400;22,157;0,300;23,681;0,200;22,157;0,300;22,157;0,200;22,157;0,500;22,157;0,100;9,909;1,100
3401001001;17,645;2,900;17,556;0,700;17,645;3,000;0,000;12,878;17,645;0,830;17,556;3,130;23,591;0,312;17,556;0,470;17,556;20,700;12,774;1,400;0;0;0;22,749;1,800;22,749;1,000;22,749;1,200;22,749;0,500;22,749;0,900;22,749;0,900;22,749;1,200;24,359;0,400;22,749;0,900
3401101001;10,345;1,100;17,931;0,200;13,469;1,400;5,349;5,918;17,048;0,330;15,454;1,170;17,523;0,156;14,651;0,510;0,000;7,400;0,000;2,700;2;2;4;5,349;0,700;15,454;0,400;15,454;0,300;17,135;0,200;15,454;0,300;15,454;0,200;15,454;0,500;15,454;0,100;12,668;0,900
3401201001;21,281;0,400;36,280;0,000;9,592;0,600;9,592;1,692;35,352;0,000;29,251;0,260;36,548;0,000;39,640;0,000;20,295;0,400;20,295;0,100;0;0;0;21,603;0,300;36,548;0,000;36,548;0,000;29,600;0,100;37,724;0,000;29,600;0,100;33,749;0,000;37,887;0,000;10,510;0,300
3401501001;8,417;1,100;38,125;0,000;8,417;1,100;8,417;2,740;36,787;0,000;8,417;0,650;37,640;0,000;33,573;0,000;5,209;3,500;10,529;1,400;0;0;0;11,704;0,500;35,122;0,000;35,122;0,000;36,594;0,000;35,122;0,000;29,275;0,100;35,122;0,000;35,122;0,000;13,076;0,500
3401701001;0,000;2,100;24,595;0,100;13,601;1,600;0,000;6,456;24,360;0,330;23,049;0,780;24,339;0,156;22,994;0,130;10,345;7,000;10,345;2,200;0;0;0;13,916;0,700;23,049;0,400;23,049;0,300;24,339;0,200;23,049;0,300;23,049;0,200;23,049;0,500;23,049;0,100;22,534;0,800
3401801001;8,099;1,900;4,634;0,900;8,893;2,500;8,220;11,670;8,887;0,990;4,634;3,380;9,603;0,468;4,634;1,110;4,634;13,900;8,220;2,200;0;0;0;8,283;1,000;8,283;1,200;8,283;0,900;8,283;0,600;8,283;0,900;8,283;0,600;8,283;1,500;9,774;0,300;8,283;1,400
3401901001;6,736;1,000;25,909;0,200;6,736;1,400;6,736;4,132;27,752;0,330;11,618;1,170;29,063;0,156;25,909;0,250;18,104;4,500;11,618;1,100;0;0;0;27,025;0,400;27,025;0,400;27,025;0,300;27,025;0,200;27,025;0,300;27,025;0,200;15,081;0,500;27,603;0,100;17,631;0,800
3402001001;13,813;0,500;20,183;0,200;14,090;0,500;8,167;1,880;20,740;0,100;14,090;0,650;70,762;0,000;68,144;0,000;7,984;2,300;20,031;0,200;0;0;0;6,259;0,400;70,086;0,000;20,183;0,100;71,232;0,000;70,086;0,000;13,813;0,300;65,099;0,000;70,086;0,000;20,183;0,100
3402201001;13,589;0,800;26,742;0,100;0,000;2,100;0,000;6,190;25,782;0,330;23,821;0,780;27,025;0,156;30,295;0,000;13,589;4,500;16,815;0,500;0;0;0;26,182;0,600;27,025;0,400;27,025;0,300;27,025;0,200;28,227;0,300;28,470;0,200;24,159;0,500;28,470;0,100;16,592;0,500
3402301001;9,423;1,800;8,463;0,600;0,000;3,200;2,266;14,132;4,364;1,290;2,266;3,250;8,981;0,468;10,328;0,750;2,457;14,600;0,000;2,700;0;24;24;8,981;1,000;8,981;1,200;8,981;0,900;8,981;0,600;10,288;0,900;10,919;0,600;4,915;1,800;11,619;0,300;8,981;1,300
3402301002;8,094;1,700;9,130;0,600;2,266;3,100;0,000;16,148;4,049;1,290;0,000;4,160;9,655;0,468;9,583;0,750;3,180;14,100;2,266;2,400;0;0;0;9,655;1,000;9,655;1,200;9,655;0,900;9,655;0,600;10,843;0,900;11,362;0,600;5,907;1,500;12,343;0,300;9,655;1,200
3402301003;7,522;1,700;9,360;0,600;2,844;3,100;0,000;16,248;4,144;1,290;0,578;4,160;9,882;0,468;9,448;0,750;3,561;14,100;2,844;2,400;0;0;0;9,882;1,000;9,882;1,200;9,882;0,900;9,882;0,600;11,033;0,900;11,522;0,600;6,249;1,500;12,565;0,300;9,882;1,200
3402301005;8,117;1,700;8,607;0,600;2,407;3,200;0,297;16,304;3,459;1,290;0,611;4,290;9,130;0,468;8,977;0,750;2,788;14,200;2,407;2,500;0;0;0;9,130;1,000;9,130;1,200;9,130;0,900;9,130;0,600;10,298;0,900;10,802;0,600;5,471;1,500;11,816;0,300;9,130;1,300
3402301006;8,135;1,700;8,361;0,600;2,535;3,200;0,000;16,304;3,177;1,290;0,908;4,290;8,883;0,468;8,681;0,750;2,635;14,200;2,535;2,500;0;0;0;8,883;1,000;8,883;1,200;8,883;0,900;8,883;0,600;10,040;0,900;10,535;0,600;5,278;1,500;11,567;0,300;8,883;1,300
3402401001;12,597;1,100;16,219;0,200;12,597;1,500;7,838;6,274;19,345;0,430;12,747;1,430;20,409;0,156;16,219;0,250;14,941;5,100;12,747;1,700;0;0;0;18,586;0,500;18,586;0,400;18,586;0,300;18,586;0,200;18,586;0,300;18,586;0,200;18,586;0,600;19,583;0,100;18,586;0,700
3402501001;14,877;0,700;41,429;0,000;14,877;0,800;14,877;1,916;39,108;0,000;18,312;0,520;53,950;0,000;49,758;0,000;11,296;2,600;10,374;0,900;0;0;0;17,791;0,400;51,392;0,000;44,100;0,000;52,816;0,000;51,392;0,000;20,489;0,100;51,392;0,000;51,392;0,000;26,954;0,100
3402701001;10,673;0,400;15,641;0,100;0,000;1,700;0,000;2,340;11,295;0,300;10,006;0,520;78,330;0,000;77,779;0,000;10,840;0,400;10,359;0,800;0;0;0;10,673;0,400;77,641;0,000;18,263;0,100;59,860;0,000;77,561;0,000;53,848;0,000;77,561;0,000;77,641;0,000;36,698;0,000
3402801001;20,363;0,500;20,363;0,200;18,913;0,700;7,634;1,836;26,179;0,200;18,913;0,650;75,295;0,000;70,979;0,000;18,991;1,300;19,143;0,700;0;0;0;12,847;0,600;72,697;0,000;24,982;0,200;71,306;0,000;72,697;0,000;24,394;0,100;72,697;0,000;72,697;0,000;28,171;0,100
3402901001;8,620;1,800;16,118;0,200;7,493;2,000;0,000;9,486;14,272;0,590;7,493;2,210;15,620;0,156;11,009;0,510;0,000;11,900;0,000;2,900;2;5;7;13,162;1,100;13,162;1,000;13,162;0,700;13,611;0,400;13,162;0,900;13,162;0,600;13,162;1,100;13,162;0,300;8,105;1,700
3403101001;9,517;0,700;33,245;0,000;9,517;0,900;9,005;2,552;9,517;0,300;11,026;0,650;38,247;0,000;21,365;0,120;9,517;1,400;29,145;0,200;0;0;0;8,229;0,400;37,084;0,000;37,214;0,000;21,304;0,100;21,304;0,100;35,698;0,000;19,149;0,100;35,698;0,000;21,304;0,100
3403201001;19,805;0,200;39,822;0,000;17,696;0,600;19,377;0,780;19,377;0,100;24,058;0,130;56,386;0,000;55,659;0,000;18,865;0,200;12,423;0,600;0;0;0;19,805;0,200;55,588;0,000;43,617;0,000;38,474;0,000;55,588;0,000;55,588;0,000;55,588;0,000;55,588;0,000;17,696;0,100
3403301001;7,420;1,100;24,852;0,100;7,420;1,200;7,420;4,528;16,432;0,330;18,550;1,170;29,868;0,156;24,852;0,370;16,432;4,400;20,641;0,800;0;0;0;17,641;0,400;28,232;0,400;28,232;0,300;28,232;0,200;28,232;0,300;28,232;0,200;18,550;0,500;29,404;0,100;27,418;0,500
3403401001;11,714;1,000;33,503;0,000;5,689;0,900;5,689;2,660;32,775;0,000;19,445;0,260;33,134;0,000;30,468;0,000;5,689;2,800;5,689;1,500;0;0;0;19,445;0,300;31,216;0,000;31,216;0,000;32,910;0,000;31,216;0,000;31,216;0,000;31,216;0,000;31,216;0,000;21,649;0,300
3403501001;9,217;0,600;39,459;0,000;9,217;1,000;9,217;1,548;35,784;0,000;9,217;0,650;41,951;0,000;38,240;0,000;17,956;1,200;8,864;1,000;0;0;0;27,526;0,100;27,526;0,100;39,847;0,000;39,847;0,000;39,847;0,000;39,847;0,000;9,217;0,400;40,144;0,000;10,173;0,500
3403601001;16,400;0,200;18,560;0,100;6,253;0,600;6,253;0,936;16,970;0,100;16,236;0,260;82,580;0,000;81,976;0,000;16,368;0,200;16,344;0,400;0;0;0;16,400;0,200;81,936;0,000;19,435;0,100;58,599;0,000;81,931;0,000;59,175;0,000;81,931;0,000;81,936;0,000;35,999;0,000
3403701001;16,770;0,400;26,477;0,200;16,747;0,400;0,000;2,872;27,272;0,100;16,747;0,650;70,381;0,000;65,914;0,000;11,358;1,800;25,088;0,500;0;0;0;5,214;0,500;67,735;0,000;26,477;0,100;69,015;0,000;67,735;0,000;16,770;0,100;67,735;0,000;67,735;0,000;26,477;0,100
3403801001;8,650;0,600;39,361;0,000;8,275;0,600;5,934;1,804;39,394;0,000;8,275;0,650;52,535;0,000;47,789;0,000;3,236;3,700;26,116;0,400;0;0;0;15,960;0,200;49,857;0,000;39,361;0,000;50,796;0,000;49,857;0,000;8,650;0,300;44,040;0,000;49,857;0,000;24,135;0,300
3403901001;12,342;0,700;42,908;0,000;12,342;0,900;6,049;2,372;41,122;0,000;12,342;0,780;42,385;0,000;37,622;0,000;4,500;3,400;19,162;0,900;0;0;0;8,825;0,400;39,730;0,000;39,730;0,000;40,572;0,000;39,730;0,000;19,223;0,100;36,315;0,000;39,730;0,000;15,116;0,400
3404101001;6,042;0,600;33,937;0,000;5,113;0,800;5,113;1,560;26,777;0,100;5,113;0,780;61,728;0,000;57,826;0,000;6,042;1,900;6,042;1,300;0;0;0;13,348;0,600;60,767;0,000;39,414;0,000;54,596;0,000;60,106;0,000;30,333;0,000;60,106;0,000;60,767;0,000;38,923;0,000
3404201001;6,330;0,800;37,424;0,000;6,330;0,800;0,000;3,072;35,695;0,000;6,330;0,780;36,898;0,000;32,172;0,000;6,330;3,100;20,771;1,100;0;0;0;3,189;0,700;34,214;0,000;34,214;0,000;35,211;0,000;34,214;0,000;23,789;0,100;34,214;0,000;34,214;0,000;8,563;0,800
3404501001;4,364;1,000;26,678;0,100;4,364;1,100;4,364;3,100;18,291;0,100;15,539;0,520;31,354;0,000;26,678;0,250;17,843;1,400;19,712;0,700;0;0;0;18,465;0,200;29,599;0,100;29,599;0,100;29,599;0,100;29,599;0,100;29,599;0,100;15,539;0,200;30,647;0,000;26,327;0,300
3404601001;5,388;1,100;29,863;0,100;11,147;1,400;10,136;4,396;28,037;0,230;11,147;1,430;29,348;0,156;24,607;0,130;8,878;5,800;11,147;1,700;0;0;0;12,573;0,700;26,757;0,400;26,757;0,300;27,431;0,200;26,757;0,300;26,757;0,200;26,757;0,400;26,757;0,100;5,388;1,400
3404701001;3,519;0,900;38,003;0,000;3,519;1,100;3,189;3,140;36,336;0,000;3,519;1,170;37,479;0,000;32,826;0,000;3,519;3,600;19,651;1,000;0;0;0;0,000;1,100;34,793;0,000;34,793;0,000;35,908;0,000;34,793;0,000;23,417;0,100;34,793;0,000;34,793;0,000;8,517;0,600
3404701002;0,000;1,500;36,605;0,000;0,000;1,500;0,000;3,776;35,015;0,000;0,000;1,690;36,087;0,000;31,550;0,000;0,000;4,000;16,182;0,900;4;0;4;3,519;0,800;33,420;0,000;33,420;0,000;34,651;0,000;33,420;0,000;25,638;0,100;33,420;0,000;33,420;0,000;7,489;0,500
3404801001;7,965;0,700;30,773;0,000;7,965;0,900;7,965;2,256;14,247;0,300;15,505;0,390;35,827;0,000;26,488;0,120;12,627;1,200;25,056;0,300;0;0;0;13,330;0,400;34,185;0,000;34,185;0,000;26,263;0,100;26,263;0,100;34,185;0,000;15,505;0,100;35,343;0,000;26,263;0,100
3404901001;11,113;0,500;11,113;0,400;11,113;0,700;10,218;1,936;21,442;0,200;11,113;0,650;82,316;0,000;81,166;0,000;20,173;0,800;20,155;0,500;0;0;0;20,166;0,400;82,388;0,000;13,323;0,400;80,658;0,000;82,388;0,000;32,731;0,000;82,388;0,000;82,388;0,000;20,166;0,100
3405001001;19,947;0,300;37,202;0,000;15,960;0,500;12,528;1,680;28,335;0,100;20,045;0,260;37,185;0,000;38,377;0,000;23,109;0,200;31,136;0,000;0;0;0;23,109;0,100;37,695;0,000;37,695;0,000;19,947;0,100;37,695;0,000;19,947;0,100;37,128;0,000;42,614;0,000;21,614;0,100
3405101001;19,660;0,600;24,081;0,200;11,184;1,500;10,847;5,206;20,977;0,330;17,671;0,910;24,522;0,156;26,941;0,250;18,954;4,700;16,613;0,600;0;0;0;24,522;0,400;24,522;0,400;24,522;0,300;24,522;0,200;25,885;0,300;26,640;0,200;20,667;0,500;26,759;0,100;24,522;0,500
3405201001;11,101;0,700;45,049;0,000;11,101;0,800;11,101;1,916;41,432;0,000;17,178;0,520;50,442;0,000;46,344;0,000;7,450;2,700;8,718;1,000;0;0;0;18,451;0,400;47,918;0,000;47,918;0,000;49,378;0,000;47,918;0,000;23,122;0,100;47,918;0,000;47,918;0,000;24,216;0,100
3405301001;7,937;1,100;20,935;0,200;7,937;1,500;7,937;5,708;21,908;0,430;14,999;1,560;25,345;0,156;20,935;0,250;18,901;5,000;14,999;1,100;0;0;0;23,462;0,400;23,543;0,400;23,543;0,300;23,543;0,200;23,543;0,300;23,543;0,200;19,797;0,600;24,550;0,100;21,820;0,700
3405501001;15,985;0,400;41,115;0,000;15,334;0,500;9,663;1,748;39,282;0,000;15,985;0,520;40,603;0,000;35,875;0,000;10,155;2,000;13,504;0,900;0;0;0;12,645;0,300;38,029;0,000;38,029;0,000;38,660;0,000;38,029;0,000;23,526;0,100;30,596;0,000;38,029;0,000;15,334;0,400
3405601001;0,000;1,200;0,000;1,100;0,000;1,400;0,000;2,560;21,215;0,100;0,000;1,560;87,368;0,000;86,273;0,000;21,442;0,300;19,229;0,500;0;0;0;20,635;0,300;86,567;0,000;5,593;0,400;75,436;0,000;86,279;0,000;42,761;0,000;86,279;0,000;86,567;0,000;29,765;0,100
3405601002;1,135;0,800;1,135;0,700;1,135;1,000;1,135;1,936;22,019;0,100;1,135;1,040;88,383;0,000;87,340;0,000;22,214;0,300;20,052;0,500;0;0;0;21,429;0,300;87,586;0,000;4,467;0,700;75,790;0,000;87,306;0,000;43,485;0,000;87,306;0,000;87,586;0,000;29,640;0,100
3405601003;5,593;0,500;5,593;0,400;5,593;0,700;5,593;1,156;25,777;0,100;5,593;0,650;91,872;0,000;90,392;0,000;25,881;0,200;23,874;0,300;0;0;0;25,160;0,200;91,707;0,000;0,000;1,100;77,746;0,000;91,583;0,000;46,018;0,000;91,583;0,000;91,707;0,000;28,944;0,100
3405701001;11,319;0,900;17,932;0,200;9,494;1,800;0,000;9,062;13,171;0,530;9,136;1,560;18,454;0,156;18,558;0,250;11,319;5,400;9,494;1,400;0;0;0;18,454;0,400;18,454;0,400;18,454;0,300;18,454;0,200;19,737;0,300;20,329;0,200;14,408;0,700;21,108;0,100;18,454;0,400
3405801001;23,499;0,200;34,001;0,000;9,997;0,800;9,997;2,274;31,739;0,000;26,385;0,390;34,376;0,000;37,677;0,000;23,499;0,500;26,171;0,300;0;0;0;26,575;0,100;34,376;0,000;34,376;0,000;26,267;0,100;35,690;0,000;26,267;0,100;30,884;0,000;36,260;0,000;19,905;0,100
3405901001;16,020;0,500;35,798;0,000;9,650;0,800;15,124;1,392;35,767;0,000;15,124;0,520;37,129;0,000;32,911;0,000;19,655;1,000;0,000;1,800;0;2;2;23,935;0,100;34,977;0,000;34,977;0,000;35,012;0,000;34,977;0,000;34,977;0,000;17,400;0,100;34,977;0,000;9,650;0,600
3406001001;11,558;0,600;40,456;0,000;16,592;0,400;11,558;1,848;40,837;0,000;21,044;0,130;40,602;0,000;36,069;0,000;15,802;0,700;16,806;0,200;0;0;0;11,558;0,700;40,602;0,000;40,602;0,000;36,645;0,000;41,316;0,000;30,211;0,000;38,649;0,000;41,316;0,000;0,000;1,000
3406101001;17,885;0,600;24,802;0,100;13,666;0,900;9,209;2,028;25,839;0,100;13,666;0,910;70,586;0,000;66,383;0,000;15,994;1,500;15,994;0,600;0;0;0;13,674;0,600;68,027;0,000;29,844;0,100;66,041;0,000;68,027;0,000;24,282;0,100;68,027;0,000;68,027;0,000;33,632;0,000
3406201001;17,418;0,300;17,418;0,200;17,418;0,400;9,720;2,432;18,374;0,100;17,764;0,520;74,726;0,000;73,920;0,000;13,179;1,600;17,311;0,400;0;0;0;11,847;0,500;75,034;0,000;17,418;0,200;75,034;0,000;75,034;0,000;21,525;0,100;72,867;0,000;75,034;0,000;17,418;0,100
3406301001;8,224;1,100;25,637;0,100;8,224;1,300;8,224;4,880;25,833;0,330;25,287;0,780;25,574;0,156;26,055;0,130;2,990;6,100;2,990;1,500;0;0;0;19,030;0,600;25,287;0,400;25,287;0,300;25,574;0,200;25,287;0,300;25,287;0,200;25,287;0,500;25,287;0,100;19,674;0,500
3406601001;11,144;3,000;22,011;0,800;8,438;2,900;5,028;12,986;17,952;0,830;14,193;3,360;23,783;0,312;22,011;0,350;11,144;21,200;11,144;1,300;0;0;0;23,783;1,700;23,783;1,100;23,783;1,300;23,783;0,500;24,704;1,000;24,413;1,000;20,091;1,300;24,704;0,500;23,783;0,900
3406701001;4,711;0,800;4,711;0,700;4,711;1,100;4,711;2,248;21,583;0,200;4,711;1,170;85,796;0,000;84,189;0,000;21,993;0,500;19,549;0,600;0;0;0;21,086;0,400;84,963;0,000;9,396;0,400;75,054;0,000;84,608;0,000;38,110;0,000;84,608;0,000;84,963;0,000;27,346;0,100
3406801001;14,716;0,800;25,012;0,100;9,894;1,000;9,894;2,496;22,750;0,100;9,894;0,910;69,786;0,000;66,535;0,000;11,975;1,400;11,975;1,100;0;0;0;11,975;0,600;68,500;0,000;30,361;0,000;62,318;0,000;68,283;0,000;27,969;0,100;68,283;0,000;68,500;0,000;37,180;0,000
3406901001;4,867;2,300;6,954;0,600;5,400;3,000;4,867;13,118;6,624;1,090;5,400;2,990;11,255;0,468;6,954;0,750;4,867;15,500;4,867;2,800;0;0;0;11,255;1,300;11,255;1,400;11,255;1,100;11,255;0,700;11,793;0,900;11,862;0,900;9,635;1,600;13,445;0,400;11,255;1,300
3406901002;0,000;3,400;11,775;1,100;9,082;3,300;0,000;13,886;9,873;0,830;8,094;3,260;15,376;0,312;11,775;0,590;0,000;21,000;0,000;2,700;2;12;14;15,376;1,800;15,376;1,100;15,376;1,300;15,376;0,500;16,129;1,000;16,317;1,000;12,837;1,500;17,796;0,500;15,376;0,900
3407001001;16,430;0,400;38,812;0,000;16,430;0,500;11,220;1,736;38,812;0,000;18,647;0,260;38,497;0,000;39,062;0,000;23,981;0,400;25,319;0,100;0;0;0;13,519;0,500;39,028;0,000;39,028;0,000;29,352;0,100;39,028;0,000;27,814;0,200;44,349;0,000;47,770;0,000;8,737;0,300
3407101001;9,300;1,000;44,163;0,000;9,300;1,100;9,300;2,596;36,527;0,000;10,787;0,910;53,656;0,000;49,998;0,000;5,227;2,600;0,000;1,900;0;2;2;10,787;0,600;51,310;0,000;49,567;0,000;51,669;0,000;51,310;0,000;30,859;0,000;51,310;0,000;51,310;0,000;30,314;0,000
3407201001;11,352;1,300;28,070;0,100;9,649;1,300;7,655;3,948;28,944;0,130;9,649;1,170;30,267;0,000;26,524;0,250;17,054;4,100;8,794;1,200;0;0;0;27,724;0,300;28,156;0,300;28,156;0,200;28,156;0,100;28,156;0,300;28,156;0,200;16,148;0,400;28,429;0,100;14,192;0,900
3407301001;11,865;0,500;11,865;0,300;11,865;0,500;10,912;1,808;11,746;0,300;12,470;0,650;60,420;0,000;59,631;0,000;0,000;3,000;11,691;1,000;2;0;2;11,865;0,400;60,736;0,000;11,865;0,300;60,736;0,000;60,736;0,000;19,560;0,100;60,736;0,000;60,736;0,000;11,865;0,300
3407401001;13,601;1,200;31,349;0,000;0,000;1,700;0,000;4,404;30,354;0,000;16,182;0,520;30,923;0,000;27,637;0,130;0,000;5,100;0,000;2,500;2;2;4;18,762;0,400;28,719;0,100;28,719;0,100;30,361;0,000;28,719;0,100;28,719;0,100;28,719;0,100;28,719;0,100;15,970;0,400
3407601001;12,589;1,200;20,415;0,200;5,802;1,500;0,000;6,428;21,492;0,330;5,802;1,560;22,790;0,156;19,316;0,250;11,297;5,000;5,802;1,300;0;0;0;20,698;0,500;20,698;0,400;20,698;0,300;20,698;0,200;20,698;0,300;20,698;0,200;20,698;0,600;21,106;0,100;12,589;1,000
3407701001;6,188;1,600;7,781;0,600;6,391;2,500;4,149;11,226;7,006;0,990;5,524;2,600;7,378;0,468;5,478;0,750;5,267;14,300;4,818;3,000;0;0;0;4,818;1,500;5,524;1,200;5,524;0,900;7,223;0,600;5,524;0,900;5,524;0,600;5,524;1,500;5,524;0,300;5,524;1,500
3407901001;4,103;2,000;8,360;0,600;6,132;2,500;0,000;11,410;6,525;0,990;5,745;2,860;7,891;0,468;3,845;1,140;3,845;14,700;0,000;3,300;0;5;5;5,745;1,200;5,745;1,200;5,745;0,900;5,802;0,600;5,745;0,900;5,745;0,600;5,745;1,500;5,745;0,300;5,745;1,700
3408001001;0,174;1,300;0,174;1,100;0,174;1,300;1,288;3,672;1,288;0,600;0,779;1,560;62,953;0,000;61,582;0,000;0,779;2,500;0,000;2,200;0;2;2;0,174;1,100;62,863;0,000;0,174;1,100;62,863;0,000;62,863;0,000;30,809;0,000;62,863;0,000;62,863;0,000;0,174;1,000
3408001002;3,568;1,000;3,568;0,700;3,568;1,000;0,000;4,152;4,711;0,600;3,841;1,170;65,698;0,000;64,426;0,000;3,841;2,200;3,493;1,800;0;0;0;3,568;0,700;65,680;0,000;3,568;0,700;65,680;0,000;65,680;0,000;29,005;0,100;65,680;0,000;65,680;0,000;3,568;0,600
3408002001;0,606;1,300;0,606;1,100;0,606;1,300;1,519;3,672;1,519;0,600;0,000;1,560;63,201;0,000;61,795;0,000;0,000;2,400;0,779;2,200;2;0;2;0,606;1,100;63,086;0,000;0,606;1,100;63,086;0,000;63,086;0,000;31,569;0,000;63,086;0,000;63,086;0,000;0,606;1,000
3408002002;0,000;1,300;0,000;1,100;0,000;1,300;1,293;3,672;1,293;0,600;0,606;1,560;62,998;0,000;61,619;0,000;0,606;2,500;0,174;2,200;0;0;0;0,000;1,100;62,903;0,000;0,000;1,100;62,903;0,000;62,903;0,000;30,980;0,000;62,903;0,000;62,903;0,000;0,000;1,000
3408002003;1,293;0,800;1,293;0,600;1,293;0,800;0,000;4,140;0,000;1,000;1,519;0,910;61,723;0,000;60,335;0,000;1,519;2,100;0,000;2,400;0;2;2;1,293;0,700;61,621;0,000;1,293;0,600;61,621;0,000;61,621;0,000;31,098;0,000;61,621;0,000;61,621;0,000;1,293;0,600
3408101001;8,935;0,800;31,979;0,000;8,935;0,900;8,935;2,428;30,852;0,000;10,740;0,520;34,777;0,000;31,316;0,000;22,326;0,700;9,499;0,900;0;0;0;29,491;0,100;32,696;0,000;32,696;0,000;32,696;0,000;32,696;0,000;32,696;0,000;10,740;0,300;33,123;0,000;16,192;0,400
3408201001;24,747;0,300;34,810;0,000;13,841;0,800;13,841;2,530;28,048;0,100;24,959;0,390;35,234;0,000;37,813;0,000;22,104;0,400;27,486;0,200;0;0;0;22,104;0,100;35,234;0,000;35,234;0,000;24,747;0,100;36,587;0,000;24,747;0,100;31,463;0,000;37,360;0,000;24,814;0,100
3408301001;5,876;0,700;31,932;0,000;0,000;1,500;0,000;2,808;22,212;0,100;0,000;1,690;59,893;0,000;56,789;0,000;5,876;1,300;5,876;1,300;0;0;0;8,670;0,600;58,966;0,000;37,511;0,000;52,432;0,000;58,399;0,000;34,693;0,000;58,399;0,000;58,966;0,000;43,785;0,000
3408301002;0,000;1,600;37,791;0,000;5,876;1,000;5,876;2,184;27,153;0,100;5,876;1,040;55,701;0,000;51,954;0,000;0,000;2,800;0,000;2,000;2;2;4;13,727;0,800;54,743;0,000;43,364;0,000;48,555;0,000;54,092;0,000;35,736;0,000;54,092;0,000;54,743;0,000;40,201;0,000
3408401001;7,891;0,900;26,377;0,100;7,891;1,500;7,891;5,310;26,724;0,330;26,451;0,780;26,451;0,156;28,093;0,130;5,504;5,500;5,504;1,100;0;0;0;19,505;0,600;26,451;0,400;26,451;0,300;26,451;0,200;26,854;0,300;26,854;0,200;25,121;0,500;26,854;0,100;14,843;0,700
3408601001;12,807;1,500;12,577;0,400;4,691;2,700;5,430;10,466;9,053;0,990;6,030;2,210;13,063;0,468;15,019;0,250;7,048;11,400;4,691;2,100;0;0;0;13,063;0,600;13,063;0,800;13,063;0,500;13,063;0,400;14,423;0,500;15,127;0,200;9,019;1,100;15,543;0,100;13,063;0,800
3408701001;6,077;1,000;21,445;0,200;6,077;1,400;6,077;5,118;21,810;0,330;20,949;0,910;21,624;0,156;24,187;0,250;6,077;5,500;11,742;1,100;0;0;0;21,267;0,500;21,624;0,400;21,624;0,300;21,624;0,200;22,589;0,300;22,589;0,200;19,553;0,500;22,589;0,100;19,098;0,500
3408801001;7,520;1,700;10,716;0,600;8,526;2,100;5,898;9,718;9,155;0,790;7,536;2,470;10,198;0,468;5,795;0,750;5,795;14,300;5,898;2,400;0;0;0;5,898;1,300;7,536;1,200;7,536;0,900;8,863;0,600;7,536;0,900;7,536;0,600;7,536;1,500;7,536;0,300;7,536;1,700
3408901001;13,575;1,000;38,059;0,000;10,738;1,000;10,738;2,808;37,465;0,000;15,806;0,260;37,721;0,000;35,358;0,000;10,553;2,700;10,738;1,300;0;0;0;15,806;0,300;35,956;0,000;35,956;0,000;37,658;0,000;35,956;0,000;35,956;0,000;35,956;0,000;35,956;0,000;26,614;0,200
3409101001;15,938;0,300;42,749;0,000;15,938;0,400;10,938;1,492;42,408;0,000;6,993;0,650;54,214;0,000;49,508;0,000;0,000;2,700;14,611;0,700;2;0;2;22,910;0,200;42,945;0,000;42,749;0,000;52,241;0,000;51,666;0,000;17,332;0,100;35,132;0,000;51,666;0,000;16,358;0,200
3409201001;8,786;0,900;41,222;0,000;8,786;1,100;8,786;2,752;40,455;0,000;11,702;0,650;40,846;0,000;38,053;0,000;8,017;2,700;8,786;1,300;0;0;0;11,702;0,500;38,880;0,000;38,880;0,000;40,567;0,000;38,880;0,000;38,880;0,000;38,880;0,000;38,880;0,000;25,835;0,200
3409301001;13,799;0,700;24,111;0,100;8,078;0,900;7,589;1,872;18,654;0,100;8,078;0,780;67,295;0,000;64,608;0,000;7,589;1,100;7,589;1,100;0;0;0;7,589;0,600;66,392;0,000;29,654;0,100;59,634;0,000;65,886;0,000;32,423;0,000;65,886;0,000;66,392;0,000;39,971;0,000
3409401001;17,342;0,400;46,870;0,000;14,390;0,700;12,032;1,492;46,628;0,000;11,123;0,780;48,791;0,000;44,079;0,000;5,443;2,200;14,390;0,700;0;0;0;18,357;0,100;43,455;0,000;46,236;0,000;46,826;0,000;46,236;0,000;18,953;0,100;32,637;0,000;46,236;0,000;14,390;0,600
3409601001;6,159;1,200;30,757;0,000;6,159;1,100;6,159;3,956;29,228;0,130;6,159;0,910;30,244;0,000;25,817;0,130;4,098;6,100;11,342;1,500;0;0;0;8,762;0,600;27,604;0,300;27,604;0,200;28,913;0,100;27,604;0,300;27,604;0,200;27,604;0,300;27,604;0,100;4,098;1,500
3409801001;6,471;1,800;5,909;0,600;5,909;2,700;4,913;12,122;6,435;0,990;6,178;2,860;6,178;0,468;9,918;0,750;0,000;15,100;0,000;3,000;2;8;10;6,178;1,200;6,178;1,200;6,178;0,900;6,178;0,600;7,400;0,900;7,873;0,600;4,203;1,800;7,873;0,300;6,178;1,400
3409901001;10,080;1,300;24,339;0,200;12,267;1,500;12,267;5,296;22,751;0,330;12,267;1,300;23,821;0,156;19,296;0,250;4,441;7,400;10,312;2,100;0;0;0;13,888;0,900;21,153;0,400;21,153;0,300;22,397;0,200;21,153;0,300;21,153;0,200;21,153;0,500;21,153;0,100;4,441;1,600
3410001001;3,830;0,900;3,830;0,600;3,830;0,900;3,499;3,572;3,499;0,600;4,419;1,040;60,941;0,000;59,724;0,000;0,000;3,100;3,499;2,000;2;0;2;3,830;0,700;60,961;0,000;3,830;0,600;60,961;0,000;60,961;0,000;27,675;0,100;60,961;0,000;60,961;0,000;3,830;0,600
3410101001;7,480;0,800;37,559;0,000;6,335;0,800;6,335;1,972;36,501;0,000;15,463;0,260;37,123;0,000;33,666;0,000;0,000;3,700;6,335;1,300;2;0;2;16,812;0,300;34,852;0,000;34,852;0,000;36,469;0,000;34,852;0,000;34,852;0,000;34,852;0,000;34,852;0,000;18,086;0,300
3410201001;13,157;1,000;13,299;0,400;9,859;1,400;7,219;6,766;15,168;0,330;9,859;1,690;16,366;0,156;13,299;0,750;10,054;7,300;9,859;2,100;0;0;0;14,377;0,600;14,377;0,600;14,377;0,500;14,377;0,400;14,377;0,500;14,377;0,400;14,377;0,800;15,129;0,100;14,377;0,900
3410301001;13,352;1,000;30,759;0,000;10,667;1,200;10,583;2,448;31,046;0,000;10,667;0,780;32,398;0,000;28,351;0,130;18,104;1,200;5,216;1,300;0;0;0;24,956;0,100;30,276;0,000;30,276;0,000;30,276;0,000;30,276;0,000;30,276;0,000;17,109;0,100;30,362;0,000;13,352;0,800
3410401001;10,624;0,800;34,879;0,000;11,650;0,800;10,598;2,652;34,458;0,000;20,256;0,260;34,581;0,000;32,661;0,000;11,650;2,500;11,650;1,200;0;0;0;20,256;0,300;33,030;0,000;33,030;0,000;34,581;0,000;33,030;0,000;33,030;0,000;33,030;0,000;33,030;0,000;27,425;0,200
3410601001;10,921;0,700;27,900;0,100;10,921;0,900;10,921;2,944;11,512;0,300;15,422;0,520;33,321;0,000;24,323;0,240;11,512;1,400;25,435;0,600;0;0;0;12,822;0,400;31,850;0,000;31,850;0,000;25,929;0,100;25,929;0,100;31,850;0,000;20,089;0,100;33,151;0,000;25,929;0,100
3410701001;19,595;0,400;19,595;0,100;14,577;0,800;12,648;2,304;20,990;0,100;14,577;0,780;74,153;0,000;71,341;0,000;13,524;0,900;13,524;0,800;0;0;0;13,524;0,500;73,247;0,000;24,861;0,100;66,502;0,000;72,732;0,000;29,011;0,100;72,732;0,000;73,247;0,000;33,140;0,000
3410801001;10,859;1,900;12,593;0,400;11,063;2,200;0,000;11,122;11,703;0,790;10,122;2,210;12,179;0,468;9,468;0,510;5,349;14,300;0,000;3,300;0;2;2;0,000;2,000;10,122;1,200;10,122;0,900;11,812;0,600;10,122;0,900;10,122;0,600;10,122;1,500;10,122;0,300;10,122;1,700
3410901001;9,735;0,700;48,918;0,000;9,705;0,900;9,735;1,448;48,483;0,000;6,181;0,780;52,161;0,000;47,594;0,000;7,042;1,900;7,840;1,100;0;0;0;25,485;0,100;36,296;0,000;48,918;0,000;50,103;0,000;49,745;0,000;24,337;0,100;28,407;0,100;49,745;0,000;9,705;0,500
3411001001;8,113;0,600;8,113;0,300;7,587;1,000;7,587;1,404;15,418;0,100;8,113;0,780;83,006;0,000;82,516;0,000;15,374;0,200;13,694;0,600;0;0;0;14,771;0,400;82,261;0,000;10,941;0,300;67,444;0,000;82,080;0,000;48,654;0,000;82,080;0,000;82,261;0,000;37,877;0,000
3411201001;8,367;0,600;44,612;0,000;8,367;0,800;5,969;2,116;42,966;0,000;8,367;0,780;44,089;0,000;39,464;0,000;3,695;3,800;21,181;0,700;0;0;0;6,699;0,400;41,406;0,000;41,406;0,000;42,553;0,000;41,406;0,000;17,285;0,100;41,406;0,000;41,406;0,000;15,118;0,400
3411301001;14,206;0,800;28,078;0,100;10,635;0,900;10,635;2,184;26,395;0,100;10,635;0,910;67,553;0,000;63,441;0,000;13,972;2,100;14,206;1,000;0;0;0;14,917;0,600;65,028;0,000;33,283;0,000;62,630;0,000;65,028;0,000;24,984;0,100;65,028;0,000;65,028;0,000;37,335;0,000
3411401001;14,242;0,500;14,242;0,300;14,242;0,700;14,242;1,836;18,402;0,100;14,242;0,910;76,923;0,000;74,708;0,000;14,917;0,800;14,917;0,800;0;0;0;14,917;0,500;76,051;0,000;19,611;0,100;68,063;0,000;75,613;0,000;32,776;0,000;75,613;0,000;76,051;0,000;31,772;0,000
3411601001;6,136;1,000;44,636;0,000;6,136;1,200;6,136;2,440;43,787;0,000;8,298;0,780;44,243;0,000;41,246;0,000;6,136;2,600;6,136;1,300;0;0;0;8,298;0,400;42,185;0,000;42,185;0,000;43,858;0,000;42,185;0,000;39,782;0,000;42,185;0,000;42,185;0,000;26,977;0,100
3412001001;0,309;4,000;1,848;0,900;0,445;5,100;0,267;23,126;0,000;2,200;0,501;5,460;1,367;0,936;3,523;1,140;0,000;33,700;0,985;3,200;5;0;5;0,796;2,500;0,000;3,200;0,796;2,200;0,796;1,600;0,000;2,600;0,796;1,600;0,000;3,500;1,668;0,600;0,000;3,500
3412001003;0,150;3,600;1,567;0,900;0,399;5,500;0,150;22,646;0,331;2,600;0,287;5,460;1,119;0,936;3,851;1,140;0,000;33,700;1,294;2,800;1;0;1;1,004;2,100;0,331;2,800;1,004;1,800;1,004;1,200;0,331;2,200;1,004;1,200;0,331;3,100;1,983;0,600;0,331;3,100
3412001004;0,000;3,600;1,539;0,900;0,287;5,500;0,000;22,022;0,309;2,600;0,344;5,460;1,063;0,936;3,816;1,140;0,124;33,700;1,294;2,800;0;0;0;1,063;2,100;0,309;2,800;1,063;1,800;1,063;1,200;0,309;2,200;1,069;1,200;0,309;3,100;1,897;0,600;0,309;3,100
3412001005;0,124;4,000;1,539;0,900;0,242;5,500;0,124;22,022;0,332;2,600;0,434;5,460;1,044;0,936;3,779;1,140;0,000;33,700;1,293;2,800;8;0;8;1,044;2,100;0,332;2,800;1,044;1,800;1,044;1,200;0,332;2,200;1,124;1,200;0,332;3,100;1,820;0,600;0,332;3,100
3412002001;0,471;3,200;1,963;0,900;0,510;5,100;0,000;22,166;0,267;2,200;0,663;5,460;1,516;0,936;3,532;1,140;0,000;32,900;0,944;3,200;6;0;6;0,606;2,500;0,267;3,200;0,606;2,200;0,606;1,600;0,267;2,600;0,606;1,600;0,267;3,500;1,801;0,600;0,267;3,500
3412002002;0,306;3,600;1,648;0,900;0,552;4,700;0,306;22,646;0,383;2,200;0,342;5,460;1,228;0,936;3,854;1,140;0,000;32,900;1,273;2,800;1;0;1;0,918;2,500;0,383;3,200;0,918;2,200;0,918;1,600;0,383;2,600;0,918;1,600;0,383;3,500;2,049;0,600;0,383;3,500
3412002003;5,871;1,900;0,000;1,300;4,981;2,900;5,283;11,574;5,823;0,990;0,000;4,290;6,063;0,468;0,000;1,590;0,000;14,400;6,222;2,300;8;0;8;5,660;1,000;5,660;1,200;5,660;0,900;5,660;0,600;5,660;0,900;5,660;0,600;5,660;1,500;7,362;0,300;5,660;1,400
3412003001;0,561;3,600;2,272;0,900;0,000;5,100;0,294;22,022;0,445;2,200;0,566;4,940;1,774;0,936;3,079;1,140;0,157;32,500;0,564;3,200;0;0;0;0,617;2,500;0,445;3,200;0,617;2,200;0,617;1,600;0,445;2,600;0,617;1,600;0,445;3,500;1,293;0,600;0,445;3,500
3412003002;0,589;3,600;2,117;0,900;0,157;5,100;0,306;22,646;0,290;2,200;0,483;5,460;1,622;0,936;3,233;1,140;0,000;33,300;0,715;3,200;4;0;4;0,669;2,500;0,290;3,200;0,669;2,200;0,669;1,600;0,290;2,600;0,669;1,600;0,290;3,500;1,409;0,600;0,290;3,500
3412003004;0,722;3,600;2,259;0,900;0,228;5,100;0,223;22,022;0,417;2,200;0,725;5,460;1,784;0,936;3,179;1,140;0,000;32,500;0,595;3,200;6;0;6;0,428;2,500;0,417;3,200;0,428;2,200;0,428;1,600;0,417;2,600;0,428;1,600;0,417;3,500;1,495;0,600;0,417;3,500
3412003005;0,713;3,200;2,200;0,900;0,494;5,100;0,244;21,398;0,468;2,200;0,895;5,460;1,758;0,936;3,371;1,140;0,244;31,700;0,782;3,200;0;0;0;0,365;2,500;0,365;3,200;0,365;2,200;0,365;1,600;0,365;2,600;0,365;1,600;0,365;3,500;1,762;0,600;0,365;3,500
3412004001;0,743;3,600;2,501;0,900;0,288;4,700;0,234;21,398;0,653;2,200;0,853;4,940;2,017;0,936;2,934;1,140;0,000;31,300;0,346;3,200;8;0;8;0,390;2,500;0,390;3,200;0,390;2,200;0,390;1,600;0,390;2,600;0,390;1,600;0,390;3,500;1,340;0,600;0,390;3,500
3412004002;0,904;3,600;2,426;0,900;0,413;4,700;0,000;20,918;0,614;2,200;0,945;4,940;1,967;0,936;3,112;1,140;0,223;30,900;0,528;3,200;0;0;0;0,207;2,500;0,207;3,200;0,207;2,200;0,207;1,600;0,207;2,600;0,207;1,600;0,207;3,500;1,574;0,600;0,207;3,500
3412004003;1,024;2,800;2,777;0,900;0,624;4,700;0,318;20,658;0,947;2,200;1,190;4,420;2,311;0,936;2,802;1,140;0,246;29,700;0,318;3,200;0;0;0;0,301;2,500;0,301;3,200;0,301;2,200;0,301;1,600;0,301;2,600;0,301;1,600;0,301;3,500;1,473;0,600;0,301;3,500
3412004004;0,789;3,200;2,830;0,900;0,564;4,800;0,000;20,814;0,985;2,200;1,085;4,420;2,337;0,936;2,592;1,140;0,000;30,200;0,000;3,300;25;68;93;0,580;2,500;0,580;3,200;0,580;2,200;0,580;1,600;0,580;2,600;0,580;1,600;0,580;3,500;1,155;0,600;0,580;3,500
3412004005;0,000;3,300;4,264;0,900;2,032;4,000;1,445;17,586;2,423;1,680;1,983;4,420;3,789;0,936;1,786;1,140;0,000;25,500;1,472;3,200;2;0;2;1,730;2,100;1,730;2,400;1,730;1,800;1,730;1,200;1,730;1,800;1,730;1,200;1,730;2,700;1,983;0,600;1,730;2,700
3412004006;1,069;2,800;2,564;0,900;0,617;4,700;0,207;20,078;0,796;2,200;1,152;4,420;2,122;0,936;3,101;1,140;0,390;30,100;0,580;3,200;0;0;0;0,000;2,500;0,000;3,200;0,000;2,200;0,000;1,600;0,000;2,600;0,000;1,600;0,000;3,500;1,702;0,600;0,000;3,500
3412004007;1,186;2,800;3,022;0,900;0,853;4,300;0,404;19,194;1,193;1,680;1,415;4,420;2,556;0,936;2,630;1,140;0,000;28,500;0,404;3,200;2;0;2;0,497;2,500;0,497;2,800;0,497;2,200;0,497;1,600;0,497;2,200;0,497;1,600;0,497;3,100;1,508;0,600;0,497;3,100
3412004008;1,026;2,800;3,242;0,900;1,012;4,000;0,466;19,350;1,398;1,680;1,394;4,420;2,764;0,936;2,362;1,140;0,270;28,200;0,466;3,300;0;0;0;0,761;2,500;0,761;2,800;0,761;2,200;0,761;1,600;0,761;2,200;0,761;1,600;0,761;3,100;1,394;0,600;0,761;3,100
3412004009;0,980;3,200;2,619;0,900;0,514;4,700;0,194;20,438;0,796;2,200;1,076;4,420;2,156;0,936;2,944;1,140;0,242;30,100;0,393;3,200;0;0;0;0,189;2,500;0,189;3,200;0,189;2,200;0,189;1,600;0,189;2,600;0,189;1,600;0,189;3,500;1,515;0,600;0,189;3,500
3412005001;0,344;3,600;1,307;0,900;0,381;4,700;0,344;21,542;0,614;2,600;0,000;5,980;0,898;1,560;4,137;1,140;0,000;33,600;1,580;2,800;3;0;3;0,898;2,500;0,614;3,200;0,898;2,200;0,898;1,600;0,614;2,200;1,258;1,200;0,614;3,800;2,240;0,600;0,614;3,500
3412005002;0,287;3,600;1,302;0,900;0,000;5,100;0,000;22,166;0,570;2,600;0,381;5,980;0,803;1,560;4,001;1,140;0,000;33,600;1,534;2,800;3;0;3;0,803;2,500;0,570;3,200;0,803;2,200;0,803;1,600;0,570;2,200;1,352;1,200;0,570;3,800;2,000;0,600;0,570;3,500
3412005003;0,293;4,000;1,555;0,900;0,274;5,500;0,234;21,542;0,425;2,600;0,367;5,460;1,041;0,936;3,735;1,140;0,000;33,700;1,313;2,800;4;0;4;1,041;2,100;0,425;2,800;1,041;1,800;1,041;1,200;0,425;2,200;1,216;1,200;0,425;3,100;1,726;0,600;0,425;3,100
3412005004;0,922;3,200;3,012;0,900;1,124;4,000;1,111;17,490;1,750;1,680;0,554;4,940;2,499;0,936;2,594;1,140;0,000;26,600;1,538;2,900;1;0;1;0,554;2,500;0,554;2,800;0,554;2,200;2,011;1,200;0,554;2,200;0,554;1,600;0,554;3,100;0,554;1,000;0,554;3,100
3412005005;0,341;3,600;2,192;0,900;0,143;5,200;0,000;22,178;0,518;2,200;0,338;4,940;1,675;0,936;3,099;1,140;0,143;32,600;0,753;3,300;0;0;0;0,911;2,500;0,518;3,200;0,911;2,200;0,911;1,600;0,518;2,600;0,911;1,600;0,518;3,500;1,154;0,600;0,518;3,500
3412005006;0,457;4,000;1,917;0,900;0,389;5,100;0,294;23,126;0,276;2,200;0,241;5,460;1,407;0,936;3,386;1,140;0,000;33,300;0,949;3,200;3;0;3;0,929;2,500;0,276;3,200;0,929;2,200;0,929;1,600;0,276;2,600;0,929;1,600;0,276;3,500;1,441;0,600;0,276;3,500
3412005007;0,000;3,200;2,440;0,900;0,204;4,800;0,341;21,218;0,858;2,200;0,551;5,460;1,915;0,936;2,851;1,140;0,204;32,200;0,789;3,300;0;0;0;0,825;2,500;0,825;3,200;0,825;2,200;1,131;1,200;0,825;2,600;0,825;1,600;0,825;3,500;0,825;1,000;0,825;3,500
3412005008;0,204;3,600;2,312;0,900;0,000;4,800;0,143;22,178;0,659;2,200;0,430;4,940;1,792;0,936;2,974;1,140;0,000;32,200;0,717;3,300;1;0;1;0,968;2,500;0,659;3,200;0,968;2,200;0,968;1,600;0,659;2,600;0,968;1,600;0,659;3,500;1,012;0,600;0,659;3,500
3412005009;0,523;4,000;1,663;0,900;0,470;5,100;0,000;21,542;0,574;2,200;0,240;5,460;1,138;0,936;3,628;1,140;0,000;33,700;1,314;2,800;4;0;4;1,138;2,100;0,574;2,800;1,138;1,800;1,138;1,200;0,574;2,200;1,319;1,200;0,574;3,100;1,563;0,600;0,574;3,100
3412005010;0,738;4,000;1,670;0,900;0,649;5,200;0,266;21,218;0,838;2,200;0,422;4,940;1,150;0,936;3,676;1,140;0,000;31,000;1,497;2,900;1;0;1;1,150;2,100;0,838;2,800;1,150;1,800;1,150;1,200;0,838;2,200;1,553;1,200;0,838;3,100;1,553;0,600;0,838;3,100
3412005011;1,063;2,800;1,844;0,900;1,118;4,000;0,781;18,530;1,349;1,680;0,889;4,940;1,374;0,936;3,774;1,140;0,000;27,400;1,880;2,900;3;0;3;1,374;2,100;1,349;2,400;1,374;1,800;1,374;1,200;1,349;1,800;1,614;1,200;1,349;2,700;1,614;0,600;1,349;2,700
3412005012;0,414;3,600;2,043;0,900;0,271;5,200;0,180;22,802;0,506;2,200;0,161;4,940;1,522;0,936;3,243;1,140;0,233;33,400;0,933;3,300;0;0;0;1,049;2,100;0,506;2,800;1,049;1,800;1,049;1,200;0,506;2,200;1,049;1,200;0,506;3,100;1,235;0,600;0,506;3,100
3412005013;1,558;2,800;1,188;0,900;1,188;4,000;0,000;18,186;1,559;1,680;1,289;4,420;1,289;0,936;5,516;0,750;0,000;25,800;3,378;2,900;6;0;6;1,289;2,100;1,289;2,400;1,289;1,800;1,289;1,200;2,502;1,800;3,296;1,200;1,289;3,000;3,355;0,600;1,289;2,700
3412005014;0,769;3,200;2,304;0,900;0,890;4,400;0,872;18,998;1,329;1,680;0,830;4,940;1,801;0,936;3,243;1,140;0,000;27,800;1,558;2,900;4;0;4;1,087;2,100;1,087;2,400;1,087;1,800;1,801;1,200;1,087;1,800;1,087;1,200;1,087;2,700;1,087;0,600;1,087;2,700
3412005015;0,551;4,000;1,891;0,900;0,430;5,200;0,240;22,658;0,501;2,200;0,000;5,460;1,368;0,936;3,395;1,140;0,240;33,400;1,085;2,900;0;0;0;1,152;2,100;0,501;2,800;1,152;1,800;1,152;1,200;0,501;2,200;1,152;1,200;0,501;3,100;1,359;0,600;0,501;3,100
3412006001;0,417;3,200;2,784;0,900;0,475;4,800;0,240;20,334;1,043;1,680;0,717;5,460;2,265;0,936;2,508;1,140;0,000;29,800;0,482;3,300;2;0;2;0,717;2,900;0,717;3,200;0,717;2,600;0,989;1,600;0,717;2,600;0,717;2,000;0,717;3,500;0,717;1,000;0,717;3,500
3412006002;0,590;3,200;2,809;0,900;0,553;4,800;0,000;20,334;0,998;2,200;0,924;5,460;2,301;0,936;2,526;1,140;0,240;30,200;0,243;3,300;0;0;0;0,783;2,900;0,783;3,600;0,783;2,600;0,783;1,600;0,783;3,000;0,783;2,000;0,783;3,900;0,924;1,000;0,783;3,900
3412006003;1,786;2,800;5,286;0,600;2,974;3,600;2,058;16,194;3,523;1,680;2,160;4,420;4,763;0,936;0,000;1,660;0,000;24,800;2,592;3,400;4;0;4;2,160;2,100;2,160;2,400;2,160;1,800;3,101;1,200;2,160;1,800;2,160;1,200;2,160;2,700;2,160;0,600;2,160;2,700
3412006004;0,828;3,200;3,234;0,900;0,922;4,400;0,000;19,074;1,478;1,680;0,595;4,940;2,714;0,936;2,058;1,140;0,000;28,600;0,674;3,300;4;0;4;0,595;2,500;0,595;2,800;0,595;2,200;1,254;1,200;0,595;2,200;0,595;1,600;0,595;3,100;0,595;1,000;0,595;3,100
3412006006;0,825;3,200;3,213;0,900;1,012;4,000;0,595;18,450;1,668;1,680;0,000;4,940;2,688;0,936;2,160;1,140;0,000;27,400;1,155;2,900;3;0;3;0,000;2,500;0,000;2,800;0,000;2,200;1,702;1,200;0,000;2,200;0,000;1,600;0,000;3,100;0,000;1,000;0,000;3,100
3412006007;0,358;3,200;2,572;0,900;0,305;4,800;0,264;21,438;0,804;2,200;0,721;5,460;2,058;0,936;2,733;1,140;0,000;31,000;0,432;3,300;6;0;6;0,819;2,900;0,804;3,600;0,819;2,600;0,819;1,600;0,804;3,000;0,819;2,000;0,804;3,900;0,930;1,000;0,804;3,900
3412007001;1,104;3,000;1,173;0,900;0,815;4,400;0,293;18,690;0,815;2,080;0,763;4,940;1,075;0,936;4,812;1,140;0,000;29,200;2,221;2,800;3;0;3;1,075;2,100;1,075;2,400;1,075;1,800;1,075;1,200;1,335;1,800;1,772;1,200;1,075;3,000;2,994;0,600;1,075;2,700
3412007002;0,723;3,600;0,988;1,300;0,461;5,100;0,257;21,198;0,461;2,080;0,445;5,460;0,735;1,560;4,581;1,140;0,000;31,400;2,015;2,600;4;0;4;0,735;2,500;0,735;2,800;0,735;2,200;0,735;1,600;1,059;1,800;1,647;1,200;0,735;3,400;2,673;0,600;0,735;3,100
3412007003;0,903;3,400;0,893;1,300;0,540;5,200;0,000;21,114;0,540;2,080;0,701;5,460;0,790;1,560;4,832;1,140;0,257;30,800;2,259;2,800;0;0;0;0,790;2,500;0,790;2,800;0,790;2,200;0,790;1,600;1,313;1,800;1,867;1,200;0,790;3,400;2,929;0,600;0,790;3,100
3412007004;2,104;2,700;1,192;0,900;1,192;4,300;1,051;18,330;1,698;1,980;1,690;4,810;1,690;0,936;5,391;0,750;0,000;26,000;3,812;2,900;9;0;9;1,690;2,100;1,690;2,400;1,690;1,800;1,690;1,200;2,842;1,800;3,431;1,200;1,690;3,000;4,353;0,600;1,690;2,600
3412007005;0,251;3,600;1,123;0,900;0,179;4,700;0,000;21,542;0,504;2,600;0,400;5,980;0,627;1,560;4,176;1,140;0,000;33,200;1,712;2,800;6;0;6;0,627;2,500;0,627;3,200;0,627;2,200;0,627;1,600;0,741;2,200;1,510;1,200;0,627;3,800;2,160;0,600;0,627;3,500
3412007006;0,466;3,600;1,037;0,900;0,401;4,700;0,310;21,822;0,401;2,600;0,271;5,460;0,638;1,560;4,357;1,140;0,000;33,000;1,825;2,600;4;0;4;0,638;2,500;0,638;3,200;0,638;2,200;0,638;1,600;0,844;2,200;1,527;1,200;0,638;3,800;2,402;0,600;0,638;3,500
3412007007;0,292;3,600;0,854;1,300;0,217;5,100;0,290;21,822;0,217;2,600;0,405;5,460;0,405;1,560;4,463;1,140;0,000;32,600;1,977;2,600;1;0;1;0,405;2,500;0,405;3,200;0,405;2,200;0,405;1,600;0,994;2,200;1,726;1,200;0,405;3,800;2,449;0,600;0,405;3,500
3412007008;0,636;3,200;0,558;1,300;0,202;5,200;0,409;20,874;0,202;2,080;0,391;5,460;0,391;1,560;4,846;1,140;0,202;29,800;2,330;2,600;0;0;0;0,391;2,500;0,391;2,800;0,391;2,200;0,391;1,600;1,346;1,800;2,024;1,200;0,391;3,400;2,843;0,600;0,391;3,100
3412007009;0,743;3,200;0,311;1,300;0,311;4,800;0,311;20,394;0,355;2,080;0,353;4,940;0,353;1,560;5,033;0,750;0,312;29,100;2,545;2,600;0;0;0;0,353;2,500;0,353;2,800;0,353;2,200;0,353;1,600;1,560;1,800;2,260;1,200;0,353;3,400;2,994;0,600;0,353;3,100
3412007010;0,000;3,600;0,966;1,300;0,397;5,100;0,000;21,342;0,434;2,600;0,442;5,980;0,442;1,560;4,321;1,140;0,251;32,200;1,914;2,600;0;0;0;0,442;2,500;0,442;3,200;0,442;2,200;0,442;1,600;0,966;2,200;1,749;1,200;0,442;3,800;2,254;0,600;0,442;3,500
3412007011;0,384;3,600;1,073;0,900;0,309;4,700;0,200;21,342;0,430;2,600;0,272;5,980;0,631;1,560;4,279;1,140;0,111;33,000;1,765;2,600;0;0;0;0,631;2,500;0,631;3,200;0,631;2,200;0,631;1,600;0,781;2,200;1,499;1,200;0,631;3,800;2,304;0,600;0,631;3,500
3412007012;1,054;3,000;0,283;1,300;0,283;4,800;0,000;19,530;0,652;2,080;0,653;4,940;0,653;1,560;5,330;0,750;0,000;28,900;2,821;2,800;5;0;5;0,653;2,500;0,653;2,800;0,653;2,200;0,653;1,600;1,837;1,800;2,502;1,200;0,653;3,400;3,303;0,600;0,653;3,100
3412007013;0,329;3,600;1,216;0,900;0,087;4,700;0,087;22,166;0,593;2,600;0,369;5,980;0,720;1,560;4,087;1,140;0,087;33,200;1,618;2,800;0;0;0;0,720;2,500;0,649;3,200;0,720;2,200;0,720;1,600;0,649;2,200;1,423;1,200;0,649;3,800;2,081;0,600;0,649;3,500
3412007014;0,544;3,600;1,015;0,900;0,400;4,700;0,404;21,822;0,400;2,600;0,303;5,460;0,658;1,560;4,425;1,140;0,000;32,600;1,880;2,600;2;0;2;0,658;2,500;0,658;3,200;0,658;2,200;0,658;1,600;0,905;2,200;1,558;1,200;0,658;3,800;2,486;0,600;0,658;3,500
3412007015;0,537;3,600;0,819;1,300;0,237;5,100;0,367;21,198;0,237;2,080;0,500;5,460;0,510;1,560;4,602;1,140;0,198;31,400;2,070;2,600;0;0;0;0,510;2,500;0,510;2,800;0,510;2,200;0,510;1,600;1,090;1,800;1,756;1,200;0,510;3,400;2,633;0,600;0,510;3,100
3412007016;0,434;3,600;0,644;1,300;0,000;5,200;0,434;21,354;0,000;2,080;0,274;5,460;0,274;1,560;4,680;1,140;0,000;31,000;2,191;2,600;2;0;2;0,274;2,500;0,274;2,800;0,274;2,200;0,274;1,600;1,207;1,800;1,924;1,200;0,274;3,400;2,656;0,600;0,274;3,100
3412007017;0,670;3,200;0,429;1,300;0,255;5,200;0,398;20,874;0,255;2,080;0,336;5,460;0,336;1,560;4,934;1,140;0,255;30,200;2,435;2,600;0;0;0;0,336;2,500;0,336;2,800;0,336;2,200;0,336;1,600;1,450;1,800;2,143;1,200;0,336;3,400;2,909;0,600;0,336;3,100
3412007018;0,966;3,400;0,000;1,300;0,000;4,800;0,000;20,010;0,644;2,080;0,526;4,940;0,526;1,560;5,286;0,750;0,283;27,700;2,830;2,800;0;0;0;0,526;2,500;0,526;2,800;0,526;2,200;0,526;1,600;1,848;1,800;2,564;1,200;0,526;3,400;3,213;0,600;0,526;3,100
3412007019;1,616;3,000;0,658;1,300;0,658;4,400;0,612;19,374;1,249;1,980;1,181;4,420;1,181;0,936;5,768;0,750;0,000;26,700;3,431;2,800;3;0;3;1,181;2,100;1,181;2,400;1,181;1,800;1,181;1,200;2,447;1,800;3,112;1,200;1,181;3,000;3,869;0,600;1,181;2,600
3412007020;0,442;3,200;0,526;1,300;0,274;5,200;0,442;20,874;0,274;2,080;0,000;5,460;0,000;1,560;4,763;1,140;0,000;29,400;2,337;2,600;1;0;1;0,000;2,500;0,000;2,800;0,000;2,200;0,000;1,600;1,367;1,800;2,122;1,200;0,000;3,400;2,688;0,600;0,000;3,100
3412101001;12,671;0,600;35,664;0,000;13,531;0,600;12,671;2,016;36,060;0,000;25,535;0,130;35,787;0,000;37,735;0,000;11,944;1,100;11,944;0,400;0;0;0;12,671;0,500;35,787;0,000;35,787;0,000;35,787;0,000;36,398;0,000;34,507;0,000;34,022;0,000;36,398;0,000;5,101;0,300
3412201001;8,066;0,600;31,161;0,000;4,695;1,100;4,695;2,028;24,755;0,100;4,695;1,170;63,627;0,000;60,018;0,000;8,066;1,800;8,066;1,300;0;0;0;11,612;0,600;62,679;0,000;36,635;0,000;56,347;0,000;62,055;0,000;30,007;0,000;62,055;0,000;62,679;0,000;40,894;0,000
3412301001;0,000;1,700;24,630;0,200;6,831;1,300;6,831;4,828;22,793;0,330;6,831;1,300;24,121;0,156;19,415;0,250;7,327;6,100;6,831;1,500;0;0;0;16,780;0,500;21,574;0,400;21,574;0,300;22,163;0,200;21,574;0,300;21,574;0,200;21,574;0,500;21,574;0,100;0,000;2,100
3412301002;6,831;1,000;21,226;0,200;0,000;2,000;0,000;6,232;20,666;0,330;0,000;2,340;22,030;0,156;17,791;0,250;7,493;5,500;0,000;2,300;0;8;8;19,853;0,500;19,853;0,400;19,853;0,300;19,919;0,200;19,853;0,300;19,853;0,200;19,853;0,600;19,853;0,100;6,831;1,200
3412401001;14,605;0,600;14,605;0,400;14,605;0,800;13,900;1,836;20,957;0,100;14,605;0,780;78,709;0,000;76,239;0,000;16,980;1,000;16,980;0,600;0;0;0;16,980;0,400;77,823;0,000;19,674;0,200;70,319;0,000;77,355;0,000;30,655;0,000;77,355;0,000;77,823;0,000;29,444;0,100
3412501001;14,913;1,100;11,357;0,400;15,716;1,100;9,227;5,790;15,967;0,430;11,357;1,430;16,714;0,156;11,357;0,490;11,357;5,300;13,797;1,400;0;0;0;15,328;0,500;15,328;0,400;15,328;0,300;15,328;0,200;15,328;0,300;15,328;0,200;15,328;0,500;16,727;0,100;15,328;0,600
3412601001;4,754;0,800;35,505;0,000;4,419;0,900;4,754;2,272;35,562;0,000;4,419;1,040;56,273;0,000;51,537;0,000;0,000;4,200;28,502;0,300;2;0;2;15,635;0,200;53,591;0,000;35,505;0,000;54,560;0,000;53,591;0,000;4,754;0,600;47,273;0,000;53,591;0,000;27,678;0,200
3412701001;7,327;1,100;21,064;0,200;12,078;1,400;8,105;5,296;19,363;0,330;12,078;1,300;20,539;0,156;15,845;0,250;0,000;7,400;8,105;2,400;2;0;2;13,042;0,700;17,851;0,400;17,851;0,300;18,917;0,200;17,851;0,300;17,851;0,200;17,851;0,500;17,851;0,100;0,000;2,000
3412901001;14,094;0,400;16,935;0,100;14,623;0,400;14,094;1,568;17,009;0,100;14,623;0,650;62,805;0,000;62,277;0,000;0,000;3,300;16,762;0,500;2;0;2;13,015;0,400;63,295;0,000;16,935;0,100;63,295;0,000;63,295;0,000;14,094;0,300;62,118;0,000;63,295;0,000;16,935;0,100
3413001001;11,600;1,200;25,135;0,200;6,324;1,300;6,324;4,896;24,085;0,230;16,937;1,040;24,698;0,156;21,319;0,250;0,000;7,600;0,000;2,700;2;2;4;12,599;0,800;22,440;0,400;22,440;0,300;24,069;0,200;22,440;0,300;22,440;0,200;22,440;0,500;22,440;0,100;13,170;1,100
3413101001;14,087;0,700;46,456;0,000;9,136;1,000;14,087;1,760;45,263;0,000;11,584;0,910;46,618;0,000;42,010;0,000;8,952;2,000;9,136;1,400;0;0;0;20,519;0,100;38,908;0,000;44,166;0,000;44,580;0,000;44,166;0,000;24,330;0,100;27,253;0,100;44,166;0,000;9,136;0,600
3413201001;12,427;1,200;30,190;0,000;4,285;1,700;4,285;4,656;28,993;0,230;12,427;1,170;29,727;0,156;25,986;0,130;4,285;7,300;4,285;2,000;0;0;0;15,796;0,600;27,328;0,400;27,328;0,300;28,891;0,200;27,328;0,300;27,328;0,200;27,328;0,400;27,328;0,100;11,689;1,100
3413301001;13,409;2,500;23,444;0,600;5,924;2,700;5,924;10,938;18,791;0,730;14,814;2,740;24,456;0,312;23,444;0,350;13,409;16,000;13,409;1,300;0;0;0;24,456;1,300;24,456;1,000;24,456;1,200;24,456;0,400;25,658;0,900;26,167;0,800;20,551;1,300;27,100;0,500;24,456;0,800
3413401001;10,038;0,500;10,038;0,400;10,038;0,700;10,038;1,156;29,340;0,100;10,038;0,650;92,157;0,000;90,535;0,000;29,353;0,200;27,518;0,300;0;0;0;28,703;0,200;91,886;0,000;4,472;0,700;79,190;0,000;91,886;0,000;49,385;0,000;91,886;0,000;91,886;0,000;29,712;0,100
3413501001;7,687;0,500;28,276;0,100;7,165;1,000;7,165;1,092;7,165;0,300;11,858;0,650;62,047;0,000;61,482;0,000;6,837;0,500;0,000;1,800;0;2;2;7,687;0,400;61,372;0,000;32,629;0,000;47,538;0,000;61,321;0,000;55,097;0,000;61,321;0,000;61,372;0,000;28,712;0,100
3413601001;9,003;0,400;23,525;0,100;9,613;0,400;9,003;1,512;23,409;0,100;9,613;0,650;60,792;0,000;60,629;0,000;7,013;2,500;23,351;0,400;0;0;0;14,109;0,400;59,981;0,000;23,525;0,100;61,514;0,000;61,514;0,000;9,003;0,300;55,010;0,000;61,514;0,000;23,525;0,100
3413701001;14,470;0,700;41,427;0,000;4,822;1,300;14,470;1,704;41,078;0,000;17,208;0,520;42,445;0,000;38,082;0,000;14,470;1,500;4,822;1,700;0;0;0;23,751;0,100;34,458;0,000;40,190;0,000;40,341;0,000;40,190;0,000;31,965;0,000;19,787;0,100;40,190;0,000;4,822;0,900
3413901001;14,201;0,600;23,894;0,100;8,368;0,800;4,024;2,184;15,291;0,100;8,368;1,040;65,418;0,000;63,252;0,000;4,024;1,200;4,024;1,500;0;0;0;4,024;0,900;64,542;0,000;29,487;0,100;57,354;0,000;64,099;0,000;36,203;0,000;64,099;0,000;64,542;0,000;42,503;0,000
3414001001;20,659;0,500;20,659;0,200;20,659;0,600;6,366;1,880;24,580;0,200;20,659;0,650;76,573;0,000;72,140;0,000;16,889;1,300;23,479;0,500;0;0;0;10,894;0,600;73,938;0,000;23,577;0,200;75,239;0,000;73,938;0,000;22,291;0,100;73,780;0,000;73,938;0,000;23,577;0,100
3414101001;9,863;1,100;28,026;0,100;9,863;1,200;9,863;4,328;28,263;0,230;27,875;0,520;27,999;0,156;28,747;0,130;0,000;6,400;0,000;1,800;2;8;10;17,890;0,600;27,875;0,400;27,875;0,300;27,999;0,200;27,875;0,300;27,875;0,200;27,435;0,500;27,875;0,100;16,806;0,500
3414301001;8,395;0,500;38,085;0,000;7,782;0,500;8,395;1,804;38,363;0,000;7,782;0,650;53,914;0,000;49,277;0,000;5,454;3,100;23,786;0,200;0;0;0;13,998;0,400;51,230;0,000;38,085;0,000;52,363;0,000;51,230;0,000;8,395;0,300;50,681;0,000;51,230;0,000;24,937;0,100
3414601001;11,307;1,500;11,635;0,400;7,594;2,600;4,727;11,282;10,747;0,990;9,817;2,470;11,973;0,468;15,825;0,250;5,922;13,200;5,922;1,700;0;0;0;11,973;1,000;11,973;1,200;11,973;0,900;11,973;0,600;13,257;0,900;13,795;0,600;8,904;1,500;13,795;0,300;11,973;1,300
3414701001;9,855;0,600;40,828;0,000;9,340;0,600;4,219;2,472;40,953;0,000;9,340;0,650;50,820;0,000;46,104;0,000;0,000;4,000;27,586;0,500;2;0;2;13,650;0,400;48,133;0,000;40,828;0,000;49,149;0,000;48,133;0,000;9,855;0,300;45,237;0,000;48,133;0,000;22,065;0,300
3414901001;9,567;0,800;37,365;0,000;6,931;0,900;6,931;2,128;36,527;0,000;15,523;0,260;36,973;0,000;34,026;0,000;5,131;3,200;6,931;1,500;0;0;0;15,523;0,300;34,931;0,000;34,931;0,000;36,607;0,000;34,931;0,000;34,931;0,000;34,931;0,000;34,931;0,000;21,975;0,200
3415101001;12,984;0,500;12,984;0,400;12,984;0,500;7,487;2,432;14,041;0,300;13,269;0,650;72,582;0,000;71,593;0,000;11,422;1,900;12,895;0,900;0;0;0;12,984;0,400;72,765;0,000;12,984;0,400;72,765;0,000;72,765;0,000;24,549;0,100;72,765;0,000;72,765;0,000;12,984;0,300
3415201001;9,497;1,100;29,588;0,100;8,118;1,400;8,118;4,784;28,220;0,230;9,497;1,170;29,097;0,156;24,988;0,130;7,440;6,900;7,440;1,600;0;0;0;12,620;0,800;26,558;0,400;26,558;0,300;28,016;0,200;26,558;0,300;26,558;0,200;26,558;0,400;26,558;0,100;7,859;1,100
3415401001;19,884;0,500;25,038;0,100;15,945;0,600;6,784;1,780;27,797;0,100;15,945;0,520;70,411;0,000;66,132;0,000;17,034;1,500;18,377;0,600;0;0;0;11,333;0,500;67,825;0,000;29,846;0,100;68,224;0,000;67,825;0,000;22,179;0,100;67,825;0,000;67,825;0,000;31,648;0,000
3415501001;13,615;1,500;17,050;0,200;14,984;1,400;6,683;6,330;15,633;0,330;13,975;1,430;16,549;0,156;12,395;0,510;6,415;8,900;6,415;2,500;0;0;0;6,683;0,900;13,975;0,600;13,975;0,500;15,417;0,200;13,975;0,500;13,975;0,400;13,975;0,700;13,975;0,300;6,598;1,500
3415601001;11,314;0,800;35,645;0,000;11,314;0,800;5,533;2,472;33,839;0,000;11,314;0,780;35,125;0,000;30,364;0,000;9,935;2,400;15,296;1,100;0;0;0;8,655;0,400;32,493;0,000;32,493;0,000;33,266;0,000;32,493;0,000;26,626;0,100;32,493;0,000;32,493;0,000;9,935;0,800
3415701001;0,613;1,100;31,488;0,000;0,000;1,100;0,613;2,860;31,619;0,000;0,000;1,560;60,157;0,000;55,443;0,000;0,000;4,200;30,328;0,000;4;0;4;11,590;0,400;57,470;0,000;31,488;0,000;58,489;0,000;57,470;0,000;0,613;1,000;51,453;0,000;57,470;0,000;31,346;0,000
3415701002;0,000;1,100;30,980;0,000;0,613;1,100;0,000;2,860;31,098;0,000;0,613;1,560;60,674;0,000;55,957;0,000;0,613;4,200;30,809;0,000;0;0;0;11,584;0,400;57,988;0,000;30,980;0,000;58,999;0,000;57,988;0,000;0,000;1,000;51,581;0,000;57,988;0,000;30,980;0,000
3415701003;5,432;0,500;28,180;0,100;5,476;0,500;5,432;2,080;28,500;0,100;5,476;0,780;63,816;0,000;59,160;0,000;0,000;3,600;28,015;0,300;2;0;2;6,157;0,500;61,130;0,000;28,180;0,100;62,239;0,000;61,130;0,000;5,432;0,300;56,915;0,000;61,130;0,000;28,180;0,100
3415801001;10,355;0,600;10,355;0,300;6,200;1,300;6,200;1,872;11,678;0,300;8,016;0,910;79,198;0,000;78,705;0,000;11,694;0,400;9,902;0,800;0;0;0;11,039;0,400;78,450;0,000;14,249;0,300;65,378;0,000;78,266;0,000;47,846;0,000;78,266;0,000;78,450;0,000;39,651;0,000
3415901001;12,807;1,300;22,511;0,200;12,459;1,500;11,586;5,252;21,064;0,330;14,534;1,300;22,008;0,156;17,758;0,250;5,851;7,200;7,362;2,200;0;0;0;11,586;0,700;19,414;0,400;19,414;0,300;20,816;0,200;19,414;0,300;19,414;0,200;19,414;0,500;19,414;0,100;5,851;1,300
3416001001;10,483;0,400;10,483;0,300;7,010;0,800;7,010;1,404;17,033;0,100;10,483;0,780;84,674;0,000;84,158;0,000;16,811;0,200;15,560;0,400;0;0;0;16,376;0,200;83,957;0,000;11,696;0,300;66,051;0,000;83,826;0,000;52,068;0,000;83,826;0,000;83,957;0,000;39,949;0,000
3416101001;3,373;1,200;37,408;0,000;6,514;1,000;6,514;1,716;28,702;0,100;6,514;1,040;58,383;0,000;54,246;0,000;2,802;2,400;3,373;1,300;0;0;0;14,403;0,600;57,411;0,000;42,923;0,000;51,395;0,000;56,717;0,000;32,418;0,000;56,717;0,000;57,411;0,000;37,653;0,000
3416301001;5,149;1,100;40,101;0,000;5,149;1,000;5,149;2,840;38,612;0,000;5,149;0,780;39,594;0,000;35,232;0,000;0,000;4,500;14,340;1,100;2;0;2;7,524;0,600;36,975;0,000;36,975;0,000;38,320;0,000;36,975;0,000;24,495;0,100;36,975;0,000;36,975;0,000;12,115;0,500
3416501001;17,075;0,600;39,779;0,000;8,435;0,900;16,789;1,548;38,943;0,000;18,142;0,650;40,308;0,000;35,806;0,000;15,899;1,400;6,250;1,200;0;0;0;19,957;0,100;37,946;0,000;37,946;0,000;38,233;0,000;37,946;0,000;29,901;0,100;22,664;0,100;37,946;0,000;8,435;0,600
3416701001;10,823;2,200;8,651;0,600;11,244;2,500;9,129;11,802;12,648;1,190;8,651;2,730;14,709;0,468;8,651;0,490;8,651;14,600;10,823;2,000;0;0;0;14,151;1,100;14,151;1,200;14,151;0,900;14,151;0,700;14,151;0,700;14,151;0,700;14,151;1,200;15,831;0,200;14,151;1,300
3416801001;4,797;1,400;40,115;0,000;9,254;1,200;9,254;2,340;31,367;0,000;9,254;1,040;57,263;0,000;52,717;0,000;0,000;3,100;4,797;1,400;2;0;2;12,051;0,500;56,277;0,000;45,612;0,000;50,502;0,000;55,532;0,000;32,508;0,000;55,532;0,000;56,277;0,000;35,421;0,000
3416901001;8,001;0,500;32,512;0,000;8,331;0,600;0,000;2,192;32,308;0,000;8,331;0,650;60,385;0,000;56,204;0,000;5,809;2,700;24,970;0,300;0;0;0;18,953;0,200;52,640;0,000;32,512;0,000;59,134;0,000;58,318;0,000;8,001;0,300;46,063;0,000;58,318;0,000;27,294;0,100
3417001001;12,071;0,500;18,837;0,100;11,837;1,100;7,303;1,872;12,057;0,300;9,400;0,910;69,375;0,000;67,704;0,000;7,303;0,800;7,303;1,200;0;0;0;7,303;0,700;68,529;0,000;24,413;0,100;59,826;0,000;68,153;0,000;37,932;0,000;68,153;0,000;68,529;0,000;40,050;0,000
3417101001;10,145;0,400;10,145;0,400;10,145;0,400;0,000;3,156;11,438;0,300;10,076;0,520;72,978;0,000;71,670;0,000;10,076;1,200;10,159;0,900;0;0;0;10,145;0,400;72,936;0,000;10,145;0,400;72,936;0,000;72,936;0,000;31,632;0,000;72,936;0,000;72,936;0,000;10,145;0,300
3417401001;6,881;1,200;28,561;0,100;7,024;1,200;6,881;4,372;27,933;0,230;22,777;0,780;28,213;0,156;25,829;0,130;7,024;6,600;7,024;1,800;0;0;0;16,370;0,600;26,418;0,400;26,418;0,300;28,119;0,200;26,418;0,300;26,418;0,200;26,418;0,400;26,418;0,100;20,712;0,700
3417501001;12,052;0,800;44,211;0,000;12,052;0,900;4,359;2,740;44,428;0,000;12,052;0,910;47,577;0,000;42,920;0,000;0,000;4,300;23,375;0,600;2;0;2;10,098;0,400;44,890;0,000;44,211;0,000;46,000;0,000;44,890;0,000;13,591;0,300;44,890;0,000;44,890;0,000;18,608;0,400
3417601001;12,269;0,800;29,686;0,100;9,142;0,900;9,142;2,184;26,647;0,100;9,142;0,910;66,221;0,000;62,168;0,000;11,929;2,100;12,269;1,200;0;0;0;14,488;0,600;63,718;0,000;34,967;0,000;60,770;0,000;63,718;0,000;25,824;0,100;63,718;0,000;63,718;0,000;39,334;0,000
3417701001;10,294;1,900;9,452;0,600;3,822;2,900;5,147;11,810;7,293;0,990;6,053;2,730;9,892;0,468;13,029;0,750;5,000;13,900;3,822;2,300;0;0;0;9,892;1,000;9,892;1,200;9,892;0,900;9,892;0,600;11,255;0,900;12,010;0,600;6,125;1,500;12,185;0,300;9,892;1,300
3417801001;14,553;0,600;34,091;0,000;11,633;0,600;11,633;2,016;34,503;0,000;27,212;0,130;34,230;0,000;36,322;0,000;11,635;1,100;11,635;0,500;0;0;0;14,553;0,500;34,230;0,000;34,230;0,000;34,230;0,000;34,927;0,000;34,927;0,000;32,355;0,000;34,927;0,000;6,389;0,300
3417901001;15,063;0,300;18,857;0,200;15,364;0,300;8,828;1,724;19,446;0,100;15,364;0,390;70,520;0,000;69,557;0,000;7,744;1,900;18,708;0,300;0;0;0;7,551;0,400;70,985;0,000;18,857;0,100;70,985;0,000;70,985;0,000;15,063;0,100;66,190;0,000;70,985;0,000;18,857;0,100
3418001001;8,135;1,200;24,385;0,200;7,441;1,300;7,441;5,152;23,557;0,330;20,325;1,040;23,992;0,156;21,158;0,250;3,465;7,000;3,465;2,200;0;0;0;11,854;0,800;21,972;0,400;21,972;0,300;23,657;0,200;21,972;0,300;21,972;0,200;21,972;0,500;21,972;0,100;15,644;0,700
3418101001;7,418;1,500;12,561;0,600;4,664;2,900;0,000;13,216;7,468;0,990;3,447;2,990;13,087;0,468;12,673;0,490;6,504;11,800;4,664;2,300;0;0;0;13,087;0,800;13,087;1,000;13,087;0,700;13,087;0,600;14,288;0,700;14,808;0,400;9,238;1,300;15,775;0,100;13,087;1,000
3418201001;0,000;1,900;18,615;0,200;0,000;2,100;0,000;6,778;18,930;0,330;18,658;0,910;18,658;0,156;20,208;0,250;0,000;6,700;9,863;1,500;2;0;2;15,720;0,500;18,658;0,400;18,658;0,300;18,658;0,200;18,969;0,300;18,969;0,200;17,680;0,500;18,969;0,100;18,658;0,600
3418401001;13,787;1,200;17,262;0,200;13,787;1,400;7,685;6,114;19,553;0,430;17,262;1,430;22,638;0,156;17,262;0,250;17,262;5,200;19,077;1,100;0;0;0;21,197;0,400;21,197;0,400;21,197;0,300;21,197;0,200;21,197;0,300;21,197;0,200;21,197;0,600;22,539;0,100;21,197;0,600
3418501001;17,002;0,300;17,002;0,200;17,002;0,300;9,180;1,512;21,917;0,100;17,002;0,260;82,042;0,000;80,301;0,000;20,434;0,300;20,993;0,300;0;0;0;20,874;0,100;81,680;0,000;12,691;0,400;81,680;0,000;81,680;0,000;45,879;0,000;81,680;0,000;81,680;0,000;20,874;0,100
3418601001;8,026;1,000;29,868;0,100;14,088;1,200;8,026;3,436;29,961;0,100;28,966;0,390;29,720;0,156;29,342;0,130;6,950;4,300;6,950;1,000;0;0;0;19,803;0,500;28,966;0,200;28,966;0,200;29,720;0,100;28,966;0,100;28,966;0,100;28,966;0,200;28,966;0,100;22,220;0,300
3418901001;9,673;1,800;10,005;0,400;9,673;2,700;5,898;10,554;10,134;0,990;9,563;2,340;9,884;0,468;10,588;0,510;7,000;14,100;7,000;2,500;0;0;0;7,758;1,200;9,563;1,200;9,563;0,900;9,884;0,600;9,563;0,900;9,563;0,600;9,563;1,500;9,563;0,300;9,563;1,500
3419001001;11,584;0,500;26,408;0,100;11,590;0,500;5,214;1,936;26,989;0,100;11,590;0,650;67,434;0,000;62,871;0,000;6,157;2,600;26,259;0,500;0;0;0;0,000;1,200;64,763;0,000;26,408;0,100;65,969;0,000;64,763;0,000;11,584;0,300;62,907;0,000;64,763;0,000;26,408;0,100
3419201001;8,519;0,800;44,877;0,000;8,519;0,800;8,519;2,272;43,335;0,000;8,519;0,780;44,364;0,000;39,904;0,000;5,200;3,300;16,390;0,600;0;0;0;8,897;0,500;41,717;0,000;41,717;0,000;43,003;0,000;41,717;0,000;19,485;0,100;41,717;0,000;41,717;0,000;16,007;0,300
3419601001;16,760;0,700;17,769;0,200;10,330;1,400;7,147;6,802;14,682;0,530;11,577;1,170;18,220;0,156;20,651;0,250;12,631;5,500;10,330;1,400;0;0;0;18,220;0,400;18,220;0,400;18,220;0,300;18,220;0,200;19,586;0,300;20,332;0,200;14,328;0,700;20,518;0,100;18,220;0,500
3419901001;13,244;0,600;13,244;0,400;13,244;0,600;0,000;2,764;14,027;0,300;12,699;0,520;72,901;0,000;71,135;0,000;12,699;0,700;13,396;0,800;0;0;0;13,244;0,300;72,518;0,000;13,244;0,400;72,518;0,000;72,518;0,000;42,098;0,000;72,518;0,000;72,518;0,000;13,244;0,300
3420101001;21,576;0,500;26,450;0,200;9,557;1,300;9,557;4,870;22,526;0,330;18,743;0,910;26,936;0,156;28,321;0,120;20,734;4,400;18,280;0,500;0;0;0;25,909;0,400;26,936;0,400;26,936;0,300;26,936;0,200;28,296;0,300;28,999;0,200;22,887;0,500;29,389;0,100;26,936;0,400
3420201001;11,257;0,600;32,209;0,000;10,959;0,600;8,507;2,192;32,766;0,000;10,959;0,650;62,068;0,000;57,559;0,000;7,201;2,700;21,820;0,400;0;0;0;5,826;0,500;59,410;0,000;32,209;0,000;60,661;0,000;59,410;0,000;11,257;0,300;59,410;0,000;59,410;0,000;32,209;0,000
3420401001;12,762;0,800;42,791;0,000;6,020;1,200;12,762;1,760;40,165;0,000;12,762;0,650;44,860;0,000;40,911;0,000;13,600;1,300;6,020;1,300;0;0;0;27,119;0,100;27,119;0,100;42,741;0,000;42,741;0,000;42,741;0,000;38,955;0,000;12,762;0,400;42,897;0,000;6,020;0,500
3420501001;20,306;0,300;28,950;0,100;8,041;1,000;8,041;3,562;26,501;0,200;23,513;0,390;29,344;0,156;32,452;0,000;20,306;2,000;22,193;0,400;0;0;0;28,197;0,200;29,344;0,100;29,344;0,100;29,344;0,100;30,675;0,000;30,807;0,000;25,752;0,200;31,329;0,000;22,243;0,200
3420601001;10,006;0,600;45,414;0,000;0,000;1,600;10,006;1,704;45,398;0,000;15,047;0,390;46,761;0,000;42,496;0,000;10,006;1,500;0,000;2,100;0;8;8;27,892;0,100;30,377;0,000;44,579;0,000;44,646;0,000;44,579;0,000;33,099;0,000;18,778;0,100;44,579;0,000;0,000;1,200
3420801001;16,424;0,500;31,975;0,000;16,139;0,500;7,315;1,816;34,271;0,000;16,139;0,520;63,874;0,000;59,502;0,000;12,003;2,000;18,950;0,400;0;0;0;8,181;0,600;61,256;0,000;33,546;0,000;62,594;0,000;61,256;0,000;16,424;0,100;61,256;0,000;61,256;0,000;33,546;0,000
3421001001;12,483;0,700;31,052;0,000;12,483;0,800;12,483;2,568;31,388;0,000;30,354;0,000;31,115;0,000;32,604;0,000;5,944;1,800;5,944;0,900;0;0;0;14,826;0,500;31,115;0,000;31,115;0,000;31,115;0,000;31,438;0,000;31,438;0,000;29,830;0,100;31,438;0,000;11,049;0,300
3421101001;7,599;1,100;43,597;0,000;7,599;1,200;7,599;2,596;42,290;0,000;12,115;0,780;43,117;0,000;39,107;0,000;0,000;4,000;7,599;1,200;2;0;2;14,677;0,500;40,623;0,000;40,623;0,000;42,114;0,000;40,623;0,000;27,094;0,100;40,623;0,000;40,623;0,000;18,154;0,300
3421301001;4,633;1,500;26,085;0,100;11,702;1,300;4,633;5,108;26,146;0,330;25,050;0,520;25,912;0,156;25,361;0,130;7,854;6,200;7,854;1,500;0;0;0;16,975;0,500;25,050;0,400;25,050;0,300;25,912;0,200;25,050;0,300;25,050;0,200;25,050;0,500;25,050;0,100;24,480;0,700
3421401001;7,457;0,500;7,457;0,300;7,457;0,500;6,799;2,276;7,392;0,300;8,062;0,650;61,193;0,000;60,175;0,000;0,000;3,200;7,283;1,000;2;0;2;7,457;0,400;61,353;0,000;7,457;0,300;61,353;0,000;61,353;0,000;23,732;0,100;61,353;0,000;61,353;0,000;7,457;0,300
3421501001;3,828;1,100;35,593;0,000;3,828;1,300;3,828;2,996;34,110;0,000;3,828;1,170;35,086;0,000;30,740;0,000;3,828;4,200;12,486;1,400;0;0;0;7,345;0,500;32,471;0,000;32,471;0,000;33,825;0,000;32,471;0,000;28,233;0,100;32,471;0,000;32,471;0,000;8,304;0,500
3421601001;15,952;0,600;42,805;0,000;8,533;0,900;15,952;1,548;41,722;0,000;15,134;0,650;43,082;0,000;38,507;0,000;12,517;1,700;8,533;1,200;0;0;0;19,434;0,100;38,910;0,000;40,659;0,000;41,029;0,000;40,659;0,000;26,867;0,100;25,084;0,100;40,659;0,000;8,533;0,600
3421701001;3,959;2,500;4,324;0,900;4,095;4,000;0,000;17,970;4,326;1,680;3,835;4,420;4,098;0,936;5,397;0,750;3,109;23,900;4,730;2,900;0;0;0;3,835;1,800;3,835;2,100;3,835;1,500;4,098;0,900;3,835;1,500;3,835;0,900;3,835;2,400;3,835;0,600;3,835;2,400
3421801001;2,670;0,800;29,946;0,100;3,215;0,800;2,670;2,080;29,960;0,100;3,215;1,040;61,943;0,000;57,203;0,000;0,000;3,700;29,773;0,200;2;0;2;13,173;0,500;58,359;0,000;29,946;0,100;60,218;0,000;59,262;0,000;2,670;0,600;50,820;0,000;59,262;0,000;29,946;0,100
3422001001;10,685;1,600;9,310;0,600;12,129;2,400;8,780;9,966;12,269;0,890;9,310;2,860;13,295;0,468;9,310;0,750;9,310;12,900;8,780;2,000;0;0;0;11,525;1,000;11,525;1,200;11,525;0,900;11,525;0,600;11,525;0,900;11,525;0,600;11,525;1,300;12,637;0,300;11,525;1,500
3422101001;6,321;2,000;12,654;0,400;6,321;2,400;6,321;10,042;12,893;0,790;12,628;1,950;12,628;0,468;13,888;0,510;6,321;13,800;8,309;2,100;0;0;0;10,421;1,200;12,628;1,200;12,628;0,900;12,628;0,600;12,702;0,900;12,702;0,600;12,372;1,500;12,702;0,300;12,628;1,500
3422201001;12,718;0,700;36,066;0,000;12,708;0,700;12,708;1,660;32,969;0,000;12,708;0,780;59,545;0,000;55,458;0,000;9,800;2,100;10,224;0,800;0;0;0;16,975;0,400;57,028;0,000;41,210;0,000;58,491;0,000;57,028;0,000;23,024;0,100;57,028;0,000;57,028;0,000;33,028;0,000
3422301001;12,960;0,900;44,928;0,000;12,960;1,100;0,000;3,676;45,022;0,000;12,960;1,040;46,773;0,000;42,042;0,000;3,484;4,400;25,057;0,900;0;0;0;10,041;0,400;44,090;0,000;44,090;0,000;45,073;0,000;44,090;0,000;13,956;0,300;42,012;0,000;44,090;0,000;18,219;0,400
3422401001;7,800;1,000;31,143;0,000;10,441;1,300;7,061;3,524;29,359;0,130;10,441;1,430;30,619;0,000;25,857;0,130;6,047;5,100;14,262;1,400;0;0;0;9,184;0,600;27,963;0,300;27,963;0,200;28,817;0,100;27,963;0,300;27,963;0,200;27,963;0,300;27,963;0,100;6,047;1,300
3422501001;6,284;1,900;5,365;0,600;1,407;3,200;0,000;14,678;0,000;1,690;1,407;3,770;5,872;0,468;5,968;0,750;0,000;15,500;4,364;2,500;2;0;2;5,872;1,000;5,872;1,200;5,872;0,900;5,872;0,600;6,941;0,900;7,393;0,600;3,047;1,800;8,521;0,300;5,872;1,400
3422501002;6,685;1,900;4,981;0,900;0,000;3,300;1,407;14,174;1,407;1,290;0,000;4,680;6,316;0,468;4,981;1,110;1,407;15,100;5,465;2,200;0;0;0;6,316;1,000;6,316;1,200;6,316;0,900;6,316;0,600;7,185;0,900;7,504;0,600;4,255;1,800;8,835;0,300;6,316;1,400
3422501003;7,094;1,800;6,128;0,600;2,457;3,200;0,000;14,878;2,157;1,290;3,180;3,770;6,653;0,468;8,058;0,750;0,000;15,000;2,457;2,600;2;0;2;6,653;1,000;6,653;1,200;6,653;0,900;6,653;0,600;7,921;0,900;8,519;0,600;2,739;1,800;9,328;0,300;6,653;1,300
3422501004;4,532;2,100;3,587;0,900;3,587;4,000;2,739;16,114;3,047;1,590;4,093;4,030;4,093;0,936;7,269;0,750;0,000;19,600;4,203;3,200;2;0;2;4,093;1,500;4,093;1,500;4,093;1,200;4,093;0,900;5,432;0,900;6,114;0,600;0,000;2,500;6,706;0,300;4,093;1,700
3422701001;7,923;0,800;32,545;0,000;12,322;0,900;10,353;2,712;30,705;0,000;12,322;0,910;32,038;0,000;27,338;0,130;11,510;2,900;11,561;1,600;0;0;0;13,267;0,500;29,497;0,100;29,497;0,100;30,067;0,000;29,497;0,100;29,497;0,100;28,396;0,200;29,497;0,100;7,923;1,100
3422801001;17,895;0,500;38,376;0,000;17,638;0,600;14,583;1,916;37,606;0,000;17,638;0,520;57,049;0,000;52,770;0,000;14,395;2,300;13,144;0,700;0;0;0;14,176;0,600;54,461;0,000;40,417;0,000;55,847;0,000;54,461;0,000;18,121;0,100;54,461;0,000;54,461;0,000;29,459;0,100
3422901001;8,741;0,900;38,848;0,000;10,903;1,000;10,903;2,028;32,818;0,000;10,903;0,780;57,906;0,000;54,046;0,000;4,867;2,600;5,574;1,100;0;0;0;15,652;0,400;55,478;0,000;44,197;0,000;55,254;0,000;55,478;0,000;27,641;0,100;55,478;0,000;55,478;0,000;32,912;0,000
3423001001;6,793;0,800;32,692;0,000;6,793;0,900;6,793;2,612;31,279;0,000;6,793;0,780;32,195;0,000;27,988;0,130;6,793;3,800;9,506;1,300;0;0;0;10,188;0,600;29,624;0,100;29,624;0,100;31,043;0,000;29,624;0,100;29,624;0,100;29,624;0,100;29,624;0,100;7,885;0,800
3423101001;12,635;0,600;41,678;0,000;12,463;0,600;8,228;1,804;41,547;0,000;12,463;0,910;51,652;0,000;46,890;0,000;7,000;3,000;20,757;0,400;0;0;0;17,293;0,200;49,016;0,000;41,678;0,000;49,792;0,000;49,016;0,000;12,635;0,300;39,014;0,000;49,016;0,000;20,757;0,300
3423201001;0,000;1,600;28,790;0,100;0,000;1,600;0,000;3,484;21,992;0,100;11,936;0,780;32,913;0,000;28,790;0,120;18,892;0,900;18,157;0,500;0;0;0;21,211;0,100;31,017;0,000;31,017;0,000;31,017;0,000;31,017;0,000;31,017;0,000;11,936;0,300;31,875;0,000;24,352;0,200
3423301001;11,193;1,000;45,580;0,000;11,193;1,000;11,193;2,072;44,172;0,000;11,329;0,780;45,084;0,000;40,870;0,000;4,034;3,500;11,193;1,000;0;0;0;13,054;0,500;42,516;0,000;42,516;0,000;43,932;0,000;42,516;0,000;23,061;0,100;42,516;0,000;42,516;0,000;18,347;0,300
3423401001;16,102;0,500;35,317;0,000;15,706;0,500;10,668;1,760;36,430;0,000;15,706;0,520;60,384;0,000;56,027;0,000;12,595;2,000;16,538;0,400;0;0;0;10,385;0,600;57,771;0,000;36,495;0,000;59,117;0,000;57,771;0,000;16,102;0,100;57,771;0,000;57,771;0,000;32,334;0,000
3423601001;9,849;0,600;43,840;0,000;9,849;0,800;3,484;2,684;42,112;0,000;9,849;0,780;43,314;0,000;38,589;0,000;0,000;3,900;23,442;0,900;2;0;2;6,696;0,400;40,630;0,000;40,630;0,000;41,627;0,000;40,630;0,000;17,374;0,100;40,630;0,000;40,630;0,000;14,741;0,600
3423701001;7,565;2,000;11,829;0,600;9,583;2,400;3,485;11,098;9,986;0,790;9,071;2,730;11,352;0,468;7,001;0,750;4,519;13,700;3,485;2,900;0;0;0;9,071;1,300;9,071;1,200;9,071;0,900;9,278;0,600;9,071;0,900;9,071;0,600;9,071;1,300;9,071;0,300;9,071;1,900
3423801001;9,615;0,900;16,259;0,200;9,615;1,600;0,000;7,622;15,388;0,330;13,947;1,170;16,566;0,156;20,126;0,250;9,615;5,600;10,407;1,300;0;0;0;16,566;0,400;16,566;0,400;16,566;0,300;16,566;0,200;17,807;0,300;18,189;0,200;13,631;0,700;18,189;0,100;16,566;0,500
3424001001;11,906;1,400;23,113;0,200;11,906;1,500;9,377;5,064;14,121;0,630;19,340;1,300;28,608;0,156;23,113;0,370;14,121;5,200;21,884;0,900;0;0;0;16,959;0,500;27,196;0,400;27,196;0,300;27,196;0,300;27,196;0,400;27,196;0,200;22,851;0,500;28,544;0,100;27,196;0,600
3424101001;8,119;0,700;32,705;0,000;14,085;0,700;8,119;2,716;32,477;0,000;24,158;0,130;32,454;0,000;31,036;0,000;14,085;2,500;14,085;1,200;0;0;0;21,788;0,300;31,154;0,000;31,154;0,000;32,454;0,000;31,154;0,000;31,154;0,000;31,154;0,000;31,154;0,000;28,451;0,300
3424201001;8,988;0,600;38,296;0,000;13,397;0,600;8,988;2,660;38,560;0,000;26,797;0,130;38,952;0,000;28,807;0,100;0,000;3,000;10,889;0,800;2;0;2;8,988;0,500;38,113;0,000;36,785;0,000;36,785;0,000;36,785;0,000;33,723;0,000;36,785;0,000;38,113;0,000;15,802;0,100
3424301001;7,489;1,200;29,501;0,100;7,489;1,200;7,489;4,160;27,848;0,230;7,489;1,040;28,977;0,156;24,346;0,130;0,000;7,100;13,807;1,300;2;0;2;8,517;0,700;26,292;0,400;26,292;0,300;27,437;0,200;26,292;0,300;26,292;0,200;26,292;0,400;26,292;0,100;0,000;2,100
3424501001;12,116;0,400;22,688;0,100;12,728;0,400;10,102;1,924;22,385;0,100;12,728;0,780;57,371;0,000;57,171;0,000;7,990;2,300;22,361;0,600;0;0;0;17,396;0,300;58,069;0,000;22,688;0,100;58,069;0,000;58,069;0,000;12,116;0,300;54,792;0,000;58,069;0,000;22,688;0,100
3424601001;10,163;1,000;35,095;0,000;6,885;1,100;6,885;2,540;33,837;0,000;10,163;0,650;34,622;0,000;30,732;0,000;5,579;3,500;6,885;1,500;0;0;0;13,675;0,500;32,170;0,000;32,170;0,000;33,696;0,000;32,170;0,000;32,170;0,000;32,170;0,000;32,170;0,000;12,618;0,500
3490101001;0,000;1,600;45,038;0,000;0,000;1,800;0,000;3,532;43,972;0,000;11,004;0,650;44,601;0,000;41,105;0,000;0,000;3,800;0,000;1,900;4;2;6;11,004;0,400;42,320;0,000;42,320;0,000;43,931;0,000;42,320;0,000;33,656;0,000;42,320;0,000;42,320;0,000;23,510;0,200
3490201001;9,394;0,800;32,117;0,000;10,930;0,800;10,930;2,492;31,066;0,000;10,930;0,780;32,429;0,000;27,906;0,130;15,890;1,700;7,184;1,400;0;0;0;17,857;0,200;30,048;0,000;30,048;0,000;30,362;0,000;30,048;0,000;30,048;0,000;23,704;0,100;30,048;0,000;9,394;0,600
3490301001;14,888;0,700;42,275;0,000;14,295;0,800;12,505;2,072;42,723;0,000;14,295;0,780;51,633;0,000;47,178;0,000;8,209;3,600;16,956;0,500;0;0;0;15,508;0,300;48,989;0,000;42,275;0,000;50,278;0,000;48,989;0,000;14,888;0,300;48,989;0,000;48,989;0,000;23,198;0,100
3490401001;15,656;0,200;15,656;0,100;15,656;0,300;15,656;0,568;30,632;0,000;15,656;0,260;98,275;0,000;97,196;0,000;30,415;0,000;29,111;0,100;0;0;0;29,975;0,100;97,559;0,000;11,102;0,300;75,185;0,000;97,430;0,000;57,026;0,000;97,430;0,000;97,559;0,000;37,093;0,000
3700101001;5,752;0,400;32,815;0,000;5,752;1,000;5,752;2,060;23,744;0,100;11,933;0,676;47,646;0,000;47,599;0,000;23,744;0,100;49,837;0,000;0;0;0;30,618;0,000;45,744;0,000;45,744;0,000;45,744;0,000;45,744;0,000;45,744;0,000;45,744;0,000;45,744;0,000;22,960;0,100
3700201001;21,470;0,100;27,448;0,100;16,336;0,400;16,336;0,998;27,519;0,100;16,653;0,390;86,222;0,000;56,072;0,000;27,519;0,100;88,645;0,000;0;0;0;21,944;0,100;84,541;0,000;84,541;0,000;75,855;0,000;84,541;0,000;75,855;0,000;84,541;0,000;84,541;0,000;0,000;1,200
3700301001;31,942;0,000;31,155;0,000;8,730;0,400;11,229;1,380;34,124;0,000;11,229;0,390;92,611;0,000;92,863;0,000;36,833;0,000;93,610;0,000;0;0;0;35,653;0,000;90,241;0,000;90,241;0,000;90,241;0,000;90,241;0,000;90,241;0,000;90,241;0,000;90,241;0,000;35,653;0,000
3700401001;17,684;0,100;54,122;0,000;8,612;0,600;8,612;1,956;13,887;0,300;17,684;0,230;64,423;0,000;64,211;0,000;54,676;0,000;63,173;0,000;0;0;0;60,087;0,000;62,456;0,000;62,456;0,000;62,456;0,000;62,456;0,000;62,456;0,000;62,456;0,000;62,456;0,000;6,365;0,300
3700501001;20,523;0,100;21,476;0,100;7,018;0,500;7,018;1,242;30,545;0,000;21,081;0,260;99,335;0,000;89,878;0,000;30,545;0,000;100,996;0,000;0;0;0;21,081;0,100;97,131;0,000;97,131;0,000;97,131;0,000;97,131;0,000;97,131;0,000;97,131;0,000;97,131;0,000;21,081;0,200
3700601001;28,415;0,100;33,664;0,000;12,870;0,700;12,870;1,146;41,574;0,000;29,512;0,130;111,246;0,000;89,806;0,000;41,574;0,000;113,246;0,000;0;0;0;29,512;0,100;109,214;0,000;109,214;0,000;109,214;0,000;109,214;0,000;109,214;0,000;109,214;0,000;109,214;0,000;12,870;0,400
3700701001;21,391;0,400;40,087;0,000;19,388;0,600;10,133;2,098;19,388;0,200;12,269;0,984;38,014;0,000;37,887;0,000;19,388;1,600;20,112;0,300;0;0;0;36,322;0,000;39,291;0,000;36,322;0,000;38,297;0,000;39,524;0,000;36,454;0,000;36,454;0,000;38,297;0,000;18,336;0,200
3700801001;0,000;1,900;18,074;0,200;4,767;2,200;4,767;10,338;4,767;1,200;3,225;3,912;15,927;0,156;16,213;0,260;4,767;16,900;15,269;1,100;0;0;0;14,241;1,600;17,336;0,500;14,241;0,800;16,495;0,300;17,645;0,600;14,610;0,900;14,610;0,900;16,495;0,400;8,859;1,200
3700801002;4,767;1,500;21,853;0,200;0,000;2,500;0,000;9,306;0,000;1,400;4,782;3,092;19,548;0,156;20,398;0,260;0,000;15,900;19,992;1,000;2;0;2;17,919;1,200;21,211;0,500;17,919;0,600;20,572;0,300;21,211;0,600;18,685;0,700;18,685;0,700;20,572;0,400;4,116;1,500
3700801003;3,225;1,500;20,963;0,200;4,782;2,000;4,782;9,406;4,782;1,000;0,000;3,612;18,907;0,156;18,856;0,260;4,782;15,500;16,174;1,100;0;0;0;17,212;1,200;20,174;0,500;17,212;0,600;19,220;0,300;20,461;0,600;17,359;0,700;17,359;0,700;19,220;0,400;8,575;1,200
3700901001;19,218;0,200;16,045;0,100;16,045;0,400;10,631;2,104;7,009;0,300;15,813;0,520;63,696;0,000;57,576;0,000;7,009;0,300;65,694;0,000;0;0;0;18,175;0,100;61,659;0,000;61,659;0,000;61,659;0,000;61,659;0,000;61,659;0,000;61,659;0,000;61,659;0,000;18,175;0,200
3701001001;20,397;0,200;32,348;0,000;0,000;1,500;0,000;3,570;31,994;0,000;0,000;1,586;64,911;0,000;32,884;0,000;29,356;0,100;67,581;0,000;0;0;0;21,868;0,100;63,585;0,000;63,585;0,000;52,541;0,000;63,585;0,000;52,541;0,000;63,585;0,000;63,585;0,000;21,214;0,300
3701101001;30,431;0,000;36,231;0,000;11,357;0,500;11,357;0,990;43,640;0,000;31,563;0,000;112,794;0,000;88,666;0,000;43,640;0,000;114,873;0,000;0;0;0;31,563;0,000;110,813;0,000;110,813;0,000;108,394;0,000;110,813;0,000;108,394;0,000;110,813;0,000;110,813;0,000;11,357;0,300
3701201001;12,719;1,400;26,015;0,100;8,838;2,000;7,296;8,632;15,589;0,500;9,724;3,334;24,841;0,156;22,848;0,260;3,515;14,300;8,174;2,100;0;0;0;22,193;1,200;25,019;0,500;23,357;0,600;23,577;0,300;24,517;0,600;22,193;0,700;22,193;0,700;23,577;0,400;18,367;1,200
3701301001;10,588;0,500;10,588;0,300;10,588;1,200;6,013;4,404;11,490;0,300;10,460;1,196;65,376;0,000;11,127;0,390;10,474;2,200;68,258;0,000;0;0;0;11,072;0,600;64,823;0,000;64,823;0,000;30,825;0,000;64,823;0,000;30,825;0,000;64,823;0,000;64,823;0,000;5,048;0,400
3701401001;29,138;0,100;62,629;0,000;0,000;1,300;0,000;2,328;26,325;0,100;28,677;0,260;80,628;0,000;83,340;0,000;63,406;0,000;72,423;0,000;0;0;0;68,562;0,000;81,416;0,000;81,416;0,000;81,416;0,000;81,416;0,000;81,416;0,000;81,416;0,000;81,416;0,000;28,205;0,100
3701501001;25,286;0,100;23,839;0,100;15,136;0,300;6,075;0,812;32,398;0,000;25,509;0,260;98,460;0,000;94,404;0,000;32,398;0,000;99,915;0,000;0;0;0;25,509;0,100;96,185;0,000;96,185;0,000;96,185;0,000;96,185;0,000;96,185;0,000;96,185;0,000;96,185;0,000;25,509;0,100
3701601001;8,956;2,700;10,954;0,400;7,817;4,000;4,100;18,488;8,496;1,000;6,617;6,050;11,066;0,468;7,598;0,780;3,116;37,600;0,000;3,900;0;2;2;8,144;3,600;9,559;1,500;8,467;1,800;8,467;0,900;8,870;1,800;8,144;2,100;8,144;2,100;8,467;1,200;3,116;3,300
3701701001;6,218;1,100;25,599;0,100;6,218;2,100;10,871;7,870;24,294;0,300;6,218;2,194;27,372;0,156;23,861;0,260;8,004;13,500;14,463;1,400;0;0;0;23,126;1,200;23,985;0,500;23,985;0,600;24,074;0,300;23,692;0,600;23,692;0,700;23,692;0,700;23,985;0,400;11,495;1,300
3701801001;5,376;0,400;35,997;0,000;5,376;0,800;5,376;2,192;27,414;0,100;15,143;0,416;51,789;0,000;37,994;0,000;27,414;0,100;54,303;0,000;0;0;0;21,720;0,100;50,220;0,000;50,220;0,000;50,220;0,000;50,220;0,000;50,220;0,000;50,220;0,000;50,220;0,000;15,499;0,100
3701901001;18,021;1,000;19,111;0,200;8,784;1,800;8,784;6,906;19,267;0,300;15,338;1,882;22,492;0,156;21,195;0,260;8,784;12,400;20,617;0,600;0;0;0;15,769;1,200;19,787;0,500;19,787;0,600;18,905;0,300;18,905;0,600;19,821;0,700;18,905;0,700;19,821;0,400;5,357;1,200
3702001001;13,910;1,500;15,897;0,200;8,035;3,600;5,436;13,976;13,382;0,900;5,436;4,410;16,003;0,156;12,557;0,520;6,654;28,400;2,285;3,900;0;0;0;13,055;2,200;14,458;0,900;13,425;1,000;13,425;0,500;13,778;1,000;13,055;1,700;13,055;1,500;13,425;0,800;8,070;2,600
3702101001;6,866;1,200;24,768;0,100;5,850;1,700;5,850;7,914;5,850;0,700;3,805;3,404;22,703;0,156;22,637;0,260;5,850;14,300;18,864;1,100;0;0;0;21,009;1,200;23,978;0,500;21,009;0,600;23,015;0,300;24,252;0,600;21,158;0,700;21,158;0,700;23,015;0,400;8,155;1,200
3702201001;3,708;0,900;38,485;0,000;5,740;1,100;3,708;3,826;6,124;0,400;3,708;1,664;37,638;0,000;35,153;0,000;5,740;2,200;5,740;1,600;0;0;0;34,816;0,000;37,421;0,000;35,956;0,000;35,956;0,000;36,725;0,000;34,816;0,000;34,816;0,000;35,956;0,000;8,312;0,500
3702301001;4,707;2,800;7,421;0,600;6,183;3,700;0,000;18,840;8,158;1,000;6,102;5,348;6,102;0,468;7,347;0,780;4,676;36,600;8,654;1,200;0;0;0;4,707;3,900;4,707;1,800;4,707;2,100;4,707;1,200;4,707;2,100;4,707;2,400;4,707;2,400;4,707;1,500;4,707;3,000
3702401001;4,488;1,000;24,415;0,100;5,889;0,900;4,488;4,798;23,637;0,300;5,706;1,118;40,844;0,000;24,217;0,130;4,487;4,700;43,579;0,000;0;0;0;22,192;0,300;41,216;0,000;39,768;0,000;25,825;0,100;41,216;0,000;25,825;0,100;41,216;0,000;41,216;0,000;23,070;0,200
3702501001;20,409;0,100;24,851;0,100;12,070;0,700;12,070;1,522;34,898;0,000;13,023;0,390;35,634;0,000;36,272;0,000;31,781;0,000;37,282;0,000;0;0;0;33,414;0,000;33,414;0,000;33,414;0,000;33,414;0,000;33,414;0,000;33,414;0,000;33,414;0,000;33,414;0,000;31,659;0,000
3702601001;12,289;0,500;23,000;0,100;12,289;0,700;11,902;2,204;14,063;0,300;15,509;0,676;58,254;0,000;51,169;0,000;14,063;0,300;60,403;0,000;0;0;0;24,418;0,100;56,321;0,000;56,321;0,000;56,321;0,000;56,321;0,000;56,321;0,000;56,321;0,000;56,321;0,000;24,418;0,200
3702701001;15,880;1,000;14,323;0,400;9,387;1,900;9,387;8,134;16,230;0,300;12,294;2,142;19,196;0,156;18,102;0,260;9,387;12,500;17,779;0,600;0;0;0;12,942;1,400;16,742;0,500;16,742;0,600;16,032;0,300;16,032;0,600;17,045;0,700;16,032;0,700;17,045;0,400;9,940;1,400
3702801001;25,654;0,300;54,897;0,000;9,171;0,700;9,171;2,100;22,839;0,100;17,577;0,490;56,648;0,000;59,611;0,000;51,075;0,000;54,158;0,000;0;0;0;57,608;0,000;57,608;0,000;57,608;0,000;57,608;0,000;57,608;0,000;57,608;0,000;57,608;0,000;57,608;0,000;6,936;0,300
3702901001;13,839;0,700;30,567;0,000;9,147;0,600;7,558;4,584;9,147;0,400;12,666;1,552;28,182;0,156;29,390;0,260;9,147;7,200;28,784;0,300;0;0;0;26,627;0,400;29,593;0,100;26,627;0,300;29,499;0,200;29,593;0,100;27,629;0,300;27,629;0,200;29,499;0,200;5,503;0,600
3703001001;8,467;1,200;23,378;0,200;8,467;1,600;7,079;5,958;27,207;0,200;8,467;1,600;30,109;0,000;29,066;0,130;18,423;10,100;28,765;0,200;0;0;0;23,925;1,000;27,716;0,500;27,716;0,500;27,018;0,300;27,018;0,600;28,031;0,600;27,018;0,600;28,031;0,400;8,239;1,100
3703101001;21,201;1,100;25,389;0,100;6,951;2,200;4,114;9,044;23,042;0,500;7,519;2,658;25,643;0,156;22,115;0,260;9,048;14,200;4,141;3,100;0;0;0;22,709;1,200;23,865;0,500;22,980;0,600;22,980;0,300;23,210;0,600;22,709;0,700;22,709;0,700;22,980;0,400;8,250;1,300
3703201001;6,342;2,700;7,983;0,600;6,402;4,000;3,300;19,160;5,927;1,200;5,542;5,608;5,542;0,468;7,096;0,780;0,000;38,400;8,169;1,700;2;0;2;4,354;3,900;6,683;1,500;4,354;2,100;6,683;0,900;6,683;1,800;6,402;2,100;6,402;2,100;6,683;1,200;6,683;2,600
3703301001;13,436;1,200;18,622;0,200;5,240;2,400;5,240;8,420;17,310;0,300;13,436;2,294;20,268;0,156;16,688;0,260;3,870;14,800;8,351;2,200;0;0;0;16,620;1,200;16,970;0,500;16,970;0,600;17,161;0,300;16,626;0,600;16,626;0,700;16,626;0,700;16,970;0,400;9,667;1,700
3703401001;16,404;1,000;18,485;0,200;10,245;1,800;10,245;6,750;19,741;0,300;15,779;1,882;22,866;0,156;21,654;0,260;10,245;12,000;21,182;0,500;0;0;0;16,303;1,200;20,260;0,500;20,260;0,600;19,445;0,300;19,445;0,600;20,407;0,700;19,445;0,700;20,407;0,400;5,806;1,200
3703501001;18,048;0,400;35,360;0,000;18,977;0,400;11,158;2,530;22,190;0,200;18,863;0,828;40,482;0,000;35,029;0,000;13,293;2,300;38,388;0,000;0;0;0;28,582;0,100;41,605;0,000;39,029;0,000;28,582;0,100;41,605;0,000;28,582;0,100;40,277;0,000;41,605;0,000;18,269;0,100
3703601001;11,499;0,700;29,245;0,100;9,349;1,300;3,427;3,806;29,717;0,100;10,163;1,118;54,865;0,000;29,722;0,130;24,937;0,600;57,564;0,000;0;0;0;14,697;0,400;53,598;0,000;53,598;0,000;48,207;0,000;53,598;0,000;48,207;0,000;53,598;0,000;53,598;0,000;11,499;0,400
3703701001;14,808;0,300;19,519;0,100;19,519;0,400;8,535;2,278;18,368;0,100;8,535;0,910;79,306;0,000;56,184;0,000;18,368;0,100;81,611;0,000;0;0;0;14,900;0,300;77,504;0,000;77,504;0,000;75,958;0,000;77,504;0,000;75,958;0,000;77,504;0,000;77,504;0,000;9,240;0,700
3703801001;17,125;1,100;20,495;0,100;6,189;2,200;0,000;10,812;17,432;0,500;0,000;3,568;20,167;0,156;17,098;0,260;7,986;14,800;0,000;3,500;0;2;2;17,195;1,200;19,215;0,500;17,952;0,600;17,952;0,300;18,517;0,600;17,195;0,700;17,195;0,700;17,952;0,400;12,753;1,600
3703901001;25,860;0,200;19,840;0,100;13,191;0,600;13,457;1,948;24,191;0,200;17,299;0,390;81,787;0,000;82,173;0,000;24,191;0,100;83,011;0,000;0;0;0;25,256;0,100;79,453;0,000;79,453;0,000;79,453;0,000;79,453;0,000;79,453;0,000;79,453;0,000;79,453;0,000;25,256;0,100
3704001001;12,703;1,200;5,144;0,400;11,385;2,000;0,000;10,178;15,376;0,400;14,921;2,026;14,921;0,468;15,577;0,260;11,169;15,500;16,632;0,600;0;0;0;12,703;1,400;12,703;0,700;12,703;0,800;12,703;0,500;12,703;0,800;12,703;0,900;12,703;0,900;12,703;0,600;12,703;1,200
3704101001;8,983;0,700;33,589;0,000;8,983;1,100;11,832;2,434;33,819;0,000;8,983;0,858;39,191;0,000;34,093;0,000;22,183;1,300;41,883;0,000;0;0;0;17,207;0,100;37,918;0,000;37,918;0,000;37,918;0,000;37,918;0,000;37,918;0,000;37,918;0,000;37,918;0,000;8,983;0,300
3704201001;7,023;0,300;45,586;0,000;7,023;0,700;3,810;2,220;3,810;0,600;7,023;0,520;67,854;0,000;67,646;0,000;44,111;0,000;68,063;0,000;0;0;0;51,699;0,000;65,493;0,000;65,493;0,000;65,493;0,000;65,493;0,000;65,493;0,000;65,493;0,000;65,493;0,000;17,524;0,100
3704401001;21,074;0,100;47,127;0,000;0,000;1,400;0,000;2,896;20,373;0,100;12,289;0,520;85,113;0,000;84,961;0,000;49,009;0,000;85,416;0,000;0;0;0;52,898;0,000;82,739;0,000;82,739;0,000;82,739;0,000;82,739;0,000;82,739;0,000;82,739;0,000;82,739;0,000;32,369;0,000
3704501001;9,628;0,600;32,276;0,000;9,628;1,500;7,276;3,016;32,430;0,000;10,742;0,988;51,158;0,000;32,719;0,000;27,565;0,400;53,800;0,000;0;0;0;16,422;0,100;49,785;0,000;49,785;0,000;49,785;0,000;49,785;0,000;49,785;0,000;49,785;0,000;49,785;0,000;10,742;0,300
3704601001;0,745;1,300;0,745;1,000;0,745;2,000;0,000;8,004;1,624;0,700;0,602;2,522;62,574;0,000;1,290;0,780;0,840;4,300;65,443;0,000;0;0;0;1,202;0,800;62,373;0,000;61,818;0,000;21,118;0,100;62,373;0,000;21,118;0,100;62,373;0,000;62,373;0,000;8,838;0,400
3704601003;0,361;1,300;0,361;1,000;0,361;2,000;0,000;8,216;1,030;0,700;0,000;3,042;62,327;0,000;0,797;1,300;0,280;4,900;65,194;0,000;0;0;0;0,641;1,200;62,148;0,000;61,558;0,000;20,573;0,100;62,148;0,000;20,573;0,100;62,148;0,000;62,148;0,000;9,411;0,400
3704602001;0,000;1,300;0,000;1,000;0,000;2,000;0,000;8,304;0,970;1,100;0,361;3,042;62,633;0,000;0,547;1,300;0,547;4,700;65,499;0,000;0;0;0;0,509;1,200;62,461;0,000;61,859;0,000;20,375;0,100;62,461;0,000;20,375;0,100;62,461;0,000;62,461;0,000;9,361;0,400
3704602002;0,354;1,300;0,354;1,000;0,354;2,000;0,354;8,616;0,656;1,100;0,394;3,042;62,343;0,000;0,447;1,300;0,371;5,200;65,208;0,000;0;0;0;0,248;1,200;62,178;0,000;61,565;0,000;20,179;0,100;62,178;0,000;20,179;0,100;62,178;0,000;62,178;0,000;9,701;0,400
3704603001;0,509;1,300;0,509;1,000;0,509;2,400;0,464;8,136;0,464;1,100;0,259;3,042;62,390;0,000;0,259;1,300;0,259;5,200;65,254;0,000;0;0;0;0,000;1,200;62,235;0,000;61,606;0,000;19,934;0,100;62,235;0,000;19,934;0,100;62,235;0,000;62,235;0,000;9,862;0,400
3704603002;0,827;1,300;0,827;1,000;0,578;2,400;0,321;8,136;0,321;1,100;0,323;3,042;62,433;0,000;0,323;1,300;0,323;5,200;65,295;0,000;0;0;0;0,357;1,200;62,292;0,000;61,640;0,000;19,578;0,100;62,292;0,000;19,578;0,100;62,292;0,000;62,292;0,000;10,119;0,400
3704603003;0,547;1,300;0,547;1,000;0,547;2,400;0,547;8,136;0,585;1,100;0,000;3,042;62,630;0,000;0,000;1,300;0,000;5,200;65,493;0,000;2;0;2;0,259;1,200;62,478;0,000;61,843;0,000;19,828;0,100;62,478;0,000;19,828;0,100;62,478;0,000;62,478;0,000;9,796;0,400
3704604001;0,970;1,300;0,970;1,000;0,525;2,400;0,000;7,512;0,000;1,100;0,585;2,522;62,113;0,000;0,585;1,300;0,585;5,200;64,974;0,000;0;0;0;0,464;1,200;61,972;0,000;61,320;0,000;19,576;0,100;61,972;0,000;19,576;0,100;61,972;0,000;61,972;0,000;10,326;0,400
3704604002;1,131;0,900;1,131;0,600;0,302;2,000;0,414;6,552;0,414;1,100;0,605;2,522;62,411;0,000;0,605;1,300;0,605;4,800;65,270;0,000;0;0;0;0,661;1,200;62,281;0,000;61,610;0,000;19,273;0,100;62,281;0,000;19,273;0,100;62,281;0,000;62,281;0,000;10,382;0,400
3704604003;0,556;1,300;0,556;1,000;0,556;2,000;0,000;8,616;0,875;1,100;0,280;3,042;62,080;0,000;0,816;1,300;0,000;5,500;64,946;0,000;2;0;2;0,592;1,200;61,906;0,000;61,308;0,000;20,451;0,100;61,906;0,000;20,451;0,100;61,906;0,000;61,906;0,000;9,673;0,400
3704604004;1,297;0,900;1,297;0,600;0,178;2,000;0,367;6,552;0,367;1,100;0,825;2,522;62,112;0,000;0,825;1,300;0,825;5,000;64,971;0,000;0;0;0;0,790;1,200;61,985;0,000;61,310;0,000;19,210;0,100;61,985;0,000;19,210;0,100;61,985;0,000;61,985;0,000;10,621;0,400
3704604005;1,401;0,900;1,401;0,600;0,000;2,000;0,525;6,552;0,525;1,100;0,895;2,522;62,213;0,000;0,895;1,300;0,895;5,000;65,071;0,000;0;0;0;0,906;1,200;62,092;0,000;61,407;0,000;19,056;0,100;62,092;0,000;19,056;0,100;62,092;0,000;62,092;0,000;10,682;0,400
3704701001;15,760;1,100;24,825;0,200;12,762;1,700;10,847;7,490;12,762;0,600;13,917;2,312;22,448;0,156;24,056;0,260;0,000;16,100;25,194;0,500;2;0;2;21,395;1,200;22,866;0,500;21,395;0,600;22,866;0,300;22,866;0,600;22,866;0,700;22,866;0,700;22,866;0,400;10,628;1,200
3704901001;20,223;0,100;39,591;0,000;7,943;0,800;4,979;2,272;21,009;0,100;4,979;0,910;84,473;0,000;84,473;0,000;42,119;0,000;85,042;0,000;0;0;0;45,253;0,000;82,083;0,000;82,083;0,000;82,083;0,000;82,083;0,000;82,083;0,000;82,083;0,000;82,083;0,000;36,273;0,000
3705001001;9,646;0,400;31,191;0,000;9,646;1,100;9,646;2,104;34,621;0,000;15,975;0,416;38,821;0,000;40,002;0,000;29,356;0,100;41,268;0,000;0;0;0;24,314;0,100;37,170;0,000;37,170;0,000;37,170;0,000;37,170;0,000;37,170;0,000;37,170;0,000;37,170;0,000;15,975;0,100
3705101001;9,028;0,600;28,720;0,100;5,485;0,800;5,485;3,964;24,068;0,200;10,906;1,036;34,015;0,000;28,686;0,130;5,293;4,200;36,862;0,000;0;0;0;20,377;0,200;34,006;0,000;33,178;0,000;34,006;0,000;34,006;0,000;34,006;0,000;34,006;0,000;34,006;0,000;19,526;0,200
3705201001;21,640;0,200;24,353;0,100;10,841;0,600;7,251;2,272;18,541;0,200;10,841;0,650;57,687;0,000;58,173;0,000;18,541;0,100;59,081;0,000;0;0;0;29,579;0,100;55,389;0,000;55,389;0,000;55,389;0,000;55,389;0,000;55,389;0,000;55,389;0,000;55,389;0,000;29,579;0,100
3705401001;11,820;0,300;18,815;0,100;11,131;0,800;8,959;2,282;24,237;0,100;12,912;0,780;92,287;0,000;71,003;0,000;24,237;0,100;94,415;0,000;0;0;0;12,912;0,300;90,340;0,000;90,340;0,000;90,340;0,000;90,340;0,000;90,340;0,000;90,340;0,000;90,340;0,000;11,131;0,700
3705501001;14,565;0,300;27,054;0,100;13,565;0,900;7,222;1,548;17,916;0,200;14,565;0,650;72,994;0,000;73,213;0,000;27,577;0,100;73,942;0,000;0;0;0;33,124;0,000;70,617;0,000;70,617;0,000;70,617;0,000;70,617;0,000;70,617;0,000;70,617;0,000;70,617;0,000;33,124;0,000
3705601001;33,978;0,000;30,264;0,000;15,309;0,300;7,677;0,968;37,216;0,000;17,794;0,130;97,050;0,000;97,384;0,000;37,216;0,000;98,186;0,000;0;0;0;33,855;0,000;94,700;0,000;94,700;0,000;94,700;0,000;94,700;0,000;94,700;0,000;94,700;0,000;94,700;0,000;33,855;0,000
3705701001;4,830;0,900;39,860;0,000;3,050;1,100;3,050;4,336;3,786;0,700;4,830;1,664;38,536;0,000;36,759;0,000;3,050;2,400;3,050;1,800;0;0;0;36,007;0,000;38,876;0,000;36,980;0,000;37,466;0,000;38,440;0,000;35,008;0,000;36,007;0,000;37,466;0,000;16,787;0,300
3705801001;13,387;0,400;49,516;0,000;13,387;0,900;10,052;2,268;10,052;0,300;13,387;0,520;60,426;0,000;60,041;0,000;49,346;0,000;60,319;0,000;0;0;0;56,200;0,000;58,124;0,000;58,124;0,000;58,124;0,000;58,124;0,000;58,124;0,000;58,124;0,000;58,124;0,000;7,950;0,300
3705901001;23,593;0,200;33,225;0,000;6,958;0,600;6,958;1,678;26,164;0,200;6,958;0,520;48,170;0,000;48,612;0,000;26,164;0,100;49,497;0,000;0;0;0;37,958;0,000;45,853;0,000;45,853;0,000;45,853;0,000;45,853;0,000;45,853;0,000;45,853;0,000;45,853;0,000;35,847;0,000
3706001001;11,553;1,200;19,970;0,200;9,768;1,600;9,768;7,752;9,768;0,600;8,956;2,702;17,556;0,156;19,143;0,260;0,000;16,300;20,233;0,700;2;0;2;16,408;1,200;18,191;0,500;16,408;0,600;18,191;0,300;18,191;0,600;18,191;0,700;18,191;0,700;18,191;0,400;9,360;1,200
3706101001;10,637;0,400;33,176;0,000;10,299;0,900;5,662;2,560;25,278;0,100;10,299;0,806;57,860;0,000;38,337;0,000;25,278;0,100;60,383;0,000;0;0;0;23,532;0,100;56,302;0,000;56,302;0,000;56,302;0,000;56,302;0,000;56,302;0,000;56,302;0,000;56,302;0,000;19,066;0,200
3706201001;16,342;1,100;18,196;0,200;6,409;2,400;6,409;10,098;16,340;0,500;7,355;2,918;18,763;0,156;15,071;0,260;6,409;15,100;3,020;3,200;0;0;0;15,913;1,200;16,600;0,500;15,913;0,600;15,913;0,300;15,977;0,600;15,913;0,700;15,951;0,700;15,913;0,400;10,493;1,700
3706301001;6,932;0,700;15,871;0,100;10,584;1,100;3,770;4,738;15,021;0,200;5,113;1,118;49,386;0,000;15,606;0,130;0,000;5,800;52,169;0,000;2;0;2;15,442;0,300;49,601;0,000;48,388;0,000;19,014;0,100;49,601;0,000;19,014;0,100;49,601;0,000;49,601;0,000;24,047;0,200
3706501001;18,200;0,100;53,090;0,000;10,944;1,100;10,944;1,878;15,519;0,100;18,200;0,260;78,244;0,000;77,914;0,000;53,147;0,000;74,386;0,000;0;0;0;59,132;0,000;75,918;0,000;75,918;0,000;75,918;0,000;75,918;0,000;75,918;0,000;75,918;0,000;75,918;0,000;21,902;0,100
3706701001;3,192;4,700;5,104;0,400;2,739;6,900;2,610;27,472;3,899;1,600;1,972;9,212;5,750;0,468;1,972;1,560;0,000;63,200;2,739;3,100;2;0;2;2,775;6,300;3,654;2,700;2,775;3,000;2,775;1,500;2,967;3,300;2,775;3,900;2,967;3,900;2,775;2,100;2,775;4,800
3706701002;5,841;2,600;7,838;0,400;5,206;4,000;3,840;19,210;5,606;1,000;3,870;7,168;8,043;0,468;4,487;1,170;0,000;39,300;2,568;3,200;1;0;1;5,206;3,600;6,469;1,500;5,356;1,800;5,356;0,900;5,775;1,800;5,206;2,100;5,206;2,100;5,356;1,200;0,000;3,700
3706801001;11,285;0,400;29,980;0,100;6,557;1,000;6,557;2,060;21,096;0,100;6,557;0,676;48,921;0,000;49,772;0,000;21,096;0,100;50,890;0,000;0;0;0;32,908;0,000;46,864;0,000;46,864;0,000;46,864;0,000;46,864;0,000;46,864;0,000;46,864;0,000;46,864;0,000;28,515;0,100
3706901001;9,834;2,800;11,820;0,400;8,159;4,000;0,000;19,612;8,314;1,100;6,492;5,894;11,053;0,468;8,540;0,780;0,000;37,400;4,100;3,300;2;0;2;8,159;3,600;10,810;1,500;9,312;1,800;9,312;0,900;10,181;1,800;8,159;2,100;8,159;2,100;9,312;1,200;5,195;3,000
3707001001;6,916;2,800;11,284;0,400;7,707;3,900;2,075;18,258;7,457;1,200;4,790;5,934;9,300;0,468;9,299;0,780;0,000;38,500;10,165;2,000;2;0;2;7,610;3,400;10,492;1,500;7,610;1,800;9,587;0,900;10,794;1,800;7,707;2,100;7,707;2,100;9,587;1,200;9,215;2,700
3707101001;5,489;0,600;5,489;0,300;5,489;1,100;4,823;5,120;6,000;0,400;5,174;1,352;60,109;0,000;5,968;0,390;3,185;3,800;62,992;0,000;0;0;0;5,772;0,700;59,750;0,000;59,460;0,000;25,329;0,100;59,750;0,000;25,329;0,100;59,750;0,000;59,750;0,000;8,948;0,400
3707201001;18,014;0,900;9,911;0,400;6,976;1,700;5,312;7,074;20,653;0,300;20,109;1,956;20,218;0,156;20,889;0,260;16,459;12,000;21,936;0,300;0;0;0;18,014;1,200;18,014;0,500;18,014;0,600;18,014;0,300;18,014;0,600;18,014;0,700;18,014;0,700;18,014;0,400;18,014;0,900
3707301001;12,478;2,200;14,038;0,400;0,000;4,500;0,000;15,328;13,097;0,700;9,841;4,324;16,468;0,156;14,716;0,780;0,000;31,400;13,874;1,500;1;0;1;9,778;3,000;13,156;1,300;13,156;1,400;12,498;0,700;12,498;1,600;13,156;1,700;12,498;1,700;13,156;1,000;9,748;2,700
3707401001;13,770;0,300;19,455;0,100;11,533;0,800;11,533;2,014;26,966;0,100;14,879;0,520;96,587;0,000;78,341;0,000;26,966;0,100;98,583;0,000;0;0;0;14,879;0,300;94,551;0,000;94,551;0,000;94,551;0,000;94,551;0,000;94,551;0,000;94,551;0,000;94,551;0,000;11,533;0,700
3707701001;10,482;0,600;34,325;0,000;7,653;1,100;7,653;5,224;13,420;0,400;10,482;1,482;33,886;0,000;30,929;0,000;9,274;2,800;4,821;2,500;0;0;0;30,936;0,000;33,057;0,000;31,779;0,000;31,779;0,000;32,360;0,000;30,936;0,000;30,936;0,000;31,779;0,000;5,971;0,700
3707801001;6,213;0,500;6,213;0,300;6,206;0,900;0,000;4,692;6,420;0,400;6,009;1,066;68,321;0,000;6,009;0,390;6,009;2,800;71,173;0,000;0;0;0;6,268;0,500;68,236;0,000;67,489;0,000;18,532;0,100;68,236;0,000;18,532;0,100;68,236;0,000;68,236;0,000;9,903;0,300
3707901001;22,122;0,900;13,025;0,400;9,964;1,700;9,964;6,794;24,205;0,300;22,751;1,856;24,470;0,156;24,837;0,260;20,239;11,200;25,700;0,200;0;0;0;22,122;1,200;22,122;0,500;22,122;0,600;22,122;0,300;22,122;0,600;22,122;0,700;22,122;0,700;22,122;0,400;22,122;0,800
3708001001;4,248;0,900;4,248;0,600;4,248;1,400;2,463;6,086;5,217;0,400;4,250;2,132;64,856;0,000;4,732;0,780;4,501;3,400;67,735;0,000;0;0;0;4,757;0,800;64,546;0,000;64,169;0,000;24,119;0,100;64,546;0,000;24,119;0,100;64,546;0,000;64,546;0,000;5,207;0,400
3708101001;14,218;0,700;28,714;0,100;0,000;1,800;0,000;5,292;26,491;0,200;24,652;0,572;44,746;0,000;27,428;0,130;15,723;1,100;0,000;2,300;0;4;4;41,814;0,000;30,514;0,000;42,050;0,000;42,050;0,000;30,514;0,000;40,910;0,000;41,814;0,000;42,050;0,000;12,655;0,500
3708201001;21,377;0,400;31,837;0,000;10,465;1,500;0,000;6,308;24,343;0,200;13,691;1,738;32,190;0,000;28,613;0,130;10,624;5,300;5,863;2,300;0;0;0;29,272;0,300;30,276;0,000;29,472;0,100;29,472;0,100;29,637;0,100;29,272;0,300;29,272;0,200;29,472;0,100;8,357;1,000
3708301001;5,892;0,500;44,314;0,000;5,206;0,900;0,000;4,130;4,017;0,600;5,892;1,274;43,313;0,000;41,033;0,000;0,000;2,700;5,206;1,500;2;0;2;40,569;0,000;43,306;0,000;41,813;0,000;41,813;0,000;42,644;0,000;29,075;0,100;40,569;0,000;41,813;0,000;12,162;0,400
3708501001;2,172;4,800;3,906;0,900;2,347;5,900;0,000;28,616;2,255;1,900;1,560;8,666;1,560;0,936;2,908;1,560;0,000;65,000;3,925;2,700;2;0;2;0,313;7,000;3,488;3,000;0,313;4,000;3,656;1,500;3,688;3,300;2,677;4,200;2,677;3,900;3,656;2,400;3,488;4,500
3708501002;2,193;4,800;3,944;0,900;2,375;5,900;0,313;29,336;1,965;1,900;1,695;8,966;1,695;0,936;2,904;1,560;0,313;65,300;3,837;2,800;0;0;0;0,000;7,000;3,450;3,000;0,000;4,000;3,488;1,500;3,767;3,300;2,398;4,200;2,398;3,900;3,488;2,400;3,450;4,500
3708501003;1,872;5,100;3,545;0,900;1,436;6,700;1,048;30,512;1,048;1,900;1,623;9,356;1,822;0,936;2,432;1,560;1,250;67,900;3,094;2,800;0;0;0;0,993;7,300;2,848;3,000;0,993;4,000;2,577;1,800;3,166;3,600;1,436;4,200;1,436;4,200;2,577;2,400;2,577;4,800
3708501004;4,706;3,000;6,448;0,400;3,584;4,400;0,000;21,642;3,155;1,300;3,176;7,234;4,267;0,936;5,357;0,780;0,000;42,200;6,031;2,200;2;0;2;2,575;4,200;5,809;1,500;2,575;2,100;5,349;0,900;6,128;1,800;3,584;2,400;3,584;2,400;5,349;1,200;5,349;2,900
3708601001;8,687;0,300;13,222;0,300;13,216;0,800;7,715;2,122;21,364;0,100;9,630;0,780;91,303;0,000;76,946;0,000;21,364;0,100;93,214;0,000;0;0;0;9,630;0,300;89,218;0,000;89,218;0,000;89,218;0,000;89,218;0,000;89,218;0,000;89,218;0,000;89,218;0,000;9,630;0,500
3708701001;9,244;2,600;0,000;1,300;9,734;3,600;0,000;16,578;11,188;1,000;10,205;4,628;11,631;0,468;11,849;0,780;7,248;33,800;12,677;1,000;0;0;0;9,244;3,600;9,244;1,500;9,244;1,800;9,244;0,900;9,244;1,800;9,244;2,100;9,244;2,100;9,244;1,200;9,244;2,400
3708801001;14,842;0,400;25,385;0,100;8,942;0,800;8,942;1,822;35,287;0,000;18,257;0,286;34,045;0,000;35,081;0,000;27,549;0,200;36,291;0,000;0;0;0;30,076;0,000;32,187;0,000;32,187;0,000;32,187;0,000;32,187;0,000;32,187;0,000;32,187;0,000;32,187;0,000;21,795;0,100
3708901001;9,722;0,800;25,187;0,100;6,600;1,100;6,600;3,870;24,793;0,100;10,908;1,118;37,832;0,000;25,261;0,130;6,600;3,200;40,715;0,000;0;0;0;14,337;0,400;37,474;0,000;37,212;0,000;34,728;0,000;37,474;0,000;34,728;0,000;37,474;0,000;37,474;0,000;13,243;0,400
3709001001;13,204;0,500;26,632;0,100;5,793;1,200;3,729;3,494;27,198;0,100;8,231;1,118;58,003;0,000;27,137;0,130;22,797;0,800;60,746;0,000;0;0;0;13,913;0,400;56,832;0,000;56,832;0,000;46,208;0,000;56,832;0,000;46,208;0,000;56,832;0,000;56,832;0,000;13,204;0,400
3709101001;31,641;0,000;38,109;0,000;9,424;0,700;9,424;1,190;44,582;0,000;32,785;0,000;112,429;0,000;84,680;0,000;44,582;0,000;114,621;0,000;0;0;0;32,785;0,000;110,531;0,000;110,531;0,000;104,268;0,000;110,531;0,000;104,268;0,000;110,531;0,000;110,531;0,000;9,424;0,400
3709201001;8,181;2,600;10,016;0,400;4,512;4,500;0,000;19,396;8,738;1,000;7,328;5,564;11,325;0,468;7,626;0,780;0,000;37,400;2,965;3,200;2;0;2;7,849;3,600;8,327;1,500;8,283;1,800;8,283;0,900;7,849;1,800;7,849;2,100;7,849;2,100;8,283;1,200;2,442;3,300
3709601001;15,440;0,100;9,361;0,300;9,361;0,500;12,374;1,904;15,236;0,100;14,779;0,650;80,142;0,000;78,736;0,000;15,236;0,100;81,688;0,000;0;0;0;14,779;0,300;77,895;0,000;77,895;0,000;77,895;0,000;77,895;0,000;77,895;0,000;77,895;0,000;77,895;0,000;14,779;0,300
3709701001;19,530;0,200;17,751;0,100;13,264;0,500;9,135;2,060;9,071;0,300;13,264;0,650;60,945;0,000;59,793;0,000;9,071;0,300;62,811;0,000;0;0;0;21,138;0,100;58,832;0,000;58,832;0,000;58,832;0,000;58,832;0,000;58,832;0,000;58,832;0,000;58,832;0,000;21,138;0,100
3709801001;16,091;0,300;24,025;0,100;3,483;1,300;3,483;3,762;24,704;0,100;8,436;0,806;61,589;0,000;24,556;0,130;20,921;0,900;64,372;0,000;0;0;0;14,285;0,400;60,522;0,000;60,522;0,000;44,134;0,000;60,522;0,000;44,134;0,000;60,522;0,000;60,522;0,000;16,091;0,200
3709901001;10,470;0,600;33,897;0,000;10,378;1,300;4,862;3,060;29,550;0,100;10,378;0,988;55,142;0,000;34,376;0,000;29,550;0,200;57,748;0,000;0;0;0;19,102;0,100;53,707;0,000;53,707;0,000;52,805;0,000;53,707;0,000;52,805;0,000;53,707;0,000;53,707;0,000;14,615;0,300
3710001001;23,314;0,100;53,290;0,000;6,598;0,900;6,598;1,448;21,530;0,100;18,839;0,260;85,578;0,000;85,302;0,000;54,667;0,000;80,241;0,000;0;0;0;59,142;0,000;83,234;0,000;83,234;0,000;83,234;0,000;83,234;0,000;83,234;0,000;83,234;0,000;83,234;0,000;29,741;0,100
3710101001;14,359;0,300;33,182;0,000;9,418;1,000;10,289;2,172;16,516;0,100;10,289;0,780;77,171;0,000;77,264;0,000;34,533;0,000;77,902;0,000;0;0;0;39,127;0,000;74,781;0,000;74,781;0,000;74,781;0,000;74,781;0,000;74,781;0,000;74,781;0,000;74,781;0,000;33,907;0,000
3710201001;15,481;0,100;15,481;0,100;15,481;0,400;8,994;2,614;16,441;0,100;15,542;0,390;73,725;0,000;15,901;0,130;15,806;1,000;76,606;0,000;0;0;0;15,978;0,200;73,169;0,000;73,169;0,000;33,519;0,000;73,169;0,000;33,519;0,000;73,169;0,000;73,169;0,000;6,137;0,300
3710301001;9,151;0,700;24,216;0,100;11,852;0,900;0,000;5,330;21,256;0,300;9,071;1,118;45,334;0,000;23,894;0,130;5,926;4,200;47,964;0,000;0;0;0;20,866;0,300;45,934;0,000;44,127;0,000;20,866;0,100;45,934;0,000;20,866;0,100;45,814;0,000;45,934;0,000;25,549;0,200
3710401001;10,118;0,700;29,597;0,100;10,118;1,400;5,236;3,506;30,015;0,000;10,118;0,988;52,962;0,000;30,057;0,000;25,064;0,600;55,656;0,000;0;0;0;14,324;0,400;51,686;0,000;51,686;0,000;48,156;0,000;51,686;0,000;48,156;0,000;51,686;0,000;51,686;0,000;10,118;0,400
3710601001;16,134;0,200;37,062;0,000;16,134;0,300;10,146;1,444;17,433;0,100;16,134;0,390;48,672;0,000;48,719;0,000;35,750;0,000;49,339;0,000;0;0;0;46,144;0,000;46,280;0,000;46,280;0,000;46,280;0,000;46,280;0,000;46,280;0,000;46,280;0,000;46,280;0,000;23,944;0,100
3710701001;0,313;1,000;6,844;0,300;6,844;0,600;1,076;3,146;13,164;0,300;1,076;1,170;82,899;0,000;69,697;0,000;13,164;0,300;84,857;0,000;0;0;0;1,076;0,600;80,840;0,000;80,840;0,000;80,840;0,000;80,840;0,000;80,840;0,000;80,840;0,000;80,840;0,000;1,076;0,800
3710701002;0,000;1,000;7,082;0,300;7,082;0,600;1,145;3,146;13,214;0,300;1,145;1,170;82,894;0,000;69,464;0,000;13,214;0,300;84,860;0,000;0;0;0;1,145;0,600;80,839;0,000;80,839;0,000;80,839;0,000;80,839;0,000;80,839;0,000;80,839;0,000;80,839;0,000;1,145;0,800
3710702001;7,082;0,300;0,000;1,000;0,000;1,200;6,114;2,590;9,072;0,300;6,114;0,780;78,648;0,000;70,884;0,000;9,072;0,300;80,464;0,000;0;0;0;6,114;0,300;76,512;0,000;76,512;0,000;76,512;0,000;76,512;0,000;76,512;0,000;76,512;0,000;76,512;0,000;6,114;0,500
3710702002;0,810;1,000;6,287;0,300;6,287;0,600;0,464;3,770;12,518;0,300;0,464;1,690;82,281;0,000;69,443;0,000;12,518;0,300;84,233;0,000;0;0;0;0,464;1,000;80,218;0,000;80,218;0,000;80,218;0,000;80,218;0,000;80,218;0,000;80,218;0,000;80,218;0,000;0,464;1,200
3710702003;7,095;0,300;7,615;0,300;7,615;0,700;0,000;3,914;7,375;0,300;4,708;1,300;76,023;0,000;63,686;0,000;7,375;0,300;78,037;0,000;0;0;0;6,195;0,300;73,997;0,000;73,997;0,000;73,997;0,000;73,997;0,000;73,997;0,000;73,997;0,000;73,997;0,000;6,195;0,500
3710702004;6,861;0,300;11,015;0,300;11,015;0,700;0,000;3,670;11,916;0,300;0,000;1,820;78,973;0,000;62,639;0,000;11,916;0,300;81,081;0,000;0;0;0;6,650;0,300;77,011;0,000;77,011;0,000;77,011;0,000;77,011;0,000;77,011;0,000;77,011;0,000;77,011;0,000;6,650;0,500
3710702005;3,683;0,600;5,653;0,300;5,653;0,600;3,706;2,746;13,898;0,300;3,706;1,170;83,841;0,000;72,713;0,000;13,898;0,300;85,715;0,000;0;0;0;3,706;0,600;81,735;0,000;81,735;0,000;81,735;0,000;81,735;0,000;81,735;0,000;81,735;0,000;81,735;0,000;3,706;0,800
3710702006;13,214;0,400;9,072;0,300;9,072;0,500;6,869;2,472;0,000;1,000;11,916;0,910;69,955;0,000;63,520;0,000;0,000;1,000;71,851;0,000;2;0;2;12,091;0,300;67,859;0,000;67,859;0,000;67,859;0,000;67,859;0,000;67,859;0,000;67,859;0,000;67,859;0,000;12,091;0,400
3710702007;6,464;0,300;11,790;0,300;11,790;0,600;1,960;2,590;13,719;0,300;1,960;1,170;80,885;0,000;63,526;0,000;13,719;0,300;83,002;0,000;0;0;0;6,588;0,300;78,929;0,000;78,929;0,000;78,929;0,000;78,929;0,000;78,929;0,000;78,929;0,000;78,929;0,000;6,588;0,500
3710702008;1,145;0,600;6,114;0,300;6,114;0,600;0,000;3,770;12,091;0,300;0,000;1,690;81,829;0,000;69,061;0,000;12,091;0,300;83,784;0,000;0;0;0;0,000;1,000;79,768;0,000;79,768;0,000;79,768;0,000;79,768;0,000;79,768;0,000;79,768;0,000;79,768;0,000;0,000;1,200
3710703001;2,882;0,600;9,955;0,300;9,955;0,600;0,000;3,390;15,662;0,100;3,954;1,170;84,928;0,000;69,355;0,000;15,662;0,100;86,944;0,000;0;0;0;3,954;0,600;82,905;0,000;82,905;0,000;82,905;0,000;82,905;0,000;82,905;0,000;82,905;0,000;82,905;0,000;3,954;0,800
3710801001;11,838;1,400;28,300;0,100;12,408;1,900;6,975;7,958;14,143;0,700;6,894;3,204;26,875;0,156;25,304;0,260;6,355;13,500;10,113;1,800;0;0;0;24,430;1,100;27,331;0,500;25,296;0,600;25,969;0,300;27,002;0,600;24,430;0,700;24,430;0,700;25,969;0,400;18,665;1,100
3710901001;16,109;0,300;16,109;0,100;7,376;0,800;7,376;2,942;16,920;0,100;15,913;0,676;64,310;0,000;16,655;0,130;14,386;1,500;67,168;0,000;0;0;0;13,423;0,400;63,543;0,000;63,543;0,000;36,483;0,000;63,543;0,000;36,483;0,000;63,543;0,000;63,543;0,000;10,803;0,400
3711001001;13,836;1,200;22,388;0,100;7,139;1,800;5,594;8,452;17,481;0,500;5,594;3,074;21,461;0,156;19,110;0,260;4,671;14,300;5,594;2,400;0;0;0;18,664;1,200;21,380;0,500;19,886;0,600;19,886;0,300;20,733;0,600;18,664;0,700;18,664;0,700;19,886;0,400;15,343;1,200
3711201001;12,573;0,800;13,958;0,300;8,535;1,500;8,535;4,760;14,366;0,300;12,573;1,508;56,018;0,000;14,411;0,390;9,575;2,500;58,891;0,000;0;0;0;4,991;0,900;55,361;0,000;55,361;0,000;32,962;0,000;55,361;0,000;32,962;0,000;55,361;0,000;55,361;0,000;12,573;0,600
3711301001;16,549;0,100;31,124;0,000;13,083;0,400;0,000;2,378;19,649;0,200;13,083;0,520;54,439;0,000;54,745;0,000;25,773;0,100;55,539;0,000;0;0;0;36,573;0,000;52,080;0,000;52,080;0,000;52,080;0,000;52,080;0,000;52,080;0,000;52,080;0,000;52,080;0,000;31,918;0,000
3711401001;22,648;0,400;40,597;0,000;18,744;0,400;11,309;2,108;18,744;0,200;20,073;0,802;38,288;0,000;39,028;0,000;18,744;1,800;28,692;0,100;0;0;0;36,664;0,000;39,888;0,000;36,664;0,000;37,040;0,000;39,888;0,000;37,040;0,000;37,364;0,000;39,255;0,000;15,950;0,100
3711501001;18,334;0,200;17,227;0,100;17,227;0,400;11,983;2,616;8,796;0,300;14,518;0,780;64,457;0,000;54,806;0,000;8,796;0,300;66,565;0,000;0;0;0;18,145;0,100;62,494;0,000;62,494;0,000;62,494;0,000;62,494;0,000;62,494;0,000;62,494;0,000;62,494;0,000;18,145;0,200
3711601001;11,640;0,300;21,721;0,100;11,640;0,600;6,017;2,538;30,832;0,000;11,640;0,650;32,551;0,000;32,210;0,000;28,041;0,300;32,552;0,000;0;0;0;28,663;0,100;30,240;0,000;30,240;0,000;30,240;0,000;30,240;0,000;30,240;0,000;30,240;0,000;30,240;0,000;22,738;0,300
3711701001;4,967;2,900;5,376;0,600;4,850;4,300;0,000;19,376;5,950;1,000;5,045;5,278;7,215;0,468;6,960;0,780;2,785;37,100;7,558;1,200;0;0;0;4,967;3,900;4,967;1,800;4,967;2,100;4,967;1,200;4,967;2,100;4,967;2,400;4,967;2,400;4,967;1,500;4,967;3,200
3711801001;8,859;1,300;25,064;0,100;4,116;2,000;4,116;8,262;4,116;0,900;8,575;2,832;22,679;0,156;23,933;0,260;4,116;15,100;24,107;0,900;0;0;0;21,125;1,200;24,108;0,500;21,125;0,600;24,022;0,300;24,108;0,600;22,158;0,700;22,158;0,700;24,022;0,400;0,000;1,800
3711901001;8,910;0,300;15,940;0,100;15,556;0,400;6,165;2,122;20,156;0,100;8,799;0,780;87,630;0,000;67,246;0,000;20,156;0,100;89,772;0,000;0;0;0;9,826;0,300;85,693;0,000;85,693;0,000;85,693;0,000;85,693;0,000;85,693;0,000;85,693;0,000;85,693;0,000;9,826;0,700
3712001001;15,229;0,200;26,399;0,100;15,229;0,400;2,874;2,090;27,123;0,100;15,229;0,390;37,672;0,000;37,477;0,000;33,136;0,000;37,926;0,000;0;0;0;34,280;0,000;35,312;0,000;35,312;0,000;35,312;0,000;35,312;0,000;35,312;0,000;35,312;0,000;35,312;0,000;24,801;0,200
3712101001;9,413;1,200;18,954;0,200;11,610;2,000;5,550;9,896;13,471;0,700;7,986;3,482;17,702;0,156;15,878;0,260;0,000;16,700;7,986;2,300;2;0;2;15,105;1,200;17,970;0,500;16,206;0,600;16,568;0,300;17,570;0,600;15,105;0,700;15,105;0,700;16,568;0,400;12,781;1,400
3712201001;9,536;1,200;23,549;0,200;5,571;1,500;5,571;7,704;5,571;0,600;9,755;2,702;21,116;0,156;22,569;0,260;4,002;15,400;23,447;0,700;0;0;0;19,674;1,200;22,285;0,500;19,674;0,600;22,285;0,300;22,285;0,600;21,017;0,700;21,017;0,700;22,285;0,400;3,377;1,500
3712301001;10,162;0,300;40,894;0,000;10,162;0,900;10,298;1,704;10,298;0,300;10,162;0,520;74,555;0,000;74,471;0,000;41,062;0,000;74,981;0,000;0;0;0;46,949;0,000;72,171;0,000;72,171;0,000;72,171;0,000;72,171;0,000;72,171;0,000;72,171;0,000;72,171;0,000;26,072;0,100
3712401001;9,172;0,800;23,607;0,100;9,172;1,200;6,600;4,066;23,360;0,100;9,172;1,248;40,630;0,000;23,767;0,130;9,872;3,000;43,510;0,000;0;0;0;10,637;0,400;40,080;0,000;40,080;0,000;35,609;0,000;40,080;0,000;35,609;0,000;40,080;0,000;40,080;0,000;9,172;0,400
3712501001;4,826;1,100;29,886;0,100;4,826;1,500;6,712;3,150;30,025;0,000;4,826;1,456;44,214;0,000;30,237;0,000;22,259;1,500;46,948;0,000;0;0;0;13,043;0,400;43,029;0,000;43,029;0,000;43,029;0,000;43,029;0,000;43,029;0,000;43,029;0,000;43,029;0,000;4,826;0,600
3712601001;13,756;0,400;41,369;0,000;13,756;0,600;12,648;1,912;12,648;0,300;13,756;0,650;52,596;0,000;52,349;0,000;43,928;0,000;52,743;0,000;0;0;0;48,903;0,000;50,246;0,000;50,246;0,000;50,246;0,000;50,246;0,000;50,246;0,000;50,246;0,000;50,246;0,000;14,020;0,300
3712701001;19,932;0,100;24,810;0,100;7,397;0,800;7,397;1,502;32,941;0,000;20,985;0,260;102,813;0,000;84,684;0,000;32,941;0,000;104,757;0,000;0;0;0;20,985;0,100;100,747;0,000;100,747;0,000;100,747;0,000;100,747;0,000;100,747;0,000;100,747;0,000;100,747;0,000;12,333;0,500
3712801001;14,825;1,100;27,833;0,100;13,610;2,100;8,357;8,208;26,534;0,300;14,825;2,584;28,772;0,156;25,000;0,260;4,612;13,800;4,158;2,400;0;0;0;25,616;1,100;26,160;0,400;25,792;0,500;25,792;0,200;25,616;0,500;25,616;0,600;25,616;0,600;25,792;0,300;0,000;1,900
3712901001;8,642;2,600;8,909;0,600;8,789;3,900;6,052;17,170;8,893;0,900;5,149;5,148;11,688;0,468;10,691;0,780;7,665;34,400;10,538;1,200;0;0;0;5,979;3,600;9,385;1,500;9,385;1,800;8,824;0,900;8,824;1,800;9,877;2,100;8,824;2,100;9,877;1,200;5,979;2,600
3713001001;16,210;1,000;17,701;0,200;4,440;2,300;4,440;8,188;16,777;0,300;13,119;2,142;20,141;0,156;18,676;0,260;4,440;13,000;17,866;0,800;0;0;0;13,291;1,400;17,046;0,500;17,046;0,600;16,268;0,300;16,268;0,600;17,046;0,700;16,268;0,700;17,046;0,400;8,406;1,700
3713101001;13,825;0,600;30,414;0,000;10,191;0,800;10,191;3,438;26,947;0,100;15,027;0,386;32,910;0,000;30,497;0,000;10,191;3,700;35,793;0,000;0;0;0;18,397;0,100;32,440;0,000;32,378;0,000;32,440;0,000;32,440;0,000;32,440;0,000;32,440;0,000;32,440;0,000;15,027;0,200
3713201001;38,122;0,000;48,535;0,000;18,011;0,200;8,428;0,712;38,618;0,000;15,369;0,130;102,377;0,000;102,388;0,000;53,695;0,000;102,962;0,000;0;0;0;53,090;0,000;99,985;0,000;99,985;0,000;99,985;0,000;99,985;0,000;99,985;0,000;99,985;0,000;99,985;0,000;52,091;0,000
3713301001;7,469;0,800;7,469;0,300;6,483;1,000;6,616;5,506;6,616;0,400;7,201;1,482;56,332;0,000;7,201;0,390;0,000;6,200;59,170;0,000;2;0;2;7,036;0,500;56,326;0,000;55,460;0,000;17,904;0,100;56,326;0,000;17,904;0,100;56,326;0,000;56,326;0,000;16,563;0,200
3713401001;17,429;1,100;28,300;0,200;13,845;1,600;7,365;7,202;13,845;0,600;16,567;1,722;25,900;0,156;27,496;0,260;0,000;15,800;28,600;0,200;2;0;2;24,777;1,100;26,415;0,500;24,777;0,600;26,415;0,300;26,415;0,600;26,415;0,700;26,415;0,700;26,415;0,400;10,759;1,000
3713501001;17,684;0,200;30,343;0,000;0,000;1,300;0,000;2,814;22,213;0,100;0,000;1,430;48,631;0,000;49,290;0,000;22,213;0,100;50,305;0,000;0;0;0;34,300;0,000;46,426;0,000;46,426;0,000;46,426;0,000;46,426;0,000;46,426;0,000;46,426;0,000;46,426;0,000;34,300;0,000
3713601001;22,640;0,100;29,376;0,100;0,000;1,500;0,000;2,312;35,353;0,000;23,771;0,260;103,023;0,000;77,348;0,000;35,353;0,000;105,206;0,000;0;0;0;23,771;0,100;101,118;0,000;101,118;0,000;97,097;0,000;101,118;0,000;97,097;0,000;101,118;0,000;101,118;0,000;0,000;1,200
3713701001;22,016;0,200;20,778;0,100;13,701;0,600;9,198;1,648;23,214;0,200;17,459;0,390;77,105;0,000;77,456;0,000;23,214;0,100;78,273;0,000;0;0;0;26,670;0,100;74,759;0,000;74,759;0,000;74,759;0,000;74,759;0,000;74,759;0,000;74,759;0,000;74,759;0,000;26,670;0,100
3713801001;5,500;0,600;18,475;0,100;5,729;0,800;0,000;5,174;17,973;0,200;5,344;0,962;44,158;0,000;18,481;0,130;5,344;4,600;47,025;0,000;0;0;0;12,288;0,500;44,000;0,000;43,395;0,000;27,806;0,100;44,000;0,000;27,806;0,100;44,000;0,000;44,000;0,000;15,542;0,200
3713901001;5,811;0,600;15,109;0,100;8,814;1,000;0,000;5,958;14,399;0,400;3,956;1,872;48,241;0,000;14,967;0,390;0,000;6,800;51,071;0,000;1;0;1;14,759;0,500;48,283;0,000;47,349;0,000;22,120;0,100;48,283;0,000;22,120;0,100;48,283;0,000;48,283;0,000;20,286;0,200
3714001001;21,801;0,100;24,790;0,100;0,000;1,300;0,000;1,842;33,679;0,000;22,646;0,260;103,425;0,000;89,634;0,000;33,679;0,000;105,214;0,000;0;0;0;22,646;0,100;101,278;0,000;101,278;0,000;101,278;0,000;101,278;0,000;101,278;0,000;101,278;0,000;101,278;0,000;19,730;0,200
3714101001;14,818;0,400;32,363;0,000;13,316;0,700;5,620;3,162;13,316;0,500;7,497;1,634;30,418;0,000;29,961;0,130;13,316;3,100;16,983;0,700;0;0;0;28,627;0,200;31,517;0,000;28,726;0,100;30,430;0,000;31,629;0,000;28,627;0,100;28,627;0,100;30,430;0,000;13,910;0,500
3714201001;11,807;2,200;2,565;0,900;12,261;2,900;2,565;12,994;13,643;0,700;12,297;3,266;14,195;0,468;14,385;0,520;9,789;23,600;15,175;0,600;0;0;0;11,807;2,600;11,807;1,300;11,807;1,200;11,807;0,700;11,807;1,400;11,807;1,300;11,807;1,500;11,807;0,800;11,807;1,800
3714301001;17,055;0,300;35,763;0,000;15,948;0,300;8,348;2,710;15,948;0,100;18,511;0,672;33,323;0,000;34,807;0,000;8,175;3,400;35,714;0,000;0;0;0;31,923;0,000;34,345;0,000;31,923;0,000;34,033;0,000;34,345;0,000;33,302;0,000;33,302;0,000;34,345;0,000;11,843;0,300
3714401001;14,209;1,100;29,018;0,100;9,560;1,100;9,560;6,316;9,560;0,600;14,067;1,982;26,581;0,156;28,046;0,260;6,911;13,400;28,933;0,400;0;0;0;25,155;1,000;27,686;0,500;25,155;0,600;27,686;0,200;27,686;0,500;26,501;0,700;26,501;0,600;27,686;0,400;5,500;0,900
3714501001;14,132;0,300;15,619;0,100;9,516;0,600;9,516;1,810;24,659;0,100;14,705;0,520;94,086;0,000;83,507;0,000;24,659;0,100;95,836;0,000;0;0;0;14,705;0,300;91,920;0,000;91,920;0,000;91,920;0,000;91,920;0,000;91,920;0,000;91,920;0,000;91,920;0,000;14,705;0,400
3714601001;12,725;0,500;30,842;0,000;12,725;0,600;5,027;2,886;20,201;0,200;12,725;0,754;48,564;0,000;30,426;0,000;12,198;1,900;44,986;0,000;0;0;0;20,658;0,100;49,570;0,000;47,158;0,000;20,658;0,100;49,570;0,000;20,658;0,100;48,495;0,000;49,570;0,000;26,616;0,100
3714701001;9,530;0,600;21,678;0,100;4,310;1,600;4,310;4,218;22,141;0,100;9,530;1,248;55,172;0,000;22,152;0,130;17,393;1,300;57,983;0,000;0;0;0;8,091;0,400;54,198;0,000;54,198;0,000;40,733;0,000;54,198;0,000;40,733;0,000;54,198;0,000;54,198;0,000;9,530;0,400
3714801001;7,415;1,200;22,400;0,100;9,816;1,700;0,000;9,338;9,816;0,700;5,109;3,274;20,707;0,156;19,712;0,260;5,550;14,800;13,044;1,500;0;0;0;18,558;1,200;21,487;0,500;19,057;0,600;20,265;0,300;21,409;0,600;18,558;0,700;18,558;0,700;20,265;0,400;13,293;1,400
3714901001;25,721;0,300;28,954;0,100;11,880;0,700;11,880;1,878;29,201;0,100;11,880;0,650;40,418;0,000;40,786;0,000;33,557;0,000;41,629;0,000;0;0;0;38,074;0,000;38,074;0,000;38,074;0,000;38,074;0,000;38,074;0,000;38,074;0,000;38,074;0,000;38,074;0,000;34,591;0,000
3715001001;10,805;0,400;29,138;0,100;10,805;0,400;2,989;2,090;26,480;0,100;10,805;0,520;39,796;0,000;39,375;0,000;33,867;0,000;39,639;0,000;0;0;0;35,538;0,000;37,517;0,000;37,517;0,000;37,517;0,000;37,517;0,000;37,517;0,000;37,517;0,000;37,517;0,000;20,463;0,200
3715101001;17,464;0,900;11,023;0,400;17,464;1,400;11,023;6,666;19,969;0,300;17,111;1,726;21,603;0,156;21,290;0,260;17,093;11,500;21,681;0,300;0;0;0;18,043;1,200;19,293;0,500;19,293;0,600;19,293;0,300;19,293;0,600;19,293;0,700;19,293;0,700;19,293;0,400;18,043;1,000
3715201001;12,351;2,500;14,172;0,400;3,454;4,100;3,454;17,742;12,745;1,000;9,862;5,590;14,973;0,468;11,210;0,780;3,454;35,000;0,000;3,800;0;4;4;11,944;3,400;12,536;1,300;12,017;1,600;12,017;0,700;11,944;1,600;11,944;1,900;11,944;1,900;12,017;1,000;7,192;3,100
3715401001;5,868;0,300;39,604;0,000;5,868;0,700;6,729;1,522;6,729;0,300;5,868;0,520;70,307;0,000;70,242;0,000;38,878;0,000;70,768;0,000;0;0;0;45,712;0,000;67,921;0,000;67,921;0,000;67,921;0,000;67,921;0,000;67,921;0,000;67,921;0,000;67,921;0,000;23,980;0,100
3715501001;5,554;0,700;18,984;0,100;9,204;0,800;4,618;4,764;18,133;0,200;4,368;1,508;46,977;0,000;18,718;0,130;3,113;5,500;49,728;0,000;0;0;0;18,555;0,300;47,293;0,000;45,925;0,000;20,252;0,100;47,293;0,000;20,252;0,100;47,293;0,000;47,293;0,000;25,035;0,300
3715601001;1,952;1,000;19,062;0,100;5,479;0,900;1,952;5,466;18,344;0,200;0,000;2,028;44,618;0,000;18,914;0,130;0,000;5,700;47,428;0,000;2;0;2;17,150;0,300;44,746;0,000;43,678;0,000;24,030;0,100;44,746;0,000;24,030;0,100;44,746;0,000;44,746;0,000;20,880;0,300
3715601002;0,000;1,300;20,905;0,100;3,710;1,100;0,000;5,766;20,207;0,200;1,952;1,352;42,668;0,000;20,772;0,130;1,952;5,100;45,478;0,000;0;0;0;17,745;0,300;42,804;0,000;41,726;0,000;25,657;0,100;42,804;0,000;25,657;0,100;42,804;0,000;42,804;0,000;20,696;0,300
3715601003;3,710;0,800;23,501;0,100;0,000;1,500;0,000;5,698;22,889;0,200;5,479;0,806;39,434;0,000;23,433;0,130;0,000;5,200;42,269;0,000;2;0;2;17,487;0,300;39,469;0,000;38,558;0,000;29,366;0,100;39,469;0,000;29,366;0,100;39,469;0,000;39,469;0,000;18,904;0,200
3715701001;17,639;0,100;24,525;0,100;10,379;0,800;10,379;1,602;27,271;0,100;15,361;0,260;91,203;0,000;64,130;0,000;27,271;0,100;93,508;0,000;0;0;0;18,457;0,100;89,402;0,000;89,402;0,000;83,929;0,000;89,402;0,000;83,929;0,000;89,402;0,000;89,402;0,000;8,123;0,700
3715801001;21,539;0,300;27,003;0,100;6,650;1,000;5,899;2,738;27,795;0,100;6,650;0,806;66,863;0,000;27,549;0,130;24,759;0,400;69,625;0,000;0;0;0;19,594;0,200;65,737;0,000;65,737;0,000;47,370;0,000;65,737;0,000;47,370;0,000;65,737;0,000;65,737;0,000;20,992;0,300
3715901001;4,978;0,900;27,254;0,100;4,978;1,300;8,728;3,342;27,197;0,100;4,978;1,456;40,780;0,000;27,514;0,130;15,963;2,000;43,606;0,000;0;0;0;11,370;0,400;39,876;0,000;39,876;0,000;39,876;0,000;39,876;0,000;39,876;0,000;39,876;0,000;39,876;0,000;4,978;0,600
3716001001;29,760;0,100;43,128;0,000;10,630;0,800;0,000;2,192;30,428;0,000;7,251;0,520;93,953;0,000;93,969;0,000;47,316;0,000;94,550;0,000;0;0;0;48,204;0,000;91,561;0,000;91,561;0,000;91,561;0,000;91,561;0,000;91,561;0,000;91,561;0,000;91,561;0,000;44,761;0,000
3716101001;11,467;0,500;11,467;0,300;9,615;1,200;9,615;4,704;12,100;0,300;11,192;1,196;60,035;0,000;11,986;0,390;8,542;2,700;62,913;0,000;0;0;0;9,183;0,600;59,433;0,000;59,433;0,000;31,509;0,000;59,433;0,000;31,509;0,000;59,433;0,000;59,433;0,000;10,128;0,400
3716201001;21,837;0,300;39,999;0,000;18,527;0,300;13,383;1,994;18,527;0,100;21,495;0,672;37,604;0,000;38,843;0,000;15,188;2,000;33,286;0,000;0;0;0;33,477;0,000;38,951;0,000;36,064;0,000;33,477;0,000;38,951;0,000;33,477;0,000;37,084;0,000;38,951;0,000;14,945;0,300
3716301001;6,638;0,600;6,638;0,300;5,238;1,000;5,717;5,106;5,717;0,400;6,112;1,222;61,149;0,000;6,112;0,390;3,496;4,300;63,966;0,000;0;0;0;6,142;0,700;61,228;0,000;60,222;0,000;14,155;0,300;61,228;0,000;14,155;0,300;61,228;0,000;61,228;0,000;15,688;0,200
3716401001;13,832;1,300;17,859;0,200;9,137;2,400;3,519;10,960;14,512;0,700;3,519;4,140;17,257;0,156;14,492;0,520;5,220;16,700;3,519;3,400;0;0;0;14,330;1,400;16,733;0,500;15,315;0,600;15,315;0,300;16,035;0,600;14,330;0,900;14,330;0,900;15,315;0,400;10,431;1,400
3716501001;17,305;0,200;49,883;0,000;12,499;0,700;10,220;2,312;13,848;0,300;17,305;0,360;60,474;0,000;59,986;0,000;52,851;0,000;60,178;0,000;0;0;0;55,890;0,000;58,220;0,000;58,220;0,000;58,220;0,000;58,220;0,000;58,220;0,000;58,220;0,000;58,220;0,000;4,062;0,600
3716601001;16,852;0,100;23,052;0,100;7,432;1,000;7,432;1,802;30,023;0,000;17,994;0,260;99,138;0,000;78,221;0,000;30,023;0,000;101,200;0,000;0;0;0;17,994;0,100;97,145;0,000;97,145;0,000;97,145;0,000;97,145;0,000;97,145;0,000;97,145;0,000;97,145;0,000;7,432;0,500
3716701001;11,924;1,100;17,541;0,200;11,924;1,800;11,924;7,006;22,134;0,300;11,924;1,986;24,839;0,156;23,923;0,260;15,488;11,700;23,767;0,300;0;0;0;19,052;1,200;22,627;0,500;22,627;0,600;22,039;0,300;22,039;0,600;22,969;0,700;22,039;0,700;22,969;0,400;9,991;1,200
3716801001;18,314;0,200;18,314;0,100;15,580;0,500;8,744;2,018;19,280;0,100;18,290;0,546;72,947;0,000;18,803;0,130;18,525;0,900;75,815;0,000;0;0;0;18,823;0,200;72,241;0,000;72,241;0,000;37,495;0,000;72,241;0,000;37,495;0,000;72,241;0,000;72,241;0,000;9,314;0,400
3716901001;17,269;0,400;34,960;0,000;13,107;0,600;6,437;2,732;13,107;0,400;15,182;0,802;32,651;0,000;33,414;0,000;13,107;2,400;27,173;0,200;0;0;0;31,026;0,000;34,262;0,000;31,026;0,000;33,630;0,000;34,262;0,000;31,740;0,000;31,740;0,000;33,630;0,000;10,441;0,300
3717001001;0,000;1,100;27,920;0,100;0,000;1,200;0,000;3,580;33,983;0,000;0,000;1,430;36,558;0,000;35,731;0,000;26,640;0,200;35,639;0,000;0;0;0;30,964;0,000;34,467;0,000;34,467;0,000;33,921;0,000;33,921;0,000;34,568;0,000;33,921;0,000;34,568;0,000;16,447;0,200
3717101001;10,051;0,800;10,860;0,300;10,214;1,200;4,293;5,914;10,190;0,400;8,243;1,482;52,095;0,000;10,747;0,390;0,000;6,500;54,944;0,000;1;0;1;10,530;0,700;52,042;0,000;51,256;0,000;21,046;0,100;52,042;0,000;21,046;0,100;52,042;0,000;52,042;0,000;19,102;0,200
3717201001;0,000;1,300;25,143;0,100;0,000;1,900;3,755;3,954;25,255;0,100;0,000;2,080;45,642;0,000;25,481;0,130;18,904;1,900;48,453;0,000;0;0;0;8,342;0,400;44,677;0,000;44,677;0,000;41,183;0,000;44,677;0,000;41,183;0,000;44,677;0,000;44,677;0,000;0,000;1,100
3717301001;23,745;0,100;33,029;0,000;0,000;1,200;4,129;1,804;25,636;0,100;4,129;0,910;86,136;0,000;86,284;0,000;36,752;0,000;86,960;0,000;0;0;0;38,397;0,000;83,750;0,000;83,750;0,000;83,750;0,000;83,750;0,000;83,750;0,000;83,750;0,000;83,750;0,000;38,397;0,000
3717302001;23,844;0,100;37,129;0,000;4,129;1,100;0,000;2,896;25,144;0,100;0,000;1,430;87,429;0,000;87,503;0,000;40,638;0,000;88,127;0,000;0;0;0;42,522;0,000;85,038;0,000;85,038;0,000;85,038;0,000;85,038;0,000;85,038;0,000;85,038;0,000;85,038;0,000;41,039;0,000
3717401001;9,958;0,500;34,790;0,000;9,495;0,600;9,495;3,714;10,648;0,400;0,000;2,570;33,207;0,000;31,916;0,000;9,495;2,700;9,495;1,500;0;0;0;30,920;0,000;33,845;0,000;31,576;0,000;32,540;0,000;33,621;0,000;30,920;0,000;30,920;0,000;32,540;0,000;20,737;0,300
3717501001;8,188;2,400;14,504;0,400;10,637;3,800;4,009;17,272;10,631;1,300;9,160;5,634;13,176;0,468;11,542;0,780;4,009;35,500;7,084;2,500;0;0;0;10,637;3,200;13,534;1,300;11,670;1,600;12,182;0,700;13,246;1,600;10,637;1,900;10,637;1,900;12,182;1,000;9,009;2,400
3717601001;17,826;0,300;26,367;0,100;5,987;1,000;5,987;3,038;27,072;0,100;5,987;0,806;63,016;0,000;26,902;0,130;23,412;0,700;65,772;0,000;0;0;0;16,712;0,200;61,875;0,000;61,875;0,000;46,556;0,000;61,875;0,000;46,556;0,000;61,875;0,000;61,875;0,000;17,826;0,200
3717701001;14,629;0,500;28,551;0,100;10,969;1,000;0,000;3,416;21,341;0,100;10,969;0,936;62,790;0,000;42,365;0,000;21,341;0,100;65,245;0,000;0;0;0;27,329;0,200;61,146;0,000;61,146;0,000;61,146;0,000;61,146;0,000;61,146;0,000;61,146;0,000;61,146;0,000;23,468;0,300
3717801001;16,272;0,400;43,136;0,000;14,481;0,800;14,481;2,154;14,802;0,400;9,811;1,014;41,306;0,000;40,526;0,000;14,481;1,100;14,481;0,700;0;0;0;39,326;0,000;42,248;0,000;39,624;0,000;41,065;0,000;42,221;0,000;39,326;0,000;39,326;0,000;41,065;0,000;24,260;0,400
3717901001;8,367;0,500;43,264;0,000;6,106;0,800;5,921;2,914;5,921;0,400;8,367;1,274;41,831;0,000;40,239;0,000;6,106;1,800;6,106;1,000;0;0;0;39,396;0,000;42,293;0,000;40,239;0,000;40,918;0,000;41,931;0,000;32,995;0,000;39,396;0,000;40,918;0,000;19,814;0,300
3718001001;21,333;0,300;49,438;0,000;12,509;0,700;6,795;1,900;17,908;0,100;21,333;0,490;58,537;0,000;59,058;0,000;50,470;0,000;58,892;0,000;0;0;0;54,726;0,000;57,453;0,000;57,453;0,000;57,453;0,000;57,453;0,000;57,453;0,000;57,453;0,000;57,453;0,000;0,000;1,000
3718101001;18,164;0,100;24,735;0,100;12,776;0,600;12,776;1,510;26,429;0,100;14,712;0,650;88,786;0,000;61,052;0,000;26,429;0,100;91,128;0,000;0;0;0;18,837;0,100;87,020;0,000;87,020;0,000;80,855;0,000;87,020;0,000;80,855;0,000;87,020;0,000;87,020;0,000;5,141;0,500
3718201001;7,913;1,200;19,617;0,200;5,984;1,800;5,984;8,468;5,984;0,600;6,398;2,702;17,177;0,156;18,657;0,260;0,000;16,400;19,579;0,700;2;0;2;15,776;1,200;18,293;0,500;15,776;0,600;18,293;0,300;18,293;0,600;17,236;0,700;17,236;0,700;18,293;0,400;6,484;1,200
3718301001;18,877;0,200;21,868;0,100;8,545;0,500;8,545;1,960;13,683;0,300;8,545;0,650;56,861;0,000;57,581;0,000;13,683;0,300;58,627;0,000;0;0;0;25,762;0,100;54,698;0,000;54,698;0,000;54,698;0,000;54,698;0,000;54,698;0,000;54,698;0,000;54,698;0,000;25,762;0,100
3718401001;25,245;0,100;60,209;0,000;4,470;1,100;4,470;1,904;22,234;0,100;25,245;0,260;77,716;0,000;80,509;0,000;60,462;0,000;70,827;0,000;0;0;0;66,219;0,000;78,558;0,000;78,558;0,000;78,558;0,000;78,558;0,000;78,558;0,000;78,558;0,000;78,558;0,000;23,951;0,100
3718501001;8,330;2,600;9,918;0,400;4,853;4,500;2,472;18,060;8,835;0,900;6,679;5,304;12,254;0,468;10,043;0,780;4,853;36,000;9,323;1,900;0;0;0;6,220;3,600;8,759;1,500;8,759;1,800;8,293;0,900;8,293;1,800;8,759;2,100;8,293;2,100;8,759;1,200;5,138;2,900
3718601001;16,918;0,900;15,657;0,200;16,918;1,500;12,040;5,946;25,704;0,300;16,918;1,596;26,990;0,156;26,867;0,260;22,458;10,600;27,389;0,200;0;0;0;24,042;1,200;24,618;0,500;24,618;0,600;24,618;0,300;24,618;0,600;24,618;0,700;24,618;0,700;24,618;0,400;23,501;0,800
3718701001;23,437;1,000;16,456;0,200;0,000;2,300;0,000;7,194;26,448;0,300;24,200;1,982;25,399;0,156;26,345;0,260;20,255;11,600;27,520;0,200;0;0;0;23,437;1,200;23,437;0,500;23,437;0,600;23,437;0,300;23,437;0,600;23,437;0,700;23,437;0,700;23,437;0,400;23,437;0,800
3718801001;15,434;0,500;30,796;0,000;13,134;0,700;5,014;3,916;15,150;0,200;17,325;1,006;28,386;0,156;29,974;0,130;0,000;7,400;31,059;0,000;2;0;2;27,228;0,400;28,950;0,100;27,228;0,200;28,950;0,100;28,950;0,100;28,950;0,200;28,950;0,200;28,950;0,100;11,618;0,500
3718901001;17,088;0,600;26,647;0,100;15,324;0,700;15,324;3,418;26,013;0,100;17,088;0,616;28,891;0,156;30,429;0,000;13,493;4,400;31,750;0,000;0;0;0;22,209;0,300;28,169;0,100;28,169;0,200;28,169;0,100;28,169;0,100;28,169;0,100;28,169;0,100;28,169;0,100;17,088;0,300
3719001001;28,244;0,100;57,465;0,000;8,082;0,900;8,082;1,448;26,324;0,100;21,783;0,260;87,785;0,000;89,607;0,000;59,218;0,000;80,401;0,000;0;0;0;63,226;0,000;87,598;0,000;87,598;0,000;87,598;0,000;87,598;0,000;87,598;0,000;87,598;0,000;87,598;0,000;32,924;0,000
3719101001;18,081;0,100;49,297;0,000;5,884;0,900;5,884;1,704;16,454;0,100;17,185;0,260;80,872;0,000;80,641;0,000;50,144;0,000;80,015;0,000;0;0;0;55,250;0,000;78,515;0,000;78,515;0,000;78,515;0,000;78,515;0,000;78,515;0,000;78,515;0,000;78,515;0,000;26,635;0,100
3719201001;7,509;2,700;9,858;0,600;8,781;3,500;3,928;17,730;9,393;1,000;7,792;5,348;7,792;0,468;9,370;0,780;3,617;36,900;10,672;1,200;0;0;0;7,461;3,600;7,509;1,500;7,461;1,800;7,509;0,900;7,509;1,800;7,509;2,100;7,509;2,100;7,509;1,200;7,509;2,600
3719301001;13,834;0,600;21,082;0,100;0,000;2,000;0,000;4,642;21,704;0,100;11,782;1,248;59,474;0,000;21,600;0,130;17,653;1,300;62,287;0,000;0;0;0;10,929;0,400;58,507;0,000;58,507;0,000;40,983;0,000;58,507;0,000;40,983;0,000;58,507;0,000;58,507;0,000;13,834;0,400
3719401001;14,846;0,500;27,779;0,100;6,506;1,200;2,997;3,538;28,381;0,100;6,506;1,118;59,385;0,000;28,292;0,130;24,132;0,500;62,112;0,000;0;0;0;15,577;0,200;58,176;0,000;58,176;0,000;47,534;0,000;58,176;0,000;47,534;0,000;58,176;0,000;58,176;0,000;14,846;0,400
3719501001;12,160;0,600;17,977;0,100;3,842;1,400;3,842;4,036;18,512;0,100;12,160;0,988;57,400;0,000;18,471;0,130;14,110;1,700;60,244;0,000;0;0;0;7,425;0,400;56,559;0,000;56,559;0,000;37,517;0,000;56,559;0,000;37,517;0,000;56,559;0,000;56,559;0,000;12,160;0,400
3719601001;16,480;0,300;26,886;0,100;5,877;1,000;5,158;3,038;27,547;0,100;5,877;0,806;61,449;0,000;27,413;0,130;23,617;0,700;64,193;0,000;0;0;0;16,091;0,200;60,280;0,000;60,280;0,000;46,916;0,000;60,280;0,000;46,916;0,000;60,280;0,000;60,280;0,000;16,480;0,200
3719701001;5,940;0,800;22,870;0,100;5,940;1,200;6,183;3,854;22,761;0,100;5,940;0,988;43,044;0,000;23,102;0,130;12,966;2,200;45,912;0,000;0;0;0;8,023;0,400;42,355;0,000;42,355;0,000;36,725;0,000;42,355;0,000;36,725;0,000;42,355;0,000;42,355;0,000;5,940;0,400
3719801001;18,450;0,300;44,914;0,000;18,259;0,400;0,000;2,454;23,391;0,100;18,450;0,490;52,367;0,000;53,858;0,000;43,695;0,000;53,861;0,000;0;0;0;49,282;0,000;52,454;0,000;52,454;0,000;52,168;0,000;52,168;0,000;52,454;0,000;52,168;0,000;52,454;0,000;6,795;0,300
3719901001;21,211;0,300;29,161;0,100;9,778;0,700;6,710;2,248;23,596;0,100;9,778;0,806;69,056;0,000;42,655;0,000;23,596;0,100;71,563;0,000;0;0;0;26,543;0,100;67,476;0,000;67,476;0,000;62,318;0,000;67,476;0,000;62,318;0,000;67,476;0,000;67,476;0,000;17,666;0,300
3720001001;10,596;0,500;31,493;0,000;8,808;0,500;0,000;3,860;19,793;0,100;12,436;0,776;33,254;0,000;31,349;0,000;0,000;4,900;35,963;0,000;2;0;2;26,050;0,100;33,713;0,000;32,142;0,000;33,078;0,000;33,713;0,000;33,078;0,000;33,713;0,000;33,713;0,000;15,998;0,200
3720101001;11,043;0,500;11,043;0,300;11,043;0,900;4,988;4,382;12,009;0,300;11,020;1,196;68,421;0,000;11,534;0,390;11,257;1,900;71,304;0,000;0;0;0;11,552;0,400;67,904;0,000;67,871;0,000;30,545;0,000;67,904;0,000;30,545;0,000;67,904;0,000;67,904;0,000;2,637;0,700
3720201001;6,925;2,600;8,451;0,400;3,061;4,500;0,000;18,984;7,229;1,000;6,263;5,304;10,612;0,468;7,946;0,780;5,296;36,000;7,402;2,100;0;0;0;5,656;3,600;7,048;1,500;7,048;1,800;6,829;0,900;6,829;1,800;7,013;2,100;6,829;2,100;7,048;1,200;2,854;3,200
3720301001;17,757;1,100;22,572;0,200;15,753;1,500;13,826;7,048;15,753;0,400;14,774;2,312;20,835;0,156;22,454;0,260;4,543;14,800;23,696;0,400;0;0;0;20,072;1,200;20,797;0,500;20,072;0,600;20,797;0,300;20,797;0,600;20,797;0,700;20,797;0,700;20,797;0,400;14,454;1,200
3720401001;17,055;0,200;21,018;0,100;17,055;0,500;7,711;1,992;13,639;0,300;15,251;0,520;64,948;0,000;50,027;0,000;13,639;0,300;67,215;0,000;0;0;0;20,445;0,100;63,111;0,000;63,111;0,000;63,111;0,000;63,111;0,000;63,111;0,000;63,111;0,000;63,111;0,000;20,445;0,200
3720501001;15,311;1,000;17,462;0,200;15,216;1,400;11,230;7,996;15,216;0,400;11,662;2,156;15,471;0,156;17,081;0,260;4,430;15,700;18,351;0,600;0;0;0;14,841;1,400;15,311;0,500;14,841;0,800;15,311;0,300;15,311;0,600;15,311;0,700;15,311;0,700;15,311;0,400;15,311;1,000
3720601001;15,943;1,000;23,412;0,100;4,266;2,200;3,958;9,376;19,202;0,500;3,958;2,892;22,771;0,156;20,043;0,260;5,347;13,800;3,958;2,900;0;0;0;19,862;1,200;22,275;0,500;20,867;0,600;20,867;0,300;21,576;0,600;19,862;0,700;19,862;0,700;20,867;0,400;15,923;1,200
3720701001;7,581;2,600;9,418;0,400;6,258;4,200;2,965;18,758;7,923;1,000;6,342;5,720;10,111;0,468;6,354;0,780;2,568;38,000;0,000;3,900;0;2;2;7,173;3,600;7,834;1,500;7,173;1,800;7,173;0,900;7,202;1,800;7,173;2,100;7,202;2,100;7,173;1,200;2,568;3,600
3720801001;5,169;0,300;34,478;0,000;5,169;0,700;9,024;2,090;9,024;0,300;5,169;0,650;63,843;0,000;63,915;0,000;32,227;0,000;64,545;0,000;0;0;0;40,541;0,000;61,451;0,000;61,451;0,000;61,451;0,000;61,451;0,000;61,451;0,000;61,451;0,000;61,451;0,000;25,885;0,100
3720901001;11,069;2,700;13,287;0,600;12,078;3,400;7,428;15,756;12,214;1,200;9,111;4,368;11,068;0,468;12,684;0,780;0,000;35,400;13,941;1,100;2;0;2;10,411;3,400;11,069;1,500;10,411;1,800;11,069;0,900;11,069;1,800;11,069;2,100;11,069;2,100;11,069;1,200;11,069;2,200
3721101001;13,598;0,500;28,025;0,100;13,598;1,000;14,036;2,208;34,180;0,000;13,598;0,728;33,387;0,000;34,759;0,000;21,453;1,200;36,078;0,000;0;0;0;21,151;0,100;32,117;0,000;32,117;0,000;32,117;0,000;32,117;0,000;32,117;0,000;32,117;0,000;32,117;0,000;13,598;0,300
3721201001;5,456;0,600;5,456;0,300;4,092;1,300;4,605;5,146;4,605;0,700;4,913;1,612;62,234;0,000;4,913;0,780;3,705;4,400;65,061;0,000;0;0;0;4,988;1,000;62,270;0,000;61,331;0,000;14,985;0,300;62,270;0,000;14,985;0,300;62,270;0,000;62,270;0,000;14,278;0,400
3721301001;9,159;0,900;12,724;0,300;11,743;1,300;3,974;5,970;11,881;0,400;7,209;1,638;51,827;0,000;12,466;0,390;0,000;6,600;54,636;0,000;2;0;2;12,298;0,500;51,946;0,000;50,883;0,000;18,340;0,100;51,946;0,000;18,340;0,100;51,946;0,000;51,946;0,000;21,670;0,200
3721401001;14,624;0,400;34,004;0,000;5,773;1,000;3,867;2,860;29,058;0,100;5,773;0,676;60,003;0,000;34,515;0,000;29,058;0,100;62,619;0,000;0;0;0;20,934;0,100;58,583;0,000;58,583;0,000;53,656;0,000;58,583;0,000;53,656;0,000;58,583;0,000;58,583;0,000;18,132;0,200
3721501001;5,524;0,600;33,697;0,000;6,592;1,200;5,524;4,498;7,995;0,500;5,524;1,634;32,483;0,000;30,535;0,000;6,592;3,400;6,592;1,600;0;0;0;29,868;0,100;32,702;0,000;30,972;0,000;31,264;0,000;32,202;0,000;29,868;0,100;29,868;0,100;31,264;0,000;15,157;0,500
3721601001;8,563;1,300;26,364;0,100;4,654;2,000;4,654;8,496;4,654;1,000;6,745;2,572;24,098;0,156;24,721;0,260;4,654;14,600;22,916;0,900;0;0;0;22,449;1,100;25,694;0,500;22,449;0,600;24,956;0,300;25,821;0,600;23,065;0,700;23,065;0,700;24,956;0,400;4,260;1,300
3721701001;5,467;0,600;5,467;0,300;5,467;1,100;4,949;5,450;5,447;0,400;5,107;1,352;57,796;0,000;5,727;0,390;0,000;5,100;60,673;0,000;1;0;1;5,471;0,700;57,526;0,000;57,089;0,000;23,412;0,100;57,526;0,000;23,412;0,100;57,526;0,000;57,526;0,000;11,801;0,400
3721801001;12,575;0,800;26,323;0,100;12,575;0,900;5,447;3,684;14,033;0,400;12,575;1,326;53,561;0,000;25,858;0,130;9,378;2,200;51,129;0,000;0;0;0;14,430;0,400;54,403;0,000;52,227;0,000;14,430;0,300;54,403;0,000;14,430;0,300;53,700;0,000;54,403;0,000;32,176;0,000
3721901001;7,620;0,700;31,151;0,000;7,620;1,300;7,304;2,816;31,418;0,000;7,620;0,858;47,721;0,000;31,555;0,000;26,135;0,600;50,401;0,000;0;0;0;14,595;0,300;46,419;0,000;46,419;0,000;46,419;0,000;46,419;0,000;46,419;0,000;46,419;0,000;46,419;0,000;7,620;0,300
3722101001;41,679;0,000;48,241;0,000;19,120;0,200;0,000;1,230;54,474;0,000;42,818;0,000;121,436;0,000;89,849;0,000;54,474;0,000;123,700;0,000;0;0;0;42,818;0,000;119,598;0,000;119,598;0,000;109,071;0,000;119,598;0,000;109,071;0,000;119,598;0,000;119,598;0,000;19,120;0,100
3722201001;14,003;1,100;17,661;0,200;7,455;2,400;7,455;8,532;16,390;0,300;14,003;2,294;19,659;0,156;16,451;0,260;7,455;14,500;10,910;1,700;0;0;0;14,790;1,400;16,141;0,500;16,141;0,600;16,069;0,300;15,960;0,600;15,960;0,700;15,960;0,700;16,141;0,400;9,138;1,700
3722301001;19,777;0,100;24,228;0,100;10,994;0,600;9,786;1,704;22,972;0,200;14,478;0,520;77,417;0,000;77,697;0,000;26,435;0,100;78,467;0,000;0;0;0;30,111;0,000;75,052;0,000;75,052;0,000;75,052;0,000;75,052;0,000;75,052;0,000;75,052;0,000;75,052;0,000;30,111;0,000
3722401001;13,949;1,200;23,550;0,100;9,135;2,000;9,135;8,308;22,284;0,300;13,650;2,684;24,649;0,156;20,872;0,260;0,000;14,900;5,873;2,600;2;0;2;21,354;1,200;21,864;0,500;21,629;0,600;21,629;0,300;21,354;0,600;21,354;0,700;21,354;0,700;21,629;0,400;4,612;1,600
3722501001;13,939;1,200;20,355;0,100;5,850;2,000;5,850;8,208;19,061;0,300;13,939;2,684;21,661;0,156;17,916;0,260;0,000;15,000;6,975;2,500;2;0;2;18,207;1,200;18,665;0,500;18,617;0,600;18,617;0,300;18,207;0,600;18,207;0,700;18,207;0,700;18,617;0,400;8,390;1,800
3722601001;12,132;1,000;26,134;0,200;12,132;1,500;8,317;5,358;28,055;0,200;12,132;1,470;31,204;0,000;29,974;0,130;17,014;8,700;29,462;0,200;0;0;0;24,591;0,900;28,575;0,500;28,575;0,400;27,735;0,200;27,735;0,600;28,676;0,500;27,735;0,600;28,676;0,300;4,858;1,300
3722801001;13,292;0,500;34,022;0,000;8,041;0,800;8,041;3,598;18,452;0,100;16,706;0,572;41,880;0,000;33,026;0,000;16,318;1,200;8,041;1,900;0;0;0;38,901;0,000;36,868;0,000;39,481;0,000;39,481;0,000;36,868;0,000;36,392;0,000;38,901;0,000;39,481;0,000;4,702;0,800
3722901001;15,190;0,900;16,704;0,200;7,651;2,600;7,651;9,904;15,458;0,300;14,170;2,962;18,789;0,156;15,731;0,260;7,651;16,700;11,297;1,500;0;0;0;13,618;1,400;15,239;0,500;15,239;0,600;15,090;0,300;15,090;0,600;15,111;0,700;15,090;0,700;15,239;0,400;8,503;1,700
3723001001;10,494;2,600;3,853;0,900;10,426;3,700;3,853;16,294;11,301;0,700;8,999;4,498;12,793;0,468;12,513;0,780;8,291;33,200;12,988;1,000;0;0;0;9,928;3,400;10,494;1,500;10,494;1,800;10,494;0,900;10,494;1,800;10,494;1,900;10,494;1,900;10,494;1,200;9,928;2,400
3723101001;10,205;0,900;29,556;0,100;10,205;1,900;10,093;6,554;28,263;0,300;10,205;2,094;30,831;0,000;27,070;0,260;0,000;12,200;9,049;1,700;2;0;2;27,406;1,000;27,867;0,400;27,790;0,400;27,790;0,200;27,406;0,500;27,406;0,600;27,406;0,600;27,790;0,300;4,895;1,500
3723201001;8,504;0,500;40,432;0,000;9,676;0,700;6,688;3,254;9,263;0,300;8,504;0,832;42,128;0,000;39,402;0,000;6,688;1,800;9,676;1,500;0;0;0;39,234;0,000;41,604;0,000;40,233;0,000;40,233;0,000;40,905;0,000;31,118;0,000;39,234;0,000;40,233;0,000;5,709;0,500
3723301001;8,966;0,300;15,499;0,100;15,499;0,400;6,403;2,122;18,255;0,100;6,403;0,780;84,690;0,000;64,199;0,000;18,255;0,100;86,863;0,000;0;0;0;9,590;0,300;82,776;0,000;82,776;0,000;82,776;0,000;82,776;0,000;82,776;0,000;82,776;0,000;82,776;0,000;9,590;0,700
3723401001;37,664;0,000;44,509;0,000;14,257;0,400;6,646;0,730;50,007;0,000;38,497;0,000;115,779;0,000;83,204;0,000;50,007;0,000;118,096;0,000;0;0;0;38,779;0,000;113,989;0,000;113,989;0,000;102,429;0,000;113,989;0,000;102,429;0,000;113,989;0,000;113,989;0,000;15,189;0,100
3723501001;17,974;0,200;36,029;0,000;15,031;0,400;5,795;2,234;15,031;0,200;12,120;0,958;33,901;0,000;33,961;0,000;15,031;2,100;21,129;0,500;0;0;0;32,214;0,000;35,263;0,000;32,214;0,000;34,330;0,000;35,568;0,000;32,467;0,000;32,467;0,000;34,330;0,000;13,958;0,300
3723601001;10,845;1,200;28,303;0,100;9,949;1,500;5,251;6,866;9,949;0,700;7,632;2,684;26,359;0,156;25,923;0,260;9,949;13,400;18,254;1,100;0;0;0;24,573;1,100;27,459;0,500;24,667;0,600;26,381;0,300;27,586;0,600;24,573;0,700;24,573;0,700;26,381;0,400;11,464;1,100
3723701001;14,948;0,700;29,163;0,100;11,502;0,900;8,371;4,604;19,741;0,200;16,863;1,006;28,012;0,156;29,633;0,130;6,486;6,300;30,866;0,000;0;0;0;24,917;0,400;27,979;0,100;27,208;0,200;27,979;0,100;27,979;0,100;27,979;0,200;27,979;0,200;27,979;0,100;17,069;0,300
3723801001;12,684;2,400;14,515;0,400;0,000;4,700;0,000;17,544;13,228;1,000;11,825;5,364;15,820;0,156;12,089;0,780;0,000;33,900;3,454;3,100;2;0;2;12,359;3,200;12,825;1,300;12,776;1,400;12,776;0,700;12,359;1,600;12,359;1,900;12,359;1,900;12,776;1,000;6,027;2,900
3723901001;18,801;1,100;26,748;0,100;10,967;2,100;5,863;8,568;24,912;0,400;11,231;2,658;27,355;0,156;23,660;0,260;6,244;13,700;0,000;3,100;0;4;4;24,499;1,200;25,130;0,500;24,499;0,600;24,499;0,300;24,523;0,600;24,499;0,700;24,523;0,700;24,499;0,400;4,158;1,600
3724001001;5,756;2,700;7,626;0,400;3,810;4,200;0,000;20,906;3,908;1,300;2,241;7,272;6,629;0,468;4,637;1,170;2,241;39,900;5,663;2,400;0;0;0;3,810;3,900;6,638;1,500;5,258;1,800;5,258;0,900;6,341;1,800;3,810;2,400;3,810;2,400;5,258;1,200;3,840;3,200
3724101001;23,568;0,200;34,752;0,000;7,971;0,600;7,971;1,678;26,089;0,200;7,971;0,520;46,951;0,000;47,363;0,000;27,697;0,100;48,230;0,000;0;0;0;39,495;0,000;44,623;0,000;44,623;0,000;44,623;0,000;44,623;0,000;44,623;0,000;44,623;0,000;44,623;0,000;34,927;0,000
3724201001;14,618;0,500;34,591;0,000;13,462;0,500;4,890;3,482;16,404;0,100;16,272;0,516;32,153;0,000;33,697;0,000;4,890;4,500;34,697;0,000;0;0;0;30,861;0,000;32,948;0,000;30,865;0,000;32,948;0,000;32,948;0,000;32,450;0,000;32,450;0,000;32,948;0,000;12,357;0,300
3724301001;20,274;0,100;57,260;0,000;8,986;0,800;8,986;1,566;16,916;0,100;20,274;0,260;74,005;0,000;76,099;0,000;56,720;0,000;69,083;0,000;0;0;0;63,345;0,000;74,247;0,000;74,247;0,000;74,247;0,000;74,247;0,000;74,247;0,000;74,247;0,000;74,247;0,000;18,301;0,100
3724401001;9,361;0,500;9,361;0,300;9,361;0,900;2,892;4,338;10,326;0,300;9,411;1,196;68,893;0,000;9,796;0,390;9,673;2,300;71,777;0,000;0;0;0;9,862;0,500;68,464;0,000;68,282;0,000;28,207;0,100;68,464;0,000;28,207;0,100;68,464;0,000;68,464;0,000;0,000;1,100
3724501001;34,418;0,000;41,446;0,000;9,331;0,600;9,331;0,990;46,100;0,000;34,317;0,000;110,468;0,000;77,024;0,000;46,100;0,000;112,831;0,000;0;0;0;35,483;0,000;108,723;0,000;108,723;0,000;96,268;0,000;108,723;0,000;96,268;0,000;108,723;0,000;108,723;0,000;13,311;0,400
3724601001;2,350;0,900;40,204;0,000;0,000;1,600;0,000;4,816;1,406;0,700;2,350;1,664;39,041;0,000;37,003;0,000;0,000;2,700;0,000;2,200;2;2;4;36,393;0,000;39,205;0,000;37,543;0,000;37,748;0,000;38,655;0,000;33,690;0,000;36,393;0,000;37,748;0,000;13,874;0,500
3724601002;3,328;0,900;41,579;0,000;1,406;1,300;0,000;5,272;0,000;1,100;3,328;1,664;40,430;0,000;38,369;0,000;1,406;2,700;1,406;1,900;0;0;0;37,773;0,000;40,579;0,000;38,936;0,000;39,119;0,000;40,018;0,000;32,286;0,000;37,773;0,000;39,119;0,000;13,899;0,400
3724602001;0,000;1,300;38,579;0,000;2,350;1,400;0,000;4,936;3,328;0,700;0,000;2,184;37,513;0,000;35,330;0,000;2,350;2,400;2,350;2,000;0;0;0;34,803;0,000;37,574;0,000;36,055;0,000;36,095;0,000;36,962;0,000;34,803;0,000;34,803;0,000;36,095;0,000;12,015;0,600
3724602002;2,696;0,900;41,212;0,000;2,555;1,200;2,123;4,636;2,123;0,600;2,696;1,664;40,175;0,000;37,948;0,000;2,555;2,600;2,555;1,900;0;0;0;37,449;0,000;40,205;0,000;38,720;0,000;38,720;0,000;39,571;0,000;32,246;0,000;37,449;0,000;38,720;0,000;11,783;0,400
3724701001;11,454;1,400;25,443;0,100;12,648;1,900;4,041;9,108;13,477;0,700;8,971;3,334;23,953;0,156;22,517;0,260;6,850;14,000;11,852;1,800;0;0;0;21,570;1,200;24,486;0,500;22,356;0,600;23,155;0,300;24,221;0,600;21,570;0,700;21,570;0,700;23,155;0,400;16,567;1,200
3724801001;5,088;0,300;40,909;0,000;5,088;0,700;6,122;1,752;6,122;0,300;5,088;0,650;59,405;0,000;59,331;0,000;37,722;0,000;59,854;0,000;0;0;0;46,890;0,000;57,020;0,000;57,020;0,000;57,020;0,000;57,020;0,000;57,020;0,000;57,020;0,000;57,020;0,000;19,290;0,100
3724901001;9,548;0,400;42,499;0,000;9,548;0,600;10,048;1,596;10,048;0,300;9,548;0,650;54,973;0,000;54,886;0,000;38,413;0,000;55,403;0,000;0;0;0;48,334;0,000;52,590;0,000;52,590;0,000;52,590;0,000;52,590;0,000;52,590;0,000;52,590;0,000;52,590;0,000;18,645;0,100
3725001001;26,189;0,100;63,515;0,000;7,268;0,800;7,268;1,510;22,646;0,100;26,189;0,130;71,390;0,000;74,160;0,000;62,928;0,000;64,552;0,000;0;0;0;69,598;0,000;72,215;0,000;72,215;0,000;72,215;0,000;72,215;0,000;72,215;0,000;72,215;0,000;72,215;0,000;19,483;0,100
3725101001;8,789;0,800;8,789;0,300;8,673;1,000;7,962;5,246;8,440;0,400;8,458;1,482;53,964;0,000;8,883;0,390;2,876;5,000;56,837;0,000;0;0;0;8,628;0,700;53,739;0,000;53,231;0,000;23,517;0,100;53,739;0,000;23,517;0,100;53,739;0,000;53,739;0,000;15,727;0,200
3725201001;15,997;0,400;18,453;0,100;3,352;1,400;3,352;4,018;19,150;0,100;13,910;0,936;61,415;0,000;18,986;0,130;15,615;1,300;64,254;0,000;0;0;0;11,319;0,400;60,548;0,000;60,548;0,000;38,640;0,000;60,548;0,000;38,640;0,000;60,548;0,000;60,548;0,000;14,538;0,400
3725301001;12,610;2,100;9,311;0,600;10,933;3,700;8,769;14,362;12,799;0,700;9,191;3,466;15,342;0,156;14,510;0,520;10,933;28,800;14,485;1,000;0;0;0;10,040;3,000;13,271;1,500;13,271;1,400;12,803;0,700;12,803;1,800;13,437;1,700;12,803;1,900;13,437;1,000;10,040;2,400
3725401001;19,361;1,100;21,210;0,100;8,660;2,200;6,624;9,276;19,338;0,500;7,777;2,658;21,778;0,156;18,091;0,260;5,873;14,400;0,000;3,400;0;3;3;18,933;1,200;19,607;0,500;18,933;0,600;18,933;0,300;18,989;0,600;18,933;0,700;18,954;0,700;18,933;0,400;7,865;1,700
3725501001;6,620;0,600;27,524;0,100;5,027;0,700;4,002;4,308;23,786;0,200;8,496;1,036;36,554;0,000;27,391;0,130;0,000;5,400;39,318;0,000;2;0;2;22,497;0,200;36,853;0,000;35,526;0,000;30,309;0,000;36,853;0,000;30,309;0,000;36,853;0,000;36,853;0,000;20,000;0,200
3725601001;15,348;0,300;35,519;0,000;9,776;1,100;7,023;3,764;18,014;0,100;15,348;0,858;35,430;0,000;32,151;0,000;13,638;1,700;9,752;1,900;0;0;0;32,451;0,000;34,100;0,000;33,019;0,000;33,019;0,000;33,419;0,000;32,451;0,000;32,451;0,000;33,019;0,000;6,063;0,700
3725701001;9,000;0,300;32,891;0,000;9,000;0,600;7,858;1,990;12,492;0,400;9,000;0,650;60,009;0,000;60,158;0,000;29,504;0,100;60,842;0,000;0;0;0;38,813;0,000;57,623;0,000;57,623;0,000;57,623;0,000;57,623;0,000;57,623;0,000;57,623;0,000;57,623;0,000;27,449;0,100
3725801001;24,270;0,100;30,348;0,000;6,092;0,700;6,092;1,302;37,445;0,000;25,411;0,260;106,412;0,000;83,089;0,000;37,445;0,000;108,502;0,000;0;0;0;25,411;0,100;104,438;0,000;104,438;0,000;102,872;0,000;104,438;0,000;102,872;0,000;104,438;0,000;104,438;0,000;6,092;0,500
3725901001;8,653;0,800;13,128;0,300;10,551;1,200;4,069;5,814;12,615;0,400;7,230;1,482;49,507;0,000;13,125;0,390;3,335;5,300;52,372;0,000;0;0;0;11,208;0,700;49,358;0,000;48,732;0,000;24,239;0,100;49,358;0,000;24,239;0,100;49,358;0,000;49,358;0,000;17,133;0,200
3726001001;9,301;0,500;27,650;0,100;9,301;0,800;6,839;2,404;19,198;0,100;16,482;0,676;57,547;0,000;44,947;0,000;19,198;0,100;59,890;0,000;0;0;0;27,924;0,200;55,782;0,000;55,782;0,000;55,782;0,000;55,782;0,000;55,782;0,000;55,782;0,000;55,782;0,000;23,809;0,300
3726101001;14,452;0,600;24,739;0,100;16,042;0,500;5,914;3,684;16,397;0,200;13,854;0,962;50,354;0,000;24,320;0,130;6,331;3,100;50,494;0,000;0;0;0;16,378;0,200;51,097;0,000;49,070;0,000;16,378;0,100;51,097;0,000;16,378;0,100;50,632;0,000;51,097;0,000;29,519;0,100
3726201001;17,416;0,200;43,000;0,000;17,416;0,300;9,867;1,488;15,046;0,100;17,416;0,360;53,751;0,000;53,323;0,000;46,961;0,000;53,569;0,000;0;0;0;49,395;0,000;51,470;0,000;51,470;0,000;51,470;0,000;51,470;0,000;51,470;0,000;51,470;0,000;51,470;0,000;8,282;0,300
3726301001;6,486;0,600;6,486;0,300;6,486;1,100;0,000;4,958;7,447;0,400;6,554;1,352;67,080;0,000;6,911;0,390;6,821;2,600;69,961;0,000;0;0;0;6,984;0,500;66,731;0,000;66,417;0,000;25,558;0,100;66,731;0,000;25,558;0,100;66,731;0,000;66,731;0,000;2,892;0,700
3726401001;30,984;0,000;26,947;0,100;14,209;0,600;5,751;1,124;33,707;0,000;17,346;0,130;93,801;0,000;94,160;0,000;33,707;0,000;94,979;0,000;0;0;0;30,794;0,000;91,458;0,000;91,458;0,000;91,458;0,000;91,458;0,000;91,458;0,000;91,458;0,000;91,458;0,000;30,794;0,000
3726501001;11,534;0,700;35,777;0,000;14,216;0,700;8,459;3,466;13,567;0,300;13,309;0,832;46,080;0,000;35,184;0,000;10,187;1,700;14,216;1,200;0;0;0;43,144;0,000;39,841;0,000;44,023;0,000;44,023;0,000;39,841;0,000;28,677;0,100;43,144;0,000;44,023;0,000;6,849;0,600
3726601001;28,806;0,100;33,628;0,000;5,062;0,500;6,791;1,180;30,669;0,000;6,791;0,520;90,860;0,000;91,040;0,000;38,463;0,000;91,738;0,000;0;0;0;38,530;0,000;88,477;0,000;88,477;0,000;88,477;0,000;88,477;0,000;88,477;0,000;88,477;0,000;88,477;0,000;38,530;0,000
3726701001;23,189;0,300;18,497;0,100;16,190;0,500;7,854;2,216;14,320;0,400;16,190;0,520;64,050;0,000;64,570;0,000;14,320;0,300;65,498;0,000;0;0;0;24,105;0,100;61,769;0,000;61,769;0,000;61,769;0,000;61,769;0,000;61,769;0,000;61,769;0,000;61,769;0,000;24,105;0,100
3726801001;7,164;0,600;34,410;0,000;7,164;1,100;7,164;2,192;32,039;0,000;10,993;0,728;48,238;0,000;34,826;0,000;29,298;0,200;50,838;0,000;0;0;0;17,982;0,100;46,795;0,000;46,795;0,000;46,795;0,000;46,795;0,000;46,795;0,000;46,795;0,000;46,795;0,000;10,993;0,300
3726901001;25,526;0,100;32,603;0,000;0,000;1,400;0,000;2,102;36,838;0,000;25,012;0,260;101,526;0,000;71,286;0,000;36,838;0,000;103,848;0,000;0;0;0;26,548;0,100;99,741;0,000;99,741;0,000;90,882;0,000;99,741;0,000;90,882;0,000;99,741;0,000;99,741;0,000;8,144;0,500
3727001001;24,342;0,900;17,274;0,200;5,337;1,200;5,337;4,794;28,181;0,200;20,899;0,950;27,736;0,156;28,430;0,130;23,996;8,400;29,478;0,100;0;0;0;25,551;0,900;25,551;0,500;25,551;0,500;25,551;0,200;25,551;0,500;25,551;0,400;25,551;0,500;25,551;0,300;25,551;0,500
3727101001;19,335;0,900;10,194;0,400;14,813;1,600;9,765;7,098;20,751;0,300;18,589;1,726;21,725;0,156;21,746;0,260;17,226;11,500;22,387;0,300;0;0;0;19,335;1,200;19,335;0,500;19,335;0,600;19,335;0,300;19,335;0,600;19,335;0,700;19,335;0,700;19,335;0,400;19,335;1,000
3727201001;9,788;0,300;8,647;0,300;8,647;0,500;9,832;1,866;17,700;0,100;9,832;0,520;86,774;0,000;78,614;0,000;17,700;0,100;88,507;0,000;0;0;0;9,832;0,300;84,600;0,000;84,600;0,000;84,600;0,000;84,600;0,000;84,600;0,000;84,600;0,000;84,600;0,000;9,832;0,400
3727301001;8,892;0,400;32,132;0,000;8,892;0,900;8,892;1,748;29,799;0,100;13,420;0,676;41,161;0,000;42,166;0,000;29,799;0,100;43,361;0,000;0;0;0;29,872;0,100;39,265;0,000;39,265;0,000;39,265;0,000;39,265;0,000;39,265;0,000;39,265;0,000;39,265;0,000;21,637;0,100
3727401001;0,402;6,100;0,892;1,300;0,397;8,400;0,317;35,216;0,885;2,300;0,680;10,546;2,552;0,936;0,931;2,080;0,218;83,700;0,680;3,100;0;0;0;0,000;8,800;0,000;4,200;0,000;4,400;1,549;1,800;0,000;4,400;0,000;5,000;0,000;5,000;0,000;2,800;0,320;5,500
3727401002;0,692;6,500;1,181;0,900;0,246;8,700;0,000;35,256;0,760;2,300;0,405;10,146;2,785;0,936;1,169;1,560;0,000;85,800;0,405;3,100;6;0;6;0,317;9,200;0,317;4,600;0,317;4,800;1,481;1,800;0,317;4,800;0,317;5,400;0,317;5,400;0,317;3,200;0,507;5,900
3727401003;0,728;6,100;1,183;0,900;0,212;8,700;0,134;35,646;0,626;2,300;0,471;10,146;2,901;0,936;1,280;1,560;0,000;85,800;0,471;3,100;12;0;12;0,324;9,200;0,381;4,600;0,381;4,800;1,356;1,800;0,381;4,800;0,381;5,400;0,381;5,400;0,381;3,200;0,623;5,900
3727401004;0,505;6,100;0,860;1,300;0,523;8,700;0,168;35,126;0,673;2,300;0,744;10,936;2,750;0,936;1,139;1,560;0,168;82,900;0,755;3,100;0;0;0;0,000;9,200;0,232;4,600;0,232;4,800;1,317;1,800;0,232;4,800;0,232;5,400;0,232;5,400;0,232;3,200;0,552;5,900
3727401005;0,451;6,100;0,623;1,300;0,495;8,400;0,362;35,566;0,861;2,700;0,496;11,456;2,580;0,936;1,001;1,560;0,295;80,500;0,954;3,100;0;0;0;0,249;8,800;0,294;4,200;0,294;4,400;1,424;1,800;0,294;4,400;0,294;5,000;0,294;5,000;0,294;2,800;0,536;5,500
3727401006;0,000;6,100;0,304;1,300;0,661;7,600;0,000;33,154;1,153;1,900;0,000;9,756;2,234;0,936;0,822;2,080;0,000;74,200;1,373;2,700;24;0;24;0,661;8,800;0,661;4,200;0,661;4,400;1,767;1,800;0,661;4,400;0,700;5,000;0,700;5,000;0,700;2,800;0,746;5,500
3727401007;0,000;6,100;0,772;1,300;0,655;8,400;0,487;34,748;1,261;1,900;0,487;10,546;2,162;0,936;0,556;2,080;0,000;77,300;0,972;3,100;11;0;11;0,274;8,800;0,274;4,200;0,402;4,400;1,816;1,800;0,402;4,400;0,274;5,000;0,274;5,000;0,402;2,800;0,274;5,500
3727401008;0,201;6,100;0,655;1,300;0,272;9,100;0,201;34,886;0,666;2,700;0,663;10,276;2,846;0,936;1,289;1,560;0,000;80,700;1,082;2,700;20;0;20;0,272;8,800;0,272;4,200;0,272;4,400;1,142;1,800;0,272;4,400;0,523;5,000;0,523;5,000;0,523;2,800;0,815;5,500
3727401009;0,274;5,700;1,011;0,900;0,403;8,000;0,507;34,736;1,195;1,900;0,717;10,546;2,279;0,936;0,662;2,080;0,203;80,100;0,717;3,100;0;0;0;0,000;8,400;0,000;3,800;0,320;4,000;1,549;1,800;0,320;4,000;0,000;5,000;0,000;5,000;0,320;2,800;0,000;5,500
3727401010;0,429;6,500;1,071;0,900;0,230;8,400;0,305;35,616;1,022;1,900;0,546;10,546;2,480;0,936;0,865;2,080;0,000;82,500;0,546;3,100;38;0;38;0,203;8,800;0,203;4,200;0,218;4,400;1,483;1,800;0,218;4,400;0,203;5,000;0,203;5,000;0,218;2,800;0,203;5,500
3727401011;0,407;6,500;0,915;1,300;0,496;9,100;0,000;36,086;0,511;2,700;0,810;11,456;2,912;0,936;1,304;1,560;0,000;84,900;0,810;3,100;2;0;2;0,168;9,200;0,397;4,600;0,397;4,800;1,152;1,800;0,397;4,800;0,397;5,400;0,397;5,400;0,397;3,200;0,717;5,900
3727401012;0,274;6,100;0,743;1,300;0,385;9,100;0,182;35,726;0,609;2,700;0,712;11,066;2,851;0,936;1,269;1,560;0,114;82,200;0,970;3,100;0;0;0;0,233;9,200;0,385;4,600;0,385;4,800;1,155;1,800;0,385;4,800;0,441;5,400;0,441;5,400;0,441;3,200;0,749;5,900
3727402001;0,655;6,100;1,285;0,900;0,000;8,300;0,246;35,256;1,002;1,900;0,318;10,146;2,629;0,936;1,039;1,560;0,000;85,000;0,318;3,100;29;0;29;0,397;8,800;0,397;4,200;0,397;4,400;1,292;1,800;0,397;4,400;0,397;5,400;0,397;5,400;0,397;3,200;0,403;5,900
3727402002;0,473;6,100;1,219;0,900;0,320;8,000;0,404;34,776;1,263;1,900;0,595;10,546;2,310;0,936;0,733;2,080;0,000;81,300;0,595;3,100;6;0;6;0,208;8,100;0,208;3,800;0,455;4,000;1,343;1,800;0,455;4,000;0,208;5,000;0,208;5,000;0,455;2,800;0,208;5,200
3727402003;0,397;5,700;1,167;0,900;0,565;7,600;0,430;33,644;1,452;1,900;0,842;10,546;2,064;0,936;0,488;2,080;0,000;78,000;0,842;3,100;16;0;16;0,263;8,100;0,263;3,800;0,583;4,000;1,480;1,800;0,583;4,000;0,263;5,000;0,263;5,000;0,583;2,800;0,263;5,200
3727402004;0,648;5,700;1,583;0,900;0,612;7,600;0,000;32,736;1,613;1,900;0,741;10,146;2,200;0,936;0,814;2,080;0,000;78,100;0,741;3,100;12;0;12;0,591;7,700;0,591;3,800;0,858;4,000;1,070;1,800;0,858;4,000;0,591;5,000;0,591;5,000;0,858;2,800;0,591;5,200
3727402005;0,347;5,300;1,806;0,900;0,648;7,600;0,306;33,204;1,614;1,900;0,633;10,146;2,465;0,936;1,119;1,560;0,000;78,500;0,633;3,200;7;0;7;0,777;8,100;0,795;3,800;0,777;4,400;0,777;2,200;0,993;4,000;0,777;5,400;0,795;5,000;0,777;3,200;0,777;5,600
3727402006;0,487;5,300;1,914;0,900;0,839;7,600;0,333;32,256;1,822;1,900;0,851;10,146;2,327;0,936;1,104;1,560;0,000;76,500;0,851;3,200;3;0;3;0,783;7,700;0,913;3,400;0,783;4,000;0,783;2,200;1,152;3,600;0,783;5,000;0,913;4,600;0,783;2,800;0,783;5,600
3727402007;0,155;5,300;1,897;0,900;0,657;8,400;0,155;34,296;1,552;1,900;0,543;10,666;2,668;0,936;1,298;1,560;0,155;82,100;0,543;3,600;0;0;0;0,653;7,700;0,898;3,400;0,653;4,000;0,653;2,200;1,040;3,600;0,653;5,000;0,898;4,600;0,653;2,800;0,653;5,600
3727402008;0,259;5,300;2,122;0,900;0,418;8,700;0,108;34,796;1,518;1,900;0,542;10,666;3,054;0,936;1,296;1,560;0,000;84,500;0,418;3,600;10;0;10;0,550;7,700;1,175;3,000;0,550;4,000;0,550;2,200;0,806;4,000;0,550;5,000;0,806;4,600;0,550;2,800;0,550;5,600
3727402009;0,421;6,100;1,653;0,900;0,369;8,700;0,197;36,280;1,203;1,900;0,197;10,146;2,772;0,936;1,265;1,560;0,159;86,500;0,197;3,500;0;0;0;0,716;8,900;0,716;3,800;0,765;4,400;0,937;2,200;0,765;4,400;0,716;5,800;0,716;5,400;0,765;3,200;0,716;6,000
3727402010;0,445;5,700;1,586;0,900;0,335;8,400;0,316;35,400;1,277;1,900;0,316;10,146;2,613;0,936;1,117;1,560;0,000;84,900;0,316;3,500;8;0;8;0,608;8,500;0,608;3,800;0,718;4,400;0,967;2,200;0,718;4,000;0,608;5,400;0,608;5,000;0,718;3,200;0,608;5,600
3727402011;0,000;5,300;2,031;0,900;0,675;8,300;0,000;34,328;1,600;1,900;0,596;10,666;2,803;0,936;1,369;1,560;0,000;81,300;0,596;3,600;10;0;10;0,524;7,300;1,041;3,000;0,524;4,000;0,524;2,200;1,043;3,600;0,524;4,600;1,041;4,200;0,524;2,800;0,524;5,200
3727402012;0,335;5,700;1,853;0,900;0,570;8,700;0,304;35,800;1,277;1,900;0,304;10,666;2,944;0,936;1,469;1,560;0,000;86,100;0,304;3,600;1;0;1;0,783;8,500;0,931;3,800;0,797;4,400;0,797;2,200;0,783;4,400;0,783;5,800;0,783;5,400;0,797;3,200;0,783;6,000
3727402013;0,300;5,300;1,741;0,900;0,469;8,700;0,300;35,320;1,337;1,900;0,329;10,666;2,725;0,936;1,265;1,560;0,162;84,100;0,329;3,500;0;0;0;0,771;8,500;0,771;3,800;0,824;4,400;0,824;2,200;0,863;4,400;0,771;5,800;0,771;5,400;0,824;3,200;0,771;6,000
3727402014;0,606;6,100;1,433;0,900;0,166;8,000;0,267;35,256;1,133;1,900;0,267;10,146;2,617;0,936;1,067;1,560;0,000;84,900;0,267;3,100;7;0;7;0,488;8,100;0,488;3,800;0,555;4,000;1,130;1,800;0,555;4,000;0,488;5,000;0,488;5,000;0,555;2,800;0,488;5,200
3727402015;0,212;5,300;2,177;0,900;0,481;8,300;0,000;34,316;1,618;1,900;0,533;10,666;3,012;0,936;1,226;1,560;0,000;81,700;0,481;3,600;3;0;3;0,448;7,700;1,210;3,000;0,448;4,000;0,448;2,200;0,905;4,000;0,448;5,000;0,905;4,600;0,448;2,800;0,448;5,600
3727402016;0,524;5,300;2,549;0,900;0,759;7,600;0,448;32,488;2,066;1,900;0,563;10,890;3,044;0,936;0,869;2,080;0,000;76,100;0,759;3,200;2;0;2;0,000;7,300;1,549;3,000;0,000;4,000;0,000;2,200;1,264;3,600;0,000;4,600;1,264;4,200;0,000;2,800;0,000;5,200
3727402017;0,189;5,300;1,902;0,900;0,621;8,700;0,189;35,320;1,411;1,900;0,412;10,666;2,852;0,936;1,424;1,560;0,000;85,300;0,412;3,600;6;0;6;0,686;8,100;0,940;3,400;0,686;4,000;0,686;2,200;0,910;4,000;0,686;5,400;0,910;5,000;0,686;2,800;0,686;6,000
3727402018;1,197;4,900;3,024;0,900;1,079;7,000;1,197;30,972;1,425;1,900;1,035;9,746;2,838;0,936;1,035;1,560;0,000;70,000;1,570;2,800;11;0;11;0,813;7,300;2,025;3,000;0,813;4,000;0,813;2,200;2,077;3,600;0,813;4,600;1,079;4,200;0,813;2,800;0,813;5,200
3727402019;1,369;4,700;3,398;0,900;1,231;7,600;1,226;30,924;2,293;1,900;0,000;11,046;3,779;0,936;0,000;2,080;0,000;69,600;1,231;2,800;2;0;2;0,869;7,000;2,347;2,700;0,869;3,700;0,869;1,900;1,705;3,300;0,869;4,300;1,705;3,900;0,869;2,500;0,869;5,200
3727402020;0,572;5,300;2,137;0,900;1,062;7,200;0,554;31,776;2,028;1,900;1,043;9,746;2,356;0,936;1,273;1,560;0,000;75,700;1,043;2,800;9;0;9;0,690;7,300;1,141;3,000;0,690;4,000;0,690;2,200;1,383;3,600;0,690;4,600;1,141;4,200;0,690;2,800;0,690;5,200
3727403001;0,877;5,300;1,887;0,900;1,051;7,000;0,439;31,932;2,051;1,900;0,918;10,266;1,945;0,936;0,900;2,080;0,000;74,300;1,156;2,800;12;0;12;0,969;7,300;0,969;3,400;1,117;3,600;1,117;1,800;1,267;3,600;0,969;4,600;0,969;4,600;1,117;2,400;0,969;5,200
3727403002;0,556;6,100;1,118;0,900;0,611;7,600;0,721;33,656;1,811;1,900;0,822;10,666;1,622;0,936;0,000;2,080;0,000;74,900;1,329;2,700;32;0;32;0,662;7,700;0,662;3,800;0,931;4,000;1,878;1,800;0,931;4,000;0,662;5,000;0,662;5,000;0,931;2,800;0,662;5,200
3727403003;0,000;5,300;1,752;0,900;0,187;7,400;0,000;33,332;2,521;1,900;0,306;10,666;0,902;1,560;0,754;2,080;0,000;73,700;1,982;2,700;14;0;14;1,392;6,900;1,392;3,000;1,681;3,600;2,228;1,800;1,681;3,600;1,392;4,200;1,392;4,200;1,681;2,400;1,392;4,800
3727403004;0,304;6,100;0,000;1,300;0,529;7,600;0,304;32,794;0,942;2,300;0,304;10,276;2,443;0,936;1,118;1,560;0,000;72,000;1,570;2,700;29;0;29;0,529;8,400;0,529;3,800;0,529;4,400;1,635;1,800;0,529;4,400;0,892;4,600;0,892;4,600;0,892;2,800;1,011;5,100
3727403005;0,493;5,300;2,244;0,900;0,678;7,200;0,400;31,580;2,189;1,900;0,400;10,666;0,708;1,560;1,212;1,560;0,000;71,200;2,319;2,700;8;0;8;1,703;6,900;1,807;3,000;1,703;3,600;2,354;1,800;2,113;3,600;1,807;4,200;1,807;4,200;2,113;2,400;1,807;4,800
3727403006;0,902;5,300;2,443;0,900;1,012;6,800;0,806;32,260;2,745;1,900;0,000;10,146;0,000;1,560;1,622;1,560;0,000;71,200;2,884;2,700;16;0;16;1,695;6,900;2,279;3,000;1,695;3,600;2,391;1,800;2,391;3,600;2,279;4,200;2,279;4,200;2,391;2,400;2,279;4,800
3727403007;0,962;5,300;2,050;0,900;0,959;7,200;0,271;31,900;2,990;1,900;0,605;9,756;0,605;1,560;1,481;1,560;0,000;71,300;2,809;2,500;9;0;9;1,861;6,900;1,861;3,000;1,861;3,600;1,861;1,800;1,861;3,600;1,861;4,200;1,861;4,200;1,861;2,400;1,861;4,800
3727403008;0,306;5,300;1,937;0,900;0,455;7,400;0,000;32,372;2,221;1,900;0,000;10,266;1,028;0,936;0,852;2,080;0,000;72,600;1,920;2,700;22;0;22;1,415;6,900;1,415;3,000;1,725;3,600;2,021;1,800;1,725;3,600;1,415;4,200;1,415;4,200;1,725;2,400;1,415;4,800
3727403009;0,909;5,300;0,818;1,300;0,793;7,400;0,786;31,866;1,626;1,900;0,909;9,366;2,064;0,936;1,344;1,560;0,000;70,100;2,276;2,500;17;0;17;1,329;7,200;1,329;3,000;1,329;3,600;1,917;1,800;1,329;3,600;1,604;4,200;1,604;4,200;1,609;2,400;1,604;5,100
3727403010;1,508;4,900;1,462;0,900;0,000;7,400;0,000;31,266;1,995;1,900;1,643;9,356;2,573;0,936;2,134;1,560;0,000;68,700;3,014;2,300;7;0;7;1,508;7,200;1,508;3,000;1,508;3,600;1,508;1,800;1,508;3,600;1,508;4,200;1,508;4,200;1,508;2,400;1,508;5,100
3727403011;1,049;4,900;1,718;0,900;0,861;7,200;0,861;30,256;2,516;1,900;1,754;8,966;1,815;0,936;1,894;1,560;0,000;68,900;3,061;2,300;11;0;11;1,049;6,900;1,049;3,000;1,049;3,600;1,049;1,800;1,049;3,600;1,049;4,200;1,049;4,200;1,049;2,400;1,049;4,800
3727403012;0,187;5,300;1,568;0,900;0,000;7,400;0,187;33,332;2,419;1,900;0,455;10,266;1,012;0,936;0,611;2,080;0,000;73,100;1,893;2,700;2;0;2;1,267;6,900;1,267;3,000;1,542;3,600;2,231;1,800;1,542;3,600;1,267;4,200;1,267;4,200;1,542;2,400;1,267;4,800
3727403013;2,202;4,300;3,937;0,900;2,505;4,900;0,000;24,608;4,219;1,300;4,143;6,528;4,535;0,936;4,602;1,170;0,000;48,500;5,505;1,600;9;0;9;2,202;5,400;2,202;2,700;2,202;2,700;2,202;1,500;2,202;3,000;2,202;3,000;2,202;3,300;2,202;1,800;2,202;3,800
3727403014;0,672;5,300;1,490;0,900;0,560;7,200;0,000;32,752;2,431;1,900;0,973;10,666;0,973;1,560;0,935;2,080;0,000;72,500;2,258;2,700;24;0;24;1,562;6,900;1,562;3,000;1,771;3,600;2,080;1,800;1,771;3,600;1,562;4,200;1,562;4,200;1,771;2,400;1,562;4,800
3727403015;0,424;5,300;1,343;0,900;0,237;7,400;0,424;32,864;2,251;1,900;0,679;10,266;1,163;0,936;0,499;2,080;0,000;73,200;1,826;2,700;2;0;2;1,155;6,900;1,155;3,000;1,403;3,600;2,282;1,800;1,403;3,600;1,155;4,200;1,155;4,200;1,403;2,400;1,155;4,800
3727403016;0,878;5,300;1,780;0,900;0,824;7,200;0,000;31,912;2,720;1,900;0,806;9,756;0,806;1,560;1,276;1,560;0,000;71,400;2,603;2,500;9;0;9;1,849;6,900;1,849;3,000;1,849;3,600;1,849;1,800;1,849;3,600;1,849;4,200;1,849;4,200;1,849;2,400;1,849;4,800
3727403017;0,000;5,300;2,735;0,900;1,508;5,900;1,508;28,704;3,453;1,600;2,391;7,418;2,391;0,936;2,910;1,170;0,000;64,500;4,108;2,300;8;0;8;0,000;7,000;0,000;3,400;0,000;4,000;0,000;2,200;0,000;4,000;0,000;4,300;0,000;4,300;0,000;2,800;0,000;5,100
3727403018;0,788;5,300;2,078;0,900;0,729;6,900;0,729;30,126;2,710;1,600;2,196;8,498;2,453;0,936;2,493;1,170;0,000;68,300;3,558;2,300;8;0;8;0,788;7,000;0,788;3,400;0,788;4,000;0,788;2,200;0,788;4,000;0,788;4,300;0,788;4,300;0,788;2,800;0,788;5,200
3727403019;0,871;5,700;1,051;0,900;0,694;7,200;0,000;32,392;1,992;1,900;0,886;9,756;1,401;0,936;0,721;2,080;0,000;71,500;1,963;2,700;15;0;15;1,248;6,900;1,248;3,000;1,408;3,600;2,192;1,800;1,408;3,600;1,248;4,200;1,248;4,200;1,408;2,400;1,248;4,800
3727403020;1,799;4,900;3,352;0,900;2,307;6,200;0,000;29,062;3,989;1,900;1,431;7,418;1,431;0,936;2,864;1,170;0,000;63,200;4,188;2,300;8;0;8;1,799;6,600;1,799;3,000;1,799;3,600;1,799;1,800;1,799;3,300;1,799;3,900;1,799;3,900;1,799;2,400;1,799;4,400
3727404001;0,454;6,500;1,032;0,900;0,425;9,100;0,129;36,086;0,395;2,700;0,787;11,456;3,029;0,936;1,416;1,560;0,114;84,500;0,787;3,100;0;0;0;0,279;9,200;0,492;4,600;0,492;4,800;1,074;1,800;0,492;4,800;0,492;5,400;0,492;5,400;0,492;3,200;0,661;5,900
3727404002;0,252;5,700;0,979;1,300;0,470;8,700;0,252;35,366;0,355;2,700;0,604;9,876;3,211;0,936;1,634;1,560;0,165;81,100;1,134;2,700;0;0;0;0,470;9,200;0,470;4,200;0,470;4,800;0,790;2,200;0,470;5,200;0,771;5,000;0,771;5,400;0,771;3,200;0,790;5,900
3727404003;0,170;6,500;0,868;1,300;0,383;9,100;0,170;34,886;0,445;2,700;0,639;10,276;3,079;0,936;1,505;1,560;0,203;81,100;1,085;2,700;0;0;0;0,383;9,600;0,383;4,600;0,383;4,800;0,919;2,200;0,383;5,200;0,659;5,400;0,659;5,800;0,659;3,200;0,863;6,300
3727404004;0,000;6,500;0,729;1,300;0,219;8,700;0,000;34,886;0,529;2,700;0,529;10,276;3,022;0,936;1,483;1,560;0,201;79,900;1,217;2,700;0;0;0;0,219;8,800;0,219;3,800;0,219;4,400;0,964;2,200;0,219;4,800;0,713;4,600;0,713;5,000;0,713;2,800;0,964;5,500
3727404005;0,257;6,100;0,757;1,300;0,262;8,300;0,257;34,886;0,279;2,700;0,279;10,076;3,155;0,936;1,668;1,560;0,000;77,800;1,470;2,700;23;0;23;0,262;8,800;0,262;3,800;0,262;4,400;0,879;2,200;0,262;4,800;0,961;4,600;0,879;5,000;0,961;2,800;0,879;5,500
3727404006;0,219;6,100;0,529;1,300;0,000;8,000;0,219;34,886;0,521;2,700;0,521;10,276;2,895;0,936;1,410;1,560;0,000;77,900;1,353;2,700;5;0;5;0,000;8,400;0,000;3,800;0,000;4,400;1,117;1,800;0,000;4,400;0,769;4,600;0,769;4,600;0,769;2,800;1,031;5,100
3727404008;0,529;5,700;0,942;1,300;0,457;8,300;0,000;34,262;0,000;2,700;0,000;9,676;3,377;0,936;1,929;1,560;0,000;75,900;1,723;2,700;10;0;10;0,521;8,000;0,521;3,400;0,521;4,000;0,779;2,200;0,521;4,400;1,240;4,200;0,779;4,600;1,240;2,400;0,779;5,500
3727404009;0,447;5,300;1,477;0,900;0,579;7,900;0,280;31,994;0,559;2,000;0,559;10,196;3,920;0,936;2,488;1,560;0,249;72,400;2,162;2,700;0;0;0;0,674;7,300;1,078;3,000;1,078;3,300;0,674;2,200;0,674;4,000;1,629;4,200;0,674;4,600;1,629;2,400;0,674;5,500
3727404010;0,206;5,300;1,619;0,900;0,479;7,900;0,000;32,474;0,678;2,000;0,678;10,196;4,049;0,936;2,559;1,560;0,000;72,800;2,081;2,700;3;0;3;0,436;7,300;1,161;3,000;1,161;3,300;0,436;2,200;0,436;4,000;1,465;4,200;0,436;4,600;1,465;2,400;0,436;5,500
3727404011;0,339;5,700;1,295;0,900;0,000;8,300;0,385;33,794;0,457;2,700;0,457;10,196;3,667;0,936;2,129;1,560;0,000;77,100;1,607;2,700;5;0;5;0,342;7,700;0,782;3,400;0,782;3,700;0,342;2,200;0,342;4,400;1,053;4,200;0,342;4,600;1,053;2,400;0,342;5,500
3727404012;0,680;5,800;1,842;0,900;0,673;8,400;0,000;32,114;0,637;2,300;0,727;9,832;4,056;0,936;2,448;1,560;0,000;76,300;1,538;2,700;13;0;13;0,449;7,700;0,748;3,400;0,748;3,700;0,449;2,200;0,449;4,400;0,748;4,600;0,449;5,000;0,748;2,800;0,449;5,900
3727404013;0,000;5,700;1,589;0,900;0,339;7,900;0,206;33,314;0,672;2,700;0,623;10,196;3,991;0,936;2,466;1,560;0,000;73,900;1,904;2,700;2;0;2;0,232;7,300;1,097;3,000;1,097;3,300;0,232;2,200;0,232;4,000;1,265;4,200;0,232;4,600;1,265;2,400;0,232;5,500
3727404014;0,395;5,700;1,194;0,900;0,164;8,300;0,304;34,742;0,304;2,700;0,304;9,676;3,600;0,936;2,093;1,560;0,000;76,600;1,680;2,700;3;0;3;0,476;8,000;0,705;3,400;0,705;4,000;0,476;2,200;0,476;4,400;1,185;4,200;0,476;4,600;1,185;2,400;0,476;5,500
3727404016;0,370;6,100;1,062;0,900;0,586;9,100;0,297;35,366;0,253;2,700;0,769;10,276;3,197;0,936;1,597;1,560;0,000;82,300;0,981;3,100;5;0;5;0,464;9,200;0,586;4,200;0,586;4,800;0,859;2,200;0,586;5,200;0,662;5,000;0,662;5,400;0,662;3,200;0,662;5,900
3727404017;0,748;5,700;0,520;1,300;0,550;7,600;0,000;32,982;0,615;2,300;0,615;10,276;2,909;0,936;1,638;1,560;0,000;71,700;1,884;2,700;22;0;22;0,550;7,600;0,550;3,400;0,550;4,000;1,393;1,800;0,550;4,000;1,250;4,200;1,250;4,200;1,250;2,400;1,393;5,100
3727404018;0,305;5,700;1,009;0,900;0,358;8,700;0,305;35,846;0,443;2,700;0,443;9,676;3,326;0,936;1,773;1,560;0,000;79,400;1,319;2,700;9;0;9;0,481;9,200;0,481;4,200;0,481;4,800;0,660;2,200;0,481;5,200;0,924;5,000;0,660;5,400;0,924;3,200;0,660;5,900
3727404019;0,232;5,800;1,635;0,900;0,342;8,000;0,305;33,314;0,739;2,700;0,591;10,352;3,986;0,936;2,424;1,560;0,000;75,100;1,747;2,700;9;0;9;0,000;7,300;1,060;3,000;1,060;3,300;0,000;2,200;0,000;4,000;1,060;4,200;0,000;4,600;1,060;2,400;0,000;5,500
3727404020;0,536;6,100;1,144;0,900;0,364;9,100;0,178;35,726;0,319;2,700;0,759;11,056;3,121;0,936;1,503;1,560;0,000;84,600;0,759;3,100;1;0;1;0,377;9,200;0,548;4,600;0,548;4,800;1,036;1,800;0,548;4,800;0,548;5,400;0,548;5,400;0,548;3,200;0,548;5,900
3727404021;0,247;5,400;1,835;0,900;0,565;8,400;0,000;32,114;0,917;2,000;0,380;10,352;4,231;0,936;2,692;1,560;0,000;72,500;2,051;2,700;4;0;4;0,305;7,300;1,339;3,000;1,339;3,300;0,305;2,200;0,305;4,000;1,348;4,200;0,305;4,600;1,348;2,400;0,305;5,500
3727404022;0,623;5,400;2,204;0,900;0,637;8,100;0,380;30,854;1,275;1,600;0,000;9,832;4,576;0,936;3,013;1,560;0,000;69,900;2,248;2,700;9;0;9;0,591;7,000;1,475;3,000;1,475;3,300;0,591;2,200;0,591;4,000;1,475;3,900;0,591;4,300;1,475;2,400;0,591;5,500
3727404023;1,158;4,700;2,622;0,900;0,000;8,000;0,820;30,374;1,455;1,600;0,637;9,832;4,876;0,936;3,266;1,560;0,000;68,400;2,269;2,700;6;0;6;1,016;6,600;1,448;2,700;1,448;3,000;1,016;1,500;1,016;3,300;1,448;3,900;1,016;3,900;1,448;2,100;1,016;4,800
3727404024;2,156;4,900;2,074;0,900;1,543;6,700;1,543;29,814;1,836;1,600;1,836;8,688;4,028;0,936;3,143;1,170;0,000;66,400;3,477;2,300;10;0;10;2,124;6,600;2,124;3,000;2,124;3,300;2,379;1,800;2,124;3,600;2,855;3,900;2,379;3,900;2,855;2,400;2,379;5,100
3727404025;0,674;5,300;1,344;0,900;0,718;7,900;0,514;31,954;0,514;2,000;0,514;9,676;3,778;0,936;2,405;1,560;0,000;71,600;2,220;2,700;5;0;5;0,889;7,300;1,017;3,000;1,017;3,300;0,889;2,200;0,889;4,000;1,754;4,200;0,889;4,600;1,754;2,400;0,889;5,500
3727405001;0,610;6,100;1,238;0,900;0,188;8,700;0,000;35,166;0,448;2,300;0,584;10,536;3,077;0,936;1,455;1,560;0,000;85,800;0,584;3,100;10;0;10;0,400;9,600;0,506;4,600;0,506;4,800;1,185;1,800;0,506;5,200;0,506;5,800;0,506;5,800;0,506;3,200;0,506;6,300
3727405002;0,460;5,700;1,385;0,900;0,263;9,100;0,194;35,646;0,345;2,300;0,674;10,536;3,270;0,936;1,649;1,560;0,000;86,200;0,674;3,100;10;0;10;0,319;9,600;0,319;4,600;0,319;4,800;1,074;1,800;0,319;5,200;0,319;5,800;0,319;5,800;0,319;3,200;0,319;6,300
3727405003;0,564;5,700;1,218;0,900;0,415;9,100;0,249;35,726;0,207;2,700;0,827;11,056;3,237;0,936;1,620;1,560;0,000;84,200;0,827;3,100;2;0;2;0,476;9,600;0,476;4,600;0,476;4,800;0,937;2,200;0,476;5,200;0,476;5,400;0,476;5,800;0,476;3,200;0,476;6,300
3727405004;0,536;5,700;1,408;0,900;0,487;9,100;0,379;35,646;0,156;2,300;0,898;10,536;3,430;0,936;1,810;1,560;0,000;84,200;0,898;3,100;8;0;8;0,320;9,200;0,320;4,200;0,320;4,800;0,853;2,200;0,320;5,200;0,320;5,000;0,320;5,400;0,320;3,200;0,320;5,900
3727405005;0,602;6,100;1,312;0,900;0,593;8,700;0,259;34,526;0,000;2,700;0,891;9,676;3,423;0,936;1,811;1,560;0,000;81,800;1,010;2,700;5;0;5;0,471;9,200;0,471;4,200;0,471;4,800;0,739;2,200;0,471;5,200;0,471;5,000;0,471;5,400;0,471;3,200;0,471;5,900
3727405006;0,438;6,100;1,166;0,900;0,390;8,700;0,182;35,846;0,269;2,700;0,625;9,676;3,413;0,936;1,830;1,560;0,000;80,200;1,218;2,700;1;0;1;0,603;9,200;0,643;4,200;0,643;4,800;0,603;2,200;0,603;5,200;0,738;5,000;0,603;5,400;0,738;3,200;0,603;5,900
3727405007;0,619;6,100;1,347;0,900;0,385;8,700;0,000;35,366;0,259;2,700;0,737;9,676;3,581;0,936;1,987;1,560;0,000;79,800;1,268;2,700;2;0;2;0,486;8,800;0,669;3,800;0,669;4,400;0,486;2,200;0,486;4,800;0,669;4,600;0,486;5,000;0,669;2,800;0,486;5,900
3727405008;1,203;4,700;2,747;0,900;0,668;8,400;0,668;31,458;1,440;1,900;0,668;9,832;4,756;0,936;2,849;1,560;0,000;68,400;1,801;2,700;15;0;15;1,193;6,600;1,193;2,700;1,193;3,000;1,383;1,500;1,193;3,300;1,193;3,900;1,193;3,900;1,193;2,100;1,193;4,800
3727405009;0,252;5,400;1,859;0,900;0,665;8,400;0,252;36,750;0,596;2,300;0,833;11,412;3,742;0,936;2,125;1,560;0,000;84,000;0,961;3,100;9;0;9;0,183;8,000;0,183;3,400;0,183;4,000;1,069;1,800;0,183;4,400;0,183;5,000;0,183;5,000;0,183;2,800;0,183;5,900
3727405010;0,437;5,400;2,279;0,900;0,494;8,800;0,268;34,050;1,087;1,900;0,460;10,822;3,924;0,936;1,960;1,560;0,000;79,900;0,812;3,100;8;0;8;0,301;8,000;0,620;3,400;0,620;4,000;1,548;1,800;0,301;4,400;0,301;5,000;0,301;5,000;0,620;2,800;0,301;5,900
3727405011;0,708;5,500;2,404;0,900;0,351;8,400;0,252;35,540;1,392;1,900;0,445;11,742;3,734;0,936;1,475;1,560;0,000;81,600;0,351;3,600;4;0;4;0,241;7,700;0,936;3,100;0,936;3,700;1,108;1,500;0,241;4,100;0,241;4,700;0,241;4,700;0,936;2,500;0,241;5,600
3727405012;0,000;5,400;1,842;0,900;0,521;9,200;0,000;37,374;0,691;2,300;0,739;11,612;3,578;0,936;1,974;1,560;0,000;85,800;0,739;3,500;7;0;7;0,229;8,000;0,229;3,400;0,229;4,000;1,280;1,800;0,229;4,400;0,229;5,000;0,229;5,000;0,229;2,800;0,229;5,900
3727405013;0,527;5,100;2,341;0,900;0,591;8,800;0,254;34,530;1,213;1,900;0,361;11,742;3,866;0,936;1,765;1,560;0,000;81,200;0,633;3,600;8;0;8;0,164;7,700;0,742;3,100;0,742;3,700;1,391;1,500;0,164;4,100;0,164;4,700;0,164;4,700;0,742;2,500;0,164;5,600
3727405014;0,704;5,100;2,546;0,900;0,302;8,400;0,000;33,582;1,334;1,900;0,265;10,822;4,158;0,936;1,924;1,560;0,265;76,700;0,893;3,200;0;0;0;0,461;7,700;0,876;3,100;0,876;3,700;1,650;1,500;0,461;4,100;0,461;4,700;0,461;4,700;0,876;2,500;0,461;5,600
3727405015;0,325;5,400;2,141;0,900;0,681;8,800;0,219;35,154;1,015;1,900;0,561;11,222;3,731;0,936;1,879;1,560;0,000;83,100;0,681;3,500;4;0;4;0,175;8,000;0,545;3,400;0,545;4,000;1,414;1,800;0,175;4,400;0,175;5,000;0,175;5,000;0,545;2,800;0,175;5,900
3727405016;0,656;5,100;2,417;0,900;0,485;8,400;0,251;35,140;1,347;1,900;0,341;11,742;3,829;0,936;1,588;1,560;0,000;80,800;0,485;3,600;4;0;4;0,193;7,700;0,880;3,100;0,880;3,700;1,243;1,500;0,193;4,100;0,193;4,700;0,193;4,700;0,880;2,500;0,193;5,600
3727405017;0,229;5,400;1,690;0,900;0,491;8,400;0,229;35,646;0,471;2,300;0,821;10,692;3,564;0,936;1,945;1,560;0,140;84,200;0,821;3,100;0;0;0;0,000;8,400;0,000;3,400;0,000;4,000;1,060;1,800;0,000;4,400;0,000;5,000;0,000;5,000;0,000;2,800;0,000;5,900
3727405018;0,472;5,400;2,228;0,900;0,517;8,800;0,091;35,634;1,161;1,900;0,494;11,742;3,704;0,936;1,705;1,560;0,000;82,700;0,517;3,600;4;0;4;0,000;8,000;0,699;3,400;0,699;4,000;1,264;1,800;0,000;4,400;0,000;5,000;0,000;5,000;0,699;2,800;0,000;5,900
3727405019;0,351;5,700;1,555;0,900;0,436;8,700;0,351;35,646;0,340;2,300;0,815;10,536;3,480;0,936;1,858;1,560;0,000;84,200;0,815;3,100;7;0;7;0,140;9,200;0,140;3,800;0,140;4,400;0,984;2,200;0,140;5,200;0,140;5,400;0,140;5,800;0,140;3,200;0,140;6,300
3727405020;0,875;5,100;2,701;0,900;0,494;8,400;0,000;33,582;1,545;1,900;0,000;11,342;4,170;0,936;1,689;1,560;0,000;75,900;0,774;3,200;9;0;9;0,494;7,300;1,076;2,700;1,076;3,300;1,502;1,500;0,494;3,700;0,494;4,300;0,494;4,300;1,076;2,100;0,494;5,200
3727405022;0,634;5,100;2,420;0,900;0,546;8,400;0,268;34,530;1,325;1,900;0,308;11,342;3,868;0,936;1,643;1,560;0,062;80,000;0,546;3,200;0;0;0;0,193;7,700;0,855;3,100;0,855;3,700;1,304;1,500;0,193;4,100;0,193;4,700;0,193;4,700;0,855;2,500;0,193;5,600
3727405025;0,883;5,100;2,691;0,900;0,000;8,000;0,000;32,958;1,418;1,900;0,000;10,622;4,418;0,936;2,182;1,560;0,000;73,300;1,195;2,700;5;0;5;0,751;7,000;1,001;2,700;1,001;3,000;1,684;1,500;0,751;3,700;0,751;4,300;0,751;4,300;1,001;2,100;0,751;5,200
3727405026;0,308;5,400;2,095;0,900;0,597;8,400;0,308;35,050;0,849;2,300;0,597;11,012;3,885;0,936;2,200;1,560;0,000;81,700;1,008;2,700;5;0;5;0,406;8,000;0,406;3,400;0,406;4,000;1,278;1,800;0,406;4,400;0,406;5,000;0,406;5,000;0,406;2,800;0,406;5,900
3727406001;0,236;5,300;1,622;0,900;0,286;8,700;0,236;36,270;0,579;2,300;0,570;10,536;3,356;0,936;1,746;1,560;0,000;87,000;0,570;3,500;4;0;4;0,252;8,800;0,252;3,800;0,252;4,400;1,261;1,800;0,252;4,800;0,252;5,400;0,252;5,400;0,252;3,200;0,252;5,900
3727406002;0,349;5,700;1,519;0,900;0,174;8,700;0,281;35,790;0,554;2,300;0,507;10,146;3,250;0,936;1,637;1,560;0,000;87,400;0,507;3,500;3;0;3;0,329;9,200;0,329;4,200;0,329;4,400;1,267;1,800;0,329;4,800;0,329;5,800;0,329;5,800;0,329;3,200;0,329;6,300
3727406003;0,521;6,100;1,382;0,900;0,000;8,300;0,188;35,166;0,593;2,300;0,417;10,146;3,078;0,936;1,464;1,560;0,000;86,600;0,417;3,100;12;0;12;0,491;9,200;0,491;4,200;0,491;4,400;1,331;1,800;0,491;4,800;0,491;5,800;0,491;5,800;0,491;3,200;0,491;6,300
3727406004;0,596;6,100;1,570;0,900;0,318;8,700;0,000;36,280;1,010;1,900;0,000;10,146;2,884;0,936;1,329;1,560;0,000;87,800;0,000;3,500;13;4;17;0,680;9,200;0,680;4,200;0,680;4,400;1,094;1,800;0,680;4,800;0,680;5,800;0,680;5,800;0,680;3,200;0,717;6,300
3727406005;0,385;5,700;1,942;0,900;0,537;8,700;0,237;36,380;0,990;2,300;0,522;11,066;3,403;0,936;1,766;1,560;0,170;86,600;0,522;3,500;0;0;0;0,315;8,000;0,587;3,400;0,587;4,000;1,174;1,800;0,315;4,400;0,315;5,000;0,315;5,000;0,587;2,800;0,315;5,900
3727406006;0,343;5,700;1,706;0,900;0,326;8,700;0,343;36,150;0,793;2,300;0,399;10,146;3,264;0,936;1,679;1,560;0,000;87,000;0,399;3,500;4;0;4;0,465;8,800;0,465;3,800;0,465;4,400;1,293;1,800;0,465;4,800;0,465;5,400;0,465;5,400;0,465;3,200;0,465;5,900
3727406007;0,220;5,700;1,844;0,900;0,465;9,100;0,220;37,254;0,822;2,300;0,559;11,066;3,434;0,936;1,851;1,560;0,000;87,400;0,559;3,500;4;0;4;0,386;8,400;0,411;3,400;0,411;4,000;1,341;1,800;0,386;4,400;0,386;5,000;0,386;5,000;0,411;2,800;0,386;5,900
3727406008;0,465;5,800;2,170;0,900;0,464;8,800;0,000;36,524;1,143;1,900;0,575;11,742;3,614;0,936;1,676;1,560;0,091;84,200;0,464;3,600;0;0;0;0,091;8,000;0,693;3,400;0,693;4,000;1,196;1,800;0,091;4,400;0,091;5,000;0,091;5,000;0,693;2,800;0,091;5,900
3727406009;0,702;5,800;2,266;0,900;0,203;8,400;0,203;35,276;1,350;1,900;0,548;11,222;3,522;0,936;1,426;1,560;0,000;83,400;0,203;3,600;6;0;6;0,319;8,400;0,924;3,400;0,924;4,400;0,946;2,200;0,319;4,400;0,319;5,400;0,319;5,000;0,924;3,200;0,319;6,300
3727406010;0,566;5,700;1,998;0,900;0,394;8,700;0,302;36,380;1,141;1,900;0,480;11,066;3,318;0,936;1,606;1,560;0,000;86,200;0,394;3,600;4;0;4;0,393;8,400;0,762;3,400;0,762;4,400;0,993;2,200;0,393;4,400;0,393;5,400;0,393;5,000;0,762;3,200;0,393;6,300
3727406011;0,446;5,300;2,278;0,900;0,238;8,300;0,238;33,836;1,572;1,900;0,364;10,666;3,248;0,936;1,186;1,560;0,000;82,100;0,238;3,600;2;0;2;0,563;7,700;1,207;3,000;0,563;4,000;0,563;2,200;0,705;4,000;0,563;5,000;0,705;4,600;0,563;2,800;0,563;5,600
3727406012;0,514;5,700;1,654;0,900;0,328;8,700;0,229;36,280;0,885;2,300;0,229;10,146;3,106;0,936;1,535;1,560;0,000;87,800;0,229;3,500;3;0;3;0,619;9,200;0,619;4,200;0,619;4,400;1,181;1,800;0,619;4,800;0,619;5,800;0,619;5,800;0,619;3,200;0,619;6,300
3727406013;0,479;5,700;1,823;0,900;0,473;8,700;0,353;36,760;0,981;2,300;0,353;11,066;3,233;0,936;1,681;1,560;0,000;88,200;0,353;3,500;3;0;3;0,480;8,800;0,640;3,800;0,640;4,400;1,107;1,800;0,480;4,800;0,480;5,400;0,480;5,400;0,640;3,200;0,480;5,900
3727406014;0,239;5,400;1,989;0,900;0,614;9,200;0,227;36,474;0,917;2,300;0,687;11,222;3,570;0,936;1,891;1,560;0,000;86,200;0,664;3,500;4;0;4;0,250;8,000;0,466;3,400;0,466;4,000;1,353;1,800;0,250;4,400;0,250;5,000;0,250;5,000;0,466;2,800;0,250;5,900
3727406015;0,543;5,800;2,098;0,900;0,357;8,800;0,184;36,380;1,173;1,900;0,605;11,222;3,447;0,936;1,589;1,560;0,000;85,000;0,357;3,600;2;0;2;0,273;8,000;0,759;3,400;0,759;4,000;1,040;1,800;0,273;4,400;0,273;5,000;0,273;5,000;0,759;2,800;0,273;5,900
3727406016;0,605;6,100;1,435;0,900;0,180;8,700;0,238;36,280;0,772;2,300;0,238;10,146;2,973;0,936;1,375;1,560;0,000;89,000;0,238;3,500;9;0;9;0,578;9,200;0,578;4,200;0,578;4,400;1,323;1,800;0,578;4,800;0,578;5,800;0,578;5,800;0,578;3,200;0,631;6,300
3727406017;0,675;5,800;2,365;0,900;0,000;8,000;0,000;35,276;1,526;1,900;0,351;11,222;3,469;0,936;1,231;1,560;0,000;82,100;0,000;3,600;8;16;24;0,517;7,700;1,115;3,000;0,759;4,000;0,759;2,200;0,517;4,000;0,517;5,000;0,517;4,600;0,759;2,800;0,517;5,600
3727406019;1,053;4,700;2,769;0,900;0,525;8,400;0,405;34,180;1,743;1,900;0,405;11,342;3,994;0,936;1,285;1,560;0,000;77,200;0,525;3,200;9;0;9;0,583;7,000;1,278;2,700;1,159;3,300;1,159;1,500;0,583;3,700;0,583;4,300;0,583;4,300;1,159;2,100;0,583;4,900
3727406020;1,877;4,700;3,615;0,900;1,288;7,300;1,060;29,688;2,573;1,900;1,060;9,902;4,649;0,936;1,212;1,560;0,000;67,800;1,288;2,800;9;0;9;1,424;6,300;2,103;2,700;1,623;3,000;1,623;1,500;1,424;3,300;1,424;3,900;1,424;3,900;1,623;2,100;1,424;4,800
3727406021;1,049;4,700;2,980;0,900;0,657;8,000;0,657;31,728;2,179;1,900;0,338;11,046;3,766;0,936;0,635;2,080;0,000;73,800;0,657;3,200;9;0;9;0,730;7,000;1,752;2,700;0,730;3,700;0,730;1,900;1,084;3,300;0,730;4,300;1,084;3,900;0,730;2,500;0,730;5,200
3727406022;0,512;5,800;2,145;0,900;0,390;9,200;0,096;37,004;1,170;1,900;0,642;11,742;3,534;0,936;1,616;1,560;0,000;85,400;0,390;3,600;2;0;2;0,183;8,000;0,736;3,400;0,736;4,000;1,107;1,800;0,183;4,400;0,183;5,000;0,183;5,000;0,736;2,800;0,183;5,900
3727406023;0,742;5,100;2,641;0,900;0,351;8,000;0,351;33,368;1,873;1,900;0,000;11,446;3,516;0,936;0,880;2,080;0,000;77,400;0,351;3,200;12;0;12;0,563;7,400;1,467;2,700;0,563;3,700;0,563;1,900;0,843;3,700;0,563;4,700;0,843;4,300;0,563;2,500;0,563;5,300
3727501001;17,193;0,100;41,161;0,000;6,124;0,900;6,124;1,804;17,533;0,100;8,874;0,520;81,633;0,000;81,580;0,000;42,888;0,000;82,111;0,000;0;0;0;46,995;0,000;79,246;0,000;79,246;0,000;79,246;0,000;79,246;0,000;79,246;0,000;79,246;0,000;79,246;0,000;32,355;0,000
3727601001;11,464;0,600;42,675;0,000;9,485;0,900;9,485;2,970;9,675;0,400;7,900;1,274;41,058;0,000;39,816;0,000;9,485;1,800;9,485;1,000;0;0;0;38,808;0,000;41,735;0,000;39,416;0,000;40,437;0,000;41,520;0,000;35,941;0,000;38,808;0,000;40,437;0,000;23,356;0,300
3727701001;8,861;0,800;27,897;0,100;9,840;0,900;5,466;4,130;24,463;0,300;9,896;1,348;39,872;0,000;27,647;0,130;6,286;4,200;42,499;0,000;0;0;0;26,331;0,300;40,491;0,000;38,662;0,000;26,331;0,100;40,491;0,000;26,331;0,100;40,351;0,000;40,491;0,000;20,376;0,200
3727801001;7,220;2,600;8,955;0,400;3,553;4,500;2,442;18,884;7,643;1,000;6,338;5,304;10,690;0,468;7,323;0,780;2,442;36,300;4,857;2,700;0;0;0;7,003;3,600;7,310;1,500;7,310;1,800;7,507;0,900;7,003;1,800;7,003;2,100;7,003;2,100;7,310;1,200;0,000;3,600
3727901001;17,539;0,200;11,166;0,300;11,166;0,500;0,000;3,352;6,869;0,300;16,410;0,390;68,447;0,000;68,162;0,000;6,869;0,300;70,128;0,000;0;0;0;16,410;0,100;66,248;0,000;66,248;0,000;66,248;0,000;66,248;0,000;66,248;0,000;66,248;0,000;66,248;0,000;16,410;0,100
3728001001;10,683;0,300;50,139;0,000;10,683;0,800;6,912;1,696;6,912;0,300;10,683;0,390;63,911;0,000;63,586;0,000;47,776;0,000;63,911;0,000;0;0;0;56,219;0,000;61,585;0,000;61,585;0,000;61,585;0,000;61,585;0,000;61,585;0,000;61,585;0,000;61,585;0,000;11,342;0,300
3728101001;12,356;0,400;28,002;0,100;11,617;0,800;11,617;1,692;34,060;0,000;16,186;0,286;36,822;0,000;37,845;0,000;30,299;0,000;39,049;0,000;0;0;0;29,765;0,100;34,948;0,000;34,948;0,000;34,948;0,000;34,948;0,000;34,948;0,000;34,948;0,000;34,948;0,000;21,423;0,100
3728201001;6,725;0,800;6,725;0,300;6,280;1,000;6,160;5,606;6,160;0,400;6,445;1,482;55,952;0,000;6,682;0,390;0,000;6,200;58,814;0,000;1;0;1;6,447;0,700;55,816;0,000;55,161;0,000;20,868;0,100;55,816;0,000;20,868;0,100;55,816;0,000;55,816;0,000;14,898;0,400
3728301001;21,353;0,200;25,187;0,100;19,437;0,400;9,561;1,544;28,805;0,100;19,437;0,390;36,811;0,000;36,907;0,000;32,354;0,000;37,570;0,000;0;0;0;34,421;0,000;34,421;0,000;34,421;0,000;34,421;0,000;34,421;0,000;34,421;0,000;34,421;0,000;34,421;0,000;30,097;0,000
3728401001;8,342;0,600;16,845;0,100;8,342;1,100;6,353;3,598;17,005;0,100;8,342;0,988;51,050;0,000;17,202;0,130;11,619;2,300;53,921;0,000;0;0;0;0,000;1,100;50,377;0,000;50,377;0,000;33,987;0,000;50,377;0,000;33,987;0,000;50,377;0,000;50,377;0,000;8,342;0,400
3728501001;29,635;0,200;24,598;0,100;10,234;0,700;9,921;1,592;30,051;0,000;14,148;0,650;87,624;0,000;87,958;0,000;30,051;0,000;88,761;0,000;0;0;0;29,383;0,100;85,273;0,000;85,273;0,000;85,273;0,000;85,273;0,000;85,273;0,000;85,273;0,000;85,273;0,000;29,383;0,100
3728601001;14,823;0,400;30,359;0,000;6,778;1,000;0,000;3,242;30,920;0,000;6,778;0,858;58,154;0,000;30,863;0,000;26,463;0,200;60,835;0,000;0;0;0;17,082;0,100;56,850;0,000;56,850;0,000;49,868;0,000;56,850;0,000;49,868;0,000;56,850;0,000;56,850;0,000;14,823;0,400
3728701001;3,755;0,900;23,875;0,100;3,755;1,400;0,000;4,068;24,124;0,100;3,755;1,456;49,364;0,000;24,271;0,130;18,831;1,500;52,168;0,000;0;0;0;7,327;0,400;48,371;0,000;48,371;0,000;41,268;0,000;48,371;0,000;41,268;0,000;48,371;0,000;48,371;0,000;3,755;0,700
3728801001;12,520;2,500;14,544;0,400;9,256;4,100;4,405;18,024;11,676;1,100;5,990;5,590;14,372;0,468;11,151;0,780;4,405;35,600;0,000;3,900;0;2;2;11,395;3,200;13,232;1,300;12,012;1,600;12,012;0,700;12,536;1,600;11,395;1,900;11,395;1,900;12,012;1,000;6,765;2,600
3728901001;11,980;0,400;33,635;0,000;7,676;0,800;7,676;1,748;26,346;0,100;7,676;0,546;43,631;0,000;44,473;0,000;26,346;0,100;45,588;0,000;0;0;0;35,289;0,000;41,566;0,000;41,566;0,000;41,566;0,000;41,566;0,000;41,566;0,000;41,566;0,000;41,566;0,000;27,160;0,100
3729001001;16,254;0,900;12,642;0,400;13,794;1,700;12,642;7,466;17,822;0,300;14,185;1,986;20,307;0,156;19,521;0,260;13,794;12,200;19,508;0,500;0;0;0;15,011;1,200;18,292;0,500;18,292;0,600;17,823;0,300;17,823;0,600;18,321;0,700;17,823;0,700;18,321;0,400;12,967;1,200
3729101001;16,609;1,100;14,808;0,400;12,170;1,700;11,165;7,474;19,695;0,400;17,714;1,982;17,714;0,156;19,134;0,260;8,968;13,500;20,461;0,400;0;0;0;16,609;1,200;16,609;0,500;16,609;0,600;16,609;0,300;16,609;0,600;16,609;0,700;16,609;0,700;16,609;0,400;16,609;1,100
3729201001;12,509;1,100;20,155;0,200;12,509;1,900;11,360;7,006;23,008;0,300;12,509;1,986;25,993;0,156;24,889;0,260;14,151;11,700;24,532;0,300;0;0;0;19,670;1,200;23,522;0,500;23,522;0,600;22,785;0,300;22,785;0,600;23,784;0,700;22,785;0,700;23,784;0,400;6,191;1,200
3729301001;19,403;0,200;28,111;0,100;19,403;0,400;6,675;1,544;25,300;0,100;19,403;0,390;39,641;0,000;39,601;0,000;35,128;0,000;40,164;0,000;0;0;0;36,836;0,000;37,255;0,000;37,255;0,000;37,255;0,000;37,255;0,000;37,255;0,000;37,255;0,000;37,255;0,000;25,890;0,100
3729401001;2,251;4,800;3,873;0,900;0,000;7,400;0,476;31,452;0,476;2,300;1,347;9,356;2,979;0,936;1,847;1,560;1,079;67,900;2,645;2,800;0;0;0;0,000;7,000;2,931;2,700;1,891;3,300;1,891;1,500;3,155;3,300;0,000;4,300;0,000;4,300;1,891;2,100;1,891;4,500
3729401002;2,484;4,800;4,073;0,900;0,234;6,800;0,380;30,264;0,380;2,300;1,159;9,356;3,062;0,936;2,055;1,560;1,029;66,600;2,878;2,800;0;0;0;0,234;7,000;3,143;2,700;2,125;3,300;2,125;1,500;3,389;3,300;0,234;4,300;0,234;4,300;2,125;2,100;2,125;4,500
3729401003;2,742;4,500;4,698;0,700;1,377;6,400;0,870;28,984;1,789;1,600;0,870;9,486;4,288;0,936;1,610;1,560;0,870;65,500;2,811;2,800;0;0;0;1,377;6,600;3,689;2,700;2,231;3,300;2,231;1,500;3,305;3,300;1,377;3,900;1,377;3,900;2,231;2,100;2,231;4,800
3729401004;3,517;4,200;5,219;0,400;1,347;5,800;0,000;28,354;1,395;1,300;0,000;10,162;4,127;0,936;2,741;1,560;0,000;61,700;3,796;2,800;1;0;1;1,347;6,000;4,270;2,400;3,085;3,000;3,086;1,200;4,313;2,700;1,347;3,900;1,347;3,600;3,086;2,100;3,086;4,500
3729401005;2,520;4,800;3,948;0,900;0,476;7,100;0,000;30,732;0,000;2,300;1,395;9,356;2,745;0,936;2,293;1,560;0,880;67,100;2,986;2,800;0;0;0;0,476;7,000;3,064;2,700;1,965;3,300;2,227;1,500;3,354;3,300;0,476;4,300;0,476;4,300;2,227;2,100;2,227;4,500
3729401006;3,517;3,900;5,396;0,400;1,683;5,800;0,000;27,274;1,928;1,300;0,000;9,862;4,648;0,936;2,471;1,560;0,000;60,500;3,652;2,800;1;0;1;1,683;6,000;4,402;2,400;3,026;3,000;3,026;1,200;4,154;2,700;1,683;3,900;1,683;3,600;3,026;2,100;3,026;4,500
3729401007;4,312;3,300;5,873;0,400;2,210;4,900;1,301;23,278;1,961;1,300;1,301;7,832;4,260;0,936;3,921;1,560;0,000;48,700;4,850;2,500;2;0;2;2,210;4,500;5,020;1,500;2,803;2,400;4,100;1,200;5,314;1,800;2,210;2,700;2,210;2,400;4,100;1,500;4,100;3,200
3729401008;1,313;4,900;2,639;0,900;1,240;7,000;1,169;30,572;1,332;1,900;1,178;9,746;2,070;0,936;1,586;1,560;0,754;70,700;1,789;2,800;0;0;0;1,224;6,900;1,732;3,000;1,224;3,600;1,224;1,800;2,023;3,600;1,224;4,200;1,240;4,200;1,224;2,400;1,224;4,800
3729401009;3,183;4,500;4,737;0,900;1,246;5,800;0,880;28,326;0,880;2,000;1,175;8,576;3,200;0,936;3,084;1,560;0,000;63,100;3,859;2,800;2;0;2;1,246;6,300;3,899;2,700;1,945;3,300;3,100;1,200;4,199;3,000;1,246;3,900;1,246;3,600;3,100;2,100;3,100;4,200
3729401010;1,301;4,900;2,786;0,900;1,335;7,000;0,999;31,052;1,224;1,900;0,999;10,266;1,679;0,936;1,672;1,560;0,999;69,500;2,212;2,800;0;0;0;1,335;6,900;2,001;3,000;1,721;3,600;1,769;1,800;2,316;3,600;1,335;4,200;1,335;4,200;1,769;2,400;1,769;4,800
3729601001;13,967;0,500;37,847;0,000;12,801;0,600;11,658;2,738;13,598;0,400;5,172;1,218;36,052;0,000;35,205;0,000;12,801;1,800;12,801;0,800;0;0;0;34,025;0,000;36,951;0,000;34,376;0,000;35,753;0,000;36,902;0,000;34,025;0,000;34,025;0,000;35,753;0,000;20,249;0,200
3729701001;10,163;0,700;18,928;0,100;13,774;0,800;0,000;4,924;16,730;0,200;8,926;1,118;50,515;0,000;18,554;0,130;0,000;5,000;53,209;0,000;1;0;1;15,985;0,300;50,969;0,000;49,381;0,000;15,985;0,100;50,969;0,000;15,985;0,100;50,969;0,000;50,969;0,000;28,228;0,200
3729801001;10,047;0,600;17,109;0,100;6,787;1,100;6,787;3,468;17,498;0,100;10,047;0,988;54,653;0,000;17,556;0,130;12,574;1,700;57,509;0,000;0;0;0;4,249;0,700;53,878;0,000;53,878;0,000;35,859;0,000;53,878;0,000;35,859;0,000;53,878;0,000;53,878;0,000;10,047;0,400
3729901001;14,071;0,400;30,664;0,000;14,071;0,600;8,863;2,540;31,960;0,000;14,071;0,650;33,399;0,000;33,889;0,000;15,384;0,500;33,282;0,000;0;0;0;28,454;0,100;32,478;0,000;32,478;0,000;31,582;0,000;31,582;0,000;32,478;0,000;31,582;0,000;32,478;0,000;7,597;0,400
3730001001;10,643;0,800;17,052;0,100;10,643;1,100;0,000;4,710;16,848;0,100;10,643;1,248;46,850;0,000;17,233;0,130;9,694;3,700;49,734;0,000;0;0;0;6,353;0,400;46,409;0,000;46,269;0,000;30,728;0,000;46,409;0,000;30,728;0,000;46,409;0,000;46,409;0,000;10,643;0,400
3730101001;22,784;0,300;49,915;0,000;14,125;0,600;5,013;1,944;23,632;0,100;16,959;0,490;53,300;0,000;56,369;0,000;47,009;0,000;53,169;0,000;0;0;0;54,105;0,000;54,342;0,000;54,342;0,000;54,342;0,000;54,342;0,000;54,342;0,000;54,342;0,000;54,342;0,000;5,735;0,300
3730201001;27,086;0,100;47,309;0,000;7,085;0,800;6,941;1,548;26,913;0,100;10,217;0,520;91,485;0,000;91,388;0,000;50,457;0,000;91,784;0,000;0;0;0;52,737;0,000;89,102;0,000;89,102;0,000;89,102;0,000;89,102;0,000;89,102;0,000;89,102;0,000;89,102;0,000;39,441;0,000
3730301001;21,682;0,100;28,682;0,100;6,354;0,800;6,354;1,402;31,774;0,000;19,858;0,260;95,253;0,000;65,784;0,000;31,774;0,000;97,594;0,000;0;0;0;22,574;0,100;93,486;0,000;93,486;0,000;85,489;0,000;93,486;0,000;85,489;0,000;93,486;0,000;93,486;0,000;10,135;0,700
3730401001;8,458;0,400;27,958;0,100;8,458;1,000;8,458;2,372;18,886;0,100;11,549;0,936;52,298;0,000;49,976;0,000;18,886;0,100;54,429;0,000;0;0;0;29,999;0,100;50,350;0,000;50,350;0,000;50,350;0,000;50,350;0,000;50,350;0,000;50,350;0,000;50,350;0,000;26,244;0,200
3730501001;12,041;0,500;26,012;0,100;5,546;1,300;4,449;3,594;26,547;0,100;9,417;1,248;56,974;0,000;26,507;0,130;22,025;1,100;59,725;0,000;0;0;0;12,836;0,400;55,825;0,000;55,825;0,000;45,424;0,000;55,825;0,000;45,424;0,000;55,825;0,000;55,825;0,000;12,041;0,400
3730601001;17,579;0,200;19,843;0,100;19,039;0,400;10,787;1,992;15,308;0,100;10,787;0,650;72,010;0,000;51,886;0,000;15,308;0,100;74,318;0,000;0;0;0;17,187;0,100;70,211;0,000;70,211;0,000;70,211;0,000;70,211;0,000;70,211;0,000;70,211;0,000;70,211;0,000;15,321;0,200
3730701001;20,918;0,200;25,121;0,100;18,140;0,600;14,382;2,178;22,406;0,100;14,382;0,650;77,438;0,000;50,357;0,000;22,406;0,100;79,865;0,000;0;0;0;20,933;0,100;75,761;0,000;75,761;0,000;70,170;0,000;75,761;0,000;70,170;0,000;75,761;0,000;75,761;0,000;8,784;0,500
3730901001;9,319;0,600;29,961;0,100;9,319;1,000;12,947;3,156;29,787;0,100;9,319;0,728;36,478;0,000;30,161;0,000;14,721;2,300;39,313;0,000;0;0;0;15,083;0,200;35,619;0,000;35,619;0,000;35,619;0,000;35,619;0,000;35,619;0,000;35,619;0,000;35,619;0,000;9,319;0,300
3731001001;13,369;1,200;26,029;0,200;9,386;1,400;9,386;7,382;9,386;0,600;13,038;2,442;23,588;0,156;25,121;0,260;4,506;15,700;26,110;0,500;0;0;0;22,279;1,100;24,464;0,500;22,279;0,600;24,464;0,300;24,464;0,600;23,862;0,700;23,862;0,700;24,464;0,400;6,296;1,000
3731101001;33,740;0,000;37,847;0,000;10,299;0,400;8,664;1,180;35,266;0,000;10,192;0,390;96,414;0,000;96,572;0,000;43,345;0,000;97,253;0,000;0;0;0;42,335;0,000;94,029;0,000;94,029;0,000;94,029;0,000;94,029;0,000;94,029;0,000;94,029;0,000;94,029;0,000;42,335;0,000
3731201001;11,309;0,900;11,309;0,300;10,125;1,100;7,013;5,302;10,378;0,400;10,114;1,638;54,685;0,000;10,950;0,390;0,000;5,700;57,482;0,000;2;0;2;10,831;0,500;54,848;0,000;53,713;0,000;15,601;0,100;54,848;0,000;15,601;0,100;54,848;0,000;54,848;0,000;20,598;0,200
3731301001;23,048;0,200;23,048;0,100;9,858;0,900;0,000;3,182;23,925;0,100;12,546;0,806;69,322;0,000;23,592;0,130;21,832;0,700;72,139;0,000;0;0;0;19,606;0,200;68,365;0,000;68,365;0,000;43,318;0,000;68,365;0,000;43,318;0,000;68,365;0,000;68,365;0,000;15,886;0,200
3731401001;23,055;0,500;18,473;0,200;13,695;0,800;13,695;3,452;29,527;0,100;21,354;0,750;30,070;0,000;30,317;0,000;25,719;2,800;31,094;0,000;0;0;0;27,695;0,400;27,695;0,200;27,695;0,200;27,695;0,200;27,695;0,300;27,695;0,100;27,695;0,200;27,695;0,100;27,695;0,300
3731501001;13,272;0,600;31,090;0,000;14,362;0,600;6,990;3,202;23,456;0,200;14,096;0,932;40,453;0,000;30,788;0,000;9,939;3,300;42,415;0,000;0;0;0;26,523;0,100;41,323;0,000;39,116;0,000;26,523;0,100;41,323;0,000;26,523;0,100;40,600;0,000;41,323;0,000;19,355;0,100
3731601001;0,000;1,100;35,288;0,000;0,000;1,500;0,000;2,940;26,330;0,100;17,684;0,416;48,368;0,000;41,980;0,000;26,330;0,100;50,761;0,000;0;0;0;25,129;0,100;46,655;0,000;46,655;0,000;46,655;0,000;46,655;0,000;46,655;0,000;46,655;0,000;46,655;0,000;17,800;0,100
3731701001;21,392;0,400;31,097;0,000;7,457;0,800;7,457;3,944;28,606;0,100;23,015;0,416;42,586;0,000;29,513;0,130;9,332;1,200;7,457;1,700;0;0;0;39,350;0,000;31,344;0,000;39,691;0,000;39,691;0,000;31,344;0,000;39,642;0,000;39,642;0,000;39,691;0,000;14,331;0,400
3731801001;10,517;1,100;21,046;0,200;9,173;2,200;9,173;8,164;19,758;0,300;10,517;2,194;22,959;0,156;19,612;0,260;7,248;13,900;12,456;1,300;0;0;0;18,314;1,200;19,484;0,500;19,484;0,600;19,477;0,300;19,256;0,600;19,256;0,700;19,256;0,700;19,484;0,400;12,305;1,500
3731901001;10,428;0,600;20,899;0,100;10,428;0,700;5,879;3,502;10,428;0,400;10,428;1,014;56,131;0,000;20,413;0,130;6,964;2,500;56,468;0,000;0;0;0;10,169;0,500;56,760;0,000;54,901;0,000;10,169;0,300;56,760;0,000;10,169;0,300;56,543;0,000;56,760;0,000;30,133;0,000
3732001001;7,290;0,600;35,773;0,000;7,290;1,100;7,290;2,192;33,522;0,000;11,029;0,728;44,439;0,000;36,150;0,000;27,902;0,100;47,020;0,000;0;0;0;18,979;0,100;42,968;0,000;42,968;0,000;42,968;0,000;42,968;0,000;42,968;0,000;42,968;0,000;42,968;0,000;11,029;0,300
3732101001;14,988;0,400;14,832;0,300;14,832;0,600;8,098;2,516;8,557;0,300;9,613;1,040;69,451;0,000;56,062;0,000;8,557;0,300;71,596;0,000;0;0;0;14,206;0,300;67,515;0,000;67,515;0,000;67,515;0,000;67,515;0,000;67,515;0,000;67,515;0,000;67,515;0,000;14,206;0,400
3732201001;4,769;2,800;14,438;0,400;7,458;3,200;2,992;15,588;7,458;0,800;0,000;5,424;12,104;0,468;13,254;0,780;0,000;34,200;14,073;1,600;2;0;2;10,496;3,200;13,760;1,500;10,496;1,800;13,325;0,700;13,760;1,600;11,465;2,100;11,465;1,900;13,325;1,200;10,697;2,400
3732201002;6,381;2,700;11,807;0,400;8,599;3,800;0,000;17,840;8,262;1,200;2,992;5,804;9,584;0,468;10,349;0,780;0,000;38,300;11,239;2,000;2;0;2;7,912;3,400;11,139;1,500;7,912;1,800;10,481;0,900;11,455;1,800;8,599;2,100;8,599;2,100;10,481;1,200;10,481;2,700
3732301001;12,379;1,100;24,348;0,200;11,289;1,900;8,772;7,658;23,225;0,300;12,379;2,194;26,646;0,156;24,021;0,260;0,000;13,500;19,877;0,900;1;0;1;20,515;1,200;23,104;0,500;23,104;0,600;22,717;0,300;22,717;0,600;23,104;0,700;22,717;0,700;23,104;0,400;14,106;1,300
3732401001;12,495;1,200;29,922;0,100;12,854;1,200;7,679;6,404;14,193;0,600;4,889;3,152;28,320;0,156;27,084;0,260;9,267;11,400;12,577;1,600;0;0;0;26,055;0,800;28,983;0,300;26,688;0,400;27,694;0,100;28,789;0,300;26,055;0,600;26,055;0,500;27,694;0,300;17,317;0,700
3732501001;5,292;0,600;19,924;0,100;5,292;1,100;5,616;3,598;20,002;0,100;5,292;0,988;47,985;0,000;20,246;0,130;14,560;2,100;50,846;0,000;0;0;0;3,412;0,700;47,245;0,000;47,245;0,000;36,074;0,000;47,245;0,000;36,074;0,000;47,245;0,000;47,245;0,000;5,292;0,400
3732701001;17,000;1,000;18,136;0,200;6,876;1,800;6,876;7,418;17,491;0,300;13,595;2,142;20,757;0,156;19,420;0,260;6,876;12,600;18,797;0,700;0;0;0;13,978;1,400;17,994;0,500;17,994;0,600;17,099;0,300;17,099;0,600;17,994;0,700;17,099;0,700;17,994;0,400;6,978;1,400
3732801001;26,390;0,200;58,439;0,000;5,600;0,600;5,600;1,714;22,544;0,100;19,399;0,360;59,622;0,000;62,515;0,000;53,635;0,000;55,649;0,000;0;0;0;60,531;0,000;60,531;0,000;60,531;0,000;60,531;0,000;60,531;0,000;60,531;0,000;60,531;0,000;60,531;0,000;9,453;0,300
3732901001;14,120;0,400;35,748;0,000;14,120;0,500;8,728;1,960;21,359;0,100;14,120;0,520;46,334;0,000;45,872;0,000;39,554;0,000;46,096;0,000;0;0;0;41,893;0,000;44,072;0,000;44,072;0,000;44,072;0,000;44,072;0,000;44,072;0,000;44,072;0,000;44,072;0,000;13,947;0,300
3733001001;12,295;0,700;30,368;0,000;9,255;0,900;0,000;5,958;9,255;0,500;9,614;2,094;28,199;0,156;28,426;0,260;9,255;8,100;22,529;0,800;0;0;0;26,519;0,500;29,629;0,200;26,519;0,300;28,753;0,100;29,937;0,100;26,876;0,400;26,876;0,300;28,753;0,200;8,709;0,600
3733101001;10,520;0,800;10,520;0,300;10,520;1,500;7,485;5,302;10,597;0,400;10,159;1,924;54,323;0,000;10,836;0,390;5,168;4,000;57,207;0,000;0;0;0;6,472;0,700;53,894;0,000;53,724;0,000;27,861;0,100;53,894;0,000;27,861;0,100;53,894;0,000;53,894;0,000;14,573;0,600
3733201001;7,697;0,600;7,697;0,300;7,697;1,300;6,990;4,660;8,292;0,400;7,408;1,352;60,150;0,000;8,204;0,390;5,084;2,900;63,035;0,000;0;0;0;8,028;0,700;59,698;0,000;59,563;0,000;27,692;0,100;59,698;0,000;27,692;0,100;59,698;0,000;59,698;0,000;8,781;0,400
3733301001;9,165;0,800;14,038;0,300;10,389;1,200;4,582;5,946;13,632;0,400;8,070;1,482;48,703;0,000;14,102;0,390;5,169;4,700;51,578;0,000;0;0;0;9,518;0,700;48,469;0,000;47,983;0,000;26,162;0,100;48,469;0,000;26,162;0,100;48,469;0,000;48,469;0,000;15,192;0,200
3733401001;19,104;0,200;19,104;0,100;10,204;0,700;4,155;2,986;20,005;0,100;16,121;0,546;68,749;0,000;19,643;0,130;18,364;1,000;71,598;0,000;0;0;0;18,052;0,200;67,926;0,000;67,926;0,000;39,279;0,000;67,926;0,000;39,279;0,000;67,926;0,000;67,926;0,000;11,733;0,400
3733501001;21,395;1,000;26,254;0,200;12,438;1,800;8,893;6,846;25,324;0,300;21,395;1,882;28,697;0,156;27,151;0,260;8,893;12,200;26,285;0,500;0;0;0;21,859;1,100;25,518;0,500;25,518;0,500;24,787;0,300;24,787;0,600;25,518;0,700;24,787;0,700;25,518;0,400;5,301;1,200
3733601001;5,961;1,300;16,428;0,200;6,485;2,200;5,796;10,956;6,485;0,800;2,963;3,852;14,010;0,468;15,426;0,260;2,963;19,100;16,275;0,900;0;0;0;12,524;1,600;15,342;0,500;12,524;0,800;15,342;0,300;15,342;0,600;13,840;0,900;13,840;0,900;15,342;0,400;8,778;1,200
3733701001;10,525;0,300;45,832;0,000;10,525;0,900;8,601;1,934;8,601;0,300;10,525;0,520;73,149;0,000;72,950;0,000;45,406;0,000;73,372;0,000;0;0;0;51,922;0,000;70,785;0,000;70,785;0,000;70,785;0,000;70,785;0,000;70,785;0,000;70,785;0,000;70,785;0,000;21,332;0,100
3733801001;14,725;1,200;16,314;0,200;3,523;2,900;3,523;10,768;15,250;0,300;12,623;3,092;18,668;0,156;16,347;0,260;3,523;16,400;14,817;1,100;0;0;0;12,369;1,600;15,174;0,500;15,174;0,600;14,698;0,500;14,698;0,800;15,174;0,700;14,698;0,900;15,174;0,400;10,113;1,900
3733901001;6,002;0,600;23,341;0,100;6,002;1,100;2,247;3,538;23,676;0,100;6,002;0,988;51,597;0,000;23,770;0,130;18,546;1,400;54,398;0,000;0;0;0;7,562;0,400;50,592;0,000;50,592;0,000;41,450;0,000;50,592;0,000;41,450;0,000;50,592;0,000;50,592;0,000;6,002;0,400
3734001001;12,188;0,300;49,545;0,000;12,188;1,100;9,084;2,134;9,084;0,300;12,188;0,520;71,896;0,000;71,608;0,000;48,667;0,000;71,960;0,000;0;0;0;55,651;0,000;69,556;0,000;69,556;0,000;69,556;0,000;69,556;0,000;69,556;0,000;69,556;0,000;69,556;0,000;17,682;0,100
3734101001;11,378;0,800;11,378;0,300;11,362;1,300;5,811;5,142;11,102;0,400;10,806;1,612;51,661;0,000;11,516;0,390;5,149;4,400;54,540;0,000;0;0;0;8,423;0,700;51,372;0,000;50,973;0,000;25,763;0,100;51,372;0,000;25,763;0,100;51,372;0,000;51,372;0,000;15,510;0,200
3734201001;10,634;2,700;11,936;0,600;5,466;3,900;5,466;15,834;11,085;0,700;7,146;4,784;14,300;0,468;13,010;0,780;5,466;33,600;12,483;1,200;0;0;0;7,609;3,200;11,606;1,500;11,606;1,600;10,753;0,900;10,753;1,800;11,702;1,900;10,753;1,900;11,702;1,200;7,609;2,900
3734301001;5,182;0,600;5,182;0,300;4,019;1,300;4,250;5,454;4,250;0,700;4,824;1,872;58,926;0,000;4,824;0,780;0,000;6,100;61,768;0,000;2;0;2;4,703;0,800;58,899;0,000;58,065;0,000;17,367;0,100;58,899;0,000;17,367;0,100;58,899;0,000;58,899;0,000;14,507;0,400
3734401001;22,106;1,100;19,526;0,200;6,747;1,700;6,747;6,658;27,652;0,300;22,106;1,982;25,827;0,156;27,077;0,260;17,992;12,000;28,368;0,200;0;0;0;24,305;1,300;24,305;0,500;24,305;0,600;24,305;0,300;24,305;0,600;24,305;0,700;24,305;0,700;24,305;0,400;22,106;0,900
3734501001;14,636;1,100;13,326;0,400;14,636;1,700;13,326;6,950;20,157;0,300;14,636;1,986;22,367;0,156;21,743;0,260;16,963;11,700;21,871;0,300;0;0;0;17,603;1,200;20,234;0,500;20,234;0,600;20,234;0,300;20,234;0,600;20,234;0,700;20,234;0,700;20,234;0,400;14,882;1,200
3734601001;19,091;1,100;22,801;0,200;12,547;1,400;12,547;5,446;27,330;0,400;19,091;1,076;26,690;0,156;28,131;0,130;15,725;9,800;29,459;0,100;0;0;0;25,426;1,100;25,617;0,500;25,617;0,600;25,617;0,300;25,617;0,500;25,617;0,600;25,617;0,600;25,617;0,400;19,091;0,700
3734701001;13,779;1,800;15,555;0,200;2,480;3,700;2,480;14,668;14,244;0,700;12,898;4,384;17,133;0,156;13,525;0,520;2,480;30,500;5,921;2,600;0;0;0;13,516;2,600;13,888;0,900;13,888;1,200;14,121;0,700;13,516;1,400;13,516;1,500;13,516;1,500;13,888;1,000;6,632;2,700
3734801001;10,822;1,200;27,873;0,100;6,246;2,000;6,246;8,254;14,003;0,700;9,303;2,944;26,942;0,156;24,583;0,260;0,000;14,200;4,748;2,400;2;0;2;24,153;1,100;26,864;0,500;25,365;0,600;25,365;0,300;26,194;0,600;24,153;0,700;24,153;0,700;25,365;0,400;14,916;1,300
3734901001;16,854;0,100;54,979;0,000;8,721;0,800;8,721;1,778;13,264;0,300;16,854;0,260;72,192;0,000;72,055;0,000;53,895;0,000;68,797;0,000;0;0;0;61,088;0,000;70,169;0,000;70,169;0,000;70,169;0,000;70,169;0,000;70,169;0,000;70,169;0,000;70,169;0,000;15,031;0,100
3735001001;27,409;0,100;52,590;0,000;6,624;0,900;6,624;1,648;26,319;0,100;16,029;0,260;90,952;0,000;90,742;0,000;55,037;0,000;86,200;0,000;0;0;0;58,198;0,000;88,590;0,000;88,590;0,000;88,590;0,000;88,590;0,000;88,590;0,000;88,590;0,000;88,590;0,000;36,141;0,000
3735101001;17,766;0,300;34,388;0,000;5,675;0,900;5,675;3,468;23,466;0,100;19,904;0,572;39,185;0,000;33,100;0,000;13,423;1,600;5,675;1,900;0;0;0;36,240;0,000;36,097;0,000;36,533;0,000;36,533;0,000;36,097;0,000;36,240;0,000;36,240;0,000;36,533;0,000;9,840;0,600
3735201001;5,334;1,600;15,740;0,200;10,023;2,600;6,347;13,050;10,023;0,900;6,481;4,914;14,051;0,468;13,136;0,780;5,058;27,100;9,970;2,300;0;0;0;11,909;2,200;14,836;0,700;12,413;1,000;13,649;0,500;14,820;0,800;11,909;1,500;11,909;1,300;13,649;0,600;11,343;2,200
3735301001;17,861;0,300;22,509;0,100;6,256;0,600;6,256;1,680;32,695;0,000;18,808;0,286;31,644;0,000;32,600;0,000;25,915;0,500;33,776;0,000;0;0;0;29,692;0,100;29,692;0,100;29,692;0,100;29,692;0,100;29,692;0,100;29,692;0,100;29,692;0,100;29,692;0,100;24,547;0,200
3735401001;2,599;4,100;4,012;0,900;2,450;7,000;0,000;27,338;3,102;1,600;1,231;7,764;6,449;0,468;5,026;0,780;2,213;58,300;4,450;2,500;0;0;0;0,430;6,400;3,617;2,700;3,617;2,700;2,714;1,200;2,714;3,300;3,688;3,300;2,714;3,600;3,688;1,800;0,430;4,900
3735401002;3,586;3,500;4,792;0,900;3,641;5,500;1,231;23,006;3,963;1,600;0,000;6,994;7,162;0,468;5,877;0,780;3,317;46,200;5,487;1,700;0;0;0;0,939;5,500;4,482;2,100;4,482;2,400;3,743;1,200;3,743;2,700;4,774;2,400;3,743;2,700;4,774;1,500;0,939;4,300
3735401003;3,028;4,100;4,423;0,900;2,854;6,700;0,430;26,510;3,521;1,600;0,939;8,284;6,856;0,468;5,448;0,780;2,640;54,800;4,879;2,200;0;0;0;0,000;6,400;4,038;2,700;4,038;2,700;3,144;1,200;3,144;3,300;4,115;3,300;3,144;3,600;4,115;1,800;0,000;4,900
3735401004;2,589;4,400;4,110;0,900;2,176;7,000;0,593;27,998;3,173;1,600;1,736;8,154;6,550;0,468;5,054;0,780;2,093;59,900;4,332;2,500;0;0;0;0,804;6,400;3,534;2,700;3,534;2,700;2,655;1,200;2,655;3,300;3,534;3,300;2,655;3,600;3,534;1,800;0,804;4,900
3735501001;11,958;0,600;24,550;0,100;4,112;1,600;4,112;4,018;25,096;0,100;10,118;1,248;57,273;0,000;25,049;0,130;20,629;1,200;60,045;0,000;0;0;0;11,815;0,400;56,178;0,000;56,178;0,000;44,038;0,000;56,178;0,000;44,038;0,000;56,178;0,000;56,178;0,000;11,958;0,400
3735601001;16,713;0,100;15,846;0,100;12,879;0,600;11,060;1,554;24,757;0,100;16,957;0,260;92,804;0,000;85,946;0,000;24,757;0,100;94,424;0,000;0;0;0;16,957;0,100;90,584;0,000;90,584;0,000;90,584;0,000;90,584;0,000;90,584;0,000;90,584;0,000;90,584;0,000;16,957;0,200
3735701001;26,583;0,100;23,498;0,100;19,416;0,300;0,000;1,924;31,193;0,000;22,839;0,260;94,647;0,000;94,341;0,000;31,193;0,000;95,981;0,000;0;0;0;26,544;0,100;92,338;0,000;92,338;0,000;92,338;0,000;92,338;0,000;92,338;0,000;92,338;0,000;92,338;0,000;26,544;0,100
3735801001;8,416;0,700;31,747;0,000;6,377;1,300;6,377;5,856;11,734;0,500;8,416;2,280;31,019;0,000;28,389;0,130;4,748;6,300;0,000;2,700;0;2;2;28,146;0,400;30,631;0,000;29,207;0,200;29,207;0,100;29,932;0,100;28,146;0,300;28,146;0,200;29,207;0,100;10,193;1,000
3735901001;20,193;0,100;17,293;0,100;17,293;0,300;6,399;1,380;25,388;0,100;20,145;0,390;91,007;0,000;88,176;0,000;25,388;0,100;92,483;0,000;0;0;0;20,145;0,100;88,737;0,000;88,737;0,000;88,737;0,000;88,737;0,000;88,737;0,000;88,737;0,000;88,737;0,000;20,145;0,100
3736001001;18,406;0,200;35,785;0,000;18,406;0,400;8,860;1,600;17,911;0,100;18,406;0,390;47,037;0,000;46,812;0,000;42,503;0,000;47,227;0,000;0;0;0;43,454;0,000;44,683;0,000;44,683;0,000;44,683;0,000;44,683;0,000;44,683;0,000;44,683;0,000;44,683;0,000;17,448;0,100
3736101001;12,964;0,300;52,140;0,000;11,234;0,800;9,125;1,852;9,125;0,300;12,964;0,520;67,600;0,000;67,234;0,000;50,359;0,000;67,526;0,000;0;0;0;58,248;0,000;65,288;0,000;65,288;0,000;65,288;0,000;65,288;0,000;65,288;0,000;65,288;0,000;65,288;0,000;12,211;0,300
3736201001;4,040;3,800;5,595;0,400;0,000;6,700;0,643;26,494;4,312;1,600;3,221;7,932;7,618;0,468;4,919;1,170;2,884;56,400;4,343;2,700;0;0;0;3,967;5,100;4,068;1,800;4,068;2,100;4,047;1,200;3,967;2,700;3,967;2,700;3,967;3,000;4,068;1,500;3,553;4,500
3736201002;3,583;3,800;5,046;0,600;0,643;7,000;0,000;27,054;3,787;1,600;2,820;8,322;7,149;0,468;4,700;1,170;2,393;58,700;3,989;2,700;0;0;0;3,465;6,300;3,586;2,700;3,586;3,000;3,465;1,500;3,465;3,300;3,570;3,600;3,465;3,600;3,586;2,100;3,465;5,100
3736201003;3,510;4,100;5,150;0,600;0,645;7,000;0,771;27,294;3,846;1,600;2,662;7,932;7,078;0,468;4,279;1,170;2,406;59,900;3,745;2,800;0;0;0;3,395;6,300;3,561;2,700;3,561;3,000;3,668;1,500;3,395;3,300;3,395;3,600;3,395;3,600;3,561;2,100;3,395;5,100
3736201004;3,592;3,800;5,145;0,600;0,452;7,000;0,370;27,294;3,860;1,600;2,782;8,322;7,170;0,468;4,544;1,170;2,433;59,000;3,918;2,700;0;0;0;3,530;6,300;3,618;2,700;3,618;3,000;3,604;1,500;3,530;3,300;3,530;3,600;3,530;3,600;3,618;2,100;3,530;5,100
3736301001;14,699;0,300;25,592;0,100;14,699;0,600;4,509;1,960;18,542;0,200;14,699;0,650;63,549;0,000;63,862;0,000;22,714;0,100;64,658;0,000;0;0;0;31,545;0,000;61,192;0,000;61,192;0,000;61,192;0,000;61,192;0,000;61,192;0,000;61,192;0,000;61,192;0,000;31,545;0,000
3736401001;24,198;0,100;61,901;0,000;0,000;1,300;0,000;1,998;20,354;0,100;24,198;0,230;65,165;0,000;68,034;0,000;59,015;0,000;60,308;0,000;0;0;0;66,058;0,000;66,058;0,000;66,058;0,000;66,058;0,000;66,058;0,000;66,058;0,000;66,058;0,000;66,058;0,000;12,509;0,300
3736501001;11,772;1,100;16,724;0,200;11,772;1,600;11,772;6,288;24,700;0,300;11,772;1,726;26,713;0,156;26,206;0,260;21,519;10,700;26,422;0,200;0;0;0;22,291;1,200;24,492;0,500;24,492;0,600;24,492;0,300;24,492;0,600;24,492;0,700;24,492;0,700;24,492;0,400;17,319;0,900
3736601001;9,005;0,400;47,280;0,000;9,005;0,700;6,590;1,652;6,590;0,300;9,005;0,520;59,295;0,000;59,047;0,000;44,122;0,000;59,436;0,000;0;0;0;53,279;0,000;56,945;0,000;56,945;0,000;56,945;0,000;56,945;0,000;56,945;0,000;56,945;0,000;56,945;0,000;12,901;0,300
3736701001;14,677;0,300;43,452;0,000;6,422;0,900;6,422;2,016;14,259;0,300;13,132;0,780;78,898;0,000;78,779;0,000;44,382;0,000;79,261;0,000;0;0;0;49,411;0,000;76,519;0,000;76,519;0,000;76,519;0,000;76,519;0,000;76,519;0,000;76,519;0,000;76,519;0,000;28,179;0,100
3736801001;18,850;0,200;31,574;0,000;18,850;0,400;6,342;1,656;21,765;0,100;18,850;0,390;42,980;0,000;42,843;0,000;38,447;0,000;43,331;0,000;0;0;0;39,766;0,000;40,606;0,000;40,606;0,000;40,606;0,000;40,606;0,000;40,606;0,000;40,606;0,000;40,606;0,000;21,910;0,100
3736901001;12,850;0,400;27,526;0,100;12,850;0,600;0,000;2,922;26,755;0,100;12,850;0,650;38,518;0,000;38,206;0,000;33,835;0,000;38,562;0,000;0;0;0;34,676;0,000;36,193;0,000;36,193;0,000;36,193;0,000;36,193;0,000;36,193;0,000;36,193;0,000;36,193;0,000;22,660;0,200
3737001001;10,650;0,500;36,343;0,000;10,650;0,600;8,571;2,628;25,901;0,100;10,650;0,750;46,091;0,000;45,426;0,000;37,253;0,000;45,474;0,000;0;0;0;40,967;0,000;43,954;0,000;43,954;0,000;43,798;0,000;43,798;0,000;43,954;0,000;43,798;0,000;43,954;0,000;13,842;0,400
3737101001;31,682;0,000;38,763;0,000;6,203;0,600;6,203;0,890;42,698;0,000;30,802;0,000;105,943;0,000;72,261;0,000;42,698;0,000;108,334;0,000;0;0;0;32,688;0,000;104,226;0,000;104,226;0,000;91,571;0,000;104,226;0,000;91,571;0,000;104,226;0,000;104,226;0,000;12,894;0,400
3737201001;16,678;1,100;18,520;0,200;4,422;2,400;4,422;9,786;17,271;0,400;11,198;2,502;19,557;0,156;15,778;0,260;3,194;15,000;4,784;3,100;0;0;0;16,310;1,200;16,841;0,500;16,544;0,600;16,544;0,300;16,310;0,600;16,310;0,700;16,310;0,700;16,544;0,400;9,331;1,800
3737301001;16,570;0,200;22,892;0,100;16,570;0,500;0,000;3,308;20,410;0,200;16,570;0,520;67,940;0,000;68,277;0,000;21,563;0,100;69,086;0,000;0;0;0;28,979;0,100;65,590;0,000;65,590;0,000;65,590;0,000;65,590;0,000;65,590;0,000;65,590;0,000;65,590;0,000;28,979;0,100
3737401001;14,771;1,400;26,677;0,100;0,000;2,600;0,000;9,316;18,097;0,500;6,189;2,918;26,286;0,156;23,280;0,260;6,246;13,200;6,189;2,400;0;0;0;23,325;1,200;25,404;0,500;24,132;0,600;24,132;0,300;24,706;0,600;23,325;0,700;23,325;0,700;24,132;0,400;13,468;1,400
3737501001;18,852;1,100;23,671;0,100;4,094;2,500;0,000;10,574;20,858;0,500;3,843;3,048;23,562;0,156;20,293;0,260;9,561;14,200;3,843;3,200;0;0;0;20,584;1,200;22,281;0,500;21,160;0,600;21,160;0,300;21,595;0,600;20,584;0,700;20,584;0,700;21,160;0,400;12,189;1,400
3737601001;0,000;1,000;39,462;0,000;0,000;1,500;3,868;2,276;3,868;0,600;0,000;1,560;64,444;0,000;64,387;0,000;37,395;0,000;64,921;0,000;0;0;0;45,548;0,000;62,058;0,000;62,058;0,000;62,058;0,000;62,058;0,000;62,058;0,000;62,058;0,000;62,058;0,000;21,333;0,100
3737601002;3,868;0,600;43,296;0,000;3,868;1,000;0,000;2,644;0,000;1,000;3,868;0,910;64,743;0,000;64,589;0,000;41,249;0,000;65,049;0,000;0;0;0;49,388;0,000;62,370;0,000;62,370;0,000;62,370;0,000;62,370;0,000;62,370;0,000;62,370;0,000;62,370;0,000;17,908;0,100
3737701001;8,412;0,300;32,619;0,000;8,412;0,600;10,454;1,760;11,646;0,300;8,412;0,650;69,852;0,000;69,949;0,000;32,010;0,000;70,593;0,000;0;0;0;38,730;0,000;67,462;0,000;67,462;0,000;67,462;0,000;67,462;0,000;67,462;0,000;67,462;0,000;67,462;0,000;29,546;0,100
3737801001;13,297;0,300;18,869;0,100;18,869;0,400;8,009;2,178;19,203;0,100;8,009;0,910;82,126;0,000;58,995;0,000;19,203;0,100;84,401;0,000;0;0;0;13,610;0,300;80,297;0,000;80,297;0,000;78,794;0,000;80,297;0,000;78,794;0,000;80,297;0,000;80,297;0,000;8,644;0,700
3737901001;16,447;1,000;24,263;0,200;12,845;1,800;12,845;6,894;24,462;0,300;16,447;1,882;27,735;0,156;26,391;0,260;12,845;12,100;25,741;0,400;0;0;0;20,945;1,200;24,933;0,500;24,933;0,600;24,057;0,300;24,057;0,600;24,933;0,700;24,057;0,700;24,933;0,400;0,000;1,900
3738001001;15,294;0,900;10,721;0,400;12,513;1,700;10,721;8,062;15,472;0,300;11,880;2,086;17,942;0,156;17,160;0,260;12,513;13,000;17,164;0,600;0;0;0;12,724;1,400;15,939;0,500;15,939;0,600;15,488;0,300;15,488;0,600;15,965;0,700;15,488;0,700;15,965;0,400;12,724;1,400
3738101001;22,906;0,100;55,523;0,000;7,117;0,900;7,117;1,548;20,537;0,100;22,325;0,260;82,240;0,000;83,163;0,000;56,323;0,000;76,223;0,000;0;0;0;61,467;0,000;81,181;0,000;81,181;0,000;81,181;0,000;81,181;0,000;81,181;0,000;81,181;0,000;81,181;0,000;26,494;0,100
3738201001;12,015;0,500;38,188;0,000;12,655;1,100;12,015;3,922;13,899;0,300;12,015;0,832;39,753;0,000;36,711;0,000;12,162;1,800;10,193;1,900;0;0;0;36,792;0,000;38,793;0,000;37,568;0,000;37,568;0,000;38,099;0,000;35,456;0,000;36,792;0,000;37,568;0,000;0,000;1,200
4000101001;13,468;1,100;8,971;0,300;13,274;2,000;0,000;9,382;14,151;0,800;13,784;2,340;15,223;0,156;12,260;0,600;8,971;13,100;8,971;1,500;0;0;0;8,971;2,000;13,707;0,900;13,679;0,600;13,679;0,300;13,679;1,200;13,679;0,600;13,679;1,200;13,679;0,300;13,679;0,800
4000201001;13,311;1,100;21,188;0,100;9,345;2,000;9,345;9,220;13,533;0,800;13,533;2,340;12,131;0,468;13,220;0,600;11,141;11,900;15,288;0,500;0;0;0;13,012;1,900;13,012;0,900;13,012;0,600;13,996;0,300;13,012;1,200;13,996;0,700;13,012;1,200;13,996;0,300;2,529;1,000
4000301001;17,337;0,300;48,069;0,000;8,006;1,300;8,487;2,452;17,337;0,300;15,066;0,806;45,739;0,000;39,710;0,000;15,066;0,800;48,858;0,000;0;0;0;27,888;0,100;46,345;0,000;46,345;0,000;39,117;0,000;46,345;0,000;17,337;0,100;46,345;0,000;47,273;0,000;16,806;0,100
4000401001;19,198;0,200;38,593;0,000;0,000;1,800;0,000;3,920;19,198;0,200;17,661;0,676;30,836;0,000;30,315;0,000;13,145;1,200;33,974;0,000;0;0;0;31,468;0,000;31,468;0,000;31,468;0,000;32,407;0,000;31,468;0,000;25,799;0,100;31,468;0,000;32,407;0,000;22,514;0,100
4000501001;28,651;0,200;28,644;0,200;16,121;0,800;16,121;2,004;5,073;0,600;16,121;0,616;29,306;0,156;28,483;0,100;18,650;0,600;72,508;0,000;0;0;0;5,073;0,400;28,777;0,100;28,777;0,100;28,777;0,100;28,777;0,100;28,777;0,100;76,091;0,000;34,767;0,000;28,777;0,100
4000601001;6,546;0,600;47,055;0,000;5,298;1,100;6,546;1,240;6,546;0,300;5,298;1,326;41,686;0,000;43,416;0,000;38,809;0,000;44,564;0,000;0;0;0;30,475;0,000;42,674;0,000;42,674;0,000;43,608;0,000;42,674;0,000;23,450;0,100;42,674;0,000;43,608;0,000;31,946;0,000
4000701001;15,008;0,600;35,335;0,000;2,728;1,400;16,985;2,956;23,262;0,400;15,008;1,222;27,116;0,156;28,133;0,100;21,596;3,900;28,920;0,100;0;0;0;27,526;0,600;28,091;0,300;28,091;0,200;28,740;0,100;28,091;0,400;0,000;1,200;28,091;0,400;28,740;0,100;20,806;0,200
4000801001;28,994;0,200;28,972;0,200;15,163;0,700;15,163;2,004;7,991;0,600;15,163;0,460;29,617;0,156;28,690;0,100;17,029;0,600;69,325;0,000;0;0;0;7,991;0,400;29,081;0,100;29,081;0,100;29,081;0,100;29,081;0,100;29,081;0,100;79,331;0,000;32,441;0,000;29,081;0,100
4000901001;20,724;0,600;23,984;0,200;14,584;1,000;15,989;1,812;19,149;0,500;18,649;0,876;24,622;0,156;24,887;0,100;23,307;0,200;65,235;0,000;0;0;0;19,149;0,200;24,382;0,100;24,382;0,100;24,382;0,200;24,382;0,100;24,382;0,200;63,027;0,000;46,256;0,000;24,382;0,100
4001001001;15,841;0,300;37,190;0,000;6,084;1,300;6,084;3,260;11,479;0,500;6,084;2,180;38,859;0,000;11,479;0,360;22,731;0,500;14,899;0,300;0;0;0;37,190;0,000;38,067;0,000;38,331;0,000;38,384;0,000;38,331;0,000;30,548;0,000;38,067;0,000;38,384;0,000;18,237;0,200
4001201001;25,533;0,500;32,621;0,000;7,820;1,600;4,931;6,496;25,533;0,500;10,280;1,820;25,877;0,156;24,632;0,320;8,030;5,500;28,833;0,100;0;0;0;26,328;0,600;26,328;0,300;26,328;0,200;27,189;0,100;26,328;0,400;26,983;0,300;26,328;0,400;27,189;0,100;19,349;0,200
4001301001;11,317;0,500;37,365;0,000;4,869;1,400;9,260;2,176;11,317;0,400;13,630;0,780;37,929;0,000;38,855;0,000;17,515;0,600;55,417;0,000;0;0;0;17,515;0,100;38,017;0,000;38,017;0,000;26,776;0,100;38,017;0,000;22,717;0,200;54,441;0,000;54,441;0,000;13,537;0,300
4001401001;15,583;0,500;19,105;0,200;13,958;1,000;11,837;1,968;19,063;0,400;18,580;0,746;19,748;0,156;20,111;0,100;19,077;0,300;69,996;0,000;0;0;0;19,546;0,200;19,546;0,100;19,546;0,100;19,546;0,200;19,546;0,100;19,546;0,200;67,753;0,000;42,638;0,000;19,546;0,100
4001501001;15,935;0,200;35,504;0,000;9,598;1,300;9,598;3,096;14,786;0,400;9,598;1,820;38,000;0,000;15,127;0,120;23,838;0,300;13,462;0,300;0;0;0;35,504;0,000;37,080;0,000;37,356;0,000;37,356;0,000;37,356;0,000;28,018;0,100;37,080;0,000;37,356;0,000;17,697;0,200
4001601001;17,776;0,200;37,201;0,000;7,536;0,900;7,536;1,056;17,776;0,200;7,541;0,754;37,809;0,000;37,670;0,000;34,438;0,000;56,772;0,000;0;0;0;18,237;0,100;37,430;0,000;37,430;0,000;37,430;0,000;37,430;0,000;33,705;0,000;54,906;0,000;53,512;0,000;37,430;0,000
4001701001;16,658;0,500;15,931;0,100;9,407;1,500;3,653;6,838;17,233;0,400;9,407;1,690;17,660;0,156;14,034;0,520;10,455;6,600;15,931;0,600;0;0;0;15,931;0,700;16,682;0,300;16,951;0,200;16,951;0,100;16,951;0,400;16,951;0,200;16,682;0,400;16,951;0,100;16,951;0,300
4001801001;17,388;0,500;18,782;0,100;11,150;1,500;5,440;6,354;17,825;0,400;11,150;1,820;17,830;0,156;14,408;0,520;5,567;6,400;18,782;0,500;0;0;0;17,289;0,700;17,289;0,300;17,448;0,200;17,686;0,100;17,448;0,400;17,686;0,200;17,289;0,400;17,686;0,100;17,686;0,300
4001901001;10,377;0,600;38,787;0,000;11,535;1,200;10,377;2,416;10,377;0,300;10,377;1,144;29,541;0,156;31,595;0,000;28,801;0,500;32,295;0,000;0;0;0;30,547;0,000;30,547;0,000;30,547;0,000;31,450;0,000;30,547;0,000;13,147;0,300;30,547;0,000;31,450;0,000;20,135;0,100
4002001001;4,321;0,700;45,296;0,000;12,875;0,700;18,883;0,864;18,883;0,100;4,321;1,222;36,608;0,000;38,001;0,000;32,269;0,000;38,762;0,000;0;0;0;37,273;0,000;37,616;0,000;37,616;0,000;38,366;0,000;37,616;0,000;10,689;0,300;37,616;0,000;38,366;0,000;28,778;0,100
4002101001;8,134;0,400;39,156;0,000;10,157;1,000;8,134;2,416;8,134;0,300;8,134;0,702;29,877;0,156;31,618;0,000;28,950;0,200;32,778;0,000;0;0;0;30,862;0,000;30,862;0,000;30,862;0,000;31,800;0,000;30,862;0,000;16,101;0,100;30,862;0,000;31,800;0,000;20,137;0,100
4002201001;18,218;0,400;20,469;0,100;10,797;1,500;6,226;6,224;18,579;0,400;10,797;1,820;18,388;0,156;15,188;0,320;3,555;6,600;19,976;0,500;0;0;0;18,066;0,700;18,066;0,300;18,141;0,200;18,509;0,100;18,141;0,400;18,509;0,200;18,066;0,400;18,509;0,100;18,509;0,300
4002401001;33,792;0,000;44,131;0,000;0,000;1,600;0,000;2,460;20,678;0,200;0,000;1,430;44,774;0,000;43,832;0,000;25,265;0,300;62,800;0,000;0;0;0;20,678;0,100;44,237;0,000;43,377;0,000;43,377;0,000;44,237;0,000;43,377;0,000;79,757;0,000;43,377;0,000;43,377;0,000
4002501001;19,073;0,200;39,175;0,000;4,914;1,200;4,914;1,680;18,233;0,200;9,374;0,884;39,801;0,000;39,573;0,000;36,045;0,000;57,097;0,000;0;0;0;18,233;0,100;39,397;0,000;39,397;0,000;39,397;0,000;39,397;0,000;32,743;0,000;55,337;0,000;53,989;0,000;39,397;0,000
4002601001;11,352;1,400;20,161;0,100;11,352;2,300;2,575;9,808;11,352;1,000;10,151;2,626;11,372;0,468;12,856;0,600;10,151;12,700;13,589;0,800;0;0;0;12,057;1,900;12,375;0,900;12,375;0,600;13,119;0,300;12,375;1,200;12,653;0,700;12,375;1,200;13,119;0,300;6,579;0,700
4002801001;12,899;0,600;21,766;0,200;0,000;2,100;5,082;5,122;25,880;0,400;13,151;1,690;28,392;0,156;25,198;0,200;11,568;6,200;20,861;0,700;0;0;0;21,766;0,900;26,922;0,400;26,924;0,200;26,924;0,100;26,924;0,400;26,924;0,200;26,922;0,400;26,924;0,100;24,278;0,300
4002901001;30,099;0,000;31,483;0,000;8,638;0,700;8,638;1,176;6,630;0,300;19,205;0,286;32,151;0,000;31,601;0,000;25,512;0,300;69,457;0,000;0;0;0;6,630;0,300;31,666;0,000;31,666;0,000;31,666;0,000;31,666;0,000;31,666;0,000;67,688;0,000;42,272;0,000;31,666;0,000
4003001001;28,437;0,400;30,948;0,000;5,131;1,500;6,733;5,156;15,937;0,400;5,131;2,180;28,360;0,156;15,937;0,220;6,733;4,900;30,254;0,000;0;0;0;28,245;0,500;28,245;0,300;28,249;0,200;28,720;0,100;28,249;0,300;28,720;0,300;28,245;0,400;28,720;0,100;27,108;0,200
4003101001;5,910;1,200;12,823;0,300;5,167;2,100;2,992;11,120;5,761;0,900;5,761;2,600;4,626;0,936;4,669;0,900;4,626;14,200;7,681;1,100;0;0;0;5,167;2,100;5,167;0,900;5,167;0,600;6,102;0,300;5,167;1,200;6,102;0,700;5,167;1,200;6,102;0,300;6,102;0,700
4003201001;21,479;0,200;38,339;0,000;0,000;1,600;0,000;2,304;15,117;0,200;14,284;0,884;38,991;0,000;38,612;0,000;34,078;0,000;61,323;0,000;0;0;0;15,117;0,100;38,546;0,000;38,546;0,000;38,546;0,000;38,546;0,000;35,934;0,000;59,640;0,000;50,898;0,000;38,546;0,000
4003301001;11,065;1,100;19,152;0,100;10,880;2,000;8,100;9,652;11,366;0,800;11,336;2,600;9,946;0,468;11,493;0,600;9,946;12,600;13,041;0,700;0;0;0;10,880;1,900;10,880;0,900;10,880;0,600;11,851;0,300;10,880;1,200;11,794;0,700;10,880;1,200;11,851;0,300;0,000;1,400
4003401001;15,369;0,600;31,048;0,000;2,914;1,800;2,914;4,644;15,369;0,400;15,369;1,352;21,799;0,156;23,321;0,200;20,645;4,400;24,810;0,100;0;0;0;22,758;0,600;22,758;0,300;22,758;0,200;23,717;0,100;22,758;0,400;16,500;0,300;22,758;0,400;23,717;0,100;11,908;0,400
4003501001;11,593;1,100;18,495;0,100;10,946;2,100;5,733;9,908;11,535;0,800;11,535;2,470;10,304;0,468;10,169;0,600;6,553;13,000;13,445;0,700;0;0;0;10,946;1,900;10,946;0,900;10,946;0,600;11,898;0,300;10,946;1,200;11,898;0,700;10,946;1,200;11,898;0,300;4,982;1,000
4003601001;7,385;0,400;41,441;0,000;5,597;1,300;7,385;2,460;7,385;0,300;7,385;0,832;32,446;0,000;33,270;0,000;24,958;0,700;35,592;0,000;0;0;0;33,325;0,000;33,325;0,000;33,325;0,000;34,310;0,000;33,325;0,000;24,707;0,100;33,325;0,000;34,310;0,000;22,580;0,100
4003701001;15,427;0,500;35,737;0,000;4,695;1,500;12,515;1,932;15,427;0,300;17,118;0,806;36,335;0,000;37,151;0,000;21,620;0,400;58,537;0,000;0;0;0;21,620;0,100;36,357;0,000;36,357;0,000;27,767;0,100;36,357;0,000;25,960;0,200;56,073;0,000;57,040;0,000;18,147;0,100
4003901001;25,662;0,300;25,672;0,200;15,117;0,700;15,117;1,848;0,000;1,200;20,678;0,486;26,344;0,156;25,675;0,100;18,963;0,400;75,003;0,000;0;0;0;0,000;1,100;25,836;0,100;25,836;0,100;25,836;0,100;25,836;0,100;25,836;0,100;73,143;0,000;35,844;0,000;25,836;0,100
4004001001;0,000;1,100;46,386;0,000;4,931;1,400;0,000;2,452;0,000;1,000;0,000;1,924;37,158;0,000;38,517;0,000;32,272;0,000;40,178;0,000;0;0;0;35,668;0,000;38,109;0,000;38,109;0,000;39,073;0,000;38,109;0,000;23,262;0,100;38,109;0,000;39,073;0,000;27,235;0,100
4004001002;4,931;0,700;46,967;0,000;0,000;1,900;4,931;2,104;4,931;0,600;4,931;1,404;37,914;0,000;38,830;0,000;28,814;0,100;41,040;0,000;0;0;0;36,887;0,000;38,810;0,000;38,810;0,000;39,792;0,000;38,810;0,000;27,305;0,100;38,810;0,000;39,792;0,000;28,002;0,100
4004002001;9,509;0,400;45,188;0,000;4,998;1,500;4,883;2,452;9,509;0,300;9,509;0,962;36,427;0,000;36,897;0,000;24,032;0,700;39,610;0,000;0;0;0;37,254;0,000;37,254;0,000;37,254;0,000;38,239;0,000;37,254;0,000;29,741;0,100;37,254;0,000;38,239;0,000;26,753;0,100
4004101001;14,176;0,800;19,489;0,100;13,625;2,200;0,000;9,200;14,205;0,500;13,651;2,210;13,359;0,468;11,595;0,400;3,953;10,800;16,058;0,500;0;0;0;13,625;1,500;13,625;0,900;13,625;0,600;14,395;0,300;13,625;1,000;14,395;0,600;13,625;1,200;14,395;0,300;10,714;0,700
4004301001;22,440;0,300;25,897;0,100;4,777;1,500;0,000;6,640;22,632;0,300;4,777;1,820;22,143;0,156;19,477;0,320;0,000;6,500;24,308;0,200;2;0;2;22,141;0,700;22,141;0,300;22,141;0,200;22,709;0,100;22,141;0,400;22,709;0,200;22,141;0,400;22,709;0,100;20,376;0,200
4004301002;27,008;0,400;30,667;0,000;0,000;1,900;4,777;6,236;20,233;0,400;0,000;2,730;26,584;0,156;20,233;0,320;4,777;6,000;28,890;0,100;0;0;0;26,653;0,600;26,653;0,300;26,653;0,200;27,269;0,100;26,653;0,400;27,269;0,300;26,653;0,400;27,269;0,100;23,709;0,200
4004401001;12,378;0,400;38,506;0,000;9,664;1,100;6,952;1,516;12,378;0,300;11,693;1,014;39,149;0,000;39,536;0,000;33,881;0,000;50,620;0,000;0;0;0;30,124;0,000;38,962;0,000;38,962;0,000;37,919;0,000;38,962;0,000;35,558;0,000;48,354;0,000;49,339;0,000;32,099;0,000
4004501001;3,584;0,700;53,033;0,000;17,747;0,600;18,759;0,744;20,315;0,100;3,584;1,222;44,241;0,000;45,728;0,000;40,060;0,000;46,480;0,000;0;0;0;33,857;0,000;45,254;0,000;45,254;0,000;46,029;0,000;45,254;0,000;18,463;0,100;45,254;0,000;46,029;0,000;36,024;0,000
4004601001;16,899;0,200;43,856;0,000;5,517;0,900;5,517;1,056;20,196;0,200;14,962;0,884;44,508;0,000;44,126;0,000;39,056;0,000;58,319;0,000;0;0;0;20,196;0,100;44,062;0,000;44,062;0,000;44,062;0,000;44,062;0,000;31,759;0,000;56,789;0,000;55,692;0,000;44,062;0,000
4004701001;20,170;0,300;30,764;0,000;11,330;0,800;14,293;1,324;20,170;0,300;16,481;0,416;31,407;0,000;31,869;0,000;30,764;0,000;58,520;0,000;0;0;0;26,465;0,100;31,252;0,000;31,252;0,000;30,286;0,000;31,252;0,000;30,286;0,000;56,224;0,000;54,320;0,000;30,446;0,000
4004801001;17,665;0,300;32,288;0,000;13,224;1,000;13,193;1,204;17,665;0,300;13,224;0,728;32,931;0,000;33,284;0,000;31,904;0,000;56,812;0,000;0;0;0;25,072;0,100;32,729;0,000;32,729;0,000;32,729;0,000;32,729;0,000;32,729;0,000;54,571;0,000;54,776;0,000;32,729;0,000
4004901001;7,959;0,600;50,734;0,000;10,251;0,700;12,042;0,900;12,042;0,300;7,959;1,326;41,564;0,000;43,494;0,000;39,603;0,000;44,183;0,000;0;0;0;31,713;0,000;42,579;0,000;42,579;0,000;43,451;0,000;42,579;0,000;19,388;0,100;42,579;0,000;43,451;0,000;32,375;0,000
4005101001;18,864;0,200;30,657;0,000;12,125;0,700;16,310;0,828;18,864;0,200;12,125;0,598;31,292;0,000;31,504;0,000;29,587;0,100;58,796;0,000;0;0;0;21,072;0,100;31,033;0,000;31,033;0,000;31,033;0,000;31,033;0,000;31,033;0,000;56,632;0,000;51,838;0,000;31,033;0,000
4005201001;27,117;0,400;27,155;0,200;11,212;1,000;11,212;2,160;6,479;0,600;19,310;0,616;27,811;0,156;27,409;0,100;23,462;0,400;68,939;0,000;0;0;0;6,479;0,400;27,358;0,100;27,358;0,100;27,358;0,100;27,358;0,100;27,358;0,100;67,027;0,000;41,256;0,000;27,358;0,100
4005301001;12,042;0,400;50,423;0,000;12,089;0,800;12,089;0,936;24,082;0,200;12,042;0,884;51,073;0,000;50,701;0,000;45,324;0,000;54,781;0,000;0;0;0;26,604;0,100;50,630;0,000;50,630;0,000;50,630;0,000;50,630;0,000;27,002;0,100;53,460;0,000;54,262;0,000;43,876;0,000
4005401001;15,979;0,200;51,660;0,000;13,880;0,800;13,880;1,248;26,765;0,200;15,979;0,572;52,323;0,000;51,838;0,000;44,848;0,000;58,863;0,000;0;0;0;26,765;0,100;51,853;0,000;51,853;0,000;51,853;0,000;51,853;0,000;30,519;0,000;57,654;0,000;58,426;0,000;48,345;0,000
4005501001;26,994;0,300;27,017;0,200;12,392;0,900;12,392;2,160;3,124;0,800;21,618;0,486;27,686;0,156;27,132;0,100;21,834;0,400;71,886;0,000;0;0;0;3,124;0,700;27,199;0,100;27,199;0,100;27,199;0,100;27,199;0,100;27,199;0,100;70,022;0,000;38,794;0,000;27,199;0,100
4005601001;16,302;0,200;36,721;0,000;12,780;1,300;8,597;1,460;16,302;0,200;15,953;0,416;37,362;0,000;37,873;0,000;30,764;0,000;52,945;0,000;0;0;0;31,589;0,000;37,230;0,000;37,230;0,000;34,322;0,000;37,230;0,000;33,058;0,000;50,603;0,000;51,589;0,000;28,027;0,100
4005701001;16,307;0,500;32,891;0,000;10,772;1,100;4,782;4,774;4,782;1,100;4,782;3,030;46,805;0,000;4,782;0,720;20,391;1,100;26,345;0,300;0;0;0;42,383;0,000;37,229;0,000;46,385;0,000;46,804;0,000;37,229;0,000;26,327;0,100;46,385;0,000;46,385;0,000;26,485;0,100
4005701002;20,433;0,400;34,943;0,000;5,990;1,000;0,000;5,042;0,000;1,300;0,000;2,830;43,177;0,000;0,000;1,200;20,617;0,900;23,089;0,100;0;0;0;42,777;0,000;39,822;0,000;42,892;0,000;43,195;0,000;39,822;0,000;29,356;0,100;42,777;0,000;43,195;0,000;24,083;0,200
4005801001;10,884;0,500;36,776;0,000;8,446;1,100;8,446;2,840;9,573;0,400;8,446;1,690;43,064;0,000;16,435;0,120;28,839;0,100;8,446;0,300;0;0;0;39,636;0,000;42,100;0,000;42,359;0,000;42,359;0,000;42,359;0,000;24,091;0,100;42,100;0,000;42,359;0,000;12,484;0,400
4005901001;16,039;0,600;26,930;0,100;6,065;1,300;8,472;4,700;16,039;0,400;14,730;1,326;18,418;0,156;19,646;0,200;14,730;4,800;20,413;0,300;0;0;0;18,953;0,700;19,408;0,300;19,408;0,200;20,103;0,100;19,408;0,400;8,791;0,500;19,408;0,400;20,103;0,100;12,332;0,400
4006001001;10,251;0,600;47,043;0,000;5,760;1,000;10,251;1,000;10,251;0,400;5,760;1,326;43,778;0,000;45,729;0,000;42,514;0,000;46,548;0,000;0;0;0;28,582;0,100;44,781;0,000;44,781;0,000;45,691;0,000;44,781;0,000;23,349;0,100;44,781;0,000;45,691;0,000;34,237;0,000
4006101001;33,950;0,000;36,002;0,000;10,084;1,200;10,084;1,836;11,036;0,400;10,084;0,676;36,666;0,000;35,862;0,000;25,018;0,300;70,888;0,000;0;0;0;11,036;0,300;36,140;0,000;36,140;0,000;36,140;0,000;36,140;0,000;36,140;0,000;73,952;0,000;40,597;0,000;36,140;0,000
4006201001;15,048;0,600;32,484;0,000;7,076;1,400;7,076;3,800;15,048;0,400;15,048;1,222;23,225;0,156;25,261;0,200;23,136;4,300;26,018;0,100;0;0;0;24,228;0,600;24,228;0,300;24,228;0,200;25,138;0,100;24,228;0,400;12,546;0,500;24,228;0,400;25,138;0,100;13,816;0,400
4006301001;0,000;1,400;40,231;0,000;0,537;1,600;0,000;7,632;0,000;1,400;0,000;3,090;44,220;0,000;29,356;0,120;0,537;3,300;38,283;0,000;0;0;0;28,247;0,100;39,600;0,000;39,686;0,000;43,480;0,000;39,600;0,000;0,000;1,000;39,686;0,000;39,686;0,000;13,275;0,300
4006301002;0,424;1,400;39,951;0,000;0,960;1,600;0,000;7,952;0,424;1,400;0,424;3,090;43,921;0,000;29,673;0,120;0,960;3,300;38,229;0,000;0;0;0;27,909;0,100;39,349;0,000;39,380;0,000;43,210;0,000;39,349;0,000;0,424;1,000;39,380;0,000;39,380;0,000;12,967;0,300
4006301003;2,294;0,900;42,210;0,000;2,290;1,200;2,290;5,536;2,294;0,700;0,000;2,700;46,124;0,000;30,619;0,000;0,000;3,000;40,575;0,000;2;0;2;27,295;0,100;41,564;0,000;41,564;0,000;44,370;0,000;41,564;0,000;2,294;0,600;41,564;0,000;41,564;0,000;12,196;0,300
4006302001;0,537;1,300;40,566;0,000;0,000;1,600;0,000;7,632;0,537;1,300;0,537;3,090;44,579;0,000;28,939;0,120;0,000;3,300;38,328;0,000;2;0;2;28,694;0,100;39,899;0,000;40,055;0,000;43,801;0,000;39,899;0,000;0,537;1,000;40,055;0,000;40,055;0,000;13,692;0,300
4006302002;0,732;1,300;40,752;0,000;0,956;1,600;0,732;7,632;0,732;1,200;0,732;3,090;44,708;0,000;29,881;0,120;0,956;3,300;39,002;0,000;0;0;0;27,778;0,100;40,163;0,000;40,163;0,000;44,017;0,000;40,163;0,000;0,732;1,000;40,163;0,000;40,163;0,000;12,756;0,300
4006302003;10,929;0,600;44,210;0,000;10,441;0,900;0,000;5,448;10,929;0,500;10,929;2,050;44,671;0,000;18,984;0,120;5,871;2,400;36,110;0,000;0;0;0;39,062;0,000;42,765;0,000;44,474;0,000;45,491;0,000;42,765;0,000;10,929;0,300;44,474;0,000;44,474;0,000;23,982;0,100
4006302004;2,795;0,900;42,923;0,000;2,379;1,200;2,379;6,004;2,795;0,800;2,094;2,440;46,951;0,000;28,723;0,120;2,094;2,900;40,136;0,000;0;0;0;29,351;0,100;42,222;0,000;42,430;0,000;46,146;0,000;42,222;0,000;2,795;0,600;42,430;0,000;42,430;0,000;14,248;0,300
4006501001;10,120;0,900;37,596;0,000;10,120;1,000;5,282;5,970;11,602;0,600;7,265;2,380;42,142;0,000;18,980;0,120;11,340;2,400;29,505;0,100;0;0;0;36,014;0,000;36,014;0,000;38,049;0,000;40,343;0,000;36,014;0,000;11,602;0,300;38,049;0,000;38,049;0,000;24,501;0,100
4006801001;27,626;0,200;31,698;0,000;9,060;1,300;9,060;4,170;12,511;0,400;9,060;2,050;30,667;0,000;12,511;0,460;11,035;1,800;27,043;0,100;0;0;0;30,280;0,000;30,280;0,000;30,387;0,000;30,704;0,000;30,387;0,000;30,704;0,000;30,280;0,000;30,704;0,000;30,296;0,000
4006901001;4,113;0,900;26,427;0,100;9,516;1,300;6,594;4,168;6,594;0,500;6,594;1,790;52,319;0,000;16,836;0,250;35,871;0,000;9,516;0,500;0;0;0;46,333;0,000;32,742;0,000;50,776;0,000;50,776;0,000;32,742;0,000;25,325;0,100;50,776;0,000;50,776;0,000;7,722;0,600
4007001001;9,736;0,400;49,195;0,000;11,778;0,900;11,778;0,900;19,098;0,200;9,736;1,066;48,777;0,000;49,571;0,000;45,855;0,000;51,255;0,000;0;0;0;26,895;0,100;49,414;0,000;49,414;0,000;49,414;0,000;49,414;0,000;24,494;0,100;49,796;0,000;50,633;0,000;39,881;0,000
4007101001;23,684;0,400;29,838;0,200;9,985;1,100;9,985;1,692;12,236;0,600;13,849;0,984;30,457;0,000;30,269;0,000;26,946;0,300;63,522;0,000;0;0;0;12,236;0,300;30,063;0,000;30,063;0,000;30,063;0,000;30,063;0,000;30,063;0,000;61,564;0,000;46,409;0,000;30,063;0,000
4007201001;9,220;1,000;14,879;0,300;8,672;1,900;4,958;10,180;9,250;0,700;9,250;2,340;8,447;0,468;6,730;0,600;2,510;14,000;11,100;1,000;0;0;0;8,672;2,100;8,672;0,900;8,672;0,600;9,438;0,300;8,672;1,200;9,438;0,700;8,672;1,200;9,438;0,300;8,725;0,700
4007301001;22,232;0,400;30,383;0,000;8,212;1,500;8,212;5,680;22,232;0,300;14,115;1,300;22,725;0,156;22,104;0,200;12,940;5,300;25,835;0,100;0;0;0;23,321;0,600;23,321;0,300;23,321;0,200;24,249;0,100;23,321;0,400;24,249;0,300;23,321;0,400;24,249;0,100;15,029;0,200
4007401001;18,512;0,400;23,683;0,100;10,079;1,300;4,337;6,412;18,535;0,400;10,079;1,560;17,659;0,156;15,914;0,320;5,109;5,900;20,393;0,300;0;0;0;17,952;0,700;17,952;0,300;17,952;0,200;18,731;0,100;17,952;0,400;18,731;0,200;17,952;0,400;18,731;0,100;13,630;0,400
4007501001;17,373;0,500;23,924;0,100;10,201;1,500;6,219;6,064;17,281;0,400;15,573;1,170;16,082;0,156;15,596;0,200;9,612;5,900;19,199;0,300;0;0;0;16,688;0,700;16,688;0,300;16,688;0,200;17,622;0,100;16,688;0,400;17,622;0,300;16,688;0,400;17,622;0,100;9,018;0,400
4007601001;14,142;0,700;19,203;0,100;0,000;2,200;5,105;5,680;5,105;0,600;6,365;1,920;28,358;0,156;25,944;0,200;5,647;7,600;10,546;1,800;0;0;0;5,105;1,000;23,213;0,400;26,447;0,200;26,447;0,100;25,944;0,400;26,447;0,200;26,447;0,400;26,447;0,100;5,105;0,800
4007601002;14,773;0,700;18,621;0,100;5,105;1,100;0,000;7,228;0,000;1,300;9,083;1,530;27,224;0,156;24,541;0,200;2,106;8,100;6,864;1,700;0;0;0;0,000;1,700;25,334;0,400;25,387;0,200;25,387;0,100;24,541;0,400;25,334;0,200;25,334;0,400;25,387;0,100;0,000;1,500
4007601003;8,283;0,400;25,568;0,200;6,365;1,100;5,082;3,252;9,083;0,300;0,000;2,310;31,644;0,000;31,644;0,000;5,082;3,800;13,280;1,200;0;0;0;9,083;0,500;18,964;0,100;32,804;0,000;32,804;0,000;32,268;0,000;32,804;0,000;32,804;0,000;32,804;0,000;9,083;0,500
4007601004;11,837;0,700;21,593;0,100;5,608;1,300;2,997;5,780;2,997;0,900;7,075;1,660;30,221;0,000;27,533;0,200;3,232;7,300;9,177;1,800;0;0;0;2,997;1,300;26,011;0,400;28,383;0,200;28,383;0,100;27,533;0,400;28,329;0,200;28,329;0,400;28,383;0,100;2,997;1,100
4007602001;14,804;0,700;19,494;0,100;7,117;1,100;2,106;6,304;2,106;0,900;10,209;1,530;27,764;0,156;24,995;0,200;0,000;8,100;5,965;1,700;2;0;2;2,106;1,300;25,857;0,400;25,974;0,200;25,974;0,100;24,995;0,400;25,857;0,200;25,857;0,400;25,974;0,100;2,106;1,000
4007602002;14,971;0,700;21,086;0,100;9,647;1,000;0,000;6,260;4,756;0,900;11,801;1,530;28,920;0,156;26,075;0,200;2,657;6,800;5,302;1,700;0;0;0;4,756;1,300;27,008;0,300;27,199;0,200;27,199;0,100;26,075;0,400;27,008;0,200;27,008;0,400;27,199;0,100;4,756;1,000
4007602003;20,236;0,500;17,405;0,100;12,226;1,000;0,000;6,284;7,345;0,600;16,165;1,170;24,421;0,156;21,513;0,200;5,965;7,000;0,000;2,800;0;4;4;7,345;1,000;22,524;0,300;22,806;0,200;22,806;0,100;21,513;0,400;22,524;0,200;22,524;0,400;22,806;0,100;7,345;0,700
4007603001;19,261;0,500;14,128;0,300;10,844;1,100;3,531;5,984;6,864;0,600;15,910;1,170;21,685;0,156;18,837;0,200;5,891;7,500;0,000;3,000;0;4;4;6,864;1,200;19,774;0,300;19,976;0,200;19,976;0,100;18,837;0,400;19,774;0,200;19,774;0,400;19,976;0,100;6,091;0,700
4007604001;18,663;0,500;14,339;0,300;5,652;1,100;4,557;6,156;4,557;0,900;11,710;1,430;23,226;0,156;20,671;0,200;0,000;9,200;5,511;2,100;2;0;2;4,557;1,500;21,370;0,400;21,346;0,200;21,346;0,100;20,671;0,400;21,346;0,200;21,346;0,400;21,346;0,100;4,557;1,000
4007701001;6,648;1,200;14,729;0,300;6,446;2,000;3,999;10,460;6,929;0,900;6,915;2,600;5,510;0,468;7,362;0,600;5,510;13,500;8,627;1,100;0;0;0;6,446;2,100;6,446;0,900;6,446;0,600;7,414;0,300;6,446;1,200;7,369;0,700;6,446;1,200;7,414;0,300;4,437;1,000
4007801001;10,662;0,600;38,794;0,000;10,662;0,900;7,795;5,360;14,408;0,500;5,167;1,990;44,464;0,000;14,408;0,360;13,324;1,600;28,915;0,100;0;0;0;37,899;0,000;37,899;0,000;40,593;0,000;42,312;0,000;37,899;0,000;15,725;0,100;40,593;0,000;40,593;0,000;28,854;0,100
4007901001;29,381;0,100;37,019;0,000;10,059;1,100;10,059;1,680;11,347;0,300;13,202;0,702;37,691;0,000;37,013;0,000;28,344;0,200;70,827;0,000;0;0;0;11,347;0,300;37,182;0,000;37,182;0,000;37,182;0,000;37,182;0,000;37,182;0,000;69,237;0,000;44,253;0,000;37,182;0,000
4008001001;25,717;0,400;29,972;0,100;8,621;0,900;8,621;1,692;9,952;0,500;15,634;0,672;30,612;0,000;30,311;0,000;26,630;0,200;65,228;0,000;0;0;0;9,952;0,300;30,186;0,000;30,186;0,000;30,186;0,000;30,186;0,000;30,186;0,000;63,325;0,000;44,973;0,000;30,186;0,000
4008101001;10,644;0,500;50,488;0,000;10,464;1,200;7,762;3,768;10,644;0,400;8,434;1,170;46,598;0,000;34,145;0,000;8,434;1,800;48,583;0,000;0;0;0;27,880;0,100;47,078;0,000;47,078;0,000;42,086;0,000;47,078;0,000;10,644;0,300;47,078;0,000;47,947;0,000;14,099;0,300
4008201001;12,756;0,700;25,831;0,100;8,114;1,500;8,114;4,392;9,113;0,800;9,113;2,640;49,486;0,000;9,113;0,490;27,095;0,400;21,442;0,400;0;0;0;41,903;0,000;30,781;0,000;46,798;0,000;46,169;0,000;30,781;0,000;33,254;0,000;46,570;0,000;46,798;0,000;20,251;0,200
4008301001;19,690;0,300;39,282;0,000;6,987;1,200;10,123;2,192;19,690;0,300;19,690;0,676;39,908;0,000;40,577;0,000;24,710;0,700;52,505;0,000;0;0;0;28,020;0,100;39,852;0,000;39,852;0,000;33,684;0,000;39,852;0,000;27,002;0,100;50,071;0,000;51,046;0,000;22,237;0,100
4008401001;10,927;0,700;35,653;0,000;10,927;0,900;9,204;4,904;11,219;0,700;4,531;2,380;45,120;0,000;11,219;0,360;16,178;1,200;27,273;0,200;0;0;0;38,216;0,000;38,216;0,000;41,489;0,000;42,661;0,000;38,216;0,000;19,588;0,100;41,489;0,000;41,489;0,000;32,681;0,000
4008601001;22,161;0,200;37,352;0,000;7,021;1,100;0,000;4,660;22,161;0,300;11,588;1,170;30,792;0,000;28,614;0,220;6,158;2,100;33,728;0,000;0;0;0;31,229;0,000;31,229;0,000;31,229;0,000;32,079;0,000;31,229;0,000;22,161;0,100;31,229;0,000;32,079;0,000;24,157;0,200
4008701001;19,486;0,300;41,016;0,000;3,655;1,400;11,000;2,236;19,486;0,300;20,986;0,676;41,627;0,000;42,382;0,000;20,986;0,800;52,895;0,000;0;0;0;25,656;0,100;41,616;0,000;41,616;0,000;33,541;0,000;41,616;0,000;23,272;0,100;50,420;0,000;51,382;0,000;18,583;0,100
4008801001;9,836;0,400;45,056;0,000;5,128;1,100;0,000;2,576;9,836;0,300;9,836;1,014;41,184;0,000;41,735;0,000;27,756;0,400;44,358;0,000;0;0;0;36,697;0,000;42,027;0,000;42,027;0,000;42,656;0,000;42,027;0,000;32,394;0,000;42,027;0,000;43,013;0,000;30,939;0,000
4008901001;15,979;0,300;40,333;0,000;0,000;1,800;8,374;1,996;15,979;0,300;18,469;0,676;40,924;0,000;41,763;0,000;19,302;0,800;55,762;0,000;0;0;0;22,106;0,100;40,960;0,000;40,960;0,000;31,246;0,000;40,960;0,000;21,532;0,100;53,269;0,000;54,220;0,000;15,279;0,100
4009101001;21,848;0,400;30,577;0,000;7,731;1,200;15,294;1,496;21,848;0,300;20,084;0,546;31,212;0,000;31,815;0,000;27,633;0,100;59,595;0,000;0;0;0;27,633;0,200;31,122;0,000;31,122;0,000;27,732;0,100;31,122;0,000;27,732;0,100;57,237;0,000;55,284;0,000;26,776;0,100
4009201001;18,254;0,300;41,199;0,000;8,016;1,200;8,495;1,880;18,254;0,300;18,254;0,676;41,828;0,000;42,473;0,000;24,360;0,700;50,395;0,000;0;0;0;29,669;0,100;41,760;0,000;41,760;0,000;35,791;0,000;41,760;0,000;26,652;0,100;47,960;0,000;48,935;0,000;22,962;0,100
4009301001;11,476;0,500;38,744;0,000;6,013;0,700;20,324;1,140;21,690;0,200;11,476;0,884;30,368;0,000;31,505;0,000;25,151;0,400;32,285;0,000;0;0;0;30,860;0,000;31,356;0,000;31,356;0,000;32,038;0,000;31,356;0,000;3,559;0,600;31,356;0,000;32,038;0,000;23,492;0,100
4009401001;13,204;1,100;13,473;0,300;12,897;2,200;0,000;10,618;13,749;0,800;12,987;2,860;14,093;0,468;10,474;0,400;8,700;12,700;13,473;1,000;0;0;0;13,197;2,000;13,197;0,900;13,491;0,600;13,500;0,300;13,491;1,000;13,500;0,600;13,197;1,200;13,500;0,300;13,500;0,600
4009501001;12,830;0,400;45,039;0,000;12,294;1,000;4,033;4,852;12,830;0,400;12,617;1,660;39,991;0,000;21,606;0,120;0,000;3,700;41,985;0,000;2;0;2;39,249;0,000;40,231;0,000;40,231;0,000;40,960;0,000;40,231;0,000;12,830;0,300;40,231;0,000;40,960;0,000;24,291;0,100
4009701001;26,012;0,200;33,351;0,000;5,000;1,000;5,000;1,800;10,676;0,400;15,780;0,572;34,004;0,000;33,616;0,000;29,552;0,200;64,609;0,000;0;0;0;10,676;0,300;33,556;0,000;33,556;0,000;33,556;0,000;33,556;0,000;33,556;0,000;62,813;0,000;46,499;0,000;33,556;0,000
4009901001;17,360;0,400;18,519;0,200;18,519;0,700;9,424;2,640;13,221;0,500;17,682;0,616;19,112;0,156;19,050;0,100;16,402;0,400;72,098;0,000;0;0;0;13,221;0,400;18,753;0,100;18,753;0,100;18,753;0,200;18,753;0,100;18,753;0,200;69,967;0,000;38,487;0,000;18,753;0,100
4010001001;18,028;0,300;49,684;0,000;11,308;1,200;11,454;3,408;18,028;0,300;15,875;0,806;42,209;0,000;37,674;0,000;14,932;1,100;45,321;0,000;0;0;0;31,386;0,000;42,807;0,000;42,807;0,000;42,536;0,000;42,807;0,000;18,028;0,100;42,807;0,000;43,732;0,000;19,707;0,100
4010101001;7,773;1,000;10,408;0,300;7,456;1,900;4,106;10,012;8,237;0,800;8,237;2,340;8,407;0,468;4,844;0,900;4,844;13,900;9,418;1,100;0;0;0;7,694;2,200;7,694;0,900;7,902;0,600;8,072;0,300;7,902;1,200;8,072;0,600;7,694;1,200;8,072;0,300;8,072;0,800
4010301001;10,772;1,000;13,358;0,300;10,455;1,900;4,298;10,120;11,178;0,700;11,178;2,470;11,149;0,468;7,761;0,600;4,475;13,900;12,490;1,000;0;0;0;10,650;2,100;10,650;0,900;10,782;0,600;11,068;0,300;10,782;1,200;11,068;0,600;10,650;1,200;11,068;0,300;11,068;0,700
4010401001;20,436;0,600;19,860;0,200;5,964;1,500;5,964;4,818;15,518;0,300;5,964;1,690;28,732;0,156;26,537;0,200;0,000;9,000;14,339;1,300;2;0;2;15,518;0,900;20,253;0,400;26,885;0,200;26,885;0,100;26,885;0,400;26,885;0,200;26,885;0,400;26,885;0,100;15,518;0,300
4010501001;16,499;0,500;12,861;0,300;10,513;1,500;3,990;6,210;17,171;0,400;12,388;1,690;18,072;0,156;14,756;0,400;12,702;6,700;12,861;0,900;0;0;0;12,861;1,000;16,678;0,300;16,743;0,200;16,743;0,100;16,743;0,400;16,743;0,200;16,678;0,400;16,743;0,100;16,743;0,400
4010601001;16,783;0,200;32,795;0,000;8,491;1,100;8,491;3,060;16,950;0,200;8,491;1,300;35,543;0,000;16,950;0,120;22,579;0,700;15,254;0,100;0;0;0;32,795;0,000;34,577;0,000;34,836;0,000;34,836;0,000;34,836;0,000;28,659;0,100;34,577;0,000;34,836;0,000;19,890;0,200
4010701001;7,172;0,700;20,349;0,400;8,831;1,400;7,172;4,598;26,106;0,400;13,493;1,430;26,943;0,156;26,943;0,100;13,417;5,500;21,979;0,800;0;0;0;20,349;0,400;20,986;0,200;26,524;0,100;26,524;0,100;26,524;0,100;24,859;0,200;26,524;0,100;26,524;0,100;26,524;0,300
4010801001;11,021;0,600;33,664;0,000;6,372;1,100;12,934;1,856;11,021;0,400;12,414;0,780;34,229;0,000;35,155;0,000;17,125;0,400;57,490;0,000;0;0;0;17,125;0,100;34,316;0,000;34,316;0,000;23,666;0,100;34,316;0,000;23,666;0,200;56,718;0,000;56,718;0,000;16,340;0,100
4010901001;33,132;0,000;33,186;0,000;11,059;0,700;11,059;1,488;11,935;0,400;11,059;0,520;33,820;0,000;32,849;0,000;18,133;0,500;65,873;0,000;0;0;0;11,935;0,300;33,282;0,000;33,282;0,000;33,282;0,000;33,282;0,000;33,282;0,000;80,741;0,000;34,029;0,000;33,282;0,000
4011001001;19,027;0,200;44,444;0,000;5,852;1,200;5,852;2,696;19,027;0,200;19,027;0,676;36,646;0,000;36,166;0,000;15,975;1,000;39,794;0,000;0;0;0;37,143;0,000;37,292;0,000;37,292;0,000;38,236;0,000;37,292;0,000;22,719;0,100;37,292;0,000;38,236;0,000;25,720;0,200
4011101001;18,696;0,600;12,818;0,300;9,317;1,200;5,811;5,762;18,726;0,400;15,385;1,300;20,565;0,156;17,868;0,200;7,390;7,500;11,877;1,100;0;0;0;12,818;1,000;18,982;0,400;18,871;0,200;18,871;0,100;18,871;0,400;18,871;0,200;18,871;0,400;18,871;0,100;15,067;0,400
4011201001;3,000;2,100;10,740;0,300;2,505;3,400;0,000;16,628;3,046;1,600;3,046;4,550;1,716;0,936;3,784;1,200;1,716;24,200;4,899;1,600;0;0;0;2,505;4,000;2,505;1,800;2,505;1,200;3,491;0,600;2,505;2,400;3,491;1,300;2,505;2,400;3,491;0,600;3,491;1,100
4011201002;2,909;2,100;11,263;0,300;3,161;3,200;1,505;16,164;3,445;1,600;3,198;4,550;2,154;0,936;4,288;0,900;2,154;24,200;4,831;1,600;0;0;0;3,161;4,000;3,161;1,800;3,161;1,200;3,965;0,600;3,161;2,400;3,661;1,300;3,161;2,400;3,965;0,600;3,965;1,100
4011301001;11,508;1,300;6,851;0,300;12,118;1,900;0,000;11,004;11,508;1,200;11,508;2,730;13,923;0,468;11,114;0,600;0,000;16,500;2,323;2,700;2;0;2;6,851;2,400;12,011;0,900;12,193;0,600;12,193;0,300;11,114;1,200;12,011;0,600;12,011;1,200;12,193;0,300;2,323;1,300
4011501001;22,318;0,300;22,300;0,200;16,189;0,700;15,912;2,124;6,748;0,600;21,572;0,590;22,949;0,156;22,047;0,100;12,393;0,800;72,823;0,000;0;0;0;6,748;0,500;22,413;0,100;22,413;0,200;22,413;0,200;22,413;0,100;22,413;0,200;79,754;0,000;29,136;0,100;22,413;0,200
4011801001;20,292;0,400;18,295;0,100;6,309;1,500;6,309;5,322;20,909;0,300;6,309;1,690;21,492;0,156;17,892;0,320;14,274;5,500;18,295;0,700;0;0;0;18,295;0,700;20,368;0,300;20,573;0,200;20,573;0,100;20,573;0,400;20,573;0,200;20,368;0,400;20,573;0,100;20,573;0,300
4011901001;12,854;1,100;10,826;0,300;12,591;2,300;4,269;10,562;13,501;0,800;13,407;2,990;14,248;0,468;10,775;0,600;10,775;13,400;10,826;1,100;0;0;0;10,826;2,200;12,977;0,900;13,122;0,600;13,122;0,300;13,122;1,200;13,122;0,600;12,977;1,200;13,122;0,300;13,122;0,600
4012001001;3,851;0,900;30,920;0,000;4,395;1,300;2,816;3,764;2,816;0,800;2,816;2,236;47,073;0,000;19,271;0,120;33,382;0,000;4,395;0,600;0;0;0;41,047;0,000;37,367;0,000;45,559;0,000;45,559;0,000;37,367;0,000;20,983;0,100;45,559;0,000;45,559;0,000;5,567;0,700
4012101001;10,764;0,400;33,136;0,000;12,265;1,400;10,764;3,576;15,057;0,200;12,265;1,430;38,459;0,000;22,363;0,120;26,015;0,700;12,265;0,300;0;0;0;33,136;0,000;36,170;0,000;37,480;0,000;37,480;0,000;37,480;0,000;22,890;0,100;37,299;0,000;37,480;0,000;17,706;0,200
4012201001;16,705;0,400;17,960;0,100;3,806;1,700;6,262;5,126;23,396;0,300;13,350;1,560;24,716;0,156;21,603;0,200;10,603;6,400;17,478;0,800;0;0;0;17,960;0,800;23,222;0,400;23,206;0,200;23,206;0,100;23,206;0,400;23,206;0,200;23,206;0,400;23,206;0,100;20,745;0,300
4012301001;8,152;0,400;41,715;0,000;9,113;0,700;20,001;1,020;20,001;0,100;8,152;0,884;33,162;0,000;34,441;0,000;28,444;0,200;35,210;0,000;0;0;0;33,749;0,000;34,162;0,000;34,162;0,000;34,882;0,000;34,162;0,000;6,856;0,300;34,162;0,000;34,882;0,000;25,753;0,100
4012401001;5,613;1,300;30,823;0,000;5,613;1,300;4,953;8,374;13,922;0,700;8,119;2,796;35,375;0,000;23,014;0,120;5,607;2,400;24,472;0,400;0;0;0;29,267;0,100;29,267;0,100;31,312;0,000;33,581;0,000;29,267;0,100;13,922;0,300;31,312;0,000;31,312;0,000;24,749;0,200
4012501001;8,316;0,600;45,173;0,000;12,249;1,000;8,316;1,156;8,316;0,300;8,316;1,326;35,937;0,000;38,002;0,000;34,769;0,000;38,664;0,000;0;0;0;36,519;0,000;36,945;0,000;36,945;0,000;37,843;0,000;36,945;0,000;16,439;0,100;36,945;0,000;37,843;0,000;26,535;0,100
4012601001;19,318;0,200;30,519;0,000;5,955;1,100;5,955;3,060;16,174;0,200;5,955;1,300;32,593;0,000;16,174;0,220;18,974;0,900;18,739;0,100;0;0;0;30,519;0,000;31,712;0,000;32,002;0,000;32,002;0,000;32,002;0,000;32,002;0,000;31,712;0,000;32,002;0,000;23,161;0,200
4012701001;12,437;0,500;41,183;0,000;4,581;1,400;5,422;2,496;12,437;0,400;15,403;0,390;41,743;0,000;42,678;0,000;16,838;0,800;53,100;0,000;0;0;0;18,315;0,100;41,837;0,000;41,837;0,000;29,942;0,100;41,837;0,000;18,917;0,200;51,915;0,000;51,915;0,000;10,848;0,300
4012801001;29,604;0,300;32,363;0,000;8,372;1,400;8,133;4,388;12,963;0,500;8,372;2,180;30,586;0,000;12,963;0,460;9,731;2,200;29,345;0,100;0;0;0;30,334;0,000;30,334;0,000;30,390;0,000;30,784;0,000;30,390;0,000;29,698;0,100;30,334;0,000;30,784;0,000;30,028;0,000
4012901001;8,875;0,700;24,940;0,100;9,096;1,500;9,096;4,470;11,401;0,800;11,401;2,440;52,492;0,000;13,404;0,490;33,994;0,000;14,119;0,700;0;0;0;47,789;0,000;30,888;0,000;52,012;0,000;51,890;0,000;30,888;0,000;30,155;0,000;51,777;0,000;52,114;0,000;12,461;0,400
4013001001;13,643;0,800;13,658;0,600;13,658;1,000;6,007;4,176;12,033;0,900;12,832;0,860;14,329;0,468;13,717;0,300;9,428;1,000;76,736;0,000;0;0;0;12,033;0,700;13,828;0,300;13,828;0,400;13,828;0,500;13,828;0,300;13,828;0,500;78,519;0,000;29,568;0,100;13,828;0,400
4013101001;18,993;0,500;17,429;0,200;7,866;1,500;10,286;5,182;18,023;0,300;10,286;1,430;25,711;0,156;23,153;0,200;4,711;7,700;14,010;1,000;0;0;0;17,429;0,900;24,107;0,400;23,956;0,200;23,956;0,100;23,956;0,400;23,956;0,200;23,956;0,400;23,956;0,100;17,744;0,300
4013201001;22,369;0,300;22,403;0,200;16,056;0,800;13,495;2,280;5,738;0,500;21,550;0,616;23,064;0,156;22,616;0,100;18,599;0,400;72,876;0,000;0;0;0;5,738;0,400;22,599;0,100;22,599;0,100;22,599;0,100;22,599;0,100;22,599;0,100;70,898;0,000;37,027;0,000;22,599;0,100
4013401001;22,765;0,400;27,976;0,100;8,019;1,400;7,479;5,880;22,764;0,400;8,019;1,690;21,837;0,156;20,208;0,320;6,900;5,800;24,638;0,200;0;0;0;22,176;0,700;22,176;0,300;22,176;0,200;22,977;0,100;22,176;0,400;22,977;0,200;22,176;0,400;22,977;0,100;16,746;0,200
4013501001;7,816;0,500;24,346;0,300;5,396;0,900;7,816;3,162;26,886;0,200;15,169;0,780;30,935;0,000;30,593;0,000;13,434;2,900;23,548;0,700;0;0;0;24,346;0,300;24,522;0,100;30,520;0,000;30,520;0,000;30,520;0,000;26,520;0,100;30,520;0,000;30,520;0,000;28,813;0,300
4013601001;10,139;0,700;36,364;0,000;5,920;1,600;5,920;4,192;10,139;0,500;10,139;1,612;27,191;0,156;28,410;0,200;24,705;4,100;30,268;0,000;0;0;0;28,120;0,600;28,120;0,300;28,120;0,200;29,094;0,100;28,120;0,400;19,439;0,300;28,120;0,400;29,094;0,100;17,244;0,200
4013801001;24,258;0,300;36,934;0,000;5,064;1,300;5,064;3,630;7,127;0,500;5,064;1,920;36,055;0,000;7,127;0,360;15,779;0,900;24,856;0,100;0;0;0;35,671;0,000;35,671;0,000;35,778;0,000;36,094;0,000;35,778;0,000;30,014;0,000;35,671;0,000;36,094;0,000;27,280;0,100
4013801002;19,208;0,400;38,230;0,000;0,000;1,700;0,000;4,304;5,990;0,500;0,000;2,570;38,966;0,000;5,990;0,360;20,072;0,800;19,923;0,100;0;0;0;38,407;0,000;38,407;0,000;38,582;0,000;38,789;0,000;38,582;0,000;33,711;0,000;38,407;0,000;38,789;0,000;22,216;0,200
4013901001;17,177;0,600;32,732;0,000;0,000;1,800;14,328;3,424;20,949;0,400;17,177;1,222;24,424;0,156;25,501;0,200;19,488;4,100;26,283;0,100;0;0;0;24,869;0,600;25,403;0,300;25,403;0,200;26,066;0,100;25,403;0,400;2,728;0,800;25,403;0,400;26,066;0,100;18,124;0,200
4014001001;12,710;0,400;42,470;0,000;8,260;1,100;3,260;2,196;12,710;0,400;12,710;0,676;43,111;0,000;43,613;0,000;28,618;0,500;47,296;0,000;0;0;0;35,012;0,000;42,975;0,000;42,975;0,000;39,458;0,000;42,975;0,000;31,105;0,000;44,935;0,000;45,920;0,000;28,482;0,100
4014101001;21,360;0,100;36,447;0,000;6,947;1,200;0,000;5,156;21,360;0,200;6,947;1,170;31,185;0,000;22,489;0,220;0,000;3,100;33,829;0,000;2;0;2;31,432;0,000;31,432;0,000;31,432;0,000;32,170;0,000;31,432;0,000;21,360;0,100;31,432;0,000;32,170;0,000;26,292;0,100
4014201001;20,461;0,200;32,693;0,000;9,286;0,900;9,286;1,176;15,268;0,200;10,546;0,754;33,298;0,000;33,174;0,000;30,031;0,000;60,223;0,000;0;0;0;15,268;0,100;32,923;0,000;32,923;0,000;32,923;0,000;32,923;0,000;32,923;0,000;58,272;0,000;49,719;0,000;32,923;0,000
4014301001;21,770;0,500;29,050;0,200;12,919;1,100;13,746;1,848;15,720;0,400;12,919;0,954;29,656;0,156;29,654;0,100;26,970;0,200;61,940;0,000;0;0;0;15,720;0,200;29,320;0,100;29,320;0,100;29,320;0,100;29,320;0,100;29,320;0,100;59,879;0,000;48,013;0,000;29,320;0,100
4014401001;22,078;0,400;27,898;0,200;13,999;0,900;16,163;1,536;17,134;0,400;13,999;0,798;28,518;0,156;28,609;0,100;26,281;0,200;62,216;0,000;0;0;0;17,134;0,200;28,214;0,100;28,214;0,100;28,214;0,100;28,214;0,100;28,214;0,100;60,099;0,000;48,046;0,000;28,214;0,100
4014501001;21,629;0,400;40,451;0,000;10,538;1,200;0,000;4,974;8,490;0,600;8,490;2,050;38,189;0,000;8,490;0,360;12,246;1,800;30,322;0,000;0;0;0;38,065;0,000;38,065;0,000;38,074;0,000;38,535;0,000;38,074;0,000;23,618;0,100;38,065;0,000;38,535;0,000;32,055;0,000
4014601001;12,743;0,500;24,014;0,300;6,380;1,400;0,000;4,918;11,129;0,400;5,082;1,400;29,372;0,156;29,372;0,100;0,000;6,600;15,975;1,100;2;0;2;11,129;0,500;16,866;0,100;30,504;0,000;30,504;0,000;30,504;0,000;30,504;0,000;30,504;0,000;30,504;0,000;11,129;0,500
4014801001;23,318;0,200;31,809;0,000;6,936;1,100;6,936;3,832;12,371;0,400;6,936;1,790;32,300;0,000;12,371;0,460;15,256;0,900;22,094;0,100;0;0;0;31,665;0,000;31,665;0,000;31,867;0,000;32,029;0,000;31,867;0,000;32,029;0,000;31,665;0,000;32,029;0,000;25,717;0,100
4014901001;13,535;0,400;46,538;0,000;8,374;1,000;0,000;4,264;13,535;0,400;11,425;0,910;47,092;0,000;40,953;0,000;11,425;1,300;49,876;0,000;0;0;0;20,364;0,100;47,195;0,000;47,195;0,000;34,486;0,000;47,195;0,000;13,535;0,300;48,384;0,000;48,384;0,000;8,365;0,300
4015001001;7,011;0,600;44,981;0,000;14,712;0,800;12,573;1,276;12,573;0,300;7,011;1,014;35,893;0,000;37,704;0,000;33,547;0,000;38,411;0,000;0;0;0;36,838;0,000;36,911;0,000;36,911;0,000;37,756;0,000;36,911;0,000;13,480;0,300;36,911;0,000;37,756;0,000;27,022;0,100
4015101001;27,207;0,500;28,562;0,100;8,745;1,600;8,745;5,178;15,274;0,400;8,745;2,340;28,205;0,156;15,274;0,320;10,759;4,700;26,500;0,300;0;0;0;27,684;0,700;27,684;0,300;27,841;0,200;28,079;0,100;27,841;0,400;28,079;0,200;27,684;0,400;28,079;0,100;28,079;0,200
4015201001;15,610;0,500;8,835;0,300;10,546;1,200;0,000;7,308;9,909;0,600;15,572;1,300;17,841;0,156;15,398;0,200;0,000;9,300;0,000;3,200;2;4;6;8,835;1,200;16,017;0,300;15,940;0,200;15,940;0,100;15,398;0,400;15,940;0,200;15,940;0,400;15,940;0,100;3,880;1,100
4015401001;28,473;0,200;31,506;0,000;7,233;0,600;7,233;1,212;8,052;0,400;18,238;0,572;32,168;0,000;31,712;0,000;26,975;0,200;67,239;0,000;0;0;0;8,052;0,300;31,703;0,000;31,703;0,000;31,703;0,000;31,703;0,000;31,703;0,000;65,434;0,000;43,893;0,000;31,703;0,000
4015501001;2,683;1,500;15,409;0,100;2,683;2,000;0,000;11,080;2,683;1,300;1,380;2,730;9,954;0,468;9,147;0,600;1,380;14,300;9,910;1,100;0;0;0;9,147;2,000;9,810;0,900;10,517;0,600;10,613;0,300;9,147;1,200;9,810;0,700;9,810;1,200;10,613;0,300;10,613;0,800
4015501002;4,332;2,100;10,227;0,300;4,559;2,400;2,970;13,756;4,332;1,600;4,054;3,900;5,355;0,468;3,801;0,900;0,000;21,600;4,537;1,800;2;0;2;3,801;3,100;4,630;1,200;5,452;0,600;5,452;0,300;3,801;1,800;4,630;1,000;4,630;1,500;5,452;0,300;5,452;1,000
4015601001;9,768;0,600;40,667;0,000;10,615;0,800;13,934;1,552;13,934;0,300;9,768;1,144;31,627;0,000;33,378;0,000;29,162;0,200;34,093;0,000;0;0;0;32,529;0,000;32,646;0,000;32,646;0,000;33,477;0,000;32,646;0,000;9,806;0,300;32,646;0,000;33,477;0,000;22,983;0,100
4015701001;17,533;0,600;25,894;0,100;8,874;1,400;8,874;5,124;17,797;0,400;16,564;1,196;16,700;0,156;18,710;0,200;16,564;4,700;19,371;0,300;0;0;0;17,715;0,700;17,715;0,300;17,715;0,200;18,589;0,100;17,715;0,400;13,262;0,500;17,715;0,400;18,589;0,100;8,064;0,400
4015801001;14,443;0,500;48,419;0,000;8,164;1,100;5,303;3,528;14,443;0,500;12,149;1,170;48,217;0,000;38,850;0,000;12,149;1,500;51,297;0,000;0;0;0;25,407;0,100;48,780;0,000;48,780;0,000;38,099;0,000;48,780;0,000;14,443;0,300;48,780;0,000;49,688;0,000;13,452;0,300
4015901001;16,704;0,200;41,160;0,000;10,731;1,000;5,125;4,052;16,704;0,200;10,731;1,270;36,219;0,000;20,617;0,120;0,000;3,000;38,805;0,000;2;0;2;36,435;0,000;36,435;0,000;36,435;0,000;37,151;0,000;36,435;0,000;16,704;0,100;36,435;0,000;37,151;0,000;27,818;0,100
4016001001;24,178;0,300;33,611;0,000;4,161;1,800;2,955;4,976;22,030;0,300;4,161;1,820;28,627;0,156;22,030;0,220;2,955;4,300;31,188;0,000;0;0;0;28,826;0,300;28,826;0,200;28,826;0,200;29,534;0,100;28,826;0,200;24,178;0,200;28,826;0,300;29,534;0,100;24,334;0,200
4016101001;22,762;0,400;23,893;0,200;15,692;0,600;14,708;1,968;11,588;0,600;18,592;0,616;24,500;0,156;24,374;0,100;21,349;0,300;67,792;0,000;0;0;0;11,588;0,400;24,123;0,100;24,123;0,100;24,123;0,100;24,123;0,100;24,123;0,100;65,731;0,000;42,178;0,000;24,123;0,100
4016201001;0,000;1,100;49,449;0,000;17,177;0,600;18,765;0,744;18,765;0,100;0,000;1,846;40,663;0,000;42,145;0,000;36,589;0,000;42,897;0,000;0;0;0;36,586;0,000;41,676;0,000;41,676;0,000;42,448;0,000;41,676;0,000;15,008;0,100;41,676;0,000;42,448;0,000;32,516;0,000
4016301001;5,516;0,400;40,877;0,000;7,463;1,100;5,516;2,224;5,516;0,300;5,516;0,702;31,658;0,000;33,002;0,000;28,932;0,200;34,693;0,000;0;0;0;32,605;0,000;32,605;0,000;32,605;0,000;33,571;0,000;32,605;0,000;20,227;0,100;32,605;0,000;33,571;0,000;21,727;0,100
4016401001;7,165;0,500;31,449;0,000;8,568;1,000;7,493;3,196;7,493;0,700;7,493;2,050;47,363;0,000;14,599;0,360;31,318;0,000;8,568;0,300;0;0;0;43,792;0,000;37,661;0,000;46,788;0,000;46,788;0,000;37,661;0,000;25,382;0,100;46,497;0,000;46,788;0,000;10,009;0,600
4016501001;5,718;0,400;42,462;0,000;9,939;1,200;5,718;1,864;5,718;0,300;5,718;1,014;33,183;0,000;34,933;0,000;32,155;0,000;36,070;0,000;0;0;0;34,170;0,000;34,170;0,000;34,170;0,000;35,105;0,000;34,170;0,000;17,562;0,100;34,170;0,000;35,105;0,000;23,453;0,100
4016601001;6,098;0,900;35,056;0,000;6,098;1,200;6,098;5,564;14,220;0,600;3,205;2,666;39,719;0,000;17,589;0,120;11,049;1,700;25,128;0,400;0;0;0;33,163;0,000;33,163;0,000;35,868;0,000;37,572;0,000;33,163;0,000;15,674;0,100;35,868;0,000;35,868;0,000;28,039;0,200
4016801001;31,780;0,000;31,775;0,000;13,645;1,000;13,645;1,800;7,041;0,400;13,645;0,676;32,440;0,000;31,643;0,000;21,741;0,500;72,250;0,000;0;0;0;7,041;0,300;31,915;0,000;31,915;0,000;31,915;0,000;31,915;0,000;31,915;0,000;74,561;0,000;37,565;0,000;31,915;0,000
4017001001;29,973;0,100;47,591;0,000;0,000;1,400;0,000;2,184;22,177;0,100;8,984;0,546;48,258;0,000;47,481;0,000;34,231;0,000;70,281;0,000;0;0;0;22,177;0,100;47,736;0,000;47,736;0,000;47,736;0,000;47,736;0,000;44,600;0,000;71,596;0,000;50,811;0,000;47,736;0,000
4017101001;32,198;0,000;41,597;0,000;6,140;0,800;6,140;1,212;16,451;0,100;6,954;0,390;42,261;0,000;41,457;0,000;29,116;0,100;69,704;0,000;0;0;0;16,451;0,100;41,735;0,000;41,735;0,000;41,735;0,000;41,735;0,000;41,735;0,000;73,247;0,000;45,065;0,000;41,735;0,000
4017201001;24,073;0,100;52,031;0,000;7,185;0,600;7,185;0,780;26,366;0,100;16,138;0,442;52,702;0,000;52,041;0,000;41,401;0,000;66,846;0,000;0;0;0;26,366;0,100;52,197;0,000;52,197;0,000;52,197;0,000;52,197;0,000;38,233;0,000;65,707;0,000;57,444;0,000;52,197;0,000
4017301001;10,880;1,000;15,634;0,100;10,491;2,000;3,953;10,088;11,033;0,700;11,033;2,470;10,439;0,468;8,056;0,600;0,000;14,100;12,772;0,800;2;0;2;10,491;1,900;10,491;0,900;10,491;0,600;11,132;0,300;10,491;1,200;11,132;0,600;10,491;1,200;11,132;0,300;10,997;0,700
4017401001;15,031;0,500;27,896;0,200;0,000;1,900;19,135;2,012;15,031;0,300;14,976;1,006;28,485;0,156;29,335;0,100;20,398;0,200;62,966;0,000;0;0;0;20,398;0,200;28,526;0,100;28,526;0,100;20,912;0,200;28,526;0,100;20,912;0,200;62,392;0,000;54,215;0,000;22,569;0,200
4017601001;15,182;0,400;41,508;0,000;15,182;0,800;6,309;4,420;12,771;0,500;9,334;2,120;44,165;0,000;12,771;0,360;10,413;1,800;32,972;0,000;0;0;0;42,436;0,000;42,436;0,000;44,174;0,000;44,734;0,000;42,436;0,000;16,649;0,100;44,174;0,000;44,734;0,000;29,904;0,100
4017701001;6,976;1,000;33,542;0,000;7,205;0,900;4,295;6,114;6,976;0,700;6,976;2,076;37,670;0,000;28,314;0,120;3,477;2,600;31,762;0,000;0;0;0;30,303;0,000;32,756;0,000;33,208;0,000;36,721;0,000;32,756;0,000;6,976;0,300;33,208;0,000;33,208;0,000;16,644;0,100
4017801001;9,099;0,600;30,630;0,000;10,226;1,600;10,132;3,964;10,132;0,700;10,132;2,180;47,157;0,000;11,803;0,360;29,992;0,100;11,548;0,300;0;0;0;45,416;0,000;36,640;0,000;46,639;0,000;46,700;0,000;36,640;0,000;28,356;0,100;46,380;0,000;46,700;0,000;12,364;0,400
4017901001;8,909;0,500;47,112;0,000;8,378;0,900;0,000;5,212;8,909;0,400;8,585;1,530;43,561;0,000;24,186;0,120;0,000;3,400;41,185;0,000;2;0;2;35,360;0,000;43,843;0,000;43,843;0,000;44,599;0,000;43,843;0,000;8,909;0,300;43,843;0,000;44,599;0,000;20,342;0,100
4018001001;14,070;0,700;22,296;0,100;5,082;1,500;0,000;6,398;26,651;0,500;8,085;1,950;27,460;0,156;24,000;0,320;16,297;5,400;22,296;0,600;0;0;0;22,296;0,800;26,141;0,300;26,244;0,200;26,244;0,100;26,244;0,400;26,244;0,200;26,141;0,400;26,244;0,100;26,244;0,400
4018101001;0,000;1,900;13,717;0,300;0,000;2,500;0,000;10,888;0,000;1,700;1,309;2,730;9,952;0,468;8,382;0,600;0,000;15,500;9,047;1,300;2;0;2;8,382;2,200;9,296;0,900;10,117;0,600;10,117;0,300;8,382;1,200;9,296;0,700;9,296;1,200;10,117;0,300;10,117;0,600
4018101002;3,283;1,500;16,838;0,100;3,283;2,000;3,283;10,096;3,283;1,300;3,123;2,730;13,047;0,468;11,649;0,400;0,000;14,400;12,325;1,100;2;0;2;11,649;2,000;12,528;0,900;13,350;0,600;13,350;0,300;11,649;1,200;12,528;0,700;12,528;1,200;13,350;0,300;13,350;0,600
4018101003;1,309;1,500;14,571;0,300;1,309;2,000;1,309;10,768;1,309;1,300;0,000;3,250;9,951;0,468;8,744;0,600;0,000;15,400;9,465;1,300;2;0;2;8,744;2,200;9,541;0,900;10,361;0,600;10,361;0,300;8,744;1,200;9,541;0,700;9,541;1,200;10,361;0,300;10,361;0,800
4018102001;6,623;1,200;13,370;0,300;6,623;1,700;0,000;9,840;6,623;1,000;7,854;2,470;14,131;0,468;11,542;0,400;0,000;14,500;7,572;1,900;2;0;2;11,542;2,200;12,717;0,900;13,413;0,600;13,413;0,300;11,542;1,200;12,717;0,700;12,717;1,200;13,413;0,300;11,556;0,800
4018201001;20,057;0,200;39,303;0,000;8,950;0,800;6,857;3,988;15,341;0,300;8,950;1,270;35,534;0,000;15,341;0,120;5,583;2,200;36,705;0,000;0;0;0;35,595;0,000;35,595;0,000;35,595;0,000;36,200;0,000;35,595;0,000;20,057;0,100;35,595;0,000;36,200;0,000;32,209;0,000
4018301001;18,088;0,200;37,046;0,000;10,194;1,400;9,420;1,560;18,088;0,200;18,088;0,546;37,682;0,000;38,270;0,000;28,385;0,300;53,361;0,000;0;0;0;29,809;0,100;37,585;0,000;37,585;0,000;33,252;0,000;37,585;0,000;30,676;0,000;50,977;0,000;51,959;0,000;25,440;0,100
4018401001;4,837;0,900;47,481;0,000;8,721;1,000;4,837;1,708;4,837;0,600;4,837;1,716;38,202;0,000;39,959;0,000;36,601;0,000;41,075;0,000;0;0;0;33,953;0,000;39,191;0,000;39,191;0,000;40,123;0,000;39,191;0,000;20,653;0,100;39,191;0,000;40,123;0,000;28,480;0,100
4018501001;19,382;0,500;24,575;0,100;0,000;2,100;0,000;6,058;21,114;0,400;0,000;2,730;27,061;0,156;21,114;0,320;16,355;4,800;23,449;0,400;0;0;0;24,575;0,700;26,085;0,300;26,345;0,200;26,345;0,100;26,345;0,400;26,345;0,200;26,085;0,400;26,345;0,100;26,345;0,200
4018601001;7,706;0,400;50,362;0,000;11,521;1,000;14,285;1,056;15,863;0,200;7,706;1,066;45,249;0,000;47,068;0,000;42,716;0,000;47,776;0,000;0;0;0;29,247;0,100;46,267;0,000;46,267;0,000;47,117;0,000;46,267;0,000;21,651;0,100;46,267;0,000;47,117;0,000;36,258;0,000
4018801001;16,209;0,600;33,873;0,000;7,611;1,400;11,036;3,644;16,209;0,400;16,209;1,222;24,772;0,156;26,610;0,200;23,042;4,000;27,309;0,100;0;0;0;25,729;0,600;25,791;0,300;25,791;0,200;26,637;0,100;25,791;0,400;8,765;0,500;25,791;0,400;26,637;0,100;16,111;0,200
4018901001;15,153;0,400;31,847;0,000;6,383;1,100;5,501;3,696;5,501;0,500;5,501;1,790;45,334;0,000;5,501;0,360;25,997;0,700;17,859;0,100;0;0;0;44,755;0,000;37,261;0,000;44,937;0,000;45,130;0,000;37,261;0,000;34,574;0,000;44,755;0,000;45,130;0,000;18,589;0,200
4019001001;12,741;1,000;22,375;0,100;10,870;1,900;4,170;7,956;12,741;0,800;11,471;2,106;13,665;0,468;15,067;0,200;11,471;9,000;15,814;0,400;0;0;0;14,304;1,300;14,666;0,700;14,666;0,400;15,395;0,100;14,666;0,800;13,594;0,700;14,666;0,800;15,395;0,100;8,120;0,500
4019101001;9,373;0,400;54,467;0,000;16,173;0,600;16,173;0,624;24,576;0,100;9,373;0,884;50,020;0,000;51,458;0,000;45,409;0,000;52,216;0,000;0;0;0;30,758;0,000;51,032;0,000;51,032;0,000;51,796;0,000;51,032;0,000;23,872;0,100;51,032;0,000;51,796;0,000;41,856;0,000
4019201001;16,950;0,400;34,625;0,000;5,699;1,700;5,699;4,696;16,950;0,300;16,950;1,196;26,323;0,156;26,281;0,200;16,282;4,500;29,510;0,100;0;0;0;27,048;0,600;27,048;0,300;27,048;0,200;28,017;0,100;27,048;0,400;27,794;0,300;27,048;0,400;28,017;0,100;17,382;0,200
4019301001;4,635;0,700;45,186;0,000;4,048;1,500;4,635;1,984;4,635;0,600;4,635;1,404;41,042;0,000;42,169;0,000;32,779;0,000;44,120;0,000;0;0;0;32,919;0,000;41,967;0,000;41,967;0,000;42,943;0,000;41,967;0,000;27,817;0,100;41,967;0,000;42,943;0,000;31,096;0,000
4019401001;0,903;2,500;7,628;0,300;0,603;3,700;0,767;17,892;1,317;1,600;1,317;4,550;2,063;0,936;2,141;1,200;0,000;27,400;2,780;1,800;2;0;2;0,767;4,400;0,767;2,200;1,140;1,200;1,185;0,600;1,140;2,400;1,185;1,300;0,767;2,800;1,185;0,600;1,185;1,300
4019401002;0,752;2,500;7,862;0,300;0,564;4,100;0,452;18,292;0,961;2,000;0,961;5,070;1,663;0,936;2,457;1,200;0,000;28,600;2,630;1,800;1;0;1;0,452;5,200;0,452;2,600;0,720;2,000;0,971;1,000;0,720;3,200;0,971;1,700;0,452;3,600;0,971;1,000;0,971;1,700
4019401003;0,513;2,500;7,614;0,300;0,298;4,500;0,337;18,772;0,888;2,000;0,888;5,070;1,828;0,936;2,574;1,200;0,000;29,000;2,407;1,800;8;0;8;0,337;5,200;0,337;2,600;0,768;2,000;0,768;1,000;0,768;3,200;0,768;1,700;0,337;3,600;0,768;1,000;0,768;1,700
4019401004;0,655;2,500;7,972;0,300;0,336;4,500;0,000;18,772;0,498;2,000;0,498;5,070;1,354;0,936;2,424;1,200;0,000;29,800;2,337;1,800;9;0;9;0,270;5,200;0,270;2,600;0,336;2,000;0,717;1,000;0,336;3,200;0,717;1,700;0,270;3,600;0,717;1,000;0,717;1,700
4019401005;0,401;2,500;7,706;0,300;0,434;4,500;0,000;18,772;0,551;2,000;0,551;5,070;1,623;0,936;2,372;1,200;0,270;30,200;2,199;1,800;0;0;0;0,000;5,200;0,000;2,600;0,539;2,000;0,539;1,000;0,539;3,200;0,539;1,700;0,000;3,600;0,539;1,000;0,539;1,700
4019402001;0,000;2,500;7,320;0,300;0,317;4,500;0,401;19,252;0,682;2,000;0,682;5,590;1,979;0,936;2,177;1,200;0,000;30,600;1,894;1,800;10;0;10;0,299;5,200;0,401;2,600;0,299;2,000;0,299;1,000;0,299;3,200;0,299;1,700;0,299;3,600;0,299;1,000;0,299;1,700
4019402002;0,317;2,500;7,332;0,300;0,000;4,100;0,434;18,372;0,910;2,000;0,910;5,070;2,047;0,936;2,492;1,200;0,000;28,600;2,177;1,800;2;0;2;0,434;4,800;0,434;2,200;0,616;1,600;0,616;1,000;0,616;2,800;0,616;1,700;0,434;3,200;0,616;1,000;0,616;1,700
4019403001;0,518;2,500;8,216;0,300;0,503;4,500;0,503;20,212;0,394;2,000;0,394;6,110;1,127;0,936;1,944;1,200;0,000;30,200;2,085;1,800;9;0;9;0,617;6,000;0,617;3,000;0,617;2,000;0,904;1,000;0,617;3,600;0,811;2,100;0,617;4,000;0,904;1,000;0,904;1,700
4019403002;0,682;2,900;7,867;0,300;0,498;4,900;0,384;20,692;0,000;2,000;0,000;6,110;1,422;0,936;1,936;1,200;0,000;32,600;1,921;1,800;8;0;8;0,520;5,600;0,551;3,000;0,520;2,000;0,520;1,000;0,520;3,600;0,520;2,100;0,520;4,000;0,520;1,000;0,520;1,700
4019403003;0,707;3,300;7,751;0,300;0,422;4,500;0,357;21,796;0,321;2,400;0,321;7,150;1,606;0,936;1,615;1,200;0,000;33,300;1,637;1,800;2;0;2;0,430;6,000;0,430;3,000;0,554;2,000;0,554;1,000;0,430;3,600;0,430;2,100;0,430;4,000;0,554;1,000;0,554;1,700
4019403004;0,492;2,900;7,639;0,300;0,286;4,900;0,172;20,692;0,230;2,000;0,230;6,110;1,646;0,936;1,883;1,200;0,230;32,600;1,779;1,800;0;0;0;0,291;5,600;0,497;3,000;0,291;2,000;0,291;1,000;0,291;3,600;0,291;2,100;0,291;4,000;0,291;1,000;0,291;1,700
4019403005;0,299;2,500;7,357;0,300;0,189;4,500;0,198;20,212;0,520;2,000;0,520;5,590;1,923;0,936;1,890;1,200;0,000;31,800;1,662;1,800;3;0;3;0,000;5,600;0,539;3,000;0,000;2,000;0,000;1,000;0,000;3,600;0,000;2,100;0,000;4,000;0,000;1,000;0,000;1,700
4019403006;0,479;2,500;7,487;0,300;0,115;4,900;0,000;20,692;0,384;2,000;0,384;6,110;1,806;0,936;1,766;1,200;0,198;32,200;1,619;1,800;0;0;0;0,198;5,600;0,608;3,000;0,198;2,000;0,198;1,000;0,198;3,600;0,198;2,100;0,198;4,000;0,198;1,000;0,198;1,700
4019403007;0,488;2,500;7,378;0,300;0,000;4,500;0,115;20,292;0,498;2,000;0,449;6,110;1,919;0,936;1,707;1,200;0,189;32,200;1,521;1,800;0;0;0;0,189;5,200;0,636;2,600;0,189;1,600;0,189;1,000;0,189;3,200;0,189;2,100;0,189;3,600;0,189;1,000;0,189;1,700
4019403008;0,686;3,300;7,527;0,300;0,222;4,500;0,210;20,916;0,431;2,400;0,431;6,630;1,810;0,936;1,575;1,200;0,220;32,600;1,493;1,800;0;0;0;0,393;5,200;0,439;2,600;0,393;1,600;0,393;1,000;0,393;3,200;0,393;2,100;0,393;3,600;0,393;1,000;0,393;1,700
4019403009;0,406;2,500;7,166;0,300;0,236;4,100;0,327;19,812;0,701;2,000;0,451;5,590;2,118;0,936;1,788;1,200;0,000;31,000;1,492;1,800;4;0;4;0,208;5,200;0,729;2,600;0,208;1,600;0,208;1,000;0,208;3,200;0,208;2,100;0,208;3,600;0,208;1,000;0,208;1,700
4019404001;0,712;2,900;7,097;0,300;0,449;4,100;0,000;20,436;0,712;2,400;0,000;6,630;2,278;0,936;1,344;1,200;0,000;31,400;1,074;1,800;5;0;5;0,561;4,800;0,561;2,200;0,593;1,600;0,593;1,000;0,561;3,200;0,561;2,100;0,561;3,200;0,593;1,000;0,593;1,700
4019404002;0,702;2,900;7,225;0,300;0,373;4,100;0,129;20,436;0,702;2,400;0,129;6,630;2,153;0,936;1,354;1,200;0,000;31,700;1,159;1,800;5;0;5;0,455;4,800;0,455;2,200;0,541;1,600;0,541;1,000;0,455;3,200;0,455;2,100;0,455;3,200;0,541;1,000;0,541;1,700
4019404003;0,721;3,300;7,383;0,300;0,329;4,100;0,242;20,436;0,649;2,400;0,287;6,630;2,000;0,936;1,383;1,200;0,000;32,100;1,273;1,800;2;0;2;0,345;5,200;0,345;2,600;0,517;1,600;0,517;1,000;0,345;3,200;0,345;2,100;0,345;3,600;0,517;1,000;0,517;1,700
4019404004;0,570;2,900;7,262;0,300;0,486;4,100;0,114;20,124;0,570;2,400;0,201;6,630;2,168;0,936;1,226;1,200;0,114;32,100;1,083;1,800;0;0;0;0,366;4,800;0,366;2,200;0,664;1,600;0,664;1,000;0,366;3,200;0,366;2,100;0,366;3,200;0,664;1,000;0,664;1,700
4019404005;0,480;2,500;7,331;0,300;0,566;4,100;0,000;20,604;0,480;2,400;0,311;7,150;2,145;0,936;1,142;1,200;0,000;32,100;1,070;1,800;2;0;2;0,281;5,200;0,281;2,200;0,751;1,600;0,751;1,000;0,281;3,200;0,281;2,100;0,281;3,200;0,751;1,000;0,751;1,700
4019404006;0,327;2,500;7,163;0,300;0,776;4,100;0,252;20,604;0,327;2,000;0,327;6,110;2,385;0,936;0,953;1,600;0,000;32,100;0,819;2,200;8;0;8;0,481;5,200;0,481;2,200;0,949;1,600;0,949;1,000;0,481;3,600;0,481;2,100;0,481;3,200;0,949;1,000;0,949;1,700
4019404007;0,447;2,500;6,935;0,300;0,903;3,700;0,447;20,124;0,447;2,000;0,447;5,590;2,607;0,936;0,950;1,600;0,000;30,900;0,625;2,200;5;0;5;0,713;4,800;0,713;2,200;1,055;1,200;1,055;0,600;0,713;3,200;0,713;1,700;0,713;2,800;1,055;0,600;1,055;1,300
4019404008;0,921;2,500;6,402;0,300;1,314;3,300;0,000;18,884;0,921;2,000;0,879;5,590;3,131;0,936;1,156;1,200;0,000;28,700;0,413;2,400;4;0;4;1,156;4,000;1,257;1,800;1,422;1,200;1,422;0,600;1,156;2,400;1,257;1,300;1,257;2,400;1,422;0,600;1,422;1,300
4019404009;0,802;2,500;6,575;0,300;1,521;3,300;0,413;18,404;0,802;2,000;0,802;5,070;3,194;0,936;0,803;1,600;0,000;27,900;0,000;2,400;9;4;13;0,803;4,400;1,282;1,800;1,662;1,200;1,662;0,600;0,803;2,800;1,282;1,300;1,282;2,400;1,662;0,600;1,662;1,300
4019404010;7,318;1,200;0,000;1,000;7,332;1,900;6,402;10,104;7,318;1,000;7,097;2,730;9,279;0,468;7,308;0,600;0,000;15,800;0,000;2,600;13;44;57;0,000;2,900;7,611;0,900;7,357;0,600;7,357;0,300;7,308;1,200;7,357;0,600;7,357;1,200;7,357;0,300;7,357;0,800
4019405001;0,556;2,900;7,611;0,300;0,465;4,100;0,000;20,436;0,556;2,400;0,465;7,150;1,912;0,936;1,186;1,200;0,000;32,900;1,282;1,800;7;0;7;0,000;5,200;0,000;2,200;0,822;1,600;0,822;1,000;0,000;3,200;0,000;2,100;0,000;3,200;0,822;1,000;0,822;1,700
4019405002;0,365;2,900;7,663;0,300;0,602;4,100;0,363;20,124;0,365;2,000;0,365;6,630;2,096;0,936;0,874;1,600;0,000;32,100;1,167;1,800;3;0;3;0,363;5,200;0,363;2,200;1,177;1,200;1,177;0,600;0,363;3,200;0,363;1,700;0,363;2,800;1,177;0,600;1,177;1,300
4019405003;0,406;2,500;7,613;0,300;0,975;3,700;0,406;19,444;0,406;2,000;0,406;6,110;2,437;0,936;0,501;1,600;0,000;30,500;1,039;1,800;6;0;6;0,501;5,200;0,765;2,200;1,553;1,200;1,553;0,600;0,501;3,200;0,765;1,700;0,765;2,800;1,553;0,600;1,553;1,300
4019405004;0,000;2,500;7,318;0,300;0,936;3,700;0,000;20,604;0,000;2,000;0,000;6,630;2,431;0,936;0,663;1,600;0,000;32,100;0,802;2,200;4;0;4;0,556;5,200;0,556;2,200;1,230;1,200;1,230;0,600;0,556;3,200;0,556;1,700;0,556;2,800;1,230;0,600;1,230;1,300
4019405005;0,761;2,500;7,751;0,300;1,270;3,300;0,446;18,284;0,761;2,000;0,761;5,590;2,662;0,936;0,446;1,300;0,000;28,200;1,209;1,800;4;0;4;0,446;4,800;1,132;1,800;1,930;1,200;1,930;0,600;0,446;2,800;1,132;1,300;1,132;2,400;1,930;0,600;1,930;1,300
4019405006;0,663;2,500;7,308;0,300;1,465;3,300;0,000;18,004;0,663;2,000;0,663;5,070;2,937;0,936;0,000;1,300;0,000;29,000;0,803;2,200;3;0;3;0,000;4,400;1,186;1,800;1,890;1,200;1,890;0,600;0,000;2,800;1,186;1,300;1,186;2,400;1,890;0,600;1,890;1,300
4019405007;1,029;2,100;7,586;0,300;1,680;3,300;0,423;17,180;1,029;1,600;1,029;4,550;3,081;0,936;0,423;1,300;0,000;27,000;1,194;1,800;3;0;3;0,423;4,400;1,492;1,800;2,253;1,200;2,253;0,600;0,423;2,800;1,492;1,300;1,492;2,400;2,253;0,600;2,253;1,300
4019405008;1,455;2,100;7,792;0,300;2,036;3,300;0,000;16,712;1,455;1,600;1,455;4,550;3,367;0,936;0,845;1,300;0,000;26,600;1,571;1,800;3;0;3;0,845;4,400;1,896;1,800;2,674;1,200;2,674;0,600;0,845;2,800;1,896;1,300;1,896;2,400;2,674;0,600;2,674;1,300
4019406001;0,290;2,900;8,070;0,300;0,000;4,100;0,000;20,436;0,684;2,400;0,000;7,150;1,497;0,936;1,465;1,200;0,000;32,100;1,717;1,800;7;0;7;0,465;4,800;0,465;2,200;1,023;1,200;1,023;0,600;0,465;2,800;0,465;1,700;0,465;2,800;1,023;0,600;1,023;1,300
4019406002;0,000;2,500;8,361;0,300;0,290;3,700;0,290;18,372;0,834;2,000;0,290;6,110;1,291;0,936;1,647;1,200;0,000;29,700;1,979;1,800;1;0;1;0,550;4,800;0,752;2,200;1,118;1,200;1,255;0,600;0,752;2,800;0,752;1,700;0,752;2,800;1,255;0,600;1,255;1,300
4019406003;0,232;2,500;8,456;0,300;0,442;3,700;0,433;18,172;1,059;1,600;0,433;5,590;1,401;0,936;1,574;1,200;0,141;28,900;1,997;1,800;0;0;0;0,433;4,800;0,855;2,200;1,342;1,200;1,456;0,600;0,855;2,800;0,855;1,700;0,855;2,800;1,456;0,600;1,456;1,300
4019406004;0,309;2,500;8,356;0,300;0,422;3,700;0,292;18,172;1,073;1,600;0,292;5,590;1,539;0,936;1,434;1,200;0,000;28,900;1,873;1,800;1;0;1;0,292;4,800;0,779;2,200;1,424;1,200;1,444;0,600;0,779;2,800;0,779;1,700;0,779;2,800;1,444;0,600;1,444;1,300
4019406005;0,550;2,900;8,145;0,300;0,510;3,700;0,000;18,964;0,831;2,000;0,000;6,110;1,823;0,936;1,142;1,200;0,000;30,100;1,618;1,800;3;0;3;0,000;4,800;0,677;2,200;1,450;1,200;1,450;0,600;0,677;2,800;0,677;1,700;0,677;2,800;1,450;0,600;1,450;1,300
4019407001;0,978;2,500;8,297;0,300;0,000;3,700;0,000;18,772;0,597;2,000;0,597;5,070;1,019;0,936;2,503;1,200;0,000;28,800;2,518;1,600;6;0;6;0,000;5,200;0,000;2,600;0,000;2,000;0,986;1,000;0,000;3,200;0,986;1,700;0,000;3,600;0,986;1,000;0,986;1,500
4019407002;0,760;2,500;8,804;0,300;0,735;4,100;0,552;18,292;0,942;2,000;0,942;5,590;0,552;1,560;2,398;1,200;0,000;27,600;2,644;1,600;3;0;3;0,735;4,400;0,735;2,200;0,735;1,600;1,460;0,600;0,735;2,800;1,362;1,300;0,735;2,800;1,460;0,600;1,460;1,100
4019407003;1,291;2,100;9,279;0,300;1,019;3,300;0,000;17,212;1,422;1,600;1,422;4,550;0,000;1,560;2,937;1,200;0,000;25,600;3,194;1,600;3;0;3;1,019;4,000;1,019;1,800;1,019;1,200;1,923;0,600;1,019;2,400;1,912;1,300;1,019;2,400;1,923;0,600;1,923;1,100
4019407004;3,032;2,100;8,343;0,300;2,718;3,300;2,888;15,852;3,418;1,600;3,418;4,550;3,625;0,936;0,000;1,300;0,000;23,900;4,846;1,600;2;0;2;2,888;3,700;2,888;1,800;3,058;1,200;3,322;0,600;3,058;2,100;3,322;1,200;2,888;2,400;3,322;0,600;3,322;1,100
4019501001;10,236;0,400;41,864;0,000;0,000;2,100;10,236;1,552;10,236;0,400;0,000;2,106;42,479;0,000;42,524;0,000;39,878;0,000;49,677;0,000;0;0;0;25,548;0,100;42,161;0,000;42,161;0,000;42,161;0,000;42,161;0,000;28,497;0,100;47,735;0,000;48,679;0,000;36,940;0,000
4019601001;26,722;0,200;35,740;0,000;5,906;0,800;5,906;1,404;10,707;0,400;17,809;0,572;36,408;0,000;35,865;0,000;29,295;0,100;67,203;0,000;0;0;0;10,707;0,300;35,925;0,000;35,925;0,000;35,925;0,000;35,925;0,000;35,925;0,000;65,534;0,000;45,833;0,000;35,925;0,000
4019801001;13,413;0,400;45,269;0,000;8,126;1,000;8,126;1,056;18,982;0,200;11,149;1,196;45,901;0,000;45,643;0,000;41,994;0,000;53,747;0,000;0;0;0;23,189;0,100;45,488;0,000;45,488;0,000;45,488;0,000;45,488;0,000;27,820;0,100;52,167;0,000;53,035;0,000;41,961;0,000
4019901001;14,362;0,800;24,699;0,100;8,433;1,500;6,294;5,280;14,362;0,600;13,060;1,326;16,084;0,156;17,398;0,200;13,060;5,500;18,156;0,400;0;0;0;16,671;0,700;17,080;0,300;17,080;0,200;17,793;0,100;17,080;0,400;11,159;0,500;17,080;0,400;17,793;0,100;10,157;0,500
4020001001;19,706;0,400;23,496;0,100;7,314;1,300;2,856;6,052;19,902;0,400;7,314;1,560;19,343;0,156;16,774;0,320;0,000;7,100;21,584;0,300;2;0;2;19,373;0,700;19,373;0,300;19,373;0,200;19,969;0,100;19,373;0,400;19,969;0,200;19,373;0,400;19,969;0,100;17,649;0,200
4020101001;10,020;0,600;29,248;0,100;10,204;1,500;10,204;3,908;10,641;0,700;10,204;2,180;48,149;0,000;10,641;0,360;30,249;0,000;13,359;0,300;0;0;0;46,762;0,000;35,122;0,000;47,667;0,000;47,767;0,000;35,122;0,000;30,102;0,000;47,430;0,000;47,767;0,000;13,499;0,400
4020201001;21,747;0,600;25,965;0,200;10,843;1,000;18,871;1,968;23,382;0,500;19,028;0,876;26,608;0,156;27,048;0,100;25,965;0,200;63,214;0,000;0;0;0;23,382;0,200;26,442;0,100;26,442;0,100;26,442;0,200;26,442;0,100;26,442;0,200;60,939;0,000;49,587;0,000;26,442;0,100
4020301001;8,791;1,200;18,460;0,100;8,791;2,000;0,000;10,424;8,791;0,900;7,580;2,340;10,206;0,468;11,187;0,600;7,580;12,800;11,963;0,900;0;0;0;10,543;1,900;11,152;0,900;11,152;0,600;11,764;0,300;11,152;1,200;11,186;0,700;11,152;1,200;11,764;0,300;8,100;0,700
4020401001;20,208;0,300;44,704;0,000;7,286;1,000;10,499;2,292;20,208;0,300;20,208;0,676;45,324;0,000;44,189;0,000;20,407;0,800;48,676;0,000;0;0;0;29,314;0,100;45,287;0,000;45,287;0,000;37,781;0,000;45,287;0,000;22,687;0,100;46,197;0,000;47,157;0,000;20,530;0,100
4020501001;18,701;0,600;26,362;0,100;4,728;1,700;4,728;5,688;18,868;0,400;18,868;1,196;17,488;0,156;18,176;0,200;14,198;5,100;20,670;0,300;0;0;0;18,326;0,700;18,326;0,300;18,326;0,200;19,312;0,100;18,326;0,400;19,312;0,300;18,326;0,400;19,312;0,100;7,952;0,400
4020601001;18,928;0,600;30,561;0,000;3,025;1,700;12,106;4,076;19,499;0,400;18,195;1,222;21,977;0,156;23,271;0,200;18,195;4,100;24,035;0,100;0;0;0;22,562;0,600;22,975;0,300;22,975;0,200;23,691;0,100;22,975;0,400;5,626;0,500;22,975;0,400;23,691;0,100;15,189;0,200
4020701001;5,375;1,200;16,190;0,100;5,375;1,700;0,000;10,888;5,375;0,900;4,179;2,730;9,117;0,468;9,210;0,600;4,179;13,500;10,013;0,900;0;0;0;8,865;1,900;9,541;0,900;9,897;0,600;10,260;0,300;9,210;1,200;9,541;0,700;9,541;1,200;10,260;0,300;10,260;0,700
4020801001;16,058;0,600;30,533;0,000;0,000;2,200;0,000;5,468;16,058;0,400;16,058;1,352;21,426;0,156;22,514;0,200;18,926;4,500;24,546;0,100;0;0;0;22,332;0,600;22,332;0,300;22,332;0,200;23,312;0,100;22,332;0,400;19,359;0,300;22,332;0,400;23,312;0,100;11,509;0,400
4021001001;15,994;0,200;34,816;0,000;7,049;0,900;13,077;0,900;15,994;0,200;7,049;0,754;35,430;0,000;35,477;0,000;32,896;0,000;56,106;0,000;0;0;0;20,195;0,100;35,112;0,000;35,112;0,000;35,112;0,000;35,112;0,000;35,112;0,000;54,075;0,000;53,772;0,000;35,112;0,000
4021101001;18,509;0,600;11,262;0,300;9,436;1,400;5,469;6,526;11,471;0,600;14,389;1,560;20,485;0,156;18,541;0,200;0,000;9,500;5,469;1,900;2;0;2;11,262;1,200;18,871;0,400;18,575;0,200;18,575;0,100;18,541;0,400;18,575;0,200;18,575;0,400;18,575;0,100;9,287;0,700
4021201001;16,851;0,300;16,875;0,200;16,875;0,700;8,407;2,520;9,137;0,500;16,032;0,616;17,543;0,156;17,015;0,100;12,871;0,600;77,628;0,000;0;0;0;9,137;0,400;17,059;0,100;17,059;0,100;17,059;0,100;17,059;0,100;17,059;0,100;75,584;0,000;32,299;0,000;17,059;0,100
4021301001;11,078;0,800;35,582;0,000;6,582;1,600;6,582;4,232;11,078;0,600;11,078;1,482;26,310;0,156;27,958;0,200;25,253;4,400;29,259;0,100;0;0;0;27,285;0,600;27,285;0,300;27,285;0,200;28,233;0,100;27,285;0,400;15,853;0,300;27,285;0,400;28,233;0,100;16,498;0,200
4021401001;6,736;1,000;11,730;0,300;6,436;1,900;5,642;9,940;6,946;0,700;6,946;2,340;6,545;0,468;3,869;0,900;3,869;14,100;8,619;1,100;0;0;0;6,436;2,100;6,436;0,900;6,436;0,600;6,999;0,300;6,436;1,200;6,999;0,600;6,436;1,200;6,999;0,300;6,999;0,700
4021501001;19,423;0,600;26,163;0,200;4,411;1,500;20,489;2,168;19,423;0,500;19,187;0,876;26,785;0,156;27,492;0,100;24,665;0,300;64,730;0,000;0;0;0;24,665;0,300;26,746;0,100;26,746;0,100;22,593;0,200;26,746;0,100;22,593;0,200;62,358;0,000;51,717;0,000;26,644;0,200
4021601001;8,096;1,000;7,416;0,300;7,834;1,900;0,000;11,304;8,744;0,800;8,656;2,470;9,529;0,468;6,167;0,600;6,167;14,400;7,416;1,500;0;0;0;7,416;2,200;8,222;0,900;8,364;0,600;8,364;0,300;8,364;1,200;8,364;0,600;8,222;1,200;8,364;0,300;8,364;0,600
4021801001;14,129;0,400;35,425;0,000;9,388;1,100;11,515;1,552;14,129;0,400;9,388;1,014;36,063;0,000;36,330;0,000;34,565;0,000;53,840;0,000;0;0;0;25,279;0,100;35,827;0,000;35,827;0,000;35,827;0,000;35,827;0,000;35,827;0,000;51,658;0,000;52,636;0,000;35,572;0,000
4021901001;9,004;0,900;34,159;0,000;8,979;1,000;0,000;6,798;9,004;0,600;9,004;2,536;38,537;0,000;24,125;0,120;7,171;2,200;29,417;0,100;0;0;0;32,951;0,000;32,951;0,000;34,250;0,000;37,133;0,000;32,951;0,000;9,004;0,300;34,250;0,000;34,250;0,000;20,575;0,100
4022001001;8,577;0,600;43,311;0,000;13,272;1,000;8,577;1,276;8,577;0,300;8,577;1,326;34,075;0,000;36,144;0,000;32,985;0,000;36,804;0,000;0;0;0;35,083;0,000;35,083;0,000;35,083;0,000;35,981;0,000;35,083;0,000;15,199;0,100;35,083;0,000;35,981;0,000;24,683;0,100
4022101001;8,567;0,600;47,768;0,000;11,285;0,800;10,238;1,000;10,238;0,300;8,567;1,326;38,576;0,000;40,548;0,000;36,883;0,000;41,228;0,000;0;0;0;34,328;0,000;39,589;0,000;39,589;0,000;40,469;0,000;39,589;0,000;17,338;0,100;39,589;0,000;40,469;0,000;29,329;0,100
4022201001;11,579;0,500;37,301;0,000;7,638;1,500;7,638;3,536;11,579;0,400;11,579;1,092;28,454;0,156;29,055;0,100;21,543;2,100;31,631;0,000;0;0;0;29,296;0,200;29,296;0,200;29,296;0,100;30,282;0,000;29,296;0,100;24,429;0,100;29,296;0,200;30,282;0,000;18,746;0,100
4022301001;19,773;0,600;14,145;0,300;5,647;1,400;6,277;6,414;8,133;0,600;11,785;1,820;23,418;0,156;21,219;0,200;0,000;9,800;6,277;2,100;2;0;2;8,133;1,200;21,694;0,400;21,495;0,200;21,495;0,100;21,219;0,400;21,495;0,200;21,495;0,400;21,495;0,100;8,133;0,700
4022401001;4,318;0,700;51,949;0,000;14,176;0,800;16,580;0,744;16,580;0,100;4,318;1,534;42,957;0,000;44,648;0,000;39,905;0,000;45,375;0,000;0;0;0;32,521;0,000;43,976;0,000;43,976;0,000;44,797;0,000;43,976;0,000;18,526;0,100;43,976;0,000;44,797;0,000;34,271;0,000
4022501001;18,703;0,600;20,666;0,400;0,000;2,100;0,000;5,298;17,220;0,300;0,000;2,570;25,609;0,156;25,609;0,100;0,000;7,900;18,100;1,200;2;0;2;17,220;0,400;14,308;0,400;26,325;0,100;26,325;0,100;26,325;0,100;26,325;0,100;26,325;0,100;26,325;0,100;17,220;0,400
4022801001;8,820;0,900;30,871;0,000;8,820;0,900;4,889;4,828;9,342;0,700;4,234;3,096;42,131;0,000;12,391;0,360;17,386;1,000;22,567;0,400;0;0;0;34,938;0,000;34,069;0,000;38,796;0,000;39,375;0,000;34,069;0,000;22,807;0,100;38,796;0,000;38,796;0,000;28,503;0,100
4022901001;17,528;0,400;17,577;0,200;17,577;0,700;8,393;2,520;10,782;0,500;16,720;0,616;18,216;0,156;17,939;0,100;14,570;0,600;74,538;0,000;0;0;0;10,782;0,400;17,793;0,100;17,793;0,100;17,793;0,200;17,793;0,100;17,793;0,200;72,451;0,000;35,635;0,000;17,793;0,100
4023001001;12,125;0,900;28,607;0,100;11,896;1,600;8,663;5,302;8,663;0,800;8,663;3,160;46,123;0,000;8,663;0,360;22,571;0,900;23,987;0,400;0;0;0;38,703;0,000;32,715;0,000;43,082;0,000;43,083;0,000;32,715;0,000;27,632;0,100;43,082;0,000;43,082;0,000;25,911;0,200
4023101001;16,812;0,400;20,297;0,100;10,402;1,300;5,681;5,912;17,061;0,400;10,402;1,560;16,622;0,156;13,826;0,520;0,000;7,300;18,668;0,500;2;0;2;16,557;0,700;16,557;0,300;16,557;0,200;17,086;0,100;16,557;0,400;17,086;0,200;16,557;0,400;17,086;0,100;16,314;0,300
4023301001;21,288;0,600;16,707;0,200;8,636;1,600;8,792;5,414;12,815;0,600;8,792;1,690;25,775;0,156;23,828;0,200;0,000;9,000;10,763;1,400;2;0;2;12,815;1,100;22,983;0,400;23,893;0,200;23,893;0,100;23,893;0,400;23,893;0,200;23,893;0,400;23,893;0,100;12,815;0,700
4023401001;18,847;0,200;41,141;0,000;7,812;1,000;3,791;3,512;18,847;0,300;14,355;1,040;34,541;0,000;29,246;0,120;7,827;1,900;37,495;0,000;0;0;0;34,992;0,000;34,992;0,000;34,992;0,000;35,848;0,000;34,992;0,000;18,847;0,100;34,992;0,000;35,848;0,000;26,213;0,200
4090101001;13,566;1,100;8,038;0,300;13,379;1,700;2,323;9,860;11,335;1,000;13,566;2,470;15,951;0,156;13,218;0,400;0,000;15,800;0,000;3,400;2;4;6;8,038;2,200;14,047;0,700;14,156;0,400;14,156;0,300;13,218;1,000;14,047;0,600;14,047;1,000;14,156;0,300;0,000;1,700
4090201001;19,068;0,300;44,738;0,000;4,663;1,200;7,772;2,096;19,068;0,300;16,775;0,676;45,338;0,000;42,866;0,000;16,775;0,800;51,551;0,000;0;0;0;25,533;0,100;45,354;0,000;45,354;0,000;35,870;0,000;45,354;0,000;19,068;0,100;49,047;0,000;49,987;0,000;16,001;0,100
4090301001;19,236;0,500;15,801;0,100;8,516;1,500;6,756;5,718;19,900;0,400;9,905;1,690;20,732;0,156;17,312;0,200;14,617;6,000;15,801;0,700;0;0;0;15,801;0,800;19,393;0,300;19,491;0,200;19,491;0,100;19,491;0,400;19,491;0,200;19,393;0,400;19,491;0,100;19,491;0,400
4090401001;9,864;1,200;6,863;0,300;10,608;1,800;2,440;10,372;9,864;1,000;9,864;2,600;12,293;0,468;9,386;0,600;0,000;16,500;0,000;3,100;2;4;6;6,863;2,200;10,399;0,900;10,712;0,600;10,712;0,300;9,386;1,200;10,399;0,600;10,399;1,200;10,712;0,300;4,734;1,100
4090501001;13,466;0,700;25,006;0,200;4,848;1,100;16,088;2,012;13,466;0,500;12,303;0,850;25,552;0,156;26,526;0,100;17,818;0,300;60,371;0,000;0;0;0;17,818;0,200;25,669;0,100;25,669;0,100;16,088;0,200;25,669;0,100;16,088;0,200;61,502;0,000;51,839;0,000;23,301;0,200
4090601001;2,987;2,100;11,141;0,300;3,255;3,200;0,000;16,912;3,752;1,600;3,037;4,550;2,878;0,936;3,858;0,900;2,878;24,700;4,566;1,600;0;0;0;3,037;4,000;3,659;1,800;3,703;1,200;4,230;0,600;3,659;2,400;3,659;1,300;3,659;2,400;4,230;0,600;4,230;1,100
4090601002;1,533;2,100;9,567;0,300;1,766;3,300;1,476;16,220;2,268;1,600;1,476;4,550;1,985;0,936;2,308;0,900;1,358;24,800;2,993;1,600;0;0;0;1,476;4,000;2,125;1,800;2,482;1,200;2,783;0,600;2,125;2,400;2,125;1,300;2,125;2,400;2,783;0,600;2,783;1,100
4200101001;17,214;0,500;26,226;0,200;17,214;0,600;5,472;3,216;16,955;0,300;17,214;0,750;24,730;0,156;25,771;0,230;0,000;5,400;21,090;0,300;1;0;1;26,143;0,300;26,143;0,300;26,143;0,200;26,143;0,200;26,813;0,100;27,111;0,100;26,813;0,200;26,143;0,100;26,143;0,300
4200301001;16,120;0,100;47,914;0,000;16,119;0,200;16,119;0,376;15,756;0,100;15,756;0,130;44,784;0,000;16,119;0,120;16,119;0,200;16,119;0,400;0;0;0;45,956;0,000;45,956;0,000;45,956;0,000;46,666;0,000;45,956;0,000;46,368;0,000;45,956;0,000;46,811;0,000;15,756;0,100
4200401001;1,864;0,600;44,040;0,000;0,000;1,300;0,000;2,388;11,453;0,300;0,000;1,690;49,034;0,000;46,068;0,000;26,425;0,100;47,283;0,000;0;0;0;46,026;0,000;46,026;0,000;46,475;0,000;46,551;0,000;46,475;0,000;46,026;0,000;46,026;0,000;46,804;0,000;37,896;0,000
4200401002;0,000;1,000;45,818;0,000;1,864;0,900;0,000;2,388;11,698;0,300;1,864;1,170;50,787;0,000;47,837;0,000;27,907;0,100;49,044;0,000;0;0;0;47,791;0,000;47,791;0,000;48,235;0,000;48,321;0,000;48,235;0,000;47,791;0,000;47,791;0,000;48,576;0,000;39,012;0,000
4200601001;7,665;0,800;7,157;0,600;7,157;1,000;7,157;3,832;7,932;0,600;7,932;1,080;9,756;0,468;7,932;0,690;5,885;6,500;8,501;0,500;0;0;0;7,665;0,900;7,665;0,900;7,831;0,600;8,359;0,600;7,831;0,300;7,665;0,300;7,665;0,600;8,691;0,300;7,665;0,700
4200701001;10,810;0,500;33,075;0,000;10,810;0,900;10,810;2,040;17,998;0,100;17,998;0,390;33,253;0,000;32,046;0,000;13,381;1,700;53,617;0,000;0;0;0;9,226;0,300;32,940;0,000;9,226;0,300;9,226;0,600;32,940;0,000;9,226;0,600;68,987;0,000;9,226;0,300;9,226;0,300
4200801001;23,895;0,100;55,995;0,000;14,025;0,400;14,025;0,576;23,593;0,100;23,593;0,130;52,832;0,000;23,661;0,120;23,661;0,100;14,025;0,600;0;0;0;54,042;0,000;54,042;0,000;54,042;0,000;54,749;0,000;54,042;0,000;54,458;0,000;54,042;0,000;54,889;0,000;23,593;0,100
4200901001;10,470;0,600;16,368;0,200;10,470;0,700;10,470;2,168;16,441;0,300;16,563;0,490;17,200;0,156;16,563;0,350;11,237;3,100;16,627;0,400;0;0;0;16,189;0,300;16,189;0,300;16,189;0,200;16,881;0,200;16,189;0,100;16,226;0,100;16,189;0,200;17,196;0,100;10,470;0,600
4201001001;13,647;0,500;18,619;0,200;16,359;0,400;13,647;1,772;20,687;0,200;20,158;0,360;23,810;0,156;20,687;0,230;18,619;2,100;22,055;0,100;0;0;0;20,870;0,300;20,870;0,300;21,105;0,200;21,023;0,200;21,408;0,100;20,870;0,100;20,870;0,200;21,105;0,100;20,870;0,200
4201101001;20,548;0,500;20,511;0,200;20,511;0,700;20,511;2,012;21,112;0,300;21,112;0,620;25,242;0,156;22,416;0,230;6,290;2,400;23,550;0,100;0;0;0;22,332;0,300;22,332;0,300;22,745;0,200;22,906;0,200;22,745;0,100;22,332;0,100;22,332;0,200;23,184;0,100;20,548;0,300
4201201001;13,679;0,500;16,190;0,200;16,190;0,400;13,679;1,772;18,290;0,200;17,836;0,360;21,445;0,156;18,290;0,230;16,190;2,100;19,665;0,100;0;0;0;18,456;0,300;18,456;0,300;18,745;0,200;18,645;0,200;18,995;0,100;18,456;0,100;18,456;0,200;18,745;0,100;18,456;0,200
4201301001;13,174;0,800;11,034;0,600;11,034;1,100;11,034;3,832;13,154;0,600;13,154;1,080;16,282;0,156;13,154;0,690;11,034;6,100;14,462;0,300;0;0;0;13,174;0,900;13,174;0,900;13,669;0,600;13,617;0,600;13,669;0,300;13,174;0,300;13,174;0,600;13,837;0,300;13,174;0,700
4201401001;10,396;0,500;25,680;0,200;14,094;0,600;10,396;2,084;27,281;0,200;26,272;0,360;29,870;0,156;27,281;0,230;25,680;1,800;28,459;0,100;0;0;0;27,381;0,300;27,381;0,300;27,381;0,200;27,381;0,200;28,058;0,100;27,577;0,100;27,577;0,200;27,381;0,100;27,381;0,200
4201501001;19,099;0,200;42,213;0,000;20,368;0,300;19,099;0,532;18,461;0,100;18,461;0,130;40,500;0,000;20,368;0,120;20,368;0,200;20,368;0,400;0;0;0;40,861;0,000;40,861;0,000;40,861;0,000;41,622;0,000;40,861;0,000;41,143;0,000;40,861;0,000;41,852;0,000;18,461;0,200
4201601001;6,089;0,500;21,011;0,200;6,089;0,700;6,089;1,672;21,747;0,400;21,747;0,620;23,029;0,156;21,747;0,230;9,567;2,400;22,121;0,100;0;0;0;21,453;0,300;21,453;0,300;21,543;0,200;22,144;0,200;21,543;0,100;21,453;0,100;21,453;0,200;22,475;0,100;6,089;0,600
4201701001;13,850;1,000;11,573;0,600;11,573;1,100;11,573;4,024;13,724;0,600;13,448;0,820;16,921;0,156;13,724;0,690;11,573;5,300;15,103;0,100;0;0;0;13,850;0,900;13,850;0,900;14,257;0,600;14,118;0,600;14,386;0,300;13,850;0,300;13,850;0,600;14,257;0,300;13,850;0,700
4201801001;21,729;0,200;52,161;0,000;20,240;0,300;20,240;0,532;26,261;0,100;21,729;0,260;50,416;0,000;27,752;0,120;27,752;0,100;13,295;0,600;0;0;0;50,808;0,000;50,808;0,000;50,808;0,000;51,569;0,000;50,808;0,000;51,093;0,000;50,808;0,000;51,798;0,000;21,729;0,200
4201901001;0,000;1,200;17,716;0,200;17,828;0,400;0,000;3,496;18,934;0,300;17,716;0,360;20,990;0,156;18,934;0,230;17,716;2,400;19,886;0,100;0;0;0;18,822;0,300;18,822;0,300;18,822;0,200;18,822;0,200;19,676;0,100;19,276;0,100;19,276;0,200;18,822;0,100;18,822;0,200
4202001001;0,000;1,200;32,614;0,000;1,731;0,800;0,000;2,842;0,642;1,000;0,642;1,300;29,261;0,156;1,731;0,720;1,731;1,000;1,731;1,000;0;0;0;30,728;0,000;30,728;0,000;30,728;0,000;31,393;0,000;30,728;0,000;31,184;0,000;30,728;0,000;31,497;0,000;0,642;1,200
4202001002;0,642;1,200;32,765;0,000;2,268;0,800;0,642;2,842;0,000;1,000;0,000;1,300;29,445;0,156;2,268;0,720;2,268;1,000;2,268;1,000;0;0;0;30,866;0,000;30,866;0,000;30,866;0,000;31,539;0,000;30,866;0,000;31,317;0,000;30,866;0,000;31,649;0,000;0,000;1,200
4202001003;1,731;0,700;33,395;0,000;0,000;1,100;0,000;2,542;2,268;0,600;2,268;0,780;29,967;0,156;0,000;1,200;0,000;1,400;0,000;1,400;2;4;6;31,543;0,000;31,543;0,000;31,543;0,000;32,189;0,000;31,543;0,000;32,013;0,000;31,543;0,000;32,278;0,000;2,268;0,700
4202101001;8,841;0,300;35,051;0,000;8,841;0,400;8,841;0,624;27,351;0,100;27,351;0,130;36,493;0,000;35,525;0,000;19,660;0,200;35,525;0,000;0;0;0;35,288;0,000;35,288;0,000;35,315;0,000;35,966;0,000;35,315;0,000;35,288;0,000;35,288;0,000;36,291;0,000;8,841;0,300
4202201001;11,536;0,600;24,751;0,200;11,536;0,800;11,536;1,912;19,444;0,300;19,444;0,620;28,120;0,156;26,080;0,230;4,384;2,700;26,819;0,100;0;0;0;25,862;0,300;25,862;0,300;26,104;0,200;26,544;0,200;26,104;0,100;25,862;0,100;25,862;0,200;26,870;0,100;11,536;0,500
4202301001;22,865;0,200;58,582;0,000;22,865;0,300;22,865;0,506;27,039;0,100;27,039;0,130;54,998;0,000;25,720;0,120;25,720;0,100;25,720;0,200;0;0;0;56,827;0,000;56,827;0,000;56,827;0,000;57,424;0,000;56,827;0,000;57,323;0,000;56,827;0,000;57,474;0,000;27,039;0,100
4202401001;17,566;0,400;15,719;0,200;15,719;0,700;15,719;1,892;17,641;0,300;17,641;0,620;20,510;0,156;17,641;0,230;8,058;2,400;18,796;0,100;0;0;0;17,566;0,300;17,566;0,300;17,988;0,200;18,130;0,200;17,988;0,100;17,566;0,100;17,566;0,200;18,404;0,100;17,566;0,300
4202501001;0,000;1,000;73,297;0,000;0,000;1,100;0,000;1,660;47,500;0,000;0,000;1,300;71,901;0,000;48,733;0,000;48,733;0,000;8,914;0,700;0;0;0;72,134;0,000;72,134;0,000;72,134;0,000;72,896;0,000;72,134;0,000;72,386;0,000;72,134;0,000;73,140;0,000;0,000;1,000
4202501002;12,067;0,300;65,164;0,000;10,882;0,600;10,882;0,768;36,776;0,000;12,067;0,390;63,127;0,000;37,762;0,000;37,762;0,000;0,000;1,600;0;11;11;63,683;0,000;63,683;0,000;63,683;0,000;64,440;0,000;63,683;0,000;63,993;0,000;63,683;0,000;64,654;0,000;12,067;0,300
4202601001;10,655;0,300;57,509;0,000;10,655;0,400;10,655;0,510;30,899;0,000;30,899;0,000;53,801;0,000;28,858;0,120;28,858;0,100;28,858;0,100;0;0;0;56,045;0,000;56,045;0,000;56,045;0,000;56,472;0,000;56,045;0,000;56,578;0,000;56,045;0,000;56,472;0,000;25,274;0,100
4202701001;6,402;0,500;20,098;0,200;17,553;0,400;6,402;1,772;21,707;0,200;20,713;0,360;24,332;0,156;21,707;0,230;20,098;2,100;22,895;0,100;0;0;0;21,819;0,300;21,819;0,300;21,819;0,200;21,819;0,200;22,484;0,100;22,000;0,100;22,000;0,200;21,819;0,100;21,819;0,200
4202801001;8,789;0,500;15,920;0,200;15,920;0,400;8,789;1,972;17,780;0,200;16,994;0,360;20,701;0,156;17,780;0,230;15,920;2,200;19,080;0,100;0;0;0;18,027;0,300;18,027;0,300;18,045;0,200;18,032;0,200;18,546;0,100;18,027;0,100;18,027;0,200;18,045;0,100;18,027;0,200
4202901001;22,148;0,200;54,603;0,000;21,219;0,300;21,219;0,506;22,111;0,100;22,111;0,130;51,141;0,000;21,219;0,120;21,219;0,100;21,219;0,300;0;0;0;52,759;0,000;52,759;0,000;52,759;0,000;53,402;0,000;52,759;0,000;53,231;0,000;52,759;0,000;53,486;0,000;22,111;0,100
4203001001;10,260;0,400;40,079;0,000;8,603;0,400;8,603;1,114;10,651;0,300;10,651;0,390;36,470;0,000;8,603;0,360;8,603;0,400;8,603;0,500;0;0;0;38,358;0,000;38,358;0,000;38,358;0,000;38,937;0,000;38,358;0,000;38,862;0,000;38,358;0,000;38,976;0,000;10,651;0,400
4203101001;17,055;0,100;61,077;0,000;17,055;0,100;17,055;0,130;32,051;0,000;32,051;0,000;57,388;0,000;30,261;0,000;30,261;0,000;30,261;0,000;0;0;0;59,492;0,000;59,492;0,000;59,492;0,000;60,006;0,000;59,492;0,000;60,015;0,000;59,492;0,000;60,006;0,000;30,143;0,000
4203201001;8,793;0,400;46,913;0,000;8,793;0,600;8,793;0,978;25,207;0,100;15,485;0,260;43,394;0,000;29,600;0,120;15,485;0,400;23,513;0,300;0;0;0;45,954;0,000;45,954;0,000;45,954;0,000;46,059;0,000;45,954;0,000;46,484;0,000;45,954;0,000;46,059;0,000;14,654;0,300
4203301001;14,145;0,600;42,033;0,000;14,145;0,800;14,145;1,410;26,066;0,100;14,801;0,520;38,628;0,000;29,073;0,120;14,801;0,800;20,473;0,300;0;0;0;41,224;0,000;41,224;0,000;41,224;0,000;41,241;0,000;41,224;0,000;41,744;0,000;41,224;0,000;41,241;0,000;12,018;0,300
4203401001;15,800;0,100;51,564;0,000;10,486;0,400;10,486;0,708;10,486;0,300;10,486;0,520;55,735;0,000;53,261;0,000;30,420;0,000;54,224;0,000;0;0;0;53,112;0,000;53,112;0,000;53,448;0,000;53,749;0,000;53,448;0,000;53,112;0,000;53,112;0,000;54,055;0,000;35,999;0,000
4203501001;0,000;1,200;50,575;0,000;0,000;1,200;0,000;1,888;29,304;0,100;23,178;0,260;46,908;0,000;27,045;0,120;23,178;0,200;25,194;0,300;0;0;0;49,336;0,000;49,336;0,000;49,336;0,000;49,613;0,000;49,336;0,000;49,875;0,000;49,336;0,000;49,613;0,000;17,215;0,200
4203601001;19,040;0,400;35,154;0,000;19,040;0,400;18,733;1,270;30,020;0,000;19,040;0,390;32,456;0,000;34,189;0,000;9,997;1,700;19,269;0,200;0;0;0;34,665;0,000;34,665;0,000;34,665;0,000;34,665;0,000;34,993;0,000;35,437;0,000;34,993;0,000;34,665;0,000;18,800;0,100
4203701001;8,873;0,400;31,016;0,000;8,873;0,400;8,873;0,744;22,091;0,100;22,091;0,130;30,842;0,000;24,344;0,120;18,158;0,500;24,344;0,100;0;0;0;30,404;0,000;30,404;0,000;30,404;0,000;31,144;0,000;30,404;0,000;30,541;0,000;30,404;0,000;31,433;0,000;8,873;0,400
4203801001;13,953;0,600;24,231;0,200;15,065;0,500;13,953;2,068;13,626;0,500;13,626;0,750;22,407;0,156;15,594;0,350;7,575;2,700;15,594;0,400;0;0;0;22,766;0,300;22,766;0,300;22,766;0,200;23,526;0,200;22,766;0,100;23,061;0,100;22,766;0,200;23,751;0,100;13,626;0,700
4203901001;19,871;0,200;47,966;0,000;10,204;0,500;10,204;0,864;10,204;0,300;10,204;0,520;51,727;0,000;49,493;0,000;26,495;0,100;50,338;0,000;0;0;0;49,307;0,000;49,307;0,000;49,593;0,000;49,972;0,000;49,593;0,000;49,307;0,000;49,307;0,000;50,290;0,000;29,942;0,100
4204101001;6,911;0,500;26,294;0,200;6,911;0,700;6,911;1,672;22,316;0,300;22,316;0,490;28,852;0,156;27,284;0,230;8,863;2,400;27,800;0,100;0;0;0;27,017;0,300;27,017;0,300;27,166;0,200;27,711;0,200;27,166;0,100;27,017;0,100;27,017;0,200;28,043;0,100;6,911;0,500
4204201001;10,253;0,900;8,159;0,600;8,159;1,000;8,159;4,188;10,009;0,600;9,273;1,080;12,979;0,468;10,009;0,690;8,159;6,100;11,320;0,300;0;0;0;10,253;0,900;10,253;0,900;10,299;0,600;10,272;0,600;10,773;0,300;10,253;0,300;10,253;0,600;10,299;0,300;10,253;0,600
4204301001;0,000;1,200;52,826;0,000;0,000;1,600;0,000;2,710;11,745;0,300;0,000;1,820;50,323;0,000;43,819;0,000;0,000;2,000;33,863;0,000;5;0;5;33,153;0,000;52,742;0,000;33,153;0,000;33,076;0,000;52,765;0,000;33,076;0,000;52,926;0,000;33,153;0,000;26,750;0,100
4204301002;0,781;1,200;52,177;0,000;0,781;1,600;0,781;2,710;10,988;0,300;0,781;1,820;51,102;0,000;44,425;0,000;0,781;2,000;34,617;0,000;0;0;0;32,748;0,000;52,118;0,000;32,748;0,000;32,748;0,000;52,118;0,000;32,748;0,000;53,706;0,000;32,748;0,000;27,417;0,100
4204301003;1,297;0,800;52,214;0,000;1,297;1,200;1,297;2,086;12,763;0,300;1,297;1,300;49,203;0,000;43,312;0,000;1,297;1,700;32,909;0,000;0;0;0;33,294;0,000;51,607;0,000;33,294;0,000;32,910;0,000;51,803;0,000;32,910;0,000;51,803;0,000;33,294;0,000;26,096;0,100
4204401001;10,887;0,500;16,757;0,200;10,887;0,700;10,887;1,772;17,751;0,300;17,751;0,490;19,445;0,156;17,751;0,230;7,857;2,600;18,309;0,100;0;0;0;17,489;0,300;17,489;0,300;17,655;0,200;18,184;0,200;17,655;0,100;17,489;0,100;17,489;0,200;18,515;0,100;10,887;0,500
4204501001;17,991;0,400;32,922;0,000;17,991;0,400;10,168;2,224;20,543;0,100;17,991;0,520;31,098;0,000;32,339;0,000;0,000;3,700;23,713;0,200;1;0;1;32,741;0,000;32,741;0,000;32,741;0,000;32,741;0,000;33,336;0,000;33,674;0,000;33,336;0,000;32,741;0,000;27,064;0,100
4204601001;25,442;0,500;28,222;0,100;25,442;0,500;12,141;2,840;26,027;0,300;25,442;0,750;25,667;0,156;27,315;0,230;8,803;3,700;15,067;0,300;0;0;0;27,781;0,300;27,781;0,300;27,781;0,200;27,781;0,200;28,161;0,100;28,587;0,100;28,161;0,200;27,781;0,100;18,749;0,300
4204801001;10,823;0,400;47,740;0,000;10,823;0,400;10,823;0,822;20,793;0,100;20,793;0,130;44,041;0,000;18,683;0,120;18,683;0,100;18,683;0,300;0;0;0;46,195;0,000;46,195;0,000;46,195;0,000;46,679;0,000;46,195;0,000;46,722;0,000;46,195;0,000;46,679;0,000;17,137;0,200
4204901001;14,206;1,000;13,227;0,400;13,227;1,300;13,227;2,912;14,433;0,700;14,433;0,690;16,467;0,156;14,433;0,490;9,100;4,600;15,148;0,100;0;0;0;14,206;0,700;14,206;0,700;14,436;0,400;14,891;0,400;14,436;0,300;14,206;0,300;14,206;0,600;15,219;0,100;14,206;0,700
4205001001;16,902;0,200;40,462;0,000;16,902;0,200;16,902;0,432;25,459;0,100;25,459;0,130;40,066;0,000;27,659;0,120;26,406;0,200;25,622;0,300;0;0;0;39,762;0,000;39,762;0,000;39,762;0,000;40,509;0,000;39,762;0,000;39,921;0,000;39,762;0,000;40,791;0,000;16,902;0,200
4205101001;20,282;0,100;44,944;0,000;20,282;0,200;20,282;0,312;22,883;0,100;22,883;0,130;47,210;0,000;45,853;0,000;25,728;0,100;38,860;0,000;0;0;0;45,572;0,000;45,572;0,000;45,688;0,000;46,266;0,000;45,688;0,000;45,572;0,000;45,572;0,000;46,598;0,000;20,282;0,100
4205201001;19,221;0,200;58,367;0,000;19,221;0,500;19,221;0,754;22,048;0,100;20,588;0,390;58,927;0,000;46,228;0,000;22,048;0,300;43,421;0,000;0;0;0;39,317;0,000;58,404;0,000;47,838;0,000;47,838;0,000;58,404;0,000;47,838;0,000;66,567;0,000;47,838;0,000;34,743;0,000
4205301001;17,219;0,200;57,559;0,000;17,219;0,500;17,219;0,754;19,244;0,100;18,571;0,390;58,092;0,000;44,197;0,000;18,571;0,300;40,449;0,000;0;0;0;40,033;0,000;57,578;0,000;45,330;0,000;45,330;0,000;57,578;0,000;45,330;0,000;63,187;0,000;45,330;0,000;31,665;0,000
4205401001;16,367;0,300;20,260;0,200;15,502;0,500;15,502;1,580;22,384;0,200;21,982;0,490;25,559;0,156;22,384;0,230;20,260;2,100;23,764;0,100;0;0;0;22,535;0,300;22,535;0,300;22,867;0,200;22,754;0,200;23,073;0,100;22,535;0,100;22,535;0,200;22,867;0,100;22,535;0,200
4205501001;4,278;1,000;47,867;0,000;4,278;1,100;0,000;4,332;27,837;0,200;4,278;1,300;46,172;0,000;47,352;0,000;4,278;3,600;37,343;0,000;0;0;0;29,249;0,100;47,741;0,000;29,249;0,100;23,539;0,200;48,368;0,000;23,539;0,200;48,368;0,000;29,249;0,100;29,249;0,100
4205601001;13,618;0,500;20,687;0,200;14,163;0,600;13,618;2,084;22,714;0,200;22,112;0,360;25,795;0,156;22,714;0,230;20,687;2,000;24,070;0,100;0;0;0;22,915;0,300;22,915;0,300;23,093;0,200;23,030;0,200;23,450;0,100;22,915;0,100;22,915;0,200;23,093;0,100;22,915;0,200
4205701001;10,603;0,300;36,831;0,000;8,782;0,500;8,782;1,032;15,668;0,100;8,782;0,520;42,026;0,000;38,938;0,000;22,153;0,100;40,223;0,000;0;0;0;38,941;0,000;38,941;0,000;39,422;0,000;39,406;0,000;39,422;0,000;38,941;0,000;38,941;0,000;39,632;0,000;35,551;0,000
4205801001;19,410;0,300;19,501;0,200;11,264;0,800;11,264;2,676;12,900;0,600;18,918;0,590;20,083;0,156;18,985;0,100;6,223;1,200;70,146;0,000;0;0;0;12,900;0,500;19,552;0,100;19,552;0,200;19,552;0,200;19,552;0,100;19,552;0,200;85,532;0,000;22,944;0,100;19,552;0,200
4205901001;15,042;0,300;36,287;0,000;14,266;0,500;14,266;1,390;16,437;0,100;16,437;0,260;32,581;0,000;14,266;0,360;14,266;0,600;10,439;0,900;0;0;0;34,890;0,000;34,890;0,000;34,890;0,000;35,269;0,000;34,890;0,000;35,427;0,000;34,890;0,000;35,269;0,000;5,426;0,400
4206001001;23,114;0,200;29,519;0,100;11,990;0,600;11,990;1,176;26,709;0,100;21,334;0,260;34,881;0,000;31,680;0,000;23,077;0,200;33,055;0,000;0;0;0;31,789;0,000;31,789;0,000;32,233;0,000;32,086;0,000;32,319;0,000;31,789;0,000;31,789;0,000;32,233;0,000;31,789;0,000
4206101001;18,426;0,400;17,543;0,200;18,009;0,400;9,764;3,004;16,573;0,300;17,543;0,490;16,897;0,156;17,410;0,230;0,000;4,900;17,867;0,300;2;0;2;17,694;0,300;17,694;0,300;17,694;0,200;17,694;0,200;18,521;0,100;18,713;0,100;18,521;0,200;17,694;0,100;17,694;0,200
4206201001;15,944;0,100;35,391;0,000;14,261;0,500;14,261;0,792;21,631;0,100;14,261;0,520;40,730;0,000;37,550;0,000;24,298;0,100;38,897;0,000;0;0;0;37,609;0,000;37,609;0,000;38,122;0,000;37,991;0,000;38,122;0,000;37,609;0,000;37,609;0,000;38,177;0,000;37,609;0,000
4206301001;28,341;0,100;54,700;0,000;28,341;0,100;28,341;0,156;37,984;0,000;33,570;0,000;55,736;0,000;47,216;0,000;38,526;0,000;25,099;0,100;0;0;0;54,777;0,000;54,777;0,000;54,777;0,000;55,457;0,000;54,777;0,000;54,791;0,000;54,777;0,000;55,775;0,000;28,341;0,100
4206401001;22,392;0,200;42,954;0,000;13,370;0,500;13,370;0,864;13,370;0,300;13,370;0,520;46,182;0,000;44,257;0,000;21,822;0,100;44,953;0,000;0;0;0;44,031;0,000;44,031;0,000;44,255;0,000;44,717;0,000;44,255;0,000;44,031;0,000;44,031;0,000;45,045;0,000;22,392;0,100
4206501001;13,663;0,500;14,140;0,400;14,140;0,600;13,663;2,084;16,256;0,200;15,849;0,360;19,426;0,156;16,256;0,230;14,140;2,400;17,634;0,100;0;0;0;16,412;0,300;16,412;0,300;16,732;0,200;16,622;0,200;16,951;0,100;16,412;0,100;16,412;0,200;16,732;0,100;16,412;0,200
4206801001;7,342;0,400;37,114;0,000;8,381;0,400;7,342;1,140;6,742;0,300;6,742;0,390;34,080;0,000;8,381;0,360;8,381;0,500;8,381;0,500;0;0;0;35,142;0,000;35,142;0,000;35,142;0,000;35,862;0,000;35,142;0,000;35,541;0,000;35,142;0,000;36,019;0,000;6,742;0,500
4206901001;0,000;1,400;37,520;0,000;0,000;1,200;0,000;3,184;7,626;0,300;0,000;1,820;37,467;0,000;37,682;0,000;0,000;4,100;38,227;0,000;1;0;1;37,887;0,000;37,887;0,000;37,887;0,000;37,887;0,000;38,806;0,000;38,912;0,000;38,806;0,000;37,887;0,000;37,887;0,000
4207001001;15,989;0,300;39,229;0,000;15,989;0,500;11,727;2,380;27,681;0,200;15,989;0,520;36,971;0,000;38,463;0,000;7,824;2,700;25,919;0,100;0;0;0;37,589;0,000;38,905;0,000;37,589;0,000;33,331;0,000;39,379;0,000;33,331;0,000;39,379;0,000;37,589;0,000;25,889;0,100
4207101001;15,574;0,400;18,054;0,200;16,607;0,500;15,574;1,856;15,557;0,300;15,557;0,490;15,344;0,156;16,766;0,350;0,000;3,700;15,995;0,400;2;0;2;16,137;0,300;16,137;0,300;16,137;0,200;16,872;0,200;16,137;0,100;16,513;0,100;16,137;0,200;17,051;0,100;15,557;0,500
4207301001;10,886;0,300;46,970;0,000;5,624;0,600;5,624;1,188;5,624;0,300;5,624;0,780;51,367;0,000;48,757;0,000;26,308;0,100;49,787;0,000;0;0;0;48,632;0,000;48,632;0,000;48,997;0,000;49,248;0,000;48,997;0,000;48,632;0,000;48,632;0,000;49,544;0,000;33,831;0,000
4207501001;7,292;0,300;43,414;0,000;6,238;0,500;6,238;1,032;17,120;0,100;6,238;0,520;48,627;0,000;45,528;0,000;28,280;0,100;46,820;0,000;0;0;0;45,536;0,000;45,536;0,000;46,021;0,000;45,994;0,000;46,021;0,000;45,536;0,000;45,536;0,000;46,216;0,000;41,084;0,000
4207601001;21,000;0,100;47,255;0,000;21,000;0,100;21,000;0,156;31,200;0,000;31,200;0,000;48,633;0,000;43,528;0,000;30,515;0,000;30,388;0,000;0;0;0;47,487;0,000;47,487;0,000;47,508;0,000;48,164;0,000;47,508;0,000;47,487;0,000;47,487;0,000;48,487;0,000;21,000;0,100
4207801001;6,325;0,800;43,845;0,000;6,325;0,800;0,000;3,780;13,203;0,300;6,325;1,040;43,772;0,000;44,005;0,000;0,000;5,100;43,652;0,000;1;0;1;44,212;0,000;44,212;0,000;44,212;0,000;37,721;0,000;45,130;0,000;37,721;0,000;45,130;0,000;44,212;0,000;44,212;0,000
4207901001;14,075;0,400;32,299;0,000;15,758;0,200;14,075;0,900;13,493;0,300;13,493;0,390;30,587;0,000;15,758;0,120;15,546;0,400;15,758;0,300;0;0;0;30,922;0,000;30,922;0,000;30,922;0,000;31,683;0,000;30,922;0,000;31,206;0,000;30,922;0,000;31,914;0,000;13,493;0,400
4208001001;8,480;0,800;40,054;0,000;8,480;1,100;8,480;2,212;24,111;0,100;13,709;0,780;40,118;0,000;38,993;0,000;9,239;2,600;50,472;0,000;0;0;0;13,619;0,300;39,886;0,000;13,619;0,300;8,480;0,600;39,886;0,000;8,480;0,600;63,640;0,000;13,619;0,300;13,619;0,300
4208101001;6,696;0,600;40,321;0,000;6,696;0,700;6,696;1,588;31,041;0,000;15,272;0,390;40,266;0,000;39,260;0,000;5,648;2,600;55,422;0,000;0;0;0;14,435;0,300;40,123;0,000;14,435;0,300;6,696;0,600;40,123;0,000;6,696;0,600;65,620;0,000;14,435;0,300;14,435;0,300
4208201001;11,337;0,500;20,551;0,200;14,514;0,600;11,337;2,084;22,473;0,200;21,735;0,360;25,443;0,156;22,473;0,230;20,551;2,000;23,792;0,100;0;0;0;22,706;0,300;22,706;0,300;22,770;0,200;22,744;0,200;23,232;0,100;22,706;0,100;22,706;0,200;22,770;0,100;22,706;0,200
4208301001;8,376;0,400;40,647;0,000;8,342;0,500;8,342;1,214;8,059;0,300;8,059;0,390;37,400;0,000;8,342;0,360;8,342;0,400;8,342;0,700;0;0;0;38,719;0,000;38,719;0,000;38,719;0,000;39,410;0,000;38,719;0,000;39,154;0,000;38,719;0,000;39,534;0,000;8,059;0,400
4208401001;14,507;0,400;53,690;0,000;14,378;0,900;14,378;1,342;14,378;0,300;14,378;0,910;54,200;0,000;45,817;0,000;14,378;0,800;40,656;0,000;0;0;0;37,739;0,000;53,696;0,000;40,502;0,000;40,502;0,000;53,696;0,000;40,502;0,000;62,413;0,000;40,502;0,000;31,797;0,000
4208501001;15,224;0,300;41,381;0,000;15,224;0,500;15,224;1,276;16,316;0,100;16,158;0,390;41,577;0,000;40,361;0,000;12,375;1,700;45,402;0,000;0;0;0;16,979;0,100;41,253;0,000;16,979;0,100;15,224;0,200;41,253;0,000;15,224;0,200;60,627;0,000;16,979;0,100;16,979;0,100
4208601001;25,435;0,100;35,026;0,000;13,627;1,200;13,627;1,920;14,369;0,400;13,793;0,910;35,597;0,000;34,472;0,000;13,627;1,000;58,719;0,000;0;0;0;18,583;0,200;35,070;0,000;29,705;0,100;29,705;0,100;35,070;0,000;29,705;0,100;78,321;0,000;29,705;0,100;29,705;0,100
4208701001;9,288;0,900;7,477;0,600;7,477;1,000;5,913;4,500;8,992;0,600;8,023;1,080;11,691;0,468;8,992;0,690;7,477;6,300;10,190;0,400;0;0;0;9,119;0,900;9,119;0,900;9,119;0,600;9,119;0,600;9,769;0,300;9,288;0,300;9,288;0,600;9,119;0,300;9,119;0,600
4208801001;21,511;0,200;46,158;0,000;21,511;0,200;21,511;0,312;30,588;0,000;29,584;0,130;45,956;0,000;32,714;0,000;32,418;0,000;20,887;0,200;0;0;0;45,569;0,000;45,569;0,000;45,569;0,000;46,310;0,000;45,569;0,000;45,708;0,000;45,569;0,000;46,598;0,000;21,511;0,200
4208901001;8,313;0,900;10,382;0,600;10,382;1,000;7,375;4,188;11,973;0,600;11,013;1,080;14,676;0,468;11,973;0,690;10,382;5,900;13,181;0,300;0;0;0;12,110;0,900;12,110;0,900;12,110;0,600;12,110;0,600;12,750;0,300;12,263;0,300;12,263;0,600;12,110;0,300;12,110;0,600
4209001001;17,215;0,300;33,383;0,000;17,215;0,300;11,226;1,150;19,612;0,100;19,612;0,260;29,732;0,156;17,678;0,120;17,678;0,700;8,859;0,700;0;0;0;32,193;0,000;32,193;0,000;32,193;0,000;32,436;0,000;32,193;0,000;32,732;0,000;32,193;0,000;32,436;0,000;0,000;1,100
4209201001;22,314;0,400;27,077;0,200;11,571;0,800;11,571;1,792;28,525;0,200;23,915;0,490;32,423;0,000;29,228;0,130;22,636;1,400;30,607;0,000;0;0;0;29,354;0,300;29,354;0,300;29,751;0,200;29,619;0,200;29,889;0,100;29,354;0,100;29,354;0,200;29,751;0,100;29,354;0,200
4209301001;15,676;0,100;31,136;0,000;13,812;0,500;13,812;0,792;17,419;0,100;13,812;0,520;36,345;0,000;33,247;0,000;17,751;0,100;34,538;0,000;0;0;0;33,254;0,000;33,254;0,000;33,738;0,000;33,714;0,000;33,738;0,000;33,254;0,000;33,254;0,000;33,938;0,000;31,801;0,000
4209401001;9,947;0,900;8,352;0,600;9,460;0,900;0,000;5,200;9,705;0,700;8,352;1,080;11,013;0,468;9,511;0,690;8,352;6,800;10,292;0,400;0;0;0;9,333;0,900;9,333;0,900;9,333;0,600;9,333;0,600;10,327;0,300;10,070;0,300;10,070;0,600;9,333;0,300;9,333;0,600
4209501001;16,531;0,400;16,708;0,200;16,120;0,400;0,000;3,560;16,035;0,400;15,535;0,490;13,768;0,468;15,609;0,350;11,865;3,500;9,138;0,600;0;0;0;16,102;0,300;16,102;0,300;16,102;0,200;16,102;0,200;16,341;0,100;16,807;0,100;16,341;0,200;16,102;0,100;16,102;0,400
4209601001;0,000;1,300;26,359;0,200;0,000;1,400;0,000;2,920;26,780;0,400;26,821;0,620;27,654;0,156;26,821;0,230;14,404;2,400;27,000;0,100;0;0;0;26,500;0,300;26,500;0,300;26,512;0,200;27,174;0,200;26,512;0,100;26,500;0,100;26,500;0,200;27,496;0,100;0,000;1,300
4209701001;9,998;0,600;53,669;0,000;9,998;0,700;9,998;1,014;17,427;0,100;9,998;0,520;50,280;0,000;37,828;0,000;9,998;0,500;31,456;0,000;0;0;0;42,174;0,000;52,877;0,000;42,174;0,000;42,174;0,000;52,877;0,000;42,174;0,000;52,877;0,000;42,174;0,000;22,632;0,100
4209801001;9,181;0,700;46,226;0,000;9,181;0,800;5,126;2,572;25,815;0,200;9,181;0,910;44,197;0,000;45,565;0,000;9,181;2,800;33,686;0,000;0;0;0;30,297;0,000;45,986;0,000;30,297;0,000;25,639;0,100;46,527;0,000;25,639;0,100;46,527;0,000;30,297;0,000;30,297;0,000
4210001001;19,347;0,200;30,299;0,000;11,304;0,500;11,304;0,864;11,304;0,300;11,304;0,520;34,515;0,000;31,998;0,000;9,401;0,300;32,976;0,000;0;0;0;31,853;0,000;31,853;0,000;32,196;0,000;32,487;0,000;32,196;0,000;31,853;0,000;31,853;0,000;32,791;0,000;19,902;0,100
4210301001;22,327;0,400;26,655;0,200;0,000;1,600;0,000;3,396;15,360;0,400;15,360;0,590;27,071;0,156;25,820;0,100;0,000;2,000;59,712;0,000;5;0;5;16,168;0,300;26,612;0,100;16,168;0,200;16,168;0,300;26,612;0,100;16,168;0,300;77,363;0,000;16,168;0,100;16,168;0,200
4210501001;26,399;0,100;48,422;0,000;8,921;0,700;8,921;1,056;20,039;0,200;8,921;0,650;49,023;0,000;47,953;0,000;20,039;0,400;53,923;0,000;0;0;0;27,604;0,100;48,488;0,000;42,508;0,000;42,508;0,000;48,488;0,000;42,508;0,000;76,053;0,000;42,508;0,000;42,508;0,000
4210601001;17,403;0,300;17,877;0,200;17,877;0,600;17,403;1,736;20,039;0,300;19,809;0,620;23,241;0,156;20,039;0,230;17,191;2,100;21,414;0,100;0;0;0;20,148;0,300;20,148;0,300;20,598;0,200;20,447;0,200;20,679;0,100;20,148;0,100;20,148;0,200;20,598;0,100;20,148;0,200
4210701001;23,439;0,400;25,566;0,200;15,977;0,600;15,977;1,856;24,797;0,300;21,581;0,620;30,924;0,000;27,731;0,230;18,386;1,900;29,089;0,100;0;0;0;27,806;0,300;27,806;0,300;28,326;0,200;28,161;0,200;28,326;0,100;27,806;0,100;27,806;0,200;28,336;0,100;27,806;0,200
4210801001;16,101;0,200;36,478;0,000;16,101;0,200;16,101;0,432;19,450;0,100;19,450;0,130;35,475;0,000;21,675;0,120;21,086;0,300;21,675;0,300;0;0;0;35,462;0,000;35,462;0,000;35,462;0,000;36,221;0,000;35,462;0,000;35,679;0,000;35,462;0,000;36,482;0,000;16,101;0,200
4211001001;13,464;0,400;32,354;0,000;11,691;0,800;11,691;1,500;12,893;0,300;11,691;0,780;37,344;0,000;34,377;0,000;15,859;0,100;35,592;0,000;0;0;0;34,335;0,000;34,335;0,000;34,784;0,000;34,861;0,000;34,784;0,000;34,335;0,000;34,335;0,000;35,115;0,000;29,108;0,100
4211101001;9,039;0,400;32,891;0,000;7,620;0,400;7,620;1,546;9,676;0,300;9,676;0,390;29,224;0,156;7,620;0,360;7,620;0,700;7,620;0,900;0;0;0;31,266;0,000;31,266;0,000;31,266;0,000;31,798;0,000;31,266;0,000;31,785;0,000;31,266;0,000;31,808;0,000;9,676;0,600
4211301001;20,708;0,100;68,362;0,000;0,000;1,100;0,000;1,156;36,958;0,000;20,708;0,130;65,558;0,000;37,311;0,000;37,311;0,000;0,000;1,400;0;10;10;66,522;0,000;66,522;0,000;66,522;0,000;67,254;0,000;66,522;0,000;66,898;0,000;66,522;0,000;67,426;0,000;20,708;0,100
4211501001;30,328;0,000;66,909;0,000;9,657;0,300;9,657;0,300;34,251;0,000;30,328;0,000;63,667;0,000;34,020;0,000;34,020;0,000;9,657;0,400;0;0;0;64,974;0,000;64,974;0,000;64,974;0,000;65,669;0,000;64,974;0,000;65,402;0,000;64,974;0,000;65,798;0,000;30,328;0,000
4211601001;24,571;0,200;30,885;0,000;7,187;1,000;7,187;1,884;12,826;0,400;12,826;0,650;31,397;0,000;30,201;0,000;7,187;1,400;58,429;0,000;0;0;0;19,823;0,200;30,892;0,000;23,248;0,100;23,248;0,200;30,892;0,000;23,248;0,200;77,201;0,000;23,248;0,100;23,248;0,100
4211701001;7,614;0,500;31,618;0,000;7,614;0,500;4,864;3,032;9,006;0,300;7,614;0,650;31,081;0,000;31,573;0,000;0,000;4,800;30,615;0,000;1;0;1;31,839;0,000;31,839;0,000;31,839;0,000;31,839;0,000;32,689;0,000;32,862;0,000;32,689;0,000;31,839;0,000;31,839;0,000
4211801001;17,259;0,200;37,815;0,000;18,754;0,200;17,259;0,432;16,622;0,100;16,622;0,130;36,249;0,000;18,754;0,120;18,754;0,300;18,754;0,400;0;0;0;36,525;0,000;36,525;0,000;36,525;0,000;37,287;0,000;36,525;0,000;36,794;0,000;36,525;0,000;37,524;0,000;16,622;0,200
4211901001;24,673;0,200;49,572;0,000;24,673;0,300;24,673;0,412;30,109;0,000;24,673;0,130;48,864;0,000;32,066;0,000;32,066;0,000;16,284;0,300;0;0;0;48,730;0,000;48,730;0,000;48,730;0,000;49,485;0,000;48,730;0,000;48,918;0,000;48,730;0,000;49,756;0,000;24,673;0,200
4212001001;27,120;0,200;52,079;0,000;11,279;0,700;11,279;1,066;22,209;0,100;11,279;0,650;52,680;0,000;51,612;0,000;22,209;0,300;52,456;0,000;0;0;0;30,945;0,000;52,146;0,000;45,675;0,000;45,675;0,000;52,146;0,000;45,675;0,000;75,120;0,000;45,675;0,000;43,682;0,000
4212101001;17,778;0,300;41,362;0,000;17,778;0,200;14,442;1,176;14,442;0,300;17,778;0,260;42,877;0,000;42,154;0,000;14,442;1,200;42,886;0,000;0;0;0;42,144;0,000;42,144;0,000;42,144;0,000;42,144;0,000;43,172;0,000;43,051;0,000;43,051;0,000;42,144;0,000;42,144;0,000
4212301001;14,571;0,400;41,932;0,000;15,563;0,300;14,571;0,844;13,967;0,300;13,967;0,390;39,506;0,000;15,563;0,120;15,563;0,200;15,563;0,500;0;0;0;40,240;0,000;40,240;0,000;40,240;0,000;40,988;0,000;40,240;0,000;40,586;0,000;40,240;0,000;41,181;0,000;13,967;0,400
4212401001;21,626;0,300;33,519;0,000;21,626;0,300;15,630;1,516;26,679;0,100;21,626;0,390;31,084;0,000;32,670;0,000;6,493;2,000;19,888;0,200;0;0;0;33,127;0,000;33,127;0,000;33,127;0,000;33,127;0,000;33,546;0,000;33,959;0,000;33,546;0,000;33,127;0,000;21,232;0,100
4212501001;15,223;0,400;36,753;0,000;15,223;0,400;11,221;2,536;22,490;0,100;15,223;0,520;34,885;0,000;36,155;0,000;3,841;3,200;26,491;0,100;0;0;0;36,561;0,000;36,561;0,000;36,561;0,000;34,708;0,000;37,145;0,000;34,708;0,000;37,145;0,000;36,561;0,000;28,534;0,100
4212701001;13,337;0,700;48,700;0,000;13,337;1,000;11,203;2,212;18,064;0,100;13,337;0,910;48,908;0,000;47,686;0,000;13,337;2,200;38,186;0,000;0;0;0;24,185;0,100;48,576;0,000;24,185;0,100;21,273;0,200;48,576;0,000;21,273;0,200;53,283;0,000;24,185;0,100;24,185;0,100
4212801001;17,522;0,400;15,453;0,200;15,453;0,500;15,453;1,616;17,619;0,200;17,494;0,360;20,816;0,156;17,619;0,230;15,453;2,200;18,982;0,100;0;0;0;17,702;0,300;17,702;0,300;18,218;0,200;18,046;0,200;18,226;0,100;17,702;0,100;17,702;0,200;18,218;0,100;17,702;0,300
4212901001;6,390;0,700;45,315;0,000;6,390;0,900;0,000;4,008;22,422;0,100;6,390;0,780;44,025;0,000;44,971;0,000;0,000;4,700;37,618;0,000;1;0;1;33,615;0,000;45,319;0,000;33,615;0,000;27,140;0,100;46,036;0,000;27,140;0,100;46,036;0,000;33,615;0,000;33,615;0,000
4213001001;11,666;0,600;28,541;0,200;13,395;0,700;11,666;2,188;11,192;0,500;11,192;0,750;26,465;0,156;13,395;0,590;11,232;2,700;13,395;0,600;0;0;0;26,978;0,300;26,978;0,300;26,978;0,200;27,733;0,200;26,978;0,100;27,295;0,100;26,978;0,200;27,946;0,100;11,192;0,700
4213101001;12,799;0,600;29,490;0,100;12,799;0,700;12,799;1,672;16,368;0,300;16,368;0,360;28,355;0,156;18,612;0,350;14,109;2,200;18,612;0,400;0;0;0;28,384;0,300;28,384;0,300;28,384;0,200;29,145;0,200;28,384;0,100;28,615;0,100;28,384;0,200;29,400;0,100;12,799;0,600
4213201001;18,668;0,200;37,225;0,000;7,358;0,500;7,358;0,864;7,358;0,300;7,358;0,520;41,100;0,000;38,790;0,000;15,780;0,100;39,668;0,000;0;0;0;38,613;0,000;38,613;0,000;38,913;0,000;39,271;0,000;38,913;0,000;38,613;0,000;38,613;0,000;39,587;0,000;21,780;0,100
4213401001;11,698;0,400;41,387;0,000;0,000;1,400;0,000;2,436;0,000;1,000;0,000;1,690;45,751;0,000;43,158;0,000;20,694;0,100;44,178;0,000;0;0;0;43,028;0,000;43,028;0,000;43,390;0,000;43,649;0,000;43,390;0,000;43,028;0,000;43,028;0,000;43,946;0,000;28,923;0,100
4213401002;10,285;0,400;36,266;0,000;7,909;0,700;7,909;1,344;7,909;0,300;7,909;0,780;41,051;0,000;38,207;0,000;17,622;0,100;39,355;0,000;0;0;0;38,131;0,000;38,131;0,000;38,549;0,000;38,696;0,000;38,549;0,000;38,131;0,000;38,131;0,000;38,969;0,000;29,251;0,100
4213501001;15,185;0,300;25,369;0,200;9,578;0,600;9,578;1,772;27,330;0,200;26,628;0,360;30,334;0,000;27,330;0,230;25,369;1,800;28,662;0,100;0;0;0;27,553;0,300;27,553;0,300;27,651;0,200;27,614;0,200;28,083;0,100;27,553;0,100;27,553;0,200;27,651;0,100;27,553;0,200
4213901001;16,275;0,200;29,855;0,100;13,363;0,600;13,363;1,020;13,363;0,300;13,363;0,520;33,637;0,000;31,371;0,000;8,380;0,500;32,224;0,000;0;0;0;31,185;0,000;31,185;0,000;31,475;0,000;31,849;0,000;31,475;0,000;31,185;0,000;31,185;0,000;32,167;0,000;16,275;0,100
4214001001;9,879;0,300;31,778;0,000;9,879;0,500;9,879;0,744;19,752;0,100;19,752;0,260;34,373;0,000;32,800;0,000;12,790;0,600;33,324;0,000;0;0;0;32,535;0,000;32,535;0,000;32,687;0,000;33,229;0,000;32,687;0,000;32,535;0,000;32,535;0,000;33,561;0,000;9,879;0,300
4214101001;10,104;0,600;26,794;0,200;26,142;0,500;10,104;2,204;21,939;0,300;26,794;0,490;29,639;0,156;28,075;0,230;21,939;2,400;28,853;0,100;0;0;0;27,845;0,300;27,845;0,300;27,845;0,200;27,845;0,200;28,793;0,100;28,464;0,100;28,464;0,200;27,845;0,100;27,845;0,200
4214201001;18,999;0,300;28,204;0,100;13,297;0,600;13,297;1,020;13,297;0,300;13,297;0,520;32,755;0,000;30,042;0,000;8,946;0,600;31,120;0,000;0;0;0;29,934;0,100;29,934;0,100;30,321;0,000;30,533;0,000;30,321;0,000;29,934;0,100;29,934;0,100;30,822;0,000;21,757;0,200
4214401001;19,433;0,400;22,202;0,200;19,026;0,500;0,000;3,630;19,960;0,300;19,960;0,490;18,585;0,156;19,026;0,350;17,130;2,600;0,000;1,500;0;1;1;21,095;0,300;21,095;0,300;21,095;0,200;21,281;0,200;21,095;0,100;21,631;0,100;21,095;0,200;21,281;0,100;11,226;0,600
4214501001;11,423;0,600;50,398;0,000;11,423;0,700;11,423;1,170;20,704;0,100;11,761;0,520;46,961;0,000;34,217;0,000;11,761;0,500;27,806;0,200;0;0;0;44,729;0,000;49,548;0,000;44,729;0,000;44,729;0,000;49,548;0,000;44,729;0,000;49,548;0,000;44,729;0,000;18,968;0,100
4214801001;15,544;0,100;40,886;0,000;15,544;0,200;15,544;0,312;24,244;0,100;24,244;0,130;42,851;0,000;41,665;0,000;22,836;0,100;37,378;0,000;0;0;0;41,371;0,000;41,371;0,000;41,454;0,000;42,061;0,000;41,454;0,000;41,371;0,000;41,371;0,000;42,391;0,000;15,544;0,100
4214901001;9,024;0,900;10,624;0,600;9,104;1,100;8,532;4,108;8,687;0,700;8,532;1,210;7,980;0,468;9,311;0,810;0,000;7,700;8,532;0,600;2;0;2;8,637;0,900;8,637;0,900;8,637;0,600;9,371;0,600;8,637;0,300;9,024;0,300;8,637;0,600;9,549;0,300;9,024;0,900
4215101001;5,522;0,600;14,606;0,400;15,403;0,500;5,522;3,076;15,942;0,300;14,606;0,750;17,348;0,156;15,830;0,230;14,606;3,100;16,610;0,100;0;0;0;15,626;0,300;15,626;0,300;15,626;0,200;15,626;0,200;16,599;0,100;16,305;0,100;16,305;0,200;15,626;0,100;15,626;0,200
4215201001;10,738;0,400;58,246;0,000;10,738;0,600;10,738;0,858;22,279;0,100;17,792;0,390;54,694;0,000;37,638;0,000;17,792;0,300;34,094;0,000;0;0;0;46,317;0,000;57,235;0,000;48,219;0,000;48,219;0,000;57,235;0,000;48,219;0,000;57,235;0,000;48,219;0,000;25,388;0,100
4215301001;15,157;0,200;53,754;0,000;15,157;0,200;15,157;0,406;24,336;0,100;24,336;0,130;50,085;0,000;22,538;0,120;22,538;0,100;22,538;0,200;0;0;0;52,119;0,000;52,119;0,000;52,119;0,000;52,658;0,000;52,119;0,000;52,636;0,000;52,119;0,000;52,670;0,000;24,145;0,200
4215401001;9,280;0,800;7,118;0,600;7,118;1,100;7,118;4,032;9,247;0,600;9,247;1,080;12,396;0,468;9,247;0,690;7,118;6,100;10,569;0,300;0;0;0;9,280;0,900;9,280;0,900;9,783;0,600;9,706;0,600;9,783;0,300;9,280;0,300;9,280;0,600;9,921;0,300;9,280;0,700
4215501001;17,470;0,200;66,480;0,000;17,470;0,300;17,470;0,442;30,206;0,000;26,314;0,260;64,308;0,000;43,002;0,000;28,878;0,100;42,661;0,000;0;0;0;46,283;0,000;66,525;0,000;56,168;0,000;56,168;0,000;66,525;0,000;56,168;0,000;66,760;0,000;56,168;0,000;34,576;0,000
4215601001;17,602;0,100;40,735;0,000;17,602;0,300;17,602;0,432;18,558;0,100;18,558;0,260;43,372;0,000;41,791;0,000;20,800;0,100;42,325;0,000;0;0;0;41,529;0,000;41,529;0,000;41,686;0,000;42,224;0,000;41,686;0,000;41,529;0,000;41,529;0,000;42,556;0,000;17,602;0,100
4215701001;11,153;0,400;54,328;0,000;11,153;0,400;11,153;0,666;26,790;0,100;26,790;0,130;50,626;0,000;24,794;0,120;24,794;0,100;24,794;0,200;0;0;0;52,797;0,000;52,797;0,000;52,797;0,000;53,272;0,000;52,797;0,000;53,325;0,000;52,797;0,000;53,272;0,000;22,984;0,200
4215801001;18,343;0,300;35,195;0,000;18,343;0,400;15,892;1,270;30,047;0,000;18,343;0,260;32,054;0,000;29,930;0,120;16,177;1,000;15,892;0,300;0;0;0;34,526;0,000;34,526;0,000;34,526;0,000;34,526;0,000;34,665;0,000;35,157;0,000;34,665;0,000;34,526;0,000;12,601;0,300
4215901001;5,801;0,600;18,705;0,200;19,534;0,500;5,801;2,524;20,047;0,300;18,705;0,490;21,333;0,156;19,895;0,230;17,411;2,700;20,676;0,100;0;0;0;19,710;0,300;19,710;0,300;19,710;0,200;19,710;0,200;20,693;0,100;20,411;0,100;20,411;0,200;19,710;0,100;19,710;0,200
4216001001;16,422;0,500;23,135;0,200;16,422;0,400;9,272;2,720;9,272;0,500;16,422;0,620;24,167;0,156;23,710;0,230;9,272;4,000;24,396;0,100;0;0;0;23,775;0,300;23,775;0,300;23,775;0,200;23,775;0,200;24,786;0,100;24,746;0,100;24,746;0,200;23,775;0,100;23,775;0,200
4216101001;6,713;0,600;31,127;0,000;6,713;0,500;5,947;2,720;6,473;0,300;6,713;0,650;30,889;0,000;31,204;0,000;0,000;4,400;31,728;0,000;1;0;1;31,434;0,000;31,434;0,000;31,434;0,000;31,434;0,000;32,328;0,000;32,461;0,000;32,328;0,000;31,434;0,000;31,434;0,000
4216201001;11,745;0,400;41,994;0,000;0,000;1,600;0,000;2,772;0,000;1,000;0,000;1,820;42,420;0,000;41,172;0,000;0,000;2,100;45,605;0,000;5;0;5;26,141;0,100;41,956;0,000;26,141;0,100;26,141;0,200;41,956;0,000;26,141;0,200;64,509;0,000;26,141;0,100;26,141;0,100
4216201002;17,687;0,200;43,892;0,000;9,696;0,800;9,696;1,186;9,696;0,400;9,696;0,650;44,422;0,000;43,241;0,000;9,696;0,900;49,379;0,000;0;0;0;28,117;0,100;43,909;0,000;33,444;0,000;33,444;0,000;43,909;0,000;33,444;0,000;69,788;0,000;33,444;0,000;33,444;0,000
4216201003;13,259;0,500;39,570;0,000;4,395;1,500;4,395;2,544;4,395;0,600;4,395;1,430;39,949;0,000;38,691;0,000;0,000;2,500;46,686;0,000;4;0;4;21,964;0,100;39,511;0,000;21,964;0,100;21,964;0,200;39,511;0,000;21,964;0,200;64,787;0,000;21,964;0,100;21,964;0,100
4216301001;11,693;0,300;39,026;0,000;10,144;0,500;10,144;1,032;19,052;0,100;10,144;0,520;44,314;0,000;41,168;0,000;25,774;0,100;42,490;0,000;0;0;0;41,201;0,000;41,201;0,000;41,701;0,000;41,623;0,000;41,701;0,000;41,201;0,000;41,201;0,000;41,828;0,000;39,406;0,000
4216401001;0,000;1,500;51,063;0,000;0,000;1,500;0,000;4,332;28,688;0,100;0,000;1,820;49,556;0,000;50,630;0,000;0,000;4,400;41,461;0,000;1;0;1;27,226;0,100;51,000;0,000;27,226;0,100;20,816;0,200;51,671;0,000;20,816;0,200;51,671;0,000;27,226;0,100;27,226;0,100
4216501001;23,780;0,100;34,831;0,000;0,000;1,000;0,000;1,716;36,830;0,000;30,956;0,000;39,869;0,000;36,830;0,000;34,161;0,000;38,175;0,000;0;0;0;37,042;0,000;37,042;0,000;37,177;0,000;37,129;0,000;37,575;0,000;37,042;0,000;37,042;0,000;37,177;0,000;37,042;0,000
4216601001;14,284;0,300;31,952;0,000;22,140;0,100;14,284;0,880;27,848;0,100;31,952;0,000;35,104;0,000;33,194;0,000;27,848;0,100;34,102;0,000;0;0;0;33,049;0,000;33,049;0,000;33,049;0,000;33,049;0,000;33,927;0,000;33,540;0,000;33,540;0,000;33,049;0,000;33,049;0,000
4216701001;8,914;0,300;65,637;0,000;8,914;0,400;8,914;0,568;42,223;0,000;8,914;0,390;64,610;0,000;43,744;0,000;43,744;0,000;0,000;1,400;0;7;7;64,652;0,000;64,652;0,000;64,652;0,000;65,412;0,000;64,652;0,000;64,870;0,000;64,652;0,000;65,671;0,000;8,914;0,300
4216801001;8,724;0,700;46,951;0,000;8,724;0,900;8,724;2,536;22,765;0,100;8,724;0,910;47,073;0,000;45,903;0,000;8,724;2,900;42,626;0,000;0;0;0;20,987;0,100;46,799;0,000;20,987;0,100;16,364;0,200;46,799;0,000;16,364;0,200;55,887;0,000;20,987;0,100;20,987;0,100
4217101001;11,325;0,400;36,720;0,000;11,325;0,300;11,325;0,624;27,974;0,100;27,974;0,130;37,103;0,000;30,241;0,000;25,068;0,300;30,241;0,000;0;0;0;36,417;0,000;36,417;0,000;36,417;0,000;37,134;0,000;36,417;0,000;36,498;0,000;36,417;0,000;37,438;0,000;11,325;0,400
4217201001;12,599;0,400;35,608;0,000;14,113;0,400;12,599;1,140;11,964;0,300;11,964;0,390;33,487;0,000;14,113;0,360;14,113;0,600;14,113;0,600;0;0;0;34,046;0,000;34,046;0,000;34,046;0,000;34,801;0,000;34,046;0,000;34,366;0,000;34,046;0,000;35,011;0,000;11,964;0,400
4217301001;0,000;2,200;1,722;1,200;0,695;2,700;0,364;8,916;0,364;2,000;0,364;2,560;3,120;0,936;0,364;1,900;0,000;15,800;1,289;0,800;4;0;4;0,000;2,600;0,000;2,600;0,539;1,600;0,695;1,600;0,539;1,000;0,000;1,000;0,000;2,000;1,027;0,600;0,000;1,700
4217301002;0,263;2,200;1,863;1,200;0,580;2,700;0,487;8,836;0,487;2,000;0,580;3,080;2,812;0,936;0,580;1,900;0,000;15,800;0,990;1,200;3;0;3;0,217;3,000;0,217;3,000;0,217;2,000;0,674;2,000;0,217;1,000;0,322;1,000;0,217;2,000;0,981;1,000;0,322;2,100
4217301003;0,000;2,200;1,600;1,200;0,435;2,700;0,362;8,916;0,362;2,000;0,362;2,560;2,878;0,936;0,362;1,900;0,000;15,900;1,046;0,800;3;0;3;0,299;3,000;0,299;3,000;0,427;2,000;0,435;2,000;0,427;1,000;0,299;1,000;0,299;2,000;0,760;1,000;0,299;2,100
4217301004;0,362;2,200;1,359;1,200;0,492;2,700;0,000;8,916;0,000;2,000;0,000;2,560;3,202;0,936;0,000;1,900;0,000;15,900;1,380;0,800;4;0;4;0,364;3,000;0,364;3,000;0,777;2,000;0,492;2,000;0,777;1,000;0,364;1,000;0,364;2,000;0,797;1,000;0,364;2,100
4217301005;0,637;2,200;1,043;1,200;0,528;2,700;0,323;8,292;0,323;1,600;0,323;2,560;3,334;0,936;0,323;1,900;0,323;15,900;1,555;0,800;0;0;0;0,686;2,600;0,686;2,600;0,727;1,600;0,528;2,000;1,064;0,600;0,686;1,000;0,686;1,600;0,727;1,000;0,686;2,100
4217301006;0,842;2,200;0,816;1,600;0,633;2,700;0,528;9,396;0,550;1,600;0,550;3,080;3,415;0,936;0,550;1,900;0,528;16,300;1,681;0,800;0;0;0;0,731;2,600;0,731;2,600;0,731;1,600;0,633;2,000;1,266;0,600;0,914;1,000;0,914;1,600;0,731;1,000;0,731;2,100
4217301007;1,600;1,400;0,000;1,600;1,254;1,900;0,000;8,916;1,359;1,200;0,000;2,680;3,708;0,936;1,359;1,380;0,000;13,100;2,198;0,800;7;0;7;1,118;1,800;1,118;1,800;1,118;1,200;1,118;1,200;1,998;0,600;1,722;0,600;1,722;1,200;1,118;0,600;1,118;1,300
4217301008;1,413;1,400;0,557;1,600;0,992;2,300;0,000;8,916;1,291;1,200;0,557;2,680;3,169;0,936;1,029;1,380;0,000;14,300;1,766;0,800;3;0;3;0,737;2,200;0,737;2,200;0,737;1,600;0,737;2,000;1,747;0,600;1,619;0,600;1,619;1,200;0,737;1,000;0,737;1,700
4217302001;0,270;2,200;1,331;1,200;0,243;2,700;0,258;9,396;0,258;2,000;0,258;2,560;2,965;0,936;0,258;2,300;0,000;16,700;1,160;0,800;5;0;5;0,470;3,000;0,470;3,000;0,568;2,000;0,243;2,000;0,680;1,000;0,470;1,000;0,470;2,000;0,568;1,000;0,470;2,100
4217302002;0,440;2,200;1,528;1,200;0,000;2,700;0,417;9,796;0,417;2,000;0,682;3,080;2,534;0,936;0,606;2,300;0,000;17,100;0,749;1,200;6;0;6;0,463;3,000;0,463;3,000;0,463;2,000;0,303;2,000;0,579;1,000;0,739;1,000;0,579;2,000;0,463;1,000;0,463;2,100
4217302003;0,435;2,200;1,254;1,200;0,000;2,700;0,340;9,876;0,492;2,000;0,492;2,560;2,806;0,936;0,492;2,300;0,000;17,100;1,048;0,800;4;0;4;0,332;3,000;0,332;3,000;0,332;2,000;0,000;2,000;0,762;1,000;0,695;1,000;0,695;2,000;0,332;1,000;0,332;2,100
4217302004;0,427;2,200;1,998;1,200;0,579;2,700;0,330;8,836;0,330;2,000;0,777;3,080;2,613;0,936;0,777;1,900;0,217;15,800;0,809;1,200;0;0;0;0,000;2,600;0,000;2,600;0,000;1,600;0,762;1,600;0,000;1,000;0,539;1,000;0,000;2,000;1,029;0,600;0,539;1,700
4217302005;0,558;2,200;1,943;1,200;0,417;2,700;0,000;9,316;0,000;2,000;0,505;3,080;2,336;0,936;0,841;2,300;0,000;16,600;0,505;1,200;3;0;3;0,330;3,000;0,330;3,000;0,330;2,000;0,696;2,000;0,330;1,000;0,785;1,000;0,330;2,000;0,873;1,000;0,785;2,100
4217302006;1,046;1,400;2,198;1,200;0,749;2,300;0,000;8,836;0,505;1,600;0,000;2,680;1,834;0,936;0,781;1,780;0,000;14,600;0,000;1,200;4;2;6;0,809;2,200;0,809;2,200;0,809;1,600;1,048;1,200;0,809;1,000;1,289;0,600;0,809;1,600;1,081;0,600;1,081;1,300
4217302007;1,041;1,400;1,525;1,200;0,606;2,700;0,000;9,316;0,841;1,600;0,781;2,680;2,212;0,936;0,000;1,780;0,000;15,500;0,781;1,200;7;0;7;0,510;2,200;0,510;2,200;0,510;1,600;0,510;2,000;1,124;0,600;1,340;0,600;1,124;1,200;0,510;1,000;0,510;1,700
4217302008;0,889;1,800;1,243;1,200;0,495;2,700;0,309;10,276;0,871;2,000;0,977;3,080;2,519;0,936;0,309;2,300;0,000;16,700;0,977;1,200;12;0;12;0,210;2,200;0,210;2,200;0,210;1,600;0,210;2,000;1,086;0,600;1,174;0,600;1,086;1,200;0,210;1,000;0,210;1,700
4217302009;0,760;1,800;1,118;1,200;0,332;2,700;0,212;9,876;0,797;2,000;0,797;2,560;2,705;0,936;0,510;2,300;0,210;16,700;1,081;0,800;0;0;0;0,000;2,200;0,000;2,200;0,000;1,600;0,000;2,000;1,029;0,600;1,027;0,600;1,027;1,200;0,000;1,000;0,000;1,700
4217302010;0,762;2,200;0,947;1,600;0,340;2,700;0,000;9,876;0,700;1,600;0,700;3,080;2,917;0,936;0,700;2,300;0,000;16,700;1,268;0,800;4;0;4;0,212;2,600;0,212;2,600;0,212;1,600;0,212;2,000;1,100;0,600;0,988;1,000;0,988;1,600;0,212;1,000;0,212;2,100
4217302011;2,016;1,400;1,623;1,200;1,612;1,900;1,045;7,332;1,886;1,200;1,623;2,160;2,442;0,936;1,045;1,380;0,000;12,300;1,726;0,800;2;0;2;1,285;1,800;1,285;1,800;1,285;1,200;1,285;1,200;2,164;0,600;2,301;0,600;2,164;1,200;1,285;0,600;1,285;1,300
4217302012;12,333;0,800;27,307;0,200;12,333;0,800;0,000;4,776;11,497;0,500;12,333;1,010;26,522;0,156;27,151;0,230;0,000;5,900;25,983;0,200;6;0;6;27,446;0,300;27,446;0,300;27,446;0,200;27,446;0,200;28,255;0,100;28,462;0,100;28,255;0,200;27,446;0,100;27,446;0,200
4217302013;1,064;1,400;1,015;1,200;0,633;2,700;0,387;8,772;1,073;1,200;1,015;2,160;2,703;0,936;0,512;1,780;0,000;15,100;1,241;0,800;5;0;5;0,303;2,200;0,303;2,200;0,303;1,600;0,303;2,000;1,319;0,600;1,326;0,600;1,319;1,200;0,303;1,000;0,303;1,700
4217302014;2,878;1,500;3,708;0,900;2,534;1,700;1,834;7,380;2,336;1,300;1,834;2,290;0,000;1,560;2,212;1,500;0,000;12,100;1,834;0,900;3;0;3;2,613;1,800;2,613;1,800;2,613;1,200;2,705;1,200;2,613;0,600;3,120;0,600;2,613;1,200;2,705;0,600;2,705;1,500
4217303001;14,404;0,600;21,475;0,200;14,404;0,800;14,404;2,012;20,694;0,300;20,694;0,620;25,349;0,156;23,010;0,230;0,000;3,100;23,893;0,100;4;0;4;22,832;0,300;22,832;0,300;23,135;0,200;23,491;0,200;23,135;0,100;22,832;0,100;22,832;0,200;23,807;0,100;14,404;0,500
4217303002;2,278;1,400;0,000;1,600;0,000;2,300;0,000;7,956;2,166;1,200;2,166;2,160;5,366;0,468;2,166;1,380;0,000;12,000;3,537;0,800;5;0;5;2,278;1,800;2,278;1,800;2,803;1,200;2,600;1,200;2,815;0,600;2,278;0,600;2,278;1,200;2,803;0,600;2,278;1,300
4217303003;4,904;1,200;6,325;0,600;5,167;1,100;4,765;5,076;4,765;1,000;4,776;1,600;5,023;0,468;5,266;0,810;0,000;8,900;4,776;0,900;3;0;3;4,624;1,500;4,624;1,500;4,624;0,900;5,385;0,600;4,624;0,600;4,904;0,600;4,624;1,200;5,631;0,300;4,904;1,100
4217401001;13,678;0,600;24,237;0,200;20,201;0,400;12,578;2,600;12,578;0,500;20,201;0,490;26,053;0,156;25,125;0,230;12,578;3,000;25,878;0,100;0;0;0;25,074;0,300;25,074;0,300;25,074;0,200;25,074;0,200;26,102;0,100;25,944;0,100;25,944;0,200;25,074;0,100;25,074;0,200
4217501001;23,325;0,500;21,354;0,200;20,693;0,700;20,693;2,012;23,490;0,300;23,417;0,620;26,629;0,156;23,490;0,230;13,488;2,300;24,807;0,100;0;0;0;23,518;0,300;23,518;0,300;24,016;0,200;23,947;0,200;24,016;0,100;23,518;0,100;23,518;0,200;24,157;0,100;23,518;0,300
4217601001;17,254;0,400;23,332;0,200;17,254;0,600;17,254;1,600;18,178;0,300;18,178;0,620;27,577;0,156;25,032;0,230;3,293;2,700;26,021;0,100;0;0;0;24,889;0,300;24,889;0,300;25,237;0,200;25,521;0,200;25,237;0,100;24,889;0,100;24,889;0,200;25,825;0,100;17,254;0,300
4217701001;11,542;0,500;40,929;0,000;11,542;0,600;11,542;1,254;27,036;0,200;18,949;0,390;37,383;0,000;24,894;0,120;18,949;0,500;17,543;0,300;0;0;0;39,930;0,000;39,930;0,000;39,930;0,000;40,058;0,000;39,930;0,000;40,462;0,000;39,930;0,000;40,058;0,000;8,705;0,400
4217801001;13,995;0,600;41,563;0,000;13,995;0,700;9,718;2,692;27,040;0,200;13,995;0,910;39,350;0,000;40,819;0,000;9,576;2,800;28,277;0,100;0;0;0;35,173;0,000;41,256;0,000;35,173;0,000;30,901;0,000;41,745;0,000;30,901;0,000;41,745;0,000;35,173;0,000;27,794;0,100
4218101001;13,906;0,600;25,885;0,200;13,291;0,700;5,996;2,594;14,480;0,500;14,480;0,750;22,177;0,156;13,291;0,590;13,291;2,700;0,000;1,700;0;1;1;24,458;0,300;24,458;0,300;24,458;0,200;24,855;0,200;24,458;0,100;24,994;0,100;24,458;0,200;24,855;0,100;8,859;0,800
4218201001;19,711;0,200;49,251;0,000;19,161;0,300;19,161;0,532;19,207;0,100;19,207;0,260;46,624;0,000;20,194;0,120;20,194;0,100;17,581;0,400;0;0;0;47,477;0,000;47,477;0,000;47,477;0,000;48,217;0,000;47,477;0,000;47,839;0,000;47,477;0,000;48,399;0,000;19,207;0,200
4218301001;6,616;0,600;24,845;0,200;6,616;0,700;6,616;1,792;21,669;0,300;21,669;0,490;24,854;0,156;23,772;0,350;13,475;2,500;23,772;0,300;0;0;0;24,299;0,300;24,299;0,300;24,299;0,200;25,032;0,200;24,299;0,100;24,419;0,100;24,299;0,200;25,326;0,100;6,616;0,600
4218401001;17,285;0,100;43,108;0,000;17,285;0,100;17,285;0,156;32,337;0,000;32,337;0,000;43,542;0,000;34,569;0,000;30,142;0,000;26,196;0,100;0;0;0;42,846;0,000;42,846;0,000;42,846;0,000;43,561;0,000;42,846;0,000;42,922;0,000;42,846;0,000;43,866;0,000;17,285;0,100
4218501001;16,767;0,400;37,172;0,000;16,767;0,500;16,767;1,426;27,847;0,100;16,767;0,520;34,390;0,000;35,782;0,000;11,865;1,600;20,374;0,200;0;0;0;36,652;0,000;36,652;0,000;36,652;0,000;36,652;0,000;36,948;0,000;37,401;0,000;36,948;0,000;36,652;0,000;18,598;0,100
4218701001;13,857;0,400;35,751;0,000;13,857;0,500;13,857;0,864;17,474;0,100;17,474;0,260;38,521;0,000;36,854;0,000;15,790;0,100;37,425;0,000;0;0;0;36,599;0,000;36,599;0,000;36,771;0,000;37,292;0,000;36,771;0,000;36,599;0,000;36,599;0,000;37,624;0,000;13,857;0,300
4218801001;17,983;0,200;28,544;0,100;16,125;0,400;16,125;0,864;18,445;0,100;16,125;0,260;33,746;0,000;30,652;0,000;15,760;0,200;31,940;0,000;0;0;0;30,657;0,000;30,657;0,000;31,140;0,000;31,120;0,000;31,140;0,000;30,657;0,000;30,657;0,000;31,345;0,000;30,016;0,000
4218901001;12,805;0,800;49,134;0,000;12,805;1,100;9,569;2,608;20,559;0,100;12,805;1,040;46,815;0,000;48,347;0,000;12,805;2,600;34,447;0,000;0;0;0;28,048;0,100;48,794;0,000;28,048;0,100;24,631;0,200;49,249;0,000;24,631;0,200;49,249;0,000;28,048;0,100;28,048;0,100
4219001001;7,571;0,700;43,903;0,000;7,571;0,700;3,972;2,884;24,733;0,100;7,571;0,780;42,237;0,000;43,397;0,000;5,104;3,200;33,970;0,000;0;0;0;33,155;0,000;43,784;0,000;33,155;0,000;27,511;0,100;44,418;0,000;27,511;0,100;44,418;0,000;33,155;0,000;33,155;0,000
4219101001;8,986;0,600;20,936;0,200;22,015;0,400;8,986;2,368;17,020;0,300;20,936;0,490;23,221;0,156;21,999;0,230;16,613;2,600;22,774;0,100;0;0;0;21,873;0,300;21,873;0,300;21,873;0,200;21,873;0,200;22,885;0,100;22,657;0,100;22,657;0,200;21,873;0,100;21,873;0,200
4219201001;22,141;0,500;23,700;0,200;19,728;0,700;19,728;2,012;19,728;0,300;19,728;0,620;28,755;0,156;25,746;0,230;10,721;2,300;26,983;0,100;0;0;0;25,716;0,300;25,716;0,300;26,176;0,200;26,226;0,200;26,176;0,100;25,716;0,100;25,716;0,200;26,473;0,100;25,124;0,300
4219301001;17,726;0,200;30,479;0,000;15,876;0,300;15,876;0,708;20,321;0,100;15,876;0,260;35,779;0,000;32,625;0,000;19,226;0,100;33,952;0,000;0;0;0;32,663;0,000;32,663;0,000;33,166;0,000;33,077;0,000;33,166;0,000;32,663;0,000;32,663;0,000;33,279;0,000;32,663;0,000
4219401001;11,005;0,500;47,722;0,000;11,005;0,700;11,005;1,900;19,017;0,100;11,005;0,650;45,156;0,000;45,663;0,000;11,005;1,700;31,501;0,000;0;0;0;30,905;0,000;47,290;0,000;30,905;0,000;28,265;0,100;47,664;0,000;28,265;0,100;47,664;0,000;30,905;0,000;28,006;0,100
4219501001;11,202;0,400;43,543;0,000;11,202;0,500;11,202;1,186;22,798;0,100;11,202;0,520;40,288;0,000;32,996;0,000;11,202;0,700;22,989;0,200;0;0;0;42,826;0,000;42,826;0,000;42,826;0,000;41,736;0,000;42,901;0,000;41,736;0,000;42,901;0,000;42,826;0,000;15,628;0,100
4219601001;22,483;0,200;32,552;0,000;10,701;0,500;10,701;1,020;27,449;0,100;20,798;0,260;37,909;0,000;34,709;0,000;25,808;0,100;36,087;0,000;0;0;0;34,826;0,000;34,826;0,000;35,248;0,000;35,108;0,000;35,359;0,000;34,826;0,000;34,826;0,000;35,248;0,000;34,826;0,000
4219701001;16,131;0,300;36,589;0,000;16,131;0,300;14,843;1,150;26,189;0,100;20,298;0,260;33,104;0,000;24,218;0,120;20,298;0,400;14,638;0,700;0;0;0;35,680;0,000;35,680;0,000;35,680;0,000;35,754;0,000;35,680;0,000;36,207;0,000;35,680;0,000;35,754;0,000;6,598;0,400
4219801001;18,744;0,400;24,957;0,200;11,028;0,700;11,028;2,012;27,066;0,200;26,613;0,490;30,225;0,000;27,066;0,230;23,625;1,800;28,443;0,100;0;0;0;27,227;0,300;27,227;0,300;27,525;0,200;27,424;0,200;27,766;0,100;27,227;0,100;27,227;0,200;27,525;0,100;27,227;0,200
4220001001;12,688;0,400;40,957;0,000;12,688;0,600;12,688;1,182;16,630;0,100;16,630;0,130;37,252;0,000;14,366;0,360;14,366;0,400;14,366;0,500;0;0;0;39,456;0,000;39,456;0,000;39,456;0,000;39,908;0,000;39,456;0,000;39,987;0,000;39,456;0,000;39,908;0,000;10,682;0,400
4220101001;5,887;0,800;3,611;0,900;3,611;1,300;3,611;4,500;5,768;0,600;5,637;1,080;8,969;0,468;5,768;0,690;3,611;6,600;7,145;0,400;0;0;0;5,887;0,900;5,887;0,900;6,338;0,600;6,177;0,600;6,423;0,300;5,887;0,300;5,887;0,600;6,338;0,300;5,887;0,700
4220201001;12,379;0,400;34,213;0,000;12,379;0,400;12,379;0,744;21,371;0,100;21,371;0,130;33,700;0,000;23,637;0,120;20,147;0,500;23,637;0,100;0;0;0;33,437;0,000;33,437;0,000;33,437;0,000;34,187;0,000;33,437;0,000;33,607;0,000;33,437;0,000;34,465;0,000;12,379;0,400
4220401001;7,425;0,600;28,381;0,200;9,111;0,700;7,425;2,308;7,057;0,500;7,057;0,750;25,498;0,156;9,111;0,590;9,111;2,600;9,111;0,600;0;0;0;26,447;0,300;26,447;0,300;26,447;0,200;27,176;0,200;26,447;0,100;26,834;0,100;26,447;0,200;27,343;0,100;7,057;0,700
4220501001;16,602;0,400;16,220;0,200;16,162;0,400;5,783;2,996;16,227;0,300;15,782;0,490;14,337;0,468;15,569;0,230;6,085;4,000;14,864;0,500;0;0;0;15,981;0,300;15,981;0,300;15,981;0,200;15,981;0,200;16,556;0,100;16,901;0,100;16,556;0,200;15,981;0,100;15,981;0,300
4220601001;13,724;0,400;57,290;0,000;13,724;0,600;13,724;0,910;16,765;0,100;13,724;0,650;56,180;0,000;41,695;0,000;13,724;0,500;36,672;0,000;0;0;0;41,853;0,000;57,287;0,000;42,781;0,000;42,781;0,000;57,287;0,000;42,781;0,000;58,767;0,000;42,781;0,000;27,816;0,100
4220701001;9,134;0,600;16,555;0,200;17,703;0,400;8,405;2,368;17,912;0,300;16,555;0,490;18,619;0,156;17,520;0,230;12,998;3,000;18,286;0,100;0;0;0;17,434;0,300;17,434;0,300;17,434;0,200;17,434;0,200;18,458;0,100;18,272;0,100;18,272;0,200;17,434;0,100;17,434;0,200
4220801001;20,338;0,400;25,610;0,200;16,855;0,700;16,855;1,756;16,855;0,300;16,855;0,620;30,480;0,000;27,579;0,230;9,602;2,100;28,756;0,100;0;0;0;27,516;0,300;27,516;0,300;27,948;0,200;28,067;0,200;27,948;0,100;27,516;0,100;27,516;0,200;28,333;0,100;23,759;0,300
4220901001;16,366;0,100;33,119;0,000;14,906;0,300;14,906;0,724;34,593;0,000;33,504;0,000;37,000;0,000;34,593;0,000;33,119;0,000;35,703;0,000;0;0;0;34,621;0,000;34,621;0,000;34,621;0,000;34,621;0,000;35,365;0,000;34,906;0,000;34,906;0,000;34,621;0,000;34,621;0,000
4221101001;10,519;0,900;12,618;0,600;12,618;0,800;10,519;3,436;14,584;0,400;13,931;0,820;17,625;0,156;14,584;0,490;12,618;4,300;15,925;0,100;0;0;0;14,803;0,700;14,803;0,700;14,929;0,400;14,880;0,600;15,334;0,100;14,803;0,300;14,803;0,400;14,929;0,300;14,803;0,600
4221201001;16,120;0,200;48,099;0,000;14,942;0,500;14,942;0,746;16,206;0,100;16,206;0,130;44,574;0,000;14,942;0,360;14,942;0,300;14,942;0,500;0;0;0;46,298;0,000;46,298;0,000;46,298;0,000;46,918;0,000;46,298;0,000;46,783;0,000;46,298;0,000;46,985;0,000;16,206;0,200
4221301001;6,690;0,300;29,973;0,100;6,690;0,500;6,690;0,780;22,748;0,100;22,748;0,130;32,194;0,000;30,834;0,000;12,751;0,700;31,258;0,000;0;0;0;30,550;0,000;30,550;0,000;30,661;0,000;31,243;0,000;30,661;0,000;30,550;0,000;30,550;0,000;31,575;0,000;6,690;0,300
4221501001;7,626;0,600;31,772;0,000;7,626;0,500;0,000;3,812;0,000;1,000;7,626;0,650;32,286;0,000;32,156;0,000;0,000;3,500;32,784;0,000;1;0;1;32,290;0,000;32,290;0,000;32,290;0,000;32,290;0,000;33,267;0,000;33,296;0,000;33,267;0,000;32,290;0,000;32,290;0,000
4221601001;10,312;0,500;27,609;0,200;17,855;0,400;10,312;1,772;28,941;0,200;27,791;0,360;31,191;0,000;28,941;0,230;27,609;1,700;29,985;0,100;0;0;0;28,907;0,300;28,907;0,300;28,907;0,200;28,907;0,200;29,703;0,100;29,268;0,100;29,268;0,200;28,907;0,100;28,907;0,200
4221701001;5,159;0,300;50,443;0,000;7,000;0,600;5,159;1,188;12,911;0,300;7,000;0,780;55,311;0,000;52,423;0,000;31,665;0,000;53,597;0,000;0;0;0;52,359;0,000;52,359;0,000;52,789;0,000;52,910;0,000;52,789;0,000;52,359;0,000;52,359;0,000;53,175;0,000;41,628;0,000
4221801001;22,447;0,100;38,685;0,000;13,796;0,300;13,796;0,624;40,269;0,000;39,236;0,000;42,800;0,000;40,269;0,000;38,685;0,000;41,429;0,000;0;0;0;40,349;0,000;40,349;0,000;40,349;0,000;40,349;0,000;41,045;0,000;40,569;0,000;40,569;0,000;40,349;0,000;40,349;0,000
4221901001;29,805;0,100;62,241;0,000;11,377;0,400;11,377;0,576;29,573;0,100;29,573;0,130;58,993;0,000;29,351;0,120;29,351;0,100;11,377;0,500;0;0;0;60,309;0,000;60,309;0,000;60,309;0,000;61,002;0,000;60,309;0,000;60,739;0,000;60,309;0,000;61,130;0,000;29,573;0,100
4700101001;19,444;0,600;31,617;0,000;4,872;1,300;4,872;4,644;17,054;0,300;15,098;0,850;33,011;0,000;13,663;0,360;14,684;3,100;31,068;0,000;0;0;0;18,026;0,400;16,186;0,100;30,900;0,000;18,026;0,100;18,026;0,100;26,170;0,100;30,007;0,000;31,750;0,000;18,026;0,100
4700201001;5,561;1,100;23,553;0,100;9,840;1,200;6,247;5,674;3,771;1,000;5,561;2,536;40,392;0,000;15,384;0,250;18,405;0,800;17,204;0,600;0;0;0;32,828;0,000;26,875;0,100;37,691;0,000;37,123;0,000;26,875;0,100;29,432;0,100;37,562;0,000;37,691;0,000;24,164;0,200
4700301001;19,515;0,400;40,235;0,000;9,469;0,900;12,695;1,868;22,864;0,100;17,172;0,520;52,994;0,000;27,318;0,120;6,916;1,400;36,852;0,000;0;0;0;16,384;0,300;23,237;0,100;40,378;0,000;19,524;0,100;19,524;0,100;50,522;0,000;19,515;0,200;50,522;0,000;19,524;0,200
4700401001;15,204;0,500;27,826;0,100;5,660;0,800;0,000;4,404;24,076;0,200;21,248;0,676;47,139;0,000;25,946;0,130;0,000;2,000;14,295;0,900;2;0;2;28,368;0,200;25,233;0,100;47,641;0,000;41,745;0,000;25,233;0,100;28,368;0,100;47,641;0,000;47,641;0,000;23,751;0,100
4700401002;9,972;0,800;22,551;0,100;0,000;1,500;5,660;4,120;18,661;0,300;22,027;0,806;51,307;0,000;20,658;0,130;5,660;1,400;10,888;1,300;0;0;0;29,738;0,100;19,611;0,100;51,587;0,000;45,628;0,000;19,611;0,100;29,738;0,100;49,092;0,000;51,696;0,000;28,441;0,100
4700501001;7,941;2,900;23,372;0,400;10,574;2,400;4,758;12,374;6,339;1,100;4,758;4,986;30,384;0,000;24,906;0,350;11,031;12,600;9,122;1,300;0;0;0;22,785;0,900;22,785;0,700;27,878;0,400;27,057;0,300;22,785;0,600;27,878;0,500;27,489;0,400;27,878;0,100;14,685;0,600
4700601001;3,239;3,900;19,816;0,600;3,239;3,600;0,000;17,312;13,671;1,100;3,239;6,278;24,569;0,156;22,602;0,220;3,239;21,200;13,441;1,300;0;0;0;17,515;1,700;17,515;1,000;21,280;1,000;21,962;0,500;17,515;0,900;21,280;0,900;21,280;0,900;21,280;0,400;14,652;0,900
4700701001;9,045;5,600;11,047;1,200;8,704;4,700;0,000;23,494;8,564;1,800;3,989;8,186;15,797;0,156;13,834;0,300;0,000;37,200;8,755;1,400;2;0;2;8,972;2,900;8,972;1,900;12,621;1,400;13,372;1,100;8,972;1,500;12,621;1,200;12,621;1,500;12,621;0,600;11,965;1,300
4700701002;8,184;6,600;10,778;1,200;8,184;5,600;2,809;26,284;7,612;1,800;3,209;9,106;15,467;0,156;13,490;0,300;2,809;42,600;5,981;1,600;0;0;0;8,011;3,500;8,011;2,400;13,019;1,800;12,433;1,100;8,011;2,000;13,019;1,600;13,019;1,700;13,019;0,600;9,232;1,500
4700701003;6,186;5,300;11,448;1,000;5,880;4,600;3,752;21,726;6,186;1,600;4,566;7,518;15,950;0,156;14,114;0,300;3,752;33,600;12,281;1,100;0;0;0;10,443;2,500;10,443;1,700;11,992;1,400;14,443;0,700;10,443;1,500;11,992;1,100;11,992;1,300;11,992;0,600;15,202;0,700
4700701004;8,416;4,200;12,657;0,800;8,416;3,500;1,872;19,748;9,890;1,200;5,243;5,498;17,412;0,156;15,436;0,100;1,872;25,800;8,540;1,400;0;0;0;10,299;2,300;10,299;1,700;14,410;1,200;14,744;0,700;10,299;1,500;14,410;1,000;14,410;1,100;14,410;0,600;11,091;0,900
4700801001;11,890;0,900;21,710;0,100;4,150;1,400;4,150;4,470;13,353;0,800;11,890;1,920;49,556;0,000;13,469;0,490;28,707;0,100;19,921;0,500;0;0;0;41,897;0,000;27,055;0,100;47,246;0,000;46,005;0,000;27,055;0,100;35,545;0,000;46,274;0,000;47,246;0,000;17,609;0,200
4700901001;25,266;0,200;32,892;0,000;7,156;0,800;7,156;3,266;25,450;0,200;24,460;0,390;33,399;0,000;33,925;0,000;19,405;0,600;24,474;0,500;0;0;0;19,405;0,100;33,399;0,000;33,399;0,000;31,426;0,000;34,536;0,000;31,426;0,000;29,306;0,100;34,536;0,000;28,835;0,100
4701001001;2,916;9,500;5,225;1,800;2,468;7,500;1,343;35,322;5,267;1,700;1,415;10,578;7,410;0,468;6,840;0,420;0,000;71,400;6,837;1,700;2;0;2;3,917;5,700;2,757;3,900;5,027;3,000;2,757;2,100;4,012;3,000;5,027;2,400;2,757;3,000;7,868;1,200;2,757;2,400
4701001002;0,389;12,600;2,341;2,400;0,735;10,600;0,389;43,038;2,458;2,600;0,565;14,608;4,508;0,936;4,096;0,720;0,000;96,400;3,993;1,800;1;0;1;1,208;8,400;0,849;5,300;2,155;4,800;0,849;3,100;1,853;4,500;2,155;3,300;0,849;4,900;4,967;1,500;0,849;3,500
4701001003;0,840;11,300;2,777;2,100;1,258;9,300;0,840;40,802;2,816;2,600;0,000;13,098;4,992;0,936;4,415;0,720;0,000;90,500;4,383;1,800;2;0;2;1,772;7,500;0,529;4,700;2,690;3,900;0,529;3,100;1,832;3,600;2,690;3,000;0,529;4,000;5,457;1,200;0,529;3,200
4701001004;0,000;12,300;2,448;2,400;0,716;10,700;0,000;43,214;2,637;2,600;0,716;13,918;4,529;0,936;4,285;0,720;0,389;95,700;4,124;1,800;0;0;0;1,022;8,400;1,221;4,900;2,117;4,800;1,221;2,700;2,117;4,500;2,117;3,300;1,221;4,500;4,977;1,500;1,221;3,100
4701001005;1,712;10,100;3,898;2,100;1,553;8,300;0,000;38,578;3,924;2,000;0,652;11,668;6,107;0,468;5,498;0,420;0,000;77,100;5,496;1,500;2;0;2;2,721;6,900;1,423;4,200;3,767;3,300;1,423;2,400;2,721;3,300;3,767;3,000;1,423;3,000;6,570;1,200;1,423;2,500
4701001006;0,813;11,400;3,210;2,100;0,000;9,900;0,000;39,638;3,435;2,100;1,078;12,308;5,191;0,468;5,081;0,420;0,000;85,600;4,889;1,800;4;0;4;1,568;6,900;1,773;4,200;2,757;3,300;1,773;2,400;2,757;3,300;2,757;3,000;1,773;3,000;5,622;1,200;1,773;2,500
4701001007;3,112;9,000;5,537;1,800;2,327;7,600;0,000;35,686;5,749;1,800;1,943;10,188;7,460;0,468;7,397;0,420;1,911;68,900;7,216;1,500;0;0;0;3,847;5,700;3,663;3,900;5,041;3,000;3,663;2,100;4,999;3,000;5,041;2,400;3,663;3,000;7,545;1,200;3,663;2,200
4701001008;2,406;9,500;4,818;2,100;1,829;7,800;1,188;36,202;4,925;2,000;0,899;11,278;6,935;0,468;6,545;0,420;0,758;73,200;6,472;1,500;0;0;0;3,357;6,000;2,552;4,200;4,515;3,300;2,552;2,100;3,882;3,300;4,515;2,700;2,552;3,000;7,381;1,200;2,552;2,200
4701001009;2,381;9,800;4,630;2,100;2,047;8,000;0,733;38,058;4,656;2,000;0,971;11,668;6,831;0,468;6,223;0,420;0,620;74,500;6,228;1,700;0;0;0;3,395;6,000;2,137;4,200;4,472;3,300;2,137;2,100;3,395;3,300;4,472;2,700;2,137;3,000;7,293;1,200;2,137;2,400
4701001010;1,822;10,200;4,270;2,100;1,118;8,400;1,118;37,750;4,442;2,100;0,647;11,668;6,303;0,468;6,086;0,420;1,118;77,100;5,946;1,500;0;0;0;2,684;6,600;2,317;4,200;3,870;3,300;2,317;2,400;3,648;3,300;3,870;3,000;2,317;3,000;6,716;1,200;2,317;2,500
4701001011;1,524;10,400;3,920;2,100;1,078;8,300;0,652;37,906;4,030;2,000;0,000;12,058;6,050;0,468;5,655;0,420;0,652;77,500;5,573;1,500;0;0;0;2,508;6,900;1,732;4,200;3,641;3,300;1,732;2,400;3,072;3,300;3,641;3,000;1,732;3,000;6,500;1,200;1,732;2,500
4701101001;12,088;0,700;16,135;0,100;0,000;1,800;0,000;4,530;15,236;0,400;15,236;1,270;51,798;0,000;17,766;0,250;33,836;0,000;18,725;0,600;0;0;0;44,191;0,000;22,375;0,100;49,934;0,000;47,933;0,000;22,375;0,100;31,711;0,000;47,975;0,000;50,148;0,000;14,411;0,400
4701201001;9,489;0,700;39,312;0,000;9,974;0,800;4,634;4,168;9,489;0,500;9,014;1,300;42,616;0,000;38,669;0,000;9,014;1,700;39,498;0,000;0;0;0;18,890;0,100;37,984;0,000;37,984;0,000;37,201;0,000;37,984;0,000;9,489;0,300;37,984;0,000;37,984;0,000;4,634;0,600
4701301001;17,236;0,300;33,291;0,000;8,190;0,800;11,204;1,556;27,698;0,100;17,236;0,520;56,587;0,000;28,535;0,120;14,673;0,900;44,517;0,000;0;0;0;18,785;0,300;24,892;0,100;33,375;0,000;18,785;0,100;18,785;0,100;48,047;0,000;24,892;0,200;54,224;0,000;18,785;0,200
4701401001;20,106;1,400;28,597;0,200;9,369;1,600;6,400;6,364;18,085;0,300;16,737;1,700;29,779;0,156;9,342;0,360;16,668;11,700;30,131;0,000;0;0;0;15,774;1,000;15,274;0,500;27,822;0,200;15,774;0,600;15,774;0,400;27,822;0,300;27,261;0,200;28,286;0,100;15,774;0,500
4701501001;14,962;0,500;39,671;0,000;11,553;1,100;0,000;2,780;33,023;0,000;14,962;0,650;58,128;0,000;39,605;0,000;0,000;2,400;28,601;0,300;4;0;4;11,553;0,400;11,553;0,300;39,959;0,000;32,218;0,000;32,218;0,000;56,206;0,000;11,553;0,600;56,997;0,000;11,553;0,400
4701601001;13,601;0,500;38,046;0,000;9,326;0,700;9,326;2,080;13,736;0,400;13,601;0,936;40,618;0,000;24,826;0,120;9,816;1,400;20,660;0,100;0;0;0;13,736;0,500;28,761;0,100;39,898;0,000;23,173;0,100;23,173;0,100;13,736;0,300;39,898;0,000;39,898;0,000;23,173;0,100
4701701001;10,325;1,700;29,056;0,100;11,901;1,700;7,655;7,636;7,655;0,600;5,026;2,250;30,958;0,000;22,387;0,120;5,026;9,600;23,286;0,600;0;0;0;26,653;0,900;11,066;0,800;28,563;0,100;26,834;0,400;26,593;0,500;26,653;0,300;26,834;0,100;30,504;0,000;25,486;0,400
4701801001;9,001;3,300;23,075;0,600;11,204;2,800;7,148;12,070;7,148;0,900;6,581;3,456;24,874;0,156;18,751;0,220;6,581;21,400;22,533;0,700;0;0;0;21,346;1,800;5,564;1,400;22,520;1,000;21,000;0,600;22,314;1,100;22,520;0,800;21,000;0,900;24,261;0,400;21,000;0,800
4701901001;14,519;0,600;42,856;0,000;11,223;0,900;5,508;1,952;14,519;0,300;10,068;0,650;44,859;0,000;21,499;0,120;0,000;2,100;34,615;0,000;2;0;2;8,411;0,400;30,216;0,000;44,376;0,000;16,666;0,100;16,666;0,100;42,352;0,000;18,686;0,100;42,352;0,000;16,666;0,100
4702001001;11,437;0,600;14,507;0,300;7,411;1,100;0,000;5,288;14,169;0,400;16,642;0,546;57,829;0,000;13,624;0,390;22,171;0,400;6,543;1,500;0;0;0;48,698;0,000;18,090;0,100;55,836;0,000;53,144;0,000;18,090;0,100;36,340;0,000;53,144;0,000;56,990;0,000;23,689;0,400
4702101001;7,982;0,800;19,995;0,100;3,011;1,500;3,011;4,908;9,676;0,600;7,982;1,860;45,654;0,000;15,089;0,250;25,193;0,200;19,016;0,600;0;0;0;37,993;0,000;24,736;0,100;43,378;0,000;42,096;0,000;24,736;0,100;35,704;0,000;42,367;0,000;43,378;0,000;21,144;0,300
4702201001;6,903;0,700;30,758;0,000;6,971;0,800;9,333;2,012;6,903;0,300;3,317;1,300;31,142;0,000;32,336;0,000;6,971;0,300;48,542;0,000;0;0;0;6,971;0,300;31,441;0,000;31,441;0,000;13,733;0,300;31,441;0,000;13,733;0,300;51,788;0,000;51,788;0,000;19,092;0,100
4702301001;4,764;8,900;7,866;1,800;4,764;7,200;0,000;33,622;4,176;2,300;3,502;10,156;12,063;0,468;10,189;0,300;4,985;58,700;3,793;2,000;0;0;0;4,462;5,400;4,462;3,500;10,189;3,000;8,401;1,500;4,462;3,100;10,775;2,400;8,795;2,700;10,915;1,200;8,460;2,100
4702301002;5,174;8,600;7,589;1,800;5,174;7,100;3,502;32,646;4,650;2,300;0,000;11,040;12,307;0,468;10,326;0,300;3,549;58,900;6,600;1,700;0;0;0;5,059;5,100;5,059;3,100;9,843;3,000;9,501;1,500;5,059;2,700;9,843;2,400;9,843;2,700;9,843;1,200;10,315;2,100
4702301003;6,620;8,000;9,576;1,800;6,620;6,400;2,325;29,804;6,014;1,800;3,062;10,416;14,033;0,468;12,102;0,300;5,218;53,900;3,715;1,900;0;0;0;6,367;4,500;6,367;2,800;12,102;2,600;10,576;1,300;6,367;2,800;12,323;1,800;11,059;2,500;12,323;1,000;7,811;1,900
4702401001;23,064;0,200;32,955;0,000;13,644;0,700;10,903;1,700;30,563;0,000;16,013;0,520;60,467;0,000;33,640;0,000;10,903;1,300;39,182;0,000;0;0;0;18,269;0,300;18,269;0,100;33,137;0,000;24,565;0,100;24,565;0,100;54,662;0,000;18,269;0,200;58,024;0,000;18,269;0,200
4702501001;12,859;0,500;12,691;0,300;11,975;1,200;4,691;4,900;11,105;0,300;14,165;0,780;54,543;0,000;11,318;0,390;18,705;0,400;5,174;1,500;0;0;0;44,334;0,000;14,729;0,300;52,470;0,000;49,788;0,000;14,729;0,300;40,927;0,000;49,788;0,000;54,890;0,000;26,604;0,200
4702601001;7,041;0,500;47,317;0,000;7,041;0,900;7,041;1,924;32,024;0,000;7,041;0,650;51,020;0,000;41,047;0,000;8,684;1,500;20,675;0,400;0;0;0;16,437;0,200;16,437;0,100;48,569;0,000;35,516;0,000;35,516;0,000;49,024;0,000;7,041;0,400;49,675;0,000;16,437;0,200
4702701001;7,085;6,700;11,431;1,700;7,085;6,100;0,000;23,932;10,670;1,300;7,085;6,596;12,788;0,468;13,701;0,420;8,292;47,500;4,166;2,100;0;0;0;10,773;4,300;10,773;2,200;10,773;2,800;12,766;1,100;11,717;2,100;10,773;2,200;10,773;2,600;11,717;1,200;11,962;1,600
4702701002;3,083;7,600;10,320;1,900;3,083;6,800;0,000;26,724;8,774;1,600;3,083;8,096;11,330;0,468;12,746;0,420;7,784;53,600;0,000;2,500;0;9;9;9,433;4,700;9,433;2,500;9,433;3,000;10,516;1,100;10,835;2,300;9,433;2,400;9,570;2,600;10,516;1,200;10,516;1,600
4702801001;12,911;0,600;46,067;0,000;11,384;1,100;9,356;2,116;38,395;0,000;12,911;0,520;56,330;0,000;46,809;0,000;9,356;1,800;19,921;0,500;0;0;0;11,384;0,400;11,384;0,300;46,417;0,000;40,467;0,000;40,467;0,000;52,124;0,000;11,384;0,600;54,977;0,000;11,384;0,400
4702901001;10,696;0,400;37,125;0,000;7,801;0,900;10,696;1,556;25,694;0,100;10,696;0,650;50,932;0,000;21,517;0,120;18,557;0,700;45,070;0,000;0;0;0;11,076;0,400;36,016;0,000;37,057;0,000;11,076;0,300;11,076;0,300;37,184;0,000;35,582;0,000;48,784;0,000;11,076;0,300
4703001001;12,275;0,600;42,657;0,000;13,692;0,600;0,000;4,264;12,275;0,600;12,196;0,910;45,682;0,000;42,630;0,000;12,196;1,400;42,260;0,000;0;0;0;15,102;0,100;41,075;0,000;41,075;0,000;32,752;0,000;41,075;0,000;13,275;0,300;41,075;0,000;41,075;0,000;0,000;1,000
4703101001;6,516;0,900;6,172;0,300;7,769;1,000;4,658;5,394;4,694;0,800;7,502;1,040;48,368;0,000;4,658;0,780;20,393;0,600;0,000;2,400;0;2;2;41,823;0,000;8,625;0,300;46,363;0,000;43,672;0,000;8,625;0,300;42,648;0,000;43,672;0,000;48,512;0,000;28,749;0,200
4703201001;6,612;3,600;22,434;0,600;6,612;3,100;4,682;14,722;13,244;1,000;6,612;4,466;26,723;0,156;24,994;0,100;4,682;20,800;21,534;0,600;0;0;0;21,521;1,700;21,521;1,000;22,401;1,000;25,535;0,500;21,521;0,900;18,139;0,900;22,401;0,900;22,401;0,400;23,427;0,800
4703301001;6,882;0,500;39,286;0,000;9,722;1,100;8,724;2,468;6,882;0,400;10,114;0,780;39,800;0,000;40,837;0,000;12,647;0,800;49,861;0,000;0;0;0;12,647;0,300;39,962;0,000;39,962;0,000;25,893;0,100;39,962;0,000;20,477;0,200;49,030;0,000;49,030;0,000;8,873;0,300
4703401001;19,048;0,200;38,203;0,000;15,697;0,400;12,017;1,524;21,399;0,100;18,886;0,260;38,321;0,000;39,570;0,000;15,697;0,100;33,311;0,000;0;0;0;15,697;0,100;38,785;0,000;38,785;0,000;19,048;0,100;38,785;0,000;19,048;0,100;37,583;0,000;43,722;0,000;29,406;0,100
4703501001;14,817;0,500;17,843;0,100;11,228;1,100;0,000;4,764;15,943;0,100;19,172;0,260;55,368;0,000;16,408;0,130;15,887;0,500;0,000;2,300;0;4;4;43,235;0,000;19,289;0,100;52,570;0,000;52,570;0,000;19,289;0,100;41,637;0,000;52,483;0,000;52,570;0,000;22,589;0,200
4703601001;12,862;0,500;40,201;0,000;8,302;0,700;6,166;2,244;13,343;0,400;12,862;0,780;42,460;0,000;25,722;0,120;6,166;1,500;18,403;0,100;0;0;0;13,343;0,500;25,138;0,100;41,919;0,000;26,328;0,100;26,328;0,100;13,343;0,300;40,636;0,000;41,919;0,000;26,328;0,100
4703701001;14,871;0,600;22,126;0,100;6,367;0,900;7,610;3,968;18,909;0,100;22,437;0,546;53,283;0,000;20,335;0,130;7,610;1,100;7,619;1,600;0;0;0;35,343;0,000;21,048;0,100;50,336;0,000;49,325;0,000;21,048;0,100;35,343;0,000;50,201;0,000;50,336;0,000;24,595;0,200
4703801001;8,491;0,900;27,791;0,200;9,984;1,200;13,395;2,816;8,491;0,500;6,369;1,110;28,254;0,156;29,369;0,100;11,763;0,400;54,159;0,000;0;0;0;11,763;0,400;28,477;0,100;28,477;0,100;13,934;0,400;28,477;0,100;13,934;0,400;56,124;0,000;54,813;0,000;20,086;0,200
4703901001;21,029;1,600;28,443;0,500;6,863;1,800;6,863;6,486;21,029;0,500;22,427;1,470;30,005;0,000;29,843;0,100;20,779;9,200;23,797;0,600;0;0;0;20,779;0,900;26,403;0,500;26,403;0,800;30,005;0,000;26,403;0,500;26,403;0,500;26,403;0,700;26,403;0,300;24,967;0,300
4704001001;22,304;0,200;33,165;0,000;4,128;1,200;4,128;2,416;33,575;0,000;12,726;0,650;53,511;0,000;47,434;0,000;4,128;2,900;30,540;0,000;0;0;0;4,128;0,700;4,128;0,600;33,531;0,000;33,531;0,000;38,901;0,000;55,691;0,000;4,128;0,700;55,691;0,000;4,128;0,600
4704101001;10,216;3,300;17,337;0,600;13,758;3,300;5,191;14,458;12,970;0,900;13,592;3,916;18,774;0,156;15,317;0,220;9,253;23,800;18,944;0,700;0;0;0;15,552;1,900;6,467;1,300;16,626;1,000;15,781;0,600;16,626;1,000;16,626;0,800;15,781;0,900;17,677;0,400;15,781;0,800
4704201001;17,868;0,200;38,800;0,000;12,409;0,600;12,409;1,532;18,521;0,100;17,868;0,650;41,698;0,000;23,209;0,120;16,450;0,700;26,228;0,100;0;0;0;18,521;0,300;32,164;0,000;40,772;0,000;18,835;0,100;18,835;0,100;18,521;0,100;40,772;0,000;40,772;0,000;18,835;0,100
4704301001;12,864;1,700;28,951;0,200;12,864;1,600;9,499;7,276;12,864;0,600;11,635;2,090;29,467;0,156;0,000;1,200;9,501;13,400;30,194;0,000;0;0;0;10,469;1,600;21,162;0,600;28,077;0,400;10,469;0,800;10,469;0,800;27,391;0,300;28,415;0,400;27,391;0,200;10,469;0,700
4704401001;8,402;7,500;10,358;1,800;3,886;6,600;3,886;25,856;10,634;1,600;9,815;7,836;11,917;0,468;12,062;0,300;7,116;52,900;7,116;1,500;0;0;0;9,033;4,700;9,033;2,600;9,033;3,000;11,917;1,300;9,033;2,500;9,033;2,400;9,033;2,500;9,033;1,200;10,811;1,700
4704501001;13,906;0,700;31,616;0,000;12,108;0,600;0,000;4,476;17,679;0,300;12,346;0,806;41,850;0,000;29,796;0,130;7,426;2,300;12,346;0,700;0;0;0;17,679;0,200;26,779;0,100;42,005;0,000;35,735;0,000;26,779;0,100;17,679;0,100;42,005;0,000;42,005;0,000;33,725;0,000
4704601001;11,893;0,500;43,301;0,000;11,893;1,100;4,082;2,260;33,663;0,000;11,893;0,520;55,721;0,000;41,379;0,000;4,082;2,000;24,519;0,400;0;0;0;12,123;0,400;12,123;0,300;43,607;0,000;34,724;0,000;34,724;0,000;53,750;0,000;11,893;0,600;54,452;0,000;12,123;0,400
4704701001;22,563;0,300;36,009;0,000;11,905;0,700;11,905;2,438;22,563;0,100;21,271;0,390;36,499;0,000;37,590;0,000;16,357;0,200;27,751;0,200;0;0;0;16,357;0,100;36,499;0,000;36,499;0,000;26,725;0,100;37,856;0,000;26,725;0,100;32,435;0,000;38,849;0,000;27,848;0,100
4704801001;12,670;0,500;44,269;0,000;12,670;0,800;9,024;1,712;24,007;0,100;12,670;0,650;51,674;0,000;31,260;0,000;0,000;2,000;30,060;0,000;2;0;2;18,286;0,300;20,576;0,100;44,474;0,000;24,991;0,100;24,991;0,100;49,871;0,000;12,670;0,400;50,839;0,000;20,576;0,200
4704901001;12,552;0,900;12,006;0,300;8,718;1,200;4,707;4,952;13,020;0,400;14,622;1,326;55,936;0,000;11,701;0,390;26,208;0,200;8,796;1,200;0;0;0;49,031;0,000;16,998;0,100;54,056;0,000;51,368;0,000;16,998;0,100;34,170;0,000;51,368;0,000;55,651;0,000;21,152;0,400
4705001001;0,000;8,400;9,100;1,900;0,000;7,600;3,083;27,496;7,179;1,600;0,000;8,816;9,860;0,468;11,571;0,420;6,567;57,000;3,083;2,200;0;0;0;8,099;4,900;8,099;2,900;8,099;3,000;8,465;1,500;9,408;2,500;8,099;2,400;8,468;2,700;8,465;1,200;8,465;1,900
4705001002;5,705;5,700;12,998;1,500;5,705;5,500;0,000;22,390;11,234;1,200;5,705;6,076;13,710;0,468;15,652;0,340;10,060;43,500;5,656;1,600;0;0;0;11,561;4,000;12,341;2,300;12,341;2,600;11,561;1,100;13,341;2,100;11,561;2,200;12,927;2,200;11,561;1,000;11,561;1,600
4705001003;5,512;5,300;14,146;1,400;5,512;5,200;0,000;22,474;12,245;1,230;5,512;5,216;14,873;0,624;16,724;0,340;11,878;37,200;2,988;1,900;0;0;0;13,009;3,400;13,280;2,100;13,280;2,400;13,009;1,100;14,457;1,900;13,009;1,700;13,754;2,300;13,009;1,000;13,009;1,500
4705101001;5,218;7,600;9,696;1,800;6,269;6,700;0,000;28,390;10,047;1,800;6,770;8,366;11,085;0,468;11,633;0,420;4,362;58,000;11,275;1,000;0;0;0;7,918;4,900;8,417;3,100;8,956;2,800;8,417;1,500;8,956;2,500;8,956;2,200;8,417;2,500;10,117;1,000;8,417;1,900
4705201001;3,917;8,400;5,702;1,800;3,997;7,500;0,000;31,390;5,958;2,000;4,593;9,338;9,878;0,468;8,142;0,300;0,000;60,500;8,789;1,500;4;0;4;5,818;5,100;5,818;3,100;5,818;3,000;9,092;1,500;5,818;2,700;5,818;2,400;5,818;2,700;5,818;1,200;9,063;1,900
4705201002;1,500;9,000;4,816;2,100;4,615;7,700;1,500;32,290;6,572;1,900;3,358;9,498;8,113;0,468;6,642;0,300;0,000;61,500;6,976;1,700;4;0;4;3,648;5,400;3,648;3,400;3,648;3,300;8,113;1,500;3,648;3,000;3,648;2,700;3,648;3,000;3,648;1,500;7,146;1,900
4705201003;0,000;9,700;4,282;2,100;4,786;8,000;0,000;33,494;5,558;1,900;2,796;10,668;6,836;0,468;5,558;0,300;0,000;62,900;5,493;1,700;5;0;5;2,241;5,400;2,241;3,400;2,241;3,300;6,836;1,500;2,241;3,000;2,241;2,700;2,241;3,000;2,241;1,500;5,802;1,900
4705201004;2,525;12,200;1,759;2,700;3,085;10,100;2,168;39,754;3,632;3,100;0,284;13,358;5,358;0,468;3,632;0,600;0,000;83,200;4,267;2,100;5;0;5;2,168;6,900;2,168;4,000;2,168;4,200;5,101;1,500;2,168;3,900;2,168;3,300;2,168;3,900;2,168;1,800;4,617;2,500
4705201005;1,172;10,700;3,153;2,700;3,711;9,200;1,172;35,954;4,446;2,200;1,705;11,358;5,855;0,468;4,446;0,600;0,000;73,800;4,984;2,000;5;0;5;1,522;6,000;1,522;3,400;1,522;3,900;5,855;1,500;1,522;3,300;1,522;3,000;1,522;3,600;1,522;1,800;4,898;2,200
4705201006;2,796;12,100;1,501;2,700;3,059;10,300;2,399;39,838;3,548;3,100;0,000;13,358;5,333;0,468;3,548;0,600;0,000;84,000;4,199;2,000;5;0;5;2,399;7,500;2,399;4,300;2,399;4,200;4,977;2,100;2,399;4,200;2,399;3,600;2,399;3,900;2,399;1,800;4,633;2,800
4705301001;3,813;2,100;26,446;0,200;3,813;2,000;3,813;9,626;13,453;0,900;6,164;3,516;31,107;0,000;24,789;0,220;6,164;7,600;19,571;0,500;0;0;0;24,612;0,400;24,612;0,400;27,288;0,200;29,000;0,200;24,612;0,300;18,722;0,200;27,288;0,300;27,288;0,100;22,261;0,300
4705401001;15,092;0,600;32,622;0,000;15,629;0,800;0,000;5,220;15,092;0,300;15,092;0,910;35,531;0,000;34,404;0,000;10,315;1,600;32,085;0,000;0;0;0;18,223;0,100;30,935;0,000;30,935;0,000;35,531;0,000;30,935;0,000;15,092;0,100;30,935;0,000;30,935;0,000;10,177;0,300
4705501001;7,448;3,700;16,518;0,800;7,448;3,600;2,988;16,574;14,568;1,230;7,448;4,106;17,242;0,312;19,003;0,350;12,334;24,500;0,000;2,500;0;6;6;15,529;2,000;15,529;1,400;15,529;1,300;15,581;0,700;16,802;1,200;15,529;1,000;15,916;1,400;15,581;0,500;15,581;1,000
4705601001;10,997;0,700;30,106;0,000;9,356;0,900;8,499;2,168;12,451;0,300;9,035;0,910;30,379;0,000;31,628;0,000;9,356;0,300;44,459;0,000;0;0;0;9,356;0,300;30,760;0,000;30,760;0,000;10,997;0,300;30,760;0,000;10,997;0,300;48,915;0,000;52,126;0,000;23,961;0,100
4705701001;6,572;3,500;17,137;0,800;11,661;3,300;6,470;15,726;16,339;0,930;11,661;4,210;21,152;0,312;17,137;0,350;6,572;23,700;0,000;2,500;0;6;6;19,268;2,000;19,268;1,400;19,268;1,300;20,079;0,700;20,680;1,200;19,268;1,000;19,347;1,400;20,079;0,500;20,079;1,000
4705801001;7,290;0,700;40,677;0,000;7,290;1,100;7,290;2,492;22,510;0,100;7,290;0,650;45,089;0,000;32,237;0,000;7,006;1,300;23,989;0,300;0;0;0;18,205;0,300;24,328;0,100;43,234;0,000;28,059;0,100;28,059;0,100;43,234;0,000;7,290;0,400;44,137;0,000;24,328;0,300
4705901001;7,940;0,500;34,288;0,000;3,867;1,000;6,809;1,736;7,940;0,300;5,323;0,520;34,622;0,000;35,847;0,000;3,867;0,600;44,049;0,000;0;0;0;3,867;0,600;34,961;0,000;34,961;0,000;15,942;0,100;34,961;0,000;15,942;0,100;47,877;0,000;47,877;0,000;18,635;0,100
4706001001;15,292;0,300;34,367;0,000;15,292;0,500;8,175;1,424;20,499;0,100;15,572;0,260;34,482;0,000;35,731;0,000;15,441;0,100;36,906;0,000;0;0;0;15,441;0,100;34,947;0,000;34,947;0,000;15,292;0,100;34,947;0,000;15,292;0,100;41,078;0,000;47,103;0,000;29,323;0,100
4706101001;19,302;1,100;29,247;0,400;0,000;2,600;0,000;7,706;24,348;0,400;20,312;1,140;29,844;0,156;29,247;0,120;19,302;5,400;19,302;0,700;0;0;0;24,850;0,600;28,148;0,400;28,148;0,500;29,844;0,100;28,148;0,200;28,148;0,400;25,833;0,500;28,148;0,200;29,844;0,200
4706201001;21,372;0,200;38,666;0,000;15,267;0,400;15,737;1,610;21,372;0,100;19,413;0,260;39,135;0,000;40,784;0,000;15,267;0,100;30,672;0,000;0;0;0;15,267;0,100;39,135;0,000;39,135;0,000;22,441;0,100;40,501;0,000;22,441;0,100;35,147;0,000;41,488;0,000;28,628;0,100
4706301001;6,830;0,500;41,704;0,000;11,364;0,900;6,037;2,888;6,830;0,400;10,418;0,780;42,194;0,000;43,270;0,000;11,364;0,900;46,463;0,000;0;0;0;11,364;0,300;42,385;0,000;42,385;0,000;27,134;0,100;42,385;0,000;18,708;0,200;45,635;0,000;45,635;0,000;6,037;0,300
4706401001;6,430;0,500;44,831;0,000;6,430;1,000;6,430;1,860;34,939;0,000;6,430;0,650;47,917;0,000;44,515;0,000;14,950;1,200;14,268;0,700;0;0;0;20,280;0,100;20,280;0,100;45,850;0,000;40,676;0,000;40,676;0,000;45,850;0,000;6,430;0,400;46,311;0,000;14,268;0,400
4706501001;15,634;0,300;23,147;0,100;6,739;1,100;0,000;4,778;21,059;0,100;24,374;0,260;50,092;0,000;21,672;0,130;14,295;0,800;0,000;2,200;0;4;4;42,606;0,000;24,197;0,100;47,278;0,000;47,278;0,000;24,197;0,100;42,606;0,000;47,218;0,000;47,278;0,000;19,153;0,200
4706601001;5,006;8,300;6,233;1,800;5,006;7,000;0,000;29,378;5,035;1,800;5,745;8,496;6,856;0,468;8,829;0,420;3,069;59,000;8,150;1,600;0;0;0;4,388;5,400;6,108;3,100;6,108;3,000;4,388;1,800;6,604;2,700;4,388;2,700;6,604;2,700;4,388;1,500;4,388;2,200
4706701001;12,860;0,700;12,778;0,300;9,651;1,200;8,013;4,322;14,777;0,500;15,637;0,806;56,411;0,000;12,990;0,390;29,746;0,100;11,173;1,200;0;0;0;49,299;0,000;18,597;0,100;54,633;0,000;51,960;0,000;18,597;0,100;31,479;0,000;51,960;0,000;55,836;0,000;17,869;0,400
4706801001;8,739;0,800;23,492;0,100;6,682;1,200;6,682;4,762;8,788;0,800;8,739;2,380;45,492;0,000;12,119;0,490;23,594;0,400;21,167;0,600;0;0;0;37,890;0,000;27,906;0,100;42,885;0,000;42,135;0,000;27,906;0,100;32,234;0,000;42,520;0,000;42,885;0,000;22,937;0,300
4706901001;14,548;1,600;28,987;0,100;7,756;1,400;7,756;6,864;12,098;0,600;10,103;1,730;30,613;0,000;16,764;0,120;10,103;9,900;28,981;0,300;0;0;0;22,677;0,900;12,157;0,600;28,352;0,100;22,677;0,500;22,677;0,300;26,899;0,400;27,103;0,100;29,682;0,100;22,677;0,500
4707001001;5,083;0,800;33,471;0,000;5,083;1,000;5,083;1,980;20,734;0,100;8,849;0,650;37,814;0,000;32,380;0,000;14,078;1,100;20,510;0,400;0;0;0;18,498;0,100;30,810;0,000;35,954;0,000;30,534;0,000;30,534;0,000;35,954;0,000;8,849;0,300;36,860;0,000;25,212;0,200
4707101001;4,301;5,900;13,403;0,800;8,302;5,000;4,301;23,940;10,479;1,300;8,302;6,656;15,523;0,156;15,039;0,220;0,000;40,300;12,232;1,300;2;0;2;11,913;3,100;5,467;2,200;13,093;1,200;10,951;1,100;12,141;1,600;13,093;1,200;10,951;1,100;15,746;0,400;10,951;1,300
4707301001;6,675;0,900;34,982;0,000;6,675;1,100;6,675;2,072;29,539;0,100;6,675;0,520;38,158;0,000;34,900;0,000;18,674;0,800;11,992;0,800;0;0;0;27,380;0,200;29,458;0,100;36,108;0,000;36,108;0,000;36,108;0,000;36,108;0,000;6,675;0,400;36,635;0,000;16,426;0,300
4707401001;5,511;1,300;17,971;0,200;14,179;1,200;7,008;8,682;7,066;0,800;5,511;2,836;32,656;0,000;19,520;0,250;16,244;4,200;7,008;1,500;0;0;0;24,997;0,200;19,061;0,400;30,748;0,000;28,951;0,200;19,061;0,300;30,786;0,000;29,146;0,100;30,786;0,000;14,476;0,400
4707501001;0,000;2,100;29,482;0,100;0,000;2,000;0,000;8,456;10,733;0,700;5,734;3,026;34,201;0,000;21,058;0,120;9,308;2,400;19,464;0,500;0;0;0;27,389;0,100;27,389;0,100;30,570;0,000;31,825;0,000;27,389;0,100;19,405;0,100;30,570;0,000;30,570;0,000;23,410;0,100
4707501002;4,664;1,500;30,714;0,000;4,664;1,500;2,117;7,236;8,168;0,600;2,117;3,356;37,910;0,000;16,710;0,120;13,465;1,700;19,874;0,500;0;0;0;30,800;0,000;30,800;0,000;34,513;0,000;35,245;0,000;30,800;0,000;21,568;0,100;34,513;0,000;34,513;0,000;25,118;0,100
4707502001;6,396;0,700;34,141;0,000;6,396;0,900;5,877;4,996;11,783;0,600;0,000;2,926;40,593;0,000;15,133;0,120;13,634;1,300;23,759;0,400;0;0;0;33,722;0,000;33,722;0,000;36,959;0,000;38,165;0,000;33,722;0,000;18,723;0,100;36,959;0,000;36,959;0,000;28,808;0,100
4707502002;2,946;1,300;31,516;0,000;2,946;1,500;2,946;7,016;12,970;0,700;5,124;2,406;36,186;0,000;20,257;0,120;8,664;2,000;22,407;0,400;0;0;0;29,616;0,100;29,616;0,100;32,368;0,000;34,024;0,000;29,616;0,100;16,724;0,100;32,368;0,000;32,368;0,000;26,262;0,200
4707601001;0,000;9,300;3,121;2,100;0,000;8,100;0,000;37,910;0,605;2,700;0,524;11,188;7,415;0,468;5,484;0,300;2,565;65,400;6,102;1,700;0;0;0;0,345;6,100;0,345;4,100;5,484;3,000;4,333;1,800;0,345;3,700;6,264;2,400;5,242;2,700;6,352;1,200;5,242;2,100
4707601002;0,605;9,400;3,692;2,100;0,605;8,100;0,525;36,550;0,000;2,700;0,826;11,366;8,020;0,468;6,089;0,300;2,392;63,300;6,707;1,700;0;0;0;0,410;6,100;0,410;4,100;6,089;3,000;4,856;1,800;0,410;3,700;6,857;2,400;5,692;2,700;6,858;1,200;5,692;2,100
4707601003;0,574;9,400;3,326;2,100;0,574;8,100;0,000;35,970;0,525;2,700;1,052;10,846;7,801;0,468;5,845;0,300;2,014;63,300;6,483;1,700;0;0;0;0,686;6,100;0,686;4,100;5,845;3,000;4,875;1,800;0,686;3,700;6,401;2,400;5,810;2,700;6,401;1,200;5,810;2,100
4707601004;0,401;9,600;2,900;2,100;0,401;8,100;0,173;38,270;0,968;2,700;0,434;11,968;7,067;0,468;5,152;0,300;2,900;67,800;5,758;1,700;0;0;0;0,601;6,100;0,601;4,400;5,152;3,000;3,933;2,100;0,601;3,700;5,890;2,400;4,851;3,000;6,208;1,200;4,851;2,400
4707601005;0,558;9,900;2,752;2,100;0,558;8,100;0,000;38,150;1,139;2,900;0,478;12,358;6,894;0,468;4,979;0,600;2,752;69,300;5,585;1,700;0;0;0;0,774;6,400;0,774;4,400;4,979;3,300;3,783;2,100;0,774;3,700;5,718;2,400;4,724;3,300;6,079;1,200;4,724;2,400
4707601006;2,842;8,900;5,810;1,800;2,842;7,900;2,044;34,062;2,470;2,300;2,511;10,078;9,478;0,468;7,718;0,300;2,804;60,800;5,846;1,700;0;0;0;2,500;5,400;2,500;3,400;7,718;3,000;5,599;1,500;2,500;3,000;8,098;2,400;5,904;2,700;9,150;1,200;5,904;2,100
4707601007;0,973;9,900;2,819;2,100;0,973;8,100;0,478;38,510;1,479;2,800;0,000;12,658;6,683;0,468;4,813;0,600;2,571;71,400;5,390;1,700;0;0;0;1,073;6,000;1,073;4,000;4,813;3,300;3,379;2,100;1,073;3,300;5,444;2,400;4,270;3,300;6,207;1,200;4,270;2,400
4707601008;0,626;9,600;3,191;2,100;0,626;8,100;0,000;38,358;1,010;2,300;0,193;11,968;7,186;0,468;5,305;0,300;3,025;66,900;5,889;1,700;0;0;0;0,601;6,100;0,601;4,400;5,305;3,000;3,855;2,100;0,601;3,700;5,953;2,400;4,685;3,000;6,538;1,200;4,685;2,400
4707601009;1,622;9,200;3,959;2,100;1,622;7,700;0,000;37,254;1,751;2,300;1,098;10,928;7,438;0,468;5,677;0,300;2,034;66,600;6,192;1,700;0;0;0;1,433;5,700;1,433;4,000;5,677;3,000;3,670;2,100;1,433;3,300;6,077;2,400;4,222;3,000;7,360;1,200;4,222;2,400
4707601010;2,565;8,700;4,115;2,100;2,565;7,400;1,811;33,950;2,392;2,300;3,065;10,846;8,869;0,468;6,895;0,300;0,000;61,200;7,575;1,700;2;0;2;2,688;5,400;2,688;3,400;6,352;3,000;6,611;1,500;2,688;3,000;6,352;2,400;6,352;2,700;6,352;1,200;7,675;2,100
4707601011;0,538;9,600;2,902;2,100;0,538;8,100;0,161;37,790;1,073;2,600;0,415;11,968;6,993;0,468;5,089;0,300;2,902;68,400;5,688;1,700;0;0;0;0,683;6,100;0,683;4,400;5,089;3,000;3,802;2,100;0,683;3,700;5,796;2,400;4,706;3,000;6,237;1,200;4,706;2,400
4707601012;0,524;9,600;3,315;2,100;0,524;8,100;0,000;37,998;0,826;2,700;0,000;11,968;7,368;0,468;5,479;0,300;3,065;66,600;6,068;1,700;0;0;0;0,421;6,100;0,421;4,400;5,479;3,000;4,047;2,100;0,421;3,700;6,142;2,400;4,865;3,000;6,639;1,200;4,865;2,400
4707601013;0,372;9,300;3,251;2,100;0,372;8,100;0,152;38,478;0,731;2,700;0,152;11,578;7,378;0,468;5,476;0,300;2,919;66,300;6,074;1,700;0;0;0;0,322;6,100;0,322;4,400;5,476;3,000;4,125;2,100;0,322;3,700;6,173;2,400;4,972;3,000;6,553;1,200;4,972;2,400
4707601014;0,414;9,600;2,723;2,100;0,414;8,100;0,284;38,270;1,018;2,300;0,681;11,968;7,007;0,468;5,071;0,300;2,718;68,100;5,693;1,700;0;0;0;0,725;6,100;0,725;4,400;5,071;3,000;4,016;2,100;0,725;3,700;5,871;2,400;4,987;3,000;5,993;1,200;4,987;2,400
4707601015;0,345;9,300;3,448;2,100;0,345;8,100;0,345;37,650;0,410;2,700;0,421;10,668;7,667;0,468;5,752;0,300;2,688;64,800;6,359;1,700;0;0;0;0,000;6,100;0,000;4,100;5,752;3,000;4,447;1,800;0,000;3,700;6,480;2,400;5,285;2,700;6,696;1,200;5,285;2,100
4707601016;2,356;8,700;5,415;1,800;2,356;7,400;1,491;33,394;1,752;2,300;2,413;10,546;9,756;0,468;7,837;0,300;2,847;59,400;6,196;1,800;0;0;0;2,089;5,400;2,089;3,400;7,837;3,000;6,388;1,500;2,089;3,000;8,457;2,400;7,039;2,700;8,457;1,200;7,039;2,100
4707601017;1,171;8,700;3,989;2,100;1,171;7,700;0,000;34,750;0,695;2,700;1,513;10,846;8,495;0,468;6,538;0,300;1,811;61,000;7,178;1,700;0;0;0;1,091;5,400;1,091;3,400;6,538;3,000;5,501;1,500;1,091;3,000;6,967;2,400;6,374;2,700;6,967;1,200;6,374;2,100
4707601018;0,581;9,900;2,598;2,100;0,581;8,100;0,210;38,150;1,186;2,900;0,643;12,358;6,834;0,468;4,904;0,600;2,598;69,300;5,521;1,700;0;0;0;0,866;6,400;0,866;4,400;4,904;3,300;3,841;2,100;0,866;3,700;5,692;2,400;4,825;3,300;5,901;1,200;4,825;2,400
4707701001;10,463;0,600;40,118;0,000;10,360;0,800;6,685;3,464;10,463;0,500;13,201;0,780;42,593;0,000;41,659;0,000;10,360;0,900;38,731;0,000;0;0;0;10,360;0,300;38,101;0,000;38,101;0,000;29,712;0,100;38,101;0,000;18,553;0,200;38,101;0,000;38,101;0,000;6,685;0,300
4707801001;14,357;0,700;14,047;0,300;10,929;1,200;10,929;3,862;16,771;0,300;16,973;0,806;56,728;0,000;14,683;0,390;33,181;0,000;13,778;1,000;0;0;0;49,444;0,000;20,343;0,100;55,017;0,000;52,409;0,000;20,343;0,100;29,305;0,100;52,409;0,000;55,872;0,000;14,971;0,500
4707901001;8,967;1,100;26,191;0,100;10,576;1,300;6,891;5,474;7,118;0,800;6,891;2,510;43,238;0,000;11,910;0,490;20,260;0,800;20,714;0,600;0;0;0;35,753;0,000;29,943;0,100;40,334;0,000;40,103;0,000;29,943;0,100;28,145;0,100;40,334;0,000;40,334;0,000;26,854;0,200
4708001001;7,939;0,500;42,380;0,000;6,293;0,800;3,366;3,300;7,939;0,400;9,908;0,780;43,626;0,000;43,720;0,000;6,293;0,700;40,394;0,000;0;0;0;6,293;0,300;40,129;0,000;40,129;0,000;25,861;0,100;40,129;0,000;22,526;0,200;40,129;0,000;40,129;0,000;9,913;0,300
4708101001;16,376;0,500;33,672;0,000;6,425;0,600;6,425;3,700;13,709;0,400;11,067;0,880;35,409;0,000;20,978;0,120;7,870;2,500;25,291;0,200;0;0;0;21,861;0,300;16,090;0,100;33,088;0,000;25,133;0,100;25,133;0,100;21,861;0,100;31,639;0,000;34,633;0,000;25,133;0,100
4708201001;8,540;3,700;18,652;0,700;8,540;3,000;0,000;15,086;13,686;1,100;10,595;4,466;27,045;0,156;19,700;0,230;15,351;19,800;0,000;2,600;0;15;15;19,553;1,700;17,225;1,200;25,236;1,000;23,097;0,500;17,225;1,000;25,627;0,800;23,102;0,900;25,871;0,400;7,769;0,900
4708301001;2,774;3,800;20,230;0,700;4,044;3,200;3,657;14,952;3,657;1,200;4,044;4,236;22,350;0,156;21,843;0,350;2,774;23,100;15,490;0,800;0;0;0;18,736;1,700;4,414;1,700;19,920;1,000;17,758;0,500;18,916;1,000;19,920;0,800;17,758;0,900;22,492;0,400;15,490;0,700
4708401001;20,185;0,300;36,009;0,000;0,000;1,400;0,000;3,252;36,479;0,000;15,949;0,390;50,310;0,000;50,549;0,000;0,000;3,300;27,065;0,200;4;0;4;0,000;1,100;0,000;1,000;36,404;0,000;36,404;0,000;42,367;0,000;52,480;0,000;0,000;1,100;52,480;0,000;0,000;1,000
4708501001;3,464;1,200;2,980;0,600;0,440;1,600;0,000;8,126;4,232;0,800;0,440;3,220;41,047;0,000;3,477;0,780;22,408;1,000;3,275;2,000;0;0;0;34,225;0,000;4,436;0,600;39,160;0,000;36,471;0,000;4,436;0,600;39,160;0,000;36,471;0,000;40,880;0,000;21,558;0,100
4708501002;3,505;1,200;2,431;0,600;0,673;1,600;0,550;8,126;4,029;0,800;0,673;3,220;41,587;0,000;3,009;0,780;22,939;0,800;3,770;2,000;0;0;0;34,753;0,000;4,733;0,600;39,703;0,000;37,015;0,000;4,733;0,600;39,703;0,000;37,015;0,000;41,405;0,000;22,083;0,100
4708501003;3,505;1,200;1,894;0,600;3,250;1,300;0,000;7,214;2,471;0,800;3,021;2,080;44,364;0,000;0,000;1,300;22,374;0,700;4,658;2,100;0;0;0;37,623;0,000;5,664;0,300;42,437;0,000;39,745;0,000;5,664;0,300;42,437;0,000;39,745;0,000;44,291;0,000;24,975;0,300
4708501004;3,500;1,200;2,685;0,600;0,529;1,600;0,295;8,126;4,139;0,800;0,529;3,220;41,331;0,000;3,237;0,780;22,698;0,900;3,526;2,000;0;0;0;34,500;0,000;4,610;0,600;39,446;0,000;36,758;0,000;4,610;0,600;39,446;0,000;36,758;0,000;41,153;0,000;21,831;0,100
4708501005;7,317;0,900;2,698;0,600;5,000;1,200;4,508;6,220;6,892;0,600;5,000;1,400;44,495;0,000;4,508;0,780;26,878;0,500;6,907;1,600;0;0;0;37,392;0,000;8,979;0,300;42,731;0,000;40,063;0,000;8,979;0,300;41,438;0,000;40,063;0,000;43,951;0,000;24,746;0,300
4708501006;4,710;1,200;0,000;1,000;3,002;1,300;1,894;6,454;4,198;0,800;2,925;2,180;43,935;0,000;1,894;0,780;24,202;0,700;6,017;1,800;0;0;0;37,036;0,000;6,571;0,300;42,073;0,000;39,386;0,000;6,571;0,300;42,073;0,000;39,386;0,000;43,670;0,000;24,356;0,300
4708502001;0,000;1,700;4,710;0,600;3,025;1,300;2,245;7,318;1,823;0,800;2,777;2,080;41,856;0,000;3,505;0,780;20,086;0,900;5,779;1,800;0;0;0;35,366;0,000;2,245;0,700;39,847;0,000;37,156;0,000;2,245;0,600;39,847;0,000;37,156;0,000;42,059;0,000;22,858;0,100
4708502002;3,025;1,200;3,002;0,600;0,000;1,600;0,293;8,126;3,821;0,800;0,000;3,220;41,171;0,000;3,250;0,780;22,334;1,000;3,534;2,000;0;0;0;34,388;0,000;4,082;0,600;39,268;0,000;36,577;0,000;4,082;0,600;39,268;0,000;36,577;0,000;41,051;0,000;21,732;0,100
4708502003;2,777;1,200;2,925;0,600;0,293;1,600;0,000;8,126;3,528;0,800;0,000;3,220;41,367;0,000;3,021;0,780;22,416;0,900;3,800;2,000;0;0;0;34,604;0,000;3,960;0,600;39,455;0,000;36,764;0,000;3,960;0,600;39,455;0,000;36,764;0,000;41,270;0,000;21,954;0,100
4708502004;1,823;1,300;4,198;0,600;3,821;1,300;2,471;7,258;0,000;1,200;3,528;2,080;43,675;0,000;2,471;0,780;20,014;0,700;4,694;2,100;0;0;0;37,162;0,000;3,998;0,600;41,669;0,000;38,978;0,000;3,998;0,600;41,669;0,000;38,978;0,000;43,854;0,000;24,629;0,100
4708503001;8,376;1,200;4,573;0,600;5,476;1,400;5,085;5,788;8,504;0,600;5,476;1,790;42,424;0,000;6,446;0,390;25,891;0,600;5,825;1,500;0;0;0;35,206;0,000;9,506;0,300;40,733;0,000;38,083;0,000;9,506;0,300;40,733;0,000;38,083;0,000;41,706;0,000;22,632;0,300
4708503002;5,779;1,200;6,017;0,300;3,534;1,600;3,275;7,534;7,125;0,500;3,534;2,466;37,926;0,000;6,752;0,390;20,147;1,300;0,000;2,600;0;48;48;31,023;0,000;5,427;0,400;36,081;0,000;33,398;0,000;5,427;0,300;36,081;0,000;33,398;0,000;37,664;0,000;18,345;0,100
4708503003;2,245;1,300;6,571;0,300;4,082;1,200;0,000;7,474;3,998;0,800;3,960;2,080;39,842;0,000;5,664;0,390;18,663;1,000;5,427;1,700;0;0;0;33,475;0,000;0,000;1,100;37,801;0,000;35,113;0,000;0,000;1,000;37,801;0,000;35,113;0,000;40,171;0,000;21,080;0,100
4708503004;7,667;1,300;9,824;0,300;6,899;1,400;0,000;8,326;9,441;0,600;6,899;2,146;34,358;0,000;10,023;0,390;15,895;2,300;4,253;2,100;0;0;0;27,733;0,100;6,012;0,600;32,416;0,000;29,724;0,100;6,012;0,400;32,416;0,000;29,724;0,100;34,422;0,000;15,191;0,200
4708601001;0,000;1,800;29,891;0,100;0,000;2,100;7,212;5,072;0,000;1,100;7,212;1,240;30,352;0,000;12,864;0,360;0,000;7,100;24,947;0,200;2;0;2;6,589;0,800;29,941;0,100;29,941;0,100;16,629;0,200;16,629;0,200;27,839;0,200;28,576;0,100;27,839;0,100;16,629;0,200
4708601002;7,212;0,600;35,619;0,000;7,212;1,000;0,000;4,268;7,212;0,300;0,000;1,560;36,000;0,000;11,635;0,360;0,000;2,500;32,105;0,000;4;0;4;2,829;0,900;32,237;0,000;35,250;0,000;10,519;0,300;10,519;0,300;33,570;0,000;27,571;0,100;33,570;0,000;10,519;0,300
4708602001;6,589;0,500;36,205;0,000;6,589;0,800;2,829;3,232;6,589;0,300;2,829;0,910;36,632;0,000;14,125;0,360;2,829;2,000;31,353;0,000;0;0;0;0,000;1,300;34,267;0,000;36,061;0,000;13,143;0,300;13,143;0,300;34,150;0,000;25,027;0,100;34,150;0,000;13,143;0,300
4708602002;9,823;0,600;39,437;0,000;9,823;0,900;0,000;3,716;9,823;0,300;4,567;1,040;39,858;0,000;16,111;0,120;4,567;1,700;34,430;0,000;0;0;0;3,254;0,900;35,578;0,000;39,253;0,000;12,843;0,300;12,843;0,300;37,382;0,000;23,344;0,100;37,382;0,000;12,843;0,300
4708701001;4,582;3,200;25,189;0,400;4,582;2,900;4,582;12,776;10,523;1,000;5,505;4,566;29,934;0,156;24,709;0,220;5,604;14,800;15,778;0,600;0;0;0;22,954;1,200;22,954;0,700;26,488;0,700;27,400;0,400;22,954;0,800;22,509;0,600;26,488;0,700;26,488;0,200;19,001;0,600
4708801001;12,029;0,600;48,786;0,000;12,029;0,800;12,029;1,504;45,998;0,000;18,241;0,260;50,414;0,000;52,641;0,000;10,198;2,500;12,029;1,000;0;0;0;15,231;0,200;15,231;0,100;51,625;0,000;49,160;0,000;49,160;0,000;44,978;0,000;15,231;0,200;52,411;0,000;15,231;0,200
4708901001;7,359;0,500;49,496;0,000;7,359;0,900;7,359;1,348;47,750;0,000;17,911;0,260;51,087;0,000;52,863;0,000;7,359;2,000;7,359;1,200;0;0;0;20,016;0,100;20,016;0,100;52,993;0,000;52,275;0,000;52,275;0,000;40,210;0,000;19,278;0,200;52,993;0,000;11,926;0,400
4709001001;10,329;4,000;19,546;0,700;10,329;3,500;5,000;15,642;12,853;1,100;5,000;5,038;24,098;0,156;22,152;0,230;10,178;20,500;6,457;1,500;0;0;0;16,442;1,700;16,442;1,200;21,967;1,000;20,614;0,500;16,442;1,000;21,967;0,800;20,983;0,900;21,967;0,400;8,667;0,900
4709001002;6,634;3,900;21,841;0,700;6,634;3,400;0,000;16,678;10,511;1,200;0,000;6,278;26,572;0,156;24,591;0,350;6,634;20,400;10,595;1,300;0;0;0;19,152;1,700;19,152;1,100;23,706;1,000;23,553;0,500;19,152;1,000;23,706;0,900;23,706;0,900;23,706;0,400;13,564;0,900
4709101001;15,821;0,300;46,037;0,000;11,330;0,800;11,330;1,348;47,326;0,000;20,807;0,520;47,686;0,000;49,965;0,000;6,653;2,400;15,821;0,600;0;0;0;11,330;0,400;11,330;0,300;47,479;0,000;47,479;0,000;48,880;0,000;48,778;0,000;11,330;0,400;49,745;0,000;11,330;0,400
4709201001;6,789;1,100;28,512;0,200;6,789;1,300;11,609;5,028;6,789;0,400;13,041;1,040;30,542;0,000;19,353;0,240;6,789;5,100;21,292;0,400;0;0;0;11,235;0,600;29,857;0,100;29,857;0,100;23,181;0,200;23,181;0,100;27,999;0,200;26,153;0,100;27,999;0,100;23,181;0,200
4709301001;12,962;3,200;24,410;0,600;12,962;2,700;0,000;13,066;13,507;1,100;12,962;3,976;28,061;0,156;26,608;0,100;8,049;19,400;25,551;0,500;0;0;0;23,458;1,700;23,458;1,000;23,458;1,000;27,824;0,400;23,458;0,900;16,489;0,800;23,458;0,900;23,458;0,300;19,034;0,700
4709401001;14,493;0,500;41,614;0,000;14,493;0,900;9,234;2,220;16,937;0,100;13,742;0,780;46,646;0,000;25,343;0,120;4,193;1,600;30,613;0,000;0;0;0;11,623;0,500;27,733;0,100;44,974;0,000;20,855;0,100;20,855;0,100;44,602;0,000;14,493;0,400;44,602;0,000;20,855;0,200
4709501001;10,898;1,300;8,181;0,300;8,944;1,500;8,524;6,070;12,141;0,800;8,944;2,180;42,200;0,000;10,067;0,510;27,387;0,500;8,304;1,500;0;0;0;34,770;0,000;12,834;0,300;40,425;0,000;38,074;0,000;12,834;0,300;40,669;0,000;38,074;0,000;41,089;0,000;22,515;0,300
4709601001;17,048;0,200;43,440;0,000;5,290;0,600;6,545;1,796;17,048;0,100;9,883;0,520;43,721;0,000;15,125;0,120;9,883;1,100;41,741;0,000;0;0;0;5,794;0,600;35,823;0,000;42,606;0,000;5,794;0,300;5,794;0,300;41,017;0,000;30,545;0,000;41,444;0,000;5,794;0,300
4709701001;21,000;0,500;36,177;0,000;0,000;1,400;0,000;4,144;19,258;0,200;16,852;0,780;37,652;0,000;17,490;0,120;11,473;2,100;26,677;0,100;0;0;0;19,515;0,300;19,894;0,100;35,488;0,000;19,515;0,100;19,515;0,100;21,400;0,100;34,455;0,000;36,477;0,000;19,515;0,100
4709801001;7,668;7,100;12,166;1,700;7,668;6,300;3,766;23,830;10,760;1,500;7,668;7,376;12,809;0,468;14,786;0,540;6,339;50,800;9,398;1,500;0;0;0;10,349;4,600;11,883;2,300;11,883;2,800;10,349;1,100;12,536;2,100;10,349;2,200;12,536;2,300;10,349;1,000;10,349;1,600
4709901001;8,257;3,000;22,868;0,600;8,257;2,700;10,950;10,776;8,257;0,900;12,783;3,170;23,232;0,156;9,501;0,460;0,000;21,600;22,128;0,500;2;0;2;13,700;2,100;22,298;1,100;22,474;1,000;18,117;0,600;18,117;1,000;20,827;0,800;23,203;0,900;20,827;0,400;18,117;0,700
4710001001;11,119;0,600;18,461;0,100;9,049;1,000;9,049;3,346;13,319;0,600;13,319;1,326;55,368;0,000;19,434;0,250;31,451;0,000;16,512;0,700;0;0;0;50,244;0,000;24,988;0,100;53,497;0,000;53,497;0,000;24,988;0,100;25,026;0,100;53,497;0,000;53,497;0,000;9,859;0,700
4710101001;4,002;1,200;14,229;0,300;10,888;1,000;4,002;5,020;10,038;0,400;12,704;1,170;44,041;0,000;12,477;0,390;10,171;1,500;0,000;2,300;0;2;2;33,876;0,000;9,432;0,400;41,769;0,000;39,184;0,000;9,432;0,300;33,876;0,000;39,184;0,000;44,513;0,000;27,384;0,100
4710101002;0,000;1,600;18,145;0,100;9,972;1,000;0,000;4,876;13,973;0,500;16,438;0,780;43,962;0,000;16,429;0,130;6,913;1,500;4,002;1,500;0;0;0;29,912;0,100;12,891;0,400;41,618;0,000;39,120;0,000;12,891;0,300;29,912;0,100;39,120;0,000;44,428;0,000;28,614;0,100
4710201001;11,684;0,900;14,030;0,300;9,636;1,100;7,223;4,834;10,836;0,300;14,358;1,040;52,064;0,000;12,224;0,390;14,151;1,100;7,223;1,500;0;0;0;38,658;0,000;13,326;0,300;49,875;0,000;47,232;0,000;13,326;0,300;38,658;0,000;47,232;0,000;52,537;0,000;29,745;0,100
4710301001;19,368;1,700;28,883;0,400;11,753;1,800;5,213;6,370;19,368;0,500;20,544;1,756;30,414;0,000;29,934;0,100;18,741;8,300;25,970;0,400;0;0;0;18,741;0,700;26,363;0,400;26,363;0,600;30,414;0,000;26,363;0,300;26,363;0,600;26,363;0,500;26,363;0,200;20,511;0,300
4710401001;0,000;1,700;18,653;0,100;9,338;1,200;9,338;6,098;3,969;1,000;0,000;3,186;37,691;0,000;20,433;0,250;18,524;0,700;12,496;1,000;0;0;0;30,026;0,000;21,464;0,100;35,510;0,000;34,115;0,000;21,464;0,100;33,549;0,000;34,387;0,000;35,510;0,000;19,972;0,200
4710401002;3,969;1,600;22,566;0,100;10,733;1,400;6,052;7,118;0,000;1,500;3,969;3,056;36,711;0,000;19,026;0,250;15,562;0,900;13,686;0,800;0;0;0;29,121;0,100;25,046;0,200;34,112;0,000;33,394;0,000;25,046;0,200;29,590;0,100;33,815;0,000;34,112;0,000;20,448;0,100
4710402001;9,338;0,800;17,745;0,100;0,000;2,000;0,000;5,012;11,872;0,600;9,338;1,660;46,819;0,000;17,214;0,250;27,419;0,100;18,258;0,600;0;0;0;39,154;0,000;22,936;0,100;44,790;0,000;43,129;0,000;22,936;0,100;37,206;0,000;43,312;0,000;44,790;0,000;19,324;0,300
4710402002;4,650;1,100;14,256;0,300;7,543;1,500;7,543;6,252;8,608;0,600;4,650;3,056;39,748;0,000;16,098;0,250;22,618;0,600;11,191;1,400;0;0;0;32,115;0,000;17,778;0,100;37,865;0,000;35,947;0,000;17,778;0,100;38,018;0,000;36,056;0,000;38,018;0,000;20,868;0,300
4710501001;12,573;3,500;16,525;0,600;9,505;3,300;8,751;15,492;12,573;0,900;14,213;3,586;18,088;0,156;18,096;0,100;13,312;21,500;12,898;1,200;0;0;0;14,828;1,900;14,828;1,200;14,828;1,200;18,088;0,500;14,828;1,100;14,828;1,000;14,828;1,100;14,828;0,600;16,963;0,600
4710601001;6,061;0,600;30,695;0,000;9,761;0,900;11,693;1,932;6,061;0,400;5,215;0,910;31,174;0,000;32,267;0,000;10,681;0,500;54,129;0,000;0;0;0;10,681;0,300;31,379;0,000;31,379;0,000;16,935;0,100;31,379;0,000;16,935;0,200;54,089;0,000;54,089;0,000;17,071;0,100
4710901001;16,063;0,400;45,313;0,000;7,041;0,700;6,243;1,796;16,063;0,100;9,998;0,650;45,923;0,000;20,345;0,120;4,183;1,500;38,402;0,000;0;0;0;9,480;0,600;30,265;0,000;45,227;0,000;13,736;0,300;13,736;0,300;43,469;0,000;21,958;0,100;43,469;0,000;13,736;0,300
4711001001;6,372;3,800;16,932;0,600;8,060;3,400;0,000;15,830;6,372;1,000;5,798;4,648;20,717;0,156;19,192;0,100;5,798;21,700;18,612;0,600;0;0;0;16,165;1,700;16,165;1,000;16,165;1,000;20,332;0,500;16,165;0,900;16,165;0,900;16,165;0,900;16,165;0,400;19,723;0,800
4711101001;9,853;3,900;14,592;0,900;9,853;3,700;0,000;19,006;11,229;1,100;7,104;5,888;19,212;0,156;17,248;0,230;5,486;22,800;6,747;1,400;0;0;0;11,608;1,900;11,608;1,400;16,939;1,000;15,914;0,500;11,608;1,200;16,939;0,800;16,420;0,900;16,939;0,400;7,810;0,900
4711201001;4,388;1,700;28,510;0,200;4,388;1,700;0,000;9,006;6,443;0,700;3,266;3,586;34,140;0,000;20,261;0,120;10,447;2,400;15,983;0,500;0;0;0;26,894;0,100;26,894;0,100;30,930;0,000;31,327;0,000;26,894;0,100;23,694;0,100;30,930;0,000;30,930;0,000;20,956;0,100
4711201002;5,734;1,200;28,604;0,100;5,734;1,300;0,000;7,166;6,052;0,700;0,000;3,626;37,402;0,000;16,996;0,120;13,544;1,400;18,103;0,500;0;0;0;30,133;0,000;30,133;0,000;34,192;0,000;34,561;0,000;30,133;0,000;23,630;0,100;34,192;0,000;34,192;0,000;23,704;0,100
4711301001;14,707;0,500;36,687;0,000;11,473;0,600;7,006;2,544;15,449;0,200;14,707;0,780;42,291;0,000;28,337;0,120;0,000;2,600;17,627;0,200;2;0;2;15,449;0,200;22,435;0,100;39,907;0,000;30,920;0,000;30,370;0,000;15,449;0,100;38,204;0,000;41,745;0,000;30,920;0,000
4711401001;6,216;0,500;37,615;0,000;0,000;1,500;2,948;2,260;6,216;0,400;5,525;0,780;37,978;0,000;39,187;0,000;0,000;1,300;43,823;0,000;5;0;5;0,000;1,000;38,294;0,000;38,294;0,000;19,688;0,100;38,294;0,000;19,688;0,200;44,817;0,000;44,817;0,000;15,102;0,100
4711401002;3,591;0,900;33,383;0,000;5,525;0,900;7,046;1,536;3,591;0,700;0,000;1,690;33,798;0,000;34,966;0,000;5,525;0,600;48,962;0,000;0;0;0;5,525;0,300;34,069;0,000;34,069;0,000;16,983;0,100;34,069;0,000;16,983;0,200;49,798;0,000;49,798;0,000;15,791;0,100
4711402001;0,000;1,300;36,204;0,000;6,216;0,700;6,084;1,836;0,000;1,100;3,591;1,170;36,649;0,000;37,786;0,000;6,216;0,600;48,333;0,000;0;0;0;6,216;0,300;36,891;0,000;36,891;0,000;20,480;0,100;36,891;0,000;20,480;0,200;48,038;0,000;48,038;0,000;12,275;0,300
4711402002;6,084;0,500;40,090;0,000;2,948;1,100;0,000;3,084;6,084;0,400;7,046;0,780;40,475;0,000;41,668;0,000;2,948;0,900;42,808;0,000;0;0;0;2,948;0,600;40,773;0,000;40,773;0,000;22,511;0,100;40,773;0,000;22,511;0,200;42,753;0,000;42,753;0,000;12,414;0,300
4711501001;14,517;3,000;21,566;0,600;14,517;2,700;8,096;11,188;14,517;0,900;16,685;3,040;22,127;0,156;7,389;0,460;7,047;21,300;22,824;0,500;0;0;0;17,853;1,900;15,881;1,100;20,693;1,000;17,853;0,600;17,853;1,000;20,118;0,800;21,047;0,900;20,118;0,400;17,853;0,700
4711601001;13,107;0,400;41,847;0,000;7,185;0,700;7,388;1,892;13,107;0,300;12,654;0,650;43,042;0,000;42,968;0,000;7,185;0,500;36,824;0,000;0;0;0;7,185;0,300;39,407;0,000;39,407;0,000;23,705;0,100;39,407;0,000;23,705;0,100;39,407;0,000;39,407;0,000;18,234;0,100
4711701001;18,585;2,700;24,039;0,700;5,550;2,700;5,550;11,270;19,704;0,700;21,247;3,126;25,586;0,156;25,784;0,220;18,585;18,900;17,215;0,800;0;0;0;22,628;1,800;22,628;1,000;22,628;1,000;25,586;0,500;22,628;0,900;22,628;0,800;22,628;1,000;22,628;0,400;24,509;0,600
4711801001;13,941;0,400;39,399;0,000;7,780;0,800;9,473;1,692;13,941;0,300;12,313;0,520;39,652;0,000;40,906;0,000;7,780;0,300;36,750;0,000;0;0;0;7,780;0,300;40,046;0,000;40,046;0,000;20,054;0,100;40,046;0,000;20,054;0,100;41,434;0,000;43,102;0,000;21,549;0,100
4711901001;15,868;0,200;37,750;0,000;10,005;0,700;12,144;1,836;15,868;0,100;13,657;0,520;37,962;0,000;39,220;0,000;10,005;0,300;36,310;0,000;0;0;0;10,005;0,300;38,380;0,000;38,380;0,000;18,262;0,100;38,380;0,000;18,262;0,100;40,861;0,000;45,367;0,000;24,434;0,100
4712101001;7,916;0,800;24,780;0,100;15,258;0,600;7,916;4,040;15,059;0,300;13,395;1,040;40,932;0,000;23,263;0,130;0,000;2,900;11,584;1,100;2;0;2;24,089;0,200;18,663;0,200;38,510;0,000;36,244;0,000;18,663;0,100;24,089;0,100;36,244;0,000;41,124;0,000;28,736;0,100
4712201001;4,650;4,100;18,044;0,600;4,650;3,600;4,650;15,766;10,114;1,000;4,650;5,298;22,487;0,156;20,685;0,100;4,650;21,700;16,977;0,700;0;0;0;16,918;1,700;16,918;1,000;18,348;1,000;21,026;0,500;16,918;0,900;18,348;0,900;18,348;0,900;18,348;0,400;19,195;0,800
4712202001;0,000;4,400;20,300;0,600;0,000;4,100;0,000;16,270;14,244;1,000;0,000;6,018;24,981;0,156;23,064;0,100;0,000;21,500;16,372;0,700;2;0;2;18,457;1,700;18,457;1,000;21,267;1,000;22,838;0,500;18,457;0,900;21,267;0,900;21,267;0,900;21,267;0,400;17,464;0,700
4712301001;10,413;1,200;8,675;0,300;7,576;1,300;5,413;6,350;11,391;0,800;7,576;2,076;37,341;0,000;10,173;0,390;22,234;1,300;4,981;1,900;0;0;0;30,029;0,000;10,392;0,300;35,612;0,000;33,104;0,000;10,392;0,300;35,727;0,000;33,104;0,000;36,476;0,000;17,567;0,100
4712401001;10,027;2,000;12,371;0,400;10,027;1,500;0,000;10,158;13,634;0,700;10,134;3,286;32,122;0,000;13,328;0,390;17,114;6,200;0,000;2,300;0;15;15;24,942;0,300;11,035;0,700;30,437;0,000;27,796;0,200;11,035;0,500;30,439;0,000;27,796;0,100;31,494;0,000;12,332;0,400
4712501001;12,166;0,400;40,717;0,000;10,308;0,800;12,166;1,612;24,494;0,100;12,166;0,520;47,708;0,000;18,267;0,120;17,722;0,500;41,393;0,000;0;0;0;8,323;0,400;36,254;0,000;40,613;0,000;8,323;0,300;8,323;0,300;33,662;0,000;38,192;0,000;45,656;0,000;8,323;0,300
4712601001;12,415;0,800;24,398;0,100;7,198;1,300;7,198;4,284;11,541;0,800;11,541;2,440;52,301;0,000;11,541;0,490;30,789;0,000;17,587;0,500;0;0;0;44,656;0,000;29,945;0,100;49,862;0,000;48,816;0,000;29,945;0,100;33,712;0,000;49,122;0,000;49,862;0,000;15,984;0,200
4712701001;13,051;0,600;37,645;0,000;9,753;0,900;7,488;3,072;13,051;0,500;14,533;0,910;39,568;0,000;38,862;0,000;9,753;0,800;35,364;0,000;0;0;0;9,753;0,300;35,265;0,000;35,265;0,000;29,189;0,100;35,265;0,000;23,304;0,200;35,265;0,000;35,265;0,000;12,543;0,300
4712801001;18,420;0,200;18,284;0,200;10,538;0,900;4,059;3,028;18,274;0,100;9,683;0,650;60,440;0,000;42,383;0,000;11,700;1,600;50,270;0,000;0;0;0;18,420;0,200;23,818;0,100;18,420;0,100;18,420;0,100;32,011;0,000;52,136;0,000;23,818;0,100;58,995;0,000;23,818;0,100
4712901001;19,257;0,700;29,970;0,100;16,951;0,700;0,000;5,040;19,257;0,300;20,094;1,166;32,045;0,000;31,261;0,000;16,672;2,200;27,991;0,200;0;0;0;17,452;0,200;27,669;0,100;27,669;0,100;32,045;0,000;27,669;0,100;22,417;0,200;27,669;0,100;27,669;0,100;15,836;0,100
4713001001;8,948;3,500;13,334;1,000;14,030;3,600;8,948;13,874;15,353;0,830;13,334;4,210;19,048;0,312;13,334;0,590;8,948;23,600;7,519;2,000;0;0;0;18,989;1,900;18,989;1,300;18,989;1,300;18,989;0,700;18,989;1,100;18,989;1,000;18,274;1,400;20,689;0,500;18,989;1,000
4713101001;6,718;0,600;32,824;0,000;8,469;1,100;12,802;1,968;6,718;0,400;7,701;0,780;33,340;0,000;34,372;0,000;12,589;0,600;54,523;0,000;0;0;0;12,589;0,300;33,499;0,000;33,499;0,000;20,358;0,100;33,499;0,000;20,358;0,200;54,012;0,000;54,012;0,000;15,153;0,100
4713201001;11,808;0,800;12,193;0,300;5,157;1,400;5,157;4,842;15,398;0,400;11,808;2,050;46,948;0,000;14,001;0,510;30,256;0,000;13,960;1,000;0;0;0;39,385;0,000;17,964;0,100;45,111;0,000;43,026;0,000;17,964;0,100;36,601;0,000;43,026;0,000;45,475;0,000;19,539;0,300
4713301001;4,845;8,800;7,395;1,800;0,000;7,900;0,000;30,336;8,472;1,800;6,681;9,068;8,930;0,468;8,653;0,300;4,692;58,000;4,692;1,800;0;0;0;5,325;5,100;5,325;3,100;5,325;3,000;8,930;1,500;5,325;2,700;5,325;2,400;5,325;2,700;5,325;1,200;7,754;1,900
4713301002;3,004;8,800;5,571;1,800;2,094;7,600;0,000;31,618;6,603;1,800;4,787;9,978;7,052;0,468;6,603;0,300;3,004;60,700;3,508;1,800;0;0;0;3,232;5,400;3,232;3,400;3,232;3,300;7,052;1,500;3,232;3,000;3,232;2,700;3,232;3,000;3,232;1,500;5,869;1,900
4713401001;17,382;0,300;17,100;0,200;5,536;0,900;8,340;3,440;17,350;0,100;4,697;1,170;60,478;0,000;47,110;0,000;12,218;2,600;46,860;0,000;0;0;0;17,382;0,300;20,416;0,100;17,382;0,100;17,382;0,100;36,885;0,000;57,801;0,000;20,416;0,100;62,623;0,000;20,416;0,100
4713501001;5,403;5,000;13,756;0,800;10,550;4,500;5,356;20,234;11,662;1,200;10,043;5,876;15,557;0,156;15,625;0,220;4,336;37,700;15,431;0,800;0;0;0;12,023;2,900;4,708;2,200;13,196;1,200;11,754;1,100;13,085;1,300;13,196;1,200;11,754;1,100;15,070;0,400;11,754;1,100
4713701001;11,070;0,500;34,952;0,000;5,929;0,700;8,689;1,736;11,070;0,300;8,545;0,520;35,235;0,000;36,481;0,000;5,929;0,300;41,251;0,000;0;0;0;5,929;0,300;35,610;0,000;35,610;0,000;15,877;0,100;35,610;0,000;15,877;0,100;45,864;0,000;47,240;0,000;21,024;0,100
4713801001;11,400;0,800;7,490;0,300;10,487;1,400;7,921;4,606;9,985;0,500;10,386;1,170;51,106;0,000;7,921;0,390;27,762;0,200;7,418;1,300;0;0;0;44,034;0,000;13,586;0,300;49,315;0,000;46,639;0,000;13,586;0,300;36,087;0,000;46,639;0,000;50,596;0,000;21,612;0,200
4713901001;9,751;1,400;15,421;0,100;12,390;1,100;0,000;8,378;12,389;0,800;12,390;2,306;34,944;0,000;14,455;0,390;11,725;3,000;9,098;1,500;0;0;0;29,693;0,100;8,861;0,500;32,678;0,000;30,087;0,000;8,861;0,400;32,678;0,000;30,087;0,000;35,417;0,000;18,864;0,100
4714001001;18,241;0,300;45,047;0,000;9,040;0,800;9,040;1,548;44,143;0,000;18,489;0,520;50,469;0,000;52,168;0,000;7,165;2,400;18,241;0,600;0;0;0;9,040;0,400;9,040;0,300;45,440;0,000;45,324;0,000;45,324;0,000;51,220;0,000;9,040;0,400;52,559;0,000;9,040;0,400
4714101001;13,334;0,600;16,233;0,100;9,023;1,100;9,023;3,194;15,660;0,400;15,660;0,936;57,550;0,000;17,130;0,250;32,724;0,000;16,766;0,800;0;0;0;50,279;0,000;22,721;0,100;55,657;0,000;53,506;0,000;22,721;0,100;27,082;0,100;53,506;0,000;55,657;0,000;12,162;0,700
4714201001;23,648;0,500;33,928;0,000;6,148;0,900;6,148;2,808;21,321;0,300;19,438;0,650;35,115;0,000;11,540;0,360;17,525;1,900;32,609;0,000;0;0;0;13,923;0,500;19,818;0,100;33,156;0,000;13,923;0,300;13,923;0,300;26,824;0,100;32,560;0,000;33,606;0,000;13,923;0,300
4714301001;12,423;0,700;31,893;0,000;10,459;1,000;7,750;2,168;14,735;0,300;11,579;0,910;32,113;0,000;33,371;0,000;10,459;0,300;41,441;0,000;0;0;0;10,459;0,300;32,526;0,000;32,526;0,000;12,423;0,300;32,526;0,000;12,423;0,300;45,845;0,000;50,865;0,000;25,527;0,100
4714401001;12,866;3,400;18,196;0,800;12,675;3,700;5,641;16,186;17,590;0,930;13,260;3,976;19,617;0,312;20,357;0,220;12,866;23,500;9,329;1,900;0;0;0;17,579;1,900;17,579;1,300;17,579;1,200;19,617;0,700;17,914;1,100;17,579;0,900;17,579;1,300;17,914;0,400;18,720;0,900
4714501001;9,122;1,600;27,051;0,100;9,122;1,600;0,000;9,286;14,061;0,800;9,122;3,186;31,385;0,000;28,618;0,220;0,000;6,800;25,211;0,400;2;0;2;25,987;0,300;25,987;0,200;27,081;0,200;30,090;0,000;25,987;0,200;14,061;0,400;27,081;0,200;27,081;0,100;22,104;0,200
4714601001;4,418;4,100;19,251;0,700;1,953;3,400;1,953;15,564;7,028;1,000;1,953;4,626;21,488;0,156;20,580;0,350;0,000;24,000;10,890;1,300;2;0;2;17,268;1,700;8,194;1,400;19,148;1,000;16,649;0,500;17,268;1,000;19,148;0,800;16,649;0,900;21,954;0,400;10,890;0,900
4714701001;9,290;0,600;18,159;0,100;3,346;1,400;3,346;4,082;12,362;0,600;12,362;1,556;55,134;0,000;19,624;0,250;36,789;0,000;15,880;0,600;0;0;0;47,531;0,000;24,611;0,100;53,273;0,000;51,260;0,000;24,611;0,100;28,372;0,100;51,290;0,000;53,495;0,000;11,244;0,700
4714801001;10,650;0,400;40,381;0,000;10,650;0,700;10,650;1,944;24,467;0,100;10,650;0,650;43,526;0,000;24,122;0,120;23,579;0,500;32,482;0,000;0;0;0;16,710;0,300;37,215;0,000;40,181;0,000;16,710;0,100;16,710;0,100;24,467;0,100;42,417;0,000;42,417;0,000;16,710;0,100
4714901001;18,267;2,800;24,239;0,600;14,249;2,800;3,852;11,376;18,146;0,700;17,535;3,040;25,255;0,156;7,772;0,460;12,500;20,400;25,707;0,300;0;0;0;17,037;1,900;13,509;1,300;23,427;1,000;17,037;0,600;17,037;1,000;23,427;0,800;23,138;0,900;23,617;0,400;17,037;0,700
4715001001;9,796;0,500;36,863;0,000;10,658;0,600;6,643;2,800;10,658;0,400;9,204;1,196;38,533;0,000;35,695;0,000;6,643;2,200;9,204;0,400;0;0;0;10,658;0,400;30,640;0,000;38,407;0,000;32,122;0,000;31,770;0,000;10,658;0,300;38,407;0,000;38,407;0,000;32,122;0,000
4715101001;14,729;2,200;27,793;0,300;8,520;1,900;6,862;8,724;12,431;0,800;10,736;2,610;29,355;0,156;15,310;0,220;10,736;15,200;28,723;0,300;0;0;0;21,747;1,600;11,502;1,000;27,133;0,600;21,747;0,600;21,747;0,800;27,133;0,500;25,992;0,600;28,338;0,200;21,747;0,700
4715201001;13,195;0,400;35,254;0,000;5,431;0,800;13,195;1,556;25,753;0,100;13,195;0,650;53,062;0,000;24,138;0,120;16,191;0,600;48,622;0,000;0;0;0;13,855;0,400;30,906;0,000;35,254;0,000;13,855;0,300;13,855;0,300;42,240;0,000;30,906;0,000;50,796;0,000;13,855;0,300
4715301001;10,031;0,700;49,601;0,000;9,247;1,100;10,031;1,660;43,129;0,000;14,553;0,520;51,902;0,000;48,030;0,000;10,031;1,500;9,247;1,100;0;0;0;21,133;0,100;21,133;0,100;49,787;0,000;48,707;0,000;48,707;0,000;40,896;0,000;14,553;0,400;49,993;0,000;9,247;0,400
4715401001;13,500;3,100;24,717;0,600;15,512;2,600;6,101;11,966;13,500;1,000;13,955;3,876;27,562;0,156;26,446;0,100;12,354;19,000;24,171;0,400;0;0;0;22,967;1,700;22,967;1,000;22,967;1,000;27,562;0,500;22,967;0,900;19,886;0,900;22,967;0,900;22,967;0,400;18,131;0,700
4715501001;3,580;10,600;4,539;2,700;1,933;9,500;0,000;34,904;2,983;2,000;4,356;10,056;5,476;0,468;6,956;0,300;1,933;71,800;3,242;1,900;0;0;0;3,580;6,000;3,580;3,700;3,580;3,600;4,988;1,800;5,002;2,700;3,580;3,300;3,782;3,000;4,988;1,500;4,988;2,200
4715501002;4,601;8,400;6,226;1,800;3,964;7,800;0,000;30,832;5,198;1,800;4,601;9,016;7,442;0,468;8,619;0,300;3,640;58,000;3,640;2,400;0;0;0;5,507;5,100;5,507;3,100;5,507;3,000;7,295;1,500;6,757;2,700;5,507;2,400;5,507;2,700;6,757;1,200;6,757;1,900
4715601001;12,651;0,800;7,988;0,300;8,952;1,400;8,952;5,450;11,737;0,600;10,720;1,530;49,366;0,000;9,296;0,510;30,994;0,000;10,728;1,400;0;0;0;42,066;0,000;14,554;0,300;47,646;0,000;45,076;0,000;14,554;0,300;35,716;0,000;45,076;0,000;48,493;0,000;20,494;0,300
4715701001;13,561;3,200;24,085;0,600;15,422;2,600;5,908;11,922;13,561;1,000;14,547;3,746;26,148;0,156;25,353;0,100;14,547;19,100;22,163;0,400;0;0;0;21,760;1,800;21,760;1,000;21,760;1,000;26,148;0,500;21,760;0,900;21,760;0,900;21,760;0,900;21,760;0,400;20,692;0,700
4715801001;6,071;3,400;17,239;0,700;6,071;3,000;0,000;14,658;12,028;0,900;8,230;4,626;28,344;0,156;17,078;0,230;8,230;20,000;9,963;1,600;0;0;0;22,553;1,500;11,855;1,200;26,201;0,800;23,536;0,500;11,855;1,200;26,201;0,600;23,536;0,800;28,818;0,400;11,379;0,900
4715901001;0,000;4,400;20,266;0,700;0,000;3,900;0,000;16,392;14,099;1,100;8,856;4,076;23,306;0,156;21,089;0,230;7,815;21,600;5,322;1,900;0;0;0;16,924;1,700;15,804;1,200;21,349;1,000;18,656;0,500;16,596;1,000;21,349;0,800;18,656;0,900;23,612;0,400;5,322;0,900
4716001001;6,913;0,700;24,202;0,100;6,877;0,900;6,913;3,940;20,014;0,300;19,773;0,780;49,121;0,000;22,374;0,130;0,000;2,500;10,171;1,000;2;0;2;24,643;0,200;19,560;0,100;46,749;0,000;43,074;0,000;19,560;0,100;24,643;0,100;44,371;0,000;49,321;0,000;33,925;0,000
4716101001;0,000;8,700;9,163;1,800;6,057;6,900;0,000;30,890;9,267;1,900;5,245;9,068;11,244;0,468;10,873;0,420;0,000;60,600;10,818;1,500;4;0;4;7,624;5,100;6,808;3,300;8,811;3,000;6,808;1,500;8,072;2,700;8,811;2,400;6,808;2,700;11,462;1,200;6,808;2,100
4716101002;4,103;8,500;7,221;1,800;5,035;7,000;0,000;33,622;6,453;1,700;3,992;9,668;9,473;0,468;8,447;0,420;0,000;63,100;8,252;1,700;2;0;2;5,463;5,100;4,623;3,600;7,272;3,000;4,623;1,800;5,463;2,700;7,272;2,400;4,623;3,000;9,946;1,200;4,623;2,400
4716101003;3,484;8,500;10,138;1,800;7,600;7,000;3,039;30,342;9,053;1,900;6,546;9,198;12,383;0,468;11,462;0,420;0,000;60,200;8,269;1,500;2;0;2;8,474;5,100;7,532;3,400;10,085;3,000;7,532;1,500;8,474;2,800;10,085;2,400;7,532;2,700;12,853;1,200;7,532;2,100
4716201001;11,654;0,900;36,430;0,000;11,654;1,100;9,888;2,432;14,434;0,300;13,606;0,910;41,499;0,000;24,999;0,120;7,314;1,500;28,342;0,200;0;0;0;10,908;0,400;31,629;0,000;39,850;0,000;22,682;0,100;22,682;0,100;39,850;0,000;14,297;0,300;40,994;0,000;22,682;0,100
4716301001;18,533;0,300;42,196;0,000;6,542;0,600;6,542;1,888;18,686;0,200;18,533;0,650;43,552;0,000;19,987;0,120;13,959;1,400;25,435;0,100;0;0;0;18,400;0,300;26,381;0,100;41,470;0,000;18,400;0,100;18,400;0,100;18,686;0,100;40,600;0,000;42,211;0,000;18,400;0,100
4716401001;16,629;0,200;39,402;0,000;10,922;0,600;5,546;1,852;16,629;0,100;10,519;0,520;39,856;0,000;10,469;0,360;10,519;0,900;39,971;0,000;0;0;0;0,000;1,300;30,385;0,000;38,525;0,000;0,000;1,000;0,000;1,000;36,745;0,000;35,345;0,000;37,715;0,000;0,000;1,000
4716501001;5,425;2,900;26,137;0,700;8,107;2,600;2,793;11,968;2,793;1,100;0,000;4,626;28,194;0,156;25,100;0,350;0,000;20,600;20,621;0,700;10;0;10;24,568;1,500;8,576;1,200;25,762;0,800;23,733;0,500;22,637;0,900;25,762;0,600;23,733;0,700;28,111;0,300;20,621;0,700
4716501002;6,788;1,900;23,570;0,200;8,376;1,600;6,055;8,436;6,055;0,600;5,845;2,276;31,275;0,000;22,643;0,130;5,845;8,600;15,108;0,700;0;0;0;27,566;0,700;13,130;0,800;28,867;0,100;26,536;0,300;17,031;0,400;28,867;0,200;26,536;0,100;31,606;0,000;19,651;0,300
4716501003;10,663;1,000;27,796;0,100;12,976;0,900;8,601;4,754;8,601;0,500;6,375;1,500;34,519;0,000;26,623;0,250;6,375;3,400;16,898;0,800;0;0;0;25,724;0,100;14,936;0,500;32,086;0,000;29,994;0,100;21,244;0,100;25,724;0,100;29,994;0,100;34,481;0,000;25,016;0,200
4716502001;0,000;4,200;22,328;0,700;2,694;3,200;2,671;13,952;2,671;1,200;2,694;4,236;24,502;0,156;23,845;0,350;0,000;23,300;15,199;0,900;2;0;2;20,875;1,700;7,158;1,400;22,089;1,000;19,790;0,500;20,448;1,000;22,089;0,800;19,790;0,900;24,820;0,400;15,199;0,700
4716502002;2,694;4,000;20,979;0,700;0,000;3,700;0,000;14,716;5,365;0,900;0,000;5,146;23,202;0,156;22,364;0,350;0,000;23,500;12,515;1,300;2;0;2;19,190;1,700;8,156;1,400;20,835;1,000;18,389;0,500;19,190;1,000;20,835;0,800;18,389;0,900;23,665;0,400;12,515;0,900
4716502003;2,671;3,800;23,882;0,700;5,365;2,900;0,000;13,932;0,000;1,600;2,793;4,106;25,994;0,156;25,501;0,350;2,671;22,300;17,862;0,800;0;0;0;22,376;1,700;7,089;1,400;23,562;1,000;21,415;0,500;21,672;1,000;23,562;0,800;21,415;0,900;26,083;0,400;17,862;0,700
4716601001;12,292;1,000;28,342;0,100;17,167;0,600;12,292;4,282;13,022;0,500;10,782;1,040;38,950;0,000;26,945;0,130;4,437;3,000;15,797;0,600;0;0;0;22,246;0,200;19,304;0,200;36,516;0,000;34,425;0,000;21,980;0,100;22,246;0,100;34,425;0,000;38,893;0,000;28,840;0,100
4716701001;21,571;0,400;30,103;0,000;11,937;0,900;8,396;3,514;27,061;0,100;21,571;0,416;45,363;0,000;28,363;0,130;8,396;1,200;9,732;1,600;0;0;0;34,418;0,000;29,265;0,100;42,385;0,000;42,385;0,000;29,265;0,100;35,568;0,000;42,196;0,000;42,385;0,000;16,593;0,200
4716801001;18,977;2,600;26,262;0,600;11,403;2,700;4,220;9,936;17,169;0,700;16,153;2,810;27,428;0,156;9,041;0,460;15,172;19,300;27,789;0,100;0;0;0;16,912;1,800;13,587;1,200;25,483;0,900;16,912;0,600;16,912;0,900;25,483;0,700;24,961;0,800;25,930;0,300;16,912;0,700
4716901001;25,549;0,400;33,939;0,000;13,415;0,800;13,415;2,650;25,549;0,100;23,856;0,390;34,408;0,000;36,082;0,000;19,350;0,500;25,946;0,300;0;0;0;19,350;0,100;34,408;0,000;34,408;0,000;26,809;0,100;35,774;0,000;26,809;0,100;30,416;0,000;36,772;0,000;30,401;0,000
4717001001;4,298;0,800;39,704;0,000;9,112;0,900;7,530;2,468;4,298;0,700;7,888;0,780;40,179;0,000;41,278;0,000;9,112;0,700;46,900;0,000;0;0;0;9,112;0,300;40,389;0,000;40,389;0,000;24,686;0,100;40,389;0,000;21,150;0,200;46,279;0,000;46,279;0,000;8,180;0,300
4717101001;15,381;2,900;22,333;0,600;14,254;2,700;0,000;12,752;14,376;0,900;13,957;3,456;23,627;0,156;11,620;0,460;13,931;20,800;23,901;0,400;0;0;0;20,555;1,900;9,726;1,300;21,583;1,000;20,678;0,600;20,678;1,000;21,583;0,800;20,905;0,900;22,299;0,400;20,678;0,800
4717201001;9,226;0,800;33,072;0,000;9,741;0,900;6,640;5,334;9,226;0,500;9,226;1,686;36,645;0,000;35,237;0,000;3,970;2,500;33,899;0,000;0;0;0;23,515;0,100;32,023;0,000;32,023;0,000;36,492;0,000;32,023;0,000;9,226;0,300;32,023;0,000;32,023;0,000;11,244;0,300
4717301001;8,316;3,100;19,357;0,600;10,287;3,200;6,419;13,862;8,316;0,900;9,093;3,946;22,042;0,156;20,974;0,100;9,093;20,300;18,638;0,700;0;0;0;17,464;1,800;17,464;1,000;17,464;1,000;22,042;0,500;17,464;0,900;17,464;0,900;17,464;0,900;17,464;0,400;20,899;0,800
4717401001;9,937;3,700;17,828;0,800;9,937;3,400;5,580;15,638;17,105;1,030;9,937;3,950;19,785;0,312;17,828;0,350;9,969;24,000;2,652;2,100;0;0;0;18,036;2,000;18,036;1,400;18,036;1,300;18,192;0,700;19,338;1,200;18,036;1,000;18,385;1,400;18,192;0,500;18,192;1,000
4717501001;0,000;7,800;11,257;1,600;2,014;6,400;0,303;24,382;0,000;2,500;1,641;7,658;14,573;0,468;13,206;0,300;1,641;45,300;12,239;1,200;0;0;0;9,956;4,300;9,956;2,600;9,956;2,800;14,573;1,100;9,956;2,500;9,956;2,100;9,956;2,500;9,956;1,000;13,523;1,500
4717501002;2,041;5,200;12,962;1,200;3,897;4,900;0,000;20,526;2,041;1,600;3,372;6,218;15,926;0,156;14,709;0,300;3,372;30,400;13,086;1,000;0;0;0;11,297;2,700;11,297;1,600;11,297;1,800;15,926;0,500;11,297;1,500;11,297;1,500;11,297;1,700;11,297;0,800;14,824;1,000
4717501003;1,641;6,800;11,201;1,400;2,363;6,000;1,678;23,722;1,641;2,100;0,000;8,108;14,922;0,468;13,399;0,300;0,000;42,900;13,078;1,300;2;0;2;10,393;4,100;10,393;2,400;10,393;2,600;14,656;1,100;10,393;2,500;10,393;1,900;10,393;2,500;10,393;1,000;13,940;1,500
4717502001;0,303;8,100;10,958;1,800;1,719;6,600;0,000;25,646;0,303;2,400;1,678;8,308;14,273;0,468;12,903;0,300;1,678;47,700;11,967;1,200;0;0;0;9,657;4,300;9,657;2,600;9,657;2,800;14,273;1,100;9,657;2,500;9,657;2,000;9,657;2,500;9,657;1,000;13,224;1,500
4717502002;3,025;8,200;10,006;1,800;2,748;7,000;0,000;28,586;3,025;2,100;4,438;8,798;12,533;0,468;11,449;0,300;4,438;55,600;9,574;1,300;0;0;0;7,936;4,900;7,936;3,000;7,936;3,000;12,533;1,500;7,936;2,700;7,936;2,400;7,936;2,700;7,936;1,200;11,406;1,900
4717502003;2,014;8,500;9,250;1,800;0,000;7,700;1,719;29,450;2,014;2,200;2,363;9,488;12,690;0,468;11,256;0,300;2,363;57,200;10,716;1,200;0;0;0;8,110;4,900;8,110;3,100;8,110;3,000;12,690;1,300;8,110;2,700;8,110;2,200;8,110;2,700;8,110;1,000;11,673;1,700
4717601001;25,790;0,400;28,997;0,200;8,516;1,200;7,158;3,020;29,304;0,100;8,758;0,910;57,998;0,000;43,714;0,000;10,161;2,100;36,147;0,000;0;0;0;10,161;0,500;10,161;0,300;29,311;0,100;29,311;0,100;34,566;0,000;60,184;0,000;10,161;0,400;60,184;0,000;10,161;0,300
4717701001;20,910;0,200;34,269;0,000;7,479;0,900;6,218;2,104;34,590;0,000;13,876;0,650;57,595;0,000;43,288;0,000;6,218;2,600;31,319;0,000;0;0;0;7,479;0,400;7,479;0,300;34,590;0,000;34,590;0,000;34,919;0,000;59,772;0,000;7,479;0,400;59,772;0,000;7,479;0,300
4717801001;21,224;0,400;38,063;0,000;10,985;0,700;10,985;2,144;22,554;0,300;18,042;0,520;38,991;0,000;11,357;0,360;18,042;1,100;35,374;0,000;0;0;0;8,713;0,500;25,504;0,100;37,240;0,000;8,713;0,300;8,713;0,300;28,624;0,100;36,988;0,000;37,215;0,000;8,713;0,300
4717901001;17,806;0,400;35,539;0,000;12,716;1,000;8,647;3,746;17,806;0,300;18,209;0,520;37,084;0,000;36,681;0,000;12,716;0,800;31,725;0,000;0;0;0;12,716;0,300;33,128;0,000;33,128;0,000;29,951;0,100;33,128;0,000;29,028;0,200;33,128;0,000;33,128;0,000;19,014;0,100
4718001001;8,836;0,700;30,296;0,000;7,411;0,900;10,144;2,168;8,836;0,300;5,280;0,910;30,642;0,000;31,861;0,000;7,411;0,300;47,085;0,000;0;0;0;7,411;0,300;30,972;0,000;30,972;0,000;12,394;0,300;30,972;0,000;12,394;0,300;51,660;0,000;51,909;0,000;20,814;0,100
4718101001;1,083;2,100;28,892;0,300;1,083;2,200;7,752;6,896;1,083;0,700;7,752;1,700;29,345;0,156;12,235;0,360;1,083;12,400;24,355;0,200;0;0;0;7,445;1,400;28,905;0,600;28,905;0,600;16,693;0,400;16,693;0,500;26,839;0,500;29,248;0,500;26,839;0,200;16,693;0,400
4718201001;5,322;4,000;16,126;0,700;5,322;3,700;0,000;19,196;12,477;1,100;10,872;5,428;19,793;0,156;18,107;0,230;7,587;22,800;0,000;2,700;0;15;15;12,682;1,900;12,682;1,400;18,107;1,000;15,559;0,500;12,682;1,200;18,165;0,800;15,559;0,900;19,322;0,400;0,000;1,600
4718301001;25,152;0,300;29,195;0,200;10,887;1,100;9,326;3,276;29,369;0,100;10,733;0,780;62,919;0,000;39,065;0,000;11,086;1,900;39,052;0,000;0;0;0;14,504;0,600;14,504;0,300;29,438;0,100;29,438;0,200;29,739;0,100;57,888;0,000;14,504;0,400;63,561;0,000;14,504;0,400
4718401001;7,505;3,300;19,203;0,800;13,369;3,300;0,000;16,794;16,303;0,930;13,204;3,950;22,131;0,312;19,203;0,350;7,505;23,400;6,470;1,800;0;0;0;21,624;2,000;21,624;1,400;21,624;1,300;22,131;0,700;22,644;1,200;21,624;1,000;18,935;1,400;22,644;0,500;22,131;1,000
4718501001;6,158;0,500;31,539;0,000;6,158;0,700;4,535;3,436;6,158;0,300;4,535;0,780;31,884;0,000;7,740;0,360;4,535;2,600;29,522;0,100;0;0;0;6,551;0,700;27,784;0,100;31,014;0,000;10,755;0,400;10,755;0,300;29,505;0,100;31,532;0,000;29,505;0,100;10,755;0,400
4718601001;0,464;15,900;0,727;4,000;0,727;13,100;0,355;48,774;0,819;3,500;0,464;16,828;0,000;1,560;1,981;0,720;0,225;125,600;1,318;2,100;0;0;0;0,000;11,500;0,000;7,000;0,000;7,600;0,000;3,400;0,000;6,700;0,711;5,200;0,000;7,000;0,474;2,800;0,000;4,500
4718601003;0,607;15,900;0,952;4,000;0,769;13,100;0,383;49,782;0,635;3,500;0,656;16,828;0,225;1,560;1,778;0,720;0,000;124,600;1,107;2,100;10;0;10;0,225;11,500;0,225;7,000;0,225;7,600;0,225;3,400;0,225;6,700;0,607;5,200;0,225;7,000;0,683;2,800;0,225;4,500
4718601006;0,375;15,900;0,802;4,000;0,802;13,800;0,527;49,614;1,015;3,100;0,375;16,688;0,325;1,560;2,126;0,720;0,000;123,400;1,443;1,800;16;0;16;0,325;11,500;0,325;7,000;0,325;7,600;0,325;3,400;0,325;6,700;0,988;5,200;0,325;7,000;0,688;2,800;0,325;4,500
4718601007;0,692;15,900;1,067;3,600;0,638;13,000;0,607;50,862;0,725;3,500;0,692;16,308;0,381;1,560;1,797;0,720;0,000;123,800;1,113;2,000;10;0;10;0,381;11,500;0,381;7,000;0,381;7,600;0,381;3,400;0,381;6,700;0,783;5,200;0,381;7,000;0,853;2,800;0,381;4,500
4718602001;0,426;16,700;0,813;4,000;0,680;13,100;0,381;49,062;0,410;3,500;0,652;17,128;0,421;1,560;1,561;0,720;0,225;124,200;0,899;2,700;0;0;0;0,381;11,500;0,421;7,000;0,381;7,600;0,421;3,400;0,381;6,700;0,426;5,200;0,381;7,000;0,820;2,800;0,421;4,500
4718602002;0,575;16,300;0,838;4,000;0,422;13,400;0,533;49,902;0,376;3,500;0,719;16,728;0,635;1,560;1,403;0,720;0,000;123,900;0,719;2,400;8;0;8;0,575;11,100;0,575;6,600;0,575;7,200;0,635;3,400;0,575;6,300;0,575;5,200;0,575;6,600;1,072;2,400;0,575;4,500
4718602004;0,468;16,300;0,804;4,000;0,307;13,800;0,576;50,214;0,393;3,500;0,468;16,328;0,923;1,560;1,151;0,720;0,000;124,300;0,468;2,400;5;0;5;0,706;11,900;0,706;6,600;0,706;7,200;0,860;3,800;0,706;6,300;0,706;5,600;0,706;6,600;1,351;2,400;0,706;4,900
4718602005;0,523;16,700;1,110;3,600;0,000;13,400;0,407;49,278;0,684;3,500;0,697;16,328;0,986;1,560;1,339;0,720;0,000;122,500;0,697;2,400;11;0;11;0,602;11,500;0,967;6,600;0,967;6,800;0,602;3,800;0,967;5,900;0,602;5,600;0,967;6,200;1,452;2,400;0,602;4,900
4718602006;0,301;16,300;1,123;3,600;0,224;13,400;0,241;48,318;0,904;3,500;0,837;16,328;1,158;0,936;1,423;0,720;0,153;120,600;0,837;2,400;0;0;0;0,389;10,700;1,158;5,800;1,158;6,000;0,389;3,400;1,158;5,100;0,389;5,200;1,158;5,400;1,630;2,400;0,389;4,100
4718602007;0,194;16,300;0,987;4,000;0,351;13,800;0,310;49,266;1,005;3,100;0,855;16,628;1,310;0,936;1,386;0,720;0,000;120,500;0,855;2,400;10;0;10;0,252;10,700;1,308;5,800;1,308;6,000;0,252;3,400;1,308;5,100;0,252;5,200;1,308;5,400;1,781;2,400;0,252;4,100
4718602008;0,807;16,700;1,099;3,600;0,375;13,000;0,575;49,902;0,637;3,500;0,912;16,428;0,624;1,560;1,595;0,720;0,000;123,800;0,912;2,400;1;0;1;0,624;11,500;0,624;6,600;0,624;7,200;0,624;3,800;0,624;6,300;0,807;5,600;0,624;6,600;1,096;2,400;0,624;4,900
4718602009;0,824;16,700;1,158;3,600;0,415;13,000;0,567;50,382;0,697;3,500;0,912;16,428;0,609;1,560;1,658;0,720;0,000;124,000;0,976;2,400;1;0;1;0,609;11,500;0,609;6,600;0,609;7,200;0,609;3,800;0,609;6,300;0,852;5,600;0,609;6,600;1,083;2,400;0,609;4,900
4718602010;0,840;16,700;1,249;3,600;0,503;13,000;0,579;50,862;0,800;3,500;0,840;16,168;0,591;1,560;1,771;0,720;0,114;124,200;1,090;2,000;0;0;0;0,591;11,500;0,591;6,600;0,591;7,200;0,591;3,800;0,591;6,300;0,931;5,600;0,591;6,600;1,060;2,400;0,591;4,900
4718602012;0,558;16,700;1,244;3,600;0,225;13,400;0,319;49,278;0,790;3,500;0,908;16,548;0,876;1,560;1,562;0,720;0,112;122,200;0,908;2,400;0;0;0;0,664;11,100;0,876;6,200;0,876;6,400;0,664;3,800;0,876;5,500;0,664;5,200;0,876;5,800;1,349;2,400;0,664;4,500
4718602013;0,550;16,300;1,350;3,600;0,327;13,400;0,271;49,278;0,893;3,500;0,882;15,768;0,896;1,560;1,666;0,720;0,000;122,200;1,017;2,000;9;0;9;0,664;11,100;0,896;6,200;0,896;6,400;0,664;3,800;0,896;5,500;0,664;5,200;0,896;5,800;1,368;2,400;0,664;4,500
4718602014;0,303;16,300;1,088;3,600;0,407;13,400;0,000;48,798;1,078;3,100;0,868;16,068;1,167;0,936;1,663;0,720;0,262;121,000;1,074;2,000;0;0;0;0,422;10,400;1,167;5,500;1,167;5,700;0,422;3,400;1,167;4,800;0,422;4,900;1,167;5,100;1,638;2,100;0,422;4,100
4718602015;0,182;16,000;0,802;4,000;0,602;13,500;0,292;48,798;1,101;3,100;0,934;16,068;1,458;0,936;1,720;0,720;0,253;119,200;1,211;2,000;0;0;0;0,253;10,800;1,136;5,500;1,136;5,700;0,253;3,400;1,136;4,800;0,253;4,900;1,458;5,100;1,929;2,100;0,253;4,100
4718602017;0,000;15,900;0,827;4,000;0,446;13,800;0,303;48,798;1,039;3,100;1,042;15,808;1,433;0,936;1,539;0,720;0,119;119,100;1,042;2,000;0;0;0;0,119;10,400;1,285;5,500;1,285;5,700;0,119;3,400;1,285;4,800;0,119;4,900;1,433;5,100;1,907;2,100;0,119;4,100
4718602019;0,504;16,700;1,024;3,600;0,230;13,400;0,570;49,110;0,659;3,500;0,504;16,328;1,146;0,936;1,116;0,720;0,000;122,700;0,504;2,400;40;0;40;0,606;11,100;0,981;6,200;0,981;6,400;0,606;3,400;0,981;5,500;0,606;5,600;0,981;5,800;1,595;2,400;0,606;4,500
4718603001;0,163;16,300;0,613;4,400;0,613;13,100;0,265;47,982;0,464;3,500;0,251;16,428;0,591;1,560;1,572;0,600;0,134;124,200;1,002;2,100;0;0;0;0,163;11,900;0,163;7,000;0,163;8,000;0,591;3,400;0,163;7,100;0,163;5,600;0,163;7,400;0,734;3,200;0,163;4,900
4718603002;0,248;16,300;0,583;4,000;0,583;13,100;0,255;49,542;0,206;3,500;0,549;16,728;0,619;1,560;1,375;0,720;0,000;125,500;0,744;2,700;9;0;9;0,248;11,500;0,248;7,000;0,248;7,600;0,619;3,400;0,248;6,700;0,248;5,200;0,248;7,000;0,948;2,800;0,248;4,500
4718603003;0,000;17,100;0,461;4,000;0,461;13,900;0,209;49,182;0,335;3,500;0,327;16,428;0,711;1,560;1,410;0,600;0,000;126,500;0,854;2,700;1;0;1;0,000;11,900;0,000;7,000;0,000;8,000;0,711;3,400;0,000;7,100;0,000;5,600;0,000;7,400;0,784;3,200;0,000;4,900
4718603004;0,105;17,100;0,444;4,000;0,444;13,500;0,270;49,182;0,424;3,500;0,246;16,828;0,768;1,560;1,440;0,600;0,105;125,400;0,919;2,700;0;0;0;0,105;11,900;0,105;7,000;0,105;8,000;0,768;3,400;0,105;7,100;0,105;5,600;0,105;7,400;0,683;3,200;0,105;4,900
4718603005;0,245;17,100;0,225;4,000;0,225;13,900;0,117;49,854;0,291;3,500;0,495;16,828;0,938;1,560;1,180;0,600;0,117;126,900;0,684;2,700;0;0;0;0,245;11,500;0,245;6,600;0,245;7,600;0,938;3,400;0,245;6,700;0,245;5,600;0,245;7,000;0,865;2,800;0,245;4,900
4718603007;0,209;17,100;0,328;4,000;0,328;13,900;0,000;49,854;0,183;3,500;0,516;16,728;0,850;1,560;1,204;0,600;0,000;127,300;0,650;2,700;13;0;13;0,209;11,500;0,209;6,600;0,209;7,600;0,850;3,400;0,209;6,700;0,209;5,600;0,209;7,000;0,931;2,800;0,209;4,900
4718603008;0,335;16,300;0,462;4,000;0,462;13,100;0,183;49,854;0,000;3,500;0,545;16,728;0,819;1,560;1,169;0,600;0,000;125,300;0,545;2,700;8;0;8;0,335;11,100;0,335;6,600;0,335;7,200;0,819;3,400;0,335;6,300;0,335;5,200;0,335;6,600;1,103;2,400;0,335;4,500
4718603009;0,177;16,700;0,616;4,000;0,616;13,500;0,302;48,222;0,344;3,500;0,411;16,728;0,546;1,560;1,498;0,720;0,000;125,200;0,890;2,700;14;0;14;0,177;11,900;0,177;7,000;0,177;8,000;0,546;3,400;0,177;7,100;0,177;5,600;0,177;7,400;0,814;3,200;0,177;4,900
4718604001;0,461;16,700;0,000;4,000;0,000;13,900;0,248;50,718;0,462;3,500;0,641;16,828;1,162;0,936;1,037;0,600;0,201;123,300;0,669;2,700;0;0;0;0,461;11,100;0,461;6,200;0,461;7,200;1,162;3,000;0,461;6,300;0,461;5,600;0,461;6,600;0,908;2,800;0,461;4,500
4718604002;0,532;16,700;0,076;4,000;0,076;13,900;0,315;50,094;0,500;3,900;0,636;16,828;1,228;0,936;0,966;1,000;0,170;123,300;0,636;2,700;0;0;0;0,532;11,500;0,532;6,200;0,532;7,600;1,228;3,000;0,532;6,300;0,532;5,600;0,532;7,000;0,969;2,800;0,532;4,500
4718604003;0,600;17,100;0,249;4,000;0,249;13,900;0,209;49,950;0,618;3,900;0,600;17,648;1,386;0,936;0,813;1,000;0,000;124,000;0,600;2,700;7;0;7;0,700;10,700;0,700;6,200;0,700;6,800;1,386;3,000;0,700;5,500;0,700;5,200;0,700;6,200;1,111;2,400;0,700;4,100
4718604004;0,547;17,100;0,201;4,000;0,201;14,300;0,242;50,214;0,662;3,500;0,729;17,348;1,348;0,936;1,007;0,600;0,000;122,600;0,780;2,700;3;0;3;0,638;10,700;0,638;6,200;0,638;6,800;1,348;3,000;0,638;5,900;0,638;5,600;0,638;6,200;0,920;2,800;0,638;4,500
4718604005;0,277;16,800;0,439;4,000;0,277;14,300;0,371;50,094;0,893;3,500;0,475;16,828;1,487;0,936;1,199;0,600;0,000;121,500;1,048;2,300;6;0;6;0,787;10,700;0,787;5,900;0,787;6,800;1,487;2,700;0,787;5,900;0,787;5,600;0,787;5,900;0,805;2,800;0,787;4,200
4718604006;0,420;16,800;0,431;4,000;0,420;14,300;0,192;49,614;0,890;3,500;0,647;17,348;1,567;0,936;1,014;0,600;0,177;120,900;0,939;2,700;0;0;0;0,857;10,700;0,857;5,900;0,857;6,800;1,567;2,700;0,857;5,900;0,857;5,600;0,857;5,900;0,993;2,800;0,857;4,200
4718604007;0,612;16,700;0,402;4,000;0,402;13,900;0,000;50,454;0,821;3,900;0,712;17,348;1,564;0,936;0,827;1,000;0,201;121,800;0,776;2,700;0;0;0;0,827;10,700;0,862;6,200;0,827;6,800;1,564;3,000;0,862;5,500;0,862;5,200;0,827;6,200;1,136;2,400;0,862;4,100
4718604008;0,588;16,300;0,654;4,000;0,588;13,500;0,343;49,830;0,497;3,900;0,588;16,848;1,762;0,936;0,497;1,000;0,145;121,700;0,690;2,700;0;0;0;0,497;10,300;1,097;5,800;0,497;6,400;1,716;3,000;1,097;5,100;1,097;4,800;0,497;5,800;1,474;2,400;1,097;3,700
4718604009;0,653;15,900;0,818;4,000;0,671;13,100;0,436;49,350;0,273;3,500;0,653;16,848;1,857;0,936;0,273;1,000;0,088;119,800;0,653;2,400;0;0;0;0,273;10,300;1,232;5,800;0,273;6,400;1,613;3,000;1,232;5,100;1,232;4,800;0,273;5,800;1,679;2,400;1,232;3,700
4718604010;0,663;15,900;0,907;4,000;0,663;13,100;0,499;49,350;0,220;3,500;0,663;17,238;1,940;0,936;0,220;1,000;0,000;119,000;0,713;2,400;2;0;2;0,220;10,300;1,319;5,800;0,220;6,400;1,640;3,000;1,319;5,100;1,319;4,800;0,220;5,800;1,763;2,400;1,319;3,700
4718604011;0,701;15,900;1,084;3,600;0,701;12,400;0,580;49,710;0,188;3,500;0,701;17,238;2,099;0,936;0,188;1,000;0,000;117,900;0,836;2,400;2;0;2;0,188;10,300;1,491;5,800;0,188;6,400;1,687;3,000;1,491;5,100;1,491;4,800;0,188;5,800;1,938;2,400;1,491;3,700
4718604012;0,476;16,300;0,570;4,000;0,570;13,100;0,279;50,310;0,469;3,900;0,476;16,848;1,601;0,936;0,469;1,000;0,000;123,000;0,476;2,400;8;0;8;0,469;10,700;0,972;6,200;0,469;6,800;1,508;3,000;0,972;5,500;0,972;5,200;0,469;6,200;1,456;2,400;0,972;4,100
4718604013;0,540;16,700;0,501;4,000;0,501;13,500;0,298;49,830;0,557;3,900;0,540;16,848;1,581;0,936;0,557;1,000;0,105;123,700;0,540;2,700;0;0;0;0,557;10,700;0,927;6,200;0,557;6,800;1,581;3,000;0,927;5,500;0,927;5,200;0,557;6,200;1,368;2,400;0,927;4,100
4718604014;0,407;16,700;0,463;4,000;0,463;13,500;0,253;49,830;0,575;3,900;0,407;16,848;1,476;0,936;0,575;1,000;0,126;124,900;0,407;2,700;0;0;0;0,575;10,700;0,848;6,200;0,575;6,800;1,456;3,000;0,848;5,500;0,848;5,200;0,575;6,200;1,363;2,400;0,848;4,100
4718604015;0,342;16,300;0,592;4,000;0,592;13,100;0,141;50,310;0,465;3,900;0,342;16,848;1,536;0,936;0,465;1,000;0,000;123,000;0,342;2,400;8;0;8;0,465;10,700;0,945;6,200;0,465;6,800;1,369;3,000;0,945;5,500;0,945;5,200;0,465;6,200;1,497;2,400;0,945;4,100
4718604016;0,466;15,900;0,816;4,000;0,816;13,100;0,262;49,830;0,240;3,900;0,466;16,848;1,743;0,936;0,240;1,000;0,000;120,600;0,466;2,400;9;0;9;0,240;10,300;1,172;5,800;0,240;6,400;1,385;3,000;1,172;5,100;1,172;4,800;0,240;5,800;1,716;2,400;1,172;3,700
4718604017;0,217;15,900;0,649;4,000;0,649;13,100;0,000;49,470;0,496;3,900;0,217;16,328;1,485;0,936;0,496;1,000;0,141;122,900;0,217;2,400;0;0;0;0,496;10,700;0,943;6,200;0,496;6,800;1,229;3,000;0,943;5,500;0,943;5,200;0,496;6,200;1,555;2,400;0,943;4,100
4718604018;0,331;15,500;0,831;4,000;0,831;13,800;0,187;49,470;0,360;3,900;0,331;16,328;1,645;0,936;0,360;1,000;0,000;121,500;0,331;2,400;1;0;1;0,360;10,700;1,128;5,800;0,360;6,400;1,206;3,000;1,128;5,100;1,128;4,800;0,360;5,800;1,738;2,400;1,128;3,700
4718604020;0,561;15,900;1,003;3,600;0,994;12,700;0,399;49,710;0,158;3,500;0,561;17,238;1,875;0,936;0,158;1,000;0,158;118,800;0,561;2,400;0;0;0;0,158;10,300;1,339;5,800;0,158;6,400;1,342;3,000;1,339;5,100;1,339;4,800;0,158;5,800;1,907;2,400;1,339;3,700
4718604021;0,685;15,900;1,037;3,600;0,861;12,400;0,496;49,710;0,000;3,500;0,685;17,238;1,981;0,936;0,000;1,000;0,000;117,900;0,685;2,400;9;0;9;0,000;10,300;1,410;5,800;0,000;6,400;1,500;3,000;1,410;5,100;1,410;4,800;0,000;5,800;1,924;2,400;1,410;3,700
4718604023;0,658;15,500;1,116;3,600;1,034;12,300;0,429;49,590;0,174;3,500;0,658;16,718;1,976;0,936;0,174;1,000;0,154;118,000;0,658;2,400;0;0;0;0,174;10,300;1,451;5,800;0,174;6,400;1,362;3,000;1,451;5,100;1,362;4,800;0,174;5,800;2,019;2,400;1,362;3,700
4718604024;0,752;15,500;1,301;3,600;0,922;12,700;0,335;48,870;0,408;3,500;0,752;16,718;2,056;0,936;0,408;1,000;0,000;118,000;0,752;2,400;1;0;1;0,408;10,700;1,592;5,800;0,408;6,400;1,243;3,000;1,592;5,100;1,243;4,800;0,408;5,800;2,208;2,400;1,243;3,700
4718604025;0,804;15,900;1,214;3,600;0,976;12,700;0,339;49,590;0,184;3,500;0,804;17,238;2,118;0,936;0,184;1,000;0,000;118,400;0,804;2,400;6;0;6;0,184;10,300;1,573;5,800;0,184;6,400;1,501;3,000;1,573;5,100;1,501;4,800;0,184;5,800;2,106;2,400;1,501;3,700
4718604026;0,905;15,500;1,360;3,600;1,105;12,300;0,184;49,110;0,339;3,500;0,905;16,718;2,224;0,936;0,339;1,000;0,000;117,600;0,905;2,400;3;0;3;0,339;10,300;1,704;5,800;0,339;6,400;1,493;3,000;1,704;5,100;1,493;4,800;0,339;5,800;2,256;2,400;1,493;3,700
4718604027;1,111;15,400;1,817;3,600;1,373;12,600;0,278;50,014;0,787;3,200;1,111;16,588;2,648;0,936;0,787;1,000;0,233;114,900;1,337;2,100;0;0;0;0,787;10,000;2,156;5,800;0,787;6,400;1,720;2,700;2,156;5,100;1,720;4,500;0,787;5,800;2,710;2,100;1,720;3,400
4718604028;0,917;15,900;1,325;3,600;0,917;12,400;0,328;49,230;0,300;3,500;0,917;17,238;2,277;0,936;0,300;1,000;0,000;117,700;0,970;2,400;9;0;9;0,300;10,300;1,709;5,800;0,300;6,400;1,671;3,000;1,709;5,100;1,671;4,800;0,300;5,800;2,198;2,400;1,671;3,700
4718604029;1,176;15,400;1,610;3,600;1,195;12,600;0,155;49,342;0,573;3,200;1,176;16,588;2,495;0,936;0,573;1,000;0,000;115,700;1,176;2,100;7;0;7;0,573;10,300;1,968;5,800;0,573;6,400;1,696;3,000;1,968;5,100;1,696;4,800;0,573;5,800;2,495;2,400;1,696;3,700
4718604030;0,631;15,900;0,693;4,000;0,647;13,100;0,420;50,310;0,405;3,900;0,631;16,848;1,766;0,936;0,405;1,000;0,171;121,000;0,631;2,400;0;0;0;0,405;10,300;1,120;5,800;0,405;6,400;1,639;3,000;1,120;5,100;1,120;4,800;0,405;5,800;1,543;2,400;1,120;3,700
4718604032;0,477;16,800;0,272;4,000;0,272;13,900;0,147;49,998;0,672;3,500;0,553;16,828;1,225;0,936;1,243;0,600;0,000;122,800;0,940;2,700;3;0;3;0,527;11,100;0,527;5,900;0,527;7,200;1,225;2,700;0,527;6,300;0,527;5,600;0,527;6,300;0,681;2,800;0,527;4,200
4718604033;0,790;15,500;1,248;3,600;1,070;12,300;0,294;49,110;0,248;3,500;0,790;16,718;2,108;0,936;0,248;1,000;0,095;117,600;0,790;2,400;0;0;0;0,248;10,300;1,587;5,800;0,248;6,400;1,425;3,000;1,587;5,100;1,425;4,800;0,248;5,800;2,147;2,400;1,425;3,700
4718604034;0,415;17,200;0,306;4,000;0,306;14,300;0,292;49,974;0,766;3,500;0,599;17,348;1,400;0,936;1,106;0,600;0,000;123,200;0,912;2,700;3;0;3;0,692;10,700;0,692;5,900;0,692;6,800;1,400;2,700;0,692;5,900;0,692;5,600;0,692;5,900;0,844;2,800;0,692;4,200
4718604036;1,063;15,100;1,542;3,600;1,204;12,300;0,000;49,570;0,522;3,500;1,063;16,198;2,378;0,936;0,522;1,000;0,000;116,800;1,063;2,100;2;0;2;0,522;10,300;1,878;5,800;0,522;6,400;1,541;3,000;1,878;5,100;1,541;4,800;0,522;5,800;2,439;2,400;1,541;3,700
4718604037;0,000;15,900;0,669;4,000;0,669;13,800;0,217;49,350;0,545;3,900;0,000;16,328;1,318;0,936;0,685;1,000;0,000;124,800;0,000;2,400;11;114;125;0,685;11,100;0,854;6,200;0,685;6,800;1,050;3,000;0,854;5,500;0,854;5,200;0,685;6,200;1,543;2,400;0,854;4,100
4718604038;0,000;15,900;1,114;3,600;0,000;13,100;0,000;48,030;0,861;3,500;0,000;16,028;2,275;0,936;0,861;1,000;0,000;117,400;1,276;2,300;10;0;10;0,861;10,300;1,574;5,800;0,861;6,400;2,275;3,000;1,574;5,100;1,574;4,800;0,861;5,800;1,720;2,400;1,574;3,700
4718604039;0,641;16,700;0,523;4,000;0,523;13,500;0,201;49,830;0,628;3,900;0,641;16,848;1,656;0,936;0,628;1,000;0,000;122,900;0,686;2,700;1;0;1;0,628;10,700;0,975;6,200;0,628;6,800;1,656;3,000;0,975;5,500;0,975;5,200;0,628;6,200;1,329;2,400;0,975;4,100
4718604040;2,668;13,000;0,000;3,400;2,668;10,600;2,511;43,414;2,787;3,100;1,501;14,038;4,756;0,936;2,787;0,600;0,000;95,100;3,471;2,000;16;0;16;2,787;8,400;3,405;5,200;2,787;5,100;3,522;2,700;3,405;5,100;3,405;3,900;2,787;4,800;3,405;1,800;4,029;3,400
4718604041;2,290;14,100;0,987;4,000;2,393;11,400;1,804;45,442;2,207;3,100;2,290;15,808;4,171;0,936;2,207;0,600;0,000;104,000;2,853;2,000;3;0;3;2,207;9,300;2,555;5,500;2,207;5,400;2,555;2,700;2,555;5,400;3,222;3,900;2,207;5,100;3,933;2,100;3,222;3,400
4718605001;0,515;16,700;0,606;4,400;0,606;12,400;0,277;49,254;0,891;3,500;0,515;16,528;0,235;1,560;2,058;0,720;0,000;124,700;1,424;2,100;22;0;22;0,235;11,500;0,235;6,700;0,235;7,600;0,235;3,100;0,235;6,700;0,692;5,200;0,235;6,700;0,275;2,800;0,235;4,200
4718605002;0,416;16,700;0,872;4,800;0,845;13,500;0,000;48,294;0,644;3,500;0,409;16,528;0,355;1,560;1,799;0,720;0,000;123,900;1,188;2,100;30;0;30;0,000;11,900;0,355;7,000;0,000;8,000;0,355;3,400;0,000;7,100;0,416;5,600;0,000;7,400;0,513;3,200;0,355;4,900
4718605004;0,289;16,700;0,716;4,400;0,659;13,100;0,215;47,982;0,598;3,500;0,197;16,828;0,570;1,560;1,698;0,600;0,000;125,100;1,136;2,100;5;0;5;0,215;11,900;0,289;6,700;0,215;8,000;0,570;3,100;0,215;7,100;0,289;5,600;0,215;7,100;0,653;3,200;0,289;4,600
4718605006;0,585;17,100;0,643;4,400;0,729;12,800;0,247;49,734;0,865;3,500;0,420;16,528;0,481;1,560;1,994;0,720;0,000;125,700;1,410;2,100;7;0;7;0,247;11,900;0,366;6,700;0,247;8,000;0,481;3,100;0,247;7,100;0,585;5,600;0,247;7,100;0,366;3,200;0,481;4,600
4718605007;0,686;16,800;0,558;4,400;0,565;12,800;0,404;48,894;1,042;3,100;0,306;16,528;0,518;1,560;2,180;0,720;0,000;124,100;1,588;2,100;6;0;6;0,209;11,900;0,209;6,700;0,209;8,000;0,518;3,100;0,209;7,100;0,772;5,600;0,209;7,100;0,209;3,200;0,518;4,600
4718606001;0,252;16,700;0,439;4,000;0,439;13,900;0,233;49,086;0,549;3,500;0,204;16,308;0,880;1,560;1,471;0,600;0,000;123,800;1,004;2,100;7;0;7;0,252;11,900;0,252;6,700;0,252;8,000;0,880;3,100;0,252;7,100;0,252;5,600;0,252;7,100;0,556;3,200;0,252;4,600
4718606002;0,355;17,100;0,353;4,000;0,353;13,900;0,109;50,358;0,592;3,500;0,334;16,828;1,022;0,936;1,388;0,600;0,109;125,200;0,982;2,700;0;0;0;0,355;11,100;0,355;5,900;0,355;7,200;1,022;2,700;0,355;6,300;0,355;5,600;0,355;6,300;0,564;2,800;0,355;4,200
4718606003;0,381;17,100;0,248;4,000;0,248;13,900;0,000;50,358;0,555;3,500;0,433;16,828;1,079;0,936;1,280;0,600;0,000;124,000;0,896;2,700;11;0;11;0,381;11,100;0,381;5,900;0,381;7,200;1,079;2,700;0,381;6,300;0,381;5,600;0,381;6,300;0,660;2,800;0,381;4,200
4718606005;0,327;16,400;0,526;4,400;0,327;14,300;0,344;50,262;0,900;3,500;0,352;16,828;1,334;0,936;1,454;0,600;0,168;123,800;1,194;2,300;0;0;0;0,513;11,100;0,690;5,900;0,513;7,200;1,334;2,700;0,513;6,300;0,513;5,600;0,513;6,300;0,513;2,800;0,513;4,200
4718606006;0,230;16,400;0,568;4,800;0,392;14,300;0,329;50,550;0,711;3,500;0,172;16,308;0,935;1,560;1,605;0,600;0,164;124,300;1,165;2,100;0;0;0;0,392;11,900;0,398;6,700;0,392;8,000;0,935;3,100;0,392;7,100;0,392;5,600;0,392;7,100;0,392;3,200;0,392;4,600
4718606007;0,160;16,400;0,602;4,800;0,306;14,000;0,354;50,550;0,828;3,500;0,321;16,308;1,085;0,936;1,624;0,600;0,148;124,000;1,241;2,100;0;0;0;0,306;11,100;0,536;5,900;0,306;7,200;1,085;2,700;0,306;6,300;0,306;5,600;0,306;6,300;0,306;2,800;0,306;4,200
4718606009;0,207;16,400;0,688;4,800;0,271;14,000;0,449;50,190;0,970;3,500;0,415;16,308;1,242;0,936;1,674;0,600;0,191;123,000;1,348;2,100;0;0;0;0,271;11,100;0,693;5,900;0,271;7,200;1,242;2,700;0,271;6,300;0,271;5,600;0,271;6,300;0,271;2,800;0,271;4,200
4718606010;0,301;16,400;0,497;4,400;0,428;14,300;0,263;50,382;0,797;3,500;0,418;16,308;1,169;0,936;1,497;0,600;0,000;123,700;1,157;2,100;9;0;9;0,428;11,100;0,548;5,900;0,428;7,200;1,169;2,700;0,428;6,300;0,428;5,600;0,428;6,300;0,428;2,800;0,428;4,200
4718606012;0,336;16,400;0,724;4,400;0,336;14,100;0,278;50,034;1,081;3,100;0,215;17,348;1,432;0,936;1,634;0,600;0,225;121,200;1,392;2,100;0;0;0;0,428;10,700;0,840;5,900;0,428;6,800;1,432;2,700;0,428;5,900;0,428;5,600;0,428;5,900;0,428;2,800;0,428;4,200
4718606013;0,154;16,400;0,607;4,000;0,154;14,300;0,462;49,614;1,063;3,100;0,393;17,348;1,640;0,936;1,273;0,600;0,154;119,900;1,194;2,300;0;0;0;0,853;10,700;0,948;5,900;0,853;6,800;1,640;2,700;0,853;5,900;0,853;5,600;0,853;5,900;0,853;2,800;0,853;4,200
4718606014;0,243;16,000;0,936;4,000;0,000;13,700;0,231;48,570;1,361;3,100;0,164;16,948;1,800;0,936;1,654;0,600;0,243;117,700;1,566;2,100;0;0;0;0,770;10,300;1,170;5,500;0,770;6,400;1,800;2,700;0,770;5,500;0,770;5,200;0,770;5,500;0,770;2,800;0,770;3,800
4718606015;0,201;17,200;0,572;4,800;0,130;14,100;0,455;50,658;1,112;3,100;0,479;16,828;1,274;0,936;1,857;0,600;0,130;122,700;1,519;2,100;0;0;0;0,130;11,100;0,810;5,900;0,130;7,200;1,274;2,700;0,130;6,300;0,130;5,600;0,130;6,300;0,130;2,800;0,130;4,200
4718606016;0,366;17,200;0,419;4,400;0,245;13,700;0,418;49,854;1,304;3,100;0,499;17,348;1,428;0,936;2,014;0,600;0,135;121,100;1,704;2,100;0;0;0;0,245;10,700;1,000;5,900;0,245;6,800;1,428;2,700;0,245;5,900;0,245;5,600;0,245;5,900;0,245;2,800;0,245;4,200
4718606017;0,000;16,800;0,696;4,800;0,162;14,000;0,509;50,382;0,941;3,500;0,339;16,828;1,077;0,936;1,783;0,600;0,162;124,900;1,384;2,100;0;0;0;0,162;11,500;0,625;6,300;0,162;7,600;1,077;2,700;0,162;6,700;0,162;5,600;0,162;6,700;0,162;3,200;0,162;4,200
4718606018;0,162;17,200;0,534;4,800;0,000;14,100;0,534;51,138;1,103;3,100;0,483;16,828;1,183;0,936;1,924;0,600;0,000;123,500;1,543;2,100;1;0;1;0,000;11,100;0,784;5,900;0,000;7,200;1,183;2,700;0,000;6,300;0,000;5,600;0,000;6,300;0,000;2,800;0,000;4,200
4718606019;0,249;17,200;0,361;4,400;0,184;13,700;0,361;50,334;1,286;3,100;0,622;16,828;1,336;0,936;2,071;0,600;0,000;121,900;1,718;2,100;6;0;6;0,184;10,700;0,968;5,900;0,184;6,800;1,336;2,700;0,184;5,900;0,184;5,600;0,184;5,900;0,184;2,800;0,184;4,200
4718606020;0,696;16,400;0,823;4,000;0,459;13,400;0,257;47,886;1,734;3,100;0,295;16,558;2,028;0,936;2,112;0,600;0,000;114,700;2,002;2,100;2;0;2;0,862;9,700;1,419;5,200;0,862;6,400;2,028;2,400;0,862;5,200;0,862;5,200;0,862;5,500;0,862;2,800;0,862;3,800
4718606021;0,238;17,100;0,309;4,000;0,309;13,900;0,145;50,118;0,464;3,500;0,332;16,828;0,934;1,560;1,338;0,600;0,000;125,100;0,882;2,700;7;0;7;0,238;11,500;0,238;6,600;0,238;7,600;0,934;3,400;0,238;6,700;0,238;5,600;0,238;7,000;0,664;2,800;0,238;4,900
4718606022;0,998;14,900;1,239;3,600;1,020;11,800;0,778;47,134;2,348;3,100;0,373;15,638;2,625;0,936;2,613;0,600;0,000;106,300;2,586;2,100;2;0;2;1,444;9,300;1,577;5,200;1,444;6,000;2,625;2,400;1,444;4,800;1,444;4,800;1,444;5,100;1,444;2,400;1,444;3,400
4718606023;0,548;16,500;0,468;4,400;0,430;13,400;0,238;49,026;1,436;3,100;0,432;16,958;1,612;0,936;2,050;0,600;0,000;119,000;1,798;2,100;3;0;3;0,430;10,000;1,148;5,500;0,430;6,400;1,612;2,700;0,430;5,500;0,430;5,200;0,430;5,500;0,430;2,800;0,430;3,800
4718606024;0,557;16,100;0,566;4,000;0,555;13,400;0,000;48,186;1,650;3,100;0,417;16,558;1,849;0,936;2,173;0,600;0,000;114,900;1,980;2,100;1;0;1;0,667;9,700;1,196;5,200;0,667;6,400;1,849;2,400;0,667;5,200;0,667;5,200;0,667;5,500;0,667;2,800;0,667;3,800
4718606025;0,477;16,100;0,778;4,000;0,269;13,400;0,130;48,846;1,485;3,100;0,256;16,558;1,806;0,936;1,904;0,600;0,250;117,700;1,759;2,100;0;0;0;0,670;10,000;1,246;5,500;0,670;6,400;1,806;2,700;0,670;5,500;0,670;5,200;0,670;5,500;0,670;2,800;0,670;3,800
4718606026;0,495;16,100;0,577;4,000;0,410;13,400;0,209;48,882;1,339;3,100;0,313;16,958;1,572;0,936;1,923;0,600;0,000;119,200;1,683;2,100;5;0;5;0,410;10,300;1,065;5,500;0,410;6,400;1,572;2,700;0,410;5,500;0,410;5,200;0,410;5,500;0,410;2,800;0,410;3,800
4718606027;0,430;16,800;0,679;4,400;0,385;14,100;0,196;50,034;1,219;3,100;0,232;17,348;1,501;0,936;1,792;0,600;0,134;120,500;1,550;2,100;0;0;0;0,389;10,700;0,957;5,900;0,389;6,800;1,501;2,700;0,389;5,900;0,389;5,600;0,389;5,900;0,389;2,800;0,389;4,200
4718606028;0,385;16,100;0,777;4,400;0,231;13,800;0,000;49,794;1,355;3,100;0,145;16,958;1,690;0,936;1,805;0,600;0,209;119,500;1,636;2,100;0;0;0;0,581;10,300;1,118;5,500;0,581;6,400;1,690;2,700;0,581;5,500;0,581;5,200;0,581;5,500;0,581;2,800;0,581;3,800
4718606029;0,243;16,000;0,851;4,400;0,164;14,100;0,145;49,194;1,250;3,100;0,000;17,348;1,647;0,936;1,660;0,600;0,243;119,300;1,504;2,100;0;0;0;0,609;10,300;1,036;5,500;0,609;6,400;1,647;2,700;0,609;5,500;0,609;5,200;0,609;5,500;0,609;2,800;0,609;3,800
4718606030;0,000;16,800;0,706;4,000;0,000;14,400;0,385;49,770;1,146;3,100;0,243;17,348;1,657;0,936;1,427;0,600;0,000;119,900;1,325;2,300;5;0;5;0,763;10,700;0,989;5,900;0,763;6,800;1,657;2,700;0,763;5,900;0,763;5,600;0,763;5,900;0,763;2,800;0,763;4,200
4718606031;1,407;12,100;3,405;3,300;2,755;10,300;0,000;38,186;3,598;2,500;2,399;12,438;4,632;0,936;3,598;0,600;0,000;89,300;3,912;2,300;8;0;8;0,000;8,500;0,000;5,300;0,000;6,100;4,632;1,800;0,000;4,900;0,000;4,300;0,000;5,500;0,000;2,500;3,568;2,800
4718606032;0,278;16,800;0,586;4,800;0,216;14,100;0,366;49,722;1,154;3,100;0,397;17,348;1,355;0,936;1,843;0,600;0,216;121,500;1,537;2,100;0;0;0;0,216;10,700;0,864;5,900;0,216;6,800;1,355;2,700;0,216;5,900;0,216;5,600;0,216;5,900;0,216;2,800;0,216;4,200
4718606034;0,153;16,400;0,609;4,000;0,153;13,900;0,386;49,134;1,027;3,100;0,248;16,828;1,506;0,936;1,433;0,600;0,000;121,100;1,257;2,300;9;0;9;0,636;10,700;0,848;5,900;0,636;6,800;1,506;2,700;0,636;5,900;0,636;5,600;0,636;5,900;0,636;2,800;0,636;4,200
4718606036;0,000;13,400;2,679;3,300;2,356;11,200;1,407;39,982;3,684;2,800;1,834;12,738;4,077;0,936;3,684;0,600;0,000;93,900;2,540;2,100;4;0;4;1,407;8,400;1,407;4,900;1,407;5,700;4,077;2,100;1,407;4,500;1,407;4,200;1,407;5,100;1,407;2,100;2,902;3,100
4718606037;0,230;16,400;0,580;4,400;0,230;14,300;0,397;49,638;0,979;3,500;0,274;16,828;1,433;0,936;1,454;0,600;0,078;121,800;1,240;2,300;0;0;0;0,569;10,700;0,783;5,900;0,569;6,800;1,433;2,700;0,569;5,900;0,569;5,600;0,569;5,900;0,569;2,800;0,569;4,200
4718606038;0,674;15,200;0,873;4,000;0,787;12,600;0,417;48,898;2,040;3,100;0,000;16,428;2,265;0,936;2,437;0,600;0,000;109,800;2,328;2,100;2;0;2;1,083;9,300;1,300;5,200;1,083;6,000;2,265;2,400;1,083;4,800;1,083;4,800;1,083;5,100;1,083;2,400;1,083;3,400
4718606039;0,747;15,200;1,118;3,600;0,514;12,600;0,552;47,182;1,872;3,100;0,000;16,558;2,254;0,936;2,081;0,600;0,000;111,200;2,068;2,100;3;0;3;1,118;9,300;1,665;5,200;1,118;6,000;2,254;2,400;1,118;4,800;1,118;4,800;1,118;5,100;1,118;2,400;1,118;3,400
4718607001;0,356;16,400;0,486;5,200;0,479;13,600;0,454;49,518;0,958;3,500;0,343;16,128;0,743;1,560;2,008;0,600;0,000;123,600;1,486;2,100;7;0;7;0,454;11,900;0,556;6,700;0,454;8,000;0,743;3,100;0,454;7,100;0,479;5,600;0,454;7,100;0,479;3,200;0,479;4,600
4718607003;0,327;16,400;0,641;4,800;0,483;13,600;0,409;49,830;0,662;3,500;0,000;16,828;0,765;1,560;1,666;0,600;0,000;124,400;1,165;2,100;6;0;6;0,327;11,900;0,327;6,700;0,327;8,000;0,765;3,100;0,327;7,100;0,327;5,600;0,327;7,100;0,483;3,200;0,327;4,600
4718607004;0,212;16,800;0,351;4,800;0,376;13,600;0,508;51,402;1,134;3,100;0,481;16,528;0,944;1,560;2,128;0,600;0,000;124,400;1,646;2,100;4;0;4;0,376;11,900;0,688;6,700;0,376;8,000;0,944;3,100;0,376;7,100;0,376;5,600;0,376;7,100;0,376;3,200;0,376;4,600
4718607005;0,000;17,200;0,509;4,400;0,170;14,100;0,483;51,438;1,133;3,100;0,477;16,828;1,092;0,936;2,035;0,600;0,000;124,400;1,610;2,100;3;0;3;0,170;11,500;0,801;6,300;0,170;7,600;1,092;2,700;0,170;6,700;0,170;5,600;0,170;6,700;0,170;3,200;0,170;4,200
4718607006;0,224;16,800;0,319;4,400;0,374;13,300;0,302;51,198;1,317;3,100;0,656;16,528;1,148;0,936;2,257;0,600;0,138;122,500;1,813;2,100;0;0;0;0,374;11,900;0,854;6,700;0,374;8,000;1,148;2,700;0,374;6,700;0,374;6,000;0,374;7,100;0,374;3,200;0,374;4,200
4718607007;0,343;16,100;0,323;4,400;0,329;13,000;0,167;49,374;1,454;3,100;0,793;15,738;1,268;0,936;2,377;0,600;0,000;119,000;1,946;2,100;4;0;4;0,467;10,800;0,859;6,000;0,467;7,200;1,268;2,400;0,467;5,600;0,467;5,600;0,467;6,300;0,467;3,200;0,467;3,800
4718607008;0,253;16,100;0,258;4,400;0,258;13,400;0,258;49,614;1,382;3,100;0,729;16,438;1,317;0,936;2,233;0,600;0,190;121,000;1,845;2,100;0;0;0;0,310;10,400;0,956;5,600;0,310;6,800;1,317;2,400;0,310;5,200;0,310;5,600;0,310;5,900;0,310;2,800;0,310;3,800
4718607010;0,451;16,500;0,202;4,400;0,202;13,400;0,202;48,666;1,511;3,100;0,688;16,958;1,544;0,936;2,247;0,600;0,202;116,600;1,930;2,100;0;0;0;0,412;10,100;0,949;5,600;0,412;6,800;1,544;2,400;0,412;5,200;0,412;5,600;0,412;5,900;0,412;2,800;0,412;3,800
4718607011;0,000;15,400;0,368;4,400;0,368;12,600;0,000;48,186;1,961;3,100;0,674;15,508;1,932;0,936;2,663;0,600;0,000;112,200;2,377;2,100;2;0;2;0,651;10,100;0,651;5,600;0,651;6,800;1,932;2,400;0,860;5,200;0,651;5,600;0,651;5,900;0,860;2,800;0,860;3,800
4718607013;0,453;16,500;0,329;4,400;0,329;13,400;0,252;48,186;1,552;3,100;0,595;16,958;1,655;0,936;2,210;0,600;0,165;115,700;1,939;2,100;0;0;0;0,485;9,700;1,031;5,200;0,485;6,400;1,655;2,400;0,485;5,200;0,485;5,200;0,485;5,500;0,485;2,800;0,485;3,800
4718607014;0,625;15,400;0,757;4,100;0,656;12,600;0,651;47,714;1,838;3,100;1,300;14,298;2,046;0,936;3,181;0,600;0,000;106,500;2,797;2,100;3;0;3;0,000;10,100;0,000;6,000;0,000;6,800;2,046;2,400;1,265;4,800;0,000;5,600;0,000;5,500;1,265;2,400;1,265;3,400
4718607015;0,331;16,100;0,231;4,400;0,231;13,000;0,000;49,146;1,611;3,100;0,920;15,738;1,431;0,936;2,500;0,600;0,140;116,500;2,093;2,100;0;0;0;0,577;10,100;0,704;5,600;0,577;6,800;1,431;2,400;0,577;5,200;0,577;5,600;0,577;5,900;0,577;2,800;0,577;3,800
4718607016;0,368;16,100;0,000;4,400;0,000;13,000;0,000;48,666;1,630;3,100;0,873;16,438;1,564;0,936;2,427;0,600;0,000;116,200;2,077;2,100;7;0;7;0,534;10,100;0,757;5,600;0,534;6,800;1,564;2,400;0,534;5,200;0,534;5,600;0,534;5,900;0,534;2,800;0,534;3,800
4718607018;0,162;16,800;0,694;4,800;0,283;14,000;0,511;50,622;0,852;3,500;0,203;16,828;0,916;1,560;1,788;0,600;0,203;124,600;1,333;2,100;0;0;0;0,283;11,900;0,522;6,700;0,283;8,000;0,916;3,100;0,283;7,100;0,283;5,600;0,283;7,100;0,283;3,200;0,283;4,600
4718607019;0,407;16,100;0,107;4,400;0,107;13,000;0,107;48,666;1,660;3,100;0,967;16,038;1,540;0,936;2,496;0,600;0,000;115,500;2,123;2,100;7;0;7;0,583;10,100;0,685;5,600;0,583;6,800;1,540;2,400;0,583;5,200;0,583;5,600;0,583;5,900;0,583;2,800;0,583;3,800
4718607020;0,305;16,100;0,076;4,400;0,076;13,400;0,076;48,666;1,671;3,100;0,801;16,038;1,631;0,936;2,437;0,600;0,076;115,400;2,107;2,100;0;0;0;0,570;10,100;0,759;5,600;0,570;6,800;1,631;2,400;0,570;5,200;0,570;5,600;0,570;5,900;0,570;2,800;0,570;3,800
4718607021;0,371;16,100;0,468;4,000;0,468;13,400;0,193;48,186;1,776;3,100;0,408;16,558;1,900;0,936;2,356;0,600;0,000;113,600;2,136;2,100;2;0;2;0,729;9,700;1,018;5,200;0,729;6,400;1,900;2,400;0,729;5,200;0,729;5,200;0,729;5,500;0,729;2,800;0,729;3,800
4718607022;2,540;12,200;3,328;3,000;2,705;10,900;2,972;39,312;3,819;2,400;2,995;12,048;4,854;0,936;5,430;0,300;0,000;81,300;0,000;2,200;2;15;17;2,846;7,500;2,846;4,900;2,846;5,400;4,854;1,800;3,829;4,500;2,846;3,900;2,846;4,800;3,829;2,100;3,829;2,800
4718608001;0,559;17,600;0,305;4,500;0,560;14,000;0,256;51,042;1,469;3,100;0,229;17,048;0,934;1,560;2,574;0,720;0,000;121,400;2,013;2,100;7;0;7;0,474;11,600;0,474;6,400;0,474;8,000;0,934;2,800;0,474;6,400;0,921;5,600;0,474;6,700;0,474;3,200;0,921;4,200
4718608002;0,350;16,400;0,000;4,500;0,532;13,700;0,270;49,614;1,443;3,100;0,490;16,128;1,076;0,936;2,475;0,600;0,000;120,000;1,971;2,100;12;0;12;0,676;11,200;0,680;6,000;0,676;7,600;1,076;2,400;0,676;6,000;0,676;5,600;0,676;6,700;0,676;3,200;0,676;3,800
4718608004;0,000;16,600;0,350;4,100;0,300;13,400;0,331;48,762;1,764;3,100;0,784;15,338;1,423;0,936;2,741;0,600;0,000;116,700;2,279;2,100;6;0;6;0,625;10,500;0,625;6,000;0,625;7,200;1,423;2,400;0,845;5,200;0,625;6,000;0,625;5,900;0,845;2,800;0,845;3,800
4718608005;0,338;16,800;0,270;4,500;0,338;14,100;0,000;50,094;1,663;3,100;0,484;16,248;1,184;0,936;2,727;0,720;0,000;119,500;2,200;2,100;2;0;2;0,731;11,200;0,731;6,400;0,731;7,600;1,184;2,400;0,731;5,600;0,768;6,000;0,731;6,300;0,731;3,200;0,943;3,800
4718608006;0,300;15,800;0,532;4,100;0,000;13,000;0,269;48,282;1,569;3,100;0,812;15,338;1,522;0,936;2,999;0,600;0,000;115,300;2,503;2,100;2;0;2;0,476;10,100;0,476;6,000;0,476;6,800;1,522;2,400;1,064;4,800;0,476;5,600;0,656;5,500;1,064;2,400;1,132;3,400
4718608009;0,506;16,400;0,329;4,100;0,329;13,200;0,476;49,938;1,616;3,100;0,277;16,388;0,941;1,560;2,761;0,720;0,000;119,600;2,159;2,100;3;0;3;0,480;10,800;0,480;6,000;0,480;7,200;0,941;2,800;0,480;6,000;1,011;4,800;0,480;6,300;0,480;2,800;0,941;3,800
4718608012;0,586;17,200;0,424;4,100;0,529;13,200;0,248;50,418;1,625;3,100;0,312;16,648;1,041;0,936;2,739;0,720;0,000;119,400;2,170;2,100;5;0;5;0,568;10,800;0,568;6,000;0,568;7,200;1,041;2,400;0,568;5,600;0,868;5,200;0,568;5,900;0,568;2,800;1,041;3,400
4718608013;0,515;16,800;0,463;4,100;0,387;13,300;0,208;49,470;1,612;3,100;0,477;16,248;1,206;0,936;2,869;0,720;0,165;118,400;2,315;2,100;0;0;0;0,703;10,400;0,703;6,000;0,703;6,800;1,206;2,400;0,733;5,200;0,703;5,200;0,733;5,500;0,733;2,800;1,138;3,400
4718608014;0,526;16,800;0,499;4,100;0,499;13,200;0,363;49,794;1,636;3,100;0,383;16,388;1,092;0,936;2,854;0,720;0,099;117,800;2,271;2,100;0;0;0;0,621;10,400;0,621;6,000;0,621;6,800;1,092;2,400;0,621;5,200;0,841;5,200;0,621;5,500;0,621;2,800;1,092;3,400
4718608015;0,427;16,900;0,472;4,100;0,472;13,300;0,427;49,314;1,584;3,200;0,427;16,388;1,116;0,936;2,920;0,720;0,000;118,700;2,327;2,100;7;0;7;0,654;10,400;0,654;6,000;0,654;6,800;1,116;2,400;0,654;5,200;0,858;5,200;0,654;5,500;0,654;2,800;1,116;3,400
4718608016;0,357;16,900;0,454;4,100;0,454;13,300;0,357;49,314;1,559;3,200;0,357;16,388;1,128;0,936;2,960;0,720;0,000;117,500;2,359;2,100;5;0;5;0,676;10,400;0,676;6,000;0,676;6,800;1,128;2,400;0,676;5,200;0,887;5,200;0,676;5,500;0,676;2,800;1,128;3,400
4718608017;0,467;16,200;0,613;4,100;0,479;13,300;0,407;49,314;1,470;3,200;0,467;15,988;1,249;0,936;3,018;0,720;0,118;116,400;2,437;2,100;0;0;0;0,718;10,400;0,718;6,000;0,718;6,800;1,249;2,400;0,782;5,200;0,718;5,200;0,782;5,500;0,782;2,800;1,249;3,400
4718608018;0,284;16,900;0,447;4,100;0,447;13,300;0,284;49,314;1,536;3,200;0,284;16,388;1,145;0,936;3,004;0,720;0,074;117,100;2,395;2,100;0;0;0;0,706;10,400;0,706;6,000;0,706;6,800;1,145;2,400;0,706;5,200;0,922;5,200;0,706;5,500;0,706;2,800;1,145;3,400
4718608020;0,349;16,100;0,230;4,100;0,230;13,300;0,349;49,314;1,703;3,200;0,349;16,908;0,953;1,560;2,866;0,720;0,000;118,200;2,237;2,100;4;0;4;0,554;10,400;0,554;6,000;0,554;6,800;0,953;2,800;0,554;5,600;1,145;4,800;0,554;5,900;0,554;2,800;0,953;3,800
4718608021;0,209;16,900;0,453;4,100;0,453;13,700;0,209;49,470;1,514;3,200;0,209;16,388;1,169;0,936;3,051;0,720;0,151;116,800;2,436;2,100;0;0;0;0,744;10,100;0,744;5,700;0,744;6,500;1,169;2,400;0,744;4,900;0,961;4,900;0,744;5,200;0,744;2,500;1,169;3,400
4718608023;0,285;16,200;0,607;4,100;0,439;13,300;0,285;49,314;1,377;3,200;0,285;15,988;1,305;0,936;3,145;0,720;0,179;116,000;2,544;2,100;0;0;0;0,798;10,400;0,798;6,000;0,798;6,800;1,305;2,400;0,859;5,200;0,798;5,200;0,859;5,500;0,859;2,800;1,305;3,400
4718608024;0,000;16,000;0,564;3,700;0,564;13,300;0,000;49,614;1,432;3,000;0,000;16,908;1,290;0,936;3,215;0,720;0,000;116,100;2,585;2,100;1;0;1;0,903;9,700;0,903;5,300;0,903;6,100;1,290;2,400;0,903;4,900;1,056;4,500;0,903;5,200;0,903;2,500;1,290;3,400
4718608025;0,463;15,800;0,511;4,100;0,268;13,000;0,237;49,110;1,529;3,100;0,613;15,858;1,341;0,936;2,963;0,720;0,155;117,000;2,423;2,100;0;0;0;0,569;10,800;0,569;6,400;0,569;7,200;1,341;2,400;0,869;5,200;0,569;5,600;0,869;5,900;0,869;2,800;1,181;3,400
4718608026;0,361;15,900;0,711;4,100;0,361;13,100;0,356;48,630;1,353;3,200;0,464;15,598;1,364;0,936;3,133;0,720;0,000;115,000;2,555;2,100;5;0;5;0,637;10,400;0,637;6,000;0,637;6,800;1,364;2,400;0,898;5,200;0,637;5,200;0,898;5,500;0,898;2,800;1,364;3,400
4718608027;0,312;15,900;0,752;4,100;0,312;13,100;0,208;48,390;1,303;3,200;0,609;15,598;1,468;0,936;3,178;0,720;0,153;114,400;2,618;2,100;0;0;0;0,489;10,400;0,489;6,000;0,489;6,800;1,468;2,400;0,996;5,200;0,489;5,200;0,996;5,500;0,996;2,800;1,425;3,400
4718608028;0,336;15,800;0,716;3,700;0,269;12,600;0,000;48,042;1,328;3,100;0,816;15,858;1,573;0,936;3,186;0,720;0,000;113,600;2,656;2,100;5;0;5;0,336;10,100;0,336;6,000;0,336;6,800;1,573;2,400;1,100;4,800;0,336;5,600;0,848;5,500;1,100;2,400;1,364;3,400
4718608030;0,336;15,900;0,692;4,100;0,353;13,000;0,336;48,954;1,300;3,200;0,336;15,598;1,385;0,936;3,209;0,720;0,146;115,800;2,615;2,100;0;0;0;0,726;10,400;0,726;6,000;0,726;6,800;1,385;2,400;0,934;5,200;0,726;5,200;0,934;5,500;0,934;2,800;1,385;3,400
4718608031;0,000;15,900;1,043;3,300;0,000;12,700;0,000;47,510;0,997;3,600;0,633;14,688;1,721;0,936;3,483;0,720;0,000;111,700;2,913;2,100;2;0;2;0,473;9,400;0,473;5,300;0,473;6,100;1,721;2,400;1,259;4,500;0,473;4,900;1,202;4,800;1,259;2,100;1,721;3,400
4718608032;0,000;15,400;1,001;3,300;0,473;12,600;0,000;46,370;1,131;3,100;1,056;14,168;1,909;0,936;3,473;0,600;0,000;109,200;2,966;2,100;4;0;4;0,000;10,100;0,000;6,000;0,000;6,800;1,909;2,400;1,436;4,800;0,000;5,600;0,772;5,500;1,436;2,400;1,602;3,400
4718608033;0,279;14,800;1,279;3,300;0,601;12,700;0,279;45,434;0,940;3,600;1,231;13,648;2,177;0,936;3,748;0,600;0,000;104,800;3,242;2,100;4;0;4;0,279;10,100;0,279;6,000;0,279;6,800;2,177;2,400;1,704;4,800;0,279;5,600;0,898;5,500;1,704;2,400;1,865;3,400
4718608034;0,465;14,800;1,459;3,300;0,628;12,700;0,465;44,606;0,723;3,600;1,254;13,648;2,301;0,936;3,934;0,720;0,000;102,800;3,332;2,100;2;0;2;0,465;9,400;0,465;5,300;0,465;6,100;2,301;2,400;1,829;4,500;0,465;4,900;1,115;4,800;1,829;2,100;2,067;3,400
4718608035;0,362;15,400;1,078;3,300;0,573;12,600;0,362;46,850;1,357;3,100;1,380;14,298;2,095;0,936;3,487;0,600;0,000;105,100;3,008;2,100;2;0;2;0,362;10,100;0,362;6,000;0,362;6,800;2,095;2,400;1,569;4,800;0,362;5,600;0,481;5,500;1,569;2,400;1,569;3,400
4718608036;1,650;13,400;2,619;3,000;0,000;11,700;1,319;41,050;1,319;2,600;2,505;12,958;3,554;0,936;5,044;0,300;0,000;92,500;2,705;2,200;6;0;6;1,650;7,500;1,650;4,600;1,650;5,100;3,522;2,100;3,080;4,200;1,650;3,900;1,901;4,500;3,080;2,100;3,122;3,100
4718608037;0,309;16,200;0,397;4,500;0,189;13,400;0,157;49,374;1,646;3,100;0,624;15,858;1,336;0,936;2,870;0,600;0,000;117,500;2,352;2,100;1;0;1;0,614;10,800;0,614;6,400;0,614;7,200;1,336;2,400;0,876;5,200;0,614;5,600;0,818;5,900;0,876;2,800;1,049;3,400
4718608038;0,443;15,800;0,626;4,100;0,389;13,000;0,247;49,110;1,437;3,100;0,618;15,598;1,350;0,936;3,044;0,720;0,168;116,000;2,487;2,100;0;0;0;0,574;10,400;0,574;6,000;0,574;6,800;1,350;2,400;0,877;5,200;0,574;5,200;0,877;5,500;0,877;2,800;1,302;3,400
4718608039;0,274;15,900;0,770;4,100;0,274;13,000;0,274;48,474;1,230;3,200;0,394;15,598;1,460;0,936;3,269;0,720;0,155;115,000;2,680;2,100;0;0;0;0,661;10,000;0,661;5,600;0,661;6,400;1,460;2,400;1,005;4,800;0,661;5,200;1,005;5,100;1,005;2,400;1,460;3,400
4718609001;0,322;16,300;0,430;4,100;0,430;12,400;0,487;49,398;1,078;3,100;0,322;16,788;0,299;1,560;2,246;0,720;0,212;123,800;1,598;2,100;0;0;0;0,222;11,500;0,222;6,700;0,222;7,600;0,299;3,100;0,222;6,700;0,901;5,200;0,222;6,700;0,222;2,800;0,299;4,200
4718609002;0,000;16,000;0,459;3,700;0,459;12,900;0,303;49,554;1,281;3,200;0,000;16,908;0,464;1,560;2,434;0,720;0,000;122,800;1,761;2,100;1;0;1;0,464;10,800;0,464;6,000;0,464;6,900;0,464;3,100;0,464;6,000;1,165;4,500;0,464;6,000;0,501;2,500;0,464;3,800
4718609003;0,358;15,900;0,234;4,100;0,234;12,400;0,439;49,398;1,263;3,100;0,340;17,308;0,501;1,560;2,430;0,720;0,234;122,300;1,790;2,100;0;0;0;0,181;11,100;0,181;6,300;0,181;7,200;0,501;3,100;0,181;6,300;1,059;4,800;0,181;6,300;0,181;2,800;0,501;3,800
4718609004;0,501;17,100;0,372;4,100;0,372;12,400;0,513;49,398;1,152;3,100;0,257;17,048;0,474;1,560;2,312;0,720;0,209;122,900;1,691;2,100;0;0;0;0,000;11,500;0,000;6,700;0,000;7,600;0,474;3,100;0,000;6,700;0,919;5,200;0,000;6,700;0,000;2,800;0,474;4,200
4718609006;0,553;16,800;0,321;4,800;0,645;13,600;0,471;49,818;1,198;3,100;0,282;16,528;0,755;1,560;2,294;0,720;0,238;123,600;1,740;2,100;0;0;0;0,381;11,900;0,381;6,700;0,381;8,000;0,755;3,100;0,381;7,100;0,713;5,600;0,381;7,100;0,381;3,200;0,713;4,600
4718609007;0,698;16,800;0,374;4,100;0,374;13,200;0,484;50,298;1,347;3,100;0,000;17,048;0,729;1,560;2,486;0,720;0,000;121,500;1,891;2,100;1;0;1;0,257;11,500;0,257;6,300;0,257;7,600;0,729;3,100;0,257;6,700;0,995;5,200;0,257;6,700;0,257;3,200;0,729;4,200
4718609009;0,303;15,800;0,365;3,700;0,365;12,500;0,000;48,930;1,571;3,000;0,303;16,908;0,752;1,560;2,731;0,720;0,000;120,100;2,061;2,100;1;0;1;0,620;10,400;0,620;6,000;0,620;6,500;0,752;3,100;0,620;5,600;1,428;4,500;0,620;5,600;0,620;2,500;0,752;3,800
4718609010;0,480;16,200;0,313;3,700;0,313;12,900;0,227;49,374;1,726;3,000;0,480;16,908;0,916;1,560;2,893;0,720;0,000;117,700;2,234;2,100;2;0;2;0,666;10,400;0,666;6,000;0,666;6,500;0,916;3,100;0,666;5,600;1,457;4,500;0,666;5,600;0,666;2,500;0,916;3,800
4718609011;0,459;15,700;0,000;4,100;0,000;12,500;0,365;49,338;1,496;3,200;0,374;16,908;0,727;1,560;2,663;0,720;0,000;120,200;2,024;2,100;2;0;2;0,372;11,100;0,372;6,300;0,372;7,200;0,727;3,100;0,372;6,300;1,284;4,800;0,372;6,300;0,372;2,800;0,727;3,800
4718610001;0,997;13,900;1,966;3,300;0,997;12,300;0,000;43,406;0,000;3,100;1,432;13,258;2,681;0,936;4,480;0,720;0,000;99,600;3,819;2,300;8;0;8;1,131;9,000;1,131;4,900;1,131;5,700;2,205;2,400;2,235;4,500;1,131;4,500;1,838;4,800;2,205;2,100;2,205;3,400
4718610002;0,559;15,900;0,681;3,700;0,674;13,200;0,403;48,774;1,827;3,000;0,457;16,388;1,243;0,936;3,222;0,720;0,000;114,200;2,552;2,100;4;0;4;1,037;9,300;1,037;4,900;1,037;5,700;1,243;2,400;1,037;4,500;1,374;4,500;1,037;4,800;1,037;2,100;1,243;3,400
4718610003;0,666;16,200;0,718;3,700;0,718;13,200;0,324;49,758;1,939;3,000;0,342;16,388;1,218;0,936;3,189;0,720;0,000;114,600;2,514;1,800;2;0;2;1,056;9,300;1,056;4,900;1,056;5,700;1,218;2,400;1,056;4,500;1,357;4,500;1,056;4,800;1,056;2,100;1,218;3,400
4718610004;0,784;16,200;0,820;3,700;0,817;13,200;0,221;50,298;2,060;3,000;0,218;16,388;1,248;0,936;3,202;0,720;0,143;114,100;2,522;1,800;0;0;0;1,138;9,600;1,138;5,200;1,138;5,700;1,248;2,700;1,138;4,800;1,302;4,500;1,138;4,800;1,138;2,100;1,248;3,400
4718610005;0,493;15,200;1,014;3,300;0,493;12,800;0,270;48,774;1,815;3,000;0,545;15,988;1,555;0,936;3,527;0,720;0,000;111,700;2,851;1,800;6;0;6;1,041;9,300;1,370;4,900;1,370;5,700;1,041;2,400;1,370;4,500;1,041;4,500;1,370;4,800;1,041;2,100;1,041;3,400
4718610006;1,043;14,100;2,055;3,300;1,043;12,200;1,043;45,842;2,205;3,000;1,390;14,948;2,549;0,936;4,479;0,720;0,000;105,000;3,794;1,800;7;0;7;0,000;9,700;2,409;4,900;2,409;5,700;0,000;2,800;2,409;4,500;0,000;4,900;2,409;4,800;0,000;2,500;0,000;3,800
4718610007;0,912;15,100;1,471;3,300;0,495;13,100;0,000;49,410;2,212;3,000;0,637;16,288;1,533;0,936;3,218;0,720;0,000;114,500;2,542;1,800;7;0;7;1,452;9,600;1,533;5,500;1,533;5,700;1,452;3,000;1,533;4,800;1,452;4,500;1,533;5,100;1,452;2,100;1,452;3,700
4718610008;1,048;14,700;2,263;3,300;1,037;12,700;0,926;47,606;2,760;3,000;1,048;15,548;2,255;0,936;3,561;0,720;0,000;110,800;2,944;1,800;6;0;6;1,154;9,600;1,568;5,500;1,568;5,700;1,986;3,000;1,568;4,800;1,568;4,500;2,255;5,100;1,986;2,100;1,986;3,700
4718610009;0,496;15,500;1,278;3,300;0,149;13,400;0,000;50,106;1,651;3,000;0,496;16,688;1,071;0,936;2,622;0,720;0,000;118,500;1,950;1,800;1;0;1;1,071;9,600;1,071;5,500;1,071;5,700;1,071;3,000;1,071;4,800;1,487;4,500;1,071;5,100;1,343;2,100;1,071;3,700
4718610010;0,328;15,400;0,669;3,700;0,669;13,200;0,000;49,530;1,532;3,000;0,328;16,388;0,748;1,560;2,653;0,720;0,000;119,900;1,970;1,800;1;0;1;0,748;10,400;0,748;6,300;0,748;6,500;0,748;3,400;0,748;5,600;1,459;4,500;0,748;5,900;0,818;2,500;0,748;4,100
4718610011;0,709;16,300;1,260;3,600;0,676;13,700;0,566;50,274;1,050;3,100;0,709;16,168;0,707;1,560;1,992;0,720;0,000;123,000;1,318;2,000;8;0;8;0,707;10,400;0,707;5,900;0,707;6,500;0,707;3,400;0,707;5,600;1,013;4,500;0,707;5,900;1,142;2,100;0,707;4,100
4718610013;0,559;15,800;1,169;3,300;0,344;13,400;0,196;50,586;1,456;3,000;0,559;16,688;0,887;1,560;2,446;0,720;0,000;119,600;1,769;1,800;3;0;3;0,887;10,000;0,887;5,900;0,887;6,100;0,887;3,400;0,887;5,200;1,381;4,500;0,887;5,500;1,191;2,100;0,887;4,100
4718610014;0,760;15,900;1,035;3,300;0,760;12,800;0,000;49,458;2,082;3,000;0,325;16,388;1,460;0,936;3,400;0,720;0,000;112,300;2,717;1,800;8;0;8;1,089;9,300;1,359;4,900;1,359;5,700;1,089;2,400;1,359;4,500;1,089;4,500;1,359;4,800;1,089;2,100;1,089;3,400
4718610015;0,661;16,200;0,858;3,700;0,661;13,200;0,213;49,758;1,922;3,000;0,370;16,388;1,359;0,936;3,326;0,720;0,146;113,100;2,649;1,800;0;0;0;1,200;9,300;1,200;4,900;1,200;5,700;1,212;2,400;1,200;4,500;1,212;4,500;1,200;4,800;1,200;2,100;1,212;3,400
4718610016;0,394;14,900;1,201;3,300;0,394;12,800;0,394;47,814;1,759;3,000;0,723;15,988;1,760;0,936;3,732;0,720;0,205;109,900;3,056;1,800;0;0;0;0,862;9,700;1,563;4,900;1,563;5,700;0,862;2,800;1,563;4,500;0,862;4,900;1,563;4,800;0,862;2,500;0,862;3,800
4718610017;0,465;16,200;1,420;3,600;0,608;13,800;0,357;49,650;1,275;3,000;0,465;16,168;0,937;1,560;2,146;0,720;0,000;121,900;1,489;2,000;2;0;2;0,937;10,800;0,937;5,900;0,937;6,100;0,937;3,800;0,937;5,200;0,994;4,900;0,937;5,500;1,347;2,100;0,937;4,500
4718610018;0,247;15,100;1,483;3,300;0,291;13,400;0,000;49,794;1,616;3,000;0,247;15,768;1,159;0,936;2,500;0,720;0,000;118,900;1,846;1,800;3;0;3;0,897;10,000;1,159;5,500;1,159;5,700;1,159;3,000;1,159;4,800;1,269;4,500;1,159;5,100;1,498;2,100;1,159;3,700
4718610019;0,432;15,800;0,908;4,000;0,781;14,100;0,376;49,158;1,286;2,900;0,697;16,068;1,453;0,936;1,962;0,720;0,000;119,400;1,421;2,000;3;0;3;0,507;10,800;1,013;5,500;1,013;5,700;0,507;3,400;1,013;4,800;0,507;4,900;1,453;5,100;1,910;2,100;0,507;4,100
4718610020;0,553;15,800;1,010;3,300;0,553;13,400;0,404;50,826;1,274;3,000;0,553;16,688;0,672;1,560;2,309;0,720;0,000;120,600;1,626;1,800;12;0;12;0,672;10,400;0,672;6,300;0,672;6,500;0,672;3,400;0,672;5,600;1,303;4,500;0,672;5,900;0,993;2,500;0,672;4,100
4718610021;0,229;14,900;0,722;4,000;0,722;12,700;0,229;49,954;0,810;3,000;0,229;16,978;2,972;0,936;2,458;0,720;0,000;116,200;2,330;2,000;1;0;1;1,086;9,600;1,086;5,500;1,086;5,700;1,455;3,000;1,086;4,800;1,086;4,500;1,887;5,100;3,444;2,100;1,455;3,700
4718610022;0,000;15,300;0,650;4,000;0,650;12,700;0,000;50,566;0,609;3,000;0,000;17,498;2,889;0,936;2,253;0,720;0,000;116,900;2,163;2,000;1;0;1;1,208;9,600;1,208;5,500;1,208;5,700;1,353;3,000;1,208;4,800;1,208;4,500;1,994;5,100;3,362;2,100;1,353;3,700
4718610024;1,080;14,700;0,889;4,000;0,889;13,100;0,000;48,678;1,390;3,000;0,000;15,948;2,434;0,936;2,724;0,720;0,000;117,600;2,320;2,000;8;0;8;0,000;10,400;0,000;5,900;0,000;6,100;1,271;3,000;0,000;5,200;0,000;4,900;2,434;5,100;2,870;2,100;1,271;3,700
4718610025;0,513;16,100;1,180;3,600;0,624;14,100;0,262;49,638;1,246;2,900;0,606;16,068;1,161;0,936;1,921;0,720;0,000;121,700;1,314;2,000;3;0;3;0,625;10,800;1,161;5,500;1,161;5,700;0,625;3,400;1,161;4,800;0,625;4,900;1,161;5,100;1,615;2,100;0,625;4,100
4718610026;0,477;15,900;0,832;3,700;0,477;13,200;0,422;48,774;1,688;3,000;0,564;16,388;1,434;0,936;3,415;0,720;0,000;114,300;2,746;2,100;3;0;3;1,199;9,300;1,199;4,900;1,199;5,700;1,236;2,400;1,199;4,500;1,236;4,500;1,199;4,800;1,199;2,100;1,236;3,400
4718610027;0,816;14,900;0,804;4,000;0,804;13,000;0,149;48,898;1,196;2,600;0,516;16,468;2,800;0,936;2,741;0,720;0,000;116,500;2,454;2,000;1;0;1;0,516;10,400;0,516;5,900;0,516;6,100;1,435;3,000;0,516;5,200;0,516;4,900;2,190;5,100;3,256;2,100;1,435;3,700
4718610028;0,634;15,300;0,797;4,000;0,797;13,400;0,351;50,002;1,101;2,600;0,634;17,508;2,925;0,936;2,705;0,720;0,220;115,900;2,476;2,000;0;0;0;0,739;10,000;0,739;5,900;0,739;6,100;1,494;3,000;0,739;5,200;0,739;4,900;1,999;5,100;3,388;2,100;1,494;3,700
4718610029;0,778;15,300;0,559;4,000;0,559;13,000;0,000;49,278;1,013;2,900;0,431;16,468;2,528;0,936;2,489;0,720;0,000;118,200;2,178;1,900;4;0;4;0,431;10,400;0,431;5,900;0,431;6,100;1,152;3,000;0,431;5,200;0,431;4,900;2,407;5,100;2,987;2,100;1,152;3,700
4718610030;0,000;14,100;1,741;3,000;0,000;12,100;0,000;45,946;1,970;2,600;0,000;15,288;3,819;0,936;3,613;0,720;0,000;107,900;3,419;2,000;3;0;3;0,563;9,400;1,427;4,900;1,429;5,100;1,427;3,000;1,429;4,800;1,429;3,900;1,427;4,800;4,271;2,100;1,427;3,700
4718610031;0,309;15,900;0,574;4,000;0,574;12,700;0,309;50,086;0,318;3,200;0,309;18,058;2,708;0,936;1,948;0,720;0,309;117,000;1,891;2,000;0;0;0;1,043;9,600;1,337;5,500;1,337;5,700;1,173;3,000;1,337;4,800;1,173;4,500;1,948;5,100;3,181;2,100;1,173;3,700
4718610032;0,728;15,500;0,886;3,700;0,798;13,200;0,325;49,674;1,971;3,000;0,000;16,388;1,179;0,936;3,089;0,720;0,000;115,900;2,405;1,800;7;0;7;1,154;9,600;1,154;5,200;1,154;5,700;1,179;2,700;1,154;4,800;1,390;4,500;1,154;4,800;1,154;2,100;1,179;3,400
4718610033;0,620;15,500;0,959;3,700;0,471;13,500;0,301;49,890;1,720;3,000;0,375;16,688;0,990;1,560;2,794;0,720;0,000;118,200;2,109;1,800;8;0;8;0,990;10,000;0,990;5,900;0,990;6,100;0,990;3,400;0,990;5,200;1,691;4,500;0,990;5,500;1,117;2,100;0,990;4,100
4718610034;0,000;15,100;1,541;3,300;0,471;13,400;0,247;49,554;1,733;3,000;0,000;16,068;1,365;0,936;2,523;0,720;0,000;116,900;1,896;2,000;3;0;3;0,652;10,000;1,253;5,500;1,253;5,700;1,184;3,000;1,253;4,800;1,184;4,500;1,365;5,100;1,729;2,100;1,184;3,700
4718610035;0,958;15,100;1,211;3,300;0,571;13,100;0,279;49,890;2,094;3,000;0,358;16,168;1,359;0,936;3,155;0,720;0,279;115,600;2,471;1,800;0;0;0;1,359;9,600;1,359;5,500;1,359;5,700;1,359;3,000;1,359;4,800;1,381;4,500;1,359;5,100;1,381;2,100;1,359;3,700
4718610036;0,471;15,500;1,391;3,300;0,000;13,400;0,149;49,626;1,794;3,000;0,471;16,688;1,219;0,936;2,745;0,720;0,000;116,900;2,078;1,800;2;0;2;1,102;9,600;1,219;5,500;1,219;5,700;1,219;3,000;1,219;4,800;1,558;4,500;1,219;5,100;1,478;2,100;1,219;3,700
4718610037;0,541;15,300;0,890;4,000;0,879;13,400;0,541;50,314;1,095;2,600;0,541;17,898;3,087;0,936;2,734;0,720;0,000;115,900;2,557;2,000;2;0;2;0,959;9,700;0,959;5,600;0,959;5,800;1,617;3,000;0,959;5,200;0,959;4,600;1,801;4,800;3,554;2,100;1,617;3,700
4718610038;0,617;14,700;1,123;3,600;0,617;13,000;0,479;49,906;1,382;2,600;0,617;17,118;3,242;0,936;3,011;0,720;0,000;115,800;2,802;2,000;4;0;4;0,798;9,800;0,948;5,300;0,948;5,500;1,745;3,000;0,948;5,200;0,948;4,300;1,745;4,800;3,701;2,100;1,745;3,700
4718610039;0,961;15,300;0,931;4,000;0,931;13,400;0,000;50,002;1,341;2,600;0,472;16,988;2,844;0,936;2,867;0,720;0,000;117,300;2,559;2,000;8;0;8;0,472;10,400;0,472;5,900;0,472;6,100;1,527;3,000;0,472;5,200;0,472;4,900;2,223;5,100;3,293;2,100;1,527;3,700
4718610040;0,699;15,300;1,083;3,600;0,699;13,000;0,305;50,002;1,406;2,600;0,699;16,598;3,123;0,936;3,006;0,720;0,000;115,700;2,755;2,000;8;0;8;0,732;10,100;0,777;5,600;0,777;5,800;1,749;3,000;0,777;5,200;0,777;4,600;1,921;4,800;3,577;2,100;1,749;3,700
4718610041;0,573;15,300;0,413;4,000;0,413;13,000;0,217;48,910;0,813;3,000;0,573;16,468;2,551;0,936;2,347;0,720;0,000;117,700;2,085;2,000;9;0;9;0,643;10,000;0,643;5,900;0,643;6,100;1,098;3,000;0,643;5,200;0,643;4,900;2,328;5,100;3,018;2,100;1,098;3,700
4718610042;0,882;15,000;1,269;3,300;0,882;13,100;0,347;49,422;1,688;2,700;0,609;16,078;3,043;0,936;3,200;0,720;0,000;115,000;2,864;1,900;10;0;10;0,587;10,100;0,609;5,600;0,609;5,800;1,820;3,000;0,609;5,200;0,609;4,600;2,256;4,800;3,476;2,100;1,820;3,700
4718610043;0,767;14,900;1,193;3,300;0,767;13,000;0,270;49,522;1,576;2,600;0,667;16,078;3,086;0,936;3,130;0,720;0,000;115,000;2,829;2,000;7;0;7;0,598;10,100;0,667;5,600;0,667;5,800;1,796;3,000;0,667;5,200;0,667;4,600;2,102;4,800;3,529;2,100;1,796;3,700
4718610044;0,677;14,400;1,533;3,300;0,677;13,100;0,328;48,802;1,915;2,700;0,677;15,688;3,345;0,936;3,471;0,720;0,232;113,100;3,157;2,000;0;0;0;0,282;9,800;0,913;5,300;0,913;5,500;2,099;3,000;0,913;5,200;0,913;4,300;2,099;4,800;3,776;2,100;2,099;3,700
4718610045;0,659;14,400;1,302;3,300;0,659;13,100;0,390;48,802;1,668;2,700;0,659;16,078;3,209;0,936;3,238;0,720;0,000;114,500;2,947;2,000;5;0;5;0,483;9,800;0,785;5,300;0,785;5,500;1,917;3,000;0,785;5,200;0,785;4,300;2,024;4,800;3,651;2,100;1,917;3,700
4718610046;0,000;14,900;1,228;3,300;0,000;12,800;0,000;47,574;1,366;3,000;0,772;15,468;1,887;0,936;3,866;0,720;0,000;108,900;3,205;2,100;6;0;6;1,043;9,300;1,595;4,900;1,595;5,700;1,043;2,400;1,599;4,500;1,043;4,500;1,599;4,800;1,043;2,100;1,043;3,400
4718610047;0,404;14,600;1,498;3,300;0,404;12,200;0,404;45,662;1,022;3,000;0,963;14,688;2,200;0,936;4,161;0,720;0,000;105,800;3,515;2,100;3;0;3;1,213;9,300;1,512;4,900;1,512;5,700;1,213;2,400;1,858;4,500;1,213;4,500;1,858;4,800;1,213;2,100;1,213;3,400
4718610048;1,033;14,300;1,649;3,300;1,033;12,700;0,419;47,862;2,089;2,700;0,864;15,168;3,223;0,936;3,561;0,720;0,000;112,900;3,182;1,900;4;0;4;0,526;10,100;0,864;5,600;0,864;5,800;2,133;3,000;0,864;5,200;0,864;4,600;2,460;4,800;3,632;2,100;2,133;3,700
4718610049;0,484;16,200;0,000;4,000;0,000;13,100;0,397;49,830;0,514;3,300;0,650;16,988;2,252;0,936;1,937;0,720;0,000;118,500;1,679;2,000;5;0;5;0,735;10,800;0,889;5,900;0,889;6,100;0,735;3,400;0,889;5,200;0,735;5,300;1,937;5,100;2,725;2,100;0,735;4,100
4718610050;0,743;13,800;1,860;3,000;0,743;12,200;0,000;45,594;2,241;2,700;0,743;15,288;3,607;0,936;3,797;0,720;0,000;109,400;3,474;2,000;5;0;5;0,181;9,400;1,196;4,900;1,196;5,100;2,146;3,000;1,196;4,800;1,196;3,900;2,146;4,800;4,026;2,100;2,146;3,700
4718610051;0,563;13,800;1,785;3,000;0,563;12,200;0,181;45,694;2,137;2,700;0,563;15,288;3,626;0,936;3,721;0,720;0,000;109,200;3,426;2,000;5;0;5;0,000;9,400;1,195;4,900;1,195;5,100;1,975;3,000;1,195;4,800;1,195;3,900;1,975;4,800;4,055;2,100;1,975;3,700
4718610052;0,317;15,900;1,236;3,600;0,761;13,800;0,000;49,398;1,597;3,000;0,317;16,068;1,388;0,936;2,275;0,720;0,000;119,500;1,680;2,000;3;0;3;0,525;10,400;1,073;5,500;1,073;5,700;0,879;3,400;1,073;4,800;0,879;4,900;1,388;5,100;1,805;2,100;0,879;4,100
4718610053;1,049;14,700;1,541;3,300;1,380;12,700;0,717;47,958;2,055;3,000;0,717;15,948;2,408;0,936;3,183;0,720;0,000;112,900;2,668;2,000;3;0;3;0,598;10,400;0,717;5,900;0,717;6,100;1,684;3,000;0,717;5,200;0,717;4,900;2,408;5,100;2,777;2,100;1,684;3,700
4718610054;0,546;14,300;1,392;3,300;0,546;13,000;0,498;48,802;1,737;2,600;0,546;15,688;3,327;0,936;3,325;0,720;0,000;113,400;3,048;2,000;5;0;5;0,400;9,800;0,904;5,300;0,904;5,500;1,930;3,000;0,904;5,200;0,904;4,300;1,930;4,800;3,769;2,100;1,930;3,700
4718610055;0,678;15,800;0,858;4,000;0,858;13,000;0,422;49,878;1,323;2,900;0,697;16,468;1,732;0,936;2,240;0,720;0,000;117,900;1,732;2,000;3;0;3;0,355;10,800;0,704;5,900;0,704;6,100;0,744;3,400;0,704;5,200;0,704;5,300;1,732;5,100;2,174;2,100;0,744;4,100
4718610056;0,652;15,100;1,110;3,300;1,102;12,700;0,525;49,398;1,608;3,000;0,603;16,468;1,913;0,936;2,593;0,720;0,000;114,900;2,070;2,000;5;0;5;0,000;10,400;0,603;5,900;0,603;6,100;1,099;3,000;0,603;5,200;0,603;4,900;1,913;5,100;2,324;2,100;1,099;3,700
4718611001;0,223;16,300;0,940;4,000;0,335;13,800;0,409;49,578;1,035;3,100;0,827;16,628;1,393;0,936;1,318;0,720;0,000;120,600;0,827;2,400;5;0;5;0,228;10,700;1,348;5,800;1,318;6,000;0,228;3,400;1,348;5,100;0,228;5,200;1,318;5,400;1,863;2,400;0,228;4,100
4718611002;0,251;16,300;0,819;4,000;0,207;13,500;0,514;48,858;0,899;3,500;0,894;16,628;1,537;0,936;1,319;0,720;0,144;119,500;0,894;2,400;0;0;0;0,182;10,700;1,437;5,800;1,319;6,000;0,182;3,400;1,437;5,100;0,182;5,200;1,319;5,400;2,007;2,400;0,182;4,100
4718611003;0,388;16,700;0,820;4,000;0,082;13,500;0,587;48,858;0,820;3,500;0,860;17,148;1,630;0,936;1,221;0,720;0,221;119,100;0,860;2,400;0;0;0;0,082;10,700;1,511;5,800;1,221;6,000;0,304;3,400;1,511;5,100;0,304;5,200;1,221;5,400;2,095;2,400;0,304;4,100
4718611004;0,427;16,700;0,775;4,000;0,000;13,500;0,515;48,858;0,742;3,500;0,905;17,148;1,712;0,936;1,221;0,720;0,140;119,100;0,906;2,400;0;0;0;0,000;10,700;1,503;5,800;1,221;6,000;0,349;3,400;1,503;5,100;0,349;5,200;1,221;5,400;2,176;2,400;0,349;4,100
4718611005;0,482;16,700;0,741;4,000;0,140;13,500;0,425;48,858;0,627;3,500;0,767;17,538;1,846;0,936;1,206;0,720;0,000;118,300;0,971;2,400;15;0;15;0,140;10,700;1,530;5,800;1,206;6,000;0,467;3,400;1,530;5,100;0,467;5,200;1,206;5,400;2,309;2,400;0,467;4,100
4718611006;0,399;16,300;0,593;4,000;0,234;13,500;0,283;49,338;0,510;3,500;0,711;17,018;1,932;0,936;1,348;0,720;0,000;117,100;1,118;2,000;3;0;3;0,234;10,700;1,403;5,800;1,348;6,000;0,464;3,400;1,403;5,100;0,464;5,200;1,348;5,400;2,400;2,400;0,464;4,100
4718611007;0,462;16,400;0,575;4,000;0,477;13,100;0,178;49,450;0,278;3,500;0,462;17,538;2,186;0,936;1,412;0,720;0,178;116,500;1,297;2,100;0;0;0;0,477;10,400;1,454;5,500;1,412;5,700;0,711;3,400;1,454;4,800;0,711;4,900;1,412;5,100;2,652;2,100;0,711;4,100
4718611008;0,543;16,300;0,670;4,000;0,363;13,100;0,284;49,338;0,420;3,500;0,543;17,018;2,074;0,936;1,284;0,720;0,186;116,700;1,154;2,000;0;0;0;0,363;10,700;1,528;5,800;1,284;6,000;0,646;3,400;1,528;5,100;0,646;5,200;1,284;5,400;2,537;2,400;0,646;4,100
4718611009;0,282;16,400;0,329;4,000;0,329;13,100;0,210;49,350;0,461;3,500;0,778;17,148;2,025;0,936;1,618;0,720;0,210;117,000;1,354;2,000;0;0;0;0,449;10,400;1,142;5,500;1,142;5,700;0,486;3,400;1,142;4,800;0,486;4,900;1,618;5,100;2,498;2,100;0,486;4,100
4718611010;0,487;16,400;0,397;4,000;0,397;13,100;0,000;49,930;0,261;3,500;0,570;17,538;2,183;0,936;1,568;0,720;0,000;117,300;1,395;2,100;3;0;3;0,515;10,400;1,277;5,500;1,277;5,700;0,661;3,400;1,277;4,800;0,661;4,900;1,568;5,100;2,655;2,100;0,661;4,100
4718611012;0,370;15,900;0,514;4,000;0,514;13,100;0,261;49,606;0,000;3,200;0,370;18,058;2,436;0,936;1,648;0,720;0,000;116,900;1,574;2,000;19;0;19;0,742;10,400;1,390;5,500;1,390;5,700;0,921;3,400;1,390;4,800;0,921;4,900;1,648;5,100;2,906;2,100;0,921;4,100
4718611013;0,299;15,900;0,673;4,000;0,673;13,100;0,365;50,326;0,221;3,200;0,299;18,058;2,653;0,936;1,751;0,720;0,221;116,500;1,746;2,000;0;0;0;0,950;10,000;1,508;5,500;1,508;5,700;1,142;3,000;1,508;4,800;1,142;4,500;1,751;5,100;3,122;2,100;1,142;3,700
4718611014;0,119;15,900;0,735;4,000;0,349;13,500;0,422;49,110;0,921;3,500;1,050;16,108;1,539;0,936;1,500;0,720;0,000;118,900;1,050;2,000;12;0;12;0,000;10,400;1,271;5,500;1,271;5,700;0,000;3,400;1,271;4,800;0,000;4,900;1,500;5,100;2,013;2,100;0,000;4,100
4718611015;0,000;15,600;0,484;4,000;0,427;13,500;0,487;49,350;0,743;3,500;1,045;15,808;1,776;0,936;1,647;0,720;0,000;117,500;1,266;2,000;22;0;22;0,254;10,400;1,080;5,500;1,080;5,700;0,254;3,400;1,080;4,800;0,254;4,900;1,647;5,100;2,249;2,100;0,254;4,100
4718611016;0,471;16,300;1,144;3,600;0,367;13,400;0,578;49,110;0,842;3,500;0,576;16,328;1,333;0,936;1,091;0,720;0,197;120,700;0,576;2,400;0;0;0;0,415;10,700;1,170;5,800;1,091;6,000;0,474;3,400;1,170;5,100;0,474;5,200;1,091;5,400;1,787;2,400;0,474;4,100
4718611017;0,368;16,700;0,778;4,000;0,547;13,100;0,384;50,278;0,385;3,500;0,368;17,538;2,244;0,936;1,263;0,720;0,368;117,100;1,241;2,100;0;0;0;0,547;10,700;1,661;5,800;1,263;6,000;0,844;3,400;1,661;5,100;0,844;5,200;1,263;5,400;2,702;2,400;0,844;4,100
4718611018;0,521;14,900;1,549;3,600;1,540;12,000;0,420;49,702;1,087;2,800;0,807;17,928;3,409;0,936;2,041;0,600;0,145;112,900;2,303;2,000;0;0;0;0,954;9,400;0,954;5,600;2,041;5,100;0,954;3,100;0,954;5,500;1,974;3,600;2,041;4,800;3,840;1,800;1,974;3,400
4718611019;0,294;16,200;1,038;3,600;1,038;12,600;0,000;50,890;0,554;3,200;0,294;18,448;2,901;0,936;1,737;0,720;0,135;115,000;1,871;2,000;0;0;0;1,192;9,600;1,323;5,500;1,737;5,700;1,323;3,000;1,323;4,800;1,440;4,500;1,737;5,100;3,362;2,100;1,440;3,700
4718611020;0,202;15,900;0,909;4,000;0,909;12,700;0,135;50,686;0,419;3,200;0,202;18,448;2,783;0,936;1,695;0,720;0,000;116,100;1,784;2,000;5;0;5;1,072;9,600;1,421;5,500;1,695;5,700;1,310;3,000;1,421;4,800;1,310;4,500;1,695;5,100;3,246;2,100;1,310;3,700
4718611021;0,751;13,400;1,707;3,300;1,313;11,400;0,581;45,682;1,556;2,600;0,581;15,678;3,942;0,936;3,052;0,720;0,000;105,000;3,115;1,800;3;0;3;0,644;9,100;0,644;5,300;2,053;5,100;0,644;3,100;0,644;5,200;2,053;3,600;1,036;4,800;4,416;1,800;1,036;3,400
4718611022;0,488;16,200;1,213;3,600;1,213;12,600;0,139;50,890;0,746;3,200;0,488;18,448;3,098;0,936;1,865;0,720;0,000;113,700;2,045;2,000;4;0;4;1,149;9,600;1,149;5,800;1,865;5,700;1,149;2,700;1,149;5,100;1,640;4,200;1,865;5,100;3,557;1,800;1,640;3,400
4718611025;0,387;16,200;1,186;3,600;1,186;12,600;0,000;50,890;0,693;3,200;0,387;18,448;2,991;0,936;1,727;0,720;0,139;114,000;1,915;2,000;0;0;0;1,282;9,600;1,282;5,800;1,727;5,700;1,282;2,700;1,282;5,100;1,557;4,200;1,727;5,100;3,447;1,800;1,557;3,400
4718611026;0,507;15,900;1,251;3,600;1,251;12,600;0,387;50,530;0,850;3,200;0,570;18,448;3,265;0,936;2,110;0,720;0,000;114,200;2,261;2,000;15;0;15;0,935;9,400;0,935;5,600;1,972;5,100;0,935;3,100;0,935;5,500;1,769;3,600;1,996;4,800;3,730;1,800;1,769;3,400
4718611027;0,557;15,300;1,404;3,600;1,404;12,000;0,301;49,342;0,946;3,200;0,681;18,448;3,291;0,936;1,987;0,720;0,000;113,300;2,211;2,000;4;0;4;1,002;9,000;1,002;5,200;1,987;5,100;1,002;2,700;1,002;5,100;1,840;3,600;1,987;4,800;3,748;1,800;1,840;3,400
4718611028;0,557;16,300;1,129;3,600;0,354;13,100;0,688;49,338;0,915;3,900;0,557;16,328;1,550;0,936;0,915;1,120;0,407;120,700;0,557;2,400;0;0;0;0,354;11,100;1,301;5,800;0,915;6,400;0,585;3,400;1,301;5,100;0,585;5,200;0,915;5,800;1,993;2,400;0,585;4,100
4718611029;0,380;16,300;0,966;4,000;0,237;13,800;0,579;49,338;0,979;3,500;0,728;16,628;1,482;0,936;1,162;0,720;0,173;120,200;0,728;2,400;0;0;0;0,237;10,700;1,352;5,800;1,162;6,000;0,342;3,400;1,352;5,100;0,342;5,200;1,162;5,400;1,944;2,400;0,342;4,100
4718611031;1,195;12,300;2,900;2,700;0,000;10,900;0,887;43,806;2,539;3,100;1,823;14,038;4,938;0,936;3,508;0,600;0,000;95,600;3,837;2,000;9;0;9;0,887;8,800;0,887;5,300;3,461;4,500;0,887;3,100;0,887;4,900;3,459;3,300;1,760;4,200;5,365;1,200;1,760;3,300
4718611032;0,939;13,000;2,564;2,700;0,516;10,900;0,517;45,022;2,266;3,100;1,433;14,338;4,700;0,936;3,445;0,720;0,000;98,900;3,687;1,800;8;0;8;0,517;8,800;0,517;5,300;3,040;4,500;0,517;3,100;0,517;4,900;3,040;3,300;1,277;4,200;5,167;1,200;1,277;3,100
4718611033;0,000;13,600;1,710;3,600;1,195;11,700;0,446;48,082;1,350;3,100;0,720;17,018;3,772;0,936;2,544;0,720;0,000;110,800;2,750;1,800;10;0;10;0,446;9,400;0,446;5,600;2,337;5,100;0,446;3,100;0,446;5,500;2,271;3,600;1,680;4,800;4,237;1,800;1,680;3,400
4718611034;0,446;13,600;2,053;3,000;0,887;11,800;0,000;45,774;1,750;3,100;0,941;16,238;4,185;0,936;2,988;0,720;0,000;103,800;3,192;1,800;5;0;5;0,000;9,400;0,000;5,600;2,574;5,100;0,000;3,100;0,000;5,500;2,574;3,600;1,341;4,800;4,653;1,800;1,341;3,400
4718611035;0,418;13,600;2,122;3,000;0,778;11,800;0,257;44,802;1,767;3,100;1,073;16,108;4,183;0,936;2,877;0,720;0,000;104,400;3,132;1,800;9;0;9;0,257;9,400;0,257;5,600;2,713;5,100;0,257;3,100;0,257;5,500;2,688;3,600;1,584;4,800;4,646;1,800;1,584;3,400
4718611036;0,504;14,700;1,150;3,600;1,150;12,000;0,000;50,278;0,976;3,000;0,000;17,368;3,367;0,936;2,522;0,720;0,000;113,100;2,543;2,000;14;0;14;0,941;9,400;0,941;5,300;1,641;5,100;0,941;3,400;0,941;5,200;1,641;3,900;1,586;4,800;3,840;2,100;1,586;3,700
4718611037;1,404;12,000;3,015;2,700;0,558;10,600;0,711;44,134;2,730;3,100;1,847;13,738;5,165;0,468;3,890;0,720;0,000;92,300;4,148;2,000;6;0;6;0,980;8,200;0,980;5,000;3,448;3,900;0,980;2,800;0,980;4,300;3,448;3,300;1,335;3,600;5,632;1,200;1,335;3,000
4718611038;0,558;13,600;2,246;3,000;0,724;11,800;0,530;44,962;1,846;3,100;1,271;16,108;4,221;0,936;2,802;0,600;0,000;103,600;3,113;1,800;4;0;4;0,530;9,400;0,530;5,600;2,802;5,100;0,530;3,100;0,530;5,500;2,760;3,600;1,841;4,800;4,643;1,800;1,841;3,400
4718611039;1,221;11,500;2,608;2,700;1,427;9,900;0,680;43,570;2,554;2,600;0,529;13,878;4,858;0,936;4,088;0,720;0,000;93,400;4,127;1,800;2;0;2;1,341;8,100;0,000;5,000;2,693;4,500;0,000;3,100;1,341;4,200;2,693;3,300;0,000;4,600;5,330;1,200;0,000;3,500
4718611040;0,000;15,500;0,883;4,000;0,883;13,100;0,294;50,530;0,370;3,200;0,000;17,928;2,610;0,936;1,500;0,720;0,000;115,200;1,584;2,000;16;0;16;0,905;10,300;1,614;5,800;1,500;6,000;1,172;3,000;1,614;5,100;1,172;4,800;1,500;5,400;3,070;2,400;1,172;3,700
4718611041;1,590;11,500;2,919;2,700;1,221;10,200;0,000;42,734;2,748;2,600;1,157;13,478;5,155;0,468;4,129;0,720;0,000;90,700;4,278;1,800;4;0;4;1,156;7,500;0,680;4,700;3,173;3,600;0,680;2,800;1,156;3,600;3,173;3,000;0,680;3,700;5,628;1,200;0,680;2,900
4718611042;1,029;14,100;2,120;3,600;1,545;12,000;0,936;48,226;1,617;3,100;1,266;16,888;3,695;0,936;2,021;0,600;0,000;108,900;2,460;2,000;13;0;13;1,340;9,300;1,340;5,500;2,021;5,400;1,340;2,700;1,340;5,400;2,403;3,900;2,021;5,100;3,930;2,100;2,403;3,400
4718611043;0,852;13,100;2,159;2,700;1,117;10,800;0,488;44,802;1,960;2,600;1,013;14,768;4,377;0,936;3,357;0,720;0,000;99,800;3,487;1,800;4;0;4;0,488;9,100;0,488;6,000;2,517;4,800;0,488;3,500;0,488;5,200;2,517;3,300;0,853;4,900;4,850;1,500;0,853;3,500
4718612001;13,269;4,800;14,386;0,800;10,339;4,500;3,811;19,596;13,735;1,000;13,388;5,286;14,818;0,468;16,580;0,220;0,000;37,300;15,587;0,700;2;0;2;12,331;3,300;14,410;1,900;14,410;1,800;12,331;1,000;14,410;1,600;12,331;1,400;14,737;1,300;12,331;0,800;12,331;1,100
4718612002;3,648;9,600;5,368;1,800;2,775;8,300;2,034;37,350;3,764;2,000;2,990;11,358;7,683;0,468;6,266;0,300;0,000;68,500;6,611;1,700;6;0;6;3,466;5,700;3,349;4,000;5,909;3,000;3,349;2,100;3,466;3,300;5,909;2,400;3,349;3,000;8,139;1,200;3,349;2,400
4718612003;6,594;7,900;11,090;1,800;8,489;6,600;0,000;29,664;8,205;1,600;8,058;9,458;13,533;0,468;12,217;0,300;0,000;57,800;5,217;1,400;3;0;3;8,165;4,700;8,165;3,000;11,497;2,600;8,805;1,500;8,165;2,800;11,497;2,000;8,805;2,500;14,005;1,200;7,587;2,100
4718612004;3,131;10,200;4,173;2,400;2,801;8,900;2,801;37,690;3,979;2,100;3,417;10,786;4,595;0,936;6,422;0,420;0,000;79,600;5,742;1,400;2;0;2;2,128;7,200;4,516;4,300;4,516;4,500;2,128;2,100;4,516;3,900;2,128;3,300;4,516;3,600;2,128;1,800;2,128;2,500
4718701001;11,974;0,500;49,829;0,000;11,974;1,000;11,974;1,860;39,323;0,000;11,974;0,650;54,357;0,000;48,524;0,000;12,840;1,700;16,434;0,500;0;0;0;14,640;0,300;14,640;0,300;50,185;0,000;42,809;0,000;42,809;0,000;48,382;0,000;11,974;0,600;52,721;0,000;14,640;0,400
4718801001;15,014;0,700;30,977;0,000;6,842;0,900;6,842;4,752;12,417;0,400;10,052;1,240;32,664;0,000;18,670;0,120;10,052;4,700;27,849;0,300;0;0;0;23,797;0,300;13,692;0,400;30,369;0,000;23,797;0,200;23,797;0,100;24,688;0,100;29,011;0,100;31,818;0,000;23,797;0,300
4718901001;9,441;0,800;7,067;0,300;9,649;1,100;6,462;4,250;7,708;0,500;9,449;1,040;50,815;0,000;6,462;0,390;23,825;0,300;3,818;1,700;0;0;0;44,023;0,000;11,679;0,300;48,896;0,000;46,205;0,000;11,679;0,300;38,845;0,000;46,205;0,000;50,675;0,000;24,962;0,200
4719001001;5,823;3,300;22,245;0,600;8,044;2,600;4,198;12,852;4,198;1,200;4,603;4,106;24,206;0,156;21,736;0,220;4,603;22,100;19,699;0,800;0;0;0;20,597;1,700;4,268;1,700;21,791;1,000;19,968;0,500;21,231;1,000;21,791;0,800;19,968;0,900;23,918;0,400;19,699;0,700
4719101001;7,158;3,400;18,003;0,600;8,156;3,000;7,089;14,046;7,089;0,800;8,156;3,786;19,945;0,156;19,793;0,220;5,467;22,900;17,364;0,900;0;0;0;16,341;1,700;0,000;2,100;17,534;1,000;15,769;0,500;17,051;1,000;17,534;0,800;15,769;0,900;19,658;0,400;15,769;0,700
4719201001;5,264;3,500;16,648;0,700;5,264;3,300;4,788;15,574;17,088;0,800;13,496;4,726;27,394;0,156;17,298;0,230;12,804;20,500;4,788;2,400;0;0;0;20,389;1,700;13,756;1,400;25,642;1,000;22,983;0,500;13,756;1,200;25,642;0,800;22,983;0,900;27,025;0,400;7,708;0,900
4719301001;8,353;6,500;11,470;1,300;8,353;5,200;0,000;26,564;7,804;1,700;6,600;8,048;15,319;0,156;13,559;0,430;5,217;43,600;0,000;2,600;0;15;15;8,022;3,700;8,022;2,400;13,559;1,800;11,341;1,100;8,022;2,000;13,876;1,600;11,389;1,700;14,640;0,600;4,684;1,800
4719401001;8,322;0,800;32,046;0,000;8,725;0,900;7,504;5,374;8,322;0,600;8,322;1,686;35,949;0,000;31,725;0,000;0,000;3,100;32,042;0,000;2;0;2;27,477;0,100;31,396;0,000;31,396;0,000;35,351;0,000;31,396;0,000;8,322;0,300;31,396;0,000;31,396;0,000;14,662;0,300
4719501001;7,132;3,600;16,075;0,600;8,431;3,000;5,326;15,376;7,132;0,800;8,657;3,656;17,798;0,156;17,096;0,100;8,657;21,800;13,793;1,000;0;0;0;13,500;1,900;13,500;1,200;13,500;1,200;17,798;0,500;13,500;1,100;13,500;1,000;13,500;1,100;13,500;0,600;16,617;0,800
4719601001;7,682;0,700;34,525;0,000;7,682;1,000;7,682;2,192;17,721;0,100;10,986;0,650;39,233;0,000;29,026;0,120;11,298;1,000;24,011;0,300;0;0;0;15,056;0,200;31,017;0,000;37,467;0,000;27,031;0,100;27,031;0,100;37,467;0,000;10,986;0,300;38,491;0,000;27,031;0,200
4719701001;11,319;0,500;36,950;0,000;11,319;0,900;0,000;3,344;11,319;0,300;4,988;0,910;37,246;0,000;9,499;0,360;4,988;1,900;35,473;0,000;0;0;0;5,546;0,600;30,654;0,000;36,193;0,000;5,546;0,300;5,546;0,300;34,944;0,000;31,241;0,000;34,944;0,000;5,546;0,300
4719801001;9,695;0,800;45,632;0,000;9,695;1,200;9,695;1,660;38,249;0,000;9,695;0,650;48,292;0,000;44,631;0,000;14,674;1,400;10,718;1,300;0;0;0;21,588;0,100;21,588;0,100;46,194;0,000;44,422;0,000;44,422;0,000;43,713;0,000;9,695;0,400;46,521;0,000;10,718;0,500
4719901001;8,278;0,600;46,434;0,000;8,278;1,000;7,357;2,024;27,974;0,100;8,278;0,650;50,774;0,000;36,415;0,000;5,774;1,600;25,029;0,400;0;0;0;17,921;0,200;17,921;0,100;46,693;0,000;30,665;0,000;30,665;0,000;48,857;0,000;8,278;0,400;49,659;0,000;17,921;0,200
4720001001;22,615;0,300;35,696;0,000;9,699;0,700;9,699;2,834;22,615;0,100;21,757;0,390;36,199;0,000;36,841;0,000;16,523;0,300;27,307;0,300;0;0;0;16,523;0,100;36,108;0,000;36,108;0,000;28,801;0,100;36,108;0,000;28,801;0,100;32,109;0,000;36,108;0,000;26,643;0,100
4720301001;4,917;1,200;33,362;0,000;4,917;1,400;4,917;2,604;24,639;0,100;7,065;0,650;37,190;0,000;33,362;0,000;16,157;0,700;16,453;0,600;0;0;0;22,581;0,100;30,388;0,000;35,230;0,000;34,534;0,000;34,534;0,000;35,230;0,000;7,065;0,300;35,969;0,000;21,305;0,200
4720401001;11,285;0,500;35,306;0,000;12,035;0,600;5,815;2,880;12,035;0,400;6,785;1,222;36,683;0,000;35,456;0,000;6,785;1,900;6,785;0,400;0;0;0;12,035;0,600;30,437;0,000;36,741;0,000;30,437;0,000;32,171;0,000;12,035;0,300;36,741;0,000;36,741;0,000;30,437;0,000
4720501001;17,942;0,300;40,325;0,000;0,000;1,500;11,343;1,796;20,457;0,100;13,340;0,780;48,545;0,000;20,359;0,120;11,223;1,000;44,911;0,000;0;0;0;10,922;0,600;31,558;0,000;40,350;0,000;10,922;0,300;10,922;0,300;43,952;0,000;27,986;0,100;46,213;0,000;10,922;0,300
4720601001;24,544;0,300;33,490;0,000;6,090;0,800;6,090;3,906;24,544;0,300;24,267;0,390;34,915;0,000;34,861;0,000;18,797;0,500;25,325;0,400;0;0;0;18,797;0,100;31,702;0,000;31,702;0,000;32,882;0,000;31,702;0,000;31,702;0,000;30,837;0,000;31,702;0,000;26,521;0,100
4720701001;18,659;0,200;40,273;0,000;13,341;0,600;9,443;1,640;20,136;0,100;14,430;0,520;40,939;0,000;11,650;0,360;14,430;1,100;39,887;0,000;0;0;0;4,022;0,700;29,506;0,100;39,415;0,000;4,022;0,600;4,022;0,600;32,749;0,000;39,142;0,000;38,943;0,000;4,022;0,600
4720801001;10,874;0,500;46,311;0,000;10,874;1,100;8,063;1,960;35,932;0,000;10,874;0,520;54,733;0,000;44,442;0,000;8,063;1,900;20,664;0,400;0;0;0;12,748;0,300;12,748;0,300;46,641;0,000;38,283;0,000;38,283;0,000;52,710;0,000;10,874;0,600;53,296;0,000;12,748;0,400
4720901001;18,106;0,400;38,492;0,000;13,334;0,900;8,567;1,556;26,694;0,100;18,106;0,520;56,973;0,000;31,660;0,000;5,926;1,300;35,027;0,000;0;0;0;18,892;0,300;18,892;0,100;38,683;0,000;23,753;0,100;23,753;0,100;54,482;0,000;18,106;0,200;54,482;0,000;18,892;0,200
4721001001;15,740;0,600;33,849;0,000;11,254;0,700;11,254;3,432;13,202;0,400;10,430;0,780;37,702;0,000;26,300;0,120;4,810;2,700;21,785;0,200;0;0;0;20,259;0,200;17,779;0,200;35,302;0,000;30,471;0,000;27,361;0,100;20,259;0,100;33,528;0,000;37,256;0,000;30,471;0,000
4721101001;15,487;0,400;43,936;0,000;8,774;0,900;8,774;1,804;40,105;0,000;15,487;0,260;54,328;0,000;47,999;0,000;8,774;1,800;20,776;0,500;0;0;0;8,774;0,400;8,774;0,300;44,299;0,000;41,192;0,000;41,192;0,000;53,429;0,000;8,774;0,400;56,436;0,000;8,774;0,400
4721201001;9,137;3,000;23,298;0,700;9,137;2,700;10,143;10,396;9,137;0,700;16,339;2,910;23,879;0,156;18,377;0,340;9,137;20,300;15,842;0,600;0;0;0;15,516;1,800;23,179;1,000;23,179;1,000;21,339;0,600;23,669;0,900;21,339;0,800;23,669;0,900;21,339;0,400;21,339;0,700
4721301001;17,505;0,400;38,664;0,000;3,639;0,900;3,639;2,656;17,947;0,200;17,195;0,650;40,251;0,000;21,125;0,120;8,418;1,600;23,040;0,100;0;0;0;17,947;0,300;21,662;0,100;38,016;0,000;22,578;0,100;22,578;0,100;17,947;0,100;36,800;0,000;39,224;0,000;22,578;0,100
4721401001;0,000;1,500;40,343;0,000;0,000;1,900;0,000;3,228;28,576;0,100;0,000;1,560;43,982;0,000;39,147;0,000;12,670;1,300;17,400;0,500;0;0;0;23,452;0,200;23,452;0,100;41,983;0,000;35,345;0,000;35,345;0,000;41,983;0,000;0,000;1,100;42,634;0,000;18,778;0,200
4721501001;21,409;0,400;39,904;0,000;5,272;0,900;11,630;2,108;21,409;0,100;14,949;0,780;50,937;0,000;24,085;0,120;8,797;1,300;40,400;0,000;0;0;0;14,822;0,500;26,786;0,100;39,995;0,000;15,624;0,100;15,624;0,100;48,516;0,000;23,218;0,200;48,516;0,000;15,624;0,200
4721601001;6,908;3,900;15,707;0,600;9,707;3,700;6,908;17,006;9,504;1,000;9,707;4,376;17,587;0,156;17,538;0,220;4,291;28,900;16,520;0,800;0;0;0;14,009;2,100;2,505;2,100;15,196;1,000;13,574;0,900;14,883;1,200;15,196;0,800;13,574;1,100;17,207;0,400;13,574;0,900
4721701001;11,170;7,700;12,128;1,600;7,298;6,700;0,000;27,438;11,954;1,600;11,292;7,906;12,418;0,468;13,965;0,420;0,000;57,500;13,342;1,000;4;0;4;10,144;4,900;11,525;2,700;11,525;2,800;10,144;1,600;11,525;2,400;10,144;2,200;12,418;2,500;10,144;1,000;10,144;2,000
4721701002;7,958;8,000;8,957;1,800;3,851;7,200;0,000;29,258;9,308;1,800;8,068;8,626;9,251;0,468;10,622;0,420;0,000;59,700;10,035;1,100;2;0;2;7,250;5,200;8,068;3,100;8,068;3,000;7,250;1,500;8,068;2,700;7,250;2,400;9,165;2,700;7,250;1,200;7,250;1,900
4721801001;5,096;4,400;16,685;0,700;5,096;3,800;0,000;19,332;11,834;1,300;6,637;5,698;19,081;0,156;17,832;0,230;4,810;25,200;6,265;1,500;0;0;0;13,618;2,100;11,511;2,000;16,947;1,000;14,276;0,900;13,618;1,400;16,947;0,800;14,276;1,100;19,555;0,400;6,265;1,100
4721901001;7,133;0,500;47,182;0,000;7,133;0,900;7,133;1,704;34,335;0,000;7,133;0,390;50,561;0,000;43,832;0,000;11,299;1,500;17,536;0,400;0;0;0;17,068;0,200;17,068;0,100;48,522;0,000;38,605;0,000;38,605;0,000;48,522;0,000;7,133;0,400;49,070;0,000;17,068;0,200
4722001001;11,663;0,500;41,579;0,000;11,663;0,900;11,663;1,668;27,384;0,200;11,663;0,650;48,148;0,000;19,211;0,120;21,041;0,600;36,969;0,000;0;0;0;10,756;0,500;34,999;0,000;41,423;0,000;10,756;0,300;10,756;0,300;29,197;0,100;42,662;0,000;46,249;0,000;10,756;0,300
4722101001;15,764;2,800;19,839;0,600;9,871;3,200;9,871;13,334;15,764;0,700;17,388;3,326;21,395;0,156;21,518;0,100;16,565;19,800;14,899;0,900;0;0;0;18,321;1,800;18,321;1,000;18,321;1,000;21,395;0,500;18,321;0,900;18,321;0,800;18,321;1,000;18,321;0,400;20,297;0,600
4722201001;8,693;0,500;36,397;0,000;8,693;0,600;5,638;2,284;8,693;0,300;8,115;0,520;38,714;0,000;19,154;0,120;7,115;1,400;31,005;0,000;0;0;0;5,291;0,400;36,166;0,000;38,300;0,000;18,110;0,100;18,110;0,100;36,176;0,000;20,263;0,100;36,176;0,000;18,110;0,100
4722301001;17,084;0,300;43,248;0,000;11,970;0,700;11,970;1,412;25,114;0,200;17,084;0,520;44,266;0,000;16,847;0,120;21,516;0,700;32,463;0,000;0;0;0;11,785;0,500;29,628;0,100;42,442;0,000;11,785;0,300;11,785;0,300;25,114;0,100;42,051;0,000;42,561;0,000;11,785;0,300
4722401001;11,712;5,700;13,686;1,400;6,983;5,300;6,146;19,536;11,867;1,100;12,823;5,746;15,244;0,156;15,382;0,100;10,425;34,300;10,188;1,400;0;0;0;12,268;3,100;12,268;2,000;12,268;2,400;15,244;0,500;12,268;1,900;12,268;1,800;12,268;2,100;12,268;1,000;14,143;1,000
4722501001;15,136;2,800;26,535;0,600;9,643;2,500;5,072;10,632;13,033;0,900;11,668;2,940;28,019;0,156;13,782;0,460;11,668;19,200;28,160;0,300;0;0;0;20,844;1,800;11,029;1,200;25,846;0,900;20,844;0,600;20,844;0,900;25,846;0,700;24,839;0,800;26,900;0,300;20,844;0,800
4722601001;14,156;3,100;22,203;0,600;11,528;3,000;10,128;12,596;14,156;0,900;15,590;3,196;23,749;0,156;23,388;0,100;15,590;19,200;19,218;0,600;0;0;0;19,864;1,800;19,864;1,000;19,864;1,000;23,749;0,500;19,864;0,900;19,864;0,800;19,864;0,900;19,864;0,400;22,576;0,700
4722701001;17,796;0,200;42,389;0,000;10,985;0,600;10,985;1,532;21,540;0,100;17,796;0,650;45,298;0,000;19,683;0,120;18,354;0,800;28,980;0,100;0;0;0;15,388;0,400;30,084;0,000;43,992;0,000;15,388;0,100;15,388;0,100;21,540;0,100;43,397;0,000;44,364;0,000;15,388;0,100
4722801001;5,728;1,000;9,592;0,300;8,732;1,200;6,070;4,966;5,405;0,400;8,468;1,170;44,439;0,000;7,780;0,390;14,610;1,000;4,779;2,000;0;0;0;38,505;0,000;6,070;0,300;42,277;0,000;39,622;0,000;6,070;0,300;38,636;0,000;39,622;0,000;44,913;0,000;26,466;0,100
4722901001;17,475;0,300;37,390;0,000;14,612;0,800;4,748;2,268;30,531;0,000;17,475;0,520;58,982;0,000;35,937;0,000;4,748;1,700;32,830;0,000;0;0;0;14,612;0,500;14,612;0,300;37,631;0,000;27,998;0,100;27,998;0,100;57,140;0,000;14,612;0,400;58,050;0,000;14,612;0,400
4723001001;10,615;4,000;14,800;0,800;10,232;3,700;5,827;18,266;15,227;0,800;12,447;5,226;15,697;0,156;14,477;0,460;6,229;32,400;16,206;0,700;0;0;0;13,114;2,700;11,172;1,700;13,961;1,200;13,995;1,000;13,961;1,200;13,961;1,200;13,995;1,100;14,044;0,600;13,995;1,200
4723101001;5,252;8,200;6,569;1,800;1,986;7,400;1,986;31,130;7,035;1,800;5,401;8,626;7,341;0,468;8,385;0,420;0,000;61,500;7,874;1,200;2;0;2;5,034;5,100;5,696;3,300;5,696;3,000;5,912;1,500;5,696;2,700;5,696;2,400;6,438;2,700;5,912;1,200;5,912;1,900
4723101002;3,110;9,500;4,851;2,100;2,431;8,100;2,263;35,486;5,252;1,800;3,169;11,528;6,169;0,468;6,773;0,420;2,239;71,100;6,374;1,400;0;0;0;3,126;6,000;4,061;3,900;4,061;3,300;4,251;1,800;4,061;3,000;4,061;2,700;4,251;3,000;5,524;1,200;4,251;2,200
4723101003;4,323;9,600;5,120;1,800;0,000;9,000;0,000;37,442;5,623;1,800;4,233;10,226;5,506;0,468;6,775;0,420;0,000;74,300;6,199;1,500;4;0;4;3,921;6,300;4,233;3,400;4,233;3,300;3,926;1,800;4,233;3,000;3,926;3,000;5,506;2,700;3,926;1,500;3,926;2,200
4723101004;2,104;12,800;2,866;3,000;2,104;10,700;0,000;44,162;3,342;2,700;1,989;14,078;3,909;0,936;4,691;0,720;0,000;102,400;4,215;1,900;2;0;2;1,554;8,700;1,989;4,900;1,989;4,800;3,199;3,000;1,989;4,500;1,989;3,600;3,441;4,500;3,534;1,800;3,199;3,400
4723201001;7,834;0,900;12,491;0,300;6,024;1,500;6,024;5,538;11,654;0,600;7,834;2,180;42,819;0,000;14,384;0,510;26,082;0,300;12,268;1,300;0;0;0;35,224;0,000;17,109;0,100;40,962;0,000;38,946;0,000;17,109;0,100;40,687;0,000;38,989;0,000;41,247;0,000;23,322;0,300
4900201001;13,224;0,600;28,182;0,300;12,648;0,800;12,890;2,680;12,648;0,400;13,224;1,478;31,092;0,000;28,182;0,100;15,724;3,000;20,669;0,200;0;0;0;12,648;0,600;25,535;0,100;30,156;0,000;25,535;0,200;29,020;0,100;12,648;0,400;30,156;0,000;30,156;0,000;25,535;0,200
4900301001;0,000;1,000;56,884;0,000;0,000;1,000;0,000;2,116;39,713;0,000;0,000;1,300;56,370;0,000;56,884;0,000;46,162;0,000;21,749;0,200;0;0;0;56,008;0,000;56,008;0,000;56,008;0,000;56,008;0,000;56,008;0,000;56,008;0,000;56,008;0,000;56,008;0,000;12,969;0,300
4900401001;15,809;0,500;19,624;0,300;8,649;0,800;6,445;4,672;24,974;0,100;15,809;0,520;37,643;0,000;59,411;0,000;18,597;1,300;30,219;0,000;0;0;0;18,628;0,200;51,320;0,000;24,667;0,100;24,667;0,100;59,445;0,000;37,764;0,000;51,320;0,000;59,445;0,000;18,628;0,100
4900501001;10,940;0,400;34,041;0,000;10,940;0,600;5,403;2,264;36,424;0,000;10,940;0,620;35,105;0,000;38,457;0,000;21,556;0,400;37,890;0,000;0;0;0;33,620;0,000;36,490;0,000;36,490;0,000;36,490;0,000;36,490;0,000;36,490;0,000;36,490;0,000;36,490;0,000;13,613;0,400
4900601001;12,959;1,600;12,208;0,900;12,208;2,000;8,687;7,860;13,566;0,700;4,656;3,732;15,233;0,156;12,208;0,300;4,649;13,800;13,014;0,400;0;0;0;10,428;1,000;10,428;0,600;14,208;0,300;10,428;0,600;14,208;0,300;10,428;0,700;14,208;0,300;14,208;0,300;10,428;0,300
4900701001;13,591;1,200;15,343;0,300;10,010;2,200;0,000;7,748;13,460;0,600;13,122;2,358;13,626;0,468;15,809;0,100;6,413;11,400;14,960;0,400;0;0;0;14,052;0,400;14,052;0,400;14,052;0,300;14,052;0,400;14,052;0,300;14,052;0,400;14,052;0,300;14,052;0,300;20,085;0,100
4900801001;11,710;0,600;39,107;0,000;11,710;0,700;0,000;3,612;37,757;0,000;11,710;0,880;36,771;0,000;40,030;0,000;28,692;0,200;39,338;0,000;0;0;0;37,989;0,000;37,989;0,000;37,989;0,000;37,989;0,000;37,989;0,000;37,989;0,000;37,989;0,000;37,989;0,000;22,292;0,200
4900901001;12,635;1,600;13,651;0,900;11,958;2,600;11,958;8,448;13,010;0,600;13,111;2,640;14,708;0,468;13,651;0,300;5,954;13,300;13,164;0,700;0;0;0;13,661;0,400;13,661;0,400;13,661;0,300;13,661;0,400;13,661;0,300;13,661;0,400;13,661;0,300;13,661;0,300;18,868;0,100
4901001001;6,094;1,700;6,094;0,900;5,884;2,200;2,718;10,480;6,241;0,700;5,671;3,680;5,697;0,468;6,929;0,300;2,718;14,500;7,168;0,400;0;0;0;4,296;1,100;4,296;0,900;6,540;0,300;4,296;0,900;6,540;0,300;4,296;1,000;6,540;0,300;6,540;0,300;4,296;0,600
4901101001;7,176;0,600;7,323;0,600;6,910;1,200;5,720;5,492;6,910;0,300;6,890;0,780;50,116;0,000;47,173;0,000;5,184;2,400;32,995;0,000;0;0;0;7,176;0,300;42,451;0,000;7,176;0,300;7,176;0,300;48,200;0,000;48,631;0,000;42,451;0,000;48,631;0,000;42,451;0,000
4901201001;14,269;0,300;41,171;0,000;14,269;0,500;8,181;1,722;39,284;0,000;8,181;0,690;39,405;0,000;41,614;0,000;31,066;0,000;29,738;0,100;0;0;0;39,880;0,000;39,880;0,000;39,880;0,000;39,880;0,000;39,880;0,000;39,880;0,000;39,880;0,000;39,880;0,000;30,445;0,000
4901301001;9,907;0,900;26,120;0,300;9,907;1,500;9,273;5,492;26,227;0,300;9,907;1,816;25,312;0,156;26,947;0,100;12,139;6,100;22,942;0,400;0;0;0;22,752;0,400;22,802;0,200;26,438;0,100;22,802;0,200;26,438;0,100;22,802;0,300;26,438;0,100;26,438;0,100;22,802;0,300
4901401001;22,591;0,700;22,803;0,300;9,958;1,100;9,958;3,768;24,265;0,300;19,728;1,348;26,102;0,156;22,803;0,100;9,319;5,900;23,251;0,100;0;0;0;24,123;0,400;24,123;0,200;24,645;0,100;24,123;0,200;24,645;0,100;24,123;0,300;24,645;0,100;24,645;0,100;24,123;0,100
4901501001;15,426;0,500;21,131;0,300;8,965;0,700;5,785;4,416;21,861;0,100;15,426;0,520;40,450;0,000;60,272;0,000;20,228;1,400;32,987;0,000;0;0;0;20,727;0,200;49,285;0,000;21,558;0,100;21,558;0,100;60,293;0,000;40,524;0,000;49,285;0,000;60,293;0,000;20,727;0,100
4901601001;20,855;0,700;20,180;0,300;15,337;0,900;15,277;3,500;21,679;0,300;15,225;1,478;23,530;0,156;20,180;0,100;14,534;5,900;20,785;0,200;0;0;0;20,360;0,400;20,360;0,200;22,175;0,100;20,360;0,200;22,175;0,100;20,360;0,300;22,175;0,100;22,175;0,100;20,360;0,100
4901701001;11,715;0,400;53,559;0,000;11,715;0,800;6,158;1,504;11,715;0,300;11,715;0,390;55,166;0,000;57,426;0,000;55,396;0,000;6,158;0,900;0;0;0;54,399;0,000;55,368;0,000;55,521;0,000;55,332;0,000;55,368;0,000;56,273;0,000;55,521;0,000;85,859;0,000;35,811;0,000
4901801001;12,726;0,700;23,988;0,100;10,174;0,800;9,841;2,948;36,374;0,000;14,349;0,520;35,814;0,000;64,087;0,000;24,562;0,400;29,406;0,100;0;0;0;23,910;0,100;62,369;0,000;36,136;0,000;36,136;0,000;62,369;0,000;36,374;0,000;62,808;0,000;67,052;0,000;23,910;0,100
4901901001;8,037;0,400;8,418;0,600;7,666;0,900;6,274;5,024;7,666;0,300;6,274;0,650;49,817;0,000;46,707;0,000;0,000;3,400;37,449;0,000;2;0;2;8,037;0,300;38,769;0,000;8,037;0,300;8,037;0,300;42,599;0,000;48,324;0,000;38,769;0,000;48,324;0,000;38,769;0,000
4902001001;12,039;0,400;32,845;0,000;12,039;0,700;12,039;1,568;21,841;0,100;12,039;0,962;36,074;0,000;32,049;0,000;22,552;1,300;29,899;0,100;0;0;0;21,841;0,300;31,471;0,000;34,890;0,000;24,778;0,100;24,778;0,100;21,841;0,100;34,890;0,000;34,890;0,000;24,778;0,100
4902101001;1,904;0,700;1,591;1,200;1,591;1,600;0,000;8,724;2,075;0,600;3,852;1,040;56,851;0,000;53,890;0,000;2,075;2,800;37,654;0,000;0;0;0;1,904;0,600;37,995;0,000;1,904;0,600;1,904;0,600;49,872;0,000;55,364;0,000;37,995;0,000;55,364;0,000;36,826;0,000
4902101002;0,217;1,100;0,251;2,000;0,251;2,400;0,251;9,224;0,529;1,000;2,355;1,040;56,960;0,000;53,951;0,000;0,529;3,200;38,954;0,000;0;0;0;0,217;1,000;36,549;0,000;0,217;1,000;0,217;1,000;48,341;0,000;55,469;0,000;36,549;0,000;55,469;0,000;36,549;0,000
4902101003;0,430;1,100;0,000;2,000;0,000;2,400;0,000;9,704;0,776;1,000;2,583;1,040;57,171;0,000;54,166;0,000;0,776;3,200;39,003;0,000;0;0;0;0,430;1,000;36,533;0,000;0,430;1,000;0,430;1,000;48,543;0,000;55,681;0,000;36,533;0,000;55,681;0,000;36,533;0,000
4902101004;0,507;1,100;0,000;2,000;0,531;2,400;0,000;9,304;0,826;1,000;2,370;1,040;57,410;0,000;54,393;0,000;0,826;3,300;39,511;0,000;0;0;0;0,507;1,000;36,009;0,000;0,507;1,000;0,507;1,000;48,190;0,000;55,919;0,000;36,009;0,000;55,919;0,000;36,009;0,000
4902101005;1,105;0,700;0,704;2,000;0,822;2,000;0,000;9,192;1,470;0,600;3,066;1,040;57,989;0,000;54,982;0,000;1,470;3,100;39,629;0,000;0;0;0;1,105;0,600;35,992;0,000;1,105;0,600;1,105;0,600;48,778;0,000;56,499;0,000;35,992;0,000;56,499;0,000;35,992;0,000
4902101006;0,544;1,100;0,186;2,000;0,186;2,400;0,186;9,704;0,910;1,000;2,672;1,040;57,356;0,000;54,350;0,000;0,910;3,200;39,148;0,000;0;0;0;0,544;1,000;36,404;0,000;0,544;1,000;0,544;1,000;48,589;0,000;55,865;0,000;36,404;0,000;55,865;0,000;36,404;0,000
4902101007;0,498;1,100;0,334;2,000;0,334;2,400;0,334;9,524;0,715;1,000;2,558;1,040;56,872;0,000;53,871;0,000;0,715;3,200;38,689;0,000;0;0;0;0,498;1,000;36,829;0,000;0,498;1,000;0,498;1,000;48,572;0,000;55,382;0,000;36,829;0,000;55,382;0,000;36,829;0,000
4902102001;0,000;1,200;0,430;2,000;0,370;2,500;0,430;9,380;0,370;1,000;2,153;1,170;56,918;0,000;53,904;0,000;0,370;3,200;39,080;0,000;0;0;0;0,000;1,000;36,404;0,000;0,000;1,000;0,000;1,000;48,127;0,000;55,428;0,000;36,404;0,000;55,428;0,000;36,404;0,000
4902102002;0,943;1,200;1,244;1,200;0,631;2,100;0,496;8,500;0,631;1,000;1,811;1,170;55,975;0,000;52,962;0,000;0,631;3,400;38,436;0,000;0;0;0;0,943;1,000;36,982;0,000;0,943;1,000;0,943;1,000;47,798;0,000;54,484;0,000;36,982;0,000;54,484;0,000;36,982;0,000
4902102003;0,370;1,200;0,776;2,000;0,000;2,500;0,364;9,380;0,000;1,000;1,844;1,170;56,585;0,000;53,567;0,000;0,000;3,200;38,969;0,000;2;0;2;0,370;1,000;36,479;0,000;0,370;1,000;0,370;1,000;47,858;0,000;55,094;0,000;36,479;0,000;55,094;0,000;36,479;0,000
4902102004;2,153;0,800;2,370;1,200;1,844;1,700;0,000;8,724;1,844;0,600;0,000;1,690;55,754;0,000;52,693;0,000;1,844;3,000;39,614;0,000;0;0;0;2,153;0,600;35,753;0,000;2,153;0,600;2,153;0,600;46,028;0,000;54,261;0,000;35,753;0,000;54,261;0,000;35,753;0,000
4902102005;1,940;0,700;1,434;1,200;1,799;1,600;0,000;8,612;2,249;0,600;3,418;1,040;58,293;0,000;55,803;0,000;2,249;3,400;40,667;0,000;0;0;0;1,940;0,600;34,994;0,000;1,940;0,600;1,940;0,600;48,519;0,000;57,335;0,000;34,994;0,000;57,335;0,000;34,994;0,000
4902102006;2,868;0,700;2,654;1,200;2,824;1,600;2,180;7,832;2,824;0,600;2,180;1,040;57,741;0,000;54,658;0,000;2,824;3,400;41,629;0,000;0;0;0;2,868;0,600;33,759;0,000;2,868;0,600;2,868;0,600;45,849;0,000;56,248;0,000;33,759;0,000;56,248;0,000;33,759;0,000
4902103001;0,219;1,200;0,609;2,000;0,168;2,500;0,340;9,380;0,168;1,000;2,005;1,170;56,703;0,000;53,688;0,000;0,168;3,200;38,963;0,000;0;0;0;0,219;1,000;36,501;0,000;0,219;1,000;0,219;1,000;48,011;0,000;55,212;0,000;36,501;0,000;55,212;0,000;36,501;0,000
4902103002;0,509;1,200;0,751;1,600;0,364;2,500;0,000;8,900;0,364;1,000;2,092;1,170;56,441;0,000;53,431;0,000;0,364;3,200;38,626;0,000;0;0;0;0,509;1,000;36,832;0,000;0,509;1,000;0,509;1,000;48,120;0,000;54,950;0,000;36,832;0,000;54,950;0,000;36,832;0,000
4902201001;15,509;0,700;14,821;0,500;14,821;1,100;9,985;4,152;16,319;0,300;10,304;2,302;18,164;0,156;14,821;0,300;10,304;6,300;15,450;0,200;0;0;0;15,055;0,400;15,055;0,200;16,832;0,100;15,055;0,200;16,832;0,100;15,055;0,300;16,832;0,100;16,832;0,100;15,055;0,100
4902301001;0,000;1,100;33,248;0,000;0,000;1,300;0,000;3,326;31,571;0,000;0,000;1,730;31,078;0,000;33,981;0,000;25,668;0,300;32,602;0,000;0;0;0;31,991;0,000;31,991;0,000;31,991;0,000;31,991;0,000;31,991;0,000;31,991;0,000;31,991;0,000;31,991;0,000;28,350;0,100
4902401001;16,449;0,300;34,149;0,000;16,449;0,500;0,000;4,596;21,198;0,100;13,077;0,832;34,578;0,000;34,720;0,000;12,713;2,100;13,077;0,800;0;0;0;18,393;0,300;29,440;0,100;35,154;0,000;29,440;0,100;35,154;0,000;21,198;0,200;35,154;0,000;35,154;0,000;23,860;0,200
4902501001;16,638;0,400;16,800;0,200;10,231;0,800;6,302;3,420;16,357;0,100;16,057;0,390;41,013;0,000;38,178;0,000;4,143;2,400;26,500;0,100;0;0;0;16,638;0,100;39,539;0,000;16,638;0,100;16,638;0,100;39,539;0,000;39,539;0,000;39,539;0,000;39,539;0,000;41,153;0,000
4902601001;15,788;0,300;15,867;0,200;13,586;0,800;3,068;3,816;15,561;0,100;15,643;0,260;43,270;0,000;40,548;0,000;7,041;2,100;24,926;0,100;0;0;0;15,788;0,100;41,813;0,000;15,788;0,100;15,788;0,100;41,813;0,000;41,813;0,000;41,813;0,000;41,813;0,000;43,762;0,000
4902701001;6,051;0,600;29,861;0,100;5,462;0,900;5,462;2,968;31,515;0,000;6,051;0,520;43,771;0,000;65,641;0,000;29,781;0,100;27,060;0,100;0;0;0;29,401;0,100;63,087;0,000;31,321;0,000;31,321;0,000;66,342;0,000;44,255;0,000;63,087;0,000;66,342;0,000;29,401;0,100
4902801001;12,182;0,600;16,482;0,200;9,730;0,900;7,732;4,408;17,074;0,100;12,182;0,520;48,525;0,000;59,215;0,000;17,074;1,200;31,630;0,000;0;0;0;16,863;0,200;49,682;0,000;16,863;0,100;16,863;0,100;60,298;0,000;48,639;0,000;49,682;0,000;60,298;0,000;28,886;0,100
4902901001;14,428;0,500;14,430;0,600;14,259;1,000;0,000;5,336;14,259;0,300;14,688;0,520;46,100;0,000;43,429;0,000;9,461;2,200;25,006;0,100;0;0;0;14,428;0,300;44,652;0,000;14,428;0,300;14,428;0,300;44,652;0,000;44,652;0,000;44,652;0,000;44,652;0,000;44,546;0,000
4903001001;17,120;0,400;28,594;0,300;17,120;0,600;17,120;1,992;17,399;0,100;17,120;0,958;31,734;0,000;28,594;0,100;17,604;2,100;25,312;0,200;0;0;0;17,399;0,400;26,803;0,100;30,628;0,000;26,803;0,200;28,306;0,100;17,399;0,200;30,628;0,000;30,628;0,000;26,803;0,200
4903101001;21,805;0,800;22,749;0,300;7,367;1,400;7,367;4,660;22,201;0,200;21,284;1,504;20,580;0,156;23,828;0,100;7,367;5,200;23,434;0,100;0;0;0;22,065;0,200;22,065;0,200;22,065;0,100;22,065;0,200;22,065;0,100;22,065;0,200;22,065;0,100;22,065;0,100;17,144;0,200
4903201001;8,464;0,500;35,119;0,000;8,464;0,600;8,464;2,372;35,498;0,000;8,464;0,390;53,754;0,000;58,960;0,000;33,944;0,000;16,141;0,300;0;0;0;35,407;0,000;59,392;0,000;35,407;0,000;35,407;0,000;59,392;0,000;54,341;0,000;59,392;0,000;59,392;0,000;40,320;0,000
4903301001;0,000;1,300;27,728;0,200;0,000;1,700;0,000;4,812;28,194;0,100;0,000;1,430;49,368;0,000;59,595;0,000;28,194;0,100;23,687;0,200;0;0;0;28,056;0,100;60,305;0,000;28,056;0,100;28,056;0,100;60,305;0,000;49,791;0,000;60,305;0,000;60,305;0,000;33,574;0,000
4903401001;14,186;0,400;34,466;0,000;14,186;1,000;8,184;3,250;33,199;0,000;14,186;0,598;35,530;0,000;31,751;0,000;0,000;3,000;10,046;1,500;2;0;2;32,268;0,000;32,780;0,000;32,521;0,000;32,521;0,000;32,268;0,000;32,268;0,000;32,268;0,000;32,521;0,000;6,931;0,600
4903501001;10,874;0,500;30,258;0,000;10,874;0,900;10,874;2,348;28,351;0,200;10,874;0,806;36,072;0,000;32,722;0,000;17,655;1,200;33,321;0,000;0;0;0;28,351;0,300;32,649;0,000;29,917;0,100;29,309;0,200;29,309;0,100;28,351;0,100;34,713;0,000;34,713;0,000;29,309;0,100
4903601001;21,683;0,600;26,525;0,300;0,000;2,000;0,000;4,740;25,412;0,200;25,578;0,932;26,874;0,156;26,525;0,100;14,722;4,800;0,000;1,300;0;2;2;26,126;0,100;26,126;0,100;26,126;0,100;26,126;0,100;26,126;0,100;26,126;0,100;26,126;0,100;26,126;0,100;31,850;0,000
4903701001;14,488;0,400;42,389;0,000;14,488;0,500;7,765;2,212;31,467;0,000;14,488;0,620;44,241;0,000;47,455;0,000;36,038;0,000;46,737;0,000;0;0;0;45,015;0,000;45,411;0,000;45,411;0,000;45,411;0,000;45,411;0,000;45,411;0,000;45,411;0,000;45,411;0,000;14,946;0,400
4903801001;14,418;1,100;15,108;0,300;6,560;1,800;6,560;7,684;14,842;0,600;14,027;2,154;13,159;0,468;16,187;0,100;6,560;9,900;15,929;0,100;0;0;0;14,644;0,500;14,644;0,400;14,644;0,300;14,644;0,400;14,644;0,300;14,644;0,400;14,644;0,300;14,644;0,300;15,245;0,200
4903901001;10,044;1,700;10,044;0,900;9,750;2,400;3,452;10,660;10,163;0,700;9,574;3,680;9,402;0,468;10,883;0,300;4,147;14,000;11,116;0,400;0;0;0;7,399;0,800;7,399;0,600;10,411;0,300;7,399;0,600;10,411;0,300;7,399;0,700;10,411;0,300;10,411;0,300;7,399;0,300
4904001001;16,781;0,300;34,511;0,000;14,365;0,800;5,664;3,498;31,231;0,000;16,781;0,416;43,062;0,000;32,717;0,000;7,744;1,600;14,752;1,200;0;0;0;30,920;0,000;33,084;0,000;40,034;0,000;40,034;0,000;33,084;0,000;32,943;0,000;39,712;0,000;40,034;0,000;14,668;0,400
4904101001;7,242;0,400;7,268;0,600;7,005;0,900;5,244;4,656;7,005;0,300;5,244;0,650;55,463;0,000;51,387;0,000;0,000;3,200;43,287;0,000;2;0;2;7,242;0,300;32,486;0,000;7,242;0,300;7,242;0,300;40,930;0,000;53,251;0,000;32,486;0,000;53,973;0,000;32,486;0,000
4904201001;16,265;0,700;27,469;0,300;11,302;1,100;11,302;3,272;26,624;0,300;16,265;1,218;30,822;0,000;27,469;0,100;14,180;4,800;28,043;0,100;0;0;0;26,624;0,400;27,710;0,200;29,441;0,100;27,710;0,200;29,441;0,100;26,624;0,300;29,441;0,100;29,441;0,100;27,710;0,100
4904301001;18,491;0,300;27,324;0,200;13,809;1,100;5,019;2,592;27,313;0,100;13,261;0,910;63,362;0,000;35,197;0,000;16,487;1,400;45,065;0,000;0;0;0;21,133;0,400;21,133;0,100;27,461;0,100;25,225;0,200;25,225;0,100;51,327;0,000;21,133;0,200;60,995;0,000;21,133;0,200
4904401001;11,073;1,700;11,222;0,900;10,233;2,400;4,096;9,880;11,161;0,700;10,529;3,368;9,907;0,468;12,216;0,300;4,096;13,800;12,225;0,400;0;0;0;9,926;0,800;9,926;0,600;11,210;0,300;9,926;0,600;11,210;0,300;9,926;0,700;11,210;0,300;11,210;0,300;9,926;0,400
4904601001;10,646;0,400;19,645;0,200;10,646;0,800;10,646;2,840;19,188;0,100;10,646;0,650;49,853;0,000;39,432;0,000;12,668;1,400;47,021;0,000;0;0;0;19,495;0,200;34,212;0,000;19,495;0,100;19,495;0,200;29,093;0,100;42,242;0,000;34,212;0,000;48,422;0,000;29,093;0,100
4904701001;19,494;0,700;18,928;0,300;13,173;1,200;13,173;4,180;20,379;0,300;16,560;1,348;22,210;0,156;18,928;0,100;10,580;5,900;19,355;0,200;0;0;0;20,523;0,400;20,523;0,200;20,745;0,100;20,523;0,200;20,745;0,100;20,523;0,300;20,745;0,100;20,745;0,100;20,523;0,100
4904801001;15,740;0,200;51,921;0,000;6,947;0,500;11,639;1,236;15,740;0,100;15,740;0,130;55,709;0,000;62,458;0,000;53,234;0,000;7,380;0,800;0;0;0;52,331;0,000;60,394;0,000;56,751;0,000;56,751;0,000;60,394;0,000;56,751;0,000;60,588;0,000;79,362;0,000;32,762;0,000
4905001001;12,258;0,300;55,858;0,000;12,258;0,700;7,266;2,028;12,258;0,300;12,258;0,390;55,858;0,000;55,451;0,000;54,037;0,000;12,258;0,700;0;0;0;53,123;0,000;53,589;0,000;53,517;0,000;53,123;0,000;53,589;0,000;53,832;0,000;53,517;0,000;102,664;0,000;41,376;0,000
4905201001;16,739;0,400;16,309;0,300;14,304;0,800;5,255;4,360;17,076;0,100;18,882;0,520;43,283;0,000;58,254;0,000;16,497;1,900;35,782;0,000;0;0;0;16,739;0,200;43,437;0,000;16,739;0,100;16,739;0,100;58,251;0,000;43,195;0,000;43,437;0,000;58,251;0,000;22,115;0,100
4905301001;9,717;1,600;9,231;0,900;9,231;2,100;6,067;9,196;10,330;0,700;0,000;4,616;11,736;0,468;9,231;0,300;0,000;15,000;10,082;0,400;3;0;3;6,067;1,000;6,067;0,600;11,012;0,300;6,067;0,600;11,012;0,300;6,067;0,700;11,012;0,300;11,012;0,300;6,067;0,300
4905401001;19,915;0,700;21,054;0,300;0,000;1,900;0,000;6,584;20,874;0,200;19,915;1,374;19,321;0,156;22,107;0,100;0,000;6,400;21,967;0,100;1;0;1;20,138;0,300;20,138;0,200;20,770;0,100;20,138;0,200;20,770;0,100;20,138;0,200;20,770;0,100;20,770;0,100;19,638;0,200
4905501001;7,982;0,400;37,154;0,000;7,982;0,900;7,982;1,412;28,608;0,100;7,982;0,520;50,680;0,000;22,325;0,120;21,723;0,400;40,613;0,000;0;0;0;12,536;0,400;39,471;0,000;37,022;0,000;12,536;0,300;12,536;0,300;32,653;0,000;40,048;0,000;49,486;0,000;12,536;0,300
4905601001;8,252;1,500;8,080;0,900;7,407;2,200;5,557;7,788;8,740;0,600;8,080;3,264;10,549;0,468;8,080;0,300;4,911;14,400;8,002;0,400;0;0;0;9,108;0,700;9,108;0,600;9,108;0,300;9,108;0,600;9,108;0,300;9,108;0,600;9,108;0,300;9,108;0,300;12,531;0,300
4905701001;8,754;0,500;28,782;0,100;16,901;0,500;8,754;1,868;37,310;0,000;18,758;0,260;36,524;0,000;59,231;0,000;29,936;0,100;30,353;0,000;0;0;0;29,076;0,100;57,319;0,000;37,310;0,000;37,310;0,000;57,319;0,000;37,310;0,000;57,717;0,000;71,887;0,000;29,076;0,100
4905801001;16,011;0,700;28,634;0,300;7,631;1,400;0,000;5,420;28,473;0,200;16,011;1,322;26,943;0,156;29,678;0,100;0,000;6,200;28,632;0,300;1;0;1;27,368;0,300;27,368;0,200;28,385;0,100;27,368;0,200;28,385;0,100;27,368;0,200;28,385;0,100;28,385;0,100;14,010;0,700
4905901001;14,331;0,800;23,966;0,300;5,674;1,400;5,674;4,824;23,917;0,200;14,331;1,686;22,620;0,156;24,943;0,100;5,674;6,100;24,979;0,200;0;0;0;21,874;0,300;21,874;0,200;23,957;0,100;21,874;0,200;23,957;0,100;21,874;0,200;23,957;0,100;23,957;0,100;20,645;0,400
4906101001;7,526;1,600;8,457;0,900;7,329;2,300;2,212;10,136;7,971;0,600;7,055;3,082;6,288;0,468;9,532;0,300;3,993;14,400;9,136;0,300;0;0;0;7,778;0,700;7,778;0,600;7,778;0,300;7,778;0,600;7,778;0,300;7,778;0,600;7,778;0,300;7,778;0,300;10,199;0,300
4906201001;19,733;0,200;42,646;0,000;13,874;0,600;15,436;0,880;21,503;0,100;21,503;0,130;44,397;0,000;49,201;0,000;45,273;0,000;15,436;0,300;0;0;0;45,530;0,000;47,142;0,000;45,542;0,000;45,542;0,000;47,142;0,000;45,542;0,000;47,375;0,000;85,944;0,000;45,530;0,000
4906301001;10,351;0,500;23,123;0,200;10,351;0,900;8,717;3,264;22,971;0,100;21,326;0,260;41,138;0,000;38,855;0,000;10,765;1,400;16,592;0,300;0;0;0;23,134;0,100;39,772;0,000;23,134;0,100;23,134;0,100;39,772;0,000;39,772;0,000;39,772;0,000;39,772;0,000;42,850;0,000
4906401001;16,716;0,100;45,846;0,000;16,716;0,300;6,833;1,254;43,776;0,000;6,833;0,430;44,016;0,000;46,327;0,000;35,921;0,000;34,482;0,000;0;0;0;44,552;0,000;44,552;0,000;44,552;0,000;44,552;0,000;44,552;0,000;44,552;0,000;44,552;0,000;44,552;0,000;27,021;0,100
4906501001;26,606;0,100;59,245;0,000;10,544;0,500;0,000;1,998;30,052;0,000;15,629;0,230;57,203;0,000;59,867;0,000;50,197;0,000;50,115;0,000;0;0;0;57,958;0,000;57,958;0,000;57,958;0,000;57,958;0,000;57,958;0,000;57,958;0,000;57,958;0,000;57,958;0,000;16,504;0,100
4906601001;8,253;0,600;33,913;0,000;8,253;0,900;0,000;3,720;34,119;0,000;13,034;0,390;52,154;0,000;50,632;0,000;27,667;0,100;11,984;0,700;0;0;0;34,117;0,000;51,010;0,000;34,117;0,000;34,117;0,000;51,010;0,000;51,010;0,000;51,010;0,000;51,010;0,000;41,560;0,000
4906701001;18,831;0,300;44,579;0,000;14,838;0,700;8,326;1,592;34,584;0,000;19,091;0,260;59,914;0,000;58,867;0,000;39,084;0,000;8,326;0,500;0;0;0;44,826;0,000;58,933;0,000;44,826;0,000;44,826;0,000;58,933;0,000;58,933;0,000;58,933;0,000;58,933;0,000;32,344;0,000
4906801001;7,948;0,500;39,003;0,000;7,948;0,700;7,948;2,372;38,969;0,000;24,859;0,260;41,276;0,000;40,174;0,000;23,105;0,400;0,000;1,400;0;2;2;39,080;0,000;40,267;0,000;39,080;0,000;39,080;0,000;40,267;0,000;40,267;0,000;40,267;0,000;40,267;0,000;39,055;0,000
4906901001;19,260;0,200;66,840;0,000;19,260;0,300;12,963;0,868;19,260;0,100;19,260;0,260;72,732;0,000;72,704;0,000;58,752;0,000;10,842;0,600;0;0;0;66,994;0,000;72,221;0,000;67,090;0,000;67,090;0,000;72,221;0,000;72,221;0,000;72,221;0,000;72,221;0,000;15,314;0,100
4907101001;15,858;0,200;41,063;0,000;15,858;0,400;0,000;2,484;39,426;0,000;15,858;0,130;40,512;0,000;41,063;0,000;30,344;0,000;16,666;0,300;0;0;0;40,157;0,000;40,157;0,000;40,157;0,000;40,157;0,000;40,157;0,000;40,157;0,000;40,157;0,000;40,157;0,000;28,802;0,100
4907501001;11,960;0,600;11,534;0,700;11,534;1,000;2,987;6,132;12,307;0,300;14,087;0,910;47,720;0,000;59,738;0,000;11,804;2,300;40,240;0,000;0;0;0;11,960;0,400;40,150;0,000;11,960;0,300;11,960;0,300;59,367;0,000;47,574;0,000;40,150;0,000;59,714;0,000;26,194;0,100
4907601001;14,048;1,000;13,585;0,900;13,585;1,500;7,725;6,576;14,477;0,700;4,355;3,472;16,000;0,156;13,585;0,300;0,000;10,500;14,436;0,400;2;0;2;9,922;1,000;9,957;0,400;15,343;0,100;9,957;0,400;15,343;0,100;9,957;0,700;15,343;0,100;15,343;0,100;9,957;0,300
4907701001;10,125;0,900;28,863;0,300;10,125;1,200;10,125;4,114;27,541;0,200;10,125;1,396;26,524;0,156;29,795;0,100;20,404;4,300;29,113;0,100;0;0;0;27,756;0,100;27,756;0,100;27,756;0,100;27,756;0,100;27,756;0,100;27,756;0,100;27,756;0,100;27,756;0,100;21,569;0,100
4907801001;13,126;0,500;18,426;0,200;13,126;0,800;5,067;3,464;18,397;0,100;17,922;0,260;46,299;0,000;43,873;0,000;13,216;1,600;20,577;0,200;0;0;0;18,504;0,100;44,901;0,000;18,504;0,100;18,504;0,100;44,901;0,000;44,901;0,000;44,901;0,000;44,901;0,000;44,338;0,000
4907901001;12,770;0,600;21,682;0,300;5,987;0,900;5,987;3,684;30,234;0,000;12,770;0,520;36,904;0,000;63,686;0,000;21,520;0,400;29,854;0,100;0;0;0;21,162;0,200;58,108;0,000;29,963;0,100;29,963;0,100;63,741;0,000;37,253;0,000;58,108;0,000;63,741;0,000;21,162;0,100
4908001001;11,447;0,400;39,207;0,000;11,447;0,800;0,000;4,284;31,154;0,000;11,447;0,728;40,639;0,000;36,913;0,000;8,184;1,900;17,773;0,900;0;0;0;27,959;0,100;36,509;0,000;37,529;0,000;36,509;0,000;37,116;0,000;31,154;0,000;37,116;0,000;37,529;0,000;13,980;0,300
4908101001;5,336;0,300;35,146;0,000;5,336;0,800;0,000;4,902;30,580;0,000;5,336;0,598;34,683;0,000;34,688;0,000;11,180;1,900;20,220;0,700;0;0;0;25,795;0,100;31,172;0,000;34,856;0,000;31,172;0,000;34,558;0,000;30,580;0,000;34,558;0,000;34,856;0,000;16,062;0,200
4908102001;0,000;1,100;31,549;0,000;0,000;2,000;5,336;4,640;30,256;0,000;0,000;2,596;33,413;0,000;29,971;0,130;10,205;5,200;18,801;1,000;0;0;0;28,788;0,500;29,970;0,100;29,970;0,100;29,988;0,100;29,716;0,300;29,716;0,200;29,716;0,300;29,970;0,100;14,825;1,000
4908201001;9,481;0,400;9,266;0,600;9,401;1,200;7,465;5,368;9,401;0,300;8,129;0,910;59,643;0,000;50,989;0,000;4,515;3,100;47,435;0,000;0;0;0;9,481;0,400;28,093;0,100;9,481;0,300;9,481;0,300;40,534;0,000;55,984;0,000;28,093;0,100;58,157;0,000;28,093;0,100
4908301001;14,101;0,900;23,593;0,300;13,339;1,200;13,674;4,208;13,339;0,500;14,101;1,738;26,578;0,156;23,593;0,100;11,741;5,500;20,663;0,200;0;0;0;13,339;0,600;21,253;0,200;25,589;0,100;21,253;0,200;25,589;0,100;13,339;0,500;25,589;0,100;25,589;0,100;21,253;0,100
4908401001;14,583;0,900;21,713;0,300;8,130;1,400;8,130;5,436;21,765;0,300;14,583;1,816;20,718;0,156;22,602;0,100;8,130;6,100;22,771;0,200;0;0;0;18,886;0,400;18,886;0,200;21,919;0,100;18,886;0,200;21,919;0,100;18,886;0,300;21,919;0,100;21,919;0,100;18,886;0,300
4908501001;18,033;0,100;48,836;0,000;15,706;0,400;0,000;2,314;18,033;0,100;18,033;0,130;48,836;0,000;48,609;0,000;47,175;0,000;18,033;0,300;0;0;0;46,273;0,000;46,793;0,000;46,690;0,000;46,273;0,000;46,793;0,000;46,946;0,000;46,690;0,000;107,939;0,000;46,991;0,000
4908601001;15,384;0,700;14,639;0,500;14,639;1,100;10,550;4,592;16,060;0,300;7,594;2,302;17,798;0,156;14,639;0,300;6,656;6,400;15,406;0,200;0;0;0;13,317;0,600;13,317;0,400;16,674;0,100;13,317;0,400;16,674;0,100;13,317;0,500;16,674;0,100;16,674;0,100;13,317;0,300
4908701001;17,531;0,200;44,016;0,000;17,497;0,400;10,756;1,648;42,897;0,000;17,531;0,130;44,327;0,000;44,016;0,000;30,699;0,000;10,756;0,700;0;0;0;43,614;0,000;43,614;0,000;43,614;0,000;43,614;0,000;43,614;0,000;43,614;0,000;43,614;0,000;43,614;0,000;29,129;0,100
4908801001;13,841;0,300;37,516;0,000;13,841;0,500;11,358;1,592;35,614;0,000;11,358;0,690;35,839;0,000;37,908;0,000;27,176;0,100;25,652;0,100;0;0;0;36,232;0,000;36,232;0,000;36,232;0,000;36,232;0,000;36,232;0,000;36,232;0,000;36,232;0,000;36,232;0,000;33,920;0,000
4909001001;14,391;1,300;14,385;0,700;12,436;1,300;0,000;8,636;14,585;0,500;14,026;2,648;13,982;0,468;15,125;0,100;8,741;9,800;15,465;0,200;0;0;0;10,772;0,800;10,772;0,600;14,898;0,300;10,772;0,600;14,898;0,300;10,772;0,700;14,898;0,300;14,898;0,300;10,772;0,300
4909101001;20,465;0,300;22,328;0,200;7,998;0,800;7,998;3,376;21,842;0,100;21,379;0,260;35,362;0,000;32,557;0,000;0,000;2,800;24,899;0,200;2;0;2;22,140;0,100;33,892;0,000;22,140;0,100;22,140;0,100;33,892;0,000;33,892;0,000;33,892;0,000;33,892;0,000;35,658;0,000
4909201001;9,005;0,700;20,058;0,300;6,294;1,000;6,294;4,208;20,639;0,100;9,005;0,650;47,017;0,000;60,507;0,000;20,639;1,100;30,590;0,000;0;0;0;20,435;0,200;52,966;0,000;20,435;0,100;20,435;0,100;61,492;0,000;47,218;0,000;52,966;0,000;61,492;0,000;28,375;0,100
4909301001;9,459;0,400;31,681;0,000;9,459;0,700;0,000;4,422;25,806;0,100;9,459;0,884;31,508;0,000;32,366;0,000;15,745;1,700;18,098;0,400;0;0;0;20,982;0,300;27,433;0,100;32,362;0,000;27,433;0,100;32,362;0,000;25,806;0,200;32,362;0,000;32,362;0,000;20,562;0,200
4909401001;24,392;0,100;68,654;0,000;7,471;0,400;7,471;0,936;24,392;0,100;24,392;0,130;68,654;0,000;69,047;0,000;67,574;0,000;24,392;0,200;0;0;0;66,720;0,000;67,372;0,000;67,194;0,000;66,720;0,000;67,372;0,000;67,278;0,000;67,194;0,000;109,129;0,000;41,792;0,000
4909501001;8,476;1,500;9,636;0,900;7,828;2,400;7,828;8,300;8,840;0,600;8,951;2,952;10,527;0,468;9,636;0,300;4,147;14,000;9,086;0,400;0;0;0;9,503;0,600;9,503;0,600;9,503;0,300;9,503;0,600;9,503;0,300;9,503;0,600;9,503;0,300;9,503;0,300;14,939;0,300
4909601001;15,838;0,700;15,838;0,300;9,278;1,100;3,201;6,060;15,918;0,300;15,312;1,504;14,977;0,468;16,704;0,100;9,239;5,800;16,903;0,200;0;0;0;13,004;0,600;13,004;0,400;16,110;0,100;13,004;0,400;16,110;0,100;13,004;0,500;16,110;0,100;16,110;0,100;13,004;0,400
4909701001;9,510;0,400;34,102;0,000;16,383;0,400;9,510;1,136;31,374;0,000;25,918;0,130;37,576;0,000;53,447;0,000;35,720;0,000;25,501;0,200;0;0;0;34,710;0,000;51,465;0,000;38,561;0,000;38,561;0,000;51,465;0,000;38,561;0,000;51,814;0,000;76,451;0,000;34,710;0,000
4909801001;20,012;0,200;33,334;0,000;6,903;0,600;6,903;1,860;32,122;0,000;24,913;0,130;33,514;0,000;33,334;0,000;21,251;0,400;6,903;0,700;0;0;0;32,844;0,000;32,844;0,000;32,844;0,000;32,844;0,000;32,844;0,000;32,844;0,000;32,844;0,000;32,844;0,000;37,666;0,000
4909901001;14,748;0,400;34,296;0,000;8,531;0,800;8,531;2,016;33,424;0,000;27,127;0,130;34,982;0,000;34,296;0,000;20,238;0,600;7,780;0,700;0;0;0;34,117;0,000;34,117;0,000;34,117;0,000;34,117;0,000;34,117;0,000;34,117;0,000;34,117;0,000;34,117;0,000;39,356;0,000
4910001001;24,713;0,100;61,582;0,000;0,000;1,100;0,000;2,028;24,713;0,100;24,713;0,130;61,582;0,000;62,149;0,000;60,669;0,000;24,713;0,200;0;0;0;59,834;0,000;60,530;0,000;60,326;0,000;59,834;0,000;60,530;0,000;60,352;0,000;60,326;0,000;112,970;0,000;47,112;0,000
4910101001;9,301;0,300;35,178;0,000;9,301;0,500;9,301;1,722;33,313;0,000;9,301;0,690;33,332;0,000;35,677;0,000;25,462;0,100;26,980;0,100;0;0;0;33,883;0,000;33,883;0,000;33,883;0,000;33,883;0,000;33,883;0,000;33,883;0,000;33,883;0,000;33,883;0,000;31,914;0,000
4910201001;10,311;0,800;28,002;0,300;9,660;1,500;6,855;4,904;27,988;0,200;10,311;1,686;26,764;0,156;28,948;0,100;6,855;5,800;27,463;0,600;0;0;0;25,548;0,300;25,548;0,200;28,066;0,100;25,548;0,200;28,066;0,100;25,548;0,200;28,066;0,100;28,066;0,100;20,184;0,400
4910301001;12,097;1,700;11,881;0,900;12,376;2,100;3,862;9,852;12,545;0,700;8,126;3,680;12,866;0,468;12,376;0,300;8,126;13,500;13,030;0,400;0;0;0;7,038;1,000;7,038;0,600;13,107;0,300;7,038;0,600;13,107;0,300;7,038;0,700;13,107;0,300;13,107;0,300;7,038;0,300
4910401001;20,106;0,300;56,734;0,000;14,458;0,600;10,632;1,636;25,771;0,100;20,106;0,260;65,473;0,000;64,985;0,000;49,460;0,000;13,817;0,900;0;0;0;56,976;0,000;64,700;0,000;56,976;0,000;56,976;0,000;64,700;0,000;64,700;0,000;64,700;0,000;64,700;0,000;21,275;0,100
4910501001;15,005;0,400;14,592;0,700;14,592;0,900;6,451;5,794;15,367;0,100;17,065;0,650;44,535;0,000;56,343;0,000;13,532;2,400;36,698;0,000;0;0;0;15,005;0,200;39,649;0,000;15,005;0,100;15,005;0,100;56,324;0,000;44,343;0,000;39,649;0,000;56,324;0,000;22,836;0,100
4910701001;17,916;0,700;24,334;0,300;17,170;1,000;17,422;3,400;17,170;0,300;16,798;1,478;27,512;0,156;24,334;0,100;14,056;5,400;24,534;0,200;0;0;0;17,170;0,400;22,796;0,200;26,373;0,100;22,796;0,200;26,373;0,100;17,170;0,300;26,373;0,100;26,373;0,100;22,796;0,100
4910801001;24,444;0,800;26,999;0,500;6,806;1,400;6,806;4,640;26,679;0,300;25,940;1,348;29,943;0,156;26,999;0,100;0,000;6,800;25,690;0,300;2;0;2;27,006;0,300;28,456;0,200;27,006;0,200;27,006;0,300;28,456;0,100;28,456;0,200;28,456;0,100;28,456;0,100;29,822;0,100
4910901001;7,426;0,500;7,010;0,600;7,010;1,100;3,675;6,260;7,701;0,300;9,541;0,650;53,224;0,000;57,211;0,000;7,701;2,200;36,561;0,000;0;0;0;7,426;0,300;40,773;0,000;7,426;0,300;7,426;0,300;55,553;0,000;53,121;0,000;40,773;0,000;58,561;0,000;31,873;0,000
4911001001;12,404;0,300;59,067;0,000;12,088;0,600;11,371;1,292;12,404;0,300;12,404;0,390;63,054;0,000;67,442;0,000;60,288;0,000;0,000;1,700;0;2;2;59,418;0,000;65,386;0,000;64,104;0,000;64,104;0,000;65,386;0,000;64,104;0,000;65,530;0,000;78,465;0,000;25,983;0,100
4911101001;20,389;0,600;21,710;0,300;4,885;1,700;4,885;4,372;20,694;0,200;20,847;1,088;22,217;0,156;21,710;0,100;10,487;5,200;4,885;0,800;0;0;0;21,398;0,200;21,398;0,200;21,398;0,100;21,398;0,200;21,398;0,100;21,398;0,200;21,398;0,100;21,398;0,100;27,019;0,100
4911201001;21,006;0,300;45,048;0,000;6,780;0,600;16,077;0,824;21,331;0,100;21,331;0,260;48,931;0,000;58,912;0,000;46,428;0,000;14,324;0,600;0;0;0;45,500;0,000;56,858;0,000;49,950;0,000;49,950;0,000;56,858;0,000;49,950;0,000;57,109;0,000;80,028;0,000;39,089;0,000
4911301001;11,967;0,500;11,462;0,600;11,855;1,100;3,864;5,718;12,230;0,300;12,662;1,040;53,710;0,000;55,807;0,000;1,182;3,800;42,051;0,000;0;0;0;11,967;0,500;27,193;0,100;11,967;0,300;11,967;0,300;49,878;0,000;53,811;0,000;27,193;0,100;55,729;0,000;27,193;0,100
4911401001;11,823;0,900;20,197;0,300;10,967;1,200;9,217;4,464;10,967;0,500;11,219;2,050;22,925;0,156;20,197;0,100;7,263;5,700;17,143;0,200;0;0;0;10,806;0,800;17,146;0,200;22,100;0,100;17,146;0,200;22,100;0,100;10,967;0,500;22,100;0,100;22,100;0,100;17,146;0,100
4911501001;22,341;0,600;29,885;0,100;10,277;1,300;7,274;4,500;29,543;0,200;22,341;1,066;27,838;0,156;30,968;0,000;7,274;4,200;30,660;0,000;0;0;0;28,572;0,300;29,332;0,200;29,332;0,100;29,332;0,200;29,332;0,100;29,332;0,200;29,332;0,100;29,332;0,100;9,727;0,600
4911601001;6,622;0,600;30,271;0,000;6,622;1,000;6,413;2,960;30,597;0,000;6,622;0,390;55,545;0,000;54,787;0,000;28,592;0,100;17,538;0,200;0;0;0;30,534;0,000;55,345;0,000;30,534;0,000;30,534;0,000;55,345;0,000;55,345;0,000;55,345;0,000;55,345;0,000;40,196;0,000
4911701001;12,469;0,500;15,948;0,200;12,469;1,000;10,347;4,428;16,292;0,100;12,469;0,520;54,970;0,000;52,624;0,000;16,292;1,100;26,065;0,100;0;0;0;16,218;0,100;51,768;0,000;16,218;0,100;16,218;0,100;53,675;0,000;53,675;0,000;51,768;0,000;53,675;0,000;35,574;0,000
4911801001;10,267;0,600;10,367;0,600;10,030;1,100;4,963;5,760;10,030;0,300;10,116;0,780;47,687;0,000;44,820;0,000;5,598;2,300;29,889;0,100;0;0;0;10,267;0,300;45,637;0,000;10,267;0,300;10,267;0,300;46,210;0,000;46,210;0,000;45,637;0,000;46,210;0,000;44,022;0,000
4911901001;9,858;1,600;9,175;0,900;9,175;2,200;4,369;8,412;10,673;0,700;6,983;3,524;12,523;0,468;9,175;0,300;6,983;13,700;9,799;0,500;0;0;0;10,067;0,800;10,067;0,600;11,181;0,300;10,067;0,600;11,181;0,300;10,067;0,700;11,181;0,300;11,181;0,300;10,067;0,300
4912001001;14,879;0,400;34,786;0,000;13,136;0,600;7,691;1,592;33,976;0,000;16,830;0,130;43,099;0,000;63,225;0,000;35,693;0,000;25,053;0,300;0;0;0;34,927;0,000;61,253;0,000;43,900;0,000;43,900;0,000;61,253;0,000;43,900;0,000;61,608;0,000;73,707;0,000;34,927;0,000
4912101001;22,530;0,300;47,704;0,000;0,000;1,400;18,059;1,236;22,530;0,100;22,530;0,260;53,834;0,000;65,690;0,000;48,738;0,000;12,088;0,600;0;0;0;47,932;0,000;63,635;0,000;53,825;0,000;53,825;0,000;63,635;0,000;54,779;0,000;63,884;0,000;73,754;0,000;34,015;0,000
4912201001;5,626;1,600;5,004;0,900;5,004;2,300;0,000;10,108;6,486;0,700;4,144;3,992;8,340;0,468;5,004;0,300;4,012;15,000;5,530;0,500;0;0;0;6,929;0,800;6,929;0,600;6,929;0,300;6,929;0,600;6,929;0,300;6,929;0,700;6,929;0,300;6,929;0,300;7,592;0,300
4912301001;16,128;0,600;16,410;0,300;14,722;1,200;13,779;4,160;16,585;0,200;16,410;1,088;18,413;0,156;16,410;0,100;0,000;6,700;14,722;0,500;2;0;2;17,097;0,200;17,097;0,200;17,097;0,100;17,097;0,200;17,097;0,100;17,097;0,200;17,097;0,100;17,097;0,100;21,007;0,100
4912401001;10,557;0,800;27,766;0,300;10,557;1,300;10,557;3,948;25,888;0,200;10,557;1,266;25,976;0,156;28,238;0,100;18,007;4,300;22,058;0,200;0;0;0;26,472;0,100;26,472;0,100;26,472;0,100;26,472;0,100;26,472;0,100;26,472;0,100;26,472;0,100;26,472;0,100;32,413;0,000
4912501001;9,801;1,700;9,704;0,900;9,946;2,100;0,000;9,896;10,117;0,700;9,034;3,680;9,980;0,468;10,367;0,300;6,338;13,900;10,844;0,400;0;0;0;5,593;1,000;5,593;0,600;10,561;0,300;5,593;0,600;10,561;0,300;5,593;0,700;10,561;0,300;10,561;0,300;5,593;0,300
4912601001;5,691;0,400;29,976;0,100;5,691;0,600;0,000;2,964;34,286;0,000;5,691;0,620;37,176;0,000;36,143;0,000;24,176;0,400;35,842;0,000;0;0;0;30,998;0,000;34,795;0,000;34,795;0,000;34,095;0,000;34,095;0,000;35,106;0,000;34,095;0,000;35,106;0,000;13,145;0,400
4912701001;6,981;1,700;7,163;0,900;6,477;2,400;0,000;10,816;7,074;0,700;6,442;3,680;5,832;0,468;8,184;0,300;0,000;15,100;8,147;0,400;1;0;1;6,896;0,800;6,896;0,600;7,115;0,300;6,896;0,600;7,115;0,300;6,896;0,700;7,115;0,300;7,115;0,300;6,896;0,300
4912701002;7,474;1,700;8,022;0,900;7,099;2,400;0,000;10,492;7,796;0,600;7,178;3,680;6,227;0,468;9,096;0,300;1,914;14,400;8,889;0,400;0;0;0;7,671;0,700;7,671;0,600;7,671;0,300;7,671;0,600;7,671;0,300;7,671;0,600;7,671;0,300;7,671;0,300;8,647;0,300
4912801001;10,885;0,600;10,457;0,700;10,457;1,100;0,000;7,004;11,190;0,300;13,033;0,780;49,606;0,000;60,218;0,000;11,190;2,000;37,351;0,000;0;0;0;10,885;0,400;41,953;0,000;10,885;0,300;10,885;0,300;58,919;0,000;49,520;0,000;41,953;0,000;61,512;0,000;28,375;0,100
4912901001;7,786;0,500;36,127;0,000;8,487;0,700;0,000;3,336;8,487;0,400;7,786;1,066;38,161;0,000;31,869;0,000;0,000;2,400;12,280;0,400;2;0;2;8,487;0,400;29,175;0,100;37,780;0,000;31,715;0,000;32,246;0,000;8,487;0,300;37,780;0,000;37,780;0,000;31,715;0,000
4913001001;12,880;0,700;18,481;0,200;12,880;1,000;8,815;3,776;18,677;0,100;12,880;0,520;51,401;0,000;49,054;0,000;18,220;1,000;21,924;0,200;0;0;0;18,678;0,100;50,023;0,000;18,678;0,100;18,678;0,100;50,023;0,000;50,023;0,000;50,023;0,000;50,023;0,000;39,566;0,000
4913101001;15,528;0,200;34,371;0,000;13,463;0,600;13,463;1,548;32,457;0,000;15,528;0,360;32,851;0,000;34,675;0,000;23,688;0,200;21,224;0,100;0;0;0;33,109;0,000;33,109;0,000;33,109;0,000;33,109;0,000;33,109;0,000;33,109;0,000;33,109;0,000;33,109;0,000;38,098;0,000
4913201001;12,401;1,500;12,022;0,900;11,931;2,100;7,773;7,588;13,246;0,600;11,906;3,264;14,965;0,468;12,022;0,300;7,621;13,700;12,193;0,400;0;0;0;13,475;0,500;13,475;0,400;13,475;0,300;13,475;0,400;13,475;0,300;13,475;0,400;13,475;0,300;13,475;0,300;15,356;0,100
4913301001;13,659;0,500;26,001;0,200;13,659;0,800;12,067;3,064;25,689;0,100;25,700;0,260;35,311;0,000;32,964;0,000;7,339;1,800;17,562;0,300;0;0;0;25,920;0,100;33,928;0,000;25,920;0,100;25,920;0,100;33,928;0,000;33,928;0,000;33,928;0,000;33,928;0,000;36,911;0,000
4913401001;13,453;0,500;38,440;0,000;15,295;0,600;13,453;1,448;27,099;0,100;27,099;0,260;40,102;0,000;51,337;0,000;40,192;0,000;21,113;0,300;0;0;0;39,142;0,000;49,313;0,000;41,168;0,000;41,168;0,000;49,313;0,000;41,168;0,000;49,618;0,000;80,309;0,000;39,142;0,000
4913501001;20,601;0,600;22,548;0,300;0,000;2,000;0,000;5,140;20,677;0,200;20,707;1,162;21,524;0,156;22,614;0,100;11,450;4,700;11,469;0,500;0;0;0;21,392;0,200;21,392;0,200;21,392;0,100;21,392;0,200;21,392;0,100;21,392;0,200;21,392;0,100;21,392;0,100;27,699;0,100
4913601001;11,625;0,300;43,624;0,000;11,625;0,500;0,000;2,310;40,152;0,000;0,000;1,390;41,598;0,000;44,239;0,000;34,659;0,000;36,594;0,000;0;0;0;42,335;0,000;42,335;0,000;42,335;0,000;42,335;0,000;42,335;0,000;42,335;0,000;42,335;0,000;42,335;0,000;22,565;0,100
4913701001;12,765;0,500;12,610;0,600;12,610;1,000;5,309;5,136;12,729;0,300;13,785;0,520;51,261;0,000;48,639;0,000;12,729;1,900;26,679;0,100;0;0;0;12,765;0,300;49,135;0,000;12,765;0,300;12,765;0,300;49,823;0,000;49,823;0,000;49,135;0,000;49,823;0,000;39,293;0,000
4913801001;12,273;0,300;31,549;0,000;9,751;0,800;9,751;2,072;31,089;0,000;30,592;0,000;32,795;0,000;31,549;0,000;15,317;0,800;8,718;0,700;0;0;0;31,729;0,000;31,729;0,000;31,729;0,000;31,729;0,000;31,729;0,000;31,729;0,000;31,729;0,000;31,729;0,000;36,558;0,000
4913901001;14,548;0,500;41,088;0,000;14,459;0,800;10,493;2,104;36,103;0,000;14,548;0,390;56,581;0,000;60,378;0,000;37,991;0,000;12,449;0,500;0;0;0;41,363;0,000;60,608;0,000;41,363;0,000;41,363;0,000;60,608;0,000;57,275;0,000;60,608;0,000;60,608;0,000;37,105;0,000
4914101001;21,753;0,700;21,294;0,300;10,509;1,200;10,509;3,768;22,647;0,200;20,418;1,218;24,394;0,156;21,294;0,100;6,266;6,100;21,569;0,200;0;0;0;22,900;0,200;22,900;0,200;22,900;0,100;22,900;0,200;22,900;0,100;22,900;0,200;22,900;0,100;22,900;0,100;23,738;0,100
4914201001;15,824;0,600;17,064;0,300;9,563;1,400;9,563;4,204;16,152;0,200;16,289;1,088;17,739;0,156;17,064;0,100;7,541;5,900;9,563;0,500;0;0;0;16,842;0,200;16,842;0,200;16,842;0,100;16,842;0,200;16,842;0,100;16,842;0,200;16,842;0,100;16,842;0,100;22,357;0,100
4914301001;6,069;0,300;57,761;0,000;6,069;0,700;0,000;2,496;6,069;0,300;6,069;0,390;59,146;0,000;57,662;0,000;56,415;0,000;0,000;1,600;0;10;10;55,468;0,000;55,633;0,000;55,720;0,000;55,468;0,000;55,633;0,000;56,353;0,000;55,720;0,000;89,604;0,000;34,750;0,000
4914501001;8,011;0,300;65,832;0,000;8,011;0,400;8,011;1,248;8,011;0,300;8,011;0,390;65,832;0,000;65,159;0,000;63,780;0,000;8,011;0,700;0;0;0;62,850;0,000;63,240;0,000;63,210;0,000;62,850;0,000;63,240;0,000;63,610;0,000;63,210;0,000;94,636;0,000;31,074;0,000
4914601001;13,773;0,800;28,228;0,300;13,773;1,100;4,731;5,248;21,306;0,300;13,773;2,076;28,370;0,156;28,861;0,100;13,870;5,400;13,870;0,500;0;0;0;16,255;0,400;23,733;0,200;29,078;0,100;23,733;0,200;29,078;0,100;21,306;0,300;29,078;0,100;29,078;0,100;23,733;0,200
4914701001;7,944;0,900;21,454;0,300;7,480;1,200;2,197;5,168;7,480;0,500;7,635;2,336;23,159;0,156;21,686;0,100;2,197;6,300;7,635;0,400;0;0;0;0,000;1,500;16,725;0,200;23,000;0,100;16,725;0,200;23,000;0,100;7,480;0,500;23,000;0,100;23,000;0,100;16,725;0,100
4914801001;13,674;1,700;13,781;0,900;8,215;2,100;5,464;8,576;13,741;0,700;13,111;3,056;12,513;0,468;14,756;0,300;6,693;12,600;14,797;0,400;0;0;0;12,049;0,800;12,049;0,600;13,807;0,300;12,049;0,600;13,807;0,300;12,049;0,700;13,807;0,300;13,807;0,300;12,049;0,400
4914901001;17,650;0,700;28,220;0,300;14,452;1,200;14,246;4,384;27,315;0,200;17,650;1,136;25,914;0,156;29,262;0,100;14,452;4,600;28,733;0,100;0;0;0;27,332;0,200;27,332;0,200;27,332;0,100;27,332;0,200;27,332;0,100;27,332;0,200;27,332;0,100;27,332;0,100;15,073;0,200
4915001001;16,013;0,300;38,651;0,000;9,334;0,700;13,021;1,436;28,556;0,100;22,082;0,260;44,651;0,000;60,380;0,000;39,839;0,000;20,450;0,400;0;0;0;38,974;0,000;58,366;0,000;45,567;0,000;45,567;0,000;58,366;0,000;45,567;0,000;58,682;0,000;76,893;0,000;38,974;0,000
4915101001;10,454;1,600;11,514;0,900;10,337;2,300;4,820;9,512;10,817;0,600;9,901;3,082;9,259;0,468;12,576;0,300;6,733;13,800;12,112;0,300;0;0;0;10,724;0,700;10,724;0,600;10,724;0,300;10,724;0,600;10,724;0,300;10,724;0,600;10,724;0,300;10,724;0,300;13,306;0,400
4915201001;15,981;0,600;17,448;0,300;15,998;1,000;8,425;4,548;15,998;0,200;15,253;1,318;15,151;0,156;18,320;0,100;11,880;5,300;17,595;0,200;0;0;0;16,277;0,200;16,277;0,200;16,277;0,100;16,277;0,200;16,277;0,100;16,277;0,200;16,277;0,100;16,277;0,100;20,789;0,200
4915301001;17,529;0,600;25,545;0,300;14,548;1,200;14,548;3,804;25,769;0,200;25,545;1,088;27,595;0,156;25,545;0,100;5,502;5,800;14,548;0,500;0;0;0;26,281;0,200;26,281;0,200;26,281;0,100;26,281;0,200;26,281;0,100;26,281;0,200;26,281;0,100;26,281;0,100;29,947;0,100
4915401001;32,441;0,000;59,536;0,000;8,400;0,300;8,400;0,624;32,441;0,000;32,441;0,000;59,536;0,000;60,677;0,000;58,623;0,000;32,441;0,000;0;0;0;58,428;0,000;59,248;0,000;58,814;0,000;58,428;0,000;59,248;0,000;58,814;0,000;58,814;0,000;121,338;0,000;55,384;0,000
4915501001;17,499;0,600;17,136;0,300;15,430;1,000;12,820;3,968;18,275;0,200;16,917;1,088;20,025;0,156;17,136;0,100;6,758;6,000;17,284;0,300;0;0;0;18,540;0,200;18,540;0,200;18,540;0,100;18,540;0,200;18,540;0,100;18,540;0,200;18,540;0,100;18,540;0,100;20,354;0,100
4915601001;11,502;0,400;32,675;0,000;11,273;0,500;11,348;1,768;11,273;0,300;11,502;1,092;35,371;0,000;29,490;0,120;11,459;1,100;19,224;0,100;0;0;0;11,273;0,600;29,425;0,100;34,574;0,000;26,179;0,200;26,179;0,100;11,273;0,400;34,574;0,000;34,574;0,000;26,179;0,200
4915701001;23,997;0,200;33,647;0,000;11,261;0,800;8,552;2,116;31,820;0,000;23,997;0,360;32,746;0,000;33,647;0,000;22,605;0,300;12,903;0,500;0;0;0;32,543;0,000;32,543;0,000;32,543;0,000;32,543;0,000;32,543;0,000;32,543;0,000;32,543;0,000;32,543;0,000;36,765;0,000
4915801001;16,810;0,700;19,521;0,300;12,136;1,100;5,137;5,536;19,710;0,300;16,810;1,504;19,043;0,156;20,261;0,100;12,136;5,700;19,286;0,200;0;0;0;15,791;0,400;15,791;0,200;20,008;0,100;15,791;0,200;20,008;0,100;15,791;0,300;20,008;0,100;20,008;0,100;15,791;0,100
4915901001;12,033;0,700;11,645;0,700;11,659;1,200;7,092;6,462;12,403;0,300;13,918;1,040;47,934;0,000;56,546;0,000;9,431;3,000;39,129;0,000;0;0;0;12,033;0,500;35,871;0,000;12,033;0,300;12,033;0,300;56,508;0,000;47,669;0,000;35,871;0,000;56,508;0,000;26,039;0,100
4916001001;17,959;0,700;25,277;0,300;16,039;1,000;16,039;3,244;21,690;0,300;17,959;1,478;28,589;0,156;25,277;0,100;17,039;5,200;25,948;0,200;0;0;0;21,690;0,400;24,666;0,200;27,310;0,100;24,666;0,200;27,310;0,100;21,690;0,300;27,310;0,100;27,310;0,100;24,666;0,100
4916201001;26,258;0,200;49,108;0,000;12,479;0,600;9,768;1,690;26,258;0,100;26,258;0,260;49,108;0,000;49,743;0,000;48,260;0,000;26,258;0,200;0;0;0;47,437;0,000;48,159;0,000;47,932;0,000;47,437;0,000;48,159;0,000;47,932;0,000;47,932;0,000;116,104;0,000;48,132;0,000
4916301001;9,051;0,900;24,803;0,300;8,305;1,200;8,631;4,508;8,305;0,500;9,051;1,738;27,437;0,156;24,803;0,100;10,596;5,300;15,887;0,200;0;0;0;8,305;0,800;21,467;0,200;26,673;0,100;21,467;0,200;26,673;0,100;8,305;0,500;26,673;0,100;26,673;0,100;21,467;0,100
4916401001;10,250;0,400;31,310;0,000;10,250;0,700;10,250;2,072;31,080;0,000;27,089;0,130;34,527;0,000;32,656;0,000;12,046;1,300;11,861;0,500;0;0;0;31,278;0,000;33,268;0,000;31,278;0,000;31,278;0,000;33,268;0,000;33,268;0,000;33,268;0,000;33,268;0,000;37,181;0,000
4916501001;11,645;0,400;22,441;0,200;11,645;0,900;6,462;2,884;22,180;0,100;11,645;0,650;55,258;0,000;36,359;0,000;15,182;1,200;52,453;0,000;0;0;0;22,423;0,300;28,993;0,100;22,423;0,100;22,423;0,200;25,891;0,100;44,962;0,000;28,993;0,100;53,854;0,000;25,891;0,200
4916601001;0,000;1,000;62,786;0,000;0,000;1,300;0,000;2,496;0,000;1,000;0,000;1,300;62,786;0,000;61,627;0,000;60,321;0,000;0,000;1,600;0;2;2;59,376;0,000;59,633;0,000;59,673;0,000;59,376;0,000;59,633;0,000;60,214;0,000;59,673;0,000;90,413;0,000;31,359;0,000
4916701001;9,516;0,700;22,522;0,200;9,516;1,100;9,516;4,044;22,644;0,100;13,245;0,520;48,861;0,000;46,703;0,000;18,128;0,900;17,460;0,300;0;0;0;22,681;0,100;47,529;0,000;22,681;0,100;22,681;0,100;47,529;0,000;47,529;0,000;47,529;0,000;47,529;0,000;43,013;0,000
4916801001;7,098;0,300;32,482;0,000;7,098;0,900;7,098;1,712;30,221;0,000;7,098;0,650;53,315;0,000;26,192;0,120;22,112;0,800;45,763;0,000;0;0;0;15,789;0,200;34,690;0,000;32,400;0,000;15,789;0,100;15,789;0,100;37,707;0,000;34,690;0,000;52,036;0,000;15,789;0,100
4916901001;9,103;0,400;24,456;0,200;9,103;0,800;8,734;2,848;24,136;0,100;9,103;0,780;53,687;0,000;34,193;0,000;17,195;1,200;50,589;0,000;0;0;0;23,735;0,200;30,949;0,000;24,400;0,100;23,735;0,200;23,735;0,100;42,469;0,000;30,949;0,000;52,304;0,000;23,735;0,100
4917001001;14,414;0,800;14,027;0,600;12,140;1,300;5,450;5,668;14,634;0,300;14,551;0,520;49,569;0,000;58,572;0,000;14,634;1,500;32,701;0,000;0;0;0;14,414;0,400;47,366;0,000;14,414;0,300;14,414;0,300;59,725;0,000;49,623;0,000;47,366;0,000;59,725;0,000;29,353;0,100
4917101001;11,966;0,500;11,619;0,600;11,619;1,200;5,867;5,704;12,131;0,300;13,811;0,520;52,864;0,000;55,542;0,000;12,131;1,400;31,515;0,000;0;0;0;11,966;0,300;46,500;0,000;11,966;0,300;11,966;0,300;56,740;0,000;52,899;0,000;46,500;0,000;56,740;0,000;32,422;0,000
4917201001;8,890;0,400;51,706;0,000;8,890;0,500;8,622;2,004;40,476;0,000;8,890;0,390;51,647;0,000;51,706;0,000;39,396;0,000;13,368;0,600;0;0;0;51,088;0,000;51,088;0,000;51,088;0,000;51,088;0,000;51,088;0,000;51,088;0,000;51,088;0,000;51,088;0,000;19,951;0,100
4917301001;6,621;0,300;63,414;0,000;6,621;0,300;6,621;1,024;34,189;0,000;6,621;0,390;62,950;0,000;63,414;0,000;52,280;0,000;24,237;0,200;0;0;0;62,569;0,000;62,569;0,000;62,569;0,000;62,569;0,000;62,569;0,000;62,569;0,000;62,569;0,000;62,569;0,000;6,617;0,300
4917401001;14,660;0,300;61,628;0,000;10,100;0,700;10,100;1,716;14,660;0,300;14,660;0,390;61,628;0,000;61,486;0,000;60,048;0,000;14,660;0,500;0;0;0;59,150;0,000;59,679;0,000;59,571;0,000;59,150;0,000;59,679;0,000;59,812;0,000;59,571;0,000;103,361;0,000;39,059;0,000
4917501001;13,510;0,400;17,687;0,200;12,125;1,000;5,828;2,952;17,046;0,100;13,510;0,650;45,529;0,000;42,235;0,000;9,935;1,900;42,386;0,000;0;0;0;17,401;0,100;38,961;0,000;17,401;0,100;17,401;0,100;33,530;0,000;41,291;0,000;38,961;0,000;44,066;0,000;33,530;0,000
4917601001;15,735;0,300;45,640;0,000;15,735;0,500;0,000;2,448;39,477;0,000;21,749;0,260;52,681;0,000;51,883;0,000;35,404;0,000;0,000;1,500;0;2;2;45,818;0,000;51,787;0,000;45,818;0,000;45,818;0,000;51,787;0,000;51,787;0,000;51,787;0,000;51,787;0,000;29,771;0,100
4917701001;18,079;0,300;42,040;0,000;7,731;0,600;10,479;1,436;30,229;0,000;18,079;0,130;50,623;0,000;68,002;0,000;42,770;0,000;19,603;0,400;0;0;0;42,075;0,000;65,982;0,000;46,135;0,000;46,135;0,000;65,982;0,000;51,444;0,000;66,291;0,000;69,488;0,000;38,716;0,000
4917801001;4,419;1,800;5,502;0,900;3,712;2,800;3,712;9,688;4,828;0,900;4,899;3,654;6,609;0,468;5,502;0,300;0,000;17,200;4,940;0,700;2;0;2;5,441;0,700;5,441;0,600;5,441;0,300;5,441;0,600;5,441;0,300;5,441;0,600;5,441;0,300;5,441;0,300;10,831;0,300
4917901001;8,232;0,300;54,575;0,000;8,232;0,700;6,050;1,716;8,232;0,300;8,232;0,390;54,575;0,000;53,396;0,000;52,090;0,000;6,050;0,700;0;0;0;51,145;0,000;51,402;0,000;51,442;0,000;51,145;0,000;51,402;0,000;51,985;0,000;51,442;0,000;95,653;0,000;39,413;0,000
4918001001;13,226;0,400;45,757;0,000;13,226;0,500;9,846;2,212;32,914;0,000;11,255;0,820;43,497;0,000;46,570;0,000;38,051;0,000;44,874;0,000;0;0;0;44,541;0,000;44,541;0,000;44,541;0,000;44,541;0,000;44,541;0,000;44,541;0,000;44,541;0,000;44,541;0,000;15,186;0,100
4918101001;15,794;0,200;48,410;0,000;15,794;0,400;10,459;1,222;15,794;0,100;15,794;0,130;49,438;0,000;47,689;0,000;46,494;0,000;10,459;0,500;0;0;0;45,549;0,000;45,640;0,000;45,764;0,000;45,549;0,000;45,640;0,000;46,469;0,000;45,764;0,000;93,547;0,000;44,889;0,000
4918301001;16,163;0,200;49,283;0,000;16,163;0,300;9,339;2,100;30,586;0,000;10,378;0,560;47,067;0,000;50,052;0,000;41,753;0,000;46,236;0,000;0;0;0;48,043;0,000;48,043;0,000;48,043;0,000;48,043;0,000;48,043;0,000;48,043;0,000;48,043;0,000;48,043;0,000;12,693;0,300
4918401001;17,262;0,200;40,194;0,000;14,340;0,600;4,733;2,328;38,775;0,000;17,262;0,130;40,028;0,000;40,194;0,000;28,910;0,100;14,340;0,500;0;0;0;39,507;0,000;39,507;0,000;39,507;0,000;39,507;0,000;39,507;0,000;39,507;0,000;39,507;0,000;39,507;0,000;30,097;0,000
4918501001;13,050;0,400;13,409;0,600;11,533;1,100;6,692;4,312;12,682;0,300;11,133;0,650;46,300;0,000;43,100;0,000;5,111;2,100;38,544;0,000;0;0;0;13,050;0,300;39,853;0,000;13,050;0,300;13,050;0,300;38,583;0,000;44,779;0,000;39,853;0,000;44,812;0,000;38,583;0,000
4918601001;22,183;0,600;22,815;0,300;14,023;1,200;14,023;3,492;23,516;0,200;22,815;1,088;25,339;0,156;22,815;0,100;0,000;6,600;18,697;0,300;2;0;2;23,913;0,200;23,913;0,200;23,913;0,100;23,913;0,200;23,913;0,100;23,913;0,200;23,913;0,100;23,913;0,100;26,617;0,100
4918701001;6,521;0,400;6,025;0,600;6,462;1,000;0,000;6,484;6,755;0,300;7,130;0,520;57,078;0,000;58,444;0,000;0,000;3,600;45,251;0,000;2;0;2;6,521;0,400;30,721;0,000;6,521;0,300;6,521;0,300;47,993;0,000;56,756;0,000;30,721;0,000;61,114;0,000;30,721;0,000
4918801001;12,298;0,400;12,443;0,600;11,994;1,000;10,150;4,556;11,994;0,300;10,150;0,650;51,914;0,000;46,428;0,000;5,597;2,300;44,208;0,000;0;0;0;12,298;0,300;33,550;0,000;12,298;0,300;12,298;0,300;36,020;0,000;47,919;0,000;33,550;0,000;50,437;0,000;33,550;0,000
4918901001;18,528;0,200;44,511;0,000;10,071;0,700;8,178;1,690;18,528;0,100;18,528;0,260;44,511;0,000;43,658;0,000;42,295;0,000;16,242;0,300;0;0;0;41,361;0,000;41,721;0,000;41,705;0,000;41,361;0,000;41,721;0,000;42,144;0,000;41,705;0,000;100,383;0,000;42,076;0,000
4919001001;7,799;0,400;27,567;0,200;7,799;0,900;7,799;2,596;26,909;0,100;7,799;0,520;40,027;0,000;36,674;0,000;18,271;0,900;37,256;0,000;0;0;0;27,268;0,200;36,707;0,000;27,268;0,100;27,268;0,200;27,650;0,100;31,640;0,000;38,652;0,000;38,652;0,000;27,650;0,100
4919101001;12,314;0,900;24,405;0,300;12,314;1,300;7,955;5,436;24,610;0,300;12,314;1,816;23,948;0,156;25,136;0,100;14,241;5,500;18,982;0,200;0;0;0;18,764;0,400;20,541;0,200;24,914;0,100;20,541;0,200;24,914;0,100;20,541;0,300;24,914;0,100;24,914;0,100;20,541;0,300
4919201001;15,037;0,300;14,762;0,400;7,398;1,000;9,490;4,784;15,001;0,100;6,630;0,910;61,019;0,000;48,292;0,000;9,965;2,600;47,690;0,000;0;0;0;15,037;0,300;22,547;0,100;15,037;0,100;15,037;0,100;37,969;0,000;57,342;0,000;22,547;0,100;62,049;0,000;22,547;0,100
4919301001;9,139;0,500;33,549;0,000;9,139;0,800;0,000;3,016;36,747;0,000;9,139;0,390;45,338;0,000;66,833;0,000;33,848;0,000;23,859;0,200;0;0;0;33,315;0,000;67,368;0,000;36,575;0,000;36,575;0,000;67,368;0,000;45,963;0,000;67,368;0,000;67,368;0,000;33,315;0,000
4919401001;17,296;0,700;18,976;0,300;6,486;1,400;6,486;4,204;17,510;0,200;17,712;1,218;18,796;0,156;18,976;0,100;9,017;5,400;8,601;0,500;0;0;0;18,242;0,200;18,242;0,200;18,242;0,100;18,242;0,200;18,242;0,100;18,242;0,200;18,242;0,100;18,242;0,100;24,305;0,100
4919701001;18,056;0,600;19,055;0,300;5,296;1,100;5,296;5,280;19,025;0,200;18,056;1,374;17,787;0,156;20,019;0,100;5,296;5,800;20,078;0,200;0;0;0;16,956;0,300;16,956;0,200;19,092;0,100;16,956;0,200;19,092;0,100;16,956;0,200;19,092;0,100;19,092;0,100;16,956;0,200
4919901001;5,058;0,600;5,317;0,600;4,730;1,500;4,290;6,104;4,730;0,600;4,290;1,170;51,861;0,000;48,851;0,000;4,193;3,100;35,730;0,000;0;0;0;5,058;0,300;39,714;0,000;5,058;0,300;5,058;0,300;46,617;0,000;50,370;0,000;39,714;0,000;50,370;0,000;39,714;0,000
4920001001;5,468;0,500;5,244;0,600;5,244;1,100;0,000;6,552;5,511;0,300;6,940;0,650;55,201;0,000;52,341;0,000;5,511;2,400;34,096;0,000;0;0;0;5,468;0,300;41,683;0,000;5,468;0,300;5,468;0,300;52,317;0,000;53,725;0,000;41,683;0,000;53,725;0,000;36,850;0,000
4920101001;5,950;0,700;24,093;0,200;5,950;1,100;5,950;3,776;24,441;0,100;5,950;0,520;54,260;0,000;53,963;0,000;24,441;0,600;21,367;0,200;0;0;0;24,366;0,100;54,740;0,000;24,366;0,100;24,366;0,100;54,740;0,000;54,602;0,000;54,740;0,000;54,740;0,000;37,057;0,000
4920201001;18,985;0,600;23,948;0,300;8,461;1,200;8,461;3,748;23,591;0,200;23,669;1,088;25,333;0,156;23,948;0,100;8,490;5,200;8,461;0,600;0;0;0;24,211;0,200;24,211;0,200;24,211;0,100;24,211;0,200;24,211;0,100;24,211;0,200;24,211;0,100;24,211;0,100;28,917;0,100
4920301001;14,269;0,600;13,840;0,700;13,840;1,200;3,393;6,224;14,578;0,300;16,419;0,390;46,473;0,000;61,422;0,000;14,578;1,800;37,729;0,000;0;0;0;14,269;0,400;43,870;0,000;14,269;0,300;14,269;0,300;61,412;0,000;46,423;0,000;43,870;0,000;61,412;0,000;25,504;0,100
4920401001;10,754;0,700;22,142;0,200;10,754;1,000;10,754;3,888;22,355;0,100;10,754;0,520;51,549;0,000;49,383;0,000;20,367;0,900;19,204;0,200;0;0;0;22,348;0,100;50,216;0,000;22,348;0,100;22,348;0,100;50,216;0,000;50,216;0,000;50,216;0,000;50,216;0,000;40,466;0,000
4920501001;8,316;0,500;19,648;0,200;8,316;0,900;8,316;3,876;20,064;0,100;8,316;0,520;52,479;0,000;55,083;0,000;20,064;0,800;25,391;0,200;0;0;0;19,953;0,100;54,783;0,000;19,953;0,100;19,953;0,100;56,021;0,000;52,714;0,000;54,783;0,000;56,021;0,000;34,019;0,000
4920601001;7,350;0,700;26,162;0,300;0,000;1,800;0,000;5,088;26,774;0,100;7,350;0,650;42,878;0,000;65,029;0,000;26,439;0,500;30,842;0,000;0;0;0;26,252;0,200;57,636;0,000;26,552;0,100;26,552;0,100;65,886;0,000;43,212;0,000;57,636;0,000;65,886;0,000;26,252;0,100
4920701001;15,697;0,300;15,952;0,200;7,738;0,700;7,738;3,520;15,364;0,100;14,615;0,520;41,222;0,000;38,216;0,000;0,000;2,800;30,463;0,000;2;0;2;15,697;0,100;39,731;0,000;15,697;0,100;15,697;0,100;39,731;0,000;39,731;0,000;39,731;0,000;39,731;0,000;40,710;0,000
4920801001;15,339;0,300;52,169;0,000;15,339;0,500;6,606;1,636;36,945;0,000;15,339;0,260;54,212;0,000;53,810;0,000;39,541;0,000;6,606;0,600;0;0;0;52,339;0,000;53,469;0,000;52,339;0,000;52,339;0,000;53,469;0,000;53,469;0,000;53,469;0,000;53,469;0,000;23,332;0,100
4920901001;9,482;0,300;60,269;0,000;9,482;0,400;0,000;1,880;32,143;0,000;9,482;0,390;60,255;0,000;60,269;0,000;47,543;0,000;15,831;0,300;0;0;0;59,681;0,000;59,681;0,000;59,681;0,000;59,681;0,000;59,681;0,000;59,681;0,000;59,681;0,000;59,681;0,000;13,941;0,300
4921001001;16,055;0,700;15,905;0,300;16,313;0,900;5,260;5,464;16,424;0,300;12,602;2,128;16,396;0,156;16,494;0,100;10,672;6,300;15,234;0,200;0;0;0;10,989;0,800;11,282;0,400;16,910;0,100;11,282;0,400;16,910;0,100;11,282;0,500;16,910;0,100;16,910;0,100;11,282;0,300
4921401001;0,000;1,100;31,432;0,000;0,000;1,400;0,000;3,420;31,454;0,000;18,334;0,130;44,212;0,000;42,565;0,000;20,465;0,600;7,948;0,500;0;0;0;31,539;0,000;43,025;0,000;31,539;0,000;31,539;0,000;43,025;0,000;43,025;0,000;43,025;0,000;43,025;0,000;44,955;0,000
4921601001;8,580;0,400;22,265;0,200;8,580;1,000;8,377;2,696;21,676;0,100;8,580;0,650;45,020;0,000;38,792;0,000;14,830;1,200;42,199;0,000;0;0;0;22,019;0,200;39,051;0,000;22,019;0,100;22,019;0,200;28,808;0,100;37,716;0,000;39,051;0,000;43,600;0,000;28,808;0,100
4921901001;0,662;1,600;27,737;0,300;0,504;1,600;0,413;5,248;0,504;1,100;0,662;2,648;29,728;0,156;27,843;0,100;7,629;5,100;7,629;0,400;0;0;0;0,504;1,500;23,277;0,200;29,376;0,100;23,277;0,200;29,376;0,100;0,504;1,200;29,376;0,100;29,376;0,100;23,277;0,100
4921901002;0,470;1,500;28,002;0,300;0,395;1,600;0,000;4,696;0,395;1,100;0,470;2,518;30,013;0,000;28,098;0,100;7,960;4,800;7,960;0,400;0;0;0;0,395;1,500;23,566;0,200;29,646;0,100;23,566;0,200;29,646;0,100;0,395;1,200;29,646;0,100;29,646;0,100;23,566;0,100
4921901003;0,000;1,300;28,396;0,300;0,864;1,500;0,470;4,456;0,864;1,100;0,000;2,648;30,390;0,000;28,500;0,100;7,744;4,500;7,744;0,400;0;0;0;0,864;1,400;23,938;0,100;30,036;0,000;23,938;0,100;30,036;0,000;0,864;1,100;30,036;0,000;30,036;0,000;23,938;0,100
4921902001;0,864;1,600;27,650;0,300;0,000;1,800;0,395;5,368;0,000;1,200;0,864;2,648;29,675;0,156;27,742;0,100;8,122;5,400;8,122;0,400;0;0;0;0,000;1,500;23,231;0,200;29,298;0,100;23,231;0,200;29,298;0,100;0,000;1,200;29,298;0,100;29,298;0,100;23,231;0,100
4921902002;1,414;1,100;27,113;0,300;0,560;1,700;0,951;5,488;0,560;1,200;1,414;2,258;29,150;0,156;27,200;0,100;8,036;5,600;8,277;0,400;0;0;0;0,560;1,500;22,709;0,200;28,764;0,100;22,709;0,200;28,764;0,100;0,560;1,200;28,764;0,100;28,764;0,100;22,709;0,100
4921902003;9,125;0,800;19,584;0,300;8,506;1,100;0,000;5,748;8,506;0,500;9,125;2,180;21,413;0,156;19,772;0,100;0,000;6,500;9,827;0,400;2;0;2;2,197;1,300;14,954;0,400;21,169;0,100;14,954;0,400;21,169;0,100;8,506;0,700;21,169;0,100;21,169;0,100;14,954;0,300
4921902004;1,125;1,100;27,711;0,300;0,453;1,600;0,697;5,268;0,453;1,100;1,125;2,128;29,765;0,156;27,790;0,100;8,416;5,200;8,573;0,400;0;0;0;0,453;1,500;23,330;0,200;29,367;0,100;23,330;0,200;29,367;0,100;0,453;1,200;29,367;0,100;29,367;0,100;23,330;0,100
4921903001;7,744;0,800;28,528;0,300;8,122;0,900;7,960;4,508;8,122;0,400;0,000;2,674;29,947;0,156;28,845;0,100;0,000;5,000;0,000;1,200;6;2;8;7,635;0,800;23,667;0,200;29,975;0,100;23,667;0,200;29,975;0,100;8,122;0,500;29,975;0,100;29,975;0,100;23,667;0,100
4922001001;10,294;0,700;9,873;0,700;9,946;1,200;7,324;6,518;10,661;0,300;12,075;1,040;49,979;0,000;57,518;0,000;7,324;2,900;40,947;0,000;0;0;0;10,294;0,500;34,597;0,000;10,294;0,300;10,294;0,300;55,307;0,000;49,700;0,000;34,597;0,000;57,472;0,000;28,063;0,100
4922101001;18,158;0,200;40,582;0,000;18,158;0,400;13,683;1,436;38,669;0,000;13,683;0,560;39,044;0,000;40,890;0,000;29,893;0,100;25,713;0,100;0;0;0;39,318;0,000;39,318;0,000;39,318;0,000;39,318;0,000;39,318;0,000;39,318;0,000;39,318;0,000;39,318;0,000;35,781;0,000
4922201001;13,789;1,200;13,232;0,900;13,232;1,800;8,287;6,472;14,676;0,500;11,933;2,874;16,502;0,156;13,232;0,300;11,401;11,100;13,647;0,400;0;0;0;15,036;0,400;15,036;0,200;15,036;0,100;15,036;0,200;15,036;0,100;15,036;0,300;15,036;0,100;15,036;0,100;15,204;0,100
4922301001;12,969;0,300;69,850;0,000;12,969;0,300;12,969;1,024;31,359;0,000;12,969;0,390;69,301;0,000;69,850;0,000;58,893;0,000;25,983;0,200;0;0;0;68,959;0,000;68,959;0,000;68,959;0,000;68,959;0,000;68,959;0,000;68,959;0,000;68,959;0,000;68,959;0,000;0,000;1,000
4922401001;16,894;0,100;47,083;0,000;12,881;0,600;4,747;2,002;16,894;0,100;16,894;0,130;47,083;0,000;46,464;0,000;45,072;0,000;15,824;0,300;0;0;0;44,147;0,000;44,567;0,000;44,519;0,000;44,147;0,000;44,567;0,000;44,891;0,000;44,519;0,000;103,934;0,000;44,865;0,000
4922501001;13,317;0,700;30,542;0,000;12,788;0,800;5,092;2,784;39,210;0,000;13,317;0,390;40,811;0,000;64,862;0,000;31,209;0,000;28,194;0,100;0;0;0;30,529;0,000;62,943;0,000;39,251;0,000;39,251;0,000;62,943;0,000;41,497;0,000;63,336;0,000;72,431;0,000;30,529;0,000
4922601001;17,145;0,300;35,306;0,000;13,067;0,600;6,535;3,414;26,424;0,100;17,145;0,416;40,882;0,000;33,430;0,000;7,502;1,600;18,455;0,800;0;0;0;24,583;0,200;32,678;0,000;41,515;0,000;35,900;0,000;32,678;0,000;26,424;0,100;41,515;0,000;41,515;0,000;19,987;0,100
4922701001;3,442;3,000;3,387;1,800;2,650;4,100;2,514;14,320;3,973;1,300;3,387;5,592;5,741;0,468;3,387;0,600;2,514;24,900;3,178;0,700;0;0;0;4,277;1,100;4,277;0,900;4,277;0,600;4,277;0,900;4,277;0,600;4,277;1,000;4,277;0,600;4,277;0,600;8,452;0,300
4922801001;11,851;0,900;23,830;0,300;11,818;1,200;8,145;5,264;11,818;0,500;6,122;2,024;24,905;0,156;24,257;0,100;6,122;5,800;6,122;0,400;0;0;0;6,469;0,800;18,930;0,200;25,129;0,100;18,930;0,200;25,129;0,100;11,818;0,500;25,129;0,100;25,129;0,100;18,930;0,100
4922901001;13,022;0,500;12,734;0,600;8,888;1,300;9,331;5,580;12,999;0,300;8,203;0,910;60,945;0,000;49,862;0,000;8,387;2,800;47,900;0,000;0;0;0;13,022;0,500;24,140;0,100;13,022;0,300;13,022;0,300;39,490;0,000;57,641;0,000;24,140;0,100;61,347;0,000;24,140;0,100
4923001001;19,077;0,300;36,293;0,000;10,961;0,800;7,648;3,484;30,936;0,000;19,077;0,416;37,066;0,000;33,327;0,000;4,908;2,200;9,891;1,700;0;0;0;34,066;0,000;34,638;0,000;34,146;0,000;34,146;0,000;34,066;0,000;34,066;0,000;34,066;0,000;34,146;0,000;8,700;0,600
4923101001;10,177;0,500;37,889;0,000;10,177;0,800;4,877;2,828;38,143;0,000;10,177;0,390;49,982;0,000;63,976;0,000;38,343;0,000;19,070;0,300;0;0;0;38,144;0,000;64,392;0,000;38,212;0,000;38,212;0,000;64,392;0,000;50,641;0,000;64,392;0,000;64,392;0,000;38,144;0,000
4923201001;17,258;0,200;17,182;0,200;12,676;0,900;5,557;2,628;17,073;0,100;11,812;0,650;58,077;0,000;42,371;0,000;10,219;1,800;52,173;0,000;0;0;0;17,258;0,200;26,235;0,100;17,258;0,100;17,258;0,100;31,928;0,000;50,353;0,000;26,235;0,100;56,628;0,000;26,235;0,100
4923301001;17,528;0,200;37,906;0,000;11,390;0,600;10,756;1,860;36,797;0,000;21,970;0,130;38,240;0,000;37,906;0,000;24,843;0,300;9,625;0,700;0;0;0;37,513;0,000;37,513;0,000;37,513;0,000;37,513;0,000;37,513;0,000;37,513;0,000;37,513;0,000;37,513;0,000;34,306;0,000
4923401001;17,241;0,700;21,607;0,300;17,190;0,900;8,235;5,464;19,998;0,300;14,366;1,764;21,738;0,156;22,251;0,100;13,967;5,800;14,366;0,400;0;0;0;13,319;0,600;17,182;0,200;22,441;0,100;17,182;0,200;22,441;0,100;17,182;0,300;22,441;0,100;22,441;0,100;17,182;0,100
4923501001;16,949;0,200;34,353;0,000;16,469;0,500;16,469;1,256;16,623;0,100;16,949;0,546;37,321;0,000;27,827;0,120;16,842;0,600;24,692;0,100;0;0;0;16,623;0,300;31,841;0,000;36,346;0,000;22,705;0,100;22,705;0,100;16,623;0,100;36,346;0,000;36,346;0,000;22,705;0,100
4923601001;12,099;0,400;12,367;0,600;11,750;1,100;9,080;4,468;11,750;0,300;9,998;0,650;49,087;0,000;45,860;0,000;5,193;2,200;41,178;0,000;0;0;0;12,099;0,300;36,786;0,000;12,099;0,300;12,099;0,300;37,408;0,000;46,548;0,000;36,786;0,000;47,604;0,000;36,786;0,000
4923701001;25,263;0,800;26,976;0,300;5,206;1,500;5,206;4,116;25,460;0,200;25,670;1,036;26,673;0,156;26,976;0,100;16,633;4,300;5,206;0,600;0;0;0;26,193;0,100;26,193;0,100;26,193;0,100;26,193;0,100;26,193;0,100;26,193;0,100;26,193;0,100;26,193;0,100;32,299;0,000
4923801001;7,120;0,400;6,739;0,600;6,739;1,000;5,712;5,680;7,490;0,300;9,062;0,650;52,581;0,000;60,396;0,000;6,153;2,700;41,637;0,000;0;0;0;7,120;0,300;35,878;0,000;7,120;0,300;7,120;0,300;53,656;0,000;52,356;0,000;35,878;0,000;60,862;0,000;30,765;0,000
4923901001;15,858;0,300;31,544;0,000;16,255;0,400;4,943;3,298;16,255;0,100;8,133;0,988;32,324;0,000;32,037;0,000;8,133;1,600;8,133;0,500;0;0;0;13,884;0,500;26,693;0,100;32,718;0,000;26,693;0,100;32,718;0,000;16,255;0,200;32,718;0,000;32,718;0,000;26,693;0,200
4924001001;20,897;0,200;34,813;0,000;12,428;0,600;11,283;1,604;32,917;0,000;20,678;0,360;33,604;0,000;34,948;0,000;23,751;0,200;17,219;0,200;0;0;0;33,615;0,000;33,615;0,000;33,615;0,000;33,615;0,000;33,615;0,000;33,615;0,000;33,615;0,000;33,615;0,000;37,325;0,000
4924101001;6,381;0,300;32,075;0,000;6,381;1,200;6,481;3,928;30,764;0,000;6,381;1,114;33,597;0,000;29,912;0,130;4,701;3,900;13,749;1,300;0;0;0;30,021;0,000;30,406;0,000;30,406;0,000;30,562;0,000;30,021;0,000;30,021;0,000;30,021;0,000;30,406;0,000;9,592;0,600
4924201001;16,147;0,200;19,879;0,200;6,321;0,600;0,000;3,632;19,132;0,100;16,147;0,390;40,128;0,000;36,873;0,000;8,528;2,000;37,271;0,000;0;0;0;19,502;0,100;38,293;0,000;19,502;0,100;19,502;0,100;36,625;0,000;38,293;0,000;38,652;0,000;38,652;0,000;36,625;0,000
4924301001;14,914;0,700;18,369;0,300;9,556;1,000;7,274;4,564;19,081;0,100;14,914;0,650;43,429;0,000;61,910;0,000;19,081;1,400;35,954;0,000;0;0;0;18,792;0,200;48,083;0,000;18,792;0,100;18,792;0,100;61,920;0,000;43,484;0,000;48,083;0,000;61,920;0,000;23,391;0,100
4924401001;12,786;0,600;21,769;0,300;5,459;0,900;5,459;4,096;26,332;0,100;12,786;0,650;38,673;0,000;62,492;0,000;21,082;0,800;31,387;0,000;0;0;0;20,957;0,200;54,353;0,000;26,053;0,100;26,053;0,100;62,532;0,000;38,902;0,000;54,353;0,000;62,532;0,000;20,957;0,100
4924501001;12,558;1,600;12,222;0,900;12,464;2,000;7,411;9,452;13,120;0,700;5,094;3,524;14,003;0,468;12,464;0,300;4,811;13,800;13,261;0,400;0;0;0;7,543;1,000;7,543;0,600;13,777;0,300;7,543;0,600;13,777;0,300;7,543;0,700;13,777;0,300;13,777;0,300;7,543;0,300
4924601001;18,669;0,600;28,127;0,500;5,996;1,100;5,996;3,692;27,459;0,300;18,669;1,088;31,422;0,000;28,127;0,100;9,149;4,500;28,569;0,100;0;0;0;27,825;0,300;29,371;0,200;27,825;0,200;27,825;0,300;29,961;0,100;29,371;0,200;29,961;0,100;29,961;0,100;29,371;0,100
4924701001;18,147;0,600;27,326;0,300;5,591;1,300;5,591;4,104;25,419;0,200;18,147;1,006;26,041;0,156;27,513;0,100;16,343;4,300;14,755;0,500;0;0;0;26,107;0,100;26,107;0,100;26,107;0,100;26,107;0,100;26,107;0,100;26,107;0,100;26,107;0,100;26,107;0,100;32,397;0,000
4924801001;15,111;0,200;16,764;0,200;15,111;0,700;8,214;2,940;16,489;0,100;14,692;0,650;54,552;0,000;41,935;0,000;9,498;1,700;49,593;0,000;0;0;0;16,736;0,200;29,734;0,100;16,736;0,100;16,736;0,100;31,469;0,000;47,423;0,000;29,734;0,100;53,103;0,000;29,734;0,100
4924901001;10,765;0,600;36,512;0,000;10,832;0,700;6,854;2,180;10,991;0,400;10,765;0,936;38,930;0,000;27,328;0,120;6,854;1,400;17,623;0,100;0;0;0;10,991;0,500;29,261;0,100;38,299;0,000;26,190;0,100;26,190;0,100;10,991;0,300;38,299;0,000;38,299;0,000;26,190;0,100
4925001001;0,000;1,100;30,146;0,000;0,000;1,500;0,000;2,760;29,637;0,100;0,000;1,690;46,504;0,000;30,278;0,000;23,230;0,900;41,490;0,000;0;0;0;20,480;0,200;39,585;0,000;29,960;0,100;20,480;0,200;20,480;0,100;33,370;0,000;39,585;0,000;45,195;0,000;20,480;0,100
4925101001;17,010;0,700;18,768;0,300;16,162;0,900;13,700;4,052;16,162;0,300;11,095;1,790;21,887;0,156;18,768;0,100;8,708;5,900;19,543;0,200;0;0;0;15,564;0,400;17,077;0,200;20,796;0,100;17,077;0,200;20,796;0,100;16,162;0,300;20,796;0,100;20,796;0,100;17,077;0,100
4925201001;9,613;0,400;28,697;0,200;9,613;1,000;9,613;2,528;28,423;0,100;9,613;0,780;55,904;0,000;30,127;0,000;21,433;1,000;50,306;0,000;0;0;0;19,664;0,300;30,237;0,000;28,671;0,100;19,664;0,200;19,664;0,100;42,208;0,000;30,237;0,000;54,567;0,000;19,664;0,100
4925501001;5,009;0,300;31,498;0,000;5,009;0,900;7,932;3,336;31,569;0,000;5,009;0,598;30,549;0,000;32,037;0,000;10,771;2,100;23,619;0,600;0;0;0;27,602;0,300;28,364;0,100;31,685;0,000;28,364;0,100;31,534;0,000;28,364;0,100;31,534;0,000;31,685;0,000;19,728;0,500
4925601001;9,646;0,500;9,464;0,600;9,464;1,000;4,273;5,436;9,639;0,300;10,836;0,520;53,081;0,000;50,352;0,000;9,639;2,000;29,898;0,100;0;0;0;9,646;0,300;45,953;0,000;9,646;0,300;9,646;0,300;51,624;0,000;51,624;0,000;45,953;0,000;51,624;0,000;37,840;0,000
4925701001;5,309;0,400;5,594;0,600;4,959;1,200;3,241;5,648;4,959;0,600;3,241;1,040;53,217;0,000;50,107;0,000;3,400;3,400;39,470;0,000;0;0;0;5,309;0,300;36,168;0,000;5,309;0,300;5,309;0,300;43,376;0,000;51,724;0,000;36,168;0,000;51,724;0,000;36,168;0,000
4925801001;17,274;0,700;18,096;0,300;5,584;1,300;5,584;5,448;17,730;0,200;16,814;1,374;16,025;0,156;19,179;0,100;5,584;5,800;18,852;0,100;0;0;0;17,518;0,300;17,518;0,200;17,518;0,100;17,518;0,200;17,518;0,100;17,518;0,200;17,518;0,100;17,518;0,100;18,534;0,200
4925901001;8,840;0,700;26,383;0,200;8,840;0,900;7,538;3,164;26,599;0,100;9,919;0,520;51,701;0,000;49,757;0,000;22,760;0,700;16,275;0,200;0;0;0;26,591;0,100;50,428;0,000;26,591;0,100;26,591;0,100;50,428;0,000;50,428;0,000;50,428;0,000;50,428;0,000;42,192;0,000
4926001001;17,808;0,200;22,331;0,200;11,628;0,900;0,000;3,172;22,306;0,100;10,877;0,650;61,515;0,000;38,835;0,000;15,630;1,400;48,257;0,000;0;0;0;22,459;0,300;22,595;0,100;22,459;0,100;22,459;0,200;28,564;0,100;51,174;0,000;22,595;0,100;60,097;0,000;22,595;0,200
4926101001;5,171;1,600;4,903;1,200;5,345;2,100;0,000;9,896;5,684;0,700;3,450;3,992;6,461;0,468;5,345;0,300;3,450;14,800;6,033;0,400;0;0;0;0,000;1,500;0,000;1,300;6,311;0,300;0,000;1,300;6,311;0,300;0,000;1,400;6,311;0,300;6,311;0,300;0,000;1,000
4926201001;24,008;0,400;51,061;0,000;7,595;0,800;14,922;1,592;26,488;0,100;24,008;0,390;59,382;0,000;66,626;0,000;47,171;0,000;14,283;0,900;0;0;0;51,055;0,000;66,601;0,000;51,345;0,000;51,345;0,000;66,601;0,000;60,243;0,000;66,601;0,000;66,601;0,000;29,693;0,100
4926301001;12,395;0,400;29,257;0,200;11,071;1,100;8,719;2,784;29,058;0,100;12,395;0,780;58,704;0,000;30,267;0,000;20,168;1,200;49,626;0,000;0;0;0;19,912;0,400;27,690;0,100;29,280;0,100;19,912;0,200;19,912;0,100;44,691;0,000;27,690;0,100;56,945;0,000;19,912;0,200
4926401001;17,104;0,100;49,927;0,000;17,104;0,200;6,638;1,242;34,148;0,000;6,638;0,430;47,847;0,000;50,580;0,000;41,213;0,000;42,946;0,000;0;0;0;48,645;0,000;48,645;0,000;48,645;0,000;48,645;0,000;48,645;0,000;48,645;0,000;48,645;0,000;48,645;0,000;17,108;0,100
4926501001;21,585;0,200;39,080;0,000;16,848;0,400;11,550;1,392;37,175;0,000;18,862;0,360;37,789;0,000;39,253;0,000;28,066;0,100;21,223;0,100;0;0;0;37,864;0,000;37,864;0,000;37,864;0,000;37,864;0,000;37,864;0,000;37,864;0,000;37,864;0,000;37,864;0,000;34,431;0,000
4926601001;6,349;0,400;26,080;0,200;6,349;1,000;6,349;2,696;25,466;0,100;6,349;0,650;42,629;0,000;36,385;0,000;18,367;0,900;39,849;0,000;0;0;0;25,815;0,200;39,355;0,000;25,815;0,100;25,815;0,200;26,770;0,100;33,827;0,000;41,247;0,000;41,247;0,000;26,770;0,100
4926701001;6,260;0,600;28,372;0,300;5,797;0,800;5,978;3,064;5,797;0,400;6,260;1,738;30,804;0,000;28,372;0,100;9,835;3,900;13,919;0,400;0;0;0;5,797;0,700;24,599;0,100;30,160;0,000;24,599;0,100;30,160;0,000;5,797;0,400;30,160;0,000;30,160;0,000;24,599;0,100
4926801001;21,016;0,300;22,976;0,200;0,000;1,400;0,000;3,788;22,308;0,100;21,016;0,416;34,841;0,000;31,682;0,000;6,806;2,300;32,001;0,000;0;0;0;22,665;0,100;33,351;0,000;22,665;0,100;22,665;0,100;33,351;0,000;33,351;0,000;33,351;0,000;33,351;0,000;33,677;0,000
4926901001;14,234;0,800;22,223;0,300;8,051;1,400;6,885;4,460;20,333;0,200;14,234;1,422;20,501;0,156;22,665;0,100;12,437;4,700;19,513;0,200;0;0;0;20,933;0,200;20,933;0,200;20,933;0,100;20,933;0,200;20,933;0,100;20,933;0,200;20,933;0,100;20,933;0,100;26,957;0,100
4927001001;7,477;0,400;32,970;0,000;7,566;0,700;6,433;2,280;7,566;0,400;7,477;1,352;35,334;0,000;30,899;0,000;6,433;1,600;14,840;0,300;0;0;0;7,566;0,800;29,060;0,100;34,731;0,000;29,060;0,200;29,221;0,100;7,566;0,400;34,731;0,000;34,731;0,000;29,060;0,200
4927101001;10,771;0,500;11,069;0,600;10,421;1,200;9,504;4,980;10,421;0,300;9,504;0,650;46,251;0,000;43,198;0,000;0,000;3,300;33,824;0,000;2;0;2;10,771;0,300;42,815;0,000;10,771;0,300;10,771;0,300;44,068;0,000;44,758;0,000;42,815;0,000;44,758;0,000;42,815;0,000
4927201001;15,743;0,300;15,894;0,200;15,743;0,600;5,879;3,704;16,013;0,100;15,808;0,260;50,226;0,000;47,742;0,000;15,066;1,000;23,550;0,200;0;0;0;16,050;0,100;48,816;0,000;16,050;0,100;16,050;0,100;48,816;0,000;48,816;0,000;48,816;0,000;48,816;0,000;40,329;0,000
4927301001;12,415;0,400;67,665;0,000;12,415;0,500;8,112;1,336;27,479;0,100;12,415;0,520;67,467;0,000;67,665;0,000;55,428;0,000;19,872;0,400;0;0;0;66,973;0,000;66,973;0,000;66,973;0,000;66,973;0,000;66,973;0,000;66,973;0,000;66,973;0,000;66,973;0,000;7,478;0,300
4927501001;0,000;3,800;1,557;1,800;0,579;5,600;0,294;18,680;0,697;2,100;0,636;7,152;1,260;0,936;2,341;0,600;0,000;34,000;1,689;0,700;1;0;1;0,297;1,500;0,297;1,300;0,297;1,000;0,297;1,300;0,297;1,000;0,297;1,400;0,297;1,000;0,297;1,000;6,479;0,300
4927501002;0,246;4,200;1,586;1,800;0,385;5,600;0,385;18,368;0,469;2,100;0,392;7,152;1,487;0,936;2,267;0,600;0,000;33,600;1,557;0,700;4;0;4;0,302;1,500;0,302;1,300;0,302;1,000;0,302;1,300;0,302;1,000;0,302;1,400;0,302;1,000;0,302;1,000;6,610;0,300
4927501003;0,000;3,800;1,296;1,800;0,387;5,600;0,306;18,680;0,684;2,100;0,553;7,282;1,493;0,936;2,044;0,600;0,000;34,900;1,401;0,800;4;0;4;0,000;1,500;0,000;1,300;0,000;1,000;0,000;1,300;0,000;1,000;0,000;1,400;0,000;1,000;0,000;1,000;6,311;0,300
4927501004;0,348;4,300;1,200;1,800;0,190;5,600;0,190;18,992;0,651;2,100;0,441;6,892;1,841;0,936;1,786;0,600;0,000;34,900;1,080;0,800;6;0;6;0,348;1,500;0,348;1,300;0,348;1,000;0,348;1,300;0,348;1,000;0,348;1,400;0,348;1,000;0,348;1,000;6,332;0,300
4927501005;0,306;3,900;1,029;1,800;0,381;5,600;0,000;18,824;0,443;2,100;0,443;7,412;1,741;0,936;1,738;0,600;0,000;34,900;1,120;0,800;6;0;6;0,306;1,500;0,306;1,300;0,306;1,000;0,306;1,300;0,306;1,000;0,306;1,400;0,306;1,000;0,306;1,000;6,124;0,300
4927501006;0,751;3,500;0,000;2,600;0,000;4,400;0,966;14,888;1,499;1,300;0,000;7,344;3,353;0,936;0,000;1,000;0,000;27,500;0,851;1,200;5;0;5;2,044;1,100;2,044;0,900;2,044;0,600;2,044;0,900;2,044;0,600;2,044;1,000;2,044;0,600;2,044;0,600;5,345;0,300
4927501007;0,651;4,700;0,872;2,200;0,000;4,800;0,345;18,032;0,479;1,700;0,479;7,984;2,116;0,936;1,386;0,600;0,173;35,100;0,741;1,200;0;0;0;0,675;1,500;0,675;1,300;0,675;1,000;0,675;1,300;0,675;1,000;0,675;1,400;0,675;1,000;0,675;1,000;6,041;0,300
4927501008;0,489;4,700;1,088;1,800;0,247;5,200;0,265;18,032;0,591;2,100;0,561;7,516;1,976;0,936;1,622;0,600;0,000;34,900;0,919;1,200;1;0;1;0,489;1,500;0,489;1,300;0,489;1,000;0,489;1,300;0,489;1,000;0,489;1,400;0,489;1,000;0,489;1,000;6,245;0,300
4927501009;0,699;4,700;1,237;1,800;0,370;5,200;0,393;17,552;0,818;2,100;0,546;7,386;2,192;0,936;1,590;0,600;0,000;33,900;0,802;1,100;1;0;1;0,699;1,500;0,699;1,300;0,699;1,000;0,699;1,300;0,699;1,000;0,699;1,400;0,699;1,000;0,699;1,000;6,407;0,300
4927501010;0,387;4,200;1,390;1,800;0,000;5,200;0,000;18,368;0,527;2,100;0,251;6,632;1,837;0,936;1,933;0,600;0,190;33,200;1,185;0,700;0;0;0;0,387;1,500;0,387;1,300;0,387;1,000;0,387;1,300;0,387;1,000;0,387;1,400;0,387;1,000;0,387;1,000;6,520;0,300
4927501011;0,506;4,700;0,921;2,200;0,173;5,600;0,208;18,824;0,416;2,100;0,416;8,036;1,944;0,936;1,542;0,600;0,000;36,300;0,914;1,200;1;0;1;0,506;1,500;0,506;1,300;0,506;1,000;0,506;1,300;0,506;1,000;0,506;1,400;0,506;1,000;0,506;1,000;6,070;0,300
4927501012;0,000;3,900;0,751;3,000;0,651;4,800;0,343;16,328;0,895;1,700;0,000;7,864;2,720;0,936;0,751;1,000;0,000;31,100;0,285;1,200;1;0;1;1,324;1,100;1,324;0,900;1,324;0,600;1,324;0,900;1,324;0,600;1,324;1,000;1,324;0,600;1,324;0,600;5,779;0,300
4927501013;0,688;4,700;1,052;1,800;0,198;5,200;0,346;17,552;0,672;2,100;0,672;7,516;2,199;0,936;1,439;0,600;0,000;34,400;0,698;1,200;1;0;1;0,715;1,500;0,715;1,300;0,715;1,000;0,715;1,300;0,715;1,000;0,715;1,400;0,715;1,000;0,715;1,000;6,222;0,300
4927501014;0,285;3,500;0,851;2,200;0,741;4,800;0,398;15,568;1,094;1,300;0,285;7,344;2,856;0,936;0,851;1,000;0,000;30,600;0,000;1,200;2;20;22;1,401;1,100;1,401;0,900;1,401;0,600;1,401;0,900;1,401;0,600;1,401;1,000;1,401;0,600;1,401;0,600;6,033;0,300
4927501015;0,343;3,900;0,876;2,200;0,345;4,800;0,000;17,408;0,724;1,700;0,343;7,464;2,459;0,936;1,093;0,600;0,000;32,700;0,398;1,200;12;0;12;1,014;1,100;1,014;0,900;1,014;0,600;1,014;0,900;1,014;0,600;1,014;1,000;1,014;0,600;1,014;0,600;6,003;0,300
4927502001;0,230;3,900;1,282;1,800;0,437;5,600;0,324;18,680;0,677;2,100;0,677;7,412;1,307;0,936;2,131;0,600;0,000;34,900;1,554;0,800;3;0;3;0,230;1,500;0,230;1,300;0,230;1,000;0,230;1,300;0,230;1,000;0,230;1,400;0,230;1,000;0,230;1,000;6,185;0,300
4927502002;0,409;3,800;1,481;1,800;0,309;4,800;0,000;18,200;0,914;1,700;0,737;7,282;0,987;1,560;2,406;0,600;0,309;33,300;1,870;0,800;0;0;0;0,534;1,500;0,534;1,300;0,534;1,000;0,534;1,300;0,534;1,000;0,534;1,400;0,534;1,000;0,534;1,000;6,185;0,300
4927502003;0,661;3,900;1,261;1,800;0,000;4,400;0,309;17,096;0,763;1,700;0,434;6,892;1,099;0,936;2,255;0,600;0,000;31,700;1,816;0,800;3;0;3;0,662;1,500;0,662;1,300;0,662;1,000;0,662;1,300;0,662;1,000;0,662;1,400;0,662;1,000;0,662;1,000;5,876;0,300
4927502004;0,359;3,900;1,011;1,800;0,449;5,200;0,328;19,784;0,411;1,700;0,411;7,412;1,487;0,936;1,892;0,600;0,000;35,300;1,380;0,800;7;0;7;0,359;1,500;0,359;1,300;0,359;1,000;0,359;1,300;0,359;1,000;0,359;1,400;0,359;1,000;0,359;1,000;5,955;0,300
4927502005;0,613;4,700;0,613;2,200;0,479;5,200;0,000;18,680;0,000;1,700;0,000;7,984;1,856;0,936;1,499;0,600;0,000;35,400;1,094;0,800;4;0;4;0,684;1,500;0,684;1,300;0,684;1,000;0,684;1,300;0,684;1,000;0,684;1,400;0,684;1,000;0,684;1,000;5,684;0,300
4927502006;0,419;4,300;0,419;2,600;0,453;4,800;0,201;18,200;0,344;1,700;0,344;7,984;2,200;0,936;1,155;0,600;0,000;34,300;0,819;1,200;2;0;2;0,952;1,500;0,952;1,300;0,952;1,000;0,952;1,300;0,952;1,000;0,952;1,400;0,952;1,000;0,952;1,000;5,589;0,300
4927502007;0,336;3,900;0,336;3,000;0,599;4,800;0,000;17,520;0,536;1,700;0,483;7,864;2,387;0,936;0,966;1,000;0,164;33,500;0,755;1,200;0;0;0;1,149;1,100;1,149;0,900;1,149;0,600;1,149;0,900;1,149;0,600;1,149;1,000;1,149;0,600;1,149;0,600;5,476;0,300
4927502008;0,341;3,900;0,341;3,000;0,742;4,800;0,164;17,120;0,696;1,700;0,464;7,864;2,539;0,936;0,818;1,000;0,000;31,900;0,749;1,200;3;0;3;1,313;1,100;1,313;0,900;1,313;0,600;1,313;0,900;1,313;0,600;1,313;1,000;1,313;0,600;1,313;0,600;5,379;0,300
4927502009;0,525;4,300;0,836;2,200;0,511;5,200;0,260;18,680;0,260;1,700;0,260;6,892;1,598;0,936;1,758;0,600;0,182;35,100;1,314;0,800;0;0;0;0,525;1,500;0,525;1,300;0,525;1,000;0,525;1,300;0,525;1,000;0,525;1,400;0,525;1,000;0,525;1,000;5,786;0,300
4927502010;0,000;3,900;0,000;2,600;0,872;4,400;0,000;17,120;0,613;1,700;0,613;7,984;2,348;0,936;1,083;0,600;0,000;30,700;1,076;0,800;2;0;2;1,296;1,100;1,296;0,900;1,296;0,600;1,296;0,900;1,296;0,600;1,296;1,000;1,296;0,600;1,296;0,600;5,171;0,300
4927502011;0,705;3,900;0,705;2,200;0,584;4,800;0,431;17,720;0,431;1,700;0,243;7,360;1,647;0,936;1,760;0,600;0,000;33,400;1,496;0,800;1;0;1;0,891;1,500;0,891;1,300;0,891;1,000;0,891;1,300;0,891;1,000;0,891;1,400;0,891;1,000;0,891;1,000;5,425;0,300
4927502012;0,676;4,300;0,676;2,200;0,586;4,800;0,276;18,200;0,276;1,700;0,276;7,360;1,680;0,936;1,686;0,600;0,000;34,200;1,360;0,800;1;0;1;0,764;1,500;0,764;1,300;0,764;1,000;0,764;1,300;0,764;1,000;0,764;1,400;0,764;1,000;0,764;1,000;5,547;0,300
4927502013;0,441;3,900;0,000;3,000;0,816;4,400;0,441;16,460;1,045;1,300;0,816;7,344;2,774;0,936;0,816;1,000;0,441;28,700;1,157;0,800;0;0;0;1,719;1,400;1,719;1,200;1,719;0,600;1,719;1,200;1,719;0,600;1,719;1,300;1,719;0,600;1,719;0,600;4,903;0,600
4927502014;0,297;3,900;0,297;2,600;0,598;4,400;0,259;17,520;0,331;1,700;0,331;7,984;2,148;0,936;1,211;0,600;0,000;33,500;0,973;1,200;1;0;1;1,004;1,100;1,004;0,900;1,004;0,600;1,004;0,900;1,004;0,600;1,004;1,000;1,004;0,600;1,004;0,600;5,448;0,300
4927502015;0,420;3,500;0,420;2,600;1,041;4,000;0,000;16,640;0,656;1,700;0,639;7,360;2,069;0,936;1,488;0,600;0,000;29,900;1,458;0,800;1;0;1;1,289;1,100;1,289;0,900;1,289;0,600;1,289;0,900;1,289;0,600;1,289;1,000;1,289;0,600;1,289;0,600;5,033;0,300
4927502016;0,922;3,900;0,939;2,200;0,434;4,400;0,633;17,096;0,633;1,700;0,000;7,360;1,432;0,936;2,002;0,600;0,000;32,200;1,720;0,800;3;0;3;0,922;1,500;0,922;1,300;0,922;1,000;0,922;1,300;0,922;1,000;0,922;1,400;0,922;1,000;0,922;1,000;5,460;0,300
4927502017;4,200;2,200;3,631;1,800;3,631;2,800;3,450;11,848;4,810;1,000;0,000;6,164;6,401;0,468;3,631;0,600;0,000;19,000;4,482;0,800;1;0;1;3,450;1,100;3,450;0,900;5,481;0,300;3,450;0,900;5,481;0,300;3,450;1,000;5,481;0,300;5,481;0,300;3,450;0,600
4927503001;0,901;3,500;1,673;1,800;0,457;4,400;0,502;16,840;1,217;1,300;0,752;6,372;0,680;1,560;2,699;0,600;0,000;29,300;2,272;0,800;2;0;2;1,026;1,100;1,026;0,900;1,026;0,600;1,026;0,900;1,026;0,600;1,026;1,000;1,026;0,600;1,026;0,600;5,968;0,300
4927503002;1,260;3,000;2,348;1,800;1,099;4,000;0,000;16,204;1,834;1,300;1,071;5,722;0,000;1,560;3,353;0,600;0,000;26,900;2,856;0,800;2;0;2;1,493;1,100;1,493;0,900;1,493;0,600;1,493;0,900;1,493;0,600;1,493;1,000;1,493;0,600;1,493;0,600;6,461;0,300
4927503003;4,103;2,500;5,579;0,900;4,178;3,100;3,348;12,196;4,178;1,200;3,381;4,642;3,348;0,936;6,443;0,300;0,000;22,100;5,741;0,400;3;0;3;4,399;1,000;4,399;0,900;4,399;0,600;4,399;0,900;4,399;0,600;4,399;0,900;4,399;0,600;4,399;0,600;9,619;0,300
4927503004;2,367;3,100;2,367;1,800;1,828;4,000;1,782;15,444;2,300;1,300;1,679;5,852;1,782;0,936;3,413;0,600;0,000;26,500;3,352;0,800;2;0;2;2,489;1,400;2,489;1,200;2,489;0,600;2,489;1,200;2,489;0,600;2,489;1,300;2,489;0,600;2,489;0,600;4,838;0,600
4927504001;0,294;3,800;1,842;1,800;0,736;5,200;0,000;18,044;0,736;1,700;0,452;6,632;1,101;0,936;2,633;0,600;0,227;31,600;1,964;0,700;0;0;0;0,589;1,500;0,589;1,300;0,589;1,000;0,589;1,300;0,589;1,000;0,589;1,400;0,589;1,000;0,589;1,000;6,690;0,300
4927504002;0,742;3,400;2,293;1,800;0,918;4,300;0,428;16,228;0,918;1,600;0,000;6,112;1,071;0,936;3,068;0,600;0,000;28,400;2,366;0,700;1;0;1;1,031;1,000;1,031;0,900;1,031;0,600;1,031;0,900;1,031;0,600;1,031;0,900;1,031;0,600;1,031;0,600;7,075;0,300
4927504003;0,542;3,800;1,982;1,800;0,809;4,400;0,000;17,164;1,042;1,300;0,428;6,112;0,791;1,560;2,851;0,600;0,000;30,400;2,229;0,700;2;0;2;0,828;1,500;0,828;1,300;0,828;1,000;0,828;1,300;0,828;1,000;0,828;1,400;0,828;1,000;0,828;1,000;6,656;0,300
4927504004;9,152;1,600;11,098;0,900;9,005;2,400;6,413;8,492;9,229;0,600;9,300;3,082;10,175;0,468;11,197;0,300;0,000;14,400;10,380;0,400;1;0;1;9,947;0,400;9,947;0,400;9,947;0,300;9,947;0,400;9,947;0,300;9,947;0,400;9,947;0,300;9,947;0,300;16,250;0,100
4927504005;0,415;3,800;1,960;1,800;0,562;4,800;0,227;17,732;0,562;1,700;0,409;6,632;1,280;0,936;2,678;0,600;0,000;30,800;1,960;0,700;4;0;4;0,667;1,500;0,667;1,300;0,667;1,000;0,667;1,300;0,667;1,000;0,667;1,400;0,667;1,000;0,667;1,000;6,884;0,300
4927505001;0,655;4,200;2,095;1,800;0,334;4,700;0,000;16,852;0,334;1,600;0,574;6,632;1,596;0,936;2,694;0,600;0,000;30,400;1,917;0,700;1;0;1;0,819;1,400;0,819;1,300;0,819;1,000;0,819;1,300;0,819;1,000;0,819;1,300;0,819;1,000;0,819;1,000;7,120;0,300
4927505003;0,490;4,200;1,915;1,800;0,000;4,800;0,289;16,772;0,000;1,700;0,289;6,632;1,834;0,936;2,416;0,600;0,000;32,300;1,615;0,700;2;0;2;0,733;1,500;0,733;1,300;0,733;1,000;0,733;1,300;0,733;1,000;0,733;1,400;0,733;1,000;0,733;1,000;7,022;0,300
4927505004;1,245;3,000;3,096;1,800;0,911;4,300;0,911;14,688;1,593;1,200;1,708;5,592;3,362;0,936;3,096;0,600;0,000;26,600;2,282;0,700;2;0;2;2,262;1,000;2,262;0,900;2,262;0,600;2,262;0,900;2,262;0,600;2,262;0,900;2,262;0,600;2,262;0,600;8,267;0,300
4927505005;0,480;4,200;1,639;1,800;0,251;5,200;0,000;16,772;0,289;1,700;0,000;6,112;1,874;0,936;2,132;0,600;0,000;32,300;1,343;0,700;2;0;2;0,553;1,500;0,553;1,300;0,553;1,000;0,553;1,300;0,553;1,000;0,553;1,400;0,553;1,000;0,553;1,000;6,770;0,300
4927505006;1,621;3,100;1,112;1,800;1,112;4,000;0,000;15,112;2,503;1,300;1,112;6,320;4,342;0,936;1,112;0,600;0,000;26,500;1,520;0,800;1;0;1;2,918;1,100;2,918;0,900;2,918;0,600;2,918;0,900;2,918;0,600;2,918;1,000;2,918;0,600;2,918;0,600;5,951;0,300
4927505007;0,000;3,400;1,949;1,800;0,490;5,200;0,480;16,372;0,490;1,700;0,480;6,112;2,309;0,936;2,219;0,600;0,347;29,900;1,373;0,700;0;0;0;1,027;1,100;1,027;0,900;1,027;0,600;1,027;0,900;1,027;0,600;1,027;1,000;1,027;0,600;1,027;0,600;7,118;0,300
4927505008;0,347;3,800;1,623;1,800;0,493;5,600;0,442;17,408;0,634;1,700;0,442;6,112;2,302;0,936;1,880;0,600;0,000;31,500;1,040;0,700;3;0;3;0,879;1,500;0,879;1,300;0,879;1,000;0,879;1,300;0,879;1,000;0,879;1,400;0,879;1,000;0,879;1,000;6,794;0,300
4927505009;0,845;3,400;2,193;1,800;0,000;4,400;0,000;14,688;1,334;1,300;1,285;5,592;3,150;0,936;2,193;0,600;0,000;26,700;1,403;0,700;2;0;2;1,781;1,100;1,781;0,900;1,781;0,600;1,781;0,900;1,781;0,600;1,781;1,000;1,781;0,600;1,781;0,600;7,429;0,300
