Dirección;Localidad;Teléfono;email;Entidad_Titular;Sector;servicio_id;cod_catalogo;des_catalogo;CUSEC;Seccion_id
AVENIDA JUAN PABLO II 20;AVILA;920 357102;;DIPUTACIÓN PROVINCIAL DE ÁVILA;INCLUSIÓN SOCIAL;23;10.2;Serv.actuaciones preventivas para familias con hijos/as menores en situación de riesgo;0501905004;44
PLAZA SAN FRANCISCO (DE) 3;AVILA;920 224848;castillayleon@cruzroja.es;CRUZ ROJA ESPAÑOLA;INCLUSIÓN SOCIAL;24;2.5;Servicio de valoración, orientación y planificación de caso para la inclusión social;0501906012;56
PLAZA MERCADO CHICO (DEL) 1;AVILA;920 350000;;AYUNTAMIENTO DE ÁVILA;POBLACIÓN GENERAL;25;12.11;Servicio integral de apoyo a las familias en riesgo de desahucio por deuda hipotecaria;0501901002;23
CALLE PRINCIPE DON JUAN 8;AVILA;920 352340;caritas.cdavila@caritas.es;CÁRITAS DIOCESANA DE ÁVILA;INCLUSIÓN SOCIAL;26;1.10;Servicio de información especializada sobre inclusión social;0501905004;44
CALLE SAN JUAN DE LA CRUZ 8;AVILA;920 256360;eherrero.cdavila@caritas.es;CÁRITAS DIOCESANA DE ÁVILA;TOXICOMANÍAS Y ADICCIONES;31;2.6;Servicio general de información, orientación, apoyo y seguimiento a personas drogodependientes;0501901002;23
CALLE SAN JUAN DE LA CRUZ 8;AVILA;920 221847;;CÁRITAS DIOCESANA DE ÁVILA;INCLUSIÓN SOCIAL;52;1.10;Servicio de información especializada sobre inclusión social;0501901002;23
CALLE SAN ESTEBAN 8 BAJO;ARANDA DE DUERO;947 546080;direccion@saludmentalaranda.org;ASOCIACION SALUD MENTAL ARANDA;PERSONAS CON DISCAPACIDAD;61;24.11;Servicio de apoyo técnico a personas en situación de dependencia y/o discapacidad.;0901803005;339
CALLE MANUEL ALTOLAGUIRRE S/N;BURGOS;947 244511;miguelsantos@fundacionlesmes.org;FUNDACIÓN LESMES;(FAMILIA);65;12.10;Servicio de apoyo familiar para la inclusión social;0905905035;437
CALLE CASTROVERDE 22;SALAMANCA;923 190150;direccion@saludmentalsamalamca.org;SALUD MENTAL SALAMANCA-AFEMC;PERSONAS CON DISCAPACIDAD;75;27.4;Servicio de apoyo para la integración sociolaboral de las personas con discapacidad;3727403009;1897
CALLE CRUZ ROJA 1;SALAMANCA;923 221032;salamanca@cruzroja.es;CRUZ ROJA ESPAÑOLA;INCLUSIÓN SOCIAL;76;1.10;Servicio de información especializada sobre inclusión social;3727405008;1938
CALLE TRANSPORTISTAS 29;SALAMANCA;923 188478;asociaciontas@tas.org.es;ASOCIACIÓN TAS;INCLUSIÓN SOCIAL;77;27.5;Serv. apoyo para la integración sociolaboral de personas en riesgo de exclusión social;3727404009;1916
CAMINO DE CARBAJOSA, 9;SALAMANCA;923 200388;rosariocentroavemaria@gmial.com;INSTITUTO SECULAR CRUZADA EVANGÉLICA;MUJER;78;10.4;Servicio de apoyo a mujeres embarazadas o madres en situación de especial vulnerabilidad;3729401010;3533
CALLE CRUZ ROJA 1;SALAMANCA;923 221032;salamanca@cuzroja.es;CRUZ ROJA ESPAÑOLA;TOXICOMANÍAS Y ADICCIONES;80;26.21;Servicio de asistencia sociosanitaria ambulatoria a personas con drogodependencia;3727405008;1938
CALLE SAN NARCISO 13;SALAMANCA;923 269698;caritas@caritasalamanca.org;CARITAS DIOCESANA DE SALAMANCA;INCLUSIÓN SOCIAL;81;26.16;Servicio de apoyo para la inclusión social;3727403009;1897
CALLE CASTROVERDE ,22;SALAMANCA;923 190150;gestion@saludmentalsalamanca.org;SALUD MENTAL SALAMANCA-AFEMC;PERSONAS CON DISCAPACIDAD;83;9.2;Servicio de promoción de hábitos y estilos de vida saludables;3727403009;1897
CALLE CASTROVERDE 22;SALAMANCA;923 190150;gestion@saludmentalsalamanca.org;SALUD MENTAL SALAMANCA-AFEMC;PERSONAS CON DISCAPACIDAD;84;9.1;Servicio de prevención de la situación de dependencia;3727403009;1897
CALLE PLATEROS 19, bajo;SALAMANCA;923 121354;;ASECAL;INFANCIA (Y JUVENTUD);94;26.3;Servicio de apoyo a jóvenes para la transición a la vida adulta;3727404009;1916
CALLE GRAN VIA 53-55;SALAMANCA;923 216101;;GERENCIA DE SERVICIOS SOCIALES DE CASTILLA Y LEÓN;POBLACIÓN GENERAL;95;1.1;Servicio de información sobre derechos y recursos del sistema de servicios sociales;3727402001;1869
CALLE DON RICARDO MARCOS 5;SANTA MARTA DE TORMES;923 201297;info@upmujerromani.org;ASOCIACIÓN UNIÓN Y PROGRESO MUJER ROMANÍ;INCLUSIÓN SOCIAL;101;26.16;Servicio de apoyo para la inclusión social;3729401010;3533
CALLE CAÑADA MARI GARCIA 9;ESPINAR (EL);913 597906;mjesus@cesal.org;CESAL;INCLUSIÓN SOCIAL;116;29.10;Servicio de alojamiento para personas sin hogar;4007603001;2180
CALLE SAN FRANCISCO 58;SEGOVIA;983 307083;;FUNDACION RED INCOLA;INCLUSIÓN SOCIAL;126;1.10;Servicio de información especializada sobre inclusión social;4019401004;2292
CALLE ALTOS DE LA PIEDAD S/N;SEGOVIA;921 431608;segovia@asociacionamanecer.org;ASOCIACIÓN AMANECER-SALUD MENTAL SEGOVIA;MUJER;128;29.5;Serv. atención integral mujeres víctimas violencia género discapacidad enfermedad mental grave;4019404001;2305
CALLE SANTO DOMINGO DE SILOS 1;SORIA;975 234650;tirigoyen@cruzroja.es;CRUZ ROJA ESPAÑOLA;VOLUNTARIADO;136;1.13;Servicio de información especializada sobre voluntariado;4217301008;2530
CALLE CABALLEROS 17;SORIA;975 101000;ssociales@dipsoria.es;DIPUTACIÓN PROVINCIAL DE SORIA;(FAMILIA);137;12.11;Servicio integral de apoyo a las familias en riesgo de desahucio por deuda hipotecaria;4217303003;2547
CALLE SAN JUAN 5;SORIA;975 212455;direc.cdosoria@caritas.es;CÁRITAS DIOCESANA DE OSMA-SORIA;INCLUSIÓN SOCIAL;138;2.5;Servicio de valoración, orientación y planificación de caso para la inclusión social;4217301001;2523
CALLE MANUEL VICENTE TUTOR 6;SORIA;983 218453;notificaciones@foremcyl.es;FUNDACION FORMACION Y EMPLEO DE CASTILLA Y LEON (FOREMCYL);INCLUSIÓN SOCIAL;139;27.5;Serv. apoyo para la integración sociolaboral de personas en riesgo de exclusión social;4217301008;2530
CARRETERA LOGROÑO 8 HOSPITAL VIRGEN DEL MIRÓN - 4ª PLANTA;SORIA;644 370204;asoem24@gmail.com;ASOCIACIÓN SORIANA DE ESCLEROSIS MÚLTIPLE - ASOEM;POBLACIÓN GENERAL;140;1.1;Servicio de información sobre derechos y recursos del sistema de servicios sociales;4217302012;2542
CALLE CARDENAS Nº 1;GERIA;688 941858;tesoreria@hpe-org.com;HIPERTENSION PULMONAR ESPAÑA ORGANIZACION DE PACIENTES;POBLACIÓN GENERAL;152;1.1;Servicio de información sobre derechos y recursos del sistema de servicios sociales;4721601001;3131
CALLE ALCALDE SAINZ DE BARANDA, 61 1º C;MADRID;914 097828;info@atymediacion.es;FUNDACIÓN ATYME ATENCIÓN Y MEDIACIÓN PARA EL CAMBIO;(FAMILIA);191;12.5;Servicio de mediación gratuíta en situaciones de conflicto familiar;0000000nan;
CALLE TOLEDO  46  1º;MADRID;722 307252;direccion@dravetfoundation.eu;FUNDACIÓN PARA LA INVESTIGACIÓN DEL SÍNDROME DE DRAVET;PERSONAS CON DISCAPACIDAD;192;11.6;Serv. apoyo familiar-promoción autonomía personal-situaciones de dependencia y/o discapacidad;0000000nan;
CALLE DIEZ TARAVILLA 4;CIUDAD-RODRIGO;923 460693;cd.ciudadrodrigo@caritas.es;CARITAS DIOCESANA DE CIUDAD RODRIGO;INCLUSIÓN SOCIAL;238;1.10;Servicio de información especializada sobre inclusión social;3710703001;1689
AVENIDA SALAMANCA 29;ESPINO DE LA ORBADA;669 715935;residencia.salamanca@gmail.com;RESIDENCIA ESPINO DE LA ORBADA S.L;PERSONAS MAYORES;244;29.13;Servicio de atención residencial para personas mayores en situación de dependencia;3723101001;1811
CALLE MARISECA 1 BAJO;SALAMANCA;923 186893;fundacionasprodes@asprodes.es;FUNDACIÓN ASPRODES INCLUSIÓN;INCLUSIÓN SOCIAL;259;27.5;Serv. apoyo para la integración sociolaboral de personas en riesgo de exclusión social;3727402006;1874
CALLE MARISECA 1;SALAMANCA;923 186893;fundacionasprodes@asprodes.es;FUNDACIÓN ASPRODES INCLUSIÓN;PERSONAS MAYORES;260;29.13;Servicio de atención residencial para personas mayores en situación de dependencia;3727402006;1874
CALLE CRUZ ROJA 1;SALAMANCA;923 221032;salamanca@cruzroja.es;CRUZ ROJA ESPAÑOLA;PERSONAS MAYORES;261;9.3;Servicio de adquisición de competencias para la vida autónoma;3727405008;1938
CALLE CARCEL 1;ZORITA DE LA FRONTERA;;sbasociadosjyp@hotmail.com;S&B ASOCIADOS SERVICIO DEPENDENCIA 2015, S.L.;PERSONAS MAYORES;271;29.13;Servicio de atención residencial para personas mayores en situación de dependencia;3738201001;2096
ALTO PIEDAD (LA) S/N;SEGOVIA;921 431608;segovia@asociacionamanecer.org;ASOCIACIÓN AMANECER-SALUD MENTAL SEGOVIA;INCLUSIÓN SOCIAL;280;27.5;Serv. apoyo para la integración sociolaboral de personas en riesgo de exclusión social;4019404001;2305
CALLE CABALLEROS 1;LAGUNA DE DUERO;983 540058;servicios.sociales@lagunadeduero.org;AYUNTAMIENTO DE LAGUNA DE DUERO;(FAMILIA);307;12.10;Servicio de apoyo familiar para la inclusión social;4718604040;2913
CALLE JUAN DE ALAMOS S/N;MEDINA DEL CAMPO;983 811020;rosa.vegas@ayto-medinadelcampo.es;AYUNTAMIENTO DE MEDINA DEL CAMPO;POBLACIÓN GENERAL;308;31.1;Servicio de distribución coordinada de alimentos;4708501006;2719
CALLE MEDIANA 5;MEDINA DE RIOSECO;983 725000;colectivo@cdrtcampos.es;COLECTIVO PARA EL DESARROLLO RURAL TIERRA CAMPOS;INCLUSIÓN SOCIAL;313;2.5;Servicio de valoración, orientación y planificación de caso para la inclusión social;4708601001;2728
CALLE RASTROJO 4;PEÑAFIEL;914 719719;progestionvalladolid@progestion.org;ASOCIACIÓN PROGESTIÓN;INCLUSIÓN SOCIAL;320;29.10;Servicio de alojamiento para personas sin hogar;4711401002;2764
CALLE POZO 10;ALDEASECA;920 306039;;CARLOTA FERNANDEZ MARTIN;PERSONAS MAYORES;327;29.13;Servicio de atención residencial para personas mayores en situación de dependencia;0525901001;295
CALLE PERPETUO SOCORRO 20;AVILA;920 223194;oficina@pronisa.org;PRONISA PLENA INCLUSIÓN ÁVILA;INCLUSIÓN SOCIAL;329;26.16;Servicio de apoyo para la inclusión social;0501905004;44
PLAZA SAN FRANCISCO (DE) 3;AVILA;920 224848;castillayleon@cruzroja.es;CRUZ ROJA ESPAÑOLA;VOLUNTARIADO;331;1.13;Servicio de información especializada sobre voluntariado;0501906012;56
CALLE ISAAC PERAL 18  2ª PL;AVILA;920 213138;avila@fademur.es;FADEMUR ÁVILA, ASOCIACIÓN DE MUJERES RURALES DE ÁVILA;MUJER;332;1.6;Servicio de información especializada sobre mujer;0501901002;23
AVENIDA MADRID (DE) 6;AVILA;920 352340;caritas.cdavila@caritas.es;CÁRITAS DIOCESANA DE ÁVILA;INCLUSIÓN SOCIAL;333;27.5;Serv. apoyo para la integración sociolaboral de personas en riesgo de exclusión social;0501901002;23
CALLE PRINCIPE DON JUAN Nº 8;AVILA;920 352340;;CÁRITAS DIOCESANA DE ÁVILA;INCLUSIÓN SOCIAL;334;2.5;Servicio de valoración, orientación y planificación de caso para la inclusión social;0501905004;44
CALLE VALLE DEL CORNEJA 6;AVILA;920 252716;ESCUELAS@ESCUELASCAMPESINAS.ORG;ASOCIACIÓN CULTURAL ESCUELAS CAMPESINAS DE ÁVILA;INCLUSIÓN SOCIAL;335;27.5;Serv. apoyo para la integración sociolaboral de personas en riesgo de exclusión social;0501904014;40
CALLE VICENTA MANZANEDO, Nº 16 1º IZQUIERDA;AVILA;666 532610;avila@accem.es;ACCEM;INCLUSIÓN SOCIAL;339;29.10;Servicio de alojamiento para personas sin hogar;0501905004;44
CALLE CAPITAN MENDEZ VIGO 10 BJ;AVILA;920 352732;faemats@asociacionfaema.org;FAEMA SALUD MENTAL ÁVILA;PERSONAS CON DISCAPACIDAD;341;9.2;Servicio de promoción de hábitos y estilos de vida saludables;0501905004;44
CALLE ANTONIO BACIERO S/N;ARANDA DE DUERO;947 462004;administracion@apaceburgos.com;ASOCIACIÓN DE AFECTADOS DE PARÁLISIS CEREBRAL Y AFINES (APACE-BURGOS);(FAMILIA);364;12.9;Serv.formación de cuidadores/as no profesionales de personas con dependencia;0901803005;339
CALLE JUAN BRAVO 2;ARANDA DE DUERO;947 546080;direccion@saludmentalaranda.org;ASOCIACION SALUD MENTAL ARANDA;INCLUSIÓN SOCIAL;365;27.5;Serv. apoyo para la integración sociolaboral de personas en riesgo de exclusión social;0901803005;339
CALLE DON SILVERIO VELASCO 2;ARANDA DE DUERO;947 500075;etristan@arandadeduero.es;AYUNTAMIENTO DE ARANDA DE DUERO;INCLUSIÓN SOCIAL;366;27.5;Serv. apoyo para la integración sociolaboral de personas en riesgo de exclusión social;0901803005;339
PLAZA ROMA 16 6º G;BURGOS;619 742712;burgos@accem.es;ACCEM;INCLUSIÓN SOCIAL;377;29.10;Servicio de alojamiento para personas sin hogar;0905905048;450
CALLE FEDERICO OLMEDA 1;BURGOS;947 238562;asociacion@aspaniasburgos.com;ASOCIACIÓN DE PADRES Y FAMILIARES DE PERSONAS CON DISCAPACIDAD INTELECTUAL O DEL DESARROLLO  (ASPANIAS);PERSONAS CON DISCAPACIDAD;378;30.2;Servicio de protección jurídica y ejercicio de la tutela de las personas mayores de edad c;0905905035;437
CALLE CONDESA MENCIA 150;BURGOS;947 238562;fundacion@aspaniasburgos.com;FUNDACIÓN ASPANIAS BURGOS;PERSONAS CON DISCAPACIDAD;380;13.49;Serv.atención en centros a personas situación dependencia por descanso cuidador o cuidadora;0905905035;437
CALLE CRUZ ROJA S/N;BURGOS;947 212311;burgos@cruzroja.es;CRUZ ROJA ESPAÑOLA;INCLUSIÓN SOCIAL;381;26.16;Servicio de apoyo para la inclusión social;0905905035;437
AVENIDA INDEPENDENCIA 5;BURGOS;947 462004;administracion@apaceburgos.com;ASOCIACIÓN DE AFECTADOS DE PARÁLISIS CEREBRAL Y AFINES (APACE-BURGOS);PERSONAS CON DISCAPACIDAD;382;1.8;Servicio de información especializada sobre discapacidad;0905903004;391
CALLE MONROY 2-4;SALAMANCA;923 299698;;CARITAS DIOCESANA DE SALAMANCA;INCLUSIÓN SOCIAL;409;29.10;Servicio de alojamiento para personas sin hogar;3727401006;1862
CALLE BLANCA DE SILOS 1;SEGOVIA;947 207652;betania@adoratricesb.org;COMUNIDAD ADORATRICES BURGOS;MUJER;428;2.3;Serv.valoración, orientación, planificación caso - situaciones de violencia de género;4019405003;2317
CALLE CALLE ALTOS DE LA PIEDAD S/N;SEGOVIA;921 431608;;ASOCIACIÓN AMANECER-SALUD MENTAL SEGOVIA;PERSONAS CON DISCAPACIDAD;430;27.4;Servicio de apoyo para la integración sociolaboral de las personas con discapacidad;4019404001;2305
CALLE RIAZA 6;SEGOVIA;921 462820;caritas@caritassegovia.es;CÁRITAS DIOCESANA DE SEGOVIA;TOXICOMANÍAS Y ADICCIONES;432;26.20;Serv.de intervención con menores y jóvenes con consumo problemático de drogas y sus familias;4019407004;2331
POLIGONO INDUSTRIAL LAS CASAS PARCELA 240;SORIA;975 212455;direc.cdosoria@caritas.es;CÁRITAS DIOCESANA DE OSMA-SORIA;INCLUSIÓN SOCIAL;442;27.5;Serv. apoyo para la integración sociolaboral de personas en riesgo de exclusión social;4217302012;2542
CALLE SANTO DOMINGO DE SILOS 1;SORIA;975 234650;tirigoyen@cruzoja.es;CRUZ ROJA ESPAÑOLA;INCLUSIÓN SOCIAL;443;27.5;Serv. apoyo para la integración sociolaboral de personas en riesgo de exclusión social;4217301001;2523
PLAZA DE ESPAÑA;ARROYO;983 407888;REGISTRO@AYTOARROYO.ES;AYUNTAMIENTO DE ARROYO DE LA ENCOMIENDA;POBLACIÓN GENERAL;451;2.1;Servicio de valoración, orientación, planificación de caso y seguimiento;4701001001;2600
CALLE OLLEROS 1;MAYORGA;618 617021;INFO@VALDECEA.COM;ASOCIACION CENTRO DE DESARROLLO RURAL VALDECEA;INFANCIA (Y JUVENTUD);462;17.4;Atención lúdica infantil conciliación vida laboral y familiar en vacaciones (Conciliamos);4708401001;2713
PASAJE MARQUESINA 15;VALLADOLID;983 399643;vrojo@ymca.es;ALIANZA CRISTIANA DE JOVENES DE LA YMCA;(FAMILIA);482;10.2;Serv.actuaciones preventivas para familias con hijos/as menores en situación de riesgo;4718603003;2872
CALLE MARINA DE ESCOBAR 3;VALLADOLID;981 269955;meninos@meninos.org;FUNDACIÓN MENIÑOS;(FAMILIA);483;1.5;Serv.información especializada sobre la búsqueda de los orígenes de la persona adoptada;4718601001;2851
PASAJE MARQUESINA 15;VALLADOLID;983 399643;vrojo@ymca.es;ALIANZA CRISTIANA DE JOVENES DE LA YMCA;INCLUSIÓN SOCIAL;484;12.10;Servicio de apoyo familiar para la inclusión social;4718603003;2872
PASEO HOSPITAL MILITAR 36 1º PLANTA;VALLADOLID;;direccion@saludmentalcyl.org;FEDERACIÓN SALUD MENTAL CASTILLA Y LEÓN (FEAFES CYL);INCLUSIÓN SOCIAL;485;27.5;Serv. apoyo para la integración sociolaboral de personas en riesgo de exclusión social;4718602012;2864
PASAJE MARQUESINA 15;VALLADOLID;983 399643;vrojo@ymca.es;ALIANZA CRISTIANA DE JOVENES DE LA YMCA;INFANCIA (Y JUVENTUD);486;27.1;Serv. apoyo para integración sociolaboral de menores provenientes de sistemas de infancia;4718603003;2872
CALLE POLVORA 5;VALLADOLID;983 132828;;CRUZ ROJA ESPAÑOLA;INFANCIA (Y JUVENTUD);487;26.5;Servicio de apoyo a menores con conductas violentas en la familia;4718607005;2957
CALLE PAJARILLOS 1;VALLADOLID;987 034117;tatiana@fundacionjuans.org;FUNDACIÓN JUAN SOÑADOR;INCLUSIÓN SOCIAL;488;26.16;Servicio de apoyo para la inclusión social;4718604040;2913
CALLE CONDE DE ARTECHE S/N;VALLADOLID;983 268433;proyecto.social@entrevecinosvalladolid.es;ASOCIACIÓN DE VECINOS UNIÓN ESGUEVA;INCLUSIÓN SOCIAL;489;1.10;Servicio de información especializada sobre inclusión social;4718608036;3511
CALLE PASION 13;VALLADOLID;627 048183;infodal@infodal.org;FUNDACION INFODAL;PERSONAS MAYORES;490;9.5;Servicio de promoción del conocimiento y la adquisición de habilidades;4718601001;2851
CALLE MARIANO GARCIA ABRIL Nº 4 LOCAL 7;VALLADOLID;983 115786;info@avatdah.org;ASOCIACION VALLISOLETANA DE PERSONAS AFECTADAS POR EL TRASTORNO DE DEFICIT DE ATENCION Y/O HIPERACTIVIDAD - AVATDAH;POBLACIÓN GENERAL;492;10.1;Servicio de acción social comunitaria y promoción de la solidaridad;4718610051;3056
CALLE DON SANCHO Nº 17;VALLADOLID;687 584633;valladolid@accem.es;ACCEM;INCLUSIÓN SOCIAL;494;2.5;Servicio de valoración, orientación y planificación de caso para la inclusión social;4718605002;2916
AVENIDA EURO 7;VALLADOLID;983 330603;beatriz.sedano@formacal.com;FORMACAL S.L.;PERSONAS MAYORES;496;9.5;Servicio de promoción del conocimiento y la adquisición de habilidades;4718610001;3514
AVENIDA EURO 7;VALLADOLID;983 330603;beatriz.sedano@formacal.com;FORMACAL S.L.;PERSONAS MAYORES;497;9.5;Servicio de promoción del conocimiento y la adquisición de habilidades;4718610001;3514
PLAZA FUENTE DORADA Nº 5;VALLADOLID;619 036986;dialogasex@gmail.com;DIALOGASEX;INFANCIA (Y JUVENTUD);499;26.7;Servicio de intervención educativa con menores infractores/as en medio abierto;4718605002;2916
PASEO CAUCE Nº 31;VALLADOLID;983 202301;lsanz@caritasvalladolid.es;CARITAS DIOCESANA DE VALLADOLID;INCLUSIÓN SOCIAL;500;1.10;Servicio de información especializada sobre inclusión social;4718607022;3510
PLAZA DOCTOR MARAÑON Nº 2;VALLADOLID;983 202301;lsanz@caritasvalladolid.es;CARITAS DIOCESANA DE VALLADOLID;INCLUSIÓN SOCIAL;501;1.10;Servicio de información especializada sobre inclusión social;4718607022;3510
CALLE SAN BENITO Nº 1;VALLADOLID;983 426105;sints@ava.es;AYUNTAMIENTO DE VALLADOLID;POBLACIÓN GENERAL;502;2.1;Servicio de valoración, orientación, planificación de caso y seguimiento;4718609001;3001
CALLE SAN BENITO Nº 1;VALLADOLID;983 426105;sints@ava.es;AYUNTAMIENTO DE VALLADOLID;INCLUSIÓN SOCIAL;503;26.16;Servicio de apoyo para la inclusión social;4718609001;3001
CALLE PAJARILLOS 1;VALLADOLID;983 302823;info@alestecasaj.org;ASOCIACION CASA DE JUVENTUD ALESTE;MUJER;504;1.6;Servicio de información especializada sobre mujer;4718604040;2913
PLAZA PORTUGALETE 4;VALLADOLID;983 225125;notificaciones.administracion@fundacionpersonas.es;FUNDACIÓN PERSONAS;(FAMILIA);507;12.10;Servicio de apoyo familiar para la inclusión social;4718605002;2916
CALLE MARIANO GARCIA ABRIL Nº 4;VALLADOLID;646 2543332;presidenciafacyltdah@gmail.com;FEDERACIÓN DE ASOCIACIONES DE CASTILLA Y LEÓN DEL TRASTORNO DE DÉFICIT DE ATENCIÓN CON O SIN HIPERACTIVIDAD (FACYL-TDAH);(FAMILIA);508;12.8;Serv.apoyo familiar -promoción autonomía personal-situaciones de dependencia y/o discapacidad;4718610051;3056
CALLE GREGORIO FERNANDEZ Nº 8 2º H;VALLADOLID;697 117270;valladolid@accem.es;ACCEM;INCLUSIÓN SOCIAL;523;29.10;Servicio de alojamiento para personas sin hogar;4718602012;2864
PLAZA RIBERA DE CASTILLA Nº 11 3ºD;VALLADOLID;697 117270;valladolid@accem.es;ACCEM;INCLUSIÓN SOCIAL;524;29.10;Servicio de alojamiento para personas sin hogar;4718608036;3511
AVENIDA EURO 7;VALLADOLID;983 330603;beatriz.sedano@formacal.com;FORMACAL S.L.;PERSONAS MAYORES;533;9.1;Servicio de prevención de la situación de dependencia;4718610001;3514
PLAZA ESPAÑA 12;VALLADOLID;983 307083;;FUNDACION RED INCOLA;INCLUSIÓN SOCIAL;540;2.5;Servicio de valoración, orientación y planificación de caso para la inclusión social;4718601001;2851
CALLE RUIZ HERNANDEZ 10;VALLADOLID;983 307083;;FUNDACION RED INCOLA;INCLUSIÓN SOCIAL;545;29.10;Servicio de alojamiento para personas sin hogar;4718605002;2916
AVENIDA SANTANDER 14;VALLADOLID;983 251928;;HERMANOS DE LA INSTRUCCIÓN CRISTIANA DE VALLADOLID;INCLUSIÓN SOCIAL;549;27.5;Serv. apoyo para la integración sociolaboral de personas en riesgo de exclusión social;4718607022;3510
CALLE NOGAL 1;VALLADOLID;983 393075;;ASOCIACIÓN CASTELLANO-LEONESA DE JUGADORES REHABILITADOS MIGUEL DELIBES;TOXICOMANÍAS Y ADICCIONES;556;2.6;Servicio general de información, orientación, apoyo y seguimiento a personas drogodependientes;4718603003;2872
CALLE MIRABEL 9;VALLADOLID;983 378285;;FUNDACION ADSIS;INFANCIA (Y JUVENTUD);562;29.2;Servicio de atención residencial para la transición de menores de edad a la vida adulta;4718609001;3001
CALLE VALDEBUFO 25;VILLARALBO;;asociacionruralza@gmail.com;ASOCIACIÓN RURALZA;PERSONAS CON DISCAPACIDAD;640;1.8;Servicio de información especializada sobre discapacidad;4926101001;3409
CALLE COLON 19;ZAMORA;686 123034;asociacionadasci@gmail.com;ASOCIACIÓN PARA EL DESARROLLO, APOYO SOCIAL, COOPERACIÓN E INCLUSIÓN (ADASCI);(FAMILIA);645;12.7;Servicio de apoyo personal y familiar para las víctimas de violencia de género;4927502006;3442
PLAZA ZORRILLA 1;ZAMORA;980 535305;cylcae@cylcae.org;CÍRCULO DE AUTÓNOMOS Y EMPRENDEDORES DE CASTILLA Y LEÓN;MUJER;646;26.8;Serv. Acompañamiento, orientación jurídico social a mujer víctima violencia de género;4927501003;3424
CALLE QUINTIN ALDEA 1;ZAMORA;980 536831;direccion@feafeszamora.es;ASOCIACIÓN FEAFES ZAMORA (ASOCIACIÓN DE FAMILIARES Y AMIGOS DE ENFERMOS MENTALES DE ZAMORA);INCLUSIÓN SOCIAL;647;27.5;Serv. apoyo para la integración sociolaboral de personas en riesgo de exclusión social;4927503004;3457
CALLE HERNAN CORTES 42;ZAMORA;980 523300;zamora@cruzroja.es;CRUZ ROJA ESPAÑOLA;PERSONAS CON DISCAPACIDAD;648;9.4;Servicio de promoción de la relación con el entorno;4927502014;3450
PLAZA SAN ESTEBAN S/N;ZAMORA;980 548700;mar.lera@zamora.es;AYUNTAMIENTO DE ZAMORA;(FAMILIA);650;10.2;Serv.actuaciones preventivas para familias con hijos/as menores en situación de riesgo;4927501002;3423
CALLE ALFONSO IX 8;ZAMORA;983 218453;notificacionez@foremcyl.es;FUNDACION FORMACION Y EMPLEO DE CASTILLA Y LEON (FOREMCYL);INCLUSIÓN SOCIAL;651;27.5;Serv. apoyo para la integración sociolaboral de personas en riesgo de exclusión social;4927501011;3432
CALLE HERNAN CORTES 42;ZAMORA;980 523300;zamora@cruzroja.es;CRUZ ROJA ESPAÑOLA;INCLUSIÓN SOCIAL;652;26.16;Servicio de apoyo para la inclusión social;4927502014;3450
CALLE HERNAN CORTES 42;ZAMORA;980 523300;zamora@cruzroja.es;CRUZ ROJA ESPAÑOLA;VOLUNTARIADO;653;1.13;Servicio de información especializada sobre voluntariado;4927502014;3450
PLAZA SAN JOSE OBRERO 1;ZAMORA;980 548700;mar.lera@zamora.es;AYUNTAMIENTO DE ZAMORA;(FAMILIA);654;12.11;Servicio integral de apoyo a las familias en riesgo de desahucio por deuda hipotecaria;4927505009;3470
CALLE QUINTIN ALDEA,  Nº 1 LOCAL 2;ZAMORA;980 536831;;ASOCIACIÓN FEAFES ZAMORA (ASOCIACIÓN DE FAMILIARES Y AMIGOS DE ENFERMOS MENTALES DE ZAMORA);PERSONAS CON DISCAPACIDAD;655;24.11;Servicio de apoyo técnico a personas en situación de dependencia y/o discapacidad.;4927503004;3457
CALLE MARTINEZ VILLERGAS 2B 3ºA;ZAMORA;605 472166;azaycazamora@gmail.com;ASOCIACION ZAMORANA DE AYUDA FRENTE AL CANCER. AZAYCA;POBLACIÓN GENERAL;657;10.1;Servicio de acción social comunitaria y promoción de la solidaridad;4927501003;3424
CALLE HINIESTA 122;ZAMORA;980 509431;;HERMANOS DE LA INSTRUCCIÓN CRISTIANA DE ZAMORA;INFANCIA (Y JUVENTUD);665;29.2;Servicio de atención residencial para la transición de menores de edad a la vida adulta;4927505004;3465
AVENIDA MARTINEZ CATENA, 2;CEUTA (CIUDAD);947 257690;martap@arasti.com;SERVISOCIALES CANARIOS, S.L.;PERSONAS MAYORES;676;28.3;Servicio de atención en centros de día para personas mayores en situación de dependencia;0000000nan;
CALLE REAL 30;VILLAVERDE LA CHIQUITA;691 855474;asociacionjuvenilpuzzles@gmail.com;ASOCIACION JUVENIL PUZZLES;INCLUSIÓN SOCIAL;681;27.5;Serv. apoyo para la integración sociolaboral de personas en riesgo de exclusión social;2418001001;1227
CALLE PANDIETSA 20;VILLABLINO;987 210126;alfaem@alfaem.org;ASOCIACIÓN LEONESA DE FAMILIARES Y AMIGOS DE ENFERMOS MENTALES - ALFAEM;PERSONAS CON DISCAPACIDAD;690;11.6;Serv. apoyo familiar-promoción autonomía personal-situaciones de dependencia y/o discapacidad;2420201003;1252
CALLE PANDIETSA 20;VILLABLINO;987 798252;villablino@alfaem.org;ASOCIACIÓN LEONESA DE FAMILIARES Y AMIGOS DE ENFERMOS MENTALES - ALFAEM;PERSONAS CON DISCAPACIDAD;691;9.5;Servicio de promoción del conocimiento y la adquisición de habilidades;2420201003;1252
CALLE PANDIETSA 20;VILLABLINO;987 798252;villablino@alfaem.org;ASOCIACIÓN LEONESA DE FAMILIARES Y AMIGOS DE ENFERMOS MENTALES - ALFAEM;PERSONAS CON DISCAPACIDAD;734;9.4;Servicio de promoción de la relación con el entorno;2420201003;1252
CALLE ANTONIO LÓPEZ 236;MADRID;915 261349;isantos@aebia.com;AEBIA TECNOLOGIA Y SERVICIOS S.L.;PERSONAS MAYORES;741;9.2;Servicio de promoción de hábitos y estilos de vida saludables;0000000nan;
CALLE IGLESIA (LA) 11;GUARDO;979 746342;coordinadora@saludmentalpalencia.org;ASOCIACION SALUD MENTAL PALENCIA - FEAFES PALENCIA;PERSONAS MAYORES;757;9.2;Servicio de promoción de hábitos y estilos de vida saludables;3408001002;3529
PLAZA SAN FRANCISCO (DE) 3;AVILA;920 224848;castillayleon@cruzroja.es;CRUZ ROJA ESPAÑOLA;INCLUSIÓN SOCIAL;764;26.16;Servicio de apoyo para la inclusión social;0501906012;56
CALLE SAN JUAN DE LA CRUZ 8;AVILA;920 256360;eherrero.cdavila@caritas.es;CÁRITAS DIOCESANA DE ÁVILA;TOXICOMANÍAS Y ADICCIONES;768;26.20;Serv.de intervención con menores y jóvenes con consumo problemático de drogas y sus familias;0501901002;23
CALLE PERELLO, 48;BARCELONA;691 291679;admin.sbes@sielbleu.es;FUNDACION SIEL BLEU ESPAÑA;PERSONAS MAYORES;794;9.2;Servicio de promoción de hábitos y estilos de vida saludables;0000000nan;
CALLE PERELLO Nº 48;BARCELONA;935 160463;admin.sbes@sielbleu.es;FUNDACION SIEL BLEU ESPAÑA;PERSONAS MAYORES;795;9.2;Servicio de promoción de hábitos y estilos de vida saludables;0000000nan;
CALLE DON SILVERIO VELASCO 2;ARANDA DE DUERO;947 500075;etristan@arandadeburgos.es;AYUNTAMIENTO DE ARANDA DE DUERO;POBLACIÓN GENERAL;796;2.1;Servicio de valoración, orientación, planificación de caso y seguimiento;0901803005;339
CALLE PEDRO POVEDA CASTROVERDE 3;BURGOS;947 481077;manuel@proyectohombreburgos.com;FUNDACIÓN CANDEAL;INCLUSIÓN SOCIAL;804;2.6;Serv.general de información, orientación, apoyo y seguimiento a personas drogodependientes;0905905048;450
CALLE SAN FRANCISCO 8;BURGOS;947 256219;carita.cdburgos@caritas.es;CÁRITAS DIOCESANA DE BURGOS;INCLUSIÓN SOCIAL;805;2.5;Servicio de valoración, orientación y planificación de caso para la inclusión social;0905903004;391
CALLE CRUZ ROJA S/N;BURGOS;947 212311;burgos@cruzroja.es;CRUZ ROJA ESPAÑOLA;MUJER;806;1.7;Servicio de información especializada sobre violencia de género;0905905035;437
CALLE CRUZ ROJA S/N;BURGOS;947 212311;burgos@cruzroja.es;CRUZ ROJA ESPAÑOLA;PERSONAS MAYORES;807;9.3;Servicio de adquisición de competencias para la vida autónoma;0905905035;437
CALLE CABESTREROS 2C;BURGOS;947 205127;larueda@laruedaburgos.org;ASOCIACIÓN PARA LA DEFENSA DE LA MUJER LA RUEDA;MUJER;808;1.7;Servicio de información especializada sobre violencia de género;0905903004;391
CALLE PEDRO POVEDA CASTROVERDE 3;BURGOS;947 481077;manuel@proyectohombreburgos.com;FUNDACIÓN CANDEAL;TOXICOMANÍAS Y ADICCIONES;809;26.21;Servicio de asistencia sociosanitaria ambulatoria a personas con drogodependencia;0905905048;450
CALLE CRUZ ROJA S/N;BURGOS;947 212311;;CRUZ ROJA ESPAÑOLA;INCLUSIÓN SOCIAL;810;27.5;Serv. apoyo para la integración sociolaboral de personas en riesgo de exclusión social;0905905035;437
CALLE SAN JUAN 2;BURGOS;947 288800;;AYUNTAMIENTO DE BURGOS;INCLUSIÓN SOCIAL;826;26.16;Servicio de apoyo para la inclusión social;0905903004;391
CALLE DON MARIANO REVENGA 1;CASTRILLO DE LA VEGA;616 822779;marimarhontoria@outlook.es;ASOCIACIÓN DE FAMILIAS Y MUJERES DEL MEDIO RURAL DE BURGOS (AFAMMER- BURGOS);INCLUSIÓN SOCIAL;830;10.1;Servicio de acción social comunitaria y promoción de la solidaridad;0000000nan;
CALLE RODRIGUEZ DE VALCARCEL 4;HUERTA DE REY;947 546080;direccion@saludmentalaranda.org;ASOCIACION SALUD MENTAL ARANDA;MUJER;837;29.5;Serv. atención integral mujeres víctimas violencia género discapacidad enfermedad mental grave;0917401001;618
CALLE RONDA DEL FERROCARRIL 65;MIRANDA DE EBRO;947 331983;borealmiranda@yahoo.es;ASOCIACIÓN BOREAL DE LUCHA CONTRA LA DROGA Y AYUDA AL DROGADICTO;TOXICOMANÍAS Y ADICCIONES;846;27.5;Servicio de formación y apoyo para la integración sociolaboral d personas con drogodependencia;0921904003;686
CALLE ALMACENES 18 BAJO;MIRANDA DE EBRO;947 332355;secretaria@aspodemi.es;ASPODEMI. ASOCIACION  DE PADRES Y FAMILIARES  DE PERSONAS CON DISCAPACIDAD INTELECTUAL DE  MIRANDA DE EBRO;PERSONAS CON DISCAPACIDAD;847;29.8;Servicio de atención residencial o en vivienda para personas con discapacidad;0921904003;686
CALLE CAVA 58;PEÑARANDA DE DUERO;947 552091;rdb@riberadeldueroburgalesa.com;ASOCIACIÓN PARA EL  DESARROLLO RURAL INTEGRAL DE LA RIBERA DEL DUERO BURGALESA;PERSONAS CON DISCAPACIDAD;858;27.4;Servicio de apoyo para la integración sociolaboral de las personas con discapacidad;0926101001;719
CALLE CARDENAL CISNEROS 9;ROA DE DUERO;947 546080;direccion@saludmentalaranda.org;ASOCIACION SALUD MENTAL ARANDA;PERSONAS CON DISCAPACIDAD;863;24.11;Servicio de apoyo técnico a personas en situación de dependencia y/o discapacidad.;0932101002;763
CALLE AIRES 19;VILLAHOZ;947 268620;burgos@accem.es;ACCEM;INCLUSIÓN SOCIAL;874;29.10;Servicio de alojamiento para personas sin hogar;0943701001;853
CALLE TERCIO 12;VILLALMANZO;947 562624;fademurburgos@gmail.com;"ASOCIACION DE MUJERES RURALES DE BURGOS ""AURA""- FADEMUR";MUJER;875;1.6;Servicio de información especializada sobre mujer;0944201001;858
AVENIDA FERNANDEZ LADREDA 12;LEON;636 571720;asociacionaler@gmail.com;ASOCIACION LEONESA DE ENFERMEDADES RARAS Y SIN DIAGNOSTICO (ALER);PERSONAS CON DISCAPACIDAD;914;1.8;Servicio de información especializada sobre discapacidad;2408908002;3508
AVENIDA PADRE ISLA 57;LEON;987 249956;personassordasleon@fapscl.org;ASOCIACIÓN DE PERSONAS SORDAS DE LEÓN SAN JUAN BAUTISTA;INCLUSIÓN SOCIAL;915;10.1;Servicio de acción social comunitaria y promoción de la solidaridad;2408903010;1014
CALLE CID 24;LEON;987 252535;castillayleon@cruzroja.es;CRUZ ROJA ESPAÑOLA;INCLUSIÓN SOCIAL;916;2.5;Servicio de valoración, orientación y planificación de caso para la inclusión social;2411503001;1134
CALLE CAMPOS GOTICOS (LOS) 3;LEON;987 209764;coordinacion@asociacionauryn.org;"ASOCIACION JUVENIL ""AURYN""";VOLUNTARIADO;917;1.13;Servicio de información especializada sobre voluntariado;2408908002;3508
CALLE SAN PEDRO 19;LEON;987 222590;ssvp@ssvp.es;SOCIEDAD DE SAN VICENTE DE PAUL;INCLUSIÓN SOCIAL;918;1.10;Servicio de información especializada sobre inclusión social;2408910007;1082
AVENIDA PADRE ISLA 57;LEON;987 895500;juanjose.compadre@aytoleon.es;AYUNTAMIENTO DE LEÓN;INCLUSIÓN SOCIAL;920;27.5;Serv. apoyo para la integración sociolaboral de personas en riesgo de exclusión social;2408903010;1014
CALLE SAN PEDRO 19;LEON;987 222590;ssvp@ssvp.es;SOCIEDAD DE SAN VICENTE DE PAUL;INCLUSIÓN SOCIAL;921;29.10;Servicio de alojamiento para personas sin hogar;2408910007;1082
CALLE SAN PEDRO 19;LEON;987 222590;ssvp@ssvp.es;SOCIEDAD DE SAN VICENTE DE PAUL;INCLUSIÓN SOCIAL;922;27.5;Serv. apoyo para la integración sociolaboral de personas en riesgo de exclusión social;2408910007;1082
CALLE SAN JUAN BOSCO 11;LEON;693 793528;coordinador@cjboscoleon.org;ASOCIACION CENTRO JUVENIL DON BOSCO;TOXICOMANÍAS Y ADICCIONES;923;11.3;Serv. de prevención del consumo de drogas y de disminución de los riesgos en menores y jóvenes;2416201001;3525
AVENIDA FACULTAD DE VETERINARIA 59;LEON;983 306466;contabilidad@aclad.net;ACLAD, ATENCIÓN INTEGRAL A COLECTIVOS EN RIESGO;TOXICOMANÍAS Y ADICCIONES;927;27.5;Servicio de formación y apoyo para la integración sociolaboral d personas con drogodependencia;2408905008;1048
AVENIDA FACULTAD DE VETERINARIA 59;LEON;983 306466;contabilidad@aclad.net;ACLAD, ATENCIÓN INTEGRAL A COLECTIVOS EN RIESGO;MUJER;928;2.3;Serv.valoración, orientación, planificación caso - situaciones de violencia de género;2408905008;1048
AVENIDA MARIANO ANDRES 22;LEON;91 3645112;fundacion@mensajerosdelapaz.org;FUNDACIÓN MENSAJEROS DE LA PAZ;POBLACIÓN GENERAL;929;31.2;Servicio de provisión inmediata de alimentación;2408903015;1019
CALLE CAMPOS GOTICOS (LOS) 5 ALBERGUE ASOCIACIONES CHF;LEON;666 663364;belenaren@activosyfelices.org;ASOCIACION ACTIVOS Y FELICES;PERSONAS CON DISCAPACIDAD;931;18.1;Servicio de apoyo para la elaboración del proyecto de vida;2408908002;3508
CALLE CAMPOS GOTICOS (LOS) 5 ALBERGUE ASOCIACIONES CHF;LEON;666 663364;belenaren@activosyfelices.org;ASOCIACION ACTIVOS Y FELICES;PERSONAS MAYORES;932;9.3;Servicio de adquisición de competencias para la vida autónoma;2408908002;3508
CALLE PUERTA OBISPO 13;LEON;987 255093;traso1906@gmail.com;ASOCIACIÓN LEONESA DE CARIDAD;INCLUSIÓN SOCIAL;933;1.10;Servicio de información especializada sobre inclusión social;2408910005;1080
CALLE GRAN VIA 4-1º OFICINA 1;LEON;987 230062;adavasleon@adavas.org;ASOCIACIÓN DE AYUDA A VÍCTIMAS DE AGRESIONES SEXUALES Y VIOLENCIA DOMÉSTICA - ADAVAS;MUJER;934;26.12;Serv asistencia letrada/defensa jca mujeres/niñas víctimas agresiones y/o abusos sexuales;2408903010;1014
CALLE GRAN VIA DE SAN MARCOS 4-1º OFICINA 1;LEON;987 230062;adavasleon@adavas.org;ASOCIACIÓN DE AYUDA A VÍCTIMAS DE AGRESIONES SEXUALES Y VIOLENCIA DOMÉSTICA - ADAVAS;MUJER;936;26.8;Serv. Acompañamiento, orientación jurídico social a mujer víctima violencia de género;2408903010;1014
PLAZA SAN MARCELO 6;LEON;987 085003;;DIPUTACIÓN PROVINCIAL DE LEÓN;(FAMILIA);937;10.2;Serv.actuaciones preventivas para familias con hijos/as menores en situación de riesgo;2408903010;1014
CALLE BARAHONA 10,2ºDCHA;LEON;638 794430;leon@accem.es;ACCEM;INCLUSIÓN SOCIAL;945;29.10;Servicio de alojamiento para personas sin hogar;2411503001;1134
CALLE SIERRA PAMBLEY 6;LEON;987 218617;sat@caritasdeleon.org;CARITAS DIOCESANA DE LEÓN;TOXICOMANÍAS Y ADICCIONES;949;2.6;Servicio general de información, orientación, apoyo y seguimiento a personas drogodependientes;2411503001;1134
CALLE FOTOGRAFO PEPE GRACIA S/N;LEON;987 260796;;ASOCIACIÓN DE FAMILIARES DE ENFERMOS DE ALZHEIMER Y OTRAS DEMENCIAS DE LEÓN - (ALZHEIMER-LEÓN);PERSONAS MAYORES;956;9.4;Servicio de promoción de la relación con el entorno;2408908002;3508
PLAZA COLON 19;LEON;987 256612;;GERENCIA DE SERVICIOS SOCIALES DE CASTILLA Y LEÓN;INFANCIA (Y JUVENTUD);972;30.1;Serv.protección jurídica y ejercicio tutela para la infancia en situación de desamparo;2408902010;1004
CALLE ESTEBAN DE LA PUENTE S/N;PONFERRADA;987 446600;social-director@ponferrada.org;AYUNTAMIENTO DE PONFERRADA;POBLACIÓN GENERAL;990;12.11;Servicio integral de apoyo a las familias en riesgo de desahucio por deuda hipotecaria;2411501008;1112
CALLE BATALLA DE CERIÑOLA 1 BAJO;PONFERRADA;987 210126;administracion@alfaem.org;ASOCIACIÓN LEONESA DE FAMILIARES Y AMIGOS DE ENFERMOS MENTALES - ALFAEM;PERSONAS CON DISCAPACIDAD;992;27.4;Servicio de apoyo para la integración sociolaboral de las personas con discapacidad;2411502012;1128
CALLE PICONES (LOS) S/N;SAN ANDRES DEL RABANEDO;987 844318;ssociales@aytosanandres.es;AYUNTAMIENTO DE SAN ANDRÉS DEL RABANEDO;(FAMILIA);1004;10.2;Serv.actuaciones preventivas para familias con hijos/as menores en situación de riesgo;2414202013;1188
PLAZA MARIANO TIMON (DE);PALENCIA;670 903890;;AYUNTAMIENTO DE PALENCIA;POBLACIÓN GENERAL;1013;2.1;Servicio de valoración, orientación, planificación de caso y seguimiento;3412006002;1441
CALLE BURGOS 1;PALENCIA;979 715100;;DIPUTACIÓN PROVINCIAL DE PALENCIA;(FAMILIA);1015;10.2;Serv.actuaciones preventivas para familias con hijos/as menores en situación de riesgo;3412005006;1430
LUGAR SAN MARTIN DE PERAPERTU;SAN MARTIN DE PERAPERTU;677 072635;;CENTRO NUEVA VIDA;INCLUSIÓN SOCIAL;1033;29.10;Servicio de alojamiento para personas sin hogar;3400402003;1302
CALLE CRUZ ROJA 1;SALAMANCA;923 221032;salamanca@cruzroja.es;CRUZ ROJA ESPAÑOLA;INCLUSIÓN SOCIAL;1062;2.5;Servicio de valoración, orientación y planificación de caso para la inclusión social;3727405008;1938
CALLE ESPEJO 14;SALAMANCA;923 217410;m.estilita.martin@lasalina.es;DIPUTACIÓN PROVINCIAL DE SALAMANCA;POBLACIÓN GENERAL;1063;31.1;Servicio de distribución coordinada de alimentos;3727404024;1930
CALLE ABOGADOS DE ATOCHA 2;SALAMANCA;983 218453;notificaciones@foremcyl.es;FUNDACION FORMACION Y EMPLEO DE CASTILLA Y LEON (FOREMCYL);INCLUSIÓN SOCIAL;1064;27.5;Serv. apoyo para la integración sociolaboral de personas en riesgo de exclusión social;3727402001;1869
CALLE MAESTRO SOLER 17-21;SALAMANCA;923 271226;gema.lopez@fundacionadsis.org;FUNDACION ADSIS;INCLUSIÓN SOCIAL;1067;27.5;Serv. apoyo para la integración sociolaboral de personas en riesgo de exclusión social;3727403009;1897
CALLE JESUS 10, BAJO;SALAMANCA;923 994177;contaco@planbeduso.es;FUNDACIÓN PLAN B EDUCACIÓN SOCIAL;VOLUNTARIADO;1068;1.13;Servicio de información especializada sobre voluntariado;3727403009;1897
CALLE JESUS 10, BAJO;SALAMANCA;923 994177;contacto@planbeduso.es;FUNDACIÓN PLAN B EDUCACIÓN SOCIAL;POBLACIÓN GENERAL;1070;1.1;Servicio de información sobre derechos y recursos del sistema de servicios sociales;3727403009;1897
AVENIDA FEDERICO ANAYA 94, 6º-A;SALAMANCA;923 221032;;CRUZ ROJA ESPAÑOLA;INFANCIA (Y JUVENTUD);1078;29.2;Servicio de atención residencial para la transición de menores de edad a la vida adulta;3727405020;1950
CALLE HORNO 4;VILLAMAYOR;923 471127;administracion@cksenior.es;CK SENIOR GESTIÓN, S.L;PERSONAS MAYORES;1089;29.13;Servicio de atención residencial para personas mayores en situación de dependencia;3735401002;2062
CALLE TRINIDAD 22;CUELLAR;921 143422;info@tierradepinares.es;ASOCIACION HONORSE TIERRA DE PINARES;MUJER;1098;27.3;Servicio de apoyo para la integración sociolaboral de las mujeres en situación de vulnerabi;4006302004;2163
AVENIDA ACUEDUCTO (DEL) 28;SEGOVIA;921 463381;cyl@anar.org;FUNDACION ANAR;INFANCIA (Y JUVENTUD);1119;26.7;Servicio de intervención educativa con menores infractores/as en medio abierto;4019405003;2317
CALLE ANSELMO CARRETERO 15;SEGOVIA;983 219622;;FUNDACION SECRETARIADO GITANO (FSG);INCLUSIÓN SOCIAL;1120;26.16;Servicio de apoyo para la inclusión social;4019407004;2331
CALLE MARQUES DEL ARCO (DEL) 22;SEGOVIA;921 460543;sociales.coordinador@segovia.es;AYUNTAMIENTO DE SEGOVIA;POBLACIÓN GENERAL;1121;2.1;Servicio de valoración, orientación, planificación de caso y seguimiento;4019407004;2331
CARRETERA VALDEVILLA 15;SEGOVIA;;segovia@accem.es;ACCEM;INCLUSIÓN SOCIAL;1127;29.10;Servicio de alojamiento para personas sin hogar;4019405003;2317
CALLE INFANTA ISABEL (LA) 16;SEGOVIA;921 461982;;GERENCIA DE SERVICIOS SOCIALES DE CASTILLA Y LEÓN;POBLACIÓN GENERAL;1132;1.1;Servicio de información sobre derechos y recursos del sistema de servicios sociales;4019401004;2292
CALLE JERONIMO DE ALIAGA 3;SEGOVIA;;segovia@accem.es;ACCEM;INCLUSIÓN SOCIAL;1137;29.10;Servicio de alojamiento para personas sin hogar;4019407004;2331
CALLE COLON 19;ZAMORA;686 123034;asociacionadasci@gmail.com;ASOCIACIÓN PARA EL DESARROLLO, APOYO SOCIAL, COOPERACIÓN E INCLUSIÓN (ADASCI);MUJER;1181;26.9;Servicio de apoyo psicológico a víctimas de violencia de género;4927502006;3442
PLAZA VIRIATO 1;ZAMORA;980 509994;administracion@caritaszamora.org;CARITAS DIOCESANA DE ZAMORA;INCLUSIÓN SOCIAL;1184;2.5;Servicio de valoración, orientación y planificación de caso para la inclusión social;4927504003;3460
AVENIDA VALLADOLID 9;ZAMORA;653 841774;autismozamora@hotmail.com;ASOCIACIÓN DE PADRES DE PERSONAS CON AUTISMO Y/O TRASTORNO GENERALIZADO DEL DESARROLLO DE LA PROVINCIA DE ZAMORA - AUTISMO ZAMORA-;POBLACIÓN GENERAL;1185;2.1;Servicio de valoración, orientación, planificación de caso y seguimiento;4927502017;3453
PLAZA SAN JOSE OBRERO 1;ZAMORA;980 548700;mar.lera@zamora.es;AYUNTAMIENTO DE ZAMORA;INCLUSIÓN SOCIAL;1186;27.5;Serv. apoyo para la integración sociolaboral de personas en riesgo de exclusión social;4927501002;3423
CALLE SAN PEDRO BAUTISTA 5 3º-1ª;AVILA;607 771891;avila@accem.es;ACCEM;INCLUSIÓN SOCIAL;1200;29.10;Servicio de alojamiento para personas sin hogar;0501906012;56
PLAZA SAN FRANCISCO (DE) 3;AVILA;920 224848;castillayleon@cruzroja.es;CRUZ ROJA ESPAÑOLA;PERSONAS MAYORES;1202;9.4;Servicio de promoción de la relación con el entorno;0501906012;56
CALLE BURGOHONDO 9;AVILA;983 218454;notificaciones@foremcyl.es;FUNDACION FORMACION Y EMPLEO DE CASTILLA Y LEON (FOREMCYL);INCLUSIÓN SOCIAL;1203;27.5;Serv. apoyo para la integración sociolaboral de personas en riesgo de exclusión social;0501904014;40
CALLE PASEO DE LA ESTACION 23 5ºA;AVILA;666 532610;avila@accem.es;ACCEM;INCLUSIÓN SOCIAL;1204;29.10;Servicio de alojamiento para personas sin hogar;0501901002;23
CALLE JESUS DEL GRAN PODER 40;AVILA;662 169567;gearaavila@gmail.com;GRUPO ENFERMOS ALCOHÓLICOS RECUPERADOS ABULENSES (GEARA);TOXICOMANÍAS Y ADICCIONES;1205;2.6;Servicio general de información, orientación, apoyo y seguimiento a personas drogodependientes;0501905004;44
CARRETERA DE VICOLOZANO S/N.  (CENTRO PENITENCIARIO DE BRIEVA);BRIEVA;920 221847;caritas.cdavila@caritas.es;CÁRITAS DIOCESANA DE ÁVILA;INCLUSIÓN SOCIAL;1215;26.16;Servicio de apoyo para la inclusión social;0512301001;161
CALLE CORDEL DE EXTREMADURA S/N EDIFICIO MERCADO DE GANADOS;BARCO DE AVILA (EL);920 352732;administracion@asociacionfaema.org;FAEMA SALUD MENTAL ÁVILA;PERSONAS CON DISCAPACIDAD;1216;9.2;Servicio de promoción de hábitos y estilos de vida saludables;0502101001;59
CALLE CORDEL DE EXTREMADURA S/N EDIFICIO MERCADO DE GANADO (CASTILLO TESO);BARCO DE AVILA (EL);920 352732;faemats@asociacionfaema.org;FAEMA SALUD MENTAL ÁVILA;PERSONAS CON DISCAPACIDAD;1217;9.1;Servicio de prevención de la situación de dependencia;0502101001;59
PLAZA SAN AGUSTIN S/N;BURGOS;947 460952;;FUNDACIÓN LESMES;INCLUSIÓN SOCIAL;1253;29.10;Servicio de alojamiento para personas sin hogar;0905903005;392
CALLE RONDA HERMOSA;GALISANCHO;696 824536;patrimar4@hotmail.com;LIMÓN Y MERENGUE, S.L.;PERSONAS MAYORES;1316;29.13;Servicio de atención residencial para personas mayores en situación de dependencia;3733601001;2043
CALLE PEÑITA S/N;MONLERAS;608 756535;escuelacampesinasa@gmail.com;ASOCIACION ESCUELAS CAMPESINAS DE SALAMANCA;PERSONAS MAYORES;1333;28.3;Servicio de atención en centros de día para personas mayores en situación de dependencia;3719801001;1781
CALLE JESUS 10, BAJO;SALAMANCA;923 994177;contacto@planbeduso.es;FUNDACIÓN PLAN B EDUCACIÓN SOCIAL;INFANCIA (Y JUVENTUD);1348;26.3;Servicio de apoyo a jóvenes para la transición a la vida adulta;3727403009;1897
CALLE SANTA CLARA 15 BAJO;SALAMANCA;914 220960;direccioncyl@gitanos.org;FUNDACION SECRETARIADO GITANO (FSG);INCLUSIÓN SOCIAL;1349;27.5;Serv. apoyo para la integración sociolaboral de personas en riesgo de exclusión social;3727401006;1862
CALLE ALMANSA 11 CENTRO MUNICIPAL LUIS VIVES;SALAMANCA;923 188478;asociaciontas@tas.org.es;ASOCIACIÓN TAS;TOXICOMANÍAS Y ADICCIONES;1350;11.3;Serv. de prevención del consumo de drogas y de disminución de los riesgos en menores y jóvenes;3727402006;1874
CALLE TESO DE LA FERIA 9;SALAMANCA;968 344344;administracion@diagrama.org;FUNDACION DIAGRAMA - INTERVENCION PSICOSOCIAL;(FAMILIA);1352;12.7;Servicio de apoyo personal y familiar para las víctimas de violencia de género;3727403009;1897
CALLE ARCO 2 2º F;SALAMANCA;923 211900;info@asociacionplazamayor.es;ASOCIACIÓN DE MUJERES DE SALAMANCA PLAZA MAYOR;MUJER;1354;26.12;Serv asistencia letrada/defensa jca mujeres/niñas víctimas agresiones y/o abusos sexuales;3727401006;1862
CALLE PLATEROS 19;SALAMANCA;923 240829;bienvenido@assecal.org;ASECAL;(FAMILIA);1356;12.10;Servicio de apoyo familiar para la inclusión social;3727404009;1916
CALLE SANTIAGO 1;SALAMANCA;923 219511;correo@casaescuelasantiagouno.es;CASA ESCUELAS PIAS SANTIAGO UNO (PP ESCOLAPIOS) DE SALAMANCA;INCLUSIÓN SOCIAL;1357;27.5;Serv. apoyo para la integración sociolaboral de personas en riesgo de exclusión social;3727403009;1897
CALLE PEÑA PRIMERA 19;SALAMANCA;923 279163;ssociales@aytosalamanca.es;AYUNTAMIENTO DE SALAMANCA;POBLACIÓN GENERAL;1358;12.11;Servicio integral de apoyo a las familias en riesgo de desahucio por deuda hipotecaria;3727401006;1862
CALLE TOLEDO 13. BAJO;SALAMANCA;699 545607;aparedsalamanca@hotmail.com;ASOCIACION PARA LA PREVENCION, AYUDA Y READAPTACION DE ENFERMOS DROGODEPENDIENTES. APARED;TOXICOMANÍAS Y ADICCIONES;1363;2.6;Servicio general de información, orientación, apoyo y seguimiento a personas drogodependientes;3727405008;1938
CALLE JESUS 10, BAJO;SALAMANCA;923 994177;Roberto Muñoz Alonso;FUNDACIÓN PLAN B EDUCACIÓN SOCIAL;INFANCIA (Y JUVENTUD);1366;26.1;Servicio de apoyo técnico a la infancia para su protección;3727403009;1897
CALLE VAN DYCK 66 8º IZDA;SALAMANCA;607 771891;salamanca@accem.es;ACCEM;INCLUSIÓN SOCIAL;1369;29.10;Servicio de alojamiento para personas sin hogar;3727405008;1938
CALLE RECTOR LUCENA 20, 5º G;SALAMANCA;;mariajesusiglesias@icasal.com;CONCIERTA, ASOCIACION PARA EL FOMENTO DE LA MEDIACION;INFANCIA (Y JUVENTUD);1384;26.6;Servicio de mediación en el ámbito de la jurisdicción de menores infractores/as;3727401006;1862
CALLE LAMPARA 29;GALLEGOS;692 287124;proyectos@otrotiempo.org;ASOCIACION OTRO TIEMPO;MUJER;1406;1.6;Servicio de información especializada sobre mujer;4009301001;2196
CAMINO PIEDAD (LA) 10;SEGOVIA;921 440202;segovia@cruzroja.es;CRUZ ROJA ESPAÑOLA;PERSONAS MAYORES;1414;9.3;Servicio de adquisición de competencias para la vida autónoma;4019404001;2305
AVENIDA OBISPO QUESADA (DEL) 4;SEGOVIA;983 225125;;FUNDACIÓN PERSONAS;INCLUSIÓN SOCIAL;1416;27.5;Serv. apoyo para la integración sociolaboral de personas en riesgo de exclusión social;4019404007;2311
CAMINO PIEDAD (LA) 10;SEGOVIA;921 430100;;CRUZ ROJA ESPAÑOLA;TOXICOMANÍAS Y ADICCIONES;1429;26.21;Servicio de asistencia sociosanitaria ambulatoria a personas con drogodependencia;4019404001;2305
PLAZA PUERTA NUEVA 1;SORIA;607 609590;almudena_cruz@hotmail.com;ASOCIACIÓN DE FAMILIAS Y MUJERES DEL MEDIO RURAL DE SORIA (AFAMMER - SORIA);POBLACIÓN GENERAL;1437;10.1;Servicio de acción social comunitaria y promoción de la solidaridad;4217303003;2547
CALLE SAN BENITO 19;SORIA;975 234650;tirigoyen@cruzroja.es;CRUZ ROJA ESPAÑOLA;TOXICOMANÍAS Y ADICCIONES;1438;26.18;Serv. de orientación y asesoramiento a personas con drogodependencia con problemas jurídico;4217301008;2530
PASEO ESPOLON (EL) 2;SORIA;975 220555;gilmarma@jcyl.es;GERENCIA DE SERVICIOS SOCIALES DE CASTILLA Y LEÓN;POBLACIÓN GENERAL;1442;1.1;Servicio de información sobre derechos y recursos del sistema de servicios sociales;4217301008;2530
CALLE PAJARILLOS, 1;ADALIA;983 204054;info@alestecasaj.org;ASOCIACION CASA DE JUVENTUD ALESTE;TOXICOMANÍAS Y ADICCIONES;1443;11.3;Serv. de prevención del consumo de drogas y de disminución de los riesgos en menores y jóvenes;4718604040;2913
CALLE CABALLEROS 1;LAGUNA DE DUERO;983 540058;servicios.sociales@lagunadeduero.org;AYUNTAMIENTO DE LAGUNA DE DUERO;POBLACIÓN GENERAL;1453;31.1;Servicio de distribución coordinada de alimentos;4718604040;2913
CALLE OLLEROS 1;MAYORGA;983 751568;info@valdecea.com;ASOCIACION CENTRO DE DESARROLLO RURAL VALDECEA;INCLUSIÓN SOCIAL;1454;2.5;Servicio de valoración, orientación y planificación de caso para la inclusión social;4708401001;2713
CALLE MEDIANA 5;MEDINA DE RIOSECO;983 725000;colectivo@cdrtcampos.es;COLECTIVO PARA EL DESARROLLO RURAL TIERRA CAMPOS;INCLUSIÓN SOCIAL;1457;27.5;Serv. apoyo para la integración sociolaboral de personas en riesgo de exclusión social;4708601001;2728
CALLE PEREZ GALDOS 23;VALLADOLID;914 719719;info@progestion.org;ASOCIACIÓN PROGESTIÓN;INCLUSIÓN SOCIAL;1474;29.10;Servicio de alojamiento para personas sin hogar;4718607005;2957
AVENIDA EURO 7;VALLADOLID;983 330603;beatriz.sedano@formacal.com;FORMACAL S.L.;PERSONAS MAYORES;1477;9.3;Servicio de adquisición de competencias para la vida autónoma;4718610001;3514
CALLE PUENTE LA REINA 10;VALLADOLID;983 306599;contabilidad@aclad.net;ACLAD, ATENCIÓN INTEGRAL A COLECTIVOS EN RIESGO;MUJER;1478;29.7;Serv atención especializ. mujeres/niñas víctimas trata con fines explotación sexual;4718607022;3510
CALLE PILAR MIRÓ  2-20  BAJO 7 NAVE 20 2-20;VALLADOLID;658 165107;lucianossilva33¤gmail.com;MINISTERIO NUEVA ALIANZA;POBLACIÓN GENERAL;1479;31.1;Servicio de distribución coordinada de alimentos;4718611042;3099
CALLE LINARES 15;VALLADOLID;983 259030;secretaria@proyectohombreva.org;FUNDACION ALDABA (PROYECTO HOMBRE);TOXICOMANÍAS Y ADICCIONES;1480;11.1;Servicio de prevención familiar del consumo de drogas;4718608036;3511
CALLE PAJARILLOS 1;VALLADOLID;983 302823;info@alestecasaj.org;ASOCIACION CASA DE JUVENTUD ALESTE;INCLUSIÓN SOCIAL;1481;12.10;Servicio de apoyo familiar para la inclusión social;4718604040;2913
CALLE TAJAHIERRO S/N;VALLADOLID;983 356908;direccion@elpuentesaludmental.org;FEAFES VALLADOLID EL PUENTE;PERSONAS CON DISCAPACIDAD;1486;9.5;Servicio de promoción del conocimiento y la adquisición de habilidades;4718610001;3514
CALLE IGLESIA (LA) 11;GUARDO;979 746342;coordinadora@saludmentalpalencia.org;ASOCIACION SALUD MENTAL PALENCIA - FEAFES PALENCIA;PERSONAS MAYORES;1515;9.1;Servicio de prevención de la situación de dependencia;3408001002;3529
CALLE DONADORES, Nº 24;ALMORADI;649 749195;;SEGERSAD PENINSULAR, S.L.;PERSONAS MAYORES;1521;29.13;Servicio de atención residencial para personas mayores en situación de dependencia;0000000nan;
CALLE AMAYA 13;AREVALO;920 303158;;ASOCIACIÓN FAMILIARES DE ENFERMOS DE ALZHEIMER DE ARÉVALO Y COMARCA - AFA ARÉVALO Y COMARCA;PERSONAS MAYORES;1528;28.3;Servicio de atención en centros de día para personas mayores en situación de dependencia;0501602003;17
PLAZA MERCADO CHICO (DEL) 1;AVILA;920 350000;;AYUNTAMIENTO DE ÁVILA;POBLACIÓN GENERAL;1530;1.1;Servicio de información sobre derechos y recursos del sistema de servicios sociales;0501901002;23
PLAZA FUENTE EL SOL 2;AVILA;920 352165;;GERENCIA DE SERVICIOS SOCIALES DE CASTILLA Y LEÓN;INFANCIA (Y JUVENTUD);1535;30.1;Serv.protección jurídica y ejercicio tutela para la infancia en situación de desamparo;0501901002;23
PLAZA FUENTE EL SOL 2;AVILA;920 352165;;GERENCIA DE SERVICIOS SOCIALES DE CASTILLA Y LEÓN;POBLACIÓN GENERAL;1536;1.1;Servicio de información sobre derechos y recursos del sistema de servicios sociales;0501901002;23
CALLE MAYOR ANTIGUA 55;PALENCIA;979 742300;;ORDEN HOSPITALARIA HERMANOS SAN JUAN DE DIOS;TOXICOMANÍAS Y ADICCIONES;1554;26.21;Servicio de asistencia sociosanitaria ambulatoria a personas con drogodependencia;3412006002;1441
PLAZA CARMELITAS 2;PALENCIA;979 743035;;CÁRITAS DIOCESANA DE PALENCIA;INCLUSIÓN SOCIAL;1556;2.5;Servicio de valoración, orientación y planificación de caso para la inclusión social;3412006002;1441
CALLE PADRE HIGINIO APARICIO 1;PALENCIA;983 307083;info@redincola.org;FUNDACION RED INCOLA;INCLUSIÓN SOCIAL;1558;27.5;Serv. apoyo para la integración sociolaboral de personas en riesgo de exclusión social;3412006002;1441
CALLE PADRE HIGINIO APARICIO 1;PALENCIA;983 307083;info@reincola.org;FUNDACION RED INCOLA;INCLUSIÓN SOCIAL;1559;1.10;Servicio de información especializada sobre inclusión social;3412006002;1441
CALLE PRIMERA UNIVERSIDAD DE ESPAÑA, Nº 41;PALENCIA;968 344344;;FUNDACION DIAGRAMA - INTERVENCION PSICOSOCIAL;INFANCIA (Y JUVENTUD);1566;27.1;Serv. apoyo para integración sociolaboral de menores provenientes de sistemas de infancia;3412006002;1441
CALLE ALMANSA 9;SALAMANCA;923 135581;info@fundaneed.es;FUNDACIÓN FUNDANEED;INCLUSIÓN SOCIAL;1596;26.16;Servicio de apoyo para la inclusión social;3727402006;1874
CALLE BROCHEROS 15;SALAMANCA;983 399643;vrojo@ymca.es;ALIANZA CRISTIANA DE JOVENES DE LA YMCA;INCLUSIÓN SOCIAL;1598;27.5;Serv. apoyo para la integración sociolaboral de personas en riesgo de exclusión social;3727405020;1950
CALLE JESUS 10, BAJO;SALAMANCA;923 994177;contacto@planbeduso.es;FUNDACIÓN PLAN B EDUCACIÓN SOCIAL;INFANCIA (Y JUVENTUD);1600;27.1;Serv. apoyo para integración sociolaboral de menores provenientes de sistemas de infancia;3727403009;1897
AVENIDA SAN TELMO 21 PLANTA 1;PALENCIA;646 132225;;ASOCIACION DE JUGADORES EN RECUPERACIÓN EL AZAR;POBLACIÓN GENERAL;1607;2.1;Servicio de valoración, orientación, planificación de caso y seguimiento;3412005013;1437
CALLE DOÑA JUANA 9;PALENCIA;979 743035;;CÁRITAS DIOCESANA DE PALENCIA;INCLUSIÓN SOCIAL;1608;1.10;Servicio de información especializada sobre inclusión social;3412005004;1428
AVENIDA SAN TELMO S/N;PALENCIA;979 715134;;DIPUTACIÓN PROVINCIAL DE PALENCIA;POBLACIÓN GENERAL;1609;31.1;Servicio de distribución coordinada de alimentos;3412005006;1430
CALLE DOÑA JUANA 9;PALENCIA;979 743035;;CÁRITAS DIOCESANA DE PALENCIA;INCLUSIÓN SOCIAL;1610;29.10;Servicio de alojamiento para personas sin hogar;3412006002;1441
CALLE CRUZ ROJA (DE LA) 5;PALENCIA;689 662599;;CRUZ ROJA ESPAÑOLA;PERSONAS MAYORES;1611;9.3;Servicio de adquisición de competencias para la vida autónoma;3412005004;1428
CALLE ASTERIO MAÑANOS 6 BAJO;PALENCIA;979 746342;coordinadora@saludmentalpalencia.org;ASOCIACION SALUD MENTAL PALENCIA - FEAFES PALENCIA;PERSONAS MAYORES;1615;9.4;Servicio de promoción de la relación con el entorno;3412006002;1441
CALLE FRANCISCO VIGHI 29 3º PUERTA 2;PALENCIA;979 777271;;FUNDACIÓN JUAN SOÑADOR;INFANCIA (Y JUVENTUD);1621;29.2;Servicio de atención residencial para la transición de menores de edad a la vida adulta;3412005004;1428
PARAJE TEJA;PERALES;619 818677;;AYMO PERALES S.L.;PERSONAS MAYORES;1640;29.13;Servicio de atención residencial para personas mayores en situación de dependencia;3424301001;1562
AVENIDA ASILO 12;VILLADA;;asaliagerencia@gmail.com;GEROSALUD MEDITERRANEA S.L.;PERSONAS MAYORES;1654;29.13;Servicio de atención residencial para personas mayores en situación de dependencia;3420601001;1529
AVENIDA CEDROS 53;SALAMANCA;923 019031;salamanca.acoge.presidencia@redacoge.org;ASOCIACION SALAMANCA ACOGE;INFANCIA (Y JUVENTUD);1669;27.1;Serv. apoyo para integración sociolaboral de menores provenientes de sistemas de infancia;3727405020;1950
CALLE MAESTRO AVILA 1-3, 2º E;SALAMANCA;660 063950;asociacionmarillac@asociacionmarillac.org;ASOCIACIÓN MARILLAC;INCLUSIÓN SOCIAL;1671;29.10;Servicio de alojamiento para personas sin hogar;3727401006;1862
CALLE TORO 78-82 ENTREPLANTA, PUERTA 3, OFICINA 6;SALAMANCA;695 598073;nuevagenteasociaion@gmail.com;"ASOCIACION  ""NUEVA GENTE""";TOXICOMANÍAS Y ADICCIONES;1673;11.3;Serv. de prevención del consumo de drogas y de disminución de los riesgos en menores y jóvenes;3727401006;1862
CALLE ALMENDRALEJO 1;SALAMANCA;923 192428;todoserviciosmultiples@hotmail.com;TODO SERVICIOS MÚLTIPLES, S.L;INCLUSIÓN SOCIAL;1674;27.5;Serv. apoyo para la integración sociolaboral de personas en riesgo de exclusión social;3727403009;1897
CALLE ESPEJO 14;SALAMANCA;923 217410;m.estilita.martin@lasalina.es;DIPUTACIÓN PROVINCIAL DE SALAMANCA;INCLUSIÓN SOCIAL;1676;27.5;Serv. apoyo para la integración sociolaboral de personas en riesgo de exclusión social;3727404024;1930
CALLE ARCO 2 2º F;SALAMANCA;923 211900;info@asociacionplazamayor.es;ASOCIACIÓN DE MUJERES DE SALAMANCA PLAZA MAYOR;MUJER;1678;26.9;Servicio de apoyo psicológico a víctimas de violencia de género;3727401006;1862
CALLE CRUZ ROJA 1;SALAMANCA;923 221032;salamanca@cruzroja.es;CRUZ ROJA ESPAÑOLA;POBLACIÓN GENERAL;1679;10.1;Servicio de acción social comunitaria y promoción de la solidaridad;3727405008;1938
CALLE RECTOR MADRUGA S/N;SALAMANCA;923 221032;salamanca@cruzroja.es;CRUZ ROJA ESPAÑOLA;INFANCIA (Y JUVENTUD);1680;26.5;Servicio de apoyo a menores con conductas violentas en la familia;3727405020;1950
CALLE DIEGO PISADOR S/N LOCAL;SALAMANCA;923 264539;inice@inice.es;INSTITUTO DE INVESTIGACIONES CIENTIFICAS Y ECOLOGICAS. INICE;INFANCIA (Y JUVENTUD);1681;17.4;Atención lúdica infantil conciliación vida laboral y familiar en vacaciones (Conciliamos);3727403009;1897
CALLE ARCO 2 2º F;SALAMANCA;923 211900;info@asociacionplazamayor.es;ASOCIACIÓN DE MUJERES DE SALAMANCA PLAZA MAYOR;MUJER;1682;1.7;Servicio de información especializada sobre violencia de género;3727401006;1862
AVENIDA PUERTO DE CARTAGO, NAVE 10 (MERCASALAMANCA);SALAMANCA;923 185974;administracion@bancodealimentosdesalamancaorg;ASOCIACION BANCO DE ALIMENTOS DE SALAMANCA;INCLUSIÓN SOCIAL;1683;1.10;Servicio de información especializada sobre inclusión social;0000000nan;
PASEO CESAR REAL DE LA RIVA 111-121;SALAMANCA;646 784156;asociacion.puentevida@gmail.com;ASOCIACIÓN SOCIOCULTURAL PUENTE VIDA;INCLUSIÓN SOCIAL;1684;29.10;Servicio de alojamiento para personas sin hogar;3727403009;1897
CALLE ALMENDRALEJO 1;SALAMANCA;923 192428;asdecoba@gmail.com;ASOCIACION DE DESARROLLO COMUNITARIO BUENOS AIRES (ASDECOBA);INCLUSIÓN SOCIAL;1685;29.10;Servicio de alojamiento para personas sin hogar;3727403009;1897
CALLE TESO DE LA FERIA 9;SALAMANCA;;;FUNDACION DIAGRAMA - INTERVENCION PSICOSOCIAL;INFANCIA (Y JUVENTUD);1712;27.1;Serv. apoyo para integración sociolaboral de menores provenientes de sistemas de infancia;3727403009;1897
CAMINO PIEDAD (LA) 10;SEGOVIA;921 440202;;CRUZ ROJA ESPAÑOLA;MUJER;1771;1.7;Servicio de información especializada sobre violencia de género;4019404001;2305
CALLE RIAZA 6;SEGOVIA;921 462820;;CÁRITAS DIOCESANA DE SEGOVIA;INCLUSIÓN SOCIAL;1773;26.16;Servicio de apoyo para la inclusión social;4019401004;2292
CALLE SAN AGUSTIN 23;SEGOVIA;921 113369;mmartinez@dipsegovia.es;DIPUTACIÓN PROVINCIAL DE SEGOVIA;INCLUSIÓN SOCIAL;1774;31.1;Servicio de distribución coordinada de alimentos;0000000nan;
CALLE MARQUES DEL ARCO (DEL) 22;SEGOVIA;;sociales.coordinador@segovia.es;AYUNTAMIENTO DE SEGOVIA;POBLACIÓN GENERAL;1775;12.11;Servicio integral de apoyo a las familias en riesgo de desahucio por deuda hipotecaria;4019407004;2331
AVENIDA CONSTITUCION (LA) 12;SEGOVIA;687 584633;;ACCEM;INFANCIA (Y JUVENTUD);1776;29.2;Servicio de atención residencial para la transición de menores de edad a la vida adulta;0000000nan;
CALLE SAN AGUSTIN 4;SEGOVIA;921 462820;;CÁRITAS DIOCESANA DE SEGOVIA;INCLUSIÓN SOCIAL;1777;1.10;Servicio de información especializada sobre inclusión social;4019401004;2292
CALLE SAN AGUSTIN 23;SEGOVIA;921 113369;mmartinez@dipsegovia.es;DIPUTACIÓN PROVINCIAL DE SEGOVIA;POBLACIÓN GENERAL;1778;12.11;Servicio integral de apoyo a las familias en riesgo de desahucio por deuda hipotecaria;4019405003;2317
CALLE DONANTES DE SANGRE (LOS) 1-5;SEGOVIA;664 420018;marboledag@accem.es;ACCEM;INCLUSIÓN SOCIAL;1784;29.10;Servicio de alojamiento para personas sin hogar;4019401004;2292
CALLE ALTOS DE LA PIEDAD S/N;SEGOVIA;921 431608;;ASOCIACIÓN AMANECER-SALUD MENTAL SEGOVIA;PERSONAS CON DISCAPACIDAD;1785;9.3;Servicio de adquisición de competencias para la vida autónoma;4019404001;2305
CALLE ALTOS DE LA PIEDAD S/N;SEGOVIA;921 431608;;ASOCIACIÓN AMANECER-SALUD MENTAL SEGOVIA;PERSONAS CON DISCAPACIDAD;1786;9.4;Servicio de promoción de la relación con el entorno;4019404001;2305
CALLE ALTOS DE LA PIEDAD S/N;SEGOVIA;;;ASOCIACIÓN AMANECER-SALUD MENTAL SEGOVIA;PERSONAS CON DISCAPACIDAD;1787;9.2;Servicio de promoción de hábitos y estilos de vida saludables;4019404001;2305
CALLE RIAZA 6;SEGOVIA;921 462820;caritas@caritassegovia.es;CÁRITAS DIOCESANA DE SEGOVIA;TOXICOMANÍAS Y ADICCIONES;1788;2.6;Servicio general de información, orientación, apoyo y seguimiento a personas drogodependientes;4019407004;2331
CARRETERA VALDEVILLA 44;SEGOVIA;664 420018;marboledag@accem.es;ACCEM;INCLUSIÓN SOCIAL;1794;29.10;Servicio de alojamiento para personas sin hogar;4019405003;2317
CALLE GRAN VIA Nº 19 5º A;ALMAZAN;658 263089;rufo_71@hotmail.com;WALDYRENE RICARDO BRAZ;PERSONAS MAYORES;1802;29.13;Servicio de atención residencial para personas mayores en situación de dependencia;4202001003;2393
POLIGONO INDUSTRIAL LAS CASAS 54 NAVE 7;SORIA;975 232196;direccion@asovica.es;ASOCIACION DE FAMILIARES Y ENFERMOS PSIQUICOS VIRGEN DEL CAMINO - ASOVICA;PERSONAS CON DISCAPACIDAD;1809;9.3;Servicio de adquisición de competencias para la vida autónoma;4217302012;2542
AVENIDA DUQUES DE SORIA 12-14 LOCAL 3;SORIA;975 232196;comunicacion@asovica.es;ASOCIACION DE FAMILIARES Y ENFERMOS PSIQUICOS VIRGEN DEL CAMINO - ASOVICA;PERSONAS CON DISCAPACIDAD;1811;27.4;Servicio de apoyo para la integración sociolaboral de las personas con discapacidad;4217302014;2544
CALLE DEHESILLA Nº 8-10;ARROYO;985 211399;;FUNDACION CRUZ DE LOS ANGELES;INFANCIA (Y JUVENTUD);1822;29.2;Servicio de atención residencial para la transición de menores de edad a la vida adulta;4701001001;2600
CALLE SAN BLAS Nº 6, 1º;VALLADOLID;656 809443;cljv@cljv.org;CONSEJO LOCAL DE LA JUVENTUD DE VALLADOLID;INCLUSIÓN SOCIAL;1834;10.1;Servicio de acción social comunitaria y promoción de la solidaridad;4718609001;3001
PLAZA DANZA 2 2º;VALLADOLID;983 218453;notificaciones@foremcyl.es;FUNDACION FORMACION Y EMPLEO DE CASTILLA Y LEON (FOREMCYL);INCLUSIÓN SOCIAL;1837;27.5;Serv. apoyo para la integración sociolaboral de personas en riesgo de exclusión social;4718607005;2957
AVENIDA EURO 7;VALLADOLID;616 980081;beatriz.sedano@formacal.com;FORMACAL S.L.;PERSONAS MAYORES;1839;9.3;Servicio de adquisición de competencias para la vida autónoma;4718610001;3514
CALLE MIGUEL ISCAR 16;VALLADOLID;647 411577;NOTIFICACIONES@CEPAIM.ORG;FUNDACIÓN CEPAIM - ACCIÓN INTEGRAL CON MIGRANTES;POBLACIÓN GENERAL;1840;1.1;Servicio de información sobre derechos y recursos del sistema de servicios sociales;4718601001;2851
CALLE PAJARILLOS 1;VALLADOLID;607 577906;tatiana@fundacionjuans.org;FUNDACIÓN JUAN SOÑADOR;INCLUSIÓN SOCIAL;1841;29.10;Servicio de alojamiento para personas sin hogar;4718604040;2913
CALLE SAN JUAN DE DIOS 6 2º;VALLADOLID;644 475579;cyl.ciong.org;COOPERACIÓN INTERNACIONAL ONG;VOLUNTARIADO;1842;1.13;Servicio de información especializada sobre voluntariado;4718609001;3001
PASAJE MARQUESINA 7;VALLADOLID;914 719719;progestionvalladolid@progestion.org;ASOCIACIÓN PROGESTIÓN;INCLUSIÓN SOCIAL;1844;26.16;Servicio de apoyo para la inclusión social;4718603003;2872
CALLE LINARES;VALLADOLID;983 259030;secretaria@proyectohombreva.org;FUNDACION ALDABA (PROYECTO HOMBRE);MUJER;1846;29.6;Serv. atención integral a mujeres drogodependientes en situación de violencia de género;4718608036;3511
CALLE PAJARILLOS 1;VALLADOLID;983 204054;info@federboscocyl.org;FEDERACIÓN DE CENTROS JUVENILES DON BOSCO DE CASTILLA Y LEÓN;INCLUSIÓN SOCIAL;1847;10.2;Serv.actuaciones preventivas para familias con hijos/as menores en situación de riesgo;4718604040;2913
CALLE PAJARILLOS 1;VALLADOLID;983 204054;info@alestecasaj.org;ASOCIACION CASA DE JUVENTUD ALESTE;INCLUSIÓN SOCIAL;1850;10.2;Serv.actuaciones preventivas para familias con hijos/as menores en situación de riesgo;4718604040;2913
CALLE SANTUARIO Nº 4, BAJO;VALLADOLID;983 298269;VALLADOLID@SSVP.ES;SOCIEDAD DE SAN VICENTE DE PAUL;INCLUSIÓN SOCIAL;1852;1.10;Servicio de información especializada sobre inclusión social;4718605002;2916
AVENIDA EURO 7;VALLADOLID;983 330603;beatriz.sedano@formacal.com;FORMACAL S.L.;PERSONAS MAYORES;1855;9.3;Servicio de adquisición de competencias para la vida autónoma;4718610001;3514
AVENIDA EURO 7;VALLADOLID;983 330603;beatriz.sedano@formacal.com;FORMACAL S.L.;PERSONAS MAYORES;1856;9.2;Servicio de promoción de hábitos y estilos de vida saludables;4718610001;3514
AVENIDA EURO 7;VALLADOLID;983 330603;beatriz.sedano@formacal.com;FORMACAL S.L.;PERSONAS MAYORES;1857;9.1;Servicio de prevención de la situación de dependencia;4718610001;3514
CALLE ARZOBISPO JOSÉ DELICADO Nº 8;VALLADOLID;983 426100;sints@ava.es;AYUNTAMIENTO DE VALLADOLID;POBLACIÓN GENERAL;1859;31.2;Servicio de provisión inmediata de alimentación;4718610051;3056
CALLE MIRABEL Nº 9;VALLADOLID;983 378285;valladolid@fundacionadsis.org;FUNDACION ADSIS;INCLUSIÓN SOCIAL;1861;27.5;Serv. apoyo para la integración sociolaboral de personas en riesgo de exclusión social;4718609001;3001
PASEO HOSPITAL MILITAR Nº 36 1ª PLANTA;VALLADOLID;605 248869;direccion@saludmentalcyl.org;FEDERACIÓN SALUD MENTAL CASTILLA Y LEÓN (FEAFES CYL);PERSONAS CON DISCAPACIDAD;1862;27.4;Servicio de apoyo para la integración sociolaboral de las personas con discapacidad;4718602012;2864
CALLE GENERAL ALMIRANTE Nº 7;VALLADOLID;983 306466;contabilidad@aclad.net;ACLAD, ATENCIÓN INTEGRAL A COLECTIVOS EN RIESGO;TOXICOMANÍAS Y ADICCIONES;1863;2.6;Servicio general de información, orientación, apoyo y seguimiento a personas drogodependientes;4718609001;3001
CALLE ENRIQUE LEON Nº 43;VALLADOLID;680 201155;natiherguedas@hotmail.com;MISIONERAS DE JESÚS, MARÍA Y JOSÉ (EMAUS);INFANCIA (Y JUVENTUD);1864;17.3;Servicio de atención en centros infantiles de 0 a 3 años;4718607022;3510
CALLE POLVORA 6;VALLADOLID;983 132828;;CRUZ ROJA ESPAÑOLA;PERSONAS MAYORES;1865;9.4;Servicio de promoción de la relación con el entorno;4718607005;2957
AVENIDA EURO 7;VALLADOLID;616 980081;beatriz.sedano@formacal.com;FORMACAL S.L.;PERSONAS MAYORES;1866;9.3;Servicio de adquisición de competencias para la vida autónoma;4718610001;3514
CALLE TAJAHIERRO S/N;VALLADOLID;983 356908;direccion@elpuentesaludmental.org;FEAFES VALLADOLID EL PUENTE;PERSONAS CON DISCAPACIDAD;1870;11.6;Serv. apoyo familiar-promoción autonomía personal-situaciones de dependencia y/o discapacidad;4718610001;3514
CALLE TAJAHIERRO S/N;VALLADOLID;983 355608;direccion@el puentesaludmental.org;FEAFES VALLADOLID EL PUENTE;PERSONAS CON DISCAPACIDAD;1871;24.11;Servicio de apoyo técnico a personas en situación de dependencia y/o discapacidad.;4718610001;3514
CALLE ALAVA Nº 6-3º A;VALLADOLID;697 117270;valladolid@accem.es;ACCEM;INCLUSIÓN SOCIAL;1876;29.10;Servicio de alojamiento para personas sin hogar;4718604018;2895
CALLE LABRADORES Nº 21 1º IZDA.;VALLADOLID;697 117270;valladolid@accem.es;ACCEM;INCLUSIÓN SOCIAL;1877;29.10;Servicio de alojamiento para personas sin hogar;4718603003;2872
CALLE TAJAHIERRO S/N;VALLADOLID;983 356908;direccion@elpuentesaludmental.org;FEAFES VALLADOLID EL PUENTE;PERSONAS CON DISCAPACIDAD;1878;9.1;Servicio de prevención de la situación de dependencia;4718610001;3514
CALLE HIGINIO MANGAS Nº 1 BAJO;VALLADOLID;983 303493;;ASOCIACIÓN VALLISOLETANA DE ALCOHÓLICOS REHABILITADOS (A.V.A.R.);TOXICOMANÍAS Y ADICCIONES;1879;2.6;Servicio general de información, orientación, apoyo y seguimiento a personas drogodependientes;4718607005;2957
CALLE ANCARES S/N;VALLADOLID;979 125000;nserrano@santamarialareal.org;FUNDACIÓN SANTA MARÍA LA REAL DEL PATRIMONIO HISTÓRICO, UN PROYECTO DESDE CASTILLA Y LEÓN;INCLUSIÓN SOCIAL;1894;27.5;Serv. apoyo para la integración sociolaboral de personas en riesgo de exclusión social;4718611042;3099
AVENIDA SALAMANCA 81º-A;VALLADOLID;983 376658;;H H JOSEFINAS DE LA SANTÍSIMA TRINIDAD;INCLUSIÓN SOCIAL;1901;29.10;Servicio de alojamiento para personas sin hogar;4718610051;3056
CALLE AAIUN Nº 7 4º F;VALLADOLID;662 030062;;FUNDACIÓN JUAN SOÑADOR;INFANCIA (Y JUVENTUD);1903;29.2;Servicio de atención residencial para la transición de menores de edad a la vida adulta;4718604018;2895
CALLE GRANADA 21- ENTREPLANTA;VALLADOLID;923 121354;bienvenido@asecal.org;ASECAL;INCLUSIÓN SOCIAL;1912;27.5;Serv. apoyo para la integración sociolaboral de personas en riesgo de exclusión social;4718604040;2913
CALLE LINARES 15;VALLADOLID;983 351748;;FUNDACION ALDABA (PROYECTO HOMBRE);TOXICOMANÍAS Y ADICCIONES;1920;29.11;Serv. asistencia residencial en comunidades terapéuticas para personas con drogodependencia;4718608036;3511
CALLE VALDEBUFO 25;VILLARALBO;;asociacionruralza@gmail.com;ASOCIACIÓN RURALZA;POBLACIÓN GENERAL;2007;10.1;Servicio de acción social comunitaria y promoción de la solidaridad;4926101001;3409
CARRETERA ALDEHUELA NAVE 5  VIVERO EMPRESAS DIPUT.ZAMORA;ZAMORA;607 991479;pagesossolidaris@pagesossolidaris.com;FUNDACIÓN AGRICULTORES SOLIDARIOS;INCLUSIÓN SOCIAL;2009;27.5;Serv. apoyo para la integración sociolaboral de personas en riesgo de exclusión social;4927502014;3450
CALLE PONTEJOS 13;ZAMORA;980 050943;direccion@menesianoszamora.com;HERMANOS DE LA INSTRUCCIÓN CRISTIANA DE ZAMORA;INCLUSIÓN SOCIAL;2013;27.5;Serv. apoyo para la integración sociolaboral de personas en riesgo de exclusión social;4927503004;3457
AVENIDA CARDENAL CISNEROS 26 BAJO;ZAMORA;968 344344;ADMINISTRACION@DIAGRAMA.ORG;FUNDACION DIAGRAMA - INTERVENCION PSICOSOCIAL;INFANCIA (Y JUVENTUD);2015;27.1;Serv. apoyo para integración sociolaboral de menores provenientes de sistemas de infancia;4927502012;3448
PLAZA VIRIATO S/N;ZAMORA;980 559300;presidencia@zamoradipu.es;DIPUTACIÓN PROVINCIAL DE ZAMORA;POBLACIÓN GENERAL;2016;31.1;Servicio de distribución coordinada de alimentos;0000000nan;
CALLE HERNAN CORTES 42;ZAMORA;980 523300;zamora@cruzroja.es;CRUZ ROJA ESPAÑOLA;INCLUSIÓN SOCIAL;2017;27.5;Serv. apoyo para la integración sociolaboral de personas en riesgo de exclusión social;4927502014;3450
CALLE HINIESTA 137;ZAMORA;91 5255099;coordinacion@empleored.org;RED ESPAÑOLA DE ENTIDADES POR EL EMPLEO, RED ARAÑA;INCLUSIÓN SOCIAL;2018;27.5;Serv. apoyo para la integración sociolaboral de personas en riesgo de exclusión social;4927505004;3465
AVENIDA JUAN CARLOS I Nº 45 CASA DE LAS IDEAS, LOCAL 2;AVILA;676 784974;apoyoavilaer@yahoo.com;ASOCIACIÓN DE APOYO A LAS FAMILIAS CON ENFERMEDADES RARAS Y SIN DIAGNOSTICAR (AFERD);PERSONAS CON DISCAPACIDAD;2050;1.8;Servicio de información especializada sobre discapacidad;0501906012;56
AVENIDA MADRID (DE) 8;AVILA;920 221847;;CÁRITAS DIOCESANA DE ÁVILA;INCLUSIÓN SOCIAL;2054;31.1;Servicio de distribución coordinada de alimentos;0501901002;23
CALLE DOCTOR JESUS GALAN 22 - PLANTA 3º PTA 1 IZQDA;AVILA;666 532610;avila@accem.es;ACCEM;INCLUSIÓN SOCIAL;2055;29.10;Servicio de alojamiento para personas sin hogar;0501905004;44
CALLE LUIS VALERO 14  ESC 3-2º PTA 4;AVILA;666 532610;avila@accem.es;ACCEM;INCLUSIÓN SOCIAL;2056;29.10;Servicio de alojamiento para personas sin hogar;0501906012;56
CALLE SEGOVIA 23 3º 2;AVILA;;avila@accem.es;ACCEM;INCLUSIÓN SOCIAL;2057;29.10;Servicio de alojamiento para personas sin hogar;0501904014;40
CARRETERA BURGOHONDO 5, ESC 1 4º-12;AVILA;666 532610;avila@accem.es;ACCEM;INCLUSIÓN SOCIAL;2058;29.10;Servicio de alojamiento para personas sin hogar;0501904014;40
CALLE CORDEL DE EXTREMADURA S/N EDIFICIO MERCADO DE GANADOS;BARCO DE AVILA (EL);920 352732;administracion@asociacionfaema.org;FAEMA SALUD MENTAL ÁVILA;PERSONAS CON DISCAPACIDAD;2066;9.4;Servicio de promoción de la relación con el entorno;0502101001;59
CALLE FUENTE LUGAREJOS 1;BURGOS;983 307083;info@redincola.org;FUNDACION RED INCOLA;INCLUSIÓN SOCIAL;2096;29.10;Servicio de alojamiento para personas sin hogar;0905906001;455
CALLE SAN IGNACIO DE LOYOLA 2;BURGOS;983 307083;info@redincola.org;FUNDACION RED INCOLA;INCLUSIÓN SOCIAL;2097;1.10;Servicio de información especializada sobre inclusión social;0905906001;455
CALLE SAN JUAN 2;BURGOS;947 288816;gss@aytoburgos.es;AYUNTAMIENTO DE BURGOS;INCLUSIÓN SOCIAL;2098;27.5;Serv. apoyo para la integración sociolaboral de personas en riesgo de exclusión social;0905903004;391
CALLE PANDIETSA 20;VILLABLINO;987 210126;alfaem@alfaem.org;ASOCIACIÓN LEONESA DE FAMILIARES Y AMIGOS DE ENFERMOS MENTALES - ALFAEM;PERSONAS CON DISCAPACIDAD;2118;24.11;Servicio de apoyo técnico a personas en situación de dependencia y/o discapacidad.;2420201003;1252
CALLE ANTONIO LOPEZ;MADRID;915 261349;isantos@aebia.com;AEBIA TECNOLOGIA Y SERVICIOS S.L.;PERSONAS MAYORES;2127;9.2;Servicio de promoción de hábitos y estilos de vida saludables;0000000nan;
CARRETERA PALENCIA VILLADA 1;BECERRIL DE CAMPOS;662 321663;;SERVICIOS RESIDENCIALES VAZFER S.L.;PERSONAS MAYORES;2135;29.13;Servicio de atención residencial para personas mayores en situación de dependencia;3412701001;1473
CARRETERA MAGDALENA (LA) 11;GUARDO;983 225125;;FUNDACIÓN PERSONAS;INCLUSIÓN SOCIAL;2151;27.5;Serv. apoyo para la integración sociolaboral de personas en riesgo de exclusión social;3400501001;1304
PLAZA CONCORDIA (LA) 8 BAJO;MONZON DE CAMPOS;979 808800;cdrucieza@cdrtcampos.es;ASOCIACION CENTRO DE DESARROLLO RURAL DEL CARRION Y UCIEZA;INCLUSIÓN SOCIAL;2158;1.10;Servicio de información especializada sobre inclusión social;3410801001;1398
CARRETERA ALBA KM 2;CARBAJOSA DE LA SAGRADA;923 219980;administracion@proyectohombresalamanca.es;FUNDACION ALCANDARA;TOXICOMANÍAS Y ADICCIONES;2189;29.11;Serv. asistencia residencial en comunidades terapéuticas para personas con drogodependencia;3708501001;1658
CALLE PROFESOR LUCAS 5-7;SALAMANCA;923 279163;ssociales@aytosalamanca.es;AYUNTAMIENTO DE SALAMANCA;INCLUSIÓN SOCIAL;2209;27.5;Serv. apoyo para la integración sociolaboral de personas en riesgo de exclusión social;3727403009;1897
CALLE HUERTAS DE LA TRINIDAD 2;SALAMANCA;923 219980;administracion@proyectohombresalamanca.es;FUNDACION ALCANDARA;TOXICOMANÍAS Y ADICCIONES;2210;26.21;Servicio de asistencia sociosanitaria ambulatoria a personas con drogodependencia;3727403009;1897
CALLE JESUS 10, BAJO;SALAMANCA;923 994177;contacto@planbeduso.es;FUNDACIÓN PLAN B EDUCACIÓN SOCIAL;INCLUSIÓN SOCIAL;2211;27.5;Serv. apoyo para la integración sociolaboral de personas en riesgo de exclusión social;3727403009;1897
CALLE DOCTOR GOMEZ ULLA 31 5º A;SALAMANCA;;salamanca@accem.es;ACCEM;INCLUSIÓN SOCIAL;2217;29.10;Servicio de alojamiento para personas sin hogar;3727402006;1874
CALLE VAN DYCK 13-15 6º A;SALAMANCA;607 771891;salamanca@accem.es;ACCEM;INCLUSIÓN SOCIAL;2218;29.10;Servicio de alojamiento para personas sin hogar;3727405008;1938
CALLE TORO 78-82 ENTREPLANTA 3, OFICINA 6;SALAMANCA;617 335995;tecnico@redvoluntariadosocial.org;ASOCIACION RED DE VOLUNTARIADO SOCIAL DE SALAMANCA;VOLUNTARIADO;2219;1.13;Servicio de información especializada sobre voluntariado;3727401006;1862
AVENIDA REYES DE ESPAÑA 1 - 3º DCH;SALAMANCA;923 219511;correo@casaescuelasantiagouno.es;CASA ESCUELAS PIAS SANTIAGO UNO (PP ESCOLAPIOS) DE SALAMANCA;INFANCIA (Y JUVENTUD);2221;29.2;Servicio de atención residencial para la transición de menores de edad a la vida adulta;3727403009;1897
CALLE SAN CLAUDIO 16;SALAMANCA;923 269698;caritas@caritasalamanca.org;CARITAS DIOCESANA DE SALAMANCA;TOXICOMANÍAS Y ADICCIONES;2227;26.21;Servicio de asistencia sociosanitaria ambulatoria a personas con drogodependencia;3727404024;1930
CALLE RECTOR MADRUGA S/N;SALAMANCA;923 221032;salamanca@cruzroja.es;CRUZ ROJA ESPAÑOLA;INFANCIA (Y JUVENTUD);2247;27.1;Serv. apoyo para integración sociolaboral de menores provenientes de sistemas de infancia;3727405008;1938
CALLE FERIAL;GOMARA;975 182142;residenciadegomara@gmail.com;FUNDACION DE PERSONAS MAYORES VIRGEN DE LA FUENTE;PERSONAS MAYORES;2289;29.13;Servicio de atención residencial para personas mayores en situación de dependencia;4209601001;2462
CALLE TEATRO Nº 19;SORIA;975 550523;fundacionapipacamz@fundacionapipacam.org;FUNDACIÓN APIP-ACAM;INCLUSIÓN SOCIAL;2294;1.10;Servicio de información especializada sobre inclusión social;4217301001;2523
CALLE CABALLEROS 1;LAGUNA DE DUERO;983 540058;servicios.sociales@lagunadeduero.org;AYUNTAMIENTO DE LAGUNA DE DUERO;POBLACIÓN GENERAL;2305;2.1;Servicio de valoración, orientación, planificación de caso y seguimiento;4718604040;2913
CALLE CABALLEROS 1;LAGUNA DE DUERO;983 540058;servicios.sociales@lagunadeduero.org;AYUNTAMIENTO DE LAGUNA DE DUERO;POBLACIÓN GENERAL;2306;1.1;Servicio de información sobre derechos y recursos del sistema de servicios sociales;4718604040;2913
CALLE OLLEROS 1;MAYORGA;983 751568;info@valdecea.com;ASOCIACION CENTRO DE DESARROLLO RURAL VALDECEA;POBLACIÓN GENERAL;2308;31.1;Servicio de distribución coordinada de alimentos;4708401001;2713
CALLE JUAN DE ALAMOS 4 Cª CULTURAL INTEGRADO ISABEL LA CATÓLICA;MEDINA DEL CAMPO;983 811020;rosa.vegas@ayto-medinadelcampo.es;AYUNTAMIENTO DE MEDINA DEL CAMPO;POBLACIÓN GENERAL;2309;12.11;Servicio integral de apoyo a las familias en riesgo de desahucio por deuda hipotecaria;4708501006;2719
CALLE JUAN DE ALAMOS S/N;MEDINA DEL CAMPO;983 811020;rosa.vegas@ayto-medinaldelcampo.es;AYUNTAMIENTO DE MEDINA DEL CAMPO;POBLACIÓN GENERAL;2310;2.1;Servicio de valoración, orientación, planificación de caso y seguimiento;4708501006;2719
CALLE JUAN DE ALAMOS 5;MEDINA DEL CAMPO;983 811020;rosa.vegas@ayto-medina del campo.es;AYUNTAMIENTO DE MEDINA DEL CAMPO;POBLACIÓN GENERAL;2311;1.1;Servicio de información sobre derechos y recursos del sistema de servicios sociales;4708501006;2719
CALLE SAN JUAN 5;MEDINA DE RIOSECO;914 719719;progestionvalladolid@progestion.org;ASOCIACIÓN PROGESTIÓN;INCLUSIÓN SOCIAL;2313;29.10;Servicio de alojamiento para personas sin hogar;4708601001;2728
CALLE JESUS DEL GRAN PODER 39 4º-5ª;AVILA;607 771891;avila@accem.es;ACCEM;INCLUSIÓN SOCIAL;2338;29.10;Servicio de alojamiento para personas sin hogar;0501905004;44
AVENIDA JUAN PABLO II 20;AVILA;920 357102;;DIPUTACIÓN PROVINCIAL DE ÁVILA;POBLACIÓN GENERAL;2339;31.1;Servicio de distribución coordinada de alimentos;0501905004;44
CALLE DON SILVERIO VELASCO 2;ARANDA DE DUERO;947 500075;etristan@arandadeduero.es;AYUNTAMIENTO DE ARANDA DE DUERO;POBLACIÓN GENERAL;2363;1.1;Servicio de información sobre derechos y recursos del sistema de servicios sociales;0901803005;339
CALLE SAN JUAN 2;BURGOS;947 288816;gss@aytoburgos.es;AYUNTAMIENTO DE BURGOS;(FAMILIA);2374;12.11;Servicio integral de apoyo a las familias en riesgo de desahucio por deuda hipotecaria;0905903004;391
CALLE OSCAR ROMERO 39 5º B;BURGOS;619 742712;burgos@accem.es;ACCEM;INCLUSIÓN SOCIAL;2377;29.10;Servicio de alojamiento para personas sin hogar;0905903004;391
AVENIDA DE LOS REYES CATOLICOS 40-8º H;BURGOS;947 268620;burgos@accem.es;ACCEM;INCLUSIÓN SOCIAL;2378;29.10;Servicio de alojamiento para personas sin hogar;0905905035;437
CALLE VICENTE ALEIXANDRE 17;BURGOS;947 205900;;ASOCIACIÓN DE PROMOCIÓN GITANA (APG);(FAMILIA);2379;12.10;Servicio de apoyo familiar para la inclusión social;0905905035;437
CALLE SAN FRANCISCO 8;BURGOS;947 256219;caritas.cdburgos@caritas.es;CÁRITAS DIOCESANA DE BURGOS;INCLUSIÓN SOCIAL;2380;26.16;Servicio de apoyo para la inclusión social;0905903004;391
CALLE CRUZ ROJA S/N;BURGOS;947 212311;burgos@cruzroja.es;CRUZ ROJA ESPAÑOLA;INFANCIA (Y JUVENTUD);2382;26.5;Servicio de apoyo a menores con conductas violentas en la familia;0905905035;437
PASEO DEL ESPOLÓN 34;BURGOS;947 258600;bsocial@diputaciondeburgos.es;DIPUTACIÓN PROVINCIAL DE BURGOS;POBLACIÓN GENERAL;2385;2.1;Servicio de valoración, orientación, planificación de caso y seguimiento;0905903004;391
PASEO DEL ESPOLÓN 34;BURGOS;947 258600;bsocial@diputaciondeburgos.es;DIPUTACIÓN PROVINCIAL DE BURGOS;POBLACIÓN GENERAL;2386;2.1;Servicio de valoración, orientación, planificación de caso y seguimiento;0905903004;391
PLAZA BILBAO 4;BURGOS;947 264642;;GERENCIA DE SERVICIOS SOCIALES DE CASTILLA Y LEÓN;INFANCIA (Y JUVENTUD);2412;30.1;Serv.protección jurídica y ejercicio tutela para la infancia en situación de desamparo;0905905035;437
AVENIDA COSTA RICA 56 BAJO;BURGOS;947 201430;;ASOCIACIÓN DE PADRES DE PERSONAS CON AUTISMO;PERSONAS CON DISCAPACIDAD;2418;13.49;Serv.atención en centros a personas situación dependencia por descanso cuidador o cuidadora;0905905048;450
CALLE RIBABELLOSA SN;MIRANDA DE EBRO;;mgarcia@valkiria.org;ASOCIACIÓN VALKIRIA;PERSONAS CON DISCAPACIDAD;2441;27.4;Servicio de apoyo para la integración sociolaboral de las personas con discapacidad;0905906001;455
CALLE RIO EBRO 33;MIRANDA DE EBRO;947 256219;caritas.cdburgos@caritas.es;CÁRITAS DIOCESANA DE BURGOS;INCLUSIÓN SOCIAL;2443;26.16;Servicio de apoyo para la inclusión social;0921904003;686
CALLE CALIFORNIAS 135 BAJO;MIRANDA DE EBRO;947 349100;animacionceas@mirandadeebro.es;AYUNTAMIENTO DE MIRANDA DE EBRO;INCLUSIÓN SOCIAL;2444;29.10;Servicio de alojamiento para personas sin hogar;0921904003;686
CALLE ALMACENES 18-20;MIRANDA DE EBRO;947 312801;saludmentalmiranda@saludmentalmiranda.com;ASOCIACIÓN AYUDA ENFERMOS MENTALES DE MIRANDA - SALUD MENTAL MIRANDA;PERSONAS MAYORES;2445;9.2;Servicio de promoción de hábitos y estilos de vida saludables;0921904003;686
CALLE ALMACENES 18-20;MIRANDA DE EBRO;947 312801;saludmentalmiranda@saludmentalmiranda.org;ASOCIACIÓN AYUDA ENFERMOS MENTALES DE MIRANDA - SALUD MENTAL MIRANDA;PERSONAS CON DISCAPACIDAD;2446;11.6;Serv. apoyo familiar-promoción autonomía personal-situaciones de dependencia y/o discapacidad;0921904003;686
CALLE ALMACENES 18-20;MIRANDA DE EBRO;947 312801;saludmentalmiranda@saludmentalmiranda;ASOCIACIÓN AYUDA ENFERMOS MENTALES DE MIRANDA - SALUD MENTAL MIRANDA;PERSONAS MAYORES;2451;9.5;Servicio de promoción del conocimiento y la adquisición de habilidades;0921904003;686
CALLE CAVA 58;PEÑARANDA DE DUERO;947 552091;rdb@riberadeldueroburgalesa.com;ASOCIACIÓN PARA EL  DESARROLLO RURAL INTEGRAL DE LA RIBERA DEL DUERO BURGALESA;VOLUNTARIADO;2456;1.13;Servicio de información especializada sobre voluntariado;0926101001;719
CALLE CAVA 58;PEÑARANDA DE DUERO;947 552091;rdb@riberadeldueroburgalesa.com;ASOCIACIÓN PARA EL  DESARROLLO RURAL INTEGRAL DE LA RIBERA DEL DUERO BURGALESA;MUJER;2457;27.2;Serv. apoyo para la integración sociolaboral de mujeres víctimas de violencia de género;0926101001;719
CALLE VALDENUÑEZ, 8;SANTA MARIA TAJADURA;947 461243;;ASOCIACIÓN DE PADRES DE PERSONAS CON AUTISMO;PERSONAS CON DISCAPACIDAD;2459;13.49;Serv.atención en centros a personas situación dependencia por descanso cuidador o cuidadora;0990701001;894
CALLE CARDENAL CISNEROS 9;ROA DE DUERO;947 546080;direccion@saludmentalaranda.org;ASOCIACION SALUD MENTAL ARANDA;MUJER;2460;29.5;Serv. atención integral mujeres víctimas violencia género discapacidad enfermedad mental grave;0932101002;763
CARRETERA DE BURGOS, KM. 4,3;QUINTANADUEÑAS;947 238562;fundacion@aspaniasburgos.com;FUNDACIÓN ASPANIAS BURGOS;PERSONAS CON DISCAPACIDAD;2482;13.49;Serv.atención en centros a personas situación dependencia por descanso cuidador o cuidadora;0990701001;894
CALLE MARTINEZ SALAZAR 8;ASTORGA;669 017804;director@caritasastorga.com;CARITAS DIOCESANA DE ASTORGA;INCLUSIÓN SOCIAL;2486;29.10;Servicio de alojamiento para personas sin hogar;2400802003;907
PLAZA DE LOS MARQUESES 9,BAJO;ASTORGA;987 099030;astorga@alfaem.org;ASOCIACIÓN LEONESA DE FAMILIARES Y AMIGOS DE ENFERMOS MENTALES - ALFAEM;PERSONAS CON DISCAPACIDAD;2487;11.6;Serv. apoyo familiar-promoción autonomía personal-situaciones de dependencia y/o discapacidad;2400802003;907
PLAZA DE LOS MARQUESES 9,BAJO;ASTORGA;987 099030;astorga@alfaem.org;ASOCIACIÓN LEONESA DE FAMILIARES Y AMIGOS DE ENFERMOS MENTALES - ALFAEM;MUJER;2488;29.5;Serv. atención integral mujeres víctimas violencia género discapacidad enfermedad mental grave;2400802003;907
CALLE GENNEVILLIERS 4 2ºF;BAÑEZA (LA);987 641304;contabilidad@lecaser.com;IBEROCASER S.L.;PERSONAS MAYORES;2496;29.13;Servicio de atención residencial para personas mayores en situación de dependencia;2401001004;914
CALLE MOISES DE LEON 24;LEON;607 888003;info@prevencioncardiaca.es;ASOCIACIÓN LEONESA PARA LA PREVENCIÓN CARDÍACA;PERSONAS MAYORES;2515;9.2;Servicio de promoción de hábitos y estilos de vida saludables;2408910005;1080
AVENIDA REINO DE LEON 12;LEON;987 261449;info@isadoraduncan.es;FUNDACIÓN DE FAMILIAS MONOPARENTALES ISADORA DUNCAN;INCLUSIÓN SOCIAL;2516;26.16;Servicio de apoyo para la inclusión social;2408910005;1080
AVENIDA PADRE ISLA 57;LEON;987 895727;;AYUNTAMIENTO DE LEÓN;(FAMILIA);2518;12.11;Servicio integral de apoyo a las familias en riesgo de desahucio por deuda hipotecaria;2408902010;1004
CALLE CID 24;LEON;987 252535;castillayleon@cruzroja.es;CRUZ ROJA ESPAÑOLA;PERSONAS MAYORES;2519;9.3;Servicio de adquisición de competencias para la vida autónoma;2411503001;1134
CALLE SAN PEDRO 19;LEON;987 222590;ssvp@ssvp.es;SOCIEDAD DE SAN VICENTE DE PAUL;INCLUSIÓN SOCIAL;2520;31.2;Servicio de provisión inmediata de alimentación;2408910007;1082
CALLE CAMPOS GOTICOS (LOS) 5 ALBERGUE ASOCIACIONES CHF;LEON;666 663364;belenaren@activosyfelices.org;ASOCIACION ACTIVOS Y FELICES;PERSONAS CON DISCAPACIDAD;2522;22.1;Prestación económica para productos de apoyo y la eliminación de barreras en el domicilio;2408908002;3508
CALLE CAMPOS GOTICOS (LOS) 5 ALBERGUE ASOCIACIONES CHF;LEON;666 663364;belenaren@activosyfelices.org;ASOCIACION ACTIVOS Y FELICES;PERSONAS MAYORES;2523;9.5;Servicio de promoción del conocimiento y la adquisición de habilidades;2408908002;3508
CALLE CAMPOS GOTICOS (LOS) 5 ALBERUE ASOCIACIONES CHF;LEON;666 663364;belenaren@activosyfelices.org;ASOCIACION ACTIVOS Y FELICES;PERSONAS CON DISCAPACIDAD;2524;1.9;Servicio de información y orientación especializada sobre accesibilidad;2408908002;3508
CALLE SAN JUAN BOSCO 11;LEON;987 213192;info@cjboscoleon.org;ASOCIACION CENTRO JUVENIL DON BOSCO;INCLUSIÓN SOCIAL;2525;12.10;Servicio de apoyo familiar para la inclusión social;2416201001;3525
AVENIDA FACULTAD DE VETERINARIA 59;LEON;983 306466;contabilidad@aclad.net;ACLAD, ATENCIÓN INTEGRAL A COLECTIVOS EN RIESGO;MUJER;2526;29.7;Serv atención especializ. mujeres/niñas víctimas trata con fines explotación sexual;2408905008;1048
PLAZA SAN MARCELO 6;LEON;987 085003;derechossociales@dipuleon.es;DIPUTACIÓN PROVINCIAL DE LEÓN;POBLACIÓN GENERAL;2527;1.1;Servicio de información sobre derechos y recursos del sistema de servicios sociales;2408903010;1014
CALLE MEDUL 3,2º;LEON;638 794430;leon@accem.es;ACCEM;INCLUSIÓN SOCIAL;2530;29.10;Servicio de alojamiento para personas sin hogar;2408910007;1082
CALLE TORREJON (EL) 4;LEON;663 402129;direccion@proyectojovenleon.org;FUNDACIÓN PROYECTO JOVEN;INCLUSIÓN SOCIAL;2537;2.6;Serv.general de información, orientación, apoyo y seguimiento a personas drogodependientes;2408910007;1082
AVENIDA PADRE ISLA 57;LEON;987 249956;;ASOCIACIÓN DE PERSONAS SORDAS DE LEÓN SAN JUAN BAUTISTA;PERSONAS CON DISCAPACIDAD;2558;23.2;Serv. intérprete lengua de signos para el acceso al Sistema Público de Servicios Sociales;2408903010;1014
CALLE MEDICOS SIN FRONTERAS 8;PONFERRADA;987 455120;informacionph@gmail.com;FUNDACIÓN CENTRO ASTORGANO LEONÉS DE SOLIDARIDAD - CALS;INFANCIA (Y JUVENTUD);2573;26.6;Servicio de mediación en el ámbito de la jurisdicción de menores infractores/as;2411502017;1133
CALLE CHILE 64;PONFERRADA;;mirandohaciaelfuturo07@gmail.com;"ASOCIACION DE NIÑOS Y JOVENES INMIGRANTES ""MIRANDO HACIA EL FUTURO""";POBLACIÓN GENERAL;2578;10.1;Servicio de acción social comunitaria y promoción de la solidaridad;2411501008;1112
CALLE MEDICOS SIN FRONTERAS 8;PONFERRADA;987 455120;informacionph@gmail.com;FUNDACIÓN CENTRO ASTORGANO LEONÉS DE SOLIDARIDAD - CALS;TOXICOMANÍAS Y ADICCIONES;2579;29.11;Serv. asistencia residencial en comunidades terapéuticas para personas con drogodependencia;2411502017;1133
CALLE BRINDIS MORÁN 2;PONFERRADA;987 427720;ponferrada@alfaem.org;ASOCIACIÓN LEONESA DE FAMILIARES Y AMIGOS DE ENFERMOS MENTALES - ALFAEM;PERSONAS CON DISCAPACIDAD;2584;9.5;Servicio de promoción del conocimiento y la adquisición de habilidades;2411502017;1133
CALLE SANTO SAN PEDRO 1;PALENCIA;697 436552;blancaescuderosalas@gmail.com;BLANCA ESCUDERO SALAS;PERSONAS MAYORES;2618;28.3;Servicio de atención en centros de día para personas mayores en situación de dependencia;3412005006;1430
CALLE CRUZ ROJA (DE LA) 5;PALENCIA;689 662599;;CRUZ ROJA ESPAÑOLA;INFANCIA (Y JUVENTUD);2619;26.7;Servicio de intervención educativa con menores infractores/as en medio abierto;3412005004;1428
CALLE CRUZ ROJA (DE LA) 5;PALENCIA;698 662399;;CRUZ ROJA ESPAÑOLA;INCLUSIÓN SOCIAL;2620;1.10;Servicio de información especializada sobre inclusión social;3412005004;1428
CALLE MARIA DE PADILLA 1;PALENCIA;979 744847;;PERAL SALVADOR S.L.;PERSONAS MAYORES;2621;29.13;Servicio de atención residencial para personas mayores en situación de dependencia;3412005004;1428
CALLE SALVINO SIERRA 8 BAJO - CEAS PUENTECILLAS;PALENCIA;628 668791;diversas.asociacion@gmail.com;ASOCIACIÓN DE MUJERES DIVERSAS EN RED;MUJER;2622;1.7;Servicio de información especializada sobre violencia de género;3412006002;1441
AVENIDA CASADO DEL ALISAL 32;PALENCIA;979 715400;;GERENCIA DE SERVICIOS SOCIALES DE CASTILLA Y LEÓN;INFANCIA (Y JUVENTUD);2639;30.1;Serv.protección jurídica y ejercicio tutela para la infancia en situación de desamparo;3412005006;1430
PASAJE DON BOSCO 1;VILLAMURIEL DE CERRATO;646 064222;;ASOCIACION CENTRO JUVENIL DON BOSCO;INFANCIA (Y JUVENTUD);2654;27.1;Serv. apoyo para integración sociolaboral de menores provenientes de sistemas de infancia;3422501002;1545
CALLE VITIGUDINO 13;CASTELLANOS DE MORISCOS;916 927130;prodrigo@albertia.es;ALBERTIA SERVICIOS SOCIOSANITARIOS, S.A.;PERSONAS MAYORES;2672;29.13;Servicio de atención residencial para personas mayores en situación de dependencia;3727801001;1979
CALLE DIEZ TARAVILLA 4;CIUDAD-RODRIGO;923 460693;cd.ciudadrodrigo@caritas.es;CARITAS DIOCESANA DE CIUDAD RODRIGO;INCLUSIÓN SOCIAL;2675;2.5;Servicio de valoración, orientación y planificación de caso para la inclusión social;3710703001;1689
CALLE DIEZ TARAVILLA 4;CIUDAD-RODRIGO;923 460693;cd.ciudadrodrigo@caritas.es;CARITAS DIOCESANA DE CIUDAD RODRIGO;INCLUSIÓN SOCIAL;2676;27.5;Serv. apoyo para la integración sociolaboral de personas en riesgo de exclusión social;3710703001;1689
CALLE JULITA RAMOS S/N;SALAMANCA;923 221032;salamanca@cruzroja.es;CRUZ ROJA ESPAÑOLA;INFANCIA (Y JUVENTUD);2707;26.7;Servicio de intervención educativa con menores infractores/as en medio abierto;3727405020;1950
PASEO ROBLES 12;SALAMANCA;923 019031;salamanca.acoge.presidencia@redacoge.org;ASOCIACION SALAMANCA ACOGE;INCLUSIÓN SOCIAL;2708;29.10;Servicio de alojamiento para personas sin hogar;3727405020;1950
CALLE GRANATE;SALAMANCA;607 771891;salamanca@accem.es;ACCEM;INCLUSIÓN SOCIAL;2711;29.10;Servicio de alojamiento para personas sin hogar;3727404009;1916
CALLE AZAFRANAL 18 PASAJE, LOCAL 4;SALAMANCA;923 264547;ana@ayudatesalamanca.com;AYUDATE 2009, S.L.;PERSONAS MAYORES;2712;9.4;Servicio de promoción de la relación con el entorno;3727402001;1869
CALLE MAESTRO AVILA 1 2º E;SALAMANCA;914 212133;fshc@fshijasdelacaridad.org;FUNDACIÓN SOCIAL HIJAS DE LA CARIDAD;INCLUSIÓN SOCIAL;2713;29.10;Servicio de alojamiento para personas sin hogar;3727401006;1862
AVENIDA COMUNEROS;SALAMANCA;607 771891;leon@accem.es;ACCEM;INCLUSIÓN SOCIAL;2714;29.10;Servicio de alojamiento para personas sin hogar;3727402006;1874
CALLE CRUZ ROJA 1;SALAMANCA;923 221032;salamanca@cruzroja.es;CRUZ ROJA ESPAÑOLA;(FAMILIA);2716;12.9;Serv.formación de cuidadores/as no profesionales de personas con dependencia;3727405008;1938
CALLE ESPEJO 14;SALAMANCA;923 217410;m.estilita.martin@lasalina.es;DIPUTACIÓN PROVINCIAL DE SALAMANCA;(FAMILIA);2717;12.11;Servicio integral de apoyo a las familias en riesgo de desahucio por deuda hipotecaria;3727404024;1930
CALLE ESPEJO 14;SALAMANCA;923 217410;m.estilita.martin@lasalina.es;DIPUTACIÓN PROVINCIAL DE SALAMANCA;POBLACIÓN GENERAL;2718;1.1;Servicio de información sobre derechos y recursos del sistema de servicios sociales;3727404024;1930
CALLE AZAFRANAL 18 PASAJE, LOCAL 4;SALAMANCA;923 264547;ana@ayudatesalamanca.com;AYUDATE 2009, S.L.;PERSONAS MAYORES;2719;9.2;Servicio de promoción de hábitos y estilos de vida saludables;3727402001;1869
CALLE ALMANSA 11  CENTRO MUNICIPAL LUIS VIVES;SALAMANCA;923 188478;asociaciontas@tas.org.es;ASOCIACIÓN TAS;INCLUSIÓN SOCIAL;2720;26.16;Servicio de apoyo para la inclusión social;3727402006;1874
CALLE DIEGO PISADOR S/N LOCAL;SALAMANCA;923 264539;inice@inice.es;INSTITUTO DE INVESTIGACIONES CIENTIFICAS Y ECOLOGICAS. INICE;PERSONAS MAYORES;2721;9.5;Servicio de promoción del conocimiento y la adquisición de habilidades;3727403009;1897
CALLE POLLO MARTIN 37 BAJO;SALAMANCA;923 228504;vmiguelgil@hotmail.com;RESIDENCIA NUESTRA SEÑORA DE LAS MERCEDES;PERSONAS MAYORES;2722;29.13;Servicio de atención residencial para personas mayores en situación de dependencia;3727405008;1938
CALLE SAN PATRICIO 5-7 BAJO;SALAMANCA;647 411577;notificaciones@cepaim.org;FUNDACIÓN CEPAIM - ACCIÓN INTEGRAL CON MIGRANTES;POBLACIÓN GENERAL;2724;1.1;Servicio de información sobre derechos y recursos del sistema de servicios sociales;3727401006;1862
CALLE MONTEVIDEO 10 (APARTADO DE CORREOS 1038);SALAMANCA;923 187284;escaletl@escaletl.com;ASOCIACIÓN ESCUELA CASTELLANO-LEONESA DE EDUCADORES EN EL TIEMPO LIBRE;VOLUNTARIADO;2728;1.13;Servicio de información especializada sobre voluntariado;3727402006;1874
CALLE PEÑA PRIMERA 19;SALAMANCA;923 279163;ssociales@aytosalamanca.es;AYUNTAMIENTO DE SALAMANCA;POBLACIÓN GENERAL;2730;2.1;Servicio de valoración, orientación, planificación de caso y seguimiento;3727401006;1862
CALLE CASTROVERDE 22;SALAMANCA;923 190150;gestion@saludmentalsalamanca.org;SALUD MENTAL SALAMANCA-AFEMC;PERSONAS CON DISCAPACIDAD;2731;9.3;Servicio de adquisición de competencias para la vida autónoma;3727403009;1897
CALLE CASTROVERDE 22;SALAMANCA;923 190150;gestion@saludmentalsalamanca.org;SALUD MENTAL SALAMANCA-AFEMC;PERSONAS CON DISCAPACIDAD;2734;11.6;Serv. apoyo familiar-promoción autonomía personal-situaciones de dependencia y/o discapacidad;3727403009;1897
AVENIDA FEDERICO ANAYA 62-64 P.5 3º B;SALAMANCA;607 771891;salamanca@accem.es;ACCEM;INCLUSIÓN SOCIAL;2742;29.10;Servicio de alojamiento para personas sin hogar;3727405020;1950
CALLE PAPIN 13 BAJO;SALAMANCA;923 229216;;SOCIEDAD DE SAN VICENTE DE PAUL;INCLUSIÓN SOCIAL;2751;31.1;Servicio de distribución coordinada de alimentos;3727404024;1930
CALLE RECTOR LUCENA 20, 5º G;SALAMANCA;629 138625;mariajesusiglesias@icasal.com;CONCIERTA, ASOCIACION PARA EL FOMENTO DE LA MEDIACION;INFANCIA (Y JUVENTUD);2756;12.5;Servicio de mediación gratuíta en situaciones de conflicto familiar;3727401006;1862
AVENIDA ACUEDUCTO (DEL) 28;SEGOVIA;921 463381;cyl@anar.org;FUNDACION ANAR;INFANCIA (Y JUVENTUD);2789;28.1;Serv. atención en centros de día para el apoyo a la infancia y adolescencia en riesgo;4019404001;2305
CALLE LIRIO (DEL) 5;SEGOVIA;983 218453;notificaciones@foremcyl.es;FUNDACION FORMACION Y EMPLEO DE CASTILLA Y LEON (FOREMCYL);INCLUSIÓN SOCIAL;2791;27.5;Serv. apoyo para la integración sociolaboral de personas en riesgo de exclusión social;4019404001;2305
CARRETERA RIAZA 25;SEGOVIA;687 584633;segovia@accem.es;ACCEM;INCLUSIÓN SOCIAL;2792;29.10;Servicio de alojamiento para personas sin hogar;4019407004;2331
CALLE PUENTE DE SAN LORENZO (DEL) 22 1º;SEGOVIA;635 957473;presidencia@asejare.org;ASEJARE;TOXICOMANÍAS Y ADICCIONES;2793;2.6;Servicio general de información, orientación, apoyo y seguimiento a personas drogodependientes;4019407004;2331
CALLE SAN AGUSTIN 4;SEGOVIA;921 462820;;CÁRITAS DIOCESANA DE SEGOVIA;INCLUSIÓN SOCIAL;2794;2.5;Servicio de valoración, orientación y planificación de caso para la inclusión social;4019401004;2292
CAMINO PIEDAD (LA) 10;SEGOVIA;921 440202;;CRUZ ROJA ESPAÑOLA;PERSONAS MAYORES;2795;9.4;Servicio de promoción de la relación con el entorno;4019404001;2305
CALLE ALTOS DE LA PIEDAD S/N;SEGOVIA;921 431608;segovia@asociacionamanecer.org;ASOCIACIÓN AMANECER-SALUD MENTAL SEGOVIA;PERSONAS CON DISCAPACIDAD;2796;9.1;Servicio de prevención de la situación de dependencia;4019404001;2305
CALLE PINTOR HERRERA (DEL) 2;SEGOVIA;920 352069;juntadirectiva@espavila.es;ESPAVILA, FORMACIÓN Y DESARROLLO SOCIAL;INCLUSIÓN SOCIAL;2798;27.5;Serv. apoyo para la integración sociolaboral de personas en riesgo de exclusión social;4019406005;2327
CALLE JOSE ZORRILLA 117;SEGOVIA;921 462820;caritas@caritassegovia.es;CÁRITAS DIOCESANA DE SEGOVIA;INCLUSIÓN SOCIAL;2802;31.1;Servicio de distribución coordinada de alimentos;4019401004;2292
PLAZA MAYOR 1;SORIA;975 240949;eicrespo@soria.es;AYUNTAMIENTO DE SORIA;POBLACIÓN GENERAL;2817;12.11;Servicio integral de apoyo a las familias en riesgo de desahucio por deuda hipotecaria;4217301001;2523
CALLE CABALLEROS 17;SORIA;975 101000;ssociales@dipsoria.es;DIPUTACIÓN PROVINCIAL DE SORIA;POBLACIÓN GENERAL;2818;2.1;Servicio de valoración, orientación, planificación de caso y seguimiento;4217303003;2547
CALLE CABALLEROS 1;LAGUNA DE DUERO;983 540058;servicios.sociales@lagunadeduero.org;AYUNTAMIENTO DE LAGUNA DE DUERO;INCLUSIÓN SOCIAL;2834;26.16;Servicio de apoyo para la inclusión social;4718604040;2913
CALLE OLLEROS 1;MAYORGA;618 617021;INFO@VALDECEA.COM;ASOCIACION CENTRO DE DESARROLLO RURAL VALDECEA;PERSONAS MAYORES;2837;9.4;Servicio de promoción de la relación con el entorno;4708401001;2713
CALLE OLLEROS 1;MAYORGA;618 617021;INFO@VALDECEA.COM;ASOCIACION CENTRO DE DESARROLLO RURAL VALDECEA;PERSONAS MAYORES;2838;9.3;Servicio de adquisición de competencias para la vida autónoma;4708401001;2713
CALLE SANTO DOMINGO DE GUZMAN 1;PEÑAFIEL;914 719719;progestionvalladolid@progestion.org;ASOCIACIÓN PROGESTIÓN;INCLUSIÓN SOCIAL;2842;29.10;Servicio de alojamiento para personas sin hogar;4711401002;2764
CALLE ANTONIO MONTESINOS 14;SALAMANCA;923 186859;trabajadorsocial@insolamis.org;INTEGRACIÓN SOCIO LABORAL MINUSVÁLIDOS PSÍQUICOS INSOLAMIS;PERSONAS CON DISCAPACIDAD;2875;11.6;Serv. apoyo familiar-promoción autonomía personal-situaciones de dependencia y/o discapacidad;3727402006;1874
CALLE SAN CLAUDIO 16;SALAMANCA;923 269698;caritas@caritasalamanca.org;CARITAS DIOCESANA DE SALAMANCA;TOXICOMANÍAS Y ADICCIONES;2879;2.6;Servicio general de información, orientación, apoyo y seguimiento a personas drogodependientes;3727404024;1930
AVENIDA CEDROS 53 BAJO;SALAMANCA;650 114295;;ASOCIACION SALAMANCA ACOGE;INCLUSIÓN SOCIAL;2886;1.10;Servicio de información especializada sobre inclusión social;3727405020;1950
CALLE CRISTO DE LOS MILAGROS 7-13;SALAMANCA;923 211900;;ASOCIACIÓN DE MUJERES DE SALAMANCA PLAZA MAYOR;MUJER;2891;1.6;Servicio de información especializada sobre mujer;3727402001;1869
CALLE ERAS 28;CAMPO DE SAN PEDRO;983 326401;cas@ong-cas.org;COLECTIVOS DE ACCIÓN SOLIDARIA CAS;INCLUSIÓN SOCIAL;2900;26.16;Servicio de apoyo para la inclusión social;4005501001;2148
CALLE ERAS 28;CAMPO DE SAN PEDRO;921 556218;;CODINSE - ASOCIACION COORDINADORA PARA EL DESARROLLO INTEGRAL DEL NORDESTE SEGOVIA;INCLUSIÓN SOCIAL;2902;27.5;Serv. apoyo para la integración sociolaboral de personas en riesgo de exclusión social;4005501001;2148
AVENIDA JUAN CARLOS I 45;AVILA;920 352069;juntadirectiva@espavila.es;ESPAVILA, FORMACIÓN Y DESARROLLO SOCIAL;INCLUSIÓN SOCIAL;2909;27.5;Serv. apoyo para la integración sociolaboral de personas en riesgo de exclusión social;0501906012;56
CALLE CAPITAN MENDEZ VIGO 10;AVILA;920 352732;administracion@asociacionfaema.org;FAEMA SALUD MENTAL ÁVILA;PERSONAS CON DISCAPACIDAD;2910;27.4;Servicio de apoyo para la integración sociolaboral de las personas con discapacidad;0501905004;44
CALLE PERELLO Nº 48;BARCELONA;935 160463;admin.sbes@sielbleu.es;FUNDACION SIEL BLEU ESPAÑA;PERSONAS MAYORES;2943;9.2;Servicio de promoción de hábitos y estilos de vida saludables;0000000nan;
CALLE ANTONIO BACIERO S/N;ARANDA DE DUERO;947 462004;administracion@apaceburgos.com;ASOCIACIÓN DE AFECTADOS DE PARÁLISIS CEREBRAL Y AFINES (APACE-BURGOS);PERSONAS CON DISCAPACIDAD;2946;9.1;Servicio de prevención de la situación de dependencia;0901803005;339
CALLE EUROPA 4 6º A;BURGOS;619 742712;burgos@accem.es;ACCEM;INCLUSIÓN SOCIAL;2951;29.10;Servicio de alojamiento para personas sin hogar;0905903005;392
CALLE CRUZ ROJA S/N;BURGOS;947 212311;burgos@cruzroja.es;CRUZ ROJA ESPAÑOLA;(FAMILIA);2952;12.9;Serv.formación de cuidadores/as no profesionales de personas con dependencia;0905905035;437
CALLE MARIANA PINEDA 9;BURGOS;947 238562;fundacion@aspaniasburgos.com;FUNDACIÓN ASPANIAS BURGOS;PERSONAS CON DISCAPACIDAD;2953;13.49;Serv.atención en centros a personas situación dependencia por descanso cuidador o cuidadora;0905903004;391
CALLE VICENTE ALEIXANDRE 17;BURGOS;947 205900;apgitanaburgos@gmail.com;ASOCIACIÓN DE PROMOCIÓN GITANA (APG);INCLUSIÓN SOCIAL;2954;2.5;Servicio de valoración, orientación y planificación de caso para la inclusión social;0905905035;437
AVENIDA INDEPENDENCIA 5;BURGOS;947 462004;administracion@apaceburgos.com;ASOCIACIÓN DE AFECTADOS DE PARÁLISIS CEREBRAL Y AFINES (APACE-BURGOS);PERSONAS CON DISCAPACIDAD;2955;24.11;Servicio de apoyo técnico a personas en situación de dependencia y/o discapacidad.;0905903004;391
PASEO DE LOS CUBOS 11;BURGOS;947 070664;odgestion@odsolidaria.org;FUNDACIÓN ODONTOLÓGICA SOLIDARIA;INCLUSIÓN SOCIAL;2957;10.1;Servicio de acción social comunitaria y promoción de la solidaridad;0905903004;391
AVENIDA CANTABRIA 37 BAJO;BURGOS;619 742712;burgos@accem.es;ACCEM;INCLUSIÓN SOCIAL;2958;2.5;Servicio de valoración, orientación y planificación de caso para la inclusión social;0905905035;437
CALLE CRUZ ROJA S/N;BURGOS;947 212311;burgos@cruzroja.es;CRUZ ROJA ESPAÑOLA;PERSONAS MAYORES;2959;9.2;Servicio de promoción de hábitos y estilos de vida saludables;0905905035;437
PASEO DEL ESPOLÓN 34;BURGOS;947 258600;bsocial@diputaciondeburgos.es;DIPUTACIÓN PROVINCIAL DE BURGOS;(FAMILIA);2960;12.11;Servicio integral de apoyo a las familias en riesgo de desahucio por deuda hipotecaria;0905903004;391
PASEO DEL ESPOLÓN 34;BURGOS;947 258600;bsocial@diputaciondeburgos.es;DIPUTACIÓN PROVINCIAL DE BURGOS;POBLACIÓN GENERAL;2961;1.1;Servicio de información sobre derechos y recursos del sistema de servicios sociales;0000000nan;
PASEO DEL ESPOLÓN 34;BURGOS;947 258600;bsocial@diputacióndeburgos.es;DIPUTACIÓN PROVINCIAL DE BURGOS;INCLUSIÓN SOCIAL;2962;27.5;Serv. apoyo para la integración sociolaboral de personas en riesgo de exclusión social;0000000nan;
AVENIDA DE LOS REYES CATOLICOS 51;BURGOS;;contabilidad@aclad.net;ACLAD, ATENCIÓN INTEGRAL A COLECTIVOS EN RIESGO;TOXICOMANÍAS Y ADICCIONES;2963;26.18;Serv. de orientación y asesoramiento a personas con drogodependencia con problemas jurídico;0905905020;422
CALLE VIRGEN DEL SALTERIO 4;BURGOS;629 507701;betania@adoratricesb.org;COMUNIDAD ADORATRICES BURGOS;MUJER;2964;2.3;Serv.valoración, orientación, planificación caso - situaciones de violencia de género;0905903005;392
CALLE JUAN DE PADILLA 12;BURGOS;947 223916;direccion@saludmentalburgos.org;ASOCIACIÓN PROSALUD MENTAL DE BURGOS (PROSAME);PERSONAS CON DISCAPACIDAD;2974;24.11;Servicio de apoyo técnico a personas en situación de dependencia y/o discapacidad.;0905905035;437
CALLE FEDERICO OLMEDA 9;BURGOS;947 230650;;"ASOCIACIÓN DE PERSONAS SORDAS DE BURGOS ""FRAY PEDRO PONCE DE LEÓN""";(FAMILIA);2993;12.8;Serv.apoyo familiar -promoción autonomía personal-situaciones de dependencia y/o discapacidad;0905905035;437
CALLE IGLESIA (LA) S/N.de la Iglesia, s/n.;SALGUERO DE JUARROS;947 292601;;ASOCIACIÓN CRISTIANA DE COMUNIDADES PARA LA REHABILITACIÓN DE MARGINADOS- ACCOREMA;INCLUSIÓN SOCIAL;3013;29.10;Servicio de alojamiento para personas sin hogar;0933501001;773
CALLE REYES CATOLICOS 23;MIRANDA DE EBRO;947 312801;empleo@saludmentalmiranda.com;ASOCIACIÓN AYUDA ENFERMOS MENTALES DE MIRANDA - SALUD MENTAL MIRANDA;PERSONAS CON DISCAPACIDAD;3020;27.4;Servicio de apoyo para la integración sociolaboral de las personas con discapacidad;0921904003;686
CALLE REYES CATOLICOS 23;MIRANDA DE EBRO;947 312801;saludmentalmiranda@saludmentalmiranda.com;ASOCIACIÓN AYUDA ENFERMOS MENTALES DE MIRANDA - SALUD MENTAL MIRANDA;INCLUSIÓN SOCIAL;3030;27.5;Serv. apoyo para la integración sociolaboral de personas en riesgo de exclusión social;0921904003;686
CALLE CAVA 58;PEÑARANDA DE DUERO;947 552091;rdb@riberadelldueroburgalesa.com;ASOCIACIÓN PARA EL  DESARROLLO RURAL INTEGRAL DE LA RIBERA DEL DUERO BURGALESA;MUJER;3036;1.6;Servicio de información especializada sobre mujer;0926101001;719
CALLE CAVA 58;PEÑARANDA DE DUERO;947 552091;rdb@riberadeldueroburgalesa.com;ASOCIACIÓN PARA EL  DESARROLLO RURAL INTEGRAL DE LA RIBERA DEL DUERO BURGALESA;PERSONAS MAYORES;3037;9.3;Servicio de adquisición de competencias para la vida autónoma;0926101001;719
CALLE CARDENAL CISNEROS 9;ROA DE DUERO;947 546080;direcion@saludmentalaranda.org;ASOCIACION SALUD MENTAL ARANDA;PERSONAS CON DISCAPACIDAD;3040;11.6;Serv. apoyo familiar-promoción autonomía personal-situaciones de dependencia y/o discapacidad;0932101002;763
CAMINO SANTA LUCIA;SANTIBAÑEZ-ZARZAGUDA;;;ASOCIACIÓN HUERTECO;INCLUSIÓN SOCIAL;3056;10.1;Servicio de acción social comunitaria y promoción de la solidaridad;0990201001;887
PLAZA MARQUESES DE ASTORGA 9;ASTORGA;650 573903;armabileon@gmail.com;A.R. MABI ASOCIACIÓN DE ALCOHÓLICOS REHABILITADOS MARAGATERIA Y BIERZO;TOXICOMANÍAS Y ADICCIONES;3062;2.6;Servicio general de información, orientación, apoyo y seguimiento a personas drogodependientes;2400802003;907
CALLE FRANCISCO FERNANDEZ DIEZ 30;LEON;699 838574;aladusleon@hotmail.com;ALADUS. ASOCIACIÓN LEONESA PARA EL ACOMPAÑAMIENTO DURANTE EL DUELO GESTACIONAL PERINATAL Y NEONATAL;POBLACIÓN GENERAL;3094;10.1;Servicio de acción social comunitaria y promoción de la solidaridad;2416201001;3525
CALLE GUMERSINDO AZCARATE 7;LEON;656 955843;direccioncyl@gitanos.org;FUNDACION SECRETARIADO GITANO (FSG);INCLUSIÓN SOCIAL;3096;12.10;Servicio de apoyo familiar para la inclusión social;2408903015;1019
CALLE SAN JUAN BOSCO 11;LEON;693 793528;info@cjboscoleon.org;ASOCIACION CENTRO JUVENIL DON BOSCO;INFANCIA (Y JUVENTUD);3097;27.1;Serv. apoyo para integración sociolaboral de menores provenientes de sistemas de infancia;2416201001;3525
CALLE ALFONSO IX 11-13;LEON;638 151174;coeleon@coeleon.es;FUNDACIÓN DENTAL LEONESA;INCLUSIÓN SOCIAL;3098;10.1;Servicio de acción social comunitaria y promoción de la solidaridad;2408903010;1014
AVENIDA INDEPENDENCIA 1;LEON;693 268585;gerencia@amepre.es;ASOCIACIÓN ESPAÑOLA DE MEDICINA PREVENTIVA;TOXICOMANÍAS Y ADICCIONES;3099;11.2;Servicio de prevención del consumo de drogas en el ámbito escolar;2411503001;1134
CALLE CID 24;LEON;987 252535;castillayleon@cruzroja.es;CRUZ ROJA ESPAÑOLA;VOLUNTARIADO;3101;1.13;Servicio de información especializada sobre voluntariado;2411503001;1134
CALLE CID 24;LEON;987 252535;castillayloen@cruzroja.es;CRUZ ROJA ESPAÑOLA;INFANCIA (Y JUVENTUD);3102;26.5;Servicio de apoyo a menores con conductas violentas en la familia;2411503001;1134
CALLE CAMPOS GOTICOS (LOS) 2º-9;LEON;655 191499;asociacion@sindromecontenta.com;ASOCIACIÓN SÍNDROME CONTENTA;PERSONAS CON DISCAPACIDAD;3103;1.8;Servicio de información especializada sobre discapacidad;2408908002;3508
CALLE FOTOGRAFO PEPE GRACIA S/N;LEON;987 208858;info@fpumsa.org;FUNDACIÓN POR UN MAÑANA SIN ALZHEIMER (FPUMSA);PERSONAS MAYORES;3104;9.4;Servicio de promoción de la relación con el entorno;2408908002;3508
AVENIDA ORDOÑO II 10;LEON;987 895727;;AYUNTAMIENTO DE LEÓN;POBLACIÓN GENERAL;3106;1.1;Servicio de información sobre derechos y recursos del sistema de servicios sociales;2408902010;1004
CALLE CID 24;LEON;987 252535;leon@cruzroja.es;CRUZ ROJA ESPAÑOLA;INCLUSIÓN SOCIAL;3107;27.5;Serv. apoyo para la integración sociolaboral de personas en riesgo de exclusión social;2411503001;1134
AVENIDA INDEPENDENCIA 1;LEON;693 268585;gerencia@amepre.es;ASOCIACIÓN ESPAÑOLA DE MEDICINA PREVENTIVA;POBLACIÓN GENERAL;3109;10.1;Servicio de acción social comunitaria y promoción de la solidaridad;2411503001;1134
CALLE SAN PEDRO;LEON;987 222590;ssvp@ssvp.es;SOCIEDAD DE SAN VICENTE DE PAUL;POBLACIÓN GENERAL;3112;2.1;Servicio de valoración, orientación, planificación de caso y seguimiento;2408910007;1082
CALLE ARCIPRESTE DE HITA 5 4ºC;LEON;983 456634;accionsocial@fundacioncauce.org;FUNDACION CAUCE;INCLUSIÓN SOCIAL;3114;29.10;Servicio de alojamiento para personas sin hogar;2408905008;1048
CALLE CAMPOS GOTICOS (LOS) 5 ALBERGUE ASOCIACIONES CHF;LEON;666 663364;belenaren@activosyfelices.org;ASOCIACION ACTIVOS Y FELICES;POBLACIÓN GENERAL;3115;10.1;Servicio de acción social comunitaria y promoción de la solidaridad;2408908002;3508
PLAZA SAN MARCELO 6;LEON;987 085003;derechossociales@dipuleon.es;DIPUTACIÓN PROVINCIAL DE LEÓN;POBLACIÓN GENERAL;3116;31.1;Servicio de distribución coordinada de alimentos;2408903010;1014
CALLE GRAN VIA DE SAN MARCOS 4;LEON;;;ASOCIACIÓN DE AYUDA A VÍCTIMAS DE AGRESIONES SEXUALES Y VIOLENCIA DOMÉSTICA - ADAVAS;INCLUSIÓN SOCIAL;3117;10.2;Serv.actuaciones preventivas para familias con hijos/as menores en situación de riesgo;2408903010;1014
PLAZA CORTES LEONESAS 9,1ºIZ;LEON;987 210126;gerencia@alfaem.org;ASOCIACIÓN LEONESA DE FAMILIARES Y AMIGOS DE ENFERMOS MENTALES - ALFAEM;MUJER;3123;29.5;Serv. atención integral mujeres víctimas violencia género discapacidad enfermedad mental grave;2411503001;1134
PLAZA CORTES LEONESAS 9,1ºIZQ.;LEON;987 210126;alfaem@alfaem.org;ASOCIACIÓN LEONESA DE FAMILIARES Y AMIGOS DE ENFERMOS MENTALES - ALFAEM;PERSONAS CON DISCAPACIDAD;3127;24.11;Servicio de apoyo técnico a personas en situación de dependencia y/o discapacidad.;2411503001;1134
CALLE TAMBARON S/N;LEON;968 344344;;FUNDACION DIAGRAMA - INTERVENCION PSICOSOCIAL;INFANCIA (Y JUVENTUD);3144;27.1;Serv. apoyo para integración sociolaboral de menores provenientes de sistemas de infancia;2408903015;1019
CALLE MEDICOS SIN FRONTERAS 8;PONFERRADA;987 455120;informacionph@gmail.com;FUNDACIÓN CENTRO ASTORGANO LEONÉS DE SOLIDARIDAD - CALS;TOXICOMANÍAS Y ADICCIONES;3170;11.4;Servicio de prevención del consumo de drogas en el ámbito laboral;2411502017;1133
CALLE LAGO DE CARUCEDO 2 BAJO;PONFERRADA;619 628744;jralonso@usal.es;ASOCIACIÓN EQUIPO ATENEA AUTISMO;PERSONAS CON DISCAPACIDAD;3171;18.1;Servicio de apoyo para la elaboración del proyecto de vida;2411502004;1120
CALLE LAGO DE LA BAÑA 7;PONFERRADA;651 733483;ponferrada.dependencia@gmail.com;MARÍA JESÚS CUELLAS RODRÍGUEZ;PERSONAS MAYORES;3172;29.13;Servicio de atención residencial para personas mayores en situación de dependencia;2411502004;1120
CALLE ESTEBAN DE LA PUENTE S/N;PONFERRADA;987 446600;social_director@ponferrada.org;AYUNTAMIENTO DE PONFERRADA;POBLACIÓN GENERAL;3173;2.1;Servicio de valoración, orientación, planificación de caso y seguimiento;2411501008;1112
CALLE ACACIAS (LAS) 2;PALENCIA;983 306466;;ACLAD, ATENCIÓN INTEGRAL A COLECTIVOS EN RIESGO;MUJER;3200;29.7;Serv atención especializ. mujeres/niñas víctimas trata con fines explotación sexual;4718607022;3510
AVENIDA VACCEOS (LOS) 3;PALENCIA;979 748300;aercyl@hotmail.com;ASOCIACIÓN DE EMIGRANTES RETORNADOS EN CASTILLA Y LEÓN;POBLACIÓN GENERAL;3202;1.1;Servicio de información sobre derechos y recursos del sistema de servicios sociales;3412005004;1428
CALLE ASTERIO MAÑANOS 6 BAJO;PALENCIA;979 746342;coordinadora@saludmentalpalencia.org;ASOCIACION SALUD MENTAL PALENCIA - FEAFES PALENCIA;PERSONAS MAYORES;3209;9.1;Servicio de prevención de la situación de dependencia;3412006002;1441
CALLE ASTERIO MAÑANOS 6 BAJO;PALENCIA;979 746342;coordinadora@saludmentalpalencia.org;ASOCIACION SALUD MENTAL PALENCIA - FEAFES PALENCIA;PERSONAS MAYORES;3212;9.2;Servicio de promoción de hábitos y estilos de vida saludables;3412006002;1441
CALLE FILIBERTO VILLALOBOS 1;BEJAR;923 402270;caritasbejar@caritasbejar.es;CARITAS INTERPARROQUIAL DE BÉJAR;INCLUSIÓN SOCIAL;3235;1.10;Servicio de información especializada sobre inclusión social;3715601001;1736
CALLE BOLIVAR 33;SALAMANCA;983 399643;vrojo@ymca.es;ALIANZA CRISTIANA DE JOVENES DE LA YMCA;INCLUSIÓN SOCIAL;3255;26.16;Servicio de apoyo para la inclusión social;3727405020;1950
CALLE CASTROVERDE 22;SALAMANCA;923 190150;gestion@saludmentalsalamanca.org;SALUD MENTAL SALAMANCA-AFEMC;INCLUSIÓN SOCIAL;3256;27.5;Serv. apoyo para la integración sociolaboral de personas en riesgo de exclusión social;3727403009;1897
CALLE CRISTO DE CABRERA 9;SALAMANCA;923 122741;gerencia@autismosalamanca.org;ARIADNA - ASOCIACIÓN DE PADRES Y TERAPEUTAS DE PERSONAS CON AUTISMO Y/O TRASTORNOS GENERALIZADOS DEL DESARROLLO;PERSONAS CON DISCAPACIDAD;3258;1.9;Servicio de información y orientación especializada sobre accesibilidad;3727404009;1916
CALLE VERACRUZ 2;SALAMANCA;923 019031;;ASOCIACION SALAMANCA ACOGE;INCLUSIÓN SOCIAL;3260;29.10;Servicio de alojamiento para personas sin hogar;3727403009;1897
CALLE CRUZ ROJA 1;SALAMANCA;923 21032;salamanca@cruzroja.es;CRUZ ROJA ESPAÑOLA;INCLUSIÓN SOCIAL;3261;26.16;Servicio de apoyo para la inclusión social;3727405008;1938
CALLE SAN PATRICIO 5-7 BAJO;SALAMANCA;647 411577;notificaciones@cepaim.org;FUNDACIÓN CEPAIM - ACCIÓN INTEGRAL CON MIGRANTES;MUJER;3262;27.2;Serv. apoyo para la integración sociolaboral de mujeres víctimas de violencia de género;3727401006;1862
CALLE SANTIAGO 1;SALAMANCA;923 219511;correo@casaescuelasantiagouno.es;CASA ESCUELAS PIAS SANTIAGO UNO (PP ESCOLAPIOS) DE SALAMANCA;INFANCIA (Y JUVENTUD);3263;27.1;Serv. apoyo para integración sociolaboral de menores provenientes de sistemas de infancia;3727403009;1897
CALLE ARCO 2 2º F;SALAMANCA;923 211900;info@asociacionplazamayor.es;ASOCIACIÓN DE MUJERES DE SALAMANCA PLAZA MAYOR;MUJER;3264;27.2;Serv. apoyo para la integración sociolaboral de mujeres víctimas de violencia de género;3727401006;1862
CALLE DIEGO PISADOR S/N LOCAL;SALAMANCA;923 264539;inice@inice.es;INSTITUTO DE INVESTIGACIONES CIENTIFICAS Y ECOLOGICAS. INICE;VOLUNTARIADO;3265;1.13;Servicio de información especializada sobre voluntariado;3727403009;1897
CALLE PEÑA PRIMERA 19;SALAMANCA;923 279163;ssociales@aytosalamanca.es;AYUNTAMIENTO DE SALAMANCA;(FAMILIA);3266;10.2;Serv.actuaciones preventivas para familias con hijos/as menores en situación de riesgo;3727401006;1862
AVENIDA FEDERICO ANAYA 44 3º B;SALAMANCA;923 019031;;ASOCIACION SALAMANCA ACOGE;INCLUSIÓN SOCIAL;3276;29.10;Servicio de alojamiento para personas sin hogar;3727405008;1938
CALLE PLATEROS 19, BAJO;SALAMANCA;923 121354;;ASECAL;INFANCIA (Y JUVENTUD);3283;26.2;Servicio de intervención terapéutica para niños y niñas en acogimiento;3727404009;1916
CALLE RAMÓN Y CAJAL, 5;SANTA MARTA DE TORMES;644 848609;ascbyc@gmail.com;ASOCIACIÓN SALMANTINA CONTRA EL BULLYING Y CIBERBULLYING (ASCBYC);INFANCIA (Y JUVENTUD);3288;26.7;Servicio de intervención educativa con menores infractores/as en medio abierto;3729401010;3533
CAMINO CARBAJOSA 9;SANTA MARTA DE TORMES;923 200388;;INSTITUTO SECULAR CRUZADA EVANGÉLICA;INCLUSIÓN SOCIAL;3289;29.10;Servicio de alojamiento para personas sin hogar;3729401010;3533
CALLE SAN FRANCISCO;SEGOVIA;921 060268;segovia@accem.es;ACCEM;INCLUSIÓN SOCIAL;3309;29.10;Servicio de alojamiento para personas sin hogar;4019401004;2292
AVENIDA ACUEDUCTO (DEL) 28;SEGOVIA;609 008448;INGENERO@INGENERO.ES;ASOCIACION IN GENERO (INTERCULTURALIDAD Y GENERO);MUJER;3310;1.7;Servicio de información especializada sobre violencia de género;4019405003;2317
CALLE DEHESA (LA) 6 BAJO A;SEGOVIA;921 460543;sociales.coordinador@segovia.es;AYUNTAMIENTO DE SEGOVIA;INCLUSIÓN SOCIAL;3311;29.10;Servicio de alojamiento para personas sin hogar;4019407004;2331
CALLE SAN AGUSTIN 23;SEGOVIA;921 113369;mmartinez@dipsegpvia.es;DIPUTACIÓN PROVINCIAL DE SEGOVIA;POBLACIÓN GENERAL;3312;2.1;Servicio de valoración, orientación, planificación de caso y seguimiento;4019405003;2317
CALLE SAN AGUSTIN 23;SEGOVIA;921 113369;mmartinez@dipsegovia.es;DIPUTACIÓN PROVINCIAL DE SEGOVIA;INCLUSIÓN SOCIAL;3313;27.5;Serv. apoyo para la integración sociolaboral de personas en riesgo de exclusión social;4019405003;2317
CAMINO TEJERIN (DEL) 3-5 (PARROQUIA DE SANTA TERESA);SEGOVIA;617 297752;segovia@redmadre.es;RED MADRE SEGOVIA;(FAMILIA);3314;31.1;Servicio de distribución coordinada de alimentos;4019404007;2311
CALLE RIAZA 11;SEGOVIA;664 420018;marboledag@accem.es;ACCEM;INCLUSIÓN SOCIAL;3316;29.10;Servicio de alojamiento para personas sin hogar;4019407004;2331
CALLE HERRERIA (LA) 17;SEGOVIA;;;CÁRITAS DIOCESANA DE SEGOVIA;INCLUSIÓN SOCIAL;3320;29.10;Servicio de alojamiento para personas sin hogar;4019401004;2292
CALLE CAMPO (DEL) 7;SEGOVIA;664 420018;marboledag@accem.es;ACCEM;INCLUSIÓN SOCIAL;3326;29.10;Servicio de alojamiento para personas sin hogar;4019406005;2327
CALLE CABALLEROS 17;SORIA;975 101000;ssociales@dipsoria.es;DIPUTACIÓN PROVINCIAL DE SORIA;INCLUSIÓN SOCIAL;3329;27.5;Serv. apoyo para la integración sociolaboral de personas en riesgo de exclusión social;4217303003;2547
PLAZA MAYOR 1;SORIA;975 240949;eicrespo@soria.es;AYUNTAMIENTO DE SORIA;INCLUSIÓN SOCIAL;3330;10.2;Serv.actuaciones preventivas para familias con hijos/as menores en situación de riesgo;4217301001;2523
CALLE SAN JUAN 5;SORIA;975 212455;direc.cdosoria@caritas.es;CÁRITAS DIOCESANA DE OSMA-SORIA;INCLUSIÓN SOCIAL;3331;29.10;Servicio de alojamiento para personas sin hogar;4217303003;2547
CALLE SANTO DOMINGO DE SILOS 1;SORIA;975 234650;tirigoyen@cruzroja.es;CRUZ ROJA ESPAÑOLA;INCLUSIÓN SOCIAL;3332;2.5;Servicio de valoración, orientación y planificación de caso para la inclusión social;4217301001;2523
CALLE CABALLEROS 17;SORIA;975 101000;ssociales@dipsoria.es;DIPUTACIÓN PROVINCIAL DE SORIA;POBLACIÓN GENERAL;3333;1.1;Servicio de información sobre derechos y recursos del sistema de servicios sociales;4217303003;2547
CALLE DUQUE DE AHUMADA 5;PEÑAFIEL;914 719719;progestionvalladolid@progestion.org;ASOCIACIÓN PROGESTIÓN;INCLUSIÓN SOCIAL;3355;26.16;Servicio de apoyo para la inclusión social;4711401002;2764
PASAJE MARQUESINA 15;VALLADOLID;983 399643;vrojo@ymca.es;ALIANZA CRISTIANA DE JOVENES DE LA YMCA;(FAMILIA);3357;12.1;Servicio de apoyo familiar para la protección a la infancia;4718603003;2872
CALLE TREVIÑO 74;VALLADOLID;983 591044;administracion@aspaymcyl.org;FUNDACIÓN ASPAYM CASTILLA Y LEÓN;(FAMILIA);3358;12.8;Serv.apoyo familiar -promoción autonomía personal-situaciones de dependencia y/o discapacidad;4718611042;3099
CALLE PINTOR OLIVA 5;PALENCIA;983 218453;notificaciones@foremcyl.es;FUNDACION FORMACION Y EMPLEO DE CASTILLA Y LEON (FOREMCYL);INCLUSIÓN SOCIAL;3359;27.5;Serv. apoyo para la integración sociolaboral de personas en riesgo de exclusión social;3412005013;1437
CALLE BURGOS 1;PALENCIA;979 715100;;DIPUTACIÓN PROVINCIAL DE PALENCIA;POBLACIÓN GENERAL;3360;12.11;Servicio integral de apoyo a las familias en riesgo de desahucio por deuda hipotecaria;3412005006;1430
CALLE DOÑA JUANA 9;PALENCIA;979 743035;;CÁRITAS DIOCESANA DE PALENCIA;INCLUSIÓN SOCIAL;3361;2.5;Servicio de valoración, orientación y planificación de caso para la inclusión social;3412005004;1428
CALLE SAN SILVESTRE 10-12 PORTAL 1 BAJO A;SALAMANCA;914 212133;fshc@fshijasdelacaridad.org;FUNDACIÓN SOCIAL HIJAS DE LA CARIDAD;INCLUSIÓN SOCIAL;3423;29.10;Servicio de alojamiento para personas sin hogar;3727401006;1862
CALLE CRUZ ROJA 1;SALAMANCA;923 221032;salamanca@cruzroja.es;CRUZ ROJA ESPAÑOLA;MUJER;3424;1.7;Servicio de información especializada sobre violencia de género;3727405008;1938
CALLE MONROY 2;SALAMANCA;923 269698;caritas@caritasalamanca.org;CARITAS DIOCESANA DE SALAMANCA;INCLUSIÓN SOCIAL;3426;2.5;Servicio de valoración, orientación y planificación de caso para la inclusión social;3727402001;1869
CALLE ARCO 2;SALAMANCA;914 463162;unaf@unaf.org;UNIÓN DE ASOCIACIONES FAMILIARES (UNAF);(FAMILIA);3427;12.5;Servicio de mediación gratuíta en situaciones de conflicto familiar;3727401006;1862
CALLE DIEGO PISADOR S/N LOCAL;SALAMANCA;923 264539;inice@inice.es;INSTITUTO DE INVESTIGACIONES CIENTIFICAS Y ECOLOGICAS. INICE;PERSONAS MAYORES;3428;9.2;Servicio de promoción de hábitos y estilos de vida saludables;3727403009;1897
CALLE PANDIETSA 20;VILLABLINO;987 210126;alfaem@alfaem.org;ASOCIACIÓN LEONESA DE FAMILIARES Y AMIGOS DE ENFERMOS MENTALES - ALFAEM;MUJER;3444;29.5;Serv. atención integral mujeres víctimas violencia género discapacidad enfermedad mental grave;2420201003;1252
CALLE PANDIETSA 20;VILLABLINO;987 798252;villablino@alfaem.org;ASOCIACIÓN LEONESA DE FAMILIARES Y AMIGOS DE ENFERMOS MENTALES - ALFAEM;PERSONAS CON DISCAPACIDAD;3446;9.2;Servicio de promoción de hábitos y estilos de vida saludables;2420201003;1252
CALLE PUENTE (DEL) S/N;ARENILLAS DE SAN PELAYO;979 895193;;ASOCIACION ESCUELAS CAMPESINAS DE PALENCIA, UNIVERSIDAD RURAL - EECCP;INCLUSIÓN SOCIAL;3460;1.10;Servicio de información especializada sobre inclusión social;3419001001;1522
CALLE DONADORES, Nº 24;ALMORADI;649 749195;;SEGERSAD PENINSULAR, S.L.;PERSONAS MAYORES;3476;28.3;Servicio de atención en centros de día para personas mayores en situación de dependencia;0000000nan;
AVENIDA JUAN PABLO II 20;AVILA;920 357102;;DIPUTACIÓN PROVINCIAL DE ÁVILA;INCLUSIÓN SOCIAL;3480;27.5;Serv. apoyo para la integración sociolaboral de personas en riesgo de exclusión social;0501905004;44
TRAVESIA CRUZ (DE LA) 2-1 2º DCHA.;AVILA;607 771891;avila@accem.es;ACCEM;INCLUSIÓN SOCIAL;3481;29.10;Servicio de alojamiento para personas sin hogar;0501904014;40
PLAZA SAN FRANCISCO (DE) 3;AVILA;920 224848;castillayleon@cruzroja.es;CRUZ ROJA ESPAÑOLA;PERSONAS MAYORES;3483;9.3;Servicio de adquisición de competencias para la vida autónoma;0501906012;56
PLAZA SAN FRANCISCO (DE) 3;AVILA;920 224848;castillayleon@cruzroja.es;CRUZ ROJA ESPAÑOLA;(FAMILIA);3484;12.9;Serv.formación de cuidadores/as no profesionales de personas con dependencia;0501906012;56
POLIGONO INDUSTRIAL DE VICOLOZANO C/ CHIPRE, 35   NAVE 5-6;AVILA;920 225847;carmen.lpez@asesoriaduque.com;ASOCIACIÓN BANCO DE ALIMENTOS DE ÁVILA;POBLACIÓN GENERAL;3485;31.1;Servicio de distribución coordinada de alimentos;0501906011;55
CALLE SAN JUAN DE LA CRUZ 8;AVILA;920 352340;caritas.cdavila@caritas.es;CÁRITAS DIOCESANA DE ÁVILA;INCLUSIÓN SOCIAL;3487;27.5;Serv. apoyo para la integración sociolaboral de personas en riesgo de exclusión social;0501901002;23
AVENIDA JUAN PABLO II 20;AVILA;920 357102;;DIPUTACIÓN PROVINCIAL DE ÁVILA;POBLACIÓN GENERAL;3488;12.11;Servicio integral de apoyo a las familias en riesgo de desahucio por deuda hipotecaria;0501905004;44
AVENIDA JUAN PABLO II 20;AVILA;;;DIPUTACIÓN PROVINCIAL DE ÁVILA;POBLACIÓN GENERAL;3489;2.1;Servicio de valoración, orientación, planificación de caso y seguimiento;0501905004;44
CALLE CONDE DON RAMON 15 3ºA;AVILA;666 532610;avila@accem.es;ACCEM;INCLUSIÓN SOCIAL;3494;29.10;Servicio de alojamiento para personas sin hogar;0501901002;23
CALLE CAPITAN MENDEZ VIGO 10 BAJO;AVILA;920 352732;info@asociacionfaema.org;FAEMA SALUD MENTAL ÁVILA;PERSONAS CON DISCAPACIDAD;3495;24.11;Servicio de apoyo técnico a personas en situación de dependencia y/o discapacidad.;0501905004;44
CALLE RIO TERA 17;AVILA;920 223947;admon1@fundabem.es;FUNDACIÓN ABULENSE PARA EL EMPLEO (FUNDABEM);INCLUSIÓN SOCIAL;3498;27.5;Serv. apoyo para la integración sociolaboral de personas en riesgo de exclusión social;0501906012;56
CALLE PUENTE (DEL) 30;BARCO DE AVILA (EL);920 340332;almanzor@cdrtcampos.es;CENTRO DESARROLLO RURAL ALMANZOR;INCLUSIÓN SOCIAL;3514;1.10;Servicio de información especializada sobre inclusión social;0502101001;59
CALLE CORDEL DE EXTREMADURA S/N EDIFICIO MERCADO DE GANADOS;BARCO DE AVILA (EL);620 352732;administracion@asociacionfaema.org;FAEMA SALUD MENTAL ÁVILA;PERSONAS CON DISCAPACIDAD;3516;9.3;Servicio de adquisición de competencias para la vida autónoma;0502101001;59
CALLE CORDEL DE EXTREMADURA S/N EDIFICIO MERCADO GANADO (CASTILLO TESO);BARCO DE AVILA (EL);920 352732;faemats@asociacionfaema.org;FAEMA SALUD MENTAL ÁVILA;MUJER;3517;29.5;Serv. atención integral mujeres víctimas violencia género discapacidad enfermedad mental grave;0502101001;59
CALLE PINAR (DEL) 1;BOHODON (EL);625 353486;aso.torrebanas@gmail.com;ASOCIACIÓN LAS TORREBANAS;MUJER;3523;1.6;Servicio de información especializada sobre mujer;0524201001;281
PLAZA SAN JUAN DE LA CRUZ 2;FONTIVEROS;606 975352;administracion@g2grupo.com;G2 GERIÁTRICA GRUPO, SLU;PERSONAS MAYORES;3534;29.13;Servicio de atención residencial para personas mayores en situación de dependencia;0507401001;113
CALLE PERELLO 48;BARCELONA;691 291679;ADMIN.SBES@SIELBLEU.ES;FUNDACION SIEL BLEU ESPAÑA;PERSONAS MAYORES;3561;9.2;Servicio de promoción de hábitos y estilos de vida saludables;0000000nan;
CALLE ANTONIO BACIERO S/N;ARANDA DE DUERO;947 462004;administracion@apaceburgos.com;ASOCIACIÓN DE AFECTADOS DE PARÁLISIS CEREBRAL Y AFINES (APACE-BURGOS);PERSONAS CON DISCAPACIDAD;3562;1.9;Servicio de información y orientación especializada sobre accesibilidad;0901803005;339
PLAZA SAN ESTEBAN, Nº 8;ARANDA DE DUERO;947 546080;direccion@saludmentalaranda.org;ASOCIACION SALUD MENTAL ARANDA;PERSONAS MAYORES;3563;9.2;Servicio de promoción de hábitos y estilos de vida saludables;0901803005;339
CALLE BRIVIESCA 27 3º B;BURGOS;947 268620;burgos@accem.es;ACCEM;INCLUSIÓN SOCIAL;3572;29.10;Servicio de alojamiento para personas sin hogar;0937201001;799
AVENIDA INDEPENDENCIA 5;BURGOS;974 462004;administracion@apaceburgos.com;ASOCIACIÓN DE AFECTADOS DE PARÁLISIS CEREBRAL Y AFINES (APACE-BURGOS);PERSONAS CON DISCAPACIDAD;3574;18.1;Servicio de apoyo para la elaboración del proyecto de vida;0905903004;391
CALLE VICENTE ALEIXANDRE 17;BURGOS;947 205900;apgitanaburgos@gmail.com;ASOCIACIÓN DE PROMOCIÓN GITANA (APG);INCLUSIÓN SOCIAL;3575;1.10;Servicio de información especializada sobre inclusión social;0905905035;437
CALLE FEDERICO OLMEDA 1;BURGOS;947 238562;fundacion@aspaniasburgos.com;FUNDACIÓN ASPANIAS BURGOS;INCLUSIÓN SOCIAL;3576;27.5;Serv. apoyo para la integración sociolaboral de personas en riesgo de exclusión social;0905905035;437
CALLE CRUZ ROJA S/N;BURGOS;947 212311;burgos@cruzroja.es;CRUZ ROJA ESPAÑOLA;INFANCIA (Y JUVENTUD);3577;26.7;Servicio de intervención educativa con menores infractores/as en medio abierto;0905905035;437
PASEO DE LOS COMENDADORES 2 (HOSPITAL MILITAR);BURGOS;947 279750;info@parkinsonburgos.org;ASOCIACIÓN PARKINSON BURGOS;(FAMILIA);3578;12.8;Serv.apoyo familiar -promoción autonomía personal-situaciones de dependencia y/o discapacidad;0905903005;392
AVENIDA INDEPENDENCIA 5;BURGOS;947 462004;administracion@apaceburgos.com;ASOCIACIÓN DE AFECTADOS DE PARÁLISIS CEREBRAL Y AFINES (APACE-BURGOS);(FAMILIA);3580;12.8;Serv.apoyo familiar -promoción autonomía personal-situaciones de dependencia y/o discapacidad;0905903004;391
CALLE CABESTREROS 2C;BURGOS;947 205127;larueda@laruedaburgos.org;ASOCIACIÓN PARA LA DEFENSA DE LA MUJER LA RUEDA;MUJER;3582;1.6;Servicio de información especializada sobre mujer;0905903004;391
AVENIDA CASTILLA Y LEON 34;BURGOS;947 232303;burgos.acoge@redacoge.org;ASOCIACIÓN BURGOS ACOGE;INCLUSIÓN SOCIAL;3583;27.5;Serv. apoyo para la integración sociolaboral de personas en riesgo de exclusión social;0905905035;437
CALLE CLUNIA 8 7º D;BURGOS;947 268620;burgos@accem.es;ACCEM;INCLUSIÓN SOCIAL;3589;29.10;Servicio de alojamiento para personas sin hogar;0905905020;422
AVENIDA CANTABRIA 51 7º F2;BURGOS;947 268620;burgos@accem.es;ACCEM;INCLUSIÓN SOCIAL;3590;29.10;Servicio de alojamiento para personas sin hogar;0905905035;437
CALLE SAGRADA FAMILIA 27-8º DCHA;BURGOS;947 268620;burgos@accem.es;ACCEM;INCLUSIÓN SOCIAL;3591;29.10;Servicio de alojamiento para personas sin hogar;0905905035;437
CALLE RODRIGUEZ DE VALCARCEL 4;HUERTA DE REY;947 546080;direccion@saludmentalaranda.org;ASOCIACION SALUD MENTAL ARANDA;PERSONAS CON DISCAPACIDAD;3633;11.6;Serv. apoyo familiar-promoción autonomía personal-situaciones de dependencia y/o discapacidad;0917401001;618
CALLE RODRIGUEZ DE VALCARCEL 4;HUERTA DE REY;947 546080;direccion@saludmentalaranda.org;ASOCIACION SALUD MENTAL ARANDA;PERSONAS CON DISCAPACIDAD;3634;24.11;Servicio de apoyo técnico a personas en situación de dependencia y/o discapacidad.;0917401001;618
CALLE RIBABELLOSA SN;MIRANDA DE EBRO;;mgarcia@valkiria.org;ASOCIACIÓN VALKIRIA;PERSONAS CON DISCAPACIDAD;3641;1.8;Servicio de información especializada sobre discapacidad;0921904003;686
CALLE ALMACENES 18 BAJO;MIRANDA DE EBRO;947 332355;secretaria@aspodemi.es;ASPODEMI. ASOCIACION  DE PADRES Y FAMILIARES  DE PERSONAS CON DISCAPACIDAD INTELECTUAL DE  MIRANDA DE EBRO;PERSONAS CON DISCAPACIDAD;3642;28.2;Servicio de atención en centros de día para personas con discapacidad;0921904003;686
AVENIDA REPUBLICA ARGENTINA 93;MIRANDA DE EBRO;947 349100;;AYUNTAMIENTO DE MIRANDA DE EBRO;(FAMILIA);3643;12.11;Servicio integral de apoyo a las familias en riesgo de desahucio por deuda hipotecaria;0921904003;686
CALLE CAVA 58;PEÑARANDA DE DUERO;947 552091;rdb@riberadeldueroburgalesa.com;ASOCIACIÓN PARA EL  DESARROLLO RURAL INTEGRAL DE LA RIBERA DEL DUERO BURGALESA;TOXICOMANÍAS Y ADICCIONES;3651;27.5;Servicio de formación y apoyo para la integración sociolaboral d personas con drogodependencia;0926101001;719
PLAZA DE LOS MARQUESES 9,BAJO;ASTORGA;987 099030;astorga@alfaem.org;ASOCIACIÓN LEONESA DE FAMILIARES Y AMIGOS DE ENFERMOS MENTALES - ALFAEM;PERSONAS CON DISCAPACIDAD;3672;24.11;Servicio de apoyo técnico a personas en situación de dependencia y/o discapacidad.;2400802003;907
PLAZA DE LOS MARQUESES 9,BAJO;ASTORGA;987 099030;astorga@alfaem.org;ASOCIACIÓN LEONESA DE FAMILIARES Y AMIGOS DE ENFERMOS MENTALES - ALFAEM;PERSONAS CON DISCAPACIDAD;3673;9.5;Servicio de promoción del conocimiento y la adquisición de habilidades;2400802003;907
AVENIDA REINO DE LEON 12;LEON;987 261449;info@isadoraduncan.es;FUNDACIÓN DE FAMILIAS MONOPARENTALES ISADORA DUNCAN;INCLUSIÓN SOCIAL;3690;12.10;Servicio de apoyo familiar para la inclusión social;2408910005;1080
CALLE CID 24;LEON;987 252535;castillayleon@cruzroja.es;CRUZ ROJA ESPAÑOLA;INFANCIA (Y JUVENTUD);3692;26.7;Servicio de intervención educativa con menores infractores/as en medio abierto;2411503001;1134
AVENIDA INDEPENDENCIA 1;LEON;693 268585;gerencia@amepre.es;ASOCIACIÓN ESPAÑOLA DE MEDICINA PREVENTIVA;INCLUSIÓN SOCIAL;3694;10.2;Serv.actuaciones preventivas para familias con hijos/as menores en situación de riesgo;2411503001;1134
CALLE GRAN VIA DE SAN MARCOS 4-1º OFICINA 1;LEON;987 230062;adavasleon@adavas.org;ASOCIACIÓN DE AYUDA A VÍCTIMAS DE AGRESIONES SEXUALES Y VIOLENCIA DOMÉSTICA - ADAVAS;MUJER;3695;1.6;Servicio de información especializada sobre mujer;2408903010;1014
AVENIDA REINO DE LEON 12;LEON;987 261449;info@isadoraduncan.es;FUNDACIÓN DE FAMILIAS MONOPARENTALES ISADORA DUNCAN;INCLUSIÓN SOCIAL;3698;1.10;Servicio de información especializada sobre inclusión social;2408910005;1080
CALLE SIERRA PAMBLEY 6;LEON;987 218617;caritas@caritasdeleon.org;CARITAS DIOCESANA DE LEÓN;INCLUSIÓN SOCIAL;3699;2.5;Servicio de valoración, orientación y planificación de caso para la inclusión social;2411503001;1134
CALLE SAN GUILLERMO 31 3A;LEON;687 584633;leon@accem.es;ACCEM;INCLUSIÓN SOCIAL;3700;29.10;Servicio de alojamiento para personas sin hogar;2408910005;1080
CALLE CAMPOS GOTICOS (LOS) 3;LEON;987 209764;coordinacion@asociacionaurin.org;"ASOCIACION JUVENIL ""AURYN""";INFANCIA (Y JUVENTUD);3701;27.1;Serv. apoyo para integración sociolaboral de menores provenientes de sistemas de infancia;2408908002;3508
AVENIDA ORDOÑO II 10;LEON;987 895500;juanjose.compadre@jcyl.es;AYUNTAMIENTO DE LEÓN;INCLUSIÓN SOCIAL;3704;31.1;Servicio de distribución coordinada de alimentos;2408902010;1004
CALLE CID 24;LEON;987 252535;castillayleon@cruzroja.es;CRUZ ROJA ESPAÑOLA;MUJER;3706;2.3;Serv.valoración, orientación, planificación caso - situaciones de violencia de género;2411503001;1134
PLAZA SAN MARCELO 6;LEON;987 085003;deerechossociales@dipuleon.es;DIPUTACIÓN PROVINCIAL DE LEÓN;POBLACIÓN GENERAL;3707;2.1;Servicio de valoración, orientación, planificación de caso y seguimiento;2408903010;1014
CALLE CAMPOS GOTICOS (LOS) 3;LEON;987 209764;coordinacion@asociacionauryn.org;"ASOCIACION JUVENIL ""AURYN""";TOXICOMANÍAS Y ADICCIONES;3708;11.3;Serv. de prevención del consumo de drogas y de disminución de los riesgos en menores y jóvenes;2408908002;3508
AVENIDA JOSE AGUADO 2;LEON;987 248363;secretaria@arleleon.org;ASOCIACIÓN PROVINCIAL DE ALCOHÓLICOS REHABILITADOS DE LEÓN (ARLE);INCLUSIÓN SOCIAL;3716;29.10;Servicio de alojamiento para personas sin hogar;2408908002;3508
PLAZA DE LAS CORTES LEONESAS 9,1ºIZQ;LEON;987 210126;gerencia@alfaem.org;ASOCIACIÓN LEONESA DE FAMILIARES Y AMIGOS DE ENFERMOS MENTALES - ALFAEM;PERSONAS CON DISCAPACIDAD;3717;9.2;Servicio de promoción de hábitos y estilos de vida saludables;2411503001;1134
CALLE SAN ANTONIO (GRUPO ESCOLAR CERVANTES S/N;LEON;987 084948;amidown@amidown.org;DOWN LEÓN - AMIDOWN - ASOCIACIÓN AMIGOS SÍNDROME DE DOWN;PERSONAS CON DISCAPACIDAD;3725;11.6;Serv. apoyo familiar-promoción autonomía personal-situaciones de dependencia y/o discapacidad;2408903015;1019
CALLE MEDICOS SIN FRONTERAS 8;PONFERRADA;987 455120;informacionph@gmail.com;FUNDACIÓN CENTRO ASTORGANO LEONÉS DE SOLIDARIDAD - CALS;INCLUSIÓN SOCIAL;3767;2.6;Serv.general de información, orientación, apoyo y seguimiento a personas drogodependientes;2411502017;1133
CALLE REAL 63;PONFERRADA;669 017804;director@caritasastorga.com;CARITAS DIOCESANA DE ASTORGA;INCLUSIÓN SOCIAL;3769;27.5;Serv. apoyo para la integración sociolaboral de personas en riesgo de exclusión social;2411502004;1120
AVENIDA LIBERTAD (LA) 31;PONFERRADA;669 017804;director@caritasastorga.com;CARITAS DIOCESANA DE ASTORGA;INCLUSIÓN SOCIAL;3770;1.10;Servicio de información especializada sobre inclusión social;2411502004;1120
CALLE MEDICOS SIN FRONTERAS 8;PONFERRADA;987 455120;informacionph@gmail.com;FUNDACIÓN CENTRO ASTORGANO LEONÉS DE SOLIDARIDAD - CALS;MUJER;3771;29.6;Serv. atención integral a mujeres drogodependientes en situación de violencia de género;2411502017;1133
AVENIDA LIBERTAD (LA) Nº 31;PONFERRADA;987 423578;info@bedabierzo.org;BERGIDUM EX DEPENDIENTES ASOCIADOS;TOXICOMANÍAS Y ADICCIONES;3773;2.6;Servicio general de información, orientación, apoyo y seguimiento a personas drogodependientes;2411501012;1116
CALLE PICONES (LOS) S/N;SAN ANDRES DEL RABANEDO;987 844318;ssociales@aytosanandres.es;AYUNTAMIENTO DE SAN ANDRÉS DEL RABANEDO;POBLACIÓN GENERAL;3786;1.1;Servicio de información sobre derechos y recursos del sistema de servicios sociales;2414202013;1188
CALLE PICONES (LOS) S/N;SAN ANDRES DEL RABANEDO;987 844318;ssociales@aytosanandres.es;AYUNTAMIENTO DE SAN ANDRÉS DEL RABANEDO;POBLACIÓN GENERAL;3787;2.1;Servicio de valoración, orientación, planificación de caso y seguimiento;2414202013;1188
CALLE BURGOS;PALENCIA;979 715100;;DIPUTACIÓN PROVINCIAL DE PALENCIA;POBLACIÓN GENERAL;3804;2.1;Servicio de valoración, orientación, planificación de caso y seguimiento;3412005006;1430
CALLE CRUZ ROJA (DE LA) 5;PALENCIA;689 662599;;CRUZ ROJA ESPAÑOLA;MUJER;3805;2.3;Serv.valoración, orientación, planificación caso - situaciones de violencia de género;3412005004;1428
PLAZA MARIANO TIMON (DE) S/N;PALENCIA;670 903890;;AYUNTAMIENTO DE PALENCIA;(FAMILIA);3806;10.2;Serv.actuaciones preventivas para familias con hijos/as menores en situación de riesgo;3412006002;1441
CALLE CRUZ ROJA (DE LA) 5;PALENCIA;689 662599;;CRUZ ROJA ESPAÑOLA;PERSONAS MAYORES;3808;9.4;Servicio de promoción de la relación con el entorno;3412005004;1428
CALLE ACACIAS (LAS) 2;PALENCIA;983 306466;;ACLAD, ATENCIÓN INTEGRAL A COLECTIVOS EN RIESGO;MUJER;3809;2.3;Serv.valoración, orientación, planificación caso - situaciones de violencia de género;3412005004;1428
PLAZA MARIANO TIMON (DE) S/N;PALENCIA;979 7528537;;AYUNTAMIENTO DE PALENCIA;POBLACIÓN GENERAL;3810;12.11;Servicio integral de apoyo a las familias en riesgo de desahucio por deuda hipotecaria;3412006002;1441
CALLE ACACIAS (LAS) 2;PALENCIA;983 306599;gestion@aclad.net;ACLAD, ATENCIÓN INTEGRAL A COLECTIVOS EN RIESGO;TOXICOMANÍAS Y ADICCIONES;3813;2.6;Servicio general de información, orientación, apoyo y seguimiento a personas drogodependientes;3412005004;1428
CALLE VALENTIN CALDERON 2;PALENCIA;979 706109;;GERENCIA DE SERVICIOS SOCIALES DE CASTILLA Y LEÓN;POBLACIÓN GENERAL;3833;1.1;Servicio de información sobre derechos y recursos del sistema de servicios sociales;3412005006;1430
CALLE FILIBERTO VILLALOBOS 1;BEJAR;923 402270;caritasbejar@caritasbejar.es;CARITAS INTERPARROQUIAL DE BÉJAR;INCLUSIÓN SOCIAL;3870;2.5;Servicio de valoración, orientación y planificación de caso para la inclusión social;3715601001;1736
AVENIDA ESPAÑA 22;CIUDAD-RODRIGO;679 427326;andressanjose@icloud.com;ANDRÉS SAN JOSÉ VICENTE;PERSONAS MAYORES;3879;29.13;Servicio de atención residencial para personas mayores en situación de dependencia;3710703001;1689
CALLE SANTA CATALINA 72;FUENTEGUINALDO;660 995622;pacocrespo1965@icloud.com;RESIDENCIAS EXTREMEÑAS DE MAYORES, S.L.;PERSONAS MAYORES;3883;29.13;Servicio de atención residencial para personas mayores en situación de dependencia;3713601001;1717
CALLE AZAFRANAL 18 PASAJE, LOCAL 4;SALAMANCA;923 264547;ana@ayudatesalamanca.com;AYUDATE 2009, S.L.;PERSONAS MAYORES;3909;9.3;Servicio de adquisición de competencias para la vida autónoma;3727402001;1869
CALLE CRUZ ROJA 1;SALAMANCA;923 221032;salamanca@cruzroja.es;CRUZ ROJA ESPAÑOLA;PERSONAS MAYORES;3910;9.4;Servicio de promoción de la relación con el entorno;3727405008;1938
CALLE ESPEJO 14;SALAMANCA;923 217410;m.estilita.martin@lasalina.es;DIPUTACIÓN PROVINCIAL DE SALAMANCA;(FAMILIA);3911;10.2;Serv.actuaciones preventivas para familias con hijos/as menores en situación de riesgo;3727404024;1930
CALLE MAESTRO TARREGA 6;SALAMANCA;696 795240;vrojo@ymca.es;ALIANZA CRISTIANA DE JOVENES DE LA YMCA;INCLUSIÓN SOCIAL;3912;29.10;Servicio de alojamiento para personas sin hogar;3727403009;1897
AVENIDA CEDROS 30 LOCAL BAJO;SALAMANCA;637 364949;administracion@atulado.com.es;ATULADO AYUDA ASISTENCIAL, S.L.U.;PERSONAS MAYORES;3913;29.13;Servicio de atención residencial para personas mayores en situación de dependencia;3727405020;1950
CALLE ARIAS PINEL 31;SALAMANCA;923 220171;MERSAEL@MSN.COM;ASOCIACIÓN DE MUJERES RURALES DE SALAMANCA - ADEMUR;MUJER;3914;1.6;Servicio de información especializada sobre mujer;3727402006;1874
CALLE AZAFRANAL 18 PASAJE, LOCAL 4;SALAMANCA;923 264547;ana@ayudatesalamanca.com;AYUDATE 2009, S.L.;PERSONAS MAYORES;3918;9.5;Servicio de promoción del conocimiento y la adquisición de habilidades;3727402001;1869
CALLE SAN PATRICIO 5-7 BAJO;SALAMANCA;647 411577;info@cepaim.org;FUNDACIÓN CEPAIM - ACCIÓN INTEGRAL CON MIGRANTES;INCLUSIÓN SOCIAL;3923;27.5;Serv. apoyo para la integración sociolaboral de personas en riesgo de exclusión social;3727401006;1862
CALLE SEXMEROS 2;SALAMANCA;986 046441;zairalarriba@fundacionimpulsarse.es;FUNDACIÓN IMPULSARSE PARA EL DESARROLLO DEL EMPLEO Y LA INTEGRACIÓN SOCIAL;INCLUSIÓN SOCIAL;3925;27.5;Serv. apoyo para la integración sociolaboral de personas en riesgo de exclusión social;3727402001;1869
CALLE FERNANDO DE LA PEÑA 19 4º D;SALAMANCA;607 771891;salamanca@accem.es;ACCEM;INCLUSIÓN SOCIAL;3937;29.10;Servicio de alojamiento para personas sin hogar;3727405020;1950
CALLE MAESTRO ALBENIZ 1 2º I;SALAMANCA;650 114295;;ASOCIACION SALAMANCA ACOGE;INCLUSIÓN SOCIAL;3951;29.10;Servicio de alojamiento para personas sin hogar;3727403009;1897
CALLE PLATEROS 19, BAJO;SALAMANCA;923 121354;;ASECAL;INFANCIA (Y JUVENTUD);3961;26.7;Servicio de intervención educativa con menores infractores/as en medio abierto;3727404009;1916
CALLE CASTILLO 1;SAN ESTEBAN DE LA SIERRA;923 435300;asociacionasam1@gmail.com;ASOCIACION SALMANTINA DE AGRICULTURA DE MONTAÑA (ASAM);INCLUSIÓN SOCIAL;3972;1.10;Servicio de información especializada sobre inclusión social;3728401001;1985
CAMINO CARBAJOSA 9;SANTA MARTA DE TORMES;923 200388;;INSTITUTO SECULAR CRUZADA EVANGÉLICA;INCLUSIÓN SOCIAL;3979;26.16;Servicio de apoyo para la inclusión social;3729401010;3533
CALLE CAÑADA MARI GARCIA 9;ESPINAR (EL);921 524984;admon-segovia@cesal.org;CESAL;INCLUSIÓN SOCIAL;4009;27.5;Serv. apoyo para la integración sociolaboral de personas en riesgo de exclusión social;4007603001;2180
CALLE TERMINILLO (DEL);SEGOVIA;921 619985;segovia@accem.es;ACCEM;INCLUSIÓN SOCIAL;4029;29.10;Servicio de alojamiento para personas sin hogar;4019407004;2331
CALLE SAN FRANCISCO 58;SEGOVIA;983 307083;info@redincola.org;FUNDACION RED INCOLA;INCLUSIÓN SOCIAL;4030;27.5;Serv. apoyo para la integración sociolaboral de personas en riesgo de exclusión social;4019401004;2292
CALLE CAMINO DE LA PIEDAD 10;SEGOVIA;921 440202;segovia@cruzroja.es;CRUZ ROJA ESPAÑOLA;INCLUSIÓN SOCIAL;4031;10.1;Servicio de acción social comunitaria y promoción de la solidaridad;4019404001;2305
CAMINO PIEDAD (LA) 10;SEGOVIA;921 440202;segovia@cruzroja.es;CRUZ ROJA ESPAÑOLA;(FAMILIA);4033;12.9;Serv.formación de cuidadores/as no profesionales de personas con dependencia;4019404001;2305
CALLE PUENTE DE SAN LORENZO (DEL) 22;SEGOVIA;921 433269;a.r.seg@hotmail.com;ASOCIACIÓN DE ALCOHÓLICOS REHABILITADOS DE SEGOVIA;TOXICOMANÍAS Y ADICCIONES;4035;2.6;Servicio general de información, orientación, apoyo y seguimiento a personas drogodependientes;4019407004;2331
CARRETERA LOSA (LA) S/N;ORTIGOSA DEL MONTE;983 571000;;APRENDE A VIVIR ORTIGOSA S.L.;PERSONAS MAYORES;4050;29.13;Servicio de atención residencial para personas mayores en situación de dependencia;4090101001;2366
CALLE SANTO DOMINGO DE SILOS 1 SEDE CRUZ ROJA SORIA;SORIA;975 234650;tirigoyen@cruzroja.es;CRUZ ROJA ESPAÑOLA;MUJER;4062;1.7;Servicio de información especializada sobre violencia de género;4217301001;2523
CALLE CABALLEROS 17;SORIA;975 101000;ssociales@dipsoria.es;DIPUTACIÓN PROVINCIAL DE SORIA;(FAMILIA);4063;10.2;Serv.actuaciones preventivas para familias con hijos/as menores en situación de riesgo;4217303003;2547
CALLE SANTO DOMINGO DE SILOS 1;SORIA;975 234650;tirigoyen@cruzroja.es;CRUZ ROJA ESPAÑOLA;INCLUSIÓN SOCIAL;4064;26.16;Servicio de apoyo para la inclusión social;4217301001;2523
CALLE VENERABLE CARABANTES 9-11;SORIA;677 402883;;ARESO ASOCIACIÓN DE ALCOHÓLICOS REHABILITADOS PROVINICIA DE SORIA;TOXICOMANÍAS Y ADICCIONES;4066;2.6;Servicio general de información, orientación, apoyo y seguimiento a personas drogodependientes;4217303003;2547
POLIGONO INDUSTRIAL LAS CASAS, CALLE I, PARCELA 236;SORIA;975 200010;balso.soria@balso.es;ASOCIACIÓN BANCO DE ALIMENTOS DE SORIA;POBLACIÓN GENERAL;4078;31.1;Servicio de distribución coordinada de alimentos;4217302012;2542
CALLE DONANTES DE SANGRE 2;CAMPASPERO;653 150408;asaliagerencia@gmail.com;SG CAMPASPERO,S.L.;PERSONAS MAYORES;4083;29.13;Servicio de atención residencial para personas mayores en situación de dependencia;4703001001;2633
CALLE OLLEROS 1;MAYORGA;983 751568;INFO@VALDECEA.COM;ASOCIACION CENTRO DE DESARROLLO RURAL VALDECEA;INCLUSIÓN SOCIAL;4090;1.10;Servicio de información especializada sobre inclusión social;4708401001;2713
CALLE MAYOR 4;TORDEHUMOS;983 393323;cdrsequillo@telerfonica.net;ASOCIACION CENTRO DE DESARROLLO RURAL EL SEQUILLO;INCLUSIÓN SOCIAL;4105;2.5;Servicio de valoración, orientación y planificación de caso para la inclusión social;4716401001;2819
CALLE MAYOR 4;TORDEHUMOS;983 393323;cdrsequillo@telefonica.net;ASOCIACION CENTRO DE DESARROLLO RURAL EL SEQUILLO;INCLUSIÓN SOCIAL;4106;1.10;Servicio de información especializada sobre inclusión social;4716401001;2819
CALLE FRAILES 6;VALDESTILLAS;983 455235;administracion@articulo1consultores.com;RESIDENCIA DE ANCIANOS TORRE DE ESPERANZA S.L.;PERSONAS MAYORES;4112;29.13;Servicio de atención residencial para personas mayores en situación de dependencia;4718201001;2847
PLAZA MAYOR 22;VALLADOLID;615 680872;INFO@FECYLDACE.ORG;FEDERACIÓN DE CASTILLA Y LEÓN DE DAÑO CEREBRAL ADQUIRIDO (FECYLDACE);PERSONAS CON DISCAPACIDAD;4113;11.6;Serv. apoyo familiar-promoción autonomía personal-situaciones de dependencia y/o discapacidad;4718601001;2851
CALLE MAGALLANES 21;VALLADOLID;;asociacionamap@gmail.com;ASOCIACIÓN AMAP - ASOC MUNDIAL PARA LA AYUDA DE LOS PUEBLOS NECESITADOS;INCLUSIÓN SOCIAL;4114;26.16;Servicio de apoyo para la inclusión social;4718611028;3086
AVENIDA GLORIA FUERTES 35;VALLADOLID;983 843879;gerencia@rugbyelsalvador.com;FUNDACIÓN EL SALVADOR DE RUGBY;POBLACIÓN GENERAL;4115;10.1;Servicio de acción social comunitaria y promoción de la solidaridad;4718610051;3056
CALLE MARINA DE ESCOBAR 3;VALLADOLID;981 269955;meninos@meninos.org;FUNDACIÓN MENIÑOS;POBLACIÓN GENERAL;4116;1.1;Servicio de información sobre derechos y recursos del sistema de servicios sociales;4718601001;2851
AVENIDA RAMON Y CAJAL 5;VALLADOLID;;;DIPUTACION PROVINCIAL DE VALLADOLID;POBLACIÓN GENERAL;4117;12.11;Servicio integral de apoyo a las familias en riesgo de desahucio por deuda hipotecaria;4718609001;3001
CALLE FUENTE EL SOL 2;VALLADOLID;983 371279;info@coceder.org;CONFEDERACIÓN DE CENTROS DE DESARROLLO RURAL (COCEDER);VOLUNTARIADO;4119;1.13;Servicio de información especializada sobre voluntariado;4718610001;3514
AVENIDA EURO 7;VALLADOLID;616 980081;beatriz.sedano@formacal.com;FORMACAL S.L.;PERSONAS MAYORES;4120;9.2;Servicio de promoción de hábitos y estilos de vida saludables;4718610001;3514
AVENIDA EURO 7;VALLADOLID;616 980081;beatriz.sedano@formacal.com;FORMACAL S.L.;PERSONAS MAYORES;4122;9.1;Servicio de prevención de la situación de dependencia;4718610001;3514
AVENIDA EURO 7;VALLADOLID;983 330603;beatriz.sedano@formacal.com;FORMACAL S.L.;PERSONAS MAYORES;4123;9.4;Servicio de promoción de la relación con el entorno;4718610001;3514
CALLE MIGUEL RUIZ DE TEMIÑO 3;VALLADOLID;983 306599;contabilidad@aclad.net;ACLAD, ATENCIÓN INTEGRAL A COLECTIVOS EN RIESGO;POBLACIÓN GENERAL;4129;29.9;Serv.atención residencial cuidados sociales y sanitarios, personas situación convalecencia;4718607022;3510
CALLE SAN BENITO Nº 1;VALLADOLID;;sints@ava.es;AYUNTAMIENTO DE VALLADOLID;INCLUSIÓN SOCIAL;4132;10.2;Serv.actuaciones preventivas para familias con hijos/as menores en situación de riesgo;4718609001;3001
AVENIDA EURO 7;VALLADOLID;983 330603;beatriz.sedano@formacal.com;FORMACAL S.L.;PERSONAS MAYORES;4134;9.4;Servicio de promoción de la relación con el entorno;4718610001;3514
AVENIDA EURO 7;VALLADOLID;983 330603;beatriz.sedano@formacal.com;FORMACAL S.L.;PERSONAS MAYORES;4135;9.4;Servicio de promoción de la relación con el entorno;4718610001;3514
CALLE POLVORA 6;VALLADOLID;983 132828;valladolid@cruzroja.es;CRUZ ROJA ESPAÑOLA;MUJER;4136;1.7;Servicio de información especializada sobre violencia de género;4718607005;2957
AVENIDA EURO 7;VALLADOLID;983 330603;beatriz.sedano@formacal.com;FORMACAL S.L.;PERSONAS MAYORES;4137;9.5;Servicio de promoción del conocimiento y la adquisición de habilidades;4718610001;3514
PASEO CAUCE 92 BAJO;VALLADOLID;983 307047;castillaleon@scout.es;ASDE-EXPLORADORES DE CASTILLA Y LEÓN;POBLACIÓN GENERAL;4140;10.1;Servicio de acción social comunitaria y promoción de la solidaridad;4718604040;2913
CALLE POLVORA 6;VALLADOLID;983 132828;valladolid@cruzroja.es;CRUZ ROJA ESPAÑOLA;INCLUSIÓN SOCIAL;4142;26.16;Servicio de apoyo para la inclusión social;4718607005;2957
CALLE PAJARILLOS 1;VALLADOLID;983 302823;info@calestecasaj.org;ASOCIACION CASA DE JUVENTUD ALESTE;INCLUSIÓN SOCIAL;4145;10.1;Servicio de acción social comunitaria y promoción de la solidaridad;4718604040;2913
CALLE POLVORA 6;VALLADOLID;983 132828;;CRUZ ROJA ESPAÑOLA;PERSONAS MAYORES;4146;9.3;Servicio de adquisición de competencias para la vida autónoma;4718602012;2864
CALLE SANTUARIO Nº 24 BIS;VALLADOLID;983 202301;;CARITAS DIOCESANA DE VALLADOLID;TOXICOMANÍAS Y ADICCIONES;4149;2.6;Servicio general de información, orientación, apoyo y seguimiento a personas drogodependientes;4718605002;2916
AVENIDA VALLE DE ESGUEVA Nº 8 BAJO;VALLADOLID;983 310285;atra.valladolid@gmail.com;ASOCIACIÓN PARA EL TRATAMIENTO Y REHABILITACIÓN DEL ALCOHOLISMO (ATRA);TOXICOMANÍAS Y ADICCIONES;4150;2.6;Servicio general de información, orientación, apoyo y seguimiento a personas drogodependientes;4718607022;3510
CALLE PUENTE LA REINA Nº 10;VALLADOLID;983 306466;;ACLAD, ATENCIÓN INTEGRAL A COLECTIVOS EN RIESGO;TOXICOMANÍAS Y ADICCIONES;4153;2.6;Servicio general de información, orientación, apoyo y seguimiento a personas drogodependientes;4718607022;3510
CALLE CARDENAL TORQUEMADA Nº15 BAJO C;VALLADOLID;697 117270;valladolid@accem.es;ACCEM;INCLUSIÓN SOCIAL;4155;29.10;Servicio de alojamiento para personas sin hogar;4718608036;3511
CALLE PANADEROS Nº 70 5º B;VALLADOLID;697 117270;valladolid@accem.es;ACCEM;INCLUSIÓN SOCIAL;4156;29.10;Servicio de alojamiento para personas sin hogar;4718603003;2872
CALLE TAJAHIERRO S/N;VALLADOLID;983 356908;direccion@elpuentesaludmental.org;FEAFES VALLADOLID EL PUENTE;MUJER;4157;29.5;Serv. atención integral mujeres víctimas violencia género discapacidad enfermedad mental grave;4718610001;3514
PLAZA ESPAÑA 12;VALLADOLID;983 307083;;FUNDACION RED INCOLA;INCLUSIÓN SOCIAL;4162;1.10;Servicio de información especializada sobre inclusión social;4718601001;2851
CALLE AURORA 10;VALLADOLID;914 719719;progestionvalladolid@progestion.org;ASOCIACIÓN PROGESTIÓN;INCLUSIÓN SOCIAL;4169;29.10;Servicio de alojamiento para personas sin hogar;4718611028;3086
CALLE DOS DE MAYO 14-16;VALLADOLID;983 215205;;GERENCIA DE SERVICIOS SOCIALES DE CASTILLA Y LEÓN;POBLACIÓN GENERAL;4179;1.1;Servicio de información sobre derechos y recursos del sistema de servicios sociales;4718603003;2872
CALLE FUENTE LA REINA Nº 10;VALLADOLID;983 338806;;ACLAD, ATENCIÓN INTEGRAL A COLECTIVOS EN RIESGO;TOXICOMANÍAS Y ADICCIONES;4182;26.21;Servicio de asistencia sociosanitaria ambulatoria a personas con drogodependencia;4718607022;3510
CALLE VALDEBUFO 25;VILLARALBO;;asociacionruralza@gmail.com;ASOCIACIÓN RURALZA;MUJER;4210;27.3;Servicio de apoyo para la integración sociolaboral de las mujeres en situación de vulnerabi;4926101001;3409
PLAZA VIRIATO S/N;ZAMORA;980 559300;presidencia@zamoradipu.es;DIPUTACIÓN PROVINCIAL DE ZAMORA;POBLACIÓN GENERAL;4214;1.1;Servicio de información sobre derechos y recursos del sistema de servicios sociales;0000000nan;
CALLE MIGUEL ISCAR 16;VALLADOLID;647 411577;NOTIFICACIONES@CEPAIM.ORG;FUNDACIÓN CEPAIM - ACCIÓN INTEGRAL CON MIGRANTES;INCLUSIÓN SOCIAL;4234;26.16;Servicio de apoyo para la inclusión social;4718601001;2851
CALLE PAJARILLOS 1;VALLADOLID;983 204054;info@federboscocyl.org;FEDERACIÓN DE CENTROS JUVENILES DON BOSCO DE CASTILLA Y LEÓN;INFANCIA (Y JUVENTUD);4235;12.10;Servicio de apoyo familiar para la inclusión social;4718604040;2913
CALLE TREVIÑO Nº 74;VALLADOLID;647 613265;proyectos@musicosporlasalud.org;FUNDACION SOCIAL DISTRICT;PERSONAS CON DISCAPACIDAD;4237;9.2;Servicio de promoción de hábitos y estilos de vida saludables;4718611042;3099
CALLE FRAY LUIS DE LEON 14;VALLADOLID;983 309915;coordinacionmarta@telefonica.net;PROCOMAR VALLADOLID ACOGE, PROMOCIÓN COLECTIVOS MARGINADOS VALLADOLID ACOGE;INCLUSIÓN SOCIAL;4239;1.10;Servicio de información especializada sobre inclusión social;4718605002;2916
CALLE MARTIN SANTOS ROMERO Nº 1;VALLADOLID;983 399633;dsp@intras.es;ENSUMA INSERCION Y EMPLEO, S.L.U.;INCLUSIÓN SOCIAL;4242;27.5;Serv. apoyo para la integración sociolaboral de personas en riesgo de exclusión social;4718610030;3035
CALLE SANTUARIO Nº 4, BAJO;VALLADOLID;983 298269;VALLADOLID2SSVP.ES;SOCIEDAD DE SAN VICENTE DE PAUL;INCLUSIÓN SOCIAL;4246;2.5;Servicio de valoración, orientación y planificación de caso para la inclusión social;4718605002;2916
AVENIDA EURO 7;VALLADOLID;983 330603;beatriz.sedano@formacal.com;FORMACAL S.L.;PERSONAS MAYORES;4249;9.5;Servicio de promoción del conocimiento y la adquisición de habilidades;4718610001;3514
CALLE PUENTE LA REINA 10;VALLADOLID;983 306599;contabilidad@aclad.net;ACLAD, ATENCIÓN INTEGRAL A COLECTIVOS EN RIESGO;TOXICOMANÍAS Y ADICCIONES;4250;26.17;Servicio de atención de emergencia social para personas con drogodependencia;4718607022;3510
CALLE POLVORA 6;VALLADOLID;983 132828;;CRUZ ROJA ESPAÑOLA;INCLUSIÓN SOCIAL;4252;10.1;Servicio de acción social comunitaria y promoción de la solidaridad;4718607005;2957
CALLE SAN BENITO Nº 1;VALLADOLID;;sints@ava.es;AYUNTAMIENTO DE VALLADOLID;(FAMILIA);4253;12.11;Servicio integral de apoyo a las familias en riesgo de desahucio por deuda hipotecaria;4718609001;3001
CALLE MIRABEL 9;VALLADOLID;983 378285;;FUNDACION ADSIS;INFANCIA (Y JUVENTUD);4255;27.1;Serv. apoyo para integración sociolaboral de menores provenientes de sistemas de infancia;4718609001;3001
CALLE TAJAHIERRO S/N;VALLADOLID;983 356908;programas@elpuentesaludmental.org;FEAFES VALLADOLID EL PUENTE;INCLUSIÓN SOCIAL;4256;27.5;Serv. apoyo para la integración sociolaboral de personas en riesgo de exclusión social;4718610001;3514
CAÑADA REAL DE BURGOS Nº 7;VALLADOLID;670 313242;pilar@asociacionamee.org;ASOCIACION PARA LA MEDIACION EL ENCUENTRO Y LA ESCUCHA;INCLUSIÓN SOCIAL;4258;26.16;Servicio de apoyo para la inclusión social;4718608036;3511
CALLE MARIANO MIGUEL LOPEZ Nº 12 BAJO;VALLADOLID;983 474883;;ASOCIACIÓN DE ALCOHÓLICOS REHABILITADOS DE VALLADOLID;TOXICOMANÍAS Y ADICCIONES;4266;2.6;Servicio general de información, orientación, apoyo y seguimiento a personas drogodependientes;4718604018;2895
CAMINO LOS SALADOS;BENAVENTE;980 632663;gerencia@asprosub.org;ASOCIACIÓN PROTECTORA DE PERSONAS CON DISCAPACIDAD INTELECTUAL VIRGEN DE LA VEGA (ASPROSUB VIRGEN DE LA VEGA);PERSONAS CON DISCAPACIDAD;4340;27.4;Servicio de apoyo para la integración sociolaboral de las personas con discapacidad;4902101001;3171
"CALLE FINCA ""EL CHAFARIL""";PELEAGONZALO;980 509994;administracion@caritaszamora.org;CARITAS DIOCESANA DE ZAMORA;INCLUSIÓN SOCIAL;4374;29.12;Servicio de asistencia residencial para personas con problemas de alcoholismo;4914701001;3301
CALLE VALDEBUFO 25;VILLARALBO;;asociacionruralza@gmail.com;ASOCIACIÓN RURALZA;MUJER;4393;1.6;Servicio de información especializada sobre mujer;4926101001;3409
CALLE VALDEBUFO 25;VILLARALBO;722 436373;asociacionruralza@gmail.com;ASOCIACIÓN RURALZA;PERSONAS CON DISCAPACIDAD;4395;24.11;Servicio de apoyo técnico a personas en situación de dependencia y/o discapacidad.;4926101001;3409
CALLE COLON 19;ZAMORA;686 123034;asociacionadasci@gmail.com;ASOCIACIÓN PARA EL DESARROLLO, APOYO SOCIAL, COOPERACIÓN E INCLUSIÓN (ADASCI);MUJER;4399;1.7;Servicio de información especializada sobre violencia de género;4927502006;3442
AVENIDA VALLADOLID 9;ZAMORA;653 841774;autismozamora@hotmail.com;ASOCIACIÓN DE PADRES DE PERSONAS CON AUTISMO Y/O TRASTORNO GENERALIZADO DEL DESARROLLO DE LA PROVINCIA DE ZAMORA - AUTISMO ZAMORA-;PERSONAS CON DISCAPACIDAD;4400;27.4;Servicio de apoyo para la integración sociolaboral de las personas con discapacidad;4927502017;3453
CALLE HERNAN CORTES 42;ZAMORA;980 523300;;CRUZ ROJA ESPAÑOLA;INCLUSIÓN SOCIAL;4402;2.5;Servicio de valoración, orientación y planificación de caso para la inclusión social;4927502014;3450
CAMINO VIEJO DE VILLARALBO, S/N;ZAMORA;980 509994;administracion@caritaszamora.org;CARITAS DIOCESANA DE ZAMORA;TOXICOMANÍAS Y ADICCIONES;4403;29.11;Serv. asistencia residencial en comunidades terapéuticas para personas con drogodependencia;4927503004;3457
PLAZA SAN ESTEBAN 3;ZAMORA;980 548700;mar.lera@zamora.es;AYUNTAMIENTO DE ZAMORA;POBLACIÓN GENERAL;4404;2.1;Servicio de valoración, orientación, planificación de caso y seguimiento;4927501002;3423
AVENIDA GALICIA 10 D;ZAMORA;983 219622;direccioncyl@gitanos.org;FUNDACION SECRETARIADO GITANO (FSG);INCLUSIÓN SOCIAL;4405;27.5;Serv. apoyo para la integración sociolaboral de personas en riesgo de exclusión social;4927505006;3467
CALLE PRADO TUERTO 17;ZAMORA;980 671300;;GERENCIA DE SERVICIOS SOCIALES DE CASTILLA Y LEÓN;INFANCIA (Y JUVENTUD);4418;30.1;Serv.protección jurídica y ejercicio tutela para la infancia en situación de desamparo;4927502005;3441
CALLE CAPITAN MENDEZ VIGO 10;AVILA;920 352732;;FAEMA SALUD MENTAL ÁVILA;MUJER;4429;29.5;Serv. atención integral mujeres víctimas violencia género discapacidad enfermedad mental grave;0501905004;44
CALLE CAPITAN MENDEZ VIGO 10 BAJO;AVILA;920 352732;info@asociacionfaema.org;FAEMA SALUD MENTAL ÁVILA;PERSONAS CON DISCAPACIDAD;4430;11.6;Serv. apoyo familiar-promoción autonomía personal-situaciones de dependencia y/o discapacidad;0501905004;44
PLAZA ITALIA 1;AVILA;920 212223;nataliat@fundacionavila.es;FUNDACIÓN ÁVILA;INCLUSIÓN SOCIAL;4437;27.5;Serv. apoyo para la integración sociolaboral de personas en riesgo de exclusión social;0501901002;23
CARRETERA VENTA DEL OBISPO 7;NAVARREDONDA DE GREDOS;675 276484;manupifa82@gmail.com;EMERALD VENTURES, S.L.;PERSONAS MAYORES;4465;29.13;Servicio de atención residencial para personas mayores en situación de dependencia;0516501001;201
CALLE CERRILLO 33;NAVARREDONDILLA;670 363691;residenciaelcerrillo@hotmail.com;RESIDENCIAS IZQUISAN, SL;PERSONAS MAYORES;4466;29.13;Servicio de atención residencial para personas mayores en situación de dependencia;0521201001;250
CALLE PERELLÓ 48;BARCELONA;935 160463;admin.sbes@sielbleu.es;FUNDACION SIEL BLEU ESPAÑA;PERSONAS MAYORES;4480;9.2;Servicio de promoción de hábitos y estilos de vida saludables;0000000nan;
CALLE PERELLÓ, Nº 48;BARCELONA;691 291679;admin.sbes@sielbleu.es;FUNDACION SIEL BLEU ESPAÑA;PERSONAS MAYORES;4481;9.2;Servicio de promoción de hábitos y estilos de vida saludables;0000000nan;
CALLE PERELLÓ, 48;BARCELONA;935 160463;admin.sbes@sielbleu.es;FUNDACION SIEL BLEU ESPAÑA;PERSONAS MAYORES;4482;9.2;Servicio de promoción de hábitos y estilos de vida saludables;0000000nan;
CALLE ANTONIO BACIERO S/N;ARANDA DE DUERO;947 462004;administracion@apaceburgos.com;ASOCIACIÓN DE AFECTADOS DE PARÁLISIS CEREBRAL Y AFINES (APACE-BURGOS);PERSONAS CON DISCAPACIDAD;4483;18.1;Servicio de apoyo para la elaboración del proyecto de vida;0901803005;339
CALLE ANTONIO BACIERO S/N;ARANDA DE DUERO;947 462004;administracion@apaceburgos.com;ASOCIACIÓN DE AFECTADOS DE PARÁLISIS CEREBRAL Y AFINES (APACE-BURGOS);(FAMILIA);4484;12.8;Serv.apoyo familiar -promoción autonomía personal-situaciones de dependencia y/o discapacidad;0901803005;339
PLAZA TERCIOS 1 BIS BAJO;ARANDA DE DUERO;947 511621;caritas.cdburgos@caritas.es;CÁRITAS DIOCESANA DE BURGOS;TOXICOMANÍAS Y ADICCIONES;4486;2.6;Servicio general de información, orientación, apoyo y seguimiento a personas drogodependientes;0901803005;339
AVENIDA CANTABRIA 69 9º B;BURGOS;947 268620;burgos@accem.es;ACCEM;INCLUSIÓN SOCIAL;4489;29.10;Servicio de alojamiento para personas sin hogar;0905905035;437
PASEO LASERNA 1;BURGOS;983 307083;info@redincola.org;FUNDACION RED INCOLA;POBLACIÓN GENERAL;4491;31.2;Servicio de provisión inmediata de alimentación;0905906001;455
CALLE ALCALDE MARTIN COBOS 15 NAVE 12;BURGOS;983 218453;notificaciones@foremcyl.es;FUNDACION FORMACION Y EMPLEO DE CASTILLA Y LEON (FOREMCYL);INCLUSIÓN SOCIAL;4492;27.5;Serv. apoyo para la integración sociolaboral de personas en riesgo de exclusión social;0905905048;450
AVENIDA COSTA RICA 150;BURGOS;646 669950;info@fundacionoxigeno.org;FUNDACIÓN OXÍGENO;INCLUSIÓN SOCIAL;4493;12.10;Servicio de apoyo familiar para la inclusión social;0905903005;392
CALLE SAN FRANCISCO 8;BURGOS;947 256219;caritas.cdburgos@caritas.es;CÁRITAS DIOCESANA DE BURGOS;INCLUSIÓN SOCIAL;4494;27.5;Serv. apoyo para la integración sociolaboral de personas en riesgo de exclusión social;0905903004;391
CALLE PEDRO POVEDA CASTROVERDE 6;BURGOS;;manuel@proyectohombreburgos.com;FUNDACIÓN CANDEAL;TOXICOMANÍAS Y ADICCIONES;4495;11.1;Servicio de prevención familiar del consumo de drogas;0905905048;450
CALLE QUINTANAR DE LA SIERRA 8;BURGOS;987 203712;tatiana@fundacionjuans.org;FUNDACIÓN JUAN SOÑADOR;INCLUSIÓN SOCIAL;4497;27.5;Serv. apoyo para la integración sociolaboral de personas en riesgo de exclusión social;0905903005;392
CALLE VIRGEN DEL SALTERIO 4 OFICINAS;BURGOS;629 507701;betania@adoratricesb.org;COMUNIDAD ADORATRICES BURGOS;MUJER;4499;29.7;Serv atención especializ. mujeres/niñas víctimas trata con fines explotación sexual;0905903005;392
CALLE CONDESA MENCIA 150;BURGOS;947 238562;fundacion@aspaniasburgos.com;FUNDACIÓN ASPANIAS BURGOS;PERSONAS CON DISCAPACIDAD;4501;13.49;Serv.atención en centros a personas situación dependencia por descanso cuidador o cuidadora;0905905035;437
CALLE SEVERO OCHOA 57;BURGOS;;contabilidad@aclad.net;ACLAD, ATENCIÓN INTEGRAL A COLECTIVOS EN RIESGO;MUJER;4502;2.3;Serv.valoración, orientación, planificación caso - situaciones de violencia de género;0905905048;450
CALLE LUIS CERNUDA S/N;BURGOS;968 344344;administracion@diagrama.org;FUNDACION DIAGRAMA - INTERVENCION PSICOSOCIAL;INFANCIA (Y JUVENTUD);4503;26.5;Servicio de apoyo a menores con conductas violentas en la familia;0905905035;437
CALLE MANUEL ALTOLAGUIRRE S/N;BURGOS;947 244511;miguelsantos@fundacionlesmes.org;FUNDACIÓN LESMES;INCLUSIÓN SOCIAL;4504;29.10;Servicio de alojamiento para personas sin hogar;0905905035;437
PASEO DEL ESPOLÓN 34;BURGOS;947 258600;bsocial@diputaciondeburgos.es;DIPUTACIÓN PROVINCIAL DE BURGOS;INCLUSIÓN SOCIAL;4505;31.1;Servicio de distribución coordinada de alimentos;0000000nan;
CALLE SAN PEDRO DE CARDEÑA 26 1º D;BURGOS;947 268620;burgos@accem.es;ACCEM;INCLUSIÓN SOCIAL;4507;29.10;Servicio de alojamiento para personas sin hogar;0905906001;455
CALLE LAS CLAUSTRILLAS 3 BAJO;BURGOS;671 774314;comunicacion@alacyl.org;ASOCIACIÓN DE ESCLEROSIS LATERAL AMIOTROFICA DE CASTILLA Y LEÓN (ELACYL);PERSONAS CON DISCAPACIDAD;4515;11.6;Serv. apoyo familiar-promoción autonomía personal-situaciones de dependencia y/o discapacidad;0905903005;392
PASEO FUENTECILLAS 27;BURGOS;686 803603;;FUNDACIÓN JUAN SOÑADOR;INFANCIA (Y JUVENTUD);4516;29.2;Servicio de atención residencial para la transición de menores de edad a la vida adulta;0905903005;392
PLAZA BILBAO 4;BURGOS;947 230712;;GERENCIA DE SERVICIOS SOCIALES DE CASTILLA Y LEÓN;POBLACIÓN GENERAL;4527;1.1;Servicio de información sobre derechos y recursos del sistema de servicios sociales;0905905035;437
CALLE SAN JUAN 2;BURGOS;947 288800;;AYUNTAMIENTO DE BURGOS;(FAMILIA);4529;12.10;Servicio de apoyo familiar para la inclusión social;0905905048;450
CALLE LA ESTACIÓN, S/N;COGOLLOS;659 944725;proyectos@remar.org;REHABILITACION DE MARGINADOS (REMAR);INCLUSIÓN SOCIAL;4544;29.10;Servicio de alojamiento para personas sin hogar;0940601001;823
CALLE CERVANTES 1;MELGAR DE FERNAMENTAL;;fundacion@fundacioncfamelgar.es;FUNDACIÓN CONDE FERNÁN ARMENTALEZ;INCLUSIÓN SOCIAL;4558;27.5;Serv. apoyo para la integración sociolaboral de personas en riesgo de exclusión social;0921101001;650
AVENIDA REPUBLICA ARGENTINA 93;MIRANDA DE EBRO;947 349100;buzon@mirandadeebro.es;AYUNTAMIENTO DE MIRANDA DE EBRO;INCLUSIÓN SOCIAL;4560;27.5;Serv. apoyo para la integración sociolaboral de personas en riesgo de exclusión social;0921904003;686
CALLE ALAVA 6;MIRANDA DE EBRO;947 349100;buzon@mirandadeebro.es;AYUNTAMIENTO DE MIRANDA DE EBRO;INCLUSIÓN SOCIAL;4561;29.10;Servicio de alojamiento para personas sin hogar;0921904003;686
CALLE CONDADO DE TREVIÑO 1;MIRANDA DE EBRO;947 349100;juanceas@mirandadeebro.es;AYUNTAMIENTO DE MIRANDA DE EBRO;POBLACIÓN GENERAL;4562;1.1;Servicio de información sobre derechos y recursos del sistema de servicios sociales;0921904003;686
CALLE RONDA DEL FERROCARRIL 65 BAJO;MIRANDA DE EBRO;947 331983;borealmiranda@yahoo.es;ASOCIACIÓN BOREAL DE LUCHA CONTRA LA DROGA Y AYUDA AL DROGADICTO;TOXICOMANÍAS Y ADICCIONES;4563;2.6;Servicio general de información, orientación, apoyo y seguimiento a personas drogodependientes;0921904003;686
CALLE ALMACENES 18-20;MIRANDA DE EBRO;947 312801;saludmentalmiranda@saludmentalmiranda.com;ASOCIACIÓN AYUDA ENFERMOS MENTALES DE MIRANDA - SALUD MENTAL MIRANDA;PERSONAS MAYORES;4569;9.4;Servicio de promoción de la relación con el entorno;0921904003;686
CALLE ALMACENES 18-20;MIRANDA DE EBRO;947 312801;saludmentalmiranda@saludmentalmiranda.com;ASOCIACIÓN AYUDA ENFERMOS MENTALES DE MIRANDA - SALUD MENTAL MIRANDA;MUJER;4571;29.5;Serv. atención integral mujeres víctimas violencia género discapacidad enfermedad mental grave;0921904003;686
CALLE CAVA 46;PEÑARANDA DE DUERO;620 573898;residencia.n.s.piedad@gmail.com;TRASEDAD, S.L.;PERSONAS MAYORES;4575;29.13;Servicio de atención residencial para personas mayores en situación de dependencia;0926101001;719
CALLE FUENTE 12;SANTA MARIA DEL CAMPO;;brujulaintercultural@gmail.com;ASOCIACIÓN BRÚJULA INTERCULTURAL;INCLUSIÓN SOCIAL;4580;10.1;Servicio de acción social comunitaria y promoción de la solidaridad;0938901001;812
AVENIDA REYES LEONESES 12;LEON;987 261449;info@isadoraduncan.es;FUNDACIÓN DE FAMILIAS MONOPARENTALES ISADORA DUNCAN;INCLUSIÓN SOCIAL;4612;2.5;Servicio de valoración, orientación y planificación de caso para la inclusión social;2408903015;1019
CALLE ROBLES (LOS) 7;LEON;987 394859;valponasca@valponasca.org;ASOCIACION VALPONASCA;INCLUSIÓN SOCIAL;4613;27.5;Serv. apoyo para la integración sociolaboral de personas en riesgo de exclusión social;2408910007;1082
CALLE CARDENAL CISNEROS 65;LEON;983 219622;direccioncyl@gitanos.org;FUNDACION SECRETARIADO GITANO (FSG);INCLUSIÓN SOCIAL;4615;27.5;Serv. apoyo para la integración sociolaboral de personas en riesgo de exclusión social;2414202013;1188
CALLE CAMPOS GOTICOS (LOS) 3;LEON;98 209764;coordinacion@asociacionauryn.org;"ASOCIACION JUVENIL ""AURYN""";INCLUSIÓN SOCIAL;4616;10.1;Servicio de acción social comunitaria y promoción de la solidaridad;2408908002;3508
AVENIDA ORDOÑO II 10;LEON;987 895727;juanjose.compadre@aytoleon.es;AYUNTAMIENTO DE LEÓN;(FAMILIA);4618;10.2;Serv.actuaciones preventivas para familias con hijos/as menores en situación de riesgo;2408902010;1004
CALLE SAN PEDRO 19;LEON;987 222590;;SOCIEDAD DE SAN VICENTE DE PAUL;POBLACIÓN GENERAL;4619;29.9;Serv.atención residencial cuidados sociales y sanitarios, personas situación convalecencia;2408910007;1082
CALLE CID 24;LEON;987 252535;leon@cruzroja.es;CRUZ ROJA ESPAÑOLA;INCLUSIÓN SOCIAL;4620;1.10;Servicio de información especializada sobre inclusión social;2411503001;1134
CALLE PUERTA OBISPO 13;LEON;987 255093;traso1906@gmail.com;ASOCIACIÓN LEONESA DE CARIDAD;INCLUSIÓN SOCIAL;4625;31.2;Servicio de provisión inmediata de alimentación;2408910005;1080
AVENIDA ALCALDE MIGUEL CASTAÑO 108;LEON;987 252535;castillayleon@cruzroja.es;CRUZ ROJA ESPAÑOLA;TOXICOMANÍAS Y ADICCIONES;4626;26.21;Servicio de asistencia sociosanitaria ambulatoria a personas con drogodependencia;2408908002;3508
CALLE VIRGEN DEL CAMINO 3,2ºC;LEON;638 794430;leon@accem.es;ACCEM;INCLUSIÓN SOCIAL;4639;29.10;Servicio de alojamiento para personas sin hogar;2408910007;1082
AVENIDA FACULTAD DE VETERINARIA 57;LEON;983 306466;gestion@aclad.net;ACLAD, ATENCIÓN INTEGRAL A COLECTIVOS EN RIESGO;TOXICOMANÍAS Y ADICCIONES;4643;2.6;Servicio general de información, orientación, apoyo y seguimiento a personas drogodependientes;2408905008;1048
AVENIDA PORTUGAL 7;LEON;987 203112;;FUNDACIÓN JUAN SOÑADOR;INFANCIA (Y JUVENTUD);4667;29.2;Servicio de atención residencial para la transición de menores de edad a la vida adulta;2416201001;3525
CALLE MEDICOS SIN FRONTERAS 8;PONFERRADA;987 455120;informacionph@gmail.com;FUNDACIÓN CENTRO ASTORGANO LEONÉS DE SOLIDARIDAD - CALS;MUJER;4669;26.14;Servicio de tratamiento psicológico a maltratadores;2411502017;1133
CALLE MEDICOS SIN FRONTERAS 8;PONFERRADA;987 451120;informacionph@gmail.com;FUNDACIÓN CENTRO ASTORGANO LEONÉS DE SOLIDARIDAD - CALS;TOXICOMANÍAS Y ADICCIONES;4670;11.1;Servicio de prevención familiar del consumo de drogas;2408905008;1048
CALLE ESTEBAN DE LA PUENTE S/N;PONFERRADA;987 446600;social_director@ponferrada.org;AYUNTAMIENTO DE PONFERRADA;(FAMILIA);4672;10.2;Serv.actuaciones preventivas para familias con hijos/as menores en situación de riesgo;2411501008;1112
CALLE BRINDIS MORÁN 2;PONFERRADA;987 427720;ponferrada@alfaem.org;ASOCIACIÓN LEONESA DE FAMILIARES Y AMIGOS DE ENFERMOS MENTALES - ALFAEM;PERSONAS CON DISCAPACIDAD;4674;9.1;Servicio de prevención de la situación de dependencia;2411502017;1133
CALLE LAGO DE CARUCEDO 2 - BAJO;PONFERRADA;611 067491;ateneaautismo@gmail.com;ASOCIACIÓN EQUIPO ATENEA AUTISMO;PERSONAS CON DISCAPACIDAD;4675;11.6;Serv. apoyo familiar-promoción autonomía personal-situaciones de dependencia y/o discapacidad;2411502004;1120
CALLE BRINDIS MORÁN 2;PONFERRADA;987 427720;ponferrada@alfaem.org;ASOCIACIÓN LEONESA DE FAMILIARES Y AMIGOS DE ENFERMOS MENTALES - ALFAEM;MUJER;4677;29.5;Serv. atención integral mujeres víctimas violencia género discapacidad enfermedad mental grave;2411502017;1133
CALLE ANUNCIATA 35-49 CHALET 6;SAN ANDRES DEL RABANEDO;987 949983;leon@accem.es;ACCEM;INCLUSIÓN SOCIAL;4696;29.10;Servicio de alojamiento para personas sin hogar;2414202013;1188
CALLE ANUNCIATA 48;SAN ANDRES DEL RABANEDO;987 876143;leon@accem.es;ACCEM;INCLUSIÓN SOCIAL;4697;2.5;Servicio de valoración, orientación y planificación de caso para la inclusión social;2414201003;1175
CALLE JUAN CARLOS I 5;ARCAHUEJA;917 643269;info@diaconia.es;DIACONÍA;INCLUSIÓN SOCIAL;4706;12.10;Servicio de apoyo familiar para la inclusión social;2417501001;3509
CALLE PANDIETSA 20;VILLABLINO;987 798252;villablino@alfaem.org;ASOCIACIÓN LEONESA DE FAMILIARES Y AMIGOS DE ENFERMOS MENTALES - ALFAEM;PERSONAS CON DISCAPACIDAD;4725;9.1;Servicio de prevención de la situación de dependencia;2420201003;1252
CARRETERA DE LANTADILLA - ALBERGUE / NUESTRA SEÑORA DE COVADONGA - ANTIGUO COLEGIO DON ORIONE;FROMISTA;621 081472;infor@caracuel.es;ASOCIACIÓN CARACUEL-OCIO Y TIEMPO LIBRE;PERSONAS MAYORES;4759;29.13;Servicio de atención residencial para personas mayores en situación de dependencia;0000000nan;
CALLE IGLESIA (LA) 11;GUARDO;979 746342;coordinadora@saludmental.org;ASOCIACION SALUD MENTAL PALENCIA - FEAFES PALENCIA;PERSONAS MAYORES;4762;9.4;Servicio de promoción de la relación con el entorno;3408001002;3529
CALLE IGLESIA (LA) 11;GUARDO;979 746342;coordinadora@saludmentalpalencia.org;ASOCIACION SALUD MENTAL PALENCIA - FEAFES PALENCIA;PERSONAS MAYORES;4763;9.5;Servicio de promoción del conocimiento y la adquisición de habilidades;3408001002;3529
CALLE SAN ANTONIO 13;GUARDO;979 851658;ascarguardo@hotmail.com;ASOCIACION COMARCAL DE AYUDA A LA EXCLUSION - ASCAT;TOXICOMANÍAS Y ADICCIONES;4764;2.6;Servicio general de información, orientación, apoyo y seguimiento a personas drogodependientes;3408001002;3529
CALLE IGLESIA (LA) 11;GUARDO;979 746342;coordinadora@saludmentalpalencia.org;ASOCIACION SALUD MENTAL PALENCIA - FEAFES PALENCIA;PERSONAS MAYORES;4765;9.3;Servicio de adquisición de competencias para la vida autónoma;3408001002;3529
PLAZA CONCORDIA (LA) 8 BAJO;MONZON DE CAMPOS;979 880880;cdrucieza@cdrtcampos.es;ASOCIACION CENTRO DE DESARROLLO RURAL DEL CARRION Y UCIEZA;INCLUSIÓN SOCIAL;4770;2.5;Servicio de valoración, orientación y planificación de caso para la inclusión social;3410801001;1398
CALLE BURGOS 1;PALENCIA;979 715100;;DIPUTACIÓN PROVINCIAL DE PALENCIA;POBLACIÓN GENERAL;4773;1.1;Servicio de información sobre derechos y recursos del sistema de servicios sociales;3412005006;1430
CALLE JUAN DE ARCE 5;PALENCIA;653 150408;asaliagerencia@gmail.com;SG LAS CANDELAS  S.L.;PERSONAS MAYORES;4775;29.13;Servicio de atención residencial para personas mayores en situación de dependencia;3412005013;1437
CALLE ASTERIO MAÑANOS 6;PALENCIA;979 746342;coordinadora@saludmentalpalencia.org;ASOCIACION SALUD MENTAL PALENCIA - FEAFES PALENCIA;PERSONAS CON DISCAPACIDAD;4776;27.4;Servicio de apoyo para la integración sociolaboral de las personas con discapacidad;3412006002;1441
PLAZA CARMELITAS 2;PALENCIA;979 743035;;CÁRITAS DIOCESANA DE PALENCIA;INCLUSIÓN SOCIAL;4777;1.10;Servicio de información especializada sobre inclusión social;3412006002;1441
CALLE CRUZ ROJA (DE LA) 5;PALENCIA;689 662599;;CRUZ ROJA ESPAÑOLA;POBLACIÓN GENERAL;4778;10.1;Servicio de acción social comunitaria y promoción de la solidaridad;3412005004;1428
CALLE CRUZ ROJA (DE LA) 5;PALENCIA;689 662599;;CRUZ ROJA ESPAÑOLA;(FAMILIA);4779;12.9;Serv.formación de cuidadores/as no profesionales de personas con dependencia;3412005004;1428
PLAZA JUAN XXIII 5;PALENCIA;979 706954;j.mateo@fundacionsancebrian.com;FUNDACIÓN SAN CEBRIÁN;INCLUSIÓN SOCIAL;4780;27.5;Serv. apoyo para la integración sociolaboral de personas en riesgo de exclusión social;3412006002;1441
CALLE ASTERIO MAÑANOS 6 BAJO;PALENCIA;979 746342;coordinadora@saludmentalpalencia.org;ASOCIACION SALUD MENTAL PALENCIA - FEAFES PALENCIA;MUJER;4787;29.5;Serv. atención integral mujeres víctimas violencia género discapacidad enfermedad mental grave;3412006002;1441
AVENIDA SAN TELMO 12 BAJO;PALENCIA;979 728958;arpapalencia@hotmail.es;ASOCIACIÓN ALCOHÓLICOS REHABILITADOS ARPA;TOXICOMANÍAS Y ADICCIONES;4788;2.6;Servicio general de información, orientación, apoyo y seguimiento a personas drogodependientes;3412005013;1437
AVENIDA BERRUGUETE 15;PAREDES DE NAVA;999 999999;mfcopello@hotmail.com;FEDERICO LUIS JESÚS SANDOLI;PERSONAS MAYORES;4801;9.3;Servicio de adquisición de competencias para la vida autónoma;3412301002;1469
CALLE FILIBERTO VILLALOBOS 1;BEJAR;923 402270;caritasbejar@caritasbejar.es;CARITAS INTERPARROQUIAL DE BÉJAR;INCLUSIÓN SOCIAL;4826;31.1;Servicio de distribución coordinada de alimentos;3715601001;1736
CALLE PARQUE DE LA ARMUÑA 40;CABRERIZOS;984 282726;admon@ggsalud.es;GAUDIUM EL CERRO, S.L.U;PERSONAS MAYORES;4832;29.13;Servicio de atención residencial para personas mayores en situación de dependencia;3706701001;1642
CALLE CASTILLO 4;MONTEMAYOR DEL RIO;626 281098;sofiaestrella@hotmail.com;MERCEDES CABAÑES DIAZ;PERSONAS MAYORES;4856;29.13;Servicio de atención residencial para personas mayores en situación de dependencia;3724401001;1824
CALLE DIEGO PISADOR S/N LOCAL;SALAMANCA;923 264539;inice@inice.es;INSTITUTO DE INVESTIGACIONES CIENTIFICAS Y ECOLOGICAS. INICE;PERSONAS MAYORES;4861;9.4;Servicio de promoción de la relación con el entorno;3727403009;1897
CALLE ALMANSA 11 CENTRO MUNICIPAL LUIS VIVES;SALAMANCA;923 188478;asociaciontas@tas.org.es;ASOCIACIÓN TAS;INCLUSIÓN SOCIAL;4864;2.5;Servicio de valoración, orientación y planificación de caso para la inclusión social;3727402006;1874
CALLE PRADO 17;SALAMANCA;923 221032;salamanca@cruzroja.es;CRUZ ROJA ESPAÑOLA;INCLUSIÓN SOCIAL;4865;27.5;Serv. apoyo para la integración sociolaboral de personas en riesgo de exclusión social;3727401006;1862
PASEO ROBLES 29 BAJO;SALAMANCA;687 584633;castillayleon@accem.es;ACCEM;INCLUSIÓN SOCIAL;4866;27.5;Serv. apoyo para la integración sociolaboral de personas en riesgo de exclusión social;3727405020;1950
CALLE MONROY 2;SALAMANCA;923 269698;caritas@caritasalamanca.org;CARITAS DIOCESANA DE SALAMANCA;INCLUSIÓN SOCIAL;4868;1.10;Servicio de información especializada sobre inclusión social;3727402001;1869
CALLE JESUS 10, BAJO;SALAMANCA;923 994177;contacto@planbeduso.es;FUNDACIÓN PLAN B EDUCACIÓN SOCIAL;INFANCIA (Y JUVENTUD);4871;26.6;Servicio de mediación en el ámbito de la jurisdicción de menores infractores/as;3727403009;1897
CALLE CASTROVERDE 22;SALAMANCA;923 190150;gestion@saludmentalsalamanca.org;SALUD MENTAL SALAMANCA-AFEMC;PERSONAS CON DISCAPACIDAD;4874;24.11;Servicio de apoyo técnico a personas en situación de dependencia y/o discapacidad.;3727403009;1897
PASEO SAN VICENTE 1;SALAMANCA;923 221032;;CRUZ ROJA ESPAÑOLA;INCLUSIÓN SOCIAL;4883;29.10;Servicio de alojamiento para personas sin hogar;3727404024;1930
PASEO ROBLES 29;SALAMANCA;923 124567;salamanca@accem.es;ACCEM;INCLUSIÓN SOCIAL;4885;2.5;Servicio de valoración, orientación y planificación de caso para la inclusión social;3727405020;1950
CALLE ERAS 28;CAMPO DE SAN PEDRO;983 326401;cas@ong-cas.org;COLECTIVOS DE ACCIÓN SOLIDARIA CAS;INCLUSIÓN SOCIAL;4912;27.5;Serv. apoyo para la integración sociolaboral de personas en riesgo de exclusión social;4005501001;2148
CALLE MARQUES DEL ARCO (DEL) 22;SEGOVIA;921 460543;sociales.coordinador@segovia.es;AYUNTAMIENTO DE SEGOVIA;(FAMILIA);4925;10.2;Serv.actuaciones preventivas para familias con hijos/as menores en situación de riesgo;4019407004;2331
CALLE ALTOS DE LA PIEDAD S/N;SEGOVIA;921 431608;segovia@asociacionamanecer.org;ASOCIACIÓN AMANECER-SALUD MENTAL SEGOVIA;PERSONAS CON DISCAPACIDAD;4927;11.6;Serv. apoyo familiar-promoción autonomía personal-situaciones de dependencia y/o discapacidad;4019404001;2305
POLIGONO INDUSTRIAL LAS CASAS 54 NAVE 7;SORIA;975 232196;direccion@asovica.es;ASOCIACION DE FAMILIARES Y ENFERMOS PSIQUICOS VIRGEN DEL CAMINO - ASOVICA;PERSONAS CON DISCAPACIDAD;4943;9.4;Servicio de promoción de la relación con el entorno;4217302012;2542
CALLE MORALES Nº 1;ARROYO;91 5334008;proyectos@enfermedades-raras.org;FEDERACION ESPAÑOLA DE ENFERMEDADES RARAS;PERSONAS CON DISCAPACIDAD;4950;1.8;Servicio de información especializada sobre discapacidad;4701001001;2600
CALLE MAYOR 4;TORDEHUMOS;983 393323;cdrsequillo@telefonica.net;ASOCIACION CENTRO DE DESARROLLO RURAL EL SEQUILLO;(FAMILIA);4964;31.1;Servicio de distribución coordinada de alimentos;4716401001;2819
PLAZA SAN FRANCISCO (DE) 3;AVILA;920 224848;castillayleon@cruzroja.es;CRUZ ROJA ESPAÑOLA;INCLUSIÓN SOCIAL;4993;10.1;Servicio de acción social comunitaria y promoción de la solidaridad;0501906012;56
CALLE DUQUE DE ALBA 6 LOCAL 15;AVILA;666 532610;avila@accem.es;ACCEM;INCLUSIÓN SOCIAL;4994;2.5;Servicio de valoración, orientación y planificación de caso para la inclusión social;0501901002;23
PLAZA MERCADO CHICO (DEL) 1;AVILA;920 350000;;AYUNTAMIENTO DE ÁVILA;POBLACIÓN GENERAL;4995;2.1;Servicio de valoración, orientación, planificación de caso y seguimiento;0501901002;23
CALLE PRINCIPE DON JUAN 8;AVILA;920 221847;;CÁRITAS DIOCESANA DE ÁVILA;INCLUSIÓN SOCIAL;5005;29.10;Servicio de alojamiento para personas sin hogar;0501905004;44
AVENIDA RAMON Y CAJAL 15;CANDELEDA;675 276484;manupifa82@gmail.com;GESTORES TERCERA EDAD, S.L.;PERSONAS MAYORES;5012;29.13;Servicio de atención residencial para personas mayores en situación de dependencia;0504703002;86
CALLE DON SILVERIO VELASCO 2;ARANDA DE DUERO;947 500075;etristan@arandadeduero.es;AYUNTAMIENTO DE ARANDA DE DUERO;INCLUSIÓN SOCIAL;5026;10.2;Serv.actuaciones preventivas para familias con hijos/as menores en situación de riesgo;0901803005;339
CALLE SAN ESTEBAN 8;ARANDA DE DUERO;947 546080;direccion@saludmentalaranda.org;ASOCIACION SALUD MENTAL ARANDA;MUJER;5027;29.5;Serv. atención integral mujeres víctimas violencia género discapacidad enfermedad mental grave;0901803005;339
CALLE SEVERO OCHOA 57 1º IZDA.;BURGOS;983 306466;gestion@aclad.net;ACLAD, ATENCIÓN INTEGRAL A COLECTIVOS EN RIESGO;TOXICOMANÍAS Y ADICCIONES;5038;2.6;Servicio general de información, orientación, apoyo y seguimiento a personas drogodependientes;0905905048;450
CALLE FEDERICO OLMEDA 9;BURGOS;947 230650;;"ASOCIACIÓN DE PERSONAS SORDAS DE BURGOS ""FRAY PEDRO PONCE DE LEÓN""";PERSONAS CON DISCAPACIDAD;5052;23.2;Serv. intérprete lengua de signos para el acceso al Sistema Público de Servicios Sociales;0905905035;437
AVENIDA SAN TELMO 17;PALENCIA;979 031980;info@mundoazulpalencia.es;ASOCIACIÓN MUNDO AZUL (PALENCIA);PERSONAS CON DISCAPACIDAD;5056;27.4;Servicio de apoyo para la integración sociolaboral de las personas con discapacidad;3412005013;1437
CALLE ACACIAS (LAS) 2;PALENCIA;983 306466;aclad@aclad.net;ACLAD, ATENCIÓN INTEGRAL A COLECTIVOS EN RIESGO;TOXICOMANÍAS Y ADICCIONES;5057;26.20;Serv.de intervención con menores y jóvenes con consumo problemático de drogas y sus familias;3412005004;1428
AVENIDA REYES CATOLICOS 33;SALDAÑA;979 891380;palencia@fademur.es;ASOCIACION DE MUJERES RURALES FADEMUR PALENCIA;MUJER;5068;1.6;Servicio de información especializada sobre mujer;3415701002;1496
CALLE PEÑA DE FRANCIA 10;MARTIAGO;667 488320;andressanjose@icloud.com;RIOFRÍO S.C.;PERSONAS MAYORES;5083;29.13;Servicio de atención residencial para personas mayores en situación de dependencia;3730301001;2011
PASEO ROLLO;SALAMANCA;607 771891;salamanca@accem.es;ACCEM;INCLUSIÓN SOCIAL;5086;29.10;Servicio de alojamiento para personas sin hogar;3727402006;1874
CALLE SAN PATRICIO 5-7 BAJO;SALAMANCA;647 411577;notificaciones@cepaim.org;FUNDACIÓN CEPAIM - ACCIÓN INTEGRAL CON MIGRANTES;INCLUSIÓN SOCIAL;5088;26.16;Servicio de apoyo para la inclusión social;3727401006;1862
PASEO SAN VICENTE 101- BAJO;SALAMANCA;923 264853;arsasalamanca@hotmail.com;ASOCIACIÓN DE ALCOHÓLICOS REHABILITADOS PROVINCIA SALAMANCA (ARSA);TOXICOMANÍAS Y ADICCIONES;5094;2.6;Servicio general de información, orientación, apoyo y seguimiento a personas drogodependientes;3727404024;1930
CALLE PLATEROS 19;SALAMANCA;923 121354;;ASECAL;PERSONAS MAYORES;5099;9.3;Servicio de adquisición de competencias para la vida autónoma;3727404009;1916
CALLE SANTO DOMINGO DE SILOS 1;SORIA;975 234650;tirigoyen@cruzroja.es;CRUZ ROJA ESPAÑOLA;PERSONAS MAYORES;5119;9.4;Servicio de promoción de la relación con el entorno;4217301008;2530
CALLE TEATRO 19;SORIA;639 330461;fundacionapipacamso@fundacionapipacam.org;FUNDACIÓN APIP-ACAM;MUJER;5120;29.7;Serv atención especializ. mujeres/niñas víctimas trata con fines explotación sexual;4217301001;2523
CALLE CABALLEROS 17;SORIA;975 101000;ssociales@dipsoria.es;DIPUTACIÓN PROVINCIAL DE SORIA;POBLACIÓN GENERAL;5121;31.1;Servicio de distribución coordinada de alimentos;4217303003;2547
CALLE ANTOLIN DE SORIA 5;SORIA;975 234650;tirigoyen@cruzroja.es;CRUZ ROJA ESPAÑOLA;INFANCIA (Y JUVENTUD);5122;29.2;Servicio de atención residencial para la transición de menores de edad a la vida adulta;4217301001;2523
PLAZA MAYOR 1;SORIA;975 240949;eicrespo@soria.es;AYUNTAMIENTO DE SORIA;POBLACIÓN GENERAL;5123;1.1;Servicio de información sobre derechos y recursos del sistema de servicios sociales;4217301001;2523
CALLE SANTO DOMINGO DE SILOS 1 SEDE CRUZ ROJA;SORIA;975 234550;tirigoyen@cruzroja.es;CRUZ ROJA ESPAÑOLA;INCLUSIÓN SOCIAL;5125;1.10;Servicio de información especializada sobre inclusión social;4217301001;2523
CALLE CABALLEROS 1;LAGUNA DE DUERO;983 540058;servicios.sociales@lagunadeduero.org;AYUNTAMIENTO DE LAGUNA DE DUERO;(FAMILIA);5149;10.2;Serv.actuaciones preventivas para familias con hijos/as menores en situación de riesgo;4718604040;2913
CALLE OLLEROS 1;MAYORGA;618 617021;INFO@VALDECEA.COM;ASOCIACION CENTRO DE DESARROLLO RURAL VALDECEA;PERSONAS MAYORES;5153;9.2;Servicio de promoción de hábitos y estilos de vida saludables;4708401001;2713
CALLE JUAN DE ALAMOS S/N;MEDINA DEL CAMPO;983 811020;rosa.vegas@ayto-medinadelcampo.es;AYUNTAMIENTO DE MEDINA DEL CAMPO;(FAMILIA);5154;10.2;Serv.actuaciones preventivas para familias con hijos/as menores en situación de riesgo;4708501006;2719
POLIGONO Nº 4, PARCELA 19;MEDINA DE RIOSECO;914 719719;info@progestion.org;ASOCIACIÓN PROGESTIÓN;INCLUSIÓN SOCIAL;5155;29.10;Servicio de alojamiento para personas sin hogar;4708601001;2728
CALLE MAYOR 4;TORDEHUMOS;983 714586;cdrsequillo@telefonica.net;ASOCIACION CENTRO DE DESARROLLO RURAL EL SEQUILLO;INCLUSIÓN SOCIAL;5170;27.5;Serv. apoyo para la integración sociolaboral de personas en riesgo de exclusión social;4716401001;2819
CALLE MAYOR 4;TORDEHUMOS;983 393323;cdrsequillo@telefonica.net;ASOCIACION CENTRO DE DESARROLLO RURAL EL SEQUILLO;PERSONAS CON DISCAPACIDAD;5171;9.2;Servicio de promoción de hábitos y estilos de vida saludables;4716401001;2819
PASAJE MARQUESINA 15;VALLADOLID;983 399643;vrojo@ymca.es;ALIANZA CRISTIANA DE JOVENES DE LA YMCA;MUJER;5180;27.3;Servicio de apoyo para la integración sociolaboral de las mujeres en situación de vulnerabi;4718603003;2872
CALLE MIGUEL RUIZ DE TEMIÑO 3;VALLADOLID;609 676165;pmartin@meridianos.org;ASOCIACIÓN PARA EL DESARROLLO Y LA INTEGRACIÓN SOCIAL MERIDIANOS;INFANCIA (Y JUVENTUD);5181;29.3;Servicio de atención residencial para menores infractores;4718604018;2895
PASAJE MARQUESINA 15;VALLADOLID;983 399643;vrojo@ymca.es;ALIANZA CRISTIANA DE JOVENES DE LA YMCA;INCLUSIÓN SOCIAL;5182;27.5;Serv. apoyo para la integración sociolaboral de personas en riesgo de exclusión social;4718603003;2872
AVENIDA EURO Nº 7;VALLADOLID;606 741574;cperez@clece.es;CLECE VITAM, S.A.;PERSONAS MAYORES;5186;29.13;Servicio de atención residencial para personas mayores en situación de dependencia;4718610001;3514
CALLE SATURNO Nº 21;VALLADOLID;669 637985;subvenciones@lamercedmigraciones.org;FUNDACIÓN LA MERCED MIGRACIONES;INCLUSIÓN SOCIAL;5188;26.16;Servicio de apoyo para la inclusión social;4718610001;3514
CALLE CONDE DE ARTECHE S/N;VALLADOLID;983 268433;proyecto.social@entrevecinosvalladolid.es;ASOCIACIÓN DE VECINOS UNIÓN ESGUEVA;INCLUSIÓN SOCIAL;5189;10.1;Servicio de acción social comunitaria y promoción de la solidaridad;4718608036;3511
CALLE PAJARILLOS 1;VALLADOLID;983 204054;info@federboscocyl.org;FEDERACIÓN DE CENTROS JUVENILES DON BOSCO DE CASTILLA Y LEÓN;INCLUSIÓN SOCIAL;5194;10.1;Servicio de acción social comunitaria y promoción de la solidaridad;4718604040;2913
AVENIDA EURO 7;VALLADOLID;983 330603;beatriz.sedano@formacal.com;FORMACAL S.L.;PERSONAS MAYORES;5198;9.1;Servicio de prevención de la situación de dependencia;4718610001;3514
AVENIDA EURO 7;VALLADOLID;983 330603;beatriz.sedano@formacal.com;FORMACAL S.L.;PERSONAS MAYORES;5199;9.3;Servicio de adquisición de competencias para la vida autónoma;4718610001;3514
AVENIDA RAMON Y CAJAL 5;VALLADOLID;983 427100;accion.social@dipvalladolid.es;DIPUTACION PROVINCIAL DE VALLADOLID;POBLACIÓN GENERAL;5202;31.1;Servicio de distribución coordinada de alimentos;4718609001;3001
AVENIDA EURO 7;VALLADOLID;983 330603;beatriz.sedano@formacal.com;FORMACAL S.L.;PERSONAS MAYORES;5203;9.4;Servicio de promoción de la relación con el entorno;4718610001;3514
CALLE MIRABEL 9;VALLADOLID;983 378285;valladolid@fundacionadsis.org;FUNDACION ADSIS;INFANCIA (Y JUVENTUD);5205;26.3;Servicio de apoyo a jóvenes para la transición a la vida adulta;4718609001;3001
CALLE PASION 13;VALLADOLID;627 048183;idc@idcnacional.org;INSTITUTO DE DESARROLLO COMUNITARIO IDC;PERSONAS MAYORES;5208;9.5;Servicio de promoción del conocimiento y la adquisición de habilidades;4718601001;2851
CALLE PIO DEL RIO HORTEGA Nº 6 PLANTA BAJA;VALLADOLID;979 891380;PALENCIA@FADEMUR.ES;FEDERACIÓN DE ASOCIACIONES DE MUJERES RURALES POR LA IGUALDAD DE CASTILLA Y LEÓN (FADEMURCYL);MUJER;5210;1.6;Servicio de información especializada sobre mujer;4718610051;3056
PLAZA ESPAÑA Nº 12;VALLADOLID;983 259030;;FUNDACION ALDABA (PROYECTO HOMBRE);TOXICOMANÍAS Y ADICCIONES;5216;26.20;Serv.de intervención con menores y jóvenes con consumo problemático de drogas y sus familias;4718608036;3511
CALLE MAGALLANES 35;VALLADOLID;;cooperacionamap@gmail.com;ASOCIACIÓN AMAP - ASOC MUNDIAL PARA LA AYUDA DE LOS PUEBLOS NECESITADOS;PERSONAS MAYORES;5234;9.3;Servicio de adquisición de competencias para la vida autónoma;4718602012;2864
AVENIDA PARQUE 10;VILLALON DE CAMPOS;618 617021;INfo@VALDECEA.COM;ASOCIACION CENTRO DE DESARROLLO RURAL VALDECEA;INFANCIA (Y JUVENTUD);5273;17.3;Servicio de atención en centros infantiles de 0 a 3 años;4721401001;3129
CALLE VALDEBUFO 25;VILLARALBO;;asociacionruralza@gmail.com;ASOCIACIÓN RURALZA;PERSONAS MAYORES;5299;9.2;Servicio de promoción de hábitos y estilos de vida saludables;4926101001;3409
CALLE VALDEBUFO 25;VILLARALBO;;asociacionruralza@gmail.com;ASOCIACIÓN RURALZA;PERSONAS CON DISCAPACIDAD;5300;27.4;Servicio de apoyo para la integración sociolaboral de las personas con discapacidad;4926101001;3409
CALLE VALDEBUFO 25;VILLARALBO;722 436373;asociacionruralza@gmail.com;ASOCIACIÓN RURALZA;INCLUSIÓN SOCIAL;5302;26.16;Servicio de apoyo para la inclusión social;4926101001;3409
CALLE HERNAN CORTES 42;ZAMORA;980 523300;zamora@cruzroja.es;CRUZ ROJA ESPAÑOLA;MUJER;5304;2.3;Serv.valoración, orientación, planificación caso - situaciones de violencia de género;4927502014;3450
PLAZA MERCADO CHICO (DEL) 1;AVILA;920 350000;;AYUNTAMIENTO DE ÁVILA;INCLUSIÓN SOCIAL;5317;10.2;Serv.actuaciones preventivas para familias con hijos/as menores en situación de riesgo;0501901002;23
PLAZA SAN FRANCISCO (DE) 3;AVILA;920 224848;castillayleon@cruzroja.es;CRUZ ROJA ESPAÑOLA;MUJER;5318;1.7;Servicio de información especializada sobre violencia de género;0501906012;56
PLAZA MERCADO CHICO (DEL) 1;AVILA;920 350000;;AYUNTAMIENTO DE ÁVILA;INCLUSIÓN SOCIAL;5320;27.5;Serv. apoyo para la integración sociolaboral de personas en riesgo de exclusión social;0501901002;23
CALLE SAN JUAN DE LA CRUZ 8;AVILA;920 352340;caritas.cdavila@caritas.es;CÁRITAS DIOCESANA DE ÁVILA;TOXICOMANÍAS Y ADICCIONES;5321;26.21;Servicio de asistencia sociosanitaria ambulatoria a personas con drogodependencia;0501901002;23
CALLE DOCTOR JESUS GALAN 22-2º PTA DCHA;AVILA;666 532610;avila@accem.es;ACCEM;INCLUSIÓN SOCIAL;5322;29.10;Servicio de alojamiento para personas sin hogar;0501905004;44
CALLE CORDEL DE EXTREMADURA S/N EDIFICIO MERCADO DE GANADOS;BARCO DE AVILA (EL);920 352732;administracion@asociacionfaema.org;FAEMA SALUD MENTAL ÁVILA;PERSONAS CON DISCAPACIDAD;5335;9.5;Servicio de promoción del conocimiento y la adquisición de habilidades;0502101001;59
CALLE PITANZA (LA) 10;HOYO DE PINARES;691 448699;centrosresidencialesgredos@gmail.com;CENTROS RESIDENCIALES GREDOS, SL;PERSONAS MAYORES;5340;29.13;Servicio de atención residencial para personas mayores en situación de dependencia;0510201001;139
CALLE SAN ESTEBAN 8;ARANDA DE DUERO;947 546080;direccion@saludmentalaranda.org;ASOCIACION SALUD MENTAL ARANDA;PERSONAS CON DISCAPACIDAD;5356;9.1;Servicio de prevención de la situación de dependencia;0901803005;339
CALLE ALFAREROS 51 5º G;BURGOS;619 742712;burgos@accem.es;ACCEM;INCLUSIÓN SOCIAL;5365;29.10;Servicio de alojamiento para personas sin hogar;0905903005;392
CALLE CABESTREROS 2C;BURGOS;;larueda@laruedaburgos.org;ASOCIACIÓN PARA LA DEFENSA DE LA MUJER LA RUEDA;VOLUNTARIADO;5367;1.13;Servicio de información especializada sobre voluntariado;0905903004;391
CALLE RAMON Y CAJAL 6;BURGOS;;caritas.cdburgos@caritas.es;CÁRITAS DIOCESANA DE BURGOS;INCLUSIÓN SOCIAL;5369;31.1;Servicio de distribución coordinada de alimentos;0905906001;455
CALLE CRUZ ROJA S/N;BURGOS;947 212311;burgos@cruzroja.es;CRUZ ROJA ESPAÑOLA;PERSONAS MAYORES;5370;9.5;Servicio de promoción del conocimiento y la adquisición de habilidades;0905905035;437
CALLE CRUZ ROJA S/N;BURGOS;947 212311;burgos@cruzroja.es;CRUZ ROJA ESPAÑOLA;VOLUNTARIADO;5371;1.13;Servicio de información especializada sobre voluntariado;0905905035;437
CALLE SAN BRUNO 3 3º A;BURGOS;947 268620;burgos@accem.es;ACCEM;INCLUSIÓN SOCIAL;5373;29.10;Servicio de alojamiento para personas sin hogar;0905905048;450
CALLE LUIS CERNUDA S/N (UNIDAD DE INTERVENCIÓN EDUCATIVA - C.ATENCIÓN INFANCIA);BURGOS;;;FUNDACION DIAGRAMA - INTERVENCION PSICOSOCIAL;INFANCIA (Y JUVENTUD);5384;27.1;Serv. apoyo para integración sociolaboral de menores provenientes de sistemas de infancia;0937201001;799
CALLE PRIORATO S/N;SAN MEDEL;947 481078;manuel@proyectohombreburgos.com;FUNDACIÓN CANDEAL;TOXICOMANÍAS Y ADICCIONES;5399;29.11;Serv. asistencia residencial en comunidades terapéuticas para personas con drogodependencia;0946301001;873
CALLE CAVA 58;PEÑARANDA DE DUERO;947 552091;rdb@riberadeldueroburgalesa.com;ASOCIACIÓN PARA EL  DESARROLLO RURAL INTEGRAL DE LA RIBERA DEL DUERO BURGALESA;INCLUSIÓN SOCIAL;5416;27.5;Serv. apoyo para la integración sociolaboral de personas en riesgo de exclusión social;0926101001;719
CALLE SOTO S/N;VILLARCAYO;947 130197;cedermerindades@lasmerindades.com;ASOCIACIÓN CENTRO DE DESARROLLO RURAL MERINDADES (CEDER MERINDADES);INCLUSIÓN SOCIAL;5432;27.5;Serv. apoyo para la integración sociolaboral de personas en riesgo de exclusión social;0990301002;889
CALLE SAN ROQUE 42;VILLARCAYO;947 131638;administracion@asamimer.org;ASOCIACIÓN PARA AYUDA A PERSONAS CON DISCAPACIDAD DE LA ZONA NORTE DE BURGOS, COMARCA DE LAS MERINDADES (ASAMIMER);INCLUSIÓN SOCIAL;5433;27.5;Serv. apoyo para la integración sociolaboral de personas en riesgo de exclusión social;0990301002;889
CARRETERA QUINTANADUEÑAS 43;QUINTANADUEÑAS;947 238562;fundacioncisa@aspaniasburgos.com;FUNDACIÓN CISA CENTRAL INTEGRAL DE SERVICIOS ASPANIAS;INCLUSIÓN SOCIAL;5436;27.5;Serv. apoyo para la integración sociolaboral de personas en riesgo de exclusión social;0990701001;894
CALLE MAYOR 39;QUINTANADUEÑAS;947 292616;;ASOCIACIÓN CRISTIANA DE COMUNIDADES PARA LA REHABILITACIÓN DE MARGINADOS- ACCOREMA;INCLUSIÓN SOCIAL;5440;29.10;Servicio de alojamiento para personas sin hogar;0990701001;894
PLAZA DE LOS MARQUESES 9,BAJO;ASTORGA;987 099030;astorga@alfaem.org;ASOCIACIÓN LEONESA DE FAMILIARES Y AMIGOS DE ENFERMOS MENTALES - ALFAEM;PERSONAS CON DISCAPACIDAD;5446;9.1;Servicio de prevención de la situación de dependencia;2400802003;907
PLAZA DE LOS MARQUESES 9,BAJO;ASTORGA;987 099030;astorga@alfaem.org;ASOCIACIÓN LEONESA DE FAMILIARES Y AMIGOS DE ENFERMOS MENTALES - ALFAEM;PERSONAS CON DISCAPACIDAD;5447;9.3;Servicio de adquisición de competencias para la vida autónoma;2400802003;907
AVENIDA CONSTITUCION (LA) 3;CACABELOS;664 231006;afammerleon@gmail.com;ASOCIACIÓN DE FAMILIAS Y MUJERES DEL MEDIO RURAL DE LEÓN (AFAMMER - LEÓN);MUJER;5456;27.3;Servicio de apoyo para la integración sociolaboral de las mujeres en situación de vulnerabi;2403001002;3486
CALLE SIERRA PAMBLEY S/N;HOSPITAL DE ORBIGO;987 388737;elvillar@cdrelvillar.org;"CENTRO DESARROLLO RURAL ""EL VILLAR""";INCLUSIÓN SOCIAL;5469;2.5;Servicio de valoración, orientación y planificación de caso para la inclusión social;2408201001;3478
CALLE MOISES DE LEON 4 5ºC;LEON;687 584633;leon@accem.es;ACCEM;INCLUSIÓN SOCIAL;5473;29.10;Servicio de alojamiento para personas sin hogar;2408910005;1080
AVENIDA ORDOÑO II 26 ENTREPLANTA;LEON;987 094686;contabilidad@fundacionavata.org;FUNDACIÓN AVATA DE AYUDA AL ACCIDENTADO;PERSONAS CON DISCAPACIDAD;5474;11.6;Serv. apoyo familiar-promoción autonomía personal-situaciones de dependencia y/o discapacidad;2408902010;1004
PASEO PARQUE (EL) 2;LEON;987 203712;fundacionjuans@fundacionjuans.org;FUNDACIÓN JUAN SOÑADOR;INCLUSIÓN SOCIAL;5475;27.5;Serv. apoyo para la integración sociolaboral de personas en riesgo de exclusión social;2408908002;3508
CALLE SIERRA PAMBLEY 6;LEON;987 218617;caritas@caritasdeleon.org;CARITAS DIOCESANA DE LEÓN;INCLUSIÓN SOCIAL;5478;26.16;Servicio de apoyo para la inclusión social;2411503001;1134
CALLE ASTORGA 5;LEON;983 218453;notificaciones@foremcyl.es;FUNDACION FORMACION Y EMPLEO DE CASTILLA Y LEON (FOREMCYL);INCLUSIÓN SOCIAL;5483;27.5;Serv. apoyo para la integración sociolaboral de personas en riesgo de exclusión social;2416201001;3525
CALLE CAMPOS GOTICOS (LOS) 5 ALBERGUE ASOCIACIONES CHF;LEON;666 663364;belenaren@activosyfelices.org;ASOCIACION ACTIVOS Y FELICES;PERSONAS MAYORES;5485;1.12;Servicio de información especializada sobre convivencia intergeneracional;2408908002;3508
CALLE SAN VICENTE MARTIR 2 BAJO;LEON;987 215600;alquite@alquite.com;ESCUELA DE TIEMPO LIBRE ALQUITE;VOLUNTARIADO;5486;1.13;Servicio de información especializada sobre voluntariado;2408905008;1048
CALLE JORGE DE MONTEMAYOR 8,4ºC;LEON;638 794430;leon@accem.es;ACCEM;INCLUSIÓN SOCIAL;5490;29.10;Servicio de alojamiento para personas sin hogar;2408910007;1082
PLAZA DE LAS CORTES LEONESAS 9,1ºIZQ;LEON;987 210126;gerencia@alfaem.org;ASOCIACIÓN LEONESA DE FAMILIARES Y AMIGOS DE ENFERMOS MENTALES - ALFAEM;PERSONAS CON DISCAPACIDAD;5496;9.4;Servicio de promoción de la relación con el entorno;2411503001;1134
CALLE LOPE DE VEGA 8,1ºE;LEON;638 794430;leon@accem.es;ACCEM;INCLUSIÓN SOCIAL;5502;29.10;Servicio de alojamiento para personas sin hogar;2408903010;1014
CALLE GRAN VIA DE SAN MARCOS 4 1º - OFICINA 1;LEON;987 230062;;ASOCIACIÓN DE AYUDA A VÍCTIMAS DE AGRESIONES SEXUALES Y VIOLENCIA DOMÉSTICA - ADAVAS;MUJER;5521;1.7;Servicio de información especializada sobre violencia de género;2408903010;1014
CALLE BRINDIS MORÁN 2;CAMPO DE PONFERRADA;987 427720;ponferrada@alfaem.org;ASOCIACIÓN LEONESA DE FAMILIARES Y AMIGOS DE ENFERMOS MENTALES - ALFAEM;PERSONAS CON DISCAPACIDAD;5545;9.2;Servicio de promoción de hábitos y estilos de vida saludables;2411502017;1133
CALLE MEDICOS SIN FRONTERAS 8;FUENTES NUEVAS;987 455120;informacion@proyectohombreleon.org;FUNDACIÓN CENTRO ASTORGANO LEONÉS DE SOLIDARIDAD - CALS;TOXICOMANÍAS Y ADICCIONES;5547;26.20;Serv.de intervención con menores y jóvenes con consumo problemático de drogas y sus familias;2411502017;1133
CALLE ESTEBAN DE LA PUENTE S/N;PONFERRADA;987 446600;social-director@ponferrada.org;AYUNTAMIENTO DE PONFERRADA;INCLUSIÓN SOCIAL;5549;27.5;Serv. apoyo para la integración sociolaboral de personas en riesgo de exclusión social;2411501008;1112
BAJOS DEL TORALÍN 16;PONFERRADA;674 617018;adahbierzo@gmail.com;ASOCIACIÓN DÉFICIT DE ATENCIÓN CON/SIN HIPERACTIVIDAD LEÓN;INFANCIA (Y JUVENTUD);5552;12.10;Servicio de apoyo familiar para la inclusión social;2411502017;1133
CALLE CLARA CAMPOAMOR 10;PONFERRADA;626 998957;aspronabierzo@aspronabierzo.org;ASPRONA BIERZO;PERSONAS CON DISCAPACIDAD;5553;27.4;Servicio de apoyo para la integración sociolaboral de las personas con discapacidad;2411502017;1133
CALLE MEDICOS SIN FRONTERAS 8;PONFERRADA;987 455120;informacionph@gmail.com;FUNDACIÓN CENTRO ASTORGANO LEONÉS DE SOLIDARIDAD - CALS;INCLUSIÓN SOCIAL;5554;27.5;Serv. apoyo para la integración sociolaboral de personas en riesgo de exclusión social;2411502017;1133
AVENIDA LIBERTAD (LA) 31;PONFERRADA;669 017804;director@caritasastorga.com;CARITAS DIOCESANA DE ASTORGA;INCLUSIÓN SOCIAL;5555;2.5;Servicio de valoración, orientación y planificación de caso para la inclusión social;2411502004;1120
CALLE MEDICOS SIN FRONTERAS 8;PONFERRADA;987 455120;informacionph@gmail.com;FUNDACIÓN CENTRO ASTORGANO LEONÉS DE SOLIDARIDAD - CALS;TOXICOMANÍAS Y ADICCIONES;5556;26.19;Mediación,orientación,asesoramiento y motivación en ámbito laboral a drogodependientes;2411502017;1133
PLAZA MARIANO TIMON (DE) S/N;PALENCIA;670 903890;;AYUNTAMIENTO DE PALENCIA;POBLACIÓN GENERAL;5583;1.1;Servicio de información sobre derechos y recursos del sistema de servicios sociales;3412006002;1441
CALLE ACACIAS (LAS) 2;PALENCIA;983 306466;contabilidad@aclad.net;ACLAD, ATENCIÓN INTEGRAL A COLECTIVOS EN RIESGO;TOXICOMANÍAS Y ADICCIONES;5584;27.5;Servicio de formación y apoyo para la integración sociolaboral d personas con drogodependencia;3412005004;1428
AVENIDA BERRUGUETE 15;PAREDES DE NAVA;999 999999;mfcopello@hotmail.com;FEDERICO LUIS JESÚS SANDOLI;PERSONAS MAYORES;5599;9.2;Servicio de promoción de hábitos y estilos de vida saludables;3412301002;1469
CALLE RIO ALHANDIGA 6-8 5º A;SALAMANCA;607 771891;salamanca@accem.es;ACCEM;INCLUSIÓN SOCIAL;5607;29.10;Servicio de alojamiento para personas sin hogar;3727405020;1950
CALLE TILOS 1-5 1º E;SALAMANCA;607 771891;salamanca@accem.es;ACCEM;INCLUSIÓN SOCIAL;5608;29.10;Servicio de alojamiento para personas sin hogar;3727405020;1950
CALLE JULITA RAMOS 1;SALAMANCA;983 336777;csantos@cruzroja.es;CRUZ ROJA ESPAÑOLA;INFANCIA (Y JUVENTUD);5613;17.4;Atención lúdica infantil conciliación vida laboral y familiar en vacaciones (Conciliamos);3727405020;1950
CALLE BLANCA DE SILOS 1;SEGOVIA;947 207652;betania@adoratricesb.org;COMUNIDAD ADORATRICES BURGOS;MUJER;5652;29.7;Serv atención especializ. mujeres/niñas víctimas trata con fines explotación sexual;4019405003;2317
CALLE ANSELMO CARRETERO 15;SEGOVIA;968 344344;;FUNDACION DIAGRAMA - INTERVENCION PSICOSOCIAL;INFANCIA (Y JUVENTUD);5655;26.5;Servicio de apoyo a menores con conductas violentas en la familia;4019407004;2331
CALLE ALTOS DE LA PIEDAD S/N;SEGOVIA;921 431608;;ASOCIACIÓN AMANECER-SALUD MENTAL SEGOVIA;PERSONAS CON DISCAPACIDAD;5656;9.5;Servicio de promoción del conocimiento y la adquisición de habilidades;4019404001;2305
CALLE FERROCARRIL 3;ARCOS DE JALON;646 476516;gerencia@jalonasistencial.es;JALÓN ASISTENCIAL, S.L.U.;PERSONAS MAYORES;5667;29.13;Servicio de atención residencial para personas mayores en situación de dependencia;4202501002;3513
CALLE SANTO DOMINGO DE SILOS 1 SEDE CRUZ ROJA SORIA;SORIA;975 234650;tirigoyen@cruzroja.es;CRUZ ROJA ESPAÑOLA;POBLACIÓN GENERAL;5670;10.1;Servicio de acción social comunitaria y promoción de la solidaridad;4217301001;2523
CALLE TARRADILLOS S/N;LAGUNA DE DUERO;661 867671;proyectos@remar.org;REHABILITACION DE MARGINADOS (REMAR);INCLUSIÓN SOCIAL;5684;29.10;Servicio de alojamiento para personas sin hogar;4718604040;2913
AVENIDA JUAN CARLOS I , 2;MEDINA DE RIOSECO;914 719719;info@progestion.org;ASOCIACIÓN PROGESTIÓN;INCLUSIÓN SOCIAL;5688;26.16;Servicio de apoyo para la inclusión social;4708601001;2728
CALLE MEDIANA 5;MEDINA DE RIOSECO;983 725000;colectivo@cdrtcampos.es;COLECTIVO PARA EL DESARROLLO RURAL TIERRA CAMPOS;INCLUSIÓN SOCIAL;5689;1.10;Servicio de información especializada sobre inclusión social;4708601001;2728
TRAVESIA PINTADA, 2;PEÑAFIEL;914 719719;progestionvalladolid@progestion.org;ASOCIACIÓN PROGESTIÓN;INCLUSIÓN SOCIAL;5696;29.10;Servicio de alojamiento para personas sin hogar;4711401002;2764
CALLE VEGA 4;VALLADOLID;923 211749;CAECAL.CYL@GMAIL.COM;CONFEDERACIÓN DE ASOCIACIONES DE VECINOS DE CASTILLA Y LEÓN (CAVECAL);PERSONAS MAYORES;5700;9.4;Servicio de promoción de la relación con el entorno;4718603003;2872
CALLE POLVORA 6;VALLADOLID;983 132828;valladolid@cruzroja.es;CRUZ ROJA ESPAÑOLA;INCLUSIÓN SOCIAL;5701;2.5;Servicio de valoración, orientación y planificación de caso para la inclusión social;4718607005;2957
CALLE SANTA MARIA DE LA CABEZA 21-23;VALLADOLID;669 827591;tatiana@fundacionjuans.org;FUNDACIÓN JUAN SOÑADOR;MUJER;5702;1.7;Servicio de información especializada sobre violencia de género;4718604040;2913
CALLE NEBRIJA 19;VALLADOLID;983 251090;fundacion@rondilla.org;FUNDACIÓN RONDILLA;INCLUSIÓN SOCIAL;5704;1.10;Servicio de información especializada sobre inclusión social;4718608036;3511
AVENIDA EURO 7;VALLADOLID;616 980081;beatriz.sedano@formacal.com;FORMACAL S.L.;PERSONAS MAYORES;5705;9.4;Servicio de promoción de la relación con el entorno;4718610001;3514
AVENIDA EURO 7;VALLADOLID;983 330603;beatriz.sedano@formacal.com;FORMACAL S.L.;PERSONAS MAYORES;5707;9.3;Servicio de adquisición de competencias para la vida autónoma;4718610001;3514
CALLE PAJARILLOS 1;VALLADOLID;666 168909;secretariatecnica@poicyl.org;PLATAFORMA DE ORGANIZACIONES DE INFANCIA DE CASTILLA Y LEÓN;(FAMILIA);5708;12.10;Servicio de apoyo familiar para la inclusión social;4718604040;2913
PASEO EXTREMADURA 9;VALLADOLID;983 426105;sints@ava.es;AYUNTAMIENTO DE VALLADOLID;INCLUSIÓN SOCIAL;5709;29.10;Servicio de alojamiento para personas sin hogar;4718610001;3514
CALLE PAJARILLOS Nº 1;VALLADOLID;983 302823;info@alestecasaj.org;ASOCIACION CASA DE JUVENTUD ALESTE;INFANCIA (Y JUVENTUD);5711;27.1;Serv. apoyo para integración sociolaboral de menores provenientes de sistemas de infancia;4718604040;2913
CALLE SAN BENITO Nº 1;VALLADOLID;983 426105;sints@ava.es;AYUNTAMIENTO DE VALLADOLID;POBLACIÓN GENERAL;5712;31.1;Servicio de distribución coordinada de alimentos;4718609001;3001
CALLE SAN BENITO Nº 1;VALLADOLID;;sints@ava.es;AYUNTAMIENTO DE VALLADOLID;(FAMILIA);5713;12.10;Servicio de apoyo familiar para la inclusión social;4718609001;3001
CALLE DON SANCHO Nº 17;VALLADOLID;687 584633;castillayleon.accem.es;ACCEM;INCLUSIÓN SOCIAL;5714;27.5;Serv. apoyo para la integración sociolaboral de personas en riesgo de exclusión social;4718605002;2916
CALLE TAJAHIERRO S/N;VALLADOLID;983 356908;direccion@elpuentesaludmental.org;FEAFES VALLADOLID EL PUENTE;PERSONAS CON DISCAPACIDAD;5723;9.4;Servicio de promoción de la relación con el entorno;4718610001;3514
CALLE PAULINA HARRIET , Nº 9 - ENTREPLANTA;VALLADOLID;968 344344;;FUNDACION DIAGRAMA - INTERVENCION PSICOSOCIAL;INFANCIA (Y JUVENTUD);5746;27.1;Serv. apoyo para integración sociolaboral de menores provenientes de sistemas de infancia;4718601001;2851
PLAZA SAN JUAN Nº 2;BENAVENTE;980 050943;direccion@menesianoszamora.com;HERMANOS DE LA INSTRUCCIÓN CRISTIANA DE ZAMORA;INCLUSIÓN SOCIAL;5784;27.5;Serv. apoyo para la integración sociolaboral de personas en riesgo de exclusión social;4902101001;3171
CALLE VALDEBUFO 26;VILLARALBO;;asociacionruralza@gmail.com;ASOCIACIÓN RURALZA;PERSONAS CON DISCAPACIDAD;5846;18.1;Servicio de apoyo para la elaboración del proyecto de vida;4926101001;3409
CALLE QUINTÍN ALDEA, Nº1;ZAMORA;980 536831;direccion@feafeszamora.es;ASOCIACIÓN FEAFES ZAMORA (ASOCIACIÓN DE FAMILIARES Y AMIGOS DE ENFERMOS MENTALES DE ZAMORA);PERSONAS CON DISCAPACIDAD;5851;27.4;Servicio de apoyo para la integración sociolaboral de las personas con discapacidad;4927503004;3457
CALLE SANCHO IV 23;ZAMORA;980 509994;administracion@caritaszamora.org;CARITAS DIOCESANA DE ZAMORA;TOXICOMANÍAS Y ADICCIONES;5853;26.21;Servicio de asistencia sociosanitaria ambulatoria a personas con drogodependencia;4927501002;3423
CARRETERA VILLALPANDO KM. 2;ZAMORA;980 535344;banco.al.zamora@gmail.com;ASOCIACIÓN BANCO DE ALIMENTOS DE ZAMORA;(FAMILIA);5854;31.1;Servicio de distribución coordinada de alimentos;4927505006;3467
PLAZA SANTA MARIA NUEVA 2;ZAMORA;980 509994;administracion@caritaszamora.org;CARITAS DIOCESANA DE ZAMORA;INCLUSIÓN SOCIAL;5855;27.5;Serv. apoyo para la integración sociolaboral de personas en riesgo de exclusión social;4927504001;3458
PLAZA VIRIATO 1;ZAMORA;980 509994;administracion@caritaszamora.org;CARITAS DIOCESANA DE ZAMORA;INCLUSIÓN SOCIAL;5856;26.16;Servicio de apoyo para la inclusión social;4927504003;3460
PLAZA SANTO DOMINGO 2;VALENCIA DE DON JUAN;687 584633;leon@accem.es;ACCEM;INCLUSIÓN SOCIAL;5883;29.10;Servicio de alojamiento para personas sin hogar;2418801001;1235
PASEO PADRE FAUSTINO CALVO 46;PALENCIA;979 742300;;ORDEN HOSPITALARIA HERMANOS SAN JUAN DE DIOS;TOXICOMANÍAS Y ADICCIONES;5931;29.11;Serv. asistencia residencial en comunidades terapéuticas para personas con drogodependencia;3412006002;1441
CALLE PADILLA S/N;PALENCIA;979 702604;uppnet@yahoo.es;ASOCIACION UNIVERSIDAD POPULAR DE PALENCIA REY ALFONSO VIII;INCLUSIÓN SOCIAL;5935;27.5;Serv. apoyo para la integración sociolaboral de personas en riesgo de exclusión social;3412005004;1428
CALLE JESUS 10, BAJO;SALAMANCA;923 994177;contacto@planbeduso.es;FUNDACIÓN PLAN B EDUCACIÓN SOCIAL;(FAMILIA);5968;12.1;Servicio de apoyo familiar para la protección a la infancia;3727403009;1897
CALLE PERDONES;SALAMANCA;607 771891;salamanca@accem.es;ACCEM;INCLUSIÓN SOCIAL;5972;29.10;Servicio de alojamiento para personas sin hogar;3727401006;1862
CALLE SAN SILVESTRE 10-12 PORTAL 1 C;SALAMANCA;914 212133;fshc@fshijasdelacaridad.org;FUNDACIÓN SOCIAL HIJAS DE LA CARIDAD;INCLUSIÓN SOCIAL;5974;29.10;Servicio de alojamiento para personas sin hogar;3727401006;1862
CALLE DIEGO PISADOR S/N LOCAL;SALAMANCA;923 264539;inice@inice.es;INSTITUTO DE INVESTIGACIONES CIENTIFICAS Y ECOLOGICAS. INICE;PERSONAS MAYORES;5975;9.3;Servicio de adquisición de competencias para la vida autónoma;3727403009;1897
AVENIDA FEDERICO ANAYA  31 ESC. DCHA. 2º A;SALAMANCA;923 019031;;ASOCIACION SALAMANCA ACOGE;INCLUSIÓN SOCIAL;5977;29.10;Servicio de alojamiento para personas sin hogar;3727405020;1950
CALLE PEÑA PRIMERA 19;SALAMANCA;923 279163;ssociales@aytosalamanca.es;AYUNTAMIENTO DE SALAMANCA;POBLACIÓN GENERAL;5978;1.1;Servicio de información sobre derechos y recursos del sistema de servicios sociales;3727401006;1862
CALLE SAN CLAUDIO 16;SALAMANCA;923 269698;caritas@caritasalamanca.org;CARITAS DIOCESANA DE SALAMANCA;TOXICOMANÍAS Y ADICCIONES;5980;26.20;Serv.de intervención con menores y jóvenes con consumo problemático de drogas y sus familias;3727404024;1930
PLAZA FILIBERTO VILLALOBOS 1;TORRESMENUDAS;;ensuenas@gmail.com;ASOCIACIÓN DE DESARROLLO COMUNITARIO LAS ENSUEÑAS;PERSONAS MAYORES;5997;9.2;Servicio de promoción de hábitos y estilos de vida saludables;3737901001;2093
CALLE LICENCIADO VIDRIERA 40;VILLAMAYOR;644 476239;contacto@colectivokhora.es;COLECTIVO KHORA;INCLUSIÓN SOCIAL;5999;10.1;Servicio de acción social comunitaria y promoción de la solidaridad;3735401002;2062
POLIGONO INDUSTRIAL LAS CASAS 54 NAVE 7;SORIA;975 232196;direccion@asovica.es;ASOCIACION DE FAMILIARES Y ENFERMOS PSIQUICOS VIRGEN DEL CAMINO - ASOVICA;PERSONAS CON DISCAPACIDAD;6029;9.2;Servicio de promoción de hábitos y estilos de vida saludables;4217302012;2542
POLIGONO INDUSTRIAL LAS CASAS 54 NAVE 7;SORIA;975 232196;direccion@asovica.es;ASOCIACION DE FAMILIARES Y ENFERMOS PSIQUICOS VIRGEN DEL CAMINO - ASOVICA;PERSONAS CON DISCAPACIDAD;6030;9.5;Servicio de promoción del conocimiento y la adquisición de habilidades;4217302012;2542
CALLE SAN JUAN 5;SORIA;975 212455;direc.cdosoria@caritas.es;CÁRITAS DIOCESANA DE OSMA-SORIA;INCLUSIÓN SOCIAL;6031;26.16;Servicio de apoyo para la inclusión social;4217303003;2547
CALLE TEATRO Nº 19;SORIA;975 550523;fundacionapipacamz@fundacionapipacam.org;FUNDACIÓN APIP-ACAM;INCLUSIÓN SOCIAL;6032;27.5;Serv. apoyo para la integración sociolaboral de personas en riesgo de exclusión social;4217301001;2523
CALLE SAN JUAN 5;SORIA;975 212455;direc.cdosoria@caritas.es;CÁRITAS DIOCESANA DE OSMA-SORIA;INCLUSIÓN SOCIAL;6033;1.10;Servicio de información especializada sobre inclusión social;4217301001;2523
CALLE SANTO DOMINGO DE SILOS 1;SORIA;975 234650;tirigoyen@cruzroja.es;CRUZ ROJA ESPAÑOLA;INFANCIA (Y JUVENTUD);6034;27.1;Serv. apoyo para integración sociolaboral de menores provenientes de sistemas de infancia;4217301001;2523
CALLE CAMPO 5- 3º PLAN;SORIA;975 220555;gilmarma@jcyl.es;GERENCIA DE SERVICIOS SOCIALES DE CASTILLA Y LEÓN;INFANCIA (Y JUVENTUD);6039;30.1;Serv.protección jurídica y ejercicio tutela para la infancia en situación de desamparo;4217303003;2547
CALLE SAN JUAN 5;SORIA;975 212455;amartin.cdosoria@caritas.es;GRANITO DE TELA, S.L.;INCLUSIÓN SOCIAL;6043;27.5;Serv. apoyo para la integración sociolaboral de personas en riesgo de exclusión social;4217301001;2523
CALLE IGLESIA (LA) 10;TARDELCUENDE;977 268938;mmarquez@grupomimara.com;MIMARA RESIDENCIAL S.L.;PERSONAS MAYORES;6044;29.13;Servicio de atención residencial para personas mayores en situación de dependencia;4219701001;2568
CALLE LINARES 15;ADALIA;983 259030;secretaria@proyectohombreva.org;FUNDACION ALDABA (PROYECTO HOMBRE);TOXICOMANÍAS Y ADICCIONES;6045;27.5;Servicio de formación y apoyo para la integración sociolaboral d personas con drogodependencia;4718608036;3511
CALLE CABALLEROS 1;LAGUNA DE DUERO;983 540058;servicios.sociales@lagunadeduero.org;AYUNTAMIENTO DE LAGUNA DE DUERO;POBLACIÓN GENERAL;6054;12.11;Servicio integral de apoyo a las familias en riesgo de desahucio por deuda hipotecaria;4718604040;2913
CALLE OLLEROS 1;MAYORGA;983 751568;info@valdecea.com;ASOCIACION CENTRO DE DESARROLLO RURAL VALDECEA;POBLACIÓN GENERAL;6056;31.2;Servicio de provisión inmediata de alimentación;4708401001;2713
PLAZA MAYOR 22;VALLADOLID;615 680872;INFO@FECYLDACE.ORG;FEDERACIÓN DE CASTILLA Y LEÓN DE DAÑO CEREBRAL ADQUIRIDO (FECYLDACE);PERSONAS CON DISCAPACIDAD;6086;1.8;Servicio de información especializada sobre discapacidad;4718601001;2851
CALLE VILLANUBLA 38;VALLADOLID;983 376658;coordinacion@programanazaret.org;H H JOSEFINAS DE LA SANTÍSIMA TRINIDAD;INCLUSIÓN SOCIAL;6087;2.5;Servicio de valoración, orientación y planificación de caso para la inclusión social;4718610001;3514
CALLE MARINA DE ESCOBAR 3;VALLADOLID;981 269955;meninos@meninos.org;FUNDACIÓN MENIÑOS;(FAMILIA);6089;12.3;Servicio de apoyo post-adopción;4718601001;2851
CALLE TREVIÑO 74;VALLADOLID;983 591044;administracion@aspaymcyl.org;FUNDACIÓN ASPAYM CASTILLA Y LEÓN;PERSONAS CON DISCAPACIDAD;6091;24.11;Servicio de apoyo técnico a personas en situación de dependencia y/o discapacidad.;4718611042;3099
AVENIDA EURO 7;VALLADOLID;616 980081;beatriz.sedano@formacal.com;FORMACAL S.L.;PERSONAS MAYORES;6094;9.1;Servicio de prevención de la situación de dependencia;4718610001;3514
AVENIDA EURO 7;VALLADOLID;616 980081;beatriz.sedano@formacal.com;FORMACAL S.L.;PERSONAS MAYORES;6095;9.2;Servicio de promoción de hábitos y estilos de vida saludables;4718610001;3514
AVENIDA EURO 7;VALLADOLID;616 980081;beatriz.sedano@formacal.com;FORMACAL S.L.;PERSONAS MAYORES;6096;9.5;Servicio de promoción del conocimiento y la adquisición de habilidades;4718610001;3514
AVENIDA EURO 7;VALLADOLID;983 330603;beatriz.sedano@formacal.com;FORMACAL S.L.;PERSONAS MAYORES;6097;9.2;Servicio de promoción de hábitos y estilos de vida saludables;4718610001;3514
PLAZA MARQUES DE SUANCES S/N;VALLADOLID;983 268433;proyecto.social@entrevecinosvalladolid.es;ASOCIACIÓN DE VECINOS UNIÓN ESGUEVA;POBLACIÓN GENERAL;6098;31.1;Servicio de distribución coordinada de alimentos;4718608036;3511
CALLE PAJARILLOS 1;VALLADOLID;983 204054;info@federboscocyl.org;FEDERACIÓN DE CENTROS JUVENILES DON BOSCO DE CASTILLA Y LEÓN;TOXICOMANÍAS Y ADICCIONES;6101;11.3;Serv. de prevención del consumo de drogas y de disminución de los riesgos en menores y jóvenes;4718604040;2913
CALLE MIGUEL RUIZ DE TEMIÑO 3;VALLADOLID;983 306599;contabilidad@aclad.net;ACLAD, ATENCIÓN INTEGRAL A COLECTIVOS EN RIESGO;INCLUSIÓN SOCIAL;6102;29.10;Servicio de alojamiento para personas sin hogar;4718607022;3510
CALLE SANTUARIO Nº 24;VALLADOLID;998 202301;lsanz@caritasvalladolid.es;CARITAS DIOCESANA DE VALLADOLID;INCLUSIÓN SOCIAL;6103;2.5;Servicio de valoración, orientación y planificación de caso para la inclusión social;4718605002;2916
CALLE PAJARILLOS;VALLADOLID;983 204054;info@federboscocyl.org;FEDERACIÓN DE CENTROS JUVENILES DON BOSCO DE CASTILLA Y LEÓN;INCLUSIÓN SOCIAL;6105;12.10;Servicio de apoyo familiar para la inclusión social;4718604040;2913
AVENIDA EURO 7;VALLADOLID;616 980081;beatriz.sedano@formacal.com;FORMACAL S.L.;PERSONAS MAYORES;6107;9.5;Servicio de promoción del conocimiento y la adquisición de habilidades;4718610001;3514
AVENIDA EURO 7;VALLADOLID;983 330603;beatriz.sedano@formacal.com;FORMACAL S.L.;PERSONAS MAYORES;6108;9.4;Servicio de promoción de la relación con el entorno;4718610001;3514
CALLE PUENTE LA REINA 10;VALLADOLID;983 306599;contabilidad@aclad.net;ACLAD, ATENCIÓN INTEGRAL A COLECTIVOS EN RIESGO;TOXICOMANÍAS Y ADICCIONES;6112;27.5;Servicio de formación y apoyo para la integración sociolaboral d personas con drogodependencia;4718607022;3510
CALLE SATURNO 21;VALLADOLID;983 370685;lamercedvalladolid@lamercedmigraciones.org;FUNDACIÓN LA MERCED MIGRACIONES;INCLUSIÓN SOCIAL;6113;29.10;Servicio de alojamiento para personas sin hogar;4718610001;3514
CALLE PAJARILLOS 1;VALLADOLID;983 302823;info@alestecasaj.org;ASOCIACION CASA DE JUVENTUD ALESTE;VOLUNTARIADO;6114;1.13;Servicio de información especializada sobre voluntariado;4718604040;2913
CALLE ARZOBISPO JOSÉ DELICADO Nº 5;VALLADOLID;983 132828;castillayleon@cruzroja.es;CRUZ ROJA ESPAÑOLA;TOXICOMANÍAS Y ADICCIONES;6115;26.21;Servicio de asistencia sociosanitaria ambulatoria a personas con drogodependencia;4718610051;3056
CALLE POLVORA 6;VALLADOLID;983 132828;;CRUZ ROJA ESPAÑOLA;INCLUSIÓN SOCIAL;6116;1.10;Servicio de información especializada sobre inclusión social;4718607005;2957
CALLE POLVORA 6;VALLADOLID;983 132828;;CRUZ ROJA ESPAÑOLA;VOLUNTARIADO;6117;1.13;Servicio de información especializada sobre voluntariado;4718607005;2957
CALLE SANTA MARIA Nº 2;VALLADOLID;;asociacionstopvf@gmail.com;ASOCIACION STOP VIOLENCIA FAMILIAR;INFANCIA (Y JUVENTUD);6118;12.5;Servicio de mediación gratuíta en situaciones de conflicto familiar;4718601001;2851
CALLE VAZQUEZ DE MENCHACA Nº 28;VALLADOLID;983 275300;info@bancodealimentosdevalladolid.es;FUNDACION BANCO ALIMENTOS DE VALLADOLID;INCLUSIÓN SOCIAL;6119;1.10;Servicio de información especializada sobre inclusión social;4718611042;3099
PASEO JUAN CARLOS I Nº 12;VALLADOLID;697 117270;valladolid@accem.es;ACCEM;INCLUSIÓN SOCIAL;6126;29.10;Servicio de alojamiento para personas sin hogar;4718604018;2895
CALLE CELTAS CORTOS Nº 18 3ºA;VALLADOLID;697 117270;valladolid@accem.es;ACCEM;INCLUSIÓN SOCIAL;6127;29.10;Servicio de alojamiento para personas sin hogar;4718604018;2895
PLAZA RIBERA DE CASTILLA Nº 11 1º D;VALLADOLID;697 117270;valladolid@accem.es;ACCEM;INCLUSIÓN SOCIAL;6128;29.10;Servicio de alojamiento para personas sin hogar;4718608036;3511
CALLE TAJAHIERRO S/N;VALLADOLID;983 356908;direccion@elpuentesaludmental.org;FEAFES VALLADOLID EL PUENTE;PERSONAS CON DISCAPACIDAD;6131;9.3;Servicio de adquisición de competencias para la vida autónoma;4718610001;3514
CALLE TAJAHIERRO S/N;VALLADOLID;983 356908;direccion@elpuentesaludmental.org;FEAFES VALLADOLID EL PUENTE;PERSONAS CON DISCAPACIDAD;6132;9.2;Servicio de promoción de hábitos y estilos de vida saludables;4718610001;3514
AVENIDA SANTANDER 14;VALLADOLID;983 251928;;HERMANOS DE LA INSTRUCCIÓN CRISTIANA DE VALLADOLID;INFANCIA (Y JUVENTUD);6150;27.1;Serv. apoyo para integración sociolaboral de menores provenientes de sistemas de infancia;4718607022;3510
CALLE VAL 2-2º;VALLADOLID;983 394365;;ASOCIACIÓN DE JUGADORES PATOLÓGICOS REHABILITADOS DE VALLADOLID - AJUPAREVA;TOXICOMANÍAS Y ADICCIONES;6166;2.6;Servicio general de información, orientación, apoyo y seguimiento a personas drogodependientes;4718609001;3001
AVENIDA FEDERICO SILVA 34-36;BENAVENTE;980 509994;administracion@cáritaszamora.org;CARITAS DIOCESANA DE ZAMORA;TOXICOMANÍAS Y ADICCIONES;6177;2.6;Servicio general de información, orientación, apoyo y seguimiento a personas drogodependientes;4902101001;3171
PLAZA ZORRILLA 1;ZAMORA;980 535305;CYLCAE@CYLCAE.ORG;CÍRCULO DE AUTÓNOMOS Y EMPRENDEDORES DE CASTILLA Y LEÓN;INCLUSIÓN SOCIAL;6197;27.5;Serv. apoyo para la integración sociolaboral de personas en riesgo de exclusión social;4927501003;3424
PLAZA VIRIATO S/N;ZAMORA;980 559300;presidencia@zamoradipu.es;DIPUTACIÓN PROVINCIAL DE ZAMORA;POBLACIÓN GENERAL;6198;2.1;Servicio de valoración, orientación, planificación de caso y seguimiento;0000000nan;
AVENIDA REYES CATOLICOS 1 C;ZAMORA;980 514447;info@trascampus.org;ASOCIACION CENTRO JUVENIL TRASCAMPUS;TOXICOMANÍAS Y ADICCIONES;6199;26.20;Serv.de intervención con menores y jóvenes con consumo problemático de drogas y sus familias;4927502014;3450
CALLE HERNAN CORTES 42;ZAMORA;980 523300;zamora@cruzroja.es;CRUZ ROJA ESPAÑOLA;PERSONAS CON DISCAPACIDAD;6200;9.3;Servicio de adquisición de competencias para la vida autónoma;4927502014;3450
CALLE QUINTINA ALDEA 1, LOCAL 2;ZAMORA;980 536831;info@feafeszamora.es;ASOCIACIÓN FEAFES ZAMORA (ASOCIACIÓN DE FAMILIARES Y AMIGOS DE ENFERMOS MENTALES DE ZAMORA);PERSONAS CON DISCAPACIDAD;6201;11.6;Serv. apoyo familiar-promoción autonomía personal-situaciones de dependencia y/o discapacidad;4927503004;3457
AVENIDA REQUEJO 24 PORTAL 8 1º IZQ;ZAMORA;980 515272;ana.arza@hotmail.com;ASOCIACIÓN PROVINCIAL DE ALCOHÓLICOS REHABILITADOS A.R.Z.A.;TOXICOMANÍAS Y ADICCIONES;6202;2.6;Servicio general de información, orientación, apoyo y seguimiento a personas drogodependientes;4927502014;3450
CALLE CAPITAN MENDEZ VIGO 10;AVILA;920 352732;faema.it1@gamil.com;FAEMA SALUD MENTAL ÁVILA;INCLUSIÓN SOCIAL;6218;27.5;Serv. apoyo para la integración sociolaboral de personas en riesgo de exclusión social;0501905004;44
PLAZA MERCADO CHICO (DEL) 1;AVILA;920 350000;;AYUNTAMIENTO DE ÁVILA;POBLACIÓN GENERAL;6219;31.1;Servicio de distribución coordinada de alimentos;0501901002;23
PLAZA SAN FRANCISCO (DE) 3;AVILA;920 224848;castillayleon@cruzroja.es;CRUZ ROJA ESPAÑOLA;INCLUSIÓN SOCIAL;6220;1.10;Servicio de información especializada sobre inclusión social;0501906012;56
CALLE CAPITAN MENDEZ VIGO 10 BAJO;AVILA;920 352732;faemats@asociacionfaema.org;FAEMA SALUD MENTAL ÁVILA;PERSONAS CON DISCAPACIDAD;6223;9.1;Servicio de prevención de la situación de dependencia;0501905004;44
CALLE CUESTA ANTIGUA 3 BAJO DCHA;AVILA;666 532610;avila@accem.es;ACCEM;INCLUSIÓN SOCIAL;6224;29.10;Servicio de alojamiento para personas sin hogar;0501905004;44
CALLE CAPITAN MENDEZ VIGO 10 BJ;AVILA;920 352732;faemats@asociacionfaema.org;FAEMA SALUD MENTAL ÁVILA;PERSONAS CON DISCAPACIDAD;6228;9.5;Servicio de promoción del conocimiento y la adquisición de habilidades;0501905004;44
CALLE SANTO TOMAS S/N;AVILA;;;ASOCIACIÓN RESPIRAVILA;PERSONAS CON DISCAPACIDAD;6231;13.49;Serv.atención en centros a personas situación dependencia por descanso cuidador o cuidadora;0501905004;44
CALLE PUENTE (DEL) 30;BARCO DE AVILA (EL);920 340332;almanzor@cdrtcampos.es;CENTRO DESARROLLO RURAL ALMANZOR;INCLUSIÓN SOCIAL;6248;2.5;Servicio de valoración, orientación y planificación de caso para la inclusión social;0502101001;59
CAMINO ESCARDINCHAL S/N;CASAVIEJA;91 3643937;;SERVICIOS INTEGRALES A RESIDENCIAS MAYORES S.L.;PERSONAS MAYORES;6257;29.13;Servicio de atención residencial para personas mayores en situación de dependencia;0505401001;93
AVENIDA RESIDENCIA SANTA ISABEL 17;NAVAHONDILLA;918 923537;aranjuez@basida.org;ASOCIACIÓN BASIDA;INCLUSIÓN SOCIAL;6269;29.10;Servicio de alojamiento para personas sin hogar;0522701001;264
CAMINO UMBRIAS 3;NAVALUENGA;;elhotelito@el-hotelito.es;CENTRO RURAL CLUB HÍPICO ALDEBARÁN, S.L.;TOXICOMANÍAS Y ADICCIONES;6271;29.11;Serv. asistencia residencial en comunidades terapéuticas para personas con drogodependencia;0516301002;199
CALLE EXTRARRADIO 45 BARRIO DE ARRIBA;PRADOSEGAR;675 921457;citaniavila@gmail.com;ASOCIACIÓN CITANIA PARA EL DESARROLLO RURAL;PERSONAS MAYORES;6274;9.2;Servicio de promoción de hábitos y estilos de vida saludables;0526301001;299
CALLE PERELLO Nº48;BARCELONA;935 160463;admin.sbes@sielbleu.es;FUNDACION SIEL BLEU ESPAÑA;PERSONAS MAYORES;6279;9.2;Servicio de promoción de hábitos y estilos de vida saludables;0000000nan;
CALLE ANTONIO BACIERO S/N;ARANDA DE DUERO;947 462004;administracion@apaceburgos.com;ASOCIACIÓN DE AFECTADOS DE PARÁLISIS CEREBRAL Y AFINES (APACE-BURGOS);PERSONAS CON DISCAPACIDAD;6280;27.4;Servicio de apoyo para la integración sociolaboral de las personas con discapacidad;0901803005;339
CALLE ANTONIO BACIERO S/N;ARANDA DE DUERO;947 462004;administracion@apaceburgos.com;ASOCIACIÓN DE AFECTADOS DE PARÁLISIS CEREBRAL Y AFINES (APACE-BURGOS);PERSONAS CON DISCAPACIDAD;6281;1.8;Servicio de información especializada sobre discapacidad;0901803005;339
CALLE DON SILVERIO VELASCO 2;ARANDA DE DUERO;947 500075;etristan@arandadeduero.es;AYUNTAMIENTO DE ARANDA DE DUERO;POBLACIÓN GENERAL;6282;12.11;Servicio integral de apoyo a las familias en riesgo de desahucio por deuda hipotecaria;0901803005;339
CALLE SAN ESTEBAN, 8;ARANDA DE DUERO;947 546080;direccion@saludmentalaranda.org;ASOCIACION SALUD MENTAL ARANDA;PERSONAS MAYORES;6284;9.3;Servicio de adquisición de competencias para la vida autónoma;0901803005;339
AVENIDA CANTABRIA S/N;BURGOS;932 890530;abd@abd-ong.org;ABD ASOCIACIÓN BIENESTAR Y DESARROLLO;(FAMILIA);6298;12.6;Servicio de atención a las familias en los centros Mediacyl;0905905035;437
CALLE SAN JULIAN 28 2º 7;BURGOS;947 268620;burgos@accem.es;ACCEM;INCLUSIÓN SOCIAL;6299;29.10;Servicio de alojamiento para personas sin hogar;0905906001;455
CALLE PEDRO POVEDA CASTROVERDE 3;BURGOS;947 481077;manuel@proyectohombreburgos.com;FUNDACIÓN CANDEAL;TOXICOMANÍAS Y ADICCIONES;6300;27.5;Servicio de formación y apoyo para la integración sociolaboral d personas con drogodependencia;0905905048;450
CALLE PEDRO POVEDA CASTROVERDE 3;BURGOS;947 481077;manuel@proyectohombreburgos.com;FUNDACIÓN CANDEAL;TOXICOMANÍAS Y ADICCIONES;6301;26.18;Serv. de orientación y asesoramiento a personas con drogodependencia con problemas jurídico;0905905048;450
CALLE SAN IGNACIO DE LOYOLA, 2;BURGOS;983 307083;info@redincola.org;FUNDACION RED INCOLA;INCLUSIÓN SOCIAL;6302;27.5;Serv. apoyo para la integración sociolaboral de personas en riesgo de exclusión social;0905906001;455
CALLE SAN IGNACIO DE LOYOLA 2;BURGOS;983 307083;info@redincola.org;FUNDACION RED INCOLA;INCLUSIÓN SOCIAL;6303;2.5;Servicio de valoración, orientación y planificación de caso para la inclusión social;0905906001;455
CALLE DIEGO PORCELOS 4;BURGOS;947 288816;gss@aytoburgos.es;AYUNTAMIENTO DE BURGOS;POBLACIÓN GENERAL;6304;2.1;Servicio de valoración, orientación, planificación de caso y seguimiento;0905903004;391
AVENIDA INDEPENDENCIA 5;BURGOS;947 462004;administracion@apaceburgos.com;ASOCIACIÓN DE AFECTADOS DE PARÁLISIS CEREBRAL Y AFINES (APACE-BURGOS);(FAMILIA);6305;12.9;Serv.formación de cuidadores/as no profesionales de personas con dependencia;0905903004;391
CALLE POZANOS 7 7º A;BURGOS;619 742712;burgos@accem.es;ACCEM;INCLUSIÓN SOCIAL;6306;29.10;Servicio de alojamiento para personas sin hogar;0905905035;437
CALLE CRUZ ROJA S/N;BURGOS;947 212311;burgos@cruzroja.es;CRUZ ROJA ESPAÑOLA;(FAMILIA);6307;12.8;Serv.apoyo familiar -promoción autonomía personal-situaciones de dependencia y/o discapacidad;0905905035;437
AVENIDA INDEPENDENCIA 5;BURGOS;947 462004;administracion@apaceburgos.com;ASOCIACIÓN DE AFECTADOS DE PARÁLISIS CEREBRAL Y AFINES (APACE-BURGOS);PERSONAS CON DISCAPACIDAD;6308;27.4;Servicio de apoyo para la integración sociolaboral de las personas con discapacidad;0905903004;391
CALLE CRUZ ROJA S/N;BURGOS;;;CRUZ ROJA ESPAÑOLA;INCLUSIÓN SOCIAL;6312;1.10;Servicio de información especializada sobre inclusión social;0905905035;437
CALLE CRUZ ROJA S/N;BURGOS;947 212311;burgos@cruzroja.es;CRUZ ROJA ESPAÑOLA;MUJER;6313;2.3;Serv.valoración, orientación, planificación caso - situaciones de violencia de género;0905905035;437
AVENIDA INDEPENDENCIA 5;BURGOS;947 462004;administracion@apaceburgos.com;ASOCIACIÓN DE AFECTADOS DE PARÁLISIS CEREBRAL Y AFINES (APACE-BURGOS);POBLACIÓN GENERAL;6314;2.1;Servicio de valoración, orientación, planificación de caso y seguimiento;0905903004;391
AVENIDA INDEPENDENCIA 5;BURGOS;947 462004;administracion@apaceburgos.com;ASOCIACIÓN DE AFECTADOS DE PARÁLISIS CEREBRAL Y AFINES (APACE-BURGOS);PERSONAS CON DISCAPACIDAD;6315;1.9;Servicio de información y orientación especializada sobre accesibilidad;0905903004;391
CALLE SAN FRANCISCO 8;BURGOS;947 256219;caritas.cdburgos@caritas.es;CÁRITAS DIOCESANA DE BURGOS;INCLUSIÓN SOCIAL;6316;29.10;Servicio de alojamiento para personas sin hogar;0905903004;391
CALLE CRUZ ROJA;BURGOS;947 212311;burgos@cruzroja.es;CRUZ ROJA ESPAÑOLA;PERSONAS MAYORES;6318;9.4;Servicio de promoción de la relación con el entorno;0905905035;437
CALLE CABESTREROS 2C;BURGOS;947 205127;larueda@laruedaburgos.org;ASOCIACIÓN PARA LA DEFENSA DE LA MUJER LA RUEDA;MUJER;6319;26.8;Serv. Acompañamiento, orientación jurídico social a mujer víctima violencia de género;0905903004;391
CALLE CABESTREROS 2C;BURGOS;947 205127;larueda@laruedaburgos.org;ASOCIACIÓN PARA LA DEFENSA DE LA MUJER LA RUEDA;MUJER;6320;26.9;Servicio de apoyo psicológico a víctimas de violencia de género;0905903004;391
CALLE CRUZ ROJA S/N;BURGOS;947 212311;burgos@cruzroja.es;CRUZ ROJA ESPAÑOLA;POBLACIÓN GENERAL;6321;10.1;Servicio de acción social comunitaria y promoción de la solidaridad;0905905035;437
CALLE SEVERO OCHOA 57;BURGOS;;contabilidad@aclad.net;ACLAD, ATENCIÓN INTEGRAL A COLECTIVOS EN RIESGO;TOXICOMANÍAS Y ADICCIONES;6322;27.5;Servicio de formación y apoyo para la integración sociolaboral d personas con drogodependencia;0905905048;450
AVENIDA CANTABRIA 63-4º A;BURGOS;947 268620;burgos@accem.es;ACCEM;INCLUSIÓN SOCIAL;6326;29.10;Servicio de alojamiento para personas sin hogar;0905905035;437
CALLE JUAN DE PADILLA 14;BURGOS;947 223916;direccion@saludmentalburgos.org;ASOCIACIÓN PROSALUD MENTAL DE BURGOS (PROSAME);INCLUSIÓN SOCIAL;6334;27.5;Serv. apoyo para la integración sociolaboral de personas en riesgo de exclusión social;0905905035;437
CALLE PINTOR MANERO 5-7 (traseras);BURGOS;947 232303;;ASOCIACIÓN BURGOS ACOGE;INCLUSIÓN SOCIAL;6348;29.10;Servicio de alojamiento para personas sin hogar;0905905035;437
AVENIDA CASTILLA Y LEON 34;BURGOS;947 232303;;ASOCIACIÓN BURGOS ACOGE;INCLUSIÓN SOCIAL;6350;1.10;Servicio de información especializada sobre inclusión social;0905905035;437
CALLE SANTO DOMINGO (DE) 1 1º IZDA..;LERMA;619 742712;burgos@accem.es;ACCEM;INCLUSIÓN SOCIAL;6361;29.10;Servicio de alojamiento para personas sin hogar;0919401002;634
CALLE CONDADO DE TREVIÑO 1;MIRANDA DE EBRO;947 349175;buzon@mirandadeebro.es;AYUNTAMIENTO DE MIRANDA DE EBRO;POBLACIÓN GENERAL;6366;2.1;Servicio de valoración, orientación, planificación de caso y seguimiento;0921904003;686
CALLE CAVA 58;PEÑARANDA DE DUERO;947 552091;rdb@riberadeldueroburgalesa.com;ASOCIACIÓN PARA EL  DESARROLLO RURAL INTEGRAL DE LA RIBERA DEL DUERO BURGALESA;PERSONAS MAYORES;6375;9.4;Servicio de promoción de la relación con el entorno;0926101001;719
PLAZA DOCTOR BRIVA MIRAVENT 1;BAÑEZA (LA);652 169289;ademe.asociacion@gmail.com;ASOCIACIÓN DE EMPRESARIAS DE CASTILLA Y LEÓN - ADEME;INCLUSIÓN SOCIAL;6409;27.5;Serv. apoyo para la integración sociolaboral de personas en riesgo de exclusión social;2401001004;914
PASEO PARQUE (EL) 2;LEON;987 034117;OSCAR.CASTRO@FUNDACIONJUANS.ORG;FUNDACIÓN JUAN SOÑADOR;INFANCIA (Y JUVENTUD);6434;26.7;Servicio de intervención educativa con menores infractores/as en medio abierto;2408908002;3508
CALLE BRIANDA DE OLIVERA 12 ESC.3, 1º IZDA;LEON;600 303593;cgg73.cg@gmail.com;ANA CRISTINA GARCIA GONZALO;PERSONAS CON DISCAPACIDAD;6437;11.6;Serv. apoyo familiar-promoción autonomía personal-situaciones de dependencia y/o discapacidad;2408908002;3508
CARRETERA CARBAJAL 15;LEON;987 210126;administracion@alfaem.org;ASOCIACIÓN LEONESA DE FAMILIARES Y AMIGOS DE ENFERMOS MENTALES - ALFAEM;INCLUSIÓN SOCIAL;6441;27.5;Serv. apoyo para la integración sociolaboral de personas en riesgo de exclusión social;2408903015;1019
CALLE CAMPOS GOTICOS (LOS) 3;LEON;987 209764;coordinacion@asociacionauryn.org;"ASOCIACION JUVENIL ""AURYN""";(FAMILIA);6443;10.2;Serv.actuaciones preventivas para familias con hijos/as menores en situación de riesgo;2408908002;3508
CALLE CID 24;LEON;987 252535;castillayleon@cruzroja.es;CRUZ ROJA ESPAÑOLA;MUJER;6444;1.7;Servicio de información especializada sobre violencia de género;2411503001;1134
CALLE GRAN VIA DE SAN MARCOS 4-1º OFICINA 1;LEON;987 230062;adavasleon@adavas.org;ASOCIACIÓN DE AYUDA A VÍCTIMAS DE AGRESIONES SEXUALES Y VIOLENCIA DOMÉSTICA - ADAVAS;MUJER;6445;26.9;Servicio de apoyo psicológico a víctimas de violencia de género;2408903010;1014
AVENIDA INDEPENDENCIA 1;LEON;693 268585;gerencia@amepre.es;ASOCIACIÓN ESPAÑOLA DE MEDICINA PREVENTIVA;TOXICOMANÍAS Y ADICCIONES;6447;11.3;Serv. de prevención del consumo de drogas y de disminución de los riesgos en menores y jóvenes;2411503001;1134
CALLE SIERRA PAMBLEY 6;LEON;987 218617;caritas@caritasdeleon.org;CARITAS DIOCESANA DE LEÓN;INCLUSIÓN SOCIAL;6451;1.10;Servicio de información especializada sobre inclusión social;2411503001;1134
AVENIDA REINO DE LEON 12;LEON;987 261449;info@isadoraduncan.es;FUNDACIÓN DE FAMILIAS MONOPARENTALES ISADORA DUNCAN;MUJER;6452;1.6;Servicio de información especializada sobre mujer;2408910005;1080
CALLE TAMBARON S/N;LEON;968 344344;administracion@diagrama.org;FUNDACION DIAGRAMA - INTERVENCION PSICOSOCIAL;INFANCIA (Y JUVENTUD);6453;26.5;Servicio de apoyo a menores con conductas violentas en la familia;2408903015;1019
CALLE PANADEROS 5;LEON;987 895500;juanjose.compadre@aytoleon.es;AYUNTAMIENTO DE LEÓN;INCLUSIÓN SOCIAL;6455;29.10;Servicio de alojamiento para personas sin hogar;2408910005;1080
CALLE SIERRA PAMBLEY 6;LEON;987 218617;caritas@caritasdeleon.org;CARITAS DIOCESANA DE LEÓN;INCLUSIÓN SOCIAL;6456;29.10;Servicio de alojamiento para personas sin hogar;2411503001;1134
CALLE SIERRA PAMBLEY 6;LEON;987 218617;caritas@caritasdeleon.org;CARITAS DIOCESANA DE LEÓN;INCLUSIÓN SOCIAL;6457;27.5;Serv. apoyo para la integración sociolaboral de personas en riesgo de exclusión social;2411503001;1134
AVENIDA ORDOÑO II 10;LEON;987 895727;;AYUNTAMIENTO DE LEÓN;POBLACIÓN GENERAL;6459;2.1;Servicio de valoración, orientación, planificación de caso y seguimiento;2408902010;1004
CALLE TORREJON (EL) 4;LEON;663 401853;direccion@proyectojovenleon.org;FUNDACIÓN PROYECTO JOVEN;TOXICOMANÍAS Y ADICCIONES;6461;26.21;Servicio de asistencia sociosanitaria ambulatoria a personas con drogodependencia;2408910007;1082
CALLE CAMPOS GOTICOS (LOS) 3;LEON;987 209764;coordinacion@asociacionauryn.org;"ASOCIACION JUVENIL ""AURYN""";MUJER;6462;1.6;Servicio de información especializada sobre mujer;2408908002;3508
CALLE TORREJON (EL) 4;LEON;663 401853;director@proyectojovenleon.org;FUNDACIÓN PROYECTO JOVEN;TOXICOMANÍAS Y ADICCIONES;6463;26.20;Serv.de intervención con menores y jóvenes con consumo problemático de drogas y sus familias;2408910007;1082
CALLE ORDOÑO II 10;LEON;987 895574;marta.mejias@aytoleon.es;AYUNTAMIENTO DE LEÓN;TOXICOMANÍAS Y ADICCIONES;6470;26.20;Serv.de intervención con menores y jóvenes con consumo problemático de drogas y sus familias;2408902010;1004
PLAZA DE LAS CORTES LEONESAS 9,1ºIZQ;LEON;987 210126;gerencia@alfaem.org;ASOCIACIÓN LEONESA DE FAMILIARES Y AMIGOS DE ENFERMOS MENTALES - ALFAEM;PERSONAS CON DISCAPACIDAD;6471;9.5;Servicio de promoción del conocimiento y la adquisición de habilidades;2411503001;1134
PLAZA DE LAS CORTES LEONESAS 9,1ºIZQ;LEON;987 210126;gerencia@alfaem.org;ASOCIACIÓN LEONESA DE FAMILIARES Y AMIGOS DE ENFERMOS MENTALES - ALFAEM;PERSONAS CON DISCAPACIDAD;6472;9.1;Servicio de prevención de la situación de dependencia;2411503001;1134
CALLE FRAY LUIS DE LEÓN 16,1ºIZ;LEON;638 794430;leon@accem.es;ACCEM;INCLUSIÓN SOCIAL;6473;29.10;Servicio de alojamiento para personas sin hogar;2408908002;3508
AVENIDA REINO DE LEON 12;LEON;987 261449;info@isadoraduncan.es;FUNDACIÓN DE FAMILIAS MONOPARENTALES ISADORA DUNCAN;MUJER;6474;26.8;Serv. Acompañamiento, orientación jurídico social a mujer víctima violencia de género;2408910005;1080
PLAZA CORTES LEONESAS 9,1ºIZQ.;LEON;987 210126;alfaem@alfaem.org;ASOCIACIÓN LEONESA DE FAMILIARES Y AMIGOS DE ENFERMOS MENTALES - ALFAEM;PERSONAS CON DISCAPACIDAD;6480;11.6;Serv. apoyo familiar-promoción autonomía personal-situaciones de dependencia y/o discapacidad;2411503001;1134
PLAZA COLON 19;LEON;987 256612;;GERENCIA DE SERVICIOS SOCIALES DE CASTILLA Y LEÓN;POBLACIÓN GENERAL;6503;1.1;Servicio de información sobre derechos y recursos del sistema de servicios sociales;2408902010;1004
CALLE BRINDIS MORÁN 2;CAMPO DE PONFERRADA;987 427720;ponferrada@alfaem.org;ASOCIACIÓN LEONESA DE FAMILIARES Y AMIGOS DE ENFERMOS MENTALES - ALFAEM;PERSONAS CON DISCAPACIDAD;6516;9.3;Servicio de adquisición de competencias para la vida autónoma;2411502017;1133
CALLE ESTEBAN DE LA PUENTE S/N;PONFERRADA;987 446600;;AYUNTAMIENTO DE PONFERRADA;POBLACIÓN GENERAL;6523;1.1;Servicio de información sobre derechos y recursos del sistema de servicios sociales;2411501008;1112
CALLE BRINDIS MORÁN 2;PONFERRADA;987 427720;ponferrada@alfaem.org;ASOCIACIÓN LEONESA DE FAMILIARES Y AMIGOS DE ENFERMOS MENTALES - ALFAEM;PERSONAS CON DISCAPACIDAD;6525;24.11;Servicio de apoyo técnico a personas en situación de dependencia y/o discapacidad.;2411502017;1133
CALLE BRINDIS MORÁN 2;PONFERRADA;987 427720;ponferrada@alfaem.org;ASOCIACIÓN LEONESA DE FAMILIARES Y AMIGOS DE ENFERMOS MENTALES - ALFAEM;PERSONAS CON DISCAPACIDAD;6528;9.4;Servicio de promoción de la relación con el entorno;2411502017;1133
CALLE PICONES (LOS) S/N;SAN ANDRES DEL RABANEDO;987 844318;ssociales@aytosanandres.es;AYUNTAMIENTO DE SAN ANDRÉS DEL RABANEDO;POBLACIÓN GENERAL;6546;31.1;Servicio de distribución coordinada de alimentos;2414202013;1188
CALLE CRUZ ROJA (DE LA) 5;PALENCIA;689 662599;;CRUZ ROJA ESPAÑOLA;MUJER;6556;1.7;Servicio de información especializada sobre violencia de género;3412005004;1428
CALLE CRUZ ROJA (DE LA) 5;PALENCIA;689 662599;castillayleon@cruzroja.es;CRUZ ROJA ESPAÑOLA;INCLUSIÓN SOCIAL;6559;26.16;Servicio de apoyo para la inclusión social;3412005004;1428
CALLE CRUZ ROJA (DE LA) 5;PALENCIA;689 662599;;CRUZ ROJA ESPAÑOLA;VOLUNTARIADO;6560;1.13;Servicio de información especializada sobre voluntariado;3412005004;1428
CALLE CRUZ ROJA (DE LA) 5;PALENCIA;689 662599;castillayleon@cruzroja.es;CRUZ ROJA ESPAÑOLA;INCLUSIÓN SOCIAL;6562;2.5;Servicio de valoración, orientación y planificación de caso para la inclusión social;3412005004;1428
CALLE ASTERIO MAÑANOS 6 BAJO;PALENCIA;979 746342;coordinadora@saludmentalpalencia.org;ASOCIACION SALUD MENTAL PALENCIA - FEAFES PALENCIA;PERSONAS MAYORES;6564;9.3;Servicio de adquisición de competencias para la vida autónoma;3412006002;1441
PASEO PADRE FAUSTINO CALVO 46;PALENCIA;979 742300;mariano.cortes@sjd.es;ORDEN HOSPITALARIA HERMANOS SAN JUAN DE DIOS;PERSONAS CON DISCAPACIDAD;6565;24.11;Servicio de apoyo técnico a personas en situación de dependencia y/o discapacidad.;3412006002;1441
CALLE GRANITO 19;LINARES DE RIOFRIO;923 416340;linar52020@hotmail.com;LINAR5 2020 S.L;PERSONAS MAYORES;6598;29.13;Servicio de atención residencial para personas mayores en situación de dependencia;3717201001;1754
CALLE BOLIVAR 33;SALAMANCA;983 399643;vrojo@ymca.es;ALIANZA CRISTIANA DE JOVENES DE LA YMCA;INCLUSIÓN SOCIAL;6604;12.10;Servicio de apoyo familiar para la inclusión social;3727405020;1950
CALLE JUAN DE LA COSA 2;SALAMANCA;646 464433;salamanca@redmadre.es;ASOCIACIÓN REDMADRE SALAMANCA;MUJER;6606;1.6;Servicio de información especializada sobre mujer;3727405020;1950
CALLE ARCO 2 2º F;SALAMANCA;923 211900;info@fmpcyl.es;FEDERACIÓN DE ASOCIACIONES DE MUJERES PROGRESISTAS DE LA COMUNIDAD DE CASTILLA Y LEÓN;MUJER;6608;1.7;Servicio de información especializada sobre violencia de género;3727401006;1862
CALLE CRUZ ROJA 1;SALAMANCA;923 221032;salamanca@cruzroja.es;CRUZ ROJA ESPAÑOLA;MUJER;6610;2.3;Serv.valoración, orientación, planificación caso - situaciones de violencia de género;3727405008;1938
CALLE ARCO 2 2º F;SALAMANCA;923 211900;info@asociacionplazamayor.es;ASOCIACIÓN DE MUJERES DE SALAMANCA PLAZA MAYOR;MUJER;6612;2.3;Serv.valoración, orientación, planificación caso - situaciones de violencia de género;3727401006;1862
CALLE LAGAR 17;SALAMANCA;923 269698;caritas@caritasalamanca.org;CARITAS DIOCESANA DE SALAMANCA;INCLUSIÓN SOCIAL;6613;27.5;Serv. apoyo para la integración sociolaboral de personas en riesgo de exclusión social;3727402001;1869
CALLE MAESTRO TARREGA 6;SALAMANCA;;vrojo@ymca.es;ALIANZA CRISTIANA DE JOVENES DE LA YMCA;INCLUSIÓN SOCIAL;6615;1.10;Servicio de información especializada sobre inclusión social;3727405020;1950
CALLE PLATEROS 19;SALAMANCA;923 240829;bienvenido@asecal.org;ASECAL;INCLUSIÓN SOCIAL;6617;27.5;Serv. apoyo para la integración sociolaboral de personas en riesgo de exclusión social;3727404009;1916
CALLE CASTROVERDE 22;SALAMANCA;923 190150;gestion@saludmentalsalamanca.org;SALUD MENTAL SALAMANCA-AFEMC;MUJER;6623;29.5;Serv. atención integral mujeres víctimas violencia género discapacidad enfermedad mental grave;3727403009;1897
CALLE JESUS 10, BAJO;SALAMANCA;923 994177;contacto@planbeduso.es;FUNDACIÓN PLAN B EDUCACIÓN SOCIAL;INCLUSIÓN SOCIAL;6625;10.1;Servicio de acción social comunitaria y promoción de la solidaridad;3727403009;1897
CALLE TORO 78-82 ENTREPLANTA. PTA 3. OFIC. 6;SALAMANCA;923 216128;nuevagenteasociacion@gmail.com;"ASOCIACION  ""NUEVA GENTE""";TOXICOMANÍAS Y ADICCIONES;6626;2.6;Servicio general de información, orientación, apoyo y seguimiento a personas drogodependientes;3727401006;1862
AVENIDA CEDROS 53 BAJO;SALAMANCA;650 114295;;ASOCIACION SALAMANCA ACOGE;INCLUSIÓN SOCIAL;6647;27.5;Serv. apoyo para la integración sociolaboral de personas en riesgo de exclusión social;3727405020;1950
AVENIDA FEDERICO ANAYA  52 3º B;SALAMANCA;923 019031;;ASOCIACION SALAMANCA ACOGE;INCLUSIÓN SOCIAL;6650;29.10;Servicio de alojamiento para personas sin hogar;3727405008;1938
CALLE GRAN VIA 53-55;SALAMANCA;923 216101;;GERENCIA DE SERVICIOS SOCIALES DE CASTILLA Y LEÓN;INFANCIA (Y JUVENTUD);6655;30.1;Serv.protección jurídica y ejercicio tutela para la infancia en situación de desamparo;3727402001;1869
CARRETERA LEDESMA KM. 2,8;VILLAMAYOR;659 944725;proyectos@remar.org;REHABILITACION DE MARGINADOS (REMAR);INCLUSIÓN SOCIAL;6692;29.10;Servicio de alojamiento para personas sin hogar;3727404009;1916
PASEO SAN MIGUEL 12;VILLAMAYOR;626 706886;sbasociadosjyp@hotmail.com;JOSÉ ANTONIO BELDA LORENZO;PERSONAS MAYORES;6693;29.13;Servicio de atención residencial para personas mayores en situación de dependencia;3735401002;2062
;ESTACION DE EL ESPINAR;685 449081;;ASOCIACION FAMILIAR SAN ANTONIO;PERSONAS MAYORES;6712;9.4;Servicio de promoción de la relación con el entorno;4007603001;2180
AVENIDA VIA ROMA (LA);SEGOVIA;921 619985;segovia@accem.es;ACCEM;INCLUSIÓN SOCIAL;6727;29.10;Servicio de alojamiento para personas sin hogar;4019407004;2331
CALLE RIAZA 6;SEGOVIA;921 462820;;CÁRITAS DIOCESANA DE SEGOVIA;INCLUSIÓN SOCIAL;6728;27.5;Serv. apoyo para la integración sociolaboral de personas en riesgo de exclusión social;4019401004;2292
CALLE MARQUES DEL ARCO (DEL) 22;SEGOVIA;921 460543;sociales.coordinador@segovia.es;AYUNTAMIENTO DE SEGOVIA;(FAMILIA);6729;12.10;Servicio de apoyo familiar para la inclusión social;4019407004;2331
CALLE MARQUES DEL ARCO (DEL) 22;SEGOVIA;921 460543;sociales.coordinador@segovia.es;AYUNTAMIENTO DE SEGOVIA;POBLACIÓN GENERAL;6730;1.1;Servicio de información sobre derechos y recursos del sistema de servicios sociales;4019407004;2331
CALLE SAN AGUSTIN 23;SEGOVIA;921 113369;mmartinez@dipsegovia.es;DIPUTACIÓN PROVINCIAL DE SEGOVIA;(FAMILIA);6732;10.2;Serv.actuaciones preventivas para familias con hijos/as menores en situación de riesgo;4019405003;2317
PASEO CONDE DE SEPULVEDA (DEL) 24 LOCAL;SEGOVIA;687 584633;;ACCEM;INCLUSIÓN SOCIAL;6734;27.5;Serv. apoyo para la integración sociolaboral de personas en riesgo de exclusión social;4019406005;2327
CAMINO PIEDAD (LA) 10;SEGOVIA;921 440202;;CRUZ ROJA ESPAÑOLA;INCLUSIÓN SOCIAL;6735;26.16;Servicio de apoyo para la inclusión social;4019404001;2305
CAMINO PIEDAD (LA) 10;SEGOVIA;921 440202;;CRUZ ROJA ESPAÑOLA;INCLUSIÓN SOCIAL;6736;2.5;Servicio de valoración, orientación y planificación de caso para la inclusión social;4019404001;2305
CAMINO PIEDAD (LA) 10;SEGOVIA;921 440202;;CRUZ ROJA ESPAÑOLA;VOLUNTARIADO;6737;1.13;Servicio de información especializada sobre voluntariado;4019404001;2305
PLAZA FERNANDO DE ROJAS 3;SEGOVIA;;segovia@accem.es;ACCEM;INCLUSIÓN SOCIAL;6740;29.10;Servicio de alojamiento para personas sin hogar;4019404007;2311
POLIGONO INDUSTRIAL LAS CASAS 54 NAVE 7;SORIA;975 232196;direccion@asovica.es;ASOCIACION DE FAMILIARES Y ENFERMOS PSIQUICOS VIRGEN DEL CAMINO - ASOVICA;PERSONAS CON DISCAPACIDAD;6766;9.1;Servicio de prevención de la situación de dependencia;4217302012;2542
CALLE ENRIQUE PASCUAL OLIVA 7 CENTRO REFERENCIA ESTATAL (CREDEF);SORIA;975 244112;credef@imserso.es;INSTITUTO DE MAYORES Y SERVICIOS SOCIALES. IMSERSO;POBLACIÓN GENERAL;6767;2.1;Servicio de valoración, orientación, planificación de caso y seguimiento;4217302012;2542
CALLE SAN BENITO 19;SORIA;975 234650;tirigoyen@cruzroja.es;CRUZ ROJA ESPAÑOLA;TOXICOMANÍAS Y ADICCIONES;6768;26.21;Servicio de asistencia sociosanitaria ambulatoria a personas con drogodependencia;4217301008;2530
PLAZA MAYOR 1;SORIA;975 240949;eicrespo@soria.es;AYUNTAMIENTO DE SORIA;POBLACIÓN GENERAL;6769;2.1;Servicio de valoración, orientación, planificación de caso y seguimiento;4217301001;2523
PLAZA MAYOR 1;SORIA;975 240949;eicrespo@soria.es;AYUNTAMIENTO DE SORIA;INCLUSIÓN SOCIAL;6770;27.5;Serv. apoyo para la integración sociolaboral de personas en riesgo de exclusión social;4217301001;2523
CALLE RONDA ELOY SANZ VILLA 4 PISO 4ºE;SORIA;975 212176;vicariageneral@osma-soria.org;OBISPADO DE OSMA SORIA;(FAMILIA);6771;12.10;Servicio de apoyo familiar para la inclusión social;4217303003;2547
CALLE SANTO DOMINGO DE SILOS 1;SORIA;975 234650;tirigoyen@cruzroja.es;CRUZ ROJA ESPAÑOLA;PERSONAS MAYORES;6775;9.3;Servicio de adquisición de competencias para la vida autónoma;4217301001;2523
CALLE SAN BENITO 19;SORIA;;soria@cruzroja.es;CRUZ ROJA ESPAÑOLA;TOXICOMANÍAS Y ADICCIONES;6776;26.20;Serv.de intervención con menores y jóvenes con consumo problemático de drogas y sus familias;4217301008;2530
CALLE RAMON Y CAJAL 7;ARROYO;;mjfidalgo@integracionsm.es;SENIOR ASISTENCIA INTEGRAL, S.L;PERSONAS MAYORES;6787;29.13;Servicio de atención residencial para personas mayores en situación de dependencia;4701001001;2600
CALLE PABLO IGLESIAS 25;MEDINA DE RIOSECO;914 719719;progestionvalladolid@progestion.org;ASOCIACIÓN PROGESTIÓN;INCLUSIÓN SOCIAL;6799;29.10;Servicio de alojamiento para personas sin hogar;4708601001;2728
CALLE MAYOR 4;TORDEHUMOS;983 393323;cdrsequillo.tenefonica.net;ASOCIACION CENTRO DE DESARROLLO RURAL EL SEQUILLO;PERSONAS MAYORES;6818;9.4;Servicio de promoción de la relación con el entorno;4716401001;2819
AVENIDA RAMON Y CAJAL 5;VALLADOLID;983 427100;accion.social@dipvalladolid.es;DIPUTACION PROVINCIAL DE VALLADOLID;POBLACIÓN GENERAL;6824;2.1;Servicio de valoración, orientación, planificación de caso y seguimiento;4718609001;3001
AVENIDA EURO 7;VALLADOLID;983 330603;beatriz.sedano@formacal.com;FORMACAL S.L.;PERSONAS MAYORES;6825;9.5;Servicio de promoción del conocimiento y la adquisición de habilidades;4718610001;3514
CALLE POLVORA 6;VALLADOLID;983 132828;valladolid@cruzroja.es;CRUZ ROJA ESPAÑOLA;MUJER;6826;2.3;Serv.valoración, orientación, planificación caso - situaciones de violencia de género;4718607005;2957
AVENIDA EURO 7;VALLADOLID;616 980081;beatriz.sedano@formacal.com;FORMACAL S.L.;PERSONAS MAYORES;6827;9.4;Servicio de promoción de la relación con el entorno;4718610001;3514
AVENIDA EURO 7;VALLADOLID;983 330603;beatriz.sedano@formacal.com;FORMACAL S.L.;PERSONAS MAYORES;6828;9.2;Servicio de promoción de hábitos y estilos de vida saludables;4718610001;3514
AVENIDA EURO 7;VALLADOLID;983 330603;beatriz.sedano@formacal.com;FORMACAL S.L.;PERSONAS MAYORES;6830;9.3;Servicio de adquisición de competencias para la vida autónoma;4718610001;3514
AVENIDA EURO 7;VALLADOLID;983 330603;beatriz.sedano@formacal.com;FORMACAL S.L.;PERSONAS MAYORES;6831;9.1;Servicio de prevención de la situación de dependencia;4718610001;3514
AVENIDA EURO 7;VALLADOLID;983 330603;beatriz.sedano@formacal.com;FORMACAL S.L.;PERSONAS MAYORES;6832;9.2;Servicio de promoción de hábitos y estilos de vida saludables;4718610001;3514
CALLE CONDE DE ARTECHE S/N;VALLADOLID;983 268433;proyecto.social@entrevecinosvalladolid.es;ASOCIACIÓN DE VECINOS UNIÓN ESGUEVA;INCLUSIÓN SOCIAL;6833;27.5;Serv. apoyo para la integración sociolaboral de personas en riesgo de exclusión social;4718608036;3511
CALLE OLMO Nº 63;VALLADOLID;983 307083;info@redincola.org;FUNDACION RED INCOLA;INCLUSIÓN SOCIAL;6834;27.5;Serv. apoyo para la integración sociolaboral de personas en riesgo de exclusión social;4718608036;3511
CALLE VERBENA 5;VALLADOLID;983 219622;direcciooncyl@gitanos.org;FUNDACION SECRETARIADO GITANO (FSG);INCLUSIÓN SOCIAL;6835;26.16;Servicio de apoyo para la inclusión social;4718607005;2957
PASEO CAUCE Nº 31;VALLADOLID;983 202301;lsanz@caritasvalladolid.es;CARITAS DIOCESANA DE VALLADOLID;INCLUSIÓN SOCIAL;6836;29.10;Servicio de alojamiento para personas sin hogar;4718607022;3510
CALLE CELTAS CORTOS Nº 3;VALLADOLID;983 225125;fundacionpersonas@fundacionpersonas.es;FUNDACIÓN PERSONAS;INCLUSIÓN SOCIAL;6837;27.5;Serv. apoyo para la integración sociolaboral de personas en riesgo de exclusión social;4718604018;2895
CALLE TAJAHIERRO S/N;VALLADOLID;983 356908;programas@elpuentesaludmental.org;FEAFES VALLADOLID EL PUENTE;PERSONAS CON DISCAPACIDAD;6838;27.4;Servicio de apoyo para la integración sociolaboral de las personas con discapacidad;4718610001;3514
AVENIDA EURO 7;VALLADOLID;983 330603;beatriz.sedano@formacal.com;FORMACAL S.L.;PERSONAS MAYORES;6840;9.2;Servicio de promoción de hábitos y estilos de vida saludables;4718610001;3514
AVENIDA EURO 7;VALLADOLID;983 330603;beatriz.sedano@formacal.com;FORMACAL S.L.;PERSONAS MAYORES;6841;9.1;Servicio de prevención de la situación de dependencia;4718610001;3514
AVENIDA EURO 7;VALLADOLID;983 330603;beatriz.sedano@formacal.com;FORMACAL S.L.;PERSONAS MAYORES;6842;9.1;Servicio de prevención de la situación de dependencia;4718610001;3514
CALLE SAN ILDEFONSO 7 3º;VALLADOLID;637 789858;CASTILLAYLEON@REDMADRE.ES;FEDERACIÓN REDMADRE CASTILLA Y LEÓN;MUJER;6843;10.4;Servicio de apoyo a mujeres embarazadas o madres en situación de especial vulnerabilidad;4718602012;2864
CALLE SANTIAGO ALBA 31;VALLADOLID;663 812863;info@22q.es;ASOCIACIÓN SÍNDROME 22Q11;POBLACIÓN GENERAL;6844;2.1;Servicio de valoración, orientación, planificación de caso y seguimiento;4718611042;3099
CALLE GRANADA 21 ENTREPLANTA;VALLADOLID;606 742014;bienvenido@asecal.org;ASECAL;(FAMILIA);6846;12.10;Servicio de apoyo familiar para la inclusión social;4718604040;2913
CALLE GENERAL ALMIRANTE 7;VALLADOLID;983 306599;contabilidad@aclad.net;ACLAD, ATENCIÓN INTEGRAL A COLECTIVOS EN RIESGO;TOXICOMANÍAS Y ADICCIONES;6847;11.3;Serv. de prevención del consumo de drogas y de disminución de los riesgos en menores y jóvenes;4718609001;3001
CALLE NICASIO PEREZ Nº 17;VALLADOLID;983 378285;aurora.corona@fundacionadsis.org;FUNDACION ADSIS;INCLUSIÓN SOCIAL;6848;26.16;Servicio de apoyo para la inclusión social;4718607005;2957
CALLE POLVORA 6;VALLADOLID;;valladolid@cruzroja.es;CRUZ ROJA ESPAÑOLA;(FAMILIA);6850;12.9;Serv.formación de cuidadores/as no profesionales de personas con dependencia;4718607005;2957
CALLEJÓN ALCOHOLERA NAVE 1;VALLADOLID;983 709569;febacyl@gmail.com;FEDERACIÓN DE BANCOS DE ALIMENTOS DE CASTILLA Y LEÓN - FEBACYL;INCLUSIÓN SOCIAL;6851;31.1;Servicio de distribución coordinada de alimentos;4718611042;3099
CALLE GENERAL ALMIRANTE 7;VALLADOLID;983 306599;contabilidad@aclad.net;COMITE CIUDADANO ANTI-SIDA DE VALLADOLID;INCLUSIÓN SOCIAL;6852;26.16;Servicio de apoyo para la inclusión social;4718609001;3001
CALLE PAJARILLOS Nº 1;VALLADOLID;659 387157;POLCASTILLAYLEON@GMAIL.COM;PLATAFORMA DE ORGANIZACIONES DE INFANCIA DE CASTILLA Y LEÓN;POBLACIÓN GENERAL;6854;1.1;Servicio de información sobre derechos y recursos del sistema de servicios sociales;4718604040;2913
CALLE PAJARILLOS Nº 1 BAJO;VALLADOLID;983 204054;info@federboscocyl.org;FEDERACIÓN DE CENTROS JUVENILES DON BOSCO DE CASTILLA Y LEÓN;INFANCIA (Y JUVENTUD);6855;27.1;Serv. apoyo para integración sociolaboral de menores provenientes de sistemas de infancia;4718604040;2913
CALLE EMBAJADORES Nº 20 1ºC;VALLADOLID;697 117270;valladolid@accem.es;ACCEM;INCLUSIÓN SOCIAL;6861;29.10;Servicio de alojamiento para personas sin hogar;4718604018;2895
CALLE CARDENAL CISNEROS 25 2º D;VALLADOLID;983 378285;;FUNDACION ADSIS;INFANCIA (Y JUVENTUD);6880;29.2;Servicio de atención residencial para la transición de menores de edad a la vida adulta;4718609001;3001
CALLE VIRGEN DE GRACIA 2;TORO;983 399633;DSP@INTRAS.ES;FUNDACION INTRAS;INCLUSIÓN SOCIAL;6979;27.5;Serv. apoyo para la integración sociolaboral de personas en riesgo de exclusión social;4921903001;3369
CALLE COLON 19;ZAMORA;686 123034;asociacionadasci@gmail.com;ASOCIACIÓN PARA EL DESARROLLO, APOYO SOCIAL, COOPERACIÓN E INCLUSIÓN (ADASCI);MUJER;6994;27.3;Servicio de apoyo para la integración sociolaboral de las mujeres en situación de vulnerabi;4927502006;3442
PLAZA VIRIATO S/N;ZAMORA;980 559300;presidencia@zamoradipu.es;DIPUTACIÓN PROVINCIAL DE ZAMORA;(FAMILIA);6996;10.2;Serv.actuaciones preventivas para familias con hijos/as menores en situación de riesgo;0000000nan;
PLAZA SAN ESTEBAN 3;ZAMORA;980 548700;mar.lera@zamora.org;AYUNTAMIENTO DE ZAMORA;(FAMILIA);6998;31.1;Servicio de distribución coordinada de alimentos;4927501002;3423
PLAZA VIRIATO 1;ZAMORA;980 509994;administracion@caritaszamora.org;CARITAS DIOCESANA DE ZAMORA;TOXICOMANÍAS Y ADICCIONES;7001;26.20;Serv.de intervención con menores y jóvenes con consumo problemático de drogas y sus familias;4927504003;3460
AVENIDA MARTINEZ CATENA ,2;CEUTA (CIUDAD);947 257690;martap@arasti.com;SERVISOCIALES CANARIOS, S.L.;PERSONAS MAYORES;7021;29.13;Servicio de atención residencial para personas mayores en situación de dependencia;0000000nan;
CARRETERA ASTURIAS 55;CARBAJAL DE LA LEGUA;659 944725;proyectos@remar.org;REHABILITACION DE MARGINADOS (REMAR);INCLUSIÓN SOCIAL;7022;29.10;Servicio de alojamiento para personas sin hogar;2416301002;1212
CALLE PANDIETSA 20;VILLABLINO;987 798252;villablino@alfaem.org;ASOCIACIÓN LEONESA DE FAMILIARES Y AMIGOS DE ENFERMOS MENTALES - ALFAEM;PERSONAS CON DISCAPACIDAD;7035;9.3;Servicio de adquisición de competencias para la vida autónoma;2420201003;1252
CALLE PEDRO UNANUE 14;MADRID;91 5422900;fundacion@cibervoluntarios.org;FUNDACIÓN CIBERVOLUNTARIOS;INCLUSIÓN SOCIAL;7046;10.1;Servicio de acción social comunitaria y promoción de la solidaridad;0000000nan;
CALLE MAYOR 20;ANTIGÜEDAD;617 521946;corazonsocial1@gmail.com;ASOCIACIÓN CORAZÓN SOCIAL;PERSONAS MAYORES;7059;29.13;Servicio de atención residencial para personas mayores en situación de dependencia;3407001001;1363
TRAVESÍA SAN BARTOLOME 18;CARRION DE LOS CONDES;979 880534;;ASOCIACION CENTRO DE DESARROLLO RURAL CARRION DE LOS CONDES;INCLUSIÓN SOCIAL;7066;2.5;Servicio de valoración, orientación y planificación de caso para la inclusión social;3404701001;1339
CALLE IGLESIA (LA) 11;GUARDO;979 746342;tsguardo@saludmentalpalencia.org;ASOCIACION SALUD MENTAL PALENCIA - FEAFES PALENCIA;INCLUSIÓN SOCIAL;7074;27.5;Serv. apoyo para la integración sociolaboral de personas en riesgo de exclusión social;3408001002;3529
CAMINO PIEDAD (LA) 10;SEGOVIA;921 440202;;CRUZ ROJA ESPAÑOLA;INCLUSIÓN SOCIAL;7082;1.10;Servicio de información especializada sobre inclusión social;4019404001;2305
CALLE CLAVEL (DEL) 9;SEGOVIA;664 420018;marboledag@accem.es;ACCEM;INCLUSIÓN SOCIAL;7085;29.10;Servicio de alojamiento para personas sin hogar;4019404001;2305
CALLE ANSELMO CARRETERO 15;SEGOVIA;968 344344;;FUNDACION DIAGRAMA - INTERVENCION PSICOSOCIAL;INFANCIA (Y JUVENTUD);7091;27.1;Serv. apoyo para integración sociolaboral de menores provenientes de sistemas de infancia;4019401004;2292
CALLE NICOLAS SALMERON Nº 22 BAJO;VALLADOLID;914 719719;progestionvalladolid@progestion.org;ASOCIACIÓN PROGESTIÓN;TOXICOMANÍAS Y ADICCIONES;7122;27.5;Servicio de formación y apoyo para la integración sociolaboral d personas con drogodependencia;4718607005;2957
LOS CARRILES S/N;TRABAZOS;980 697742;INFO@MONTEBARRIO.COM;RESIDENCIA MONTEBARRIO, S.L.;PERSONAS MAYORES;7161;29.13;Servicio de atención residencial para personas mayores en situación de dependencia;4922301001;3373
CALLE ALONSO DE TEJEDA 4 BIS ENTREPLANTA A;ZAMORA;980 570132;fundacionpersonas@fundacionspersonas.es;FUNDACIÓN PERSONAS;INCLUSIÓN SOCIAL;7166;27.5;Serv. apoyo para la integración sociolaboral de personas en riesgo de exclusión social;4927502004;3440
CALLE SOR DOSITEA ANDRES 1;ZAMORA;980 509994;;CARITAS DIOCESANA DE ZAMORA;INCLUSIÓN SOCIAL;7181;29.10;Servicio de alojamiento para personas sin hogar;4927502003;3439
CALLE VALLE DEL CORNEJA 6;AVILA;609 368321;escuelas@escuelascampesinas.org;ASOCIACIÓN CULTURAL ESCUELAS CAMPESINAS DE ÁVILA;INCLUSIÓN SOCIAL;7187;2.5;Servicio de valoración, orientación y planificación de caso para la inclusión social;0501904014;40
CALLE CARDENAL CISNEROS 29;AVILA;687 584633;castillayleon@accem.es;ACCEM;INFANCIA (Y JUVENTUD);7188;29.2;Servicio de atención residencial para la transición de menores de edad a la vida adulta;0501905004;44
CALLE SAN JUAN DE LA CRUZ 8;AVILA;920 352340;caritas.cdavila@caritas.es;CÁRITAS DIOCESANA DE ÁVILA;INCLUSIÓN SOCIAL;7189;2.5;Servicio de valoración, orientación y planificación de caso para la inclusión social;0501901002;23
AVENIDA JUAN PABLO II 20;AVILA;920 357102;;DIPUTACIÓN PROVINCIAL DE ÁVILA;POBLACIÓN GENERAL;7190;1.1;Servicio de información sobre derechos y recursos del sistema de servicios sociales;0501905004;44
CALLE BURGOHONDO 7 2ºA;AVILA;666 532610;avila@accem.es;ACCEM;INCLUSIÓN SOCIAL;7195;29.10;Servicio de alojamiento para personas sin hogar;0501904014;40
CALLE ANTONIO BACIERO S/N;ARANDA DE DUERO;947 462004;administracion@apaceburgos.com;ASOCIACIÓN DE AFECTADOS DE PARÁLISIS CEREBRAL Y AFINES (APACE-BURGOS);POBLACIÓN GENERAL;7221;2.1;Servicio de valoración, orientación, planificación de caso y seguimiento;0901803005;339
CALLE CALLE JUAN BRAVO, 2;ARANDA DE DUERO;947 546080;direccion@saludmentalaranda.org;ASOCIACION SALUD MENTAL ARANDA;PERSONAS CON DISCAPACIDAD;7223;27.4;Servicio de apoyo para la integración sociolaboral de las personas con discapacidad;0901803005;339
CALLE SAN ESTEBAN 8;ARANDA DE DUERO;947 546080;direccion@saludmentalaranda.org;ASOCIACION SALUD MENTAL ARANDA;PERSONAS MAYORES;7224;9.5;Servicio de promoción del conocimiento y la adquisición de habilidades;0901803005;339
CALLE SAN PEDRO DE CARDEÑA 24 4º B;BURGOS;619 742712;burgos@accem.es;ACCEM;INCLUSIÓN SOCIAL;7230;29.10;Servicio de alojamiento para personas sin hogar;0905905020;422
CALLE DIEGO PORCELOS 4;BURGOS;947 288816;gss@aytoburgos.es;AYUNTAMIENTO DE BURGOS;(FAMILIA);7231;10.2;Serv.actuaciones preventivas para familias con hijos/as menores en situación de riesgo;0905903004;391
CALLE SAN FRANCISCO 8;BURGOS;947 288816;gss@aytoburgos.es;AYUNTAMIENTO DE BURGOS;INCLUSIÓN SOCIAL;7232;29.10;Servicio de alojamiento para personas sin hogar;0905903004;391
AVENIDA COSTA RICA 150;BURGOS;646 669950;info@fundacionoxigeno.org;FUNDACIÓN OXÍGENO;TOXICOMANÍAS Y ADICCIONES;7233;26.20;Serv.de intervención con menores y jóvenes con consumo problemático de drogas y sus familias;0905903005;392
CALLE SAN FRANCISCO 8;BURGOS;947 256219;caritas.cdburgos@caritas.es;CÁRITAS DIOCESANA DE BURGOS;INCLUSIÓN SOCIAL;7234;1.10;Servicio de información especializada sobre inclusión social;0905903004;391
CALLE CONDESA MENCIA 150;BURGOS;947 238562;fundacion@aspaniasburgos.com;FUNDACIÓN ASPANIAS BURGOS;PERSONAS CON DISCAPACIDAD;7237;13.49;Serv.atención en centros a personas situación dependencia por descanso cuidador o cuidadora;0905905035;437
CALLE PEDRO POVEDA CASTROVERDE Nº 3;BURGOS;947 481077;administracion@proyectohombreburgos.com;FUNDACIÓN CANDEAL;TOXICOMANÍAS Y ADICCIONES;7239;26.20;Serv.de intervención con menores y jóvenes con consumo problemático de drogas y sus familias;0905905048;450
CALLE JUAN DE PADILLA 12;BURGOS;947 223916;direccion@saludmentalburgos.org;ASOCIACIÓN PROSALUD MENTAL DE BURGOS (PROSAME);PERSONAS CON DISCAPACIDAD;7241;11.6;Serv. apoyo familiar-promoción autonomía personal-situaciones de dependencia y/o discapacidad;0905905035;437
CALLE ALMACENES 18-20;MIRANDA DE EBRO;947 312801;saludmentalmiranda@saludmentalmiranda.com;ASOCIACIÓN AYUDA ENFERMOS MENTALES DE MIRANDA - SALUD MENTAL MIRANDA;PERSONAS CON DISCAPACIDAD;7263;9.1;Servicio de prevención de la situación de dependencia;0921904003;686
CALLE ALMACENES 18-20;MIRANDA DE EBRO;947 312801;saludmentalmiranda@saludmentalmiranda.com;ASOCIACIÓN AYUDA ENFERMOS MENTALES DE MIRANDA - SALUD MENTAL MIRANDA;PERSONAS CON DISCAPACIDAD;7264;24.11;Servicio de apoyo técnico a personas en situación de dependencia y/o discapacidad.;0921904003;686
CALLE FRAY LUIS DE LEON 14;VALLADOLID;;;PROCOMAR VALLADOLID ACOGE, PROMOCIÓN COLECTIVOS MARGINADOS VALLADOLID ACOGE;INCLUSIÓN SOCIAL;7266;27.5;Serv. apoyo para la integración sociolaboral de personas en riesgo de exclusión social;4718605002;2916
CALLE SANTUARIO 4;VALLADOLID;983 291267;;SOCIEDAD DE SAN VICENTE DE PAUL;INCLUSIÓN SOCIAL;7279;31.1;Servicio de distribución coordinada de alimentos;4718605002;2916
CALLE SANTUARIO 7;VALLADOLID;;;PROCOMAR VALLADOLID ACOGE, PROMOCIÓN COLECTIVOS MARGINADOS VALLADOLID ACOGE;INCLUSIÓN SOCIAL;7283;2.5;Servicio de valoración, orientación y planificación de caso para la inclusión social;4718609001;3001
CALLE ALBA 6;TORO;983 399633;dsp@intras.es;FUNDACION INTRAS;MUJER;7344;29.5;Serv. atención integral mujeres víctimas violencia género discapacidad enfermedad mental grave;4921903001;3369
PLAZA ZORRILLA 1;ZAMORA;980 535305;cylcae@cylcae.org;CÍRCULO DE AUTÓNOMOS Y EMPRENDEDORES DE CASTILLA Y LEÓN;MUJER;7355;27.2;Serv. apoyo para la integración sociolaboral de mujeres víctimas de violencia de género;4927501003;3424
CALLE HERNAN CORTES 42;ZAMORA;980 523300;zamora@cruzroja.es;CRUZ ROJA ESPAÑOLA;INCLUSIÓN SOCIAL;7356;1.10;Servicio de información especializada sobre inclusión social;4927502014;3450
AVENIDA CARDENAL CISNEROS 26 BAJO;ZAMORA;968 344344;administracion@diagrama.org;FUNDACION DIAGRAMA - INTERVENCION PSICOSOCIAL;INFANCIA (Y JUVENTUD);7357;26.5;Servicio de apoyo a menores con conductas violentas en la familia;4927502012;3448
PLAZA VIRIATO S/N;ZAMORA;980 559300;presidencia@zamoradipu.es;DIPUTACIÓN PROVINCIAL DE ZAMORA;(FAMILIA);7358;12.11;Servicio integral de apoyo a las familias en riesgo de desahucio por deuda hipotecaria;0000000nan;
CALLE PONTEJOS 13;ZAMORA;980 509431;direccion@menesianoszamora.com;HERMANOS DE LA INSTRUCCIÓN CRISTIANA DE ZAMORA;INFANCIA (Y JUVENTUD);7359;26.3;Servicio de apoyo a jóvenes para la transición a la vida adulta;4927503004;3457
PLAZA SAN ESTEBAN S/N;ZAMORA;980 548700;mar.lera@zamora.es;AYUNTAMIENTO DE ZAMORA;POBLACIÓN GENERAL;7360;1.1;Servicio de información sobre derechos y recursos del sistema de servicios sociales;4927501002;3423
CALLE PRADO TUERTO 17;ZAMORA;980 671300;;GERENCIA DE SERVICIOS SOCIALES DE CASTILLA Y LEÓN;POBLACIÓN GENERAL;7374;1.1;Servicio de información sobre derechos y recursos del sistema de servicios sociales;4927502005;3441
PLAZA VIRIATO 2;ZAMORA;980 532626;;CARITAS DIOCESANA DE ZAMORA;INCLUSIÓN SOCIAL;7379;1.10;Servicio de información especializada sobre inclusión social;4927504003;3460
CALLE CAPITAN MENDEZ VIGO 10 BJ;AVILA;92 352732;faemats@asociacionfaema.org;FAEMA SALUD MENTAL ÁVILA;PERSONAS CON DISCAPACIDAD;7386;9.3;Servicio de adquisición de competencias para la vida autónoma;0501905004;44
CALLE PUENTE (DEL) 30;BARCO DE AVILA (EL);920 340332;almanzor@cdrtcampos.es;CENTRO DESARROLLO RURAL ALMANZOR;INCLUSIÓN SOCIAL;7396;27.5;Serv. apoyo para la integración sociolaboral de personas en riesgo de exclusión social;0502101001;59
CALLE CRUZ ROJA S/N;BURGOS;947 212311;burgos@cruzroja.es;CRUZ ROJA ESPAÑOLA;TOXICOMANÍAS Y ADICCIONES;7424;26.21;Servicio de asistencia sociosanitaria ambulatoria a personas con drogodependencia;0905905035;437
CALLE JUAN DE PADILLA 14;BURGOS;947 223916;direccion@saludmentalburgos.org;ASOCIACIÓN PROSALUD MENTAL DE BURGOS (PROSAME);PERSONAS CON DISCAPACIDAD;7427;27.4;Servicio de apoyo para la integración sociolaboral de las personas con discapacidad;0905905035;437
CALLE DE LAS DELICIAS 7;BURGOS;947 257690;martap@arasti.com;ARASTI BARCA MA, S.L.;INFANCIA (Y JUVENTUD);7428;17.4;Atención lúdica infantil conciliación vida laboral y familiar en vacaciones (Conciliamos);0905905020;422
CALLE CABESTREROS 2C;BURGOS;947 205127;larueda@laruedaburgos.org;ASOCIACIÓN PARA LA DEFENSA DE LA MUJER LA RUEDA;MUJER;7429;27.2;Serv. apoyo para la integración sociolaboral de mujeres víctimas de violencia de género;0905903004;391
CALLE VALDENUÑEZ 6;BURGOS;947 481077;manuel@proyectohombreburgos.com;FUNDACIÓN CANDEAL;TOXICOMANÍAS Y ADICCIONES;7430;11.3;Serv. de prevención del consumo de drogas y de disminución de los riesgos en menores y jóvenes;0905903005;392
AVENIDA DEL CID CAMPEADOR 89 1º C;BURGOS;947 268620;burgos@accem.es;ACCEM;INCLUSIÓN SOCIAL;7433;29.10;Servicio de alojamiento para personas sin hogar;0905905035;437
AVENIDA COSTA RICA 56;BURGOS;947 239182;;ASOCIACIÓN DE PADRES DE PERSONAS CON AUTISMO;PERSONAS CON DISCAPACIDAD;7453;13.49;Serv.atención en centros a personas situación dependencia por descanso cuidador o cuidadora;0905903005;392
AVENIDA REPUBLICA ARGENTINA 93;MIRANDA DE EBRO;947 349100;buzon@mirandadeebro.es;AYUNTAMIENTO DE MIRANDA DE EBRO;(FAMILIA);7465;10.2;Serv.actuaciones preventivas para familias con hijos/as menores en situación de riesgo;0921904003;686
CALLE CAVA 58;PEÑARANDA DE DUERO;947 552091;rdb@riberadeldueroburgalesa.com;ASOCIACIÓN PARA EL  DESARROLLO RURAL INTEGRAL DE LA RIBERA DEL DUERO BURGALESA;PERSONAS MAYORES;7472;9.2;Servicio de promoción de hábitos y estilos de vida saludables;0926101001;719
CALLE FRANCISCA GOMEZ SALAZAR 10;SONCILLO;681 655722;residencialvirgendelcampo@gmail.com;RESIDENCIAL VIRGEN DEL CAMPO,S.L.;PERSONAS MAYORES;7488;29.13;Servicio de atención residencial para personas mayores en situación de dependencia;0941301001;832
PLAZA ERMITA SAN ROQUE, 1-2;VILLARCAYO;947 131852;administracion@asamimer;ASOCIACIÓN PARA AYUDA A PERSONAS CON DISCAPACIDAD DE LA ZONA NORTE DE BURGOS, COMARCA DE LAS MERINDADES (ASAMIMER);PERSONAS CON DISCAPACIDAD;7495;13.49;Serv.atención en centros a personas situación dependencia por descanso cuidador o cuidadora;0990301002;889
CALLE HUERTAS 3;QUINTANADUEÑAS;947 292616;;ASOCIACIÓN CRISTIANA DE COMUNIDADES PARA LA REHABILITACIÓN DE MARGINADOS- ACCOREMA;INCLUSIÓN SOCIAL;7498;29.10;Servicio de alojamiento para personas sin hogar;0990701001;894
PLAZA DE LOS MARQUESES 9,BAJO;ASTORGA;987 099030;astorga@alfaem.org;ASOCIACIÓN LEONESA DE FAMILIARES Y AMIGOS DE ENFERMOS MENTALES - ALFAEM;PERSONAS CON DISCAPACIDAD;7506;9.4;Servicio de promoción de la relación con el entorno;2400802003;907
CALLE SIERRA PAMBLEY S/N;HOSPITAL DE ORBIGO;987 388737;elvillar@cdrelvillar.org;"CENTRO DESARROLLO RURAL ""EL VILLAR""";INCLUSIÓN SOCIAL;7527;1.10;Servicio de información especializada sobre inclusión social;2408201001;3478
CALLE SIERRA PAMBLEY S/N;HOSPITAL DE ORBIGO;987 388737;elvilar@cdrelvillar.org;"CENTRO DESARROLLO RURAL ""EL VILLAR""";INCLUSIÓN SOCIAL;7528;26.16;Servicio de apoyo para la inclusión social;2408201001;3478
AVENIDA INDEPENDENCIA 1;LEON;693 268585;gerencia@amepre.es;ASOCIACIÓN ESPAÑOLA DE MEDICINA PREVENTIVA;TOXICOMANÍAS Y ADICCIONES;7535;11.1;Servicio de prevención familiar del consumo de drogas;2411503001;1134
AVENIDA ASTURIAS, 19 4º D-E;LEON;649 068802;cdadelalba@hijasdelacaridad.org;COMUNIDAD CENTRO DE ACOGIDA EL ALBA;INFANCIA (Y JUVENTUD);7537;29.2;Servicio de atención residencial para la transición de menores de edad a la vida adulta;2408903015;1019
CALLE CID 24;LEON;987 252535;castillayleon@cruzroja.es;CRUZ ROJA ESPAÑOLA;(FAMILIA);7538;12.9;Serv.formación de cuidadores/as no profesionales de personas con dependencia;2411503001;1134
CALLE CID 24;LEON;987 252535;castillayleon@cruzroja.es;CRUZ ROJA ESPAÑOLA;POBLACIÓN GENERAL;7539;10.1;Servicio de acción social comunitaria y promoción de la solidaridad;2411503001;1134
CALLE CID 24;LEON;987 252535;castillay leon@cruzroja.es;CRUZ ROJA ESPAÑOLA;PERSONAS MAYORES;7540;9.4;Servicio de promoción de la relación con el entorno;2411503001;1134
CALLE QUIÑONES DE LEON 6 3ºA;LEON;609 152923;bbienz@canalsenior.org;CANAL SENIOR POST 55;PERSONAS CON DISCAPACIDAD;7541;9.3;Servicio de adquisición de competencias para la vida autónoma;2416201001;3525
CALLE SAN VICENTE MARTIR 2 BAJO;LEON;987 215600;alquite@alquite.com;ESCUELA DE TIEMPO LIBRE ALQUITE;INCLUSIÓN SOCIAL;7543;27.5;Serv. apoyo para la integración sociolaboral de personas en riesgo de exclusión social;2408905008;1048
AVENIDA NOCEDO 4 ENTRESUELO IZQUIERDA;LEON;633 779133;gerencia@ecoperia.org;ASOCIACION ECOPERIA;INCLUSIÓN SOCIAL;7545;27.5;Serv. apoyo para la integración sociolaboral de personas en riesgo de exclusión social;2408910007;1082
CALLE CAMPOS GOTICOS (LOS) 3;LEON;987 209764;coordinacion@asociacionauryn.org;"ASOCIACION JUVENIL ""AURYN""";INCLUSIÓN SOCIAL;7546;12.10;Servicio de apoyo familiar para la inclusión social;2408908002;3508
CALLE ESTEBAN DE LA PUENTE S/N;PONFERRADA;987 446600;social-director@ponferrada.org;AYUNTAMIENTO DE PONFERRADA;POBLACIÓN GENERAL;7600;31.1;Servicio de distribución coordinada de alimentos;2411501008;1112
CALLE BRINDIS MORÁN 2;PONFERRADA;987 427720;ponferrada@alfaem.org;ASOCIACIÓN LEONESA DE FAMILIARES Y AMIGOS DE ENFERMOS MENTALES - ALFAEM;PERSONAS CON DISCAPACIDAD;7601;11.6;Serv. apoyo familiar-promoción autonomía personal-situaciones de dependencia y/o discapacidad;2411502017;1133
AVENIDA HUERTAS DE SACRAMENTO 18,1º,2º;PONFERRADA;985 211399;cruzdelosangeles@cruzdelos angeles.org;FUNDACION CRUZ DE LOS ANGELES;INFANCIA (Y JUVENTUD);7602;29.2;Servicio de atención residencial para la transición de menores de edad a la vida adulta;2411501012;1116
AVENIDA SAN IGNACIO DE LOYOLA 73;SAN ANDRES DEL RABANEDO;987 232500;jfseco@hsjd.es;HOSPITAL SAN JUAN DE DIOS DE LEÓN-OBRA SOCIAL;INCLUSIÓN SOCIAL;7624;26.16;Servicio de apoyo para la inclusión social;2414202013;1188
AVENIDA RAMON Y CAJAL 5;VALLADOLID;983 427100;accion.social@dipvalladolid.es;DIPUTACION PROVINCIAL DE VALLADOLID;POBLACIÓN GENERAL;7630;1.1;Servicio de información sobre derechos y recursos del sistema de servicios sociales;4718609001;3001
CALLE POLVORA 6;VALLADOLID;983 132828;;CRUZ ROJA ESPAÑOLA;INFANCIA (Y JUVENTUD);7631;26.7;Servicio de intervención educativa con menores infractores/as en medio abierto;4718607005;2957
CALLE MONASTERIO SANTA MARIA DE MORERUELA Nº 9 LOCAL;VALLADOLID;983 202620;admon.proyectos@fapscl.org;FEDERACIÓN DE ASOCIACIONES DE PERSONAS SORDAS DE CASTILLA Y LEÓN (FASPCL);INCLUSIÓN SOCIAL;7633;26.16;Servicio de apoyo para la inclusión social;4718610055;3060
AVENIDA EURO 7;VALLADOLID;983 330603;beatriz.sedano@formacal.com;FORMACAL S.L.;PERSONAS MAYORES;7634;9.3;Servicio de adquisición de competencias para la vida autónoma;4718610001;3514
AVENIDA EURO 7;VALLADOLID;983 330603;beatriz.sedano@formacal.com;FORMACAL S.L.;PERSONAS MAYORES;7635;9.2;Servicio de promoción de hábitos y estilos de vida saludables;4718610001;3514
CALLE JOSE MARIA LACORT Nº 11;VALLADOLID;983 202301;lsanz@caritasvalladolid.es;CARITAS DIOCESANA DE VALLADOLID;TOXICOMANÍAS Y ADICCIONES;7637;26.17;Servicio de atención de emergencia social para personas con drogodependencia;4718605002;2916
CALLE NEBRIJA 19;VALLADOLID;983 251090;fundacion@rondilla.org;FUNDACIÓN RONDILLA;INCLUSIÓN SOCIAL;7643;27.5;Serv. apoyo para la integración sociolaboral de personas en riesgo de exclusión social;4718608036;3511
CALLE PAJARILLOS 1;VALLADOLID;983 204054;info@federboscocyl.org;FEDERACIÓN DE CENTROS JUVENILES DON BOSCO DE CASTILLA Y LEÓN;VOLUNTARIADO;7644;1.13;Servicio de información especializada sobre voluntariado;4718604040;2913
CALLE NEBRIJA Nº 19;VALLADOLID;983 251090;fundacion@rondilla.org;FUNDACIÓN RONDILLA;INCLUSIÓN SOCIAL;7645;2.5;Servicio de valoración, orientación y planificación de caso para la inclusión social;4718608036;3511
CALLE MIGUEL RUIZ DE TEMIÑO;VALLADOLID;670 313242;esther@asociacionamee.org;ASOCIACION PARA LA MEDIACION EL ENCUENTRO Y LA ESCUCHA;INFANCIA (Y JUVENTUD);7646;26.6;Servicio de mediación en el ámbito de la jurisdicción de menores infractores/as;4718604040;2913
AVENIDA EURO 7;VALLADOLID;983 330603;beatriz.sedano@formacal.com;FORMACAL S.L.;PERSONAS MAYORES;7648;9.3;Servicio de adquisición de competencias para la vida autónoma;4718610001;3514
AVENIDA EURO 7;VALLADOLID;983 330603;beatriz.sedano@formacal.com;FORMACAL S.L.;PERSONAS MAYORES;7649;9.5;Servicio de promoción del conocimiento y la adquisición de habilidades;4718610001;3514
AVENIDA RAMON Y CAJAL 5;VALLADOLID;983 427100;accion.social@dipvalladolid.es;DIPUTACION PROVINCIAL DE VALLADOLID;(FAMILIA);7650;10.2;Serv.actuaciones preventivas para familias con hijos/as menores en situación de riesgo;4718609001;3001
CALLE ARZOBISPO JOSE DELICADO  Nº 8;VALLADOLID;983 426105;sints@ava.es;AYUNTAMIENTO DE VALLADOLID;INCLUSIÓN SOCIAL;7651;1.10;Servicio de información especializada sobre inclusión social;4718610051;3056
CALLE SAN BENITO Nº 1;VALLADOLID;;sints@ava.es;AYUNTAMIENTO DE VALLADOLID;POBLACIÓN GENERAL;7655;1.1;Servicio de información sobre derechos y recursos del sistema de servicios sociales;4718609001;3001
CALLE PUENTE LA REINA 10;VALLADOLID;983 306466;contabilidad@aclad. net;ACLAD, ATENCIÓN INTEGRAL A COLECTIVOS EN RIESGO;MUJER;7656;2.3;Serv.valoración, orientación, planificación caso - situaciones de violencia de género;4718607022;3510
CALLE NICASIO PEREZ Nº 22 LOCAL;VALLADOLID;983 507177;;ASOCIACIÓN PROGESTIÓN;INCLUSIÓN SOCIAL;7662;27.5;Serv. apoyo para la integración sociolaboral de personas en riesgo de exclusión social;4718601001;2851
CALLE PORTILLO DE BALBOA Nº 66 1º B;VALLADOLID;697 117270;valladolid@accem.es;ACCEM;INCLUSIÓN SOCIAL;7671;29.10;Servicio de alojamiento para personas sin hogar;4718608036;3511
AVENIDA EURO 7;VALLADOLID;983 330603;beatriz.sedano@formacal.com;FORMACAL S.L.;PERSONAS MAYORES;7673;9.4;Servicio de promoción de la relación con el entorno;4718610001;3514
PLAZA ESPAÑA Nº 12;VALLADOLID;983 259030;;FUNDACION ALDABA (PROYECTO HOMBRE);TOXICOMANÍAS Y ADICCIONES;7674;26.21;Servicio de asistencia sociosanitaria ambulatoria a personas con drogodependencia;4718601001;2851
CALLE DOS DE MAYO 14-16;VALLADOLID;983 215260;;GERENCIA DE SERVICIOS SOCIALES DE CASTILLA Y LEÓN;INFANCIA (Y JUVENTUD);7697;30.1;Serv.protección jurídica y ejercicio tutela para la infancia en situación de desamparo;4718603003;2872
TRAVESÍA SAN BARTOLOME 18;CARRION DE LOS CONDES;979 723593;carrion@cdrtcampos.es;ASOCIACION CENTRO DE DESARROLLO RURAL CARRION DE LOS CONDES;INCLUSIÓN SOCIAL;7723;1.10;Servicio de información especializada sobre inclusión social;3404701001;1339
CARRETERA ARBEJAL;VAÑES;915 220707;recursoshumanos@institutospiral.com;FUNDACIÓN INSTITUTO SPIRAL;TOXICOMANÍAS Y ADICCIONES;7725;29.11;Serv. asistencia residencial en comunidades terapéuticas para personas con drogodependencia;3413401001;1479
CALLE VALLE DEL CORNEJA 6;AVILA;920 252716;;ASOCIACIÓN CULTURAL ESCUELAS CAMPESINAS DE ÁVILA;INCLUSIÓN SOCIAL;7736;1.10;Servicio de información especializada sobre inclusión social;0501904014;40
CALLE CAPITAN MENDEZ VIGO 10 BJ;AVILA;920 352732;faemats@asociacionfaema.org;FAEMA SALUD MENTAL ÁVILA;PERSONAS CON DISCAPACIDAD;7737;9.4;Servicio de promoción de la relación con el entorno;0501905004;44
CALLE DEHESA (LA) 103;SOTILLO DE LA ADRADA;91 4422225;lares@lares.org.es;LARES ASOCIACIÓN: UNIÓN DE RESIDENCIAS Y SERVICIOS DEL SECTOR SOLIDARIO;PERSONAS MAYORES;7770;9.5;Servicio de promoción del conocimiento y la adquisición de habilidades;0524001001;277
CALLE PERELLO, 48;BARCELONA;935 160463;admin.sbes@sielbleu.es;FUNDACION SIEL BLEU ESPAÑA;PERSONAS MAYORES;7776;9.2;Servicio de promoción de hábitos y estilos de vida saludables;0000000nan;
CALLE ANTONIO BACIERO S/N;ARANDA DE DUERO;947 462004;administracion@apaceburgos.com;ASOCIACIÓN DE AFECTADOS DE PARÁLISIS CEREBRAL Y AFINES (APACE-BURGOS);PERSONAS CON DISCAPACIDAD;7778;24.11;Servicio de apoyo técnico a personas en situación de dependencia y/o discapacidad.;0901803005;339
AVENIDA ORFEON ARANDINO 1;ARANDA DE DUERO;913 736207;presenciagitana@presenciagitana.org;ASOCIACION NACIONAL PRESENCIA GITANA;INCLUSIÓN SOCIAL;7779;10.1;Servicio de acción social comunitaria y promoción de la solidaridad;0901803005;339
CALLE SAN ESTEBAN 8;ARANDA DE DUERO;947 546080;dirección@saludmentalaranda.org;ASOCIACION SALUD MENTAL ARANDA;PERSONAS MAYORES;7781;9.4;Servicio de promoción de la relación con el entorno;0901803005;339
CALLE LAS REBOLLEDAS S/N;BURGOS;947 072019;fmiradas@fundacionmiradas.org;FUNDACIÓN MIRADAS;PERSONAS CON DISCAPACIDAD;7796;30.2;Servicio de protección jurídica y ejercicio de la tutela de las personas mayores de edad c;0905903005;392
CALLE VITORIA 138 9º E;BURGOS;947 268620;burgos@accem.es;ACCEM;INCLUSIÓN SOCIAL;7797;29.10;Servicio de alojamiento para personas sin hogar;0905905048;450
CALLE SANTIAGO 56 6º D;BURGOS;947 268620;burgos@accem.es;ACCEM;INCLUSIÓN SOCIAL;7798;29.10;Servicio de alojamiento para personas sin hogar;0905905048;450
CALLE ALFONSO VIII 67;BURGOS;983 399633;vrm@intras.es;FUNDACION INTRAS;PERSONAS CON DISCAPACIDAD;7799;29.8;Servicio de atención residencial o en vivienda para personas con discapacidad;0905903005;392
CALLE SAN JUAN 2;BURGOS;947 288816;gss@aytoburgos.es;AYUNTAMIENTO DE BURGOS;POBLACIÓN GENERAL;7801;1.1;Servicio de información sobre derechos y recursos del sistema de servicios sociales;0905903004;391
CALLE CABESTREROS 2 BIS 3ª PLANTA;BURGOS;666 635358;rafaelborja@hotmail.es;FEDERACION ROMANI DE CASTILLA Y LEON;INCLUSIÓN SOCIAL;7803;26.16;Servicio de apoyo para la inclusión social;0905903004;391
AVENIDA COSTA RICA 150;BURGOS;646 669950;info@fundacionoxigeno.org;FUNDACIÓN OXÍGENO;PERSONAS CON DISCAPACIDAD;7804;27.4;Servicio de apoyo para la integración sociolaboral de las personas con discapacidad;0905903005;392
CALLE FEDERICO OLMEDA 9;BURGOS;681 061126;asponcedeleon@gmail.com;"ASOCIACIÓN DE PERSONAS SORDAS DE BURGOS ""FRAY PEDRO PONCE DE LEÓN""";PERSONAS MAYORES;7806;9.2;Servicio de promoción de hábitos y estilos de vida saludables;0905905035;437
CALLE CRUZ ROJA S/N;BURGOS;947 212311;burgos@cruzroja.es;CRUZ ROJA ESPAÑOLA;INCLUSIÓN SOCIAL;7807;2.5;Servicio de valoración, orientación y planificación de caso para la inclusión social;0905905035;437
AVENIDA INDEPENDENCIA 5;BURGOS;947 462004;administracion@apaceburgos.com;ASOCIACIÓN DE AFECTADOS DE PARÁLISIS CEREBRAL Y AFINES (APACE-BURGOS);PERSONAS CON DISCAPACIDAD;7809;9.1;Servicio de prevención de la situación de dependencia;0905903004;391
PLAZA SAN JUAN BAUTISTA S/N;BURGOS;;miguelsantos@fundacionlesmes.org;FUNDACIÓN LESMES;INCLUSIÓN SOCIAL;7810;27.5;Serv. apoyo para la integración sociolaboral de personas en riesgo de exclusión social;0905905035;437
CALLE CALERA 10 2º B;BURGOS;947 268820;burgos@accem.es;ACCEM;INCLUSIÓN SOCIAL;7815;29.10;Servicio de alojamiento para personas sin hogar;0905906001;455
PLAZA FRAY JUSTO PEREZ DE URBEL 7 BAJO;BURGOS;947 241924;arbu00@hotmail.com;ASOCIACIÓN DE ALCOHÓLICOS .REHABILITADOS DE BURGOS (ARBU);TOXICOMANÍAS Y ADICCIONES;7817;26.17;Servicio de atención de emergencia social para personas con drogodependencia;0905905035;437
PLAZA FRAY JUSTO PEREZ DE URBEL 7 BAJO;BURGOS;947 241924;arbu00@hotmail.com;ASOCIACIÓN DE ALCOHÓLICOS .REHABILITADOS DE BURGOS (ARBU);TOXICOMANÍAS Y ADICCIONES;7818;2.6;Servicio general de información, orientación, apoyo y seguimiento a personas drogodependientes;0905905035;437
CALLE MARIA MOLINER 5 - 2º F;BURGOS;646 232708;scjrestaurativa@outlook.es;SOCIEDAD CIENTIFICA DE JUSTICIA RESTAURATIVA;INCLUSIÓN SOCIAL;7824;12.10;Servicio de apoyo familiar para la inclusión social;0905905048;450
CALLE ALMACENES 18;MIRANDA DE EBRO;947 332355;secretaria@aspodemi.es;ASPODEMI. ASOCIACION  DE PADRES Y FAMILIARES  DE PERSONAS CON DISCAPACIDAD INTELECTUAL DE  MIRANDA DE EBRO;INCLUSIÓN SOCIAL;7870;27.5;Serv. apoyo para la integración sociolaboral de personas en riesgo de exclusión social;0921904003;686
CALLE RONDA DEL FERROCARRIL 65 BAJO;MIRANDA DE EBRO;947 331983;borealmiranda@yahoo.es;ASOCIACIÓN BOREAL DE LUCHA CONTRA LA DROGA Y AYUDA AL DROGADICTO;TOXICOMANÍAS Y ADICCIONES;7871;26.18;Serv. de orientación y asesoramiento a personas con drogodependencia con problemas jurídico;0921904003;686
CALLE ALMACENES 16 BAJO;MIRANDA DE EBRO;947 331858;aremi@aremi.es;ASOCIACIÓN DE ALCOHÓLICOS REHABILITADOS DE MIRANDA DE EBRO (AREMI);TOXICOMANÍAS Y ADICCIONES;7872;2.6;Servicio general de información, orientación, apoyo y seguimiento a personas drogodependientes;0921904003;686
CALLE ALMACENES 18-20;MIRANDA DE EBRO;947 312801;saludmentalmiranda@saludmentalmiranda.com;ASOCIACIÓN AYUDA ENFERMOS MENTALES DE MIRANDA - SALUD MENTAL MIRANDA;PERSONAS MAYORES;7878;9.3;Servicio de adquisición de competencias para la vida autónoma;0921904003;686
CALLE CAVA 58;PEÑARANDA DE DUERO;947 552091;rdb@riberadeldueroburgalesa.com;ASOCIACIÓN PARA EL  DESARROLLO RURAL INTEGRAL DE LA RIBERA DEL DUERO BURGALESA;PERSONAS MAYORES;7884;9.5;Servicio de promoción del conocimiento y la adquisición de habilidades;0926101001;719
PLAZA DE LOS MARQUESES 9,BAJO;ASTORGA;987 099030;astorga@alfaem.org;ASOCIACIÓN LEONESA DE FAMILIARES Y AMIGOS DE ENFERMOS MENTALES - ALFAEM;PERSONAS CON DISCAPACIDAD;7907;9.2;Servicio de promoción de hábitos y estilos de vida saludables;2400802003;907
AVENIDA REINO DE LEON 12;LEON;987 261449;info@isadoraduncan.es;FUNDACIÓN DE FAMILIAS MONOPARENTALES ISADORA DUNCAN;MUJER;7927;1.7;Servicio de información especializada sobre violencia de género;2408910005;1080
AVENIDA ORDOÑO II 7;LEON;670 962616;ingenero@ingenero.es;ASOCIACION IN GENERO (INTERCULTURALIDAD Y GENERO);MUJER;7928;1.7;Servicio de información especializada sobre violencia de género;2408902010;1004
CALLE DEFENSORES DE LA PAZ 6;LEON;;leon@redmadre.es;ASOCIACIÓN RED MADRE-LEÓN;MUJER;7929;10.4;Servicio de apoyo a mujeres embarazadas o madres en situación de especial vulnerabilidad;2408908002;3508
PLAZA CORTES LEONESAS 9;LEON;987 210126;administracion@alfaem.org;ASOCIACIÓN LEONESA DE FAMILIARES Y AMIGOS DE ENFERMOS MENTALES - ALFAEM;PERSONAS CON DISCAPACIDAD;7930;27.4;Servicio de apoyo para la integración sociolaboral de las personas con discapacidad;2411503001;1134
AVENIDA INDEPENDENCIA 1;LEON;693 268585;gerencia@amepre.es;ASOCIACIÓN ESPAÑOLA DE MEDICINA PREVENTIVA;TOXICOMANÍAS Y ADICCIONES;7931;11.4;Servicio de prevención del consumo de drogas en el ámbito laboral;2411503001;1134
CALLE CID 24;LEON;987 252535;castillayleon@cruzroja.es;CRUZ ROJA ESPAÑOLA;PERSONAS CON DISCAPACIDAD;7932;18.1;Servicio de apoyo para la elaboración del proyecto de vida;2411503001;1134
CALLE CID 24;LEON;987 252535;castillayleon@cruzroja.es;CRUZ ROJA ESPAÑOLA;INCLUSIÓN SOCIAL;7934;12.10;Servicio de apoyo familiar para la inclusión social;2411503001;1134
CALLE SAN PEDRO 19;LEON;987 222590;ssvp@ssvp.es;SOCIEDAD DE SAN VICENTE DE PAUL;INCLUSIÓN SOCIAL;7935;26.16;Servicio de apoyo para la inclusión social;2408910007;1082
CALLE SAN PEDRO 19;LEON;987 222590;ssvp@ssvp.es;SOCIEDAD DE SAN VICENTE DE PAUL;INCLUSIÓN SOCIAL;7939;2.5;Servicio de valoración, orientación y planificación de caso para la inclusión social;2408910007;1082
AVENIDA INGENIERO SAENZ DE MIERA 6;LEON;983 306466;contabilidad@aclad.net;ACLAD, ATENCIÓN INTEGRAL A COLECTIVOS EN RIESGO;TOXICOMANÍAS Y ADICCIONES;7940;26.18;Serv. de orientación y asesoramiento a personas con drogodependencia con problemas jurídico;2416201001;3525
CALLE TORREJON (EL) 4;LEON;663 401853;direccion@proyectojovenleon.org;FUNDACIÓN PROYECTO JOVEN;TOXICOMANÍAS Y ADICCIONES;7941;27.5;Servicio de formación y apoyo para la integración sociolaboral d personas con drogodependencia;2408910007;1082
CARRETERA CARBAJAL S/S;LEON;987 085003;derechossociales@dipuleon.es;DIPUTACIÓN PROVINCIAL DE LEÓN;(FAMILIA);7942;12.11;Servicio integral de apoyo a las familias en riesgo de desahucio por deuda hipotecaria;2408903015;1019
CARRETERA CARBAJAL S/N;LEON;987 085003;derechossociales@dipuleon.es;DIPUTACIÓN PROVINCIAL DE LEÓN;INCLUSIÓN SOCIAL;7943;27.5;Serv. apoyo para la integración sociolaboral de personas en riesgo de exclusión social;2408903015;1019
PLAZA DE LAS CORTES LEONESAS 9,1ºIZQ;LEON;987 210126;gerencia@alfaem.org;ASOCIACIÓN LEONESA DE FAMILIARES Y AMIGOS DE ENFERMOS MENTALES - ALFAEM;PERSONAS CON DISCAPACIDAD;7946;9.3;Servicio de adquisición de competencias para la vida autónoma;2411503001;1134
CALLE ASTORGA 9,4º DCHA;LEON;638 794430;leon@accem.es;ACCEM;INCLUSIÓN SOCIAL;7947;29.10;Servicio de alojamiento para personas sin hogar;2416201001;3525
CALLE TORREJÓN  4;LEON;987 455120;direccion@proyectohombreleon.org;FUNDACIÓN PROYECTO JOVEN;INCLUSIÓN SOCIAL;7978;27.5;Serv. apoyo para la integración sociolaboral de personas en riesgo de exclusión social;2408910007;1082
CALLE MIGUEL SERVET 8;FUENTES NUEVAS;987 455120;;FUNDACIÓN CENTRO ASTORGANO LEONÉS DE SOLIDARIDAD - CALS;VOLUNTARIADO;7988;1.13;Servicio de información especializada sobre voluntariado;0000000nan;
CALLE CLARA CAMPOAMOR 10;PONFERRADA;626 998957;aspronabierzo@aspronabierzo.org;ASPRONA BIERZO;INCLUSIÓN SOCIAL;7989;27.5;Serv. apoyo para la integración sociolaboral de personas en riesgo de exclusión social;2411502017;1133
CALLE MEDICOS SIN FRONTERAS;PONFERRADA;;informacionph@gmail.com;FUNDACIÓN CENTRO ASTORGANO LEONÉS DE SOLIDARIDAD - CALS;TOXICOMANÍAS Y ADICCIONES;7991;27.5;Servicio de formación y apoyo para la integración sociolaboral d personas con drogodependencia;2411502017;1133
CALLE MEDICOS SIN FRONTERAS 8;PONFERRADA;987 455120;informacionph@gmail.com;FUNDACIÓN CENTRO ASTORGANO LEONÉS DE SOLIDARIDAD - CALS;TOXICOMANÍAS Y ADICCIONES;7992;26.21;Servicio de asistencia sociosanitaria ambulatoria a personas con drogodependencia;2411502017;1133
CALLE BATALLA DE CERIÑOLA 1;PONFERRADA;987 210126;administracion@alfaem.org;ASOCIACIÓN LEONESA DE FAMILIARES Y AMIGOS DE ENFERMOS MENTALES - ALFAEM;INCLUSIÓN SOCIAL;7993;27.5;Serv. apoyo para la integración sociolaboral de personas en riesgo de exclusión social;2411502012;1128
CALLE VICTORIANO CREMER S/N CASA DE CULTURA DE PINILLA;SAN ANDRES DEL RABANEDO;987 844318;ssociales@aytosanandres.es;AYUNTAMIENTO DE SAN ANDRÉS DEL RABANEDO;INCLUSIÓN SOCIAL;8014;27.5;Serv. apoyo para la integración sociolaboral de personas en riesgo de exclusión social;2414202013;1188
CALLE VICTORIANO CREMER S/N CASA DE CULTURA DE PINILLA;SAN ANDRES DEL RABANEDO;987 844318;;AYUNTAMIENTO DE SAN ANDRÉS DEL RABANEDO;POBLACIÓN GENERAL;8015;12.11;Servicio integral de apoyo a las familias en riesgo de desahucio por deuda hipotecaria;2414202013;1188
AVENIDA ROMERAL 118-120;VILLABALTER;985 211399;cruzdelos angeles@cruzdelosangeles.org;FUNDACION CRUZ DE LOS ANGELES;INFANCIA (Y JUVENTUD);8020;29.2;Servicio de atención residencial para la transición de menores de edad a la vida adulta;2414201003;1175
AVENIDA SANTANDER 44;PALENCIA;983 507177;progestioncyl@progestion.org;ASOCIACIÓN PROGESTIÓN;INCLUSIÓN SOCIAL;8027;26.16;Servicio de apoyo para la inclusión social;3412005004;1428
PLAZA MARIANO TIMON (DE) S/N;PALENCIA;670 903890;;AYUNTAMIENTO DE PALENCIA;POBLACIÓN GENERAL;8028;31.1;Servicio de distribución coordinada de alimentos;3412006002;1441
CALLE ASTERIO MAÑANOS 6 BAJO;PALENCIA;979 746342;coordinadora@saludmentalpalecia-org;ASOCIACION SALUD MENTAL PALENCIA - FEAFES PALENCIA;PERSONAS MAYORES;8030;9.5;Servicio de promoción del conocimiento y la adquisición de habilidades;3412006002;1441
CALLE JUAN DE GARAY 3;PALENCIA;985 211399;cruzdelosangeles@cruzdelosangeles.org;FUNDACION CRUZ DE LOS ANGELES;INFANCIA (Y JUVENTUD);8031;29.2;Servicio de atención residencial para la transición de menores de edad a la vida adulta;3412005013;1437
AVENIDA BERRUGUETE 15;PAREDES DE NAVA;641 849331;;FEDERICO LUIS JESÚS SANDOLI;PERSONAS MAYORES;8040;28.3;Servicio de atención en centros de día para personas mayores en situación de dependencia;3412301002;1469
CALLE SEGUNDA 4;CARBAJOSA DE LA SAGRADA;923 386206;facturacion@cateringalgonuevo.es;ALGO NUEVO S.L.;INCLUSIÓN SOCIAL;8052;27.5;Serv. apoyo para la integración sociolaboral de personas en riesgo de exclusión social;3708501001;1658
PLAZA HERRASTI 2;CIUDAD-RODRIGO;923 460330;fundacionciudadrodrigo@gmail.com;FUNDACION CIUDAD RODRIGO 2006;INCLUSIÓN SOCIAL;8053;1.10;Servicio de información especializada sobre inclusión social;3710703001;1689
CALLE ALHELIES 6;SALAMANCA;923 019031;salamanca.acoge.presidencia@redacoge.org;ASOCIACION SALAMANCA ACOGE;INCLUSIÓN SOCIAL;8064;29.10;Servicio de alojamiento para personas sin hogar;3727405020;1950
CALLE OVALLE 42;SALAMANCA;932 890530;abd@abd-ong.org;ABD ASOCIACIÓN BIENESTAR Y DESARROLLO;(FAMILIA);8065;12.6;Servicio de atención a las familias en los centros Mediacyl;3727405020;1950
CALLE CRUZ ROJA 1;SALAMANCA;923 221032;salamanca@cruzroja.es;CRUZ ROJA ESPAÑOLA;VOLUNTARIADO;8066;1.13;Servicio de información especializada sobre voluntariado;3727405008;1938
CALLE ESPEJO 14;SALAMANCA;923 217410;m.estilita.martin@lasalina.es;DIPUTACIÓN PROVINCIAL DE SALAMANCA;POBLACIÓN GENERAL;8067;2.1;Servicio de valoración, orientación, planificación de caso y seguimiento;3727404024;1930
CALLE TESO DE LA FERIA 9;SALAMANCA;968 344344;administracion@diagrama.org;FUNDACION DIAGRAMA - INTERVENCION PSICOSOCIAL;INFANCIA (Y JUVENTUD);8068;26.5;Servicio de apoyo a menores con conductas violentas en la familia;3727403009;1897
CALLE ARCO 2 2º F;SALAMANCA;923 211900;info@asociacionplazamayor.es;ASOCIACIÓN DE MUJERES DE SALAMANCA PLAZA MAYOR;MUJER;8069;26.8;Serv. Acompañamiento, orientación jurídico social a mujer víctima violencia de género;3727401006;1862
CALLE ARCO 2 2º F;SALAMANCA;923 211900;info@asociacionplazamayor.es;ASOCIACIÓN DE MUJERES DE SALAMANCA PLAZA MAYOR;(FAMILIA);8071;12.7;Servicio de apoyo personal y familiar para las víctimas de violencia de género;3727401006;1862
CALLE JESUS 10, BAJO;SALAMANCA;923 994177;contacto@planbeduso.es;FUNDACIÓN PLAN B EDUCACIÓN SOCIAL;INFANCIA (Y JUVENTUD);8072;26.7;Servicio de intervención educativa con menores infractores/as en medio abierto;3727403009;1897
CALLE TORO 78-82 ENTREPLANTA, PUERTA 3, OFICINA 6;SALAMANCA;923 246128;nuevagenteasociacion@gmail.com;"ASOCIACION  ""NUEVA GENTE""";INFANCIA (Y JUVENTUD);8074;26.7;Servicio de intervención educativa con menores infractores/as en medio abierto;3727401006;1862
CALLE LICENCIADO VIDRIERA 40;VILLAMAYOR;644 476239;contacto@colectivokhora.es;COLECTIVO KHORA;PERSONAS MAYORES;8093;9.3;Servicio de adquisición de competencias para la vida autónoma;3735401002;2062
PASEO MOLINILLO 5;SAN ILDEFONSO O LA GRANJA;636 960747;rodrigobermejo@nugarresidencial.com;NUGAR LA GRANJA S.L.;PERSONAS MAYORES;8111;29.13;Servicio de atención residencial para personas mayores en situación de dependencia;4018101001;2274
CAMINO PIEDAD (LA) 10;SEGOVIA;921 440202;;CRUZ ROJA ESPAÑOLA;MUJER;8121;2.3;Serv.valoración, orientación, planificación caso - situaciones de violencia de género;4019404001;2305
PASEO CONDE DE SEPULVEDA (DEL) 24;SEGOVIA;664 420018;segovia@accem.es;ACCEM;INCLUSIÓN SOCIAL;8122;2.5;Servicio de valoración, orientación y planificación de caso para la inclusión social;4019404007;2311
CALLE SAN AGUSTIN 23;SEGOVIA;921 113369;mmartinez@dipsegovia.es;DIPUTACIÓN PROVINCIAL DE SEGOVIA;POBLACIÓN GENERAL;8123;1.1;Servicio de información sobre derechos y recursos del sistema de servicios sociales;4019405003;2317
CALLE MARQUES DEL ARCO (DEL) 22;SEGOVIA;921 419800;;AYUNTAMIENTO DE SEGOVIA;POBLACIÓN GENERAL;8124;31.1;Servicio de distribución coordinada de alimentos;4019407004;2331
CALLE ALTOS DE LA PIEDAD S/N;SEGOVIA;921 431608;segovia@asociacionamanecer.org;ASOCIACIÓN AMANECER-SALUD MENTAL SEGOVIA;PERSONAS CON DISCAPACIDAD;8127;24.11;Servicio de apoyo técnico a personas en situación de dependencia y/o discapacidad.;4019404001;2305
CALLE SAN CARLOS BORROMEO 9;SEGOVIA;664 420018;marboledag@accem.es;ACCEM;INCLUSIÓN SOCIAL;8132;29.10;Servicio de alojamiento para personas sin hogar;4019404001;2305
CALLE INFANTA ISABEL (LA) 16;SEGOVIA;921 461982;;GERENCIA DE SERVICIOS SOCIALES DE CASTILLA Y LEÓN;INFANCIA (Y JUVENTUD);8148;30.1;Serv.protección jurídica y ejercicio tutela para la infancia en situación de desamparo;4019401004;2292
CARRETERA N-110 196;TORREDONDO;921 414900;;FUNDACION PADRE GARRALDA-HORIZONTES ABIERTOS;INCLUSIÓN SOCIAL;8152;27.5;Serv. apoyo para la integración sociolaboral de personas en riesgo de exclusión social;4019404010;2314
CALLE CARTAGENA DE INDIAS 28 LOCAL BAJO;BENAVENTE;983 399633;dsp@intras.es;FUNDACION INTRAS;INCLUSIÓN SOCIAL;8191;27.5;Serv. apoyo para la integración sociolaboral de personas en riesgo de exclusión social;4902101001;3171
CALLE HERNAN CORTES 42;ZAMORA;980 523300;zamora@cruzroja.es;CRUZ ROJA ESPAÑOLA;(FAMILIA);8220;12.9;Serv.formación de cuidadores/as no profesionales de personas con dependencia;4927502014;3450
CALLE PUENTICA 10;ZAMORA;983 399633;DSP@INTRAS.ES;FUNDACION INTRAS;INCLUSIÓN SOCIAL;8221;27.5;Serv. apoyo para la integración sociolaboral de personas en riesgo de exclusión social;4927505004;3465
